session_id,acquisition_id,source_label,P_assign,P_S1,P_S2,P_S3,w1,w2,w3,P_lex_index,CAL_lambda,CAL_lambda_at_boundary,CAL_CE1_cv,CAL_CE2_cv,CAL_CE3_cv,CAL_m1_cv,CAL_m2_cv,CAL_m3_cv,CAL_max_util_cv,CAL_raw_cv,CAL_max_DeltaNLL_cv,VAL_CE1,VAL_CE2,VAL_CE3,VAL_CE_full,chain_delta,VAL_m1_raw,VAL_m2_raw,VAL_m3_raw,VAL_raw_disclosure,VAL_max_util,VAL_max_DeltaNLL,VAL_val_b_unseen,VAL_joint_unseen,VAL_q_mass_unseen,capacity_warning_m1,capacity_warning_m2,capacity_warning_m3,capacity_warning_disclosure,descriptive_H_cal,descriptive_ValNLL,descriptive_DeltaNLL,is_P_star_per_session,is_P_star_common,per_session_classification,successor,cal_val_consistency
20260123_1M_600k_0dB,20260123_1M_600k_0dB,1M,"[1, 1, 1, 1, 1, 2, 3, 3, 2, 2]","[0, 1, 2, 3, 4]","[5, 8, 9]","[6, 7]",5,3,2,7,221.22162910704503,False,2.1,1.26,0.84,560,560,560,0.546875,5664,0.0,3.9411658708782626,1.919206660136071,1.2896283485439985,7.150000879558332,0.0,1050,852,859,9588,1.025390625,0.0149957067556592,0.0,0.4911346435546875,0.4911346435546875,True,False,False,False,5.82245194202593,7.150000879558332,0.0149957067556592,True,True,V69_PARTIAL_FEASIBLE,rate_adaptive_or_new_representation,True
20260123_1M_600k_0dB,20260123_1M_600k_0dB,1M,"[1, 1, 1, 1, 2, 2, 3, 1, 3, 3]","[0, 1, 2, 3, 7]","[4, 5]","[6, 8, 9]",5,2,3,43,221.22162910704503,False,2.1,0.84,1.26,560,560,560,0.546875,5664,0.0,,,,,,,,,,,,,,,,,,,,,,False,False,,,True
20260123_1M_600k_0dB,20260123_1M_600k_0dB,1M,"[1, 1, 1, 1, 2, 2, 3, 3, 2, 1]","[0, 1, 2, 3, 9]","[4, 5, 8]","[6, 7]",5,3,2,51,221.22162910704503,False,2.1,1.26,0.84,560,560,560,0.546875,5664,0.0,,,,,,,,,,,,,,,,,,,,,,False,False,,,True
20260123_1M_600k_0dB,20260123_1M_600k_0dB,1M,"[1, 1, 1, 1, 2, 2, 3, 3, 3, 1]","[0, 1, 2, 3, 9]","[4, 5]","[6, 7, 8]",5,2,3,54,221.22162910704503,False,2.1,0.84,1.26,560,560,560,0.546875,5664,0.0,,,,,,,,,,,,,,,,,,,,,,False,False,,,True
20260123_1M_600k_0dB,20260123_1M_600k_0dB,1M,"[1, 1, 1, 1, 2, 3, 2, 1, 3, 3]","[0, 1, 2, 3, 7]","[4, 6]","[5, 8, 9]",5,2,3,65,221.22162910704503,False,2.1,0.84,1.26,560,560,560,0.546875,5664,0.0,,,,,,,,,,,,,,,,,,,,,,False,False,,,True
20260123_1M_600k_0dB,20260123_1M_600k_0dB,1M,"[1, 1, 1, 1, 2, 3, 2, 3, 2, 1]","[0, 1, 2, 3, 9]","[4, 6, 8]","[5, 7]",5,3,2,73,221.22162910704503,False,2.1,1.26,0.84,560,560,560,0.546875,5664,0.0,,,,,,,,,,,,,,,,,,,,,,False,False,,,True
20260123_1M_600k_0dB,20260123_1M_600k_0dB,1M,"[1, 1, 1, 1, 2, 3, 2, 3, 3, 1]","[0, 1, 2, 3, 9]","[4, 6]","[5, 7, 8]",5,2,3,76,221.22162910704503,False,2.1,0.84,1.26,560,560,560,0.546875,5664,0.0,,,,,,,,,,,,,,,,,,,,,,False,False,,,True
20260123_1M_600k_0dB,20260123_1M_600k_0dB,1M,"[1, 1, 1, 1, 2, 3, 3, 2, 2, 1]","[0, 1, 2, 3, 9]","[4, 7, 8]","[5, 6]",5,3,2,84,221.22162910704503,False,2.1,1.26,0.84,560,560,560,0.546875,5664,0.0,,,,,,,,,,,,,,,,,,,,,,False,False,,,True
20260123_1M_600k_0dB,20260123_1M_600k_0dB,1M,"[1, 1, 1, 1, 2, 3, 3, 2, 3, 1]","[0, 1, 2, 3, 9]","[4, 7]","[5, 6, 8]",5,2,3,87,221.22162910704503,False,2.1,0.84,1.26,560,560,560,0.546875,5664,0.0,,,,,,,,,,,,,,,,,,,,,,False,False,,,True
20260123_1M_600k_0dB,20260123_1M_600k_0dB,1M,"[1, 1, 1, 1, 2, 3, 3, 3, 2, 3]","[0, 1, 2, 3]","[4, 8]","[5, 6, 7, 9]",4,2,4,93,221.22162910704503,False,1.68,0.84,1.68,560,560,560,0.546875,5664,0.0,,,,,,,,,,,,,,,,,,,,,,False,False,,,True
20260123_1M_600k_0dB,20260123_1M_600k_0dB,1M,"[1, 1, 1, 1, 3, 1, 2, 2, 2, 3]","[0, 1, 2, 3, 5]","[6, 7, 8]","[4, 9]",5,3,2,95,221.22162910704503,False,2.1,1.26,0.84,560,560,560,0.546875,5664,0.0,,,,,,,,,,,,,,,,,,,,,,False,False,,,True
20260123_1M_600k_0dB,20260123_1M_600k_0dB,1M,"[1, 1, 1, 1, 3, 2, 1, 2, 3, 2]","[0, 1, 2, 3, 6]","[5, 7, 9]","[4, 8]",5,3,2,106,221.22162910704503,False,2.1,1.26,0.84,560,560,560,0.546875,5664,0.0,,,,,,,,,,,,,,,,,,,,,,False,False,,,True
20260123_1M_600k_0dB,20260123_1M_600k_0dB,1M,"[1, 1, 1, 1, 3, 2, 1, 3, 2, 3]","[0, 1, 2, 3, 6]","[5, 8]","[4, 7, 9]",5,2,3,109,221.22162910704503,False,2.1,0.84,1.26,560,560,560,0.546875,5664,0.0,,,,,,,,,,,,,,,,,,,,,,False,False,,,True
20260123_1M_600k_0dB,20260123_1M_600k_0dB,1M,"[1, 1, 1, 1, 3, 2, 2, 3, 1, 3]","[0, 1, 2, 3, 8]","[5, 6]","[4, 7, 9]",5,2,3,120,221.22162910704503,False,2.1,0.84,1.26,560,560,560,0.546875,5664,0.0,,,,,,,,,,,,,,,,,,,,,,False,False,,,True
20260123_1M_600k_0dB,20260123_1M_600k_0dB,1M,"[1, 1, 1, 1, 3, 2, 2, 3, 2, 3]","[0, 1, 2, 3]","[5, 6, 8]","[4, 7, 9]",4,3,3,123,221.22162910704503,False,1.68,1.26,1.26,560,560,560,0.546875,5664,0.0,,,,,,,,,,,,,,,,,,,,,,False,False,,,True
20260123_1M_600k_0dB,20260123_1M_600k_0dB,1M,"[1, 1, 1, 1, 3, 2, 2, 3, 3, 3]","[0, 1, 2, 3]","[5, 6]","[4, 7, 8, 9]",4,2,4,126,221.22162910704503,False,1.68,0.84,1.68,560,560,560,0.546875,5664,0.0,,,,,,,,,,,,,,,,,,,,,,False,False,,,True
20260123_1M_600k_0dB,20260123_1M_600k_0dB,1M,"[1, 1, 1, 1, 3, 2, 3, 2, 1, 3]","[0, 1, 2, 3, 8]","[5, 7]","[4, 6, 9]",5,2,3,131,221.22162910704503,False,2.1,0.84,1.26,560,560,560,0.546875,5664,0.0,,,,,,,,,,,,,,,,,,,,,,False,False,,,True
20260123_1M_600k_0dB,20260123_1M_600k_0dB,1M,"[1, 1, 1, 1, 3, 2, 3, 2, 2, 3]","[0, 1, 2, 3]","[5, 7, 8]","[4, 6, 9]",4,3,3,134,221.22162910704503,False,1.68,1.26,1.26,560,560,560,0.546875,5664,0.0,,,,,,,,,,,,,,,,,,,,,,False,False,,,True
20260123_1M_600k_0dB,20260123_1M_600k_0dB,1M,"[1, 1, 1, 1, 3, 2, 3, 2, 3, 3]","[0, 1, 2, 3]","[5, 7]","[4, 6, 8, 9]",4,2,4,137,221.22162910704503,False,1.68,0.84,1.68,560,560,560,0.546875,5664,0.0,,,,,,,,,,,,,,,,,,,,,,False,False,,,True
20260123_1M_600k_0dB,20260123_1M_600k_0dB,1M,"[1, 1, 1, 1, 3, 3, 2, 2, 1, 2]","[0, 1, 2, 3, 8]","[6, 7, 9]","[4, 5]",5,3,2,150,221.22162910704503,False,2.1,1.26,0.84,560,560,560,0.546875,5664,0.0,,,,,,,,,,,,,,,,,,,,,,False,False,,,True
20260123_1M_600k_0dB,20260123_1M_600k_0dB,1M,"[1, 1, 1, 1, 3, 3, 2, 2, 2, 2]","[0, 1, 2, 3]","[6, 7, 8, 9]","[4, 5]",4,4,2,153,221.22162910704503,False,1.68,1.68,0.84,560,560,560,0.546875,5664,0.0,,,,,,,,,,,,,,,,,,,,,,False,False,,,True
20260123_1M_600k_0dB,20260123_1M_600k_0dB,1M,"[1, 1, 1, 1, 3, 3, 2, 2, 3, 2]","[0, 1, 2, 3]","[6, 7, 9]","[4, 5, 8]",4,3,3,156,221.22162910704503,False,1.68,1.26,1.26,560,560,560,0.546875,5664,0.0,,,,,,,,,,,,,,,,,,,,,,False,False,,,True
20260123_1M_600k_0dB,20260123_1M_600k_0dB,1M,"[1, 1, 1, 1, 3, 3, 3, 2, 1, 2]","[0, 1, 2, 3, 8]","[7, 9]","[4, 5, 6]",5,2,3,164,221.22162910704503,False,2.1,0.84,1.26,560,560,560,0.546875,5664,0.0,,,,,,,,,,,,,,,,,,,,,,False,False,,,True
20260123_1M_600k_0dB,20260123_1M_600k_0dB,1M,"[1, 1, 1, 2, 1, 1, 2, 3, 3, 2]","[0, 1, 2, 4, 5]","[3, 6, 9]","[7, 8]",5,3,2,172,221.22162910704503,False,2.1,1.26,0.84,560,560,560,0.546875,5664,0.0,,,,,,,,,,,,,,,,,,,,,,False,False,,,True
20260123_1M_600k_0dB,20260123_1M_600k_0dB,1M,"[1, 1, 1, 2, 1, 2, 3, 2, 1, 3]","[0, 1, 2, 4, 8]","[3, 5, 7]","[6, 9]",5,3,2,194,221.22162910704503,False,2.1,1.26,0.84,560,560,560,0.546875,5664,0.0,,,,,,,,,,,,,,,,,,,,,,False,False,,,True
20260123_1M_600k_0dB,20260123_1M_600k_0dB,1M,"[1, 1, 1, 2, 1, 2, 3, 2, 3, 2]","[0, 1, 2, 4]","[3, 5, 7, 9]","[6, 8]",4,4,2,197,221.22162910704503,False,1.68,1.68,0.84,560,560,560,0.546875,5664,0.0,,,,,,,,,,,,,,,,,,,,,,False,False,,,True
20260123_1M_600k_0dB,20260123_1M_600k_0dB,1M,"[1, 1, 1, 2, 1, 3, 2, 2, 1, 3]","[0, 1, 2, 4, 8]","[3, 6, 7]","[5, 9]",5,3,2,216,221.22162910704503,False,2.1,1.26,0.84,560,560,560,0.546875,5664,0.0,,,,,,,,,,,,,,,,,,,,,,False,False,,,True
20260123_1M_600k_0dB,20260123_1M_600k_0dB,1M,"[1, 1, 1, 2, 1, 3, 2, 2, 3, 2]","[0, 1, 2, 4]","[3, 6, 7, 9]","[5, 8]",4,4,2,219,221.22162910704503,False,1.68,1.68,0.84,560,560,560,0.546875,5664,0.0,,,,,,,,,,,,,,,,,,,,,,False,False,,,True
20260123_1M_600k_0dB,20260123_1M_600k_0dB,1M,"[1, 1, 1, 2, 1, 3, 3, 1, 2, 3]","[0, 1, 2, 4, 7]","[3, 8]","[5, 6, 9]",5,2,3,230,221.22162910704503,False,2.1,0.84,1.26,560,560,560,0.546875,5664,0.0,,,,,,,,,,,,,,,,,,,,,,False,False,,,True
20260123_1M_600k_0dB,20260123_1M_600k_0dB,1M,"[1, 1, 1, 2, 1, 3, 3, 3, 2, 1]","[0, 1, 2, 4, 9]","[3, 8]","[5, 6, 7]",5,2,3,241,221.22162910704503,False,2.1,0.84,1.26,560,560,560,0.546875,5664,0.0,,,,,,,,,,,,,,,,,,,,,,False,False,,,True
20260123_1M_600k_0dB,20260123_1M_600k_0dB,1M,"[1, 1, 1, 2, 2, 1, 2, 1, 3, 3]","[0, 1, 2, 5, 7]","[3, 4, 6]","[8, 9]",5,3,2,249,221.22162910704503,False,2.1,1.26,0.84,560,560,560,0.546875,5664,0.0,,,,,,,,,,,,,,,,,,,,,,False,False,,,True
20260123_1M_600k_0dB,20260123_1M_600k_0dB,1M,"[1, 1, 1, 2, 2, 1, 2, 3, 2, 3]","[0, 1, 2, 5]","[3, 4, 6, 8]","[7, 9]",4,4,2,252,221.22162910704503,False,1.68,1.68,0.84,560,560,560,0.546875,5664,0.0,,,,,,,,,,,,,,,,,,,,,,False,False,,,True
20260123_1M_600k_0dB,20260123_1M_600k_0dB,1M,"[1, 1, 1, 2, 2, 1, 2, 3, 3, 3]","[0, 1, 2, 5]","[3, 4, 6]","[7, 8, 9]",4,3,3,255,221.22162910704503,False,1.68,1.26,1.26,560,560,560,0.546875,5664,0.0,,,,,,,,,,,,,,,,,,,,,,False,False,,,True
20260123_1M_600k_0dB,20260123_1M_600k_0dB,1M,"[1, 1, 1, 2, 2, 3, 1, 1, 3, 3]","[0, 1, 2, 6, 7]","[3, 4]","[5, 8, 9]",5,2,3,307,221.22162910704503,False,2.1,0.84,1.26,560,560,560,0.546875,5664,0.0,,,,,,,,,,,,,,,,,,,,,,False,False,,,True
20260123_1M_600k_0dB,20260123_1M_600k_0dB,1M,"[1, 1, 1, 2, 2, 3, 1, 3, 2, 1]","[0, 1, 2, 6, 9]","[3, 4, 8]","[5, 7]",5,3,2,315,221.22162910704503,False,2.1,1.26,0.84,560,560,560,0.546875,5664,0.0,,,,,,,,,,,,,,,,,,,,,,False,False,,,True
20260123_1M_600k_0dB,20260123_1M_600k_0dB,1M,"[1, 1, 1, 2, 2, 3, 1, 3, 3, 1]","[0, 1, 2, 6, 9]","[3, 4]","[5, 7, 8]",5,2,3,318,221.22162910704503,False,2.1,0.84,1.26,560,560,560,0.546875,5664,0.0,,,,,,,,,,,,,,,,,,,,,,False,False,,,True
20260123_1M_600k_0dB,20260123_1M_600k_0dB,1M,"[1, 1, 1, 2, 2, 3, 3, 2, 1, 1]","[0, 1, 2, 8, 9]","[3, 4, 7]","[5, 6]",5,3,2,348,221.22162910704503,False,2.1,1.26,0.84,560,560,560,0.546875,5664,0.0,,,,,,,,,,,,,,,,,,,,,,False,False,,,True
20260123_1M_600k_0dB,20260123_1M_600k_0dB,1M,"[1, 1, 1, 2, 2, 3, 3, 2, 2, 1]","[0, 1, 2, 9]","[3, 4, 7, 8]","[5, 6]",4,4,2,351,221.22162910704503,False,1.68,1.68,0.84,560,560,560,0.546875,5664,0.0,,,,,,,,,,,,,,,,,,,,,,False,False,,,True
20260123_1M_600k_0dB,20260123_1M_600k_0dB,1M,"[1, 1, 1, 2, 2, 3, 3, 2, 3, 1]","[0, 1, 2, 9]","[3, 4, 7]","[5, 6, 8]",4,3,3,354,221.22162910704503,False,1.68,1.26,1.26,560,560,560,0.546875,5664,0.0,,,,,,,,,,,,,,,,,,,,,,False,False,,,True
20260123_1M_600k_0dB,20260123_1M_600k_0dB,1M,"[1, 1, 1, 2, 3, 2, 1, 1, 3, 3]","[0, 1, 2, 6, 7]","[3, 5]","[4, 8, 9]",5,2,3,406,221.22162910704503,False,2.1,0.84,1.26,560,560,560,0.546875,5664,0.0,,,,,,,,,,,,,,,,,,,,,,False,False,,,True
20260123_1M_600k_0dB,20260123_1M_600k_0dB,1M,"[1, 1, 1, 2, 3, 2, 1, 3, 2, 1]","[0, 1, 2, 6, 9]","[3, 5, 8]","[4, 7]",5,3,2,414,221.22162910704503,False,2.1,1.26,0.84,560,560,560,0.546875,5664,0.0,,,,,,,,,,,,,,,,,,,,,,False,False,,,True
20260123_1M_600k_0dB,20260123_1M_600k_0dB,1M,"[1, 1, 1, 2, 3, 2, 1, 3, 3, 1]","[0, 1, 2, 6, 9]","[3, 5]","[4, 7, 8]",5,2,3,417,221.22162910704503,False,2.1,0.84,1.26,560,560,560,0.546875,5664,0.0,,,,,,,,,,,,,,,,,,,,,,False,False,,,True
20260123_1M_600k_0dB,20260123_1M_600k_0dB,1M,"[1, 1, 1, 2, 3, 2, 3, 2, 1, 1]","[0, 1, 2, 8, 9]","[3, 5, 7]","[4, 6]",5,3,2,447,221.22162910704503,False,2.1,1.26,0.84,560,560,560,0.546875,5664,0.0,,,,,,,,,,,,,,,,,,,,,,False,False,,,True
20260123_1M_600k_0dB,20260123_1M_600k_0dB,1M,"[1, 1, 1, 2, 3, 2, 3, 2, 2, 1]","[0, 1, 2, 9]","[3, 5, 7, 8]","[4, 6]",4,4,2,450,221.22162910704503,False,1.68,1.68,0.84,560,560,560,0.546875,5664,0.0,,,,,,,,,,,,,,,,,,,,,,False,False,,,True
20260123_1M_600k_0dB,20260123_1M_600k_0dB,1M,"[1, 1, 1, 2, 3, 2, 3, 2, 3, 1]","[0, 1, 2, 9]","[3, 5, 7]","[4, 6, 8]",4,3,3,453,221.22162910704503,False,1.68,1.26,1.26,560,560,560,0.546875,5664,0.0,,,,,,,,,,,,,,,,,,,,,,False,False,,,True
20260123_1M_600k_0dB,20260123_1M_600k_0dB,1M,"[1, 1, 1, 2, 3, 3, 2, 3, 1, 3]","[0, 1, 2, 8]","[3, 6]","[4, 5, 7, 9]",4,2,4,500,221.22162910704503,False,1.68,0.84,1.68,560,560,560,0.546875,5664,0.0,,,,,,,,,,,,,,,,,,,,,,False,False,,,True
20260123_1M_600k_0dB,20260123_1M_600k_0dB,1M,"[1, 1, 1, 2, 3, 3, 2, 3, 2, 3]","[0, 1, 2]","[3, 6, 8]","[4, 5, 7, 9]",3,3,4,503,221.22162910704503,False,1.26,1.26,1.68,560,560,560,0.546875,5664,0.0,,,,,,,,,,,,,,,,,,,,,,False,False,,,True
20260123_1M_600k_0dB,20260123_1M_600k_0dB,1M,"[1, 1, 1, 2, 3, 3, 2, 3, 3, 3]","[0, 1, 2]","[3, 6]","[4, 5, 7, 8, 9]",3,2,5,506,221.22162910704503,False,1.26,0.84,2.1,560,560,560,0.546875,5664,0.0,,,,,,,,,,,,,,,,,,,,,,False,False,,,True
20260123_1M_600k_0dB,20260123_1M_600k_0dB,1M,"[1, 1, 1, 2, 3, 3, 3, 1, 3, 2]","[0, 1, 2, 7]","[3, 9]","[4, 5, 6, 8]",4,2,4,511,221.22162910704503,False,1.68,0.84,1.68,560,560,560,0.546875,5664,0.0,,,,,,,,,,,,,,,,,,,,,,False,False,,,True
20260123_1M_600k_0dB,20260123_1M_600k_0dB,1M,"[1, 1, 1, 2, 3, 3, 3, 3, 2, 1]","[0, 1, 2, 9]","[3, 8]","[4, 5, 6, 7]",4,2,4,522,221.22162910704503,False,1.68,0.84,1.68,560,560,560,0.546875,5664,0.0,,,,,,,,,,,,,,,,,,,,,,False,False,,,True
20260123_1M_600k_0dB,20260123_1M_600k_0dB,1M,"[1, 1, 1, 3, 1, 2, 1, 2, 3, 3]","[0, 1, 2, 4, 6]","[5, 7]","[3, 8, 9]",5,2,3,538,221.22162910704503,False,2.1,0.84,1.26,560,560,560,0.546875,5664,0.0,,,,,,,,,,,,,,,,,,,,,,False,False,,,True
20260123_1M_600k_0dB,20260123_1M_600k_0dB,1M,"[1, 1, 1, 3, 1, 2, 3, 1, 3, 2]","[0, 1, 2, 4, 7]","[5, 9]","[3, 6, 8]",5,2,3,560,221.22162910704503,False,2.1,0.84,1.26,560,560,560,0.546875,5664,0.0,,,,,,,,,,,,,,,,,,,,,,False,False,,,True
20260123_1M_600k_0dB,20260123_1M_600k_0dB,1M,"[1, 1, 1, 3, 1, 3, 2, 2, 1, 3]","[0, 1, 2, 4, 8]","[6, 7]","[3, 5, 9]",5,2,3,582,221.22162910704503,False,2.1,0.84,1.26,560,560,560,0.546875,5664,0.0,,,,,,,,,,,,,,,,,,,,,,False,False,,,True
20260123_1M_600k_0dB,20260123_1M_600k_0dB,1M,"[1, 1, 1, 3, 1, 3, 2, 2, 2, 3]","[0, 1, 2, 4]","[6, 7, 8]","[3, 5, 9]",4,3,3,585,221.22162910704503,False,1.68,1.26,1.26,560,560,560,0.546875,5664,0.0,,,,,,,,,,,,,,,,,,,,,,False,False,,,True
20260123_1M_600k_0dB,20260123_1M_600k_0dB,1M,"[1, 1, 1, 3, 1, 3, 2, 2, 3, 3]","[0, 1, 2, 4]","[6, 7]","[3, 5, 8, 9]",4,2,4,588,221.22162910704503,False,1.68,0.84,1.68,560,560,560,0.546875,5664,0.0,,,,,,,,,,,,,,,,,,,,,,False,False,,,True
20260123_1M_600k_0dB,20260123_1M_600k_0dB,1M,"[1, 1, 1, 3, 1, 3, 3, 2, 3, 2]","[0, 1, 2, 4]","[7, 9]","[3, 5, 6, 8]",4,2,4,599,221.22162910704503,False,1.68,0.84,1.68,560,560,560,0.546875,5664,0.0,,,,,,,,,,,,,,,,,,,,,,False,False,,,True
20260123_1M_600k_0dB,20260123_1M_600k_0dB,1M,"[1, 1, 1, 3, 2, 1, 1, 2, 2, 3]","[0, 1, 2, 5, 6]","[4, 7, 8]","[3, 9]",5,3,2,601,221.22162910704503,False,2.1,1.26,0.84,560,560,560,0.546875,5664,0.0,,,,,,,,,,,,,,,,,,,,,,False,False,,,True
20260123_1M_600k_0dB,20260123_1M_600k_0dB,1M,"[1, 1, 1, 3, 2, 1, 2, 2, 3, 1]","[0, 1, 2, 5, 9]","[4, 6, 7]","[3, 8]",5,3,2,612,221.22162910704503,False,2.1,1.26,0.84,560,560,560,0.546875,5664,0.0,,,,,,,,,,,,,,,,,,,,,,False,False,,,True
20260123_1M_600k_0dB,20260123_1M_600k_0dB,1M,"[1, 1, 1, 3, 2, 1, 3, 1, 2, 2]","[0, 1, 2, 5, 7]","[4, 8, 9]","[3, 6]",5,3,2,623,221.22162910704503,False,2.1,1.26,0.84,560,560,560,0.546875,5664,0.0,,,,,,,,,,,,,,,,,,,,,,False,False,,,True
20260123_1M_600k_0dB,20260123_1M_600k_0dB,1M,"[1, 1, 1, 3, 2, 2, 1, 3, 1, 3]","[0, 1, 2, 6, 8]","[4, 5]","[3, 7, 9]",5,2,3,648,221.22162910704503,False,2.1,0.84,1.26,560,560,560,0.546875,5664,0.0,,,,,,,,,,,,,,,,,,,,,,False,False,,,True
20260123_1M_600k_0dB,20260123_1M_600k_0dB,1M,"[1, 1, 1, 3, 2, 2, 1, 3, 2, 3]","[0, 1, 2, 6]","[4, 5, 8]","[3, 7, 9]",4,3,3,651,221.22162910704503,False,1.68,1.26,1.26,560,560,560,0.546875,5664,0.0,,,,,,,,,,,,,,,,,,,,,,False,False,,,True
20260123_1M_600k_0dB,20260123_1M_600k_0dB,1M,"[1, 1, 1, 3, 2, 2, 1, 3, 3, 3]","[0, 1, 2, 6]","[4, 5]","[3, 7, 8, 9]",4,2,4,654,221.22162910704503,False,1.68,0.84,1.68,560,560,560,0.546875,5664,0.0,,,,,,,,,,,,,,,,,,,,,,False,False,,,True
20260123_1M_600k_0dB,20260123_1M_600k_0dB,1M,"[1, 1, 1, 3, 2, 2, 3, 2, 1, 3]","[0, 1, 2, 8]","[4, 5, 7]","[3, 6, 9]",4,3,3,684,221.22162910704503,False,1.68,1.26,1.26,560,560,560,0.546875,5664,0.0,,,,,,,,,,,,,,,,,,,,,,False,False,,,True
20260123_1M_600k_0dB,20260123_1M_600k_0dB,1M,"[1, 1, 1, 3, 2, 2, 3, 2, 2, 3]","[0, 1, 2]","[4, 5, 7, 8]","[3, 6, 9]",3,4,3,687,221.22162910704503,False,1.26,1.68,1.26,560,560,560,0.546875,5664,0.0,,,,,,,,,,,,,,,,,,,,,,False,False,,,True
20260123_1M_600k_0dB,20260123_1M_600k_0dB,1M,"[1, 1, 1, 3, 2, 2, 3, 2, 3, 3]","[0, 1, 2]","[4, 5, 7]","[3, 6, 8, 9]",3,3,4,690,221.22162910704503,False,1.26,1.26,1.68,560,560,560,0.546875,5664,0.0,,,,,,,,,,,,,,,,,,,,,,False,False,,,True
20260123_1M_600k_0dB,20260123_1M_600k_0dB,1M,"[1, 1, 1, 3, 2, 3, 1, 1, 2, 2]","[0, 1, 2, 6, 7]","[4, 8, 9]","[3, 5]",5,3,2,700,221.22162910704503,False,2.1,1.26,0.84,560,560,560,0.546875,5664,0.0,,,,,,,,,,,,,,,,,,,,,,False,False,,,True
20260123_1M_600k_0dB,20260123_1M_600k_0dB,1M,"[1, 1, 1, 3, 2, 3, 2, 2, 1, 2]","[0, 1, 2, 8]","[4, 6, 7, 9]","[3, 5]",4,4,2,725,221.22162910704503,False,1.68,1.68,0.84,560,560,560,0.546875,5664,0.0,,,,,,,,,,,,,,,,,,,,,,False,False,,,True
20260123_1M_600k_0dB,20260123_1M_600k_0dB,1M,"[1, 1, 1, 3, 2, 3, 2, 2, 2, 2]","[0, 1, 2]","[4, 6, 7, 8, 9]","[3, 5]",3,5,2,728,221.22162910704503,False,1.26,2.1,0.84,560,560,560,0.546875,5664,0.0,,,,,,,,,,,,,,,,,,,,,,False,False,,,True
20260123_1M_600k_0dB,20260123_1M_600k_0dB,1M,"[1, 1, 1, 3, 2, 3, 2, 2, 3, 2]","[0, 1, 2]","[4, 6, 7, 9]","[3, 5, 8]",3,4,3,731,221.22162910704503,False,1.26,1.68,1.26,560,560,560,0.546875,5664,0.0,,,,,,,,,,,,,,,,,,,,,,False,False,,,True
20260123_1M_600k_0dB,20260123_1M_600k_0dB,1M,"[1, 1, 1, 3, 2, 3, 3, 2, 1, 1]","[0, 1, 2, 8, 9]","[4, 7]","[3, 5, 6]",5,2,3,747,221.22162910704503,False,2.1,0.84,1.26,560,560,560,0.546875,5664,0.0,,,,,,,,,,,,,,,,,,,,,,False,False,,,True
20260123_1M_600k_0dB,20260123_1M_600k_0dB,1M,"[1, 1, 1, 3, 2, 3, 3, 2, 2, 1]","[0, 1, 2, 9]","[4, 7, 8]","[3, 5, 6]",4,3,3,750,221.22162910704503,False,1.68,1.26,1.26,560,560,560,0.546875,5664,0.0,,,,,,,,,,,,,,,,,,,,,,False,False,,,True
20260123_1M_600k_0dB,20260123_1M_600k_0dB,1M,"[1, 1, 1, 3, 2, 3, 3, 2, 3, 1]","[0, 1, 2, 9]","[4, 7]","[3, 5, 6, 8]",4,2,4,753,221.22162910704503,False,1.68,0.84,1.68,560,560,560,0.546875,5664,0.0,,,,,,,,,,,,,,,,,,,,,,False,False,,,True
20260123_1M_600k_0dB,20260123_1M_600k_0dB,1M,"[1, 1, 1, 3, 2, 3, 3, 3, 2, 3]","[0, 1, 2]","[4, 8]","[3, 5, 6, 7, 9]",3,2,5,759,221.22162910704503,False,1.26,0.84,2.1,560,560,560,0.546875,5664,0.0,,,,,,,,,,,,,,,,,,,,,,False,False,,,True
20260123_1M_600k_0dB,20260123_1M_600k_0dB,1M,"[1, 1, 1, 3, 3, 1, 2, 2, 1, 3]","[0, 1, 2, 5, 8]","[6, 7]","[3, 4, 9]",5,2,3,769,221.22162910704503,False,2.1,0.84,1.26,560,560,560,0.546875,5664,0.0,,,,,,,,,,,,,,,,,,,,,,False,False,,,True
20260123_1M_600k_0dB,20260123_1M_600k_0dB,1M,"[1, 1, 1, 3, 3, 1, 2, 2, 2, 3]","[0, 1, 2, 5]","[6, 7, 8]","[3, 4, 9]",4,3,3,772,221.22162910704503,False,1.68,1.26,1.26,560,560,560,0.546875,5664,0.0,,,,,,,,,,,,,,,,,,,,,,False,False,,,True
20260123_1M_600k_0dB,20260123_1M_600k_0dB,1M,"[1, 1, 1, 3, 3, 1, 2, 2, 3, 3]","[0, 1, 2, 5]","[6, 7]","[3, 4, 8, 9]",4,2,4,775,221.22162910704503,False,1.68,0.84,1.68,560,560,560,0.546875,5664,0.0,,,,,,,,,,,,,,,,,,,,,,False,False,,,True
20260123_1M_600k_0dB,20260123_1M_600k_0dB,1M,"[1, 1, 1, 3, 3, 1, 3, 2, 3, 2]","[0, 1, 2, 5]","[7, 9]","[3, 4, 6, 8]",4,2,4,786,221.22162910704503,False,1.68,0.84,1.68,560,560,560,0.546875,5664,0.0,,,,,,,,,,,,,,,,,,,,,,False,False,,,True
20260123_1M_600k_0dB,20260123_1M_600k_0dB,1M,"[1, 1, 1, 3, 3, 2, 1, 1, 2, 2]","[0, 1, 2, 6, 7]","[5, 8, 9]","[3, 4]",5,3,2,788,221.22162910704503,False,2.1,1.26,0.84,560,560,560,0.546875,5664,0.0,,,,,,,,,,,,,,,,,,,,,,False,False,,,True
20260123_1M_600k_0dB,20260123_1M_600k_0dB,1M,"[1, 1, 1, 3, 3, 2, 2, 2, 1, 2]","[0, 1, 2, 8]","[5, 6, 7, 9]","[3, 4]",4,4,2,813,221.22162910704503,False,1.68,1.68,0.84,560,560,560,0.546875,5664,0.0,,,,,,,,,,,,,,,,,,,,,,False,False,,,True
20260123_1M_600k_0dB,20260123_1M_600k_0dB,1M,"[1, 1, 1, 3, 3, 2, 2, 2, 2, 2]","[0, 1, 2]","[5, 6, 7, 8, 9]","[3, 4]",3,5,2,816,221.22162910704503,False,1.26,2.1,0.84,560,560,560,0.546875,5664,0.0,,,,,,,,,,,,,,,,,,,,,,False,False,,,True
20260123_1M_600k_0dB,20260123_1M_600k_0dB,1M,"[1, 1, 1, 3, 3, 2, 2, 2, 3, 2]","[0, 1, 2]","[5, 6, 7, 9]","[3, 4, 8]",3,4,3,819,221.22162910704503,False,1.26,1.68,1.26,560,560,560,0.546875,5664,0.0,,,,,,,,,,,,,,,,,,,,,,False,False,,,True
20260123_1M_600k_0dB,20260123_1M_600k_0dB,1M,"[1, 1, 1, 3, 3, 2, 3, 2, 1, 1]","[0, 1, 2, 8, 9]","[5, 7]","[3, 4, 6]",5,2,3,835,221.22162910704503,False,2.1,0.84,1.26,560,560,560,0.546875,5664,0.0,,,,,,,,,,,,,,,,,,,,,,False,False,,,True
20260123_1M_600k_0dB,20260123_1M_600k_0dB,1M,"[1, 1, 1, 3, 3, 2, 3, 2, 2, 1]","[0, 1, 2, 9]","[5, 7, 8]","[3, 4, 6]",4,3,3,838,221.22162910704503,False,1.68,1.26,1.26,560,560,560,0.546875,5664,0.0,,,,,,,,,,,,,,,,,,,,,,False,False,,,True
20260123_1M_600k_0dB,20260123_1M_600k_0dB,1M,"[1, 1, 1, 3, 3, 2, 3, 2, 3, 1]","[0, 1, 2, 9]","[5, 7]","[3, 4, 6, 8]",4,2,4,841,221.22162910704503,False,1.68,0.84,1.68,560,560,560,0.546875,5664,0.0,,,,,,,,,,,,,,,,,,,,,,False,False,,,True
20260123_1M_600k_0dB,20260123_1M_600k_0dB,1M,"[1, 1, 1, 3, 3, 2, 3, 3, 2, 3]","[0, 1, 2]","[5, 8]","[3, 4, 6, 7, 9]",3,2,5,847,221.22162910704503,False,1.26,0.84,2.1,560,560,560,0.546875,5664,0.0,,,,,,,,,,,,,,,,,,,,,,False,False,,,True
20260123_1M_600k_0dB,20260123_1M_600k_0dB,1M,"[1, 1, 1, 3, 3, 3, 2, 1, 2, 1]","[0, 1, 2, 7, 9]","[6, 8]","[3, 4, 5]",5,2,3,857,221.22162910704503,False,2.1,0.84,1.26,560,560,560,0.546875,5664,0.0,,,,,,,,,,,,,,,,,,,,,,False,False,,,True
20260123_1M_600k_0dB,20260123_1M_600k_0dB,1M,"[1, 1, 1, 3, 3, 3, 2, 2, 1, 3]","[0, 1, 2, 8]","[6, 7]","[3, 4, 5, 9]",4,2,4,863,221.22162910704503,False,1.68,0.84,1.68,560,560,560,0.546875,5664,0.0,,,,,,,,,,,,,,,,,,,,,,False,False,,,True
20260123_1M_600k_0dB,20260123_1M_600k_0dB,1M,"[1, 1, 1, 3, 3, 3, 2, 2, 2, 3]","[0, 1, 2]","[6, 7, 8]","[3, 4, 5, 9]",3,3,4,866,221.22162910704503,False,1.26,1.26,1.68,560,560,560,0.546875,5664,0.0,,,,,,,,,,,,,,,,,,,,,,False,False,,,True
20260123_1M_600k_0dB,20260123_1M_600k_0dB,1M,"[1, 1, 1, 3, 3, 3, 2, 2, 3, 3]","[0, 1, 2]","[6, 7]","[3, 4, 5, 8, 9]",3,2,5,869,221.22162910704503,False,1.26,0.84,2.1,560,560,560,0.546875,5664,0.0,,,,,,,,,,,,,,,,,,,,,,False,False,,,True
20260123_1M_600k_0dB,20260123_1M_600k_0dB,1M,"[1, 1, 1, 3, 3, 3, 3, 2, 3, 2]","[0, 1, 2]","[7, 9]","[3, 4, 5, 6, 8]",3,2,5,880,221.22162910704503,False,1.26,0.84,2.1,560,560,560,0.546875,5664,0.0,,,,,,,,,,,,,,,,,,,,,,False,False,,,True
20260123_1M_600k_0dB,20260123_1M_600k_0dB,1M,"[1, 1, 2, 1, 1, 1, 3, 2, 3, 2]","[0, 1, 3, 4, 5]","[2, 7, 9]","[6, 8]",5,3,2,887,221.22162910704503,False,2.1,1.26,0.84,560,560,560,0.546875,5664,0.0,,,,,,,,,,,,,,,,,,,,,,False,False,,,True
20260123_1M_600k_0dB,20260123_1M_600k_0dB,1M,"[1, 1, 2, 1, 1, 1, 3, 3, 2, 3]","[0, 1, 3, 4, 5]","[2, 8]","[6, 7, 9]",5,2,3,890,221.22162910704503,False,2.1,0.84,1.26,560,560,560,0.546875,5664,0.0,,,,,,,,,,,,,,,,,,,,,,False,False,,,True
20260123_1M_600k_0dB,20260123_1M_600k_0dB,1M,"[1, 1, 2, 1, 1, 2, 2, 3, 1, 3]","[0, 1, 3, 4, 8]","[2, 5, 6]","[7, 9]",5,3,2,898,221.22162910704503,False,2.1,1.26,0.84,560,560,560,0.546875,5664,0.0,,,,,,,,,,,,,,,,,,,,,,False,False,,,True
20260123_1M_600k_0dB,20260123_1M_600k_0dB,1M,"[1, 1, 2, 1, 1, 2, 2, 3, 3, 2]","[0, 1, 3, 4]","[2, 5, 6, 9]","[7, 8]",4,4,2,901,221.22162910704503,False,1.68,1.68,0.84,560,560,560,0.546875,5664,0.0,,,,,,,,,,,,,,,,,,,,,,False,False,,,True
20260123_1M_600k_0dB,20260123_1M_600k_0dB,1M,"[1, 1, 2, 1, 1, 2, 3, 3, 1, 3]","[0, 1, 3, 4, 8]","[2, 5]","[6, 7, 9]",5,2,3,912,221.22162910704503,False,2.1,0.84,1.26,560,560,560,0.546875,5664,0.0,,,,,,,,,,,,,,,,,,,,,,False,False,,,True
20260123_1M_600k_0dB,20260123_1M_600k_0dB,1M,"[1, 1, 2, 1, 1, 2, 3, 3, 2, 3]","[0, 1, 3, 4]","[2, 5, 8]","[6, 7, 9]",4,3,3,915,221.22162910704503,False,1.68,1.26,1.26,560,560,560,0.546875,5664,0.0,,,,,,,,,,,,,,,,,,,,,,False,False,,,True
20260123_1M_600k_0dB,20260123_1M_600k_0dB,1M,"[1, 1, 2, 1, 1, 2, 3, 3, 3, 3]","[0, 1, 3, 4]","[2, 5]","[6, 7, 8, 9]",4,2,4,918,221.22162910704503,False,1.68,0.84,1.68,560,560,560,0.546875,5664,0.0,,,,,,,,,,,,,,,,,,,,,,False,False,,,True
20260123_1M_600k_0dB,20260123_1M_600k_0dB,1M,"[1, 1, 2, 1, 1, 3, 1, 2, 3, 2]","[0, 1, 3, 4, 6]","[2, 7, 9]","[5, 8]",5,3,2,920,221.22162910704503,False,2.1,1.26,0.84,560,560,560,0.546875,5664,0.0,,,,,,,,,,,,,,,,,,,,,,False,False,,,True
20260123_1M_600k_0dB,20260123_1M_600k_0dB,1M,"[1, 1, 2, 1, 1, 3, 1, 3, 2, 3]","[0, 1, 3, 4, 6]","[2, 8]","[5, 7, 9]",5,2,3,923,221.22162910704503,False,2.1,0.84,1.26,560,560,560,0.546875,5664,0.0,,,,,,,,,,,,,,,,,,,,,,False,False,,,True
20260123_1M_600k_0dB,20260123_1M_600k_0dB,1M,"[1, 1, 2, 1, 1, 3, 2, 3, 1, 3]","[0, 1, 3, 4, 8]","[2, 6]","[5, 7, 9]",5,2,3,934,221.22162910704503,False,2.1,0.84,1.26,560,560,560,0.546875,5664,0.0,,,,,,,,,,,,,,,,,,,,,,False,False,,,True
20260123_1M_600k_0dB,20260123_1M_600k_0dB,1M,"[1, 1, 2, 1, 1, 3, 2, 3, 2, 3]","[0, 1, 3, 4]","[2, 6, 8]","[5, 7, 9]",4,3,3,937,221.22162910704503,False,1.68,1.26,1.26,560,560,560,0.546875,5664,0.0,,,,,,,,,,,,,,,,,,,,,,False,False,,,True
20260123_1M_600k_0dB,20260123_1M_600k_0dB,1M,"[1, 1, 2, 1, 1, 3, 2, 3, 3, 3]","[0, 1, 3, 4]","[2, 6]","[5, 7, 8, 9]",4,2,4,940,221.22162910704503,False,1.68,0.84,1.68,560,560,560,0.546875,5664,0.0,,,,,,,,,,,,,,,,,,,,,,False,False,,,True
20260123_1M_600k_0dB,20260123_1M_600k_0dB,1M,"[1, 1, 2, 1, 1, 3, 3, 2, 1, 3]","[0, 1, 3, 4, 8]","[2, 7]","[5, 6, 9]",5,2,3,945,221.22162910704503,False,2.1,0.84,1.26,560,560,560,0.546875,5664,0.0,,,,,,,,,,,,,,,,,,,,,,False,False,,,True
20260123_1M_600k_0dB,20260123_1M_600k_0dB,1M,"[1, 1, 2, 1, 1, 3, 3, 2, 2, 3]","[0, 1, 3, 4]","[2, 7, 8]","[5, 6, 9]",4,3,3,948,221.22162910704503,False,1.68,1.26,1.26,560,560,560,0.546875,5664,0.0,,,,,,,,,,,,,,,,,,,,,,False,False,,,True
20260123_1M_600k_0dB,20260123_1M_600k_0dB,1M,"[1, 1, 2, 1, 1, 3, 3, 2, 3, 3]","[0, 1, 3, 4]","[2, 7]","[5, 6, 8, 9]",4,2,4,951,221.22162910704503,False,1.68,0.84,1.68,560,560,560,0.546875,5664,0.0,,,,,,,,,,,,,,,,,,,,,,False,False,,,True
20260123_1M_600k_0dB,20260123_1M_600k_0dB,1M,"[1, 1, 2, 1, 2, 2, 1, 3, 1, 3]","[0, 1, 3, 6, 8]","[2, 4, 5]","[7, 9]",5,3,2,986,221.22162910704503,False,2.1,1.26,0.84,560,560,560,0.546875,5664,0.0,,,,,,,,,,,,,,,,,,,,,,False,False,,,True
20260123_1M_600k_0dB,20260123_1M_600k_0dB,1M,"[1, 1, 2, 1, 2, 2, 1, 3, 3, 2]","[0, 1, 3, 6]","[2, 4, 5, 9]","[7, 8]",4,4,2,989,221.22162910704503,False,1.68,1.68,0.84,560,560,560,0.546875,5664,0.0,,,,,,,,,,,,,,,,,,,,,,False,False,,,True
20260123_1M_600k_0dB,20260123_1M_600k_0dB,1M,"[1, 1, 2, 1, 2, 2, 2, 2, 3, 3]","[0, 1, 3]","[2, 4, 5, 6, 7]","[8, 9]",3,5,2,992,221.22162910704503,False,1.26,2.1,0.84,560,560,560,0.546875,5664,0.0,,,,,,,,,,,,,,,,,,,,,,False,False,,,True
20260123_1M_600k_0dB,20260123_1M_600k_0dB,1M,"[1, 1, 2, 1, 2, 2, 3, 3, 1, 1]","[0, 1, 3, 8, 9]","[2, 4, 5]","[6, 7]",5,3,2,1008,221.22162910704503,False,2.1,1.26,0.84,560,560,560,0.546875,5664,0.0,,,,,,,,,,,,,,,,,,,,,,False,False,,,True
20260123_1M_600k_0dB,20260123_1M_600k_0dB,1M,"[1, 1, 2, 1, 2, 2, 3, 3, 2, 1]","[0, 1, 3, 9]","[2, 4, 5, 8]","[6, 7]",4,4,2,1011,221.22162910704503,False,1.68,1.68,0.84,560,560,560,0.546875,5664,0.0,,,,,,,,,,,,,,,,,,,,,,False,False,,,True
20260123_1M_600k_0dB,20260123_1M_600k_0dB,1M,"[1, 1, 2, 1, 2, 2, 3, 3, 3, 1]","[0, 1, 3, 9]","[2, 4, 5]","[6, 7, 8]",4,3,3,1014,221.22162910704503,False,1.68,1.26,1.26,560,560,560,0.546875,5664,0.0,,,,,,,,,,,,,,,,,,,,,,False,False,,,True
20260123_1M_600k_0dB,20260123_1M_600k_0dB,1M,"[1, 1, 2, 1, 2, 3, 2, 3, 1, 2]","[0, 1, 3, 8]","[2, 4, 6, 9]","[5, 7]",4,4,2,1044,221.22162910704503,False,1.68,1.68,0.84,560,560,560,0.546875,5664,0.0,,,,,,,,,,,,,,,,,,,,,,False,False,,,True
20260123_1M_600k_0dB,20260123_1M_600k_0dB,1M,"[1, 1, 2, 1, 2, 3, 2, 3, 2, 2]","[0, 1, 3]","[2, 4, 6, 8, 9]","[5, 7]",3,5,2,1047,221.22162910704503,False,1.26,2.1,0.84,560,560,560,0.546875,5664,0.0,,,,,,,,,,,,,,,,,,,,,,False,False,,,True
20260123_1M_600k_0dB,20260123_1M_600k_0dB,1M,"[1, 1, 2, 1, 2, 3, 2, 3, 3, 2]","[0, 1, 3]","[2, 4, 6, 9]","[5, 7, 8]",3,4,3,1050,221.22162910704503,False,1.26,1.68,1.26,560,560,560,0.546875,5664,0.0,,,,,,,,,,,,,,,,,,,,,,False,False,,,True
20260123_1M_600k_0dB,20260123_1M_600k_0dB,1M,"[1, 1, 2, 1, 2, 3, 3, 1, 1, 2]","[0, 1, 3, 7, 8]","[2, 4, 9]","[5, 6]",5,3,2,1052,221.22162910704503,False,2.1,1.26,0.84,560,560,560,0.546875,5664,0.0,,,,,,,,,,,,,,,,,,,,,,False,False,,,True
20260123_1M_600k_0dB,20260123_1M_600k_0dB,1M,"[1, 1, 2, 1, 2, 3, 3, 1, 2, 2]","[0, 1, 3, 7]","[2, 4, 8, 9]","[5, 6]",4,4,2,1055,221.22162910704503,False,1.68,1.68,0.84,560,560,560,0.546875,5664,0.0,,,,,,,,,,,,,,,,,,,,,,False,False,,,True
20260123_1M_600k_0dB,20260123_1M_600k_0dB,1M,"[1, 1, 2, 1, 2, 3, 3, 1, 3, 2]","[0, 1, 3, 7]","[2, 4, 9]","[5, 6, 8]",4,3,3,1058,221.22162910704503,False,1.68,1.26,1.26,560,560,560,0.546875,5664,0.0,,,,,,,,,,,,,,,,,,,,,,False,False,,,True
20260123_1M_600k_0dB,20260123_1M_600k_0dB,1M,"[1, 1, 2, 1, 3, 1, 2, 1, 3, 2]","[0, 1, 3, 5, 7]","[2, 6, 9]","[4, 8]",5,3,2,1085,221.22162910704503,False,2.1,1.26,0.84,560,560,560,0.546875,5664,0.0,,,,,,,,,,,,,,,,,,,,,,False,False,,,True
20260123_1M_600k_0dB,20260123_1M_600k_0dB,1M,"[1, 1, 2, 1, 3, 1, 2, 2, 2, 3]","[0, 1, 3, 5]","[2, 6, 7, 8]","[4, 9]",4,4,2,1088,221.22162910704503,False,1.68,1.68,0.84,560,560,560,0.546875,5664,0.0,,,,,,,,,,,,,,,,,,,,,,False,False,,,True
20260123_1M_600k_0dB,20260123_1M_600k_0dB,1M,"[1, 1, 2, 1, 3, 1, 2, 2, 3, 3]","[0, 1, 3, 5]","[2, 6, 7]","[4, 8, 9]",4,3,3,1091,221.22162910704503,False,1.68,1.26,1.26,560,560,560,0.546875,5664,0.0,,,,,,,,,,,,,,,,,,,,,,False,False,,,True
20260123_1M_600k_0dB,20260123_1M_600k_0dB,1M,"[1, 1, 2, 1, 3, 1, 3, 3, 2, 2]","[0, 1, 3, 5]","[2, 8, 9]","[4, 6, 7]",4,3,3,1113,221.22162910704503,False,1.68,1.26,1.26,560,560,560,0.546875,5664,0.0,,,,,,,,,,,,,,,,,,,,,,False,False,,,True
20260123_1M_600k_0dB,20260123_1M_600k_0dB,1M,"[1, 1, 2, 1, 3, 2, 2, 3, 1, 2]","[0, 1, 3, 8]","[2, 5, 6, 9]","[4, 7]",4,4,2,1143,221.22162910704503,False,1.68,1.68,0.84,560,560,560,0.546875,5664,0.0,,,,,,,,,,,,,,,,,,,,,,False,False,,,True
20260123_1M_600k_0dB,20260123_1M_600k_0dB,1M,"[1, 1, 2, 1, 3, 2, 2, 3, 2, 2]","[0, 1, 3]","[2, 5, 6, 8, 9]","[4, 7]",3,5,2,1146,221.22162910704503,False,1.26,2.1,0.84,560,560,560,0.546875,5664,0.0,,,,,,,,,,,,,,,,,,,,,,False,False,,,True
20260123_1M_600k_0dB,20260123_1M_600k_0dB,1M,"[1, 1, 2, 1, 3, 2, 2, 3, 3, 2]","[0, 1, 3]","[2, 5, 6, 9]","[4, 7, 8]",3,4,3,1149,221.22162910704503,False,1.26,1.68,1.26,560,560,560,0.546875,5664,0.0,,,,,,,,,,,,,,,,,,,,,,False,False,,,True
20260123_1M_600k_0dB,20260123_1M_600k_0dB,1M,"[1, 1, 2, 1, 3, 2, 3, 1, 1, 2]","[0, 1, 3, 7, 8]","[2, 5, 9]","[4, 6]",5,3,2,1151,221.22162910704503,False,2.1,1.26,0.84,560,560,560,0.546875,5664,0.0,,,,,,,,,,,,,,,,,,,,,,False,False,,,True
20260123_1M_600k_0dB,20260123_1M_600k_0dB,1M,"[1, 1, 2, 1, 3, 2, 3, 1, 2, 2]","[0, 1, 3, 7]","[2, 5, 8, 9]","[4, 6]",4,4,2,1154,221.22162910704503,False,1.68,1.68,0.84,560,560,560,0.546875,5664,0.0,,,,,,,,,,,,,,,,,,,,,,False,False,,,True
20260123_1M_600k_0dB,20260123_1M_600k_0dB,1M,"[1, 1, 2, 1, 3, 2, 3, 1, 3, 2]","[0, 1, 3, 7]","[2, 5, 9]","[4, 6, 8]",4,3,3,1157,221.22162910704503,False,1.68,1.26,1.26,560,560,560,0.546875,5664,0.0,,,,,,,,,,,,,,,,,,,,,,False,False,,,True
20260123_1M_600k_0dB,20260123_1M_600k_0dB,1M,"[1, 1, 2, 1, 3, 3, 1, 3, 2, 2]","[0, 1, 3, 6]","[2, 8, 9]","[4, 5, 7]",4,3,3,1190,221.22162910704503,False,1.68,1.26,1.26,560,560,560,0.546875,5664,0.0,,,,,,,,,,,,,,,,,,,,,,False,False,,,True
20260123_1M_600k_0dB,20260123_1M_600k_0dB,1M,"[1, 1, 2, 1, 3, 3, 2, 1, 2, 1]","[0, 1, 3, 7, 9]","[2, 6, 8]","[4, 5]",5,3,2,1195,221.22162910704503,False,2.1,1.26,0.84,560,560,560,0.546875,5664,0.0,,,,,,,,,,,,,,,,,,,,,,False,False,,,True
20260123_1M_600k_0dB,20260123_1M_600k_0dB,1M,"[1, 1, 2, 1, 3, 3, 2, 1, 3, 1]","[0, 1, 3, 7, 9]","[2, 6]","[4, 5, 8]",5,2,3,1198,221.22162910704503,False,2.1,0.84,1.26,560,560,560,0.546875,5664,0.0,,,,,,,,,,,,,,,,,,,,,,False,False,,,True
20260123_1M_600k_0dB,20260123_1M_600k_0dB,1M,"[1, 1, 2, 1, 3, 3, 3, 1, 2, 1]","[0, 1, 3, 7, 9]","[2, 8]","[4, 5, 6]",5,2,3,1220,221.22162910704503,False,2.1,0.84,1.26,560,560,560,0.546875,5664,0.0,,,,,,,,,,,,,,,,,,,,,,False,False,,,True
20260123_1M_600k_0dB,20260123_1M_600k_0dB,1M,"[1, 1, 2, 1, 3, 3, 3, 2, 1, 3]","[0, 1, 3, 8]","[2, 7]","[4, 5, 6, 9]",4,2,4,1226,221.22162910704503,False,1.68,0.84,1.68,560,560,560,0.546875,5664,0.0,,,,,,,,,,,,,,,,,,,,,,False,False,,,True
20260123_1M_600k_0dB,20260123_1M_600k_0dB,1M,"[1, 1, 2, 1, 3, 3, 3, 2, 2, 3]","[0, 1, 3]","[2, 7, 8]","[4, 5, 6, 9]",3,3,4,1229,221.22162910704503,False,1.26,1.26,1.68,560,560,560,0.546875,5664,0.0,,,,,,,,,,,,,,,,,,,,,,False,False,,,True
20260123_1M_600k_0dB,20260123_1M_600k_0dB,1M,"[1, 1, 2, 1, 3, 3, 3, 2, 3, 3]","[0, 1, 3]","[2, 7]","[4, 5, 6, 8, 9]",3,2,5,1232,221.22162910704503,False,1.26,0.84,2.1,560,560,560,0.546875,5664,0.0,,,,,,,,,,,,,,,,,,,,,,False,False,,,True
20260123_1M_600k_0dB,20260123_1M_600k_0dB,1M,"[1, 1, 2, 2, 1, 1, 1, 3, 2, 3]","[0, 1, 4, 5, 6]","[2, 3, 8]","[7, 9]",5,3,2,1239,221.22162910704503,False,2.1,1.26,0.84,560,560,560,0.546875,5664,0.0,,,,,,,,,,,,,,,,,,,,,,False,False,,,True
20260123_1M_600k_0dB,20260123_1M_600k_0dB,1M,"[1, 1, 2, 2, 1, 1, 3, 1, 3, 2]","[0, 1, 4, 5, 7]","[2, 3, 9]","[6, 8]",5,3,2,1250,221.22162910704503,False,2.1,1.26,0.84,560,560,560,0.546875,5664,0.0,,,,,,,,,,,,,,,,,,,,,,False,False,,,True
20260123_1M_600k_0dB,20260123_1M_600k_0dB,1M,"[1, 1, 2, 2, 1, 1, 3, 2, 2, 3]","[0, 1, 4, 5]","[2, 3, 7, 8]","[6, 9]",4,4,2,1253,221.22162910704503,False,1.68,1.68,0.84,560,560,560,0.546875,5664,0.0,,,,,,,,,,,,,,,,,,,,,,False,False,,,True
20260123_1M_600k_0dB,20260123_1M_600k_0dB,1M,"[1, 1, 2, 2, 1, 1, 3, 2, 3, 3]","[0, 1, 4, 5]","[2, 3, 7]","[6, 8, 9]",4,3,3,1256,221.22162910704503,False,1.68,1.26,1.26,560,560,560,0.546875,5664,0.0,,,,,,,,,,,,,,,,,,,,,,False,False,,,True
20260123_1M_600k_0dB,20260123_1M_600k_0dB,1M,"[1, 1, 2, 2, 1, 2, 3, 2, 3, 1]","[0, 1, 4, 9]","[2, 3, 5, 7]","[6, 8]",4,4,2,1286,221.22162910704503,False,1.68,1.68,0.84,560,560,560,0.546875,5664,0.0,,,,,,,,,,,,,,,,,,,,,,False,False,,,True
20260123_1M_600k_0dB,20260123_1M_600k_0dB,1M,"[1, 1, 2, 2, 1, 3, 2, 1, 3, 1]","[0, 1, 4, 7, 9]","[2, 3, 6]","[5, 8]",5,3,2,1316,221.22162910704503,False,2.1,1.26,0.84,560,560,560,0.546875,5664,0.0,,,,,,,,,,,,,,,,,,,,,,False,False,,,True
20260123_1M_600k_0dB,20260123_1M_600k_0dB,1M,"[1, 1, 2, 2, 1, 3, 2, 2, 1, 3]","[0, 1, 4, 8]","[2, 3, 6, 7]","[5, 9]",4,4,2,1319,221.22162910704503,False,1.68,1.68,0.84,560,560,560,0.546875,5664,0.0,,,,,,,,,,,,,,,,,,,,,,False,False,,,True
20260123_1M_600k_0dB,20260123_1M_600k_0dB,1M,"[1, 1, 2, 2, 1, 3, 2, 2, 3, 2]","[0, 1, 4]","[2, 3, 6, 7, 9]","[5, 8]",3,5,2,1322,221.22162910704503,False,1.26,2.1,0.84,560,560,560,0.546875,5664,0.0,,,,,,,,,,,,,,,,,,,,,,False,False,,,True
20260123_1M_600k_0dB,20260123_1M_600k_0dB,1M,"[1, 1, 2, 2, 2, 1, 3, 1, 2, 3]","[0, 1, 5, 7]","[2, 3, 4, 8]","[6, 9]",4,4,2,1374,221.22162910704503,False,1.68,1.68,0.84,560,560,560,0.546875,5664,0.0,,,,,,,,,,,,,,,,,,,,,,False,False,,,True
20260123_1M_600k_0dB,20260123_1M_600k_0dB,1M,"[1, 1, 2, 2, 2, 1, 3, 1, 3, 3]","[0, 1, 5, 7]","[2, 3, 4]","[6, 8, 9]",4,3,3,1377,221.22162910704503,False,1.68,1.26,1.26,560,560,560,0.546875,5664,0.0,,,,,,,,,,,,,,,,,,,,,,False,False,,,True
20260123_1M_600k_0dB,20260123_1M_600k_0dB,1M,"[1, 1, 2, 2, 2, 2, 1, 3, 3, 1]","[0, 1, 6, 9]","[2, 3, 4, 5]","[7, 8]",4,4,2,1396,221.22162910704503,False,1.68,1.68,0.84,560,560,560,0.546875,5664,0.0,,,,,,,,,,,,,,,,,,,,,,False,False,,,True
20260123_1M_600k_0dB,20260123_1M_600k_0dB,1M,"[1, 1, 2, 2, 2, 2, 2, 1, 3, 3]","[0, 1, 7]","[2, 3, 4, 5, 6]","[8, 9]",3,5,2,1399,221.22162910704503,False,1.26,2.1,0.84,560,560,560,0.546875,5664,0.0,,,,,,,,,,,,,,,,,,,,,,False,False,,,True
20260123_1M_600k_0dB,20260123_1M_600k_0dB,1M,"[1, 1, 2, 2, 2, 2, 3, 3, 1, 3]","[0, 1, 8]","[2, 3, 4, 5]","[6, 7, 9]",3,4,3,1413,221.22162910704503,False,1.26,1.68,1.26,560,560,560,0.546875,5664,0.0,,,,,,,,,,,,,,,,,,,,,,False,False,,,True
20260123_1M_600k_0dB,20260123_1M_600k_0dB,1M,"[1, 1, 2, 2, 2, 3, 2, 1, 3, 1]","[0, 1, 7, 9]","[2, 3, 4, 6]","[5, 8]",4,4,2,1440,221.22162910704503,False,1.68,1.68,0.84,560,560,560,0.546875,5664,0.0,,,,,,,,,,,,,,,,,,,,,,False,False,,,True
20260123_1M_600k_0dB,20260123_1M_600k_0dB,1M,"[1, 1, 2, 2, 2, 3, 2, 2, 1, 3]","[0, 1, 8]","[2, 3, 4, 6, 7]","[5, 9]",3,5,2,1443,221.22162910704503,False,1.26,2.1,0.84,560,560,560,0.546875,5664,0.0,,,,,,,,,,,,,,,,,,,,,,False,False,,,True
20260123_1M_600k_0dB,20260123_1M_600k_0dB,1M,"[1, 1, 2, 2, 2, 3, 3, 2, 3, 1]","[0, 1, 9]","[2, 3, 4, 7]","[5, 6, 8]",3,4,3,1468,221.22162910704503,False,1.26,1.68,1.26,560,560,560,0.546875,5664,0.0,,,,,,,,,,,,,,,,,,,,,,False,False,,,True
20260107_PPLN_1p5M,20260107_PPLN_1p5M,1p5M,"[1, 1, 1, 1, 1, 2, 3, 3, 2, 2]","[0, 1, 2, 3, 4]","[5, 8, 9]","[6, 7]",5,3,2,7,221.22162910704503,False,2.1,1.26,0.84,560,560,560,0.546875,5664,0.0,4.098824508547256,2.0579811083673443,1.3903917607948433,7.547197377709444,0.0,1092,914,926,10118,1.06640625,0.023953680440750524,0.0,0.521240234375,0.521240234375,True,False,False,False,6.134462881982744,7.547197377709444,0.023953680440750524,True,True,V69_PARTIAL_FEASIBLE,rate_adaptive_or_new_representation,True
20260107_PPLN_1p5M,20260107_PPLN_1p5M,1p5M,"[1, 1, 1, 1, 2, 2, 3, 1, 3, 3]","[0, 1, 2, 3, 7]","[4, 5]","[6, 8, 9]",5,2,3,43,221.22162910704503,False,2.1,0.84,1.26,560,560,560,0.546875,5664,0.0,,,,,,,,,,,,,,,,,,,,,,False,False,,,True
20260107_PPLN_1p5M,20260107_PPLN_1p5M,1p5M,"[1, 1, 1, 1, 2, 2, 3, 3, 2, 1]","[0, 1, 2, 3, 9]","[4, 5, 8]","[6, 7]",5,3,2,51,221.22162910704503,False,2.1,1.26,0.84,560,560,560,0.546875,5664,0.0,,,,,,,,,,,,,,,,,,,,,,False,False,,,True
20260107_PPLN_1p5M,20260107_PPLN_1p5M,1p5M,"[1, 1, 1, 1, 2, 2, 3, 3, 3, 1]","[0, 1, 2, 3, 9]","[4, 5]","[6, 7, 8]",5,2,3,54,221.22162910704503,False,2.1,0.84,1.26,560,560,560,0.546875,5664,0.0,,,,,,,,,,,,,,,,,,,,,,False,False,,,True
20260107_PPLN_1p5M,20260107_PPLN_1p5M,1p5M,"[1, 1, 1, 1, 2, 3, 2, 1, 3, 3]","[0, 1, 2, 3, 7]","[4, 6]","[5, 8, 9]",5,2,3,65,221.22162910704503,False,2.1,0.84,1.26,560,560,560,0.546875,5664,0.0,,,,,,,,,,,,,,,,,,,,,,False,False,,,True
20260107_PPLN_1p5M,20260107_PPLN_1p5M,1p5M,"[1, 1, 1, 1, 2, 3, 2, 3, 2, 1]","[0, 1, 2, 3, 9]","[4, 6, 8]","[5, 7]",5,3,2,73,221.22162910704503,False,2.1,1.26,0.84,560,560,560,0.546875,5664,0.0,,,,,,,,,,,,,,,,,,,,,,False,False,,,True
20260107_PPLN_1p5M,20260107_PPLN_1p5M,1p5M,"[1, 1, 1, 1, 2, 3, 2, 3, 3, 1]","[0, 1, 2, 3, 9]","[4, 6]","[5, 7, 8]",5,2,3,76,221.22162910704503,False,2.1,0.84,1.26,560,560,560,0.546875,5664,0.0,,,,,,,,,,,,,,,,,,,,,,False,False,,,True
20260107_PPLN_1p5M,20260107_PPLN_1p5M,1p5M,"[1, 1, 1, 1, 2, 3, 3, 2, 2, 1]","[0, 1, 2, 3, 9]","[4, 7, 8]","[5, 6]",5,3,2,84,221.22162910704503,False,2.1,1.26,0.84,560,560,560,0.546875,5664,0.0,,,,,,,,,,,,,,,,,,,,,,False,False,,,True
20260107_PPLN_1p5M,20260107_PPLN_1p5M,1p5M,"[1, 1, 1, 1, 2, 3, 3, 2, 3, 1]","[0, 1, 2, 3, 9]","[4, 7]","[5, 6, 8]",5,2,3,87,221.22162910704503,False,2.1,0.84,1.26,560,560,560,0.546875,5664,0.0,,,,,,,,,,,,,,,,,,,,,,False,False,,,True
20260107_PPLN_1p5M,20260107_PPLN_1p5M,1p5M,"[1, 1, 1, 1, 2, 3, 3, 3, 2, 3]","[0, 1, 2, 3]","[4, 8]","[5, 6, 7, 9]",4,2,4,93,221.22162910704503,False,1.68,0.84,1.68,560,560,560,0.546875,5664,0.0,,,,,,,,,,,,,,,,,,,,,,False,False,,,True
20260107_PPLN_1p5M,20260107_PPLN_1p5M,1p5M,"[1, 1, 1, 1, 3, 1, 2, 2, 2, 3]","[0, 1, 2, 3, 5]","[6, 7, 8]","[4, 9]",5,3,2,95,221.22162910704503,False,2.1,1.26,0.84,560,560,560,0.546875,5664,0.0,,,,,,,,,,,,,,,,,,,,,,False,False,,,True
20260107_PPLN_1p5M,20260107_PPLN_1p5M,1p5M,"[1, 1, 1, 1, 3, 2, 1, 2, 3, 2]","[0, 1, 2, 3, 6]","[5, 7, 9]","[4, 8]",5,3,2,106,221.22162910704503,False,2.1,1.26,0.84,560,560,560,0.546875,5664,0.0,,,,,,,,,,,,,,,,,,,,,,False,False,,,True
20260107_PPLN_1p5M,20260107_PPLN_1p5M,1p5M,"[1, 1, 1, 1, 3, 2, 1, 3, 2, 3]","[0, 1, 2, 3, 6]","[5, 8]","[4, 7, 9]",5,2,3,109,221.22162910704503,False,2.1,0.84,1.26,560,560,560,0.546875,5664,0.0,,,,,,,,,,,,,,,,,,,,,,False,False,,,True
20260107_PPLN_1p5M,20260107_PPLN_1p5M,1p5M,"[1, 1, 1, 1, 3, 2, 2, 3, 1, 3]","[0, 1, 2, 3, 8]","[5, 6]","[4, 7, 9]",5,2,3,120,221.22162910704503,False,2.1,0.84,1.26,560,560,560,0.546875,5664,0.0,,,,,,,,,,,,,,,,,,,,,,False,False,,,True
20260107_PPLN_1p5M,20260107_PPLN_1p5M,1p5M,"[1, 1, 1, 1, 3, 2, 2, 3, 2, 3]","[0, 1, 2, 3]","[5, 6, 8]","[4, 7, 9]",4,3,3,123,221.22162910704503,False,1.68,1.26,1.26,560,560,560,0.546875,5664,0.0,,,,,,,,,,,,,,,,,,,,,,False,False,,,True
20260107_PPLN_1p5M,20260107_PPLN_1p5M,1p5M,"[1, 1, 1, 1, 3, 2, 2, 3, 3, 3]","[0, 1, 2, 3]","[5, 6]","[4, 7, 8, 9]",4,2,4,126,221.22162910704503,False,1.68,0.84,1.68,560,560,560,0.546875,5664,0.0,,,,,,,,,,,,,,,,,,,,,,False,False,,,True
20260107_PPLN_1p5M,20260107_PPLN_1p5M,1p5M,"[1, 1, 1, 1, 3, 2, 3, 2, 1, 3]","[0, 1, 2, 3, 8]","[5, 7]","[4, 6, 9]",5,2,3,131,221.22162910704503,False,2.1,0.84,1.26,560,560,560,0.546875,5664,0.0,,,,,,,,,,,,,,,,,,,,,,False,False,,,True
20260107_PPLN_1p5M,20260107_PPLN_1p5M,1p5M,"[1, 1, 1, 1, 3, 2, 3, 2, 2, 3]","[0, 1, 2, 3]","[5, 7, 8]","[4, 6, 9]",4,3,3,134,221.22162910704503,False,1.68,1.26,1.26,560,560,560,0.546875,5664,0.0,,,,,,,,,,,,,,,,,,,,,,False,False,,,True
20260107_PPLN_1p5M,20260107_PPLN_1p5M,1p5M,"[1, 1, 1, 1, 3, 2, 3, 2, 3, 3]","[0, 1, 2, 3]","[5, 7]","[4, 6, 8, 9]",4,2,4,137,221.22162910704503,False,1.68,0.84,1.68,560,560,560,0.546875,5664,0.0,,,,,,,,,,,,,,,,,,,,,,False,False,,,True
20260107_PPLN_1p5M,20260107_PPLN_1p5M,1p5M,"[1, 1, 1, 1, 3, 3, 2, 2, 1, 2]","[0, 1, 2, 3, 8]","[6, 7, 9]","[4, 5]",5,3,2,150,221.22162910704503,False,2.1,1.26,0.84,560,560,560,0.546875,5664,0.0,,,,,,,,,,,,,,,,,,,,,,False,False,,,True
20260107_PPLN_1p5M,20260107_PPLN_1p5M,1p5M,"[1, 1, 1, 1, 3, 3, 2, 2, 2, 2]","[0, 1, 2, 3]","[6, 7, 8, 9]","[4, 5]",4,4,2,153,221.22162910704503,False,1.68,1.68,0.84,560,560,560,0.546875,5664,0.0,,,,,,,,,,,,,,,,,,,,,,False,False,,,True
20260107_PPLN_1p5M,20260107_PPLN_1p5M,1p5M,"[1, 1, 1, 1, 3, 3, 2, 2, 3, 2]","[0, 1, 2, 3]","[6, 7, 9]","[4, 5, 8]",4,3,3,156,221.22162910704503,False,1.68,1.26,1.26,560,560,560,0.546875,5664,0.0,,,,,,,,,,,,,,,,,,,,,,False,False,,,True
20260107_PPLN_1p5M,20260107_PPLN_1p5M,1p5M,"[1, 1, 1, 1, 3, 3, 3, 2, 1, 2]","[0, 1, 2, 3, 8]","[7, 9]","[4, 5, 6]",5,2,3,164,221.22162910704503,False,2.1,0.84,1.26,560,560,560,0.546875,5664,0.0,,,,,,,,,,,,,,,,,,,,,,False,False,,,True
20260107_PPLN_1p5M,20260107_PPLN_1p5M,1p5M,"[1, 1, 1, 2, 1, 1, 2, 3, 3, 2]","[0, 1, 2, 4, 5]","[3, 6, 9]","[7, 8]",5,3,2,172,221.22162910704503,False,2.1,1.26,0.84,560,560,560,0.546875,5664,0.0,,,,,,,,,,,,,,,,,,,,,,False,False,,,True
20260107_PPLN_1p5M,20260107_PPLN_1p5M,1p5M,"[1, 1, 1, 2, 1, 2, 3, 2, 1, 3]","[0, 1, 2, 4, 8]","[3, 5, 7]","[6, 9]",5,3,2,194,221.22162910704503,False,2.1,1.26,0.84,560,560,560,0.546875,5664,0.0,,,,,,,,,,,,,,,,,,,,,,False,False,,,True
20260107_PPLN_1p5M,20260107_PPLN_1p5M,1p5M,"[1, 1, 1, 2, 1, 2, 3, 2, 3, 2]","[0, 1, 2, 4]","[3, 5, 7, 9]","[6, 8]",4,4,2,197,221.22162910704503,False,1.68,1.68,0.84,560,560,560,0.546875,5664,0.0,,,,,,,,,,,,,,,,,,,,,,False,False,,,True
20260107_PPLN_1p5M,20260107_PPLN_1p5M,1p5M,"[1, 1, 1, 2, 1, 3, 2, 2, 1, 3]","[0, 1, 2, 4, 8]","[3, 6, 7]","[5, 9]",5,3,2,216,221.22162910704503,False,2.1,1.26,0.84,560,560,560,0.546875,5664,0.0,,,,,,,,,,,,,,,,,,,,,,False,False,,,True
20260107_PPLN_1p5M,20260107_PPLN_1p5M,1p5M,"[1, 1, 1, 2, 1, 3, 2, 2, 3, 2]","[0, 1, 2, 4]","[3, 6, 7, 9]","[5, 8]",4,4,2,219,221.22162910704503,False,1.68,1.68,0.84,560,560,560,0.546875,5664,0.0,,,,,,,,,,,,,,,,,,,,,,False,False,,,True
20260107_PPLN_1p5M,20260107_PPLN_1p5M,1p5M,"[1, 1, 1, 2, 1, 3, 3, 1, 2, 3]","[0, 1, 2, 4, 7]","[3, 8]","[5, 6, 9]",5,2,3,230,221.22162910704503,False,2.1,0.84,1.26,560,560,560,0.546875,5664,0.0,,,,,,,,,,,,,,,,,,,,,,False,False,,,True
20260107_PPLN_1p5M,20260107_PPLN_1p5M,1p5M,"[1, 1, 1, 2, 1, 3, 3, 3, 2, 1]","[0, 1, 2, 4, 9]","[3, 8]","[5, 6, 7]",5,2,3,241,221.22162910704503,False,2.1,0.84,1.26,560,560,560,0.546875,5664,0.0,,,,,,,,,,,,,,,,,,,,,,False,False,,,True
20260107_PPLN_1p5M,20260107_PPLN_1p5M,1p5M,"[1, 1, 1, 2, 2, 1, 2, 1, 3, 3]","[0, 1, 2, 5, 7]","[3, 4, 6]","[8, 9]",5,3,2,249,221.22162910704503,False,2.1,1.26,0.84,560,560,560,0.546875,5664,0.0,,,,,,,,,,,,,,,,,,,,,,False,False,,,True
20260107_PPLN_1p5M,20260107_PPLN_1p5M,1p5M,"[1, 1, 1, 2, 2, 1, 2, 3, 2, 3]","[0, 1, 2, 5]","[3, 4, 6, 8]","[7, 9]",4,4,2,252,221.22162910704503,False,1.68,1.68,0.84,560,560,560,0.546875,5664,0.0,,,,,,,,,,,,,,,,,,,,,,False,False,,,True
20260107_PPLN_1p5M,20260107_PPLN_1p5M,1p5M,"[1, 1, 1, 2, 2, 1, 2, 3, 3, 3]","[0, 1, 2, 5]","[3, 4, 6]","[7, 8, 9]",4,3,3,255,221.22162910704503,False,1.68,1.26,1.26,560,560,560,0.546875,5664,0.0,,,,,,,,,,,,,,,,,,,,,,False,False,,,True
20260107_PPLN_1p5M,20260107_PPLN_1p5M,1p5M,"[1, 1, 1, 2, 2, 3, 1, 1, 3, 3]","[0, 1, 2, 6, 7]","[3, 4]","[5, 8, 9]",5,2,3,307,221.22162910704503,False,2.1,0.84,1.26,560,560,560,0.546875,5664,0.0,,,,,,,,,,,,,,,,,,,,,,False,False,,,True
20260107_PPLN_1p5M,20260107_PPLN_1p5M,1p5M,"[1, 1, 1, 2, 2, 3, 1, 3, 2, 1]","[0, 1, 2, 6, 9]","[3, 4, 8]","[5, 7]",5,3,2,315,221.22162910704503,False,2.1,1.26,0.84,560,560,560,0.546875,5664,0.0,,,,,,,,,,,,,,,,,,,,,,False,False,,,True
20260107_PPLN_1p5M,20260107_PPLN_1p5M,1p5M,"[1, 1, 1, 2, 2, 3, 1, 3, 3, 1]","[0, 1, 2, 6, 9]","[3, 4]","[5, 7, 8]",5,2,3,318,221.22162910704503,False,2.1,0.84,1.26,560,560,560,0.546875,5664,0.0,,,,,,,,,,,,,,,,,,,,,,False,False,,,True
20260107_PPLN_1p5M,20260107_PPLN_1p5M,1p5M,"[1, 1, 1, 2, 2, 3, 3, 2, 1, 1]","[0, 1, 2, 8, 9]","[3, 4, 7]","[5, 6]",5,3,2,348,221.22162910704503,False,2.1,1.26,0.84,560,560,560,0.546875,5664,0.0,,,,,,,,,,,,,,,,,,,,,,False,False,,,True
20260107_PPLN_1p5M,20260107_PPLN_1p5M,1p5M,"[1, 1, 1, 2, 2, 3, 3, 2, 2, 1]","[0, 1, 2, 9]","[3, 4, 7, 8]","[5, 6]",4,4,2,351,221.22162910704503,False,1.68,1.68,0.84,560,560,560,0.546875,5664,0.0,,,,,,,,,,,,,,,,,,,,,,False,False,,,True
20260107_PPLN_1p5M,20260107_PPLN_1p5M,1p5M,"[1, 1, 1, 2, 2, 3, 3, 2, 3, 1]","[0, 1, 2, 9]","[3, 4, 7]","[5, 6, 8]",4,3,3,354,221.22162910704503,False,1.68,1.26,1.26,560,560,560,0.546875,5664,0.0,,,,,,,,,,,,,,,,,,,,,,False,False,,,True
20260107_PPLN_1p5M,20260107_PPLN_1p5M,1p5M,"[1, 1, 1, 2, 3, 2, 1, 1, 3, 3]","[0, 1, 2, 6, 7]","[3, 5]","[4, 8, 9]",5,2,3,406,221.22162910704503,False,2.1,0.84,1.26,560,560,560,0.546875,5664,0.0,,,,,,,,,,,,,,,,,,,,,,False,False,,,True
20260107_PPLN_1p5M,20260107_PPLN_1p5M,1p5M,"[1, 1, 1, 2, 3, 2, 1, 3, 2, 1]","[0, 1, 2, 6, 9]","[3, 5, 8]","[4, 7]",5,3,2,414,221.22162910704503,False,2.1,1.26,0.84,560,560,560,0.546875,5664,0.0,,,,,,,,,,,,,,,,,,,,,,False,False,,,True
20260107_PPLN_1p5M,20260107_PPLN_1p5M,1p5M,"[1, 1, 1, 2, 3, 2, 1, 3, 3, 1]","[0, 1, 2, 6, 9]","[3, 5]","[4, 7, 8]",5,2,3,417,221.22162910704503,False,2.1,0.84,1.26,560,560,560,0.546875,5664,0.0,,,,,,,,,,,,,,,,,,,,,,False,False,,,True
20260107_PPLN_1p5M,20260107_PPLN_1p5M,1p5M,"[1, 1, 1, 2, 3, 2, 3, 2, 1, 1]","[0, 1, 2, 8, 9]","[3, 5, 7]","[4, 6]",5,3,2,447,221.22162910704503,False,2.1,1.26,0.84,560,560,560,0.546875,5664,0.0,,,,,,,,,,,,,,,,,,,,,,False,False,,,True
20260107_PPLN_1p5M,20260107_PPLN_1p5M,1p5M,"[1, 1, 1, 2, 3, 2, 3, 2, 2, 1]","[0, 1, 2, 9]","[3, 5, 7, 8]","[4, 6]",4,4,2,450,221.22162910704503,False,1.68,1.68,0.84,560,560,560,0.546875,5664,0.0,,,,,,,,,,,,,,,,,,,,,,False,False,,,True
20260107_PPLN_1p5M,20260107_PPLN_1p5M,1p5M,"[1, 1, 1, 2, 3, 2, 3, 2, 3, 1]","[0, 1, 2, 9]","[3, 5, 7]","[4, 6, 8]",4,3,3,453,221.22162910704503,False,1.68,1.26,1.26,560,560,560,0.546875,5664,0.0,,,,,,,,,,,,,,,,,,,,,,False,False,,,True
20260107_PPLN_1p5M,20260107_PPLN_1p5M,1p5M,"[1, 1, 1, 2, 3, 3, 2, 3, 1, 3]","[0, 1, 2, 8]","[3, 6]","[4, 5, 7, 9]",4,2,4,500,221.22162910704503,False,1.68,0.84,1.68,560,560,560,0.546875,5664,0.0,,,,,,,,,,,,,,,,,,,,,,False,False,,,True
20260107_PPLN_1p5M,20260107_PPLN_1p5M,1p5M,"[1, 1, 1, 2, 3, 3, 2, 3, 2, 3]","[0, 1, 2]","[3, 6, 8]","[4, 5, 7, 9]",3,3,4,503,221.22162910704503,False,1.26,1.26,1.68,560,560,560,0.546875,5664,0.0,,,,,,,,,,,,,,,,,,,,,,False,False,,,True
20260107_PPLN_1p5M,20260107_PPLN_1p5M,1p5M,"[1, 1, 1, 2, 3, 3, 2, 3, 3, 3]","[0, 1, 2]","[3, 6]","[4, 5, 7, 8, 9]",3,2,5,506,221.22162910704503,False,1.26,0.84,2.1,560,560,560,0.546875,5664,0.0,,,,,,,,,,,,,,,,,,,,,,False,False,,,True
20260107_PPLN_1p5M,20260107_PPLN_1p5M,1p5M,"[1, 1, 1, 2, 3, 3, 3, 1, 3, 2]","[0, 1, 2, 7]","[3, 9]","[4, 5, 6, 8]",4,2,4,511,221.22162910704503,False,1.68,0.84,1.68,560,560,560,0.546875,5664,0.0,,,,,,,,,,,,,,,,,,,,,,False,False,,,True
20260107_PPLN_1p5M,20260107_PPLN_1p5M,1p5M,"[1, 1, 1, 2, 3, 3, 3, 3, 2, 1]","[0, 1, 2, 9]","[3, 8]","[4, 5, 6, 7]",4,2,4,522,221.22162910704503,False,1.68,0.84,1.68,560,560,560,0.546875,5664,0.0,,,,,,,,,,,,,,,,,,,,,,False,False,,,True
20260107_PPLN_1p5M,20260107_PPLN_1p5M,1p5M,"[1, 1, 1, 3, 1, 2, 1, 2, 3, 3]","[0, 1, 2, 4, 6]","[5, 7]","[3, 8, 9]",5,2,3,538,221.22162910704503,False,2.1,0.84,1.26,560,560,560,0.546875,5664,0.0,,,,,,,,,,,,,,,,,,,,,,False,False,,,True
20260107_PPLN_1p5M,20260107_PPLN_1p5M,1p5M,"[1, 1, 1, 3, 1, 2, 3, 1, 3, 2]","[0, 1, 2, 4, 7]","[5, 9]","[3, 6, 8]",5,2,3,560,221.22162910704503,False,2.1,0.84,1.26,560,560,560,0.546875,5664,0.0,,,,,,,,,,,,,,,,,,,,,,False,False,,,True
20260107_PPLN_1p5M,20260107_PPLN_1p5M,1p5M,"[1, 1, 1, 3, 1, 3, 2, 2, 1, 3]","[0, 1, 2, 4, 8]","[6, 7]","[3, 5, 9]",5,2,3,582,221.22162910704503,False,2.1,0.84,1.26,560,560,560,0.546875,5664,0.0,,,,,,,,,,,,,,,,,,,,,,False,False,,,True
20260107_PPLN_1p5M,20260107_PPLN_1p5M,1p5M,"[1, 1, 1, 3, 1, 3, 2, 2, 2, 3]","[0, 1, 2, 4]","[6, 7, 8]","[3, 5, 9]",4,3,3,585,221.22162910704503,False,1.68,1.26,1.26,560,560,560,0.546875,5664,0.0,,,,,,,,,,,,,,,,,,,,,,False,False,,,True
20260107_PPLN_1p5M,20260107_PPLN_1p5M,1p5M,"[1, 1, 1, 3, 1, 3, 2, 2, 3, 3]","[0, 1, 2, 4]","[6, 7]","[3, 5, 8, 9]",4,2,4,588,221.22162910704503,False,1.68,0.84,1.68,560,560,560,0.546875,5664,0.0,,,,,,,,,,,,,,,,,,,,,,False,False,,,True
20260107_PPLN_1p5M,20260107_PPLN_1p5M,1p5M,"[1, 1, 1, 3, 1, 3, 3, 2, 3, 2]","[0, 1, 2, 4]","[7, 9]","[3, 5, 6, 8]",4,2,4,599,221.22162910704503,False,1.68,0.84,1.68,560,560,560,0.546875,5664,0.0,,,,,,,,,,,,,,,,,,,,,,False,False,,,True
20260107_PPLN_1p5M,20260107_PPLN_1p5M,1p5M,"[1, 1, 1, 3, 2, 1, 1, 2, 2, 3]","[0, 1, 2, 5, 6]","[4, 7, 8]","[3, 9]",5,3,2,601,221.22162910704503,False,2.1,1.26,0.84,560,560,560,0.546875,5664,0.0,,,,,,,,,,,,,,,,,,,,,,False,False,,,True
20260107_PPLN_1p5M,20260107_PPLN_1p5M,1p5M,"[1, 1, 1, 3, 2, 1, 2, 2, 3, 1]","[0, 1, 2, 5, 9]","[4, 6, 7]","[3, 8]",5,3,2,612,221.22162910704503,False,2.1,1.26,0.84,560,560,560,0.546875,5664,0.0,,,,,,,,,,,,,,,,,,,,,,False,False,,,True
20260107_PPLN_1p5M,20260107_PPLN_1p5M,1p5M,"[1, 1, 1, 3, 2, 1, 3, 1, 2, 2]","[0, 1, 2, 5, 7]","[4, 8, 9]","[3, 6]",5,3,2,623,221.22162910704503,False,2.1,1.26,0.84,560,560,560,0.546875,5664,0.0,,,,,,,,,,,,,,,,,,,,,,False,False,,,True
20260107_PPLN_1p5M,20260107_PPLN_1p5M,1p5M,"[1, 1, 1, 3, 2, 2, 1, 3, 1, 3]","[0, 1, 2, 6, 8]","[4, 5]","[3, 7, 9]",5,2,3,648,221.22162910704503,False,2.1,0.84,1.26,560,560,560,0.546875,5664,0.0,,,,,,,,,,,,,,,,,,,,,,False,False,,,True
20260107_PPLN_1p5M,20260107_PPLN_1p5M,1p5M,"[1, 1, 1, 3, 2, 2, 1, 3, 2, 3]","[0, 1, 2, 6]","[4, 5, 8]","[3, 7, 9]",4,3,3,651,221.22162910704503,False,1.68,1.26,1.26,560,560,560,0.546875,5664,0.0,,,,,,,,,,,,,,,,,,,,,,False,False,,,True
20260107_PPLN_1p5M,20260107_PPLN_1p5M,1p5M,"[1, 1, 1, 3, 2, 2, 1, 3, 3, 3]","[0, 1, 2, 6]","[4, 5]","[3, 7, 8, 9]",4,2,4,654,221.22162910704503,False,1.68,0.84,1.68,560,560,560,0.546875,5664,0.0,,,,,,,,,,,,,,,,,,,,,,False,False,,,True
20260107_PPLN_1p5M,20260107_PPLN_1p5M,1p5M,"[1, 1, 1, 3, 2, 2, 3, 2, 1, 3]","[0, 1, 2, 8]","[4, 5, 7]","[3, 6, 9]",4,3,3,684,221.22162910704503,False,1.68,1.26,1.26,560,560,560,0.546875,5664,0.0,,,,,,,,,,,,,,,,,,,,,,False,False,,,True
20260107_PPLN_1p5M,20260107_PPLN_1p5M,1p5M,"[1, 1, 1, 3, 2, 2, 3, 2, 2, 3]","[0, 1, 2]","[4, 5, 7, 8]","[3, 6, 9]",3,4,3,687,221.22162910704503,False,1.26,1.68,1.26,560,560,560,0.546875,5664,0.0,,,,,,,,,,,,,,,,,,,,,,False,False,,,True
20260107_PPLN_1p5M,20260107_PPLN_1p5M,1p5M,"[1, 1, 1, 3, 2, 2, 3, 2, 3, 3]","[0, 1, 2]","[4, 5, 7]","[3, 6, 8, 9]",3,3,4,690,221.22162910704503,False,1.26,1.26,1.68,560,560,560,0.546875,5664,0.0,,,,,,,,,,,,,,,,,,,,,,False,False,,,True
20260107_PPLN_1p5M,20260107_PPLN_1p5M,1p5M,"[1, 1, 1, 3, 2, 3, 1, 1, 2, 2]","[0, 1, 2, 6, 7]","[4, 8, 9]","[3, 5]",5,3,2,700,221.22162910704503,False,2.1,1.26,0.84,560,560,560,0.546875,5664,0.0,,,,,,,,,,,,,,,,,,,,,,False,False,,,True
20260107_PPLN_1p5M,20260107_PPLN_1p5M,1p5M,"[1, 1, 1, 3, 2, 3, 2, 2, 1, 2]","[0, 1, 2, 8]","[4, 6, 7, 9]","[3, 5]",4,4,2,725,221.22162910704503,False,1.68,1.68,0.84,560,560,560,0.546875,5664,0.0,,,,,,,,,,,,,,,,,,,,,,False,False,,,True
20260107_PPLN_1p5M,20260107_PPLN_1p5M,1p5M,"[1, 1, 1, 3, 2, 3, 2, 2, 2, 2]","[0, 1, 2]","[4, 6, 7, 8, 9]","[3, 5]",3,5,2,728,221.22162910704503,False,1.26,2.1,0.84,560,560,560,0.546875,5664,0.0,,,,,,,,,,,,,,,,,,,,,,False,False,,,True
20260107_PPLN_1p5M,20260107_PPLN_1p5M,1p5M,"[1, 1, 1, 3, 2, 3, 2, 2, 3, 2]","[0, 1, 2]","[4, 6, 7, 9]","[3, 5, 8]",3,4,3,731,221.22162910704503,False,1.26,1.68,1.26,560,560,560,0.546875,5664,0.0,,,,,,,,,,,,,,,,,,,,,,False,False,,,True
20260107_PPLN_1p5M,20260107_PPLN_1p5M,1p5M,"[1, 1, 1, 3, 2, 3, 3, 2, 1, 1]","[0, 1, 2, 8, 9]","[4, 7]","[3, 5, 6]",5,2,3,747,221.22162910704503,False,2.1,0.84,1.26,560,560,560,0.546875,5664,0.0,,,,,,,,,,,,,,,,,,,,,,False,False,,,True
20260107_PPLN_1p5M,20260107_PPLN_1p5M,1p5M,"[1, 1, 1, 3, 2, 3, 3, 2, 2, 1]","[0, 1, 2, 9]","[4, 7, 8]","[3, 5, 6]",4,3,3,750,221.22162910704503,False,1.68,1.26,1.26,560,560,560,0.546875,5664,0.0,,,,,,,,,,,,,,,,,,,,,,False,False,,,True
20260107_PPLN_1p5M,20260107_PPLN_1p5M,1p5M,"[1, 1, 1, 3, 2, 3, 3, 2, 3, 1]","[0, 1, 2, 9]","[4, 7]","[3, 5, 6, 8]",4,2,4,753,221.22162910704503,False,1.68,0.84,1.68,560,560,560,0.546875,5664,0.0,,,,,,,,,,,,,,,,,,,,,,False,False,,,True
20260107_PPLN_1p5M,20260107_PPLN_1p5M,1p5M,"[1, 1, 1, 3, 2, 3, 3, 3, 2, 3]","[0, 1, 2]","[4, 8]","[3, 5, 6, 7, 9]",3,2,5,759,221.22162910704503,False,1.26,0.84,2.1,560,560,560,0.546875,5664,0.0,,,,,,,,,,,,,,,,,,,,,,False,False,,,True
20260107_PPLN_1p5M,20260107_PPLN_1p5M,1p5M,"[1, 1, 1, 3, 3, 1, 2, 2, 1, 3]","[0, 1, 2, 5, 8]","[6, 7]","[3, 4, 9]",5,2,3,769,221.22162910704503,False,2.1,0.84,1.26,560,560,560,0.546875,5664,0.0,,,,,,,,,,,,,,,,,,,,,,False,False,,,True
20260107_PPLN_1p5M,20260107_PPLN_1p5M,1p5M,"[1, 1, 1, 3, 3, 1, 2, 2, 2, 3]","[0, 1, 2, 5]","[6, 7, 8]","[3, 4, 9]",4,3,3,772,221.22162910704503,False,1.68,1.26,1.26,560,560,560,0.546875,5664,0.0,,,,,,,,,,,,,,,,,,,,,,False,False,,,True
20260107_PPLN_1p5M,20260107_PPLN_1p5M,1p5M,"[1, 1, 1, 3, 3, 1, 2, 2, 3, 3]","[0, 1, 2, 5]","[6, 7]","[3, 4, 8, 9]",4,2,4,775,221.22162910704503,False,1.68,0.84,1.68,560,560,560,0.546875,5664,0.0,,,,,,,,,,,,,,,,,,,,,,False,False,,,True
20260107_PPLN_1p5M,20260107_PPLN_1p5M,1p5M,"[1, 1, 1, 3, 3, 1, 3, 2, 3, 2]","[0, 1, 2, 5]","[7, 9]","[3, 4, 6, 8]",4,2,4,786,221.22162910704503,False,1.68,0.84,1.68,560,560,560,0.546875,5664,0.0,,,,,,,,,,,,,,,,,,,,,,False,False,,,True
20260107_PPLN_1p5M,20260107_PPLN_1p5M,1p5M,"[1, 1, 1, 3, 3, 2, 1, 1, 2, 2]","[0, 1, 2, 6, 7]","[5, 8, 9]","[3, 4]",5,3,2,788,221.22162910704503,False,2.1,1.26,0.84,560,560,560,0.546875,5664,0.0,,,,,,,,,,,,,,,,,,,,,,False,False,,,True
20260107_PPLN_1p5M,20260107_PPLN_1p5M,1p5M,"[1, 1, 1, 3, 3, 2, 2, 2, 1, 2]","[0, 1, 2, 8]","[5, 6, 7, 9]","[3, 4]",4,4,2,813,221.22162910704503,False,1.68,1.68,0.84,560,560,560,0.546875,5664,0.0,,,,,,,,,,,,,,,,,,,,,,False,False,,,True
20260107_PPLN_1p5M,20260107_PPLN_1p5M,1p5M,"[1, 1, 1, 3, 3, 2, 2, 2, 2, 2]","[0, 1, 2]","[5, 6, 7, 8, 9]","[3, 4]",3,5,2,816,221.22162910704503,False,1.26,2.1,0.84,560,560,560,0.546875,5664,0.0,,,,,,,,,,,,,,,,,,,,,,False,False,,,True
20260107_PPLN_1p5M,20260107_PPLN_1p5M,1p5M,"[1, 1, 1, 3, 3, 2, 2, 2, 3, 2]","[0, 1, 2]","[5, 6, 7, 9]","[3, 4, 8]",3,4,3,819,221.22162910704503,False,1.26,1.68,1.26,560,560,560,0.546875,5664,0.0,,,,,,,,,,,,,,,,,,,,,,False,False,,,True
20260107_PPLN_1p5M,20260107_PPLN_1p5M,1p5M,"[1, 1, 1, 3, 3, 2, 3, 2, 1, 1]","[0, 1, 2, 8, 9]","[5, 7]","[3, 4, 6]",5,2,3,835,221.22162910704503,False,2.1,0.84,1.26,560,560,560,0.546875,5664,0.0,,,,,,,,,,,,,,,,,,,,,,False,False,,,True
20260107_PPLN_1p5M,20260107_PPLN_1p5M,1p5M,"[1, 1, 1, 3, 3, 2, 3, 2, 2, 1]","[0, 1, 2, 9]","[5, 7, 8]","[3, 4, 6]",4,3,3,838,221.22162910704503,False,1.68,1.26,1.26,560,560,560,0.546875,5664,0.0,,,,,,,,,,,,,,,,,,,,,,False,False,,,True
20260107_PPLN_1p5M,20260107_PPLN_1p5M,1p5M,"[1, 1, 1, 3, 3, 2, 3, 2, 3, 1]","[0, 1, 2, 9]","[5, 7]","[3, 4, 6, 8]",4,2,4,841,221.22162910704503,False,1.68,0.84,1.68,560,560,560,0.546875,5664,0.0,,,,,,,,,,,,,,,,,,,,,,False,False,,,True
20260107_PPLN_1p5M,20260107_PPLN_1p5M,1p5M,"[1, 1, 1, 3, 3, 2, 3, 3, 2, 3]","[0, 1, 2]","[5, 8]","[3, 4, 6, 7, 9]",3,2,5,847,221.22162910704503,False,1.26,0.84,2.1,560,560,560,0.546875,5664,0.0,,,,,,,,,,,,,,,,,,,,,,False,False,,,True
20260107_PPLN_1p5M,20260107_PPLN_1p5M,1p5M,"[1, 1, 1, 3, 3, 3, 2, 1, 2, 1]","[0, 1, 2, 7, 9]","[6, 8]","[3, 4, 5]",5,2,3,857,221.22162910704503,False,2.1,0.84,1.26,560,560,560,0.546875,5664,0.0,,,,,,,,,,,,,,,,,,,,,,False,False,,,True
20260107_PPLN_1p5M,20260107_PPLN_1p5M,1p5M,"[1, 1, 1, 3, 3, 3, 2, 2, 1, 3]","[0, 1, 2, 8]","[6, 7]","[3, 4, 5, 9]",4,2,4,863,221.22162910704503,False,1.68,0.84,1.68,560,560,560,0.546875,5664,0.0,,,,,,,,,,,,,,,,,,,,,,False,False,,,True
20260107_PPLN_1p5M,20260107_PPLN_1p5M,1p5M,"[1, 1, 1, 3, 3, 3, 2, 2, 2, 3]","[0, 1, 2]","[6, 7, 8]","[3, 4, 5, 9]",3,3,4,866,221.22162910704503,False,1.26,1.26,1.68,560,560,560,0.546875,5664,0.0,,,,,,,,,,,,,,,,,,,,,,False,False,,,True
20260107_PPLN_1p5M,20260107_PPLN_1p5M,1p5M,"[1, 1, 1, 3, 3, 3, 2, 2, 3, 3]","[0, 1, 2]","[6, 7]","[3, 4, 5, 8, 9]",3,2,5,869,221.22162910704503,False,1.26,0.84,2.1,560,560,560,0.546875,5664,0.0,,,,,,,,,,,,,,,,,,,,,,False,False,,,True
20260107_PPLN_1p5M,20260107_PPLN_1p5M,1p5M,"[1, 1, 1, 3, 3, 3, 3, 2, 3, 2]","[0, 1, 2]","[7, 9]","[3, 4, 5, 6, 8]",3,2,5,880,221.22162910704503,False,1.26,0.84,2.1,560,560,560,0.546875,5664,0.0,,,,,,,,,,,,,,,,,,,,,,False,False,,,True
20260107_PPLN_1p5M,20260107_PPLN_1p5M,1p5M,"[1, 1, 2, 1, 1, 1, 3, 2, 3, 2]","[0, 1, 3, 4, 5]","[2, 7, 9]","[6, 8]",5,3,2,887,221.22162910704503,False,2.1,1.26,0.84,560,560,560,0.546875,5664,0.0,,,,,,,,,,,,,,,,,,,,,,False,False,,,True
20260107_PPLN_1p5M,20260107_PPLN_1p5M,1p5M,"[1, 1, 2, 1, 1, 1, 3, 3, 2, 3]","[0, 1, 3, 4, 5]","[2, 8]","[6, 7, 9]",5,2,3,890,221.22162910704503,False,2.1,0.84,1.26,560,560,560,0.546875,5664,0.0,,,,,,,,,,,,,,,,,,,,,,False,False,,,True
20260107_PPLN_1p5M,20260107_PPLN_1p5M,1p5M,"[1, 1, 2, 1, 1, 2, 2, 3, 1, 3]","[0, 1, 3, 4, 8]","[2, 5, 6]","[7, 9]",5,3,2,898,221.22162910704503,False,2.1,1.26,0.84,560,560,560,0.546875,5664,0.0,,,,,,,,,,,,,,,,,,,,,,False,False,,,True
20260107_PPLN_1p5M,20260107_PPLN_1p5M,1p5M,"[1, 1, 2, 1, 1, 2, 2, 3, 3, 2]","[0, 1, 3, 4]","[2, 5, 6, 9]","[7, 8]",4,4,2,901,221.22162910704503,False,1.68,1.68,0.84,560,560,560,0.546875,5664,0.0,,,,,,,,,,,,,,,,,,,,,,False,False,,,True
20260107_PPLN_1p5M,20260107_PPLN_1p5M,1p5M,"[1, 1, 2, 1, 1, 2, 3, 3, 1, 3]","[0, 1, 3, 4, 8]","[2, 5]","[6, 7, 9]",5,2,3,912,221.22162910704503,False,2.1,0.84,1.26,560,560,560,0.546875,5664,0.0,,,,,,,,,,,,,,,,,,,,,,False,False,,,True
20260107_PPLN_1p5M,20260107_PPLN_1p5M,1p5M,"[1, 1, 2, 1, 1, 2, 3, 3, 2, 3]","[0, 1, 3, 4]","[2, 5, 8]","[6, 7, 9]",4,3,3,915,221.22162910704503,False,1.68,1.26,1.26,560,560,560,0.546875,5664,0.0,,,,,,,,,,,,,,,,,,,,,,False,False,,,True
20260107_PPLN_1p5M,20260107_PPLN_1p5M,1p5M,"[1, 1, 2, 1, 1, 2, 3, 3, 3, 3]","[0, 1, 3, 4]","[2, 5]","[6, 7, 8, 9]",4,2,4,918,221.22162910704503,False,1.68,0.84,1.68,560,560,560,0.546875,5664,0.0,,,,,,,,,,,,,,,,,,,,,,False,False,,,True
20260107_PPLN_1p5M,20260107_PPLN_1p5M,1p5M,"[1, 1, 2, 1, 1, 3, 1, 2, 3, 2]","[0, 1, 3, 4, 6]","[2, 7, 9]","[5, 8]",5,3,2,920,221.22162910704503,False,2.1,1.26,0.84,560,560,560,0.546875,5664,0.0,,,,,,,,,,,,,,,,,,,,,,False,False,,,True
20260107_PPLN_1p5M,20260107_PPLN_1p5M,1p5M,"[1, 1, 2, 1, 1, 3, 1, 3, 2, 3]","[0, 1, 3, 4, 6]","[2, 8]","[5, 7, 9]",5,2,3,923,221.22162910704503,False,2.1,0.84,1.26,560,560,560,0.546875,5664,0.0,,,,,,,,,,,,,,,,,,,,,,False,False,,,True
20260107_PPLN_1p5M,20260107_PPLN_1p5M,1p5M,"[1, 1, 2, 1, 1, 3, 2, 3, 1, 3]","[0, 1, 3, 4, 8]","[2, 6]","[5, 7, 9]",5,2,3,934,221.22162910704503,False,2.1,0.84,1.26,560,560,560,0.546875,5664,0.0,,,,,,,,,,,,,,,,,,,,,,False,False,,,True
20260107_PPLN_1p5M,20260107_PPLN_1p5M,1p5M,"[1, 1, 2, 1, 1, 3, 2, 3, 2, 3]","[0, 1, 3, 4]","[2, 6, 8]","[5, 7, 9]",4,3,3,937,221.22162910704503,False,1.68,1.26,1.26,560,560,560,0.546875,5664,0.0,,,,,,,,,,,,,,,,,,,,,,False,False,,,True
20260107_PPLN_1p5M,20260107_PPLN_1p5M,1p5M,"[1, 1, 2, 1, 1, 3, 2, 3, 3, 3]","[0, 1, 3, 4]","[2, 6]","[5, 7, 8, 9]",4,2,4,940,221.22162910704503,False,1.68,0.84,1.68,560,560,560,0.546875,5664,0.0,,,,,,,,,,,,,,,,,,,,,,False,False,,,True
20260107_PPLN_1p5M,20260107_PPLN_1p5M,1p5M,"[1, 1, 2, 1, 1, 3, 3, 2, 1, 3]","[0, 1, 3, 4, 8]","[2, 7]","[5, 6, 9]",5,2,3,945,221.22162910704503,False,2.1,0.84,1.26,560,560,560,0.546875,5664,0.0,,,,,,,,,,,,,,,,,,,,,,False,False,,,True
20260107_PPLN_1p5M,20260107_PPLN_1p5M,1p5M,"[1, 1, 2, 1, 1, 3, 3, 2, 2, 3]","[0, 1, 3, 4]","[2, 7, 8]","[5, 6, 9]",4,3,3,948,221.22162910704503,False,1.68,1.26,1.26,560,560,560,0.546875,5664,0.0,,,,,,,,,,,,,,,,,,,,,,False,False,,,True
20260107_PPLN_1p5M,20260107_PPLN_1p5M,1p5M,"[1, 1, 2, 1, 1, 3, 3, 2, 3, 3]","[0, 1, 3, 4]","[2, 7]","[5, 6, 8, 9]",4,2,4,951,221.22162910704503,False,1.68,0.84,1.68,560,560,560,0.546875,5664,0.0,,,,,,,,,,,,,,,,,,,,,,False,False,,,True
20260107_PPLN_1p5M,20260107_PPLN_1p5M,1p5M,"[1, 1, 2, 1, 2, 2, 1, 3, 1, 3]","[0, 1, 3, 6, 8]","[2, 4, 5]","[7, 9]",5,3,2,986,221.22162910704503,False,2.1,1.26,0.84,560,560,560,0.546875,5664,0.0,,,,,,,,,,,,,,,,,,,,,,False,False,,,True
20260107_PPLN_1p5M,20260107_PPLN_1p5M,1p5M,"[1, 1, 2, 1, 2, 2, 1, 3, 3, 2]","[0, 1, 3, 6]","[2, 4, 5, 9]","[7, 8]",4,4,2,989,221.22162910704503,False,1.68,1.68,0.84,560,560,560,0.546875,5664,0.0,,,,,,,,,,,,,,,,,,,,,,False,False,,,True
20260107_PPLN_1p5M,20260107_PPLN_1p5M,1p5M,"[1, 1, 2, 1, 2, 2, 2, 2, 3, 3]","[0, 1, 3]","[2, 4, 5, 6, 7]","[8, 9]",3,5,2,992,221.22162910704503,False,1.26,2.1,0.84,560,560,560,0.546875,5664,0.0,,,,,,,,,,,,,,,,,,,,,,False,False,,,True
20260107_PPLN_1p5M,20260107_PPLN_1p5M,1p5M,"[1, 1, 2, 1, 2, 2, 3, 3, 1, 1]","[0, 1, 3, 8, 9]","[2, 4, 5]","[6, 7]",5,3,2,1008,221.22162910704503,False,2.1,1.26,0.84,560,560,560,0.546875,5664,0.0,,,,,,,,,,,,,,,,,,,,,,False,False,,,True
20260107_PPLN_1p5M,20260107_PPLN_1p5M,1p5M,"[1, 1, 2, 1, 2, 2, 3, 3, 2, 1]","[0, 1, 3, 9]","[2, 4, 5, 8]","[6, 7]",4,4,2,1011,221.22162910704503,False,1.68,1.68,0.84,560,560,560,0.546875,5664,0.0,,,,,,,,,,,,,,,,,,,,,,False,False,,,True
20260107_PPLN_1p5M,20260107_PPLN_1p5M,1p5M,"[1, 1, 2, 1, 2, 2, 3, 3, 3, 1]","[0, 1, 3, 9]","[2, 4, 5]","[6, 7, 8]",4,3,3,1014,221.22162910704503,False,1.68,1.26,1.26,560,560,560,0.546875,5664,0.0,,,,,,,,,,,,,,,,,,,,,,False,False,,,True
20260107_PPLN_1p5M,20260107_PPLN_1p5M,1p5M,"[1, 1, 2, 1, 2, 3, 2, 3, 1, 2]","[0, 1, 3, 8]","[2, 4, 6, 9]","[5, 7]",4,4,2,1044,221.22162910704503,False,1.68,1.68,0.84,560,560,560,0.546875,5664,0.0,,,,,,,,,,,,,,,,,,,,,,False,False,,,True
20260107_PPLN_1p5M,20260107_PPLN_1p5M,1p5M,"[1, 1, 2, 1, 2, 3, 2, 3, 2, 2]","[0, 1, 3]","[2, 4, 6, 8, 9]","[5, 7]",3,5,2,1047,221.22162910704503,False,1.26,2.1,0.84,560,560,560,0.546875,5664,0.0,,,,,,,,,,,,,,,,,,,,,,False,False,,,True
20260107_PPLN_1p5M,20260107_PPLN_1p5M,1p5M,"[1, 1, 2, 1, 2, 3, 2, 3, 3, 2]","[0, 1, 3]","[2, 4, 6, 9]","[5, 7, 8]",3,4,3,1050,221.22162910704503,False,1.26,1.68,1.26,560,560,560,0.546875,5664,0.0,,,,,,,,,,,,,,,,,,,,,,False,False,,,True
20260107_PPLN_1p5M,20260107_PPLN_1p5M,1p5M,"[1, 1, 2, 1, 2, 3, 3, 1, 1, 2]","[0, 1, 3, 7, 8]","[2, 4, 9]","[5, 6]",5,3,2,1052,221.22162910704503,False,2.1,1.26,0.84,560,560,560,0.546875,5664,0.0,,,,,,,,,,,,,,,,,,,,,,False,False,,,True
20260107_PPLN_1p5M,20260107_PPLN_1p5M,1p5M,"[1, 1, 2, 1, 2, 3, 3, 1, 2, 2]","[0, 1, 3, 7]","[2, 4, 8, 9]","[5, 6]",4,4,2,1055,221.22162910704503,False,1.68,1.68,0.84,560,560,560,0.546875,5664,0.0,,,,,,,,,,,,,,,,,,,,,,False,False,,,True
20260107_PPLN_1p5M,20260107_PPLN_1p5M,1p5M,"[1, 1, 2, 1, 2, 3, 3, 1, 3, 2]","[0, 1, 3, 7]","[2, 4, 9]","[5, 6, 8]",4,3,3,1058,221.22162910704503,False,1.68,1.26,1.26,560,560,560,0.546875,5664,0.0,,,,,,,,,,,,,,,,,,,,,,False,False,,,True
20260107_PPLN_1p5M,20260107_PPLN_1p5M,1p5M,"[1, 1, 2, 1, 3, 1, 2, 1, 3, 2]","[0, 1, 3, 5, 7]","[2, 6, 9]","[4, 8]",5,3,2,1085,221.22162910704503,False,2.1,1.26,0.84,560,560,560,0.546875,5664,0.0,,,,,,,,,,,,,,,,,,,,,,False,False,,,True
20260107_PPLN_1p5M,20260107_PPLN_1p5M,1p5M,"[1, 1, 2, 1, 3, 1, 2, 2, 2, 3]","[0, 1, 3, 5]","[2, 6, 7, 8]","[4, 9]",4,4,2,1088,221.22162910704503,False,1.68,1.68,0.84,560,560,560,0.546875,5664,0.0,,,,,,,,,,,,,,,,,,,,,,False,False,,,True
20260107_PPLN_1p5M,20260107_PPLN_1p5M,1p5M,"[1, 1, 2, 1, 3, 1, 2, 2, 3, 3]","[0, 1, 3, 5]","[2, 6, 7]","[4, 8, 9]",4,3,3,1091,221.22162910704503,False,1.68,1.26,1.26,560,560,560,0.546875,5664,0.0,,,,,,,,,,,,,,,,,,,,,,False,False,,,True
20260107_PPLN_1p5M,20260107_PPLN_1p5M,1p5M,"[1, 1, 2, 1, 3, 1, 3, 3, 2, 2]","[0, 1, 3, 5]","[2, 8, 9]","[4, 6, 7]",4,3,3,1113,221.22162910704503,False,1.68,1.26,1.26,560,560,560,0.546875,5664,0.0,,,,,,,,,,,,,,,,,,,,,,False,False,,,True
20260107_PPLN_1p5M,20260107_PPLN_1p5M,1p5M,"[1, 1, 2, 1, 3, 2, 2, 3, 1, 2]","[0, 1, 3, 8]","[2, 5, 6, 9]","[4, 7]",4,4,2,1143,221.22162910704503,False,1.68,1.68,0.84,560,560,560,0.546875,5664,0.0,,,,,,,,,,,,,,,,,,,,,,False,False,,,True
20260107_PPLN_1p5M,20260107_PPLN_1p5M,1p5M,"[1, 1, 2, 1, 3, 2, 2, 3, 2, 2]","[0, 1, 3]","[2, 5, 6, 8, 9]","[4, 7]",3,5,2,1146,221.22162910704503,False,1.26,2.1,0.84,560,560,560,0.546875,5664,0.0,,,,,,,,,,,,,,,,,,,,,,False,False,,,True
20260107_PPLN_1p5M,20260107_PPLN_1p5M,1p5M,"[1, 1, 2, 1, 3, 2, 2, 3, 3, 2]","[0, 1, 3]","[2, 5, 6, 9]","[4, 7, 8]",3,4,3,1149,221.22162910704503,False,1.26,1.68,1.26,560,560,560,0.546875,5664,0.0,,,,,,,,,,,,,,,,,,,,,,False,False,,,True
20260107_PPLN_1p5M,20260107_PPLN_1p5M,1p5M,"[1, 1, 2, 1, 3, 2, 3, 1, 1, 2]","[0, 1, 3, 7, 8]","[2, 5, 9]","[4, 6]",5,3,2,1151,221.22162910704503,False,2.1,1.26,0.84,560,560,560,0.546875,5664,0.0,,,,,,,,,,,,,,,,,,,,,,False,False,,,True
20260107_PPLN_1p5M,20260107_PPLN_1p5M,1p5M,"[1, 1, 2, 1, 3, 2, 3, 1, 2, 2]","[0, 1, 3, 7]","[2, 5, 8, 9]","[4, 6]",4,4,2,1154,221.22162910704503,False,1.68,1.68,0.84,560,560,560,0.546875,5664,0.0,,,,,,,,,,,,,,,,,,,,,,False,False,,,True
20260107_PPLN_1p5M,20260107_PPLN_1p5M,1p5M,"[1, 1, 2, 1, 3, 2, 3, 1, 3, 2]","[0, 1, 3, 7]","[2, 5, 9]","[4, 6, 8]",4,3,3,1157,221.22162910704503,False,1.68,1.26,1.26,560,560,560,0.546875,5664,0.0,,,,,,,,,,,,,,,,,,,,,,False,False,,,True
20260107_PPLN_1p5M,20260107_PPLN_1p5M,1p5M,"[1, 1, 2, 1, 3, 3, 1, 3, 2, 2]","[0, 1, 3, 6]","[2, 8, 9]","[4, 5, 7]",4,3,3,1190,221.22162910704503,False,1.68,1.26,1.26,560,560,560,0.546875,5664,0.0,,,,,,,,,,,,,,,,,,,,,,False,False,,,True
20260107_PPLN_1p5M,20260107_PPLN_1p5M,1p5M,"[1, 1, 2, 1, 3, 3, 2, 1, 2, 1]","[0, 1, 3, 7, 9]","[2, 6, 8]","[4, 5]",5,3,2,1195,221.22162910704503,False,2.1,1.26,0.84,560,560,560,0.546875,5664,0.0,,,,,,,,,,,,,,,,,,,,,,False,False,,,True
20260107_PPLN_1p5M,20260107_PPLN_1p5M,1p5M,"[1, 1, 2, 1, 3, 3, 2, 1, 3, 1]","[0, 1, 3, 7, 9]","[2, 6]","[4, 5, 8]",5,2,3,1198,221.22162910704503,False,2.1,0.84,1.26,560,560,560,0.546875,5664,0.0,,,,,,,,,,,,,,,,,,,,,,False,False,,,True
20260107_PPLN_1p5M,20260107_PPLN_1p5M,1p5M,"[1, 1, 2, 1, 3, 3, 3, 1, 2, 1]","[0, 1, 3, 7, 9]","[2, 8]","[4, 5, 6]",5,2,3,1220,221.22162910704503,False,2.1,0.84,1.26,560,560,560,0.546875,5664,0.0,,,,,,,,,,,,,,,,,,,,,,False,False,,,True
20260107_PPLN_1p5M,20260107_PPLN_1p5M,1p5M,"[1, 1, 2, 1, 3, 3, 3, 2, 1, 3]","[0, 1, 3, 8]","[2, 7]","[4, 5, 6, 9]",4,2,4,1226,221.22162910704503,False,1.68,0.84,1.68,560,560,560,0.546875,5664,0.0,,,,,,,,,,,,,,,,,,,,,,False,False,,,True
20260107_PPLN_1p5M,20260107_PPLN_1p5M,1p5M,"[1, 1, 2, 1, 3, 3, 3, 2, 2, 3]","[0, 1, 3]","[2, 7, 8]","[4, 5, 6, 9]",3,3,4,1229,221.22162910704503,False,1.26,1.26,1.68,560,560,560,0.546875,5664,0.0,,,,,,,,,,,,,,,,,,,,,,False,False,,,True
20260107_PPLN_1p5M,20260107_PPLN_1p5M,1p5M,"[1, 1, 2, 1, 3, 3, 3, 2, 3, 3]","[0, 1, 3]","[2, 7]","[4, 5, 6, 8, 9]",3,2,5,1232,221.22162910704503,False,1.26,0.84,2.1,560,560,560,0.546875,5664,0.0,,,,,,,,,,,,,,,,,,,,,,False,False,,,True
20260107_PPLN_1p5M,20260107_PPLN_1p5M,1p5M,"[1, 1, 2, 2, 1, 1, 1, 3, 2, 3]","[0, 1, 4, 5, 6]","[2, 3, 8]","[7, 9]",5,3,2,1239,221.22162910704503,False,2.1,1.26,0.84,560,560,560,0.546875,5664,0.0,,,,,,,,,,,,,,,,,,,,,,False,False,,,True
20260107_PPLN_1p5M,20260107_PPLN_1p5M,1p5M,"[1, 1, 2, 2, 1, 1, 3, 1, 3, 2]","[0, 1, 4, 5, 7]","[2, 3, 9]","[6, 8]",5,3,2,1250,221.22162910704503,False,2.1,1.26,0.84,560,560,560,0.546875,5664,0.0,,,,,,,,,,,,,,,,,,,,,,False,False,,,True
20260107_PPLN_1p5M,20260107_PPLN_1p5M,1p5M,"[1, 1, 2, 2, 1, 1, 3, 2, 2, 3]","[0, 1, 4, 5]","[2, 3, 7, 8]","[6, 9]",4,4,2,1253,221.22162910704503,False,1.68,1.68,0.84,560,560,560,0.546875,5664,0.0,,,,,,,,,,,,,,,,,,,,,,False,False,,,True
20260107_PPLN_1p5M,20260107_PPLN_1p5M,1p5M,"[1, 1, 2, 2, 1, 1, 3, 2, 3, 3]","[0, 1, 4, 5]","[2, 3, 7]","[6, 8, 9]",4,3,3,1256,221.22162910704503,False,1.68,1.26,1.26,560,560,560,0.546875,5664,0.0,,,,,,,,,,,,,,,,,,,,,,False,False,,,True
20260107_PPLN_1p5M,20260107_PPLN_1p5M,1p5M,"[1, 1, 2, 2, 1, 2, 3, 2, 3, 1]","[0, 1, 4, 9]","[2, 3, 5, 7]","[6, 8]",4,4,2,1286,221.22162910704503,False,1.68,1.68,0.84,560,560,560,0.546875,5664,0.0,,,,,,,,,,,,,,,,,,,,,,False,False,,,True
20260107_PPLN_1p5M,20260107_PPLN_1p5M,1p5M,"[1, 1, 2, 2, 1, 3, 2, 1, 3, 1]","[0, 1, 4, 7, 9]","[2, 3, 6]","[5, 8]",5,3,2,1316,221.22162910704503,False,2.1,1.26,0.84,560,560,560,0.546875,5664,0.0,,,,,,,,,,,,,,,,,,,,,,False,False,,,True
20260107_PPLN_1p5M,20260107_PPLN_1p5M,1p5M,"[1, 1, 2, 2, 1, 3, 2, 2, 1, 3]","[0, 1, 4, 8]","[2, 3, 6, 7]","[5, 9]",4,4,2,1319,221.22162910704503,False,1.68,1.68,0.84,560,560,560,0.546875,5664,0.0,,,,,,,,,,,,,,,,,,,,,,False,False,,,True
20260107_PPLN_1p5M,20260107_PPLN_1p5M,1p5M,"[1, 1, 2, 2, 1, 3, 2, 2, 3, 2]","[0, 1, 4]","[2, 3, 6, 7, 9]","[5, 8]",3,5,2,1322,221.22162910704503,False,1.26,2.1,0.84,560,560,560,0.546875,5664,0.0,,,,,,,,,,,,,,,,,,,,,,False,False,,,True
20260107_PPLN_1p5M,20260107_PPLN_1p5M,1p5M,"[1, 1, 2, 2, 2, 1, 3, 1, 2, 3]","[0, 1, 5, 7]","[2, 3, 4, 8]","[6, 9]",4,4,2,1374,221.22162910704503,False,1.68,1.68,0.84,560,560,560,0.546875,5664,0.0,,,,,,,,,,,,,,,,,,,,,,False,False,,,True
20260107_PPLN_1p5M,20260107_PPLN_1p5M,1p5M,"[1, 1, 2, 2, 2, 1, 3, 1, 3, 3]","[0, 1, 5, 7]","[2, 3, 4]","[6, 8, 9]",4,3,3,1377,221.22162910704503,False,1.68,1.26,1.26,560,560,560,0.546875,5664,0.0,,,,,,,,,,,,,,,,,,,,,,False,False,,,True
20260107_PPLN_1p5M,20260107_PPLN_1p5M,1p5M,"[1, 1, 2, 2, 2, 2, 1, 3, 3, 1]","[0, 1, 6, 9]","[2, 3, 4, 5]","[7, 8]",4,4,2,1396,221.22162910704503,False,1.68,1.68,0.84,560,560,560,0.546875,5664,0.0,,,,,,,,,,,,,,,,,,,,,,False,False,,,True
20260107_PPLN_1p5M,20260107_PPLN_1p5M,1p5M,"[1, 1, 2, 2, 2, 2, 2, 1, 3, 3]","[0, 1, 7]","[2, 3, 4, 5, 6]","[8, 9]",3,5,2,1399,221.22162910704503,False,1.26,2.1,0.84,560,560,560,0.546875,5664,0.0,,,,,,,,,,,,,,,,,,,,,,False,False,,,True
20260107_PPLN_1p5M,20260107_PPLN_1p5M,1p5M,"[1, 1, 2, 2, 2, 2, 3, 3, 1, 3]","[0, 1, 8]","[2, 3, 4, 5]","[6, 7, 9]",3,4,3,1413,221.22162910704503,False,1.26,1.68,1.26,560,560,560,0.546875,5664,0.0,,,,,,,,,,,,,,,,,,,,,,False,False,,,True
20260107_PPLN_1p5M,20260107_PPLN_1p5M,1p5M,"[1, 1, 2, 2, 2, 3, 2, 1, 3, 1]","[0, 1, 7, 9]","[2, 3, 4, 6]","[5, 8]",4,4,2,1440,221.22162910704503,False,1.68,1.68,0.84,560,560,560,0.546875,5664,0.0,,,,,,,,,,,,,,,,,,,,,,False,False,,,True
20260107_PPLN_1p5M,20260107_PPLN_1p5M,1p5M,"[1, 1, 2, 2, 2, 3, 2, 2, 1, 3]","[0, 1, 8]","[2, 3, 4, 6, 7]","[5, 9]",3,5,2,1443,221.22162910704503,False,1.26,2.1,0.84,560,560,560,0.546875,5664,0.0,,,,,,,,,,,,,,,,,,,,,,False,False,,,True
20260107_PPLN_1p5M,20260107_PPLN_1p5M,1p5M,"[1, 1, 2, 2, 2, 3, 3, 2, 3, 1]","[0, 1, 9]","[2, 3, 4, 7]","[5, 6, 8]",3,4,3,1468,221.22162910704503,False,1.26,1.68,1.26,560,560,560,0.546875,5664,0.0,,,,,,,,,,,,,,,,,,,,,,False,False,,,True
20260123_2M_1p2M_0dB,20260123_2M_1p2M_0dB,2M,"[1, 1, 1, 1, 1, 2, 3, 3, 2, 2]","[0, 1, 2, 3, 4]","[5, 8, 9]","[6, 7]",5,3,2,7,356.2247890262444,False,2.1,1.26,0.84,560,560,560,0.546875,5664,0.0,4.482263017006962,2.335597987448099,1.5722784388793833,8.390139443334444,0.0,1194,1037,1047,11239,1.166015625,0.004515582244398075,0.0,0.595001220703125,0.595001220703125,True,True,True,True,7.110277844458679,8.390139443334444,0.004515582244398075,True,True,V69_STILL_HEAVY,new_representation,True
20260123_2M_1p2M_0dB,20260123_2M_1p2M_0dB,2M,"[1, 1, 1, 1, 2, 2, 3, 1, 3, 3]","[0, 1, 2, 3, 7]","[4, 5]","[6, 8, 9]",5,2,3,43,356.2247890262444,False,2.1,0.84,1.26,560,560,560,0.546875,5664,0.0,,,,,,,,,,,,,,,,,,,,,,False,False,,,True
20260123_2M_1p2M_0dB,20260123_2M_1p2M_0dB,2M,"[1, 1, 1, 1, 2, 2, 3, 3, 2, 1]","[0, 1, 2, 3, 9]","[4, 5, 8]","[6, 7]",5,3,2,51,356.2247890262444,False,2.1,1.26,0.84,560,560,560,0.546875,5664,0.0,,,,,,,,,,,,,,,,,,,,,,False,False,,,True
20260123_2M_1p2M_0dB,20260123_2M_1p2M_0dB,2M,"[1, 1, 1, 1, 2, 2, 3, 3, 3, 1]","[0, 1, 2, 3, 9]","[4, 5]","[6, 7, 8]",5,2,3,54,356.2247890262444,False,2.1,0.84,1.26,560,560,560,0.546875,5664,0.0,,,,,,,,,,,,,,,,,,,,,,False,False,,,True
20260123_2M_1p2M_0dB,20260123_2M_1p2M_0dB,2M,"[1, 1, 1, 1, 2, 3, 2, 1, 3, 3]","[0, 1, 2, 3, 7]","[4, 6]","[5, 8, 9]",5,2,3,65,356.2247890262444,False,2.1,0.84,1.26,560,560,560,0.546875,5664,0.0,,,,,,,,,,,,,,,,,,,,,,False,False,,,True
20260123_2M_1p2M_0dB,20260123_2M_1p2M_0dB,2M,"[1, 1, 1, 1, 2, 3, 2, 3, 2, 1]","[0, 1, 2, 3, 9]","[4, 6, 8]","[5, 7]",5,3,2,73,356.2247890262444,False,2.1,1.26,0.84,560,560,560,0.546875,5664,0.0,,,,,,,,,,,,,,,,,,,,,,False,False,,,True
20260123_2M_1p2M_0dB,20260123_2M_1p2M_0dB,2M,"[1, 1, 1, 1, 2, 3, 2, 3, 3, 1]","[0, 1, 2, 3, 9]","[4, 6]","[5, 7, 8]",5,2,3,76,356.2247890262444,False,2.1,0.84,1.26,560,560,560,0.546875,5664,0.0,,,,,,,,,,,,,,,,,,,,,,False,False,,,True
20260123_2M_1p2M_0dB,20260123_2M_1p2M_0dB,2M,"[1, 1, 1, 1, 2, 3, 3, 2, 2, 1]","[0, 1, 2, 3, 9]","[4, 7, 8]","[5, 6]",5,3,2,84,356.2247890262444,False,2.1,1.26,0.84,560,560,560,0.546875,5664,0.0,,,,,,,,,,,,,,,,,,,,,,False,False,,,True
20260123_2M_1p2M_0dB,20260123_2M_1p2M_0dB,2M,"[1, 1, 1, 1, 2, 3, 3, 2, 3, 1]","[0, 1, 2, 3, 9]","[4, 7]","[5, 6, 8]",5,2,3,87,356.2247890262444,False,2.1,0.84,1.26,560,560,560,0.546875,5664,0.0,,,,,,,,,,,,,,,,,,,,,,False,False,,,True
20260123_2M_1p2M_0dB,20260123_2M_1p2M_0dB,2M,"[1, 1, 1, 1, 2, 3, 3, 3, 2, 3]","[0, 1, 2, 3]","[4, 8]","[5, 6, 7, 9]",4,2,4,93,356.2247890262444,False,1.68,0.84,1.68,560,560,560,0.546875,5664,0.0,,,,,,,,,,,,,,,,,,,,,,False,False,,,True
20260123_2M_1p2M_0dB,20260123_2M_1p2M_0dB,2M,"[1, 1, 1, 1, 3, 1, 2, 2, 2, 3]","[0, 1, 2, 3, 5]","[6, 7, 8]","[4, 9]",5,3,2,95,356.2247890262444,False,2.1,1.26,0.84,560,560,560,0.546875,5664,0.0,,,,,,,,,,,,,,,,,,,,,,False,False,,,True
20260123_2M_1p2M_0dB,20260123_2M_1p2M_0dB,2M,"[1, 1, 1, 1, 3, 2, 1, 2, 3, 2]","[0, 1, 2, 3, 6]","[5, 7, 9]","[4, 8]",5,3,2,106,356.2247890262444,False,2.1,1.26,0.84,560,560,560,0.546875,5664,0.0,,,,,,,,,,,,,,,,,,,,,,False,False,,,True
20260123_2M_1p2M_0dB,20260123_2M_1p2M_0dB,2M,"[1, 1, 1, 1, 3, 2, 1, 3, 2, 3]","[0, 1, 2, 3, 6]","[5, 8]","[4, 7, 9]",5,2,3,109,356.2247890262444,False,2.1,0.84,1.26,560,560,560,0.546875,5664,0.0,,,,,,,,,,,,,,,,,,,,,,False,False,,,True
20260123_2M_1p2M_0dB,20260123_2M_1p2M_0dB,2M,"[1, 1, 1, 1, 3, 2, 2, 3, 1, 3]","[0, 1, 2, 3, 8]","[5, 6]","[4, 7, 9]",5,2,3,120,356.2247890262444,False,2.1,0.84,1.26,560,560,560,0.546875,5664,0.0,,,,,,,,,,,,,,,,,,,,,,False,False,,,True
20260123_2M_1p2M_0dB,20260123_2M_1p2M_0dB,2M,"[1, 1, 1, 1, 3, 2, 2, 3, 2, 3]","[0, 1, 2, 3]","[5, 6, 8]","[4, 7, 9]",4,3,3,123,356.2247890262444,False,1.68,1.26,1.26,560,560,560,0.546875,5664,0.0,,,,,,,,,,,,,,,,,,,,,,False,False,,,True
20260123_2M_1p2M_0dB,20260123_2M_1p2M_0dB,2M,"[1, 1, 1, 1, 3, 2, 2, 3, 3, 3]","[0, 1, 2, 3]","[5, 6]","[4, 7, 8, 9]",4,2,4,126,356.2247890262444,False,1.68,0.84,1.68,560,560,560,0.546875,5664,0.0,,,,,,,,,,,,,,,,,,,,,,False,False,,,True
20260123_2M_1p2M_0dB,20260123_2M_1p2M_0dB,2M,"[1, 1, 1, 1, 3, 2, 3, 2, 1, 3]","[0, 1, 2, 3, 8]","[5, 7]","[4, 6, 9]",5,2,3,131,356.2247890262444,False,2.1,0.84,1.26,560,560,560,0.546875,5664,0.0,,,,,,,,,,,,,,,,,,,,,,False,False,,,True
20260123_2M_1p2M_0dB,20260123_2M_1p2M_0dB,2M,"[1, 1, 1, 1, 3, 2, 3, 2, 2, 3]","[0, 1, 2, 3]","[5, 7, 8]","[4, 6, 9]",4,3,3,134,356.2247890262444,False,1.68,1.26,1.26,560,560,560,0.546875,5664,0.0,,,,,,,,,,,,,,,,,,,,,,False,False,,,True
20260123_2M_1p2M_0dB,20260123_2M_1p2M_0dB,2M,"[1, 1, 1, 1, 3, 2, 3, 2, 3, 3]","[0, 1, 2, 3]","[5, 7]","[4, 6, 8, 9]",4,2,4,137,356.2247890262444,False,1.68,0.84,1.68,560,560,560,0.546875,5664,0.0,,,,,,,,,,,,,,,,,,,,,,False,False,,,True
20260123_2M_1p2M_0dB,20260123_2M_1p2M_0dB,2M,"[1, 1, 1, 1, 3, 3, 2, 2, 1, 2]","[0, 1, 2, 3, 8]","[6, 7, 9]","[4, 5]",5,3,2,150,356.2247890262444,False,2.1,1.26,0.84,560,560,560,0.546875,5664,0.0,,,,,,,,,,,,,,,,,,,,,,False,False,,,True
20260123_2M_1p2M_0dB,20260123_2M_1p2M_0dB,2M,"[1, 1, 1, 1, 3, 3, 2, 2, 2, 2]","[0, 1, 2, 3]","[6, 7, 8, 9]","[4, 5]",4,4,2,153,356.2247890262444,False,1.68,1.68,0.84,560,560,560,0.546875,5664,0.0,,,,,,,,,,,,,,,,,,,,,,False,False,,,True
20260123_2M_1p2M_0dB,20260123_2M_1p2M_0dB,2M,"[1, 1, 1, 1, 3, 3, 2, 2, 3, 2]","[0, 1, 2, 3]","[6, 7, 9]","[4, 5, 8]",4,3,3,156,356.2247890262444,False,1.68,1.26,1.26,560,560,560,0.546875,5664,0.0,,,,,,,,,,,,,,,,,,,,,,False,False,,,True
20260123_2M_1p2M_0dB,20260123_2M_1p2M_0dB,2M,"[1, 1, 1, 1, 3, 3, 3, 2, 1, 2]","[0, 1, 2, 3, 8]","[7, 9]","[4, 5, 6]",5,2,3,164,356.2247890262444,False,2.1,0.84,1.26,560,560,560,0.546875,5664,0.0,,,,,,,,,,,,,,,,,,,,,,False,False,,,True
20260123_2M_1p2M_0dB,20260123_2M_1p2M_0dB,2M,"[1, 1, 1, 2, 1, 1, 2, 3, 3, 2]","[0, 1, 2, 4, 5]","[3, 6, 9]","[7, 8]",5,3,2,172,356.2247890262444,False,2.1,1.26,0.84,560,560,560,0.546875,5664,0.0,,,,,,,,,,,,,,,,,,,,,,False,False,,,True
20260123_2M_1p2M_0dB,20260123_2M_1p2M_0dB,2M,"[1, 1, 1, 2, 1, 2, 3, 2, 1, 3]","[0, 1, 2, 4, 8]","[3, 5, 7]","[6, 9]",5,3,2,194,356.2247890262444,False,2.1,1.26,0.84,560,560,560,0.546875,5664,0.0,,,,,,,,,,,,,,,,,,,,,,False,False,,,True
20260123_2M_1p2M_0dB,20260123_2M_1p2M_0dB,2M,"[1, 1, 1, 2, 1, 2, 3, 2, 3, 2]","[0, 1, 2, 4]","[3, 5, 7, 9]","[6, 8]",4,4,2,197,356.2247890262444,False,1.68,1.68,0.84,560,560,560,0.546875,5664,0.0,,,,,,,,,,,,,,,,,,,,,,False,False,,,True
20260123_2M_1p2M_0dB,20260123_2M_1p2M_0dB,2M,"[1, 1, 1, 2, 1, 3, 2, 2, 1, 3]","[0, 1, 2, 4, 8]","[3, 6, 7]","[5, 9]",5,3,2,216,356.2247890262444,False,2.1,1.26,0.84,560,560,560,0.546875,5664,0.0,,,,,,,,,,,,,,,,,,,,,,False,False,,,True
20260123_2M_1p2M_0dB,20260123_2M_1p2M_0dB,2M,"[1, 1, 1, 2, 1, 3, 2, 2, 3, 2]","[0, 1, 2, 4]","[3, 6, 7, 9]","[5, 8]",4,4,2,219,356.2247890262444,False,1.68,1.68,0.84,560,560,560,0.546875,5664,0.0,,,,,,,,,,,,,,,,,,,,,,False,False,,,True
20260123_2M_1p2M_0dB,20260123_2M_1p2M_0dB,2M,"[1, 1, 1, 2, 1, 3, 3, 1, 2, 3]","[0, 1, 2, 4, 7]","[3, 8]","[5, 6, 9]",5,2,3,230,356.2247890262444,False,2.1,0.84,1.26,560,560,560,0.546875,5664,0.0,,,,,,,,,,,,,,,,,,,,,,False,False,,,True
20260123_2M_1p2M_0dB,20260123_2M_1p2M_0dB,2M,"[1, 1, 1, 2, 1, 3, 3, 3, 2, 1]","[0, 1, 2, 4, 9]","[3, 8]","[5, 6, 7]",5,2,3,241,356.2247890262444,False,2.1,0.84,1.26,560,560,560,0.546875,5664,0.0,,,,,,,,,,,,,,,,,,,,,,False,False,,,True
20260123_2M_1p2M_0dB,20260123_2M_1p2M_0dB,2M,"[1, 1, 1, 2, 2, 1, 2, 1, 3, 3]","[0, 1, 2, 5, 7]","[3, 4, 6]","[8, 9]",5,3,2,249,356.2247890262444,False,2.1,1.26,0.84,560,560,560,0.546875,5664,0.0,,,,,,,,,,,,,,,,,,,,,,False,False,,,True
20260123_2M_1p2M_0dB,20260123_2M_1p2M_0dB,2M,"[1, 1, 1, 2, 2, 1, 2, 3, 2, 3]","[0, 1, 2, 5]","[3, 4, 6, 8]","[7, 9]",4,4,2,252,356.2247890262444,False,1.68,1.68,0.84,560,560,560,0.546875,5664,0.0,,,,,,,,,,,,,,,,,,,,,,False,False,,,True
20260123_2M_1p2M_0dB,20260123_2M_1p2M_0dB,2M,"[1, 1, 1, 2, 2, 1, 2, 3, 3, 3]","[0, 1, 2, 5]","[3, 4, 6]","[7, 8, 9]",4,3,3,255,356.2247890262444,False,1.68,1.26,1.26,560,560,560,0.546875,5664,0.0,,,,,,,,,,,,,,,,,,,,,,False,False,,,True
20260123_2M_1p2M_0dB,20260123_2M_1p2M_0dB,2M,"[1, 1, 1, 2, 2, 3, 1, 1, 3, 3]","[0, 1, 2, 6, 7]","[3, 4]","[5, 8, 9]",5,2,3,307,356.2247890262444,False,2.1,0.84,1.26,560,560,560,0.546875,5664,0.0,,,,,,,,,,,,,,,,,,,,,,False,False,,,True
20260123_2M_1p2M_0dB,20260123_2M_1p2M_0dB,2M,"[1, 1, 1, 2, 2, 3, 1, 3, 2, 1]","[0, 1, 2, 6, 9]","[3, 4, 8]","[5, 7]",5,3,2,315,356.2247890262444,False,2.1,1.26,0.84,560,560,560,0.546875,5664,0.0,,,,,,,,,,,,,,,,,,,,,,False,False,,,True
20260123_2M_1p2M_0dB,20260123_2M_1p2M_0dB,2M,"[1, 1, 1, 2, 2, 3, 1, 3, 3, 1]","[0, 1, 2, 6, 9]","[3, 4]","[5, 7, 8]",5,2,3,318,356.2247890262444,False,2.1,0.84,1.26,560,560,560,0.546875,5664,0.0,,,,,,,,,,,,,,,,,,,,,,False,False,,,True
20260123_2M_1p2M_0dB,20260123_2M_1p2M_0dB,2M,"[1, 1, 1, 2, 2, 3, 3, 2, 1, 1]","[0, 1, 2, 8, 9]","[3, 4, 7]","[5, 6]",5,3,2,348,356.2247890262444,False,2.1,1.26,0.84,560,560,560,0.546875,5664,0.0,,,,,,,,,,,,,,,,,,,,,,False,False,,,True
20260123_2M_1p2M_0dB,20260123_2M_1p2M_0dB,2M,"[1, 1, 1, 2, 2, 3, 3, 2, 2, 1]","[0, 1, 2, 9]","[3, 4, 7, 8]","[5, 6]",4,4,2,351,356.2247890262444,False,1.68,1.68,0.84,560,560,560,0.546875,5664,0.0,,,,,,,,,,,,,,,,,,,,,,False,False,,,True
20260123_2M_1p2M_0dB,20260123_2M_1p2M_0dB,2M,"[1, 1, 1, 2, 2, 3, 3, 2, 3, 1]","[0, 1, 2, 9]","[3, 4, 7]","[5, 6, 8]",4,3,3,354,356.2247890262444,False,1.68,1.26,1.26,560,560,560,0.546875,5664,0.0,,,,,,,,,,,,,,,,,,,,,,False,False,,,True
20260123_2M_1p2M_0dB,20260123_2M_1p2M_0dB,2M,"[1, 1, 1, 2, 3, 2, 1, 1, 3, 3]","[0, 1, 2, 6, 7]","[3, 5]","[4, 8, 9]",5,2,3,406,356.2247890262444,False,2.1,0.84,1.26,560,560,560,0.546875,5664,0.0,,,,,,,,,,,,,,,,,,,,,,False,False,,,True
20260123_2M_1p2M_0dB,20260123_2M_1p2M_0dB,2M,"[1, 1, 1, 2, 3, 2, 1, 3, 2, 1]","[0, 1, 2, 6, 9]","[3, 5, 8]","[4, 7]",5,3,2,414,356.2247890262444,False,2.1,1.26,0.84,560,560,560,0.546875,5664,0.0,,,,,,,,,,,,,,,,,,,,,,False,False,,,True
20260123_2M_1p2M_0dB,20260123_2M_1p2M_0dB,2M,"[1, 1, 1, 2, 3, 2, 1, 3, 3, 1]","[0, 1, 2, 6, 9]","[3, 5]","[4, 7, 8]",5,2,3,417,356.2247890262444,False,2.1,0.84,1.26,560,560,560,0.546875,5664,0.0,,,,,,,,,,,,,,,,,,,,,,False,False,,,True
20260123_2M_1p2M_0dB,20260123_2M_1p2M_0dB,2M,"[1, 1, 1, 2, 3, 2, 3, 2, 1, 1]","[0, 1, 2, 8, 9]","[3, 5, 7]","[4, 6]",5,3,2,447,356.2247890262444,False,2.1,1.26,0.84,560,560,560,0.546875,5664,0.0,,,,,,,,,,,,,,,,,,,,,,False,False,,,True
20260123_2M_1p2M_0dB,20260123_2M_1p2M_0dB,2M,"[1, 1, 1, 2, 3, 2, 3, 2, 2, 1]","[0, 1, 2, 9]","[3, 5, 7, 8]","[4, 6]",4,4,2,450,356.2247890262444,False,1.68,1.68,0.84,560,560,560,0.546875,5664,0.0,,,,,,,,,,,,,,,,,,,,,,False,False,,,True
20260123_2M_1p2M_0dB,20260123_2M_1p2M_0dB,2M,"[1, 1, 1, 2, 3, 2, 3, 2, 3, 1]","[0, 1, 2, 9]","[3, 5, 7]","[4, 6, 8]",4,3,3,453,356.2247890262444,False,1.68,1.26,1.26,560,560,560,0.546875,5664,0.0,,,,,,,,,,,,,,,,,,,,,,False,False,,,True
20260123_2M_1p2M_0dB,20260123_2M_1p2M_0dB,2M,"[1, 1, 1, 2, 3, 3, 2, 3, 1, 3]","[0, 1, 2, 8]","[3, 6]","[4, 5, 7, 9]",4,2,4,500,356.2247890262444,False,1.68,0.84,1.68,560,560,560,0.546875,5664,0.0,,,,,,,,,,,,,,,,,,,,,,False,False,,,True
20260123_2M_1p2M_0dB,20260123_2M_1p2M_0dB,2M,"[1, 1, 1, 2, 3, 3, 2, 3, 2, 3]","[0, 1, 2]","[3, 6, 8]","[4, 5, 7, 9]",3,3,4,503,356.2247890262444,False,1.26,1.26,1.68,560,560,560,0.546875,5664,0.0,,,,,,,,,,,,,,,,,,,,,,False,False,,,True
20260123_2M_1p2M_0dB,20260123_2M_1p2M_0dB,2M,"[1, 1, 1, 2, 3, 3, 2, 3, 3, 3]","[0, 1, 2]","[3, 6]","[4, 5, 7, 8, 9]",3,2,5,506,356.2247890262444,False,1.26,0.84,2.1,560,560,560,0.546875,5664,0.0,,,,,,,,,,,,,,,,,,,,,,False,False,,,True
20260123_2M_1p2M_0dB,20260123_2M_1p2M_0dB,2M,"[1, 1, 1, 2, 3, 3, 3, 1, 3, 2]","[0, 1, 2, 7]","[3, 9]","[4, 5, 6, 8]",4,2,4,511,356.2247890262444,False,1.68,0.84,1.68,560,560,560,0.546875,5664,0.0,,,,,,,,,,,,,,,,,,,,,,False,False,,,True
20260123_2M_1p2M_0dB,20260123_2M_1p2M_0dB,2M,"[1, 1, 1, 2, 3, 3, 3, 3, 2, 1]","[0, 1, 2, 9]","[3, 8]","[4, 5, 6, 7]",4,2,4,522,356.2247890262444,False,1.68,0.84,1.68,560,560,560,0.546875,5664,0.0,,,,,,,,,,,,,,,,,,,,,,False,False,,,True
20260123_2M_1p2M_0dB,20260123_2M_1p2M_0dB,2M,"[1, 1, 1, 3, 1, 2, 1, 2, 3, 3]","[0, 1, 2, 4, 6]","[5, 7]","[3, 8, 9]",5,2,3,538,356.2247890262444,False,2.1,0.84,1.26,560,560,560,0.546875,5664,0.0,,,,,,,,,,,,,,,,,,,,,,False,False,,,True
20260123_2M_1p2M_0dB,20260123_2M_1p2M_0dB,2M,"[1, 1, 1, 3, 1, 2, 3, 1, 3, 2]","[0, 1, 2, 4, 7]","[5, 9]","[3, 6, 8]",5,2,3,560,356.2247890262444,False,2.1,0.84,1.26,560,560,560,0.546875,5664,0.0,,,,,,,,,,,,,,,,,,,,,,False,False,,,True
20260123_2M_1p2M_0dB,20260123_2M_1p2M_0dB,2M,"[1, 1, 1, 3, 1, 3, 2, 2, 1, 3]","[0, 1, 2, 4, 8]","[6, 7]","[3, 5, 9]",5,2,3,582,356.2247890262444,False,2.1,0.84,1.26,560,560,560,0.546875,5664,0.0,,,,,,,,,,,,,,,,,,,,,,False,False,,,True
20260123_2M_1p2M_0dB,20260123_2M_1p2M_0dB,2M,"[1, 1, 1, 3, 1, 3, 2, 2, 2, 3]","[0, 1, 2, 4]","[6, 7, 8]","[3, 5, 9]",4,3,3,585,356.2247890262444,False,1.68,1.26,1.26,560,560,560,0.546875,5664,0.0,,,,,,,,,,,,,,,,,,,,,,False,False,,,True
20260123_2M_1p2M_0dB,20260123_2M_1p2M_0dB,2M,"[1, 1, 1, 3, 1, 3, 2, 2, 3, 3]","[0, 1, 2, 4]","[6, 7]","[3, 5, 8, 9]",4,2,4,588,356.2247890262444,False,1.68,0.84,1.68,560,560,560,0.546875,5664,0.0,,,,,,,,,,,,,,,,,,,,,,False,False,,,True
20260123_2M_1p2M_0dB,20260123_2M_1p2M_0dB,2M,"[1, 1, 1, 3, 1, 3, 3, 2, 3, 2]","[0, 1, 2, 4]","[7, 9]","[3, 5, 6, 8]",4,2,4,599,356.2247890262444,False,1.68,0.84,1.68,560,560,560,0.546875,5664,0.0,,,,,,,,,,,,,,,,,,,,,,False,False,,,True
20260123_2M_1p2M_0dB,20260123_2M_1p2M_0dB,2M,"[1, 1, 1, 3, 2, 1, 1, 2, 2, 3]","[0, 1, 2, 5, 6]","[4, 7, 8]","[3, 9]",5,3,2,601,356.2247890262444,False,2.1,1.26,0.84,560,560,560,0.546875,5664,0.0,,,,,,,,,,,,,,,,,,,,,,False,False,,,True
20260123_2M_1p2M_0dB,20260123_2M_1p2M_0dB,2M,"[1, 1, 1, 3, 2, 1, 2, 2, 3, 1]","[0, 1, 2, 5, 9]","[4, 6, 7]","[3, 8]",5,3,2,612,356.2247890262444,False,2.1,1.26,0.84,560,560,560,0.546875,5664,0.0,,,,,,,,,,,,,,,,,,,,,,False,False,,,True
20260123_2M_1p2M_0dB,20260123_2M_1p2M_0dB,2M,"[1, 1, 1, 3, 2, 1, 3, 1, 2, 2]","[0, 1, 2, 5, 7]","[4, 8, 9]","[3, 6]",5,3,2,623,356.2247890262444,False,2.1,1.26,0.84,560,560,560,0.546875,5664,0.0,,,,,,,,,,,,,,,,,,,,,,False,False,,,True
20260123_2M_1p2M_0dB,20260123_2M_1p2M_0dB,2M,"[1, 1, 1, 3, 2, 2, 1, 3, 1, 3]","[0, 1, 2, 6, 8]","[4, 5]","[3, 7, 9]",5,2,3,648,356.2247890262444,False,2.1,0.84,1.26,560,560,560,0.546875,5664,0.0,,,,,,,,,,,,,,,,,,,,,,False,False,,,True
20260123_2M_1p2M_0dB,20260123_2M_1p2M_0dB,2M,"[1, 1, 1, 3, 2, 2, 1, 3, 2, 3]","[0, 1, 2, 6]","[4, 5, 8]","[3, 7, 9]",4,3,3,651,356.2247890262444,False,1.68,1.26,1.26,560,560,560,0.546875,5664,0.0,,,,,,,,,,,,,,,,,,,,,,False,False,,,True
20260123_2M_1p2M_0dB,20260123_2M_1p2M_0dB,2M,"[1, 1, 1, 3, 2, 2, 1, 3, 3, 3]","[0, 1, 2, 6]","[4, 5]","[3, 7, 8, 9]",4,2,4,654,356.2247890262444,False,1.68,0.84,1.68,560,560,560,0.546875,5664,0.0,,,,,,,,,,,,,,,,,,,,,,False,False,,,True
20260123_2M_1p2M_0dB,20260123_2M_1p2M_0dB,2M,"[1, 1, 1, 3, 2, 2, 3, 2, 1, 3]","[0, 1, 2, 8]","[4, 5, 7]","[3, 6, 9]",4,3,3,684,356.2247890262444,False,1.68,1.26,1.26,560,560,560,0.546875,5664,0.0,,,,,,,,,,,,,,,,,,,,,,False,False,,,True
20260123_2M_1p2M_0dB,20260123_2M_1p2M_0dB,2M,"[1, 1, 1, 3, 2, 2, 3, 2, 2, 3]","[0, 1, 2]","[4, 5, 7, 8]","[3, 6, 9]",3,4,3,687,356.2247890262444,False,1.26,1.68,1.26,560,560,560,0.546875,5664,0.0,,,,,,,,,,,,,,,,,,,,,,False,False,,,True
20260123_2M_1p2M_0dB,20260123_2M_1p2M_0dB,2M,"[1, 1, 1, 3, 2, 2, 3, 2, 3, 3]","[0, 1, 2]","[4, 5, 7]","[3, 6, 8, 9]",3,3,4,690,356.2247890262444,False,1.26,1.26,1.68,560,560,560,0.546875,5664,0.0,,,,,,,,,,,,,,,,,,,,,,False,False,,,True
20260123_2M_1p2M_0dB,20260123_2M_1p2M_0dB,2M,"[1, 1, 1, 3, 2, 3, 1, 1, 2, 2]","[0, 1, 2, 6, 7]","[4, 8, 9]","[3, 5]",5,3,2,700,356.2247890262444,False,2.1,1.26,0.84,560,560,560,0.546875,5664,0.0,,,,,,,,,,,,,,,,,,,,,,False,False,,,True
20260123_2M_1p2M_0dB,20260123_2M_1p2M_0dB,2M,"[1, 1, 1, 3, 2, 3, 2, 2, 1, 2]","[0, 1, 2, 8]","[4, 6, 7, 9]","[3, 5]",4,4,2,725,356.2247890262444,False,1.68,1.68,0.84,560,560,560,0.546875,5664,0.0,,,,,,,,,,,,,,,,,,,,,,False,False,,,True
20260123_2M_1p2M_0dB,20260123_2M_1p2M_0dB,2M,"[1, 1, 1, 3, 2, 3, 2, 2, 2, 2]","[0, 1, 2]","[4, 6, 7, 8, 9]","[3, 5]",3,5,2,728,356.2247890262444,False,1.26,2.1,0.84,560,560,560,0.546875,5664,0.0,,,,,,,,,,,,,,,,,,,,,,False,False,,,True
20260123_2M_1p2M_0dB,20260123_2M_1p2M_0dB,2M,"[1, 1, 1, 3, 2, 3, 2, 2, 3, 2]","[0, 1, 2]","[4, 6, 7, 9]","[3, 5, 8]",3,4,3,731,356.2247890262444,False,1.26,1.68,1.26,560,560,560,0.546875,5664,0.0,,,,,,,,,,,,,,,,,,,,,,False,False,,,True
20260123_2M_1p2M_0dB,20260123_2M_1p2M_0dB,2M,"[1, 1, 1, 3, 2, 3, 3, 2, 1, 1]","[0, 1, 2, 8, 9]","[4, 7]","[3, 5, 6]",5,2,3,747,356.2247890262444,False,2.1,0.84,1.26,560,560,560,0.546875,5664,0.0,,,,,,,,,,,,,,,,,,,,,,False,False,,,True
20260123_2M_1p2M_0dB,20260123_2M_1p2M_0dB,2M,"[1, 1, 1, 3, 2, 3, 3, 2, 2, 1]","[0, 1, 2, 9]","[4, 7, 8]","[3, 5, 6]",4,3,3,750,356.2247890262444,False,1.68,1.26,1.26,560,560,560,0.546875,5664,0.0,,,,,,,,,,,,,,,,,,,,,,False,False,,,True
20260123_2M_1p2M_0dB,20260123_2M_1p2M_0dB,2M,"[1, 1, 1, 3, 2, 3, 3, 2, 3, 1]","[0, 1, 2, 9]","[4, 7]","[3, 5, 6, 8]",4,2,4,753,356.2247890262444,False,1.68,0.84,1.68,560,560,560,0.546875,5664,0.0,,,,,,,,,,,,,,,,,,,,,,False,False,,,True
20260123_2M_1p2M_0dB,20260123_2M_1p2M_0dB,2M,"[1, 1, 1, 3, 2, 3, 3, 3, 2, 3]","[0, 1, 2]","[4, 8]","[3, 5, 6, 7, 9]",3,2,5,759,356.2247890262444,False,1.26,0.84,2.1,560,560,560,0.546875,5664,0.0,,,,,,,,,,,,,,,,,,,,,,False,False,,,True
20260123_2M_1p2M_0dB,20260123_2M_1p2M_0dB,2M,"[1, 1, 1, 3, 3, 1, 2, 2, 1, 3]","[0, 1, 2, 5, 8]","[6, 7]","[3, 4, 9]",5,2,3,769,356.2247890262444,False,2.1,0.84,1.26,560,560,560,0.546875,5664,0.0,,,,,,,,,,,,,,,,,,,,,,False,False,,,True
20260123_2M_1p2M_0dB,20260123_2M_1p2M_0dB,2M,"[1, 1, 1, 3, 3, 1, 2, 2, 2, 3]","[0, 1, 2, 5]","[6, 7, 8]","[3, 4, 9]",4,3,3,772,356.2247890262444,False,1.68,1.26,1.26,560,560,560,0.546875,5664,0.0,,,,,,,,,,,,,,,,,,,,,,False,False,,,True
20260123_2M_1p2M_0dB,20260123_2M_1p2M_0dB,2M,"[1, 1, 1, 3, 3, 1, 2, 2, 3, 3]","[0, 1, 2, 5]","[6, 7]","[3, 4, 8, 9]",4,2,4,775,356.2247890262444,False,1.68,0.84,1.68,560,560,560,0.546875,5664,0.0,,,,,,,,,,,,,,,,,,,,,,False,False,,,True
20260123_2M_1p2M_0dB,20260123_2M_1p2M_0dB,2M,"[1, 1, 1, 3, 3, 1, 3, 2, 3, 2]","[0, 1, 2, 5]","[7, 9]","[3, 4, 6, 8]",4,2,4,786,356.2247890262444,False,1.68,0.84,1.68,560,560,560,0.546875,5664,0.0,,,,,,,,,,,,,,,,,,,,,,False,False,,,True
20260123_2M_1p2M_0dB,20260123_2M_1p2M_0dB,2M,"[1, 1, 1, 3, 3, 2, 1, 1, 2, 2]","[0, 1, 2, 6, 7]","[5, 8, 9]","[3, 4]",5,3,2,788,356.2247890262444,False,2.1,1.26,0.84,560,560,560,0.546875,5664,0.0,,,,,,,,,,,,,,,,,,,,,,False,False,,,True
20260123_2M_1p2M_0dB,20260123_2M_1p2M_0dB,2M,"[1, 1, 1, 3, 3, 2, 2, 2, 1, 2]","[0, 1, 2, 8]","[5, 6, 7, 9]","[3, 4]",4,4,2,813,356.2247890262444,False,1.68,1.68,0.84,560,560,560,0.546875,5664,0.0,,,,,,,,,,,,,,,,,,,,,,False,False,,,True
20260123_2M_1p2M_0dB,20260123_2M_1p2M_0dB,2M,"[1, 1, 1, 3, 3, 2, 2, 2, 2, 2]","[0, 1, 2]","[5, 6, 7, 8, 9]","[3, 4]",3,5,2,816,356.2247890262444,False,1.26,2.1,0.84,560,560,560,0.546875,5664,0.0,,,,,,,,,,,,,,,,,,,,,,False,False,,,True
20260123_2M_1p2M_0dB,20260123_2M_1p2M_0dB,2M,"[1, 1, 1, 3, 3, 2, 2, 2, 3, 2]","[0, 1, 2]","[5, 6, 7, 9]","[3, 4, 8]",3,4,3,819,356.2247890262444,False,1.26,1.68,1.26,560,560,560,0.546875,5664,0.0,,,,,,,,,,,,,,,,,,,,,,False,False,,,True
20260123_2M_1p2M_0dB,20260123_2M_1p2M_0dB,2M,"[1, 1, 1, 3, 3, 2, 3, 2, 1, 1]","[0, 1, 2, 8, 9]","[5, 7]","[3, 4, 6]",5,2,3,835,356.2247890262444,False,2.1,0.84,1.26,560,560,560,0.546875,5664,0.0,,,,,,,,,,,,,,,,,,,,,,False,False,,,True
20260123_2M_1p2M_0dB,20260123_2M_1p2M_0dB,2M,"[1, 1, 1, 3, 3, 2, 3, 2, 2, 1]","[0, 1, 2, 9]","[5, 7, 8]","[3, 4, 6]",4,3,3,838,356.2247890262444,False,1.68,1.26,1.26,560,560,560,0.546875,5664,0.0,,,,,,,,,,,,,,,,,,,,,,False,False,,,True
20260123_2M_1p2M_0dB,20260123_2M_1p2M_0dB,2M,"[1, 1, 1, 3, 3, 2, 3, 2, 3, 1]","[0, 1, 2, 9]","[5, 7]","[3, 4, 6, 8]",4,2,4,841,356.2247890262444,False,1.68,0.84,1.68,560,560,560,0.546875,5664,0.0,,,,,,,,,,,,,,,,,,,,,,False,False,,,True
20260123_2M_1p2M_0dB,20260123_2M_1p2M_0dB,2M,"[1, 1, 1, 3, 3, 2, 3, 3, 2, 3]","[0, 1, 2]","[5, 8]","[3, 4, 6, 7, 9]",3,2,5,847,356.2247890262444,False,1.26,0.84,2.1,560,560,560,0.546875,5664,0.0,,,,,,,,,,,,,,,,,,,,,,False,False,,,True
20260123_2M_1p2M_0dB,20260123_2M_1p2M_0dB,2M,"[1, 1, 1, 3, 3, 3, 2, 1, 2, 1]","[0, 1, 2, 7, 9]","[6, 8]","[3, 4, 5]",5,2,3,857,356.2247890262444,False,2.1,0.84,1.26,560,560,560,0.546875,5664,0.0,,,,,,,,,,,,,,,,,,,,,,False,False,,,True
20260123_2M_1p2M_0dB,20260123_2M_1p2M_0dB,2M,"[1, 1, 1, 3, 3, 3, 2, 2, 1, 3]","[0, 1, 2, 8]","[6, 7]","[3, 4, 5, 9]",4,2,4,863,356.2247890262444,False,1.68,0.84,1.68,560,560,560,0.546875,5664,0.0,,,,,,,,,,,,,,,,,,,,,,False,False,,,True
20260123_2M_1p2M_0dB,20260123_2M_1p2M_0dB,2M,"[1, 1, 1, 3, 3, 3, 2, 2, 2, 3]","[0, 1, 2]","[6, 7, 8]","[3, 4, 5, 9]",3,3,4,866,356.2247890262444,False,1.26,1.26,1.68,560,560,560,0.546875,5664,0.0,,,,,,,,,,,,,,,,,,,,,,False,False,,,True
20260123_2M_1p2M_0dB,20260123_2M_1p2M_0dB,2M,"[1, 1, 1, 3, 3, 3, 2, 2, 3, 3]","[0, 1, 2]","[6, 7]","[3, 4, 5, 8, 9]",3,2,5,869,356.2247890262444,False,1.26,0.84,2.1,560,560,560,0.546875,5664,0.0,,,,,,,,,,,,,,,,,,,,,,False,False,,,True
20260123_2M_1p2M_0dB,20260123_2M_1p2M_0dB,2M,"[1, 1, 1, 3, 3, 3, 3, 2, 3, 2]","[0, 1, 2]","[7, 9]","[3, 4, 5, 6, 8]",3,2,5,880,356.2247890262444,False,1.26,0.84,2.1,560,560,560,0.546875,5664,0.0,,,,,,,,,,,,,,,,,,,,,,False,False,,,True
20260123_2M_1p2M_0dB,20260123_2M_1p2M_0dB,2M,"[1, 1, 2, 1, 1, 1, 3, 2, 3, 2]","[0, 1, 3, 4, 5]","[2, 7, 9]","[6, 8]",5,3,2,887,356.2247890262444,False,2.1,1.26,0.84,560,560,560,0.546875,5664,0.0,,,,,,,,,,,,,,,,,,,,,,False,False,,,True
20260123_2M_1p2M_0dB,20260123_2M_1p2M_0dB,2M,"[1, 1, 2, 1, 1, 1, 3, 3, 2, 3]","[0, 1, 3, 4, 5]","[2, 8]","[6, 7, 9]",5,2,3,890,356.2247890262444,False,2.1,0.84,1.26,560,560,560,0.546875,5664,0.0,,,,,,,,,,,,,,,,,,,,,,False,False,,,True
20260123_2M_1p2M_0dB,20260123_2M_1p2M_0dB,2M,"[1, 1, 2, 1, 1, 2, 2, 3, 1, 3]","[0, 1, 3, 4, 8]","[2, 5, 6]","[7, 9]",5,3,2,898,356.2247890262444,False,2.1,1.26,0.84,560,560,560,0.546875,5664,0.0,,,,,,,,,,,,,,,,,,,,,,False,False,,,True
20260123_2M_1p2M_0dB,20260123_2M_1p2M_0dB,2M,"[1, 1, 2, 1, 1, 2, 2, 3, 3, 2]","[0, 1, 3, 4]","[2, 5, 6, 9]","[7, 8]",4,4,2,901,356.2247890262444,False,1.68,1.68,0.84,560,560,560,0.546875,5664,0.0,,,,,,,,,,,,,,,,,,,,,,False,False,,,True
20260123_2M_1p2M_0dB,20260123_2M_1p2M_0dB,2M,"[1, 1, 2, 1, 1, 2, 3, 3, 1, 3]","[0, 1, 3, 4, 8]","[2, 5]","[6, 7, 9]",5,2,3,912,356.2247890262444,False,2.1,0.84,1.26,560,560,560,0.546875,5664,0.0,,,,,,,,,,,,,,,,,,,,,,False,False,,,True
20260123_2M_1p2M_0dB,20260123_2M_1p2M_0dB,2M,"[1, 1, 2, 1, 1, 2, 3, 3, 2, 3]","[0, 1, 3, 4]","[2, 5, 8]","[6, 7, 9]",4,3,3,915,356.2247890262444,False,1.68,1.26,1.26,560,560,560,0.546875,5664,0.0,,,,,,,,,,,,,,,,,,,,,,False,False,,,True
20260123_2M_1p2M_0dB,20260123_2M_1p2M_0dB,2M,"[1, 1, 2, 1, 1, 2, 3, 3, 3, 3]","[0, 1, 3, 4]","[2, 5]","[6, 7, 8, 9]",4,2,4,918,356.2247890262444,False,1.68,0.84,1.68,560,560,560,0.546875,5664,0.0,,,,,,,,,,,,,,,,,,,,,,False,False,,,True
20260123_2M_1p2M_0dB,20260123_2M_1p2M_0dB,2M,"[1, 1, 2, 1, 1, 3, 1, 2, 3, 2]","[0, 1, 3, 4, 6]","[2, 7, 9]","[5, 8]",5,3,2,920,356.2247890262444,False,2.1,1.26,0.84,560,560,560,0.546875,5664,0.0,,,,,,,,,,,,,,,,,,,,,,False,False,,,True
20260123_2M_1p2M_0dB,20260123_2M_1p2M_0dB,2M,"[1, 1, 2, 1, 1, 3, 1, 3, 2, 3]","[0, 1, 3, 4, 6]","[2, 8]","[5, 7, 9]",5,2,3,923,356.2247890262444,False,2.1,0.84,1.26,560,560,560,0.546875,5664,0.0,,,,,,,,,,,,,,,,,,,,,,False,False,,,True
20260123_2M_1p2M_0dB,20260123_2M_1p2M_0dB,2M,"[1, 1, 2, 1, 1, 3, 2, 3, 1, 3]","[0, 1, 3, 4, 8]","[2, 6]","[5, 7, 9]",5,2,3,934,356.2247890262444,False,2.1,0.84,1.26,560,560,560,0.546875,5664,0.0,,,,,,,,,,,,,,,,,,,,,,False,False,,,True
20260123_2M_1p2M_0dB,20260123_2M_1p2M_0dB,2M,"[1, 1, 2, 1, 1, 3, 2, 3, 2, 3]","[0, 1, 3, 4]","[2, 6, 8]","[5, 7, 9]",4,3,3,937,356.2247890262444,False,1.68,1.26,1.26,560,560,560,0.546875,5664,0.0,,,,,,,,,,,,,,,,,,,,,,False,False,,,True
20260123_2M_1p2M_0dB,20260123_2M_1p2M_0dB,2M,"[1, 1, 2, 1, 1, 3, 2, 3, 3, 3]","[0, 1, 3, 4]","[2, 6]","[5, 7, 8, 9]",4,2,4,940,356.2247890262444,False,1.68,0.84,1.68,560,560,560,0.546875,5664,0.0,,,,,,,,,,,,,,,,,,,,,,False,False,,,True
20260123_2M_1p2M_0dB,20260123_2M_1p2M_0dB,2M,"[1, 1, 2, 1, 1, 3, 3, 2, 1, 3]","[0, 1, 3, 4, 8]","[2, 7]","[5, 6, 9]",5,2,3,945,356.2247890262444,False,2.1,0.84,1.26,560,560,560,0.546875,5664,0.0,,,,,,,,,,,,,,,,,,,,,,False,False,,,True
20260123_2M_1p2M_0dB,20260123_2M_1p2M_0dB,2M,"[1, 1, 2, 1, 1, 3, 3, 2, 2, 3]","[0, 1, 3, 4]","[2, 7, 8]","[5, 6, 9]",4,3,3,948,356.2247890262444,False,1.68,1.26,1.26,560,560,560,0.546875,5664,0.0,,,,,,,,,,,,,,,,,,,,,,False,False,,,True
20260123_2M_1p2M_0dB,20260123_2M_1p2M_0dB,2M,"[1, 1, 2, 1, 1, 3, 3, 2, 3, 3]","[0, 1, 3, 4]","[2, 7]","[5, 6, 8, 9]",4,2,4,951,356.2247890262444,False,1.68,0.84,1.68,560,560,560,0.546875,5664,0.0,,,,,,,,,,,,,,,,,,,,,,False,False,,,True
20260123_2M_1p2M_0dB,20260123_2M_1p2M_0dB,2M,"[1, 1, 2, 1, 2, 2, 1, 3, 1, 3]","[0, 1, 3, 6, 8]","[2, 4, 5]","[7, 9]",5,3,2,986,356.2247890262444,False,2.1,1.26,0.84,560,560,560,0.546875,5664,0.0,,,,,,,,,,,,,,,,,,,,,,False,False,,,True
20260123_2M_1p2M_0dB,20260123_2M_1p2M_0dB,2M,"[1, 1, 2, 1, 2, 2, 1, 3, 3, 2]","[0, 1, 3, 6]","[2, 4, 5, 9]","[7, 8]",4,4,2,989,356.2247890262444,False,1.68,1.68,0.84,560,560,560,0.546875,5664,0.0,,,,,,,,,,,,,,,,,,,,,,False,False,,,True
20260123_2M_1p2M_0dB,20260123_2M_1p2M_0dB,2M,"[1, 1, 2, 1, 2, 2, 2, 2, 3, 3]","[0, 1, 3]","[2, 4, 5, 6, 7]","[8, 9]",3,5,2,992,356.2247890262444,False,1.26,2.1,0.84,560,560,560,0.546875,5664,0.0,,,,,,,,,,,,,,,,,,,,,,False,False,,,True
20260123_2M_1p2M_0dB,20260123_2M_1p2M_0dB,2M,"[1, 1, 2, 1, 2, 2, 3, 3, 1, 1]","[0, 1, 3, 8, 9]","[2, 4, 5]","[6, 7]",5,3,2,1008,356.2247890262444,False,2.1,1.26,0.84,560,560,560,0.546875,5664,0.0,,,,,,,,,,,,,,,,,,,,,,False,False,,,True
20260123_2M_1p2M_0dB,20260123_2M_1p2M_0dB,2M,"[1, 1, 2, 1, 2, 2, 3, 3, 2, 1]","[0, 1, 3, 9]","[2, 4, 5, 8]","[6, 7]",4,4,2,1011,356.2247890262444,False,1.68,1.68,0.84,560,560,560,0.546875,5664,0.0,,,,,,,,,,,,,,,,,,,,,,False,False,,,True
20260123_2M_1p2M_0dB,20260123_2M_1p2M_0dB,2M,"[1, 1, 2, 1, 2, 2, 3, 3, 3, 1]","[0, 1, 3, 9]","[2, 4, 5]","[6, 7, 8]",4,3,3,1014,356.2247890262444,False,1.68,1.26,1.26,560,560,560,0.546875,5664,0.0,,,,,,,,,,,,,,,,,,,,,,False,False,,,True
20260123_2M_1p2M_0dB,20260123_2M_1p2M_0dB,2M,"[1, 1, 2, 1, 2, 3, 2, 3, 1, 2]","[0, 1, 3, 8]","[2, 4, 6, 9]","[5, 7]",4,4,2,1044,356.2247890262444,False,1.68,1.68,0.84,560,560,560,0.546875,5664,0.0,,,,,,,,,,,,,,,,,,,,,,False,False,,,True
20260123_2M_1p2M_0dB,20260123_2M_1p2M_0dB,2M,"[1, 1, 2, 1, 2, 3, 2, 3, 2, 2]","[0, 1, 3]","[2, 4, 6, 8, 9]","[5, 7]",3,5,2,1047,356.2247890262444,False,1.26,2.1,0.84,560,560,560,0.546875,5664,0.0,,,,,,,,,,,,,,,,,,,,,,False,False,,,True
20260123_2M_1p2M_0dB,20260123_2M_1p2M_0dB,2M,"[1, 1, 2, 1, 2, 3, 2, 3, 3, 2]","[0, 1, 3]","[2, 4, 6, 9]","[5, 7, 8]",3,4,3,1050,356.2247890262444,False,1.26,1.68,1.26,560,560,560,0.546875,5664,0.0,,,,,,,,,,,,,,,,,,,,,,False,False,,,True
20260123_2M_1p2M_0dB,20260123_2M_1p2M_0dB,2M,"[1, 1, 2, 1, 2, 3, 3, 1, 1, 2]","[0, 1, 3, 7, 8]","[2, 4, 9]","[5, 6]",5,3,2,1052,356.2247890262444,False,2.1,1.26,0.84,560,560,560,0.546875,5664,0.0,,,,,,,,,,,,,,,,,,,,,,False,False,,,True
20260123_2M_1p2M_0dB,20260123_2M_1p2M_0dB,2M,"[1, 1, 2, 1, 2, 3, 3, 1, 2, 2]","[0, 1, 3, 7]","[2, 4, 8, 9]","[5, 6]",4,4,2,1055,356.2247890262444,False,1.68,1.68,0.84,560,560,560,0.546875,5664,0.0,,,,,,,,,,,,,,,,,,,,,,False,False,,,True
20260123_2M_1p2M_0dB,20260123_2M_1p2M_0dB,2M,"[1, 1, 2, 1, 2, 3, 3, 1, 3, 2]","[0, 1, 3, 7]","[2, 4, 9]","[5, 6, 8]",4,3,3,1058,356.2247890262444,False,1.68,1.26,1.26,560,560,560,0.546875,5664,0.0,,,,,,,,,,,,,,,,,,,,,,False,False,,,True
20260123_2M_1p2M_0dB,20260123_2M_1p2M_0dB,2M,"[1, 1, 2, 1, 3, 1, 2, 1, 3, 2]","[0, 1, 3, 5, 7]","[2, 6, 9]","[4, 8]",5,3,2,1085,356.2247890262444,False,2.1,1.26,0.84,560,560,560,0.546875,5664,0.0,,,,,,,,,,,,,,,,,,,,,,False,False,,,True
20260123_2M_1p2M_0dB,20260123_2M_1p2M_0dB,2M,"[1, 1, 2, 1, 3, 1, 2, 2, 2, 3]","[0, 1, 3, 5]","[2, 6, 7, 8]","[4, 9]",4,4,2,1088,356.2247890262444,False,1.68,1.68,0.84,560,560,560,0.546875,5664,0.0,,,,,,,,,,,,,,,,,,,,,,False,False,,,True
20260123_2M_1p2M_0dB,20260123_2M_1p2M_0dB,2M,"[1, 1, 2, 1, 3, 1, 2, 2, 3, 3]","[0, 1, 3, 5]","[2, 6, 7]","[4, 8, 9]",4,3,3,1091,356.2247890262444,False,1.68,1.26,1.26,560,560,560,0.546875,5664,0.0,,,,,,,,,,,,,,,,,,,,,,False,False,,,True
20260123_2M_1p2M_0dB,20260123_2M_1p2M_0dB,2M,"[1, 1, 2, 1, 3, 1, 3, 3, 2, 2]","[0, 1, 3, 5]","[2, 8, 9]","[4, 6, 7]",4,3,3,1113,356.2247890262444,False,1.68,1.26,1.26,560,560,560,0.546875,5664,0.0,,,,,,,,,,,,,,,,,,,,,,False,False,,,True
20260123_2M_1p2M_0dB,20260123_2M_1p2M_0dB,2M,"[1, 1, 2, 1, 3, 2, 2, 3, 1, 2]","[0, 1, 3, 8]","[2, 5, 6, 9]","[4, 7]",4,4,2,1143,356.2247890262444,False,1.68,1.68,0.84,560,560,560,0.546875,5664,0.0,,,,,,,,,,,,,,,,,,,,,,False,False,,,True
20260123_2M_1p2M_0dB,20260123_2M_1p2M_0dB,2M,"[1, 1, 2, 1, 3, 2, 2, 3, 2, 2]","[0, 1, 3]","[2, 5, 6, 8, 9]","[4, 7]",3,5,2,1146,356.2247890262444,False,1.26,2.1,0.84,560,560,560,0.546875,5664,0.0,,,,,,,,,,,,,,,,,,,,,,False,False,,,True
20260123_2M_1p2M_0dB,20260123_2M_1p2M_0dB,2M,"[1, 1, 2, 1, 3, 2, 2, 3, 3, 2]","[0, 1, 3]","[2, 5, 6, 9]","[4, 7, 8]",3,4,3,1149,356.2247890262444,False,1.26,1.68,1.26,560,560,560,0.546875,5664,0.0,,,,,,,,,,,,,,,,,,,,,,False,False,,,True
20260123_2M_1p2M_0dB,20260123_2M_1p2M_0dB,2M,"[1, 1, 2, 1, 3, 2, 3, 1, 1, 2]","[0, 1, 3, 7, 8]","[2, 5, 9]","[4, 6]",5,3,2,1151,356.2247890262444,False,2.1,1.26,0.84,560,560,560,0.546875,5664,0.0,,,,,,,,,,,,,,,,,,,,,,False,False,,,True
20260123_2M_1p2M_0dB,20260123_2M_1p2M_0dB,2M,"[1, 1, 2, 1, 3, 2, 3, 1, 2, 2]","[0, 1, 3, 7]","[2, 5, 8, 9]","[4, 6]",4,4,2,1154,356.2247890262444,False,1.68,1.68,0.84,560,560,560,0.546875,5664,0.0,,,,,,,,,,,,,,,,,,,,,,False,False,,,True
20260123_2M_1p2M_0dB,20260123_2M_1p2M_0dB,2M,"[1, 1, 2, 1, 3, 2, 3, 1, 3, 2]","[0, 1, 3, 7]","[2, 5, 9]","[4, 6, 8]",4,3,3,1157,356.2247890262444,False,1.68,1.26,1.26,560,560,560,0.546875,5664,0.0,,,,,,,,,,,,,,,,,,,,,,False,False,,,True
20260123_2M_1p2M_0dB,20260123_2M_1p2M_0dB,2M,"[1, 1, 2, 1, 3, 3, 1, 3, 2, 2]","[0, 1, 3, 6]","[2, 8, 9]","[4, 5, 7]",4,3,3,1190,356.2247890262444,False,1.68,1.26,1.26,560,560,560,0.546875,5664,0.0,,,,,,,,,,,,,,,,,,,,,,False,False,,,True
20260123_2M_1p2M_0dB,20260123_2M_1p2M_0dB,2M,"[1, 1, 2, 1, 3, 3, 2, 1, 2, 1]","[0, 1, 3, 7, 9]","[2, 6, 8]","[4, 5]",5,3,2,1195,356.2247890262444,False,2.1,1.26,0.84,560,560,560,0.546875,5664,0.0,,,,,,,,,,,,,,,,,,,,,,False,False,,,True
20260123_2M_1p2M_0dB,20260123_2M_1p2M_0dB,2M,"[1, 1, 2, 1, 3, 3, 2, 1, 3, 1]","[0, 1, 3, 7, 9]","[2, 6]","[4, 5, 8]",5,2,3,1198,356.2247890262444,False,2.1,0.84,1.26,560,560,560,0.546875,5664,0.0,,,,,,,,,,,,,,,,,,,,,,False,False,,,True
20260123_2M_1p2M_0dB,20260123_2M_1p2M_0dB,2M,"[1, 1, 2, 1, 3, 3, 3, 1, 2, 1]","[0, 1, 3, 7, 9]","[2, 8]","[4, 5, 6]",5,2,3,1220,356.2247890262444,False,2.1,0.84,1.26,560,560,560,0.546875,5664,0.0,,,,,,,,,,,,,,,,,,,,,,False,False,,,True
20260123_2M_1p2M_0dB,20260123_2M_1p2M_0dB,2M,"[1, 1, 2, 1, 3, 3, 3, 2, 1, 3]","[0, 1, 3, 8]","[2, 7]","[4, 5, 6, 9]",4,2,4,1226,356.2247890262444,False,1.68,0.84,1.68,560,560,560,0.546875,5664,0.0,,,,,,,,,,,,,,,,,,,,,,False,False,,,True
20260123_2M_1p2M_0dB,20260123_2M_1p2M_0dB,2M,"[1, 1, 2, 1, 3, 3, 3, 2, 2, 3]","[0, 1, 3]","[2, 7, 8]","[4, 5, 6, 9]",3,3,4,1229,356.2247890262444,False,1.26,1.26,1.68,560,560,560,0.546875,5664,0.0,,,,,,,,,,,,,,,,,,,,,,False,False,,,True
20260123_2M_1p2M_0dB,20260123_2M_1p2M_0dB,2M,"[1, 1, 2, 1, 3, 3, 3, 2, 3, 3]","[0, 1, 3]","[2, 7]","[4, 5, 6, 8, 9]",3,2,5,1232,356.2247890262444,False,1.26,0.84,2.1,560,560,560,0.546875,5664,0.0,,,,,,,,,,,,,,,,,,,,,,False,False,,,True
20260123_2M_1p2M_0dB,20260123_2M_1p2M_0dB,2M,"[1, 1, 2, 2, 1, 1, 1, 3, 2, 3]","[0, 1, 4, 5, 6]","[2, 3, 8]","[7, 9]",5,3,2,1239,356.2247890262444,False,2.1,1.26,0.84,560,560,560,0.546875,5664,0.0,,,,,,,,,,,,,,,,,,,,,,False,False,,,True
20260123_2M_1p2M_0dB,20260123_2M_1p2M_0dB,2M,"[1, 1, 2, 2, 1, 1, 3, 1, 3, 2]","[0, 1, 4, 5, 7]","[2, 3, 9]","[6, 8]",5,3,2,1250,356.2247890262444,False,2.1,1.26,0.84,560,560,560,0.546875,5664,0.0,,,,,,,,,,,,,,,,,,,,,,False,False,,,True
20260123_2M_1p2M_0dB,20260123_2M_1p2M_0dB,2M,"[1, 1, 2, 2, 1, 1, 3, 2, 2, 3]","[0, 1, 4, 5]","[2, 3, 7, 8]","[6, 9]",4,4,2,1253,356.2247890262444,False,1.68,1.68,0.84,560,560,560,0.546875,5664,0.0,,,,,,,,,,,,,,,,,,,,,,False,False,,,True
20260123_2M_1p2M_0dB,20260123_2M_1p2M_0dB,2M,"[1, 1, 2, 2, 1, 1, 3, 2, 3, 3]","[0, 1, 4, 5]","[2, 3, 7]","[6, 8, 9]",4,3,3,1256,356.2247890262444,False,1.68,1.26,1.26,560,560,560,0.546875,5664,0.0,,,,,,,,,,,,,,,,,,,,,,False,False,,,True
20260123_2M_1p2M_0dB,20260123_2M_1p2M_0dB,2M,"[1, 1, 2, 2, 1, 2, 3, 2, 3, 1]","[0, 1, 4, 9]","[2, 3, 5, 7]","[6, 8]",4,4,2,1286,356.2247890262444,False,1.68,1.68,0.84,560,560,560,0.546875,5664,0.0,,,,,,,,,,,,,,,,,,,,,,False,False,,,True
20260123_2M_1p2M_0dB,20260123_2M_1p2M_0dB,2M,"[1, 1, 2, 2, 1, 3, 2, 1, 3, 1]","[0, 1, 4, 7, 9]","[2, 3, 6]","[5, 8]",5,3,2,1316,356.2247890262444,False,2.1,1.26,0.84,560,560,560,0.546875,5664,0.0,,,,,,,,,,,,,,,,,,,,,,False,False,,,True
20260123_2M_1p2M_0dB,20260123_2M_1p2M_0dB,2M,"[1, 1, 2, 2, 1, 3, 2, 2, 1, 3]","[0, 1, 4, 8]","[2, 3, 6, 7]","[5, 9]",4,4,2,1319,356.2247890262444,False,1.68,1.68,0.84,560,560,560,0.546875,5664,0.0,,,,,,,,,,,,,,,,,,,,,,False,False,,,True
20260123_2M_1p2M_0dB,20260123_2M_1p2M_0dB,2M,"[1, 1, 2, 2, 1, 3, 2, 2, 3, 2]","[0, 1, 4]","[2, 3, 6, 7, 9]","[5, 8]",3,5,2,1322,356.2247890262444,False,1.26,2.1,0.84,560,560,560,0.546875,5664,0.0,,,,,,,,,,,,,,,,,,,,,,False,False,,,True
20260123_2M_1p2M_0dB,20260123_2M_1p2M_0dB,2M,"[1, 1, 2, 2, 2, 1, 3, 1, 2, 3]","[0, 1, 5, 7]","[2, 3, 4, 8]","[6, 9]",4,4,2,1374,356.2247890262444,False,1.68,1.68,0.84,560,560,560,0.546875,5664,0.0,,,,,,,,,,,,,,,,,,,,,,False,False,,,True
20260123_2M_1p2M_0dB,20260123_2M_1p2M_0dB,2M,"[1, 1, 2, 2, 2, 1, 3, 1, 3, 3]","[0, 1, 5, 7]","[2, 3, 4]","[6, 8, 9]",4,3,3,1377,356.2247890262444,False,1.68,1.26,1.26,560,560,560,0.546875,5664,0.0,,,,,,,,,,,,,,,,,,,,,,False,False,,,True
20260123_2M_1p2M_0dB,20260123_2M_1p2M_0dB,2M,"[1, 1, 2, 2, 2, 2, 1, 3, 3, 1]","[0, 1, 6, 9]","[2, 3, 4, 5]","[7, 8]",4,4,2,1396,356.2247890262444,False,1.68,1.68,0.84,560,560,560,0.546875,5664,0.0,,,,,,,,,,,,,,,,,,,,,,False,False,,,True
20260123_2M_1p2M_0dB,20260123_2M_1p2M_0dB,2M,"[1, 1, 2, 2, 2, 2, 2, 1, 3, 3]","[0, 1, 7]","[2, 3, 4, 5, 6]","[8, 9]",3,5,2,1399,356.2247890262444,False,1.26,2.1,0.84,560,560,560,0.546875,5664,0.0,,,,,,,,,,,,,,,,,,,,,,False,False,,,True
20260123_2M_1p2M_0dB,20260123_2M_1p2M_0dB,2M,"[1, 1, 2, 2, 2, 2, 3, 3, 1, 3]","[0, 1, 8]","[2, 3, 4, 5]","[6, 7, 9]",3,4,3,1413,356.2247890262444,False,1.26,1.68,1.26,560,560,560,0.546875,5664,0.0,,,,,,,,,,,,,,,,,,,,,,False,False,,,True
20260123_2M_1p2M_0dB,20260123_2M_1p2M_0dB,2M,"[1, 1, 2, 2, 2, 3, 2, 1, 3, 1]","[0, 1, 7, 9]","[2, 3, 4, 6]","[5, 8]",4,4,2,1440,356.2247890262444,False,1.68,1.68,0.84,560,560,560,0.546875,5664,0.0,,,,,,,,,,,,,,,,,,,,,,False,False,,,True
20260123_2M_1p2M_0dB,20260123_2M_1p2M_0dB,2M,"[1, 1, 2, 2, 2, 3, 2, 2, 1, 3]","[0, 1, 8]","[2, 3, 4, 6, 7]","[5, 9]",3,5,2,1443,356.2247890262444,False,1.26,2.1,0.84,560,560,560,0.546875,5664,0.0,,,,,,,,,,,,,,,,,,,,,,False,False,,,True
20260123_2M_1p2M_0dB,20260123_2M_1p2M_0dB,2M,"[1, 1, 2, 2, 2, 3, 3, 2, 3, 1]","[0, 1, 9]","[2, 3, 4, 7]","[5, 6, 8]",3,4,3,1468,356.2247890262444,False,1.26,1.68,1.26,560,560,560,0.546875,5664,0.0,,,,,,,,,,,,,,,,,,,,,,False,False,,,True
