array_sha256,denominator_included,extension_used,final_prefix,frame_id,initial_prefix,key_dependent_disclosure_bits_total,outcome_epsilon_ec,policy_id,policy_sha256,protocol_epsilon_ec_bound,public_control_bits_total,qualification_role,stage1_iterations,stage2_iterations,status,stratum_p,transcript_event_count,transcript_sha256,verification_attempts
6b5d78f6adab5b915c53fe62549b387d0cc4c25bd5f7d6ff215745d84f890265,True,False,32,nbldpc_formal_v4_ir_q1024_p20_development_000,32,384,5.421010862427522e-20,nbldpc_v4_control,cfda85c0312f7c7629c29db737ef2690c7bcc07d284b89946f7b95f96b82482c,5.421010862427522e-20,705,development,2,0,verified_success,0.2,4,f70dafd305c142e2faeedd94dbb7ebc0aca142a2f16b8f2beb381252bdb72337,1
19efddfb964bfb1fda954dc2f0e410c752fe9e5f9c134b7c5a5558d171948684,True,False,32,nbldpc_formal_v4_ir_q1024_p20_development_001,32,384,5.421010862427522e-20,nbldpc_v4_control,cfda85c0312f7c7629c29db737ef2690c7bcc07d284b89946f7b95f96b82482c,5.421010862427522e-20,705,development,2,0,verified_success,0.2,4,c25ed6e87383a2b2cc7a1cda2ba6a32c1488f9606d6de8d5a6c276442adc649d,1
589d5f159646d9ec1583ae95fb5dff306d12c6333da267955f843ec6520898ee,True,False,32,nbldpc_formal_v4_ir_q1024_p20_development_002,32,384,5.421010862427522e-20,nbldpc_v4_control,cfda85c0312f7c7629c29db737ef2690c7bcc07d284b89946f7b95f96b82482c,5.421010862427522e-20,705,development,2,0,verified_success,0.2,4,966d065aacb94672bf338ec407ef4c4a12c6c0576fcba7c0872ad7f967817aa6,1
6f414738552db460cc8dc95296682eb0a92d7dcbcfe8c797f3ef5615c12f7b5c,True,False,32,nbldpc_formal_v4_ir_q1024_p20_development_003,32,384,5.421010862427522e-20,nbldpc_v4_control,cfda85c0312f7c7629c29db737ef2690c7bcc07d284b89946f7b95f96b82482c,5.421010862427522e-20,705,development,8,0,verified_success,0.2,4,f360ee801ca69bb377bf97e142bf715235172cc2494c56868c86f16de6568c6b,1
ba4f749d62106807c0162bb680c61509ed2a01a6f417cad4312a3603dac0e3e1,True,False,32,nbldpc_formal_v4_ir_q1024_p20_development_004,32,384,5.421010862427522e-20,nbldpc_v4_control,cfda85c0312f7c7629c29db737ef2690c7bcc07d284b89946f7b95f96b82482c,5.421010862427522e-20,705,development,4,0,verified_success,0.2,4,00beca90853a41e43d300ac57cc649e022dd3e6f5e60902295f1a424dc29cf49,1
dbf2899824367955326b82896ae00767cbb63eac9454b69338d2c4c5541c2705,True,False,32,nbldpc_formal_v4_ir_q1024_p20_development_005,32,384,5.421010862427522e-20,nbldpc_v4_control,cfda85c0312f7c7629c29db737ef2690c7bcc07d284b89946f7b95f96b82482c,5.421010862427522e-20,705,development,2,0,verified_success,0.2,4,e04f49898b49cec1eccbdc34b6813a45d629dd2cf87ae74a4ce882c6df5df5f9,1
ff48abf40188312861f9a214710feac912849fe5aa3e862d17edcd8f260f7376,True,False,32,nbldpc_formal_v4_ir_q1024_p20_development_006,32,384,5.421010862427522e-20,nbldpc_v4_control,cfda85c0312f7c7629c29db737ef2690c7bcc07d284b89946f7b95f96b82482c,5.421010862427522e-20,705,development,2,0,verified_success,0.2,4,667b3c8bd55271277511530f0de160a9e9891e6c33eff8b7a13718d423ec6141,1
8c6b9bcf9f26330b42a9e3096036d1a95ec7b1895f2facf5162c0dcfb572d998,True,False,32,nbldpc_formal_v4_ir_q1024_p20_development_007,32,384,5.421010862427522e-20,nbldpc_v4_control,cfda85c0312f7c7629c29db737ef2690c7bcc07d284b89946f7b95f96b82482c,5.421010862427522e-20,705,development,2,0,verified_success,0.2,4,9ed1c084c36d12b41de803dcac7e386ff0900bc3a016bd033cf8790c6efae926,1
0e9e91682bac93e368192090e3862905a3971c2df048c342e6b19436b6c741dc,True,False,32,nbldpc_formal_v4_ir_q1024_p20_development_008,32,384,5.421010862427522e-20,nbldpc_v4_control,cfda85c0312f7c7629c29db737ef2690c7bcc07d284b89946f7b95f96b82482c,5.421010862427522e-20,705,development,3,0,verified_success,0.2,4,323ebf5a25bb9e734ae5549bbf7ea1da9416f7374904716b806f1239f66db076,1
b3765377c452c2a5123ffd4a5cb39ab1af041c55a4e25598dbd3860ba16e2fe1,True,False,32,nbldpc_formal_v4_ir_q1024_p20_development_009,32,384,5.421010862427522e-20,nbldpc_v4_control,cfda85c0312f7c7629c29db737ef2690c7bcc07d284b89946f7b95f96b82482c,5.421010862427522e-20,705,development,3,0,verified_success,0.2,4,366bdc739d017da649d99b182cefbc1e976f6617282c843c3b1b1acb8142ca39,1
6df78569543fb59da5b15ef4605a2e294a11e9c51262daed58ca1701c51f29ef,True,False,32,nbldpc_formal_v4_ir_q1024_p20_development_010,32,384,5.421010862427522e-20,nbldpc_v4_control,cfda85c0312f7c7629c29db737ef2690c7bcc07d284b89946f7b95f96b82482c,5.421010862427522e-20,705,development,2,0,verified_success,0.2,4,825500140f834c2ed1a68f9e7f2772f443436b623292e0bf917c79189880f54c,1
450e577f0a2504d9ecb666c998e66dce93148c69d9bd15be74c2efb35da43d96,True,False,32,nbldpc_formal_v4_ir_q1024_p20_development_011,32,384,5.421010862427522e-20,nbldpc_v4_control,cfda85c0312f7c7629c29db737ef2690c7bcc07d284b89946f7b95f96b82482c,5.421010862427522e-20,705,development,2,0,verified_success,0.2,4,6c2012e3a56beec0c5a4a7ac9469b938cbabcbf534728e396a8a4560ebf00a58,1
7c3540f55f89caaf7dfecc83b0ea463a482aff51704eda54b27e595d977af5fc,True,False,32,nbldpc_formal_v4_ir_q1024_p20_development_012,32,384,5.421010862427522e-20,nbldpc_v4_control,cfda85c0312f7c7629c29db737ef2690c7bcc07d284b89946f7b95f96b82482c,5.421010862427522e-20,705,development,4,0,verified_success,0.2,4,b5e357fcddd56b89a6fce56ec0bdeb156b8096ab87c69272c50da6748ed37ed3,1
51972dbca80bae1ba5ca7fd231de3c1d8dc04c0c31fb4142792ce4bcfd338166,True,False,32,nbldpc_formal_v4_ir_q1024_p20_development_013,32,384,5.421010862427522e-20,nbldpc_v4_control,cfda85c0312f7c7629c29db737ef2690c7bcc07d284b89946f7b95f96b82482c,5.421010862427522e-20,705,development,3,0,verified_success,0.2,4,280e518602ec0f1c1168ef5844c87bf42c85a66cd34017ea08c69c7dfc7a0423,1
6076721556e8da4405714dd0bdee227680525d5679ddfc54f7a4e1db6c911a22,True,False,32,nbldpc_formal_v4_ir_q1024_p20_development_014,32,384,5.421010862427522e-20,nbldpc_v4_control,cfda85c0312f7c7629c29db737ef2690c7bcc07d284b89946f7b95f96b82482c,5.421010862427522e-20,705,development,2,0,verified_success,0.2,4,4e802cc0092544e551ed4d9a3756202c4020517978d80e97770bca903157a145,1
5660f26501ef3468150f98eacb09322ba90c4c8da2c47e161629900be594ab89,True,False,32,nbldpc_formal_v4_ir_q1024_p20_development_015,32,384,5.421010862427522e-20,nbldpc_v4_control,cfda85c0312f7c7629c29db737ef2690c7bcc07d284b89946f7b95f96b82482c,5.421010862427522e-20,705,development,9,0,verified_success,0.2,4,ac7baf92801615028807cec31926942e6453b053e9090d1796e9b63dc4b13f0b,1
75063a57e2f7ad002ec1138c86e1acd69cb93fe38f19d2a7e740af4b5ea56684,True,False,32,nbldpc_formal_v4_ir_q1024_p20_development_016,32,384,5.421010862427522e-20,nbldpc_v4_control,cfda85c0312f7c7629c29db737ef2690c7bcc07d284b89946f7b95f96b82482c,5.421010862427522e-20,705,development,2,0,verified_success,0.2,4,083ae59952f5440ebd48a1e7fab787e12f2c31afbda55476075acdf237d45e39,1
7d4616636415d4f817181a87993a09b82894dcf7342b6cb6d836782a74add74b,True,False,32,nbldpc_formal_v4_ir_q1024_p20_development_017,32,384,5.421010862427522e-20,nbldpc_v4_control,cfda85c0312f7c7629c29db737ef2690c7bcc07d284b89946f7b95f96b82482c,5.421010862427522e-20,705,development,2,0,verified_success,0.2,4,521e2ef14c46868c222b5a53f6898095438ef4514a67de9fa39c134afe747de9,1
ed29c4905b033f1d89f0999d6a554a474bc5fee71ca651a367648194cb7be0ad,True,False,32,nbldpc_formal_v4_ir_q1024_p20_development_018,32,384,5.421010862427522e-20,nbldpc_v4_control,cfda85c0312f7c7629c29db737ef2690c7bcc07d284b89946f7b95f96b82482c,5.421010862427522e-20,705,development,6,0,verified_success,0.2,4,e718b3087461c83712643192b2ad5947027a803a6be3d1022557b78614c4c3c5,1
9b971c232c2d9e40376d42597fac5a74cdf45df1de23cb28491da57780daddd8,True,False,32,nbldpc_formal_v4_ir_q1024_p20_development_019,32,384,5.421010862427522e-20,nbldpc_v4_control,cfda85c0312f7c7629c29db737ef2690c7bcc07d284b89946f7b95f96b82482c,5.421010862427522e-20,705,development,3,0,verified_success,0.2,4,5d25676187db5cc55f00fae3d2c5c3dc6d474598a80bcade9049633e8b33a919,1
d2b251143b6a6bbe76dc7f614c446923cce63966b217e2527263f93970937541,True,False,32,nbldpc_formal_v4_ir_q1024_p20_development_020,32,384,5.421010862427522e-20,nbldpc_v4_control,cfda85c0312f7c7629c29db737ef2690c7bcc07d284b89946f7b95f96b82482c,5.421010862427522e-20,705,development,3,0,verified_success,0.2,4,12b101cf529a18a2ec1f49d8febd8db60a153db8abcf3f50e293a958d401bfa0,1
076d6d24d01429094ee65b92e8e2b267fa4395485df55f5e489727d8c3fab75d,True,False,32,nbldpc_formal_v4_ir_q1024_p20_development_021,32,384,5.421010862427522e-20,nbldpc_v4_control,cfda85c0312f7c7629c29db737ef2690c7bcc07d284b89946f7b95f96b82482c,5.421010862427522e-20,705,development,3,0,verified_success,0.2,4,c4e838d2ca41a579fa8f5f7ff5a400fa1cfbf95af24b63bb5342af7f5b5fd744,1
75a58a8fe6988e50670c0c9162e44bb3f268d7b467a5e2614d9ae6d0e8a8a6ed,True,False,32,nbldpc_formal_v4_ir_q1024_p20_development_022,32,384,5.421010862427522e-20,nbldpc_v4_control,cfda85c0312f7c7629c29db737ef2690c7bcc07d284b89946f7b95f96b82482c,5.421010862427522e-20,705,development,2,0,verified_success,0.2,4,039344d1bfc872832f799657e7e6b7740aa199557486d9c90b3fa7a39db64af9,1
0fed953a86d1bde308ff5396d2ac900a9f1614f3b512a417864fc1c4bf8969eb,True,False,32,nbldpc_formal_v4_ir_q1024_p20_development_023,32,320,,nbldpc_v4_control,cfda85c0312f7c7629c29db737ef2690c7bcc07d284b89946f7b95f96b82482c,5.421010862427522e-20,2,development,12,0,decode_failed,0.2,3,04500e9d2760c221f1560cd21b3181fb06d95830cfd485d798c9fc2d6c978ab3,0
b3d02c580220d43fbbcc619da510f7969989f639946b4f6cd420d888f3bdb796,True,False,32,nbldpc_formal_v4_ir_q1024_p20_development_024,32,384,5.421010862427522e-20,nbldpc_v4_control,cfda85c0312f7c7629c29db737ef2690c7bcc07d284b89946f7b95f96b82482c,5.421010862427522e-20,705,development,3,0,verified_success,0.2,4,f4f1b9ed55df9a6244c0eedd99ab70d456bc5394b36e0e7207554c0bd2dedcf3,1
a04cf61b50afdf797aded61ab666587cddd63e29f838bb02eb3572fcc97ad1e7,True,False,32,nbldpc_formal_v4_ir_q1024_p20_development_025,32,384,5.421010862427522e-20,nbldpc_v4_control,cfda85c0312f7c7629c29db737ef2690c7bcc07d284b89946f7b95f96b82482c,5.421010862427522e-20,705,development,3,0,verified_success,0.2,4,7df989fd4e38799380ea72b98e106e57037f3cc0cebd568c7a3dc1bf246d7b3c,1
d6fea7b6328a6a517d75edfaa3177a04378e322e3bff081ab23394087658498c,True,False,32,nbldpc_formal_v4_ir_q1024_p20_development_026,32,384,5.421010862427522e-20,nbldpc_v4_control,cfda85c0312f7c7629c29db737ef2690c7bcc07d284b89946f7b95f96b82482c,5.421010862427522e-20,705,development,4,0,verified_success,0.2,4,7abe97844949a3602e75ae5c83faec4a47310350bd3ad0278bc970ce8768e4a0,1
76d626de04403024d274820dc636182036f7e309647c0a1c57931306dd4fc28c,True,False,32,nbldpc_formal_v4_ir_q1024_p20_development_027,32,384,5.421010862427522e-20,nbldpc_v4_control,cfda85c0312f7c7629c29db737ef2690c7bcc07d284b89946f7b95f96b82482c,5.421010862427522e-20,705,development,2,0,verified_success,0.2,4,e272f6d1895413708eb6b8511d1b7cbec3295cad67f119eeb95fb86b7f4f33fe,1
448f52952d604b1481bf02b04a2851f971a5e154c1fcf513547b0995aab03229,True,False,32,nbldpc_formal_v4_ir_q1024_p20_development_028,32,384,5.421010862427522e-20,nbldpc_v4_control,cfda85c0312f7c7629c29db737ef2690c7bcc07d284b89946f7b95f96b82482c,5.421010862427522e-20,705,development,3,0,verified_success,0.2,4,4a8e67b3991295314ace72d6691d14632e19b26869d7efef7b2615335b43f2ad,1
26a57a8c590ead68ae3860392ed36111e704ea46587b91c1014052728260b51d,True,False,32,nbldpc_formal_v4_ir_q1024_p20_development_029,32,384,5.421010862427522e-20,nbldpc_v4_control,cfda85c0312f7c7629c29db737ef2690c7bcc07d284b89946f7b95f96b82482c,5.421010862427522e-20,705,development,2,0,verified_success,0.2,4,dd20778e6a16ecc547a802d5537443bf80d72bda8e9d366b0b94b12a21bfa491,1
23818f6ae2aefc9fe0e400b3d08d3b3bd531024f46a8abcd549f3ca1b75bb0eb,True,False,32,nbldpc_formal_v4_ir_q1024_p20_development_030,32,384,5.421010862427522e-20,nbldpc_v4_control,cfda85c0312f7c7629c29db737ef2690c7bcc07d284b89946f7b95f96b82482c,5.421010862427522e-20,705,development,2,0,verified_success,0.2,4,18fced9cf28ed8e1b04125cf271bec0c9fa0e88eed13c6c035f8b43a56900134,1
23b1e5f794dc6f743b3a077f971d926a97309e33f6d3b95e83138e28a0d26464,True,False,32,nbldpc_formal_v4_ir_q1024_p20_development_031,32,384,5.421010862427522e-20,nbldpc_v4_control,cfda85c0312f7c7629c29db737ef2690c7bcc07d284b89946f7b95f96b82482c,5.421010862427522e-20,705,development,2,0,verified_success,0.2,4,02c113c59fa694b6647a11105d2bf5a0b4f86b38059614cc7c642173a10feb32,1
3cf7e7a1e31061ebae59fd447bc5a95b22a6953fb5f27da2554751a01576ffbf,True,False,32,nbldpc_formal_v4_ir_q1024_p20_development_032,32,384,5.421010862427522e-20,nbldpc_v4_control,cfda85c0312f7c7629c29db737ef2690c7bcc07d284b89946f7b95f96b82482c,5.421010862427522e-20,705,development,4,0,verified_success,0.2,4,9651db7ae270b65b58ac1f523075fe98e6fdfc234cf1d16f2b5a111bc176c4ec,1
25fdfb05d92c70645b2df1877e3f2ebb1556162e98a18d940c97913c79d2eb34,True,False,32,nbldpc_formal_v4_ir_q1024_p20_development_033,32,384,5.421010862427522e-20,nbldpc_v4_control,cfda85c0312f7c7629c29db737ef2690c7bcc07d284b89946f7b95f96b82482c,5.421010862427522e-20,705,development,2,0,verified_success,0.2,4,3d617c2a569db9aa911951e7a60985436c7cf8430a768e26f6c543760485cde9,1
4c7e6ff0974eacec096817b9208ec02f7abad262db5c022e5b8c1fec7fb3ac05,True,False,32,nbldpc_formal_v4_ir_q1024_p20_development_034,32,384,5.421010862427522e-20,nbldpc_v4_control,cfda85c0312f7c7629c29db737ef2690c7bcc07d284b89946f7b95f96b82482c,5.421010862427522e-20,705,development,3,0,verified_success,0.2,4,4ded785c1e81b50581bf07433a14a03472ef30ea9640ab327454371cdb824aed,1
3b1ac64d9beba7ee18c145f33984eeea990fd79f79d8b0e1a03a5fd53b3823c3,True,False,32,nbldpc_formal_v4_ir_q1024_p20_development_035,32,384,5.421010862427522e-20,nbldpc_v4_control,cfda85c0312f7c7629c29db737ef2690c7bcc07d284b89946f7b95f96b82482c,5.421010862427522e-20,705,development,2,0,verified_success,0.2,4,d71987861f8cfb2a4f3da6b1e00c34c95244f2cee1d3c70086f83bd5c2397d78,1
86b92e96d17520d93382abc26918542233aa8021acf4734e471a50f000ecff34,True,False,32,nbldpc_formal_v4_ir_q1024_p20_development_036,32,384,5.421010862427522e-20,nbldpc_v4_control,cfda85c0312f7c7629c29db737ef2690c7bcc07d284b89946f7b95f96b82482c,5.421010862427522e-20,705,development,2,0,verified_success,0.2,4,0718689cc577d2d5f0cfd0143a3dbdaa17046ed03f7f5e849c21827baf8034d5,1
105bea119cc7a274c25ac1872004adefac2b99a871ca4cebb387ffe57225db3b,True,False,32,nbldpc_formal_v4_ir_q1024_p20_development_037,32,384,5.421010862427522e-20,nbldpc_v4_control,cfda85c0312f7c7629c29db737ef2690c7bcc07d284b89946f7b95f96b82482c,5.421010862427522e-20,705,development,3,0,verified_success,0.2,4,e97b0dfa128d0b830a0eb63f959a80013617a5524ed9621a962c65240fb7c536,1
2a50a0a8984b0486d6be5f08eecd2f31e984f145e685256ab2aed59e5bb858b8,True,False,32,nbldpc_formal_v4_ir_q1024_p20_development_038,32,384,5.421010862427522e-20,nbldpc_v4_control,cfda85c0312f7c7629c29db737ef2690c7bcc07d284b89946f7b95f96b82482c,5.421010862427522e-20,705,development,5,0,verified_success,0.2,4,0c3ffdde1e68a9e3d1d0df6f322fba01d089916587fa35dbb77f0d1240f74b19,1
7b4ced87978e993ddfb9ad8e6d70767c80ef902f577ea2025c9982597a1bf6a1,True,False,32,nbldpc_formal_v4_ir_q1024_p20_development_039,32,384,5.421010862427522e-20,nbldpc_v4_control,cfda85c0312f7c7629c29db737ef2690c7bcc07d284b89946f7b95f96b82482c,5.421010862427522e-20,705,development,2,0,verified_success,0.2,4,a44d6d45626ff2205e970c67e3b5d9193c47aea96417887327b0526aee46e3c0,1
b7c400800341af5e5a681da282d40a6618e76dbb069c615dc444d10f2d14f29c,True,False,32,nbldpc_formal_v4_ir_q1024_p20_development_040,32,384,5.421010862427522e-20,nbldpc_v4_control,cfda85c0312f7c7629c29db737ef2690c7bcc07d284b89946f7b95f96b82482c,5.421010862427522e-20,705,development,1,0,verified_success,0.2,4,d10236ea2128907c8013a571fcb9d7402b90e49c354494c94ade673f5dbe2544,1
df50a659c3f5e2b50708cd26bc06e4ebdfeb1b9c8355c81914ad6e625f7329fa,True,False,32,nbldpc_formal_v4_ir_q1024_p20_development_041,32,384,5.421010862427522e-20,nbldpc_v4_control,cfda85c0312f7c7629c29db737ef2690c7bcc07d284b89946f7b95f96b82482c,5.421010862427522e-20,705,development,1,0,verified_success,0.2,4,ebdb50bb80e7f7c8c21137b014bf1f168ee3d9e46d00827294348d0ac5473822,1
716d53d1b088033d50291fbae28db9fe976cc671623654cae7b58cc869270d3f,True,False,32,nbldpc_formal_v4_ir_q1024_p20_development_042,32,384,5.421010862427522e-20,nbldpc_v4_control,cfda85c0312f7c7629c29db737ef2690c7bcc07d284b89946f7b95f96b82482c,5.421010862427522e-20,705,development,2,0,verified_success,0.2,4,8a46f85889725692255c9bde168b9e02704822e88d873e935437ee77dc52edcd,1
b127ea81ae7b07dabb1d7bbb2e311c04443b60e7186b30c8454baf8f8a70b4d9,True,False,32,nbldpc_formal_v4_ir_q1024_p20_development_043,32,320,,nbldpc_v4_control,cfda85c0312f7c7629c29db737ef2690c7bcc07d284b89946f7b95f96b82482c,5.421010862427522e-20,2,development,12,0,decode_failed,0.2,3,e378cc0b1a1b6cb5956076b484d45b653228ab687fd6b6568ec2e926f2bd4736,0
c7296fd10350670f32d8074be65b250e7f016ac76387fac64e5c82ee41a95ce6,True,False,32,nbldpc_formal_v4_ir_q1024_p20_development_044,32,384,5.421010862427522e-20,nbldpc_v4_control,cfda85c0312f7c7629c29db737ef2690c7bcc07d284b89946f7b95f96b82482c,5.421010862427522e-20,705,development,4,0,verified_success,0.2,4,28f77972dd37f4ef891097abf2089446072b226c191efe28a1ab47b66f2c42d6,1
7c556c1d284e6d085e2397df3b170047e51aa8df61462b2cc2511dc4d3ea1aa8,True,False,32,nbldpc_formal_v4_ir_q1024_p20_development_045,32,320,,nbldpc_v4_control,cfda85c0312f7c7629c29db737ef2690c7bcc07d284b89946f7b95f96b82482c,5.421010862427522e-20,2,development,12,0,decode_failed,0.2,3,6f916c62d4bb15c4083a73c33e2714dfefb62f331f4f07647444553c73d1df57,0
6291cea175b33ba41542ea0674002c462e8aae02b009c933474dda25bcb84ba8,True,False,32,nbldpc_formal_v4_ir_q1024_p20_development_046,32,384,5.421010862427522e-20,nbldpc_v4_control,cfda85c0312f7c7629c29db737ef2690c7bcc07d284b89946f7b95f96b82482c,5.421010862427522e-20,705,development,2,0,verified_success,0.2,4,e736d2e50a7d9bdbd1126ce5f02519857ef83535f85b67ffaa89411242d008c8,1
f9bc6426cf6127e0e2d47b2011e4dbbab4e209e6a8097922a21fe044096a380c,True,False,32,nbldpc_formal_v4_ir_q1024_p20_development_047,32,384,5.421010862427522e-20,nbldpc_v4_control,cfda85c0312f7c7629c29db737ef2690c7bcc07d284b89946f7b95f96b82482c,5.421010862427522e-20,705,development,3,0,verified_success,0.2,4,8dd4f7da996d5fb45887c725d7b4c2f1c92d19a4c4762fb587869bdfd1e30570,1
91fa309d3d550a16cf940e59f65102193bd27201925dcb22f40f7c1bd284b353,True,False,32,nbldpc_formal_v4_ir_q1024_p20_development_048,32,384,5.421010862427522e-20,nbldpc_v4_control,cfda85c0312f7c7629c29db737ef2690c7bcc07d284b89946f7b95f96b82482c,5.421010862427522e-20,705,development,2,0,verified_success,0.2,4,2cc0b62bc488b6935fc37b2e72686277674ac09a3f83b294024f4e0c1d4d9f52,1
779dc52c4b4dd208feb6d0b4431b72e75ab15cfc8113281fe5a2306564dffb78,True,False,32,nbldpc_formal_v4_ir_q1024_p20_development_049,32,384,5.421010862427522e-20,nbldpc_v4_control,cfda85c0312f7c7629c29db737ef2690c7bcc07d284b89946f7b95f96b82482c,5.421010862427522e-20,705,development,3,0,verified_success,0.2,4,cce813cf1578776a19f879fb5aa75324e7aef157c7359908bb99b8b4f07e34f1,1
cf89f76d654430e521442c0fb518feaef84b1453881127c87da670d8ef0ad7c6,True,False,32,nbldpc_formal_v4_ir_q1024_p20_development_050,32,320,,nbldpc_v4_control,cfda85c0312f7c7629c29db737ef2690c7bcc07d284b89946f7b95f96b82482c,5.421010862427522e-20,2,development,12,0,decode_failed,0.2,3,dcfc25dc41c1ff9720b864f243dfd2e4552b869def2fcf7501744dcd224401fb,0
66720ce7ab839dbd2aaaa7f18f4ac160553bc4d8568f7960eff95acb852855dc,True,False,32,nbldpc_formal_v4_ir_q1024_p20_development_051,32,384,5.421010862427522e-20,nbldpc_v4_control,cfda85c0312f7c7629c29db737ef2690c7bcc07d284b89946f7b95f96b82482c,5.421010862427522e-20,705,development,2,0,verified_success,0.2,4,f7be988f8f59b17c7638d9a0094039fcd9d47277fa82894a3992309483cc6c8b,1
912fde9d9d5b34464b04f111fb99e2995f18435bce0cd52c0a2b1056a3ccf05b,True,False,32,nbldpc_formal_v4_ir_q1024_p20_development_052,32,384,5.421010862427522e-20,nbldpc_v4_control,cfda85c0312f7c7629c29db737ef2690c7bcc07d284b89946f7b95f96b82482c,5.421010862427522e-20,705,development,2,0,verified_success,0.2,4,54331b30cb74e9dac5d7a2be9f6a6e5275b0e24b1c4ae878faddddef3b88136f,1
4bc6849fa15257dd2c4c7d9b6e15e2ff743d0dd9aae05fdcc712f5627af3efa1,True,False,32,nbldpc_formal_v4_ir_q1024_p20_development_053,32,384,5.421010862427522e-20,nbldpc_v4_control,cfda85c0312f7c7629c29db737ef2690c7bcc07d284b89946f7b95f96b82482c,5.421010862427522e-20,705,development,3,0,verified_success,0.2,4,4cade5850b82bd225827459ad8c1a571855e51788b70ebc55e52fc9e860f8226,1
88ce5827f6e10812bef97ec9b199f14b4442c062d865e054888726693422dd74,True,False,32,nbldpc_formal_v4_ir_q1024_p20_development_054,32,384,5.421010862427522e-20,nbldpc_v4_control,cfda85c0312f7c7629c29db737ef2690c7bcc07d284b89946f7b95f96b82482c,5.421010862427522e-20,705,development,3,0,verified_success,0.2,4,bf432831df29f10fac7470e8e14b9d5f0dfb3ff3f8c6b014e276eb8a700efb7c,1
0221f3f2530d0241ca1ec0666a3e2b8704f0c78a4be3f6b4867b2971b4bcf9eb,True,False,32,nbldpc_formal_v4_ir_q1024_p20_development_055,32,384,5.421010862427522e-20,nbldpc_v4_control,cfda85c0312f7c7629c29db737ef2690c7bcc07d284b89946f7b95f96b82482c,5.421010862427522e-20,705,development,2,0,verified_success,0.2,4,b612c84aa4edf41a91c79968c4b602a06d57587e088fef334bf291a99d6563c7,1
8120af9cb2792ae62703696b23e2046a58af0052beb2f20c5eb0e9e371a644e3,True,False,32,nbldpc_formal_v4_ir_q1024_p20_development_056,32,384,5.421010862427522e-20,nbldpc_v4_control,cfda85c0312f7c7629c29db737ef2690c7bcc07d284b89946f7b95f96b82482c,5.421010862427522e-20,705,development,3,0,verified_success,0.2,4,244e44c048617e6dcb76b35b2cf80257d3dd2d9f28c49241dd0bf49171ddc8e3,1
055d15f556332cfc0905866d308a6892e8f3bf1464353babb8dbf5bb87e81f1c,True,False,32,nbldpc_formal_v4_ir_q1024_p20_development_057,32,384,5.421010862427522e-20,nbldpc_v4_control,cfda85c0312f7c7629c29db737ef2690c7bcc07d284b89946f7b95f96b82482c,5.421010862427522e-20,705,development,3,0,verified_success,0.2,4,04d241f392a4fba47cd9712335d45ea9ba040710ccb21169af019762a23b2d9e,1
b1023963b8202b5f450e4a5667b939d67315c2a03876ed55a32dfc6109580098,True,False,32,nbldpc_formal_v4_ir_q1024_p20_development_058,32,384,5.421010862427522e-20,nbldpc_v4_control,cfda85c0312f7c7629c29db737ef2690c7bcc07d284b89946f7b95f96b82482c,5.421010862427522e-20,705,development,3,0,verified_success,0.2,4,a1bc6898b42dbfb771e2fe25854ec1a34789814f7b1666ea9b14452f28ad4905,1
3527fae656428307ee042140780886cf39845b6f0b0f08e5502b19c940378ce5,True,False,32,nbldpc_formal_v4_ir_q1024_p20_development_059,32,384,5.421010862427522e-20,nbldpc_v4_control,cfda85c0312f7c7629c29db737ef2690c7bcc07d284b89946f7b95f96b82482c,5.421010862427522e-20,705,development,2,0,verified_success,0.2,4,41db99952215a5e67d1da2f4573143db1841dc4caa1c1501c49d4fd27ef83078,1
1e993f64ed98ff1b6964299ae7801961b8a7e7492b3f607155ef41e4dc61110f,True,False,32,nbldpc_formal_v4_ir_q1024_p20_development_060,32,384,5.421010862427522e-20,nbldpc_v4_control,cfda85c0312f7c7629c29db737ef2690c7bcc07d284b89946f7b95f96b82482c,5.421010862427522e-20,705,development,3,0,verified_success,0.2,4,61cfcd51d670ed1d90b1f90ac8a7b8a21c4ea779b52218b22faa76fd498a29d4,1
20d00fcb64852843c4bedbb2a1afbd2d0d5fd65ff2769e3fc979cc7e0e9a0c3b,True,False,32,nbldpc_formal_v4_ir_q1024_p20_development_061,32,384,5.421010862427522e-20,nbldpc_v4_control,cfda85c0312f7c7629c29db737ef2690c7bcc07d284b89946f7b95f96b82482c,5.421010862427522e-20,705,development,3,0,verified_success,0.2,4,441717bb04d3ba1d3e92bc69aaf16c1c67ddf1085e919f5559b4d9288ff952df,1
d6aa6871876beb66bac01101775dd94f081585a664e4996da4e988d1bb035646,True,False,32,nbldpc_formal_v4_ir_q1024_p20_development_062,32,384,5.421010862427522e-20,nbldpc_v4_control,cfda85c0312f7c7629c29db737ef2690c7bcc07d284b89946f7b95f96b82482c,5.421010862427522e-20,705,development,2,0,verified_success,0.2,4,eda4a21a4b677239dbefbfeace30895889d455a859dfa873ac3ce9de39c032ca,1
02f4c0b48930339aba0c7c783c7851bcea2cbc163864074c75e5c5c51f4e3272,True,False,32,nbldpc_formal_v4_ir_q1024_p20_development_063,32,384,5.421010862427522e-20,nbldpc_v4_control,cfda85c0312f7c7629c29db737ef2690c7bcc07d284b89946f7b95f96b82482c,5.421010862427522e-20,705,development,6,0,verified_success,0.2,4,7f4f9780afda9e1b35c92e8cd47ed3da33dd958aea3c78c6828c5f34bf271139,1
a26a319d1cb4f3bde1c72a67db88b4090a691db7eb97ab15bb3b56a3b4931221,True,False,40,nbldpc_formal_v4_ir_q1024_p30_development_000,40,400,,nbldpc_v4_control,cfda85c0312f7c7629c29db737ef2690c7bcc07d284b89946f7b95f96b82482c,5.421010862427522e-20,2,development,12,0,decode_failed,0.3,3,22218d152eb86e9bdd8bb49ef72a218a463313e1139069870b20bce5781681e1,0
6bf14d6a7cbaa397505004fa0dd4beb116b295593f2dd52b7b425fa6210d0a4f,True,False,40,nbldpc_formal_v4_ir_q1024_p30_development_001,40,464,5.421010862427522e-20,nbldpc_v4_control,cfda85c0312f7c7629c29db737ef2690c7bcc07d284b89946f7b95f96b82482c,5.421010862427522e-20,705,development,3,0,verified_success,0.3,4,f8a946478e74d167a36e2d446dcba96746fc156c0112df60251c873d0baf53dc,1
5b60bb43be8554b3f296921cff77e98665cdf2c040cf8e8cb39a6b5fdfddf8cf,True,False,40,nbldpc_formal_v4_ir_q1024_p30_development_002,40,464,5.421010862427522e-20,nbldpc_v4_control,cfda85c0312f7c7629c29db737ef2690c7bcc07d284b89946f7b95f96b82482c,5.421010862427522e-20,705,development,4,0,verified_success,0.3,4,286329d54e04ee51041f053a9446026a5033d0791818ac84ad3984d6e85a7f74,1
e1fb2fcddfb2adf3a75c64c73f92bf9e007afa9c60589dd6157fe903c795c0a5,True,False,40,nbldpc_formal_v4_ir_q1024_p30_development_003,40,464,5.421010862427522e-20,nbldpc_v4_control,cfda85c0312f7c7629c29db737ef2690c7bcc07d284b89946f7b95f96b82482c,5.421010862427522e-20,705,development,2,0,verified_success,0.3,4,03b912c09859cffdc331e770605e99ea0958dcea44bbf548691cbf67a4f30f56,1
ef19c1563d80c51f8beba2e1b8e83774c940d7f43a7d74aa8ee96eae8a878a78,True,False,40,nbldpc_formal_v4_ir_q1024_p30_development_004,40,464,5.421010862427522e-20,nbldpc_v4_control,cfda85c0312f7c7629c29db737ef2690c7bcc07d284b89946f7b95f96b82482c,5.421010862427522e-20,705,development,3,0,verified_success,0.3,4,ac09981726ba84f5622caa5b966f7b0b632f713303f75e447254498336bfaa1a,1
72e56662e3a75bf6b442c785a3452d7692c60c4a2618d4fbccc7a6f6d4b95e07,True,False,40,nbldpc_formal_v4_ir_q1024_p30_development_005,40,464,5.421010862427522e-20,nbldpc_v4_control,cfda85c0312f7c7629c29db737ef2690c7bcc07d284b89946f7b95f96b82482c,5.421010862427522e-20,705,development,11,0,verified_success,0.3,4,d2bbfd87a20b8eed63544449e54bf621dcd25cc2ae81c71545cfbb81d91f8e8f,1
48b4a26217057dd5e492e4a53f35e93ccfeffa6ea084194373a6fb9ae81f31a3,True,False,40,nbldpc_formal_v4_ir_q1024_p30_development_006,40,464,5.421010862427522e-20,nbldpc_v4_control,cfda85c0312f7c7629c29db737ef2690c7bcc07d284b89946f7b95f96b82482c,5.421010862427522e-20,705,development,2,0,verified_success,0.3,4,76e3fadfc6cc827c1bf0e208c55a46c1a4963d6b90d3b6fa3ae624eb237c7c1d,1
dc162aa770c37f3f9b60ce2df0a349a913b2f1704c953e8f8d6ec0a47fe007e1,True,False,40,nbldpc_formal_v4_ir_q1024_p30_development_007,40,464,5.421010862427522e-20,nbldpc_v4_control,cfda85c0312f7c7629c29db737ef2690c7bcc07d284b89946f7b95f96b82482c,5.421010862427522e-20,705,development,5,0,verified_success,0.3,4,d17580d3e62c17fb05d081900fb4667f3fcb449cbcc92c89c5f7d488c00a32ba,1
64a52fa84e1aaedbef8b9ee2cc1328f8295f6b28ba6a23ed8057887a4c3dd9c3,True,False,40,nbldpc_formal_v4_ir_q1024_p30_development_008,40,400,,nbldpc_v4_control,cfda85c0312f7c7629c29db737ef2690c7bcc07d284b89946f7b95f96b82482c,5.421010862427522e-20,2,development,12,0,decode_failed,0.3,3,def2027c44df2df73ac862a7618a35f5bd3793cda9210e0ce26b05641e5a1c87,0
e7881172590ad86461fd99a4d0f85c625d72d591877200100a811a17920208d4,True,False,40,nbldpc_formal_v4_ir_q1024_p30_development_009,40,464,5.421010862427522e-20,nbldpc_v4_control,cfda85c0312f7c7629c29db737ef2690c7bcc07d284b89946f7b95f96b82482c,5.421010862427522e-20,705,development,3,0,verified_success,0.3,4,70ef6d0fbdd2a669e659fe550ae847f5e0669af8990acc2ce8f47577e187e4d8,1
948395c705a5d43c0d24f186bf14e7cffefc5f21871d2192025afb0eac302f51,True,False,40,nbldpc_formal_v4_ir_q1024_p30_development_010,40,464,5.421010862427522e-20,nbldpc_v4_control,cfda85c0312f7c7629c29db737ef2690c7bcc07d284b89946f7b95f96b82482c,5.421010862427522e-20,705,development,7,0,verified_success,0.3,4,35b778b6561f4be8e18d21a87b1e5fcfc0b2dbe15d54f5448b17e2bbce4e4adc,1
40ae376e4acd09f8119066abeb4a9824fe82109444fe809231c9816102250650,True,False,40,nbldpc_formal_v4_ir_q1024_p30_development_011,40,464,5.421010862427522e-20,nbldpc_v4_control,cfda85c0312f7c7629c29db737ef2690c7bcc07d284b89946f7b95f96b82482c,5.421010862427522e-20,705,development,5,0,verified_success,0.3,4,46181c64d6c3da9ab11c713e4e5e44dd8dfa7e785bbab2a5e1195095b07b74ea,1
a6bf4aaa9fe8545a7e20cba6fae843ba0f56f2cc1bf5f3bd5a6fc1e545030ef8,True,False,40,nbldpc_formal_v4_ir_q1024_p30_development_012,40,464,5.421010862427522e-20,nbldpc_v4_control,cfda85c0312f7c7629c29db737ef2690c7bcc07d284b89946f7b95f96b82482c,5.421010862427522e-20,705,development,3,0,verified_success,0.3,4,83a343b7d98b31d7fe315b5e5e10067e08d9fb135f502b5731fc32fd2c5f4a36,1
411821c7e5e8427bd6efa71e5eb0ccabce5f6f4459278114397a95777899518c,True,False,40,nbldpc_formal_v4_ir_q1024_p30_development_013,40,464,5.421010862427522e-20,nbldpc_v4_control,cfda85c0312f7c7629c29db737ef2690c7bcc07d284b89946f7b95f96b82482c,5.421010862427522e-20,705,development,5,0,verified_success,0.3,4,be7bf1213633db75ed25970bd07a5214c1567fc950399a15566121ffbad67a02,1
080d58eb00a1000ba9d5b2c93e25f73468c4c5645b53309dd2d4c8ef503500f6,True,False,40,nbldpc_formal_v4_ir_q1024_p30_development_014,40,464,5.421010862427522e-20,nbldpc_v4_control,cfda85c0312f7c7629c29db737ef2690c7bcc07d284b89946f7b95f96b82482c,5.421010862427522e-20,705,development,3,0,verified_success,0.3,4,e1230bca5d7d52c07d932af9e223be6cdfa36881581413aed74962f8a3bcad8d,1
e7a079e48713a5e5bc930765b6a079c1f59560627c9c46ffbb67fd46e34d071c,True,False,40,nbldpc_formal_v4_ir_q1024_p30_development_015,40,464,5.421010862427522e-20,nbldpc_v4_control,cfda85c0312f7c7629c29db737ef2690c7bcc07d284b89946f7b95f96b82482c,5.421010862427522e-20,705,development,2,0,verified_success,0.3,4,928c17e4442bf573636e1606ce9f3ec89dde12564a15aef9c252288a47480594,1
650f02b1dbd97d4be2f8df636191cc8a7678c00ff1c09c746582481fdcbfbc49,True,False,40,nbldpc_formal_v4_ir_q1024_p30_development_016,40,464,5.421010862427522e-20,nbldpc_v4_control,cfda85c0312f7c7629c29db737ef2690c7bcc07d284b89946f7b95f96b82482c,5.421010862427522e-20,705,development,6,0,verified_success,0.3,4,8260bc2a47ce6a9cb71e91a1b5dd60ed58309391b601b760ffa5c5f3fae7119d,1
122042cf9a0c52a97ecdf2d2276d3d307780401fd63b1c60f3620249073d58de,True,False,40,nbldpc_formal_v4_ir_q1024_p30_development_017,40,464,5.421010862427522e-20,nbldpc_v4_control,cfda85c0312f7c7629c29db737ef2690c7bcc07d284b89946f7b95f96b82482c,5.421010862427522e-20,705,development,2,0,verified_success,0.3,4,16d63081d9ba12e8e2149ce2804d0169f5daeb14c304c99754e4fa58b5b60ff9,1
4f09bb917dd6a75462afe8c8f5d4cd1af1c3a4bdcff56f0a58b8f2eb0f7f03db,True,False,40,nbldpc_formal_v4_ir_q1024_p30_development_018,40,464,5.421010862427522e-20,nbldpc_v4_control,cfda85c0312f7c7629c29db737ef2690c7bcc07d284b89946f7b95f96b82482c,5.421010862427522e-20,705,development,4,0,verified_success,0.3,4,20b5b7610699c5eea190eb0322b67a3e69435b01a349f548c4ea369bc4c9f00b,1
6c5bccb8965110b48129c71ed65ff772edd2658026877f99455c6ef7b8fd4e44,True,False,40,nbldpc_formal_v4_ir_q1024_p30_development_019,40,464,5.421010862427522e-20,nbldpc_v4_control,cfda85c0312f7c7629c29db737ef2690c7bcc07d284b89946f7b95f96b82482c,5.421010862427522e-20,705,development,2,0,verified_success,0.3,4,8ae67599c6d1031c16b8410921d8fec70eac7ace2df3462d2f8708572e7d7f70,1
00aa1dbc233daab57ee839d62200f4ce0dda78062440388888a7923b44a4ccc4,True,False,40,nbldpc_formal_v4_ir_q1024_p30_development_020,40,464,5.421010862427522e-20,nbldpc_v4_control,cfda85c0312f7c7629c29db737ef2690c7bcc07d284b89946f7b95f96b82482c,5.421010862427522e-20,705,development,2,0,verified_success,0.3,4,17bdd52ba0b1b04a2fca2c4337b51887abf1885bd1fccda61b8763781e6374df,1
218fdf09d89bc3a1dbb1094938a6ddc77343c497f688feebb0380e9029a36966,True,False,40,nbldpc_formal_v4_ir_q1024_p30_development_021,40,464,5.421010862427522e-20,nbldpc_v4_control,cfda85c0312f7c7629c29db737ef2690c7bcc07d284b89946f7b95f96b82482c,5.421010862427522e-20,705,development,3,0,verified_success,0.3,4,78da1808f1791a4d95b3d2380e54411f3a4008c66c7618f2ac8d97e8a2d11ac3,1
1b3cfb7dc61c88f2c0a4f6e4293fbdda60b08aa655be90e224cf845f64cdf226,True,False,40,nbldpc_formal_v4_ir_q1024_p30_development_022,40,464,5.421010862427522e-20,nbldpc_v4_control,cfda85c0312f7c7629c29db737ef2690c7bcc07d284b89946f7b95f96b82482c,5.421010862427522e-20,705,development,2,0,verified_success,0.3,4,c1e8e08a56a21db2d5d18dfb4d99f3ebf354f8c2f603111d63b4caf7254eff31,1
04a6d0032590c5a0b0ba89a77c9a1c6819ab01ee637b5896b1db7f02099ec277,True,False,40,nbldpc_formal_v4_ir_q1024_p30_development_023,40,464,5.421010862427522e-20,nbldpc_v4_control,cfda85c0312f7c7629c29db737ef2690c7bcc07d284b89946f7b95f96b82482c,5.421010862427522e-20,705,development,2,0,verified_success,0.3,4,8a7d988550934aaba66ce589bbb0c0322859337c4858365888bbcf34eb81070f,1
c17cb62057c780ed7340eb28511bcdb808a93e2e8f46455df98f82d9fc5d5d2f,True,False,40,nbldpc_formal_v4_ir_q1024_p30_development_024,40,464,5.421010862427522e-20,nbldpc_v4_control,cfda85c0312f7c7629c29db737ef2690c7bcc07d284b89946f7b95f96b82482c,5.421010862427522e-20,705,development,4,0,verified_success,0.3,4,da7bec4e5a1a0751d59ace9516fa55c0eaa8f846455d01e004265a237f7a0d88,1
6348e6245356e578a104e8ff20efeaa0dd9249eeda942fc0f06c0f035f5f33ff,True,False,40,nbldpc_formal_v4_ir_q1024_p30_development_025,40,464,5.421010862427522e-20,nbldpc_v4_control,cfda85c0312f7c7629c29db737ef2690c7bcc07d284b89946f7b95f96b82482c,5.421010862427522e-20,705,development,4,0,verified_success,0.3,4,76d182d1acdb544d417aaf6b03dd38dc1342ec77c44f8b5ff11ed82c43308e67,1
c487639a04d475add3a9349b322c57c13a68c6d416b7d617e5997e2862351e4f,True,False,40,nbldpc_formal_v4_ir_q1024_p30_development_026,40,400,,nbldpc_v4_control,cfda85c0312f7c7629c29db737ef2690c7bcc07d284b89946f7b95f96b82482c,5.421010862427522e-20,2,development,12,0,decode_failed,0.3,3,c9fcbc07f37113f6b2dd66cad3f7b9f3087101d58501eefa26433f84ee16fc49,0
243b8ebd3d4cfaab97d884a1bbb45db1e09158274ff8af9aa78e12a639fd84b8,True,False,40,nbldpc_formal_v4_ir_q1024_p30_development_027,40,464,5.421010862427522e-20,nbldpc_v4_control,cfda85c0312f7c7629c29db737ef2690c7bcc07d284b89946f7b95f96b82482c,5.421010862427522e-20,705,development,2,0,verified_success,0.3,4,24bb81025c748b4ced9e3db4948047bcd86e7c187368a20d68b1ba1486b3f49a,1
e07debd5d4c2185661738ba35bb54cd46aeeb8228c786af686b3eba5c983f9b9,True,False,40,nbldpc_formal_v4_ir_q1024_p30_development_028,40,464,5.421010862427522e-20,nbldpc_v4_control,cfda85c0312f7c7629c29db737ef2690c7bcc07d284b89946f7b95f96b82482c,5.421010862427522e-20,705,development,3,0,verified_success,0.3,4,9df448661aa35e3c40226c8118fee0b4552f6ae5ca652cec77e1180e15ebf1e7,1
7d10855a28b710815dfaf58c5f7d9c76ac87414c9c2ca218e44ecfc2f3412e1e,True,False,40,nbldpc_formal_v4_ir_q1024_p30_development_029,40,464,5.421010862427522e-20,nbldpc_v4_control,cfda85c0312f7c7629c29db737ef2690c7bcc07d284b89946f7b95f96b82482c,5.421010862427522e-20,705,development,5,0,verified_success,0.3,4,dcaadb7032a26c009fd1f6f99a44b574b611dcaf922f0fafa8365200ef352179,1
08d052c81cc333ebeaa383dae610edbc6580ff3ac664636b91dc19eb8df5d210,True,False,40,nbldpc_formal_v4_ir_q1024_p30_development_030,40,464,5.421010862427522e-20,nbldpc_v4_control,cfda85c0312f7c7629c29db737ef2690c7bcc07d284b89946f7b95f96b82482c,5.421010862427522e-20,705,development,3,0,verified_success,0.3,4,cca24ed70f67b68b56789ed994618df642bcbf10d6667e76f0455d57231a918c,1
cf4a1abbcc9ec5bf31bc11736923063193329de26a0f5c1e515de6e4ddd1185e,True,False,40,nbldpc_formal_v4_ir_q1024_p30_development_031,40,464,5.421010862427522e-20,nbldpc_v4_control,cfda85c0312f7c7629c29db737ef2690c7bcc07d284b89946f7b95f96b82482c,5.421010862427522e-20,705,development,3,0,verified_success,0.3,4,f7dabb0f5bd7136b6ebaef9b26aee5e553d7f3a6913f32ce67053d31aaa3aa18,1
c1ff3e0c5ee16115049d33163f9555a9623aa1ad3e9e5f71e95378d962d9fd83,True,False,40,nbldpc_formal_v4_ir_q1024_p30_development_032,40,464,5.421010862427522e-20,nbldpc_v4_control,cfda85c0312f7c7629c29db737ef2690c7bcc07d284b89946f7b95f96b82482c,5.421010862427522e-20,705,development,2,0,verified_success,0.3,4,ae81055530284d5bd175b2ef1cd35c8eac4a778785640905e3aecaf003cf4901,1
76285304bc8f3d90ec78af61a764b94ff793a033d221ab69300924685ce2f7c2,True,False,40,nbldpc_formal_v4_ir_q1024_p30_development_033,40,464,5.421010862427522e-20,nbldpc_v4_control,cfda85c0312f7c7629c29db737ef2690c7bcc07d284b89946f7b95f96b82482c,5.421010862427522e-20,705,development,3,0,verified_success,0.3,4,d820aa6d8c8d1743e2dab9431fa7e0895b6d0fabf164ec5581e6f333db77ee21,1
34a791ed1e0bf609477afbfedab7bfd8255922280994d24d57a311289934f9f1,True,False,40,nbldpc_formal_v4_ir_q1024_p30_development_034,40,464,5.421010862427522e-20,nbldpc_v4_control,cfda85c0312f7c7629c29db737ef2690c7bcc07d284b89946f7b95f96b82482c,5.421010862427522e-20,705,development,2,0,verified_success,0.3,4,2dd71d5a22ca09cc01f074f1692dd021c6632ec75166716c5a957bc76714c0eb,1
1a15aebe6e13b556ba53aa47fcd75dfd79e34ddc80f77405eef236ba7407df8f,True,False,40,nbldpc_formal_v4_ir_q1024_p30_development_035,40,464,5.421010862427522e-20,nbldpc_v4_control,cfda85c0312f7c7629c29db737ef2690c7bcc07d284b89946f7b95f96b82482c,5.421010862427522e-20,705,development,2,0,verified_success,0.3,4,e67870b33e3772d2ce104af0d9fb54f4537a49a9d22212a16135adf54e7c2c78,1
156d3191c223af389a393ba755c047929e7dcd2aae7779825128bcb80a0cd53a,True,False,40,nbldpc_formal_v4_ir_q1024_p30_development_036,40,464,5.421010862427522e-20,nbldpc_v4_control,cfda85c0312f7c7629c29db737ef2690c7bcc07d284b89946f7b95f96b82482c,5.421010862427522e-20,705,development,3,0,verified_success,0.3,4,f81c35e8493e65f17984f6dc9cad4066578d2485895c9370b38f8eac889d4559,1
65b1f7ac498a7d43290a93fe657df0f3fdc027ba68b03db96a493742b58ed0e9,True,False,40,nbldpc_formal_v4_ir_q1024_p30_development_037,40,464,5.421010862427522e-20,nbldpc_v4_control,cfda85c0312f7c7629c29db737ef2690c7bcc07d284b89946f7b95f96b82482c,5.421010862427522e-20,705,development,1,0,verified_success,0.3,4,194ab4fa17bf7244d21469b6ed1a04aec5f800acbeb81a262b5e32547a992500,1
34e7a2b6be81c45a36e7e20c37c0de6d83bd0cae39c5af8ebd5fdd17f49f7470,True,False,40,nbldpc_formal_v4_ir_q1024_p30_development_038,40,464,5.421010862427522e-20,nbldpc_v4_control,cfda85c0312f7c7629c29db737ef2690c7bcc07d284b89946f7b95f96b82482c,5.421010862427522e-20,705,development,2,0,verified_success,0.3,4,b827fa0544bf3fa269a7a7b2c98c9bba29dde1f4b27d74c02b696420034b8e0a,1
5a6765ae87e4d285efc8686e15d0840b1df7daf72728922dbf23ab159752d837,True,False,40,nbldpc_formal_v4_ir_q1024_p30_development_039,40,464,5.421010862427522e-20,nbldpc_v4_control,cfda85c0312f7c7629c29db737ef2690c7bcc07d284b89946f7b95f96b82482c,5.421010862427522e-20,705,development,2,0,verified_success,0.3,4,467bab7353931330981b982b72cceae3f7e614122e03c6d120cd3b797ee2551e,1
ef6833429574e9b24b995fedf4ac1d32526f9e76cbab2b23a07c7a8f6880a57f,True,False,40,nbldpc_formal_v4_ir_q1024_p30_development_040,40,464,5.421010862427522e-20,nbldpc_v4_control,cfda85c0312f7c7629c29db737ef2690c7bcc07d284b89946f7b95f96b82482c,5.421010862427522e-20,705,development,2,0,verified_success,0.3,4,e484b22d0d75051f13a5253e57ed0ec749049e5253fe027ba062b31f8930d742,1
3f61c4eaf5199c1521a50745167b4ac7bd7f3798c6cac8b119422dc0ac61e306,True,False,40,nbldpc_formal_v4_ir_q1024_p30_development_041,40,464,5.421010862427522e-20,nbldpc_v4_control,cfda85c0312f7c7629c29db737ef2690c7bcc07d284b89946f7b95f96b82482c,5.421010862427522e-20,705,development,3,0,verified_success,0.3,4,9d3f0be9debb65d38828a2b453b4cd30852cebfc06c3b1795f48fd0a057832fc,1
a20424bc5a0a0d7516a86fb1f517d37e37e09225ad02f52db0088a4041e3e59c,True,False,40,nbldpc_formal_v4_ir_q1024_p30_development_042,40,464,5.421010862427522e-20,nbldpc_v4_control,cfda85c0312f7c7629c29db737ef2690c7bcc07d284b89946f7b95f96b82482c,5.421010862427522e-20,705,development,2,0,verified_success,0.3,4,764f8bf2d9e26add7d51b28cc9d5cbc59e41f84c988e5cde5f0fbd03a9cbc50d,1
33d39c6160ec8879daf224a5d3fc9de73cb07829094d20398437f1f80f8be158,True,False,40,nbldpc_formal_v4_ir_q1024_p30_development_043,40,464,5.421010862427522e-20,nbldpc_v4_control,cfda85c0312f7c7629c29db737ef2690c7bcc07d284b89946f7b95f96b82482c,5.421010862427522e-20,705,development,3,0,verified_success,0.3,4,727ef1e9acc4c3783340d2fd230ae4cc0c568386258ca00bc7077e82235f923c,1
935ec6c103b72b61baaee3330a27ce85c7ffe9c2a9c65a3e36793c2df955d828,True,False,40,nbldpc_formal_v4_ir_q1024_p30_development_044,40,464,5.421010862427522e-20,nbldpc_v4_control,cfda85c0312f7c7629c29db737ef2690c7bcc07d284b89946f7b95f96b82482c,5.421010862427522e-20,705,development,2,0,verified_success,0.3,4,48677bb1691243e5e9b6ef9d7dce229b62b4240df71bcb133b695cac0fb76e30,1
4444181427d7c11a07ef02b73308221cb52c6932635d5366ee57d343d3d7bed4,True,False,40,nbldpc_formal_v4_ir_q1024_p30_development_045,40,400,,nbldpc_v4_control,cfda85c0312f7c7629c29db737ef2690c7bcc07d284b89946f7b95f96b82482c,5.421010862427522e-20,2,development,12,0,decode_failed,0.3,3,4da5d4fa3e699635ebb70ab4eb004fedf8ddc5700714acd75d716aa2bb43dcc3,0
bfdf0747659b3c87c41c2c7eb7fab223644b20900f6e20c858e7fe25917b6c29,True,False,40,nbldpc_formal_v4_ir_q1024_p30_development_046,40,464,5.421010862427522e-20,nbldpc_v4_control,cfda85c0312f7c7629c29db737ef2690c7bcc07d284b89946f7b95f96b82482c,5.421010862427522e-20,705,development,2,0,verified_success,0.3,4,699496ed64423eac2e5f4e153944dde207e43c8808872e4993d64509b8fd5890,1
6c7526054bf99288e5c1d380c4cff55dc98c029f835ce313ebf2fe1442eb4876,True,False,40,nbldpc_formal_v4_ir_q1024_p30_development_047,40,464,5.421010862427522e-20,nbldpc_v4_control,cfda85c0312f7c7629c29db737ef2690c7bcc07d284b89946f7b95f96b82482c,5.421010862427522e-20,705,development,3,0,verified_success,0.3,4,6c29cab8a2dc963ea1468a8dfd6ccf6359306f6e77a906d0db297c9f160b2f7e,1
3cc4ee46fae64204b68a30dd10a97ebc63f79db8ac225bbb350a2e2ded1f3487,True,False,40,nbldpc_formal_v4_ir_q1024_p30_development_048,40,464,5.421010862427522e-20,nbldpc_v4_control,cfda85c0312f7c7629c29db737ef2690c7bcc07d284b89946f7b95f96b82482c,5.421010862427522e-20,705,development,2,0,verified_success,0.3,4,10a72ca9c6e786c28e27406aa244a8aa229e8f36dde550674fd9448e43ecce09,1
faf0399a2764ea007870afd31cbc4590e56ef77e73fe4ec3478fe854634a9aa4,True,False,40,nbldpc_formal_v4_ir_q1024_p30_development_049,40,464,5.421010862427522e-20,nbldpc_v4_control,cfda85c0312f7c7629c29db737ef2690c7bcc07d284b89946f7b95f96b82482c,5.421010862427522e-20,705,development,3,0,verified_success,0.3,4,3f270bed1935323ad8399b5c2934fff12a96c18b2540cbea00c9d6f9d7eef65f,1
622db6665bfbb4bfe30f1cebffdf694bf06a3a0ded78641ea674a51a6007dd5c,True,False,40,nbldpc_formal_v4_ir_q1024_p30_development_050,40,464,5.421010862427522e-20,nbldpc_v4_control,cfda85c0312f7c7629c29db737ef2690c7bcc07d284b89946f7b95f96b82482c,5.421010862427522e-20,705,development,2,0,verified_success,0.3,4,95d92253e3a990af558d47635f8c9b9c34aec2889d5b9e9afe274962d6b8f0d6,1
9959fd645cb85c3e0a51d3081768be74187f9848729a98606bc9514d75f218fb,True,False,40,nbldpc_formal_v4_ir_q1024_p30_development_051,40,464,5.421010862427522e-20,nbldpc_v4_control,cfda85c0312f7c7629c29db737ef2690c7bcc07d284b89946f7b95f96b82482c,5.421010862427522e-20,705,development,4,0,verified_success,0.3,4,252da5ff4580ec4522aed19d28b60a82087aa4c4be456ebf0c0559888165e1da,1
dafbba5b587420286217338a3a2927146245feb1931196c3e07c0e2c2ae4530e,True,False,40,nbldpc_formal_v4_ir_q1024_p30_development_052,40,464,5.421010862427522e-20,nbldpc_v4_control,cfda85c0312f7c7629c29db737ef2690c7bcc07d284b89946f7b95f96b82482c,5.421010862427522e-20,705,development,1,0,verified_success,0.3,4,bef691979d8fefed1814d32936dfdb0979b00a96c19ee8f3801ad6e9c83802d8,1
ef873c7ea905dcb3d3b94416cd59efb36a897e5a04c192ef15eabce4905e9f83,True,False,40,nbldpc_formal_v4_ir_q1024_p30_development_053,40,464,5.421010862427522e-20,nbldpc_v4_control,cfda85c0312f7c7629c29db737ef2690c7bcc07d284b89946f7b95f96b82482c,5.421010862427522e-20,705,development,2,0,verified_success,0.3,4,6005bc344daca5b5fecd8f74de42c233d966145f46b00bd7b2d990820f4313d1,1
9eb59a8b9744a56a75b380c382fd0ca9075314c838d1abe0483eebaa8d178d5d,True,False,40,nbldpc_formal_v4_ir_q1024_p30_development_054,40,464,5.421010862427522e-20,nbldpc_v4_control,cfda85c0312f7c7629c29db737ef2690c7bcc07d284b89946f7b95f96b82482c,5.421010862427522e-20,705,development,2,0,verified_success,0.3,4,fe2ecedea0cb3de3763e37efa747ca2a6ec679f5d304ec37ab7b6a3dc26ad32c,1
520e6a73f1ea85ca229f69a63837ed75d809302f7afbbbf928da288cbbc17f6a,True,False,40,nbldpc_formal_v4_ir_q1024_p30_development_055,40,464,5.421010862427522e-20,nbldpc_v4_control,cfda85c0312f7c7629c29db737ef2690c7bcc07d284b89946f7b95f96b82482c,5.421010862427522e-20,705,development,2,0,verified_success,0.3,4,d15d6fa0995f9ddf21a2adfc476649d22167dbf452143b2ab99d5a2ee35dd31f,1
74781bac1ed88f6f36f6de4c5b76c42c937793cd918d794261be0edde6aadda2,True,False,40,nbldpc_formal_v4_ir_q1024_p30_development_056,40,464,5.421010862427522e-20,nbldpc_v4_control,cfda85c0312f7c7629c29db737ef2690c7bcc07d284b89946f7b95f96b82482c,5.421010862427522e-20,705,development,2,0,verified_success,0.3,4,18c633b2cca44a19c6f0606f5e22b867e6ebc592d320679f99e927eda2114dec,1
fe06c43b0ed0cc34c4b2a80a4150eebf56cb1503e8bd42f7e3271bb1d6be12a2,True,False,40,nbldpc_formal_v4_ir_q1024_p30_development_057,40,464,5.421010862427522e-20,nbldpc_v4_control,cfda85c0312f7c7629c29db737ef2690c7bcc07d284b89946f7b95f96b82482c,5.421010862427522e-20,705,development,5,0,verified_success,0.3,4,08ad5efe88ced88bb58350114c3967946e1584d12719b3d9e1d84929e5e51661,1
69169a6b51054113c61146ed32e1abb2ebdd7771ddcf54716e6dde4efbd12904,True,False,40,nbldpc_formal_v4_ir_q1024_p30_development_058,40,464,5.421010862427522e-20,nbldpc_v4_control,cfda85c0312f7c7629c29db737ef2690c7bcc07d284b89946f7b95f96b82482c,5.421010862427522e-20,705,development,3,0,verified_success,0.3,4,a47bdf3ed261bcb878ed91071a60b5ac147900f65df8c564bb99d0e1b3a92209,1
c2be22b905a48e0c3383175f50ee2905991ef1f666f3d0fd9671a9f0f85b0668,True,False,40,nbldpc_formal_v4_ir_q1024_p30_development_059,40,464,5.421010862427522e-20,nbldpc_v4_control,cfda85c0312f7c7629c29db737ef2690c7bcc07d284b89946f7b95f96b82482c,5.421010862427522e-20,705,development,2,0,verified_success,0.3,4,5b4181960eaa961add565ff241c50ac770b6a36967b90c0a1728fd22633454ab,1
6bcc9bb0bc6b1358034d76a00fda01f492d9e71b7fcedd64fca2f002dfe3408e,True,False,40,nbldpc_formal_v4_ir_q1024_p30_development_060,40,464,5.421010862427522e-20,nbldpc_v4_control,cfda85c0312f7c7629c29db737ef2690c7bcc07d284b89946f7b95f96b82482c,5.421010862427522e-20,705,development,3,0,verified_success,0.3,4,c0eda793fa1b5f37b9d8a2118f65ffcf41407d59e78429c5a2338a3114bfb8c2,1
9f04a807ff686dc0097ff886ede387f003866846aa3a3cf68249478974cf1168,True,False,40,nbldpc_formal_v4_ir_q1024_p30_development_061,40,464,5.421010862427522e-20,nbldpc_v4_control,cfda85c0312f7c7629c29db737ef2690c7bcc07d284b89946f7b95f96b82482c,5.421010862427522e-20,705,development,2,0,verified_success,0.3,4,a116fda7a8bbf8912273642e3d4acac35e75508c3ca17eb19d046299153c3ae9,1
02387d2c89318bc8603c80df391c844ea1a8894cc3666097f4cbc29f43b605ee,True,False,40,nbldpc_formal_v4_ir_q1024_p30_development_062,40,464,5.421010862427522e-20,nbldpc_v4_control,cfda85c0312f7c7629c29db737ef2690c7bcc07d284b89946f7b95f96b82482c,5.421010862427522e-20,705,development,3,0,verified_success,0.3,4,9a50af94f0c710fcd7f38faeea87367e6bb7dce8699e59021180ed89b81ecaa2,1
1ed1e881e904099ee660eedfca6bd8e384c51036c0cb12a3397567ee137e298a,True,False,40,nbldpc_formal_v4_ir_q1024_p30_development_063,40,464,5.421010862427522e-20,nbldpc_v4_control,cfda85c0312f7c7629c29db737ef2690c7bcc07d284b89946f7b95f96b82482c,5.421010862427522e-20,705,development,3,0,verified_success,0.3,4,abf04b96184999a076285fe13d8bd3bdbd4877f9299a6dfa28c79191ad19b3be,1
6b5d78f6adab5b915c53fe62549b387d0cc4c25bd5f7d6ff215745d84f890265,True,False,32,nbldpc_formal_v4_ir_q1024_p20_development_000,32,384,5.421010862427522e-20,nbldpc_v4_ir_warm,825843d3d2d141f5005b8b839d4e886ae01fbfc4b60e60ad2ea41acf6a890372,1.0842021724855044e-19,705,development,2,0,verified_success,0.2,4,c0e9649f10fc82748b8b6d44746c5a0f56bc36fed7151f2f7670095ad52a8de9,1
19efddfb964bfb1fda954dc2f0e410c752fe9e5f9c134b7c5a5558d171948684,True,False,32,nbldpc_formal_v4_ir_q1024_p20_development_001,32,384,5.421010862427522e-20,nbldpc_v4_ir_warm,825843d3d2d141f5005b8b839d4e886ae01fbfc4b60e60ad2ea41acf6a890372,1.0842021724855044e-19,705,development,2,0,verified_success,0.2,4,5c820d9c22db166019a8eb1a4bc1fe9a2410643d5088ea9785d914fb49c408a7,1
589d5f159646d9ec1583ae95fb5dff306d12c6333da267955f843ec6520898ee,True,False,32,nbldpc_formal_v4_ir_q1024_p20_development_002,32,384,5.421010862427522e-20,nbldpc_v4_ir_warm,825843d3d2d141f5005b8b839d4e886ae01fbfc4b60e60ad2ea41acf6a890372,1.0842021724855044e-19,705,development,2,0,verified_success,0.2,4,4517c3e54ca0b668d0e440238eda17524fabcb8876fe4094ec4bb7b7bde23d12,1
6f414738552db460cc8dc95296682eb0a92d7dcbcfe8c797f3ef5615c12f7b5c,True,False,32,nbldpc_formal_v4_ir_q1024_p20_development_003,32,384,5.421010862427522e-20,nbldpc_v4_ir_warm,825843d3d2d141f5005b8b839d4e886ae01fbfc4b60e60ad2ea41acf6a890372,1.0842021724855044e-19,705,development,8,0,verified_success,0.2,4,b2e32c7148dada14766706d08cbc85ad40dd03ee7f8105bd0b2a01f663d7b1d8,1
ba4f749d62106807c0162bb680c61509ed2a01a6f417cad4312a3603dac0e3e1,True,False,32,nbldpc_formal_v4_ir_q1024_p20_development_004,32,384,5.421010862427522e-20,nbldpc_v4_ir_warm,825843d3d2d141f5005b8b839d4e886ae01fbfc4b60e60ad2ea41acf6a890372,1.0842021724855044e-19,705,development,4,0,verified_success,0.2,4,06baf3dd211ddabc6ddff5acf51c466859d6e44b9ece2950338f29b065b79d3a,1
dbf2899824367955326b82896ae00767cbb63eac9454b69338d2c4c5541c2705,True,False,32,nbldpc_formal_v4_ir_q1024_p20_development_005,32,384,5.421010862427522e-20,nbldpc_v4_ir_warm,825843d3d2d141f5005b8b839d4e886ae01fbfc4b60e60ad2ea41acf6a890372,1.0842021724855044e-19,705,development,2,0,verified_success,0.2,4,fc7a810e625add6688e1a87912a138327cd9f95a6f66a41e99bab968db023630,1
ff48abf40188312861f9a214710feac912849fe5aa3e862d17edcd8f260f7376,True,False,32,nbldpc_formal_v4_ir_q1024_p20_development_006,32,384,5.421010862427522e-20,nbldpc_v4_ir_warm,825843d3d2d141f5005b8b839d4e886ae01fbfc4b60e60ad2ea41acf6a890372,1.0842021724855044e-19,705,development,2,0,verified_success,0.2,4,36b098baf1a6fdfc7b17a2ab3719f0a47a74e92cf783328d925fae4a570085b0,1
8c6b9bcf9f26330b42a9e3096036d1a95ec7b1895f2facf5162c0dcfb572d998,True,False,32,nbldpc_formal_v4_ir_q1024_p20_development_007,32,384,5.421010862427522e-20,nbldpc_v4_ir_warm,825843d3d2d141f5005b8b839d4e886ae01fbfc4b60e60ad2ea41acf6a890372,1.0842021724855044e-19,705,development,2,0,verified_success,0.2,4,6b8b1335d2a7ce94b15b115b7fed6151ea328d584a4242784405cf29c835c78b,1
0e9e91682bac93e368192090e3862905a3971c2df048c342e6b19436b6c741dc,True,False,32,nbldpc_formal_v4_ir_q1024_p20_development_008,32,384,5.421010862427522e-20,nbldpc_v4_ir_warm,825843d3d2d141f5005b8b839d4e886ae01fbfc4b60e60ad2ea41acf6a890372,1.0842021724855044e-19,705,development,3,0,verified_success,0.2,4,f461f90c7289ae057af2b074b3238cdfef90eab19761659323af2d758ecaac71,1
b3765377c452c2a5123ffd4a5cb39ab1af041c55a4e25598dbd3860ba16e2fe1,True,False,32,nbldpc_formal_v4_ir_q1024_p20_development_009,32,384,5.421010862427522e-20,nbldpc_v4_ir_warm,825843d3d2d141f5005b8b839d4e886ae01fbfc4b60e60ad2ea41acf6a890372,1.0842021724855044e-19,705,development,3,0,verified_success,0.2,4,7361aa5df4f22b1d2804bf330f9fa37d969356b275ca24efd2a0f8333c5bdd96,1
6df78569543fb59da5b15ef4605a2e294a11e9c51262daed58ca1701c51f29ef,True,False,32,nbldpc_formal_v4_ir_q1024_p20_development_010,32,384,5.421010862427522e-20,nbldpc_v4_ir_warm,825843d3d2d141f5005b8b839d4e886ae01fbfc4b60e60ad2ea41acf6a890372,1.0842021724855044e-19,705,development,2,0,verified_success,0.2,4,4e9be4dfe08cc11f6cc28b7681807673b79311a7db1675a8c62d0e5d73096953,1
450e577f0a2504d9ecb666c998e66dce93148c69d9bd15be74c2efb35da43d96,True,False,32,nbldpc_formal_v4_ir_q1024_p20_development_011,32,384,5.421010862427522e-20,nbldpc_v4_ir_warm,825843d3d2d141f5005b8b839d4e886ae01fbfc4b60e60ad2ea41acf6a890372,1.0842021724855044e-19,705,development,2,0,verified_success,0.2,4,6dd2757033317a6dd087004def6749ce5a1eecf6858bdf3800a878d00c8a7473,1
7c3540f55f89caaf7dfecc83b0ea463a482aff51704eda54b27e595d977af5fc,True,False,32,nbldpc_formal_v4_ir_q1024_p20_development_012,32,384,5.421010862427522e-20,nbldpc_v4_ir_warm,825843d3d2d141f5005b8b839d4e886ae01fbfc4b60e60ad2ea41acf6a890372,1.0842021724855044e-19,705,development,4,0,verified_success,0.2,4,d338132151fa238a33aa56e4a4527e808e73d68321b85614f0bfd7125f7c94fa,1
51972dbca80bae1ba5ca7fd231de3c1d8dc04c0c31fb4142792ce4bcfd338166,True,False,32,nbldpc_formal_v4_ir_q1024_p20_development_013,32,384,5.421010862427522e-20,nbldpc_v4_ir_warm,825843d3d2d141f5005b8b839d4e886ae01fbfc4b60e60ad2ea41acf6a890372,1.0842021724855044e-19,705,development,3,0,verified_success,0.2,4,d95c6c4da292f1f893074ace66ac5709a43d835b870cbe2a4c2824ff0e9657bf,1
6076721556e8da4405714dd0bdee227680525d5679ddfc54f7a4e1db6c911a22,True,False,32,nbldpc_formal_v4_ir_q1024_p20_development_014,32,384,5.421010862427522e-20,nbldpc_v4_ir_warm,825843d3d2d141f5005b8b839d4e886ae01fbfc4b60e60ad2ea41acf6a890372,1.0842021724855044e-19,705,development,2,0,verified_success,0.2,4,3a572de36d14a26ec496bb7e27483756ba327aa6282668e5abaea5f9bcb02104,1
5660f26501ef3468150f98eacb09322ba90c4c8da2c47e161629900be594ab89,True,False,32,nbldpc_formal_v4_ir_q1024_p20_development_015,32,384,5.421010862427522e-20,nbldpc_v4_ir_warm,825843d3d2d141f5005b8b839d4e886ae01fbfc4b60e60ad2ea41acf6a890372,1.0842021724855044e-19,705,development,9,0,verified_success,0.2,4,5f89e1c8174e375d9e581e4baa88785c320040986003243c9a3a7213e79e57bc,1
75063a57e2f7ad002ec1138c86e1acd69cb93fe38f19d2a7e740af4b5ea56684,True,False,32,nbldpc_formal_v4_ir_q1024_p20_development_016,32,384,5.421010862427522e-20,nbldpc_v4_ir_warm,825843d3d2d141f5005b8b839d4e886ae01fbfc4b60e60ad2ea41acf6a890372,1.0842021724855044e-19,705,development,2,0,verified_success,0.2,4,0a907792b420a74495f652b76165e599debe9389f9c87defdb813c4b4868466c,1
7d4616636415d4f817181a87993a09b82894dcf7342b6cb6d836782a74add74b,True,False,32,nbldpc_formal_v4_ir_q1024_p20_development_017,32,384,5.421010862427522e-20,nbldpc_v4_ir_warm,825843d3d2d141f5005b8b839d4e886ae01fbfc4b60e60ad2ea41acf6a890372,1.0842021724855044e-19,705,development,2,0,verified_success,0.2,4,f4b4c5e4624b7bf1afe4794028bc3dda714833d5ce3fe611f359c94c6f15f6e7,1
ed29c4905b033f1d89f0999d6a554a474bc5fee71ca651a367648194cb7be0ad,True,False,32,nbldpc_formal_v4_ir_q1024_p20_development_018,32,384,5.421010862427522e-20,nbldpc_v4_ir_warm,825843d3d2d141f5005b8b839d4e886ae01fbfc4b60e60ad2ea41acf6a890372,1.0842021724855044e-19,705,development,6,0,verified_success,0.2,4,b0d6ad92c5fec7094614be137dbbe0224708552ede1baefbd52f392e3cbafa68,1
9b971c232c2d9e40376d42597fac5a74cdf45df1de23cb28491da57780daddd8,True,False,32,nbldpc_formal_v4_ir_q1024_p20_development_019,32,384,5.421010862427522e-20,nbldpc_v4_ir_warm,825843d3d2d141f5005b8b839d4e886ae01fbfc4b60e60ad2ea41acf6a890372,1.0842021724855044e-19,705,development,3,0,verified_success,0.2,4,f563f397e2742bb5f739465d09e9e996a1cbb8458819615b6273ce83bc357d1d,1
d2b251143b6a6bbe76dc7f614c446923cce63966b217e2527263f93970937541,True,False,32,nbldpc_formal_v4_ir_q1024_p20_development_020,32,384,5.421010862427522e-20,nbldpc_v4_ir_warm,825843d3d2d141f5005b8b839d4e886ae01fbfc4b60e60ad2ea41acf6a890372,1.0842021724855044e-19,705,development,3,0,verified_success,0.2,4,bd67e746257e43bc886dfd1767db7acb4dc451389cd5fcc4302ae2081996daf7,1
076d6d24d01429094ee65b92e8e2b267fa4395485df55f5e489727d8c3fab75d,True,False,32,nbldpc_formal_v4_ir_q1024_p20_development_021,32,384,5.421010862427522e-20,nbldpc_v4_ir_warm,825843d3d2d141f5005b8b839d4e886ae01fbfc4b60e60ad2ea41acf6a890372,1.0842021724855044e-19,705,development,3,0,verified_success,0.2,4,b67372126cb276849160dff1ac9f736ceae66ccc692be490e8fac6fc08a51099,1
75a58a8fe6988e50670c0c9162e44bb3f268d7b467a5e2614d9ae6d0e8a8a6ed,True,False,32,nbldpc_formal_v4_ir_q1024_p20_development_022,32,384,5.421010862427522e-20,nbldpc_v4_ir_warm,825843d3d2d141f5005b8b839d4e886ae01fbfc4b60e60ad2ea41acf6a890372,1.0842021724855044e-19,705,development,2,0,verified_success,0.2,4,64ee66173a153672b3a1abd7b0624e96ea1cd95da6e8dc0bdcf15f031fe7b150,1
0fed953a86d1bde308ff5396d2ac900a9f1614f3b512a417864fc1c4bf8969eb,True,True,40,nbldpc_formal_v4_ir_q1024_p20_development_023,32,464,5.421010862427522e-20,nbldpc_v4_ir_warm,825843d3d2d141f5005b8b839d4e886ae01fbfc4b60e60ad2ea41acf6a890372,1.0842021724855044e-19,707,development,12,2,verified_success,0.2,7,f94f98a9422026337e650a32149e32486207f125b6d62204696ffcac866cc9ac,1
b3d02c580220d43fbbcc619da510f7969989f639946b4f6cd420d888f3bdb796,True,False,32,nbldpc_formal_v4_ir_q1024_p20_development_024,32,384,5.421010862427522e-20,nbldpc_v4_ir_warm,825843d3d2d141f5005b8b839d4e886ae01fbfc4b60e60ad2ea41acf6a890372,1.0842021724855044e-19,705,development,3,0,verified_success,0.2,4,34e7ea76e08964c82035350ffc5fef69f057363e9e04f23837ce53235563ed74,1
a04cf61b50afdf797aded61ab666587cddd63e29f838bb02eb3572fcc97ad1e7,True,False,32,nbldpc_formal_v4_ir_q1024_p20_development_025,32,384,5.421010862427522e-20,nbldpc_v4_ir_warm,825843d3d2d141f5005b8b839d4e886ae01fbfc4b60e60ad2ea41acf6a890372,1.0842021724855044e-19,705,development,3,0,verified_success,0.2,4,0d580cfc83cf5d8f57b339e585a84987b1aa98c06995cc17148bc8a668e5d24a,1
d6fea7b6328a6a517d75edfaa3177a04378e322e3bff081ab23394087658498c,True,False,32,nbldpc_formal_v4_ir_q1024_p20_development_026,32,384,5.421010862427522e-20,nbldpc_v4_ir_warm,825843d3d2d141f5005b8b839d4e886ae01fbfc4b60e60ad2ea41acf6a890372,1.0842021724855044e-19,705,development,4,0,verified_success,0.2,4,bb8b7c53fef93345d07930d574c869972463a501fbb66a877d8e7f70a89b5548,1
76d626de04403024d274820dc636182036f7e309647c0a1c57931306dd4fc28c,True,False,32,nbldpc_formal_v4_ir_q1024_p20_development_027,32,384,5.421010862427522e-20,nbldpc_v4_ir_warm,825843d3d2d141f5005b8b839d4e886ae01fbfc4b60e60ad2ea41acf6a890372,1.0842021724855044e-19,705,development,2,0,verified_success,0.2,4,ac84b22bdaf517d7b7100af25842f3285364d4f3feb4b8e407aa176f971c53b2,1
448f52952d604b1481bf02b04a2851f971a5e154c1fcf513547b0995aab03229,True,False,32,nbldpc_formal_v4_ir_q1024_p20_development_028,32,384,5.421010862427522e-20,nbldpc_v4_ir_warm,825843d3d2d141f5005b8b839d4e886ae01fbfc4b60e60ad2ea41acf6a890372,1.0842021724855044e-19,705,development,3,0,verified_success,0.2,4,865562f7e745e9a18749c28e5010588fd7e4a38f4a2803597e96505ed7474658,1
26a57a8c590ead68ae3860392ed36111e704ea46587b91c1014052728260b51d,True,False,32,nbldpc_formal_v4_ir_q1024_p20_development_029,32,384,5.421010862427522e-20,nbldpc_v4_ir_warm,825843d3d2d141f5005b8b839d4e886ae01fbfc4b60e60ad2ea41acf6a890372,1.0842021724855044e-19,705,development,2,0,verified_success,0.2,4,ba9dc1d22fa1bf0beed237be517bcf924ba5a82c140601258831f40fe2719d9a,1
23818f6ae2aefc9fe0e400b3d08d3b3bd531024f46a8abcd549f3ca1b75bb0eb,True,False,32,nbldpc_formal_v4_ir_q1024_p20_development_030,32,384,5.421010862427522e-20,nbldpc_v4_ir_warm,825843d3d2d141f5005b8b839d4e886ae01fbfc4b60e60ad2ea41acf6a890372,1.0842021724855044e-19,705,development,2,0,verified_success,0.2,4,1df1fce671b869636da9235d668520a5d4d24591be58d94348f2e4575da35061,1
23b1e5f794dc6f743b3a077f971d926a97309e33f6d3b95e83138e28a0d26464,True,False,32,nbldpc_formal_v4_ir_q1024_p20_development_031,32,384,5.421010862427522e-20,nbldpc_v4_ir_warm,825843d3d2d141f5005b8b839d4e886ae01fbfc4b60e60ad2ea41acf6a890372,1.0842021724855044e-19,705,development,2,0,verified_success,0.2,4,0e842cd611ec6878ed7cf91e33d00a5cac8dcbe27191756937f9781046274f94,1
3cf7e7a1e31061ebae59fd447bc5a95b22a6953fb5f27da2554751a01576ffbf,True,False,32,nbldpc_formal_v4_ir_q1024_p20_development_032,32,384,5.421010862427522e-20,nbldpc_v4_ir_warm,825843d3d2d141f5005b8b839d4e886ae01fbfc4b60e60ad2ea41acf6a890372,1.0842021724855044e-19,705,development,4,0,verified_success,0.2,4,666d145878862db25e7406c7eb8e8f3fd479822e426ae017b8bb2cd68de91c29,1
25fdfb05d92c70645b2df1877e3f2ebb1556162e98a18d940c97913c79d2eb34,True,False,32,nbldpc_formal_v4_ir_q1024_p20_development_033,32,384,5.421010862427522e-20,nbldpc_v4_ir_warm,825843d3d2d141f5005b8b839d4e886ae01fbfc4b60e60ad2ea41acf6a890372,1.0842021724855044e-19,705,development,2,0,verified_success,0.2,4,aa0f5340aaf1e74d5e838ff9482c6175c7967dda13d6ea812d247bd0723bdb9b,1
4c7e6ff0974eacec096817b9208ec02f7abad262db5c022e5b8c1fec7fb3ac05,True,False,32,nbldpc_formal_v4_ir_q1024_p20_development_034,32,384,5.421010862427522e-20,nbldpc_v4_ir_warm,825843d3d2d141f5005b8b839d4e886ae01fbfc4b60e60ad2ea41acf6a890372,1.0842021724855044e-19,705,development,3,0,verified_success,0.2,4,6d1b3f29a4223ffe1ebe5856807d31798027174eb806687d795cf060bbcc79cc,1
3b1ac64d9beba7ee18c145f33984eeea990fd79f79d8b0e1a03a5fd53b3823c3,True,False,32,nbldpc_formal_v4_ir_q1024_p20_development_035,32,384,5.421010862427522e-20,nbldpc_v4_ir_warm,825843d3d2d141f5005b8b839d4e886ae01fbfc4b60e60ad2ea41acf6a890372,1.0842021724855044e-19,705,development,2,0,verified_success,0.2,4,9bfff62f3ff89439aa0654c6d3ea4f1df6817b18d7caf052f6d6227a39d7e92d,1
86b92e96d17520d93382abc26918542233aa8021acf4734e471a50f000ecff34,True,False,32,nbldpc_formal_v4_ir_q1024_p20_development_036,32,384,5.421010862427522e-20,nbldpc_v4_ir_warm,825843d3d2d141f5005b8b839d4e886ae01fbfc4b60e60ad2ea41acf6a890372,1.0842021724855044e-19,705,development,2,0,verified_success,0.2,4,d5ab8873a2c022cdd09dabfa596454277898633ab667818a7dd0900ae5039162,1
105bea119cc7a274c25ac1872004adefac2b99a871ca4cebb387ffe57225db3b,True,False,32,nbldpc_formal_v4_ir_q1024_p20_development_037,32,384,5.421010862427522e-20,nbldpc_v4_ir_warm,825843d3d2d141f5005b8b839d4e886ae01fbfc4b60e60ad2ea41acf6a890372,1.0842021724855044e-19,705,development,3,0,verified_success,0.2,4,1af6585bf6fe839bb80cfc130462e9c8bbacb39548d6e0a768de657ccaed43cf,1
2a50a0a8984b0486d6be5f08eecd2f31e984f145e685256ab2aed59e5bb858b8,True,False,32,nbldpc_formal_v4_ir_q1024_p20_development_038,32,384,5.421010862427522e-20,nbldpc_v4_ir_warm,825843d3d2d141f5005b8b839d4e886ae01fbfc4b60e60ad2ea41acf6a890372,1.0842021724855044e-19,705,development,5,0,verified_success,0.2,4,a618b4ecef92f805deb5669bb929e0245f2e20649b23b9e89b0882d3edebf311,1
7b4ced87978e993ddfb9ad8e6d70767c80ef902f577ea2025c9982597a1bf6a1,True,False,32,nbldpc_formal_v4_ir_q1024_p20_development_039,32,384,5.421010862427522e-20,nbldpc_v4_ir_warm,825843d3d2d141f5005b8b839d4e886ae01fbfc4b60e60ad2ea41acf6a890372,1.0842021724855044e-19,705,development,2,0,verified_success,0.2,4,724c697501a1c0f407728b20838df22bf6cbd4d71c4c5921fe75c8281245ad2c,1
b7c400800341af5e5a681da282d40a6618e76dbb069c615dc444d10f2d14f29c,True,False,32,nbldpc_formal_v4_ir_q1024_p20_development_040,32,384,5.421010862427522e-20,nbldpc_v4_ir_warm,825843d3d2d141f5005b8b839d4e886ae01fbfc4b60e60ad2ea41acf6a890372,1.0842021724855044e-19,705,development,1,0,verified_success,0.2,4,8993aa135391e3605c4ddf85ac1f65a8c6b5cf6dc96d6d9b081f610deeac2e98,1
df50a659c3f5e2b50708cd26bc06e4ebdfeb1b9c8355c81914ad6e625f7329fa,True,False,32,nbldpc_formal_v4_ir_q1024_p20_development_041,32,384,5.421010862427522e-20,nbldpc_v4_ir_warm,825843d3d2d141f5005b8b839d4e886ae01fbfc4b60e60ad2ea41acf6a890372,1.0842021724855044e-19,705,development,1,0,verified_success,0.2,4,528b992318552cdf8c8f09d4a43148f66626ca8d1165a551b44fae7598e1fffb,1
716d53d1b088033d50291fbae28db9fe976cc671623654cae7b58cc869270d3f,True,False,32,nbldpc_formal_v4_ir_q1024_p20_development_042,32,384,5.421010862427522e-20,nbldpc_v4_ir_warm,825843d3d2d141f5005b8b839d4e886ae01fbfc4b60e60ad2ea41acf6a890372,1.0842021724855044e-19,705,development,2,0,verified_success,0.2,4,6903a3249278df9f50d4cf44188414d7314591db3af106668752062fe7d651d1,1
b127ea81ae7b07dabb1d7bbb2e311c04443b60e7186b30c8454baf8f8a70b4d9,True,True,40,nbldpc_formal_v4_ir_q1024_p20_development_043,32,464,5.421010862427522e-20,nbldpc_v4_ir_warm,825843d3d2d141f5005b8b839d4e886ae01fbfc4b60e60ad2ea41acf6a890372,1.0842021724855044e-19,707,development,12,2,verified_success,0.2,7,e793143a2d20baddde81cab7ac291bd74b21dbe58f2a71bd7403e2f6b51e1814,1
c7296fd10350670f32d8074be65b250e7f016ac76387fac64e5c82ee41a95ce6,True,False,32,nbldpc_formal_v4_ir_q1024_p20_development_044,32,384,5.421010862427522e-20,nbldpc_v4_ir_warm,825843d3d2d141f5005b8b839d4e886ae01fbfc4b60e60ad2ea41acf6a890372,1.0842021724855044e-19,705,development,4,0,verified_success,0.2,4,f34e53f7c91788a1b1bef8f393cb37e8ce1b57a1a81bac9943f283e2df66d211,1
7c556c1d284e6d085e2397df3b170047e51aa8df61462b2cc2511dc4d3ea1aa8,True,True,40,nbldpc_formal_v4_ir_q1024_p20_development_045,32,464,5.421010862427522e-20,nbldpc_v4_ir_warm,825843d3d2d141f5005b8b839d4e886ae01fbfc4b60e60ad2ea41acf6a890372,1.0842021724855044e-19,707,development,12,1,verified_success,0.2,7,634323514977e1c8e97442357d9964ff47dda4b424b599310e09c8b318060a9b,1
6291cea175b33ba41542ea0674002c462e8aae02b009c933474dda25bcb84ba8,True,False,32,nbldpc_formal_v4_ir_q1024_p20_development_046,32,384,5.421010862427522e-20,nbldpc_v4_ir_warm,825843d3d2d141f5005b8b839d4e886ae01fbfc4b60e60ad2ea41acf6a890372,1.0842021724855044e-19,705,development,2,0,verified_success,0.2,4,432c1413cf70cc306ee27bc865cc9b1dacf114563485768f398899153728b5e2,1
f9bc6426cf6127e0e2d47b2011e4dbbab4e209e6a8097922a21fe044096a380c,True,False,32,nbldpc_formal_v4_ir_q1024_p20_development_047,32,384,5.421010862427522e-20,nbldpc_v4_ir_warm,825843d3d2d141f5005b8b839d4e886ae01fbfc4b60e60ad2ea41acf6a890372,1.0842021724855044e-19,705,development,3,0,verified_success,0.2,4,54cc0cff5965a38f5eefcf594811f69037ad91b139fd4d4f3ca7415664917918,1
91fa309d3d550a16cf940e59f65102193bd27201925dcb22f40f7c1bd284b353,True,False,32,nbldpc_formal_v4_ir_q1024_p20_development_048,32,384,5.421010862427522e-20,nbldpc_v4_ir_warm,825843d3d2d141f5005b8b839d4e886ae01fbfc4b60e60ad2ea41acf6a890372,1.0842021724855044e-19,705,development,2,0,verified_success,0.2,4,d4845775a753a27c4a8a9d3930026b42748c9d17f7454e9ab749471f1345b4d8,1
779dc52c4b4dd208feb6d0b4431b72e75ab15cfc8113281fe5a2306564dffb78,True,False,32,nbldpc_formal_v4_ir_q1024_p20_development_049,32,384,5.421010862427522e-20,nbldpc_v4_ir_warm,825843d3d2d141f5005b8b839d4e886ae01fbfc4b60e60ad2ea41acf6a890372,1.0842021724855044e-19,705,development,3,0,verified_success,0.2,4,ccd61af77bd13c734c6673a8955dac957f03f907c05b7bbaef0410476a71cff7,1
cf89f76d654430e521442c0fb518feaef84b1453881127c87da670d8ef0ad7c6,True,True,40,nbldpc_formal_v4_ir_q1024_p20_development_050,32,464,5.421010862427522e-20,nbldpc_v4_ir_warm,825843d3d2d141f5005b8b839d4e886ae01fbfc4b60e60ad2ea41acf6a890372,1.0842021724855044e-19,707,development,12,2,verified_success,0.2,7,3ac6806723c9858c28f1cf952c62aa7f250ab565233f2e2f2747d203cd10b7fd,1
66720ce7ab839dbd2aaaa7f18f4ac160553bc4d8568f7960eff95acb852855dc,True,False,32,nbldpc_formal_v4_ir_q1024_p20_development_051,32,384,5.421010862427522e-20,nbldpc_v4_ir_warm,825843d3d2d141f5005b8b839d4e886ae01fbfc4b60e60ad2ea41acf6a890372,1.0842021724855044e-19,705,development,2,0,verified_success,0.2,4,257568e7fe6a500fa97dd182ed49735253f9c4f265ac4ab1f74723a7d9cd2fdd,1
912fde9d9d5b34464b04f111fb99e2995f18435bce0cd52c0a2b1056a3ccf05b,True,False,32,nbldpc_formal_v4_ir_q1024_p20_development_052,32,384,5.421010862427522e-20,nbldpc_v4_ir_warm,825843d3d2d141f5005b8b839d4e886ae01fbfc4b60e60ad2ea41acf6a890372,1.0842021724855044e-19,705,development,2,0,verified_success,0.2,4,500ba48a78b1552fab7872bc5c00ab83666e611385fde944a04d548b01814bcb,1
4bc6849fa15257dd2c4c7d9b6e15e2ff743d0dd9aae05fdcc712f5627af3efa1,True,False,32,nbldpc_formal_v4_ir_q1024_p20_development_053,32,384,5.421010862427522e-20,nbldpc_v4_ir_warm,825843d3d2d141f5005b8b839d4e886ae01fbfc4b60e60ad2ea41acf6a890372,1.0842021724855044e-19,705,development,3,0,verified_success,0.2,4,b5d9d80eaca2dad007f1ab15c9a388f261fcdb6955abb72333ad14f46feee941,1
88ce5827f6e10812bef97ec9b199f14b4442c062d865e054888726693422dd74,True,False,32,nbldpc_formal_v4_ir_q1024_p20_development_054,32,384,5.421010862427522e-20,nbldpc_v4_ir_warm,825843d3d2d141f5005b8b839d4e886ae01fbfc4b60e60ad2ea41acf6a890372,1.0842021724855044e-19,705,development,3,0,verified_success,0.2,4,2f52a06b476d6d04d2d3c4b2c85cbf5439046eac311eb3e6b9cc7480c30b3992,1
0221f3f2530d0241ca1ec0666a3e2b8704f0c78a4be3f6b4867b2971b4bcf9eb,True,False,32,nbldpc_formal_v4_ir_q1024_p20_development_055,32,384,5.421010862427522e-20,nbldpc_v4_ir_warm,825843d3d2d141f5005b8b839d4e886ae01fbfc4b60e60ad2ea41acf6a890372,1.0842021724855044e-19,705,development,2,0,verified_success,0.2,4,188789d953c7549a4a7286e6f020ba9cf95f5b94316897682050acd0e5446be6,1
8120af9cb2792ae62703696b23e2046a58af0052beb2f20c5eb0e9e371a644e3,True,False,32,nbldpc_formal_v4_ir_q1024_p20_development_056,32,384,5.421010862427522e-20,nbldpc_v4_ir_warm,825843d3d2d141f5005b8b839d4e886ae01fbfc4b60e60ad2ea41acf6a890372,1.0842021724855044e-19,705,development,3,0,verified_success,0.2,4,6d9bd1a6a4941cd0f1521b32679d6ca18937d13d0d6270eb48ce0e68464d0980,1
055d15f556332cfc0905866d308a6892e8f3bf1464353babb8dbf5bb87e81f1c,True,False,32,nbldpc_formal_v4_ir_q1024_p20_development_057,32,384,5.421010862427522e-20,nbldpc_v4_ir_warm,825843d3d2d141f5005b8b839d4e886ae01fbfc4b60e60ad2ea41acf6a890372,1.0842021724855044e-19,705,development,3,0,verified_success,0.2,4,019426cf0e46557fec7a2ee0218efcf0e693f89615d068b9d3f285f8116d1f1e,1
b1023963b8202b5f450e4a5667b939d67315c2a03876ed55a32dfc6109580098,True,False,32,nbldpc_formal_v4_ir_q1024_p20_development_058,32,384,5.421010862427522e-20,nbldpc_v4_ir_warm,825843d3d2d141f5005b8b839d4e886ae01fbfc4b60e60ad2ea41acf6a890372,1.0842021724855044e-19,705,development,3,0,verified_success,0.2,4,82b60d42c6e5c82f2ff9135070dc865f6b00193a0baad992a146524a2cf28d88,1
3527fae656428307ee042140780886cf39845b6f0b0f08e5502b19c940378ce5,True,False,32,nbldpc_formal_v4_ir_q1024_p20_development_059,32,384,5.421010862427522e-20,nbldpc_v4_ir_warm,825843d3d2d141f5005b8b839d4e886ae01fbfc4b60e60ad2ea41acf6a890372,1.0842021724855044e-19,705,development,2,0,verified_success,0.2,4,53ec8f7bed8b46c7fabbd4b2e245f169b753614b00ee24d4639fbee0d86e2da6,1
1e993f64ed98ff1b6964299ae7801961b8a7e7492b3f607155ef41e4dc61110f,True,False,32,nbldpc_formal_v4_ir_q1024_p20_development_060,32,384,5.421010862427522e-20,nbldpc_v4_ir_warm,825843d3d2d141f5005b8b839d4e886ae01fbfc4b60e60ad2ea41acf6a890372,1.0842021724855044e-19,705,development,3,0,verified_success,0.2,4,ce3a25442563e1e5961597e3ed94a3d07438047a5a4920062c0f88582dff1058,1
20d00fcb64852843c4bedbb2a1afbd2d0d5fd65ff2769e3fc979cc7e0e9a0c3b,True,False,32,nbldpc_formal_v4_ir_q1024_p20_development_061,32,384,5.421010862427522e-20,nbldpc_v4_ir_warm,825843d3d2d141f5005b8b839d4e886ae01fbfc4b60e60ad2ea41acf6a890372,1.0842021724855044e-19,705,development,3,0,verified_success,0.2,4,08645a0e89948dfd454be32aa0748a9c377baa6baafa1333e9ae2f8a24d3ef89,1
d6aa6871876beb66bac01101775dd94f081585a664e4996da4e988d1bb035646,True,False,32,nbldpc_formal_v4_ir_q1024_p20_development_062,32,384,5.421010862427522e-20,nbldpc_v4_ir_warm,825843d3d2d141f5005b8b839d4e886ae01fbfc4b60e60ad2ea41acf6a890372,1.0842021724855044e-19,705,development,2,0,verified_success,0.2,4,d103379bdb5c0439e780f3c2b9a79ffd607c4478e80d33b10c7e5ec496cc9aea,1
02f4c0b48930339aba0c7c783c7851bcea2cbc163864074c75e5c5c51f4e3272,True,False,32,nbldpc_formal_v4_ir_q1024_p20_development_063,32,384,5.421010862427522e-20,nbldpc_v4_ir_warm,825843d3d2d141f5005b8b839d4e886ae01fbfc4b60e60ad2ea41acf6a890372,1.0842021724855044e-19,705,development,6,0,verified_success,0.2,4,860adc081dd1297a2829a995a210578e839cd8638166695136f33a73993cc8de,1
a26a319d1cb4f3bde1c72a67db88b4090a691db7eb97ab15bb3b56a3b4931221,True,True,48,nbldpc_formal_v4_ir_q1024_p30_development_000,40,480,,nbldpc_v4_ir_warm,825843d3d2d141f5005b8b839d4e886ae01fbfc4b60e60ad2ea41acf6a890372,1.0842021724855044e-19,4,development,12,12,decode_failed,0.3,6,932a975c87bff156f4ab63d7f3ae2d2644916ada6b1fc687884438040493eb45,0
6bf14d6a7cbaa397505004fa0dd4beb116b295593f2dd52b7b425fa6210d0a4f,True,False,40,nbldpc_formal_v4_ir_q1024_p30_development_001,40,464,5.421010862427522e-20,nbldpc_v4_ir_warm,825843d3d2d141f5005b8b839d4e886ae01fbfc4b60e60ad2ea41acf6a890372,1.0842021724855044e-19,705,development,3,0,verified_success,0.3,4,e0d954a7f48b3f8b858affa60a26f6e482d5514ccfec9e6c11790792505cd667,1
5b60bb43be8554b3f296921cff77e98665cdf2c040cf8e8cb39a6b5fdfddf8cf,True,False,40,nbldpc_formal_v4_ir_q1024_p30_development_002,40,464,5.421010862427522e-20,nbldpc_v4_ir_warm,825843d3d2d141f5005b8b839d4e886ae01fbfc4b60e60ad2ea41acf6a890372,1.0842021724855044e-19,705,development,4,0,verified_success,0.3,4,48b87894e6aaa123249827870e69b5edf479f291dace24e0f838f22429869da4,1
e1fb2fcddfb2adf3a75c64c73f92bf9e007afa9c60589dd6157fe903c795c0a5,True,False,40,nbldpc_formal_v4_ir_q1024_p30_development_003,40,464,5.421010862427522e-20,nbldpc_v4_ir_warm,825843d3d2d141f5005b8b839d4e886ae01fbfc4b60e60ad2ea41acf6a890372,1.0842021724855044e-19,705,development,2,0,verified_success,0.3,4,42c642267ac5cf4611dc7cf7f394abaf6ef09df5efa86c39d239301206b4004b,1
ef19c1563d80c51f8beba2e1b8e83774c940d7f43a7d74aa8ee96eae8a878a78,True,False,40,nbldpc_formal_v4_ir_q1024_p30_development_004,40,464,5.421010862427522e-20,nbldpc_v4_ir_warm,825843d3d2d141f5005b8b839d4e886ae01fbfc4b60e60ad2ea41acf6a890372,1.0842021724855044e-19,705,development,3,0,verified_success,0.3,4,74ec61656d767342d46d3bc700396235d24c41958e3b4f6d2ad30eb3b34d2022,1
72e56662e3a75bf6b442c785a3452d7692c60c4a2618d4fbccc7a6f6d4b95e07,True,False,40,nbldpc_formal_v4_ir_q1024_p30_development_005,40,464,5.421010862427522e-20,nbldpc_v4_ir_warm,825843d3d2d141f5005b8b839d4e886ae01fbfc4b60e60ad2ea41acf6a890372,1.0842021724855044e-19,705,development,11,0,verified_success,0.3,4,4369e02f54dbb0a1d45b66052632c7afc4ff3da443337e3eb74f280b671f3171,1
48b4a26217057dd5e492e4a53f35e93ccfeffa6ea084194373a6fb9ae81f31a3,True,False,40,nbldpc_formal_v4_ir_q1024_p30_development_006,40,464,5.421010862427522e-20,nbldpc_v4_ir_warm,825843d3d2d141f5005b8b839d4e886ae01fbfc4b60e60ad2ea41acf6a890372,1.0842021724855044e-19,705,development,2,0,verified_success,0.3,4,a6e909b11f7e96dd54bde5318a29fc3ad6e90bde1ba190fee6bc2231fbf15a40,1
dc162aa770c37f3f9b60ce2df0a349a913b2f1704c953e8f8d6ec0a47fe007e1,True,False,40,nbldpc_formal_v4_ir_q1024_p30_development_007,40,464,5.421010862427522e-20,nbldpc_v4_ir_warm,825843d3d2d141f5005b8b839d4e886ae01fbfc4b60e60ad2ea41acf6a890372,1.0842021724855044e-19,705,development,5,0,verified_success,0.3,4,8eeeee32f2383a5d21de03b1275a8e9a3e46e091dde753be888c0f5d4a48c7e0,1
64a52fa84e1aaedbef8b9ee2cc1328f8295f6b28ba6a23ed8057887a4c3dd9c3,True,True,48,nbldpc_formal_v4_ir_q1024_p30_development_008,40,544,5.421010862427522e-20,nbldpc_v4_ir_warm,825843d3d2d141f5005b8b839d4e886ae01fbfc4b60e60ad2ea41acf6a890372,1.0842021724855044e-19,707,development,12,3,verified_success,0.3,7,bce52ae9fc4d77b772e0017785c89ac0958cf683f3823ffb82d7a008758e9d4f,1
e7881172590ad86461fd99a4d0f85c625d72d591877200100a811a17920208d4,True,False,40,nbldpc_formal_v4_ir_q1024_p30_development_009,40,464,5.421010862427522e-20,nbldpc_v4_ir_warm,825843d3d2d141f5005b8b839d4e886ae01fbfc4b60e60ad2ea41acf6a890372,1.0842021724855044e-19,705,development,3,0,verified_success,0.3,4,857be977f5ce2753881dc9c6cf5ce19ac4e404d33445037589ad2cc16f901165,1
948395c705a5d43c0d24f186bf14e7cffefc5f21871d2192025afb0eac302f51,True,False,40,nbldpc_formal_v4_ir_q1024_p30_development_010,40,464,5.421010862427522e-20,nbldpc_v4_ir_warm,825843d3d2d141f5005b8b839d4e886ae01fbfc4b60e60ad2ea41acf6a890372,1.0842021724855044e-19,705,development,7,0,verified_success,0.3,4,71335b88fd12822c10febf832bf0b138d69a5f577195b9fd8d77c02bbe6e3592,1
40ae376e4acd09f8119066abeb4a9824fe82109444fe809231c9816102250650,True,False,40,nbldpc_formal_v4_ir_q1024_p30_development_011,40,464,5.421010862427522e-20,nbldpc_v4_ir_warm,825843d3d2d141f5005b8b839d4e886ae01fbfc4b60e60ad2ea41acf6a890372,1.0842021724855044e-19,705,development,5,0,verified_success,0.3,4,7434558152cd9a6865236778219a6d2a974d6f8ae066eac457b11892de50a3c8,1
a6bf4aaa9fe8545a7e20cba6fae843ba0f56f2cc1bf5f3bd5a6fc1e545030ef8,True,False,40,nbldpc_formal_v4_ir_q1024_p30_development_012,40,464,5.421010862427522e-20,nbldpc_v4_ir_warm,825843d3d2d141f5005b8b839d4e886ae01fbfc4b60e60ad2ea41acf6a890372,1.0842021724855044e-19,705,development,3,0,verified_success,0.3,4,49c537e8e6a780d886573226e74660360ffce53a0451eb135b62ed7068571f51,1
411821c7e5e8427bd6efa71e5eb0ccabce5f6f4459278114397a95777899518c,True,False,40,nbldpc_formal_v4_ir_q1024_p30_development_013,40,464,5.421010862427522e-20,nbldpc_v4_ir_warm,825843d3d2d141f5005b8b839d4e886ae01fbfc4b60e60ad2ea41acf6a890372,1.0842021724855044e-19,705,development,5,0,verified_success,0.3,4,ae1f9d5db99b2b965b06884b38b4ab2e2b548c687682ef1c03e8f714c3283db3,1
080d58eb00a1000ba9d5b2c93e25f73468c4c5645b53309dd2d4c8ef503500f6,True,False,40,nbldpc_formal_v4_ir_q1024_p30_development_014,40,464,5.421010862427522e-20,nbldpc_v4_ir_warm,825843d3d2d141f5005b8b839d4e886ae01fbfc4b60e60ad2ea41acf6a890372,1.0842021724855044e-19,705,development,3,0,verified_success,0.3,4,be67cbbf782c892d5080868697e5ea16dd223ff0e416aea08bdd7ea73c3f1b61,1
e7a079e48713a5e5bc930765b6a079c1f59560627c9c46ffbb67fd46e34d071c,True,False,40,nbldpc_formal_v4_ir_q1024_p30_development_015,40,464,5.421010862427522e-20,nbldpc_v4_ir_warm,825843d3d2d141f5005b8b839d4e886ae01fbfc4b60e60ad2ea41acf6a890372,1.0842021724855044e-19,705,development,2,0,verified_success,0.3,4,439a9cf274ede962c5cbed57fe01cdd2d219af4dabc0cfc2431b3fe1c6363e50,1
650f02b1dbd97d4be2f8df636191cc8a7678c00ff1c09c746582481fdcbfbc49,True,False,40,nbldpc_formal_v4_ir_q1024_p30_development_016,40,464,5.421010862427522e-20,nbldpc_v4_ir_warm,825843d3d2d141f5005b8b839d4e886ae01fbfc4b60e60ad2ea41acf6a890372,1.0842021724855044e-19,705,development,6,0,verified_success,0.3,4,4f3e01bf5426f15aa17ec7bfbbf43437224801b498b82f8c45a7522afadc3f4d,1
122042cf9a0c52a97ecdf2d2276d3d307780401fd63b1c60f3620249073d58de,True,False,40,nbldpc_formal_v4_ir_q1024_p30_development_017,40,464,5.421010862427522e-20,nbldpc_v4_ir_warm,825843d3d2d141f5005b8b839d4e886ae01fbfc4b60e60ad2ea41acf6a890372,1.0842021724855044e-19,705,development,2,0,verified_success,0.3,4,24eda38dadcbb8a0264200f26a2cc8b6b384dff4336f0f4aa1530e4e41054acc,1
4f09bb917dd6a75462afe8c8f5d4cd1af1c3a4bdcff56f0a58b8f2eb0f7f03db,True,False,40,nbldpc_formal_v4_ir_q1024_p30_development_018,40,464,5.421010862427522e-20,nbldpc_v4_ir_warm,825843d3d2d141f5005b8b839d4e886ae01fbfc4b60e60ad2ea41acf6a890372,1.0842021724855044e-19,705,development,4,0,verified_success,0.3,4,926e49ff0e08db7ead8a03ab17ef2aad7d428fd7e13d3cb70a13e0f2da9419b6,1
6c5bccb8965110b48129c71ed65ff772edd2658026877f99455c6ef7b8fd4e44,True,False,40,nbldpc_formal_v4_ir_q1024_p30_development_019,40,464,5.421010862427522e-20,nbldpc_v4_ir_warm,825843d3d2d141f5005b8b839d4e886ae01fbfc4b60e60ad2ea41acf6a890372,1.0842021724855044e-19,705,development,2,0,verified_success,0.3,4,b4f37a503abc514c6bc158cdc7e0f55121f5356559d4f4635264c11808c1d52c,1
00aa1dbc233daab57ee839d62200f4ce0dda78062440388888a7923b44a4ccc4,True,False,40,nbldpc_formal_v4_ir_q1024_p30_development_020,40,464,5.421010862427522e-20,nbldpc_v4_ir_warm,825843d3d2d141f5005b8b839d4e886ae01fbfc4b60e60ad2ea41acf6a890372,1.0842021724855044e-19,705,development,2,0,verified_success,0.3,4,e58e3acb38f7dfb87834d6f96526290ce5c30ae13d59c34cac72be82c4eb1450,1
218fdf09d89bc3a1dbb1094938a6ddc77343c497f688feebb0380e9029a36966,True,False,40,nbldpc_formal_v4_ir_q1024_p30_development_021,40,464,5.421010862427522e-20,nbldpc_v4_ir_warm,825843d3d2d141f5005b8b839d4e886ae01fbfc4b60e60ad2ea41acf6a890372,1.0842021724855044e-19,705,development,3,0,verified_success,0.3,4,0e86fecbbc8880d98e36856e8126da626eebb5516a176c18f61183b2c6d85fba,1
1b3cfb7dc61c88f2c0a4f6e4293fbdda60b08aa655be90e224cf845f64cdf226,True,False,40,nbldpc_formal_v4_ir_q1024_p30_development_022,40,464,5.421010862427522e-20,nbldpc_v4_ir_warm,825843d3d2d141f5005b8b839d4e886ae01fbfc4b60e60ad2ea41acf6a890372,1.0842021724855044e-19,705,development,2,0,verified_success,0.3,4,53b0672239dadcd4de1c6964cdebecaf641b5f365c598a311d22de85fce9416b,1
04a6d0032590c5a0b0ba89a77c9a1c6819ab01ee637b5896b1db7f02099ec277,True,False,40,nbldpc_formal_v4_ir_q1024_p30_development_023,40,464,5.421010862427522e-20,nbldpc_v4_ir_warm,825843d3d2d141f5005b8b839d4e886ae01fbfc4b60e60ad2ea41acf6a890372,1.0842021724855044e-19,705,development,2,0,verified_success,0.3,4,71c51c09e95782bca814bcd003019b0c894f8a772b2dbb9df267012d8e723576,1
c17cb62057c780ed7340eb28511bcdb808a93e2e8f46455df98f82d9fc5d5d2f,True,False,40,nbldpc_formal_v4_ir_q1024_p30_development_024,40,464,5.421010862427522e-20,nbldpc_v4_ir_warm,825843d3d2d141f5005b8b839d4e886ae01fbfc4b60e60ad2ea41acf6a890372,1.0842021724855044e-19,705,development,4,0,verified_success,0.3,4,506cb9621ad00afad9bdc03bab39068c2f390fe3696a66fe49e17b5689b34e33,1
6348e6245356e578a104e8ff20efeaa0dd9249eeda942fc0f06c0f035f5f33ff,True,False,40,nbldpc_formal_v4_ir_q1024_p30_development_025,40,464,5.421010862427522e-20,nbldpc_v4_ir_warm,825843d3d2d141f5005b8b839d4e886ae01fbfc4b60e60ad2ea41acf6a890372,1.0842021724855044e-19,705,development,4,0,verified_success,0.3,4,e062c7ca8d4dd2a33b7e725dc1b7a447802d0debb76d4e34db31bf5d7b0317e7,1
c487639a04d475add3a9349b322c57c13a68c6d416b7d617e5997e2862351e4f,True,True,48,nbldpc_formal_v4_ir_q1024_p30_development_026,40,544,5.421010862427522e-20,nbldpc_v4_ir_warm,825843d3d2d141f5005b8b839d4e886ae01fbfc4b60e60ad2ea41acf6a890372,1.0842021724855044e-19,707,development,12,3,verified_success,0.3,7,39e0e98c307e8be9575d0835f4205aa8394c27d0d7bd2ee386717c96a16c46ed,1
243b8ebd3d4cfaab97d884a1bbb45db1e09158274ff8af9aa78e12a639fd84b8,True,False,40,nbldpc_formal_v4_ir_q1024_p30_development_027,40,464,5.421010862427522e-20,nbldpc_v4_ir_warm,825843d3d2d141f5005b8b839d4e886ae01fbfc4b60e60ad2ea41acf6a890372,1.0842021724855044e-19,705,development,2,0,verified_success,0.3,4,569d8245d0e56517d3f4e512e66faac46a379368e758eb2979f9669118e574c6,1
e07debd5d4c2185661738ba35bb54cd46aeeb8228c786af686b3eba5c983f9b9,True,False,40,nbldpc_formal_v4_ir_q1024_p30_development_028,40,464,5.421010862427522e-20,nbldpc_v4_ir_warm,825843d3d2d141f5005b8b839d4e886ae01fbfc4b60e60ad2ea41acf6a890372,1.0842021724855044e-19,705,development,3,0,verified_success,0.3,4,185839bd92baf3525ec8334b921f3ac38e519da2d1384c69fd7716d2c1ef0523,1
7d10855a28b710815dfaf58c5f7d9c76ac87414c9c2ca218e44ecfc2f3412e1e,True,False,40,nbldpc_formal_v4_ir_q1024_p30_development_029,40,464,5.421010862427522e-20,nbldpc_v4_ir_warm,825843d3d2d141f5005b8b839d4e886ae01fbfc4b60e60ad2ea41acf6a890372,1.0842021724855044e-19,705,development,5,0,verified_success,0.3,4,38b44a5e4e2e623f0ebae04f95ddff7dd776107ddf06c717945580e8eba9515f,1
08d052c81cc333ebeaa383dae610edbc6580ff3ac664636b91dc19eb8df5d210,True,False,40,nbldpc_formal_v4_ir_q1024_p30_development_030,40,464,5.421010862427522e-20,nbldpc_v4_ir_warm,825843d3d2d141f5005b8b839d4e886ae01fbfc4b60e60ad2ea41acf6a890372,1.0842021724855044e-19,705,development,3,0,verified_success,0.3,4,0e68b33418c9419da294a5071215a47c3b8b5204452de88baa3b2f58eac1b2df,1
cf4a1abbcc9ec5bf31bc11736923063193329de26a0f5c1e515de6e4ddd1185e,True,False,40,nbldpc_formal_v4_ir_q1024_p30_development_031,40,464,5.421010862427522e-20,nbldpc_v4_ir_warm,825843d3d2d141f5005b8b839d4e886ae01fbfc4b60e60ad2ea41acf6a890372,1.0842021724855044e-19,705,development,3,0,verified_success,0.3,4,bbe74916aef58ec765327a6320e8b74257af4b06ccd41f289dd9f59dfef4a2a5,1
c1ff3e0c5ee16115049d33163f9555a9623aa1ad3e9e5f71e95378d962d9fd83,True,False,40,nbldpc_formal_v4_ir_q1024_p30_development_032,40,464,5.421010862427522e-20,nbldpc_v4_ir_warm,825843d3d2d141f5005b8b839d4e886ae01fbfc4b60e60ad2ea41acf6a890372,1.0842021724855044e-19,705,development,2,0,verified_success,0.3,4,e290428c522dbe95ab47209b6482ff8983a4d9ac9405973d3c2526747e83757e,1
76285304bc8f3d90ec78af61a764b94ff793a033d221ab69300924685ce2f7c2,True,False,40,nbldpc_formal_v4_ir_q1024_p30_development_033,40,464,5.421010862427522e-20,nbldpc_v4_ir_warm,825843d3d2d141f5005b8b839d4e886ae01fbfc4b60e60ad2ea41acf6a890372,1.0842021724855044e-19,705,development,3,0,verified_success,0.3,4,bf477eb3f10e16957e79355e257abbbe5cb2add2f5d17fd92ec7a3d5cc765a0d,1
34a791ed1e0bf609477afbfedab7bfd8255922280994d24d57a311289934f9f1,True,False,40,nbldpc_formal_v4_ir_q1024_p30_development_034,40,464,5.421010862427522e-20,nbldpc_v4_ir_warm,825843d3d2d141f5005b8b839d4e886ae01fbfc4b60e60ad2ea41acf6a890372,1.0842021724855044e-19,705,development,2,0,verified_success,0.3,4,d6109ad7167970af220d6837c7585c0955ee6a99eb07052fcd23bf656c008ca4,1
1a15aebe6e13b556ba53aa47fcd75dfd79e34ddc80f77405eef236ba7407df8f,True,False,40,nbldpc_formal_v4_ir_q1024_p30_development_035,40,464,5.421010862427522e-20,nbldpc_v4_ir_warm,825843d3d2d141f5005b8b839d4e886ae01fbfc4b60e60ad2ea41acf6a890372,1.0842021724855044e-19,705,development,2,0,verified_success,0.3,4,f9d9896b619729036726f4554737980d40ad0cd041e2494c70b725e21237daf1,1
156d3191c223af389a393ba755c047929e7dcd2aae7779825128bcb80a0cd53a,True,False,40,nbldpc_formal_v4_ir_q1024_p30_development_036,40,464,5.421010862427522e-20,nbldpc_v4_ir_warm,825843d3d2d141f5005b8b839d4e886ae01fbfc4b60e60ad2ea41acf6a890372,1.0842021724855044e-19,705,development,3,0,verified_success,0.3,4,0deccf5fc790ff14b9c102d157103263c4467a0be9309cf61ca7e4e3cbf11432,1
65b1f7ac498a7d43290a93fe657df0f3fdc027ba68b03db96a493742b58ed0e9,True,False,40,nbldpc_formal_v4_ir_q1024_p30_development_037,40,464,5.421010862427522e-20,nbldpc_v4_ir_warm,825843d3d2d141f5005b8b839d4e886ae01fbfc4b60e60ad2ea41acf6a890372,1.0842021724855044e-19,705,development,1,0,verified_success,0.3,4,6caec01aa0c146b8bc7d3e44c28c7cecd8e4feb24d1b2391e1dd4fa377682810,1
34e7a2b6be81c45a36e7e20c37c0de6d83bd0cae39c5af8ebd5fdd17f49f7470,True,False,40,nbldpc_formal_v4_ir_q1024_p30_development_038,40,464,5.421010862427522e-20,nbldpc_v4_ir_warm,825843d3d2d141f5005b8b839d4e886ae01fbfc4b60e60ad2ea41acf6a890372,1.0842021724855044e-19,705,development,2,0,verified_success,0.3,4,af8c4678e893cdb00c0632e258c6ec4fed1bbad5691fdcf0d667b3849c516950,1
5a6765ae87e4d285efc8686e15d0840b1df7daf72728922dbf23ab159752d837,True,False,40,nbldpc_formal_v4_ir_q1024_p30_development_039,40,464,5.421010862427522e-20,nbldpc_v4_ir_warm,825843d3d2d141f5005b8b839d4e886ae01fbfc4b60e60ad2ea41acf6a890372,1.0842021724855044e-19,705,development,2,0,verified_success,0.3,4,8788ce0bbb3f86162a9ec8997665375f2d95eaa1f682b0164229daf09ca62456,1
ef6833429574e9b24b995fedf4ac1d32526f9e76cbab2b23a07c7a8f6880a57f,True,False,40,nbldpc_formal_v4_ir_q1024_p30_development_040,40,464,5.421010862427522e-20,nbldpc_v4_ir_warm,825843d3d2d141f5005b8b839d4e886ae01fbfc4b60e60ad2ea41acf6a890372,1.0842021724855044e-19,705,development,2,0,verified_success,0.3,4,60c962363bc8382460fb574b7d1777f7e6e4267847e563ecf526f38f19469164,1
3f61c4eaf5199c1521a50745167b4ac7bd7f3798c6cac8b119422dc0ac61e306,True,False,40,nbldpc_formal_v4_ir_q1024_p30_development_041,40,464,5.421010862427522e-20,nbldpc_v4_ir_warm,825843d3d2d141f5005b8b839d4e886ae01fbfc4b60e60ad2ea41acf6a890372,1.0842021724855044e-19,705,development,3,0,verified_success,0.3,4,1f1a88b5dc129fdbb79a0a8b52962afa3837b18c1fa0c694e0f80052262caab7,1
a20424bc5a0a0d7516a86fb1f517d37e37e09225ad02f52db0088a4041e3e59c,True,False,40,nbldpc_formal_v4_ir_q1024_p30_development_042,40,464,5.421010862427522e-20,nbldpc_v4_ir_warm,825843d3d2d141f5005b8b839d4e886ae01fbfc4b60e60ad2ea41acf6a890372,1.0842021724855044e-19,705,development,2,0,verified_success,0.3,4,a2ba95bba594335a014a0db0e39067bbe5fe7ac07511c551414210e4a8e60c3f,1
33d39c6160ec8879daf224a5d3fc9de73cb07829094d20398437f1f80f8be158,True,False,40,nbldpc_formal_v4_ir_q1024_p30_development_043,40,464,5.421010862427522e-20,nbldpc_v4_ir_warm,825843d3d2d141f5005b8b839d4e886ae01fbfc4b60e60ad2ea41acf6a890372,1.0842021724855044e-19,705,development,3,0,verified_success,0.3,4,551c4dd50f94cdd424586897cfb3ba550705b174712d02a6ed3e2e7b544b4917,1
935ec6c103b72b61baaee3330a27ce85c7ffe9c2a9c65a3e36793c2df955d828,True,False,40,nbldpc_formal_v4_ir_q1024_p30_development_044,40,464,5.421010862427522e-20,nbldpc_v4_ir_warm,825843d3d2d141f5005b8b839d4e886ae01fbfc4b60e60ad2ea41acf6a890372,1.0842021724855044e-19,705,development,2,0,verified_success,0.3,4,241496b7d3d31e048d3ab327a9d5bc5ba8f3b69b9e47cd17892d46e9b908fa80,1
4444181427d7c11a07ef02b73308221cb52c6932635d5366ee57d343d3d7bed4,True,True,48,nbldpc_formal_v4_ir_q1024_p30_development_045,40,544,5.421010862427522e-20,nbldpc_v4_ir_warm,825843d3d2d141f5005b8b839d4e886ae01fbfc4b60e60ad2ea41acf6a890372,1.0842021724855044e-19,707,development,12,4,verified_success,0.3,7,6e6f43995c09c9a70520990fdd3e560eaae1af9309567445e0601bb34824b72f,1
bfdf0747659b3c87c41c2c7eb7fab223644b20900f6e20c858e7fe25917b6c29,True,False,40,nbldpc_formal_v4_ir_q1024_p30_development_046,40,464,5.421010862427522e-20,nbldpc_v4_ir_warm,825843d3d2d141f5005b8b839d4e886ae01fbfc4b60e60ad2ea41acf6a890372,1.0842021724855044e-19,705,development,2,0,verified_success,0.3,4,6ee079b93d05716c81200518c17e3d95b276acf98bc5c92b8271e5f2293499ed,1
6c7526054bf99288e5c1d380c4cff55dc98c029f835ce313ebf2fe1442eb4876,True,False,40,nbldpc_formal_v4_ir_q1024_p30_development_047,40,464,5.421010862427522e-20,nbldpc_v4_ir_warm,825843d3d2d141f5005b8b839d4e886ae01fbfc4b60e60ad2ea41acf6a890372,1.0842021724855044e-19,705,development,3,0,verified_success,0.3,4,29ed95dbfd3ad69ce9f3834128f9c87fb409bfe13bcfba71e8ef8c5b251cf40b,1
3cc4ee46fae64204b68a30dd10a97ebc63f79db8ac225bbb350a2e2ded1f3487,True,False,40,nbldpc_formal_v4_ir_q1024_p30_development_048,40,464,5.421010862427522e-20,nbldpc_v4_ir_warm,825843d3d2d141f5005b8b839d4e886ae01fbfc4b60e60ad2ea41acf6a890372,1.0842021724855044e-19,705,development,2,0,verified_success,0.3,4,b2851854337b2f6a3714f27276da993fb59a6bd2c10a7e545cec2c29419ffa53,1
faf0399a2764ea007870afd31cbc4590e56ef77e73fe4ec3478fe854634a9aa4,True,False,40,nbldpc_formal_v4_ir_q1024_p30_development_049,40,464,5.421010862427522e-20,nbldpc_v4_ir_warm,825843d3d2d141f5005b8b839d4e886ae01fbfc4b60e60ad2ea41acf6a890372,1.0842021724855044e-19,705,development,3,0,verified_success,0.3,4,5a5dfa83c3eea06e20e50b9dc969d8d63040e0a878f8c1c39c4441c4f710d6a8,1
622db6665bfbb4bfe30f1cebffdf694bf06a3a0ded78641ea674a51a6007dd5c,True,False,40,nbldpc_formal_v4_ir_q1024_p30_development_050,40,464,5.421010862427522e-20,nbldpc_v4_ir_warm,825843d3d2d141f5005b8b839d4e886ae01fbfc4b60e60ad2ea41acf6a890372,1.0842021724855044e-19,705,development,2,0,verified_success,0.3,4,8e53ea2ea815a5bb80fcb08aecfdb2c5ee2d342ff2405edda814160fb22c84e0,1
9959fd645cb85c3e0a51d3081768be74187f9848729a98606bc9514d75f218fb,True,False,40,nbldpc_formal_v4_ir_q1024_p30_development_051,40,464,5.421010862427522e-20,nbldpc_v4_ir_warm,825843d3d2d141f5005b8b839d4e886ae01fbfc4b60e60ad2ea41acf6a890372,1.0842021724855044e-19,705,development,4,0,verified_success,0.3,4,7fbb7391a40990159face4f4e502a3bc90a2a1b8fb0b69e2bbb329f2a3727429,1
dafbba5b587420286217338a3a2927146245feb1931196c3e07c0e2c2ae4530e,True,False,40,nbldpc_formal_v4_ir_q1024_p30_development_052,40,464,5.421010862427522e-20,nbldpc_v4_ir_warm,825843d3d2d141f5005b8b839d4e886ae01fbfc4b60e60ad2ea41acf6a890372,1.0842021724855044e-19,705,development,1,0,verified_success,0.3,4,e02a5e4314fc68198845be58e205579cee0ebae200db91c826e616191b4448c2,1
ef873c7ea905dcb3d3b94416cd59efb36a897e5a04c192ef15eabce4905e9f83,True,False,40,nbldpc_formal_v4_ir_q1024_p30_development_053,40,464,5.421010862427522e-20,nbldpc_v4_ir_warm,825843d3d2d141f5005b8b839d4e886ae01fbfc4b60e60ad2ea41acf6a890372,1.0842021724855044e-19,705,development,2,0,verified_success,0.3,4,1b169d0a8d62f7ec4127e78152a845699d41eefa17eaf5d1a85b2cbe7cd54f74,1
9eb59a8b9744a56a75b380c382fd0ca9075314c838d1abe0483eebaa8d178d5d,True,False,40,nbldpc_formal_v4_ir_q1024_p30_development_054,40,464,5.421010862427522e-20,nbldpc_v4_ir_warm,825843d3d2d141f5005b8b839d4e886ae01fbfc4b60e60ad2ea41acf6a890372,1.0842021724855044e-19,705,development,2,0,verified_success,0.3,4,0b6f89e52ca8916df6e050d8311355e59d09c1bb155848992568a56efdb3fdfe,1
520e6a73f1ea85ca229f69a63837ed75d809302f7afbbbf928da288cbbc17f6a,True,False,40,nbldpc_formal_v4_ir_q1024_p30_development_055,40,464,5.421010862427522e-20,nbldpc_v4_ir_warm,825843d3d2d141f5005b8b839d4e886ae01fbfc4b60e60ad2ea41acf6a890372,1.0842021724855044e-19,705,development,2,0,verified_success,0.3,4,9a32f897f5d5cca7c127eb9a09a0fb111a306cc782e427df496ac17e748ca8d5,1
74781bac1ed88f6f36f6de4c5b76c42c937793cd918d794261be0edde6aadda2,True,False,40,nbldpc_formal_v4_ir_q1024_p30_development_056,40,464,5.421010862427522e-20,nbldpc_v4_ir_warm,825843d3d2d141f5005b8b839d4e886ae01fbfc4b60e60ad2ea41acf6a890372,1.0842021724855044e-19,705,development,2,0,verified_success,0.3,4,74aa83121d3a0fae4e724d9c3157c03e9e3225b3ac0938bd06a932047d9f7d50,1
fe06c43b0ed0cc34c4b2a80a4150eebf56cb1503e8bd42f7e3271bb1d6be12a2,True,False,40,nbldpc_formal_v4_ir_q1024_p30_development_057,40,464,5.421010862427522e-20,nbldpc_v4_ir_warm,825843d3d2d141f5005b8b839d4e886ae01fbfc4b60e60ad2ea41acf6a890372,1.0842021724855044e-19,705,development,5,0,verified_success,0.3,4,9c5692ef74bb108157318839d10620257dace72796e6171cfd98b4eaad185aca,1
69169a6b51054113c61146ed32e1abb2ebdd7771ddcf54716e6dde4efbd12904,True,False,40,nbldpc_formal_v4_ir_q1024_p30_development_058,40,464,5.421010862427522e-20,nbldpc_v4_ir_warm,825843d3d2d141f5005b8b839d4e886ae01fbfc4b60e60ad2ea41acf6a890372,1.0842021724855044e-19,705,development,3,0,verified_success,0.3,4,56168d1278a95a64605e6f34dd211ab8cc2765b0a1383b3f32c0ff64ecf9a9e9,1
c2be22b905a48e0c3383175f50ee2905991ef1f666f3d0fd9671a9f0f85b0668,True,False,40,nbldpc_formal_v4_ir_q1024_p30_development_059,40,464,5.421010862427522e-20,nbldpc_v4_ir_warm,825843d3d2d141f5005b8b839d4e886ae01fbfc4b60e60ad2ea41acf6a890372,1.0842021724855044e-19,705,development,2,0,verified_success,0.3,4,69514f09c5ebcb43ac7dacd2f95a225284eb1c62a5587167aa6ebc2b96c97dad,1
6bcc9bb0bc6b1358034d76a00fda01f492d9e71b7fcedd64fca2f002dfe3408e,True,False,40,nbldpc_formal_v4_ir_q1024_p30_development_060,40,464,5.421010862427522e-20,nbldpc_v4_ir_warm,825843d3d2d141f5005b8b839d4e886ae01fbfc4b60e60ad2ea41acf6a890372,1.0842021724855044e-19,705,development,3,0,verified_success,0.3,4,ea7ee8dc178558cca2acff3745e34c4b80bc7430590beba25929b30529e2f61b,1
9f04a807ff686dc0097ff886ede387f003866846aa3a3cf68249478974cf1168,True,False,40,nbldpc_formal_v4_ir_q1024_p30_development_061,40,464,5.421010862427522e-20,nbldpc_v4_ir_warm,825843d3d2d141f5005b8b839d4e886ae01fbfc4b60e60ad2ea41acf6a890372,1.0842021724855044e-19,705,development,2,0,verified_success,0.3,4,19bc07b633a4fb0ec488403fe5c781e88282cbc8733a75833b8ee5ef79e5f396,1
02387d2c89318bc8603c80df391c844ea1a8894cc3666097f4cbc29f43b605ee,True,False,40,nbldpc_formal_v4_ir_q1024_p30_development_062,40,464,5.421010862427522e-20,nbldpc_v4_ir_warm,825843d3d2d141f5005b8b839d4e886ae01fbfc4b60e60ad2ea41acf6a890372,1.0842021724855044e-19,705,development,3,0,verified_success,0.3,4,42f2fd5af67362c463a0f212287cad3b22960dc504ebf5066575d67d8916f264,1
1ed1e881e904099ee660eedfca6bd8e384c51036c0cb12a3397567ee137e298a,True,False,40,nbldpc_formal_v4_ir_q1024_p30_development_063,40,464,5.421010862427522e-20,nbldpc_v4_ir_warm,825843d3d2d141f5005b8b839d4e886ae01fbfc4b60e60ad2ea41acf6a890372,1.0842021724855044e-19,705,development,3,0,verified_success,0.3,4,31fe3588be98fa8485c5fb815b7298e438d5b7b98af4cb684da8c56912086c6e,1
6b5d78f6adab5b915c53fe62549b387d0cc4c25bd5f7d6ff215745d84f890265,True,False,32,nbldpc_formal_v4_ir_q1024_p20_development_000,32,384,5.421010862427522e-20,nbldpc_v4_ir_restart,f79d98285b52fd89170f02b6537ae47c57a48db8e24239536fa43dace8a3609a,1.0842021724855044e-19,705,development,2,0,verified_success,0.2,4,3bb9407b31f0f10db65b492dd8349675342721be765879ffe82b5cf9c930b2c5,1
19efddfb964bfb1fda954dc2f0e410c752fe9e5f9c134b7c5a5558d171948684,True,False,32,nbldpc_formal_v4_ir_q1024_p20_development_001,32,384,5.421010862427522e-20,nbldpc_v4_ir_restart,f79d98285b52fd89170f02b6537ae47c57a48db8e24239536fa43dace8a3609a,1.0842021724855044e-19,705,development,2,0,verified_success,0.2,4,54a5d661d425c18c38d245c112cc2fbc52e454e50848ce0835a660f0493c977f,1
589d5f159646d9ec1583ae95fb5dff306d12c6333da267955f843ec6520898ee,True,False,32,nbldpc_formal_v4_ir_q1024_p20_development_002,32,384,5.421010862427522e-20,nbldpc_v4_ir_restart,f79d98285b52fd89170f02b6537ae47c57a48db8e24239536fa43dace8a3609a,1.0842021724855044e-19,705,development,2,0,verified_success,0.2,4,0ac65a31e46ba483fbd424e88e1830ce69d458c3cc58221ca49961dc0639234e,1
6f414738552db460cc8dc95296682eb0a92d7dcbcfe8c797f3ef5615c12f7b5c,True,False,32,nbldpc_formal_v4_ir_q1024_p20_development_003,32,384,5.421010862427522e-20,nbldpc_v4_ir_restart,f79d98285b52fd89170f02b6537ae47c57a48db8e24239536fa43dace8a3609a,1.0842021724855044e-19,705,development,8,0,verified_success,0.2,4,1c4e13b8ea05a16318fda3d5acaa485ef9f3ac6d3f7610a942d191374cf26be1,1
ba4f749d62106807c0162bb680c61509ed2a01a6f417cad4312a3603dac0e3e1,True,False,32,nbldpc_formal_v4_ir_q1024_p20_development_004,32,384,5.421010862427522e-20,nbldpc_v4_ir_restart,f79d98285b52fd89170f02b6537ae47c57a48db8e24239536fa43dace8a3609a,1.0842021724855044e-19,705,development,4,0,verified_success,0.2,4,0470c1aa7a92656dea80ce2af298cb85081a1146bcb30826acdecc110c19ea37,1
dbf2899824367955326b82896ae00767cbb63eac9454b69338d2c4c5541c2705,True,False,32,nbldpc_formal_v4_ir_q1024_p20_development_005,32,384,5.421010862427522e-20,nbldpc_v4_ir_restart,f79d98285b52fd89170f02b6537ae47c57a48db8e24239536fa43dace8a3609a,1.0842021724855044e-19,705,development,2,0,verified_success,0.2,4,6e39efda972bcd9c71a5221947f20134df5e0668b678f45a533f3b250627bbbf,1
ff48abf40188312861f9a214710feac912849fe5aa3e862d17edcd8f260f7376,True,False,32,nbldpc_formal_v4_ir_q1024_p20_development_006,32,384,5.421010862427522e-20,nbldpc_v4_ir_restart,f79d98285b52fd89170f02b6537ae47c57a48db8e24239536fa43dace8a3609a,1.0842021724855044e-19,705,development,2,0,verified_success,0.2,4,e05ab1de386f97e1e54c18bd5a701d891eb5d4f18124c42659aa79998f75cca5,1
8c6b9bcf9f26330b42a9e3096036d1a95ec7b1895f2facf5162c0dcfb572d998,True,False,32,nbldpc_formal_v4_ir_q1024_p20_development_007,32,384,5.421010862427522e-20,nbldpc_v4_ir_restart,f79d98285b52fd89170f02b6537ae47c57a48db8e24239536fa43dace8a3609a,1.0842021724855044e-19,705,development,2,0,verified_success,0.2,4,946e5f6e766f504e5a8cecabfd0331d0deb14e577100d3446643d28f886efef1,1
0e9e91682bac93e368192090e3862905a3971c2df048c342e6b19436b6c741dc,True,False,32,nbldpc_formal_v4_ir_q1024_p20_development_008,32,384,5.421010862427522e-20,nbldpc_v4_ir_restart,f79d98285b52fd89170f02b6537ae47c57a48db8e24239536fa43dace8a3609a,1.0842021724855044e-19,705,development,3,0,verified_success,0.2,4,e45f14b1c86b3423d4c1c2b0a965e94ff019b218522f31fa50f300ffb0b1cfaf,1
b3765377c452c2a5123ffd4a5cb39ab1af041c55a4e25598dbd3860ba16e2fe1,True,False,32,nbldpc_formal_v4_ir_q1024_p20_development_009,32,384,5.421010862427522e-20,nbldpc_v4_ir_restart,f79d98285b52fd89170f02b6537ae47c57a48db8e24239536fa43dace8a3609a,1.0842021724855044e-19,705,development,3,0,verified_success,0.2,4,8d67d6aeaf772488fb33a3d1021381b78ff6feded8d4ecbf72c7da71c02eb7e5,1
6df78569543fb59da5b15ef4605a2e294a11e9c51262daed58ca1701c51f29ef,True,False,32,nbldpc_formal_v4_ir_q1024_p20_development_010,32,384,5.421010862427522e-20,nbldpc_v4_ir_restart,f79d98285b52fd89170f02b6537ae47c57a48db8e24239536fa43dace8a3609a,1.0842021724855044e-19,705,development,2,0,verified_success,0.2,4,8c33bfeea9c506bff791f7b02d7842d978b93cfd4c99f3eeec7973b5970c8429,1
450e577f0a2504d9ecb666c998e66dce93148c69d9bd15be74c2efb35da43d96,True,False,32,nbldpc_formal_v4_ir_q1024_p20_development_011,32,384,5.421010862427522e-20,nbldpc_v4_ir_restart,f79d98285b52fd89170f02b6537ae47c57a48db8e24239536fa43dace8a3609a,1.0842021724855044e-19,705,development,2,0,verified_success,0.2,4,1bf6ff2213ff3b4829c4808e59273dbcfca41b528fc29ad75c708c06bd4f7b08,1
7c3540f55f89caaf7dfecc83b0ea463a482aff51704eda54b27e595d977af5fc,True,False,32,nbldpc_formal_v4_ir_q1024_p20_development_012,32,384,5.421010862427522e-20,nbldpc_v4_ir_restart,f79d98285b52fd89170f02b6537ae47c57a48db8e24239536fa43dace8a3609a,1.0842021724855044e-19,705,development,4,0,verified_success,0.2,4,d283989ddce8e5eddc12e1a82d11efda589ba636a894c0b3ef7115c347c4241f,1
51972dbca80bae1ba5ca7fd231de3c1d8dc04c0c31fb4142792ce4bcfd338166,True,False,32,nbldpc_formal_v4_ir_q1024_p20_development_013,32,384,5.421010862427522e-20,nbldpc_v4_ir_restart,f79d98285b52fd89170f02b6537ae47c57a48db8e24239536fa43dace8a3609a,1.0842021724855044e-19,705,development,3,0,verified_success,0.2,4,264e0760d060862392b2a5e1490ea5fbc43e73580bb83a220ac4dd662d707ed7,1
6076721556e8da4405714dd0bdee227680525d5679ddfc54f7a4e1db6c911a22,True,False,32,nbldpc_formal_v4_ir_q1024_p20_development_014,32,384,5.421010862427522e-20,nbldpc_v4_ir_restart,f79d98285b52fd89170f02b6537ae47c57a48db8e24239536fa43dace8a3609a,1.0842021724855044e-19,705,development,2,0,verified_success,0.2,4,18bae4a30b9a5dec952b2030958f149bc1b346a86fa2940cdac49d825a72a713,1
5660f26501ef3468150f98eacb09322ba90c4c8da2c47e161629900be594ab89,True,False,32,nbldpc_formal_v4_ir_q1024_p20_development_015,32,384,5.421010862427522e-20,nbldpc_v4_ir_restart,f79d98285b52fd89170f02b6537ae47c57a48db8e24239536fa43dace8a3609a,1.0842021724855044e-19,705,development,9,0,verified_success,0.2,4,5601beb1d3dab5f36492f63496b8ed91a2ef91381913469e4affeb8ccd9d4d55,1
75063a57e2f7ad002ec1138c86e1acd69cb93fe38f19d2a7e740af4b5ea56684,True,False,32,nbldpc_formal_v4_ir_q1024_p20_development_016,32,384,5.421010862427522e-20,nbldpc_v4_ir_restart,f79d98285b52fd89170f02b6537ae47c57a48db8e24239536fa43dace8a3609a,1.0842021724855044e-19,705,development,2,0,verified_success,0.2,4,31cbc19aea6ef3e64df242f6fd3130cf67fb6caa7c4376b161273fd25e45d17d,1
7d4616636415d4f817181a87993a09b82894dcf7342b6cb6d836782a74add74b,True,False,32,nbldpc_formal_v4_ir_q1024_p20_development_017,32,384,5.421010862427522e-20,nbldpc_v4_ir_restart,f79d98285b52fd89170f02b6537ae47c57a48db8e24239536fa43dace8a3609a,1.0842021724855044e-19,705,development,2,0,verified_success,0.2,4,98ec9d80075747f5ce51bc371217553cde19a1494ec6ce7e8fd7d86ddae37f8f,1
ed29c4905b033f1d89f0999d6a554a474bc5fee71ca651a367648194cb7be0ad,True,False,32,nbldpc_formal_v4_ir_q1024_p20_development_018,32,384,5.421010862427522e-20,nbldpc_v4_ir_restart,f79d98285b52fd89170f02b6537ae47c57a48db8e24239536fa43dace8a3609a,1.0842021724855044e-19,705,development,6,0,verified_success,0.2,4,4f13fa67ec4243f9136afc34d07f183c6b8fc5ff1b0bee328e24bd728c6eece1,1
9b971c232c2d9e40376d42597fac5a74cdf45df1de23cb28491da57780daddd8,True,False,32,nbldpc_formal_v4_ir_q1024_p20_development_019,32,384,5.421010862427522e-20,nbldpc_v4_ir_restart,f79d98285b52fd89170f02b6537ae47c57a48db8e24239536fa43dace8a3609a,1.0842021724855044e-19,705,development,3,0,verified_success,0.2,4,3fc0eea4ff5201208f00efae3b2f00da879c75daa84a348ceef64b0c677ce4ca,1
d2b251143b6a6bbe76dc7f614c446923cce63966b217e2527263f93970937541,True,False,32,nbldpc_formal_v4_ir_q1024_p20_development_020,32,384,5.421010862427522e-20,nbldpc_v4_ir_restart,f79d98285b52fd89170f02b6537ae47c57a48db8e24239536fa43dace8a3609a,1.0842021724855044e-19,705,development,3,0,verified_success,0.2,4,691b160edebb62db2fec0002b26fec988d8187318cb346887a0575cae4bc2218,1
076d6d24d01429094ee65b92e8e2b267fa4395485df55f5e489727d8c3fab75d,True,False,32,nbldpc_formal_v4_ir_q1024_p20_development_021,32,384,5.421010862427522e-20,nbldpc_v4_ir_restart,f79d98285b52fd89170f02b6537ae47c57a48db8e24239536fa43dace8a3609a,1.0842021724855044e-19,705,development,3,0,verified_success,0.2,4,5a8df9cd5d4a49b60ed9844416c56656d20005daeead086b7ebd3f17a4eb4469,1
75a58a8fe6988e50670c0c9162e44bb3f268d7b467a5e2614d9ae6d0e8a8a6ed,True,False,32,nbldpc_formal_v4_ir_q1024_p20_development_022,32,384,5.421010862427522e-20,nbldpc_v4_ir_restart,f79d98285b52fd89170f02b6537ae47c57a48db8e24239536fa43dace8a3609a,1.0842021724855044e-19,705,development,2,0,verified_success,0.2,4,ef6315cb3df483d90df375f8e81336c28b216cecf00477af2ca898b00c22c4c7,1
0fed953a86d1bde308ff5396d2ac900a9f1614f3b512a417864fc1c4bf8969eb,True,True,40,nbldpc_formal_v4_ir_q1024_p20_development_023,32,464,5.421010862427522e-20,nbldpc_v4_ir_restart,f79d98285b52fd89170f02b6537ae47c57a48db8e24239536fa43dace8a3609a,1.0842021724855044e-19,707,development,12,2,verified_success,0.2,7,f3951b4643d4fb028756abf74b543cf42be5111327ab5de73ca5a27067db1206,1
b3d02c580220d43fbbcc619da510f7969989f639946b4f6cd420d888f3bdb796,True,False,32,nbldpc_formal_v4_ir_q1024_p20_development_024,32,384,5.421010862427522e-20,nbldpc_v4_ir_restart,f79d98285b52fd89170f02b6537ae47c57a48db8e24239536fa43dace8a3609a,1.0842021724855044e-19,705,development,3,0,verified_success,0.2,4,1a21de267fee4b2c2b9d4f3c5f5e87831413a61bfee89601cab5a0dae934055a,1
a04cf61b50afdf797aded61ab666587cddd63e29f838bb02eb3572fcc97ad1e7,True,False,32,nbldpc_formal_v4_ir_q1024_p20_development_025,32,384,5.421010862427522e-20,nbldpc_v4_ir_restart,f79d98285b52fd89170f02b6537ae47c57a48db8e24239536fa43dace8a3609a,1.0842021724855044e-19,705,development,3,0,verified_success,0.2,4,7a3fd420cdcaa0070ac23b539627ce28b919bb51c0e16db6036bfef3430f78ae,1
d6fea7b6328a6a517d75edfaa3177a04378e322e3bff081ab23394087658498c,True,False,32,nbldpc_formal_v4_ir_q1024_p20_development_026,32,384,5.421010862427522e-20,nbldpc_v4_ir_restart,f79d98285b52fd89170f02b6537ae47c57a48db8e24239536fa43dace8a3609a,1.0842021724855044e-19,705,development,4,0,verified_success,0.2,4,c042aad6313c875837186f87a9db5f711077a73e17e45f89bc663a5aae1f2945,1
76d626de04403024d274820dc636182036f7e309647c0a1c57931306dd4fc28c,True,False,32,nbldpc_formal_v4_ir_q1024_p20_development_027,32,384,5.421010862427522e-20,nbldpc_v4_ir_restart,f79d98285b52fd89170f02b6537ae47c57a48db8e24239536fa43dace8a3609a,1.0842021724855044e-19,705,development,2,0,verified_success,0.2,4,70a07a9e1890b8018250f0c7717ac34592ad9372ea442e006099590ef699b00d,1
448f52952d604b1481bf02b04a2851f971a5e154c1fcf513547b0995aab03229,True,False,32,nbldpc_formal_v4_ir_q1024_p20_development_028,32,384,5.421010862427522e-20,nbldpc_v4_ir_restart,f79d98285b52fd89170f02b6537ae47c57a48db8e24239536fa43dace8a3609a,1.0842021724855044e-19,705,development,3,0,verified_success,0.2,4,879390474e6f2140b3064a38dd96d1367e6bca52096a0ec0f0cae9e227e2edda,1
26a57a8c590ead68ae3860392ed36111e704ea46587b91c1014052728260b51d,True,False,32,nbldpc_formal_v4_ir_q1024_p20_development_029,32,384,5.421010862427522e-20,nbldpc_v4_ir_restart,f79d98285b52fd89170f02b6537ae47c57a48db8e24239536fa43dace8a3609a,1.0842021724855044e-19,705,development,2,0,verified_success,0.2,4,98da753828559e6618ee79479d4428152d2697e13f5543a1ddea811bb613bb0e,1
23818f6ae2aefc9fe0e400b3d08d3b3bd531024f46a8abcd549f3ca1b75bb0eb,True,False,32,nbldpc_formal_v4_ir_q1024_p20_development_030,32,384,5.421010862427522e-20,nbldpc_v4_ir_restart,f79d98285b52fd89170f02b6537ae47c57a48db8e24239536fa43dace8a3609a,1.0842021724855044e-19,705,development,2,0,verified_success,0.2,4,2961cd7080282afe274ddb6e2594fe17d1e8ab20f89a85e7f6a7c41a2f6dfbb4,1
23b1e5f794dc6f743b3a077f971d926a97309e33f6d3b95e83138e28a0d26464,True,False,32,nbldpc_formal_v4_ir_q1024_p20_development_031,32,384,5.421010862427522e-20,nbldpc_v4_ir_restart,f79d98285b52fd89170f02b6537ae47c57a48db8e24239536fa43dace8a3609a,1.0842021724855044e-19,705,development,2,0,verified_success,0.2,4,b1897f93a8009033d5683161c7da54b351371bc9ec3f02102d9286749e27de20,1
3cf7e7a1e31061ebae59fd447bc5a95b22a6953fb5f27da2554751a01576ffbf,True,False,32,nbldpc_formal_v4_ir_q1024_p20_development_032,32,384,5.421010862427522e-20,nbldpc_v4_ir_restart,f79d98285b52fd89170f02b6537ae47c57a48db8e24239536fa43dace8a3609a,1.0842021724855044e-19,705,development,4,0,verified_success,0.2,4,da17cd6bb934d4a601a7e942ce7a72e8288a431a06139a4eefdbd41fc7ac8711,1
25fdfb05d92c70645b2df1877e3f2ebb1556162e98a18d940c97913c79d2eb34,True,False,32,nbldpc_formal_v4_ir_q1024_p20_development_033,32,384,5.421010862427522e-20,nbldpc_v4_ir_restart,f79d98285b52fd89170f02b6537ae47c57a48db8e24239536fa43dace8a3609a,1.0842021724855044e-19,705,development,2,0,verified_success,0.2,4,66e7cae8de5d5ced5f86f949f4a0f6416496c1b9d7f6e394901907ca12469744,1
4c7e6ff0974eacec096817b9208ec02f7abad262db5c022e5b8c1fec7fb3ac05,True,False,32,nbldpc_formal_v4_ir_q1024_p20_development_034,32,384,5.421010862427522e-20,nbldpc_v4_ir_restart,f79d98285b52fd89170f02b6537ae47c57a48db8e24239536fa43dace8a3609a,1.0842021724855044e-19,705,development,3,0,verified_success,0.2,4,32269cafbad643bfd05cbfa7b28521cc9d00d417553e244e7534fbbea7a1426e,1
3b1ac64d9beba7ee18c145f33984eeea990fd79f79d8b0e1a03a5fd53b3823c3,True,False,32,nbldpc_formal_v4_ir_q1024_p20_development_035,32,384,5.421010862427522e-20,nbldpc_v4_ir_restart,f79d98285b52fd89170f02b6537ae47c57a48db8e24239536fa43dace8a3609a,1.0842021724855044e-19,705,development,2,0,verified_success,0.2,4,82fffd49cf918fe3ffd7e5aed6895c3014bb69b62c427650c00eec40f8590630,1
86b92e96d17520d93382abc26918542233aa8021acf4734e471a50f000ecff34,True,False,32,nbldpc_formal_v4_ir_q1024_p20_development_036,32,384,5.421010862427522e-20,nbldpc_v4_ir_restart,f79d98285b52fd89170f02b6537ae47c57a48db8e24239536fa43dace8a3609a,1.0842021724855044e-19,705,development,2,0,verified_success,0.2,4,5acd958f641f541681c8becb763960ec5b350b152ca362f3c313dbd6384c7659,1
105bea119cc7a274c25ac1872004adefac2b99a871ca4cebb387ffe57225db3b,True,False,32,nbldpc_formal_v4_ir_q1024_p20_development_037,32,384,5.421010862427522e-20,nbldpc_v4_ir_restart,f79d98285b52fd89170f02b6537ae47c57a48db8e24239536fa43dace8a3609a,1.0842021724855044e-19,705,development,3,0,verified_success,0.2,4,6d1f298482f56d5cc26549121bd09be24ada5d425f058db76aaca7e638aa1358,1
2a50a0a8984b0486d6be5f08eecd2f31e984f145e685256ab2aed59e5bb858b8,True,False,32,nbldpc_formal_v4_ir_q1024_p20_development_038,32,384,5.421010862427522e-20,nbldpc_v4_ir_restart,f79d98285b52fd89170f02b6537ae47c57a48db8e24239536fa43dace8a3609a,1.0842021724855044e-19,705,development,5,0,verified_success,0.2,4,bda17ebbd60306b79da77a3dda4352a981052be91d83b41434e3a858de56284c,1
7b4ced87978e993ddfb9ad8e6d70767c80ef902f577ea2025c9982597a1bf6a1,True,False,32,nbldpc_formal_v4_ir_q1024_p20_development_039,32,384,5.421010862427522e-20,nbldpc_v4_ir_restart,f79d98285b52fd89170f02b6537ae47c57a48db8e24239536fa43dace8a3609a,1.0842021724855044e-19,705,development,2,0,verified_success,0.2,4,e1736dac34fbc2fcd2502805f7219ce8f4d0632b7a529fd528f36046640baca6,1
b7c400800341af5e5a681da282d40a6618e76dbb069c615dc444d10f2d14f29c,True,False,32,nbldpc_formal_v4_ir_q1024_p20_development_040,32,384,5.421010862427522e-20,nbldpc_v4_ir_restart,f79d98285b52fd89170f02b6537ae47c57a48db8e24239536fa43dace8a3609a,1.0842021724855044e-19,705,development,1,0,verified_success,0.2,4,e0967b8663948a137acb52d8b96ea02e6ca648268d8b3d014230375e6851fbd4,1
df50a659c3f5e2b50708cd26bc06e4ebdfeb1b9c8355c81914ad6e625f7329fa,True,False,32,nbldpc_formal_v4_ir_q1024_p20_development_041,32,384,5.421010862427522e-20,nbldpc_v4_ir_restart,f79d98285b52fd89170f02b6537ae47c57a48db8e24239536fa43dace8a3609a,1.0842021724855044e-19,705,development,1,0,verified_success,0.2,4,e98aa046023b4f942a002100d6caea28ebe7523aad8088b5bad1265df0f33328,1
716d53d1b088033d50291fbae28db9fe976cc671623654cae7b58cc869270d3f,True,False,32,nbldpc_formal_v4_ir_q1024_p20_development_042,32,384,5.421010862427522e-20,nbldpc_v4_ir_restart,f79d98285b52fd89170f02b6537ae47c57a48db8e24239536fa43dace8a3609a,1.0842021724855044e-19,705,development,2,0,verified_success,0.2,4,0f2cc81004fb4c4906a2e9e8acd8d759bea6d20b18fe5a8e57d7cdc43dc6e48b,1
b127ea81ae7b07dabb1d7bbb2e311c04443b60e7186b30c8454baf8f8a70b4d9,True,True,40,nbldpc_formal_v4_ir_q1024_p20_development_043,32,464,5.421010862427522e-20,nbldpc_v4_ir_restart,f79d98285b52fd89170f02b6537ae47c57a48db8e24239536fa43dace8a3609a,1.0842021724855044e-19,707,development,12,3,verified_success,0.2,7,fb6aaf70f4e122429e2eab7152091c83c5fc277af77598611386c494a20e919a,1
c7296fd10350670f32d8074be65b250e7f016ac76387fac64e5c82ee41a95ce6,True,False,32,nbldpc_formal_v4_ir_q1024_p20_development_044,32,384,5.421010862427522e-20,nbldpc_v4_ir_restart,f79d98285b52fd89170f02b6537ae47c57a48db8e24239536fa43dace8a3609a,1.0842021724855044e-19,705,development,4,0,verified_success,0.2,4,b71dae86dba3d9083b470c3201a3d9c9f75af8eb3802541eb26d785739fd21e0,1
7c556c1d284e6d085e2397df3b170047e51aa8df61462b2cc2511dc4d3ea1aa8,True,True,40,nbldpc_formal_v4_ir_q1024_p20_development_045,32,464,5.421010862427522e-20,nbldpc_v4_ir_restart,f79d98285b52fd89170f02b6537ae47c57a48db8e24239536fa43dace8a3609a,1.0842021724855044e-19,707,development,12,2,verified_success,0.2,7,f29c07207dd1c6befefbc19f6607c2b562d4f76e95192d464f86a16af249c8e3,1
6291cea175b33ba41542ea0674002c462e8aae02b009c933474dda25bcb84ba8,True,False,32,nbldpc_formal_v4_ir_q1024_p20_development_046,32,384,5.421010862427522e-20,nbldpc_v4_ir_restart,f79d98285b52fd89170f02b6537ae47c57a48db8e24239536fa43dace8a3609a,1.0842021724855044e-19,705,development,2,0,verified_success,0.2,4,bd101292b489bc8352f2bb43047943bc10bca05d1bc6f6a236e9a8cdc6287de2,1
f9bc6426cf6127e0e2d47b2011e4dbbab4e209e6a8097922a21fe044096a380c,True,False,32,nbldpc_formal_v4_ir_q1024_p20_development_047,32,384,5.421010862427522e-20,nbldpc_v4_ir_restart,f79d98285b52fd89170f02b6537ae47c57a48db8e24239536fa43dace8a3609a,1.0842021724855044e-19,705,development,3,0,verified_success,0.2,4,d330c9be5177cd08258017ee9904d0aeaadcc4946bfcf9b329a2e0cfa3f81611,1
91fa309d3d550a16cf940e59f65102193bd27201925dcb22f40f7c1bd284b353,True,False,32,nbldpc_formal_v4_ir_q1024_p20_development_048,32,384,5.421010862427522e-20,nbldpc_v4_ir_restart,f79d98285b52fd89170f02b6537ae47c57a48db8e24239536fa43dace8a3609a,1.0842021724855044e-19,705,development,2,0,verified_success,0.2,4,9659a41dd196a6bd50c0d38ba19fecdae52f44eff615f5212047a3b4c5e0d934,1
779dc52c4b4dd208feb6d0b4431b72e75ab15cfc8113281fe5a2306564dffb78,True,False,32,nbldpc_formal_v4_ir_q1024_p20_development_049,32,384,5.421010862427522e-20,nbldpc_v4_ir_restart,f79d98285b52fd89170f02b6537ae47c57a48db8e24239536fa43dace8a3609a,1.0842021724855044e-19,705,development,3,0,verified_success,0.2,4,9ffb04392bb9a2313c510b3ae11e2b3611a073df78059cf9f0d1ff32ecd626a8,1
cf89f76d654430e521442c0fb518feaef84b1453881127c87da670d8ef0ad7c6,True,True,40,nbldpc_formal_v4_ir_q1024_p20_development_050,32,464,5.421010862427522e-20,nbldpc_v4_ir_restart,f79d98285b52fd89170f02b6537ae47c57a48db8e24239536fa43dace8a3609a,1.0842021724855044e-19,707,development,12,2,verified_success,0.2,7,605e5f171e508db1dd1ef6c5a9a7ca4df3f0b4abaef73a1ef9e9587bae3d2f84,1
66720ce7ab839dbd2aaaa7f18f4ac160553bc4d8568f7960eff95acb852855dc,True,False,32,nbldpc_formal_v4_ir_q1024_p20_development_051,32,384,5.421010862427522e-20,nbldpc_v4_ir_restart,f79d98285b52fd89170f02b6537ae47c57a48db8e24239536fa43dace8a3609a,1.0842021724855044e-19,705,development,2,0,verified_success,0.2,4,ad416540b904df05261908fe4850c428852a01ddad0e1c2939ad843866318ce8,1
912fde9d9d5b34464b04f111fb99e2995f18435bce0cd52c0a2b1056a3ccf05b,True,False,32,nbldpc_formal_v4_ir_q1024_p20_development_052,32,384,5.421010862427522e-20,nbldpc_v4_ir_restart,f79d98285b52fd89170f02b6537ae47c57a48db8e24239536fa43dace8a3609a,1.0842021724855044e-19,705,development,2,0,verified_success,0.2,4,f143a50dc90a1d806470924b39855213d0cea43a29bc726d9373f703b814611a,1
4bc6849fa15257dd2c4c7d9b6e15e2ff743d0dd9aae05fdcc712f5627af3efa1,True,False,32,nbldpc_formal_v4_ir_q1024_p20_development_053,32,384,5.421010862427522e-20,nbldpc_v4_ir_restart,f79d98285b52fd89170f02b6537ae47c57a48db8e24239536fa43dace8a3609a,1.0842021724855044e-19,705,development,3,0,verified_success,0.2,4,2ec6088c1d6900cc7d9fdfc3a799bb7948b81a8a143f28acfb6e2c33ede2f428,1
88ce5827f6e10812bef97ec9b199f14b4442c062d865e054888726693422dd74,True,False,32,nbldpc_formal_v4_ir_q1024_p20_development_054,32,384,5.421010862427522e-20,nbldpc_v4_ir_restart,f79d98285b52fd89170f02b6537ae47c57a48db8e24239536fa43dace8a3609a,1.0842021724855044e-19,705,development,3,0,verified_success,0.2,4,d270dbe2c22792f7fe501f7dcf1fcc5f900a90fc913cce3f802612ad59cf091e,1
0221f3f2530d0241ca1ec0666a3e2b8704f0c78a4be3f6b4867b2971b4bcf9eb,True,False,32,nbldpc_formal_v4_ir_q1024_p20_development_055,32,384,5.421010862427522e-20,nbldpc_v4_ir_restart,f79d98285b52fd89170f02b6537ae47c57a48db8e24239536fa43dace8a3609a,1.0842021724855044e-19,705,development,2,0,verified_success,0.2,4,f504811a95a70bd424ca2e5cd2597121f01145e122929ef4631bdb6c8991a958,1
8120af9cb2792ae62703696b23e2046a58af0052beb2f20c5eb0e9e371a644e3,True,False,32,nbldpc_formal_v4_ir_q1024_p20_development_056,32,384,5.421010862427522e-20,nbldpc_v4_ir_restart,f79d98285b52fd89170f02b6537ae47c57a48db8e24239536fa43dace8a3609a,1.0842021724855044e-19,705,development,3,0,verified_success,0.2,4,d896e4b3df51b70a852d26f3b5e780e947fcce0144ff2bc6ff4cec16ed983bef,1
055d15f556332cfc0905866d308a6892e8f3bf1464353babb8dbf5bb87e81f1c,True,False,32,nbldpc_formal_v4_ir_q1024_p20_development_057,32,384,5.421010862427522e-20,nbldpc_v4_ir_restart,f79d98285b52fd89170f02b6537ae47c57a48db8e24239536fa43dace8a3609a,1.0842021724855044e-19,705,development,3,0,verified_success,0.2,4,21b8868a3648fca4a3cecd7c326a7ff29aedbb76990332a44acfc2eb7b3e1b03,1
b1023963b8202b5f450e4a5667b939d67315c2a03876ed55a32dfc6109580098,True,False,32,nbldpc_formal_v4_ir_q1024_p20_development_058,32,384,5.421010862427522e-20,nbldpc_v4_ir_restart,f79d98285b52fd89170f02b6537ae47c57a48db8e24239536fa43dace8a3609a,1.0842021724855044e-19,705,development,3,0,verified_success,0.2,4,867c8e08e8ef797ee444649d8199b4190ff37215f10e8d1506e053b6fbd057f8,1
3527fae656428307ee042140780886cf39845b6f0b0f08e5502b19c940378ce5,True,False,32,nbldpc_formal_v4_ir_q1024_p20_development_059,32,384,5.421010862427522e-20,nbldpc_v4_ir_restart,f79d98285b52fd89170f02b6537ae47c57a48db8e24239536fa43dace8a3609a,1.0842021724855044e-19,705,development,2,0,verified_success,0.2,4,d19b4b43e28449596a4cc21a479ed571247f52943c1f184c14a794a7a03e77f4,1
1e993f64ed98ff1b6964299ae7801961b8a7e7492b3f607155ef41e4dc61110f,True,False,32,nbldpc_formal_v4_ir_q1024_p20_development_060,32,384,5.421010862427522e-20,nbldpc_v4_ir_restart,f79d98285b52fd89170f02b6537ae47c57a48db8e24239536fa43dace8a3609a,1.0842021724855044e-19,705,development,3,0,verified_success,0.2,4,9b0eaedcccd22656f19bc6d49b3778666ab5d76a71a95ebf02537ec7a94109a7,1
20d00fcb64852843c4bedbb2a1afbd2d0d5fd65ff2769e3fc979cc7e0e9a0c3b,True,False,32,nbldpc_formal_v4_ir_q1024_p20_development_061,32,384,5.421010862427522e-20,nbldpc_v4_ir_restart,f79d98285b52fd89170f02b6537ae47c57a48db8e24239536fa43dace8a3609a,1.0842021724855044e-19,705,development,3,0,verified_success,0.2,4,e8c340eb0c4ccf7181f36146f10a3cbc44717fbde100c88840fa2948f833d246,1
d6aa6871876beb66bac01101775dd94f081585a664e4996da4e988d1bb035646,True,False,32,nbldpc_formal_v4_ir_q1024_p20_development_062,32,384,5.421010862427522e-20,nbldpc_v4_ir_restart,f79d98285b52fd89170f02b6537ae47c57a48db8e24239536fa43dace8a3609a,1.0842021724855044e-19,705,development,2,0,verified_success,0.2,4,39e360344090e10134aacca4af8b7e5bc1f26555178410257277beca73c3e595,1
02f4c0b48930339aba0c7c783c7851bcea2cbc163864074c75e5c5c51f4e3272,True,False,32,nbldpc_formal_v4_ir_q1024_p20_development_063,32,384,5.421010862427522e-20,nbldpc_v4_ir_restart,f79d98285b52fd89170f02b6537ae47c57a48db8e24239536fa43dace8a3609a,1.0842021724855044e-19,705,development,6,0,verified_success,0.2,4,8fbbbe452d4b4a0c7571d79613d1eaf4252962438ebe7021924d4573adc2db74,1
a26a319d1cb4f3bde1c72a67db88b4090a691db7eb97ab15bb3b56a3b4931221,True,True,48,nbldpc_formal_v4_ir_q1024_p30_development_000,40,480,,nbldpc_v4_ir_restart,f79d98285b52fd89170f02b6537ae47c57a48db8e24239536fa43dace8a3609a,1.0842021724855044e-19,4,development,12,12,decode_failed,0.3,6,932a975c87bff156f4ab63d7f3ae2d2644916ada6b1fc687884438040493eb45,0
6bf14d6a7cbaa397505004fa0dd4beb116b295593f2dd52b7b425fa6210d0a4f,True,False,40,nbldpc_formal_v4_ir_q1024_p30_development_001,40,464,5.421010862427522e-20,nbldpc_v4_ir_restart,f79d98285b52fd89170f02b6537ae47c57a48db8e24239536fa43dace8a3609a,1.0842021724855044e-19,705,development,3,0,verified_success,0.3,4,4dcc7bb8b61db46a4856db42a8c1f8084010d54c83b02d0083e2e6a0fa60c533,1
5b60bb43be8554b3f296921cff77e98665cdf2c040cf8e8cb39a6b5fdfddf8cf,True,False,40,nbldpc_formal_v4_ir_q1024_p30_development_002,40,464,5.421010862427522e-20,nbldpc_v4_ir_restart,f79d98285b52fd89170f02b6537ae47c57a48db8e24239536fa43dace8a3609a,1.0842021724855044e-19,705,development,4,0,verified_success,0.3,4,1c93429ad3b4179a071d2aa5e439a638b288cbf435b706bc1c53d36f2b71eb3d,1
e1fb2fcddfb2adf3a75c64c73f92bf9e007afa9c60589dd6157fe903c795c0a5,True,False,40,nbldpc_formal_v4_ir_q1024_p30_development_003,40,464,5.421010862427522e-20,nbldpc_v4_ir_restart,f79d98285b52fd89170f02b6537ae47c57a48db8e24239536fa43dace8a3609a,1.0842021724855044e-19,705,development,2,0,verified_success,0.3,4,90782a4f47b4fb4dabd315681b149cbe2049163300461a68a0d9f501d002b848,1
ef19c1563d80c51f8beba2e1b8e83774c940d7f43a7d74aa8ee96eae8a878a78,True,False,40,nbldpc_formal_v4_ir_q1024_p30_development_004,40,464,5.421010862427522e-20,nbldpc_v4_ir_restart,f79d98285b52fd89170f02b6537ae47c57a48db8e24239536fa43dace8a3609a,1.0842021724855044e-19,705,development,3,0,verified_success,0.3,4,29e20f8e13e42a7ec0fdb25951853952669dce0f94f89de2a18a8079828c1f46,1
72e56662e3a75bf6b442c785a3452d7692c60c4a2618d4fbccc7a6f6d4b95e07,True,False,40,nbldpc_formal_v4_ir_q1024_p30_development_005,40,464,5.421010862427522e-20,nbldpc_v4_ir_restart,f79d98285b52fd89170f02b6537ae47c57a48db8e24239536fa43dace8a3609a,1.0842021724855044e-19,705,development,11,0,verified_success,0.3,4,a50dbd5640468b9d2d48540a257efd0e80651d441760bdf64bd37567e26129f0,1
48b4a26217057dd5e492e4a53f35e93ccfeffa6ea084194373a6fb9ae81f31a3,True,False,40,nbldpc_formal_v4_ir_q1024_p30_development_006,40,464,5.421010862427522e-20,nbldpc_v4_ir_restart,f79d98285b52fd89170f02b6537ae47c57a48db8e24239536fa43dace8a3609a,1.0842021724855044e-19,705,development,2,0,verified_success,0.3,4,cf71cf29592c924fcd6d2466bf5fa1cc61603111e23e892e88c81b1964c2f839,1
dc162aa770c37f3f9b60ce2df0a349a913b2f1704c953e8f8d6ec0a47fe007e1,True,False,40,nbldpc_formal_v4_ir_q1024_p30_development_007,40,464,5.421010862427522e-20,nbldpc_v4_ir_restart,f79d98285b52fd89170f02b6537ae47c57a48db8e24239536fa43dace8a3609a,1.0842021724855044e-19,705,development,5,0,verified_success,0.3,4,d554741eb2c3fc08a2bb7713b0d59b7a4782a31e36120226802e9f198333bd2b,1
64a52fa84e1aaedbef8b9ee2cc1328f8295f6b28ba6a23ed8057887a4c3dd9c3,True,True,48,nbldpc_formal_v4_ir_q1024_p30_development_008,40,544,5.421010862427522e-20,nbldpc_v4_ir_restart,f79d98285b52fd89170f02b6537ae47c57a48db8e24239536fa43dace8a3609a,1.0842021724855044e-19,707,development,12,2,verified_success,0.3,7,0a2fd48f3496c9e6af8b76936de2897e04736d0fc8d9f4325c59213e0695a3f1,1
e7881172590ad86461fd99a4d0f85c625d72d591877200100a811a17920208d4,True,False,40,nbldpc_formal_v4_ir_q1024_p30_development_009,40,464,5.421010862427522e-20,nbldpc_v4_ir_restart,f79d98285b52fd89170f02b6537ae47c57a48db8e24239536fa43dace8a3609a,1.0842021724855044e-19,705,development,3,0,verified_success,0.3,4,33c1a36d52c966e2771b1b361e4c0084389c241d2ac86f2ff21c3f6a94f32abd,1
948395c705a5d43c0d24f186bf14e7cffefc5f21871d2192025afb0eac302f51,True,False,40,nbldpc_formal_v4_ir_q1024_p30_development_010,40,464,5.421010862427522e-20,nbldpc_v4_ir_restart,f79d98285b52fd89170f02b6537ae47c57a48db8e24239536fa43dace8a3609a,1.0842021724855044e-19,705,development,7,0,verified_success,0.3,4,da6da65ec874cb2870f3084ed6d88c69aa7eaa091c047ecf12960448439d369d,1
40ae376e4acd09f8119066abeb4a9824fe82109444fe809231c9816102250650,True,False,40,nbldpc_formal_v4_ir_q1024_p30_development_011,40,464,5.421010862427522e-20,nbldpc_v4_ir_restart,f79d98285b52fd89170f02b6537ae47c57a48db8e24239536fa43dace8a3609a,1.0842021724855044e-19,705,development,5,0,verified_success,0.3,4,639e72a37d3c808fe5b213e7d1c8a80cb54d40e011158a5c99b3bc3d781c21b1,1
a6bf4aaa9fe8545a7e20cba6fae843ba0f56f2cc1bf5f3bd5a6fc1e545030ef8,True,False,40,nbldpc_formal_v4_ir_q1024_p30_development_012,40,464,5.421010862427522e-20,nbldpc_v4_ir_restart,f79d98285b52fd89170f02b6537ae47c57a48db8e24239536fa43dace8a3609a,1.0842021724855044e-19,705,development,3,0,verified_success,0.3,4,899ec609a55353f816e3159b1c4feee77e992326c23f89e0a3908ccdc4c11fd7,1
411821c7e5e8427bd6efa71e5eb0ccabce5f6f4459278114397a95777899518c,True,False,40,nbldpc_formal_v4_ir_q1024_p30_development_013,40,464,5.421010862427522e-20,nbldpc_v4_ir_restart,f79d98285b52fd89170f02b6537ae47c57a48db8e24239536fa43dace8a3609a,1.0842021724855044e-19,705,development,5,0,verified_success,0.3,4,a126b150b817f925a36b53a4780686279f3ab1bdb2a7bc20b5a2aa39c3bdfe81,1
080d58eb00a1000ba9d5b2c93e25f73468c4c5645b53309dd2d4c8ef503500f6,True,False,40,nbldpc_formal_v4_ir_q1024_p30_development_014,40,464,5.421010862427522e-20,nbldpc_v4_ir_restart,f79d98285b52fd89170f02b6537ae47c57a48db8e24239536fa43dace8a3609a,1.0842021724855044e-19,705,development,3,0,verified_success,0.3,4,78c5b034a67ccdcf9e36ddc223366713f11a9fa03f0bc9f2eb28a78c20d9c781,1
e7a079e48713a5e5bc930765b6a079c1f59560627c9c46ffbb67fd46e34d071c,True,False,40,nbldpc_formal_v4_ir_q1024_p30_development_015,40,464,5.421010862427522e-20,nbldpc_v4_ir_restart,f79d98285b52fd89170f02b6537ae47c57a48db8e24239536fa43dace8a3609a,1.0842021724855044e-19,705,development,2,0,verified_success,0.3,4,5746f91ae961ede814a6505357bd0dd300e54724a001ba7257f74d9fbdd8168d,1
650f02b1dbd97d4be2f8df636191cc8a7678c00ff1c09c746582481fdcbfbc49,True,False,40,nbldpc_formal_v4_ir_q1024_p30_development_016,40,464,5.421010862427522e-20,nbldpc_v4_ir_restart,f79d98285b52fd89170f02b6537ae47c57a48db8e24239536fa43dace8a3609a,1.0842021724855044e-19,705,development,6,0,verified_success,0.3,4,a28b5e8edda47e9a46641f191953c44df085689aade616408555a107fc20fc72,1
122042cf9a0c52a97ecdf2d2276d3d307780401fd63b1c60f3620249073d58de,True,False,40,nbldpc_formal_v4_ir_q1024_p30_development_017,40,464,5.421010862427522e-20,nbldpc_v4_ir_restart,f79d98285b52fd89170f02b6537ae47c57a48db8e24239536fa43dace8a3609a,1.0842021724855044e-19,705,development,2,0,verified_success,0.3,4,f09dc64049c59675f61c0353bcb092ed5a01e74a79658158cf31a11c81fceae4,1
4f09bb917dd6a75462afe8c8f5d4cd1af1c3a4bdcff56f0a58b8f2eb0f7f03db,True,False,40,nbldpc_formal_v4_ir_q1024_p30_development_018,40,464,5.421010862427522e-20,nbldpc_v4_ir_restart,f79d98285b52fd89170f02b6537ae47c57a48db8e24239536fa43dace8a3609a,1.0842021724855044e-19,705,development,4,0,verified_success,0.3,4,f0d40507375d1f0541f2a8d02b139ff40af91f2773c04f15e794b080a82bf36d,1
6c5bccb8965110b48129c71ed65ff772edd2658026877f99455c6ef7b8fd4e44,True,False,40,nbldpc_formal_v4_ir_q1024_p30_development_019,40,464,5.421010862427522e-20,nbldpc_v4_ir_restart,f79d98285b52fd89170f02b6537ae47c57a48db8e24239536fa43dace8a3609a,1.0842021724855044e-19,705,development,2,0,verified_success,0.3,4,531090f7b33bd6dede351fceeb96ec1b155dd9aac1c52956fb7f6c1d112f0da6,1
00aa1dbc233daab57ee839d62200f4ce0dda78062440388888a7923b44a4ccc4,True,False,40,nbldpc_formal_v4_ir_q1024_p30_development_020,40,464,5.421010862427522e-20,nbldpc_v4_ir_restart,f79d98285b52fd89170f02b6537ae47c57a48db8e24239536fa43dace8a3609a,1.0842021724855044e-19,705,development,2,0,verified_success,0.3,4,9e3d94230c8e0b8a33cd79003aa9a08933d8449180ae118ba2b8b8c6b1b533a2,1
218fdf09d89bc3a1dbb1094938a6ddc77343c497f688feebb0380e9029a36966,True,False,40,nbldpc_formal_v4_ir_q1024_p30_development_021,40,464,5.421010862427522e-20,nbldpc_v4_ir_restart,f79d98285b52fd89170f02b6537ae47c57a48db8e24239536fa43dace8a3609a,1.0842021724855044e-19,705,development,3,0,verified_success,0.3,4,f695e4a9b4c7e4b294a3656f595ae178d9c1d2088f815c214ea8b28c5e53a441,1
1b3cfb7dc61c88f2c0a4f6e4293fbdda60b08aa655be90e224cf845f64cdf226,True,False,40,nbldpc_formal_v4_ir_q1024_p30_development_022,40,464,5.421010862427522e-20,nbldpc_v4_ir_restart,f79d98285b52fd89170f02b6537ae47c57a48db8e24239536fa43dace8a3609a,1.0842021724855044e-19,705,development,2,0,verified_success,0.3,4,fbd0d7e04483ba3d2d654baa97e0a7ab41165b8c0286eddd4c25b761907c89c6,1
04a6d0032590c5a0b0ba89a77c9a1c6819ab01ee637b5896b1db7f02099ec277,True,False,40,nbldpc_formal_v4_ir_q1024_p30_development_023,40,464,5.421010862427522e-20,nbldpc_v4_ir_restart,f79d98285b52fd89170f02b6537ae47c57a48db8e24239536fa43dace8a3609a,1.0842021724855044e-19,705,development,2,0,verified_success,0.3,4,e46023e672936dcb24fe8407010d235ee22ba32d580f50ce7f3a12bc41f42987,1
c17cb62057c780ed7340eb28511bcdb808a93e2e8f46455df98f82d9fc5d5d2f,True,False,40,nbldpc_formal_v4_ir_q1024_p30_development_024,40,464,5.421010862427522e-20,nbldpc_v4_ir_restart,f79d98285b52fd89170f02b6537ae47c57a48db8e24239536fa43dace8a3609a,1.0842021724855044e-19,705,development,4,0,verified_success,0.3,4,00f0af85a2b05b88169ae6095b9c6b03b8a80f17690350f40d8207e82cbb13f4,1
6348e6245356e578a104e8ff20efeaa0dd9249eeda942fc0f06c0f035f5f33ff,True,False,40,nbldpc_formal_v4_ir_q1024_p30_development_025,40,464,5.421010862427522e-20,nbldpc_v4_ir_restart,f79d98285b52fd89170f02b6537ae47c57a48db8e24239536fa43dace8a3609a,1.0842021724855044e-19,705,development,4,0,verified_success,0.3,4,0aebddfcfec3852eaa13a63817fa78ffd6c6b2048f311805df970279f8bc3e7b,1
c487639a04d475add3a9349b322c57c13a68c6d416b7d617e5997e2862351e4f,True,True,48,nbldpc_formal_v4_ir_q1024_p30_development_026,40,544,5.421010862427522e-20,nbldpc_v4_ir_restart,f79d98285b52fd89170f02b6537ae47c57a48db8e24239536fa43dace8a3609a,1.0842021724855044e-19,707,development,12,5,verified_success,0.3,7,0d92ee41dea9f66fa1c08b680eb4f0872d41dcaf0840cdf97c8cfbfbaef70b80,1
243b8ebd3d4cfaab97d884a1bbb45db1e09158274ff8af9aa78e12a639fd84b8,True,False,40,nbldpc_formal_v4_ir_q1024_p30_development_027,40,464,5.421010862427522e-20,nbldpc_v4_ir_restart,f79d98285b52fd89170f02b6537ae47c57a48db8e24239536fa43dace8a3609a,1.0842021724855044e-19,705,development,2,0,verified_success,0.3,4,ece97c4a2ac1a92e2a8116179718619869d631bd1b0cf37a9cada65a2624c50e,1
e07debd5d4c2185661738ba35bb54cd46aeeb8228c786af686b3eba5c983f9b9,True,False,40,nbldpc_formal_v4_ir_q1024_p30_development_028,40,464,5.421010862427522e-20,nbldpc_v4_ir_restart,f79d98285b52fd89170f02b6537ae47c57a48db8e24239536fa43dace8a3609a,1.0842021724855044e-19,705,development,3,0,verified_success,0.3,4,e8f9bdce727fc9115af1b36b3fc32d1f9a7fc72f97a6423dbce57a5f9eb837bd,1
7d10855a28b710815dfaf58c5f7d9c76ac87414c9c2ca218e44ecfc2f3412e1e,True,False,40,nbldpc_formal_v4_ir_q1024_p30_development_029,40,464,5.421010862427522e-20,nbldpc_v4_ir_restart,f79d98285b52fd89170f02b6537ae47c57a48db8e24239536fa43dace8a3609a,1.0842021724855044e-19,705,development,5,0,verified_success,0.3,4,9c8c443f076347706d5cfabd9c233dd186905bf133a29eab14d0be16271e42eb,1
08d052c81cc333ebeaa383dae610edbc6580ff3ac664636b91dc19eb8df5d210,True,False,40,nbldpc_formal_v4_ir_q1024_p30_development_030,40,464,5.421010862427522e-20,nbldpc_v4_ir_restart,f79d98285b52fd89170f02b6537ae47c57a48db8e24239536fa43dace8a3609a,1.0842021724855044e-19,705,development,3,0,verified_success,0.3,4,56861ae78a29a1ad8817a9136ce3057f9d6590dfba94cdb0fbcec47f1130b3c4,1
cf4a1abbcc9ec5bf31bc11736923063193329de26a0f5c1e515de6e4ddd1185e,True,False,40,nbldpc_formal_v4_ir_q1024_p30_development_031,40,464,5.421010862427522e-20,nbldpc_v4_ir_restart,f79d98285b52fd89170f02b6537ae47c57a48db8e24239536fa43dace8a3609a,1.0842021724855044e-19,705,development,3,0,verified_success,0.3,4,4d295c7ee8430459f8d0eb5f3a029a175c99cf344fd31315e405c5ede9a91e69,1
c1ff3e0c5ee16115049d33163f9555a9623aa1ad3e9e5f71e95378d962d9fd83,True,False,40,nbldpc_formal_v4_ir_q1024_p30_development_032,40,464,5.421010862427522e-20,nbldpc_v4_ir_restart,f79d98285b52fd89170f02b6537ae47c57a48db8e24239536fa43dace8a3609a,1.0842021724855044e-19,705,development,2,0,verified_success,0.3,4,08b48d2d2ec939a4fe95dd0e8a5c98da9687ea79313a3e24f3c9850dc30cba52,1
76285304bc8f3d90ec78af61a764b94ff793a033d221ab69300924685ce2f7c2,True,False,40,nbldpc_formal_v4_ir_q1024_p30_development_033,40,464,5.421010862427522e-20,nbldpc_v4_ir_restart,f79d98285b52fd89170f02b6537ae47c57a48db8e24239536fa43dace8a3609a,1.0842021724855044e-19,705,development,3,0,verified_success,0.3,4,6bfe78d9fa2a963854e714439b59b55f8941e6634e95ee14bcc39e867be23001,1
34a791ed1e0bf609477afbfedab7bfd8255922280994d24d57a311289934f9f1,True,False,40,nbldpc_formal_v4_ir_q1024_p30_development_034,40,464,5.421010862427522e-20,nbldpc_v4_ir_restart,f79d98285b52fd89170f02b6537ae47c57a48db8e24239536fa43dace8a3609a,1.0842021724855044e-19,705,development,2,0,verified_success,0.3,4,6d1926dba62359ec238f4a1223bddb94fce1e2986b2fd5e502212bbfc9df5a05,1
1a15aebe6e13b556ba53aa47fcd75dfd79e34ddc80f77405eef236ba7407df8f,True,False,40,nbldpc_formal_v4_ir_q1024_p30_development_035,40,464,5.421010862427522e-20,nbldpc_v4_ir_restart,f79d98285b52fd89170f02b6537ae47c57a48db8e24239536fa43dace8a3609a,1.0842021724855044e-19,705,development,2,0,verified_success,0.3,4,f144480c9b7b812cfc14d503c7f25848a00db6d39a7fb048d8fcac69837b75c3,1
156d3191c223af389a393ba755c047929e7dcd2aae7779825128bcb80a0cd53a,True,False,40,nbldpc_formal_v4_ir_q1024_p30_development_036,40,464,5.421010862427522e-20,nbldpc_v4_ir_restart,f79d98285b52fd89170f02b6537ae47c57a48db8e24239536fa43dace8a3609a,1.0842021724855044e-19,705,development,3,0,verified_success,0.3,4,e45152ff582aa039f23cd19634b0ef351d28ce8d3094f1ad71501e3ec2ec6756,1
65b1f7ac498a7d43290a93fe657df0f3fdc027ba68b03db96a493742b58ed0e9,True,False,40,nbldpc_formal_v4_ir_q1024_p30_development_037,40,464,5.421010862427522e-20,nbldpc_v4_ir_restart,f79d98285b52fd89170f02b6537ae47c57a48db8e24239536fa43dace8a3609a,1.0842021724855044e-19,705,development,1,0,verified_success,0.3,4,b2174f0467b2ab302689e4f77671be8d376c0077cc7402d5be5922c5f8d3dfe3,1
34e7a2b6be81c45a36e7e20c37c0de6d83bd0cae39c5af8ebd5fdd17f49f7470,True,False,40,nbldpc_formal_v4_ir_q1024_p30_development_038,40,464,5.421010862427522e-20,nbldpc_v4_ir_restart,f79d98285b52fd89170f02b6537ae47c57a48db8e24239536fa43dace8a3609a,1.0842021724855044e-19,705,development,2,0,verified_success,0.3,4,a6faa60b4b28098fcf8b8126f2326f003dda178a8d1e620cc0c30808cc4bd8a2,1
5a6765ae87e4d285efc8686e15d0840b1df7daf72728922dbf23ab159752d837,True,False,40,nbldpc_formal_v4_ir_q1024_p30_development_039,40,464,5.421010862427522e-20,nbldpc_v4_ir_restart,f79d98285b52fd89170f02b6537ae47c57a48db8e24239536fa43dace8a3609a,1.0842021724855044e-19,705,development,2,0,verified_success,0.3,4,83b2693c55c1fc401bf0885c27527bd8838eb41276b019eaa501de2b98392230,1
ef6833429574e9b24b995fedf4ac1d32526f9e76cbab2b23a07c7a8f6880a57f,True,False,40,nbldpc_formal_v4_ir_q1024_p30_development_040,40,464,5.421010862427522e-20,nbldpc_v4_ir_restart,f79d98285b52fd89170f02b6537ae47c57a48db8e24239536fa43dace8a3609a,1.0842021724855044e-19,705,development,2,0,verified_success,0.3,4,5691eef334ebae01870e7319ba7db7ceee53e1352a6f3324d4aa43478a9eb80f,1
3f61c4eaf5199c1521a50745167b4ac7bd7f3798c6cac8b119422dc0ac61e306,True,False,40,nbldpc_formal_v4_ir_q1024_p30_development_041,40,464,5.421010862427522e-20,nbldpc_v4_ir_restart,f79d98285b52fd89170f02b6537ae47c57a48db8e24239536fa43dace8a3609a,1.0842021724855044e-19,705,development,3,0,verified_success,0.3,4,e740231cfd8fd90d8654b2b95d8bc1676b4e474d0c0619840bee8e5df26b8f8d,1
a20424bc5a0a0d7516a86fb1f517d37e37e09225ad02f52db0088a4041e3e59c,True,False,40,nbldpc_formal_v4_ir_q1024_p30_development_042,40,464,5.421010862427522e-20,nbldpc_v4_ir_restart,f79d98285b52fd89170f02b6537ae47c57a48db8e24239536fa43dace8a3609a,1.0842021724855044e-19,705,development,2,0,verified_success,0.3,4,a722a15f1edf3ff361a142f4b1b3e6339b074a5cbc0897c478eb47464846ff19,1
33d39c6160ec8879daf224a5d3fc9de73cb07829094d20398437f1f80f8be158,True,False,40,nbldpc_formal_v4_ir_q1024_p30_development_043,40,464,5.421010862427522e-20,nbldpc_v4_ir_restart,f79d98285b52fd89170f02b6537ae47c57a48db8e24239536fa43dace8a3609a,1.0842021724855044e-19,705,development,3,0,verified_success,0.3,4,46414e2a1819bab79407b02e491cb84e91b5b46932aeed065f9b05fb901764a6,1
935ec6c103b72b61baaee3330a27ce85c7ffe9c2a9c65a3e36793c2df955d828,True,False,40,nbldpc_formal_v4_ir_q1024_p30_development_044,40,464,5.421010862427522e-20,nbldpc_v4_ir_restart,f79d98285b52fd89170f02b6537ae47c57a48db8e24239536fa43dace8a3609a,1.0842021724855044e-19,705,development,2,0,verified_success,0.3,4,794b6768cdb489be6925fbeb8a98d272f607d2082c94cb6fcaf1add752ff8944,1
4444181427d7c11a07ef02b73308221cb52c6932635d5366ee57d343d3d7bed4,True,True,48,nbldpc_formal_v4_ir_q1024_p30_development_045,40,544,5.421010862427522e-20,nbldpc_v4_ir_restart,f79d98285b52fd89170f02b6537ae47c57a48db8e24239536fa43dace8a3609a,1.0842021724855044e-19,707,development,12,4,verified_success,0.3,7,baf674467df52bbb79db6c62552e6851af30de690b99a80b8373a900443e04a0,1
bfdf0747659b3c87c41c2c7eb7fab223644b20900f6e20c858e7fe25917b6c29,True,False,40,nbldpc_formal_v4_ir_q1024_p30_development_046,40,464,5.421010862427522e-20,nbldpc_v4_ir_restart,f79d98285b52fd89170f02b6537ae47c57a48db8e24239536fa43dace8a3609a,1.0842021724855044e-19,705,development,2,0,verified_success,0.3,4,156249e2cd7077e0245bdde1e1ded3380b7364177de2d6dc8ac114661125e82a,1
6c7526054bf99288e5c1d380c4cff55dc98c029f835ce313ebf2fe1442eb4876,True,False,40,nbldpc_formal_v4_ir_q1024_p30_development_047,40,464,5.421010862427522e-20,nbldpc_v4_ir_restart,f79d98285b52fd89170f02b6537ae47c57a48db8e24239536fa43dace8a3609a,1.0842021724855044e-19,705,development,3,0,verified_success,0.3,4,a79a174cabe753b712ff1db716531187e8df9fb27d51b378483990c512d2e79d,1
3cc4ee46fae64204b68a30dd10a97ebc63f79db8ac225bbb350a2e2ded1f3487,True,False,40,nbldpc_formal_v4_ir_q1024_p30_development_048,40,464,5.421010862427522e-20,nbldpc_v4_ir_restart,f79d98285b52fd89170f02b6537ae47c57a48db8e24239536fa43dace8a3609a,1.0842021724855044e-19,705,development,2,0,verified_success,0.3,4,80a24d1909f986cc62edd081c96ce84f6fadfc598f4808cdb8bd9a3f6490191a,1
faf0399a2764ea007870afd31cbc4590e56ef77e73fe4ec3478fe854634a9aa4,True,False,40,nbldpc_formal_v4_ir_q1024_p30_development_049,40,464,5.421010862427522e-20,nbldpc_v4_ir_restart,f79d98285b52fd89170f02b6537ae47c57a48db8e24239536fa43dace8a3609a,1.0842021724855044e-19,705,development,3,0,verified_success,0.3,4,396628beb3072f87fb88dd59bc283376c2ecc041674b585442df08bb7d8db8c6,1
622db6665bfbb4bfe30f1cebffdf694bf06a3a0ded78641ea674a51a6007dd5c,True,False,40,nbldpc_formal_v4_ir_q1024_p30_development_050,40,464,5.421010862427522e-20,nbldpc_v4_ir_restart,f79d98285b52fd89170f02b6537ae47c57a48db8e24239536fa43dace8a3609a,1.0842021724855044e-19,705,development,2,0,verified_success,0.3,4,98ee31bf6189fd90f2f91661a41bfde9eed7afbfbb0ec0d979970bf1330e7197,1
9959fd645cb85c3e0a51d3081768be74187f9848729a98606bc9514d75f218fb,True,False,40,nbldpc_formal_v4_ir_q1024_p30_development_051,40,464,5.421010862427522e-20,nbldpc_v4_ir_restart,f79d98285b52fd89170f02b6537ae47c57a48db8e24239536fa43dace8a3609a,1.0842021724855044e-19,705,development,4,0,verified_success,0.3,4,1a6a36863dedcdcd2825ad1904cee391a3f1249fd8a8a1ebc7778c2e6d5d2728,1
dafbba5b587420286217338a3a2927146245feb1931196c3e07c0e2c2ae4530e,True,False,40,nbldpc_formal_v4_ir_q1024_p30_development_052,40,464,5.421010862427522e-20,nbldpc_v4_ir_restart,f79d98285b52fd89170f02b6537ae47c57a48db8e24239536fa43dace8a3609a,1.0842021724855044e-19,705,development,1,0,verified_success,0.3,4,cb321e7ca209b471121c21425b6c6f9e7d67eb6218270dbc763b9cdc006a9991,1
ef873c7ea905dcb3d3b94416cd59efb36a897e5a04c192ef15eabce4905e9f83,True,False,40,nbldpc_formal_v4_ir_q1024_p30_development_053,40,464,5.421010862427522e-20,nbldpc_v4_ir_restart,f79d98285b52fd89170f02b6537ae47c57a48db8e24239536fa43dace8a3609a,1.0842021724855044e-19,705,development,2,0,verified_success,0.3,4,ffc382b070717ffd022962ab2a5a920cca984873f0ae41a11b50806fd044cbe8,1
9eb59a8b9744a56a75b380c382fd0ca9075314c838d1abe0483eebaa8d178d5d,True,False,40,nbldpc_formal_v4_ir_q1024_p30_development_054,40,464,5.421010862427522e-20,nbldpc_v4_ir_restart,f79d98285b52fd89170f02b6537ae47c57a48db8e24239536fa43dace8a3609a,1.0842021724855044e-19,705,development,2,0,verified_success,0.3,4,6f9229670de85ccc65c5dbe5be1c07650a60fd5fa9c283902eb9310d2aa99a2c,1
520e6a73f1ea85ca229f69a63837ed75d809302f7afbbbf928da288cbbc17f6a,True,False,40,nbldpc_formal_v4_ir_q1024_p30_development_055,40,464,5.421010862427522e-20,nbldpc_v4_ir_restart,f79d98285b52fd89170f02b6537ae47c57a48db8e24239536fa43dace8a3609a,1.0842021724855044e-19,705,development,2,0,verified_success,0.3,4,6753d703fbde082d0a20febfe81fd4cdd6351219d099f7316e01038a62ef9941,1
74781bac1ed88f6f36f6de4c5b76c42c937793cd918d794261be0edde6aadda2,True,False,40,nbldpc_formal_v4_ir_q1024_p30_development_056,40,464,5.421010862427522e-20,nbldpc_v4_ir_restart,f79d98285b52fd89170f02b6537ae47c57a48db8e24239536fa43dace8a3609a,1.0842021724855044e-19,705,development,2,0,verified_success,0.3,4,34cf4a6156a3d0f12a018258310c33be5d412312b1fc28dd42d8ab3b69430667,1
fe06c43b0ed0cc34c4b2a80a4150eebf56cb1503e8bd42f7e3271bb1d6be12a2,True,False,40,nbldpc_formal_v4_ir_q1024_p30_development_057,40,464,5.421010862427522e-20,nbldpc_v4_ir_restart,f79d98285b52fd89170f02b6537ae47c57a48db8e24239536fa43dace8a3609a,1.0842021724855044e-19,705,development,5,0,verified_success,0.3,4,5c564a0012d3e717f29539b260405382af24ff016bc071a9e51f663a839e9d22,1
69169a6b51054113c61146ed32e1abb2ebdd7771ddcf54716e6dde4efbd12904,True,False,40,nbldpc_formal_v4_ir_q1024_p30_development_058,40,464,5.421010862427522e-20,nbldpc_v4_ir_restart,f79d98285b52fd89170f02b6537ae47c57a48db8e24239536fa43dace8a3609a,1.0842021724855044e-19,705,development,3,0,verified_success,0.3,4,bd7af185d6fdc4374627feae573f5fb15d012596f3a29608dcb24f2e875df9e7,1
c2be22b905a48e0c3383175f50ee2905991ef1f666f3d0fd9671a9f0f85b0668,True,False,40,nbldpc_formal_v4_ir_q1024_p30_development_059,40,464,5.421010862427522e-20,nbldpc_v4_ir_restart,f79d98285b52fd89170f02b6537ae47c57a48db8e24239536fa43dace8a3609a,1.0842021724855044e-19,705,development,2,0,verified_success,0.3,4,27fec546abfb6cbb88df575f7077fb7a4081c1eb2837a0b33f0ef21396d06360,1
6bcc9bb0bc6b1358034d76a00fda01f492d9e71b7fcedd64fca2f002dfe3408e,True,False,40,nbldpc_formal_v4_ir_q1024_p30_development_060,40,464,5.421010862427522e-20,nbldpc_v4_ir_restart,f79d98285b52fd89170f02b6537ae47c57a48db8e24239536fa43dace8a3609a,1.0842021724855044e-19,705,development,3,0,verified_success,0.3,4,6cd543fdd3ea50b11589d9dfe14a273034b803669dad8f43f2d924f63b40c397,1
9f04a807ff686dc0097ff886ede387f003866846aa3a3cf68249478974cf1168,True,False,40,nbldpc_formal_v4_ir_q1024_p30_development_061,40,464,5.421010862427522e-20,nbldpc_v4_ir_restart,f79d98285b52fd89170f02b6537ae47c57a48db8e24239536fa43dace8a3609a,1.0842021724855044e-19,705,development,2,0,verified_success,0.3,4,b0900fe5f25983a762e33383be195795bf12edcd072de357395561628251bf08,1
02387d2c89318bc8603c80df391c844ea1a8894cc3666097f4cbc29f43b605ee,True,False,40,nbldpc_formal_v4_ir_q1024_p30_development_062,40,464,5.421010862427522e-20,nbldpc_v4_ir_restart,f79d98285b52fd89170f02b6537ae47c57a48db8e24239536fa43dace8a3609a,1.0842021724855044e-19,705,development,3,0,verified_success,0.3,4,defc16c7b9ad46ca4c1ef60440ca4d524c7eb7c0c7d6c23ebf43214428ae21e3,1
1ed1e881e904099ee660eedfca6bd8e384c51036c0cb12a3397567ee137e298a,True,False,40,nbldpc_formal_v4_ir_q1024_p30_development_063,40,464,5.421010862427522e-20,nbldpc_v4_ir_restart,f79d98285b52fd89170f02b6537ae47c57a48db8e24239536fa43dace8a3609a,1.0842021724855044e-19,705,development,3,0,verified_success,0.3,4,071bc387c6c2eb29a43d6111edea39e4279efa85b0f188b015a2ee8eae7f3552,1
b2fa671dc4360fc8df86500d91d2ae66fa47a70e4965884597034a393bc9e76c,True,False,32,nbldpc_formal_v4_ir_q1024_p20_confirmation_000,32,384,5.421010862427522e-20,nbldpc_v4_ir_warm,825843d3d2d141f5005b8b839d4e886ae01fbfc4b60e60ad2ea41acf6a890372,1.0842021724855044e-19,705,confirmation,4,0,verified_success,0.2,4,0141ea074ac6ece5a20f6b237984337497b1da6a33b6e5d4563777fc3503792f,1
bfc53d72fdaffbaeec9860a5938be1c3b6fae71a9ce8dfd5b63803cafdbec030,True,False,32,nbldpc_formal_v4_ir_q1024_p20_confirmation_001,32,384,5.421010862427522e-20,nbldpc_v4_ir_warm,825843d3d2d141f5005b8b839d4e886ae01fbfc4b60e60ad2ea41acf6a890372,1.0842021724855044e-19,705,confirmation,4,0,verified_success,0.2,4,9e3d3e4a0ab2a833941dda4b901590b58e070013623815bde23430f9c68fc067,1
7051c5767e0cb0af236a6a72fc72b3512dfd6915525a364ae11f5d0489d390bc,True,False,32,nbldpc_formal_v4_ir_q1024_p20_confirmation_002,32,384,5.421010862427522e-20,nbldpc_v4_ir_warm,825843d3d2d141f5005b8b839d4e886ae01fbfc4b60e60ad2ea41acf6a890372,1.0842021724855044e-19,705,confirmation,2,0,verified_success,0.2,4,9dc2639590349d51564c4474b576f8e2926aad43daf431c49db89a1e5a56966f,1
c1441e42a12b5e6f29c334650cbe7775999752f3c5f2488d7f9ada93f7ba733b,True,False,32,nbldpc_formal_v4_ir_q1024_p20_confirmation_003,32,384,5.421010862427522e-20,nbldpc_v4_ir_warm,825843d3d2d141f5005b8b839d4e886ae01fbfc4b60e60ad2ea41acf6a890372,1.0842021724855044e-19,705,confirmation,2,0,verified_success,0.2,4,29f79109b760661c4e0eb321b0a2d833867c952d6483202a9293b0efddb370e3,1
2dfd1e1314e57e226fcc400acb7bc870ca5873bccc469fe739f02dc883ba52a1,True,False,32,nbldpc_formal_v4_ir_q1024_p20_confirmation_004,32,384,5.421010862427522e-20,nbldpc_v4_ir_warm,825843d3d2d141f5005b8b839d4e886ae01fbfc4b60e60ad2ea41acf6a890372,1.0842021724855044e-19,705,confirmation,2,0,verified_success,0.2,4,180e86f47f225d175cd5c9688e283cde67d82cc53c9ad363cfe59cb56d482713,1
19e84eb747da818b14359f9106c0daccf103713c86203557b81ae27f17c0526c,True,False,32,nbldpc_formal_v4_ir_q1024_p20_confirmation_005,32,384,5.421010862427522e-20,nbldpc_v4_ir_warm,825843d3d2d141f5005b8b839d4e886ae01fbfc4b60e60ad2ea41acf6a890372,1.0842021724855044e-19,705,confirmation,3,0,verified_success,0.2,4,3e04691c6a1b79f388b4902ec42e2ecc98c5f907b3e7e5e06a6747c22a308f7d,1
94f8e1447989a2b46c14f96bcafd9278130de5589c4cb988eed58743b4a878ab,True,False,32,nbldpc_formal_v4_ir_q1024_p20_confirmation_006,32,384,5.421010862427522e-20,nbldpc_v4_ir_warm,825843d3d2d141f5005b8b839d4e886ae01fbfc4b60e60ad2ea41acf6a890372,1.0842021724855044e-19,705,confirmation,2,0,verified_success,0.2,4,215a4a40d15c53d727b5ad942f570d344fb3899bd10836da893ba6a686e781c4,1
98dfc361e47f04231bd1c35ac253c97cdf05ece138c2a908dc96fdd47f065289,True,False,32,nbldpc_formal_v4_ir_q1024_p20_confirmation_007,32,384,5.421010862427522e-20,nbldpc_v4_ir_warm,825843d3d2d141f5005b8b839d4e886ae01fbfc4b60e60ad2ea41acf6a890372,1.0842021724855044e-19,705,confirmation,2,0,verified_success,0.2,4,a64141f776a0ef7c87e476872abf62a089d75ee7efffaf74af06515ded7a013d,1
1a47e040bad4fdbdd8ccfff7d2ad4e77b3554c1bc3c45c0ea612f3f9eda35c20,True,True,40,nbldpc_formal_v4_ir_q1024_p20_confirmation_008,32,464,5.421010862427522e-20,nbldpc_v4_ir_warm,825843d3d2d141f5005b8b839d4e886ae01fbfc4b60e60ad2ea41acf6a890372,1.0842021724855044e-19,707,confirmation,12,2,verified_success,0.2,7,8d8bc59db35213fcca3836a00a02230331b230e2f26e0ba7a111925e7143917e,1
6882e1292bc5a79687def79d274d9f6ac793081600a2dae8589c8fd6c8b86e8f,True,False,32,nbldpc_formal_v4_ir_q1024_p20_confirmation_009,32,384,5.421010862427522e-20,nbldpc_v4_ir_warm,825843d3d2d141f5005b8b839d4e886ae01fbfc4b60e60ad2ea41acf6a890372,1.0842021724855044e-19,705,confirmation,3,0,verified_success,0.2,4,a282db3611fcaac474fba74116378b738171acab5b0cefc2c328fe8676a5af1a,1
49d59c5556b34ac48ae530c6260e1414af66fe3ec6aba8ffed74e4986b487cb1,True,False,32,nbldpc_formal_v4_ir_q1024_p20_confirmation_010,32,384,5.421010862427522e-20,nbldpc_v4_ir_warm,825843d3d2d141f5005b8b839d4e886ae01fbfc4b60e60ad2ea41acf6a890372,1.0842021724855044e-19,705,confirmation,2,0,verified_success,0.2,4,1fa9eaad52339cdeb9f8e8c75851f0e05d0f87a0044728a70a8b800dd7049a85,1
1a963687a35ecf60699aacc3e47fc0316f160a588cb7bd31f064fe02b6fdfac4,True,False,32,nbldpc_formal_v4_ir_q1024_p20_confirmation_011,32,384,5.421010862427522e-20,nbldpc_v4_ir_warm,825843d3d2d141f5005b8b839d4e886ae01fbfc4b60e60ad2ea41acf6a890372,1.0842021724855044e-19,705,confirmation,3,0,verified_success,0.2,4,0e9da9ba7ef5714fdf69a54e30637e211c5d094fcbb09d36c7c0b9f87653b6c9,1
32093a646d23b25be3354476f3a2e87f8333677796b1bec6748d2bb9e0606717,True,False,32,nbldpc_formal_v4_ir_q1024_p20_confirmation_012,32,384,5.421010862427522e-20,nbldpc_v4_ir_warm,825843d3d2d141f5005b8b839d4e886ae01fbfc4b60e60ad2ea41acf6a890372,1.0842021724855044e-19,705,confirmation,3,0,verified_success,0.2,4,0705fb48b7a37af7991fc4bb3a8ad4688169108323290ff7749d4db294720c4d,1
3adeeb1364becea2460f70dd8fa88fa3fd6b0fabc69187bb272331b401ef6c26,True,False,32,nbldpc_formal_v4_ir_q1024_p20_confirmation_013,32,384,5.421010862427522e-20,nbldpc_v4_ir_warm,825843d3d2d141f5005b8b839d4e886ae01fbfc4b60e60ad2ea41acf6a890372,1.0842021724855044e-19,705,confirmation,2,0,verified_success,0.2,4,f23dab344f3ae0ef1ac9c9acce97b6ab62654fc4a63b1969e45c968eaee26a59,1
46c5d59f265bda0aaef2c1721294f12028912367316fe98ddce92746fff7cca0,True,True,40,nbldpc_formal_v4_ir_q1024_p20_confirmation_014,32,464,5.421010862427522e-20,nbldpc_v4_ir_warm,825843d3d2d141f5005b8b839d4e886ae01fbfc4b60e60ad2ea41acf6a890372,1.0842021724855044e-19,707,confirmation,12,2,verified_success,0.2,7,e53709920514730a3a4b2f3b020c7da320ab6df241b5791b424b6f71e7334a07,1
e974a305bf45f8568572785d6dfbe68703b5f0ffa95517b3132f7e0f9e069b87,True,False,32,nbldpc_formal_v4_ir_q1024_p20_confirmation_015,32,384,5.421010862427522e-20,nbldpc_v4_ir_warm,825843d3d2d141f5005b8b839d4e886ae01fbfc4b60e60ad2ea41acf6a890372,1.0842021724855044e-19,705,confirmation,11,0,verified_success,0.2,4,8f947c6da5e01376cd3176875efd7a44d3b2a19a79f4c46584f3665bbf31911e,1
cd15ee01abf156856de48ce3266132aab467337daf6785f2352b1d4e4e89d215,True,False,32,nbldpc_formal_v4_ir_q1024_p20_confirmation_016,32,384,5.421010862427522e-20,nbldpc_v4_ir_warm,825843d3d2d141f5005b8b839d4e886ae01fbfc4b60e60ad2ea41acf6a890372,1.0842021724855044e-19,705,confirmation,4,0,verified_success,0.2,4,bd25f8d28c099e0d867e4fc382058de1f1908428cbdd54b06a2b39e318d45d15,1
b2c3df9f83479d3e3ea9432b364d9e2002c249bc71cfd0003b8c6555854e7aed,True,False,32,nbldpc_formal_v4_ir_q1024_p20_confirmation_017,32,384,5.421010862427522e-20,nbldpc_v4_ir_warm,825843d3d2d141f5005b8b839d4e886ae01fbfc4b60e60ad2ea41acf6a890372,1.0842021724855044e-19,705,confirmation,2,0,verified_success,0.2,4,520a5d1ef14914bd0b87cc908408e080ff2366a8d8fcd3e6168896a00b902849,1
5ff3e7c0fd6f71cd34417f7af5421cf66d46ae4527b8855069c19d4b6c54890f,True,True,40,nbldpc_formal_v4_ir_q1024_p20_confirmation_018,32,464,5.421010862427522e-20,nbldpc_v4_ir_warm,825843d3d2d141f5005b8b839d4e886ae01fbfc4b60e60ad2ea41acf6a890372,1.0842021724855044e-19,707,confirmation,12,2,verified_success,0.2,7,794f0f276354099eed98397d2b3e15dc317319880bd46affa9c1bc2b6004574b,1
291f6473c3321f5b50407e127443f8adb200d18a14dbb62a8a99a1ba4661bf87,True,False,32,nbldpc_formal_v4_ir_q1024_p20_confirmation_019,32,384,5.421010862427522e-20,nbldpc_v4_ir_warm,825843d3d2d141f5005b8b839d4e886ae01fbfc4b60e60ad2ea41acf6a890372,1.0842021724855044e-19,705,confirmation,3,0,verified_success,0.2,4,acfab7f0bdaaeefdb8798a1e0a0d15184f1f4f3486c333439f5f1067fbff0177,1
286ca384088ca12dbda35032709598f141d91432639ff50d1da1c79ea4fe40a7,True,True,40,nbldpc_formal_v4_ir_q1024_p20_confirmation_020,32,464,5.421010862427522e-20,nbldpc_v4_ir_warm,825843d3d2d141f5005b8b839d4e886ae01fbfc4b60e60ad2ea41acf6a890372,1.0842021724855044e-19,707,confirmation,12,2,verified_success,0.2,7,0c0f6e2d8bbb1701628b2c8db050affda1e35ffaca40236ec21ae10f897ec0ed,1
4184ca932cdac0ae4151399013f685645b13d0b891864539fbd9e589ec2be37b,True,False,32,nbldpc_formal_v4_ir_q1024_p20_confirmation_021,32,384,5.421010862427522e-20,nbldpc_v4_ir_warm,825843d3d2d141f5005b8b839d4e886ae01fbfc4b60e60ad2ea41acf6a890372,1.0842021724855044e-19,705,confirmation,3,0,verified_success,0.2,4,af109fedb13be9195122547e0dbe2f086ab094325af257e91e7c356b8dcb1333,1
3364c5d417c59f3328d1212212abad0560fbfa433b3753f42b15026321c5f19a,True,False,32,nbldpc_formal_v4_ir_q1024_p20_confirmation_022,32,384,5.421010862427522e-20,nbldpc_v4_ir_warm,825843d3d2d141f5005b8b839d4e886ae01fbfc4b60e60ad2ea41acf6a890372,1.0842021724855044e-19,705,confirmation,2,0,verified_success,0.2,4,925af1a27c7eb67d43ebc593ea88c91e1e734ba157cad5625e8cf18ad509bc29,1
6af683535d5afca6990545f3c752a1dfccc021032840939b2673387044261f78,True,False,32,nbldpc_formal_v4_ir_q1024_p20_confirmation_023,32,384,5.421010862427522e-20,nbldpc_v4_ir_warm,825843d3d2d141f5005b8b839d4e886ae01fbfc4b60e60ad2ea41acf6a890372,1.0842021724855044e-19,705,confirmation,2,0,verified_success,0.2,4,ec38d9d89f2223f335bca6a08d467d8a61b9669d6a79600dc4d8feb361549e0c,1
25089c72d033b02eed40ef3f7686ff1793e3ff50665194c02d23aad1cb45cbe9,True,False,32,nbldpc_formal_v4_ir_q1024_p20_confirmation_024,32,384,5.421010862427522e-20,nbldpc_v4_ir_warm,825843d3d2d141f5005b8b839d4e886ae01fbfc4b60e60ad2ea41acf6a890372,1.0842021724855044e-19,705,confirmation,4,0,verified_success,0.2,4,c1ff10c5107b22e4ca9e1726c769d6533721a089934ff1a3ba5e16d36551ab4d,1
b01d1c63fe9d6f1aa0c108638aa526627a7580f3c1388c40771826ec08920eca,True,True,40,nbldpc_formal_v4_ir_q1024_p20_confirmation_025,32,464,5.421010862427522e-20,nbldpc_v4_ir_warm,825843d3d2d141f5005b8b839d4e886ae01fbfc4b60e60ad2ea41acf6a890372,1.0842021724855044e-19,707,confirmation,12,3,verified_success,0.2,7,ce298d6c5bfed93ed55a70b16e6597fdf33443bc5a38f073600d4cd80858d714,1
b06e91e9d1009693f88df27468093e74b1376e82a73b27ed08495ec2374f0061,True,False,32,nbldpc_formal_v4_ir_q1024_p20_confirmation_026,32,384,5.421010862427522e-20,nbldpc_v4_ir_warm,825843d3d2d141f5005b8b839d4e886ae01fbfc4b60e60ad2ea41acf6a890372,1.0842021724855044e-19,705,confirmation,2,0,verified_success,0.2,4,60b6ee172e417dbc47ed696b5104ff7fcb4a44299782217e55023f12b7ca7179,1
edb146128585914779ff12e876d04f931dbbe8698e4ed85e30601c71006b7544,True,False,32,nbldpc_formal_v4_ir_q1024_p20_confirmation_027,32,384,5.421010862427522e-20,nbldpc_v4_ir_warm,825843d3d2d141f5005b8b839d4e886ae01fbfc4b60e60ad2ea41acf6a890372,1.0842021724855044e-19,705,confirmation,3,0,verified_success,0.2,4,810fc62616c92812d9829d65c79420d968f9743675fd566027914fe96e50c716,1
fa724a7485c7442fdfbb28a5b603474a4623de70a7dcb0e8e4c91de9ceb80735,True,False,32,nbldpc_formal_v4_ir_q1024_p20_confirmation_028,32,384,5.421010862427522e-20,nbldpc_v4_ir_warm,825843d3d2d141f5005b8b839d4e886ae01fbfc4b60e60ad2ea41acf6a890372,1.0842021724855044e-19,705,confirmation,2,0,verified_success,0.2,4,1bf9fefb66635bb0d9bddf343c5e5cd6413bac9c7e0e550bd1f77bdb0d25bfdc,1
6ae53bc9341cea841336f53cc3745968f01d3c7347c784efa17399c5328a3e21,True,True,40,nbldpc_formal_v4_ir_q1024_p20_confirmation_029,32,464,5.421010862427522e-20,nbldpc_v4_ir_warm,825843d3d2d141f5005b8b839d4e886ae01fbfc4b60e60ad2ea41acf6a890372,1.0842021724855044e-19,707,confirmation,12,2,verified_success,0.2,7,fff39a18149fa34e64eafa2621c9d92b9ef8daf5e355c4030216529c48d7c39f,1
f8d9351dfcea87309398050b0581a8a1b91ed697e4d51a285270da8117a2def9,True,False,32,nbldpc_formal_v4_ir_q1024_p20_confirmation_030,32,384,5.421010862427522e-20,nbldpc_v4_ir_warm,825843d3d2d141f5005b8b839d4e886ae01fbfc4b60e60ad2ea41acf6a890372,1.0842021724855044e-19,705,confirmation,3,0,verified_success,0.2,4,7457cbb815822b8e0b87b433bff6d9fdd5302780888a6700c6551dad0bbae1eb,1
dcc4fa9e2f109c0d6eadcb9c644ddf0685fd9863de876864d4598ac5af69c04a,True,False,32,nbldpc_formal_v4_ir_q1024_p20_confirmation_031,32,384,5.421010862427522e-20,nbldpc_v4_ir_warm,825843d3d2d141f5005b8b839d4e886ae01fbfc4b60e60ad2ea41acf6a890372,1.0842021724855044e-19,705,confirmation,2,0,verified_success,0.2,4,93b2374720919ac65baa3728f4d569a998e95453f1cf6ba722bf5169b6341e4e,1
73278d1799c1e7af7b20ac9b2dcca61dfa7a4fdb64c0d1685c962b49b04f81b9,True,False,32,nbldpc_formal_v4_ir_q1024_p20_confirmation_032,32,384,5.421010862427522e-20,nbldpc_v4_ir_warm,825843d3d2d141f5005b8b839d4e886ae01fbfc4b60e60ad2ea41acf6a890372,1.0842021724855044e-19,705,confirmation,6,0,verified_success,0.2,4,092105794d23e39fedb4481c2816aeec8ad549dcbaa5aad69371780e31715935,1
2bdd752539ea1762bad91a842369c9bbc038e5a47fe99cb8b9d75a4027923149,True,False,32,nbldpc_formal_v4_ir_q1024_p20_confirmation_033,32,384,5.421010862427522e-20,nbldpc_v4_ir_warm,825843d3d2d141f5005b8b839d4e886ae01fbfc4b60e60ad2ea41acf6a890372,1.0842021724855044e-19,705,confirmation,2,0,verified_success,0.2,4,737791402f43cda6fd95c43aa59d6a1fe9d8ebf4d93c93139966ad02ed3cec75,1
b319b690031d0fb6438b7d3049b48416689433f16f9aa4dad26c6fcabee3f89f,True,False,32,nbldpc_formal_v4_ir_q1024_p20_confirmation_034,32,384,5.421010862427522e-20,nbldpc_v4_ir_warm,825843d3d2d141f5005b8b839d4e886ae01fbfc4b60e60ad2ea41acf6a890372,1.0842021724855044e-19,705,confirmation,2,0,verified_success,0.2,4,1db8029be3c5cb0ec623c9883cd46cde3c404d12af1dd3b8a247dcf1ef276a14,1
6790a66dec1929bfd0c50338f97e6cae0a6a6f55284fe288840308f986ce9713,True,False,32,nbldpc_formal_v4_ir_q1024_p20_confirmation_035,32,384,5.421010862427522e-20,nbldpc_v4_ir_warm,825843d3d2d141f5005b8b839d4e886ae01fbfc4b60e60ad2ea41acf6a890372,1.0842021724855044e-19,705,confirmation,2,0,verified_success,0.2,4,3044192d30c9c96035b7fe015070da5cfd7838b4c8c7e5b5c81f4c3bc23f599c,1
3488cf2788e1003152374bce1f06a31fe9ffc816c78e0dfce45b8a1b2a23e2c5,True,False,32,nbldpc_formal_v4_ir_q1024_p20_confirmation_036,32,384,5.421010862427522e-20,nbldpc_v4_ir_warm,825843d3d2d141f5005b8b839d4e886ae01fbfc4b60e60ad2ea41acf6a890372,1.0842021724855044e-19,705,confirmation,5,0,verified_success,0.2,4,0d4b69f7abe9c0b7e7ac98d59cfd156a3a9d23a5843b62816e4b0a3a653eebb5,1
af63c832d5b770076012f04ab6cc3f41f26d904d64ce5f294d06f5c00a18f6ce,True,False,32,nbldpc_formal_v4_ir_q1024_p20_confirmation_037,32,384,5.421010862427522e-20,nbldpc_v4_ir_warm,825843d3d2d141f5005b8b839d4e886ae01fbfc4b60e60ad2ea41acf6a890372,1.0842021724855044e-19,705,confirmation,3,0,verified_success,0.2,4,7874c60fbb53f01c272e92460250de799ea7db97b7e88035035e7c90aff23b71,1
dda19ace713c5fc1c73dd9b6799e3ed639651a289a1ff84f643e38c28005c644,True,True,40,nbldpc_formal_v4_ir_q1024_p20_confirmation_038,32,464,5.421010862427522e-20,nbldpc_v4_ir_warm,825843d3d2d141f5005b8b839d4e886ae01fbfc4b60e60ad2ea41acf6a890372,1.0842021724855044e-19,707,confirmation,12,2,verified_success,0.2,7,032e3556508492eaee99b8b1f798ec761169e9691d90886591a4b2a6c4cd3be7,1
1937ee497777cb4b33bd126d7bd5ab648f56c4e327166fe02b7f2dac422dc92d,True,False,32,nbldpc_formal_v4_ir_q1024_p20_confirmation_039,32,384,5.421010862427522e-20,nbldpc_v4_ir_warm,825843d3d2d141f5005b8b839d4e886ae01fbfc4b60e60ad2ea41acf6a890372,1.0842021724855044e-19,705,confirmation,3,0,verified_success,0.2,4,3f24424b6730368c044aadb2d8529951289baef057510a140df785ee33cb4adf,1
1a5e5d32695021d7f3862c052eb210e0acb6d77bed3f8218a4d475b70f1ea14e,True,False,32,nbldpc_formal_v4_ir_q1024_p20_confirmation_040,32,384,5.421010862427522e-20,nbldpc_v4_ir_warm,825843d3d2d141f5005b8b839d4e886ae01fbfc4b60e60ad2ea41acf6a890372,1.0842021724855044e-19,705,confirmation,2,0,verified_success,0.2,4,110bcdd9cbea4394e4f3dba93fd52abdda9acaecec09f8a52f9e06d37c4b3490,1
b9277210f3d2eceae9306a7b7365c4d5fd14e28d64ee907f77dfe6181795d632,True,False,32,nbldpc_formal_v4_ir_q1024_p20_confirmation_041,32,384,5.421010862427522e-20,nbldpc_v4_ir_warm,825843d3d2d141f5005b8b839d4e886ae01fbfc4b60e60ad2ea41acf6a890372,1.0842021724855044e-19,705,confirmation,3,0,verified_success,0.2,4,83f743c4550b0252692b154d7f2513f709ef7ee20450fa100c23d0f7857beceb,1
2a3bfd174e868c6d1c65d009fcfe9cff57605e50817df3395c71a9c44dbf7620,True,False,32,nbldpc_formal_v4_ir_q1024_p20_confirmation_042,32,384,5.421010862427522e-20,nbldpc_v4_ir_warm,825843d3d2d141f5005b8b839d4e886ae01fbfc4b60e60ad2ea41acf6a890372,1.0842021724855044e-19,705,confirmation,3,0,verified_success,0.2,4,9c243e277aea45680015a32aef5a06e50b43ec7b742276ee95d934d4ab417e69,1
91637e420cddf79b885a03c5d40099eb58f79751431b128e3bb052eef62f6346,True,False,32,nbldpc_formal_v4_ir_q1024_p20_confirmation_043,32,384,5.421010862427522e-20,nbldpc_v4_ir_warm,825843d3d2d141f5005b8b839d4e886ae01fbfc4b60e60ad2ea41acf6a890372,1.0842021724855044e-19,705,confirmation,2,0,verified_success,0.2,4,f877d9975d206bc307311995ac74cebd3f5e5463ac030f1db63573e3d57bf062,1
6e41bac937f3cfe2016480bc9104d887aebfaa8719485d1f94e5d91f24680679,True,False,32,nbldpc_formal_v4_ir_q1024_p20_confirmation_044,32,384,5.421010862427522e-20,nbldpc_v4_ir_warm,825843d3d2d141f5005b8b839d4e886ae01fbfc4b60e60ad2ea41acf6a890372,1.0842021724855044e-19,705,confirmation,2,0,verified_success,0.2,4,fc78a64b711c7a927a3d1ceefaeee38e938f303037e27677723a5f57068d64a9,1
225c7f2c82d9330272d258cfe65a8b9927ea0a9c228c1ac6aa8d7fcfb5839bbe,True,False,32,nbldpc_formal_v4_ir_q1024_p20_confirmation_045,32,384,5.421010862427522e-20,nbldpc_v4_ir_warm,825843d3d2d141f5005b8b839d4e886ae01fbfc4b60e60ad2ea41acf6a890372,1.0842021724855044e-19,705,confirmation,2,0,verified_success,0.2,4,73a51f745195f2d37418028d5bfecf60d942dae5b412059b5ac6b8fadbcc3212,1
3425e5cdcce2635f294979aef1a57442a0b3806ce16b0cb6b16aaa5e39eeed49,True,False,32,nbldpc_formal_v4_ir_q1024_p20_confirmation_046,32,384,5.421010862427522e-20,nbldpc_v4_ir_warm,825843d3d2d141f5005b8b839d4e886ae01fbfc4b60e60ad2ea41acf6a890372,1.0842021724855044e-19,705,confirmation,3,0,verified_success,0.2,4,16628277c10490ec1b25a56d01a8283a03a6283b6656a8ba42bbd686cc7f6643,1
4823d22e2551d3a6c833625dddf632bb1b19eb89937ee9c59d45b1762639f543,True,False,32,nbldpc_formal_v4_ir_q1024_p20_confirmation_047,32,384,5.421010862427522e-20,nbldpc_v4_ir_warm,825843d3d2d141f5005b8b839d4e886ae01fbfc4b60e60ad2ea41acf6a890372,1.0842021724855044e-19,705,confirmation,2,0,verified_success,0.2,4,109b3be6a25b85126440b5e59b961caad7b5cdaa2c6daab061e522403d318999,1
0c5d590210e916f02de6aa7c0f85a7a232521699d630c168e376dbb2bc248868,True,False,32,nbldpc_formal_v4_ir_q1024_p20_confirmation_048,32,384,5.421010862427522e-20,nbldpc_v4_ir_warm,825843d3d2d141f5005b8b839d4e886ae01fbfc4b60e60ad2ea41acf6a890372,1.0842021724855044e-19,705,confirmation,2,0,verified_success,0.2,4,9a0002dfbbc72a29e3aeecb7deb30871ec2df31e54919298a071e395199a66cd,1
31616d1674eb5e4464c6ee8bf3c82e35ea4a1d696eef84671e1bac535fe8358b,True,False,32,nbldpc_formal_v4_ir_q1024_p20_confirmation_049,32,384,5.421010862427522e-20,nbldpc_v4_ir_warm,825843d3d2d141f5005b8b839d4e886ae01fbfc4b60e60ad2ea41acf6a890372,1.0842021724855044e-19,705,confirmation,4,0,verified_success,0.2,4,c7c3abd8d2c5a999a32276772ac0b28e5c5a02479cde4acf4e47f7082b7301b7,1
9e9c71ee056557b5b58794d5dca0ef847b1d57c2d74461143a5639677ad4586f,True,False,32,nbldpc_formal_v4_ir_q1024_p20_confirmation_050,32,384,5.421010862427522e-20,nbldpc_v4_ir_warm,825843d3d2d141f5005b8b839d4e886ae01fbfc4b60e60ad2ea41acf6a890372,1.0842021724855044e-19,705,confirmation,3,0,verified_success,0.2,4,95a11b6e5958dc3621beec10cd3cc435d5a38f66eeb384bc20dccda65dd3fe7e,1
10d0ef3332dc8b478c41517ff3d3a9336b50e4f04b27c57307715dee3586a51a,True,False,32,nbldpc_formal_v4_ir_q1024_p20_confirmation_051,32,384,5.421010862427522e-20,nbldpc_v4_ir_warm,825843d3d2d141f5005b8b839d4e886ae01fbfc4b60e60ad2ea41acf6a890372,1.0842021724855044e-19,705,confirmation,3,0,verified_success,0.2,4,5651cd3e116b26a4c1ff573111989805e5f2c672d7f9ffe51a91e34aafe7481e,1
3798c722ec6678515b0b3a886a2c2c82d6b4e7ddc30b9ae1044d45b7552524cf,True,False,32,nbldpc_formal_v4_ir_q1024_p20_confirmation_052,32,384,5.421010862427522e-20,nbldpc_v4_ir_warm,825843d3d2d141f5005b8b839d4e886ae01fbfc4b60e60ad2ea41acf6a890372,1.0842021724855044e-19,705,confirmation,4,0,verified_success,0.2,4,98299e36aee0be721c74342b9d2daca64a7f6f64905901e7fb081f367d0d946a,1
f05e40cba8a650ea1ebf360d5c2a2c8255ee4401bcb9b665d5d69f9058899c14,True,False,32,nbldpc_formal_v4_ir_q1024_p20_confirmation_053,32,384,5.421010862427522e-20,nbldpc_v4_ir_warm,825843d3d2d141f5005b8b839d4e886ae01fbfc4b60e60ad2ea41acf6a890372,1.0842021724855044e-19,705,confirmation,2,0,verified_success,0.2,4,27d4c0f60521344795a2984203c5134f86f92b71c70b402d028a873cfae1b787,1
c7634355ff291a902c6e069e5b24577d5f5cd66ac1d6a143dba34d85dc7a1339,True,False,32,nbldpc_formal_v4_ir_q1024_p20_confirmation_054,32,384,5.421010862427522e-20,nbldpc_v4_ir_warm,825843d3d2d141f5005b8b839d4e886ae01fbfc4b60e60ad2ea41acf6a890372,1.0842021724855044e-19,705,confirmation,2,0,verified_success,0.2,4,72a6f0cc48f854e104dc62033dfd204771da6ad2df78a97208ec2059edff32d8,1
9f48d8a4920223b4d6ec6a990280811d92832cfc35ac20fd2a339d34614298a4,True,False,32,nbldpc_formal_v4_ir_q1024_p20_confirmation_055,32,384,5.421010862427522e-20,nbldpc_v4_ir_warm,825843d3d2d141f5005b8b839d4e886ae01fbfc4b60e60ad2ea41acf6a890372,1.0842021724855044e-19,705,confirmation,2,0,verified_success,0.2,4,2ef95efcfa63270cd132c8e6dd4a7381038d5d303b244520376256d04a99c53f,1
bceb89c26c1a28b473865bfd8c7a9aacb588690ec671cd82725ef534525c7a7a,True,False,32,nbldpc_formal_v4_ir_q1024_p20_confirmation_056,32,384,5.421010862427522e-20,nbldpc_v4_ir_warm,825843d3d2d141f5005b8b839d4e886ae01fbfc4b60e60ad2ea41acf6a890372,1.0842021724855044e-19,705,confirmation,3,0,verified_success,0.2,4,36c62b882de9811ccf9e19dd5274f1611bfd7483d07e8569aa0aa61b5b7d22d9,1
3b12a77656b9b6ca2618ab06a3e6c74529911c4972496d3e7fac50b961c597aa,True,False,32,nbldpc_formal_v4_ir_q1024_p20_confirmation_057,32,384,5.421010862427522e-20,nbldpc_v4_ir_warm,825843d3d2d141f5005b8b839d4e886ae01fbfc4b60e60ad2ea41acf6a890372,1.0842021724855044e-19,705,confirmation,2,0,verified_success,0.2,4,364cad797701d095afa82ac1c92818a6004fea4f7041013f9b90629cdd209660,1
da6c203c429c72ec4612ce85090e49b32c974632e9bc0bfb28b18ff435fe36c6,True,False,32,nbldpc_formal_v4_ir_q1024_p20_confirmation_058,32,384,5.421010862427522e-20,nbldpc_v4_ir_warm,825843d3d2d141f5005b8b839d4e886ae01fbfc4b60e60ad2ea41acf6a890372,1.0842021724855044e-19,705,confirmation,3,0,verified_success,0.2,4,caab26e020a915ce88b695fcb1a47c157928660b1eb45f9b943261cb5bf594e6,1
bf9502dca7da17452066f7b889a4e2bb1b075acc2ecf3a43241f21ee25cc9d2a,True,False,32,nbldpc_formal_v4_ir_q1024_p20_confirmation_059,32,384,5.421010862427522e-20,nbldpc_v4_ir_warm,825843d3d2d141f5005b8b839d4e886ae01fbfc4b60e60ad2ea41acf6a890372,1.0842021724855044e-19,705,confirmation,5,0,verified_success,0.2,4,4e5d89e25640012357b18d3ce7b5689010e204c5c55bbd277bc409f7247fc66b,1
f8e71504a11f1a5320820ce60afabda4b96f663a076f5e1c533db5326e5b124d,True,False,32,nbldpc_formal_v4_ir_q1024_p20_confirmation_060,32,384,5.421010862427522e-20,nbldpc_v4_ir_warm,825843d3d2d141f5005b8b839d4e886ae01fbfc4b60e60ad2ea41acf6a890372,1.0842021724855044e-19,705,confirmation,4,0,verified_success,0.2,4,c3e4aedec473ddc28fa86707ec671f997506bf5212301b3e89bc83e8e6cb0958,1
2fa5bd7e43b8b01a0969c3197ff24a8b110f6186b47f427b90fed10e09f488cd,True,False,32,nbldpc_formal_v4_ir_q1024_p20_confirmation_061,32,384,5.421010862427522e-20,nbldpc_v4_ir_warm,825843d3d2d141f5005b8b839d4e886ae01fbfc4b60e60ad2ea41acf6a890372,1.0842021724855044e-19,705,confirmation,1,0,verified_success,0.2,4,a341da323dad0bbae21a60f00367253421ba6d5b47d70a40833f6e2370c3bbad,1
3fd0af79c7aceb297dbb6f826b7043dba24b142d4a94e118ed1da76681017caf,True,False,32,nbldpc_formal_v4_ir_q1024_p20_confirmation_062,32,384,5.421010862427522e-20,nbldpc_v4_ir_warm,825843d3d2d141f5005b8b839d4e886ae01fbfc4b60e60ad2ea41acf6a890372,1.0842021724855044e-19,705,confirmation,3,0,verified_success,0.2,4,98307e2279168580cfed1af4e88a12c870f28f9f4358e3723c26ac20ef8022a3,1
4f64e2191be50279e727ae197d5f5a7cc27e1b45cbe24486ada109bc399fc774,True,False,32,nbldpc_formal_v4_ir_q1024_p20_confirmation_063,32,384,5.421010862427522e-20,nbldpc_v4_ir_warm,825843d3d2d141f5005b8b839d4e886ae01fbfc4b60e60ad2ea41acf6a890372,1.0842021724855044e-19,705,confirmation,3,0,verified_success,0.2,4,78beecb02d3dbfe7e140c49acf6940ef66fc9c6963c04f59b5f4e2145cce7e3f,1
66c84633e5d301508b07d2b8f104b37e11c6651002e173ba0df3d9c286e308bd,True,False,32,nbldpc_formal_v4_ir_q1024_p20_confirmation_064,32,384,5.421010862427522e-20,nbldpc_v4_ir_warm,825843d3d2d141f5005b8b839d4e886ae01fbfc4b60e60ad2ea41acf6a890372,1.0842021724855044e-19,705,confirmation,3,0,verified_success,0.2,4,1c1f3f49e0f13d9b713b75cfcd05e2e864bf4a3bfd217860889181256b88b61f,1
e04db1565cf4ee0eead735ef38b7c2989fdc6d047672bf487c0e8af3cd74b46a,True,False,32,nbldpc_formal_v4_ir_q1024_p20_confirmation_065,32,384,5.421010862427522e-20,nbldpc_v4_ir_warm,825843d3d2d141f5005b8b839d4e886ae01fbfc4b60e60ad2ea41acf6a890372,1.0842021724855044e-19,705,confirmation,3,0,verified_success,0.2,4,32637c8c160f3f309674a5388a09715edc748142a28bce25c37630433b0deea7,1
c2db87d7ec96ab88e6a582b0fe95e734acfc461bfb43eb32f2e1bf935ae72488,True,False,32,nbldpc_formal_v4_ir_q1024_p20_confirmation_066,32,384,5.421010862427522e-20,nbldpc_v4_ir_warm,825843d3d2d141f5005b8b839d4e886ae01fbfc4b60e60ad2ea41acf6a890372,1.0842021724855044e-19,705,confirmation,3,0,verified_success,0.2,4,f911c6c6efd5210d7a60749abdf0d186341d587baf6d28614d2f8d4d6ecfad29,1
52e4978a6f0c021d61b1b98480ba3c38196419d7374038753f8fc043652fccaa,True,False,32,nbldpc_formal_v4_ir_q1024_p20_confirmation_067,32,384,5.421010862427522e-20,nbldpc_v4_ir_warm,825843d3d2d141f5005b8b839d4e886ae01fbfc4b60e60ad2ea41acf6a890372,1.0842021724855044e-19,705,confirmation,4,0,verified_success,0.2,4,734496ac40019ef99a6a64ce86f84aeef32c6b115b96c003c59a43b29427a239,1
496d66ad09ab6b83df6a08c4332710560737a0bcf7cbf4d455441c097bd84a14,True,False,32,nbldpc_formal_v4_ir_q1024_p20_confirmation_068,32,384,5.421010862427522e-20,nbldpc_v4_ir_warm,825843d3d2d141f5005b8b839d4e886ae01fbfc4b60e60ad2ea41acf6a890372,1.0842021724855044e-19,705,confirmation,3,0,verified_success,0.2,4,9a89fd06d2ec66636bba66f70ffb432edaec2a1059db4590107020e894de3047,1
eb1027ec4c58e09af24f9a716321e215317580d116e9e1cd4cdae3f40a835660,True,False,32,nbldpc_formal_v4_ir_q1024_p20_confirmation_069,32,384,5.421010862427522e-20,nbldpc_v4_ir_warm,825843d3d2d141f5005b8b839d4e886ae01fbfc4b60e60ad2ea41acf6a890372,1.0842021724855044e-19,705,confirmation,4,0,verified_success,0.2,4,5ef089a5d2d4d58b18cbede2badd1d11f72e1715cd8b51dee5223b052bd81961,1
25f68368fad28bb4a11d81f0447f1836880f171ec73f6181cb16c92dbdcef67d,True,False,32,nbldpc_formal_v4_ir_q1024_p20_confirmation_070,32,384,5.421010862427522e-20,nbldpc_v4_ir_warm,825843d3d2d141f5005b8b839d4e886ae01fbfc4b60e60ad2ea41acf6a890372,1.0842021724855044e-19,705,confirmation,3,0,verified_success,0.2,4,0ce0c4fbb76b0cbe883cdcc83eefc228f8c4542c4c4115386741b39fa2cafbc4,1
2ae8b484d3e524df5a687f163ea49f0feb3a4065943cea1e8f15914d26777e46,True,False,32,nbldpc_formal_v4_ir_q1024_p20_confirmation_071,32,384,5.421010862427522e-20,nbldpc_v4_ir_warm,825843d3d2d141f5005b8b839d4e886ae01fbfc4b60e60ad2ea41acf6a890372,1.0842021724855044e-19,705,confirmation,2,0,verified_success,0.2,4,4b8acc6d6f20b4bff965a9f7c5a7d9adf9b71e477f57d4618fc97e29bc7f7717,1
d21a0dda3b3d0e74b304640ad7496aef1027e1838e8faea679b02ba73ece0ef6,True,False,32,nbldpc_formal_v4_ir_q1024_p20_confirmation_072,32,384,5.421010862427522e-20,nbldpc_v4_ir_warm,825843d3d2d141f5005b8b839d4e886ae01fbfc4b60e60ad2ea41acf6a890372,1.0842021724855044e-19,705,confirmation,3,0,verified_success,0.2,4,46c5b1b31333305babf80fc6357ba49de0ce1d845d48c4c0a3235578cae6310f,1
3a34ba7970fc37e9f2075f8f626d2a88cf0ff04f08988135c42a9892316901a6,True,False,32,nbldpc_formal_v4_ir_q1024_p20_confirmation_073,32,384,5.421010862427522e-20,nbldpc_v4_ir_warm,825843d3d2d141f5005b8b839d4e886ae01fbfc4b60e60ad2ea41acf6a890372,1.0842021724855044e-19,705,confirmation,2,0,verified_success,0.2,4,e96ee75ec8d9d21de685e5251cc5162c41d2bae1be056090a8148294e2774163,1
9087bbd0be28af51bd1fcc4722a349dd45d5ce2d7831df08739dcd1eb54ff2d1,True,False,32,nbldpc_formal_v4_ir_q1024_p20_confirmation_074,32,384,5.421010862427522e-20,nbldpc_v4_ir_warm,825843d3d2d141f5005b8b839d4e886ae01fbfc4b60e60ad2ea41acf6a890372,1.0842021724855044e-19,705,confirmation,2,0,verified_success,0.2,4,69bee57a5990e0c6b767d960c166833136911803a60ec8083a81fbc7c20769d5,1
91d07fec728b40e15c90079ec454c84559f53e2b357b09fd7de48541437b5b65,True,False,32,nbldpc_formal_v4_ir_q1024_p20_confirmation_075,32,384,5.421010862427522e-20,nbldpc_v4_ir_warm,825843d3d2d141f5005b8b839d4e886ae01fbfc4b60e60ad2ea41acf6a890372,1.0842021724855044e-19,705,confirmation,2,0,verified_success,0.2,4,33cb0120ea382381c8879a61b59eb4790c58a471254892c946b83e44f5d29802,1
6acf2786d5a245c772d5a6c992fca58acd7050a71fed25372fdd0accbabdf11b,True,False,32,nbldpc_formal_v4_ir_q1024_p20_confirmation_076,32,384,5.421010862427522e-20,nbldpc_v4_ir_warm,825843d3d2d141f5005b8b839d4e886ae01fbfc4b60e60ad2ea41acf6a890372,1.0842021724855044e-19,705,confirmation,2,0,verified_success,0.2,4,b1c0933961e4c8172d5e819943e478063821ca456a3d2ff61f181cc53164faab,1
09ba1f6fe5ce8b38a9c46843e6bd9faed166d082ace8b84f367418bb9f7d6ce8,True,False,32,nbldpc_formal_v4_ir_q1024_p20_confirmation_077,32,384,5.421010862427522e-20,nbldpc_v4_ir_warm,825843d3d2d141f5005b8b839d4e886ae01fbfc4b60e60ad2ea41acf6a890372,1.0842021724855044e-19,705,confirmation,2,0,verified_success,0.2,4,e3118b6aac1d2b3e06fe3942b5707dd1212fdffb01b285f586e156a7fb3ca996,1
89ed734e98b795ead7a694596968b2de4a4be44db9517c9b8028883fe9805d69,True,False,32,nbldpc_formal_v4_ir_q1024_p20_confirmation_078,32,384,5.421010862427522e-20,nbldpc_v4_ir_warm,825843d3d2d141f5005b8b839d4e886ae01fbfc4b60e60ad2ea41acf6a890372,1.0842021724855044e-19,705,confirmation,3,0,verified_success,0.2,4,5b46c4048999c5e008886d2d62594757e8b89c619296ad722d283c90c7054b61,1
da95166e88f0603d713885e4a2b6b37dec5cc043251b4e012fdd1b7da57f0972,True,False,32,nbldpc_formal_v4_ir_q1024_p20_confirmation_079,32,384,5.421010862427522e-20,nbldpc_v4_ir_warm,825843d3d2d141f5005b8b839d4e886ae01fbfc4b60e60ad2ea41acf6a890372,1.0842021724855044e-19,705,confirmation,3,0,verified_success,0.2,4,7063d63a15d2b3d2b2b4544d21524d0d3e9652f9a9f29c002163c06fb603e457,1
be800cdae853ce3224361221b67f9ac5df2d156a6c42aa5d2254488eacff10de,True,False,32,nbldpc_formal_v4_ir_q1024_p20_confirmation_080,32,384,5.421010862427522e-20,nbldpc_v4_ir_warm,825843d3d2d141f5005b8b839d4e886ae01fbfc4b60e60ad2ea41acf6a890372,1.0842021724855044e-19,705,confirmation,2,0,verified_success,0.2,4,ee692322b823c5c5ab4d1a7c23381f862ae96a647b4053495bd8269a546a6699,1
3efc4e34d45f329aa5f749c9802a781711fecccf622b2b7fad975de4cc92e2ca,True,False,32,nbldpc_formal_v4_ir_q1024_p20_confirmation_081,32,384,5.421010862427522e-20,nbldpc_v4_ir_warm,825843d3d2d141f5005b8b839d4e886ae01fbfc4b60e60ad2ea41acf6a890372,1.0842021724855044e-19,705,confirmation,6,0,verified_success,0.2,4,c70e76923bf68b174a32340e421011eab1f261a61553901513624a1f55916d9c,1
bf895815d3709ad33ee6405ec5ddd9efd6cb021b5fe80cf7c77a058a66c77a67,True,False,32,nbldpc_formal_v4_ir_q1024_p20_confirmation_082,32,384,5.421010862427522e-20,nbldpc_v4_ir_warm,825843d3d2d141f5005b8b839d4e886ae01fbfc4b60e60ad2ea41acf6a890372,1.0842021724855044e-19,705,confirmation,3,0,verified_success,0.2,4,4b1905636291edc2f5c281874c271f4832427d0abc8859febf08c9624f81c2fa,1
8c8b2924892f7404b9c87ed5b2d04bcfe8cb30af2574182ab4625320ca28d4e7,True,False,32,nbldpc_formal_v4_ir_q1024_p20_confirmation_083,32,384,5.421010862427522e-20,nbldpc_v4_ir_warm,825843d3d2d141f5005b8b839d4e886ae01fbfc4b60e60ad2ea41acf6a890372,1.0842021724855044e-19,705,confirmation,1,0,verified_success,0.2,4,33a3faa0e25792642f0805c7f6db340bfb52b2997397a94f0a915b505c1e52e8,1
697cdd268bd2864844b50049be4b9105cfe1a9d2eef50b82ea1885a5d8fe0ae2,True,False,32,nbldpc_formal_v4_ir_q1024_p20_confirmation_084,32,384,5.421010862427522e-20,nbldpc_v4_ir_warm,825843d3d2d141f5005b8b839d4e886ae01fbfc4b60e60ad2ea41acf6a890372,1.0842021724855044e-19,705,confirmation,2,0,verified_success,0.2,4,e09c1a858482845c7d417465f70683d04becb698e1e5d79e4ce81df182fb02ac,1
25ce86f29d53d63dc477dc77e5eba3a40c2f950aa5588c858d08587ff497a51b,True,False,32,nbldpc_formal_v4_ir_q1024_p20_confirmation_085,32,384,5.421010862427522e-20,nbldpc_v4_ir_warm,825843d3d2d141f5005b8b839d4e886ae01fbfc4b60e60ad2ea41acf6a890372,1.0842021724855044e-19,705,confirmation,2,0,verified_success,0.2,4,8c0ade569dde3e8e77626bb99333a15a5572a226e710f87bebae17d18507caf7,1
2c31cca95cc1a9ee172457e41c83ada691e48a1b9e4544f8c8d368f3d5e9a54b,True,False,32,nbldpc_formal_v4_ir_q1024_p20_confirmation_086,32,384,5.421010862427522e-20,nbldpc_v4_ir_warm,825843d3d2d141f5005b8b839d4e886ae01fbfc4b60e60ad2ea41acf6a890372,1.0842021724855044e-19,705,confirmation,2,0,verified_success,0.2,4,097c381741f4d701c56e1d71ee13c6e6a7c66ca151d095e538745d6a1a7f02a1,1
e84bdd63a59f8e05afeab213156dfc80f1c4d990661e1161ec44a9bb27e3c905,True,False,32,nbldpc_formal_v4_ir_q1024_p20_confirmation_087,32,384,5.421010862427522e-20,nbldpc_v4_ir_warm,825843d3d2d141f5005b8b839d4e886ae01fbfc4b60e60ad2ea41acf6a890372,1.0842021724855044e-19,705,confirmation,2,0,verified_success,0.2,4,97fce39f9f46693142c24aff51f1fdc454ece37ec16ad097aa6c45ac12ea9874,1
5a936c9703355085285593e6b8e1e3be05941d47a31137cff5f7a8abebe5f571,True,False,32,nbldpc_formal_v4_ir_q1024_p20_confirmation_088,32,384,5.421010862427522e-20,nbldpc_v4_ir_warm,825843d3d2d141f5005b8b839d4e886ae01fbfc4b60e60ad2ea41acf6a890372,1.0842021724855044e-19,705,confirmation,2,0,verified_success,0.2,4,1df0f4d5053e10b67cbed7633a343f85afcf354d3798884973cbb4ced64b8e63,1
be9dda9a48780122df3a19cbd01ae71530c1713dc967130b4a23004833b44204,True,False,32,nbldpc_formal_v4_ir_q1024_p20_confirmation_089,32,384,5.421010862427522e-20,nbldpc_v4_ir_warm,825843d3d2d141f5005b8b839d4e886ae01fbfc4b60e60ad2ea41acf6a890372,1.0842021724855044e-19,705,confirmation,2,0,verified_success,0.2,4,61ceb6db5889acc51d5648a580f9239bc05401f885236353049accc54410cc21,1
641790f999dee4efe53cdc5b9815225519b7668af64aeb676c1e838e1d93823f,True,False,32,nbldpc_formal_v4_ir_q1024_p20_confirmation_090,32,384,5.421010862427522e-20,nbldpc_v4_ir_warm,825843d3d2d141f5005b8b839d4e886ae01fbfc4b60e60ad2ea41acf6a890372,1.0842021724855044e-19,705,confirmation,3,0,verified_success,0.2,4,7a1e77d6432eb5e3c721b0a7e2832cf9d24616c619acda759cc4fd1de2c81d51,1
292845ceff257e30e5eccd64e94c8702e4827016718eaf50e7c2052776599191,True,False,32,nbldpc_formal_v4_ir_q1024_p20_confirmation_091,32,384,5.421010862427522e-20,nbldpc_v4_ir_warm,825843d3d2d141f5005b8b839d4e886ae01fbfc4b60e60ad2ea41acf6a890372,1.0842021724855044e-19,705,confirmation,2,0,verified_success,0.2,4,2d280522d8a380bcde181dcac745f54314edc8cc60a7b6dd90b10c062effb09f,1
a3e93949edd41d376123c3a75584d0b23dab5f2fd5166822dcb80b4c12dfa338,True,False,32,nbldpc_formal_v4_ir_q1024_p20_confirmation_092,32,384,5.421010862427522e-20,nbldpc_v4_ir_warm,825843d3d2d141f5005b8b839d4e886ae01fbfc4b60e60ad2ea41acf6a890372,1.0842021724855044e-19,705,confirmation,5,0,verified_success,0.2,4,5d7cf16a97c541c7f1796d78522501bfac60a1a70e61a0b6641e1979c1b8f957,1
112ca904066789b60d4f4a15c0b03103f232ca41e349e80c8ec00310b8125fbd,True,False,32,nbldpc_formal_v4_ir_q1024_p20_confirmation_093,32,384,5.421010862427522e-20,nbldpc_v4_ir_warm,825843d3d2d141f5005b8b839d4e886ae01fbfc4b60e60ad2ea41acf6a890372,1.0842021724855044e-19,705,confirmation,2,0,verified_success,0.2,4,c8bfb1d8c9b77b7e7932635c415da069a4e8058e97da3cde7582c4999ecc2a3d,1
d45087efc1e14b9f2ed4467d654f1ba0f8e872ae89f36e7eb3767b7188f96a71,True,False,32,nbldpc_formal_v4_ir_q1024_p20_confirmation_094,32,384,5.421010862427522e-20,nbldpc_v4_ir_warm,825843d3d2d141f5005b8b839d4e886ae01fbfc4b60e60ad2ea41acf6a890372,1.0842021724855044e-19,705,confirmation,2,0,verified_success,0.2,4,97c571c42ed70cf2113d0980fcc08fb005a098615da0f0569baa65e2a054a594,1
7aedac465f63e1ccefa8fcf4c8d3cf96e54a5356bb401b569eef92834bf496f5,True,False,32,nbldpc_formal_v4_ir_q1024_p20_confirmation_095,32,384,5.421010862427522e-20,nbldpc_v4_ir_warm,825843d3d2d141f5005b8b839d4e886ae01fbfc4b60e60ad2ea41acf6a890372,1.0842021724855044e-19,705,confirmation,2,0,verified_success,0.2,4,e4325c3d5463cd4df8d410b823aa49a287f778cc0f99883e4331221f135954cd,1
80f74c456e1a72be01d672d0f425049eeea45acfa5ca46be88d044a7c9dd8003,True,False,32,nbldpc_formal_v4_ir_q1024_p20_confirmation_096,32,384,5.421010862427522e-20,nbldpc_v4_ir_warm,825843d3d2d141f5005b8b839d4e886ae01fbfc4b60e60ad2ea41acf6a890372,1.0842021724855044e-19,705,confirmation,2,0,verified_success,0.2,4,b79476ba4e162c4793db4cf8da316aa57ee905bd4b31bb715730c774de9a5324,1
a2eb6fabba9d9aac9f37c2dc441ac755c1d86a9b0c5d76c92cd89522a289dd1c,True,False,32,nbldpc_formal_v4_ir_q1024_p20_confirmation_097,32,384,5.421010862427522e-20,nbldpc_v4_ir_warm,825843d3d2d141f5005b8b839d4e886ae01fbfc4b60e60ad2ea41acf6a890372,1.0842021724855044e-19,705,confirmation,4,0,verified_success,0.2,4,4cf7012cbf72c3dd45fadab93fa07fd030a558a2d23af114770f3cb8b1391eff,1
9f8963e566ee30a4ed621859f48ba2eb35879083ab10def8299282da40edda62,True,False,32,nbldpc_formal_v4_ir_q1024_p20_confirmation_098,32,384,5.421010862427522e-20,nbldpc_v4_ir_warm,825843d3d2d141f5005b8b839d4e886ae01fbfc4b60e60ad2ea41acf6a890372,1.0842021724855044e-19,705,confirmation,2,0,verified_success,0.2,4,2b9f00aa2a144c6963c1a6e15a3a789a7f5c46ee3d3f6ba9e3f9eb97baf4118e,1
9980c5d11dca40e4e33cd347d3329c859ffd0a47916c52b8727a41df85cd223f,True,False,32,nbldpc_formal_v4_ir_q1024_p20_confirmation_099,32,384,5.421010862427522e-20,nbldpc_v4_ir_warm,825843d3d2d141f5005b8b839d4e886ae01fbfc4b60e60ad2ea41acf6a890372,1.0842021724855044e-19,705,confirmation,2,0,verified_success,0.2,4,5c7e979c33fda9fe73779839a799ef98e936dfa4b35e09fecd400db2236af7ca,1
4691d4bdbe1fe907d1b7c053cc87c7b8d98dfa6acd06c9cac68632a1593fb63e,True,False,32,nbldpc_formal_v4_ir_q1024_p20_confirmation_100,32,384,5.421010862427522e-20,nbldpc_v4_ir_warm,825843d3d2d141f5005b8b839d4e886ae01fbfc4b60e60ad2ea41acf6a890372,1.0842021724855044e-19,705,confirmation,2,0,verified_success,0.2,4,c132c59628fddb7e58c6f2e3123d50af5f08e0d491be1f8ecabba76fc943e59b,1
efe2f0e1eabb4300d5a0e45456e53cdb97485c5548a8a7be6cac74f2b40bff9a,True,False,32,nbldpc_formal_v4_ir_q1024_p20_confirmation_101,32,384,5.421010862427522e-20,nbldpc_v4_ir_warm,825843d3d2d141f5005b8b839d4e886ae01fbfc4b60e60ad2ea41acf6a890372,1.0842021724855044e-19,705,confirmation,2,0,verified_success,0.2,4,dba7437535e5329f4daf176816a30f64ad84635e9fd2cd4a5ab3ae14b5e6edd8,1
b6f5671b2901851d36544a4bdc942d5c15a5d4cd3cb62ed2d4079c0f43b2c281,True,False,32,nbldpc_formal_v4_ir_q1024_p20_confirmation_102,32,384,5.421010862427522e-20,nbldpc_v4_ir_warm,825843d3d2d141f5005b8b839d4e886ae01fbfc4b60e60ad2ea41acf6a890372,1.0842021724855044e-19,705,confirmation,3,0,verified_success,0.2,4,3e280eae41059832162b341f877a675aa067773580d93bf74e52254a74cba649,1
baea5861a01828ce8d9698d7b4019e28ec495ac8c519abfb25b30c7346f55808,True,False,32,nbldpc_formal_v4_ir_q1024_p20_confirmation_103,32,384,5.421010862427522e-20,nbldpc_v4_ir_warm,825843d3d2d141f5005b8b839d4e886ae01fbfc4b60e60ad2ea41acf6a890372,1.0842021724855044e-19,705,confirmation,3,0,verified_success,0.2,4,0aa34a16f82468e275ede069e954521597c3a1cfb35059fc064e579315a61455,1
9c9b149c8bed57a13a7faaa0d47611f5788b5395e12691de12134af7e86038a1,True,False,32,nbldpc_formal_v4_ir_q1024_p20_confirmation_104,32,384,5.421010862427522e-20,nbldpc_v4_ir_warm,825843d3d2d141f5005b8b839d4e886ae01fbfc4b60e60ad2ea41acf6a890372,1.0842021724855044e-19,705,confirmation,2,0,verified_success,0.2,4,4ecf8176b806a5fd9f7b8cbf820a9bb1446ee66c3311ef4d8b3afba23aa78763,1
36207108372deb25c34ee7453232c079ccec18f2b28a6e19f8bf572f548daecc,True,False,32,nbldpc_formal_v4_ir_q1024_p20_confirmation_105,32,384,5.421010862427522e-20,nbldpc_v4_ir_warm,825843d3d2d141f5005b8b839d4e886ae01fbfc4b60e60ad2ea41acf6a890372,1.0842021724855044e-19,705,confirmation,2,0,verified_success,0.2,4,40b64e2bfeb05349a6bd43dea6c436404c6a362d7eee9915f08fc3aafcb18971,1
604447fc5530268613fcfc308539107d4b0d79dcd40a57886de45ff723929100,True,False,32,nbldpc_formal_v4_ir_q1024_p20_confirmation_106,32,384,5.421010862427522e-20,nbldpc_v4_ir_warm,825843d3d2d141f5005b8b839d4e886ae01fbfc4b60e60ad2ea41acf6a890372,1.0842021724855044e-19,705,confirmation,3,0,verified_success,0.2,4,d96b5e4bc7de1426a0f5486fc5defe8663479a6527925a223936e05f567cd86f,1
30c10884e2f4f5c187cee1fb50fbb3ffedf97a02ed958180ac6fcec2932a2b70,True,False,32,nbldpc_formal_v4_ir_q1024_p20_confirmation_107,32,384,5.421010862427522e-20,nbldpc_v4_ir_warm,825843d3d2d141f5005b8b839d4e886ae01fbfc4b60e60ad2ea41acf6a890372,1.0842021724855044e-19,705,confirmation,2,0,verified_success,0.2,4,208aa63350ab43ba0d8e7a195a19a3ab8c70042aad8c7a0e1166bbf56cf96593,1
09e04012dd6eaff4a751b88b6bcc04e7c742c8aeb1e443f69f3b0fab0c39e2ee,True,False,32,nbldpc_formal_v4_ir_q1024_p20_confirmation_108,32,384,5.421010862427522e-20,nbldpc_v4_ir_warm,825843d3d2d141f5005b8b839d4e886ae01fbfc4b60e60ad2ea41acf6a890372,1.0842021724855044e-19,705,confirmation,2,0,verified_success,0.2,4,b23a4511880d6f1a3f701dff90a3738457e536e2b13b2630dc315e4014287a82,1
9066b21d463c45c5dd99b0d22874b44d5f5d5304a9ba5d272f4d5e1eb9a1c005,True,False,32,nbldpc_formal_v4_ir_q1024_p20_confirmation_109,32,384,5.421010862427522e-20,nbldpc_v4_ir_warm,825843d3d2d141f5005b8b839d4e886ae01fbfc4b60e60ad2ea41acf6a890372,1.0842021724855044e-19,705,confirmation,2,0,verified_success,0.2,4,8703d94ef91115a57dd2c2ad54f53f60f12eb09cfb71e3602272180553ea8fa6,1
751a549ba1f05b94e9280929b678e5cc50785a28b5ceed2909fd1d29a3274ed1,True,False,32,nbldpc_formal_v4_ir_q1024_p20_confirmation_110,32,384,5.421010862427522e-20,nbldpc_v4_ir_warm,825843d3d2d141f5005b8b839d4e886ae01fbfc4b60e60ad2ea41acf6a890372,1.0842021724855044e-19,705,confirmation,3,0,verified_success,0.2,4,8cdba8b30d44f0a1e00e3beacb4902bf1d3b293c86115cd2d74d75e5c2f040d2,1
1f8efac4b7ddca3bbeae1893f83cd523a94991ca4e4755ce09baeb9aed4c3999,True,False,32,nbldpc_formal_v4_ir_q1024_p20_confirmation_111,32,384,5.421010862427522e-20,nbldpc_v4_ir_warm,825843d3d2d141f5005b8b839d4e886ae01fbfc4b60e60ad2ea41acf6a890372,1.0842021724855044e-19,705,confirmation,2,0,verified_success,0.2,4,2a66e366b90f7992805371a884ca21b50225eda43f1d1dc56778e203691f15be,1
ffefc400dc5f5e0f61c3d750922b94e4057da406da18ba016e45e8a8919866f5,True,False,32,nbldpc_formal_v4_ir_q1024_p20_confirmation_112,32,384,5.421010862427522e-20,nbldpc_v4_ir_warm,825843d3d2d141f5005b8b839d4e886ae01fbfc4b60e60ad2ea41acf6a890372,1.0842021724855044e-19,705,confirmation,2,0,verified_success,0.2,4,a07db84adcd542d286ec4006b42d732b6d3016a74fd3a71f2d04c5ee8bf34ce9,1
073749bfe55bdafcdfde9dbec44dde4ba84ab84078b3a3e3156a6867cc6d6dc7,True,False,32,nbldpc_formal_v4_ir_q1024_p20_confirmation_113,32,384,5.421010862427522e-20,nbldpc_v4_ir_warm,825843d3d2d141f5005b8b839d4e886ae01fbfc4b60e60ad2ea41acf6a890372,1.0842021724855044e-19,705,confirmation,2,0,verified_success,0.2,4,871d28117eed5aaea2762e3a8654f748938c9e687022770df082adc1ec204793,1
6cee4ca2c5e5a17d0ae90e1b12320cdd246abdde4bec669e32df0afe9c4ffd2d,True,False,32,nbldpc_formal_v4_ir_q1024_p20_confirmation_114,32,384,5.421010862427522e-20,nbldpc_v4_ir_warm,825843d3d2d141f5005b8b839d4e886ae01fbfc4b60e60ad2ea41acf6a890372,1.0842021724855044e-19,705,confirmation,2,0,verified_success,0.2,4,f9097b43baa21eab9831fac271be546361e528f4ac6f27848befe709a85c6d65,1
7c0fc047a08d1ec3105dfc824358f6aed9aa9057200a0884908cdbe76f7e9670,True,False,32,nbldpc_formal_v4_ir_q1024_p20_confirmation_115,32,384,5.421010862427522e-20,nbldpc_v4_ir_warm,825843d3d2d141f5005b8b839d4e886ae01fbfc4b60e60ad2ea41acf6a890372,1.0842021724855044e-19,705,confirmation,3,0,verified_success,0.2,4,f4685741063b9a577459e3aa149405a5f4f88c2da090f03e5bd756ada0f6f4cc,1
b759a6443041d32b6612d0f0ff87a2714feff8587d579447ee10d17bc067e5d5,True,False,32,nbldpc_formal_v4_ir_q1024_p20_confirmation_116,32,384,5.421010862427522e-20,nbldpc_v4_ir_warm,825843d3d2d141f5005b8b839d4e886ae01fbfc4b60e60ad2ea41acf6a890372,1.0842021724855044e-19,705,confirmation,2,0,verified_success,0.2,4,004d771b00f65dcecae1ea652372374b2f507c319b7a64da16df7f61c6d21b5b,1
e4991ccb2fd3bff5d8a958d560a6c3866246bba77533dc9721b6b3f83590f3d3,True,False,32,nbldpc_formal_v4_ir_q1024_p20_confirmation_117,32,384,5.421010862427522e-20,nbldpc_v4_ir_warm,825843d3d2d141f5005b8b839d4e886ae01fbfc4b60e60ad2ea41acf6a890372,1.0842021724855044e-19,705,confirmation,2,0,verified_success,0.2,4,3eb87448cfd0e48aa35d69cb0532076a8a48b3b340e58469b4a848aabd7be73f,1
d98a66e4b681c4a2427016ef772d46bac87044f0fac5630ca3812832a7304e44,True,False,32,nbldpc_formal_v4_ir_q1024_p20_confirmation_118,32,384,5.421010862427522e-20,nbldpc_v4_ir_warm,825843d3d2d141f5005b8b839d4e886ae01fbfc4b60e60ad2ea41acf6a890372,1.0842021724855044e-19,705,confirmation,2,0,verified_success,0.2,4,1cbf79a71072339041a9cbec891697b7d0f73169ed1225e72bf5f046c02307d1,1
c0bd35310f81f1734dfd5d36fc5414c3d7a1d85ab1f89846659853f7c35a632a,True,False,32,nbldpc_formal_v4_ir_q1024_p20_confirmation_119,32,384,5.421010862427522e-20,nbldpc_v4_ir_warm,825843d3d2d141f5005b8b839d4e886ae01fbfc4b60e60ad2ea41acf6a890372,1.0842021724855044e-19,705,confirmation,2,0,verified_success,0.2,4,41e8c24542de69029f3ef2ff67f72f8e864e19bc3e5ed794f46e86cdbee708b9,1
0c6e4e6a5fd7808e3ee90a4540437162ac310c5fa9b07102e2db11e8bb131f80,True,False,32,nbldpc_formal_v4_ir_q1024_p20_confirmation_120,32,384,5.421010862427522e-20,nbldpc_v4_ir_warm,825843d3d2d141f5005b8b839d4e886ae01fbfc4b60e60ad2ea41acf6a890372,1.0842021724855044e-19,705,confirmation,4,0,verified_success,0.2,4,d812f61dc5521e51206c2584dc4245622a6f5d1aae37e062bf43e669f1076849,1
750791bf6aa35ccb470e698f28637ec0503554f2ba1a79d35731c6f4f99b786f,True,False,32,nbldpc_formal_v4_ir_q1024_p20_confirmation_121,32,384,5.421010862427522e-20,nbldpc_v4_ir_warm,825843d3d2d141f5005b8b839d4e886ae01fbfc4b60e60ad2ea41acf6a890372,1.0842021724855044e-19,705,confirmation,2,0,verified_success,0.2,4,5a12fe97677b6d4fe97931804d7a1affcf02ce6aba6d5bf56a58aa87008c9fc7,1
6148ec3074e864edf34d332bef8bb3cb8bf2c57843231061963b931e0ee1acd5,True,False,32,nbldpc_formal_v4_ir_q1024_p20_confirmation_122,32,384,5.421010862427522e-20,nbldpc_v4_ir_warm,825843d3d2d141f5005b8b839d4e886ae01fbfc4b60e60ad2ea41acf6a890372,1.0842021724855044e-19,705,confirmation,2,0,verified_success,0.2,4,e6544ad47bae4b5234fccf34c172c187bebdb17aa95fc419ff3326ae7267f023,1
42981d03aa839702ef737ec8155001da77087742dd6f4f05ade8585a63b558a2,True,False,32,nbldpc_formal_v4_ir_q1024_p20_confirmation_123,32,384,5.421010862427522e-20,nbldpc_v4_ir_warm,825843d3d2d141f5005b8b839d4e886ae01fbfc4b60e60ad2ea41acf6a890372,1.0842021724855044e-19,705,confirmation,4,0,verified_success,0.2,4,dc8e67dbc835ddd5829ad2bcd780cd53256c7aad5b1a03d94936750426005f2c,1
400bcec5ba5b275d1af196843db802891a4e7cb756ebe3065f71f74af9b5a1c5,True,False,32,nbldpc_formal_v4_ir_q1024_p20_confirmation_124,32,384,5.421010862427522e-20,nbldpc_v4_ir_warm,825843d3d2d141f5005b8b839d4e886ae01fbfc4b60e60ad2ea41acf6a890372,1.0842021724855044e-19,705,confirmation,2,0,verified_success,0.2,4,296bf012a5fcb17638a5a33bd453a59614dccbeb70a7696d8847ad2e63b18d9f,1
3ef31d39a74ce03373dba55a35f15f290f4529fdb2490ae50259b93777a819bc,True,False,32,nbldpc_formal_v4_ir_q1024_p20_confirmation_125,32,384,5.421010862427522e-20,nbldpc_v4_ir_warm,825843d3d2d141f5005b8b839d4e886ae01fbfc4b60e60ad2ea41acf6a890372,1.0842021724855044e-19,705,confirmation,2,0,verified_success,0.2,4,7445f8f03bdc4f4329d41e0bf82a10bc82720e21f702b9052f52a9b62b295fef,1
e5768d34d679121d00f7baded928500e445a2b77249f97654645c5031335ac71,True,False,32,nbldpc_formal_v4_ir_q1024_p20_confirmation_126,32,384,5.421010862427522e-20,nbldpc_v4_ir_warm,825843d3d2d141f5005b8b839d4e886ae01fbfc4b60e60ad2ea41acf6a890372,1.0842021724855044e-19,705,confirmation,9,0,verified_success,0.2,4,8cf2803963585eb2e24c9b35b05a4be6a7a3aa35623ee47f681067c6b2d41ac4,1
f25df5cfc106562b6477c16ce973cc9420b1a2ee97326f746ffd3f6359de0523,True,False,32,nbldpc_formal_v4_ir_q1024_p20_confirmation_127,32,384,5.421010862427522e-20,nbldpc_v4_ir_warm,825843d3d2d141f5005b8b839d4e886ae01fbfc4b60e60ad2ea41acf6a890372,1.0842021724855044e-19,705,confirmation,4,0,verified_success,0.2,4,90dd968d0c5bf706cc4d6f21ed01ea53ca77c0a6cda4f740caff351947d4507b,1
63fc1210b1a1be9f87941a9771ab2f1611e66fa8ca56cd27301d79384cd0fc26,True,False,40,nbldpc_formal_v4_ir_q1024_p30_confirmation_000,40,464,5.421010862427522e-20,nbldpc_v4_ir_warm,825843d3d2d141f5005b8b839d4e886ae01fbfc4b60e60ad2ea41acf6a890372,1.0842021724855044e-19,705,confirmation,2,0,verified_success,0.3,4,6c416594cae379e469c96f2c4daf3c5ca8ec38c51fb3dbf1ad54b414e91bf7b9,1
f368d19961944fb3a2b78e8eded323b426a40a94fd9958c360dec2562bce6a49,True,True,48,nbldpc_formal_v4_ir_q1024_p30_confirmation_001,40,544,5.421010862427522e-20,nbldpc_v4_ir_warm,825843d3d2d141f5005b8b839d4e886ae01fbfc4b60e60ad2ea41acf6a890372,1.0842021724855044e-19,707,confirmation,12,12,verified_success,0.3,7,2cdba5a0f02374e38efa14b9eb16797e975bbbcd6c43cb77fdbee0ed224cf54e,1
f54f5157e512fc60c82e2fefb2c70302180775e276fb3c1a481c1f05f0fa53fe,True,False,40,nbldpc_formal_v4_ir_q1024_p30_confirmation_002,40,464,5.421010862427522e-20,nbldpc_v4_ir_warm,825843d3d2d141f5005b8b839d4e886ae01fbfc4b60e60ad2ea41acf6a890372,1.0842021724855044e-19,705,confirmation,3,0,verified_success,0.3,4,9d393c6bd4bc171358a5f19a2f26f6d21c8094b9f032b89dcbdad5d4af748e4c,1
f4ac0aaaa637306651669789a3ea71de38eb89288da081f695ba51b5417938ee,True,False,40,nbldpc_formal_v4_ir_q1024_p30_confirmation_003,40,464,5.421010862427522e-20,nbldpc_v4_ir_warm,825843d3d2d141f5005b8b839d4e886ae01fbfc4b60e60ad2ea41acf6a890372,1.0842021724855044e-19,705,confirmation,3,0,verified_success,0.3,4,e7b9850995f80aa04e7a1c6dec16afa2479e10f115dff9ec72ea8c35ad41ff73,1
02d13f6d204e1f57560da2ad9e2ea29f50f50ec8ca7d67e643c35e489772d15b,True,False,40,nbldpc_formal_v4_ir_q1024_p30_confirmation_004,40,464,5.421010862427522e-20,nbldpc_v4_ir_warm,825843d3d2d141f5005b8b839d4e886ae01fbfc4b60e60ad2ea41acf6a890372,1.0842021724855044e-19,705,confirmation,3,0,verified_success,0.3,4,923216fd205dce84003cf5e7dffdf10ff132066fc310254690c4415ca6ed397f,1
612d3df77f462ecfc6e3cd72149eea1b011329071bccb5f095d40b7d86528704,True,False,40,nbldpc_formal_v4_ir_q1024_p30_confirmation_005,40,464,5.421010862427522e-20,nbldpc_v4_ir_warm,825843d3d2d141f5005b8b839d4e886ae01fbfc4b60e60ad2ea41acf6a890372,1.0842021724855044e-19,705,confirmation,3,0,verified_success,0.3,4,97ea55dc5dc9138f9763dad09ba1fb709fa63f23604d821f457b4fc14fbeb01f,1
e48ced0318cb140c73d35986a2330139195acb738997612430a8fa5fe38ce635,True,True,48,nbldpc_formal_v4_ir_q1024_p30_confirmation_006,40,544,5.421010862427522e-20,nbldpc_v4_ir_warm,825843d3d2d141f5005b8b839d4e886ae01fbfc4b60e60ad2ea41acf6a890372,1.0842021724855044e-19,707,confirmation,12,5,verified_success,0.3,7,65ab10c69046454a41f4c0b5ce4f253b914a94f7b513d7a18baca164ddf4513a,1
c06547c75b35485e895d49f78375f8f4835cde297f0b135dbff903581d4d9e3f,True,False,40,nbldpc_formal_v4_ir_q1024_p30_confirmation_007,40,464,5.421010862427522e-20,nbldpc_v4_ir_warm,825843d3d2d141f5005b8b839d4e886ae01fbfc4b60e60ad2ea41acf6a890372,1.0842021724855044e-19,705,confirmation,2,0,verified_success,0.3,4,32fed2e96c728da0a2107f741c28c13db6fd71e19ae807670e0c388a7778ac54,1
7e224c84b7e1ed6a97259454cc5db02864241753eb7901e5831f6e95dd8b861b,True,False,40,nbldpc_formal_v4_ir_q1024_p30_confirmation_008,40,464,5.421010862427522e-20,nbldpc_v4_ir_warm,825843d3d2d141f5005b8b839d4e886ae01fbfc4b60e60ad2ea41acf6a890372,1.0842021724855044e-19,705,confirmation,3,0,verified_success,0.3,4,38b011e5d4abd68904ffa57492b243298c81fb3ab327663cd1653f2baaaf00e7,1
f088100985620ca8e740f41501df1e99656761d1cffb91fa978c1fbda6112784,True,False,40,nbldpc_formal_v4_ir_q1024_p30_confirmation_009,40,464,5.421010862427522e-20,nbldpc_v4_ir_warm,825843d3d2d141f5005b8b839d4e886ae01fbfc4b60e60ad2ea41acf6a890372,1.0842021724855044e-19,705,confirmation,2,0,verified_success,0.3,4,7f1aa162e4b6173dc4aedb39bfd22d8fbdfac83385640adc84146fb91f3abaac,1
5a2d0967b0d9d372754d6c9438d645dccc6df3d3d652c464b52168da093fcc18,True,False,40,nbldpc_formal_v4_ir_q1024_p30_confirmation_010,40,464,5.421010862427522e-20,nbldpc_v4_ir_warm,825843d3d2d141f5005b8b839d4e886ae01fbfc4b60e60ad2ea41acf6a890372,1.0842021724855044e-19,705,confirmation,2,0,verified_success,0.3,4,3198f855104f2ec989293e663e1d2845b1a01a1b7236d9082649dc13df5e361e,1
d5ca5628120adbaa91222196fbc10bc9a4f47901d59ef6ece93d727ebfb166a1,True,False,40,nbldpc_formal_v4_ir_q1024_p30_confirmation_011,40,464,5.421010862427522e-20,nbldpc_v4_ir_warm,825843d3d2d141f5005b8b839d4e886ae01fbfc4b60e60ad2ea41acf6a890372,1.0842021724855044e-19,705,confirmation,3,0,verified_success,0.3,4,5e8617a2a3479edeb51c13da65a15a62484eff7a9520e978d314b065a043bab5,1
1c068ba3e081848f807606d34f9b57652561a769df22fb10b01e00241607dd7b,True,False,40,nbldpc_formal_v4_ir_q1024_p30_confirmation_012,40,464,5.421010862427522e-20,nbldpc_v4_ir_warm,825843d3d2d141f5005b8b839d4e886ae01fbfc4b60e60ad2ea41acf6a890372,1.0842021724855044e-19,705,confirmation,3,0,verified_success,0.3,4,ee9f3cfc387cbfccf2f90b432059994cc86b54c4655b725f707fd3b305c1d799,1
b4bf93def1dfb4a56a2e388d492db9c9b0b4307c893d850eb725684e2771c51d,True,False,40,nbldpc_formal_v4_ir_q1024_p30_confirmation_013,40,464,5.421010862427522e-20,nbldpc_v4_ir_warm,825843d3d2d141f5005b8b839d4e886ae01fbfc4b60e60ad2ea41acf6a890372,1.0842021724855044e-19,705,confirmation,5,0,verified_success,0.3,4,9e05cc9d2af8a136c0963547543ca1a6136fe7564a5e3d0405ede32d20e3ca48,1
74f266870614cef41cd75d919874f7a3138a421745dcf657559173e09694107e,True,False,40,nbldpc_formal_v4_ir_q1024_p30_confirmation_014,40,464,5.421010862427522e-20,nbldpc_v4_ir_warm,825843d3d2d141f5005b8b839d4e886ae01fbfc4b60e60ad2ea41acf6a890372,1.0842021724855044e-19,705,confirmation,2,0,verified_success,0.3,4,f73974881a23d7dd9ccc29a5a9543d8c8fb45f1c35a0f5cf4f07b968ece8289e,1
dc86afa68497b3c94760478c24e60704b211839649cf5fdc09b3040568d1b92d,True,False,40,nbldpc_formal_v4_ir_q1024_p30_confirmation_015,40,464,5.421010862427522e-20,nbldpc_v4_ir_warm,825843d3d2d141f5005b8b839d4e886ae01fbfc4b60e60ad2ea41acf6a890372,1.0842021724855044e-19,705,confirmation,2,0,verified_success,0.3,4,1b432974ab25064474af95ca98ea7bb7a37a48ec1324200e35b32ca3efac4fc3,1
168c98a79245ee47fb1b9eb6345c19dd6d49159ffa792eef75a4ffff562f75d0,True,False,40,nbldpc_formal_v4_ir_q1024_p30_confirmation_016,40,464,5.421010862427522e-20,nbldpc_v4_ir_warm,825843d3d2d141f5005b8b839d4e886ae01fbfc4b60e60ad2ea41acf6a890372,1.0842021724855044e-19,705,confirmation,2,0,verified_success,0.3,4,1eed1b94a49364e4a1d0cecb2438d991133b76e2847f1d1de0f552860de05b6c,1
13c32d0d062777bf6c37d95b72f5eecbe9f938382024dd18d161f3f9fc5793a2,True,False,40,nbldpc_formal_v4_ir_q1024_p30_confirmation_017,40,464,5.421010862427522e-20,nbldpc_v4_ir_warm,825843d3d2d141f5005b8b839d4e886ae01fbfc4b60e60ad2ea41acf6a890372,1.0842021724855044e-19,705,confirmation,2,0,verified_success,0.3,4,0ae93ad40379807be8b6a36ed34440d7f151df7bf29307e8e95d7cf42643b1ec,1
6db692f9e484cfc058bc3029d5b39dedd541675a353835a9b779268bdb4f2549,True,False,40,nbldpc_formal_v4_ir_q1024_p30_confirmation_018,40,464,5.421010862427522e-20,nbldpc_v4_ir_warm,825843d3d2d141f5005b8b839d4e886ae01fbfc4b60e60ad2ea41acf6a890372,1.0842021724855044e-19,705,confirmation,5,0,verified_success,0.3,4,7c545ba20775cdfcb5caa1785b8174998e5747434f1bd0d0aec8b43123c81ee5,1
c5c0e70e6b2c642e80d485ca12c30ff73260fc325d17446d071d59d00c3beb63,True,False,40,nbldpc_formal_v4_ir_q1024_p30_confirmation_019,40,464,5.421010862427522e-20,nbldpc_v4_ir_warm,825843d3d2d141f5005b8b839d4e886ae01fbfc4b60e60ad2ea41acf6a890372,1.0842021724855044e-19,705,confirmation,3,0,verified_success,0.3,4,43dd32e77615432619dfb423d5a306bf75a37394196e887648e88da6b916cd33,1
0b400c8a4454dc042fa2ef9c33984a72120011a7fba97d86e6ab3a83e9f01718,True,False,40,nbldpc_formal_v4_ir_q1024_p30_confirmation_020,40,464,5.421010862427522e-20,nbldpc_v4_ir_warm,825843d3d2d141f5005b8b839d4e886ae01fbfc4b60e60ad2ea41acf6a890372,1.0842021724855044e-19,705,confirmation,4,0,verified_success,0.3,4,72c7abf9134bbbf5f26b58ca5c7986127e44c84d227439e19f9277a2871165d1,1
0ce99b9bcceeb7b67e363dba4067cd4aff93ad3401119482d00617e6aac31955,True,False,40,nbldpc_formal_v4_ir_q1024_p30_confirmation_021,40,464,5.421010862427522e-20,nbldpc_v4_ir_warm,825843d3d2d141f5005b8b839d4e886ae01fbfc4b60e60ad2ea41acf6a890372,1.0842021724855044e-19,705,confirmation,3,0,verified_success,0.3,4,db6195bcfa29af473cf94a40859c3659513dff72789de35fdcd1de130ace3182,1
5135d7749b72a141afda80a446f999fd0376a36b5f7900e5a109b20a9596017b,True,False,40,nbldpc_formal_v4_ir_q1024_p30_confirmation_022,40,464,5.421010862427522e-20,nbldpc_v4_ir_warm,825843d3d2d141f5005b8b839d4e886ae01fbfc4b60e60ad2ea41acf6a890372,1.0842021724855044e-19,705,confirmation,2,0,verified_success,0.3,4,f406f79ca541dc83ee25fd46f2793adac028815a07d70b3359b3cba6cc4f48f8,1
44e989669b7212221675975b65f3c7b22bb8784c1e7e3e75324d47f8e4f4d005,True,True,48,nbldpc_formal_v4_ir_q1024_p30_confirmation_023,40,544,5.421010862427522e-20,nbldpc_v4_ir_warm,825843d3d2d141f5005b8b839d4e886ae01fbfc4b60e60ad2ea41acf6a890372,1.0842021724855044e-19,707,confirmation,12,4,verified_success,0.3,7,5a467c47e98faa1defd636361f14986d3138f2eaa824e39ab1aa99a71ac5db61,1
dc0b6b3c5a167f71f35171596afaa0e7d18f347decc522c1ffbfddcca6daeac3,True,False,40,nbldpc_formal_v4_ir_q1024_p30_confirmation_024,40,464,5.421010862427522e-20,nbldpc_v4_ir_warm,825843d3d2d141f5005b8b839d4e886ae01fbfc4b60e60ad2ea41acf6a890372,1.0842021724855044e-19,705,confirmation,2,0,verified_success,0.3,4,6c6a31d0447e530c275f625484a573da336e6d487265daa7c9d6fa3c7dd68165,1
0f6d6ad9f6e00d0eb9316709120f1ecce46b0629ab908b013abe4744ea9f4be5,True,False,40,nbldpc_formal_v4_ir_q1024_p30_confirmation_025,40,464,5.421010862427522e-20,nbldpc_v4_ir_warm,825843d3d2d141f5005b8b839d4e886ae01fbfc4b60e60ad2ea41acf6a890372,1.0842021724855044e-19,705,confirmation,7,0,verified_success,0.3,4,a4bd2012361b180979fb646fd39530d45f44befaded7e384a0b18e92ed5f4626,1
0c1a3b3fc7ceec503fb37d439eb8292862070e63b88e56d648054eead2ae7019,True,False,40,nbldpc_formal_v4_ir_q1024_p30_confirmation_026,40,464,5.421010862427522e-20,nbldpc_v4_ir_warm,825843d3d2d141f5005b8b839d4e886ae01fbfc4b60e60ad2ea41acf6a890372,1.0842021724855044e-19,705,confirmation,5,0,verified_success,0.3,4,bd8f9e8d05ba01d509731e57b0386422153b91abf132bab0f7acc05b16294c20,1
21cfbd7bcc9e2270d9e7ce684cec38e895b7112a14fb12b48b0232162f06fe89,True,False,40,nbldpc_formal_v4_ir_q1024_p30_confirmation_027,40,464,5.421010862427522e-20,nbldpc_v4_ir_warm,825843d3d2d141f5005b8b839d4e886ae01fbfc4b60e60ad2ea41acf6a890372,1.0842021724855044e-19,705,confirmation,4,0,verified_success,0.3,4,ad92aa391e1550d8e70fb07f8e19b73335795c332d777aa3b91eb0284a5919d3,1
ba62e6f363aaae88d7b5ab379d6ab654f05774bb9bd118e8effde3f86df18511,True,False,40,nbldpc_formal_v4_ir_q1024_p30_confirmation_028,40,464,5.421010862427522e-20,nbldpc_v4_ir_warm,825843d3d2d141f5005b8b839d4e886ae01fbfc4b60e60ad2ea41acf6a890372,1.0842021724855044e-19,705,confirmation,3,0,verified_success,0.3,4,ab2f9a42da88b3665006a6666a6acea97f1e671099ffed7f27c4635b8a68c07b,1
d124aceea211315ab25250622d897e1cb8f48672069c80c3d9f1df8507848c9d,True,False,40,nbldpc_formal_v4_ir_q1024_p30_confirmation_029,40,464,5.421010862427522e-20,nbldpc_v4_ir_warm,825843d3d2d141f5005b8b839d4e886ae01fbfc4b60e60ad2ea41acf6a890372,1.0842021724855044e-19,705,confirmation,2,0,verified_success,0.3,4,0a51a06d875de8330ac97b51a91673858499e7b955d0abb3cd4fc47391c51185,1
75a688b2b3f100f281895f55d19d94855ad31ac1ea8512698fe9b4e41f9f29bb,True,False,40,nbldpc_formal_v4_ir_q1024_p30_confirmation_030,40,464,5.421010862427522e-20,nbldpc_v4_ir_warm,825843d3d2d141f5005b8b839d4e886ae01fbfc4b60e60ad2ea41acf6a890372,1.0842021724855044e-19,705,confirmation,5,0,verified_success,0.3,4,b9de6a676aa074e910f14a1eac4964948f098ec3a870e849ff4dac99c1d0a751,1
97c02f9d0d26157ab8785fbda9d2b04711b3b0b34df58bde33657156529b6520,True,False,40,nbldpc_formal_v4_ir_q1024_p30_confirmation_031,40,464,5.421010862427522e-20,nbldpc_v4_ir_warm,825843d3d2d141f5005b8b839d4e886ae01fbfc4b60e60ad2ea41acf6a890372,1.0842021724855044e-19,705,confirmation,3,0,verified_success,0.3,4,701cc7028713a5538a7d8669d213669462f83ed620a63f1f669c9e6d435d90d3,1
2169fae0200f7ce14d31f62b24503f47f5da74f722e2b89e5eb177ad229758e0,True,True,48,nbldpc_formal_v4_ir_q1024_p30_confirmation_032,40,480,,nbldpc_v4_ir_warm,825843d3d2d141f5005b8b839d4e886ae01fbfc4b60e60ad2ea41acf6a890372,1.0842021724855044e-19,4,confirmation,12,12,decode_failed,0.3,6,e4f2320e4d28e9e78db3ce780da9dabb4e2fa05e60949553c51eb5fa7d533244,0
6537fa9de71fd6887dbae30878557a48d29e68a5e2db2bcca68f7765e8d42fd8,True,False,40,nbldpc_formal_v4_ir_q1024_p30_confirmation_033,40,464,5.421010862427522e-20,nbldpc_v4_ir_warm,825843d3d2d141f5005b8b839d4e886ae01fbfc4b60e60ad2ea41acf6a890372,1.0842021724855044e-19,705,confirmation,4,0,verified_success,0.3,4,06361f0c6396acf9b579e1cb9eaef3df2914d818258cf3d979c66585bc72e8a7,1
e2f7f4bc9a722168db95c4fe8b27eccc55e1024cb3c95e42877d6a4e3bd7459f,True,False,40,nbldpc_formal_v4_ir_q1024_p30_confirmation_034,40,464,5.421010862427522e-20,nbldpc_v4_ir_warm,825843d3d2d141f5005b8b839d4e886ae01fbfc4b60e60ad2ea41acf6a890372,1.0842021724855044e-19,705,confirmation,3,0,verified_success,0.3,4,8faa39fa77329e7532e7b24efba060a2d0d7ce17b43f99d57f9841735f825076,1
d5bdb9288e6de586a6269179fb4082c509494e938107420edab34e4ac26adfae,True,False,40,nbldpc_formal_v4_ir_q1024_p30_confirmation_035,40,464,5.421010862427522e-20,nbldpc_v4_ir_warm,825843d3d2d141f5005b8b839d4e886ae01fbfc4b60e60ad2ea41acf6a890372,1.0842021724855044e-19,705,confirmation,2,0,verified_success,0.3,4,557b4da1faf55c9bda99ce867a160be4210eaf9be8a951aee140d6f729e7bc76,1
7666eda3e6b66475b4ca4a1eeea5d3e338a9b7ccd18f19c264fcd5226e426041,True,False,40,nbldpc_formal_v4_ir_q1024_p30_confirmation_036,40,464,5.421010862427522e-20,nbldpc_v4_ir_warm,825843d3d2d141f5005b8b839d4e886ae01fbfc4b60e60ad2ea41acf6a890372,1.0842021724855044e-19,705,confirmation,5,0,verified_success,0.3,4,5d9efb1c230bdc8a62641bd49db0e0ec37940613292db5da10122cf8eccaae07,1
f26a194d3b05227a5d01fc47a364e6856bcd82a5bde80d56b944ca4c6a2db9ae,True,False,40,nbldpc_formal_v4_ir_q1024_p30_confirmation_037,40,464,5.421010862427522e-20,nbldpc_v4_ir_warm,825843d3d2d141f5005b8b839d4e886ae01fbfc4b60e60ad2ea41acf6a890372,1.0842021724855044e-19,705,confirmation,3,0,verified_success,0.3,4,81692735cb61e1255d116078348ad2b5781225d313ab67ff1883983536f2048e,1
b1c42b2ccbbfb2f782506362a33b29725095598d60bd8887a94b511eed62dbac,True,False,40,nbldpc_formal_v4_ir_q1024_p30_confirmation_038,40,464,5.421010862427522e-20,nbldpc_v4_ir_warm,825843d3d2d141f5005b8b839d4e886ae01fbfc4b60e60ad2ea41acf6a890372,1.0842021724855044e-19,705,confirmation,2,0,verified_success,0.3,4,a912b0439c8f04eeda74614ba22df09f34aad65d1979c579c66861ff0529161f,1
2e0916a59530044fe0796c38954d1345b38224bd5ced34746f43e0dd4185b74a,True,False,40,nbldpc_formal_v4_ir_q1024_p30_confirmation_039,40,464,5.421010862427522e-20,nbldpc_v4_ir_warm,825843d3d2d141f5005b8b839d4e886ae01fbfc4b60e60ad2ea41acf6a890372,1.0842021724855044e-19,705,confirmation,2,0,verified_success,0.3,4,b2650ce66d5c9ad9f6f0c9d199b0b7e19c1ad9f490acc4b51caf6582e5348fc3,1
f08964ec313fa20627c9bc6c2c5b261490820c13adb794ee0da25f2f1741a151,True,False,40,nbldpc_formal_v4_ir_q1024_p30_confirmation_040,40,464,5.421010862427522e-20,nbldpc_v4_ir_warm,825843d3d2d141f5005b8b839d4e886ae01fbfc4b60e60ad2ea41acf6a890372,1.0842021724855044e-19,705,confirmation,5,0,verified_success,0.3,4,96acecbd5c9a0d9fd637feac35b92800b586e85cdd20aa6d50d19188c80e9ba3,1
6eab109e642262979e46c108750cfb3d8150325cfef1453f14ce56435bee2fd6,True,False,40,nbldpc_formal_v4_ir_q1024_p30_confirmation_041,40,464,5.421010862427522e-20,nbldpc_v4_ir_warm,825843d3d2d141f5005b8b839d4e886ae01fbfc4b60e60ad2ea41acf6a890372,1.0842021724855044e-19,705,confirmation,3,0,verified_success,0.3,4,8a459dec2414fba0901aa752fce3c1c8477718634c66d459bedf18df9099cea4,1
7d9d021236ac8e3142775df2fee5fbd8f7ddb73ee8f2e5d4db327c7485d403a5,True,True,48,nbldpc_formal_v4_ir_q1024_p30_confirmation_042,40,480,,nbldpc_v4_ir_warm,825843d3d2d141f5005b8b839d4e886ae01fbfc4b60e60ad2ea41acf6a890372,1.0842021724855044e-19,4,confirmation,12,12,decode_failed,0.3,6,90cfadbaa36e43cb179775ec263893273e7a0d2b4279d4b97ff5c6901b75c4e2,0
8e31d49c70fbc0abfe38ec49fe8a3101cf7d81d20765d10815689b14d259cb1a,True,False,40,nbldpc_formal_v4_ir_q1024_p30_confirmation_043,40,464,5.421010862427522e-20,nbldpc_v4_ir_warm,825843d3d2d141f5005b8b839d4e886ae01fbfc4b60e60ad2ea41acf6a890372,1.0842021724855044e-19,705,confirmation,2,0,verified_success,0.3,4,ce03d1cbacbde05da08144ab8cb93e3ac670cb5747974aef327ec3528d140e75,1
926a6e1be898b54a704789a4d588256d9db8e1a80fb6d075ba9416bf8c955de0,True,False,40,nbldpc_formal_v4_ir_q1024_p30_confirmation_044,40,464,5.421010862427522e-20,nbldpc_v4_ir_warm,825843d3d2d141f5005b8b839d4e886ae01fbfc4b60e60ad2ea41acf6a890372,1.0842021724855044e-19,705,confirmation,3,0,verified_success,0.3,4,d2f7a074a17a60e44477c4a6cb09cb1aa78d4f4dc7c1bd8d42ed1afdcf737579,1
5371e69f9125a2da727e4ae016930ef5db8a5e67d5c43e82423aec4a7190e8ce,True,False,40,nbldpc_formal_v4_ir_q1024_p30_confirmation_045,40,464,5.421010862427522e-20,nbldpc_v4_ir_warm,825843d3d2d141f5005b8b839d4e886ae01fbfc4b60e60ad2ea41acf6a890372,1.0842021724855044e-19,705,confirmation,4,0,verified_success,0.3,4,c1f87db82685be94a9efa9852c920ed7c300e3b146cd4e1a2b0f15822cef9ceb,1
699bf82281ea21915baa565b052cc74a093cfa2d796ebe1bf11fb1996f0a73d0,True,False,40,nbldpc_formal_v4_ir_q1024_p30_confirmation_046,40,464,5.421010862427522e-20,nbldpc_v4_ir_warm,825843d3d2d141f5005b8b839d4e886ae01fbfc4b60e60ad2ea41acf6a890372,1.0842021724855044e-19,705,confirmation,3,0,verified_success,0.3,4,d667c992638a97bcc27f1b05a0b5a97c489f98bda4cc170c71ff221011d127c6,1
c4060a49bacefb010d1d5d0b77fbbf27a921fea82c08d51548524951b059bda0,True,False,40,nbldpc_formal_v4_ir_q1024_p30_confirmation_047,40,464,5.421010862427522e-20,nbldpc_v4_ir_warm,825843d3d2d141f5005b8b839d4e886ae01fbfc4b60e60ad2ea41acf6a890372,1.0842021724855044e-19,705,confirmation,3,0,verified_success,0.3,4,1165d1ac7d83883224879137d01ec38d59b1d1ad754289e2ccd95c0f8f30c73b,1
1023313aecad45119b80c0907db027465ea13578059f9eefd499de8847f94265,True,False,40,nbldpc_formal_v4_ir_q1024_p30_confirmation_048,40,464,5.421010862427522e-20,nbldpc_v4_ir_warm,825843d3d2d141f5005b8b839d4e886ae01fbfc4b60e60ad2ea41acf6a890372,1.0842021724855044e-19,705,confirmation,3,0,verified_success,0.3,4,bed0c6aeb66bd38823cf8de58a483e925e5119c6a22b1e6864595de50b65b375,1
a9c22eceb75516b807c1c9fdd0947b1901e574ba3fd074e09b7008f9b2b4674f,True,False,40,nbldpc_formal_v4_ir_q1024_p30_confirmation_049,40,464,5.421010862427522e-20,nbldpc_v4_ir_warm,825843d3d2d141f5005b8b839d4e886ae01fbfc4b60e60ad2ea41acf6a890372,1.0842021724855044e-19,705,confirmation,3,0,verified_success,0.3,4,622f40b0220493cafcc6c086d729f1d04bc276b3a27054b2da79b69b4d94b29c,1
ca46c4f689102ab287d3a3e4e504b28c96c4ce376adf21963c63af7666242c4d,True,True,48,nbldpc_formal_v4_ir_q1024_p30_confirmation_050,40,480,,nbldpc_v4_ir_warm,825843d3d2d141f5005b8b839d4e886ae01fbfc4b60e60ad2ea41acf6a890372,1.0842021724855044e-19,4,confirmation,12,12,decode_failed,0.3,6,4f3bee9638089dd5941005d8e75196fa890dddd663bafe2439189f9cc353186f,0
87813b6e3cdd54fb5ebd0d38dff1c4c2b3578a4d7e1eb826625b0f98df05699a,True,True,48,nbldpc_formal_v4_ir_q1024_p30_confirmation_051,40,480,,nbldpc_v4_ir_warm,825843d3d2d141f5005b8b839d4e886ae01fbfc4b60e60ad2ea41acf6a890372,1.0842021724855044e-19,4,confirmation,12,12,decode_failed,0.3,6,b5da575fbb57781ff9a6664d0b3ee55cb9937c7c08e0295d68b3d4bf806cd398,0
dd423d7ef6da0b764ca1763eb6a6828bac62b1554335342bdd77c37345202dcc,True,False,40,nbldpc_formal_v4_ir_q1024_p30_confirmation_052,40,464,5.421010862427522e-20,nbldpc_v4_ir_warm,825843d3d2d141f5005b8b839d4e886ae01fbfc4b60e60ad2ea41acf6a890372,1.0842021724855044e-19,705,confirmation,2,0,verified_success,0.3,4,7c26e58ced97facf48a7da2dcdfe33805820cef68e2857814535f18821383cd8,1
9ffac00520e04fe710b3c79b5711cb2ca8825768bd27716499e1e796bc48c9e4,True,False,40,nbldpc_formal_v4_ir_q1024_p30_confirmation_053,40,464,5.421010862427522e-20,nbldpc_v4_ir_warm,825843d3d2d141f5005b8b839d4e886ae01fbfc4b60e60ad2ea41acf6a890372,1.0842021724855044e-19,705,confirmation,2,0,verified_success,0.3,4,70b12aa9e1ef7646c20a06995c459e74727dbef2faef4e3ab174af212a3b8858,1
18943bfe37470258ddd43b02520287680486bae1323e1163ab6e0123566e976c,True,False,40,nbldpc_formal_v4_ir_q1024_p30_confirmation_054,40,464,5.421010862427522e-20,nbldpc_v4_ir_warm,825843d3d2d141f5005b8b839d4e886ae01fbfc4b60e60ad2ea41acf6a890372,1.0842021724855044e-19,705,confirmation,2,0,verified_success,0.3,4,ed7ccdf8a2756554386017b7195f379817588128b6d280f2ffcb0445de2caf26,1
1ade191ec9266cec1deae025430b9e9b3d4a1f1f12a832bd1a1495415917d616,True,False,40,nbldpc_formal_v4_ir_q1024_p30_confirmation_055,40,464,5.421010862427522e-20,nbldpc_v4_ir_warm,825843d3d2d141f5005b8b839d4e886ae01fbfc4b60e60ad2ea41acf6a890372,1.0842021724855044e-19,705,confirmation,3,0,verified_success,0.3,4,43547bd7e3619e00346393a63774aa226409cf4ea4856a778eed2eb839860792,1
64c778e968942bd8a2fdf111fd42c4cfcdd8d9a999cf2173e50b48cbcf139f3b,True,False,40,nbldpc_formal_v4_ir_q1024_p30_confirmation_056,40,464,5.421010862427522e-20,nbldpc_v4_ir_warm,825843d3d2d141f5005b8b839d4e886ae01fbfc4b60e60ad2ea41acf6a890372,1.0842021724855044e-19,705,confirmation,2,0,verified_success,0.3,4,b4fc3bb572f2a28dc8f61da118aa6f9875ce0e0cc7531a52b5f74dcc9b1d557f,1
b9f9211ea8e373c79de12b291b3fe43a72eccc238f2c85676eb89fb2a75eae68,True,True,48,nbldpc_formal_v4_ir_q1024_p30_confirmation_057,40,480,,nbldpc_v4_ir_warm,825843d3d2d141f5005b8b839d4e886ae01fbfc4b60e60ad2ea41acf6a890372,1.0842021724855044e-19,4,confirmation,12,12,decode_failed,0.3,6,44288d7599502a64969b77b63b66fd69ed3ed73be5dd70fa93f9247cdb5184fb,0
03c880f7ccdc63300ade284fff956f9b701df55a76471a248694936a2fcfdc18,True,False,40,nbldpc_formal_v4_ir_q1024_p30_confirmation_058,40,464,5.421010862427522e-20,nbldpc_v4_ir_warm,825843d3d2d141f5005b8b839d4e886ae01fbfc4b60e60ad2ea41acf6a890372,1.0842021724855044e-19,705,confirmation,3,0,verified_success,0.3,4,55bfdb23ca5e24b9f777d34d472fd163cc45d4deeb764706c4bc1475726575d5,1
d8dd844d32b060ccac41dfc79e931e88e195b5ea46deb67733330412e6f91dc5,True,False,40,nbldpc_formal_v4_ir_q1024_p30_confirmation_059,40,464,5.421010862427522e-20,nbldpc_v4_ir_warm,825843d3d2d141f5005b8b839d4e886ae01fbfc4b60e60ad2ea41acf6a890372,1.0842021724855044e-19,705,confirmation,2,0,verified_success,0.3,4,33e442e28a43344f25483ab4870babd8e0c55757828c29c95a10e4744bc23d56,1
b1f616c975ad38adc3135d3a688f1f894f871bb36e8ad46df27d880a7858d8f4,True,False,40,nbldpc_formal_v4_ir_q1024_p30_confirmation_060,40,464,5.421010862427522e-20,nbldpc_v4_ir_warm,825843d3d2d141f5005b8b839d4e886ae01fbfc4b60e60ad2ea41acf6a890372,1.0842021724855044e-19,705,confirmation,3,0,verified_success,0.3,4,cc420df8cecb25a3adff8566c2402d7e1d9a5d09400d2e8227bc40715f09fa03,1
2e684ad2af5f8a1bca42436f582368d9ade4d7af65cc3cb69891d3ed6d452cbe,True,False,40,nbldpc_formal_v4_ir_q1024_p30_confirmation_061,40,464,5.421010862427522e-20,nbldpc_v4_ir_warm,825843d3d2d141f5005b8b839d4e886ae01fbfc4b60e60ad2ea41acf6a890372,1.0842021724855044e-19,705,confirmation,3,0,verified_success,0.3,4,681c1798dcc8722cab53cd7501ab725d11dcf6c99964ed7a00a173ed1e662243,1
64d3a362eacd0a16d730238f9cdb2bb7eac251e86897c1b9703f8c8bcb79126f,True,False,40,nbldpc_formal_v4_ir_q1024_p30_confirmation_062,40,464,5.421010862427522e-20,nbldpc_v4_ir_warm,825843d3d2d141f5005b8b839d4e886ae01fbfc4b60e60ad2ea41acf6a890372,1.0842021724855044e-19,705,confirmation,3,0,verified_success,0.3,4,f4f0840ee631da69811da543fff3b46d18a843b45636e001bd02d93134fce699,1
da58683df1185621341636ff72bd89f8d12ffedec94931724ec35e2948fda146,True,False,40,nbldpc_formal_v4_ir_q1024_p30_confirmation_063,40,464,5.421010862427522e-20,nbldpc_v4_ir_warm,825843d3d2d141f5005b8b839d4e886ae01fbfc4b60e60ad2ea41acf6a890372,1.0842021724855044e-19,705,confirmation,5,0,verified_success,0.3,4,24e6446dea13b8c34f435f38d0107f7b592d0068d6720f6071aae266c70d1349,1
478f9511e5f88c0e386d121e5f7db44665d83d0e55c21a5e239225cc164ca29e,True,False,40,nbldpc_formal_v4_ir_q1024_p30_confirmation_064,40,464,5.421010862427522e-20,nbldpc_v4_ir_warm,825843d3d2d141f5005b8b839d4e886ae01fbfc4b60e60ad2ea41acf6a890372,1.0842021724855044e-19,705,confirmation,2,0,verified_success,0.3,4,e02be4b1c71b7f49205d810bf512d37157fc76ac3b6f35b5d14cf7c0d6aedf79,1
4270a6dbcc32fcbbc10137d799e41d62a3b75905f840d428a198957e0f4e6980,True,False,40,nbldpc_formal_v4_ir_q1024_p30_confirmation_065,40,464,5.421010862427522e-20,nbldpc_v4_ir_warm,825843d3d2d141f5005b8b839d4e886ae01fbfc4b60e60ad2ea41acf6a890372,1.0842021724855044e-19,705,confirmation,2,0,verified_success,0.3,4,cdde71cf56ab09cda008739b2d2b846922b392f2a85afe1f702adade85ed00f4,1
939c4da884ddba3d703cca56bc434b5d7881d896735ca88811841aad0b344195,True,True,48,nbldpc_formal_v4_ir_q1024_p30_confirmation_066,40,480,,nbldpc_v4_ir_warm,825843d3d2d141f5005b8b839d4e886ae01fbfc4b60e60ad2ea41acf6a890372,1.0842021724855044e-19,4,confirmation,12,12,decode_failed,0.3,6,e7ec6c1e2164d2e40f92677220f6f46a5ae53cdaac81168d445a2403a2d5fc0c,0
6c8dfd0c5caf0c634898e6e67cee3c002b87c7eacdde1fe0250939760d2236f8,True,False,40,nbldpc_formal_v4_ir_q1024_p30_confirmation_067,40,464,5.421010862427522e-20,nbldpc_v4_ir_warm,825843d3d2d141f5005b8b839d4e886ae01fbfc4b60e60ad2ea41acf6a890372,1.0842021724855044e-19,705,confirmation,2,0,verified_success,0.3,4,d839edf4c2b3061a1e4a3dac31b64b353b4ec488a68f056adc5171dd1405cc23,1
3330143e3e19656a360795014b29379189542027f047a0c211e1007466bb7769,True,False,40,nbldpc_formal_v4_ir_q1024_p30_confirmation_068,40,464,5.421010862427522e-20,nbldpc_v4_ir_warm,825843d3d2d141f5005b8b839d4e886ae01fbfc4b60e60ad2ea41acf6a890372,1.0842021724855044e-19,705,confirmation,5,0,verified_success,0.3,4,bf86a05623167a16510180403e2087ddaf1ed4aed4124b7b4f8f8280063cdece,1
db412ab67ba3a1c869a4b2d185fb03a0a1657638e3f83e6b6ef1a1e3bcf0dea6,True,True,48,nbldpc_formal_v4_ir_q1024_p30_confirmation_069,40,544,5.421010862427522e-20,nbldpc_v4_ir_warm,825843d3d2d141f5005b8b839d4e886ae01fbfc4b60e60ad2ea41acf6a890372,1.0842021724855044e-19,707,confirmation,12,5,verified_success,0.3,7,e99b4a99001b8152d7ffd912e0d75f4d181981aa4db6fe1456e72cfb5677fcac,1
13f87b96be07c1a93653f858506b207186b1440ab38e7a1c3243f699b66159bc,True,False,40,nbldpc_formal_v4_ir_q1024_p30_confirmation_070,40,464,5.421010862427522e-20,nbldpc_v4_ir_warm,825843d3d2d141f5005b8b839d4e886ae01fbfc4b60e60ad2ea41acf6a890372,1.0842021724855044e-19,705,confirmation,3,0,verified_success,0.3,4,01d44b3aa8d61aa7b5c4bf03f1be9072aa780d6d73313f7829b2367257cf86b4,1
57bb413d66524e045fa6d703530fe115cff5547010490ccd126ac62b3a37a1b8,True,False,40,nbldpc_formal_v4_ir_q1024_p30_confirmation_071,40,464,5.421010862427522e-20,nbldpc_v4_ir_warm,825843d3d2d141f5005b8b839d4e886ae01fbfc4b60e60ad2ea41acf6a890372,1.0842021724855044e-19,705,confirmation,2,0,verified_success,0.3,4,8f7f2b62c3f485b57fdec52b7ebb3dc7e1b2cb000a46afe1811b0eaece7a6a68,1
22cb206654ecac5ebc92ffb3cfc7d22179beb9f31f001cdd81cbb8c20765f1e6,True,False,40,nbldpc_formal_v4_ir_q1024_p30_confirmation_072,40,464,5.421010862427522e-20,nbldpc_v4_ir_warm,825843d3d2d141f5005b8b839d4e886ae01fbfc4b60e60ad2ea41acf6a890372,1.0842021724855044e-19,705,confirmation,2,0,verified_success,0.3,4,8a9cb4a205d68e8093910206c6e842a451582fe5d09ca462dec6df8c5a8ebcce,1
54823424b5acf16b35f386be5f9226f2a425df8117b09551eb1f5c1a9979b795,True,False,40,nbldpc_formal_v4_ir_q1024_p30_confirmation_073,40,464,5.421010862427522e-20,nbldpc_v4_ir_warm,825843d3d2d141f5005b8b839d4e886ae01fbfc4b60e60ad2ea41acf6a890372,1.0842021724855044e-19,705,confirmation,3,0,verified_success,0.3,4,c624d03c37e8acc16da12f7d3617adbed0a1e09f56b6d31bfdd4693098fc1670,1
24f736ffe9680262ebc82402b7f812c7ad825617888292f885225c3e8b33b878,True,False,40,nbldpc_formal_v4_ir_q1024_p30_confirmation_074,40,464,5.421010862427522e-20,nbldpc_v4_ir_warm,825843d3d2d141f5005b8b839d4e886ae01fbfc4b60e60ad2ea41acf6a890372,1.0842021724855044e-19,705,confirmation,2,0,verified_success,0.3,4,3ab469f9f89bc72e25a03f4a8afa1d8968acf8ac06648d6e6984ced162ffd730,1
e6823385bc88232bdb0aa760640874c4dc2e609a6e389567f1194aa99813cdfb,True,False,40,nbldpc_formal_v4_ir_q1024_p30_confirmation_075,40,464,5.421010862427522e-20,nbldpc_v4_ir_warm,825843d3d2d141f5005b8b839d4e886ae01fbfc4b60e60ad2ea41acf6a890372,1.0842021724855044e-19,705,confirmation,4,0,verified_success,0.3,4,3efb742814368eb1c30947751f527c41655c29b6926170b5f07af6b99a939897,1
a1b1c7865152c83f30702f797afa1bc2e0c7c1fbea8be75f16653828b06afc91,True,False,40,nbldpc_formal_v4_ir_q1024_p30_confirmation_076,40,464,5.421010862427522e-20,nbldpc_v4_ir_warm,825843d3d2d141f5005b8b839d4e886ae01fbfc4b60e60ad2ea41acf6a890372,1.0842021724855044e-19,705,confirmation,2,0,verified_success,0.3,4,c972bc5008030c151e246917c29154bed46c56f73088ca81c2afa3d7e29f8023,1
f37c217cfa05143c4552204cff0a72718a81a5cbd5060316f79b46178e10cd82,True,False,40,nbldpc_formal_v4_ir_q1024_p30_confirmation_077,40,464,5.421010862427522e-20,nbldpc_v4_ir_warm,825843d3d2d141f5005b8b839d4e886ae01fbfc4b60e60ad2ea41acf6a890372,1.0842021724855044e-19,705,confirmation,2,0,verified_success,0.3,4,5ffebff5aacd168b0a260a310b7822f705cdac166a64c57c950f3f2733ecb382,1
f4169d16b10430559e72b2d58cc679261ba8745371d095aec193c6b54e6b91b2,True,False,40,nbldpc_formal_v4_ir_q1024_p30_confirmation_078,40,464,5.421010862427522e-20,nbldpc_v4_ir_warm,825843d3d2d141f5005b8b839d4e886ae01fbfc4b60e60ad2ea41acf6a890372,1.0842021724855044e-19,705,confirmation,2,0,verified_success,0.3,4,45b6e35e4ad86a2456809c771d5a4116d6104aae15aee9ffac2ce06c3baa43c2,1
9d33dd481d34321f401d328a6fb2e3370165f6b6d562de7cac4c6f7cbd25c74d,True,False,40,nbldpc_formal_v4_ir_q1024_p30_confirmation_079,40,464,5.421010862427522e-20,nbldpc_v4_ir_warm,825843d3d2d141f5005b8b839d4e886ae01fbfc4b60e60ad2ea41acf6a890372,1.0842021724855044e-19,705,confirmation,4,0,verified_success,0.3,4,7704124fce0a9fdcf765f476442fb2f0a07c8fe2d28f0d90dae95c3762f7772b,1
5a2082c8db4a9a73cf3b01b02c27456d41770805122a6f987957a0c258225a79,True,False,40,nbldpc_formal_v4_ir_q1024_p30_confirmation_080,40,464,5.421010862427522e-20,nbldpc_v4_ir_warm,825843d3d2d141f5005b8b839d4e886ae01fbfc4b60e60ad2ea41acf6a890372,1.0842021724855044e-19,705,confirmation,3,0,verified_success,0.3,4,43636e87e0ab42514c17d2aa30e87430eaf10af7f98b4538ff32c3c9fc58e5e9,1
9950b936364558c5888f08929ada8133ec91c3a275839de75f2e2cab1813799c,True,False,40,nbldpc_formal_v4_ir_q1024_p30_confirmation_081,40,464,5.421010862427522e-20,nbldpc_v4_ir_warm,825843d3d2d141f5005b8b839d4e886ae01fbfc4b60e60ad2ea41acf6a890372,1.0842021724855044e-19,705,confirmation,2,0,verified_success,0.3,4,30bf801d74a0a8757088e9516fbc93ea4ef74b7bda476801447e36d564bd92c5,1
27f0837b6cfdb16ba0309af8881a4125e221e6c4d85e0da2d730ae8ddfcc8462,True,False,40,nbldpc_formal_v4_ir_q1024_p30_confirmation_082,40,464,5.421010862427522e-20,nbldpc_v4_ir_warm,825843d3d2d141f5005b8b839d4e886ae01fbfc4b60e60ad2ea41acf6a890372,1.0842021724855044e-19,705,confirmation,3,0,verified_success,0.3,4,5c96fa9218f6493b8c8e4c128556aef4d8d35a60b2c5a2603e067cf7ec9fa65d,1
30a83e5d41ab041e2406d35726dea65d4804b7bd3d330b2c4250e048312b3ace,True,False,40,nbldpc_formal_v4_ir_q1024_p30_confirmation_083,40,464,5.421010862427522e-20,nbldpc_v4_ir_warm,825843d3d2d141f5005b8b839d4e886ae01fbfc4b60e60ad2ea41acf6a890372,1.0842021724855044e-19,705,confirmation,2,0,verified_success,0.3,4,1a016c3851f747843e65e684d05a7e8cca1157a4a26a1238718c70f13f0a63ee,1
e69abf567ee4e79098ce0e084cb0afa63aa07bd5d19a1dca082eff50d6559764,True,False,40,nbldpc_formal_v4_ir_q1024_p30_confirmation_084,40,464,5.421010862427522e-20,nbldpc_v4_ir_warm,825843d3d2d141f5005b8b839d4e886ae01fbfc4b60e60ad2ea41acf6a890372,1.0842021724855044e-19,705,confirmation,2,0,verified_success,0.3,4,5853a8900fc203fd62c7d2889ab7329532b33941e120f192233e9f1783c41457,1
7d6b05bac352b5480e55c946891ee68e81dcf3450bf5248a9f8a13c7f5b3ece1,True,False,40,nbldpc_formal_v4_ir_q1024_p30_confirmation_085,40,464,5.421010862427522e-20,nbldpc_v4_ir_warm,825843d3d2d141f5005b8b839d4e886ae01fbfc4b60e60ad2ea41acf6a890372,1.0842021724855044e-19,705,confirmation,3,0,verified_success,0.3,4,9f1564d3fae8fdc1bd53f27948e9c4d5fd27b935ffd0ca56a697875250daf894,1
a6efcbb0798219e7611c2dcfc1c6cdecea56e27bcc44acb7298c30825aa057e4,True,True,48,nbldpc_formal_v4_ir_q1024_p30_confirmation_086,40,480,,nbldpc_v4_ir_warm,825843d3d2d141f5005b8b839d4e886ae01fbfc4b60e60ad2ea41acf6a890372,1.0842021724855044e-19,4,confirmation,12,12,decode_failed,0.3,6,de8d5d7786a3887ba3ecf55f0e84bd3e9d0e70d498a5a6d40ab513fb3372f927,0
e8f72ea3e45a73623f75fed224f1d10b28f17b0e03482ebd5abb8998b00587f6,True,False,40,nbldpc_formal_v4_ir_q1024_p30_confirmation_087,40,464,5.421010862427522e-20,nbldpc_v4_ir_warm,825843d3d2d141f5005b8b839d4e886ae01fbfc4b60e60ad2ea41acf6a890372,1.0842021724855044e-19,705,confirmation,4,0,verified_success,0.3,4,9d65996333570b23d97397475caf0965504c451c9732ab37e589ca59fce0d511,1
0729a0a179c4d0282143766551449c3a20a8e461ed6d4f23d5418049a096ed6c,True,False,40,nbldpc_formal_v4_ir_q1024_p30_confirmation_088,40,464,5.421010862427522e-20,nbldpc_v4_ir_warm,825843d3d2d141f5005b8b839d4e886ae01fbfc4b60e60ad2ea41acf6a890372,1.0842021724855044e-19,705,confirmation,2,0,verified_success,0.3,4,86c316349b8f4be46e7137dc7f064531f0f47fc40d02dfc1428546730a970195,1
5f23566b69fb9b2fec0441cf97d201990ef07916e4b40972252770e5a3380666,True,False,40,nbldpc_formal_v4_ir_q1024_p30_confirmation_089,40,464,5.421010862427522e-20,nbldpc_v4_ir_warm,825843d3d2d141f5005b8b839d4e886ae01fbfc4b60e60ad2ea41acf6a890372,1.0842021724855044e-19,705,confirmation,2,0,verified_success,0.3,4,90fb1c97cfddb6c8ecaedfce03ad301ac4325904cc9c316a4a15329bbf58c2c2,1
d0cc7ca57285e188c2166ba6e8f451b890ac4f08e3327c418321fb5773a76c32,True,False,40,nbldpc_formal_v4_ir_q1024_p30_confirmation_090,40,464,5.421010862427522e-20,nbldpc_v4_ir_warm,825843d3d2d141f5005b8b839d4e886ae01fbfc4b60e60ad2ea41acf6a890372,1.0842021724855044e-19,705,confirmation,2,0,verified_success,0.3,4,a4348a170cf960d3af5351549e98044813f99f2b4d3a84a3321096def55f868b,1
a9e8ac00eda39537ebf9c8d130d8f0bae9d81ec7854a9710a0c425dd27366a86,True,False,40,nbldpc_formal_v4_ir_q1024_p30_confirmation_091,40,464,5.421010862427522e-20,nbldpc_v4_ir_warm,825843d3d2d141f5005b8b839d4e886ae01fbfc4b60e60ad2ea41acf6a890372,1.0842021724855044e-19,705,confirmation,3,0,verified_success,0.3,4,7d9b7c233fe1985763955056d726e7fb4af2a6ee1b6924fd84bf3a18f803e40c,1
eb10537bac6eb27f5cdd82593d96045b41a935bf1ad694e84363a86659ab8063,True,False,40,nbldpc_formal_v4_ir_q1024_p30_confirmation_092,40,464,5.421010862427522e-20,nbldpc_v4_ir_warm,825843d3d2d141f5005b8b839d4e886ae01fbfc4b60e60ad2ea41acf6a890372,1.0842021724855044e-19,705,confirmation,3,0,verified_success,0.3,4,ddf1e763e7116154efd903ac0b8311259dd98e0b45dc0212fcb9f9268cc3f556,1
ef1a7b7c179369a6a63e2d49a227a0c234e9d2f660cb28ed0267589a435fe541,True,False,40,nbldpc_formal_v4_ir_q1024_p30_confirmation_093,40,464,5.421010862427522e-20,nbldpc_v4_ir_warm,825843d3d2d141f5005b8b839d4e886ae01fbfc4b60e60ad2ea41acf6a890372,1.0842021724855044e-19,705,confirmation,3,0,verified_success,0.3,4,ea5d5fb0e1568afa44cb6c3e71d70a3f18e55007be75524930be5b27bdbb05d9,1
705ef4469e573500844887166bbd01ca19781ebaa3743d8158709a943e84290f,True,True,48,nbldpc_formal_v4_ir_q1024_p30_confirmation_094,40,544,5.421010862427522e-20,nbldpc_v4_ir_warm,825843d3d2d141f5005b8b839d4e886ae01fbfc4b60e60ad2ea41acf6a890372,1.0842021724855044e-19,707,confirmation,12,4,verified_success,0.3,7,8063f81300b30c3077455b7ba35de6ab817c6d9eb6f26f970fa5b805412de2dc,1
b7e3e1f373c4a50656b6408b940f4bbc018494f4436152f36bfe1ee5cecd9454,True,False,40,nbldpc_formal_v4_ir_q1024_p30_confirmation_095,40,464,5.421010862427522e-20,nbldpc_v4_ir_warm,825843d3d2d141f5005b8b839d4e886ae01fbfc4b60e60ad2ea41acf6a890372,1.0842021724855044e-19,705,confirmation,2,0,verified_success,0.3,4,3f3f434e6b6bed50aed7b281ccd2f04e9e870debb1198af71ed84471016361ad,1
5522dcb62cb2a95ec9ed0df2ed97a974dbf7538062b23e01a7f5a4c7f9b4f1fc,True,False,40,nbldpc_formal_v4_ir_q1024_p30_confirmation_096,40,464,5.421010862427522e-20,nbldpc_v4_ir_warm,825843d3d2d141f5005b8b839d4e886ae01fbfc4b60e60ad2ea41acf6a890372,1.0842021724855044e-19,705,confirmation,6,0,verified_success,0.3,4,ff5aa886f7ac1c1b9ca62c1a5e5a63d48c323d3756cacf4a4b2999794f18d865,1
ec70bfb686de3001a155ca769ae6dd205e242104346f2cecd601add23f10010b,True,False,40,nbldpc_formal_v4_ir_q1024_p30_confirmation_097,40,464,5.421010862427522e-20,nbldpc_v4_ir_warm,825843d3d2d141f5005b8b839d4e886ae01fbfc4b60e60ad2ea41acf6a890372,1.0842021724855044e-19,705,confirmation,7,0,verified_success,0.3,4,c079dc2ebdf75bcfb3e417ffa7e6bd4225e4ee24103a540e2a1b9242b903e993,1
73c9003b99db42ae7db51a18511e7c5faa5901009b71ea29c39494be76ca4761,True,False,40,nbldpc_formal_v4_ir_q1024_p30_confirmation_098,40,464,5.421010862427522e-20,nbldpc_v4_ir_warm,825843d3d2d141f5005b8b839d4e886ae01fbfc4b60e60ad2ea41acf6a890372,1.0842021724855044e-19,705,confirmation,3,0,verified_success,0.3,4,6c4584ba8cdcb1e4de59f583bb4d882b77af641d809672df4892d42338ac000a,1
cab524e6c8bd99e9941f43016340ab3953b0132aff5d758799462ac419c07dea,True,False,40,nbldpc_formal_v4_ir_q1024_p30_confirmation_099,40,464,5.421010862427522e-20,nbldpc_v4_ir_warm,825843d3d2d141f5005b8b839d4e886ae01fbfc4b60e60ad2ea41acf6a890372,1.0842021724855044e-19,705,confirmation,3,0,verified_success,0.3,4,fe3d2643d9459b6594cbf7a37ccc029b2529782e035db9db63aef15f4370be61,1
d38572a9c65507937434d808c52af702cb6dac4a94cf8afa390ccd19ac017220,True,False,40,nbldpc_formal_v4_ir_q1024_p30_confirmation_100,40,464,5.421010862427522e-20,nbldpc_v4_ir_warm,825843d3d2d141f5005b8b839d4e886ae01fbfc4b60e60ad2ea41acf6a890372,1.0842021724855044e-19,705,confirmation,3,0,verified_success,0.3,4,c05b3584f2b8490b0c77be4838788ddb7f60486c00340a7fe43a8cdcb1b754e8,1
de5631a686898eebff995036ca2a59f9277ef5c51dfc559806ef6bda7ea0a893,True,False,40,nbldpc_formal_v4_ir_q1024_p30_confirmation_101,40,464,5.421010862427522e-20,nbldpc_v4_ir_warm,825843d3d2d141f5005b8b839d4e886ae01fbfc4b60e60ad2ea41acf6a890372,1.0842021724855044e-19,705,confirmation,2,0,verified_success,0.3,4,9d7315506dad055816f42231dd1fdd7df78d30d45277e7f0a191c6c17ed59d9c,1
16deb2880c259eda8b1575cca903c0d4b3aebff741e0332c2bb3467a713a23f1,True,False,40,nbldpc_formal_v4_ir_q1024_p30_confirmation_102,40,464,5.421010862427522e-20,nbldpc_v4_ir_warm,825843d3d2d141f5005b8b839d4e886ae01fbfc4b60e60ad2ea41acf6a890372,1.0842021724855044e-19,705,confirmation,4,0,verified_success,0.3,4,35c4159d22150977b6c024b3c45828dac1cd39647447d4c8c9005b574084c940,1
aeb49a27d1c101d23c9bf93c00eda3dd88655055732cec0ff17e2a28188acdb0,True,True,48,nbldpc_formal_v4_ir_q1024_p30_confirmation_103,40,544,5.421010862427522e-20,nbldpc_v4_ir_warm,825843d3d2d141f5005b8b839d4e886ae01fbfc4b60e60ad2ea41acf6a890372,1.0842021724855044e-19,707,confirmation,12,8,verified_success,0.3,7,e4b86cb506f721d44897a2f839dd8850ba04853ca753d514d71a5ed700a2a453,1
e67edac30e2a1891799295cf5d4c42ee9383bcef453249790cca44a8e36c577f,True,False,40,nbldpc_formal_v4_ir_q1024_p30_confirmation_104,40,464,5.421010862427522e-20,nbldpc_v4_ir_warm,825843d3d2d141f5005b8b839d4e886ae01fbfc4b60e60ad2ea41acf6a890372,1.0842021724855044e-19,705,confirmation,2,0,verified_success,0.3,4,5cc5f0953efc841a2c1ec66a645275b42311b76577901935f6a68bf59003191c,1
e4f73690c7a908e8fc90029954b9dda802bac192a8dc159bb366375508ea7aa3,True,False,40,nbldpc_formal_v4_ir_q1024_p30_confirmation_105,40,464,5.421010862427522e-20,nbldpc_v4_ir_warm,825843d3d2d141f5005b8b839d4e886ae01fbfc4b60e60ad2ea41acf6a890372,1.0842021724855044e-19,705,confirmation,2,0,verified_success,0.3,4,2b2253b6d10a3a18d7795ec2b3ab98e8926e65b12804a2894667c2c1cb486757,1
f00a472d64e4aae80bee7d55f6a426c1dd9a115adbcd6f9cd5273d1286981df1,True,False,40,nbldpc_formal_v4_ir_q1024_p30_confirmation_106,40,464,5.421010862427522e-20,nbldpc_v4_ir_warm,825843d3d2d141f5005b8b839d4e886ae01fbfc4b60e60ad2ea41acf6a890372,1.0842021724855044e-19,705,confirmation,2,0,verified_success,0.3,4,9f6ee2de17ff536a6c38d233b147ae9b094d8502dc81823c7877740fc2595a45,1
3b6efda6c67d6d4c832646bae4ef7782d6438cefef45145fc62cc6ca7dc0a1f3,True,False,40,nbldpc_formal_v4_ir_q1024_p30_confirmation_107,40,464,5.421010862427522e-20,nbldpc_v4_ir_warm,825843d3d2d141f5005b8b839d4e886ae01fbfc4b60e60ad2ea41acf6a890372,1.0842021724855044e-19,705,confirmation,1,0,verified_success,0.3,4,6e95aea80d98d0add5b2e2cee6f9abbf21e8b44ba234f4885b9944bcf7c11100,1
c4f405345c0cb0d73a83abe059105bb425dc3ddaa0bc8aa375a399ea15f0a151,True,False,40,nbldpc_formal_v4_ir_q1024_p30_confirmation_108,40,464,5.421010862427522e-20,nbldpc_v4_ir_warm,825843d3d2d141f5005b8b839d4e886ae01fbfc4b60e60ad2ea41acf6a890372,1.0842021724855044e-19,705,confirmation,5,0,verified_success,0.3,4,503a62df8c48c20eb5d03709277336bba74bcdd0a94a0eafebf7e8f0c8764864,1
f5733f240ebba66e724d25c4b6373c04761278621746b03349f78a88992e9b28,True,False,40,nbldpc_formal_v4_ir_q1024_p30_confirmation_109,40,464,5.421010862427522e-20,nbldpc_v4_ir_warm,825843d3d2d141f5005b8b839d4e886ae01fbfc4b60e60ad2ea41acf6a890372,1.0842021724855044e-19,705,confirmation,2,0,verified_success,0.3,4,b5e3f8cfaa22ce6784be46db6fb272415709de66a29f0fad02cac21a7f9fbea4,1
4a14a2747fb753273cb29028ffc0f5c1c78321d7bbdf7f525bd4a3a79bf6f624,True,False,40,nbldpc_formal_v4_ir_q1024_p30_confirmation_110,40,464,5.421010862427522e-20,nbldpc_v4_ir_warm,825843d3d2d141f5005b8b839d4e886ae01fbfc4b60e60ad2ea41acf6a890372,1.0842021724855044e-19,705,confirmation,3,0,verified_success,0.3,4,b79b66c8dd3234c0f8f63e4193e055542f56b848cb7735e20a92b3de9f26e0f2,1
f834bac14a0f566a1f1b1143004917f4e952f607e040e9e02a3bb4e00703eff3,True,False,40,nbldpc_formal_v4_ir_q1024_p30_confirmation_111,40,464,5.421010862427522e-20,nbldpc_v4_ir_warm,825843d3d2d141f5005b8b839d4e886ae01fbfc4b60e60ad2ea41acf6a890372,1.0842021724855044e-19,705,confirmation,3,0,verified_success,0.3,4,02a35dd8ac02c55318c0d260eeaa31b485557fb0a1004d148de686f59bc30e90,1
f83631446ff64b86b54b436680fd278f9c9e761d1f4725183c4db0f15435d032,True,False,40,nbldpc_formal_v4_ir_q1024_p30_confirmation_112,40,464,5.421010862427522e-20,nbldpc_v4_ir_warm,825843d3d2d141f5005b8b839d4e886ae01fbfc4b60e60ad2ea41acf6a890372,1.0842021724855044e-19,705,confirmation,2,0,verified_success,0.3,4,eb2ecb639b4e3743c20f029fb85ed6abf0bf24411d14fe291e258b95ba89a327,1
b4a443828b2d8e571d979b12476cd6dae33e43b761def029a84c9f49bbae7461,True,False,40,nbldpc_formal_v4_ir_q1024_p30_confirmation_113,40,464,5.421010862427522e-20,nbldpc_v4_ir_warm,825843d3d2d141f5005b8b839d4e886ae01fbfc4b60e60ad2ea41acf6a890372,1.0842021724855044e-19,705,confirmation,3,0,verified_success,0.3,4,ecd42d809d785e60be43e25204da02a3079e922a46862a913ffc73abaf5381cf,1
4c92809a70f8f6b90ce41ea0985084c92a676b68e831bd87ddea7c2a78a3964a,True,False,40,nbldpc_formal_v4_ir_q1024_p30_confirmation_114,40,464,5.421010862427522e-20,nbldpc_v4_ir_warm,825843d3d2d141f5005b8b839d4e886ae01fbfc4b60e60ad2ea41acf6a890372,1.0842021724855044e-19,705,confirmation,4,0,verified_success,0.3,4,70bb98aaaeb7a3941ac9df261126102be96fe418c7eda540eb471e98a1516a3b,1
6425f7ef3225672dc41637e9c847404c2ca24e0b2f218ccbb8a5d5d6de802186,True,False,40,nbldpc_formal_v4_ir_q1024_p30_confirmation_115,40,464,5.421010862427522e-20,nbldpc_v4_ir_warm,825843d3d2d141f5005b8b839d4e886ae01fbfc4b60e60ad2ea41acf6a890372,1.0842021724855044e-19,705,confirmation,2,0,verified_success,0.3,4,4d86d2f0eb72245291eec7b847b769e0835c79c8b8d5dbf5a3a6a42f7911101c,1
1279608fe86666ca6dcc989a453b55fa76a86b2cf84f965f9c57bff440d0a084,True,False,40,nbldpc_formal_v4_ir_q1024_p30_confirmation_116,40,464,5.421010862427522e-20,nbldpc_v4_ir_warm,825843d3d2d141f5005b8b839d4e886ae01fbfc4b60e60ad2ea41acf6a890372,1.0842021724855044e-19,705,confirmation,3,0,verified_success,0.3,4,4b55f6076c4de8a56a414b43f423fdc58bcc95dad7616ef9a79f69f01deec091,1
cdfde9e3232dd1c4414b578ba1a6351fe7048dfac309b5635eacebb69af2bcbd,True,False,40,nbldpc_formal_v4_ir_q1024_p30_confirmation_117,40,464,5.421010862427522e-20,nbldpc_v4_ir_warm,825843d3d2d141f5005b8b839d4e886ae01fbfc4b60e60ad2ea41acf6a890372,1.0842021724855044e-19,705,confirmation,3,0,verified_success,0.3,4,38e4addb3eb4b7a3adc01cb741b5d0d279b81f708bcb3680473c2535e673c468,1
a8808fb7eae64a5e0ab261ea6cb5c79daec46c03311002f3ad15f71a5a29c068,True,False,40,nbldpc_formal_v4_ir_q1024_p30_confirmation_118,40,464,5.421010862427522e-20,nbldpc_v4_ir_warm,825843d3d2d141f5005b8b839d4e886ae01fbfc4b60e60ad2ea41acf6a890372,1.0842021724855044e-19,705,confirmation,4,0,verified_success,0.3,4,d400b91407c0b32694b480225f75965ff0ec80b2628e1bdcbe3c8689720c72fb,1
cdc7d50855cd5cfa857cb7661bc62b3b4c31c323e1bea9f831dd2fff0ad3e40c,True,False,40,nbldpc_formal_v4_ir_q1024_p30_confirmation_119,40,464,5.421010862427522e-20,nbldpc_v4_ir_warm,825843d3d2d141f5005b8b839d4e886ae01fbfc4b60e60ad2ea41acf6a890372,1.0842021724855044e-19,705,confirmation,3,0,verified_success,0.3,4,b7f1bdb57fb2347f74cda23f47f8afb6a492598bbb6fd8641ac2f56d1e7f8fa3,1
cc0403cf6cece3278eb9b245e7ce9fab99ad4d0abf539b7096de5a217185dd9e,True,False,40,nbldpc_formal_v4_ir_q1024_p30_confirmation_120,40,464,5.421010862427522e-20,nbldpc_v4_ir_warm,825843d3d2d141f5005b8b839d4e886ae01fbfc4b60e60ad2ea41acf6a890372,1.0842021724855044e-19,705,confirmation,2,0,verified_success,0.3,4,489f8b7042aa30028aad62025f12b949415c02b8b91d020c8e8b84dbce5d0365,1
70cd52d28c86a9e43c06ac693fb87ce4aeb794dd3ec85f3758c63ba45c6b221f,True,False,40,nbldpc_formal_v4_ir_q1024_p30_confirmation_121,40,464,5.421010862427522e-20,nbldpc_v4_ir_warm,825843d3d2d141f5005b8b839d4e886ae01fbfc4b60e60ad2ea41acf6a890372,1.0842021724855044e-19,705,confirmation,8,0,verified_success,0.3,4,bc8a98cd953269556b4893533f74f1416d88b1574de76219672857b90db1fcd8,1
591567ed28144119ef2e35f7ec829c51def95533cc47d9c7026c3649cdf89a87,True,False,40,nbldpc_formal_v4_ir_q1024_p30_confirmation_122,40,464,5.421010862427522e-20,nbldpc_v4_ir_warm,825843d3d2d141f5005b8b839d4e886ae01fbfc4b60e60ad2ea41acf6a890372,1.0842021724855044e-19,705,confirmation,4,0,verified_success,0.3,4,d77b1a5d2bd7e6dccc4c11a57b329e7d7e02a23093135cb611d1e1e14fb1f3a5,1
7a133a45ce86a89d834264904fc69824dd6773a5271553c53e7fb709310c755e,True,True,48,nbldpc_formal_v4_ir_q1024_p30_confirmation_123,40,480,,nbldpc_v4_ir_warm,825843d3d2d141f5005b8b839d4e886ae01fbfc4b60e60ad2ea41acf6a890372,1.0842021724855044e-19,4,confirmation,12,12,decode_failed,0.3,6,ae312acf19fabe0b5a47463881fc1efee12443d2ca0f1ec14d0368e31043079a,0
474a4b7ab45dd0b8adba201a8ca1f4ae3213b27032343e3f485df8f6f361687c,True,False,40,nbldpc_formal_v4_ir_q1024_p30_confirmation_124,40,464,5.421010862427522e-20,nbldpc_v4_ir_warm,825843d3d2d141f5005b8b839d4e886ae01fbfc4b60e60ad2ea41acf6a890372,1.0842021724855044e-19,705,confirmation,3,0,verified_success,0.3,4,93bdd1ad268097f6e771a27c5f588dd5bff1bf769c6b851ce1e0564570021e57,1
3e82937182030d4c38790be94cce3f99b31a7c595ce1912f39ded3f4b36dd904,True,False,40,nbldpc_formal_v4_ir_q1024_p30_confirmation_125,40,464,5.421010862427522e-20,nbldpc_v4_ir_warm,825843d3d2d141f5005b8b839d4e886ae01fbfc4b60e60ad2ea41acf6a890372,1.0842021724855044e-19,705,confirmation,3,0,verified_success,0.3,4,9733c4b6b0aa937ad1050e4c173600a9f108ca25349fb9f5cad377a62dbf3d27,1
ba0a264b810aa4f4079e78f9462a148c710e47c6347cc1eec90b272b841aeeba,True,False,40,nbldpc_formal_v4_ir_q1024_p30_confirmation_126,40,464,5.421010862427522e-20,nbldpc_v4_ir_warm,825843d3d2d141f5005b8b839d4e886ae01fbfc4b60e60ad2ea41acf6a890372,1.0842021724855044e-19,705,confirmation,8,0,verified_success,0.3,4,48a2a8adfb67602302168e201515e4276ed7f66eb6debbf681ec22859c6b7d5c,1
276222cb110682131ed5eebd1f9e7e6d1307f87558dd5de2b9c2690b126d1094,True,False,40,nbldpc_formal_v4_ir_q1024_p30_confirmation_127,40,464,5.421010862427522e-20,nbldpc_v4_ir_warm,825843d3d2d141f5005b8b839d4e886ae01fbfc4b60e60ad2ea41acf6a890372,1.0842021724855044e-19,705,confirmation,6,0,verified_success,0.3,4,df7e6c1d4da8887f9ec847950b2ef09b5824409e98d45f29c997bc327c09e33f,1
