source_tag,frame_id,raw_ser,status,reason,iterations,exact_correct
type2_1p5M_20260121_183806,0,0.2734375,syndrome_consistent,exact_correct,4,True
type2_1p5M_20260121_183806,1,0.28515625,syndrome_consistent,exact_correct,5,True
type2_1p5M_20260121_183806,2,0.265625,syndrome_consistent,exact_correct,6,True
type2_1p5M_20260121_183806,3,0.234375,syndrome_consistent,exact_correct,5,True
type2_1p5M_20260121_183806,4,0.24609375,syndrome_consistent,exact_correct,5,True
type2_1p5M_20260121_183806,5,0.26953125,syndrome_consistent,exact_correct,5,True
type2_1p5M_20260121_183806,6,0.22265625,syndrome_consistent,exact_correct,4,True
type2_1p5M_20260121_183806,7,0.27734375,syndrome_consistent,exact_correct,4,True
type2_1p5M_20260121_183806,8,0.25390625,syndrome_consistent,exact_correct,4,True
type2_1p5M_20260121_183806,9,0.2265625,syndrome_consistent,exact_correct,4,True
type2_1p5M_20260121_183806,10,0.2421875,syndrome_consistent,exact_correct,4,True
type2_1p5M_20260121_183806,11,0.24609375,syndrome_consistent,exact_correct,6,True
type2_1p5M_20260121_183806,12,0.1953125,syndrome_consistent,exact_correct,3,True
type2_1p5M_20260121_183806,13,0.2734375,syndrome_consistent,exact_correct,13,True
type2_1p5M_20260121_183806,14,0.23828125,syndrome_consistent,exact_correct,4,True
type2_1p5M_20260121_183806,15,0.28515625,syndrome_consistent,exact_correct,6,True
type2_1p5M_20260121_183806,16,0.3046875,syndrome_consistent,exact_correct,5,True
type2_1p5M_20260121_183806,17,0.23828125,syndrome_consistent,exact_correct,6,True
type2_1p5M_20260121_183806,18,0.20703125,syndrome_consistent,exact_correct,4,True
type2_1p5M_20260121_183806,19,0.3046875,syndrome_consistent,exact_correct,8,True
type2_1p5M_20260121_183806,20,0.2421875,syndrome_consistent,exact_correct,5,True
type2_1p5M_20260121_183806,21,0.29296875,syndrome_consistent,exact_correct,7,True
type2_1p5M_20260121_183806,22,0.26171875,syndrome_consistent,exact_correct,6,True
type2_1p5M_20260121_183806,23,0.25,syndrome_consistent,exact_correct,4,True
type2_1p5M_20260121_183806,24,0.2578125,syndrome_consistent,exact_correct,4,True
type2_1p5M_20260121_183806,25,0.23828125,syndrome_consistent,exact_correct,3,True
type2_1p5M_20260121_183806,26,0.25,syndrome_consistent,exact_correct,5,True
type2_1p5M_20260121_183806,27,0.22265625,syndrome_consistent,exact_correct,4,True
type2_1p5M_20260121_183806,28,0.22265625,syndrome_consistent,exact_correct,5,True
type2_1p5M_20260121_183806,29,0.23046875,syndrome_consistent,exact_correct,4,True
type2_1p5M_20260121_183806,30,0.2421875,syndrome_consistent,exact_correct,5,True
type2_1p5M_20260121_183806,31,0.1796875,syndrome_consistent,exact_correct,3,True
type2_1p5M_20260121_183806,32,0.26171875,syndrome_consistent,exact_correct,5,True
type2_1p5M_20260121_183806,33,0.28125,syndrome_consistent,exact_correct,9,True
type2_1p5M_20260121_183806,34,0.2421875,syndrome_consistent,exact_correct,4,True
type2_1p5M_20260121_183806,35,0.3046875,syndrome_consistent,exact_correct,5,True
type2_1p5M_20260121_183806,36,0.25390625,syndrome_consistent,exact_correct,3,True
type2_1p5M_20260121_183806,37,0.25,syndrome_consistent,exact_correct,6,True
type2_1p5M_20260121_183806,38,0.265625,syndrome_consistent,exact_correct,5,True
type2_1p5M_20260121_183806,39,0.2578125,syndrome_consistent,exact_correct,4,True
type2_1p5M_20260121_183806,40,0.24609375,syndrome_consistent,exact_correct,4,True
type2_1p5M_20260121_183806,41,0.24609375,syndrome_consistent,exact_correct,3,True
type2_1p5M_20260121_183806,42,0.2890625,syndrome_consistent,exact_correct,5,True
type2_1p5M_20260121_183806,43,0.19921875,syndrome_consistent,exact_correct,3,True
type2_1p5M_20260121_183806,44,0.25390625,syndrome_consistent,exact_correct,6,True
type2_1p5M_20260121_183806,45,0.23828125,syndrome_consistent,exact_correct,6,True
type2_1p5M_20260121_183806,46,0.2734375,syndrome_consistent,exact_correct,5,True
type2_1p5M_20260121_183806,47,0.24609375,syndrome_consistent,exact_correct,5,True
type2_1p5M_20260121_183806,48,0.31640625,syndrome_consistent,exact_correct,8,True
type2_1p5M_20260121_183806,49,0.2421875,syndrome_consistent,exact_correct,5,True
type2_1p5M_20260121_183806,50,0.2734375,syndrome_consistent,exact_correct,9,True
type2_1p5M_20260121_183806,51,0.2421875,syndrome_consistent,exact_correct,4,True
type2_1p5M_20260121_183806,52,0.2421875,syndrome_consistent,exact_correct,4,True
type2_1p5M_20260121_183806,53,0.26953125,syndrome_consistent,exact_correct,5,True
type2_1p5M_20260121_183806,54,0.23828125,syndrome_consistent,exact_correct,3,True
type2_1p5M_20260121_183806,55,0.26953125,syndrome_consistent,exact_correct,6,True
type2_1p5M_20260121_183806,56,0.27734375,syndrome_consistent,exact_correct,6,True
type2_1p5M_20260121_183806,57,0.2578125,syndrome_consistent,exact_correct,7,True
type2_1p5M_20260121_183806,58,0.203125,syndrome_consistent,exact_correct,3,True
type2_1p5M_20260121_183806,59,0.2890625,syndrome_consistent,exact_correct,5,True
type2_1p5M_20260121_183806,60,0.20703125,syndrome_consistent,exact_correct,4,True
type2_1p5M_20260121_183806,61,0.23828125,syndrome_consistent,exact_correct,3,True
type2_1p5M_20260121_183806,62,0.22265625,syndrome_consistent,exact_correct,4,True
type2_1p5M_20260121_183806,63,0.27734375,syndrome_consistent,exact_correct,6,True
type2_1p5M_20260121_183806,64,0.30078125,syndrome_consistent,exact_correct,6,True
type2_1p5M_20260121_183806,65,0.28125,syndrome_consistent,exact_correct,5,True
type2_1p5M_20260121_183806,66,0.3046875,syndrome_consistent,exact_correct,8,True
type2_1p5M_20260121_183806,67,0.24609375,syndrome_consistent,exact_correct,5,True
type2_1p5M_20260121_183806,68,0.2421875,syndrome_consistent,exact_correct,5,True
type2_1p5M_20260121_183806,69,0.2734375,syndrome_consistent,exact_correct,6,True
type2_1p5M_20260121_183806,70,0.2421875,syndrome_consistent,exact_correct,4,True
type2_1p5M_20260121_183806,71,0.23828125,syndrome_consistent,exact_correct,4,True
type2_1p5M_20260121_183806,72,0.2421875,syndrome_consistent,exact_correct,4,True
type2_1p5M_20260121_183806,73,0.2265625,syndrome_consistent,exact_correct,3,True
type2_1p5M_20260121_183806,74,0.234375,syndrome_consistent,exact_correct,4,True
type2_1p5M_20260121_183806,75,0.26953125,syndrome_consistent,exact_correct,5,True
type2_1p5M_20260121_183806,76,0.265625,syndrome_consistent,exact_correct,5,True
type2_1p5M_20260121_183806,77,0.2265625,syndrome_consistent,exact_correct,3,True
type2_1p5M_20260121_183806,78,0.23828125,syndrome_consistent,exact_correct,4,True
type2_1p5M_20260121_183806,79,0.29296875,syndrome_consistent,exact_correct,7,True
type2_1p5M_20260121_183806,80,0.234375,syndrome_consistent,exact_correct,5,True
type2_1p5M_20260121_183806,81,0.2578125,syndrome_consistent,exact_correct,4,True
type2_1p5M_20260121_183806,82,0.23828125,syndrome_consistent,exact_correct,4,True
type2_1p5M_20260121_183806,83,0.23046875,syndrome_consistent,exact_correct,4,True
type2_1p5M_20260121_183806,84,0.27734375,syndrome_consistent,exact_correct,5,True
type2_1p5M_20260121_183806,85,0.23828125,syndrome_consistent,exact_correct,7,True
type2_1p5M_20260121_183806,86,0.3359375,syndrome_consistent,exact_correct,7,True
type2_1p5M_20260121_183806,87,0.27734375,syndrome_consistent,exact_correct,5,True
type2_1p5M_20260121_183806,88,0.2578125,syndrome_consistent,exact_correct,4,True
type2_1p5M_20260121_183806,89,0.265625,syndrome_consistent,exact_correct,5,True
type2_1p5M_20260121_183806,90,0.296875,syndrome_consistent,exact_correct,9,True
type2_1p5M_20260121_183806,91,0.265625,syndrome_consistent,exact_correct,7,True
type2_1p5M_20260121_183806,92,0.23828125,syndrome_consistent,exact_correct,6,True
type2_1p5M_20260121_183806,93,0.27734375,syndrome_consistent,exact_correct,5,True
type2_1p5M_20260121_183806,94,0.27734375,decode_failed,iteration_limit,100,False
type2_1p5M_20260121_183806,95,0.203125,syndrome_consistent,exact_correct,4,True
type2_1p5M_20260121_183806,96,0.296875,syndrome_consistent,exact_correct,14,True
type2_1p5M_20260121_183806,97,0.28125,syndrome_consistent,exact_correct,6,True
type2_1p5M_20260121_183806,98,0.28125,syndrome_consistent,exact_correct,5,True
type2_1p5M_20260121_183806,99,0.24609375,syndrome_consistent,exact_correct,5,True
type2_1p5M_20260121_183806,100,0.2734375,syndrome_consistent,exact_correct,6,True
type2_1p5M_20260121_183806,101,0.26953125,syndrome_consistent,exact_correct,6,True
type2_1p5M_20260121_183806,102,0.30078125,syndrome_consistent,exact_correct,7,True
type2_1p5M_20260121_183806,103,0.25,syndrome_consistent,exact_correct,6,True
type2_1p5M_20260121_183806,104,0.23828125,syndrome_consistent,exact_correct,4,True
type2_1p5M_20260121_183806,105,0.26953125,syndrome_consistent,exact_correct,5,True
type2_1p5M_20260121_183806,106,0.265625,syndrome_consistent,exact_correct,8,True
type2_1p5M_20260121_183806,107,0.23828125,syndrome_consistent,exact_correct,8,True
type2_1p5M_20260121_183806,108,0.26953125,syndrome_consistent,exact_correct,9,True
type2_1p5M_20260121_183806,109,0.2734375,syndrome_consistent,exact_correct,6,True
type2_1p5M_20260121_183806,110,0.2890625,syndrome_consistent,exact_correct,4,True
type2_1p5M_20260121_183806,111,0.2421875,syndrome_consistent,exact_correct,4,True
type2_1p5M_20260121_183806,112,0.25,syndrome_consistent,exact_correct,4,True
type2_1p5M_20260121_183806,113,0.26953125,syndrome_consistent,exact_correct,5,True
type2_1p5M_20260121_183806,114,0.2265625,syndrome_consistent,exact_correct,4,True
type2_1p5M_20260121_183806,115,0.28515625,syndrome_consistent,exact_correct,5,True
type2_1p5M_20260121_183806,116,0.296875,decode_failed,iteration_limit,100,False
type2_1p5M_20260121_183806,117,0.23046875,syndrome_consistent,exact_correct,5,True
type2_1p5M_20260121_183806,118,0.23046875,syndrome_consistent,exact_correct,3,True
type2_1p5M_20260121_183806,119,0.21875,syndrome_consistent,exact_correct,4,True
type2_1p5M_20260121_183806,120,0.234375,syndrome_consistent,exact_correct,4,True
type2_1p5M_20260121_183806,121,0.23828125,syndrome_consistent,exact_correct,6,True
type2_1p5M_20260121_183806,122,0.32421875,syndrome_consistent,exact_correct,5,True
type2_1p5M_20260121_183806,123,0.2421875,syndrome_consistent,exact_correct,5,True
type2_1p5M_20260121_183806,124,0.234375,syndrome_consistent,exact_correct,3,True
type2_1p5M_20260121_183806,125,0.24609375,syndrome_consistent,exact_correct,5,True
type2_1p5M_20260121_183806,126,0.2890625,syndrome_consistent,exact_correct,6,True
type2_1p5M_20260121_183806,127,0.24609375,syndrome_consistent,exact_correct,3,True
type2_1p5M_20260121_183806,128,0.2734375,syndrome_consistent,exact_correct,5,True
type2_1p5M_20260121_183806,129,0.234375,syndrome_consistent,exact_correct,8,True
type2_1p5M_20260121_183806,130,0.234375,syndrome_consistent,exact_correct,7,True
type2_1p5M_20260121_183806,131,0.26953125,syndrome_consistent,exact_correct,6,True
type2_1p5M_20260121_183806,132,0.28125,syndrome_consistent,exact_correct,5,True
type2_1p5M_20260121_183806,133,0.2421875,syndrome_consistent,exact_correct,4,True
type2_1p5M_20260121_183806,134,0.1796875,syndrome_consistent,exact_correct,4,True
type2_1p5M_20260121_183806,135,0.25390625,syndrome_consistent,exact_correct,3,True
type2_1p5M_20260121_183806,136,0.28125,syndrome_consistent,exact_correct,7,True
type2_1p5M_20260121_183806,137,0.25390625,syndrome_consistent,exact_correct,5,True
type2_1p5M_20260121_183806,138,0.2421875,syndrome_consistent,exact_correct,5,True
type2_1p5M_20260121_183806,139,0.265625,syndrome_consistent,exact_correct,4,True
type2_1p5M_20260121_183806,140,0.27734375,syndrome_consistent,exact_correct,5,True
type2_1p5M_20260121_183806,141,0.2578125,syndrome_consistent,exact_correct,5,True
type2_1p5M_20260121_183806,142,0.23828125,syndrome_consistent,exact_correct,7,True
type2_1p5M_20260121_183806,143,0.28515625,syndrome_consistent,exact_correct,9,True
type2_1p5M_20260121_183806,144,0.2265625,syndrome_consistent,exact_correct,6,True
type2_1p5M_20260121_183806,145,0.2734375,syndrome_consistent,exact_correct,5,True
type2_1p5M_20260121_183806,146,0.2265625,syndrome_consistent,exact_correct,4,True
type2_1p5M_20260121_183806,147,0.26171875,syndrome_consistent,exact_correct,5,True
type2_1p5M_20260121_183806,148,0.25,syndrome_consistent,exact_correct,4,True
type2_1p5M_20260121_183806,149,0.22265625,syndrome_consistent,exact_correct,6,True
type2_1p5M_20260121_183806,150,0.2734375,syndrome_consistent,exact_correct,4,True
type2_1p5M_20260121_183806,151,0.23828125,syndrome_consistent,exact_correct,4,True
type2_1p5M_20260121_183806,152,0.28125,syndrome_consistent,exact_correct,5,True
type2_1p5M_20260121_183806,153,0.2890625,syndrome_consistent,exact_correct,7,True
type2_1p5M_20260121_183806,154,0.296875,syndrome_consistent,exact_correct,8,True
type2_1p5M_20260121_183806,155,0.296875,decode_failed,iteration_limit,100,False
type2_1p5M_20260121_183806,156,0.3203125,syndrome_consistent,exact_correct,8,True
type2_1p5M_20260121_183806,157,0.23828125,syndrome_consistent,exact_correct,4,True
type2_1p5M_20260121_183806,158,0.2421875,syndrome_consistent,exact_correct,4,True
type2_1p5M_20260121_183806,159,0.23046875,syndrome_consistent,exact_correct,4,True
type2_1p5M_20260121_183806,160,0.2734375,syndrome_consistent,exact_correct,5,True
type2_1p5M_20260121_183806,161,0.25390625,syndrome_consistent,exact_correct,5,True
type2_1p5M_20260121_183806,162,0.2109375,syndrome_consistent,exact_correct,4,True
type2_1p5M_20260121_183806,163,0.26171875,syndrome_consistent,exact_correct,4,True
type2_1p5M_20260121_183806,164,0.30078125,syndrome_consistent,exact_correct,10,True
type2_1p5M_20260121_183806,165,0.26953125,syndrome_consistent,exact_correct,8,True
type2_1p5M_20260121_183806,166,0.22265625,syndrome_consistent,exact_correct,3,True
type2_1p5M_20260121_183806,167,0.19921875,syndrome_consistent,exact_correct,4,True
type2_1p5M_20260121_183806,168,0.21484375,syndrome_consistent,exact_correct,3,True
type2_1p5M_20260121_183806,169,0.234375,syndrome_consistent,exact_correct,6,True
type2_1p5M_20260121_183806,170,0.23046875,syndrome_consistent,exact_correct,3,True
type2_1p5M_20260121_183806,171,0.2734375,syndrome_consistent,exact_correct,6,True
type2_1p5M_20260121_183806,172,0.2421875,syndrome_consistent,exact_correct,4,True
type2_1p5M_20260121_183806,173,0.26953125,syndrome_consistent,exact_correct,6,True
type2_1p5M_20260121_183806,174,0.25,syndrome_consistent,exact_correct,5,True
type2_1p5M_20260121_183806,175,0.2265625,syndrome_consistent,exact_correct,4,True
type2_1p5M_20260121_183806,176,0.25,syndrome_consistent,exact_correct,4,True
type2_1p5M_20260121_183806,177,0.2734375,syndrome_consistent,exact_correct,10,True
type2_1p5M_20260121_183806,178,0.265625,syndrome_consistent,exact_correct,6,True
type2_1p5M_20260121_183806,179,0.24609375,syndrome_consistent,exact_correct,4,True
type2_1p5M_20260121_183806,180,0.2421875,syndrome_consistent,exact_correct,5,True
type2_1p5M_20260121_183806,181,0.28515625,syndrome_consistent,exact_correct,6,True
type2_1p5M_20260121_183806,182,0.26171875,syndrome_consistent,exact_correct,7,True
type2_1p5M_20260121_183806,183,0.20703125,syndrome_consistent,exact_correct,4,True
type2_1p5M_20260121_183806,184,0.22265625,syndrome_consistent,exact_correct,5,True
type2_1p5M_20260121_183806,185,0.25390625,syndrome_consistent,exact_correct,3,True
type2_1p5M_20260121_183806,186,0.234375,syndrome_consistent,exact_correct,6,True
type2_1p5M_20260121_183806,187,0.19921875,syndrome_consistent,exact_correct,4,True
type2_1p5M_20260121_183806,188,0.28515625,syndrome_consistent,exact_correct,9,True
type2_1p5M_20260121_183806,189,0.24609375,syndrome_consistent,exact_correct,6,True
type2_1p5M_20260121_183806,190,0.25390625,syndrome_consistent,exact_correct,7,True
type2_1p5M_20260121_183806,191,0.2421875,syndrome_consistent,exact_correct,3,True
type2_1p5M_20260121_183806,192,0.23046875,syndrome_consistent,exact_correct,5,True
type2_1p5M_20260121_183806,193,0.2421875,syndrome_consistent,exact_correct,4,True
type2_1p5M_20260121_183806,194,0.21875,syndrome_consistent,exact_correct,4,True
type2_1p5M_20260121_183806,195,0.2578125,syndrome_consistent,exact_correct,7,True
type2_1p5M_20260121_183806,196,0.2734375,syndrome_consistent,exact_correct,4,True
type2_1p5M_20260121_183806,197,0.26171875,syndrome_consistent,exact_correct,4,True
type2_1p5M_20260121_183806,198,0.265625,syndrome_consistent,exact_correct,4,True
type2_1p5M_20260121_183806,199,0.27734375,syndrome_consistent,exact_correct,4,True
type2_1p5M_20260121_183806,200,0.26171875,syndrome_consistent,exact_correct,5,True
type2_1p5M_20260121_183806,201,0.234375,syndrome_consistent,exact_correct,8,True
type2_1p5M_20260121_183806,202,0.2578125,syndrome_consistent,exact_correct,6,True
type2_1p5M_20260121_183806,203,0.23828125,syndrome_consistent,exact_correct,4,True
type2_1p5M_20260121_183806,204,0.28515625,syndrome_consistent,exact_correct,7,True
type2_1p5M_20260121_183806,205,0.3125,syndrome_consistent,exact_correct,13,True
type2_1p5M_20260121_183806,206,0.30078125,syndrome_consistent,exact_correct,6,True
type2_1p5M_20260121_183806,207,0.2265625,syndrome_consistent,exact_correct,5,True
type2_1p5M_20260121_183806,208,0.3125,syndrome_consistent,exact_correct,6,True
type2_1p5M_20260121_183806,209,0.27734375,syndrome_consistent,exact_correct,4,True
type2_1p5M_20260121_183806,210,0.21875,syndrome_consistent,exact_correct,6,True
type2_1p5M_20260121_183806,211,0.2265625,syndrome_consistent,exact_correct,4,True
type2_1p5M_20260121_183806,212,0.30859375,syndrome_consistent,exact_correct,9,True
type2_1p5M_20260121_183806,213,0.25390625,syndrome_consistent,exact_correct,6,True
type2_1p5M_20260121_183806,214,0.24609375,syndrome_consistent,exact_correct,4,True
type2_1p5M_20260121_183806,215,0.26171875,syndrome_consistent,exact_correct,5,True
type2_1p5M_20260121_183806,216,0.26171875,syndrome_consistent,exact_correct,4,True
type2_1p5M_20260121_183806,217,0.2890625,syndrome_consistent,exact_correct,6,True
type2_1p5M_20260121_183806,218,0.2578125,syndrome_consistent,exact_correct,4,True
type2_1p5M_20260121_183806,219,0.25,syndrome_consistent,exact_correct,5,True
type2_1p5M_20260121_183806,220,0.2109375,syndrome_consistent,exact_correct,4,True
type2_1p5M_20260121_183806,221,0.23828125,syndrome_consistent,exact_correct,4,True
type2_1p5M_20260121_183806,222,0.2421875,syndrome_consistent,exact_correct,5,True
type2_1p5M_20260121_183806,223,0.265625,syndrome_consistent,exact_correct,5,True
type2_1p5M_20260121_183806,224,0.25,syndrome_consistent,exact_correct,6,True
type2_1p5M_20260121_183806,225,0.23046875,syndrome_consistent,exact_correct,4,True
type2_1p5M_20260121_183806,226,0.23828125,syndrome_consistent,exact_correct,5,True
type2_1p5M_20260121_183806,227,0.2421875,syndrome_consistent,exact_correct,4,True
type2_1p5M_20260121_183806,228,0.23046875,syndrome_consistent,exact_correct,5,True
type2_1p5M_20260121_183806,229,0.2734375,syndrome_consistent,exact_correct,5,True
type2_1p5M_20260121_183806,230,0.21875,syndrome_consistent,exact_correct,6,True
type2_1p5M_20260121_183806,231,0.2578125,syndrome_consistent,exact_correct,4,True
type2_1p5M_20260121_183806,232,0.2265625,syndrome_consistent,exact_correct,5,True
type2_1p5M_20260121_183806,233,0.25,syndrome_consistent,exact_correct,7,True
type2_1p5M_20260121_183806,234,0.29296875,syndrome_consistent,exact_correct,8,True
type2_1p5M_20260121_183806,235,0.30078125,syndrome_consistent,exact_correct,4,True
type2_1p5M_20260121_183806,236,0.2734375,syndrome_consistent,exact_correct,8,True
type2_1p5M_20260121_183806,237,0.26171875,syndrome_consistent,exact_correct,5,True
type2_1p5M_20260121_183806,238,0.28125,syndrome_consistent,exact_correct,8,True
type2_1p5M_20260121_183806,239,0.26171875,syndrome_consistent,exact_correct,4,True
type2_1p5M_20260121_183806,240,0.1796875,syndrome_consistent,exact_correct,3,True
type2_1p5M_20260121_183806,241,0.2578125,syndrome_consistent,exact_correct,5,True
type2_1p5M_20260121_183806,242,0.3125,syndrome_consistent,exact_correct,7,True
type2_1p5M_20260121_183806,243,0.26953125,syndrome_consistent,exact_correct,5,True
type2_1p5M_20260121_183806,244,0.25,syndrome_consistent,exact_correct,4,True
type2_1p5M_20260121_183806,245,0.25,syndrome_consistent,exact_correct,7,True
type2_1p5M_20260121_183806,246,0.27734375,syndrome_consistent,exact_correct,5,True
type2_1p5M_20260121_183806,247,0.20703125,syndrome_consistent,exact_correct,4,True
type2_1p5M_20260121_183806,248,0.2421875,syndrome_consistent,exact_correct,4,True
type2_1p5M_20260121_183806,249,0.28515625,syndrome_consistent,exact_correct,5,True
type2_1p5M_20260121_183806,250,0.2421875,syndrome_consistent,exact_correct,5,True
type2_1p5M_20260121_183806,251,0.25,syndrome_consistent,exact_correct,5,True
type2_1p5M_20260121_183806,252,0.25390625,syndrome_consistent,exact_correct,8,True
type2_1p5M_20260121_183806,253,0.27734375,syndrome_consistent,exact_correct,5,True
type2_1p5M_20260121_183806,254,0.25390625,syndrome_consistent,exact_correct,8,True
type2_1p5M_20260121_183806,255,0.22265625,syndrome_consistent,exact_correct,4,True
type2_1p5M_20260121_183806,256,0.25,syndrome_consistent,exact_correct,4,True
type2_1p5M_20260121_183806,257,0.25,syndrome_consistent,exact_correct,7,True
type2_1p5M_20260121_183806,258,0.29296875,syndrome_consistent,exact_correct,6,True
type2_1p5M_20260121_183806,259,0.25,syndrome_consistent,exact_correct,4,True
type2_1p5M_20260121_183806,260,0.22265625,syndrome_consistent,exact_correct,4,True
type2_1p5M_20260121_183806,261,0.28125,syndrome_consistent,exact_correct,5,True
type2_1p5M_20260121_183806,262,0.26171875,syndrome_consistent,exact_correct,8,True
type2_1p5M_20260121_183806,263,0.27734375,syndrome_consistent,exact_correct,6,True
type2_1p5M_20260121_183806,264,0.23046875,syndrome_consistent,exact_correct,5,True
type2_1p5M_20260121_183806,265,0.2890625,syndrome_consistent,exact_correct,6,True
type2_1p5M_20260121_183806,266,0.26953125,syndrome_consistent,exact_correct,5,True
type2_1p5M_20260121_183806,267,0.26171875,syndrome_consistent,exact_correct,4,True
type2_1p5M_20260121_183806,268,0.265625,syndrome_consistent,exact_correct,4,True
type2_1p5M_20260121_183806,269,0.21484375,syndrome_consistent,exact_correct,6,True
type2_1p5M_20260121_183806,270,0.2890625,syndrome_consistent,exact_correct,7,True
type2_1p5M_20260121_183806,271,0.2265625,syndrome_consistent,exact_correct,4,True
type2_1p5M_20260121_183806,272,0.28125,syndrome_consistent,exact_correct,5,True
type2_1p5M_20260121_183806,273,0.234375,syndrome_consistent,exact_correct,4,True
type2_1p5M_20260121_183806,274,0.17578125,syndrome_consistent,exact_correct,4,True
type2_1p5M_20260121_183806,275,0.2890625,syndrome_consistent,exact_correct,5,True
type2_1p5M_20260121_183806,276,0.23828125,syndrome_consistent,exact_correct,4,True
type2_1p5M_20260121_183806,277,0.27734375,syndrome_consistent,exact_correct,7,True
type2_1p5M_20260121_183806,278,0.28125,syndrome_consistent,exact_correct,4,True
type2_1p5M_20260121_183806,279,0.1796875,syndrome_consistent,exact_correct,4,True
type2_1p5M_20260121_183806,280,0.27734375,syndrome_consistent,exact_correct,6,True
type2_1p5M_20260121_183806,281,0.22265625,syndrome_consistent,exact_correct,5,True
type2_1p5M_20260121_183806,282,0.24609375,syndrome_consistent,exact_correct,3,True
type2_1p5M_20260121_183806,283,0.30859375,syndrome_consistent,exact_correct,7,True
type2_1p5M_20260121_183806,284,0.23046875,syndrome_consistent,exact_correct,6,True
type2_1p5M_20260121_183806,285,0.23828125,syndrome_consistent,exact_correct,5,True
type2_1p5M_20260121_183806,286,0.265625,syndrome_consistent,exact_correct,4,True
type2_1p5M_20260121_183806,287,0.23046875,syndrome_consistent,exact_correct,4,True
type2_1p5M_20260121_183806,288,0.2734375,syndrome_consistent,exact_correct,4,True
type2_1p5M_20260121_183806,289,0.16796875,syndrome_consistent,exact_correct,2,True
type2_1p5M_20260121_183806,290,0.2265625,syndrome_consistent,exact_correct,4,True
type2_1p5M_20260121_183806,291,0.26171875,syndrome_consistent,exact_correct,5,True
type2_1p5M_20260121_183806,292,0.265625,syndrome_consistent,exact_correct,4,True
type2_1p5M_20260121_183806,293,0.24609375,syndrome_consistent,exact_correct,5,True
type2_1p5M_20260121_183806,294,0.23828125,syndrome_consistent,exact_correct,3,True
type2_1p5M_20260121_183806,295,0.26171875,syndrome_consistent,exact_correct,6,True
type2_1p5M_20260121_183806,296,0.23828125,syndrome_consistent,exact_correct,6,True
type2_1p5M_20260121_183806,297,0.26953125,syndrome_consistent,exact_correct,16,True
type2_1p5M_20260121_183806,298,0.22265625,syndrome_consistent,exact_correct,5,True
type2_1p5M_20260121_183806,299,0.2578125,syndrome_consistent,exact_correct,7,True
type2_1p5M_20260121_183806,300,0.265625,syndrome_consistent,exact_correct,5,True
type2_1p5M_20260121_183806,301,0.23828125,syndrome_consistent,exact_correct,6,True
type2_1p5M_20260121_183806,302,0.23828125,syndrome_consistent,exact_correct,6,True
type2_1p5M_20260121_183806,303,0.28125,syndrome_consistent,exact_correct,5,True
type2_1p5M_20260121_183806,304,0.21875,syndrome_consistent,exact_correct,3,True
type2_1p5M_20260121_183806,305,0.1796875,syndrome_consistent,exact_correct,4,True
type2_1p5M_20260121_183806,306,0.28515625,syndrome_consistent,exact_correct,6,True
type2_1p5M_20260121_183806,307,0.2734375,syndrome_consistent,exact_correct,5,True
type2_1p5M_20260121_183806,308,0.32421875,syndrome_consistent,exact_correct,5,True
type2_1p5M_20260121_183806,309,0.2578125,syndrome_consistent,exact_correct,5,True
type2_1p5M_20260121_183806,310,0.23828125,syndrome_consistent,exact_correct,5,True
type2_1p5M_20260121_183806,311,0.265625,syndrome_consistent,exact_correct,4,True
type2_1p5M_20260121_183806,312,0.26953125,syndrome_consistent,exact_correct,3,True
type2_1p5M_20260121_183806,313,0.30078125,syndrome_consistent,exact_correct,8,True
type2_1p5M_20260121_183806,314,0.25,decode_failed,iteration_limit,100,False
type2_1p5M_20260121_183806,315,0.29296875,syndrome_consistent,exact_correct,7,True
type2_1p5M_20260121_183806,316,0.28125,syndrome_consistent,exact_correct,10,True
type2_1p5M_20260121_183806,317,0.234375,syndrome_consistent,exact_correct,8,True
type2_1p5M_20260121_183806,318,0.26171875,syndrome_consistent,exact_correct,4,True
type2_1p5M_20260121_183806,319,0.28125,syndrome_consistent,exact_correct,5,True
type2_1p5M_20260121_183806,320,0.23828125,syndrome_consistent,exact_correct,5,True
type2_1p5M_20260121_183806,321,0.24609375,syndrome_consistent,exact_correct,5,True
type2_1p5M_20260121_183806,322,0.21875,syndrome_consistent,exact_correct,4,True
type2_1p5M_20260121_183806,323,0.2578125,syndrome_consistent,exact_correct,4,True
type2_1p5M_20260121_183806,324,0.25,syndrome_consistent,exact_correct,4,True
type2_1p5M_20260121_183806,325,0.27734375,syndrome_consistent,exact_correct,4,True
type2_1p5M_20260121_183806,326,0.28125,decode_failed,iteration_limit,100,False
type2_1p5M_20260121_183806,327,0.25,syndrome_consistent,exact_correct,6,True
type2_1p5M_20260121_183806,328,0.2890625,syndrome_consistent,exact_correct,5,True
type2_1p5M_20260121_183806,329,0.2421875,syndrome_consistent,exact_correct,5,True
type2_1p5M_20260121_183806,330,0.23828125,syndrome_consistent,exact_correct,5,True
type2_1p5M_20260121_183806,331,0.1640625,syndrome_consistent,exact_correct,4,True
type2_1p5M_20260121_183806,332,0.2578125,syndrome_consistent,exact_correct,5,True
type2_1p5M_20260121_183806,333,0.2890625,syndrome_consistent,exact_correct,6,True
type2_1p5M_20260121_183806,334,0.24609375,syndrome_consistent,exact_correct,4,True
type2_1p5M_20260121_183806,335,0.2578125,syndrome_consistent,exact_correct,6,True
type2_1p5M_20260121_183806,336,0.23828125,syndrome_consistent,exact_correct,37,True
type2_1p5M_20260121_183806,337,0.296875,syndrome_consistent,exact_correct,7,True
type2_1p5M_20260121_183806,338,0.24609375,syndrome_consistent,exact_correct,4,True
type2_1p5M_20260121_183806,339,0.2734375,syndrome_consistent,exact_correct,8,True
type2_1p5M_20260121_183806,340,0.234375,syndrome_consistent,exact_correct,4,True
type2_1p5M_20260121_183806,341,0.234375,syndrome_consistent,exact_correct,4,True
type2_1p5M_20260121_183806,342,0.2890625,syndrome_consistent,exact_correct,9,True
type2_1p5M_20260121_183806,343,0.23046875,syndrome_consistent,exact_correct,5,True
type2_1p5M_20260121_183806,344,0.28515625,syndrome_consistent,exact_correct,5,True
type2_1p5M_20260121_183806,345,0.23828125,syndrome_consistent,exact_correct,5,True
type2_1M_20260121_184040,0,0.28125,syndrome_consistent,exact_correct,5,True
type2_1M_20260121_184040,1,0.2421875,syndrome_consistent,exact_correct,5,True
type2_1M_20260121_184040,2,0.33203125,syndrome_consistent,exact_correct,8,True
type2_1M_20260121_184040,3,0.265625,syndrome_consistent,exact_correct,3,True
type2_1M_20260121_184040,4,0.22265625,syndrome_consistent,exact_correct,5,True
type2_1M_20260121_184040,5,0.19921875,syndrome_consistent,exact_correct,4,True
type2_1M_20260121_184040,6,0.2421875,syndrome_consistent,exact_correct,4,True
type2_1M_20260121_184040,7,0.20703125,syndrome_consistent,exact_correct,4,True
type2_1M_20260121_184040,8,0.23828125,syndrome_consistent,exact_correct,5,True
type2_1M_20260121_184040,9,0.3359375,syndrome_consistent,exact_correct,10,True
type2_1M_20260121_184040,10,0.21875,syndrome_consistent,exact_correct,5,True
type2_1M_20260121_184040,11,0.23828125,syndrome_consistent,exact_correct,5,True
type2_1M_20260121_184040,12,0.2421875,syndrome_consistent,exact_correct,4,True
type2_1M_20260121_184040,13,0.2265625,syndrome_consistent,exact_correct,4,True
type2_1M_20260121_184040,14,0.21875,syndrome_consistent,exact_correct,4,True
type2_1M_20260121_184040,15,0.23046875,decode_failed,iteration_limit,100,False
type2_1M_20260121_184040,16,0.23828125,syndrome_consistent,exact_correct,5,True
type2_1M_20260121_184040,17,0.24609375,syndrome_consistent,exact_correct,8,True
type2_1M_20260121_184040,18,0.3046875,syndrome_consistent,exact_correct,6,True
type2_1M_20260121_184040,19,0.28515625,syndrome_consistent,exact_correct,6,True
type2_1M_20260121_184040,20,0.25,decode_failed,iteration_limit,100,False
type2_1M_20260121_184040,21,0.2109375,syndrome_consistent,exact_correct,4,True
type2_1M_20260121_184040,22,0.18359375,syndrome_consistent,exact_correct,2,True
type2_1M_20260121_184040,23,0.20703125,syndrome_consistent,exact_correct,3,True
type2_1M_20260121_184040,24,0.24609375,syndrome_consistent,exact_correct,4,True
type2_1M_20260121_184040,25,0.27734375,syndrome_consistent,exact_correct,5,True
type2_1M_20260121_184040,26,0.2734375,syndrome_consistent,exact_correct,5,True
type2_1M_20260121_184040,27,0.24609375,syndrome_consistent,exact_correct,4,True
type2_1M_20260121_184040,28,0.24609375,syndrome_consistent,exact_correct,5,True
type2_1M_20260121_184040,29,0.23046875,syndrome_consistent,exact_correct,3,True
type2_1M_20260121_184040,30,0.27734375,syndrome_consistent,exact_correct,6,True
type2_1M_20260121_184040,31,0.26171875,syndrome_consistent,exact_correct,5,True
type2_1M_20260121_184040,32,0.2265625,syndrome_consistent,exact_correct,5,True
type2_1M_20260121_184040,33,0.24609375,syndrome_consistent,exact_correct,6,True
type2_1M_20260121_184040,34,0.203125,syndrome_consistent,exact_correct,4,True
type2_1M_20260121_184040,35,0.203125,syndrome_consistent,exact_correct,4,True
type2_1M_20260121_184040,36,0.24609375,syndrome_consistent,exact_correct,5,True
type2_1M_20260121_184040,37,0.27734375,syndrome_consistent,exact_correct,8,True
type2_1M_20260121_184040,38,0.26171875,syndrome_consistent,exact_correct,9,True
type2_1M_20260121_184040,39,0.30078125,syndrome_consistent,exact_correct,7,True
type2_1M_20260121_184040,40,0.24609375,syndrome_consistent,exact_correct,5,True
type2_1M_20260121_184040,41,0.24609375,syndrome_consistent,exact_correct,3,True
type2_1M_20260121_184040,42,0.23046875,syndrome_consistent,exact_correct,5,True
type2_1M_20260121_184040,43,0.2578125,syndrome_consistent,exact_correct,5,True
type2_1M_20260121_184040,44,0.21484375,syndrome_consistent,exact_correct,4,True
type2_1M_20260121_184040,45,0.2421875,syndrome_consistent,exact_correct,4,True
type2_1M_20260121_184040,46,0.25,syndrome_consistent,exact_correct,5,True
type2_1M_20260121_184040,47,0.1796875,syndrome_consistent,exact_correct,4,True
type2_1M_20260121_184040,48,0.2734375,syndrome_consistent,exact_correct,6,True
type2_1M_20260121_184040,49,0.234375,syndrome_consistent,exact_correct,9,True
type2_1M_20260121_184040,50,0.25,syndrome_consistent,exact_correct,7,True
type2_1M_20260121_184040,51,0.27734375,syndrome_consistent,exact_correct,5,True
type2_1M_20260121_184040,52,0.26171875,syndrome_consistent,exact_correct,5,True
type2_1M_20260121_184040,53,0.19921875,syndrome_consistent,exact_correct,3,True
type2_1M_20260121_184040,54,0.24609375,syndrome_consistent,exact_correct,4,True
type2_1M_20260121_184040,55,0.2265625,syndrome_consistent,exact_correct,5,True
type2_1M_20260121_184040,56,0.2578125,syndrome_consistent,exact_correct,5,True
type2_1M_20260121_184040,57,0.1640625,syndrome_consistent,exact_correct,4,True
type2_1M_20260121_184040,58,0.2421875,syndrome_consistent,exact_correct,5,True
type2_1M_20260121_184040,59,0.28125,syndrome_consistent,exact_correct,7,True
type2_1M_20260121_184040,60,0.20703125,syndrome_consistent,exact_correct,4,True
type2_1M_20260121_184040,61,0.25390625,syndrome_consistent,exact_correct,6,True
type2_1M_20260121_184040,62,0.1796875,syndrome_consistent,exact_correct,3,True
type2_1M_20260121_184040,63,0.2421875,syndrome_consistent,exact_correct,8,True
type2_1M_20260121_184040,64,0.265625,syndrome_consistent,exact_correct,5,True
type2_1M_20260121_184040,65,0.23828125,syndrome_consistent,exact_correct,4,True
type2_1M_20260121_184040,66,0.2578125,syndrome_consistent,exact_correct,7,True
type2_1M_20260121_184040,67,0.234375,syndrome_consistent,exact_correct,4,True
type2_1M_20260121_184040,68,0.27734375,syndrome_consistent,exact_correct,5,True
type2_1M_20260121_184040,69,0.2421875,syndrome_consistent,exact_correct,5,True
type2_1M_20260121_184040,70,0.19921875,syndrome_consistent,exact_correct,4,True
type2_1M_20260121_184040,71,0.234375,syndrome_consistent,exact_correct,5,True
type2_1M_20260121_184040,72,0.24609375,syndrome_consistent,exact_correct,4,True
type2_1M_20260121_184040,73,0.26171875,syndrome_consistent,exact_correct,6,True
type2_1M_20260121_184040,74,0.2265625,syndrome_consistent,exact_correct,3,True
type2_1M_20260121_184040,75,0.22265625,syndrome_consistent,exact_correct,5,True
type2_1M_20260121_184040,76,0.29296875,syndrome_consistent,exact_correct,9,True
type2_1M_20260121_184040,77,0.28515625,syndrome_consistent,exact_correct,7,True
type2_1M_20260121_184040,78,0.23046875,syndrome_consistent,exact_correct,4,True
type2_1M_20260121_184040,79,0.28125,syndrome_consistent,exact_correct,5,True
type2_1M_20260121_184040,80,0.21875,syndrome_consistent,exact_correct,5,True
type2_1M_20260121_184040,81,0.2265625,syndrome_consistent,exact_correct,4,True
type2_1M_20260121_184040,82,0.26953125,syndrome_consistent,exact_correct,5,True
type2_1M_20260121_184040,83,0.234375,syndrome_consistent,exact_correct,6,True
type2_1M_20260121_184040,84,0.20703125,syndrome_consistent,exact_correct,3,True
type2_1M_20260121_184040,85,0.26171875,syndrome_consistent,exact_correct,5,True
type2_1M_20260121_184040,86,0.2421875,syndrome_consistent,exact_correct,4,True
type2_1M_20260121_184040,87,0.29296875,syndrome_consistent,exact_correct,6,True
type2_1M_20260121_184040,88,0.23828125,syndrome_consistent,exact_correct,6,True
type2_1M_20260121_184040,89,0.28125,syndrome_consistent,exact_correct,12,True
type2_1M_20260121_184040,90,0.26171875,syndrome_consistent,exact_correct,6,True
type2_1M_20260121_184040,91,0.24609375,syndrome_consistent,exact_correct,4,True
type2_1M_20260121_184040,92,0.2421875,decode_failed,iteration_limit,100,False
type2_1M_20260121_184040,93,0.24609375,syndrome_consistent,exact_correct,5,True
type2_1M_20260121_184040,94,0.26953125,syndrome_consistent,exact_correct,7,True
type2_1M_20260121_184040,95,0.2578125,syndrome_consistent,exact_correct,5,True
type2_1M_20260121_184040,96,0.2421875,syndrome_consistent,exact_correct,5,True
type2_1M_20260121_184040,97,0.22265625,syndrome_consistent,exact_correct,4,True
type2_1M_20260121_184040,98,0.27734375,syndrome_consistent,exact_correct,6,True
type2_1M_20260121_184040,99,0.21875,syndrome_consistent,exact_correct,4,True
type2_1M_20260121_184040,100,0.234375,syndrome_consistent,exact_correct,6,True
type2_1M_20260121_184040,101,0.20703125,syndrome_consistent,exact_correct,6,True
type2_1M_20260121_184040,102,0.2109375,syndrome_consistent,exact_correct,5,True
type2_1M_20260121_184040,103,0.2265625,syndrome_consistent,exact_correct,5,True
type2_1M_20260121_184040,104,0.21484375,syndrome_consistent,exact_correct,4,True
type2_1M_20260121_184040,105,0.24609375,syndrome_consistent,exact_correct,3,True
type2_1M_20260121_184040,106,0.22265625,syndrome_consistent,exact_correct,6,True
type2_1M_20260121_184040,107,0.25,syndrome_consistent,exact_correct,5,True
type2_1M_20260121_184040,108,0.234375,syndrome_consistent,exact_correct,6,True
type2_1M_20260121_184040,109,0.28515625,syndrome_consistent,exact_correct,5,True
type2_1M_20260121_184040,110,0.2109375,syndrome_consistent,exact_correct,3,True
type2_1M_20260121_184040,111,0.2421875,syndrome_consistent,exact_correct,5,True
type2_1M_20260121_184040,112,0.21875,syndrome_consistent,exact_correct,6,True
type2_1M_20260121_184040,113,0.21875,syndrome_consistent,exact_correct,4,True
type2_1M_20260121_184040,114,0.3046875,syndrome_consistent,exact_correct,9,True
type2_1M_20260121_184040,115,0.23046875,syndrome_consistent,exact_correct,6,True
type2_1M_20260121_184040,116,0.203125,syndrome_consistent,exact_correct,4,True
type2_1M_20260121_184040,117,0.23046875,syndrome_consistent,exact_correct,4,True
type2_1M_20260121_184040,118,0.20703125,syndrome_consistent,exact_correct,4,True
type2_1M_20260121_184040,119,0.21484375,syndrome_consistent,exact_correct,4,True
type2_1M_20260121_184040,120,0.25,syndrome_consistent,exact_correct,6,True
type2_1M_20260121_184040,121,0.2265625,syndrome_consistent,exact_correct,4,True
type2_1M_20260121_184040,122,0.2265625,syndrome_consistent,exact_correct,3,True
type2_1M_20260121_184040,123,0.29296875,syndrome_consistent,exact_correct,5,True
type2_1M_20260121_184040,124,0.2265625,syndrome_consistent,exact_correct,3,True
type2_1M_20260121_184040,125,0.23046875,syndrome_consistent,exact_correct,5,True
type2_1M_20260121_184040,126,0.2265625,syndrome_consistent,exact_correct,6,True
type2_1M_20260121_184040,127,0.22265625,syndrome_consistent,exact_correct,5,True
type2_1M_20260121_184040,128,0.23828125,syndrome_consistent,exact_correct,4,True
type2_1M_20260121_184040,129,0.234375,syndrome_consistent,exact_correct,4,True
type2_1M_20260121_184040,130,0.26953125,syndrome_consistent,exact_correct,4,True
type2_1M_20260121_184040,131,0.24609375,syndrome_consistent,exact_correct,6,True
type2_1M_20260121_184040,132,0.24609375,syndrome_consistent,exact_correct,4,True
type2_1M_20260121_184040,133,0.1875,syndrome_consistent,exact_correct,4,True
type2_1M_20260121_184040,134,0.2578125,syndrome_consistent,exact_correct,6,True
type2_1M_20260121_184040,135,0.26171875,syndrome_consistent,exact_correct,7,True
type2_1M_20260121_184040,136,0.23046875,syndrome_consistent,exact_correct,4,True
type2_1M_20260121_184040,137,0.23046875,syndrome_consistent,exact_correct,8,True
type2_1M_20260121_184040,138,0.203125,syndrome_consistent,exact_correct,4,True
type2_1M_20260121_184040,139,0.2265625,syndrome_consistent,exact_correct,5,True
type2_1M_20260121_184040,140,0.28125,syndrome_consistent,exact_correct,8,True
type2_1M_20260121_184040,141,0.23828125,syndrome_consistent,exact_correct,6,True
type2_1M_20260121_184040,142,0.25390625,syndrome_consistent,exact_correct,3,True
type2_1M_20260121_184040,143,0.2421875,syndrome_consistent,exact_correct,4,True
type2_1M_20260121_184040,144,0.2265625,syndrome_consistent,exact_correct,5,True
type2_1M_20260121_184040,145,0.21875,syndrome_consistent,exact_correct,3,True
type2_1M_20260121_184040,146,0.234375,syndrome_consistent,exact_correct,4,True
type2_1M_20260121_184040,147,0.2578125,syndrome_consistent,exact_correct,6,True
type2_1M_20260121_184040,148,0.23828125,syndrome_consistent,exact_correct,4,True
type2_1M_20260121_184040,149,0.24609375,syndrome_consistent,exact_correct,7,True
type2_1M_20260121_184040,150,0.26171875,syndrome_consistent,exact_correct,7,True
type2_1M_20260121_184040,151,0.2421875,syndrome_consistent,exact_correct,5,True
type2_1M_20260121_184040,152,0.25390625,syndrome_consistent,exact_correct,6,True
type2_1M_20260121_184040,153,0.2265625,syndrome_consistent,exact_correct,4,True
type2_1M_20260121_184040,154,0.22265625,syndrome_consistent,exact_correct,3,True
type2_1M_20260121_184040,155,0.2578125,syndrome_consistent,exact_correct,5,True
type2_1M_20260121_184040,156,0.22265625,syndrome_consistent,exact_correct,12,True
type2_1M_20260121_184040,157,0.2109375,syndrome_consistent,exact_correct,5,True
type2_1M_20260121_184040,158,0.203125,syndrome_consistent,exact_correct,4,True
type2_1M_20260121_184040,159,0.27734375,syndrome_consistent,exact_correct,7,True
type2_1M_20260121_184040,160,0.30078125,syndrome_consistent,exact_correct,9,True
type2_1M_20260121_184040,161,0.25390625,syndrome_consistent,exact_correct,5,True
type2_1M_20260121_184040,162,0.2265625,syndrome_consistent,exact_correct,4,True
type2_1M_20260121_184040,163,0.23828125,syndrome_consistent,exact_correct,6,True
type2_1M_20260121_184040,164,0.23046875,syndrome_consistent,exact_correct,4,True
type2_1M_20260121_184040,165,0.2265625,syndrome_consistent,exact_correct,4,True
type2_1M_20260121_184040,166,0.2578125,syndrome_consistent,exact_correct,4,True
type2_1M_20260121_184040,167,0.25390625,syndrome_consistent,exact_correct,6,True
type2_1M_20260121_184040,168,0.26953125,syndrome_consistent,exact_correct,5,True
type2_1M_20260121_184040,169,0.2578125,syndrome_consistent,exact_correct,7,True
type2_1M_20260121_184040,170,0.2734375,syndrome_consistent,exact_correct,7,True
type2_1M_20260121_184040,171,0.2265625,syndrome_consistent,exact_correct,4,True
type2_1M_20260121_184040,172,0.2109375,syndrome_consistent,exact_correct,4,True
type2_1M_20260121_184040,173,0.25,syndrome_consistent,exact_correct,4,True
type2_1M_20260121_184040,174,0.25,syndrome_consistent,exact_correct,7,True
type2_1M_20260121_184040,175,0.22265625,syndrome_consistent,exact_correct,4,True
type2_1M_20260121_184040,176,0.234375,syndrome_consistent,exact_correct,6,True
type2_1M_20260121_184040,177,0.234375,syndrome_consistent,exact_correct,5,True
type2_1M_20260121_184040,178,0.25390625,syndrome_consistent,exact_correct,4,True
type2_1M_20260121_184040,179,0.234375,syndrome_consistent,exact_correct,4,True
type2_1M_20260121_184040,180,0.2734375,syndrome_consistent,exact_correct,5,True
type2_1M_20260121_184040,181,0.2890625,syndrome_consistent,exact_correct,7,True
type2_1M_20260121_184040,182,0.22265625,syndrome_consistent,exact_correct,4,True
type2_1M_20260121_184040,183,0.24609375,syndrome_consistent,exact_correct,5,True
type2_1M_20260121_184040,184,0.26171875,syndrome_consistent,exact_correct,8,True
type2_1M_20260121_184040,185,0.2421875,syndrome_consistent,exact_correct,4,True
type2_1M_20260121_184040,186,0.2734375,syndrome_consistent,exact_correct,5,True
type2_1M_20260121_184040,187,0.2421875,syndrome_consistent,exact_correct,4,True
type2_1M_20260121_184040,188,0.27734375,syndrome_consistent,exact_correct,7,True
type2_1M_20260121_184040,189,0.203125,syndrome_consistent,exact_correct,4,True
type2_1M_20260121_184040,190,0.23046875,syndrome_consistent,exact_correct,5,True
type2_1M_20260121_184040,191,0.21875,syndrome_consistent,exact_correct,4,True
type2_1M_20260121_184040,192,0.265625,syndrome_consistent,exact_correct,4,True
type2_1M_20260121_184040,193,0.23046875,syndrome_consistent,exact_correct,3,True
type2_1M_20260121_184040,194,0.2421875,syndrome_consistent,exact_correct,5,True
type2_1M_20260121_184040,195,0.25390625,syndrome_consistent,exact_correct,5,True
type2_1M_20260121_184040,196,0.21484375,syndrome_consistent,exact_correct,5,True
type2_1M_20260121_184040,197,0.23828125,syndrome_consistent,exact_correct,5,True
type2_1M_20260121_184040,198,0.19921875,syndrome_consistent,exact_correct,3,True
type2_1M_20260121_184040,199,0.234375,syndrome_consistent,exact_correct,5,True
type2_1M_20260121_184040,200,0.23046875,syndrome_consistent,exact_correct,4,True
type2_1M_20260121_184040,201,0.23046875,syndrome_consistent,exact_correct,5,True
type2_1M_20260121_184040,202,0.234375,decode_failed,iteration_limit,100,False
type2_1M_20260121_184040,203,0.2265625,syndrome_consistent,exact_correct,4,True
type2_1M_20260121_184040,204,0.265625,syndrome_consistent,exact_correct,8,True
type2_1M_20260121_184040,205,0.2265625,syndrome_consistent,exact_correct,3,True
type2_1M_20260121_184040,206,0.19140625,syndrome_consistent,exact_correct,4,True
type2_1M_20260121_184040,207,0.23828125,syndrome_consistent,exact_correct,5,True
type2_1M_20260121_184040,208,0.25,syndrome_consistent,exact_correct,4,True
type2_1M_20260121_184040,209,0.234375,syndrome_consistent,exact_correct,4,True
type2_1M_20260121_184040,210,0.234375,syndrome_consistent,exact_correct,4,True
type2_1M_20260121_184040,211,0.25390625,syndrome_consistent,exact_correct,6,True
type2_1M_20260121_184040,212,0.21484375,syndrome_consistent,exact_correct,4,True
type2_1M_20260121_184040,213,0.2578125,syndrome_consistent,exact_correct,5,True
type2_1M_20260121_184040,214,0.22265625,syndrome_consistent,exact_correct,5,True
type2_1M_20260121_184040,215,0.26171875,syndrome_consistent,exact_correct,5,True
type2_1M_20260121_184040,216,0.28515625,syndrome_consistent,exact_correct,5,True
type2_1M_20260121_184040,217,0.25,syndrome_consistent,exact_correct,4,True
type2_1M_20260121_184040,218,0.23046875,syndrome_consistent,exact_correct,5,True
type2_1M_20260121_184040,219,0.2265625,decode_failed,iteration_limit,100,False
type2_1M_20260121_184040,220,0.26171875,decode_failed,iteration_limit,100,False
type2_1M_20260121_184040,221,0.24609375,syndrome_consistent,exact_correct,6,True
type2_1M_20260121_184040,222,0.25390625,syndrome_consistent,exact_correct,5,True
type2_1M_20260121_184040,223,0.20703125,syndrome_consistent,exact_correct,3,True
type2_1M_20260121_184040,224,0.2734375,syndrome_consistent,exact_correct,5,True
type2_1M_20260121_184040,225,0.265625,syndrome_consistent,exact_correct,4,True
type2_1M_20260121_184040,226,0.2421875,syndrome_consistent,exact_correct,6,True
type2_1M_20260121_184040,227,0.26171875,syndrome_consistent,exact_correct,4,True
type2_1M_20260121_184040,228,0.26171875,syndrome_consistent,exact_correct,4,True
type2_1M_20260121_184040,229,0.203125,syndrome_consistent,exact_correct,4,True
type2_1M_20260121_184040,230,0.203125,syndrome_consistent,exact_correct,4,True
type2_1M_20260121_184040,231,0.25390625,syndrome_consistent,exact_correct,12,True
type2_1M_20260121_184040,232,0.203125,syndrome_consistent,exact_correct,4,True
type2_1M_20260121_184040,233,0.21875,syndrome_consistent,exact_correct,4,True
type2_1M_20260121_184040,234,0.203125,syndrome_consistent,exact_correct,5,True
type2_1M_20260121_184040,235,0.23828125,syndrome_consistent,exact_correct,4,True
type2_1M_20260121_184040,236,0.27734375,syndrome_consistent,exact_correct,5,True
type2_1M_20260121_184040,237,0.296875,syndrome_consistent,exact_correct,5,True
type2_1M_20260121_184040,238,0.2578125,syndrome_consistent,exact_correct,5,True
type2_1M_20260121_184040,239,0.23046875,syndrome_consistent,exact_correct,5,True
type2_1M_20260121_184040,240,0.2578125,syndrome_consistent,exact_correct,5,True
type2_1M_20260121_184040,241,0.20703125,syndrome_consistent,exact_correct,5,True
type2_1M_20260121_184040,242,0.2578125,syndrome_consistent,exact_correct,5,True
type2_1M_20260121_184040,243,0.23046875,syndrome_consistent,exact_correct,5,True
type2_1M_20260121_184040,244,0.234375,syndrome_consistent,exact_correct,4,True
type2_1M_20260121_184040,245,0.2109375,syndrome_consistent,exact_correct,3,True
type2_1M_20260121_184040,246,0.2578125,syndrome_consistent,exact_correct,5,True
type2_1M_20260121_184040,247,0.27734375,syndrome_consistent,exact_correct,7,True
type2_1M_20260121_184040,248,0.26171875,decode_failed,iteration_limit,100,False
type2_1M_20260121_184040,249,0.20703125,syndrome_consistent,exact_correct,4,True
type2_2M_20260121_183657,0,0.2578125,syndrome_consistent,exact_correct,4,True
type2_2M_20260121_183657,1,0.2265625,syndrome_consistent,exact_correct,8,True
type2_2M_20260121_183657,2,0.2734375,syndrome_consistent,exact_correct,10,True
type2_2M_20260121_183657,3,0.2734375,syndrome_consistent,exact_correct,6,True
type2_2M_20260121_183657,4,0.2421875,syndrome_consistent,exact_correct,6,True
type2_2M_20260121_183657,5,0.26171875,syndrome_consistent,exact_correct,5,True
type2_2M_20260121_183657,6,0.2734375,syndrome_consistent,exact_correct,6,True
type2_2M_20260121_183657,7,0.29296875,syndrome_consistent,exact_correct,5,True
type2_2M_20260121_183657,8,0.23828125,syndrome_consistent,exact_correct,4,True
type2_2M_20260121_183657,9,0.24609375,syndrome_consistent,exact_correct,4,True
type2_2M_20260121_183657,10,0.265625,syndrome_consistent,exact_correct,5,True
type2_2M_20260121_183657,11,0.17578125,syndrome_consistent,exact_correct,4,True
type2_2M_20260121_183657,12,0.21875,syndrome_consistent,exact_correct,6,True
type2_2M_20260121_183657,13,0.30859375,syndrome_consistent,exact_correct,5,True
type2_2M_20260121_183657,14,0.26953125,syndrome_consistent,exact_correct,5,True
type2_2M_20260121_183657,15,0.20703125,syndrome_consistent,exact_correct,4,True
type2_2M_20260121_183657,16,0.26953125,syndrome_consistent,exact_correct,5,True
type2_2M_20260121_183657,17,0.27734375,syndrome_consistent,exact_correct,6,True
type2_2M_20260121_183657,18,0.2890625,syndrome_consistent,exact_correct,6,True
type2_2M_20260121_183657,19,0.265625,syndrome_consistent,exact_correct,5,True
type2_2M_20260121_183657,20,0.23828125,syndrome_consistent,exact_correct,6,True
type2_2M_20260121_183657,21,0.25390625,syndrome_consistent,exact_correct,6,True
type2_2M_20260121_183657,22,0.2265625,syndrome_consistent,exact_correct,4,True
type2_2M_20260121_183657,23,0.2421875,syndrome_consistent,exact_correct,6,True
type2_2M_20260121_183657,24,0.21875,syndrome_consistent,exact_correct,6,True
type2_2M_20260121_183657,25,0.25,syndrome_consistent,exact_correct,4,True
type2_2M_20260121_183657,26,0.25390625,syndrome_consistent,exact_correct,6,True
type2_2M_20260121_183657,27,0.22265625,syndrome_consistent,exact_correct,4,True
type2_2M_20260121_183657,28,0.29296875,syndrome_consistent,exact_correct,4,True
type2_2M_20260121_183657,29,0.25,syndrome_consistent,exact_correct,4,True
type2_2M_20260121_183657,30,0.2578125,syndrome_consistent,exact_correct,10,True
type2_2M_20260121_183657,31,0.296875,syndrome_consistent,exact_correct,5,True
type2_2M_20260121_183657,32,0.19140625,syndrome_consistent,exact_correct,3,True
type2_2M_20260121_183657,33,0.26171875,syndrome_consistent,exact_correct,8,True
type2_2M_20260121_183657,34,0.234375,syndrome_consistent,exact_correct,3,True
type2_2M_20260121_183657,35,0.22265625,syndrome_consistent,exact_correct,4,True
type2_2M_20260121_183657,36,0.2890625,syndrome_consistent,exact_correct,6,True
type2_2M_20260121_183657,37,0.3125,syndrome_consistent,exact_correct,7,True
type2_2M_20260121_183657,38,0.27734375,syndrome_consistent,exact_correct,5,True
type2_2M_20260121_183657,39,0.23046875,syndrome_consistent,exact_correct,4,True
type2_2M_20260121_183657,40,0.2734375,syndrome_consistent,exact_correct,5,True
type2_2M_20260121_183657,41,0.24609375,syndrome_consistent,exact_correct,5,True
type2_2M_20260121_183657,42,0.2421875,syndrome_consistent,exact_correct,6,True
type2_2M_20260121_183657,43,0.22265625,syndrome_consistent,exact_correct,5,True
type2_2M_20260121_183657,44,0.265625,syndrome_consistent,exact_correct,6,True
type2_2M_20260121_183657,45,0.25390625,syndrome_consistent,exact_correct,7,True
type2_2M_20260121_183657,46,0.27734375,syndrome_consistent,exact_correct,7,True
type2_2M_20260121_183657,47,0.22265625,syndrome_consistent,exact_correct,4,True
type2_2M_20260121_183657,48,0.24609375,syndrome_consistent,exact_correct,4,True
type2_2M_20260121_183657,49,0.27734375,syndrome_consistent,exact_correct,5,True
type2_2M_20260121_183657,50,0.23828125,syndrome_consistent,exact_correct,5,True
type2_2M_20260121_183657,51,0.26171875,syndrome_consistent,exact_correct,14,True
type2_2M_20260121_183657,52,0.23046875,decode_failed,iteration_limit,100,False
type2_2M_20260121_183657,53,0.26171875,syndrome_consistent,exact_correct,6,True
type2_2M_20260121_183657,54,0.2265625,syndrome_consistent,exact_correct,4,True
type2_2M_20260121_183657,55,0.265625,syndrome_consistent,exact_correct,5,True
type2_2M_20260121_183657,56,0.296875,decode_failed,iteration_limit,100,False
type2_2M_20260121_183657,57,0.22265625,syndrome_consistent,exact_correct,3,True
type2_2M_20260121_183657,58,0.25390625,syndrome_consistent,exact_correct,5,True
type2_2M_20260121_183657,59,0.265625,syndrome_consistent,exact_correct,5,True
type2_2M_20260121_183657,60,0.25,syndrome_consistent,exact_correct,5,True
type2_2M_20260121_183657,61,0.28515625,syndrome_consistent,exact_correct,8,True
type2_2M_20260121_183657,62,0.2734375,syndrome_consistent,exact_correct,4,True
type2_2M_20260121_183657,63,0.28515625,syndrome_consistent,exact_correct,5,True
type2_2M_20260121_183657,64,0.27734375,syndrome_consistent,exact_correct,6,True
type2_2M_20260121_183657,65,0.26171875,syndrome_consistent,exact_correct,7,True
type2_2M_20260121_183657,66,0.265625,syndrome_consistent,exact_correct,5,True
type2_2M_20260121_183657,67,0.28515625,syndrome_consistent,exact_correct,5,True
type2_2M_20260121_183657,68,0.2890625,syndrome_consistent,exact_correct,6,True
type2_2M_20260121_183657,69,0.23046875,syndrome_consistent,exact_correct,5,True
type2_2M_20260121_183657,70,0.23046875,syndrome_consistent,exact_correct,5,True
type2_2M_20260121_183657,71,0.22265625,syndrome_consistent,exact_correct,3,True
type2_2M_20260121_183657,72,0.26171875,syndrome_consistent,exact_correct,5,True
type2_2M_20260121_183657,73,0.26953125,syndrome_consistent,exact_correct,6,True
type2_2M_20260121_183657,74,0.2578125,syndrome_consistent,exact_correct,5,True
type2_2M_20260121_183657,75,0.2109375,syndrome_consistent,exact_correct,5,True
type2_2M_20260121_183657,76,0.2734375,syndrome_consistent,exact_correct,9,True
type2_2M_20260121_183657,77,0.265625,syndrome_consistent,exact_correct,8,True
type2_2M_20260121_183657,78,0.26953125,syndrome_consistent,exact_correct,5,True
type2_2M_20260121_183657,79,0.21875,syndrome_consistent,exact_correct,5,True
type2_2M_20260121_183657,80,0.265625,syndrome_consistent,exact_correct,7,True
type2_2M_20260121_183657,81,0.265625,syndrome_consistent,exact_correct,6,True
type2_2M_20260121_183657,82,0.25390625,syndrome_consistent,exact_correct,5,True
type2_2M_20260121_183657,83,0.25390625,syndrome_consistent,exact_correct,5,True
type2_2M_20260121_183657,84,0.24609375,syndrome_consistent,exact_correct,7,True
type2_2M_20260121_183657,85,0.23046875,syndrome_consistent,exact_correct,4,True
type2_2M_20260121_183657,86,0.23828125,syndrome_consistent,exact_correct,5,True
type2_2M_20260121_183657,87,0.296875,syndrome_consistent,exact_correct,7,True
type2_2M_20260121_183657,88,0.28125,syndrome_consistent,exact_correct,5,True
type2_2M_20260121_183657,89,0.33203125,syndrome_consistent,exact_correct,6,True
type2_2M_20260121_183657,90,0.2890625,syndrome_consistent,exact_correct,6,True
type2_2M_20260121_183657,91,0.24609375,syndrome_consistent,exact_correct,6,True
type2_2M_20260121_183657,92,0.28515625,syndrome_consistent,exact_correct,6,True
type2_2M_20260121_183657,93,0.25,syndrome_consistent,exact_correct,6,True
type2_2M_20260121_183657,94,0.29296875,syndrome_consistent,exact_correct,6,True
type2_2M_20260121_183657,95,0.26171875,syndrome_consistent,exact_correct,4,True
type2_2M_20260121_183657,96,0.28515625,syndrome_consistent,exact_correct,7,True
type2_2M_20260121_183657,97,0.2578125,syndrome_consistent,exact_correct,6,True
type2_2M_20260121_183657,98,0.2734375,syndrome_consistent,exact_correct,7,True
type2_2M_20260121_183657,99,0.23828125,syndrome_consistent,exact_correct,5,True
type2_2M_20260121_183657,100,0.2421875,syndrome_consistent,exact_correct,6,True
type2_2M_20260121_183657,101,0.234375,syndrome_consistent,exact_correct,4,True
type2_2M_20260121_183657,102,0.2265625,syndrome_consistent,exact_correct,5,True
type2_2M_20260121_183657,103,0.24609375,syndrome_consistent,exact_correct,9,True
type2_2M_20260121_183657,104,0.21875,syndrome_consistent,exact_correct,4,True
type2_2M_20260121_183657,105,0.19921875,syndrome_consistent,exact_correct,5,True
type2_2M_20260121_183657,106,0.25390625,syndrome_consistent,exact_correct,4,True
type2_2M_20260121_183657,107,0.23046875,syndrome_consistent,exact_correct,7,True
type2_2M_20260121_183657,108,0.2265625,syndrome_consistent,exact_correct,4,True
type2_2M_20260121_183657,109,0.2578125,syndrome_consistent,exact_correct,5,True
type2_2M_20260121_183657,110,0.26953125,syndrome_consistent,exact_correct,5,True
type2_2M_20260121_183657,111,0.28125,syndrome_consistent,exact_correct,6,True
type2_2M_20260121_183657,112,0.2578125,syndrome_consistent,exact_correct,4,True
type2_2M_20260121_183657,113,0.23828125,syndrome_consistent,exact_correct,5,True
type2_2M_20260121_183657,114,0.296875,syndrome_consistent,exact_correct,7,True
type2_2M_20260121_183657,115,0.2421875,syndrome_consistent,exact_correct,5,True
type2_2M_20260121_183657,116,0.28515625,syndrome_consistent,exact_correct,31,True
type2_2M_20260121_183657,117,0.28515625,syndrome_consistent,exact_correct,6,True
type2_2M_20260121_183657,118,0.26171875,syndrome_consistent,exact_correct,4,True
type2_2M_20260121_183657,119,0.24609375,syndrome_consistent,exact_correct,4,True
type2_2M_20260121_183657,120,0.265625,syndrome_consistent,exact_correct,5,True
type2_2M_20260121_183657,121,0.2421875,syndrome_consistent,exact_correct,5,True
type2_2M_20260121_183657,122,0.28515625,syndrome_consistent,exact_correct,5,True
type2_2M_20260121_183657,123,0.24609375,syndrome_consistent,exact_correct,4,True
type2_2M_20260121_183657,124,0.29296875,syndrome_consistent,exact_correct,7,True
type2_2M_20260121_183657,125,0.26953125,syndrome_consistent,exact_correct,5,True
type2_2M_20260121_183657,126,0.2265625,syndrome_consistent,exact_correct,4,True
type2_2M_20260121_183657,127,0.2578125,syndrome_consistent,exact_correct,4,True
type2_2M_20260121_183657,128,0.31640625,syndrome_consistent,exact_correct,9,True
type2_2M_20260121_183657,129,0.27734375,syndrome_consistent,exact_correct,6,True
type2_2M_20260121_183657,130,0.265625,syndrome_consistent,exact_correct,7,True
type2_2M_20260121_183657,131,0.25390625,syndrome_consistent,exact_correct,6,True
type2_2M_20260121_183657,132,0.265625,syndrome_consistent,exact_correct,6,True
type2_2M_20260121_183657,133,0.20703125,syndrome_consistent,exact_correct,5,True
type2_2M_20260121_183657,134,0.2265625,syndrome_consistent,exact_correct,5,True
type2_2M_20260121_183657,135,0.28125,syndrome_consistent,exact_correct,4,True
type2_2M_20260121_183657,136,0.27734375,syndrome_consistent,exact_correct,5,True
type2_2M_20260121_183657,137,0.24609375,syndrome_consistent,exact_correct,5,True
type2_2M_20260121_183657,138,0.29296875,syndrome_consistent,exact_correct,5,True
type2_2M_20260121_183657,139,0.2578125,syndrome_consistent,exact_correct,5,True
type2_2M_20260121_183657,140,0.3125,syndrome_consistent,exact_correct,7,True
type2_2M_20260121_183657,141,0.30859375,syndrome_consistent,exact_correct,6,True
type2_2M_20260121_183657,142,0.23828125,syndrome_consistent,exact_correct,4,True
type2_2M_20260121_183657,143,0.25390625,syndrome_consistent,exact_correct,4,True
type2_2M_20260121_183657,144,0.296875,syndrome_consistent,exact_correct,6,True
type2_2M_20260121_183657,145,0.265625,syndrome_consistent,exact_correct,5,True
type2_2M_20260121_183657,146,0.265625,syndrome_consistent,exact_correct,5,True
type2_2M_20260121_183657,147,0.28515625,syndrome_consistent,exact_correct,6,True
type2_2M_20260121_183657,148,0.25390625,syndrome_consistent,exact_correct,4,True
type2_2M_20260121_183657,149,0.21875,syndrome_consistent,exact_correct,5,True
type2_2M_20260121_183657,150,0.296875,syndrome_consistent,exact_correct,5,True
type2_2M_20260121_183657,151,0.25,syndrome_consistent,exact_correct,4,True
type2_2M_20260121_183657,152,0.28515625,syndrome_consistent,exact_correct,5,True
type2_2M_20260121_183657,153,0.29296875,syndrome_consistent,exact_correct,10,True
type2_2M_20260121_183657,154,0.2734375,syndrome_consistent,exact_correct,6,True
type2_2M_20260121_183657,155,0.2734375,syndrome_consistent,exact_correct,7,True
type2_2M_20260121_183657,156,0.28515625,syndrome_consistent,exact_correct,6,True
type2_2M_20260121_183657,157,0.265625,syndrome_consistent,exact_correct,5,True
type2_2M_20260121_183657,158,0.24609375,syndrome_consistent,exact_correct,4,True
type2_2M_20260121_183657,159,0.30078125,syndrome_consistent,exact_correct,8,True
type2_2M_20260121_183657,160,0.2421875,syndrome_consistent,exact_correct,4,True
type2_2M_20260121_183657,161,0.21875,syndrome_consistent,exact_correct,5,True
type2_2M_20260121_183657,162,0.26953125,syndrome_consistent,exact_correct,5,True
type2_2M_20260121_183657,163,0.25,syndrome_consistent,exact_correct,5,True
type2_2M_20260121_183657,164,0.25390625,syndrome_consistent,exact_correct,5,True
type2_2M_20260121_183657,165,0.26953125,syndrome_consistent,exact_correct,7,True
type2_2M_20260121_183657,166,0.265625,syndrome_consistent,exact_correct,6,True
type2_2M_20260121_183657,167,0.265625,syndrome_consistent,exact_correct,4,True
type2_2M_20260121_183657,168,0.30078125,syndrome_consistent,exact_correct,7,True
type2_2M_20260121_183657,169,0.23046875,syndrome_consistent,exact_correct,5,True
type2_2M_20260121_183657,170,0.23046875,syndrome_consistent,exact_correct,4,True
type2_2M_20260121_183657,171,0.2265625,syndrome_consistent,exact_correct,4,True
type2_2M_20260121_183657,172,0.22265625,syndrome_consistent,exact_correct,5,True
type2_2M_20260121_183657,173,0.21875,syndrome_consistent,exact_correct,3,True
type2_2M_20260121_183657,174,0.25390625,syndrome_consistent,exact_correct,6,True
type2_2M_20260121_183657,175,0.2734375,syndrome_consistent,exact_correct,5,True
type2_2M_20260121_183657,176,0.24609375,syndrome_consistent,exact_correct,6,True
type2_2M_20260121_183657,177,0.23828125,syndrome_consistent,exact_correct,4,True
type2_2M_20260121_183657,178,0.21484375,syndrome_consistent,exact_correct,3,True
type2_2M_20260121_183657,179,0.234375,syndrome_consistent,exact_correct,5,True
type2_2M_20260121_183657,180,0.26171875,syndrome_consistent,exact_correct,5,True
type2_2M_20260121_183657,181,0.265625,syndrome_consistent,exact_correct,6,True
type2_2M_20260121_183657,182,0.2578125,syndrome_consistent,exact_correct,4,True
type2_2M_20260121_183657,183,0.2734375,syndrome_consistent,exact_correct,5,True
type2_2M_20260121_183657,184,0.3125,syndrome_consistent,exact_correct,8,True
type2_2M_20260121_183657,185,0.26171875,syndrome_consistent,exact_correct,6,True
type2_2M_20260121_183657,186,0.25,syndrome_consistent,exact_correct,4,True
type2_2M_20260121_183657,187,0.3125,syndrome_consistent,exact_correct,5,True
type2_2M_20260121_183657,188,0.19921875,syndrome_consistent,exact_correct,3,True
type2_2M_20260121_183657,189,0.21484375,syndrome_consistent,exact_correct,6,True
type2_2M_20260121_183657,190,0.23046875,syndrome_consistent,exact_correct,4,True
type2_2M_20260121_183657,191,0.26953125,syndrome_consistent,exact_correct,6,True
type2_2M_20260121_183657,192,0.20703125,syndrome_consistent,exact_correct,7,True
type2_2M_20260121_183657,193,0.25390625,syndrome_consistent,exact_correct,4,True
type2_2M_20260121_183657,194,0.26171875,syndrome_consistent,exact_correct,4,True
type2_2M_20260121_183657,195,0.2265625,syndrome_consistent,exact_correct,4,True
type2_2M_20260121_183657,196,0.2734375,syndrome_consistent,exact_correct,7,True
type2_2M_20260121_183657,197,0.28125,syndrome_consistent,exact_correct,8,True
type2_2M_20260121_183657,198,0.2265625,syndrome_consistent,exact_correct,4,True
type2_2M_20260121_183657,199,0.33984375,syndrome_consistent,exact_correct,10,True
type2_2M_20260121_183657,200,0.2578125,syndrome_consistent,exact_correct,6,True
type2_2M_20260121_183657,201,0.30078125,decode_failed,iteration_limit,100,False
type2_2M_20260121_183657,202,0.26953125,syndrome_consistent,exact_correct,5,True
type2_2M_20260121_183657,203,0.2109375,syndrome_consistent,exact_correct,4,True
type2_2M_20260121_183657,204,0.22265625,syndrome_consistent,exact_correct,6,True
type2_2M_20260121_183657,205,0.2265625,syndrome_consistent,exact_correct,5,True
type2_2M_20260121_183657,206,0.234375,syndrome_consistent,exact_correct,7,True
type2_2M_20260121_183657,207,0.2890625,syndrome_consistent,exact_correct,5,True
type2_2M_20260121_183657,208,0.28125,syndrome_consistent,exact_correct,5,True
type2_2M_20260121_183657,209,0.2578125,syndrome_consistent,exact_correct,4,True
type2_2M_20260121_183657,210,0.28515625,syndrome_consistent,exact_correct,7,True
type2_2M_20260121_183657,211,0.265625,syndrome_consistent,exact_correct,6,True
type2_2M_20260121_183657,212,0.23828125,syndrome_consistent,exact_correct,5,True
type2_2M_20260121_183657,213,0.2421875,syndrome_consistent,exact_correct,4,True
type2_2M_20260121_183657,214,0.25390625,syndrome_consistent,exact_correct,5,True
type2_2M_20260121_183657,215,0.22265625,syndrome_consistent,exact_correct,4,True
type2_2M_20260121_183657,216,0.2578125,syndrome_consistent,exact_correct,6,True
type2_2M_20260121_183657,217,0.265625,syndrome_consistent,exact_correct,6,True
type2_2M_20260121_183657,218,0.23828125,syndrome_consistent,exact_correct,5,True
type2_2M_20260121_183657,219,0.30078125,syndrome_consistent,exact_correct,5,True
type2_2M_20260121_183657,220,0.2265625,syndrome_consistent,exact_correct,4,True
type2_2M_20260121_183657,221,0.22265625,syndrome_consistent,exact_correct,5,True
type2_2M_20260121_183657,222,0.25,syndrome_consistent,exact_correct,5,True
type2_2M_20260121_183657,223,0.25,syndrome_consistent,exact_correct,4,True
type2_2M_20260121_183657,224,0.30859375,syndrome_consistent,exact_correct,9,True
type2_2M_20260121_183657,225,0.2265625,syndrome_consistent,exact_correct,4,True
type2_2M_20260121_183657,226,0.234375,syndrome_consistent,exact_correct,5,True
type2_2M_20260121_183657,227,0.2421875,syndrome_consistent,exact_correct,5,True
type2_2M_20260121_183657,228,0.2734375,syndrome_consistent,exact_correct,5,True
type2_2M_20260121_183657,229,0.2890625,syndrome_consistent,exact_correct,5,True
type2_2M_20260121_183657,230,0.2578125,syndrome_consistent,exact_correct,4,True
type2_2M_20260121_183657,231,0.25,syndrome_consistent,exact_correct,4,True
type2_2M_20260121_183657,232,0.234375,syndrome_consistent,exact_correct,5,True
type2_2M_20260121_183657,233,0.28515625,syndrome_consistent,exact_correct,7,True
type2_2M_20260121_183657,234,0.265625,syndrome_consistent,exact_correct,8,True
type2_2M_20260121_183657,235,0.26171875,syndrome_consistent,exact_correct,4,True
type2_2M_20260121_183657,236,0.25390625,syndrome_consistent,exact_correct,4,True
type2_2M_20260121_183657,237,0.26171875,syndrome_consistent,exact_correct,7,True
type2_2M_20260121_183657,238,0.30859375,syndrome_consistent,exact_correct,6,True
type2_2M_20260121_183657,239,0.2421875,syndrome_consistent,exact_correct,4,True
type2_2M_20260121_183657,240,0.26953125,syndrome_consistent,exact_correct,6,True
type2_2M_20260121_183657,241,0.25390625,syndrome_consistent,exact_correct,5,True
type2_2M_20260121_183657,242,0.234375,syndrome_consistent,exact_correct,5,True
type2_2M_20260121_183657,243,0.25,syndrome_consistent,exact_correct,5,True
type2_2M_20260121_183657,244,0.2421875,syndrome_consistent,exact_correct,4,True
type2_2M_20260121_183657,245,0.2578125,syndrome_consistent,exact_correct,5,True
type2_2M_20260121_183657,246,0.2578125,syndrome_consistent,exact_correct,3,True
type2_2M_20260121_183657,247,0.2421875,syndrome_consistent,exact_correct,4,True
type2_2M_20260121_183657,248,0.25,syndrome_consistent,exact_correct,5,True
type2_2M_20260121_183657,249,0.30859375,syndrome_consistent,exact_correct,6,True
type2_2M_20260121_183657,250,0.2265625,syndrome_consistent,exact_correct,4,True
type2_2M_20260121_183657,251,0.328125,syndrome_consistent,exact_correct,10,True
type2_2M_20260121_183657,252,0.25,syndrome_consistent,exact_correct,5,True
type2_2M_20260121_183657,253,0.2578125,syndrome_consistent,exact_correct,4,True
type2_2M_20260121_183657,254,0.2578125,syndrome_consistent,exact_correct,6,True
type2_2M_20260121_183657,255,0.2265625,decode_failed,iteration_limit,100,False
type2_2M_20260121_183657,256,0.25,syndrome_consistent,exact_correct,5,True
type2_2M_20260121_183657,257,0.28125,syndrome_consistent,exact_correct,9,True
type2_2M_20260121_183657,258,0.31640625,syndrome_consistent,exact_correct,10,True
type2_2M_20260121_183657,259,0.25,syndrome_consistent,exact_correct,4,True
type2_2M_20260121_183657,260,0.2421875,syndrome_consistent,exact_correct,5,True
type2_2M_20260121_183657,261,0.28125,syndrome_consistent,exact_correct,5,True
type2_2M_20260121_183657,262,0.296875,syndrome_consistent,exact_correct,5,True
type2_2M_20260121_183657,263,0.25,syndrome_consistent,exact_correct,4,True
type2_2M_20260121_183657,264,0.28125,syndrome_consistent,exact_correct,5,True
type2_2M_20260121_183657,265,0.26171875,syndrome_consistent,exact_correct,6,True
type2_2M_20260121_183657,266,0.26171875,syndrome_consistent,exact_correct,5,True
type2_2M_20260121_183657,267,0.26171875,syndrome_consistent,exact_correct,5,True
type2_2M_20260121_183657,268,0.22265625,syndrome_consistent,exact_correct,3,True
type2_2M_20260121_183657,269,0.28125,syndrome_consistent,exact_correct,5,True
type2_2M_20260121_183657,270,0.22265625,syndrome_consistent,exact_correct,6,True
type2_2M_20260121_183657,271,0.26171875,syndrome_consistent,exact_correct,6,True
type2_2M_20260121_183657,272,0.234375,syndrome_consistent,exact_correct,6,True
type2_2M_20260121_183657,273,0.2109375,syndrome_consistent,exact_correct,3,True
type2_2M_20260121_183657,274,0.23046875,syndrome_consistent,exact_correct,4,True
type2_2M_20260121_183657,275,0.25390625,syndrome_consistent,exact_correct,6,True
type2_2M_20260121_183657,276,0.27734375,syndrome_consistent,exact_correct,5,True
type2_2M_20260121_183657,277,0.265625,syndrome_consistent,exact_correct,4,True
type2_2M_20260121_183657,278,0.2421875,syndrome_consistent,exact_correct,4,True
type2_2M_20260121_183657,279,0.234375,syndrome_consistent,exact_correct,6,True
type2_2M_20260121_183657,280,0.27734375,syndrome_consistent,exact_correct,4,True
type2_2M_20260121_183657,281,0.28515625,syndrome_consistent,exact_correct,4,True
type2_2M_20260121_183657,282,0.26953125,syndrome_consistent,exact_correct,5,True
type2_2M_20260121_183657,283,0.2578125,syndrome_consistent,exact_correct,5,True
type2_2M_20260121_183657,284,0.3125,syndrome_consistent,exact_correct,6,True
type2_2M_20260121_183657,285,0.22265625,syndrome_consistent,exact_correct,3,True
type2_2M_20260121_183657,286,0.19921875,syndrome_consistent,exact_correct,4,True
type2_2M_20260121_183657,287,0.3125,syndrome_consistent,exact_correct,10,True
type2_2M_20260121_183657,288,0.2265625,syndrome_consistent,exact_correct,5,True
type2_2M_20260121_183657,289,0.2421875,syndrome_consistent,exact_correct,7,True
type2_2M_20260121_183657,290,0.26953125,syndrome_consistent,exact_correct,8,True
type2_2M_20260121_183657,291,0.2421875,syndrome_consistent,exact_correct,5,True
type2_2M_20260121_183657,292,0.2109375,syndrome_consistent,exact_correct,4,True
type2_2M_20260121_183657,293,0.27734375,syndrome_consistent,exact_correct,12,True
type2_2M_20260121_183657,294,0.2890625,syndrome_consistent,exact_correct,4,True
type2_2M_20260121_183657,295,0.27734375,syndrome_consistent,exact_correct,5,True
type2_2M_20260121_183657,296,0.2578125,syndrome_consistent,exact_correct,6,True
type2_2M_20260121_183657,297,0.3125,syndrome_consistent,exact_correct,8,True
type2_2M_20260121_183657,298,0.19921875,syndrome_consistent,exact_correct,4,True
type2_2M_20260121_183657,299,0.25,syndrome_consistent,exact_correct,4,True
type2_2M_20260121_183657,300,0.29296875,syndrome_consistent,exact_correct,5,True
type2_2M_20260121_183657,301,0.2578125,syndrome_consistent,exact_correct,8,True
type2_2M_20260121_183657,302,0.28125,syndrome_consistent,exact_correct,5,True
type2_2M_20260121_183657,303,0.29296875,syndrome_consistent,exact_correct,7,True
type2_2M_20260121_183657,304,0.265625,syndrome_consistent,exact_correct,5,True
type2_2M_20260121_183657,305,0.26953125,syndrome_consistent,exact_correct,4,True
type2_2M_20260121_183657,306,0.25390625,syndrome_consistent,exact_correct,4,True
type2_2M_20260121_183657,307,0.2421875,syndrome_consistent,exact_correct,8,True
type2_2M_20260121_183657,308,0.234375,syndrome_consistent,exact_correct,7,True
type2_2M_20260121_183657,309,0.26171875,syndrome_consistent,exact_correct,7,True
type2_2M_20260121_183657,310,0.26953125,syndrome_consistent,exact_correct,7,True
type2_2M_20260121_183657,311,0.26953125,syndrome_consistent,exact_correct,8,True
type2_2M_20260121_183657,312,0.25390625,syndrome_consistent,exact_correct,5,True
type2_2M_20260121_183657,313,0.27734375,syndrome_consistent,exact_correct,5,True
type2_2M_20260121_183657,314,0.23828125,syndrome_consistent,exact_correct,5,True
type2_2M_20260121_183657,315,0.296875,syndrome_consistent,exact_correct,8,True
type2_2M_20260121_183657,316,0.2265625,syndrome_consistent,exact_correct,5,True
type2_2M_20260121_183657,317,0.2890625,syndrome_consistent,exact_correct,5,True
type2_2M_20260121_183657,318,0.234375,syndrome_consistent,exact_correct,3,True
type2_2M_20260121_183657,319,0.28515625,syndrome_consistent,exact_correct,4,True
type2_2M_20260121_183657,320,0.2578125,syndrome_consistent,exact_correct,9,True
type2_2M_20260121_183657,321,0.3046875,syndrome_consistent,exact_correct,6,True
type2_2M_20260121_183657,322,0.1953125,syndrome_consistent,exact_correct,3,True
type2_2M_20260121_183657,323,0.26171875,syndrome_consistent,exact_correct,9,True
type2_2M_20260121_183657,324,0.234375,syndrome_consistent,exact_correct,3,True
type2_2M_20260121_183657,325,0.2890625,syndrome_consistent,exact_correct,6,True
type2_2M_20260121_183657,326,0.24609375,syndrome_consistent,exact_correct,5,True
type2_2M_20260121_183657,327,0.2421875,syndrome_consistent,exact_correct,4,True
type2_2M_20260121_183657,328,0.265625,syndrome_consistent,exact_correct,4,True
type2_2M_20260121_183657,329,0.2109375,syndrome_consistent,exact_correct,4,True
type2_2M_20260121_183657,330,0.2578125,syndrome_consistent,exact_correct,6,True
type2_2M_20260121_183657,331,0.27734375,syndrome_consistent,exact_correct,4,True
type2_2M_20260121_183657,332,0.2734375,syndrome_consistent,exact_correct,5,True
type2_2M_20260121_183657,333,0.24609375,syndrome_consistent,exact_correct,19,True
type2_2M_20260121_183657,334,0.24609375,syndrome_consistent,exact_correct,4,True
type2_2M_20260121_183657,335,0.26171875,syndrome_consistent,exact_correct,5,True
type2_2M_20260121_183657,336,0.25,syndrome_consistent,exact_correct,6,True
type2_2M_20260121_183657,337,0.23046875,syndrome_consistent,exact_correct,5,True
type2_2M_20260121_183657,338,0.21875,syndrome_consistent,exact_correct,4,True
type2_2M_20260121_183657,339,0.25,syndrome_consistent,exact_correct,4,True
type2_2M_20260121_183657,340,0.3125,syndrome_consistent,exact_correct,5,True
type2_2M_20260121_183657,341,0.26953125,syndrome_consistent,exact_correct,4,True
type2_2M_20260121_183657,342,0.29296875,syndrome_consistent,exact_correct,6,True
type2_2M_20260121_183657,343,0.28515625,syndrome_consistent,exact_correct,7,True
type2_2M_20260121_183657,344,0.2265625,syndrome_consistent,exact_correct,5,True
type2_2M_20260121_183657,345,0.25390625,syndrome_consistent,exact_correct,4,True
type2_2M_20260121_183657,346,0.25390625,syndrome_consistent,exact_correct,9,True
type2_2M_20260121_183657,347,0.2578125,syndrome_consistent,exact_correct,5,True
type2_2M_20260121_183657,348,0.265625,syndrome_consistent,exact_correct,4,True
type2_2M_20260121_183657,349,0.24609375,syndrome_consistent,exact_correct,4,True
type2_2M_20260121_183657,350,0.28515625,syndrome_consistent,exact_correct,6,True
type2_2M_20260121_183657,351,0.28515625,syndrome_consistent,exact_correct,10,True
type2_2M_20260121_183657,352,0.21484375,syndrome_consistent,exact_correct,5,True
type2_2M_20260121_183657,353,0.25,syndrome_consistent,exact_correct,6,True
type2_2M_20260121_183657,354,0.32421875,syndrome_consistent,exact_correct,7,True
type2_2M_20260121_183657,355,0.2421875,syndrome_consistent,exact_correct,5,True
type2_2M_20260121_183657,356,0.2890625,syndrome_consistent,exact_correct,6,True
type2_2M_20260121_183657,357,0.234375,syndrome_consistent,exact_correct,5,True
type2_2M_20260121_183657,358,0.265625,syndrome_consistent,exact_correct,4,True
type2_2M_20260121_183657,359,0.265625,syndrome_consistent,exact_correct,4,True
type2_2M_20260121_183657,360,0.26171875,syndrome_consistent,exact_correct,7,True
type2_2M_20260121_183657,361,0.25,syndrome_consistent,exact_correct,4,True
type2_2M_20260121_183657,362,0.27734375,syndrome_consistent,exact_correct,9,True
type2_2M_20260121_183657,363,0.2890625,syndrome_consistent,exact_correct,5,True
type2_2M_20260121_183657,364,0.2734375,syndrome_consistent,exact_correct,4,True
type2_2M_20260121_183657,365,0.27734375,syndrome_consistent,exact_correct,5,True
type2_2M_20260121_183657,366,0.20703125,syndrome_consistent,exact_correct,5,True
type2_2M_20260121_183657,367,0.24609375,syndrome_consistent,exact_correct,4,True
type2_2M_20260121_183657,368,0.21875,syndrome_consistent,exact_correct,4,True
type2_2M_20260121_183657,369,0.2421875,syndrome_consistent,exact_correct,4,True
type2_2M_20260121_183657,370,0.2578125,syndrome_consistent,exact_correct,6,True
type2_2M_20260121_183657,371,0.26953125,syndrome_consistent,exact_correct,5,True
type2_2M_20260121_183657,372,0.2421875,syndrome_consistent,exact_correct,4,True
type2_2M_20260121_183657,373,0.27734375,syndrome_consistent,exact_correct,6,True
type2_2M_20260121_183657,374,0.2890625,syndrome_consistent,exact_correct,5,True
type2_2M_20260121_183657,375,0.30859375,syndrome_consistent,exact_correct,12,True
type2_2M_20260121_183657,376,0.21484375,syndrome_consistent,exact_correct,5,True
type2_2M_20260121_183657,377,0.21484375,syndrome_consistent,exact_correct,6,True
type2_2M_20260121_183657,378,0.234375,syndrome_consistent,exact_correct,5,True
type2_2M_20260121_183657,379,0.22265625,syndrome_consistent,exact_correct,7,True
type2_2M_20260121_183657,380,0.23828125,syndrome_consistent,exact_correct,5,True
type2_2M_20260121_183657,381,0.21875,syndrome_consistent,exact_correct,3,True
type2_2M_20260121_183657,382,0.3203125,syndrome_consistent,exact_correct,6,True
type2_2M_20260121_183657,383,0.28515625,syndrome_consistent,exact_correct,12,True
type2_2M_20260121_183657,384,0.27734375,syndrome_consistent,exact_correct,7,True
type2_2M_20260121_183657,385,0.25,syndrome_consistent,exact_correct,4,True
type2_2M_20260121_183657,386,0.265625,syndrome_consistent,exact_correct,5,True
type2_2M_20260121_183657,387,0.265625,syndrome_consistent,exact_correct,4,True
type2_2M_20260121_183657,388,0.28125,syndrome_consistent,exact_correct,6,True
type2_2M_20260121_183657,389,0.2578125,syndrome_consistent,exact_correct,5,True
type2_2M_20260121_183657,390,0.296875,syndrome_consistent,exact_correct,9,True
type2_2M_20260121_183657,391,0.203125,syndrome_consistent,exact_correct,4,True
type2_2M_20260121_183657,392,0.2421875,syndrome_consistent,exact_correct,4,True
type2_2M_20260121_183657,393,0.2734375,syndrome_consistent,exact_correct,5,True
type2_2M_20260121_183657,394,0.26171875,syndrome_consistent,exact_correct,6,True
type2_2M_20260121_183657,395,0.22265625,syndrome_consistent,exact_correct,5,True
type2_2M_20260121_183657,396,0.328125,syndrome_consistent,exact_correct,6,True
type2_2M_20260121_183657,397,0.25390625,syndrome_consistent,exact_correct,6,True
type2_2M_20260121_183657,398,0.30078125,syndrome_consistent,exact_correct,8,True
type2_2M_20260121_183657,399,0.3203125,syndrome_consistent,exact_correct,6,True
type2_2M_20260121_183657,400,0.3203125,syndrome_consistent,exact_correct,6,True
type2_2M_20260121_183657,401,0.2265625,syndrome_consistent,exact_correct,4,True
type2_2M_20260121_183657,402,0.1953125,syndrome_consistent,exact_correct,3,True
type2_2M_20260121_183657,403,0.265625,syndrome_consistent,exact_correct,6,True
type2_2M_20260121_183657,404,0.26171875,syndrome_consistent,exact_correct,5,True
type2_2M_20260121_183657,405,0.28515625,syndrome_consistent,exact_correct,8,True
type2_2M_20260121_183657,406,0.28515625,syndrome_consistent,exact_correct,6,True
type2_2M_20260121_183657,407,0.31640625,syndrome_consistent,exact_correct,8,True
type2_2M_20260121_183657,408,0.26171875,syndrome_consistent,exact_correct,5,True
type2_2M_20260121_183657,409,0.29296875,syndrome_consistent,exact_correct,6,True
type2_2M_20260121_183657,410,0.2578125,syndrome_consistent,exact_correct,5,True
type2_2M_20260121_183657,411,0.2421875,syndrome_consistent,exact_correct,3,True
type2_2M_20260121_183657,412,0.25390625,syndrome_consistent,exact_correct,4,True
type2_2M_20260121_183657,413,0.25,syndrome_consistent,exact_correct,5,True
type2_2M_20260121_183657,414,0.2734375,syndrome_consistent,exact_correct,6,True
type2_2M_20260121_183657,415,0.25,decode_failed,iteration_limit,100,False
type2_2M_20260121_183657,416,0.24609375,syndrome_consistent,exact_correct,4,True
type2_2M_20260121_183657,417,0.234375,syndrome_consistent,exact_correct,4,True
type2_2M_20260121_183657,418,0.34375,syndrome_consistent,exact_correct,6,True
type2_2M_20260121_183657,419,0.25390625,syndrome_consistent,exact_correct,4,True
type2_2M_20260121_183657,420,0.19140625,syndrome_consistent,exact_correct,4,True
type2_2M_20260121_183657,421,0.28515625,syndrome_consistent,exact_correct,6,True
type2_2M_20260121_183657,422,0.26171875,syndrome_consistent,exact_correct,5,True
type2_2M_20260121_183657,423,0.26171875,syndrome_consistent,exact_correct,5,True
type2_2M_20260121_183657,424,0.3046875,syndrome_consistent,exact_correct,5,True
type2_2M_20260121_183657,425,0.26953125,syndrome_consistent,exact_correct,4,True
type2_2M_20260121_183657,426,0.31640625,syndrome_consistent,exact_correct,8,True
type2_2M_20260121_183657,427,0.26953125,syndrome_consistent,exact_correct,4,True
type2_2M_20260121_183657,428,0.296875,syndrome_consistent,exact_correct,10,True
type2_2M_20260121_183657,429,0.25,syndrome_consistent,exact_correct,7,True
type2_2M_20260121_183657,430,0.234375,syndrome_consistent,exact_correct,4,True
type2_2M_20260121_183657,431,0.2265625,syndrome_consistent,exact_correct,3,True
type2_2M_20260121_183657,432,0.2421875,syndrome_consistent,exact_correct,4,True
type2_2M_20260121_183657,433,0.29296875,syndrome_consistent,exact_correct,8,True
type2_2M_20260121_183657,434,0.29296875,syndrome_consistent,exact_correct,7,True
type2_2M_20260121_183657,435,0.32421875,syndrome_consistent,exact_correct,7,True
type2_2M_20260121_183657,436,0.2734375,syndrome_consistent,exact_correct,5,True
type2_2M_20260121_183657,437,0.21875,syndrome_consistent,exact_correct,4,True
type2_2M_20260121_183657,438,0.23828125,syndrome_consistent,exact_correct,3,True
type2_2M_20260121_183657,439,0.26953125,syndrome_consistent,exact_correct,8,True
type2_2M_20260121_183657,440,0.26171875,syndrome_consistent,exact_correct,5,True
type2_2M_20260121_183657,441,0.26953125,syndrome_consistent,exact_correct,4,True
type2_2M_20260121_183657,442,0.2578125,syndrome_consistent,exact_correct,6,True
type2_2M_20260121_183657,443,0.24609375,syndrome_consistent,exact_correct,4,True
type2_2M_20260121_183657,444,0.2734375,syndrome_consistent,exact_correct,5,True
type2_2M_20260121_183657,445,0.27734375,syndrome_consistent,exact_correct,4,True
type2_2M_20260121_183657,446,0.25,syndrome_consistent,exact_correct,5,True
type2_2M_20260121_183657,447,0.26171875,syndrome_consistent,exact_correct,6,True
type2_2M_20260121_183657,448,0.2734375,syndrome_consistent,exact_correct,5,True
type2_2M_20260121_183657,449,0.24609375,syndrome_consistent,exact_correct,5,True
type2_2M_20260121_183657,450,0.27734375,syndrome_consistent,exact_correct,6,True
type2_2M_20260121_183657,451,0.26171875,syndrome_consistent,exact_correct,4,True
type2_2M_20260121_183657,452,0.2734375,syndrome_consistent,exact_correct,5,True
type2_2M_20260121_183657,453,0.23828125,syndrome_consistent,exact_correct,6,True
type2_2M_20260121_183657,454,0.28125,syndrome_consistent,exact_correct,6,True
type2_2M_20260121_183657,455,0.2890625,syndrome_consistent,exact_correct,4,True
type2_1p5M_20260121_183806,346,0.30078125,syndrome_consistent,exact_correct,8,True
type2_1p5M_20260121_183806,347,0.2578125,syndrome_consistent,exact_correct,4,True
type2_1p5M_20260121_183806,348,0.25390625,syndrome_consistent,exact_correct,6,True
type2_1p5M_20260121_183806,349,0.29296875,syndrome_consistent,exact_correct,7,True
type2_1p5M_20260121_183806,350,0.24609375,syndrome_consistent,exact_correct,4,True
type2_1p5M_20260121_183806,351,0.2265625,syndrome_consistent,exact_correct,5,True
type2_1p5M_20260121_183806,352,0.26953125,syndrome_consistent,exact_correct,4,True
type2_1p5M_20260121_183806,353,0.23046875,syndrome_consistent,exact_correct,4,True
type2_1p5M_20260121_183806,354,0.28515625,syndrome_consistent,exact_correct,4,True
type2_1p5M_20260121_183806,355,0.234375,syndrome_consistent,exact_correct,4,True
type2_1p5M_20260121_183806,356,0.3046875,syndrome_consistent,exact_correct,5,True
type2_1p5M_20260121_183806,357,0.25,syndrome_consistent,exact_correct,6,True
type2_1p5M_20260121_183806,358,0.2421875,syndrome_consistent,exact_correct,4,True
type2_1p5M_20260121_183806,359,0.265625,syndrome_consistent,exact_correct,6,True
type2_1p5M_20260121_183806,360,0.2421875,syndrome_consistent,exact_correct,4,True
type2_1p5M_20260121_183806,361,0.20703125,syndrome_consistent,exact_correct,3,True
type2_1p5M_20260121_183806,362,0.23046875,syndrome_consistent,exact_correct,8,True
type2_1p5M_20260121_183806,363,0.2265625,syndrome_consistent,exact_correct,5,True
type2_1p5M_20260121_183806,364,0.21875,syndrome_consistent,exact_correct,4,True
type2_1p5M_20260121_183806,365,0.25,syndrome_consistent,exact_correct,3,True
type2_1p5M_20260121_183806,366,0.24609375,syndrome_consistent,exact_correct,6,True
type2_1p5M_20260121_183806,367,0.25,syndrome_consistent,exact_correct,5,True
type2_1p5M_20260121_183806,368,0.25,syndrome_consistent,exact_correct,4,True
type2_1p5M_20260121_183806,369,0.28515625,syndrome_consistent,exact_correct,8,True
type2_1p5M_20260121_183806,370,0.234375,syndrome_consistent,exact_correct,5,True
type2_1p5M_20260121_183806,371,0.265625,syndrome_consistent,exact_correct,4,True
type2_1p5M_20260121_183806,372,0.2578125,syndrome_consistent,exact_correct,5,True
type2_1p5M_20260121_183806,373,0.2734375,syndrome_consistent,exact_correct,3,True
type2_1p5M_20260121_183806,374,0.27734375,syndrome_consistent,exact_correct,8,True
type2_1p5M_20260121_183806,375,0.265625,syndrome_consistent,exact_correct,4,True
type2_1p5M_20260121_183806,376,0.24609375,syndrome_consistent,exact_correct,4,True
type2_1p5M_20260121_183806,377,0.24609375,syndrome_consistent,exact_correct,5,True
type2_1p5M_20260121_183806,378,0.25390625,syndrome_consistent,exact_correct,4,True
type2_1p5M_20260121_183806,379,0.26171875,syndrome_consistent,exact_correct,4,True
type2_1p5M_20260121_183806,380,0.296875,syndrome_consistent,exact_correct,5,True
type2_1p5M_20260121_183806,381,0.265625,syndrome_consistent,exact_correct,6,True
type2_1p5M_20260121_183806,382,0.2734375,syndrome_consistent,exact_correct,10,True
type2_1p5M_20260121_183806,383,0.32421875,syndrome_consistent,exact_correct,5,True
type2_1p5M_20260121_183806,384,0.23828125,syndrome_consistent,exact_correct,6,True
type2_1p5M_20260121_183806,385,0.26171875,syndrome_consistent,exact_correct,7,True
type2_1p5M_20260121_183806,386,0.203125,syndrome_consistent,exact_correct,4,True
type2_1p5M_20260121_183806,387,0.2734375,syndrome_consistent,exact_correct,11,True
type2_1p5M_20260121_183806,388,0.23046875,syndrome_consistent,exact_correct,4,True
type2_1p5M_20260121_183806,389,0.234375,syndrome_consistent,exact_correct,5,True
type2_1p5M_20260121_183806,390,0.2265625,syndrome_consistent,exact_correct,5,True
type2_1p5M_20260121_183806,391,0.3046875,syndrome_consistent,exact_correct,7,True
type2_1p5M_20260121_183806,392,0.24609375,syndrome_consistent,exact_correct,4,True
type2_1p5M_20260121_183806,393,0.2578125,syndrome_consistent,exact_correct,4,True
type2_1p5M_20260121_183806,394,0.2734375,syndrome_consistent,exact_correct,4,True
type2_1p5M_20260121_183806,395,0.24609375,syndrome_consistent,exact_correct,6,True
type2_1p5M_20260121_183806,396,0.25,syndrome_consistent,exact_correct,5,True
type2_1p5M_20260121_183806,397,0.21875,syndrome_consistent,exact_correct,4,True
type2_1p5M_20260121_183806,398,0.19921875,syndrome_consistent,exact_correct,4,True
type2_1p5M_20260121_183806,399,0.23828125,syndrome_consistent,exact_correct,3,True
type2_1p5M_20260121_183806,400,0.21875,syndrome_consistent,exact_correct,4,True
type2_1p5M_20260121_183806,401,0.2890625,syndrome_consistent,exact_correct,6,True
type2_1p5M_20260121_183806,402,0.23828125,syndrome_consistent,exact_correct,5,True
type2_1p5M_20260121_183806,403,0.22265625,syndrome_consistent,exact_correct,4,True
type2_1p5M_20260121_183806,404,0.23046875,syndrome_consistent,exact_correct,5,True
type2_1p5M_20260121_183806,405,0.24609375,syndrome_consistent,exact_correct,5,True
type2_1p5M_20260121_183806,406,0.23828125,syndrome_consistent,exact_correct,5,True
type2_1p5M_20260121_183806,407,0.25390625,syndrome_consistent,exact_correct,5,True
type2_1p5M_20260121_183806,408,0.23828125,syndrome_consistent,exact_correct,5,True
type2_1p5M_20260121_183806,409,0.28515625,syndrome_consistent,exact_correct,6,True
type2_1p5M_20260121_183806,410,0.22265625,syndrome_consistent,exact_correct,5,True
type2_1p5M_20260121_183806,411,0.2578125,syndrome_consistent,exact_correct,7,True
type2_1p5M_20260121_183806,412,0.22265625,syndrome_consistent,exact_correct,4,True
type2_1p5M_20260121_183806,413,0.23046875,syndrome_consistent,exact_correct,4,True
type2_1p5M_20260121_183806,414,0.24609375,syndrome_consistent,exact_correct,4,True
type2_1p5M_20260121_183806,415,0.234375,syndrome_consistent,exact_correct,4,True
type2_1p5M_20260121_183806,416,0.24609375,syndrome_consistent,exact_correct,4,True
type2_1p5M_20260121_183806,417,0.25,syndrome_consistent,exact_correct,4,True
type2_1p5M_20260121_183806,418,0.2734375,syndrome_consistent,exact_correct,5,True
type2_1p5M_20260121_183806,419,0.234375,syndrome_consistent,exact_correct,4,True
type2_1p5M_20260121_183806,420,0.26171875,syndrome_consistent,exact_correct,6,True
type2_1p5M_20260121_183806,421,0.26953125,syndrome_consistent,exact_correct,4,True
type2_1p5M_20260121_183806,422,0.24609375,syndrome_consistent,exact_correct,5,True
type2_1p5M_20260121_183806,423,0.26171875,decode_failed,iteration_limit,100,False
type2_1p5M_20260121_183806,424,0.26953125,syndrome_consistent,exact_correct,6,True
type2_1p5M_20260121_183806,425,0.234375,syndrome_consistent,exact_correct,4,True
type2_1p5M_20260121_183806,426,0.26171875,syndrome_consistent,exact_correct,4,True
type2_1p5M_20260121_183806,427,0.27734375,syndrome_consistent,exact_correct,6,True
type2_1p5M_20260121_183806,428,0.3125,syndrome_consistent,exact_correct,8,True
type2_1p5M_20260121_183806,429,0.28515625,syndrome_consistent,exact_correct,7,True
type2_1p5M_20260121_183806,430,0.22265625,syndrome_consistent,exact_correct,7,True
type2_1p5M_20260121_183806,431,0.19921875,syndrome_consistent,exact_correct,7,True
type2_1p5M_20260121_183806,432,0.265625,syndrome_consistent,exact_correct,4,True
type2_1p5M_20260121_183806,433,0.1953125,syndrome_consistent,exact_correct,4,True
type2_1p5M_20260121_183806,434,0.28125,syndrome_consistent,exact_correct,4,True
type2_1p5M_20260121_183806,435,0.19921875,syndrome_consistent,exact_correct,5,True
type2_1p5M_20260121_183806,436,0.23828125,syndrome_consistent,exact_correct,5,True
type2_1p5M_20260121_183806,437,0.2265625,syndrome_consistent,exact_correct,4,True
type2_1p5M_20260121_183806,438,0.2421875,syndrome_consistent,exact_correct,5,True
type2_1p5M_20260121_183806,439,0.234375,syndrome_consistent,exact_correct,4,True
type2_1p5M_20260121_183806,440,0.2578125,syndrome_consistent,exact_correct,6,True
type2_1p5M_20260121_183806,441,0.23046875,syndrome_consistent,exact_correct,8,True
type2_1p5M_20260121_183806,442,0.28515625,syndrome_consistent,exact_correct,5,True
type2_1p5M_20260121_183806,443,0.2734375,syndrome_consistent,exact_correct,5,True
type2_1p5M_20260121_183806,444,0.296875,syndrome_consistent,exact_correct,5,True
type2_1p5M_20260121_183806,445,0.25,syndrome_consistent,exact_correct,6,True
type2_1p5M_20260121_183806,446,0.2578125,syndrome_consistent,exact_correct,5,True
type2_1p5M_20260121_183806,447,0.1953125,syndrome_consistent,exact_correct,5,True
type2_1p5M_20260121_183806,448,0.28125,syndrome_consistent,exact_correct,5,True
type2_1p5M_20260121_183806,449,0.24609375,syndrome_consistent,exact_correct,6,True
type2_1p5M_20260121_183806,450,0.27734375,syndrome_consistent,exact_correct,5,True
type2_1p5M_20260121_183806,451,0.3203125,syndrome_consistent,exact_correct,5,True
type2_1p5M_20260121_183806,452,0.2265625,syndrome_consistent,exact_correct,9,True
type2_1p5M_20260121_183806,453,0.25,syndrome_consistent,exact_correct,6,True
type2_1p5M_20260121_183806,454,0.3046875,syndrome_consistent,exact_correct,7,True
type2_1p5M_20260121_183806,455,0.26171875,syndrome_consistent,exact_correct,6,True
type2_1p5M_20260121_183806,456,0.2109375,syndrome_consistent,exact_correct,4,True
type2_1p5M_20260121_183806,457,0.25,decode_failed,iteration_limit,100,False
type2_1p5M_20260121_183806,458,0.23828125,syndrome_consistent,exact_correct,5,True
type2_1p5M_20260121_183806,459,0.26171875,syndrome_consistent,exact_correct,4,True
type2_1p5M_20260121_183806,460,0.24609375,syndrome_consistent,exact_correct,5,True
type2_1p5M_20260121_183806,461,0.26171875,syndrome_consistent,exact_correct,5,True
type2_1p5M_20260121_183806,462,0.25,syndrome_consistent,exact_correct,5,True
type2_1p5M_20260121_183806,463,0.25390625,syndrome_consistent,exact_correct,12,True
type2_1p5M_20260121_183806,464,0.2421875,syndrome_consistent,exact_correct,7,True
type2_1p5M_20260121_183806,465,0.265625,syndrome_consistent,exact_correct,7,True
type2_1p5M_20260121_183806,466,0.203125,syndrome_consistent,exact_correct,4,True
type2_1p5M_20260121_183806,467,0.26953125,syndrome_consistent,exact_correct,5,True
type2_1p5M_20260121_183806,468,0.27734375,syndrome_consistent,exact_correct,5,True
type2_1p5M_20260121_183806,469,0.26171875,syndrome_consistent,exact_correct,5,True
type2_1p5M_20260121_183806,470,0.25,syndrome_consistent,exact_correct,5,True
type2_1p5M_20260121_183806,471,0.28515625,syndrome_consistent,exact_correct,6,True
type2_1p5M_20260121_183806,472,0.2421875,syndrome_consistent,exact_correct,5,True
type2_1p5M_20260121_183806,473,0.22265625,syndrome_consistent,exact_correct,5,True
type2_1p5M_20260121_183806,474,0.25,syndrome_consistent,exact_correct,6,True
type2_1p5M_20260121_183806,475,0.2578125,syndrome_consistent,exact_correct,5,True
type2_1p5M_20260121_183806,476,0.23828125,syndrome_consistent,exact_correct,4,True
type2_1p5M_20260121_183806,477,0.25390625,syndrome_consistent,exact_correct,6,True
type2_1p5M_20260121_183806,478,0.3125,syndrome_consistent,exact_correct,6,True
type2_1p5M_20260121_183806,479,0.25,syndrome_consistent,exact_correct,6,True
type2_1p5M_20260121_183806,480,0.25390625,syndrome_consistent,exact_correct,6,True
type2_1p5M_20260121_183806,481,0.24609375,syndrome_consistent,exact_correct,5,True
type2_1p5M_20260121_183806,482,0.265625,syndrome_consistent,exact_correct,6,True
type2_1p5M_20260121_183806,483,0.25390625,syndrome_consistent,exact_correct,5,True
type2_1p5M_20260121_183806,484,0.28515625,syndrome_consistent,exact_correct,7,True
type2_1p5M_20260121_183806,485,0.203125,syndrome_consistent,exact_correct,4,True
type2_1p5M_20260121_183806,486,0.22265625,syndrome_consistent,exact_correct,6,True
type2_1p5M_20260121_183806,487,0.3046875,syndrome_consistent,exact_correct,6,True
type2_1p5M_20260121_183806,488,0.24609375,syndrome_consistent,exact_correct,4,True
type2_1p5M_20260121_183806,489,0.26953125,syndrome_consistent,exact_correct,4,True
type2_1p5M_20260121_183806,490,0.265625,syndrome_consistent,exact_correct,5,True
type2_1p5M_20260121_183806,491,0.29296875,syndrome_consistent,exact_correct,5,True
type2_1p5M_20260121_183806,492,0.265625,syndrome_consistent,exact_correct,5,True
type2_1p5M_20260121_183806,493,0.2734375,syndrome_consistent,exact_correct,4,True
type2_1p5M_20260121_183806,494,0.29296875,syndrome_consistent,exact_correct,8,True
type2_1p5M_20260121_183806,495,0.2734375,syndrome_consistent,exact_correct,5,True
type2_1p5M_20260121_183806,496,0.23828125,syndrome_consistent,exact_correct,4,True
type2_1p5M_20260121_183806,497,0.2890625,syndrome_consistent,exact_correct,5,True
type2_1p5M_20260121_183806,498,0.24609375,syndrome_consistent,exact_correct,6,True
type2_1p5M_20260121_183806,499,0.24609375,syndrome_consistent,exact_correct,7,True
type2_1p5M_20260121_183806,500,0.26171875,syndrome_consistent,exact_correct,5,True
type2_1p5M_20260121_183806,501,0.25,syndrome_consistent,exact_correct,4,True
type2_1p5M_20260121_183806,502,0.22265625,syndrome_consistent,exact_correct,4,True
type2_1p5M_20260121_183806,503,0.2265625,syndrome_consistent,exact_correct,4,True
type2_1p5M_20260121_183806,504,0.23046875,syndrome_consistent,exact_correct,5,True
type2_1p5M_20260121_183806,505,0.28125,syndrome_consistent,exact_correct,4,True
type2_1p5M_20260121_183806,506,0.2265625,syndrome_consistent,exact_correct,5,True
type2_1p5M_20260121_183806,507,0.24609375,syndrome_consistent,exact_correct,4,True
type2_1p5M_20260121_183806,508,0.234375,syndrome_consistent,exact_correct,3,True
type2_1p5M_20260121_183806,509,0.26953125,syndrome_consistent,exact_correct,5,True
type2_1p5M_20260121_183806,510,0.25390625,syndrome_consistent,exact_correct,7,True
type2_1p5M_20260121_183806,511,0.28515625,syndrome_consistent,exact_correct,7,True
type2_1p5M_20260121_183806,512,0.234375,syndrome_consistent,exact_correct,4,True
type2_1p5M_20260121_183806,513,0.25390625,syndrome_consistent,exact_correct,4,True
type2_1p5M_20260121_183806,514,0.234375,syndrome_consistent,exact_correct,3,True
type2_1p5M_20260121_183806,515,0.23828125,syndrome_consistent,exact_correct,7,True
type2_1p5M_20260121_183806,516,0.25,syndrome_consistent,exact_correct,3,True
type2_1p5M_20260121_183806,517,0.26953125,syndrome_consistent,exact_correct,4,True
type2_1p5M_20260121_183806,518,0.2734375,syndrome_consistent,exact_correct,4,True
type2_1p5M_20260121_183806,519,0.24609375,syndrome_consistent,exact_correct,5,True
type2_1p5M_20260121_183806,520,0.30859375,syndrome_consistent,exact_correct,11,True
type2_1p5M_20260121_183806,521,0.30078125,syndrome_consistent,exact_correct,8,True
type2_1p5M_20260121_183806,522,0.28125,syndrome_consistent,exact_correct,8,True
type2_1p5M_20260121_183806,523,0.26953125,syndrome_consistent,exact_correct,6,True
type2_1p5M_20260121_183806,524,0.21875,syndrome_consistent,exact_correct,4,True
type2_1p5M_20260121_183806,525,0.21875,syndrome_consistent,exact_correct,5,True
type2_1p5M_20260121_183806,526,0.265625,syndrome_consistent,exact_correct,5,True
type2_1p5M_20260121_183806,527,0.28515625,decode_failed,iteration_limit,100,False
type2_1p5M_20260121_183806,528,0.2890625,syndrome_consistent,exact_correct,7,True
type2_1p5M_20260121_183806,529,0.2109375,syndrome_consistent,exact_correct,6,True
type2_1p5M_20260121_183806,530,0.2421875,syndrome_consistent,exact_correct,4,True
type2_1p5M_20260121_183806,531,0.23046875,syndrome_consistent,exact_correct,5,True
type2_1p5M_20260121_183806,532,0.30078125,syndrome_consistent,exact_correct,33,True
type2_1p5M_20260121_183806,533,0.27734375,syndrome_consistent,exact_correct,6,True
type2_1p5M_20260121_183806,534,0.20703125,syndrome_consistent,exact_correct,3,True
type2_1p5M_20260121_183806,535,0.21875,syndrome_consistent,exact_correct,4,True
type2_1p5M_20260121_183806,536,0.32421875,syndrome_consistent,exact_correct,9,True
type2_1p5M_20260121_183806,537,0.2421875,syndrome_consistent,exact_correct,4,True
type2_1p5M_20260121_183806,538,0.21484375,syndrome_consistent,exact_correct,5,True
type2_1p5M_20260121_183806,539,0.25,decode_failed,iteration_limit,100,False
type2_1p5M_20260121_183806,540,0.26953125,syndrome_consistent,exact_correct,6,True
type2_1p5M_20260121_183806,541,0.26953125,syndrome_consistent,exact_correct,4,True
type2_1p5M_20260121_183806,542,0.26171875,syndrome_consistent,exact_correct,5,True
type2_1p5M_20260121_183806,543,0.2109375,syndrome_consistent,exact_correct,4,True
type2_1p5M_20260121_183806,544,0.25390625,syndrome_consistent,exact_correct,5,True
type2_1p5M_20260121_183806,545,0.23828125,syndrome_consistent,exact_correct,4,True
type2_1p5M_20260121_183806,546,0.26953125,decode_failed,iteration_limit,100,False
type2_1p5M_20260121_183806,547,0.24609375,syndrome_consistent,exact_correct,5,True
type2_1p5M_20260121_183806,548,0.28125,syndrome_consistent,exact_correct,4,True
type2_1p5M_20260121_183806,549,0.26171875,syndrome_consistent,exact_correct,7,True
type2_1p5M_20260121_183806,550,0.2109375,syndrome_consistent,exact_correct,3,True
type2_1p5M_20260121_183806,551,0.23828125,syndrome_consistent,exact_correct,4,True
type2_1p5M_20260121_183806,552,0.25,syndrome_consistent,exact_correct,4,True
type2_1p5M_20260121_183806,553,0.2734375,syndrome_consistent,exact_correct,8,True
type2_1p5M_20260121_183806,554,0.29296875,syndrome_consistent,exact_correct,8,True
type2_1p5M_20260121_183806,555,0.30078125,syndrome_consistent,exact_correct,6,True
type2_1p5M_20260121_183806,556,0.26171875,syndrome_consistent,exact_correct,6,True
type2_1p5M_20260121_183806,557,0.2578125,syndrome_consistent,exact_correct,5,True
type2_1p5M_20260121_183806,558,0.234375,syndrome_consistent,exact_correct,5,True
type2_1p5M_20260121_183806,559,0.28515625,syndrome_consistent,exact_correct,4,True
type2_1p5M_20260121_183806,560,0.23046875,syndrome_consistent,exact_correct,5,True
type2_1p5M_20260121_183806,561,0.2421875,syndrome_consistent,exact_correct,4,True
type2_1p5M_20260121_183806,562,0.23046875,syndrome_consistent,exact_correct,5,True
type2_1p5M_20260121_183806,563,0.23828125,syndrome_consistent,exact_correct,3,True
type2_1p5M_20260121_183806,564,0.26953125,syndrome_consistent,exact_correct,5,True
type2_1p5M_20260121_183806,565,0.2734375,syndrome_consistent,exact_correct,7,True
type2_1p5M_20260121_183806,566,0.203125,syndrome_consistent,exact_correct,4,True
type2_1p5M_20260121_183806,567,0.28125,syndrome_consistent,exact_correct,6,True
type2_1p5M_20260121_183806,568,0.28125,syndrome_consistent,exact_correct,6,True
type2_1p5M_20260121_183806,569,0.23828125,syndrome_consistent,exact_correct,4,True
type2_1p5M_20260121_183806,570,0.31640625,syndrome_consistent,exact_correct,5,True
type2_1p5M_20260121_183806,571,0.26171875,syndrome_consistent,exact_correct,5,True
type2_1p5M_20260121_183806,572,0.30078125,decode_failed,iteration_limit,100,False
type2_1p5M_20260121_183806,573,0.23828125,syndrome_consistent,exact_correct,4,True
type2_1p5M_20260121_183806,574,0.234375,syndrome_consistent,exact_correct,4,True
type2_1p5M_20260121_183806,575,0.26171875,syndrome_consistent,exact_correct,6,True
type2_1p5M_20260121_183806,576,0.265625,syndrome_consistent,exact_correct,4,True
type2_1p5M_20260121_183806,577,0.2734375,syndrome_consistent,exact_correct,5,True
type2_1p5M_20260121_183806,578,0.31640625,syndrome_consistent,exact_correct,14,True
type2_1p5M_20260121_183806,579,0.26953125,syndrome_consistent,exact_correct,6,True
type2_1p5M_20260121_183806,580,0.23046875,syndrome_consistent,exact_correct,4,True
type2_1p5M_20260121_183806,581,0.23046875,syndrome_consistent,exact_correct,5,True
type2_1p5M_20260121_183806,582,0.25390625,syndrome_consistent,exact_correct,5,True
type2_1p5M_20260121_183806,583,0.26953125,syndrome_consistent,exact_correct,4,True
type2_1p5M_20260121_183806,584,0.24609375,syndrome_consistent,exact_correct,5,True
type2_1p5M_20260121_183806,585,0.26171875,syndrome_consistent,exact_correct,5,True
type2_1p5M_20260121_183806,586,0.23828125,syndrome_consistent,exact_correct,3,True
type2_1p5M_20260121_183806,587,0.23828125,syndrome_consistent,exact_correct,4,True
type2_1p5M_20260121_183806,588,0.203125,syndrome_consistent,exact_correct,5,True
type2_1p5M_20260121_183806,589,0.2109375,syndrome_consistent,exact_correct,4,True
type2_1p5M_20260121_183806,590,0.2578125,syndrome_consistent,exact_correct,5,True
type2_1p5M_20260121_183806,591,0.23046875,syndrome_consistent,exact_correct,4,True
type2_1p5M_20260121_183806,592,0.30859375,syndrome_consistent,exact_correct,8,True
type2_1p5M_20260121_183806,593,0.2578125,syndrome_consistent,exact_correct,5,True
type2_1p5M_20260121_183806,594,0.26953125,syndrome_consistent,exact_correct,5,True
type2_1p5M_20260121_183806,595,0.203125,syndrome_consistent,exact_correct,3,True
type2_1p5M_20260121_183806,596,0.26171875,syndrome_consistent,exact_correct,5,True
type2_1p5M_20260121_183806,597,0.20703125,syndrome_consistent,exact_correct,3,True
type2_1p5M_20260121_183806,598,0.20703125,syndrome_consistent,exact_correct,5,True
type2_1p5M_20260121_183806,599,0.25,syndrome_consistent,exact_correct,6,True
type2_1p5M_20260121_183806,600,0.26953125,syndrome_consistent,exact_correct,5,True
type2_1p5M_20260121_183806,601,0.24609375,syndrome_consistent,exact_correct,6,True
type2_1p5M_20260121_183806,602,0.2421875,syndrome_consistent,exact_correct,5,True
type2_1p5M_20260121_183806,603,0.26171875,syndrome_consistent,exact_correct,7,True
type2_1p5M_20260121_183806,604,0.2578125,syndrome_consistent,exact_correct,3,True
type2_1p5M_20260121_183806,605,0.2734375,syndrome_consistent,exact_correct,5,True
type2_1p5M_20260121_183806,606,0.25390625,syndrome_consistent,exact_correct,5,True
type2_1p5M_20260121_183806,607,0.22265625,syndrome_consistent,exact_correct,4,True
type2_1p5M_20260121_183806,608,0.26171875,syndrome_consistent,exact_correct,6,True
type2_1p5M_20260121_183806,609,0.2421875,syndrome_consistent,exact_correct,4,True
type2_1p5M_20260121_183806,610,0.2265625,syndrome_consistent,exact_correct,4,True
type2_1p5M_20260121_183806,611,0.28125,syndrome_consistent,exact_correct,8,True
type2_1p5M_20260121_183806,612,0.26953125,syndrome_consistent,exact_correct,10,True
type2_1p5M_20260121_183806,613,0.26171875,syndrome_consistent,exact_correct,4,True
type2_1p5M_20260121_183806,614,0.23046875,syndrome_consistent,exact_correct,4,True
type2_1p5M_20260121_183806,615,0.2734375,syndrome_consistent,exact_correct,5,True
type2_1p5M_20260121_183806,616,0.265625,syndrome_consistent,exact_correct,5,True
type2_1p5M_20260121_183806,617,0.24609375,syndrome_consistent,exact_correct,4,True
type2_1p5M_20260121_183806,618,0.23046875,syndrome_consistent,exact_correct,4,True
type2_1p5M_20260121_183806,619,0.234375,syndrome_consistent,exact_correct,6,True
type2_1p5M_20260121_183806,620,0.23046875,syndrome_consistent,exact_correct,3,True
type2_1p5M_20260121_183806,621,0.296875,syndrome_consistent,exact_correct,8,True
type2_1p5M_20260121_183806,622,0.23046875,syndrome_consistent,exact_correct,4,True
type2_1p5M_20260121_183806,623,0.296875,syndrome_consistent,exact_correct,7,True
type2_1p5M_20260121_183806,624,0.2109375,syndrome_consistent,exact_correct,4,True
type2_1p5M_20260121_183806,625,0.2421875,syndrome_consistent,exact_correct,5,True
type2_1p5M_20260121_183806,626,0.234375,syndrome_consistent,exact_correct,3,True
type2_1p5M_20260121_183806,627,0.2578125,syndrome_consistent,exact_correct,5,True
type2_1p5M_20260121_183806,628,0.24609375,syndrome_consistent,exact_correct,3,True
type2_1p5M_20260121_183806,629,0.21484375,syndrome_consistent,exact_correct,4,True
type2_1p5M_20260121_183806,630,0.25,syndrome_consistent,exact_correct,4,True
type2_1p5M_20260121_183806,631,0.265625,syndrome_consistent,exact_correct,4,True
type2_1p5M_20260121_183806,632,0.21484375,syndrome_consistent,exact_correct,4,True
type2_1p5M_20260121_183806,633,0.2265625,syndrome_consistent,exact_correct,4,True
type2_1p5M_20260121_183806,634,0.26171875,syndrome_consistent,exact_correct,5,True
type2_1p5M_20260121_183806,635,0.2734375,syndrome_consistent,exact_correct,6,True
type2_1p5M_20260121_183806,636,0.21484375,syndrome_consistent,exact_correct,5,True
type2_1p5M_20260121_183806,637,0.25,syndrome_consistent,exact_correct,4,True
type2_1p5M_20260121_183806,638,0.24609375,syndrome_consistent,exact_correct,4,True
type2_1p5M_20260121_183806,639,0.2265625,syndrome_consistent,exact_correct,3,True
type2_1p5M_20260121_183806,640,0.26171875,syndrome_consistent,exact_correct,4,True
type2_1p5M_20260121_183806,641,0.23828125,syndrome_consistent,exact_correct,5,True
type2_1p5M_20260121_183806,642,0.23828125,syndrome_consistent,exact_correct,4,True
type2_1p5M_20260121_183806,643,0.234375,syndrome_consistent,exact_correct,4,True
type2_1p5M_20260121_183806,644,0.27734375,syndrome_consistent,exact_correct,6,True
type2_1p5M_20260121_183806,645,0.2578125,syndrome_consistent,exact_correct,6,True
type2_1p5M_20260121_183806,646,0.23828125,syndrome_consistent,exact_correct,4,True
type2_1p5M_20260121_183806,647,0.25,syndrome_consistent,exact_correct,5,True
type2_1p5M_20260121_183806,648,0.23828125,syndrome_consistent,exact_correct,4,True
type2_1p5M_20260121_183806,649,0.265625,syndrome_consistent,exact_correct,4,True
type2_1p5M_20260121_183806,650,0.2265625,syndrome_consistent,exact_correct,3,True
type2_1p5M_20260121_183806,651,0.23046875,syndrome_consistent,exact_correct,5,True
type2_1p5M_20260121_183806,652,0.26171875,syndrome_consistent,exact_correct,5,True
type2_1p5M_20260121_183806,653,0.32421875,syndrome_consistent,exact_correct,5,True
type2_1p5M_20260121_183806,654,0.234375,syndrome_consistent,exact_correct,4,True
type2_1p5M_20260121_183806,655,0.21875,syndrome_consistent,exact_correct,4,True
type2_1p5M_20260121_183806,656,0.265625,syndrome_consistent,exact_correct,5,True
type2_1p5M_20260121_183806,657,0.2578125,syndrome_consistent,exact_correct,7,True
type2_1p5M_20260121_183806,658,0.2421875,syndrome_consistent,exact_correct,4,True
type2_1p5M_20260121_183806,659,0.2578125,syndrome_consistent,exact_correct,6,True
type2_1p5M_20260121_183806,660,0.23828125,syndrome_consistent,exact_correct,6,True
type2_1p5M_20260121_183806,661,0.2421875,syndrome_consistent,exact_correct,4,True
type2_1p5M_20260121_183806,662,0.26953125,syndrome_consistent,exact_correct,5,True
type2_1p5M_20260121_183806,663,0.265625,syndrome_consistent,exact_correct,5,True
type2_1p5M_20260121_183806,664,0.2890625,syndrome_consistent,exact_correct,9,True
type2_1p5M_20260121_183806,665,0.2578125,syndrome_consistent,exact_correct,5,True
type2_1p5M_20260121_183806,666,0.2109375,syndrome_consistent,exact_correct,7,True
type2_1p5M_20260121_183806,667,0.265625,syndrome_consistent,exact_correct,8,True
type2_1p5M_20260121_183806,668,0.28125,syndrome_consistent,exact_correct,6,True
type2_1p5M_20260121_183806,669,0.28125,syndrome_consistent,exact_correct,6,True
type2_1p5M_20260121_183806,670,0.30078125,syndrome_consistent,exact_correct,8,True
type2_1p5M_20260121_183806,671,0.28125,syndrome_consistent,exact_correct,7,True
type2_1p5M_20260121_183806,672,0.296875,syndrome_consistent,exact_correct,7,True
type2_1p5M_20260121_183806,673,0.28515625,syndrome_consistent,exact_correct,5,True
type2_1p5M_20260121_183806,674,0.23828125,syndrome_consistent,exact_correct,6,True
type2_1p5M_20260121_183806,675,0.26171875,syndrome_consistent,exact_correct,6,True
type2_1p5M_20260121_183806,676,0.26953125,syndrome_consistent,exact_correct,5,True
type2_1p5M_20260121_183806,677,0.30859375,syndrome_consistent,exact_correct,8,True
type2_1p5M_20260121_183806,678,0.24609375,syndrome_consistent,exact_correct,4,True
type2_1p5M_20260121_183806,679,0.2734375,syndrome_consistent,exact_correct,4,True
type2_1p5M_20260121_183806,680,0.265625,syndrome_consistent,exact_correct,7,True
type2_1p5M_20260121_183806,681,0.29296875,syndrome_consistent,exact_correct,10,True
type2_1p5M_20260121_183806,682,0.20703125,syndrome_consistent,exact_correct,4,True
type2_1p5M_20260121_183806,683,0.2265625,syndrome_consistent,exact_correct,4,True
type2_1p5M_20260121_183806,684,0.26953125,syndrome_consistent,exact_correct,4,True
type2_1p5M_20260121_183806,685,0.25390625,syndrome_consistent,exact_correct,6,True
type2_1p5M_20260121_183806,686,0.2578125,syndrome_consistent,exact_correct,6,True
type2_1p5M_20260121_183806,687,0.24609375,syndrome_consistent,exact_correct,4,True
type2_1p5M_20260121_183806,688,0.27734375,syndrome_consistent,exact_correct,5,True
type2_1p5M_20260121_183806,689,0.23046875,syndrome_consistent,exact_correct,6,True
type2_1p5M_20260121_183806,690,0.25390625,syndrome_consistent,exact_correct,4,True
type2_1p5M_20260121_183806,691,0.27734375,syndrome_consistent,exact_correct,6,True
type2_1M_20260121_184040,250,0.2578125,syndrome_consistent,exact_correct,6,True
type2_1M_20260121_184040,251,0.23046875,syndrome_consistent,exact_correct,4,True
type2_1M_20260121_184040,252,0.26171875,syndrome_consistent,exact_correct,6,True
type2_1M_20260121_184040,253,0.2578125,syndrome_consistent,exact_correct,6,True
type2_1M_20260121_184040,254,0.25,syndrome_consistent,exact_correct,3,True
type2_1M_20260121_184040,255,0.21875,syndrome_consistent,exact_correct,5,True
type2_1M_20260121_184040,256,0.1875,syndrome_consistent,exact_correct,5,True
type2_1M_20260121_184040,257,0.22265625,syndrome_consistent,exact_correct,4,True
type2_1M_20260121_184040,258,0.25,syndrome_consistent,exact_correct,7,True
type2_1M_20260121_184040,259,0.328125,syndrome_consistent,exact_correct,6,True
type2_1M_20260121_184040,260,0.2734375,syndrome_consistent,exact_correct,4,True
type2_1M_20260121_184040,261,0.21875,syndrome_consistent,exact_correct,5,True
type2_1M_20260121_184040,262,0.21875,syndrome_consistent,exact_correct,4,True
type2_1M_20260121_184040,263,0.2265625,syndrome_consistent,exact_correct,4,True
type2_1M_20260121_184040,264,0.2109375,syndrome_consistent,exact_correct,5,True
type2_1M_20260121_184040,265,0.23828125,syndrome_consistent,exact_correct,5,True
type2_1M_20260121_184040,266,0.22265625,syndrome_consistent,exact_correct,4,True
type2_1M_20260121_184040,267,0.2890625,syndrome_consistent,exact_correct,4,True
type2_1M_20260121_184040,268,0.24609375,syndrome_consistent,exact_correct,4,True
type2_1M_20260121_184040,269,0.21875,syndrome_consistent,exact_correct,4,True
type2_1M_20260121_184040,270,0.23828125,syndrome_consistent,exact_correct,4,True
type2_1M_20260121_184040,271,0.26171875,syndrome_consistent,exact_correct,5,True
type2_1M_20260121_184040,272,0.296875,syndrome_consistent,exact_correct,5,True
type2_1M_20260121_184040,273,0.23828125,syndrome_consistent,exact_correct,4,True
type2_1M_20260121_184040,274,0.2421875,syndrome_consistent,exact_correct,4,True
type2_1M_20260121_184040,275,0.2109375,syndrome_consistent,exact_correct,4,True
type2_1M_20260121_184040,276,0.23046875,syndrome_consistent,exact_correct,4,True
type2_1M_20260121_184040,277,0.25,syndrome_consistent,exact_correct,4,True
type2_1M_20260121_184040,278,0.23828125,syndrome_consistent,exact_correct,9,True
type2_1M_20260121_184040,279,0.28515625,syndrome_consistent,exact_correct,4,True
type2_1M_20260121_184040,280,0.21875,syndrome_consistent,exact_correct,4,True
type2_1M_20260121_184040,281,0.26171875,syndrome_consistent,exact_correct,5,True
type2_1M_20260121_184040,282,0.23046875,syndrome_consistent,exact_correct,4,True
type2_1M_20260121_184040,283,0.265625,syndrome_consistent,exact_correct,4,True
type2_1M_20260121_184040,284,0.234375,syndrome_consistent,exact_correct,5,True
type2_1M_20260121_184040,285,0.23828125,syndrome_consistent,exact_correct,7,True
type2_1M_20260121_184040,286,0.22265625,syndrome_consistent,exact_correct,6,True
type2_1M_20260121_184040,287,0.22265625,syndrome_consistent,exact_correct,4,True
type2_1M_20260121_184040,288,0.23046875,syndrome_consistent,exact_correct,4,True
type2_1M_20260121_184040,289,0.203125,syndrome_consistent,exact_correct,4,True
type2_1M_20260121_184040,290,0.1953125,syndrome_consistent,exact_correct,3,True
type2_1M_20260121_184040,291,0.27734375,syndrome_consistent,exact_correct,5,True
type2_1M_20260121_184040,292,0.2421875,syndrome_consistent,exact_correct,5,True
type2_1M_20260121_184040,293,0.21875,syndrome_consistent,exact_correct,5,True
type2_1M_20260121_184040,294,0.21875,syndrome_consistent,exact_correct,5,True
type2_1M_20260121_184040,295,0.26171875,syndrome_consistent,exact_correct,4,True
type2_1M_20260121_184040,296,0.265625,syndrome_consistent,exact_correct,6,True
type2_1M_20260121_184040,297,0.203125,syndrome_consistent,exact_correct,5,True
type2_1M_20260121_184040,298,0.1953125,syndrome_consistent,exact_correct,3,True
type2_1M_20260121_184040,299,0.2734375,syndrome_consistent,exact_correct,7,True
type2_1M_20260121_184040,300,0.19921875,syndrome_consistent,exact_correct,3,True
type2_1M_20260121_184040,301,0.2734375,syndrome_consistent,exact_correct,12,True
type2_1M_20260121_184040,302,0.2265625,syndrome_consistent,exact_correct,4,True
type2_1M_20260121_184040,303,0.24609375,syndrome_consistent,exact_correct,5,True
type2_1M_20260121_184040,304,0.26953125,syndrome_consistent,exact_correct,5,True
type2_1M_20260121_184040,305,0.234375,syndrome_consistent,exact_correct,4,True
type2_1M_20260121_184040,306,0.26171875,syndrome_consistent,exact_correct,8,True
type2_1M_20260121_184040,307,0.21484375,syndrome_consistent,exact_correct,6,True
type2_1M_20260121_184040,308,0.265625,syndrome_consistent,exact_correct,6,True
type2_1M_20260121_184040,309,0.21484375,syndrome_consistent,exact_correct,4,True
type2_1M_20260121_184040,310,0.25390625,syndrome_consistent,exact_correct,3,True
type2_1M_20260121_184040,311,0.28515625,syndrome_consistent,exact_correct,7,True
type2_1M_20260121_184040,312,0.25,decode_failed,iteration_limit,100,False
type2_1M_20260121_184040,313,0.25,syndrome_consistent,exact_correct,4,True
type2_1M_20260121_184040,314,0.22265625,syndrome_consistent,exact_correct,5,True
type2_1M_20260121_184040,315,0.21484375,syndrome_consistent,exact_correct,4,True
type2_1M_20260121_184040,316,0.2109375,syndrome_consistent,exact_correct,4,True
type2_1M_20260121_184040,317,0.2109375,syndrome_consistent,exact_correct,4,True
type2_1M_20260121_184040,318,0.26953125,syndrome_consistent,exact_correct,5,True
type2_1M_20260121_184040,319,0.23828125,syndrome_consistent,exact_correct,3,True
type2_1M_20260121_184040,320,0.24609375,syndrome_consistent,exact_correct,4,True
type2_1M_20260121_184040,321,0.22265625,syndrome_consistent,exact_correct,3,True
type2_1M_20260121_184040,322,0.25,syndrome_consistent,exact_correct,4,True
type2_1M_20260121_184040,323,0.24609375,syndrome_consistent,exact_correct,6,True
type2_1M_20260121_184040,324,0.24609375,syndrome_consistent,exact_correct,5,True
type2_1M_20260121_184040,325,0.23828125,syndrome_consistent,exact_correct,3,True
type2_1M_20260121_184040,326,0.296875,syndrome_consistent,exact_correct,7,True
type2_1M_20260121_184040,327,0.22265625,syndrome_consistent,exact_correct,4,True
type2_1M_20260121_184040,328,0.20703125,syndrome_consistent,exact_correct,4,True
type2_1M_20260121_184040,329,0.24609375,syndrome_consistent,exact_correct,7,True
type2_1M_20260121_184040,330,0.2734375,syndrome_consistent,exact_correct,4,True
type2_1M_20260121_184040,331,0.26953125,syndrome_consistent,exact_correct,5,True
type2_1M_20260121_184040,332,0.25,syndrome_consistent,exact_correct,5,True
type2_1M_20260121_184040,333,0.2265625,syndrome_consistent,exact_correct,4,True
type2_1M_20260121_184040,334,0.2265625,syndrome_consistent,exact_correct,5,True
type2_1M_20260121_184040,335,0.21875,syndrome_consistent,exact_correct,6,True
type2_1M_20260121_184040,336,0.24609375,syndrome_consistent,exact_correct,5,True
type2_1M_20260121_184040,337,0.25,syndrome_consistent,exact_correct,4,True
type2_1M_20260121_184040,338,0.25,syndrome_consistent,exact_correct,4,True
type2_1M_20260121_184040,339,0.22265625,syndrome_consistent,exact_correct,4,True
type2_1M_20260121_184040,340,0.24609375,syndrome_consistent,exact_correct,4,True
type2_1M_20260121_184040,341,0.22265625,syndrome_consistent,exact_correct,4,True
type2_1M_20260121_184040,342,0.22265625,syndrome_consistent,exact_correct,4,True
type2_1M_20260121_184040,343,0.25,syndrome_consistent,exact_correct,5,True
type2_1M_20260121_184040,344,0.2265625,syndrome_consistent,exact_correct,4,True
type2_1M_20260121_184040,345,0.26953125,syndrome_consistent,exact_correct,4,True
type2_1M_20260121_184040,346,0.22265625,syndrome_consistent,exact_correct,5,True
type2_1M_20260121_184040,347,0.23046875,syndrome_consistent,exact_correct,5,True
type2_1M_20260121_184040,348,0.20703125,syndrome_consistent,exact_correct,3,True
type2_1M_20260121_184040,349,0.22265625,syndrome_consistent,exact_correct,4,True
type2_1M_20260121_184040,350,0.2421875,syndrome_consistent,exact_correct,4,True
type2_1M_20260121_184040,351,0.23828125,syndrome_consistent,exact_correct,4,True
type2_1M_20260121_184040,352,0.25,syndrome_consistent,exact_correct,4,True
type2_1M_20260121_184040,353,0.234375,syndrome_consistent,exact_correct,4,True
type2_1M_20260121_184040,354,0.2578125,syndrome_consistent,exact_correct,5,True
type2_1M_20260121_184040,355,0.171875,syndrome_consistent,exact_correct,5,True
type2_1M_20260121_184040,356,0.2578125,syndrome_consistent,exact_correct,4,True
type2_1M_20260121_184040,357,0.21875,syndrome_consistent,exact_correct,4,True
type2_1M_20260121_184040,358,0.27734375,syndrome_consistent,exact_correct,6,True
type2_1M_20260121_184040,359,0.28515625,syndrome_consistent,exact_correct,8,True
type2_1M_20260121_184040,360,0.1953125,syndrome_consistent,exact_correct,4,True
type2_1M_20260121_184040,361,0.26953125,syndrome_consistent,exact_correct,7,True
type2_1M_20260121_184040,362,0.265625,syndrome_consistent,exact_correct,5,True
type2_1M_20260121_184040,363,0.2578125,syndrome_consistent,exact_correct,4,True
type2_1M_20260121_184040,364,0.26953125,syndrome_consistent,exact_correct,7,True
type2_1M_20260121_184040,365,0.23828125,syndrome_consistent,exact_correct,4,True
type2_1M_20260121_184040,366,0.2421875,syndrome_consistent,exact_correct,5,True
type2_1M_20260121_184040,367,0.23828125,syndrome_consistent,exact_correct,4,True
type2_1M_20260121_184040,368,0.23828125,syndrome_consistent,exact_correct,3,True
type2_1M_20260121_184040,369,0.23828125,syndrome_consistent,exact_correct,5,True
type2_1M_20260121_184040,370,0.2265625,syndrome_consistent,exact_correct,4,True
type2_1M_20260121_184040,371,0.24609375,syndrome_consistent,exact_correct,5,True
type2_1M_20260121_184040,372,0.24609375,syndrome_consistent,exact_correct,6,True
type2_1M_20260121_184040,373,0.25390625,syndrome_consistent,exact_correct,3,True
type2_1M_20260121_184040,374,0.28125,syndrome_consistent,exact_correct,5,True
type2_1M_20260121_184040,375,0.25,syndrome_consistent,exact_correct,6,True
type2_1M_20260121_184040,376,0.296875,syndrome_consistent,exact_correct,4,True
type2_1M_20260121_184040,377,0.1953125,syndrome_consistent,exact_correct,4,True
type2_1M_20260121_184040,378,0.28515625,syndrome_consistent,exact_correct,6,True
type2_1M_20260121_184040,379,0.2265625,syndrome_consistent,exact_correct,5,True
type2_1M_20260121_184040,380,0.2265625,syndrome_consistent,exact_correct,4,True
type2_1M_20260121_184040,381,0.23046875,syndrome_consistent,exact_correct,4,True
type2_1M_20260121_184040,382,0.23828125,syndrome_consistent,exact_correct,4,True
type2_1M_20260121_184040,383,0.25,syndrome_consistent,exact_correct,5,True
type2_1M_20260121_184040,384,0.23828125,syndrome_consistent,exact_correct,4,True
type2_1M_20260121_184040,385,0.21875,syndrome_consistent,exact_correct,5,True
type2_1M_20260121_184040,386,0.22265625,syndrome_consistent,exact_correct,4,True
type2_1M_20260121_184040,387,0.22265625,syndrome_consistent,exact_correct,4,True
type2_1M_20260121_184040,388,0.2109375,syndrome_consistent,exact_correct,3,True
type2_1M_20260121_184040,389,0.21484375,syndrome_consistent,exact_correct,4,True
type2_1M_20260121_184040,390,0.25390625,syndrome_consistent,exact_correct,5,True
type2_1M_20260121_184040,391,0.23046875,syndrome_consistent,exact_correct,4,True
type2_1M_20260121_184040,392,0.2578125,syndrome_consistent,exact_correct,6,True
type2_1M_20260121_184040,393,0.24609375,syndrome_consistent,exact_correct,4,True
type2_1M_20260121_184040,394,0.24609375,syndrome_consistent,exact_correct,5,True
type2_1M_20260121_184040,395,0.21875,syndrome_consistent,exact_correct,5,True
type2_1M_20260121_184040,396,0.2421875,syndrome_consistent,exact_correct,5,True
type2_1M_20260121_184040,397,0.28125,syndrome_consistent,exact_correct,5,True
type2_1M_20260121_184040,398,0.2734375,syndrome_consistent,exact_correct,5,True
type2_1M_20260121_184040,399,0.2109375,syndrome_consistent,exact_correct,4,True
type2_1M_20260121_184040,400,0.234375,syndrome_consistent,exact_correct,3,True
type2_1M_20260121_184040,401,0.2734375,syndrome_consistent,exact_correct,6,True
type2_1M_20260121_184040,402,0.2421875,syndrome_consistent,exact_correct,5,True
type2_1M_20260121_184040,403,0.234375,syndrome_consistent,exact_correct,4,True
type2_1M_20260121_184040,404,0.26171875,syndrome_consistent,exact_correct,6,True
type2_1M_20260121_184040,405,0.2578125,syndrome_consistent,exact_correct,4,True
type2_1M_20260121_184040,406,0.234375,syndrome_consistent,exact_correct,5,True
type2_1M_20260121_184040,407,0.2734375,syndrome_consistent,exact_correct,4,True
type2_1M_20260121_184040,408,0.19140625,syndrome_consistent,exact_correct,4,True
type2_1M_20260121_184040,409,0.2421875,syndrome_consistent,exact_correct,6,True
type2_1M_20260121_184040,410,0.26953125,syndrome_consistent,exact_correct,6,True
type2_1M_20260121_184040,411,0.2109375,syndrome_consistent,exact_correct,4,True
type2_1M_20260121_184040,412,0.19140625,syndrome_consistent,exact_correct,4,True
type2_1M_20260121_184040,413,0.26171875,syndrome_consistent,exact_correct,8,True
type2_1M_20260121_184040,414,0.30078125,syndrome_consistent,exact_correct,8,True
type2_1M_20260121_184040,415,0.2734375,syndrome_consistent,exact_correct,8,True
type2_1M_20260121_184040,416,0.234375,syndrome_consistent,exact_correct,4,True
type2_1M_20260121_184040,417,0.19921875,syndrome_consistent,exact_correct,4,True
type2_1M_20260121_184040,418,0.22265625,syndrome_consistent,exact_correct,4,True
type2_1M_20260121_184040,419,0.23046875,syndrome_consistent,exact_correct,4,True
type2_1M_20260121_184040,420,0.2890625,syndrome_consistent,exact_correct,5,True
type2_1M_20260121_184040,421,0.2890625,decode_failed,iteration_limit,100,False
type2_1M_20260121_184040,422,0.25,syndrome_consistent,exact_correct,5,True
type2_1M_20260121_184040,423,0.25,syndrome_consistent,exact_correct,5,True
type2_1M_20260121_184040,424,0.24609375,syndrome_consistent,exact_correct,6,True
type2_1M_20260121_184040,425,0.2578125,syndrome_consistent,exact_correct,5,True
type2_1M_20260121_184040,426,0.22265625,syndrome_consistent,exact_correct,4,True
type2_1M_20260121_184040,427,0.24609375,syndrome_consistent,exact_correct,4,True
type2_1M_20260121_184040,428,0.21875,syndrome_consistent,exact_correct,5,True
type2_1M_20260121_184040,429,0.22265625,syndrome_consistent,exact_correct,5,True
type2_1M_20260121_184040,430,0.2109375,syndrome_consistent,exact_correct,4,True
type2_1M_20260121_184040,431,0.28125,syndrome_consistent,exact_correct,6,True
type2_1M_20260121_184040,432,0.23046875,syndrome_consistent,exact_correct,4,True
type2_1M_20260121_184040,433,0.23046875,syndrome_consistent,exact_correct,5,True
type2_1M_20260121_184040,434,0.234375,syndrome_consistent,exact_correct,3,True
type2_1M_20260121_184040,435,0.26953125,syndrome_consistent,exact_correct,8,True
type2_1M_20260121_184040,436,0.28125,syndrome_consistent,exact_correct,5,True
type2_1M_20260121_184040,437,0.21484375,syndrome_consistent,exact_correct,4,True
type2_1M_20260121_184040,438,0.23828125,syndrome_consistent,exact_correct,4,True
type2_1M_20260121_184040,439,0.23046875,syndrome_consistent,exact_correct,4,True
type2_1M_20260121_184040,440,0.1875,syndrome_consistent,exact_correct,3,True
type2_1M_20260121_184040,441,0.21875,syndrome_consistent,exact_correct,4,True
type2_1M_20260121_184040,442,0.25,syndrome_consistent,exact_correct,4,True
type2_1M_20260121_184040,443,0.29296875,syndrome_consistent,exact_correct,5,True
type2_1M_20260121_184040,444,0.265625,syndrome_consistent,exact_correct,5,True
type2_1M_20260121_184040,445,0.21484375,syndrome_consistent,exact_correct,8,True
type2_1M_20260121_184040,446,0.2890625,syndrome_consistent,exact_correct,4,True
type2_1M_20260121_184040,447,0.2109375,syndrome_consistent,exact_correct,3,True
type2_1M_20260121_184040,448,0.21875,syndrome_consistent,exact_correct,3,True
type2_1M_20260121_184040,449,0.234375,syndrome_consistent,exact_correct,5,True
type2_1M_20260121_184040,450,0.22265625,syndrome_consistent,exact_correct,4,True
type2_1M_20260121_184040,451,0.2109375,syndrome_consistent,exact_correct,6,True
type2_1M_20260121_184040,452,0.26953125,syndrome_consistent,exact_correct,7,True
type2_1M_20260121_184040,453,0.25,syndrome_consistent,exact_correct,5,True
type2_1M_20260121_184040,454,0.19140625,syndrome_consistent,exact_correct,3,True
type2_1M_20260121_184040,455,0.2578125,syndrome_consistent,exact_correct,6,True
type2_1M_20260121_184040,456,0.26953125,syndrome_consistent,exact_correct,4,True
type2_1M_20260121_184040,457,0.2578125,syndrome_consistent,exact_correct,5,True
type2_1M_20260121_184040,458,0.25,syndrome_consistent,exact_correct,5,True
type2_1M_20260121_184040,459,0.26953125,syndrome_consistent,exact_correct,5,True
type2_1M_20260121_184040,460,0.2109375,syndrome_consistent,exact_correct,3,True
type2_1M_20260121_184040,461,0.2109375,syndrome_consistent,exact_correct,4,True
type2_1M_20260121_184040,462,0.30078125,syndrome_consistent,exact_correct,10,True
type2_1M_20260121_184040,463,0.21484375,syndrome_consistent,exact_correct,4,True
type2_1M_20260121_184040,464,0.2421875,syndrome_consistent,exact_correct,5,True
type2_1M_20260121_184040,465,0.203125,syndrome_consistent,exact_correct,6,True
type2_1M_20260121_184040,466,0.23046875,syndrome_consistent,exact_correct,7,True
type2_1M_20260121_184040,467,0.21875,syndrome_consistent,exact_correct,6,True
type2_1M_20260121_184040,468,0.234375,syndrome_consistent,exact_correct,4,True
type2_1M_20260121_184040,469,0.265625,syndrome_consistent,exact_correct,5,True
type2_1M_20260121_184040,470,0.27734375,syndrome_consistent,exact_correct,5,True
type2_1M_20260121_184040,471,0.25,syndrome_consistent,exact_correct,4,True
type2_1M_20260121_184040,472,0.23046875,decode_failed,iteration_limit,100,False
type2_1M_20260121_184040,473,0.234375,syndrome_consistent,exact_correct,4,True
type2_1M_20260121_184040,474,0.2421875,syndrome_consistent,exact_correct,5,True
type2_1M_20260121_184040,475,0.24609375,syndrome_consistent,exact_correct,5,True
type2_1M_20260121_184040,476,0.24609375,syndrome_consistent,exact_correct,5,True
type2_1M_20260121_184040,477,0.21484375,syndrome_consistent,exact_correct,15,True
type2_1M_20260121_184040,478,0.2109375,syndrome_consistent,exact_correct,4,True
type2_1M_20260121_184040,479,0.2421875,syndrome_consistent,exact_correct,3,True
type2_1M_20260121_184040,480,0.2421875,syndrome_consistent,exact_correct,5,True
type2_1M_20260121_184040,481,0.25,syndrome_consistent,exact_correct,4,True
type2_1M_20260121_184040,482,0.25,syndrome_consistent,exact_correct,8,True
type2_1M_20260121_184040,483,0.2265625,syndrome_consistent,exact_correct,5,True
type2_1M_20260121_184040,484,0.25390625,syndrome_consistent,exact_correct,5,True
type2_1M_20260121_184040,485,0.24609375,syndrome_consistent,exact_correct,4,True
type2_1M_20260121_184040,486,0.2421875,syndrome_consistent,exact_correct,5,True
type2_1M_20260121_184040,487,0.23828125,syndrome_consistent,exact_correct,4,True
type2_1M_20260121_184040,488,0.25,syndrome_consistent,exact_correct,5,True
type2_1M_20260121_184040,489,0.1796875,syndrome_consistent,exact_correct,3,True
type2_1M_20260121_184040,490,0.2109375,syndrome_consistent,exact_correct,5,True
type2_1M_20260121_184040,491,0.2265625,decode_failed,iteration_limit,100,False
type2_1M_20260121_184040,492,0.265625,syndrome_consistent,exact_correct,6,True
type2_1M_20260121_184040,493,0.24609375,syndrome_consistent,exact_correct,6,True
type2_1M_20260121_184040,494,0.23828125,syndrome_consistent,exact_correct,6,True
type2_1M_20260121_184040,495,0.26171875,syndrome_consistent,exact_correct,5,True
type2_1M_20260121_184040,496,0.23046875,syndrome_consistent,exact_correct,4,True
type2_1M_20260121_184040,497,0.25390625,syndrome_consistent,exact_correct,3,True
type2_1M_20260121_184040,498,0.23046875,syndrome_consistent,exact_correct,3,True
type2_1M_20260121_184040,499,0.2265625,syndrome_consistent,exact_correct,4,True
type2_2M_20260121_183657,456,0.31640625,syndrome_consistent,exact_correct,6,True
type2_2M_20260121_183657,457,0.23828125,syndrome_consistent,exact_correct,4,True
type2_2M_20260121_183657,458,0.2265625,syndrome_consistent,exact_correct,6,True
type2_2M_20260121_183657,459,0.234375,syndrome_consistent,exact_correct,5,True
type2_2M_20260121_183657,460,0.2578125,syndrome_consistent,exact_correct,4,True
type2_2M_20260121_183657,461,0.25390625,syndrome_consistent,exact_correct,5,True
type2_2M_20260121_183657,462,0.28125,syndrome_consistent,exact_correct,6,True
type2_2M_20260121_183657,463,0.25390625,syndrome_consistent,exact_correct,4,True
type2_2M_20260121_183657,464,0.26171875,syndrome_consistent,exact_correct,5,True
type2_2M_20260121_183657,465,0.19140625,syndrome_consistent,exact_correct,4,True
type2_2M_20260121_183657,466,0.26953125,syndrome_consistent,exact_correct,5,True
type2_2M_20260121_183657,467,0.2109375,syndrome_consistent,exact_correct,6,True
type2_2M_20260121_183657,468,0.2265625,syndrome_consistent,exact_correct,4,True
type2_2M_20260121_183657,469,0.26171875,syndrome_consistent,exact_correct,6,True
type2_2M_20260121_183657,470,0.21875,syndrome_consistent,exact_correct,4,True
type2_2M_20260121_183657,471,0.2890625,decode_failed,iteration_limit,100,False
type2_2M_20260121_183657,472,0.25390625,syndrome_consistent,exact_correct,6,True
type2_2M_20260121_183657,473,0.234375,syndrome_consistent,exact_correct,5,True
type2_2M_20260121_183657,474,0.25390625,syndrome_consistent,exact_correct,5,True
type2_2M_20260121_183657,475,0.21875,syndrome_consistent,exact_correct,5,True
type2_2M_20260121_183657,476,0.2578125,syndrome_consistent,exact_correct,5,True
type2_2M_20260121_183657,477,0.26171875,syndrome_consistent,exact_correct,5,True
type2_2M_20260121_183657,478,0.25,syndrome_consistent,exact_correct,5,True
type2_2M_20260121_183657,479,0.2578125,syndrome_consistent,exact_correct,6,True
type2_2M_20260121_183657,480,0.25390625,syndrome_consistent,exact_correct,5,True
type2_2M_20260121_183657,481,0.21484375,syndrome_consistent,exact_correct,4,True
type2_2M_20260121_183657,482,0.18359375,syndrome_consistent,exact_correct,3,True
type2_2M_20260121_183657,483,0.265625,syndrome_consistent,exact_correct,5,True
type2_2M_20260121_183657,484,0.26171875,syndrome_consistent,exact_correct,5,True
type2_2M_20260121_183657,485,0.26953125,syndrome_consistent,exact_correct,5,True
type2_2M_20260121_183657,486,0.21484375,syndrome_consistent,exact_correct,4,True
type2_2M_20260121_183657,487,0.28125,syndrome_consistent,exact_correct,8,True
type2_2M_20260121_183657,488,0.25,syndrome_consistent,exact_correct,4,True
type2_2M_20260121_183657,489,0.28125,syndrome_consistent,exact_correct,4,True
type2_2M_20260121_183657,490,0.2265625,syndrome_consistent,exact_correct,4,True
type2_2M_20260121_183657,491,0.26953125,syndrome_consistent,exact_correct,5,True
type2_2M_20260121_183657,492,0.28125,syndrome_consistent,exact_correct,4,True
type2_2M_20260121_183657,493,0.20703125,syndrome_consistent,exact_correct,5,True
type2_2M_20260121_183657,494,0.27734375,syndrome_consistent,exact_correct,7,True
type2_2M_20260121_183657,495,0.2578125,syndrome_consistent,exact_correct,5,True
type2_2M_20260121_183657,496,0.28515625,syndrome_consistent,exact_correct,10,True
type2_2M_20260121_183657,497,0.25,syndrome_consistent,exact_correct,5,True
type2_2M_20260121_183657,498,0.26953125,syndrome_consistent,exact_correct,4,True
type2_2M_20260121_183657,499,0.23046875,syndrome_consistent,exact_correct,7,True
type2_2M_20260121_183657,500,0.27734375,syndrome_consistent,exact_correct,6,True
type2_2M_20260121_183657,501,0.24609375,syndrome_consistent,exact_correct,4,True
type2_2M_20260121_183657,502,0.24609375,syndrome_consistent,exact_correct,4,True
type2_2M_20260121_183657,503,0.2578125,syndrome_consistent,exact_correct,4,True
type2_2M_20260121_183657,504,0.28125,syndrome_consistent,exact_correct,7,True
type2_2M_20260121_183657,505,0.25390625,syndrome_consistent,exact_correct,4,True
type2_2M_20260121_183657,506,0.2421875,syndrome_consistent,exact_correct,6,True
type2_2M_20260121_183657,507,0.29296875,syndrome_consistent,exact_correct,8,True
type2_2M_20260121_183657,508,0.21484375,syndrome_consistent,exact_correct,5,True
type2_2M_20260121_183657,509,0.26953125,syndrome_consistent,exact_correct,6,True
type2_2M_20260121_183657,510,0.26171875,syndrome_consistent,exact_correct,5,True
type2_2M_20260121_183657,511,0.29296875,syndrome_consistent,exact_correct,5,True
type2_2M_20260121_183657,512,0.26171875,syndrome_consistent,exact_correct,4,True
type2_2M_20260121_183657,513,0.2421875,syndrome_consistent,exact_correct,6,True
type2_2M_20260121_183657,514,0.25390625,syndrome_consistent,exact_correct,4,True
type2_2M_20260121_183657,515,0.2578125,syndrome_consistent,exact_correct,5,True
type2_2M_20260121_183657,516,0.1875,syndrome_consistent,exact_correct,3,True
type2_2M_20260121_183657,517,0.2734375,syndrome_consistent,exact_correct,4,True
type2_2M_20260121_183657,518,0.2265625,syndrome_consistent,exact_correct,4,True
type2_2M_20260121_183657,519,0.28125,syndrome_consistent,exact_correct,5,True
type2_2M_20260121_183657,520,0.29296875,syndrome_consistent,exact_correct,7,True
type2_2M_20260121_183657,521,0.23828125,syndrome_consistent,exact_correct,4,True
type2_2M_20260121_183657,522,0.24609375,syndrome_consistent,exact_correct,6,True
type2_2M_20260121_183657,523,0.2890625,syndrome_consistent,exact_correct,8,True
type2_2M_20260121_183657,524,0.265625,syndrome_consistent,exact_correct,6,True
type2_2M_20260121_183657,525,0.27734375,syndrome_consistent,exact_correct,6,True
type2_2M_20260121_183657,526,0.2890625,syndrome_consistent,exact_correct,8,True
type2_2M_20260121_183657,527,0.234375,syndrome_consistent,exact_correct,5,True
type2_2M_20260121_183657,528,0.25,syndrome_consistent,exact_correct,5,True
type2_2M_20260121_183657,529,0.2734375,syndrome_consistent,exact_correct,5,True
type2_2M_20260121_183657,530,0.22265625,syndrome_consistent,exact_correct,5,True
type2_2M_20260121_183657,531,0.2109375,syndrome_consistent,exact_correct,4,True
type2_2M_20260121_183657,532,0.1953125,syndrome_consistent,exact_correct,4,True
type2_2M_20260121_183657,533,0.28125,syndrome_consistent,exact_correct,4,True
type2_2M_20260121_183657,534,0.2578125,syndrome_consistent,exact_correct,10,True
type2_2M_20260121_183657,535,0.23046875,syndrome_consistent,exact_correct,4,True
type2_2M_20260121_183657,536,0.2109375,syndrome_consistent,exact_correct,4,True
type2_2M_20260121_183657,537,0.25,syndrome_consistent,exact_correct,4,True
type2_2M_20260121_183657,538,0.26953125,syndrome_consistent,exact_correct,6,True
type2_2M_20260121_183657,539,0.23046875,syndrome_consistent,exact_correct,4,True
type2_2M_20260121_183657,540,0.296875,syndrome_consistent,exact_correct,11,True
type2_2M_20260121_183657,541,0.28125,syndrome_consistent,exact_correct,6,True
type2_2M_20260121_183657,542,0.25390625,syndrome_consistent,exact_correct,4,True
type2_2M_20260121_183657,543,0.24609375,syndrome_consistent,exact_correct,5,True
type2_2M_20260121_183657,544,0.25390625,syndrome_consistent,exact_correct,5,True
type2_2M_20260121_183657,545,0.2421875,syndrome_consistent,exact_correct,8,True
type2_2M_20260121_183657,546,0.2421875,syndrome_consistent,exact_correct,7,True
type2_2M_20260121_183657,547,0.28515625,syndrome_consistent,exact_correct,5,True
type2_2M_20260121_183657,548,0.21875,syndrome_consistent,exact_correct,3,True
type2_2M_20260121_183657,549,0.296875,syndrome_consistent,exact_correct,11,True
type2_2M_20260121_183657,550,0.21484375,syndrome_consistent,exact_correct,4,True
type2_2M_20260121_183657,551,0.28125,syndrome_consistent,exact_correct,9,True
type2_2M_20260121_183657,552,0.2421875,syndrome_consistent,exact_correct,4,True
type2_2M_20260121_183657,553,0.21484375,syndrome_consistent,exact_correct,4,True
type2_2M_20260121_183657,554,0.2578125,syndrome_consistent,exact_correct,4,True
type2_2M_20260121_183657,555,0.23046875,syndrome_consistent,exact_correct,4,True
type2_2M_20260121_183657,556,0.28125,syndrome_consistent,exact_correct,5,True
type2_2M_20260121_183657,557,0.234375,syndrome_consistent,exact_correct,7,True
type2_2M_20260121_183657,558,0.2890625,syndrome_consistent,exact_correct,5,True
type2_2M_20260121_183657,559,0.23046875,syndrome_consistent,exact_correct,3,True
type2_2M_20260121_183657,560,0.2421875,syndrome_consistent,exact_correct,4,True
type2_2M_20260121_183657,561,0.27734375,syndrome_consistent,exact_correct,4,True
type2_2M_20260121_183657,562,0.25,syndrome_consistent,exact_correct,4,True
type2_2M_20260121_183657,563,0.234375,syndrome_consistent,exact_correct,4,True
type2_2M_20260121_183657,564,0.26171875,syndrome_consistent,exact_correct,4,True
type2_2M_20260121_183657,565,0.2734375,syndrome_consistent,exact_correct,5,True
type2_2M_20260121_183657,566,0.30078125,syndrome_consistent,exact_correct,9,True
type2_2M_20260121_183657,567,0.21875,syndrome_consistent,exact_correct,3,True
type2_2M_20260121_183657,568,0.2890625,syndrome_consistent,exact_correct,7,True
type2_2M_20260121_183657,569,0.2421875,syndrome_consistent,exact_correct,3,True
type2_2M_20260121_183657,570,0.30859375,syndrome_consistent,exact_correct,6,True
type2_2M_20260121_183657,571,0.26171875,syndrome_consistent,exact_correct,5,True
type2_2M_20260121_183657,572,0.25390625,syndrome_consistent,exact_correct,4,True
type2_2M_20260121_183657,573,0.234375,syndrome_consistent,exact_correct,5,True
type2_2M_20260121_183657,574,0.2578125,syndrome_consistent,exact_correct,5,True
type2_2M_20260121_183657,575,0.25390625,syndrome_consistent,exact_correct,5,True
type2_2M_20260121_183657,576,0.2421875,syndrome_consistent,exact_correct,5,True
type2_2M_20260121_183657,577,0.234375,syndrome_consistent,exact_correct,5,True
type2_2M_20260121_183657,578,0.29296875,syndrome_consistent,exact_correct,8,True
type2_2M_20260121_183657,579,0.27734375,syndrome_consistent,exact_correct,7,True
type2_2M_20260121_183657,580,0.25390625,syndrome_consistent,exact_correct,4,True
type2_2M_20260121_183657,581,0.2890625,syndrome_consistent,exact_correct,6,True
type2_2M_20260121_183657,582,0.24609375,decode_failed,iteration_limit,100,False
type2_2M_20260121_183657,583,0.25390625,syndrome_consistent,exact_correct,6,True
type2_2M_20260121_183657,584,0.26171875,syndrome_consistent,exact_correct,7,True
type2_2M_20260121_183657,585,0.23046875,syndrome_consistent,exact_correct,4,True
type2_2M_20260121_183657,586,0.27734375,syndrome_consistent,exact_correct,5,True
type2_2M_20260121_183657,587,0.2578125,syndrome_consistent,exact_correct,5,True
type2_2M_20260121_183657,588,0.25390625,syndrome_consistent,exact_correct,5,True
type2_2M_20260121_183657,589,0.2109375,syndrome_consistent,exact_correct,4,True
type2_2M_20260121_183657,590,0.26171875,syndrome_consistent,exact_correct,5,True
type2_2M_20260121_183657,591,0.26171875,syndrome_consistent,exact_correct,8,True
type2_2M_20260121_183657,592,0.25,syndrome_consistent,exact_correct,5,True
type2_2M_20260121_183657,593,0.24609375,syndrome_consistent,exact_correct,5,True
type2_2M_20260121_183657,594,0.30078125,syndrome_consistent,exact_correct,6,True
type2_2M_20260121_183657,595,0.234375,syndrome_consistent,exact_correct,4,True
type2_2M_20260121_183657,596,0.2578125,syndrome_consistent,exact_correct,5,True
type2_2M_20260121_183657,597,0.18359375,syndrome_consistent,exact_correct,4,True
type2_2M_20260121_183657,598,0.2578125,syndrome_consistent,exact_correct,4,True
type2_2M_20260121_183657,599,0.2265625,syndrome_consistent,exact_correct,4,True
type2_2M_20260121_183657,600,0.24609375,syndrome_consistent,exact_correct,5,True
type2_2M_20260121_183657,601,0.29296875,syndrome_consistent,exact_correct,5,True
type2_2M_20260121_183657,602,0.24609375,syndrome_consistent,exact_correct,4,True
type2_2M_20260121_183657,603,0.25,syndrome_consistent,exact_correct,3,True
type2_2M_20260121_183657,604,0.23828125,syndrome_consistent,exact_correct,4,True
type2_2M_20260121_183657,605,0.26171875,syndrome_consistent,exact_correct,4,True
type2_2M_20260121_183657,606,0.27734375,syndrome_consistent,exact_correct,6,True
type2_2M_20260121_183657,607,0.2421875,syndrome_consistent,exact_correct,7,True
type2_2M_20260121_183657,608,0.25,syndrome_consistent,exact_correct,7,True
type2_2M_20260121_183657,609,0.20703125,syndrome_consistent,exact_correct,5,True
type2_2M_20260121_183657,610,0.27734375,syndrome_consistent,exact_correct,31,True
type2_2M_20260121_183657,611,0.203125,syndrome_consistent,exact_correct,5,True
type2_2M_20260121_183657,612,0.2421875,syndrome_consistent,exact_correct,4,True
type2_2M_20260121_183657,613,0.29296875,syndrome_consistent,exact_correct,8,True
type2_2M_20260121_183657,614,0.2578125,syndrome_consistent,exact_correct,4,True
type2_2M_20260121_183657,615,0.21875,syndrome_consistent,exact_correct,4,True
type2_2M_20260121_183657,616,0.2578125,syndrome_consistent,exact_correct,4,True
type2_2M_20260121_183657,617,0.296875,syndrome_consistent,exact_correct,8,True
type2_2M_20260121_183657,618,0.31640625,syndrome_consistent,exact_correct,8,True
type2_2M_20260121_183657,619,0.2578125,syndrome_consistent,exact_correct,4,True
type2_2M_20260121_183657,620,0.2421875,syndrome_consistent,exact_correct,5,True
type2_2M_20260121_183657,621,0.25,syndrome_consistent,exact_correct,9,True
type2_2M_20260121_183657,622,0.234375,syndrome_consistent,exact_correct,3,True
type2_2M_20260121_183657,623,0.28515625,syndrome_consistent,exact_correct,5,True
type2_2M_20260121_183657,624,0.27734375,syndrome_consistent,exact_correct,7,True
type2_2M_20260121_183657,625,0.28515625,syndrome_consistent,exact_correct,5,True
type2_2M_20260121_183657,626,0.2734375,syndrome_consistent,exact_correct,5,True
type2_2M_20260121_183657,627,0.24609375,syndrome_consistent,exact_correct,6,True
type2_2M_20260121_183657,628,0.265625,syndrome_consistent,exact_correct,7,True
type2_2M_20260121_183657,629,0.2578125,syndrome_consistent,exact_correct,5,True
type2_2M_20260121_183657,630,0.23828125,syndrome_consistent,exact_correct,5,True
type2_2M_20260121_183657,631,0.23046875,syndrome_consistent,exact_correct,8,True
type2_2M_20260121_183657,632,0.25,syndrome_consistent,exact_correct,8,True
type2_2M_20260121_183657,633,0.21875,syndrome_consistent,exact_correct,5,True
type2_2M_20260121_183657,634,0.3203125,syndrome_consistent,exact_correct,11,True
type2_2M_20260121_183657,635,0.28515625,syndrome_consistent,exact_correct,7,True
type2_2M_20260121_183657,636,0.2734375,syndrome_consistent,exact_correct,5,True
type2_2M_20260121_183657,637,0.296875,syndrome_consistent,exact_correct,11,True
type2_2M_20260121_183657,638,0.2578125,syndrome_consistent,exact_correct,5,True
type2_2M_20260121_183657,639,0.22265625,syndrome_consistent,exact_correct,7,True
type2_2M_20260121_183657,640,0.2734375,syndrome_consistent,exact_correct,5,True
type2_2M_20260121_183657,641,0.28125,syndrome_consistent,exact_correct,6,True
type2_2M_20260121_183657,642,0.28515625,syndrome_consistent,exact_correct,8,True
type2_2M_20260121_183657,643,0.26171875,syndrome_consistent,exact_correct,4,True
type2_2M_20260121_183657,644,0.2734375,syndrome_consistent,exact_correct,6,True
type2_2M_20260121_183657,645,0.2578125,syndrome_consistent,exact_correct,4,True
type2_2M_20260121_183657,646,0.234375,syndrome_consistent,exact_correct,4,True
type2_2M_20260121_183657,647,0.26953125,syndrome_consistent,exact_correct,3,True
type2_2M_20260121_183657,648,0.2890625,syndrome_consistent,exact_correct,16,True
type2_2M_20260121_183657,649,0.2578125,syndrome_consistent,exact_correct,6,True
type2_2M_20260121_183657,650,0.21875,syndrome_consistent,exact_correct,4,True
type2_2M_20260121_183657,651,0.24609375,syndrome_consistent,exact_correct,4,True
type2_2M_20260121_183657,652,0.25,syndrome_consistent,exact_correct,6,True
type2_2M_20260121_183657,653,0.25390625,syndrome_consistent,exact_correct,6,True
type2_2M_20260121_183657,654,0.2578125,syndrome_consistent,exact_correct,7,True
type2_2M_20260121_183657,655,0.2421875,decode_failed,iteration_limit,100,False
type2_2M_20260121_183657,656,0.26953125,syndrome_consistent,exact_correct,5,True
type2_2M_20260121_183657,657,0.28125,syndrome_consistent,exact_correct,6,True
type2_2M_20260121_183657,658,0.25,syndrome_consistent,exact_correct,4,True
type2_2M_20260121_183657,659,0.234375,syndrome_consistent,exact_correct,5,True
type2_2M_20260121_183657,660,0.265625,syndrome_consistent,exact_correct,4,True
type2_2M_20260121_183657,661,0.2578125,syndrome_consistent,exact_correct,4,True
type2_2M_20260121_183657,662,0.234375,syndrome_consistent,exact_correct,7,True
type2_2M_20260121_183657,663,0.2421875,syndrome_consistent,exact_correct,4,True
type2_2M_20260121_183657,664,0.25390625,syndrome_consistent,exact_correct,4,True
type2_2M_20260121_183657,665,0.2890625,syndrome_consistent,exact_correct,6,True
type2_2M_20260121_183657,666,0.2890625,syndrome_consistent,exact_correct,8,True
type2_2M_20260121_183657,667,0.24609375,syndrome_consistent,exact_correct,3,True
type2_2M_20260121_183657,668,0.3046875,syndrome_consistent,exact_correct,9,True
type2_2M_20260121_183657,669,0.30078125,syndrome_consistent,exact_correct,5,True
type2_2M_20260121_183657,670,0.24609375,syndrome_consistent,exact_correct,6,True
type2_2M_20260121_183657,671,0.29296875,syndrome_consistent,exact_correct,6,True
type2_2M_20260121_183657,672,0.265625,syndrome_consistent,exact_correct,5,True
type2_2M_20260121_183657,673,0.234375,syndrome_consistent,exact_correct,3,True
type2_2M_20260121_183657,674,0.25390625,syndrome_consistent,exact_correct,6,True
type2_2M_20260121_183657,675,0.23046875,syndrome_consistent,exact_correct,4,True
type2_2M_20260121_183657,676,0.23828125,syndrome_consistent,exact_correct,3,True
type2_2M_20260121_183657,677,0.26953125,syndrome_consistent,exact_correct,6,True
type2_2M_20260121_183657,678,0.2421875,syndrome_consistent,exact_correct,5,True
type2_2M_20260121_183657,679,0.23828125,syndrome_consistent,exact_correct,4,True
type2_2M_20260121_183657,680,0.21484375,syndrome_consistent,exact_correct,4,True
type2_2M_20260121_183657,681,0.23046875,syndrome_consistent,exact_correct,5,True
type2_2M_20260121_183657,682,0.26953125,syndrome_consistent,exact_correct,5,True
type2_2M_20260121_183657,683,0.2578125,syndrome_consistent,exact_correct,8,True
type2_2M_20260121_183657,684,0.30078125,syndrome_consistent,exact_correct,7,True
type2_2M_20260121_183657,685,0.24609375,syndrome_consistent,exact_correct,5,True
type2_2M_20260121_183657,686,0.26171875,syndrome_consistent,exact_correct,5,True
type2_2M_20260121_183657,687,0.28515625,syndrome_consistent,exact_correct,7,True
type2_2M_20260121_183657,688,0.23046875,syndrome_consistent,exact_correct,6,True
type2_2M_20260121_183657,689,0.21875,syndrome_consistent,exact_correct,4,True
type2_2M_20260121_183657,690,0.26953125,syndrome_consistent,exact_correct,6,True
type2_2M_20260121_183657,691,0.2734375,syndrome_consistent,exact_correct,5,True
type2_2M_20260121_183657,692,0.26953125,syndrome_consistent,exact_correct,6,True
type2_2M_20260121_183657,693,0.28515625,syndrome_consistent,exact_correct,6,True
type2_2M_20260121_183657,694,0.27734375,syndrome_consistent,exact_correct,5,True
type2_2M_20260121_183657,695,0.234375,syndrome_consistent,exact_correct,3,True
type2_2M_20260121_183657,696,0.2578125,syndrome_consistent,exact_correct,4,True
type2_2M_20260121_183657,697,0.234375,syndrome_consistent,exact_correct,4,True
type2_2M_20260121_183657,698,0.27734375,syndrome_consistent,exact_correct,5,True
type2_2M_20260121_183657,699,0.26171875,syndrome_consistent,exact_correct,6,True
type2_2M_20260121_183657,700,0.28125,syndrome_consistent,exact_correct,5,True
type2_2M_20260121_183657,701,0.296875,syndrome_consistent,exact_correct,7,True
type2_2M_20260121_183657,702,0.23828125,decode_failed,iteration_limit,100,False
type2_2M_20260121_183657,703,0.25390625,syndrome_consistent,exact_correct,4,True
type2_2M_20260121_183657,704,0.2734375,syndrome_consistent,exact_correct,5,True
type2_2M_20260121_183657,705,0.20703125,syndrome_consistent,exact_correct,4,True
type2_2M_20260121_183657,706,0.2578125,syndrome_consistent,exact_correct,4,True
type2_2M_20260121_183657,707,0.25390625,syndrome_consistent,exact_correct,3,True
type2_2M_20260121_183657,708,0.24609375,syndrome_consistent,exact_correct,4,True
type2_2M_20260121_183657,709,0.2421875,syndrome_consistent,exact_correct,5,True
type2_2M_20260121_183657,710,0.25,syndrome_consistent,exact_correct,6,True
type2_2M_20260121_183657,711,0.21484375,syndrome_consistent,exact_correct,6,True
type2_2M_20260121_183657,712,0.2734375,syndrome_consistent,exact_correct,5,True
type2_2M_20260121_183657,713,0.2578125,syndrome_consistent,exact_correct,4,True
type2_2M_20260121_183657,714,0.2578125,syndrome_consistent,exact_correct,7,True
type2_2M_20260121_183657,715,0.25,syndrome_consistent,exact_correct,5,True
type2_2M_20260121_183657,716,0.25,syndrome_consistent,exact_correct,4,True
type2_2M_20260121_183657,717,0.26953125,syndrome_consistent,exact_correct,5,True
type2_2M_20260121_183657,718,0.23046875,syndrome_consistent,exact_correct,4,True
type2_2M_20260121_183657,719,0.24609375,syndrome_consistent,exact_correct,5,True
type2_2M_20260121_183657,720,0.2421875,syndrome_consistent,exact_correct,4,True
type2_2M_20260121_183657,721,0.2890625,syndrome_consistent,exact_correct,5,True
type2_2M_20260121_183657,722,0.23046875,syndrome_consistent,exact_correct,5,True
type2_2M_20260121_183657,723,0.25,decode_failed,iteration_limit,100,False
type2_2M_20260121_183657,724,0.2734375,syndrome_consistent,exact_correct,4,True
type2_2M_20260121_183657,725,0.2578125,syndrome_consistent,exact_correct,5,True
type2_2M_20260121_183657,726,0.25390625,syndrome_consistent,exact_correct,6,True
type2_2M_20260121_183657,727,0.30859375,syndrome_consistent,exact_correct,8,True
type2_2M_20260121_183657,728,0.234375,syndrome_consistent,exact_correct,6,True
type2_2M_20260121_183657,729,0.25,syndrome_consistent,exact_correct,4,True
type2_2M_20260121_183657,730,0.3046875,syndrome_consistent,exact_correct,7,True
type2_2M_20260121_183657,731,0.2890625,syndrome_consistent,exact_correct,5,True
type2_2M_20260121_183657,732,0.2265625,syndrome_consistent,exact_correct,4,True
type2_2M_20260121_183657,733,0.265625,syndrome_consistent,exact_correct,5,True
type2_2M_20260121_183657,734,0.25390625,syndrome_consistent,exact_correct,5,True
type2_2M_20260121_183657,735,0.28515625,syndrome_consistent,exact_correct,6,True
type2_2M_20260121_183657,736,0.3125,syndrome_consistent,exact_correct,8,True
type2_2M_20260121_183657,737,0.265625,syndrome_consistent,exact_correct,5,True
type2_2M_20260121_183657,738,0.26171875,syndrome_consistent,exact_correct,6,True
type2_2M_20260121_183657,739,0.2265625,syndrome_consistent,exact_correct,4,True
type2_2M_20260121_183657,740,0.25,syndrome_consistent,exact_correct,5,True
type2_2M_20260121_183657,741,0.27734375,syndrome_consistent,exact_correct,5,True
type2_2M_20260121_183657,742,0.2109375,syndrome_consistent,exact_correct,6,True
type2_2M_20260121_183657,743,0.2890625,syndrome_consistent,exact_correct,6,True
type2_2M_20260121_183657,744,0.2734375,syndrome_consistent,exact_correct,4,True
type2_2M_20260121_183657,745,0.22265625,syndrome_consistent,exact_correct,3,True
type2_2M_20260121_183657,746,0.296875,syndrome_consistent,exact_correct,8,True
type2_2M_20260121_183657,747,0.26953125,syndrome_consistent,exact_correct,5,True
type2_2M_20260121_183657,748,0.2578125,syndrome_consistent,exact_correct,6,True
type2_2M_20260121_183657,749,0.2890625,syndrome_consistent,exact_correct,7,True
type2_2M_20260121_183657,750,0.23046875,syndrome_consistent,exact_correct,5,True
type2_2M_20260121_183657,751,0.2578125,syndrome_consistent,exact_correct,4,True
type2_2M_20260121_183657,752,0.2578125,syndrome_consistent,exact_correct,4,True
type2_2M_20260121_183657,753,0.25390625,syndrome_consistent,exact_correct,8,True
type2_2M_20260121_183657,754,0.26171875,syndrome_consistent,exact_correct,3,True
type2_2M_20260121_183657,755,0.26171875,syndrome_consistent,exact_correct,5,True
type2_2M_20260121_183657,756,0.2578125,syndrome_consistent,exact_correct,5,True
type2_2M_20260121_183657,757,0.2421875,syndrome_consistent,exact_correct,7,True
type2_2M_20260121_183657,758,0.28515625,syndrome_consistent,exact_correct,6,True
type2_2M_20260121_183657,759,0.22265625,syndrome_consistent,exact_correct,3,True
type2_2M_20260121_183657,760,0.24609375,syndrome_consistent,exact_correct,5,True
type2_2M_20260121_183657,761,0.25,decode_failed,iteration_limit,100,False
type2_2M_20260121_183657,762,0.2578125,syndrome_consistent,exact_correct,7,True
type2_2M_20260121_183657,763,0.234375,syndrome_consistent,exact_correct,3,True
type2_2M_20260121_183657,764,0.265625,syndrome_consistent,exact_correct,6,True
type2_2M_20260121_183657,765,0.27734375,syndrome_consistent,exact_correct,5,True
type2_2M_20260121_183657,766,0.25390625,syndrome_consistent,exact_correct,4,True
type2_2M_20260121_183657,767,0.2890625,syndrome_consistent,exact_correct,7,True
type2_2M_20260121_183657,768,0.25,decode_failed,iteration_limit,100,False
type2_2M_20260121_183657,769,0.28515625,syndrome_consistent,exact_correct,12,True
type2_2M_20260121_183657,770,0.25,syndrome_consistent,exact_correct,6,True
type2_2M_20260121_183657,771,0.265625,syndrome_consistent,exact_correct,5,True
type2_2M_20260121_183657,772,0.25,syndrome_consistent,exact_correct,3,True
type2_2M_20260121_183657,773,0.234375,syndrome_consistent,exact_correct,5,True
type2_2M_20260121_183657,774,0.2890625,syndrome_consistent,exact_correct,6,True
type2_2M_20260121_183657,775,0.265625,syndrome_consistent,exact_correct,5,True
type2_2M_20260121_183657,776,0.30859375,syndrome_consistent,exact_correct,6,True
type2_2M_20260121_183657,777,0.265625,syndrome_consistent,exact_correct,4,True
type2_2M_20260121_183657,778,0.2890625,syndrome_consistent,exact_correct,5,True
type2_2M_20260121_183657,779,0.24609375,syndrome_consistent,exact_correct,6,True
type2_2M_20260121_183657,780,0.203125,syndrome_consistent,exact_correct,3,True
type2_2M_20260121_183657,781,0.2890625,syndrome_consistent,exact_correct,6,True
type2_2M_20260121_183657,782,0.203125,syndrome_consistent,exact_correct,4,True
type2_2M_20260121_183657,783,0.23828125,syndrome_consistent,exact_correct,5,True
type2_2M_20260121_183657,784,0.234375,syndrome_consistent,exact_correct,8,True
type2_2M_20260121_183657,785,0.2421875,syndrome_consistent,exact_correct,4,True
type2_2M_20260121_183657,786,0.25390625,syndrome_consistent,exact_correct,10,True
type2_2M_20260121_183657,787,0.23828125,syndrome_consistent,exact_correct,5,True
type2_2M_20260121_183657,788,0.30078125,syndrome_consistent,exact_correct,5,True
type2_2M_20260121_183657,789,0.2734375,syndrome_consistent,exact_correct,8,True
type2_2M_20260121_183657,790,0.2578125,syndrome_consistent,exact_correct,5,True
type2_2M_20260121_183657,791,0.23046875,syndrome_consistent,exact_correct,4,True
type2_2M_20260121_183657,792,0.23046875,syndrome_consistent,exact_correct,4,True
type2_2M_20260121_183657,793,0.2265625,syndrome_consistent,exact_correct,5,True
type2_2M_20260121_183657,794,0.265625,syndrome_consistent,exact_correct,6,True
type2_2M_20260121_183657,795,0.2734375,syndrome_consistent,exact_correct,4,True
type2_2M_20260121_183657,796,0.27734375,syndrome_consistent,exact_correct,6,True
type2_2M_20260121_183657,797,0.28125,syndrome_consistent,exact_correct,9,True
type2_2M_20260121_183657,798,0.29296875,syndrome_consistent,exact_correct,7,True
type2_2M_20260121_183657,799,0.3046875,syndrome_consistent,exact_correct,4,True
type2_2M_20260121_183657,800,0.234375,syndrome_consistent,exact_correct,4,True
type2_2M_20260121_183657,801,0.2578125,syndrome_consistent,exact_correct,4,True
type2_2M_20260121_183657,802,0.2421875,syndrome_consistent,exact_correct,7,True
type2_2M_20260121_183657,803,0.26953125,syndrome_consistent,exact_correct,5,True
type2_2M_20260121_183657,804,0.23046875,syndrome_consistent,exact_correct,5,True
type2_2M_20260121_183657,805,0.25390625,syndrome_consistent,exact_correct,8,True
type2_2M_20260121_183657,806,0.25390625,syndrome_consistent,exact_correct,4,True
type2_2M_20260121_183657,807,0.22265625,syndrome_consistent,exact_correct,6,True
type2_2M_20260121_183657,808,0.30859375,syndrome_consistent,exact_correct,6,True
type2_2M_20260121_183657,809,0.27734375,syndrome_consistent,exact_correct,5,True
type2_2M_20260121_183657,810,0.23828125,syndrome_consistent,exact_correct,5,True
type2_2M_20260121_183657,811,0.25390625,syndrome_consistent,exact_correct,5,True
type2_2M_20260121_183657,812,0.2734375,syndrome_consistent,exact_correct,4,True
type2_2M_20260121_183657,813,0.27734375,syndrome_consistent,exact_correct,4,True
type2_2M_20260121_183657,814,0.22265625,syndrome_consistent,exact_correct,4,True
type2_2M_20260121_183657,815,0.234375,syndrome_consistent,exact_correct,5,True
type2_2M_20260121_183657,816,0.22265625,syndrome_consistent,exact_correct,4,True
type2_2M_20260121_183657,817,0.26953125,syndrome_consistent,exact_correct,5,True
type2_2M_20260121_183657,818,0.25,syndrome_consistent,exact_correct,5,True
type2_2M_20260121_183657,819,0.30078125,syndrome_consistent,exact_correct,4,True
type2_2M_20260121_183657,820,0.2578125,syndrome_consistent,exact_correct,6,True
type2_2M_20260121_183657,821,0.2890625,syndrome_consistent,exact_correct,6,True
type2_2M_20260121_183657,822,0.24609375,syndrome_consistent,exact_correct,5,True
type2_2M_20260121_183657,823,0.32421875,syndrome_consistent,exact_correct,7,True
type2_2M_20260121_183657,824,0.21875,syndrome_consistent,exact_correct,6,True
type2_2M_20260121_183657,825,0.2734375,syndrome_consistent,exact_correct,13,True
type2_2M_20260121_183657,826,0.31640625,syndrome_consistent,exact_correct,7,True
type2_2M_20260121_183657,827,0.3046875,syndrome_consistent,exact_correct,6,True
type2_2M_20260121_183657,828,0.234375,syndrome_consistent,exact_correct,3,True
type2_2M_20260121_183657,829,0.296875,syndrome_consistent,exact_correct,7,True
type2_2M_20260121_183657,830,0.24609375,syndrome_consistent,exact_correct,6,True
type2_2M_20260121_183657,831,0.22265625,syndrome_consistent,exact_correct,4,True
type2_2M_20260121_183657,832,0.26171875,syndrome_consistent,exact_correct,5,True
type2_2M_20260121_183657,833,0.26171875,syndrome_consistent,exact_correct,6,True
type2_2M_20260121_183657,834,0.25,syndrome_consistent,exact_correct,5,True
type2_2M_20260121_183657,835,0.26171875,syndrome_consistent,exact_correct,5,True
type2_2M_20260121_183657,836,0.25390625,syndrome_consistent,exact_correct,5,True
type2_2M_20260121_183657,837,0.3125,syndrome_consistent,exact_correct,11,True
type2_2M_20260121_183657,838,0.2421875,syndrome_consistent,exact_correct,6,True
type2_2M_20260121_183657,839,0.25,syndrome_consistent,exact_correct,5,True
type2_2M_20260121_183657,840,0.3359375,syndrome_consistent,exact_correct,8,True
type2_2M_20260121_183657,841,0.296875,syndrome_consistent,exact_correct,5,True
type2_2M_20260121_183657,842,0.265625,syndrome_consistent,exact_correct,3,True
type2_2M_20260121_183657,843,0.21875,syndrome_consistent,exact_correct,3,True
type2_2M_20260121_183657,844,0.25390625,syndrome_consistent,exact_correct,6,True
type2_2M_20260121_183657,845,0.2421875,syndrome_consistent,exact_correct,4,True
type2_2M_20260121_183657,846,0.30078125,syndrome_consistent,exact_correct,6,True
type2_2M_20260121_183657,847,0.26171875,syndrome_consistent,exact_correct,10,True
type2_2M_20260121_183657,848,0.24609375,syndrome_consistent,exact_correct,4,True
type2_2M_20260121_183657,849,0.25,syndrome_consistent,exact_correct,4,True
type2_2M_20260121_183657,850,0.23046875,syndrome_consistent,exact_correct,4,True
type2_2M_20260121_183657,851,0.2578125,syndrome_consistent,exact_correct,7,True
type2_2M_20260121_183657,852,0.25,syndrome_consistent,exact_correct,5,True
type2_2M_20260121_183657,853,0.29296875,syndrome_consistent,exact_correct,16,True
type2_2M_20260121_183657,854,0.23828125,syndrome_consistent,exact_correct,4,True
type2_2M_20260121_183657,855,0.234375,syndrome_consistent,exact_correct,4,True
type2_2M_20260121_183657,856,0.25,syndrome_consistent,exact_correct,5,True
type2_2M_20260121_183657,857,0.30078125,syndrome_consistent,exact_correct,6,True
type2_2M_20260121_183657,858,0.25,syndrome_consistent,exact_correct,4,True
type2_2M_20260121_183657,859,0.25,syndrome_consistent,exact_correct,6,True
type2_2M_20260121_183657,860,0.21484375,syndrome_consistent,exact_correct,5,True
type2_2M_20260121_183657,861,0.23828125,syndrome_consistent,exact_correct,5,True
type2_2M_20260121_183657,862,0.3203125,syndrome_consistent,exact_correct,9,True
type2_2M_20260121_183657,863,0.25,syndrome_consistent,exact_correct,5,True
type2_2M_20260121_183657,864,0.28515625,syndrome_consistent,exact_correct,6,True
type2_2M_20260121_183657,865,0.21875,syndrome_consistent,exact_correct,3,True
type2_2M_20260121_183657,866,0.28515625,syndrome_consistent,exact_correct,7,True
type2_2M_20260121_183657,867,0.296875,syndrome_consistent,exact_correct,11,True
type2_2M_20260121_183657,868,0.234375,syndrome_consistent,exact_correct,5,True
type2_2M_20260121_183657,869,0.27734375,syndrome_consistent,exact_correct,6,True
type2_2M_20260121_183657,870,0.23046875,syndrome_consistent,exact_correct,5,True
type2_2M_20260121_183657,871,0.25,syndrome_consistent,exact_correct,5,True
type2_2M_20260121_183657,872,0.2265625,syndrome_consistent,exact_correct,5,True
type2_2M_20260121_183657,873,0.2734375,syndrome_consistent,exact_correct,5,True
type2_2M_20260121_183657,874,0.26171875,syndrome_consistent,exact_correct,5,True
type2_2M_20260121_183657,875,0.26171875,syndrome_consistent,exact_correct,5,True
type2_2M_20260121_183657,876,0.28125,syndrome_consistent,exact_correct,5,True
type2_2M_20260121_183657,877,0.265625,syndrome_consistent,exact_correct,4,True
type2_2M_20260121_183657,878,0.23828125,syndrome_consistent,exact_correct,4,True
type2_2M_20260121_183657,879,0.2421875,syndrome_consistent,exact_correct,4,True
type2_2M_20260121_183657,880,0.2890625,syndrome_consistent,exact_correct,5,True
type2_2M_20260121_183657,881,0.234375,syndrome_consistent,exact_correct,4,True
type2_2M_20260121_183657,882,0.28515625,syndrome_consistent,exact_correct,5,True
type2_2M_20260121_183657,883,0.21484375,syndrome_consistent,exact_correct,4,True
type2_2M_20260121_183657,884,0.2578125,syndrome_consistent,exact_correct,6,True
type2_2M_20260121_183657,885,0.234375,syndrome_consistent,exact_correct,3,True
type2_2M_20260121_183657,886,0.28125,syndrome_consistent,exact_correct,5,True
type2_2M_20260121_183657,887,0.2734375,syndrome_consistent,exact_correct,6,True
type2_2M_20260121_183657,888,0.25390625,syndrome_consistent,exact_correct,5,True
type2_2M_20260121_183657,889,0.2890625,syndrome_consistent,exact_correct,5,True
type2_2M_20260121_183657,890,0.21875,syndrome_consistent,exact_correct,6,True
type2_2M_20260121_183657,891,0.26953125,syndrome_consistent,exact_correct,4,True
type2_2M_20260121_183657,892,0.21875,syndrome_consistent,exact_correct,4,True
type2_2M_20260121_183657,893,0.1953125,syndrome_consistent,exact_correct,3,True
type2_2M_20260121_183657,894,0.19140625,syndrome_consistent,exact_correct,3,True
type2_2M_20260121_183657,895,0.24609375,syndrome_consistent,exact_correct,4,True
type2_2M_20260121_183657,896,0.27734375,syndrome_consistent,exact_correct,8,True
type2_2M_20260121_183657,897,0.29296875,syndrome_consistent,exact_correct,7,True
type2_2M_20260121_183657,898,0.2265625,syndrome_consistent,exact_correct,4,True
type2_2M_20260121_183657,899,0.234375,syndrome_consistent,exact_correct,4,True
type2_2M_20260121_183657,900,0.23828125,syndrome_consistent,exact_correct,4,True
type2_2M_20260121_183657,901,0.28125,syndrome_consistent,exact_correct,6,True
type2_2M_20260121_183657,902,0.20703125,syndrome_consistent,exact_correct,4,True
type2_2M_20260121_183657,903,0.27734375,syndrome_consistent,exact_correct,6,True
type2_2M_20260121_183657,904,0.22265625,syndrome_consistent,exact_correct,5,True
type2_2M_20260121_183657,905,0.22265625,syndrome_consistent,exact_correct,6,True
type2_2M_20260121_183657,906,0.23046875,syndrome_consistent,exact_correct,5,True
type2_2M_20260121_183657,907,0.2734375,syndrome_consistent,exact_correct,6,True
type2_2M_20260121_183657,908,0.24609375,syndrome_consistent,exact_correct,5,True
type2_2M_20260121_183657,909,0.24609375,syndrome_consistent,exact_correct,4,True
type2_2M_20260121_183657,910,0.19140625,syndrome_consistent,exact_correct,5,True
type2_2M_20260121_183657,911,0.23828125,syndrome_consistent,exact_correct,5,True
type2_1p5M_20260121_183806,692,0.234375,syndrome_consistent,exact_correct,5,True
type2_1p5M_20260121_183806,693,0.21484375,syndrome_consistent,exact_correct,5,True
type2_1p5M_20260121_183806,694,0.26953125,syndrome_consistent,exact_correct,5,True
type2_1p5M_20260121_183806,695,0.27734375,syndrome_consistent,exact_correct,6,True
type2_1p5M_20260121_183806,696,0.26953125,decode_failed,iteration_limit,100,False
type2_1p5M_20260121_183806,697,0.24609375,syndrome_consistent,exact_correct,3,True
type2_1p5M_20260121_183806,698,0.3359375,decode_failed,iteration_limit,100,False
type2_1p5M_20260121_183806,699,0.24609375,syndrome_consistent,exact_correct,5,True
type2_1p5M_20260121_183806,700,0.2109375,syndrome_consistent,exact_correct,4,True
type2_1p5M_20260121_183806,701,0.2109375,syndrome_consistent,exact_correct,4,True
type2_1p5M_20260121_183806,702,0.2265625,syndrome_consistent,exact_correct,4,True
type2_1p5M_20260121_183806,703,0.234375,syndrome_consistent,exact_correct,4,True
type2_1p5M_20260121_183806,704,0.29296875,syndrome_consistent,exact_correct,6,True
type2_1p5M_20260121_183806,705,0.2734375,syndrome_consistent,exact_correct,7,True
type2_1p5M_20260121_183806,706,0.29296875,syndrome_consistent,exact_correct,7,True
type2_1p5M_20260121_183806,707,0.21875,syndrome_consistent,exact_correct,7,True
type2_1p5M_20260121_183806,708,0.2265625,decode_failed,iteration_limit,100,False
type2_1p5M_20260121_183806,709,0.203125,syndrome_consistent,exact_correct,4,True
type2_1p5M_20260121_183806,710,0.2578125,syndrome_consistent,exact_correct,6,True
type2_1p5M_20260121_183806,711,0.2578125,syndrome_consistent,exact_correct,4,True
type2_1p5M_20260121_183806,712,0.2109375,syndrome_consistent,exact_correct,4,True
type2_1p5M_20260121_183806,713,0.2109375,syndrome_consistent,exact_correct,3,True
type2_1p5M_20260121_183806,714,0.25390625,syndrome_consistent,exact_correct,7,True
type2_1p5M_20260121_183806,715,0.28515625,syndrome_consistent,exact_correct,6,True
type2_1p5M_20260121_183806,716,0.30078125,syndrome_consistent,exact_correct,5,True
type2_1p5M_20260121_183806,717,0.21484375,syndrome_consistent,exact_correct,4,True
type2_1p5M_20260121_183806,718,0.21875,syndrome_consistent,exact_correct,5,True
type2_1p5M_20260121_183806,719,0.23046875,syndrome_consistent,exact_correct,4,True
type2_1p5M_20260121_183806,720,0.2421875,syndrome_consistent,exact_correct,5,True
type2_1p5M_20260121_183806,721,0.2734375,syndrome_consistent,exact_correct,5,True
type2_1p5M_20260121_183806,722,0.27734375,syndrome_consistent,exact_correct,4,True
type2_1p5M_20260121_183806,723,0.23046875,syndrome_consistent,exact_correct,3,True
type2_1p5M_20260121_183806,724,0.265625,syndrome_consistent,exact_correct,6,True
type2_1p5M_20260121_183806,725,0.24609375,syndrome_consistent,exact_correct,4,True
type2_1p5M_20260121_183806,726,0.203125,syndrome_consistent,exact_correct,4,True
type2_1p5M_20260121_183806,727,0.23046875,syndrome_consistent,exact_correct,4,True
type2_1p5M_20260121_183806,728,0.25,decode_failed,iteration_limit,100,False
type2_1p5M_20260121_183806,729,0.24609375,syndrome_consistent,exact_correct,8,True
type2_1p5M_20260121_183806,730,0.2265625,syndrome_consistent,exact_correct,3,True
type2_1p5M_20260121_183806,731,0.24609375,syndrome_consistent,exact_correct,5,True
type2_1p5M_20260121_183806,732,0.25,syndrome_consistent,exact_correct,6,True
type2_1p5M_20260121_183806,733,0.26953125,syndrome_consistent,exact_correct,6,True
type2_1p5M_20260121_183806,734,0.27734375,syndrome_consistent,exact_correct,4,True
type2_1p5M_20260121_183806,735,0.26171875,syndrome_consistent,exact_correct,4,True
type2_1p5M_20260121_183806,736,0.29296875,syndrome_consistent,exact_correct,7,True
type2_1p5M_20260121_183806,737,0.2265625,syndrome_consistent,exact_correct,6,True
type2_1p5M_20260121_183806,738,0.3046875,syndrome_consistent,exact_correct,7,True
type2_1p5M_20260121_183806,739,0.27734375,syndrome_consistent,exact_correct,10,True
type2_1p5M_20260121_183806,740,0.265625,syndrome_consistent,exact_correct,4,True
type2_1p5M_20260121_183806,741,0.23046875,syndrome_consistent,exact_correct,4,True
type2_1p5M_20260121_183806,742,0.21875,syndrome_consistent,exact_correct,4,True
type2_1p5M_20260121_183806,743,0.20703125,syndrome_consistent,exact_correct,4,True
type2_1p5M_20260121_183806,744,0.22265625,syndrome_consistent,exact_correct,4,True
type2_1p5M_20260121_183806,745,0.24609375,syndrome_consistent,exact_correct,4,True
type2_1p5M_20260121_183806,746,0.25390625,syndrome_consistent,exact_correct,5,True
type2_1p5M_20260121_183806,747,0.28515625,syndrome_consistent,exact_correct,7,True
type2_1p5M_20260121_183806,748,0.21484375,syndrome_consistent,exact_correct,5,True
type2_1p5M_20260121_183806,749,0.25390625,syndrome_consistent,exact_correct,4,True
type2_1p5M_20260121_183806,750,0.24609375,syndrome_consistent,exact_correct,7,True
type2_1p5M_20260121_183806,751,0.29296875,syndrome_consistent,exact_correct,6,True
type2_1p5M_20260121_183806,752,0.2421875,syndrome_consistent,exact_correct,5,True
type2_1p5M_20260121_183806,753,0.29296875,syndrome_consistent,exact_correct,6,True
type2_1p5M_20260121_183806,754,0.25,syndrome_consistent,exact_correct,6,True
type2_1p5M_20260121_183806,755,0.2421875,syndrome_consistent,exact_correct,5,True
type2_1p5M_20260121_183806,756,0.2734375,syndrome_consistent,exact_correct,5,True
type2_1p5M_20260121_183806,757,0.26171875,syndrome_consistent,exact_correct,4,True
type2_1p5M_20260121_183806,758,0.22265625,syndrome_consistent,exact_correct,5,True
type2_1p5M_20260121_183806,759,0.2265625,syndrome_consistent,exact_correct,4,True
type2_1p5M_20260121_183806,760,0.21875,syndrome_consistent,exact_correct,6,True
type2_1p5M_20260121_183806,761,0.25,syndrome_consistent,exact_correct,5,True
type2_1p5M_20260121_183806,762,0.30078125,syndrome_consistent,exact_correct,5,True
type2_1p5M_20260121_183806,763,0.26171875,syndrome_consistent,exact_correct,4,True
type2_1p5M_20260121_183806,764,0.265625,syndrome_consistent,exact_correct,5,True
type2_1p5M_20260121_183806,765,0.21875,syndrome_consistent,exact_correct,3,True
type2_1p5M_20260121_183806,766,0.26953125,syndrome_consistent,exact_correct,5,True
type2_1p5M_20260121_183806,767,0.25,syndrome_consistent,exact_correct,6,True
type2_1p5M_20260121_183806,768,0.26171875,syndrome_consistent,exact_correct,4,True
type2_1p5M_20260121_183806,769,0.28125,syndrome_consistent,exact_correct,5,True
type2_1p5M_20260121_183806,770,0.27734375,syndrome_consistent,exact_correct,5,True
type2_1p5M_20260121_183806,771,0.265625,syndrome_consistent,exact_correct,4,True
type2_1p5M_20260121_183806,772,0.22265625,syndrome_consistent,exact_correct,3,True
type2_1p5M_20260121_183806,773,0.22265625,syndrome_consistent,exact_correct,3,True
type2_1p5M_20260121_183806,774,0.28515625,syndrome_consistent,exact_correct,6,True
type2_1p5M_20260121_183806,775,0.24609375,syndrome_consistent,exact_correct,4,True
type2_1p5M_20260121_183806,776,0.28125,syndrome_consistent,exact_correct,5,True
type2_1p5M_20260121_183806,777,0.234375,syndrome_consistent,exact_correct,5,True
type2_1p5M_20260121_183806,778,0.23828125,syndrome_consistent,exact_correct,5,True
type2_1p5M_20260121_183806,779,0.26171875,syndrome_consistent,exact_correct,6,True
type2_1p5M_20260121_183806,780,0.2265625,syndrome_consistent,exact_correct,4,True
type2_1p5M_20260121_183806,781,0.2578125,syndrome_consistent,exact_correct,7,True
type2_1p5M_20260121_183806,782,0.2734375,syndrome_consistent,exact_correct,5,True
type2_1p5M_20260121_183806,783,0.28125,syndrome_consistent,exact_correct,9,True
type2_1p5M_20260121_183806,784,0.2109375,syndrome_consistent,exact_correct,4,True
type2_1p5M_20260121_183806,785,0.2578125,syndrome_consistent,exact_correct,6,True
type2_1p5M_20260121_183806,786,0.21875,syndrome_consistent,exact_correct,5,True
type2_1p5M_20260121_183806,787,0.29296875,syndrome_consistent,exact_correct,7,True
type2_1p5M_20260121_183806,788,0.2421875,syndrome_consistent,exact_correct,4,True
type2_1p5M_20260121_183806,789,0.2890625,syndrome_consistent,exact_correct,10,True
type2_1p5M_20260121_183806,790,0.2421875,syndrome_consistent,exact_correct,5,True
type2_1p5M_20260121_183806,791,0.2578125,syndrome_consistent,exact_correct,5,True
type2_1p5M_20260121_183806,792,0.21875,syndrome_consistent,exact_correct,4,True
type2_1p5M_20260121_183806,793,0.23046875,syndrome_consistent,exact_correct,6,True
type2_1p5M_20260121_183806,794,0.28515625,syndrome_consistent,exact_correct,5,True
type2_1p5M_20260121_183806,795,0.2421875,syndrome_consistent,exact_correct,5,True
type2_1p5M_20260121_183806,796,0.2734375,syndrome_consistent,exact_correct,5,True
type2_1p5M_20260121_183806,797,0.3125,syndrome_consistent,exact_correct,7,True
type2_1p5M_20260121_183806,798,0.25390625,syndrome_consistent,exact_correct,4,True
type2_1p5M_20260121_183806,799,0.23828125,syndrome_consistent,exact_correct,4,True
type2_1p5M_20260121_183806,800,0.26171875,syndrome_consistent,exact_correct,4,True
type2_1p5M_20260121_183806,801,0.2421875,syndrome_consistent,exact_correct,4,True
type2_1p5M_20260121_183806,802,0.24609375,syndrome_consistent,exact_correct,5,True
type2_1p5M_20260121_183806,803,0.2890625,syndrome_consistent,exact_correct,7,True
type2_1p5M_20260121_183806,804,0.25390625,syndrome_consistent,exact_correct,6,True
type2_1p5M_20260121_183806,805,0.24609375,syndrome_consistent,exact_correct,4,True
type2_1p5M_20260121_183806,806,0.265625,syndrome_consistent,exact_correct,4,True
type2_1p5M_20260121_183806,807,0.23046875,syndrome_consistent,exact_correct,4,True
type2_1p5M_20260121_183806,808,0.28125,syndrome_consistent,exact_correct,5,True
type2_1p5M_20260121_183806,809,0.265625,syndrome_consistent,exact_correct,5,True
type2_1p5M_20260121_183806,810,0.26171875,syndrome_consistent,exact_correct,4,True
type2_1p5M_20260121_183806,811,0.2421875,syndrome_consistent,exact_correct,7,True
type2_1p5M_20260121_183806,812,0.25390625,syndrome_consistent,exact_correct,7,True
type2_1p5M_20260121_183806,813,0.25,syndrome_consistent,exact_correct,4,True
type2_1p5M_20260121_183806,814,0.2578125,syndrome_consistent,exact_correct,7,True
type2_1p5M_20260121_183806,815,0.25390625,syndrome_consistent,exact_correct,5,True
type2_1p5M_20260121_183806,816,0.25390625,syndrome_consistent,exact_correct,5,True
type2_1p5M_20260121_183806,817,0.29296875,syndrome_consistent,exact_correct,5,True
type2_1p5M_20260121_183806,818,0.3125,syndrome_consistent,exact_correct,6,True
type2_1p5M_20260121_183806,819,0.24609375,syndrome_consistent,exact_correct,5,True
type2_1p5M_20260121_183806,820,0.3046875,syndrome_consistent,exact_correct,7,True
type2_1p5M_20260121_183806,821,0.21484375,syndrome_consistent,exact_correct,4,True
type2_1p5M_20260121_183806,822,0.20703125,syndrome_consistent,exact_correct,4,True
type2_1p5M_20260121_183806,823,0.22265625,syndrome_consistent,exact_correct,5,True
type2_1p5M_20260121_183806,824,0.25390625,syndrome_consistent,exact_correct,6,True
type2_1p5M_20260121_183806,825,0.234375,syndrome_consistent,exact_correct,5,True
type2_1p5M_20260121_183806,826,0.2578125,syndrome_consistent,exact_correct,8,True
type2_1p5M_20260121_183806,827,0.21875,syndrome_consistent,exact_correct,5,True
type2_1p5M_20260121_183806,828,0.24609375,syndrome_consistent,exact_correct,5,True
type2_1p5M_20260121_183806,829,0.25390625,syndrome_consistent,exact_correct,5,True
type2_1p5M_20260121_183806,830,0.234375,syndrome_consistent,exact_correct,4,True
type2_1p5M_20260121_183806,831,0.265625,syndrome_consistent,exact_correct,5,True
type2_1p5M_20260121_183806,832,0.30859375,syndrome_consistent,exact_correct,5,True
type2_1p5M_20260121_183806,833,0.2265625,syndrome_consistent,exact_correct,6,True
type2_1p5M_20260121_183806,834,0.265625,syndrome_consistent,exact_correct,8,True
type2_1p5M_20260121_183806,835,0.234375,syndrome_consistent,exact_correct,4,True
type2_1p5M_20260121_183806,836,0.234375,syndrome_consistent,exact_correct,3,True
type2_1p5M_20260121_183806,837,0.2421875,syndrome_consistent,exact_correct,3,True
type2_1p5M_20260121_183806,838,0.23828125,syndrome_consistent,exact_correct,5,True
type2_1p5M_20260121_183806,839,0.3125,syndrome_consistent,exact_correct,7,True
type2_1p5M_20260121_183806,840,0.2578125,syndrome_consistent,exact_correct,4,True
type2_1p5M_20260121_183806,841,0.2578125,syndrome_consistent,exact_correct,5,True
type2_1p5M_20260121_183806,842,0.29296875,syndrome_consistent,exact_correct,4,True
type2_1p5M_20260121_183806,843,0.2734375,syndrome_consistent,exact_correct,5,True
type2_1p5M_20260121_183806,844,0.265625,syndrome_consistent,exact_correct,6,True
type2_1p5M_20260121_183806,845,0.26171875,syndrome_consistent,exact_correct,6,True
type2_1p5M_20260121_183806,846,0.2421875,syndrome_consistent,exact_correct,4,True
type2_1p5M_20260121_183806,847,0.24609375,syndrome_consistent,exact_correct,7,True
type2_1p5M_20260121_183806,848,0.296875,syndrome_consistent,exact_correct,5,True
type2_1p5M_20260121_183806,849,0.26953125,syndrome_consistent,exact_correct,4,True
type2_1p5M_20260121_183806,850,0.26953125,syndrome_consistent,exact_correct,8,True
type2_1p5M_20260121_183806,851,0.23828125,syndrome_consistent,exact_correct,4,True
type2_1p5M_20260121_183806,852,0.23828125,syndrome_consistent,exact_correct,4,True
type2_1p5M_20260121_183806,853,0.24609375,syndrome_consistent,exact_correct,6,True
type2_1p5M_20260121_183806,854,0.23046875,syndrome_consistent,exact_correct,4,True
type2_1p5M_20260121_183806,855,0.2421875,syndrome_consistent,exact_correct,4,True
type2_1p5M_20260121_183806,856,0.22265625,syndrome_consistent,exact_correct,4,True
type2_1p5M_20260121_183806,857,0.27734375,syndrome_consistent,exact_correct,5,True
type2_1p5M_20260121_183806,858,0.25,syndrome_consistent,exact_correct,4,True
type2_1p5M_20260121_183806,859,0.26171875,syndrome_consistent,exact_correct,6,True
type2_1p5M_20260121_183806,860,0.26171875,syndrome_consistent,exact_correct,6,True
type2_1p5M_20260121_183806,861,0.28125,syndrome_consistent,exact_correct,8,True
type2_1p5M_20260121_183806,862,0.2578125,syndrome_consistent,exact_correct,4,True
type2_1p5M_20260121_183806,863,0.32421875,syndrome_consistent,exact_correct,15,True
type2_1p5M_20260121_183806,864,0.234375,syndrome_consistent,exact_correct,4,True
type2_1p5M_20260121_183806,865,0.23828125,syndrome_consistent,exact_correct,4,True
type2_1p5M_20260121_183806,866,0.2578125,syndrome_consistent,exact_correct,4,True
type2_1p5M_20260121_183806,867,0.2421875,syndrome_consistent,exact_correct,4,True
type2_1p5M_20260121_183806,868,0.25,syndrome_consistent,exact_correct,4,True
type2_1p5M_20260121_183806,869,0.234375,syndrome_consistent,exact_correct,4,True
type2_1p5M_20260121_183806,870,0.27734375,syndrome_consistent,exact_correct,4,True
type2_1p5M_20260121_183806,871,0.2890625,syndrome_consistent,exact_correct,4,True
type2_1p5M_20260121_183806,872,0.27734375,syndrome_consistent,exact_correct,6,True
type2_1p5M_20260121_183806,873,0.19921875,syndrome_consistent,exact_correct,3,True
type2_1p5M_20260121_183806,874,0.25,syndrome_consistent,exact_correct,4,True
type2_1p5M_20260121_183806,875,0.265625,syndrome_consistent,exact_correct,4,True
type2_1p5M_20260121_183806,876,0.2734375,syndrome_consistent,exact_correct,9,True
type2_1p5M_20260121_183806,877,0.26171875,syndrome_consistent,exact_correct,4,True
type2_1p5M_20260121_183806,878,0.24609375,syndrome_consistent,exact_correct,4,True
type2_1p5M_20260121_183806,879,0.28515625,syndrome_consistent,exact_correct,6,True
type2_1p5M_20260121_183806,880,0.24609375,syndrome_consistent,exact_correct,7,True
type2_1p5M_20260121_183806,881,0.2421875,syndrome_consistent,exact_correct,4,True
type2_1p5M_20260121_183806,882,0.24609375,syndrome_consistent,exact_correct,3,True
type2_1p5M_20260121_183806,883,0.27734375,syndrome_consistent,exact_correct,5,True
type2_1p5M_20260121_183806,884,0.2421875,syndrome_consistent,exact_correct,5,True
type2_1p5M_20260121_183806,885,0.2578125,syndrome_consistent,exact_correct,4,True
type2_1p5M_20260121_183806,886,0.27734375,syndrome_consistent,exact_correct,5,True
type2_1p5M_20260121_183806,887,0.25390625,syndrome_consistent,exact_correct,4,True
type2_1p5M_20260121_183806,888,0.21875,syndrome_consistent,exact_correct,4,True
type2_1p5M_20260121_183806,889,0.2734375,syndrome_consistent,exact_correct,5,True
type2_1p5M_20260121_183806,890,0.2578125,syndrome_consistent,exact_correct,5,True
type2_1p5M_20260121_183806,891,0.2421875,syndrome_consistent,exact_correct,4,True
type2_1p5M_20260121_183806,892,0.2421875,syndrome_consistent,exact_correct,5,True
type2_1p5M_20260121_183806,893,0.22265625,syndrome_consistent,exact_correct,3,True
type2_1p5M_20260121_183806,894,0.25390625,syndrome_consistent,exact_correct,6,True
type2_1p5M_20260121_183806,895,0.296875,syndrome_consistent,exact_correct,20,True
type2_1p5M_20260121_183806,896,0.296875,syndrome_consistent,exact_correct,8,True
type2_1p5M_20260121_183806,897,0.26171875,syndrome_consistent,exact_correct,5,True
type2_1p5M_20260121_183806,898,0.26953125,syndrome_consistent,exact_correct,4,True
type2_1p5M_20260121_183806,899,0.265625,syndrome_consistent,exact_correct,4,True
type2_1p5M_20260121_183806,900,0.27734375,syndrome_consistent,exact_correct,5,True
type2_1p5M_20260121_183806,901,0.2265625,syndrome_consistent,exact_correct,4,True
type2_1p5M_20260121_183806,902,0.30078125,syndrome_consistent,exact_correct,5,True
type2_1p5M_20260121_183806,903,0.30078125,syndrome_consistent,exact_correct,10,True
type2_1p5M_20260121_183806,904,0.29296875,syndrome_consistent,exact_correct,7,True
type2_1p5M_20260121_183806,905,0.25,syndrome_consistent,exact_correct,4,True
type2_1p5M_20260121_183806,906,0.2265625,syndrome_consistent,exact_correct,4,True
type2_1p5M_20260121_183806,907,0.21484375,syndrome_consistent,exact_correct,4,True
type2_1p5M_20260121_183806,908,0.2734375,syndrome_consistent,exact_correct,5,True
type2_1p5M_20260121_183806,909,0.203125,syndrome_consistent,exact_correct,4,True
type2_1p5M_20260121_183806,910,0.25390625,syndrome_consistent,exact_correct,4,True
type2_1p5M_20260121_183806,911,0.25,syndrome_consistent,exact_correct,5,True
type2_1p5M_20260121_183806,912,0.203125,syndrome_consistent,exact_correct,3,True
type2_1p5M_20260121_183806,913,0.24609375,syndrome_consistent,exact_correct,6,True
type2_1p5M_20260121_183806,914,0.30859375,syndrome_consistent,exact_correct,6,True
type2_1p5M_20260121_183806,915,0.28515625,syndrome_consistent,exact_correct,5,True
type2_1p5M_20260121_183806,916,0.24609375,syndrome_consistent,exact_correct,6,True
type2_1p5M_20260121_183806,917,0.27734375,syndrome_consistent,exact_correct,6,True
type2_1p5M_20260121_183806,918,0.2421875,syndrome_consistent,exact_correct,5,True
type2_1p5M_20260121_183806,919,0.265625,syndrome_consistent,exact_correct,4,True
type2_1p5M_20260121_183806,920,0.2734375,syndrome_consistent,exact_correct,5,True
type2_1p5M_20260121_183806,921,0.2109375,syndrome_consistent,exact_correct,4,True
type2_1p5M_20260121_183806,922,0.2265625,syndrome_consistent,exact_correct,5,True
type2_1p5M_20260121_183806,923,0.25390625,syndrome_consistent,exact_correct,6,True
type2_1p5M_20260121_183806,924,0.25,syndrome_consistent,exact_correct,4,True
type2_1p5M_20260121_183806,925,0.27734375,syndrome_consistent,exact_correct,7,True
type2_1p5M_20260121_183806,926,0.21484375,syndrome_consistent,exact_correct,4,True
type2_1p5M_20260121_183806,927,0.30859375,syndrome_consistent,exact_correct,6,True
type2_1p5M_20260121_183806,928,0.2421875,syndrome_consistent,exact_correct,4,True
type2_1p5M_20260121_183806,929,0.23828125,syndrome_consistent,exact_correct,5,True
type2_1p5M_20260121_183806,930,0.26953125,syndrome_consistent,exact_correct,5,True
type2_1p5M_20260121_183806,931,0.29296875,syndrome_consistent,exact_correct,5,True
type2_1p5M_20260121_183806,932,0.30078125,syndrome_consistent,exact_correct,4,True
type2_1p5M_20260121_183806,933,0.24609375,syndrome_consistent,exact_correct,5,True
type2_1p5M_20260121_183806,934,0.23828125,syndrome_consistent,exact_correct,4,True
type2_1p5M_20260121_183806,935,0.28125,syndrome_consistent,exact_correct,5,True
type2_1p5M_20260121_183806,936,0.25,syndrome_consistent,exact_correct,5,True
type2_1p5M_20260121_183806,937,0.3046875,syndrome_consistent,exact_correct,7,True
type2_1p5M_20260121_183806,938,0.234375,syndrome_consistent,exact_correct,6,True
type2_1p5M_20260121_183806,939,0.25,syndrome_consistent,exact_correct,4,True
type2_1p5M_20260121_183806,940,0.2890625,syndrome_consistent,exact_correct,5,True
type2_1p5M_20260121_183806,941,0.296875,syndrome_consistent,exact_correct,5,True
type2_1p5M_20260121_183806,942,0.234375,syndrome_consistent,exact_correct,4,True
type2_1p5M_20260121_183806,943,0.29296875,syndrome_consistent,exact_correct,5,True
type2_1p5M_20260121_183806,944,0.24609375,syndrome_consistent,exact_correct,5,True
type2_1p5M_20260121_183806,945,0.23828125,syndrome_consistent,exact_correct,5,True
type2_1p5M_20260121_183806,946,0.25390625,syndrome_consistent,exact_correct,5,True
type2_1p5M_20260121_183806,947,0.24609375,syndrome_consistent,exact_correct,5,True
type2_1p5M_20260121_183806,948,0.26171875,syndrome_consistent,exact_correct,4,True
type2_1p5M_20260121_183806,949,0.28515625,syndrome_consistent,exact_correct,4,True
type2_1p5M_20260121_183806,950,0.20703125,syndrome_consistent,exact_correct,5,True
type2_1p5M_20260121_183806,951,0.2265625,syndrome_consistent,exact_correct,4,True
type2_1p5M_20260121_183806,952,0.26171875,syndrome_consistent,exact_correct,4,True
type2_1p5M_20260121_183806,953,0.23828125,syndrome_consistent,exact_correct,3,True
type2_1p5M_20260121_183806,954,0.2578125,syndrome_consistent,exact_correct,5,True
type2_1p5M_20260121_183806,955,0.21484375,syndrome_consistent,exact_correct,4,True
type2_1p5M_20260121_183806,956,0.23828125,syndrome_consistent,exact_correct,6,True
type2_1p5M_20260121_183806,957,0.20703125,syndrome_consistent,exact_correct,6,True
type2_1p5M_20260121_183806,958,0.24609375,syndrome_consistent,exact_correct,4,True
type2_1p5M_20260121_183806,959,0.25390625,syndrome_consistent,exact_correct,5,True
type2_1p5M_20260121_183806,960,0.25,syndrome_consistent,exact_correct,5,True
type2_1p5M_20260121_183806,961,0.296875,decode_failed,iteration_limit,100,False
type2_1p5M_20260121_183806,962,0.2421875,syndrome_consistent,exact_correct,5,True
type2_1p5M_20260121_183806,963,0.28125,syndrome_consistent,exact_correct,5,True
type2_1p5M_20260121_183806,964,0.25,syndrome_consistent,exact_correct,4,True
type2_1p5M_20260121_183806,965,0.23046875,syndrome_consistent,exact_correct,5,True
type2_1p5M_20260121_183806,966,0.2890625,syndrome_consistent,exact_correct,4,True
type2_1p5M_20260121_183806,967,0.21484375,syndrome_consistent,exact_correct,5,True
type2_1p5M_20260121_183806,968,0.23046875,syndrome_consistent,exact_correct,4,True
type2_1p5M_20260121_183806,969,0.26953125,syndrome_consistent,exact_correct,4,True
type2_1p5M_20260121_183806,970,0.2890625,syndrome_consistent,exact_correct,4,True
type2_1p5M_20260121_183806,971,0.2578125,syndrome_consistent,exact_correct,7,True
type2_1p5M_20260121_183806,972,0.234375,syndrome_consistent,exact_correct,6,True
type2_1p5M_20260121_183806,973,0.20703125,syndrome_consistent,exact_correct,6,True
type2_1p5M_20260121_183806,974,0.24609375,syndrome_consistent,exact_correct,3,True
type2_1p5M_20260121_183806,975,0.23828125,syndrome_consistent,exact_correct,5,True
type2_1p5M_20260121_183806,976,0.2265625,syndrome_consistent,exact_correct,4,True
type2_1p5M_20260121_183806,977,0.2734375,syndrome_consistent,exact_correct,6,True
type2_1p5M_20260121_183806,978,0.21875,syndrome_consistent,exact_correct,4,True
type2_1p5M_20260121_183806,979,0.234375,syndrome_consistent,exact_correct,5,True
type2_1p5M_20260121_183806,980,0.25,syndrome_consistent,exact_correct,4,True
type2_1p5M_20260121_183806,981,0.2734375,syndrome_consistent,exact_correct,4,True
type2_1p5M_20260121_183806,982,0.2890625,syndrome_consistent,exact_correct,6,True
type2_1p5M_20260121_183806,983,0.25,syndrome_consistent,exact_correct,4,True
type2_1p5M_20260121_183806,984,0.2734375,syndrome_consistent,exact_correct,4,True
type2_1p5M_20260121_183806,985,0.26953125,syndrome_consistent,exact_correct,7,True
type2_1p5M_20260121_183806,986,0.21875,syndrome_consistent,exact_correct,3,True
type2_1p5M_20260121_183806,987,0.2109375,syndrome_consistent,exact_correct,4,True
type2_1p5M_20260121_183806,988,0.23828125,syndrome_consistent,exact_correct,5,True
type2_1p5M_20260121_183806,989,0.27734375,syndrome_consistent,exact_correct,4,True
type2_1p5M_20260121_183806,990,0.2734375,syndrome_consistent,exact_correct,4,True
type2_1p5M_20260121_183806,991,0.24609375,syndrome_consistent,exact_correct,4,True
type2_1p5M_20260121_183806,992,0.23046875,syndrome_consistent,exact_correct,5,True
type2_1p5M_20260121_183806,993,0.2421875,syndrome_consistent,exact_correct,5,True
type2_1p5M_20260121_183806,994,0.2734375,syndrome_consistent,exact_correct,10,True
type2_1p5M_20260121_183806,995,0.2890625,syndrome_consistent,exact_correct,8,True
type2_1p5M_20260121_183806,996,0.2421875,syndrome_consistent,exact_correct,5,True
type2_1p5M_20260121_183806,997,0.2734375,syndrome_consistent,exact_correct,4,True
type2_1p5M_20260121_183806,998,0.28125,syndrome_consistent,exact_correct,5,True
type2_1p5M_20260121_183806,999,0.23046875,syndrome_consistent,exact_correct,5,True
type2_1p5M_20260121_183806,1000,0.296875,syndrome_consistent,exact_correct,6,True
type2_1p5M_20260121_183806,1001,0.2578125,syndrome_consistent,exact_correct,6,True
type2_1p5M_20260121_183806,1002,0.28125,syndrome_consistent,exact_correct,7,True
type2_1p5M_20260121_183806,1003,0.26171875,syndrome_consistent,exact_correct,4,True
type2_1p5M_20260121_183806,1004,0.25390625,syndrome_consistent,exact_correct,4,True
type2_1p5M_20260121_183806,1005,0.28125,syndrome_consistent,exact_correct,4,True
type2_1p5M_20260121_183806,1006,0.21875,syndrome_consistent,exact_correct,4,True
type2_1p5M_20260121_183806,1007,0.265625,syndrome_consistent,exact_correct,7,True
type2_1p5M_20260121_183806,1008,0.25390625,syndrome_consistent,exact_correct,6,True
type2_1p5M_20260121_183806,1009,0.26171875,syndrome_consistent,exact_correct,6,True
type2_1p5M_20260121_183806,1010,0.24609375,syndrome_consistent,exact_correct,3,True
type2_1p5M_20260121_183806,1011,0.23828125,syndrome_consistent,exact_correct,4,True
type2_1p5M_20260121_183806,1012,0.296875,syndrome_consistent,exact_correct,8,True
type2_1p5M_20260121_183806,1013,0.265625,syndrome_consistent,exact_correct,5,True
type2_1p5M_20260121_183806,1014,0.26953125,syndrome_consistent,exact_correct,4,True
type2_1p5M_20260121_183806,1015,0.2265625,syndrome_consistent,exact_correct,5,True
type2_1p5M_20260121_183806,1016,0.234375,syndrome_consistent,exact_correct,4,True
type2_1p5M_20260121_183806,1017,0.2578125,syndrome_consistent,exact_correct,6,True
type2_1p5M_20260121_183806,1018,0.29296875,syndrome_consistent,exact_correct,5,True
type2_1p5M_20260121_183806,1019,0.27734375,syndrome_consistent,exact_correct,5,True
type2_1p5M_20260121_183806,1020,0.2109375,syndrome_consistent,exact_correct,4,True
type2_1p5M_20260121_183806,1021,0.234375,syndrome_consistent,exact_correct,5,True
type2_1p5M_20260121_183806,1022,0.234375,syndrome_consistent,exact_correct,4,True
type2_1p5M_20260121_183806,1023,0.25,syndrome_consistent,exact_correct,5,True
type2_1p5M_20260121_183806,1024,0.26171875,syndrome_consistent,exact_correct,6,True
type2_1p5M_20260121_183806,1025,0.2578125,syndrome_consistent,exact_correct,10,True
type2_1p5M_20260121_183806,1026,0.2109375,syndrome_consistent,exact_correct,4,True
type2_1p5M_20260121_183806,1027,0.296875,syndrome_consistent,exact_correct,6,True
type2_1p5M_20260121_183806,1028,0.2890625,syndrome_consistent,exact_correct,6,True
type2_1p5M_20260121_183806,1029,0.28515625,syndrome_consistent,exact_correct,5,True
type2_1p5M_20260121_183806,1030,0.21484375,syndrome_consistent,exact_correct,3,True
type2_1p5M_20260121_183806,1031,0.22265625,syndrome_consistent,exact_correct,5,True
type2_1p5M_20260121_183806,1032,0.27734375,syndrome_consistent,exact_correct,6,True
type2_1p5M_20260121_183806,1033,0.23046875,syndrome_consistent,exact_correct,4,True
type2_1p5M_20260121_183806,1034,0.21875,syndrome_consistent,exact_correct,4,True
type2_1p5M_20260121_183806,1035,0.25,syndrome_consistent,exact_correct,5,True
type2_1p5M_20260121_183806,1036,0.2421875,syndrome_consistent,exact_correct,6,True
type2_1p5M_20260121_183806,1037,0.28125,syndrome_consistent,exact_correct,5,True
type2_1M_20260121_184040,500,0.2578125,syndrome_consistent,exact_correct,4,True
type2_1M_20260121_184040,501,0.21875,syndrome_consistent,exact_correct,5,True
type2_1M_20260121_184040,502,0.26171875,syndrome_consistent,exact_correct,6,True
type2_1M_20260121_184040,503,0.2578125,syndrome_consistent,exact_correct,4,True
type2_1M_20260121_184040,504,0.2578125,syndrome_consistent,exact_correct,3,True
type2_1M_20260121_184040,505,0.2421875,syndrome_consistent,exact_correct,5,True
type2_1M_20260121_184040,506,0.27734375,syndrome_consistent,exact_correct,13,True
type2_1M_20260121_184040,507,0.2265625,syndrome_consistent,exact_correct,5,True
type2_1M_20260121_184040,508,0.21484375,syndrome_consistent,exact_correct,5,True
type2_1M_20260121_184040,509,0.21484375,syndrome_consistent,exact_correct,3,True
type2_1M_20260121_184040,510,0.26953125,syndrome_consistent,exact_correct,6,True
type2_1M_20260121_184040,511,0.203125,syndrome_consistent,exact_correct,3,True
type2_1M_20260121_184040,512,0.1953125,syndrome_consistent,exact_correct,3,True
type2_1M_20260121_184040,513,0.2265625,syndrome_consistent,exact_correct,3,True
type2_1M_20260121_184040,514,0.23046875,syndrome_consistent,exact_correct,5,True
type2_1M_20260121_184040,515,0.2421875,syndrome_consistent,exact_correct,4,True
type2_1M_20260121_184040,516,0.203125,syndrome_consistent,exact_correct,4,True
type2_1M_20260121_184040,517,0.2421875,syndrome_consistent,exact_correct,6,True
type2_1M_20260121_184040,518,0.25390625,syndrome_consistent,exact_correct,6,True
type2_1M_20260121_184040,519,0.2421875,syndrome_consistent,exact_correct,3,True
type2_1M_20260121_184040,520,0.25,syndrome_consistent,exact_correct,3,True
type2_1M_20260121_184040,521,0.22265625,syndrome_consistent,exact_correct,5,True
type2_1M_20260121_184040,522,0.25390625,syndrome_consistent,exact_correct,6,True
type2_1M_20260121_184040,523,0.2265625,syndrome_consistent,exact_correct,3,True
type2_1M_20260121_184040,524,0.23828125,syndrome_consistent,exact_correct,5,True
type2_1M_20260121_184040,525,0.21484375,syndrome_consistent,exact_correct,5,True
type2_1M_20260121_184040,526,0.2578125,syndrome_consistent,exact_correct,5,True
type2_1M_20260121_184040,527,0.23046875,syndrome_consistent,exact_correct,4,True
type2_1M_20260121_184040,528,0.2421875,syndrome_consistent,exact_correct,7,True
type2_1M_20260121_184040,529,0.21875,syndrome_consistent,exact_correct,4,True
type2_1M_20260121_184040,530,0.265625,syndrome_consistent,exact_correct,6,True
type2_1M_20260121_184040,531,0.22265625,syndrome_consistent,exact_correct,4,True
type2_1M_20260121_184040,532,0.22265625,syndrome_consistent,exact_correct,4,True
type2_1M_20260121_184040,533,0.23046875,syndrome_consistent,exact_correct,4,True
type2_1M_20260121_184040,534,0.22265625,syndrome_consistent,exact_correct,5,True
type2_1M_20260121_184040,535,0.25,syndrome_consistent,exact_correct,6,True
type2_1M_20260121_184040,536,0.23828125,syndrome_consistent,exact_correct,4,True
type2_1M_20260121_184040,537,0.28515625,syndrome_consistent,exact_correct,4,True
type2_1M_20260121_184040,538,0.23828125,syndrome_consistent,exact_correct,7,True
type2_1M_20260121_184040,539,0.21875,syndrome_consistent,exact_correct,5,True
type2_1M_20260121_184040,540,0.24609375,syndrome_consistent,exact_correct,6,True
type2_1M_20260121_184040,541,0.22265625,syndrome_consistent,exact_correct,4,True
type2_1M_20260121_184040,542,0.234375,syndrome_consistent,exact_correct,4,True
type2_1M_20260121_184040,543,0.21875,syndrome_consistent,exact_correct,3,True
type2_1M_20260121_184040,544,0.25390625,syndrome_consistent,exact_correct,8,True
type2_1M_20260121_184040,545,0.21484375,syndrome_consistent,exact_correct,4,True
type2_1M_20260121_184040,546,0.234375,syndrome_consistent,exact_correct,4,True
type2_1M_20260121_184040,547,0.19140625,syndrome_consistent,exact_correct,4,True
type2_1M_20260121_184040,548,0.2421875,syndrome_consistent,exact_correct,4,True
type2_1M_20260121_184040,549,0.25390625,syndrome_consistent,exact_correct,4,True
type2_1M_20260121_184040,550,0.234375,syndrome_consistent,exact_correct,7,True
type2_1M_20260121_184040,551,0.2265625,syndrome_consistent,exact_correct,4,True
type2_1M_20260121_184040,552,0.25,syndrome_consistent,exact_correct,4,True
type2_1M_20260121_184040,553,0.25390625,syndrome_consistent,exact_correct,10,True
type2_1M_20260121_184040,554,0.24609375,syndrome_consistent,exact_correct,6,True
type2_1M_20260121_184040,555,0.24609375,syndrome_consistent,exact_correct,4,True
type2_1M_20260121_184040,556,0.21875,syndrome_consistent,exact_correct,4,True
type2_1M_20260121_184040,557,0.23046875,syndrome_consistent,exact_correct,4,True
type2_1M_20260121_184040,558,0.19921875,syndrome_consistent,exact_correct,3,True
type2_1M_20260121_184040,559,0.25,syndrome_consistent,exact_correct,7,True
type2_1M_20260121_184040,560,0.25390625,syndrome_consistent,exact_correct,5,True
type2_1M_20260121_184040,561,0.23046875,syndrome_consistent,exact_correct,4,True
type2_1M_20260121_184040,562,0.24609375,syndrome_consistent,exact_correct,4,True
type2_1M_20260121_184040,563,0.2578125,syndrome_consistent,exact_correct,4,True
type2_1M_20260121_184040,564,0.23046875,syndrome_consistent,exact_correct,4,True
type2_1M_20260121_184040,565,0.26953125,syndrome_consistent,exact_correct,4,True
type2_1M_20260121_184040,566,0.24609375,syndrome_consistent,exact_correct,4,True
type2_1M_20260121_184040,567,0.296875,syndrome_consistent,exact_correct,5,True
type2_1M_20260121_184040,568,0.27734375,syndrome_consistent,exact_correct,6,True
type2_1M_20260121_184040,569,0.2890625,syndrome_consistent,exact_correct,7,True
type2_1M_20260121_184040,570,0.234375,syndrome_consistent,exact_correct,6,True
type2_1M_20260121_184040,571,0.24609375,syndrome_consistent,exact_correct,6,True
type2_1M_20260121_184040,572,0.23046875,syndrome_consistent,exact_correct,4,True
type2_1M_20260121_184040,573,0.2578125,syndrome_consistent,exact_correct,7,True
type2_1M_20260121_184040,574,0.23828125,syndrome_consistent,exact_correct,4,True
type2_1M_20260121_184040,575,0.23828125,syndrome_consistent,exact_correct,5,True
type2_1M_20260121_184040,576,0.2265625,syndrome_consistent,exact_correct,4,True
type2_1M_20260121_184040,577,0.2421875,syndrome_consistent,exact_correct,4,True
type2_1M_20260121_184040,578,0.25,syndrome_consistent,exact_correct,5,True
type2_1M_20260121_184040,579,0.22265625,syndrome_consistent,exact_correct,4,True
type2_1M_20260121_184040,580,0.24609375,syndrome_consistent,exact_correct,4,True
type2_1M_20260121_184040,581,0.28515625,syndrome_consistent,exact_correct,6,True
type2_1M_20260121_184040,582,0.265625,syndrome_consistent,exact_correct,6,True
type2_1M_20260121_184040,583,0.26171875,syndrome_consistent,exact_correct,5,True
type2_1M_20260121_184040,584,0.23828125,syndrome_consistent,exact_correct,5,True
type2_1M_20260121_184040,585,0.25390625,syndrome_consistent,exact_correct,5,True
type2_1M_20260121_184040,586,0.23046875,syndrome_consistent,exact_correct,4,True
type2_1M_20260121_184040,587,0.234375,syndrome_consistent,exact_correct,3,True
type2_1M_20260121_184040,588,0.21875,syndrome_consistent,exact_correct,5,True
type2_1M_20260121_184040,589,0.26171875,syndrome_consistent,exact_correct,5,True
type2_1M_20260121_184040,590,0.2421875,syndrome_consistent,exact_correct,6,True
type2_1M_20260121_184040,591,0.2890625,syndrome_consistent,exact_correct,6,True
type2_1M_20260121_184040,592,0.23828125,syndrome_consistent,exact_correct,4,True
type2_1M_20260121_184040,593,0.17578125,syndrome_consistent,exact_correct,3,True
type2_1M_20260121_184040,594,0.23828125,syndrome_consistent,exact_correct,5,True
type2_1M_20260121_184040,595,0.24609375,syndrome_consistent,exact_correct,4,True
type2_1M_20260121_184040,596,0.23046875,syndrome_consistent,exact_correct,5,True
type2_1M_20260121_184040,597,0.2265625,syndrome_consistent,exact_correct,5,True
type2_1M_20260121_184040,598,0.2421875,syndrome_consistent,exact_correct,4,True
type2_1M_20260121_184040,599,0.2421875,syndrome_consistent,exact_correct,4,True
type2_1M_20260121_184040,600,0.25,syndrome_consistent,exact_correct,8,True
type2_1M_20260121_184040,601,0.28125,syndrome_consistent,exact_correct,8,True
type2_1M_20260121_184040,602,0.22265625,syndrome_consistent,exact_correct,4,True
type2_1M_20260121_184040,603,0.24609375,syndrome_consistent,exact_correct,4,True
type2_1M_20260121_184040,604,0.20703125,syndrome_consistent,exact_correct,5,True
type2_1M_20260121_184040,605,0.2265625,syndrome_consistent,exact_correct,5,True
type2_1M_20260121_184040,606,0.203125,syndrome_consistent,exact_correct,6,True
type2_1M_20260121_184040,607,0.24609375,syndrome_consistent,exact_correct,5,True
type2_1M_20260121_184040,608,0.234375,syndrome_consistent,exact_correct,7,True
type2_1M_20260121_184040,609,0.2265625,syndrome_consistent,exact_correct,4,True
type2_1M_20260121_184040,610,0.21484375,syndrome_consistent,exact_correct,3,True
type2_1M_20260121_184040,611,0.1796875,syndrome_consistent,exact_correct,4,True
type2_1M_20260121_184040,612,0.22265625,syndrome_consistent,exact_correct,5,True
type2_1M_20260121_184040,613,0.24609375,syndrome_consistent,exact_correct,4,True
type2_1M_20260121_184040,614,0.2265625,syndrome_consistent,exact_correct,5,True
type2_1M_20260121_184040,615,0.25,syndrome_consistent,exact_correct,7,True
type2_1M_20260121_184040,616,0.22265625,syndrome_consistent,exact_correct,5,True
type2_1M_20260121_184040,617,0.25390625,syndrome_consistent,exact_correct,4,True
type2_1M_20260121_184040,618,0.234375,syndrome_consistent,exact_correct,3,True
type2_1M_20260121_184040,619,0.21875,syndrome_consistent,exact_correct,3,True
type2_1M_20260121_184040,620,0.21484375,syndrome_consistent,exact_correct,4,True
type2_1M_20260121_184040,621,0.28515625,syndrome_consistent,exact_correct,8,True
type2_1M_20260121_184040,622,0.30078125,syndrome_consistent,exact_correct,5,True
type2_1M_20260121_184040,623,0.296875,syndrome_consistent,exact_correct,9,True
type2_1M_20260121_184040,624,0.23828125,syndrome_consistent,exact_correct,5,True
type2_1M_20260121_184040,625,0.2734375,syndrome_consistent,exact_correct,5,True
type2_1M_20260121_184040,626,0.203125,syndrome_consistent,exact_correct,4,True
type2_1M_20260121_184040,627,0.26953125,decode_failed,iteration_limit,100,False
type2_1M_20260121_184040,628,0.23046875,syndrome_consistent,exact_correct,6,True
type2_1M_20260121_184040,629,0.25390625,syndrome_consistent,exact_correct,7,True
type2_1M_20260121_184040,630,0.2265625,syndrome_consistent,exact_correct,5,True
type2_1M_20260121_184040,631,0.24609375,syndrome_consistent,exact_correct,4,True
type2_1M_20260121_184040,632,0.25390625,syndrome_consistent,exact_correct,3,True
type2_1M_20260121_184040,633,0.23046875,syndrome_consistent,exact_correct,3,True
type2_1M_20260121_184040,634,0.19140625,syndrome_consistent,exact_correct,4,True
type2_1M_20260121_184040,635,0.22265625,syndrome_consistent,exact_correct,4,True
type2_1M_20260121_184040,636,0.21875,syndrome_consistent,exact_correct,4,True
type2_1M_20260121_184040,637,0.265625,syndrome_consistent,exact_correct,5,True
type2_1M_20260121_184040,638,0.20703125,syndrome_consistent,exact_correct,4,True
type2_1M_20260121_184040,639,0.2109375,syndrome_consistent,exact_correct,5,True
type2_1M_20260121_184040,640,0.24609375,syndrome_consistent,exact_correct,4,True
type2_1M_20260121_184040,641,0.24609375,syndrome_consistent,exact_correct,5,True
type2_1M_20260121_184040,642,0.2421875,syndrome_consistent,exact_correct,6,True
type2_1M_20260121_184040,643,0.203125,syndrome_consistent,exact_correct,4,True
type2_1M_20260121_184040,644,0.28125,syndrome_consistent,exact_correct,6,True
type2_1M_20260121_184040,645,0.25390625,syndrome_consistent,exact_correct,5,True
type2_1M_20260121_184040,646,0.23046875,syndrome_consistent,exact_correct,4,True
type2_1M_20260121_184040,647,0.26953125,syndrome_consistent,exact_correct,5,True
type2_1M_20260121_184040,648,0.234375,syndrome_consistent,exact_correct,5,True
type2_1M_20260121_184040,649,0.29296875,syndrome_consistent,exact_correct,4,True
type2_1M_20260121_184040,650,0.28515625,syndrome_consistent,exact_correct,4,True
type2_1M_20260121_184040,651,0.2421875,syndrome_consistent,exact_correct,3,True
type2_1M_20260121_184040,652,0.28125,syndrome_consistent,exact_correct,6,True
type2_1M_20260121_184040,653,0.19921875,syndrome_consistent,exact_correct,5,True
type2_1M_20260121_184040,654,0.265625,syndrome_consistent,exact_correct,5,True
type2_1M_20260121_184040,655,0.21484375,syndrome_consistent,exact_correct,4,True
type2_1M_20260121_184040,656,0.2734375,syndrome_consistent,exact_correct,5,True
type2_1M_20260121_184040,657,0.25,syndrome_consistent,exact_correct,5,True
type2_1M_20260121_184040,658,0.25390625,syndrome_consistent,exact_correct,5,True
type2_1M_20260121_184040,659,0.2734375,syndrome_consistent,exact_correct,4,True
type2_1M_20260121_184040,660,0.22265625,syndrome_consistent,exact_correct,5,True
type2_1M_20260121_184040,661,0.22265625,syndrome_consistent,exact_correct,5,True
type2_1M_20260121_184040,662,0.234375,syndrome_consistent,exact_correct,4,True
type2_1M_20260121_184040,663,0.23046875,syndrome_consistent,exact_correct,3,True
type2_1M_20260121_184040,664,0.2109375,syndrome_consistent,exact_correct,4,True
type2_1M_20260121_184040,665,0.27734375,syndrome_consistent,exact_correct,5,True
type2_1M_20260121_184040,666,0.2421875,syndrome_consistent,exact_correct,4,True
type2_1M_20260121_184040,667,0.2265625,syndrome_consistent,exact_correct,4,True
type2_1M_20260121_184040,668,0.2578125,syndrome_consistent,exact_correct,5,True
type2_1M_20260121_184040,669,0.203125,syndrome_consistent,exact_correct,5,True
type2_1M_20260121_184040,670,0.1875,syndrome_consistent,exact_correct,3,True
type2_1M_20260121_184040,671,0.25,syndrome_consistent,exact_correct,4,True
type2_1M_20260121_184040,672,0.234375,syndrome_consistent,exact_correct,4,True
type2_1M_20260121_184040,673,0.2578125,syndrome_consistent,exact_correct,4,True
type2_1M_20260121_184040,674,0.2265625,syndrome_consistent,exact_correct,4,True
type2_1M_20260121_184040,675,0.2421875,syndrome_consistent,exact_correct,6,True
type2_1M_20260121_184040,676,0.25390625,syndrome_consistent,exact_correct,4,True
type2_1M_20260121_184040,677,0.23046875,syndrome_consistent,exact_correct,4,True
type2_1M_20260121_184040,678,0.265625,syndrome_consistent,exact_correct,5,True
type2_1M_20260121_184040,679,0.25,syndrome_consistent,exact_correct,5,True
type2_1M_20260121_184040,680,0.234375,syndrome_consistent,exact_correct,4,True
type2_1M_20260121_184040,681,0.2421875,syndrome_consistent,exact_correct,5,True
type2_1M_20260121_184040,682,0.2265625,syndrome_consistent,exact_correct,4,True
type2_1M_20260121_184040,683,0.15625,syndrome_consistent,exact_correct,5,True
type2_1M_20260121_184040,684,0.25,syndrome_consistent,exact_correct,6,True
type2_1M_20260121_184040,685,0.20703125,syndrome_consistent,exact_correct,4,True
type2_1M_20260121_184040,686,0.19921875,syndrome_consistent,exact_correct,4,True
type2_1M_20260121_184040,687,0.19140625,syndrome_consistent,exact_correct,3,True
type2_1M_20260121_184040,688,0.23828125,syndrome_consistent,exact_correct,5,True
type2_1M_20260121_184040,689,0.18359375,syndrome_consistent,exact_correct,4,True
type2_1M_20260121_184040,690,0.21484375,syndrome_consistent,exact_correct,7,True
type2_1M_20260121_184040,691,0.22265625,syndrome_consistent,exact_correct,5,True
type2_1M_20260121_184040,692,0.265625,syndrome_consistent,exact_correct,6,True
type2_1M_20260121_184040,693,0.26171875,syndrome_consistent,exact_correct,6,True
type2_1M_20260121_184040,694,0.29296875,syndrome_consistent,exact_correct,5,True
type2_1M_20260121_184040,695,0.26953125,syndrome_consistent,exact_correct,4,True
type2_1M_20260121_184040,696,0.20703125,syndrome_consistent,exact_correct,3,True
type2_1M_20260121_184040,697,0.23828125,syndrome_consistent,exact_correct,4,True
type2_1M_20260121_184040,698,0.2421875,syndrome_consistent,exact_correct,6,True
type2_1M_20260121_184040,699,0.171875,syndrome_consistent,exact_correct,3,True
type2_1M_20260121_184040,700,0.2734375,syndrome_consistent,exact_correct,5,True
type2_1M_20260121_184040,701,0.23828125,syndrome_consistent,exact_correct,4,True
type2_1M_20260121_184040,702,0.19140625,syndrome_consistent,exact_correct,3,True
type2_1M_20260121_184040,703,0.2421875,syndrome_consistent,exact_correct,4,True
type2_1M_20260121_184040,704,0.23828125,syndrome_consistent,exact_correct,5,True
type2_1M_20260121_184040,705,0.2578125,syndrome_consistent,exact_correct,5,True
type2_1M_20260121_184040,706,0.28125,syndrome_consistent,exact_correct,6,True
type2_1M_20260121_184040,707,0.2421875,syndrome_consistent,exact_correct,4,True
type2_1M_20260121_184040,708,0.23046875,syndrome_consistent,exact_correct,6,True
type2_1M_20260121_184040,709,0.2109375,syndrome_consistent,exact_correct,3,True
type2_1M_20260121_184040,710,0.234375,syndrome_consistent,exact_correct,5,True
type2_1M_20260121_184040,711,0.20703125,syndrome_consistent,exact_correct,5,True
type2_1M_20260121_184040,712,0.21484375,syndrome_consistent,exact_correct,4,True
type2_1M_20260121_184040,713,0.21875,syndrome_consistent,exact_correct,5,True
type2_1M_20260121_184040,714,0.2421875,syndrome_consistent,exact_correct,4,True
type2_1M_20260121_184040,715,0.23828125,syndrome_consistent,exact_correct,3,True
type2_1M_20260121_184040,716,0.21875,syndrome_consistent,exact_correct,6,True
type2_1M_20260121_184040,717,0.23828125,syndrome_consistent,exact_correct,4,True
type2_1M_20260121_184040,718,0.2265625,syndrome_consistent,exact_correct,3,True
type2_1M_20260121_184040,719,0.21875,syndrome_consistent,exact_correct,4,True
type2_1M_20260121_184040,720,0.21875,syndrome_consistent,exact_correct,4,True
type2_1M_20260121_184040,721,0.22265625,syndrome_consistent,exact_correct,3,True
type2_1M_20260121_184040,722,0.3125,syndrome_consistent,exact_correct,5,True
type2_1M_20260121_184040,723,0.2734375,syndrome_consistent,exact_correct,5,True
type2_1M_20260121_184040,724,0.2109375,syndrome_consistent,exact_correct,4,True
type2_1M_20260121_184040,725,0.2421875,syndrome_consistent,exact_correct,5,True
type2_1M_20260121_184040,726,0.24609375,syndrome_consistent,exact_correct,5,True
type2_1M_20260121_184040,727,0.22265625,syndrome_consistent,exact_correct,5,True
type2_1M_20260121_184040,728,0.28515625,syndrome_consistent,exact_correct,4,True
type2_1M_20260121_184040,729,0.234375,syndrome_consistent,exact_correct,5,True
type2_1M_20260121_184040,730,0.25390625,syndrome_consistent,exact_correct,5,True
type2_1M_20260121_184040,731,0.20703125,syndrome_consistent,exact_correct,4,True
type2_1M_20260121_184040,732,0.24609375,syndrome_consistent,exact_correct,5,True
type2_1M_20260121_184040,733,0.21484375,syndrome_consistent,exact_correct,5,True
type2_1M_20260121_184040,734,0.21484375,syndrome_consistent,exact_correct,5,True
type2_1M_20260121_184040,735,0.2109375,syndrome_consistent,exact_correct,4,True
type2_1M_20260121_184040,736,0.21484375,syndrome_consistent,exact_correct,4,True
type2_1M_20260121_184040,737,0.23046875,syndrome_consistent,exact_correct,4,True
type2_1M_20260121_184040,738,0.18359375,syndrome_consistent,exact_correct,3,True
type2_1M_20260121_184040,739,0.23046875,syndrome_consistent,exact_correct,5,True
type2_1M_20260121_184040,740,0.21875,syndrome_consistent,exact_correct,4,True
type2_1M_20260121_184040,741,0.2109375,syndrome_consistent,exact_correct,4,True
type2_1M_20260121_184040,742,0.2578125,syndrome_consistent,exact_correct,4,True
type2_1M_20260121_184040,743,0.23828125,syndrome_consistent,exact_correct,5,True
type2_1M_20260121_184040,744,0.25,syndrome_consistent,exact_correct,6,True
type2_1M_20260121_184040,745,0.26953125,syndrome_consistent,exact_correct,5,True
type2_1M_20260121_184040,746,0.18359375,syndrome_consistent,exact_correct,3,True
type2_1M_20260121_184040,747,0.25390625,syndrome_consistent,exact_correct,5,True
type2_1M_20260121_184040,748,0.24609375,syndrome_consistent,exact_correct,3,True
type2_1M_20260121_184040,749,0.2421875,syndrome_consistent,exact_correct,4,True
type2_2M_20260121_183657,912,0.25390625,syndrome_consistent,exact_correct,5,True
type2_2M_20260121_183657,913,0.29296875,syndrome_consistent,exact_correct,6,True
type2_2M_20260121_183657,914,0.24609375,syndrome_consistent,exact_correct,5,True
type2_2M_20260121_183657,915,0.27734375,syndrome_consistent,exact_correct,4,True
type2_2M_20260121_183657,916,0.2734375,syndrome_consistent,exact_correct,7,True
type2_2M_20260121_183657,917,0.27734375,syndrome_consistent,exact_correct,5,True
type2_2M_20260121_183657,918,0.3125,syndrome_consistent,exact_correct,8,True
type2_2M_20260121_183657,919,0.26171875,syndrome_consistent,exact_correct,6,True
type2_2M_20260121_183657,920,0.2578125,syndrome_consistent,exact_correct,5,True
type2_2M_20260121_183657,921,0.25390625,syndrome_consistent,exact_correct,4,True
type2_2M_20260121_183657,922,0.25390625,syndrome_consistent,exact_correct,5,True
type2_2M_20260121_183657,923,0.24609375,syndrome_consistent,exact_correct,8,True
type2_2M_20260121_183657,924,0.265625,syndrome_consistent,exact_correct,7,True
type2_2M_20260121_183657,925,0.28125,syndrome_consistent,exact_correct,11,True
type2_2M_20260121_183657,926,0.2578125,syndrome_consistent,exact_correct,6,True
type2_2M_20260121_183657,927,0.28125,syndrome_consistent,exact_correct,4,True
type2_2M_20260121_183657,928,0.28125,syndrome_consistent,exact_correct,6,True
type2_2M_20260121_183657,929,0.25390625,syndrome_consistent,exact_correct,5,True
type2_2M_20260121_183657,930,0.2734375,syndrome_consistent,exact_correct,12,True
type2_2M_20260121_183657,931,0.25390625,syndrome_consistent,exact_correct,5,True
type2_2M_20260121_183657,932,0.23828125,syndrome_consistent,exact_correct,5,True
type2_2M_20260121_183657,933,0.23046875,syndrome_consistent,exact_correct,4,True
type2_2M_20260121_183657,934,0.265625,syndrome_consistent,exact_correct,5,True
type2_2M_20260121_183657,935,0.23828125,syndrome_consistent,exact_correct,4,True
type2_2M_20260121_183657,936,0.21484375,syndrome_consistent,exact_correct,4,True
type2_2M_20260121_183657,937,0.26953125,syndrome_consistent,exact_correct,4,True
type2_2M_20260121_183657,938,0.24609375,syndrome_consistent,exact_correct,4,True
type2_2M_20260121_183657,939,0.3046875,syndrome_consistent,exact_correct,6,True
type2_2M_20260121_183657,940,0.25390625,syndrome_consistent,exact_correct,7,True
type2_2M_20260121_183657,941,0.234375,syndrome_consistent,exact_correct,5,True
type2_2M_20260121_183657,942,0.29296875,syndrome_consistent,exact_correct,8,True
type2_2M_20260121_183657,943,0.26953125,syndrome_consistent,exact_correct,4,True
type2_2M_20260121_183657,944,0.2578125,syndrome_consistent,exact_correct,4,True
type2_2M_20260121_183657,945,0.28515625,syndrome_consistent,exact_correct,4,True
type2_2M_20260121_183657,946,0.24609375,syndrome_consistent,exact_correct,7,True
type2_2M_20260121_183657,947,0.26953125,syndrome_consistent,exact_correct,5,True
type2_2M_20260121_183657,948,0.23046875,syndrome_consistent,exact_correct,5,True
type2_2M_20260121_183657,949,0.2578125,syndrome_consistent,exact_correct,3,True
type2_2M_20260121_183657,950,0.28515625,syndrome_consistent,exact_correct,7,True
type2_2M_20260121_183657,951,0.2265625,syndrome_consistent,exact_correct,5,True
type2_2M_20260121_183657,952,0.28125,syndrome_consistent,exact_correct,6,True
type2_2M_20260121_183657,953,0.3125,syndrome_consistent,exact_correct,7,True
type2_2M_20260121_183657,954,0.28125,syndrome_consistent,exact_correct,6,True
type2_2M_20260121_183657,955,0.24609375,syndrome_consistent,exact_correct,7,True
type2_2M_20260121_183657,956,0.25,syndrome_consistent,exact_correct,5,True
type2_2M_20260121_183657,957,0.29296875,syndrome_consistent,exact_correct,8,True
type2_2M_20260121_183657,958,0.2265625,syndrome_consistent,exact_correct,5,True
type2_2M_20260121_183657,959,0.27734375,syndrome_consistent,exact_correct,7,True
type2_2M_20260121_183657,960,0.20703125,syndrome_consistent,exact_correct,3,True
type2_2M_20260121_183657,961,0.18359375,syndrome_consistent,exact_correct,3,True
type2_2M_20260121_183657,962,0.26953125,syndrome_consistent,exact_correct,6,True
type2_2M_20260121_183657,963,0.23828125,syndrome_consistent,exact_correct,5,True
type2_2M_20260121_183657,964,0.2734375,syndrome_consistent,exact_correct,12,True
type2_2M_20260121_183657,965,0.23828125,syndrome_consistent,exact_correct,6,True
type2_2M_20260121_183657,966,0.2421875,syndrome_consistent,exact_correct,5,True
type2_2M_20260121_183657,967,0.25390625,syndrome_consistent,exact_correct,7,True
type2_2M_20260121_183657,968,0.25390625,syndrome_consistent,exact_correct,4,True
type2_2M_20260121_183657,969,0.2421875,syndrome_consistent,exact_correct,4,True
type2_2M_20260121_183657,970,0.23828125,syndrome_consistent,exact_correct,3,True
type2_2M_20260121_183657,971,0.2734375,syndrome_consistent,exact_correct,6,True
type2_2M_20260121_183657,972,0.30859375,syndrome_consistent,exact_correct,6,True
type2_2M_20260121_183657,973,0.28125,syndrome_consistent,exact_correct,5,True
type2_2M_20260121_183657,974,0.19921875,syndrome_consistent,exact_correct,5,True
type2_2M_20260121_183657,975,0.23046875,syndrome_consistent,exact_correct,5,True
type2_2M_20260121_183657,976,0.2421875,syndrome_consistent,exact_correct,5,True
type2_2M_20260121_183657,977,0.25,syndrome_consistent,exact_correct,5,True
type2_2M_20260121_183657,978,0.23828125,syndrome_consistent,exact_correct,5,True
type2_2M_20260121_183657,979,0.2265625,syndrome_consistent,exact_correct,5,True
type2_2M_20260121_183657,980,0.28515625,syndrome_consistent,exact_correct,5,True
type2_2M_20260121_183657,981,0.2578125,syndrome_consistent,exact_correct,6,True
type2_2M_20260121_183657,982,0.21484375,decode_failed,iteration_limit,100,False
type2_2M_20260121_183657,983,0.27734375,syndrome_consistent,exact_correct,5,True
type2_2M_20260121_183657,984,0.234375,syndrome_consistent,exact_correct,4,True
type2_2M_20260121_183657,985,0.2421875,syndrome_consistent,exact_correct,5,True
type2_2M_20260121_183657,986,0.2265625,syndrome_consistent,exact_correct,8,True
type2_2M_20260121_183657,987,0.2265625,syndrome_consistent,exact_correct,3,True
type2_2M_20260121_183657,988,0.23828125,syndrome_consistent,exact_correct,5,True
type2_2M_20260121_183657,989,0.2578125,syndrome_consistent,exact_correct,6,True
type2_2M_20260121_183657,990,0.22265625,syndrome_consistent,exact_correct,6,True
type2_2M_20260121_183657,991,0.2421875,syndrome_consistent,exact_correct,4,True
type2_2M_20260121_183657,992,0.23046875,syndrome_consistent,exact_correct,4,True
type2_2M_20260121_183657,993,0.2890625,syndrome_consistent,exact_correct,6,True
type2_2M_20260121_183657,994,0.24609375,syndrome_consistent,exact_correct,6,True
type2_2M_20260121_183657,995,0.2890625,syndrome_consistent,exact_correct,5,True
type2_2M_20260121_183657,996,0.2265625,syndrome_consistent,exact_correct,4,True
type2_2M_20260121_183657,997,0.26953125,syndrome_consistent,exact_correct,5,True
type2_2M_20260121_183657,998,0.28515625,syndrome_consistent,exact_correct,5,True
type2_2M_20260121_183657,999,0.28125,syndrome_consistent,exact_correct,6,True
type2_2M_20260121_183657,1000,0.23828125,syndrome_consistent,exact_correct,4,True
type2_2M_20260121_183657,1001,0.2578125,syndrome_consistent,exact_correct,3,True
type2_2M_20260121_183657,1002,0.296875,decode_failed,iteration_limit,100,False
type2_2M_20260121_183657,1003,0.2578125,syndrome_consistent,exact_correct,6,True
type2_2M_20260121_183657,1004,0.2265625,syndrome_consistent,exact_correct,4,True
type2_2M_20260121_183657,1005,0.26171875,syndrome_consistent,exact_correct,11,True
type2_2M_20260121_183657,1006,0.24609375,syndrome_consistent,exact_correct,6,True
type2_2M_20260121_183657,1007,0.26953125,syndrome_consistent,exact_correct,5,True
type2_2M_20260121_183657,1008,0.26171875,syndrome_consistent,exact_correct,4,True
type2_2M_20260121_183657,1009,0.21484375,syndrome_consistent,exact_correct,4,True
type2_2M_20260121_183657,1010,0.296875,syndrome_consistent,exact_correct,7,True
type2_2M_20260121_183657,1011,0.2265625,syndrome_consistent,exact_correct,4,True
type2_2M_20260121_183657,1012,0.25,syndrome_consistent,exact_correct,8,True
type2_2M_20260121_183657,1013,0.25,syndrome_consistent,exact_correct,5,True
type2_2M_20260121_183657,1014,0.265625,syndrome_consistent,exact_correct,7,True
type2_2M_20260121_183657,1015,0.26171875,syndrome_consistent,exact_correct,4,True
type2_2M_20260121_183657,1016,0.31640625,syndrome_consistent,exact_correct,8,True
type2_2M_20260121_183657,1017,0.27734375,syndrome_consistent,exact_correct,5,True
type2_2M_20260121_183657,1018,0.26171875,syndrome_consistent,exact_correct,5,True
type2_2M_20260121_183657,1019,0.24609375,syndrome_consistent,exact_correct,4,True
type2_2M_20260121_183657,1020,0.2578125,syndrome_consistent,exact_correct,5,True
type2_2M_20260121_183657,1021,0.22265625,syndrome_consistent,exact_correct,4,True
type2_2M_20260121_183657,1022,0.26171875,syndrome_consistent,exact_correct,4,True
type2_2M_20260121_183657,1023,0.26953125,syndrome_consistent,exact_correct,6,True
type2_2M_20260121_183657,1024,0.28125,syndrome_consistent,exact_correct,6,True
type2_2M_20260121_183657,1025,0.30078125,syndrome_consistent,exact_correct,12,True
type2_2M_20260121_183657,1026,0.265625,syndrome_consistent,exact_correct,8,True
type2_2M_20260121_183657,1027,0.21484375,syndrome_consistent,exact_correct,5,True
type2_2M_20260121_183657,1028,0.23828125,syndrome_consistent,exact_correct,3,True
type2_2M_20260121_183657,1029,0.265625,syndrome_consistent,exact_correct,5,True
type2_2M_20260121_183657,1030,0.21875,syndrome_consistent,exact_correct,3,True
type2_2M_20260121_183657,1031,0.24609375,syndrome_consistent,exact_correct,4,True
type2_2M_20260121_183657,1032,0.26171875,syndrome_consistent,exact_correct,4,True
type2_2M_20260121_183657,1033,0.25,syndrome_consistent,exact_correct,5,True
type2_2M_20260121_183657,1034,0.26171875,syndrome_consistent,exact_correct,5,True
type2_2M_20260121_183657,1035,0.234375,syndrome_consistent,exact_correct,4,True
type2_2M_20260121_183657,1036,0.234375,syndrome_consistent,exact_correct,7,True
type2_2M_20260121_183657,1037,0.22265625,syndrome_consistent,exact_correct,4,True
type2_2M_20260121_183657,1038,0.28515625,decode_failed,iteration_limit,100,False
type2_2M_20260121_183657,1039,0.28515625,syndrome_consistent,exact_correct,6,True
type2_2M_20260121_183657,1040,0.2578125,syndrome_consistent,exact_correct,5,True
type2_2M_20260121_183657,1041,0.26171875,syndrome_consistent,exact_correct,5,True
type2_2M_20260121_183657,1042,0.2578125,syndrome_consistent,exact_correct,5,True
type2_2M_20260121_183657,1043,0.234375,syndrome_consistent,exact_correct,5,True
type2_2M_20260121_183657,1044,0.22265625,syndrome_consistent,exact_correct,4,True
type2_2M_20260121_183657,1045,0.1953125,syndrome_consistent,exact_correct,4,True
type2_2M_20260121_183657,1046,0.31640625,syndrome_consistent,exact_correct,9,True
type2_2M_20260121_183657,1047,0.2265625,syndrome_consistent,exact_correct,5,True
type2_2M_20260121_183657,1048,0.2109375,syndrome_consistent,exact_correct,4,True
type2_2M_20260121_183657,1049,0.2578125,syndrome_consistent,exact_correct,5,True
type2_2M_20260121_183657,1050,0.28125,syndrome_consistent,exact_correct,8,True
type2_2M_20260121_183657,1051,0.21875,syndrome_consistent,exact_correct,4,True
type2_2M_20260121_183657,1052,0.23828125,syndrome_consistent,exact_correct,3,True
type2_2M_20260121_183657,1053,0.29296875,syndrome_consistent,exact_correct,6,True
type2_2M_20260121_183657,1054,0.25,syndrome_consistent,exact_correct,4,True
type2_2M_20260121_183657,1055,0.28515625,syndrome_consistent,exact_correct,4,True
type2_2M_20260121_183657,1056,0.265625,syndrome_consistent,exact_correct,6,True
type2_2M_20260121_183657,1057,0.26171875,syndrome_consistent,exact_correct,4,True
type2_2M_20260121_183657,1058,0.26953125,syndrome_consistent,exact_correct,6,True
type2_2M_20260121_183657,1059,0.3125,syndrome_consistent,exact_correct,4,True
type2_2M_20260121_183657,1060,0.28515625,syndrome_consistent,exact_correct,6,True
type2_2M_20260121_183657,1061,0.24609375,syndrome_consistent,exact_correct,7,True
type2_2M_20260121_183657,1062,0.28125,syndrome_consistent,exact_correct,7,True
type2_2M_20260121_183657,1063,0.27734375,syndrome_consistent,exact_correct,7,True
type2_2M_20260121_183657,1064,0.2265625,syndrome_consistent,exact_correct,5,True
type2_2M_20260121_183657,1065,0.24609375,syndrome_consistent,exact_correct,6,True
type2_2M_20260121_183657,1066,0.23828125,syndrome_consistent,exact_correct,5,True
type2_2M_20260121_183657,1067,0.26171875,syndrome_consistent,exact_correct,8,True
type2_2M_20260121_183657,1068,0.25,syndrome_consistent,exact_correct,4,True
type2_2M_20260121_183657,1069,0.26953125,syndrome_consistent,exact_correct,4,True
type2_2M_20260121_183657,1070,0.23828125,syndrome_consistent,exact_correct,7,True
type2_2M_20260121_183657,1071,0.26171875,syndrome_consistent,exact_correct,5,True
type2_2M_20260121_183657,1072,0.25,syndrome_consistent,exact_correct,8,True
type2_2M_20260121_183657,1073,0.203125,syndrome_consistent,exact_correct,3,True
type2_2M_20260121_183657,1074,0.1875,syndrome_consistent,exact_correct,4,True
type2_2M_20260121_183657,1075,0.30078125,syndrome_consistent,exact_correct,9,True
type2_2M_20260121_183657,1076,0.28125,syndrome_consistent,exact_correct,5,True
type2_2M_20260121_183657,1077,0.265625,syndrome_consistent,exact_correct,4,True
type2_2M_20260121_183657,1078,0.20703125,syndrome_consistent,exact_correct,4,True
type2_2M_20260121_183657,1079,0.2734375,syndrome_consistent,exact_correct,6,True
type2_2M_20260121_183657,1080,0.2890625,syndrome_consistent,exact_correct,5,True
type2_2M_20260121_183657,1081,0.296875,syndrome_consistent,exact_correct,6,True
type2_2M_20260121_183657,1082,0.28125,syndrome_consistent,exact_correct,7,True
type2_2M_20260121_183657,1083,0.27734375,syndrome_consistent,exact_correct,7,True
type2_2M_20260121_183657,1084,0.25390625,syndrome_consistent,exact_correct,4,True
type2_2M_20260121_183657,1085,0.25,syndrome_consistent,exact_correct,5,True
type2_2M_20260121_183657,1086,0.28515625,syndrome_consistent,exact_correct,5,True
type2_2M_20260121_183657,1087,0.234375,syndrome_consistent,exact_correct,4,True
type2_2M_20260121_183657,1088,0.3203125,syndrome_consistent,exact_correct,8,True
type2_2M_20260121_183657,1089,0.26953125,syndrome_consistent,exact_correct,7,True
type2_2M_20260121_183657,1090,0.28515625,syndrome_consistent,exact_correct,5,True
type2_2M_20260121_183657,1091,0.2734375,syndrome_consistent,exact_correct,5,True
type2_2M_20260121_183657,1092,0.26953125,syndrome_consistent,exact_correct,4,True
type2_2M_20260121_183657,1093,0.2734375,syndrome_consistent,exact_correct,8,True
type2_2M_20260121_183657,1094,0.265625,syndrome_consistent,exact_correct,6,True
type2_2M_20260121_183657,1095,0.265625,syndrome_consistent,exact_correct,5,True
type2_2M_20260121_183657,1096,0.265625,syndrome_consistent,exact_correct,6,True
type2_2M_20260121_183657,1097,0.2421875,syndrome_consistent,exact_correct,6,True
type2_2M_20260121_183657,1098,0.2890625,syndrome_consistent,exact_correct,5,True
type2_2M_20260121_183657,1099,0.33984375,syndrome_consistent,exact_correct,6,True
type2_2M_20260121_183657,1100,0.25390625,syndrome_consistent,exact_correct,7,True
type2_2M_20260121_183657,1101,0.25390625,syndrome_consistent,exact_correct,5,True
type2_2M_20260121_183657,1102,0.23828125,syndrome_consistent,exact_correct,5,True
type2_2M_20260121_183657,1103,0.2734375,syndrome_consistent,exact_correct,6,True
type2_2M_20260121_183657,1104,0.21484375,syndrome_consistent,exact_correct,3,True
type2_2M_20260121_183657,1105,0.2578125,syndrome_consistent,exact_correct,4,True
type2_2M_20260121_183657,1106,0.31640625,syndrome_consistent,exact_correct,7,True
type2_2M_20260121_183657,1107,0.2265625,syndrome_consistent,exact_correct,4,True
type2_2M_20260121_183657,1108,0.2734375,syndrome_consistent,exact_correct,5,True
type2_2M_20260121_183657,1109,0.171875,syndrome_consistent,exact_correct,3,True
type2_2M_20260121_183657,1110,0.2421875,syndrome_consistent,exact_correct,4,True
type2_2M_20260121_183657,1111,0.25,syndrome_consistent,exact_correct,4,True
type2_2M_20260121_183657,1112,0.26171875,syndrome_consistent,exact_correct,5,True
type2_2M_20260121_183657,1113,0.25390625,syndrome_consistent,exact_correct,5,True
type2_2M_20260121_183657,1114,0.2578125,syndrome_consistent,exact_correct,4,True
type2_2M_20260121_183657,1115,0.25390625,syndrome_consistent,exact_correct,5,True
type2_2M_20260121_183657,1116,0.33984375,syndrome_consistent,exact_correct,7,True
type2_2M_20260121_183657,1117,0.25390625,syndrome_consistent,exact_correct,5,True
type2_2M_20260121_183657,1118,0.2421875,syndrome_consistent,exact_correct,5,True
type2_2M_20260121_183657,1119,0.234375,syndrome_consistent,exact_correct,4,True
type2_2M_20260121_183657,1120,0.2421875,syndrome_consistent,exact_correct,4,True
type2_2M_20260121_183657,1121,0.23828125,syndrome_consistent,exact_correct,4,True
type2_2M_20260121_183657,1122,0.25390625,syndrome_consistent,exact_correct,5,True
type2_2M_20260121_183657,1123,0.28125,syndrome_consistent,exact_correct,7,True
type2_2M_20260121_183657,1124,0.3046875,syndrome_consistent,exact_correct,5,True
type2_2M_20260121_183657,1125,0.25390625,syndrome_consistent,exact_correct,5,True
type2_2M_20260121_183657,1126,0.26953125,syndrome_consistent,exact_correct,5,True
type2_2M_20260121_183657,1127,0.2421875,syndrome_consistent,exact_correct,4,True
type2_2M_20260121_183657,1128,0.25,syndrome_consistent,exact_correct,5,True
type2_2M_20260121_183657,1129,0.2421875,syndrome_consistent,exact_correct,7,True
type2_2M_20260121_183657,1130,0.25390625,syndrome_consistent,exact_correct,4,True
type2_2M_20260121_183657,1131,0.2734375,syndrome_consistent,exact_correct,6,True
type2_2M_20260121_183657,1132,0.24609375,syndrome_consistent,exact_correct,6,True
type2_2M_20260121_183657,1133,0.2578125,syndrome_consistent,exact_correct,5,True
type2_2M_20260121_183657,1134,0.265625,syndrome_consistent,exact_correct,4,True
type2_2M_20260121_183657,1135,0.26171875,syndrome_consistent,exact_correct,7,True
type2_2M_20260121_183657,1136,0.296875,syndrome_consistent,exact_correct,6,True
type2_2M_20260121_183657,1137,0.24609375,syndrome_consistent,exact_correct,6,True
type2_2M_20260121_183657,1138,0.29296875,syndrome_consistent,exact_correct,7,True
type2_2M_20260121_183657,1139,0.265625,syndrome_consistent,exact_correct,4,True
type2_2M_20260121_183657,1140,0.26171875,syndrome_consistent,exact_correct,7,True
type2_2M_20260121_183657,1141,0.22265625,syndrome_consistent,exact_correct,7,True
type2_2M_20260121_183657,1142,0.265625,syndrome_consistent,exact_correct,5,True
type2_2M_20260121_183657,1143,0.234375,syndrome_consistent,exact_correct,6,True
type2_2M_20260121_183657,1144,0.2421875,syndrome_consistent,exact_correct,3,True
type2_2M_20260121_183657,1145,0.23046875,syndrome_consistent,exact_correct,4,True
type2_2M_20260121_183657,1146,0.27734375,syndrome_consistent,exact_correct,10,True
type2_2M_20260121_183657,1147,0.30078125,syndrome_consistent,exact_correct,5,True
type2_2M_20260121_183657,1148,0.2734375,syndrome_consistent,exact_correct,8,True
type2_2M_20260121_183657,1149,0.296875,syndrome_consistent,exact_correct,5,True
type2_2M_20260121_183657,1150,0.35546875,syndrome_consistent,exact_correct,5,True
type2_2M_20260121_183657,1151,0.21484375,syndrome_consistent,exact_correct,4,True
type2_2M_20260121_183657,1152,0.3046875,syndrome_consistent,exact_correct,7,True
type2_2M_20260121_183657,1153,0.24609375,syndrome_consistent,exact_correct,4,True
type2_2M_20260121_183657,1154,0.25,syndrome_consistent,exact_correct,5,True
type2_2M_20260121_183657,1155,0.23046875,syndrome_consistent,exact_correct,5,True
type2_2M_20260121_183657,1156,0.28125,syndrome_consistent,exact_correct,4,True
type2_2M_20260121_183657,1157,0.234375,syndrome_consistent,exact_correct,4,True
type2_2M_20260121_183657,1158,0.20703125,syndrome_consistent,exact_correct,4,True
type2_2M_20260121_183657,1159,0.2734375,syndrome_consistent,exact_correct,6,True
type2_2M_20260121_183657,1160,0.2890625,syndrome_consistent,exact_correct,8,True
type2_2M_20260121_183657,1161,0.28515625,syndrome_consistent,exact_correct,5,True
type2_2M_20260121_183657,1162,0.26171875,syndrome_consistent,exact_correct,7,True
type2_2M_20260121_183657,1163,0.265625,syndrome_consistent,exact_correct,6,True
type2_2M_20260121_183657,1164,0.26171875,syndrome_consistent,exact_correct,5,True
type2_2M_20260121_183657,1165,0.21484375,syndrome_consistent,exact_correct,3,True
type2_2M_20260121_183657,1166,0.2578125,syndrome_consistent,exact_correct,6,True
type2_2M_20260121_183657,1167,0.1875,syndrome_consistent,exact_correct,3,True
type2_2M_20260121_183657,1168,0.24609375,syndrome_consistent,exact_correct,4,True
type2_2M_20260121_183657,1169,0.2578125,syndrome_consistent,exact_correct,6,True
type2_2M_20260121_183657,1170,0.28515625,syndrome_consistent,exact_correct,4,True
type2_2M_20260121_183657,1171,0.25,syndrome_consistent,exact_correct,4,True
type2_2M_20260121_183657,1172,0.265625,syndrome_consistent,exact_correct,5,True
type2_2M_20260121_183657,1173,0.28125,syndrome_consistent,exact_correct,5,True
type2_2M_20260121_183657,1174,0.23046875,syndrome_consistent,exact_correct,5,True
type2_2M_20260121_183657,1175,0.24609375,syndrome_consistent,exact_correct,7,True
type2_2M_20260121_183657,1176,0.21875,syndrome_consistent,exact_correct,4,True
type2_2M_20260121_183657,1177,0.234375,syndrome_consistent,exact_correct,4,True
type2_2M_20260121_183657,1178,0.2421875,syndrome_consistent,exact_correct,5,True
type2_2M_20260121_183657,1179,0.23046875,syndrome_consistent,exact_correct,5,True
type2_2M_20260121_183657,1180,0.25,syndrome_consistent,exact_correct,7,True
type2_2M_20260121_183657,1181,0.23046875,syndrome_consistent,exact_correct,4,True
type2_2M_20260121_183657,1182,0.2578125,syndrome_consistent,exact_correct,5,True
type2_2M_20260121_183657,1183,0.2109375,syndrome_consistent,exact_correct,6,True
type2_2M_20260121_183657,1184,0.265625,syndrome_consistent,exact_correct,4,True
type2_2M_20260121_183657,1185,0.25,decode_failed,iteration_limit,100,False
type2_2M_20260121_183657,1186,0.28515625,syndrome_consistent,exact_correct,7,True
type2_2M_20260121_183657,1187,0.23046875,syndrome_consistent,exact_correct,6,True
type2_2M_20260121_183657,1188,0.265625,syndrome_consistent,exact_correct,5,True
type2_2M_20260121_183657,1189,0.24609375,syndrome_consistent,exact_correct,5,True
type2_2M_20260121_183657,1190,0.25390625,syndrome_consistent,exact_correct,5,True
type2_2M_20260121_183657,1191,0.26953125,syndrome_consistent,exact_correct,7,True
type2_2M_20260121_183657,1192,0.2421875,syndrome_consistent,exact_correct,4,True
type2_2M_20260121_183657,1193,0.23046875,syndrome_consistent,exact_correct,4,True
type2_2M_20260121_183657,1194,0.2421875,syndrome_consistent,exact_correct,5,True
type2_2M_20260121_183657,1195,0.26171875,syndrome_consistent,exact_correct,5,True
type2_2M_20260121_183657,1196,0.28125,syndrome_consistent,exact_correct,7,True
type2_2M_20260121_183657,1197,0.21875,syndrome_consistent,exact_correct,3,True
type2_2M_20260121_183657,1198,0.2578125,syndrome_consistent,exact_correct,5,True
type2_2M_20260121_183657,1199,0.19140625,syndrome_consistent,exact_correct,3,True
type2_2M_20260121_183657,1200,0.26953125,syndrome_consistent,exact_correct,5,True
type2_2M_20260121_183657,1201,0.26171875,syndrome_consistent,exact_correct,6,True
type2_2M_20260121_183657,1202,0.1953125,syndrome_consistent,exact_correct,5,True
type2_2M_20260121_183657,1203,0.265625,syndrome_consistent,exact_correct,4,True
type2_2M_20260121_183657,1204,0.2265625,syndrome_consistent,exact_correct,4,True
type2_2M_20260121_183657,1205,0.2890625,syndrome_consistent,exact_correct,6,True
type2_2M_20260121_183657,1206,0.2421875,syndrome_consistent,exact_correct,4,True
type2_2M_20260121_183657,1207,0.24609375,syndrome_consistent,exact_correct,5,True
type2_2M_20260121_183657,1208,0.2578125,syndrome_consistent,exact_correct,5,True
type2_2M_20260121_183657,1209,0.26953125,syndrome_consistent,exact_correct,5,True
type2_2M_20260121_183657,1210,0.2421875,syndrome_consistent,exact_correct,5,True
type2_2M_20260121_183657,1211,0.30078125,syndrome_consistent,exact_correct,5,True
type2_2M_20260121_183657,1212,0.26953125,syndrome_consistent,exact_correct,6,True
type2_2M_20260121_183657,1213,0.26171875,syndrome_consistent,exact_correct,5,True
type2_2M_20260121_183657,1214,0.25,syndrome_consistent,exact_correct,7,True
type2_2M_20260121_183657,1215,0.25390625,syndrome_consistent,exact_correct,5,True
type2_2M_20260121_183657,1216,0.26171875,syndrome_consistent,exact_correct,4,True
type2_2M_20260121_183657,1217,0.2421875,syndrome_consistent,exact_correct,4,True
type2_2M_20260121_183657,1218,0.23828125,syndrome_consistent,exact_correct,4,True
type2_2M_20260121_183657,1219,0.24609375,syndrome_consistent,exact_correct,4,True
type2_2M_20260121_183657,1220,0.26171875,syndrome_consistent,exact_correct,7,True
type2_2M_20260121_183657,1221,0.31640625,syndrome_consistent,exact_correct,6,True
type2_2M_20260121_183657,1222,0.20703125,syndrome_consistent,exact_correct,5,True
type2_2M_20260121_183657,1223,0.21484375,syndrome_consistent,exact_correct,4,True
type2_2M_20260121_183657,1224,0.2578125,syndrome_consistent,exact_correct,5,True
type2_2M_20260121_183657,1225,0.23828125,syndrome_consistent,exact_correct,5,True
type2_2M_20260121_183657,1226,0.2578125,syndrome_consistent,exact_correct,6,True
type2_2M_20260121_183657,1227,0.2578125,syndrome_consistent,exact_correct,6,True
type2_2M_20260121_183657,1228,0.27734375,syndrome_consistent,exact_correct,6,True
type2_2M_20260121_183657,1229,0.2578125,syndrome_consistent,exact_correct,7,True
type2_2M_20260121_183657,1230,0.2265625,syndrome_consistent,exact_correct,4,True
type2_2M_20260121_183657,1231,0.25,syndrome_consistent,exact_correct,10,True
type2_2M_20260121_183657,1232,0.27734375,syndrome_consistent,exact_correct,4,True
type2_2M_20260121_183657,1233,0.203125,syndrome_consistent,exact_correct,5,True
type2_2M_20260121_183657,1234,0.265625,syndrome_consistent,exact_correct,5,True
type2_2M_20260121_183657,1235,0.25390625,syndrome_consistent,exact_correct,5,True
type2_2M_20260121_183657,1236,0.25,syndrome_consistent,exact_correct,5,True
type2_2M_20260121_183657,1237,0.2578125,syndrome_consistent,exact_correct,4,True
type2_2M_20260121_183657,1238,0.26171875,syndrome_consistent,exact_correct,6,True
type2_2M_20260121_183657,1239,0.26171875,syndrome_consistent,exact_correct,5,True
type2_2M_20260121_183657,1240,0.2265625,syndrome_consistent,exact_correct,4,True
type2_2M_20260121_183657,1241,0.3046875,syndrome_consistent,exact_correct,6,True
type2_2M_20260121_183657,1242,0.234375,syndrome_consistent,exact_correct,4,True
type2_2M_20260121_183657,1243,0.2578125,syndrome_consistent,exact_correct,4,True
type2_2M_20260121_183657,1244,0.265625,syndrome_consistent,exact_correct,5,True
type2_2M_20260121_183657,1245,0.21875,syndrome_consistent,exact_correct,3,True
type2_2M_20260121_183657,1246,0.23828125,syndrome_consistent,exact_correct,4,True
type2_2M_20260121_183657,1247,0.2734375,syndrome_consistent,exact_correct,6,True
type2_2M_20260121_183657,1248,0.24609375,syndrome_consistent,exact_correct,3,True
type2_2M_20260121_183657,1249,0.296875,syndrome_consistent,exact_correct,8,True
type2_2M_20260121_183657,1250,0.265625,syndrome_consistent,exact_correct,5,True
type2_2M_20260121_183657,1251,0.25390625,syndrome_consistent,exact_correct,5,True
type2_2M_20260121_183657,1252,0.21875,syndrome_consistent,exact_correct,4,True
type2_2M_20260121_183657,1253,0.30078125,syndrome_consistent,exact_correct,6,True
type2_2M_20260121_183657,1254,0.30859375,decode_failed,iteration_limit,100,False
type2_2M_20260121_183657,1255,0.27734375,syndrome_consistent,exact_correct,6,True
type2_2M_20260121_183657,1256,0.26171875,syndrome_consistent,exact_correct,5,True
type2_2M_20260121_183657,1257,0.2421875,syndrome_consistent,exact_correct,4,True
type2_2M_20260121_183657,1258,0.25,syndrome_consistent,exact_correct,4,True
type2_2M_20260121_183657,1259,0.28125,syndrome_consistent,exact_correct,8,True
type2_2M_20260121_183657,1260,0.265625,decode_failed,iteration_limit,100,False
type2_2M_20260121_183657,1261,0.26171875,syndrome_consistent,exact_correct,5,True
type2_2M_20260121_183657,1262,0.25,syndrome_consistent,exact_correct,4,True
type2_2M_20260121_183657,1263,0.21875,syndrome_consistent,exact_correct,3,True
type2_2M_20260121_183657,1264,0.24609375,syndrome_consistent,exact_correct,5,True
type2_2M_20260121_183657,1265,0.2890625,syndrome_consistent,exact_correct,7,True
type2_2M_20260121_183657,1266,0.23046875,syndrome_consistent,exact_correct,4,True
type2_2M_20260121_183657,1267,0.25,syndrome_consistent,exact_correct,5,True
type2_2M_20260121_183657,1268,0.265625,syndrome_consistent,exact_correct,4,True
type2_2M_20260121_183657,1269,0.234375,syndrome_consistent,exact_correct,5,True
type2_2M_20260121_183657,1270,0.30859375,syndrome_consistent,exact_correct,6,True
type2_2M_20260121_183657,1271,0.29296875,syndrome_consistent,exact_correct,9,True
type2_2M_20260121_183657,1272,0.27734375,syndrome_consistent,exact_correct,5,True
type2_2M_20260121_183657,1273,0.28125,syndrome_consistent,exact_correct,7,True
type2_2M_20260121_183657,1274,0.2109375,syndrome_consistent,exact_correct,5,True
type2_2M_20260121_183657,1275,0.23828125,syndrome_consistent,exact_correct,7,True
type2_2M_20260121_183657,1276,0.25390625,syndrome_consistent,exact_correct,5,True
type2_2M_20260121_183657,1277,0.265625,syndrome_consistent,exact_correct,6,True
type2_2M_20260121_183657,1278,0.3046875,syndrome_consistent,exact_correct,8,True
type2_2M_20260121_183657,1279,0.26953125,syndrome_consistent,exact_correct,7,True
type2_2M_20260121_183657,1280,0.24609375,syndrome_consistent,exact_correct,4,True
type2_2M_20260121_183657,1281,0.2734375,syndrome_consistent,exact_correct,8,True
type2_2M_20260121_183657,1282,0.24609375,decode_failed,iteration_limit,100,False
type2_2M_20260121_183657,1283,0.2734375,syndrome_consistent,exact_correct,6,True
type2_2M_20260121_183657,1284,0.28125,syndrome_consistent,exact_correct,7,True
type2_2M_20260121_183657,1285,0.265625,syndrome_consistent,exact_correct,7,True
type2_2M_20260121_183657,1286,0.2109375,syndrome_consistent,exact_correct,4,True
type2_2M_20260121_183657,1287,0.2109375,syndrome_consistent,exact_correct,3,True
type2_2M_20260121_183657,1288,0.24609375,syndrome_consistent,exact_correct,5,True
type2_2M_20260121_183657,1289,0.28515625,syndrome_consistent,exact_correct,4,True
type2_2M_20260121_183657,1290,0.2421875,syndrome_consistent,exact_correct,5,True
type2_2M_20260121_183657,1291,0.296875,syndrome_consistent,exact_correct,8,True
type2_2M_20260121_183657,1292,0.23828125,syndrome_consistent,exact_correct,6,True
type2_2M_20260121_183657,1293,0.2109375,syndrome_consistent,exact_correct,4,True
type2_2M_20260121_183657,1294,0.28515625,syndrome_consistent,exact_correct,5,True
type2_2M_20260121_183657,1295,0.32421875,syndrome_consistent,exact_correct,8,True
type2_2M_20260121_183657,1296,0.2421875,syndrome_consistent,exact_correct,6,True
type2_2M_20260121_183657,1297,0.24609375,syndrome_consistent,exact_correct,3,True
type2_2M_20260121_183657,1298,0.23046875,syndrome_consistent,exact_correct,4,True
type2_2M_20260121_183657,1299,0.27734375,syndrome_consistent,exact_correct,6,True
type2_2M_20260121_183657,1300,0.24609375,syndrome_consistent,exact_correct,7,True
type2_2M_20260121_183657,1301,0.2734375,syndrome_consistent,exact_correct,5,True
type2_2M_20260121_183657,1302,0.31640625,syndrome_consistent,exact_correct,8,True
type2_2M_20260121_183657,1303,0.265625,syndrome_consistent,exact_correct,4,True
type2_2M_20260121_183657,1304,0.21875,syndrome_consistent,exact_correct,4,True
type2_2M_20260121_183657,1305,0.2578125,syndrome_consistent,exact_correct,4,True
type2_2M_20260121_183657,1306,0.265625,syndrome_consistent,exact_correct,6,True
type2_2M_20260121_183657,1307,0.21875,syndrome_consistent,exact_correct,4,True
type2_2M_20260121_183657,1308,0.2578125,syndrome_consistent,exact_correct,4,True
type2_2M_20260121_183657,1309,0.2265625,syndrome_consistent,exact_correct,5,True
type2_2M_20260121_183657,1310,0.234375,syndrome_consistent,exact_correct,5,True
type2_2M_20260121_183657,1311,0.30078125,syndrome_consistent,exact_correct,6,True
type2_2M_20260121_183657,1312,0.24609375,syndrome_consistent,exact_correct,7,True
type2_2M_20260121_183657,1313,0.2890625,syndrome_consistent,exact_correct,5,True
type2_2M_20260121_183657,1314,0.234375,syndrome_consistent,exact_correct,4,True
type2_2M_20260121_183657,1315,0.26953125,syndrome_consistent,exact_correct,4,True
type2_2M_20260121_183657,1316,0.21875,syndrome_consistent,exact_correct,5,True
type2_2M_20260121_183657,1317,0.23828125,syndrome_consistent,exact_correct,6,True
type2_2M_20260121_183657,1318,0.28125,syndrome_consistent,exact_correct,6,True
type2_2M_20260121_183657,1319,0.265625,syndrome_consistent,exact_correct,4,True
type2_2M_20260121_183657,1320,0.2421875,syndrome_consistent,exact_correct,4,True
type2_2M_20260121_183657,1321,0.2421875,syndrome_consistent,exact_correct,5,True
type2_2M_20260121_183657,1322,0.27734375,syndrome_consistent,exact_correct,3,True
type2_2M_20260121_183657,1323,0.2890625,syndrome_consistent,exact_correct,6,True
type2_2M_20260121_183657,1324,0.19140625,syndrome_consistent,exact_correct,4,True
type2_2M_20260121_183657,1325,0.265625,syndrome_consistent,exact_correct,6,True
type2_2M_20260121_183657,1326,0.25,syndrome_consistent,exact_correct,5,True
type2_2M_20260121_183657,1327,0.296875,syndrome_consistent,exact_correct,5,True
type2_2M_20260121_183657,1328,0.23046875,syndrome_consistent,exact_correct,3,True
type2_2M_20260121_183657,1329,0.234375,syndrome_consistent,exact_correct,4,True
type2_2M_20260121_183657,1330,0.25,syndrome_consistent,exact_correct,5,True
type2_2M_20260121_183657,1331,0.2265625,syndrome_consistent,exact_correct,3,True
type2_2M_20260121_183657,1332,0.25,syndrome_consistent,exact_correct,4,True
type2_2M_20260121_183657,1333,0.24609375,syndrome_consistent,exact_correct,4,True
type2_2M_20260121_183657,1334,0.24609375,syndrome_consistent,exact_correct,5,True
type2_2M_20260121_183657,1335,0.24609375,syndrome_consistent,exact_correct,5,True
type2_2M_20260121_183657,1336,0.234375,syndrome_consistent,exact_correct,4,True
type2_2M_20260121_183657,1337,0.25390625,syndrome_consistent,exact_correct,4,True
type2_2M_20260121_183657,1338,0.27734375,syndrome_consistent,exact_correct,5,True
type2_2M_20260121_183657,1339,0.234375,syndrome_consistent,exact_correct,3,True
type2_2M_20260121_183657,1340,0.2421875,syndrome_consistent,exact_correct,4,True
type2_2M_20260121_183657,1341,0.2265625,syndrome_consistent,exact_correct,4,True
type2_2M_20260121_183657,1342,0.26171875,syndrome_consistent,exact_correct,7,True
type2_2M_20260121_183657,1343,0.30078125,syndrome_consistent,exact_correct,4,True
type2_2M_20260121_183657,1344,0.25,syndrome_consistent,exact_correct,4,True
type2_2M_20260121_183657,1345,0.2265625,syndrome_consistent,exact_correct,5,True
type2_2M_20260121_183657,1346,0.265625,syndrome_consistent,exact_correct,8,True
type2_2M_20260121_183657,1347,0.24609375,syndrome_consistent,exact_correct,6,True
type2_2M_20260121_183657,1348,0.265625,syndrome_consistent,exact_correct,5,True
type2_2M_20260121_183657,1349,0.2578125,syndrome_consistent,exact_correct,5,True
type2_2M_20260121_183657,1350,0.265625,syndrome_consistent,exact_correct,5,True
type2_2M_20260121_183657,1351,0.2734375,syndrome_consistent,exact_correct,7,True
type2_2M_20260121_183657,1352,0.21484375,syndrome_consistent,exact_correct,4,True
type2_2M_20260121_183657,1353,0.2421875,syndrome_consistent,exact_correct,4,True
type2_2M_20260121_183657,1354,0.27734375,syndrome_consistent,exact_correct,4,True
type2_2M_20260121_183657,1355,0.27734375,syndrome_consistent,exact_correct,5,True
type2_2M_20260121_183657,1356,0.24609375,syndrome_consistent,exact_correct,5,True
type2_2M_20260121_183657,1357,0.2578125,syndrome_consistent,exact_correct,6,True
type2_2M_20260121_183657,1358,0.265625,syndrome_consistent,exact_correct,5,True
type2_2M_20260121_183657,1359,0.265625,syndrome_consistent,exact_correct,4,True
type2_2M_20260121_183657,1360,0.29296875,syndrome_consistent,exact_correct,8,True
type2_2M_20260121_183657,1361,0.23828125,syndrome_consistent,exact_correct,6,True
type2_2M_20260121_183657,1362,0.25390625,syndrome_consistent,exact_correct,5,True
type2_2M_20260121_183657,1363,0.265625,syndrome_consistent,exact_correct,5,True
type2_2M_20260121_183657,1364,0.23828125,syndrome_consistent,exact_correct,7,True
type2_2M_20260121_183657,1365,0.28515625,syndrome_consistent,exact_correct,9,True
type2_2M_20260121_183657,1366,0.1953125,syndrome_consistent,exact_correct,3,True
type2_2M_20260121_183657,1367,0.2421875,syndrome_consistent,exact_correct,5,True
type2_1p5M_20260121_183806,1038,0.25390625,decode_failed,iteration_limit,100,False
type2_1p5M_20260121_183806,1039,0.234375,syndrome_consistent,exact_correct,4,True
type2_1p5M_20260121_183806,1040,0.28125,syndrome_consistent,exact_correct,5,True
type2_1p5M_20260121_183806,1041,0.2890625,syndrome_consistent,exact_correct,6,True
type2_1p5M_20260121_183806,1042,0.25390625,syndrome_consistent,exact_correct,7,True
type2_1p5M_20260121_183806,1043,0.2890625,syndrome_consistent,exact_correct,8,True
type2_1p5M_20260121_183806,1044,0.234375,syndrome_consistent,exact_correct,5,True
type2_1p5M_20260121_183806,1045,0.25,syndrome_consistent,exact_correct,4,True
type2_1p5M_20260121_183806,1046,0.26171875,syndrome_consistent,exact_correct,5,True
type2_1p5M_20260121_183806,1047,0.25,syndrome_consistent,exact_correct,6,True
type2_1p5M_20260121_183806,1048,0.296875,syndrome_consistent,exact_correct,10,True
type2_1p5M_20260121_183806,1049,0.28515625,syndrome_consistent,exact_correct,5,True
type2_1p5M_20260121_183806,1050,0.296875,syndrome_consistent,exact_correct,5,True
type2_1p5M_20260121_183806,1051,0.25390625,syndrome_consistent,exact_correct,5,True
type2_1p5M_20260121_183806,1052,0.24609375,syndrome_consistent,exact_correct,7,True
type2_1p5M_20260121_183806,1053,0.25,syndrome_consistent,exact_correct,5,True
type2_1p5M_20260121_183806,1054,0.265625,syndrome_consistent,exact_correct,7,True
type2_1p5M_20260121_183806,1055,0.2578125,syndrome_consistent,exact_correct,7,True
type2_1p5M_20260121_183806,1056,0.30078125,syndrome_consistent,exact_correct,6,True
type2_1p5M_20260121_183806,1057,0.24609375,syndrome_consistent,exact_correct,8,True
type2_1p5M_20260121_183806,1058,0.23046875,syndrome_consistent,exact_correct,4,True
type2_1p5M_20260121_183806,1059,0.2265625,syndrome_consistent,exact_correct,4,True
type2_1p5M_20260121_183806,1060,0.23828125,syndrome_consistent,exact_correct,4,True
type2_1p5M_20260121_183806,1061,0.1953125,syndrome_consistent,exact_correct,3,True
type2_1p5M_20260121_183806,1062,0.27734375,syndrome_consistent,exact_correct,6,True
type2_1p5M_20260121_183806,1063,0.25,syndrome_consistent,exact_correct,5,True
type2_1p5M_20260121_183806,1064,0.28125,syndrome_consistent,exact_correct,5,True
type2_1p5M_20260121_183806,1065,0.25390625,syndrome_consistent,exact_correct,5,True
type2_1p5M_20260121_183806,1066,0.2265625,syndrome_consistent,exact_correct,4,True
type2_1p5M_20260121_183806,1067,0.2890625,syndrome_consistent,exact_correct,5,True
type2_1p5M_20260121_183806,1068,0.24609375,syndrome_consistent,exact_correct,4,True
type2_1p5M_20260121_183806,1069,0.24609375,syndrome_consistent,exact_correct,5,True
type2_1p5M_20260121_183806,1070,0.24609375,syndrome_consistent,exact_correct,6,True
type2_1p5M_20260121_183806,1071,0.23828125,syndrome_consistent,exact_correct,3,True
type2_1p5M_20260121_183806,1072,0.2421875,syndrome_consistent,exact_correct,6,True
type2_1p5M_20260121_183806,1073,0.2578125,syndrome_consistent,exact_correct,6,True
type2_1p5M_20260121_183806,1074,0.234375,syndrome_consistent,exact_correct,4,True
type2_1p5M_20260121_183806,1075,0.234375,syndrome_consistent,exact_correct,4,True
type2_1p5M_20260121_183806,1076,0.23828125,syndrome_consistent,exact_correct,4,True
type2_1p5M_20260121_183806,1077,0.2421875,decode_failed,iteration_limit,100,False
type2_1p5M_20260121_183806,1078,0.25,syndrome_consistent,exact_correct,7,True
type2_1p5M_20260121_183806,1079,0.2109375,syndrome_consistent,exact_correct,5,True
type2_1p5M_20260121_183806,1080,0.2578125,syndrome_consistent,exact_correct,5,True
type2_1p5M_20260121_183806,1081,0.25390625,syndrome_consistent,exact_correct,6,True
type2_1p5M_20260121_183806,1082,0.26171875,syndrome_consistent,exact_correct,5,True
type2_1p5M_20260121_183806,1083,0.2265625,syndrome_consistent,exact_correct,4,True
type2_1p5M_20260121_183806,1084,0.23046875,syndrome_consistent,exact_correct,5,True
type2_1p5M_20260121_183806,1085,0.25,syndrome_consistent,exact_correct,6,True
type2_1p5M_20260121_183806,1086,0.21484375,syndrome_consistent,exact_correct,4,True
type2_1p5M_20260121_183806,1087,0.265625,syndrome_consistent,exact_correct,6,True
type2_1p5M_20260121_183806,1088,0.21875,syndrome_consistent,exact_correct,5,True
type2_1p5M_20260121_183806,1089,0.203125,syndrome_consistent,exact_correct,4,True
type2_1p5M_20260121_183806,1090,0.20703125,syndrome_consistent,exact_correct,5,True
type2_1p5M_20260121_183806,1091,0.25,syndrome_consistent,exact_correct,4,True
type2_1p5M_20260121_183806,1092,0.234375,syndrome_consistent,exact_correct,4,True
type2_1p5M_20260121_183806,1093,0.234375,syndrome_consistent,exact_correct,4,True
type2_1p5M_20260121_183806,1094,0.2890625,syndrome_consistent,exact_correct,5,True
type2_1p5M_20260121_183806,1095,0.2265625,syndrome_consistent,exact_correct,4,True
type2_1p5M_20260121_183806,1096,0.23046875,syndrome_consistent,exact_correct,5,True
type2_1p5M_20260121_183806,1097,0.28125,syndrome_consistent,exact_correct,5,True
type2_1p5M_20260121_183806,1098,0.21875,syndrome_consistent,exact_correct,3,True
type2_1p5M_20260121_183806,1099,0.26953125,syndrome_consistent,exact_correct,12,True
type2_1p5M_20260121_183806,1100,0.25,syndrome_consistent,exact_correct,6,True
type2_1p5M_20260121_183806,1101,0.21484375,syndrome_consistent,exact_correct,4,True
type2_1p5M_20260121_183806,1102,0.203125,syndrome_consistent,exact_correct,3,True
type2_1p5M_20260121_183806,1103,0.24609375,syndrome_consistent,exact_correct,4,True
type2_1p5M_20260121_183806,1104,0.29296875,syndrome_consistent,exact_correct,5,True
type2_1p5M_20260121_183806,1105,0.2421875,syndrome_consistent,exact_correct,7,True
type2_1p5M_20260121_183806,1106,0.21875,syndrome_consistent,exact_correct,5,True
type2_1p5M_20260121_183806,1107,0.265625,syndrome_consistent,exact_correct,5,True
type2_1p5M_20260121_183806,1108,0.23046875,syndrome_consistent,exact_correct,4,True
type2_1p5M_20260121_183806,1109,0.26171875,syndrome_consistent,exact_correct,5,True
type2_1p5M_20260121_183806,1110,0.203125,syndrome_consistent,exact_correct,4,True
type2_1p5M_20260121_183806,1111,0.203125,syndrome_consistent,exact_correct,3,True
type2_1p5M_20260121_183806,1112,0.2421875,syndrome_consistent,exact_correct,4,True
type2_1p5M_20260121_183806,1113,0.2734375,syndrome_consistent,exact_correct,5,True
type2_1p5M_20260121_183806,1114,0.25390625,syndrome_consistent,exact_correct,6,True
type2_1p5M_20260121_183806,1115,0.22265625,syndrome_consistent,exact_correct,4,True
type2_1p5M_20260121_183806,1116,0.26953125,syndrome_consistent,exact_correct,6,True
type2_1p5M_20260121_183806,1117,0.27734375,syndrome_consistent,exact_correct,5,True
type2_1p5M_20260121_183806,1118,0.24609375,syndrome_consistent,exact_correct,5,True
type2_1p5M_20260121_183806,1119,0.25390625,syndrome_consistent,exact_correct,4,True
type2_1p5M_20260121_183806,1120,0.265625,syndrome_consistent,exact_correct,5,True
type2_1p5M_20260121_183806,1121,0.23828125,syndrome_consistent,exact_correct,5,True
type2_1p5M_20260121_183806,1122,0.1953125,syndrome_consistent,exact_correct,6,True
type2_1p5M_20260121_183806,1123,0.20703125,syndrome_consistent,exact_correct,3,True
type2_1p5M_20260121_183806,1124,0.2421875,syndrome_consistent,exact_correct,5,True
type2_1p5M_20260121_183806,1125,0.32421875,syndrome_consistent,exact_correct,6,True
type2_1p5M_20260121_183806,1126,0.25390625,syndrome_consistent,exact_correct,6,True
type2_1p5M_20260121_183806,1127,0.24609375,syndrome_consistent,exact_correct,6,True
type2_1p5M_20260121_183806,1128,0.24609375,syndrome_consistent,exact_correct,6,True
type2_1p5M_20260121_183806,1129,0.2421875,syndrome_consistent,exact_correct,5,True
type2_1p5M_20260121_183806,1130,0.21484375,syndrome_consistent,exact_correct,3,True
type2_1p5M_20260121_183806,1131,0.234375,syndrome_consistent,exact_correct,5,True
type2_1p5M_20260121_183806,1132,0.21484375,syndrome_consistent,exact_correct,4,True
type2_1p5M_20260121_183806,1133,0.28125,syndrome_consistent,exact_correct,5,True
type2_1p5M_20260121_183806,1134,0.28125,syndrome_consistent,exact_correct,5,True
type2_1p5M_20260121_183806,1135,0.3125,syndrome_consistent,exact_correct,6,True
type2_1p5M_20260121_183806,1136,0.2421875,syndrome_consistent,exact_correct,3,True
type2_1p5M_20260121_183806,1137,0.25,syndrome_consistent,exact_correct,6,True
type2_1p5M_20260121_183806,1138,0.2265625,decode_failed,iteration_limit,100,False
type2_1p5M_20260121_183806,1139,0.2265625,syndrome_consistent,exact_correct,4,True
type2_1p5M_20260121_183806,1140,0.2734375,syndrome_consistent,exact_correct,6,True
type2_1p5M_20260121_183806,1141,0.28125,syndrome_consistent,exact_correct,5,True
type2_1p5M_20260121_183806,1142,0.265625,syndrome_consistent,exact_correct,6,True
type2_1p5M_20260121_183806,1143,0.3125,syndrome_consistent,exact_correct,5,True
type2_1p5M_20260121_183806,1144,0.27734375,syndrome_consistent,exact_correct,6,True
type2_1p5M_20260121_183806,1145,0.29296875,syndrome_consistent,exact_correct,7,True
type2_1p5M_20260121_183806,1146,0.328125,syndrome_consistent,exact_correct,9,True
type2_1p5M_20260121_183806,1147,0.23828125,syndrome_consistent,exact_correct,4,True
type2_1p5M_20260121_183806,1148,0.2578125,syndrome_consistent,exact_correct,5,True
type2_1p5M_20260121_183806,1149,0.2734375,syndrome_consistent,exact_correct,5,True
type2_1p5M_20260121_183806,1150,0.1953125,syndrome_consistent,exact_correct,5,True
type2_1p5M_20260121_183806,1151,0.234375,syndrome_consistent,exact_correct,7,True
type2_1p5M_20260121_183806,1152,0.2734375,syndrome_consistent,exact_correct,6,True
type2_1p5M_20260121_183806,1153,0.234375,syndrome_consistent,exact_correct,4,True
type2_1p5M_20260121_183806,1154,0.296875,syndrome_consistent,exact_correct,8,True
type2_1p5M_20260121_183806,1155,0.24609375,syndrome_consistent,exact_correct,7,True
type2_1p5M_20260121_183806,1156,0.265625,syndrome_consistent,exact_correct,5,True
type2_1p5M_20260121_183806,1157,0.296875,syndrome_consistent,exact_correct,6,True
type2_1p5M_20260121_183806,1158,0.2578125,syndrome_consistent,exact_correct,8,True
type2_1p5M_20260121_183806,1159,0.26171875,syndrome_consistent,exact_correct,6,True
type2_1p5M_20260121_183806,1160,0.2734375,syndrome_consistent,exact_correct,10,True
type2_1p5M_20260121_183806,1161,0.26171875,syndrome_consistent,exact_correct,4,True
type2_1p5M_20260121_183806,1162,0.28125,decode_failed,iteration_limit,100,False
type2_1p5M_20260121_183806,1163,0.23828125,syndrome_consistent,exact_correct,4,True
type2_1p5M_20260121_183806,1164,0.28125,syndrome_consistent,exact_correct,6,True
type2_1p5M_20260121_183806,1165,0.2421875,syndrome_consistent,exact_correct,5,True
type2_1p5M_20260121_183806,1166,0.2421875,syndrome_consistent,exact_correct,4,True
type2_1p5M_20260121_183806,1167,0.24609375,syndrome_consistent,exact_correct,5,True
type2_1p5M_20260121_183806,1168,0.26953125,syndrome_consistent,exact_correct,5,True
type2_1p5M_20260121_183806,1169,0.2578125,syndrome_consistent,exact_correct,4,True
type2_1p5M_20260121_183806,1170,0.2578125,syndrome_consistent,exact_correct,6,True
type2_1p5M_20260121_183806,1171,0.25,decode_failed,iteration_limit,100,False
type2_1p5M_20260121_183806,1172,0.28125,syndrome_consistent,exact_correct,5,True
type2_1p5M_20260121_183806,1173,0.22265625,syndrome_consistent,exact_correct,5,True
type2_1p5M_20260121_183806,1174,0.2265625,syndrome_consistent,exact_correct,4,True
type2_1p5M_20260121_183806,1175,0.2109375,syndrome_consistent,exact_correct,3,True
type2_1p5M_20260121_183806,1176,0.21484375,syndrome_consistent,exact_correct,4,True
type2_1p5M_20260121_183806,1177,0.24609375,syndrome_consistent,exact_correct,4,True
type2_1p5M_20260121_183806,1178,0.27734375,syndrome_consistent,exact_correct,4,True
type2_1p5M_20260121_183806,1179,0.23046875,syndrome_consistent,exact_correct,4,True
type2_1p5M_20260121_183806,1180,0.2265625,syndrome_consistent,exact_correct,3,True
type2_1p5M_20260121_183806,1181,0.265625,syndrome_consistent,exact_correct,4,True
type2_1p5M_20260121_183806,1182,0.26953125,syndrome_consistent,exact_correct,7,True
type2_1p5M_20260121_183806,1183,0.2578125,syndrome_consistent,exact_correct,3,True
type2_1p5M_20260121_183806,1184,0.2578125,syndrome_consistent,exact_correct,3,True
type2_1p5M_20260121_183806,1185,0.25,syndrome_consistent,exact_correct,6,True
type2_1p5M_20260121_183806,1186,0.234375,syndrome_consistent,exact_correct,4,True
type2_1p5M_20260121_183806,1187,0.265625,syndrome_consistent,exact_correct,5,True
type2_1p5M_20260121_183806,1188,0.25390625,syndrome_consistent,exact_correct,6,True
type2_1p5M_20260121_183806,1189,0.25,syndrome_consistent,exact_correct,5,True
type2_1p5M_20260121_183806,1190,0.25390625,syndrome_consistent,exact_correct,5,True
type2_1p5M_20260121_183806,1191,0.29296875,syndrome_consistent,exact_correct,6,True
type2_1p5M_20260121_183806,1192,0.296875,syndrome_consistent,exact_correct,7,True
type2_1p5M_20260121_183806,1193,0.22265625,syndrome_consistent,exact_correct,5,True
type2_1p5M_20260121_183806,1194,0.26171875,syndrome_consistent,exact_correct,6,True
type2_1p5M_20260121_183806,1195,0.29296875,syndrome_consistent,exact_correct,6,True
type2_1p5M_20260121_183806,1196,0.22265625,syndrome_consistent,exact_correct,5,True
type2_1p5M_20260121_183806,1197,0.296875,syndrome_consistent,exact_correct,9,True
type2_1p5M_20260121_183806,1198,0.2734375,syndrome_consistent,exact_correct,12,True
type2_1p5M_20260121_183806,1199,0.30078125,syndrome_consistent,exact_correct,10,True
type2_1p5M_20260121_183806,1200,0.29296875,syndrome_consistent,exact_correct,9,True
type2_1p5M_20260121_183806,1201,0.22265625,syndrome_consistent,exact_correct,5,True
type2_1p5M_20260121_183806,1202,0.28125,syndrome_consistent,exact_correct,5,True
type2_1p5M_20260121_183806,1203,0.23046875,syndrome_consistent,exact_correct,4,True
type2_1p5M_20260121_183806,1204,0.26171875,syndrome_consistent,exact_correct,5,True
type2_1p5M_20260121_183806,1205,0.28515625,syndrome_consistent,exact_correct,6,True
type2_1p5M_20260121_183806,1206,0.28125,syndrome_consistent,exact_correct,4,True
type2_1p5M_20260121_183806,1207,0.23828125,syndrome_consistent,exact_correct,4,True
type2_1p5M_20260121_183806,1208,0.22265625,syndrome_consistent,exact_correct,6,True
type2_1p5M_20260121_183806,1209,0.3125,syndrome_consistent,exact_correct,5,True
type2_1p5M_20260121_183806,1210,0.234375,syndrome_consistent,exact_correct,5,True
type2_1p5M_20260121_183806,1211,0.25,syndrome_consistent,exact_correct,5,True
type2_1p5M_20260121_183806,1212,0.25390625,syndrome_consistent,exact_correct,5,True
type2_1p5M_20260121_183806,1213,0.2578125,syndrome_consistent,exact_correct,6,True
type2_1p5M_20260121_183806,1214,0.2578125,syndrome_consistent,exact_correct,4,True
type2_1p5M_20260121_183806,1215,0.30078125,syndrome_consistent,exact_correct,8,True
type2_1p5M_20260121_183806,1216,0.2890625,syndrome_consistent,exact_correct,9,True
type2_1p5M_20260121_183806,1217,0.25,syndrome_consistent,exact_correct,4,True
type2_1p5M_20260121_183806,1218,0.3203125,syndrome_consistent,exact_correct,24,True
type2_1p5M_20260121_183806,1219,0.25,syndrome_consistent,exact_correct,6,True
type2_1p5M_20260121_183806,1220,0.296875,syndrome_consistent,exact_correct,6,True
type2_1p5M_20260121_183806,1221,0.25,syndrome_consistent,exact_correct,4,True
type2_1p5M_20260121_183806,1222,0.2734375,syndrome_consistent,exact_correct,11,True
type2_1p5M_20260121_183806,1223,0.296875,syndrome_consistent,exact_correct,6,True
type2_1p5M_20260121_183806,1224,0.21484375,syndrome_consistent,exact_correct,5,True
type2_1p5M_20260121_183806,1225,0.28125,syndrome_consistent,exact_correct,6,True
type2_1p5M_20260121_183806,1226,0.23046875,syndrome_consistent,exact_correct,4,True
type2_1p5M_20260121_183806,1227,0.2578125,syndrome_consistent,exact_correct,4,True
type2_1p5M_20260121_183806,1228,0.26953125,syndrome_consistent,exact_correct,4,True
type2_1p5M_20260121_183806,1229,0.234375,syndrome_consistent,exact_correct,6,True
type2_1p5M_20260121_183806,1230,0.26953125,syndrome_consistent,exact_correct,6,True
type2_1p5M_20260121_183806,1231,0.25,syndrome_consistent,exact_correct,5,True
type2_1p5M_20260121_183806,1232,0.2578125,syndrome_consistent,exact_correct,6,True
type2_1p5M_20260121_183806,1233,0.23828125,syndrome_consistent,exact_correct,4,True
type2_1p5M_20260121_183806,1234,0.2890625,syndrome_consistent,exact_correct,5,True
type2_1p5M_20260121_183806,1235,0.3046875,syndrome_consistent,exact_correct,6,True
type2_1p5M_20260121_183806,1236,0.28515625,syndrome_consistent,exact_correct,5,True
type2_1p5M_20260121_183806,1237,0.265625,syndrome_consistent,exact_correct,4,True
type2_1p5M_20260121_183806,1238,0.3203125,syndrome_consistent,exact_correct,5,True
type2_1p5M_20260121_183806,1239,0.2421875,syndrome_consistent,exact_correct,4,True
type2_1p5M_20260121_183806,1240,0.26171875,syndrome_consistent,exact_correct,7,True
type2_1p5M_20260121_183806,1241,0.2578125,syndrome_consistent,exact_correct,7,True
type2_1p5M_20260121_183806,1242,0.2265625,syndrome_consistent,exact_correct,4,True
type2_1p5M_20260121_183806,1243,0.24609375,syndrome_consistent,exact_correct,4,True
type2_1p5M_20260121_183806,1244,0.25,syndrome_consistent,exact_correct,4,True
type2_1p5M_20260121_183806,1245,0.2734375,syndrome_consistent,exact_correct,7,True
type2_1p5M_20260121_183806,1246,0.21484375,syndrome_consistent,exact_correct,4,True
type2_1p5M_20260121_183806,1247,0.24609375,syndrome_consistent,exact_correct,4,True
type2_1p5M_20260121_183806,1248,0.23046875,syndrome_consistent,exact_correct,3,True
type2_1p5M_20260121_183806,1249,0.26953125,syndrome_consistent,exact_correct,8,True
type2_1p5M_20260121_183806,1250,0.19921875,syndrome_consistent,exact_correct,3,True
type2_1p5M_20260121_183806,1251,0.20703125,syndrome_consistent,exact_correct,4,True
type2_1p5M_20260121_183806,1252,0.2265625,syndrome_consistent,exact_correct,4,True
type2_1p5M_20260121_183806,1253,0.28125,syndrome_consistent,exact_correct,5,True
type2_1p5M_20260121_183806,1254,0.26171875,syndrome_consistent,exact_correct,7,True
type2_1p5M_20260121_183806,1255,0.25,syndrome_consistent,exact_correct,4,True
type2_1p5M_20260121_183806,1256,0.29296875,syndrome_consistent,exact_correct,5,True
type2_1p5M_20260121_183806,1257,0.26171875,syndrome_consistent,exact_correct,6,True
type2_1p5M_20260121_183806,1258,0.25,syndrome_consistent,exact_correct,6,True
type2_1p5M_20260121_183806,1259,0.265625,syndrome_consistent,exact_correct,7,True
type2_1p5M_20260121_183806,1260,0.25,syndrome_consistent,exact_correct,10,True
type2_1p5M_20260121_183806,1261,0.2421875,syndrome_consistent,exact_correct,6,True
type2_1p5M_20260121_183806,1262,0.22265625,syndrome_consistent,exact_correct,4,True
type2_1p5M_20260121_183806,1263,0.3046875,syndrome_consistent,exact_correct,5,True
type2_1p5M_20260121_183806,1264,0.265625,syndrome_consistent,exact_correct,5,True
type2_1p5M_20260121_183806,1265,0.25390625,syndrome_consistent,exact_correct,5,True
type2_1p5M_20260121_183806,1266,0.2265625,syndrome_consistent,exact_correct,6,True
type2_1p5M_20260121_183806,1267,0.28515625,syndrome_consistent,exact_correct,9,True
type2_1p5M_20260121_183806,1268,0.25390625,syndrome_consistent,exact_correct,5,True
type2_1p5M_20260121_183806,1269,0.3125,syndrome_consistent,exact_correct,5,True
type2_1p5M_20260121_183806,1270,0.22265625,syndrome_consistent,exact_correct,6,True
type2_1p5M_20260121_183806,1271,0.265625,syndrome_consistent,exact_correct,6,True
type2_1p5M_20260121_183806,1272,0.203125,syndrome_consistent,exact_correct,3,True
type2_1p5M_20260121_183806,1273,0.265625,syndrome_consistent,exact_correct,7,True
type2_1p5M_20260121_183806,1274,0.26953125,syndrome_consistent,exact_correct,4,True
type2_1p5M_20260121_183806,1275,0.234375,syndrome_consistent,exact_correct,5,True
type2_1p5M_20260121_183806,1276,0.25,syndrome_consistent,exact_correct,4,True
type2_1p5M_20260121_183806,1277,0.28515625,syndrome_consistent,exact_correct,9,True
type2_1p5M_20260121_183806,1278,0.2421875,syndrome_consistent,exact_correct,3,True
type2_1p5M_20260121_183806,1279,0.23046875,syndrome_consistent,exact_correct,6,True
type2_1p5M_20260121_183806,1280,0.32421875,syndrome_consistent,exact_correct,5,True
type2_1p5M_20260121_183806,1281,0.25390625,syndrome_consistent,exact_correct,5,True
type2_1p5M_20260121_183806,1282,0.3046875,syndrome_consistent,exact_correct,7,True
type2_1p5M_20260121_183806,1283,0.234375,syndrome_consistent,exact_correct,7,True
type2_1p5M_20260121_183806,1284,0.23046875,syndrome_consistent,exact_correct,6,True
type2_1p5M_20260121_183806,1285,0.30859375,syndrome_consistent,exact_correct,5,True
type2_1p5M_20260121_183806,1286,0.21875,syndrome_consistent,exact_correct,4,True
type2_1p5M_20260121_183806,1287,0.25390625,syndrome_consistent,exact_correct,4,True
type2_1p5M_20260121_183806,1288,0.28515625,syndrome_consistent,exact_correct,5,True
type2_1p5M_20260121_183806,1289,0.29296875,syndrome_consistent,exact_correct,6,True
type2_1p5M_20260121_183806,1290,0.234375,syndrome_consistent,exact_correct,4,True
type2_1p5M_20260121_183806,1291,0.3046875,syndrome_consistent,exact_correct,6,True
type2_1p5M_20260121_183806,1292,0.24609375,syndrome_consistent,exact_correct,5,True
type2_1p5M_20260121_183806,1293,0.27734375,syndrome_consistent,exact_correct,9,True
type2_1p5M_20260121_183806,1294,0.21484375,syndrome_consistent,exact_correct,4,True
type2_1p5M_20260121_183806,1295,0.234375,syndrome_consistent,exact_correct,6,True
type2_1p5M_20260121_183806,1296,0.265625,syndrome_consistent,exact_correct,5,True
type2_1p5M_20260121_183806,1297,0.26171875,syndrome_consistent,exact_correct,8,True
type2_1p5M_20260121_183806,1298,0.2265625,syndrome_consistent,exact_correct,5,True
type2_1p5M_20260121_183806,1299,0.2421875,syndrome_consistent,exact_correct,5,True
type2_1p5M_20260121_183806,1300,0.26171875,syndrome_consistent,exact_correct,4,True
type2_1p5M_20260121_183806,1301,0.2109375,syndrome_consistent,exact_correct,3,True
type2_1p5M_20260121_183806,1302,0.2578125,syndrome_consistent,exact_correct,4,True
type2_1p5M_20260121_183806,1303,0.20703125,syndrome_consistent,exact_correct,3,True
type2_1p5M_20260121_183806,1304,0.20703125,syndrome_consistent,exact_correct,6,True
type2_1p5M_20260121_183806,1305,0.25390625,syndrome_consistent,exact_correct,6,True
type2_1p5M_20260121_183806,1306,0.203125,syndrome_consistent,exact_correct,4,True
type2_1p5M_20260121_183806,1307,0.26953125,syndrome_consistent,exact_correct,6,True
type2_1p5M_20260121_183806,1308,0.21484375,syndrome_consistent,exact_correct,4,True
type2_1p5M_20260121_183806,1309,0.26171875,syndrome_consistent,exact_correct,6,True
type2_1p5M_20260121_183806,1310,0.2265625,syndrome_consistent,exact_correct,4,True
type2_1p5M_20260121_183806,1311,0.23828125,syndrome_consistent,exact_correct,4,True
type2_1p5M_20260121_183806,1312,0.203125,syndrome_consistent,exact_correct,3,True
type2_1p5M_20260121_183806,1313,0.3046875,syndrome_consistent,exact_correct,9,True
type2_1p5M_20260121_183806,1314,0.20703125,syndrome_consistent,exact_correct,6,True
type2_1p5M_20260121_183806,1315,0.1875,syndrome_consistent,exact_correct,4,True
type2_1p5M_20260121_183806,1316,0.21484375,syndrome_consistent,exact_correct,4,True
type2_1p5M_20260121_183806,1317,0.25,syndrome_consistent,exact_correct,4,True
type2_1p5M_20260121_183806,1318,0.26171875,syndrome_consistent,exact_correct,5,True
type2_1p5M_20260121_183806,1319,0.2890625,syndrome_consistent,exact_correct,4,True
type2_1p5M_20260121_183806,1320,0.1875,syndrome_consistent,exact_correct,3,True
type2_1p5M_20260121_183806,1321,0.26171875,syndrome_consistent,exact_correct,3,True
type2_1p5M_20260121_183806,1322,0.26171875,syndrome_consistent,exact_correct,5,True
type2_1p5M_20260121_183806,1323,0.28125,syndrome_consistent,exact_correct,7,True
type2_1p5M_20260121_183806,1324,0.23046875,syndrome_consistent,exact_correct,4,True
type2_1p5M_20260121_183806,1325,0.24609375,syndrome_consistent,exact_correct,5,True
type2_1p5M_20260121_183806,1326,0.26953125,syndrome_consistent,exact_correct,5,True
type2_1p5M_20260121_183806,1327,0.26953125,syndrome_consistent,exact_correct,6,True
type2_1p5M_20260121_183806,1328,0.23828125,syndrome_consistent,exact_correct,4,True
type2_1p5M_20260121_183806,1329,0.21875,syndrome_consistent,exact_correct,5,True
type2_1p5M_20260121_183806,1330,0.2109375,syndrome_consistent,exact_correct,4,True
type2_1p5M_20260121_183806,1331,0.2109375,syndrome_consistent,exact_correct,4,True
type2_1p5M_20260121_183806,1332,0.29296875,syndrome_consistent,exact_correct,9,True
type2_1p5M_20260121_183806,1333,0.23828125,syndrome_consistent,exact_correct,9,True
type2_1p5M_20260121_183806,1334,0.2578125,syndrome_consistent,exact_correct,5,True
type2_1p5M_20260121_183806,1335,0.27734375,syndrome_consistent,exact_correct,8,True
type2_1p5M_20260121_183806,1336,0.26171875,syndrome_consistent,exact_correct,8,True
type2_1p5M_20260121_183806,1337,0.28515625,syndrome_consistent,exact_correct,8,True
type2_1p5M_20260121_183806,1338,0.24609375,syndrome_consistent,exact_correct,4,True
type2_1p5M_20260121_183806,1339,0.26953125,syndrome_consistent,exact_correct,4,True
type2_1p5M_20260121_183806,1340,0.23828125,syndrome_consistent,exact_correct,4,True
type2_1p5M_20260121_183806,1341,0.18359375,syndrome_consistent,exact_correct,4,True
type2_1p5M_20260121_183806,1342,0.203125,syndrome_consistent,exact_correct,4,True
type2_1p5M_20260121_183806,1343,0.31640625,syndrome_consistent,exact_correct,6,True
type2_1p5M_20260121_183806,1344,0.265625,syndrome_consistent,exact_correct,4,True
type2_1p5M_20260121_183806,1345,0.24609375,syndrome_consistent,exact_correct,7,True
type2_1p5M_20260121_183806,1346,0.2578125,syndrome_consistent,exact_correct,6,True
type2_1p5M_20260121_183806,1347,0.23046875,syndrome_consistent,exact_correct,7,True
type2_1p5M_20260121_183806,1348,0.23828125,syndrome_consistent,exact_correct,5,True
type2_1p5M_20260121_183806,1349,0.234375,syndrome_consistent,exact_correct,6,True
type2_1p5M_20260121_183806,1350,0.24609375,syndrome_consistent,exact_correct,4,True
type2_1p5M_20260121_183806,1351,0.2578125,syndrome_consistent,exact_correct,7,True
type2_1p5M_20260121_183806,1352,0.234375,syndrome_consistent,exact_correct,4,True
type2_1p5M_20260121_183806,1353,0.29296875,syndrome_consistent,exact_correct,4,True
type2_1p5M_20260121_183806,1354,0.30078125,syndrome_consistent,exact_correct,6,True
type2_1p5M_20260121_183806,1355,0.28515625,syndrome_consistent,exact_correct,3,True
type2_1p5M_20260121_183806,1356,0.20703125,syndrome_consistent,exact_correct,5,True
type2_1p5M_20260121_183806,1357,0.25390625,syndrome_consistent,exact_correct,7,True
type2_1p5M_20260121_183806,1358,0.25390625,syndrome_consistent,exact_correct,5,True
type2_1p5M_20260121_183806,1359,0.23046875,syndrome_consistent,exact_correct,4,True
type2_1p5M_20260121_183806,1360,0.28515625,syndrome_consistent,exact_correct,6,True
type2_1p5M_20260121_183806,1361,0.24609375,syndrome_consistent,exact_correct,4,True
type2_1p5M_20260121_183806,1362,0.2421875,syndrome_consistent,exact_correct,4,True
type2_1p5M_20260121_183806,1363,0.28125,syndrome_consistent,exact_correct,11,True
type2_1p5M_20260121_183806,1364,0.2421875,syndrome_consistent,exact_correct,5,True
type2_1p5M_20260121_183806,1365,0.24609375,syndrome_consistent,exact_correct,4,True
type2_1p5M_20260121_183806,1366,0.2734375,syndrome_consistent,exact_correct,4,True
type2_1p5M_20260121_183806,1367,0.2890625,syndrome_consistent,exact_correct,5,True
type2_1p5M_20260121_183806,1368,0.24609375,syndrome_consistent,exact_correct,4,True
type2_1p5M_20260121_183806,1369,0.3203125,syndrome_consistent,exact_correct,5,True
type2_1p5M_20260121_183806,1370,0.27734375,syndrome_consistent,exact_correct,4,True
type2_1p5M_20260121_183806,1371,0.2578125,syndrome_consistent,exact_correct,7,True
type2_1p5M_20260121_183806,1372,0.26171875,syndrome_consistent,exact_correct,4,True
type2_1p5M_20260121_183806,1373,0.2578125,syndrome_consistent,exact_correct,6,True
type2_1p5M_20260121_183806,1374,0.20703125,syndrome_consistent,exact_correct,4,True
type2_1p5M_20260121_183806,1375,0.28125,syndrome_consistent,exact_correct,6,True
type2_1p5M_20260121_183806,1376,0.23828125,syndrome_consistent,exact_correct,4,True
type2_1p5M_20260121_183806,1377,0.23828125,syndrome_consistent,exact_correct,5,True
type2_1p5M_20260121_183806,1378,0.30078125,syndrome_consistent,exact_correct,5,True
type2_1p5M_20260121_183806,1379,0.25390625,syndrome_consistent,exact_correct,6,True
type2_1p5M_20260121_183806,1380,0.23046875,syndrome_consistent,exact_correct,5,True
type2_1p5M_20260121_183806,1381,0.28125,syndrome_consistent,exact_correct,4,True
type2_1p5M_20260121_183806,1382,0.31640625,syndrome_consistent,exact_correct,9,True
type2_1p5M_20260121_183806,1383,0.20703125,syndrome_consistent,exact_correct,4,True
type2_1M_20260121_184040,750,0.2734375,syndrome_consistent,exact_correct,6,True
type2_1M_20260121_184040,751,0.203125,syndrome_consistent,exact_correct,4,True
type2_1M_20260121_184040,752,0.171875,syndrome_consistent,exact_correct,3,True
type2_1M_20260121_184040,753,0.24609375,syndrome_consistent,exact_correct,4,True
type2_1M_20260121_184040,754,0.2109375,syndrome_consistent,exact_correct,6,True
type2_1M_20260121_184040,755,0.296875,syndrome_consistent,exact_correct,5,True
type2_1M_20260121_184040,756,0.3046875,syndrome_consistent,exact_correct,6,True
type2_1M_20260121_184040,757,0.21484375,syndrome_consistent,exact_correct,4,True
type2_1M_20260121_184040,758,0.25390625,syndrome_consistent,exact_correct,4,True
type2_1M_20260121_184040,759,0.24609375,syndrome_consistent,exact_correct,5,True
type2_1M_20260121_184040,760,0.25390625,syndrome_consistent,exact_correct,6,True
type2_1M_20260121_184040,761,0.23046875,syndrome_consistent,exact_correct,6,True
type2_1M_20260121_184040,762,0.21484375,syndrome_consistent,exact_correct,4,True
type2_1M_20260121_184040,763,0.2109375,syndrome_consistent,exact_correct,3,True
type2_1M_20260121_184040,764,0.25390625,syndrome_consistent,exact_correct,5,True
type2_1M_20260121_184040,765,0.19140625,syndrome_consistent,exact_correct,3,True
type2_1M_20260121_184040,766,0.25390625,syndrome_consistent,exact_correct,7,True
type2_1M_20260121_184040,767,0.2578125,syndrome_consistent,exact_correct,6,True
type2_1M_20260121_184040,768,0.2421875,syndrome_consistent,exact_correct,5,True
type2_1M_20260121_184040,769,0.2578125,syndrome_consistent,exact_correct,5,True
type2_1M_20260121_184040,770,0.25390625,syndrome_consistent,exact_correct,5,True
type2_1M_20260121_184040,771,0.2265625,syndrome_consistent,exact_correct,5,True
type2_1M_20260121_184040,772,0.24609375,syndrome_consistent,exact_correct,5,True
type2_1M_20260121_184040,773,0.28125,syndrome_consistent,exact_correct,4,True
type2_1M_20260121_184040,774,0.21875,syndrome_consistent,exact_correct,4,True
type2_1M_20260121_184040,775,0.265625,syndrome_consistent,exact_correct,5,True
type2_1M_20260121_184040,776,0.234375,syndrome_consistent,exact_correct,4,True
type2_1M_20260121_184040,777,0.22265625,syndrome_consistent,exact_correct,5,True
type2_1M_20260121_184040,778,0.23046875,syndrome_consistent,exact_correct,3,True
type2_1M_20260121_184040,779,0.26171875,syndrome_consistent,exact_correct,5,True
type2_1M_20260121_184040,780,0.265625,syndrome_consistent,exact_correct,6,True
type2_1M_20260121_184040,781,0.29296875,syndrome_consistent,exact_correct,4,True
type2_1M_20260121_184040,782,0.22265625,syndrome_consistent,exact_correct,4,True
type2_1M_20260121_184040,783,0.24609375,syndrome_consistent,exact_correct,7,True
type2_1M_20260121_184040,784,0.234375,syndrome_consistent,exact_correct,4,True
type2_1M_20260121_184040,785,0.25390625,syndrome_consistent,exact_correct,5,True
type2_1M_20260121_184040,786,0.22265625,syndrome_consistent,exact_correct,4,True
type2_1M_20260121_184040,787,0.21875,syndrome_consistent,exact_correct,4,True
type2_1M_20260121_184040,788,0.26953125,syndrome_consistent,exact_correct,7,True
type2_1M_20260121_184040,789,0.23828125,syndrome_consistent,exact_correct,4,True
type2_1M_20260121_184040,790,0.265625,syndrome_consistent,exact_correct,4,True
type2_1M_20260121_184040,791,0.2109375,syndrome_consistent,exact_correct,4,True
type2_1M_20260121_184040,792,0.2265625,syndrome_consistent,exact_correct,4,True
type2_1M_20260121_184040,793,0.21875,syndrome_consistent,exact_correct,4,True
type2_1M_20260121_184040,794,0.26171875,syndrome_consistent,exact_correct,5,True
type2_1M_20260121_184040,795,0.203125,syndrome_consistent,exact_correct,4,True
type2_1M_20260121_184040,796,0.22265625,syndrome_consistent,exact_correct,5,True
type2_1M_20260121_184040,797,0.27734375,syndrome_consistent,exact_correct,5,True
type2_1M_20260121_184040,798,0.2578125,syndrome_consistent,exact_correct,5,True
type2_1M_20260121_184040,799,0.203125,syndrome_consistent,exact_correct,3,True
type2_1M_20260121_184040,800,0.2890625,syndrome_consistent,exact_correct,7,True
type2_1M_20260121_184040,801,0.24609375,syndrome_consistent,exact_correct,4,True
type2_1M_20260121_184040,802,0.265625,syndrome_consistent,exact_correct,6,True
type2_1M_20260121_184040,803,0.21484375,syndrome_consistent,exact_correct,4,True
type2_1M_20260121_184040,804,0.2734375,syndrome_consistent,exact_correct,6,True
type2_1M_20260121_184040,805,0.2265625,syndrome_consistent,exact_correct,5,True
type2_1M_20260121_184040,806,0.2265625,syndrome_consistent,exact_correct,5,True
type2_1M_20260121_184040,807,0.29296875,syndrome_consistent,exact_correct,4,True
type2_1M_20260121_184040,808,0.234375,syndrome_consistent,exact_correct,4,True
type2_1M_20260121_184040,809,0.26171875,syndrome_consistent,exact_correct,4,True
type2_1M_20260121_184040,810,0.25,syndrome_consistent,exact_correct,4,True
type2_1M_20260121_184040,811,0.2578125,syndrome_consistent,exact_correct,7,True
type2_1M_20260121_184040,812,0.26171875,syndrome_consistent,exact_correct,7,True
type2_1M_20260121_184040,813,0.2578125,syndrome_consistent,exact_correct,7,True
type2_1M_20260121_184040,814,0.19921875,syndrome_consistent,exact_correct,3,True
type2_1M_20260121_184040,815,0.19921875,syndrome_consistent,exact_correct,4,True
type2_1M_20260121_184040,816,0.22265625,syndrome_consistent,exact_correct,4,True
type2_1M_20260121_184040,817,0.23828125,syndrome_consistent,exact_correct,8,True
type2_1M_20260121_184040,818,0.171875,syndrome_consistent,exact_correct,3,True
type2_1M_20260121_184040,819,0.23828125,syndrome_consistent,exact_correct,4,True
type2_1M_20260121_184040,820,0.2421875,syndrome_consistent,exact_correct,5,True
type2_1M_20260121_184040,821,0.24609375,syndrome_consistent,exact_correct,5,True
type2_1M_20260121_184040,822,0.23828125,syndrome_consistent,exact_correct,5,True
type2_1M_20260121_184040,823,0.25,syndrome_consistent,exact_correct,5,True
type2_1M_20260121_184040,824,0.26953125,syndrome_consistent,exact_correct,6,True
type2_1M_20260121_184040,825,0.23828125,syndrome_consistent,exact_correct,6,True
type2_1M_20260121_184040,826,0.26953125,syndrome_consistent,exact_correct,7,True
type2_1M_20260121_184040,827,0.22265625,syndrome_consistent,exact_correct,5,True
type2_1M_20260121_184040,828,0.1953125,syndrome_consistent,exact_correct,3,True
type2_1M_20260121_184040,829,0.2265625,syndrome_consistent,exact_correct,3,True
type2_1M_20260121_184040,830,0.23828125,syndrome_consistent,exact_correct,4,True
type2_1M_20260121_184040,831,0.24609375,syndrome_consistent,exact_correct,6,True
type2_1M_20260121_184040,832,0.23046875,syndrome_consistent,exact_correct,8,True
type2_1M_20260121_184040,833,0.24609375,syndrome_consistent,exact_correct,6,True
type2_1M_20260121_184040,834,0.2265625,syndrome_consistent,exact_correct,4,True
type2_1M_20260121_184040,835,0.25,syndrome_consistent,exact_correct,6,True
type2_1M_20260121_184040,836,0.26171875,syndrome_consistent,exact_correct,5,True
type2_1M_20260121_184040,837,0.2421875,decode_failed,iteration_limit,100,False
type2_1M_20260121_184040,838,0.14453125,syndrome_consistent,exact_correct,3,True
type2_1M_20260121_184040,839,0.28125,syndrome_consistent,exact_correct,5,True
type2_1M_20260121_184040,840,0.2421875,syndrome_consistent,exact_correct,6,True
type2_1M_20260121_184040,841,0.2734375,syndrome_consistent,exact_correct,4,True
type2_1M_20260121_184040,842,0.203125,syndrome_consistent,exact_correct,3,True
type2_1M_20260121_184040,843,0.22265625,syndrome_consistent,exact_correct,4,True
type2_1M_20260121_184040,844,0.26171875,syndrome_consistent,exact_correct,8,True
type2_1M_20260121_184040,845,0.234375,syndrome_consistent,exact_correct,5,True
type2_1M_20260121_184040,846,0.20703125,syndrome_consistent,exact_correct,4,True
type2_1M_20260121_184040,847,0.2265625,syndrome_consistent,exact_correct,5,True
type2_1M_20260121_184040,848,0.265625,syndrome_consistent,exact_correct,5,True
type2_1M_20260121_184040,849,0.22265625,syndrome_consistent,exact_correct,4,True
type2_1M_20260121_184040,850,0.25,syndrome_consistent,exact_correct,4,True
type2_1M_20260121_184040,851,0.26171875,syndrome_consistent,exact_correct,4,True
type2_1M_20260121_184040,852,0.2421875,syndrome_consistent,exact_correct,5,True
type2_1M_20260121_184040,853,0.2421875,syndrome_consistent,exact_correct,6,True
type2_1M_20260121_184040,854,0.265625,syndrome_consistent,exact_correct,6,True
type2_1M_20260121_184040,855,0.1953125,syndrome_consistent,exact_correct,4,True
type2_1M_20260121_184040,856,0.20703125,syndrome_consistent,exact_correct,4,True
type2_1M_20260121_184040,857,0.23046875,syndrome_consistent,exact_correct,6,True
type2_1M_20260121_184040,858,0.22265625,syndrome_consistent,exact_correct,5,True
type2_1M_20260121_184040,859,0.234375,syndrome_consistent,exact_correct,5,True
type2_1M_20260121_184040,860,0.26171875,syndrome_consistent,exact_correct,4,True
type2_1M_20260121_184040,861,0.2109375,syndrome_consistent,exact_correct,4,True
type2_1M_20260121_184040,862,0.24609375,syndrome_consistent,exact_correct,4,True
type2_1M_20260121_184040,863,0.25390625,syndrome_consistent,exact_correct,4,True
type2_1M_20260121_184040,864,0.25,syndrome_consistent,exact_correct,3,True
type2_1M_20260121_184040,865,0.25390625,decode_failed,iteration_limit,100,False
type2_1M_20260121_184040,866,0.2265625,syndrome_consistent,exact_correct,5,True
type2_1M_20260121_184040,867,0.20703125,syndrome_consistent,exact_correct,6,True
type2_1M_20260121_184040,868,0.23046875,syndrome_consistent,exact_correct,5,True
type2_1M_20260121_184040,869,0.23046875,syndrome_consistent,exact_correct,5,True
type2_1M_20260121_184040,870,0.234375,syndrome_consistent,exact_correct,4,True
type2_1M_20260121_184040,871,0.26171875,syndrome_consistent,exact_correct,9,True
type2_1M_20260121_184040,872,0.2265625,syndrome_consistent,exact_correct,5,True
type2_1M_20260121_184040,873,0.22265625,syndrome_consistent,exact_correct,5,True
type2_1M_20260121_184040,874,0.20703125,syndrome_consistent,exact_correct,3,True
type2_1M_20260121_184040,875,0.265625,syndrome_consistent,exact_correct,5,True
type2_1M_20260121_184040,876,0.22265625,syndrome_consistent,exact_correct,4,True
type2_1M_20260121_184040,877,0.28125,syndrome_consistent,exact_correct,7,True
type2_1M_20260121_184040,878,0.20703125,syndrome_consistent,exact_correct,5,True
type2_1M_20260121_184040,879,0.2890625,decode_failed,iteration_limit,100,False
type2_1M_20260121_184040,880,0.2578125,syndrome_consistent,exact_correct,4,True
type2_1M_20260121_184040,881,0.23828125,syndrome_consistent,exact_correct,4,True
type2_1M_20260121_184040,882,0.234375,syndrome_consistent,exact_correct,5,True
type2_1M_20260121_184040,883,0.234375,syndrome_consistent,exact_correct,5,True
type2_1M_20260121_184040,884,0.25390625,syndrome_consistent,exact_correct,5,True
type2_1M_20260121_184040,885,0.23046875,syndrome_consistent,exact_correct,4,True
type2_1M_20260121_184040,886,0.2421875,syndrome_consistent,exact_correct,5,True
type2_1M_20260121_184040,887,0.26171875,syndrome_consistent,exact_correct,4,True
type2_1M_20260121_184040,888,0.21484375,syndrome_consistent,exact_correct,3,True
type2_1M_20260121_184040,889,0.20703125,syndrome_consistent,exact_correct,3,True
type2_1M_20260121_184040,890,0.2265625,syndrome_consistent,exact_correct,4,True
type2_1M_20260121_184040,891,0.23046875,syndrome_consistent,exact_correct,4,True
type2_1M_20260121_184040,892,0.25,syndrome_consistent,exact_correct,5,True
type2_1M_20260121_184040,893,0.296875,syndrome_consistent,exact_correct,8,True
type2_1M_20260121_184040,894,0.21875,syndrome_consistent,exact_correct,4,True
type2_1M_20260121_184040,895,0.24609375,syndrome_consistent,exact_correct,5,True
type2_1M_20260121_184040,896,0.2109375,syndrome_consistent,exact_correct,5,True
type2_1M_20260121_184040,897,0.2421875,syndrome_consistent,exact_correct,3,True
type2_1M_20260121_184040,898,0.1875,syndrome_consistent,exact_correct,3,True
type2_1M_20260121_184040,899,0.27734375,syndrome_consistent,exact_correct,7,True
type2_1M_20260121_184040,900,0.25390625,syndrome_consistent,exact_correct,5,True
type2_1M_20260121_184040,901,0.234375,syndrome_consistent,exact_correct,5,True
type2_1M_20260121_184040,902,0.1796875,syndrome_consistent,exact_correct,4,True
type2_1M_20260121_184040,903,0.25,syndrome_consistent,exact_correct,5,True
type2_1M_20260121_184040,904,0.2109375,syndrome_consistent,exact_correct,4,True
type2_1M_20260121_184040,905,0.20703125,syndrome_consistent,exact_correct,3,True
type2_1M_20260121_184040,906,0.2578125,syndrome_consistent,exact_correct,4,True
type2_1M_20260121_184040,907,0.2421875,syndrome_consistent,exact_correct,4,True
type2_1M_20260121_184040,908,0.24609375,syndrome_consistent,exact_correct,6,True
type2_1M_20260121_184040,909,0.24609375,syndrome_consistent,exact_correct,4,True
type2_1M_20260121_184040,910,0.2578125,syndrome_consistent,exact_correct,6,True
type2_1M_20260121_184040,911,0.26171875,syndrome_consistent,exact_correct,5,True
type2_1M_20260121_184040,912,0.2734375,syndrome_consistent,exact_correct,5,True
type2_1M_20260121_184040,913,0.265625,syndrome_consistent,exact_correct,5,True
type2_1M_20260121_184040,914,0.2890625,syndrome_consistent,exact_correct,5,True
type2_1M_20260121_184040,915,0.26171875,syndrome_consistent,exact_correct,4,True
type2_1M_20260121_184040,916,0.22265625,syndrome_consistent,exact_correct,5,True
type2_1M_20260121_184040,917,0.234375,syndrome_consistent,exact_correct,4,True
type2_1M_20260121_184040,918,0.27734375,syndrome_consistent,exact_correct,5,True
type2_1M_20260121_184040,919,0.2421875,syndrome_consistent,exact_correct,4,True
type2_1M_20260121_184040,920,0.25390625,syndrome_consistent,exact_correct,5,True
type2_1M_20260121_184040,921,0.20703125,syndrome_consistent,exact_correct,7,True
type2_1M_20260121_184040,922,0.265625,syndrome_consistent,exact_correct,4,True
type2_1M_20260121_184040,923,0.2109375,syndrome_consistent,exact_correct,3,True
type2_1M_20260121_184040,924,0.22265625,syndrome_consistent,exact_correct,4,True
type2_1M_20260121_184040,925,0.2265625,syndrome_consistent,exact_correct,4,True
type2_1M_20260121_184040,926,0.2421875,syndrome_consistent,exact_correct,4,True
type2_1M_20260121_184040,927,0.20703125,syndrome_consistent,exact_correct,4,True
type2_1M_20260121_184040,928,0.2421875,syndrome_consistent,exact_correct,5,True
type2_1M_20260121_184040,929,0.26171875,syndrome_consistent,exact_correct,5,True
type2_1M_20260121_184040,930,0.2265625,syndrome_consistent,exact_correct,4,True
type2_1M_20260121_184040,931,0.234375,syndrome_consistent,exact_correct,4,True
type2_1M_20260121_184040,932,0.25390625,syndrome_consistent,exact_correct,4,True
type2_1M_20260121_184040,933,0.24609375,syndrome_consistent,exact_correct,6,True
type2_1M_20260121_184040,934,0.203125,syndrome_consistent,exact_correct,4,True
type2_1M_20260121_184040,935,0.2421875,syndrome_consistent,exact_correct,5,True
type2_1M_20260121_184040,936,0.2421875,syndrome_consistent,exact_correct,4,True
type2_1M_20260121_184040,937,0.21875,syndrome_consistent,exact_correct,4,True
type2_1M_20260121_184040,938,0.265625,syndrome_consistent,exact_correct,6,True
type2_1M_20260121_184040,939,0.24609375,syndrome_consistent,exact_correct,5,True
type2_1M_20260121_184040,940,0.24609375,syndrome_consistent,exact_correct,5,True
type2_1M_20260121_184040,941,0.25390625,syndrome_consistent,exact_correct,5,True
type2_1M_20260121_184040,942,0.19140625,syndrome_consistent,exact_correct,4,True
type2_1M_20260121_184040,943,0.18359375,syndrome_consistent,exact_correct,4,True
type2_1M_20260121_184040,944,0.23828125,syndrome_consistent,exact_correct,5,True
type2_1M_20260121_184040,945,0.19921875,syndrome_consistent,exact_correct,3,True
type2_1M_20260121_184040,946,0.2265625,syndrome_consistent,exact_correct,6,True
type2_1M_20260121_184040,947,0.21875,syndrome_consistent,exact_correct,4,True
type2_1M_20260121_184040,948,0.2421875,syndrome_consistent,exact_correct,6,True
type2_1M_20260121_184040,949,0.24609375,syndrome_consistent,exact_correct,4,True
type2_1M_20260121_184040,950,0.21875,syndrome_consistent,exact_correct,6,True
type2_1M_20260121_184040,951,0.2421875,syndrome_consistent,exact_correct,3,True
type2_1M_20260121_184040,952,0.25,syndrome_consistent,exact_correct,7,True
type2_1M_20260121_184040,953,0.234375,syndrome_consistent,exact_correct,5,True
type2_1M_20260121_184040,954,0.2265625,syndrome_consistent,exact_correct,3,True
type2_1M_20260121_184040,955,0.26171875,syndrome_consistent,exact_correct,6,True
type2_1M_20260121_184040,956,0.2421875,syndrome_consistent,exact_correct,11,True
type2_1M_20260121_184040,957,0.2421875,syndrome_consistent,exact_correct,5,True
type2_1M_20260121_184040,958,0.26171875,syndrome_consistent,exact_correct,4,True
type2_1M_20260121_184040,959,0.19140625,syndrome_consistent,exact_correct,3,True
type2_1M_20260121_184040,960,0.23046875,syndrome_consistent,exact_correct,5,True
type2_1M_20260121_184040,961,0.203125,syndrome_consistent,exact_correct,4,True
type2_1M_20260121_184040,962,0.1875,syndrome_consistent,exact_correct,3,True
type2_1M_20260121_184040,963,0.2109375,syndrome_consistent,exact_correct,4,True
type2_1M_20260121_184040,964,0.26171875,syndrome_consistent,exact_correct,6,True
type2_1M_20260121_184040,965,0.265625,syndrome_consistent,exact_correct,5,True
type2_1M_20260121_184040,966,0.2421875,syndrome_consistent,exact_correct,5,True
type2_1M_20260121_184040,967,0.28125,syndrome_consistent,exact_correct,7,True
type2_1M_20260121_184040,968,0.2265625,syndrome_consistent,exact_correct,5,True
type2_1M_20260121_184040,969,0.22265625,syndrome_consistent,exact_correct,7,True
type2_1M_20260121_184040,970,0.23046875,syndrome_consistent,exact_correct,4,True
type2_1M_20260121_184040,971,0.1796875,syndrome_consistent,exact_correct,3,True
type2_1M_20260121_184040,972,0.22265625,syndrome_consistent,exact_correct,4,True
type2_1M_20260121_184040,973,0.23046875,syndrome_consistent,exact_correct,4,True
type2_1M_20260121_184040,974,0.234375,syndrome_consistent,exact_correct,4,True
type2_1M_20260121_184040,975,0.23046875,syndrome_consistent,exact_correct,4,True
type2_1M_20260121_184040,976,0.23046875,syndrome_consistent,exact_correct,4,True
type2_1M_20260121_184040,977,0.21484375,syndrome_consistent,exact_correct,4,True
type2_1M_20260121_184040,978,0.25390625,syndrome_consistent,exact_correct,6,True
type2_1M_20260121_184040,979,0.20703125,decode_failed,iteration_limit,100,False
type2_1M_20260121_184040,980,0.26171875,syndrome_consistent,exact_correct,4,True
type2_1M_20260121_184040,981,0.25390625,syndrome_consistent,exact_correct,6,True
type2_1M_20260121_184040,982,0.22265625,syndrome_consistent,exact_correct,3,True
type2_1M_20260121_184040,983,0.2265625,syndrome_consistent,exact_correct,5,True
type2_1M_20260121_184040,984,0.21484375,syndrome_consistent,exact_correct,4,True
type2_1M_20260121_184040,985,0.22265625,syndrome_consistent,exact_correct,4,True
type2_1M_20260121_184040,986,0.21875,syndrome_consistent,exact_correct,5,True
type2_1M_20260121_184040,987,0.23828125,syndrome_consistent,exact_correct,5,True
type2_1M_20260121_184040,988,0.2265625,syndrome_consistent,exact_correct,3,True
type2_1M_20260121_184040,989,0.26171875,syndrome_consistent,exact_correct,5,True
type2_1M_20260121_184040,990,0.203125,syndrome_consistent,exact_correct,7,True
type2_1M_20260121_184040,991,0.19140625,syndrome_consistent,exact_correct,5,True
type2_1M_20260121_184040,992,0.2421875,syndrome_consistent,exact_correct,6,True
type2_1M_20260121_184040,993,0.25,syndrome_consistent,exact_correct,4,True
type2_1M_20260121_184040,994,0.18359375,syndrome_consistent,exact_correct,4,True
type2_1M_20260121_184040,995,0.24609375,syndrome_consistent,exact_correct,4,True
type2_1M_20260121_184040,996,0.234375,syndrome_consistent,exact_correct,6,True
type2_1M_20260121_184040,997,0.26953125,syndrome_consistent,exact_correct,6,True
type2_1M_20260121_184040,998,0.2578125,syndrome_consistent,exact_correct,7,True
type2_1M_20260121_184040,999,0.2421875,syndrome_consistent,exact_correct,6,True
type2_2M_20260121_183657,1368,0.3125,syndrome_consistent,exact_correct,6,True
type2_2M_20260121_183657,1369,0.234375,syndrome_consistent,exact_correct,3,True
type2_2M_20260121_183657,1370,0.25,syndrome_consistent,exact_correct,4,True
type2_2M_20260121_183657,1371,0.2421875,syndrome_consistent,exact_correct,4,True
type2_2M_20260121_183657,1372,0.28125,syndrome_consistent,exact_correct,8,True
type2_2M_20260121_183657,1373,0.2734375,syndrome_consistent,exact_correct,5,True
type2_2M_20260121_183657,1374,0.2265625,syndrome_consistent,exact_correct,3,True
type2_2M_20260121_183657,1375,0.23828125,syndrome_consistent,exact_correct,5,True
type2_2M_20260121_183657,1376,0.25,syndrome_consistent,exact_correct,5,True
type2_2M_20260121_183657,1377,0.30078125,syndrome_consistent,exact_correct,7,True
type2_2M_20260121_183657,1378,0.23046875,syndrome_consistent,exact_correct,6,True
type2_2M_20260121_183657,1379,0.26171875,syndrome_consistent,exact_correct,5,True
type2_2M_20260121_183657,1380,0.2265625,syndrome_consistent,exact_correct,3,True
type2_2M_20260121_183657,1381,0.2421875,syndrome_consistent,exact_correct,8,True
type2_2M_20260121_183657,1382,0.25390625,syndrome_consistent,exact_correct,5,True
type2_2M_20260121_183657,1383,0.26171875,syndrome_consistent,exact_correct,6,True
type2_2M_20260121_183657,1384,0.26953125,syndrome_consistent,exact_correct,5,True
type2_2M_20260121_183657,1385,0.25390625,syndrome_consistent,exact_correct,5,True
type2_2M_20260121_183657,1386,0.24609375,syndrome_consistent,exact_correct,4,True
type2_2M_20260121_183657,1387,0.2734375,decode_failed,iteration_limit,100,False
type2_2M_20260121_183657,1388,0.27734375,syndrome_consistent,exact_correct,6,True
type2_2M_20260121_183657,1389,0.2421875,syndrome_consistent,exact_correct,5,True
type2_2M_20260121_183657,1390,0.21875,syndrome_consistent,exact_correct,5,True
type2_2M_20260121_183657,1391,0.21484375,syndrome_consistent,exact_correct,6,True
type2_2M_20260121_183657,1392,0.25390625,syndrome_consistent,exact_correct,5,True
type2_2M_20260121_183657,1393,0.24609375,syndrome_consistent,exact_correct,7,True
type2_2M_20260121_183657,1394,0.24609375,syndrome_consistent,exact_correct,4,True
type2_2M_20260121_183657,1395,0.23828125,syndrome_consistent,exact_correct,4,True
type2_2M_20260121_183657,1396,0.24609375,syndrome_consistent,exact_correct,5,True
type2_2M_20260121_183657,1397,0.2578125,syndrome_consistent,exact_correct,5,True
type2_2M_20260121_183657,1398,0.2421875,syndrome_consistent,exact_correct,8,True
type2_2M_20260121_183657,1399,0.23828125,syndrome_consistent,exact_correct,4,True
type2_2M_20260121_183657,1400,0.27734375,decode_failed,iteration_limit,100,False
type2_2M_20260121_183657,1401,0.26953125,syndrome_consistent,exact_correct,7,True
type2_2M_20260121_183657,1402,0.26171875,syndrome_consistent,exact_correct,6,True
type2_2M_20260121_183657,1403,0.234375,syndrome_consistent,exact_correct,4,True
type2_2M_20260121_183657,1404,0.25,syndrome_consistent,exact_correct,4,True
type2_2M_20260121_183657,1405,0.25390625,syndrome_consistent,exact_correct,4,True
type2_2M_20260121_183657,1406,0.23046875,syndrome_consistent,exact_correct,4,True
type2_2M_20260121_183657,1407,0.234375,syndrome_consistent,exact_correct,6,True
type2_2M_20260121_183657,1408,0.25,syndrome_consistent,exact_correct,4,True
type2_2M_20260121_183657,1409,0.265625,syndrome_consistent,exact_correct,5,True
type2_2M_20260121_183657,1410,0.28125,syndrome_consistent,exact_correct,6,True
type2_2M_20260121_183657,1411,0.25,syndrome_consistent,exact_correct,4,True
type2_2M_20260121_183657,1412,0.265625,syndrome_consistent,exact_correct,5,True
type2_2M_20260121_183657,1413,0.21484375,syndrome_consistent,exact_correct,5,True
type2_2M_20260121_183657,1414,0.296875,syndrome_consistent,exact_correct,4,True
type2_2M_20260121_183657,1415,0.25390625,syndrome_consistent,exact_correct,11,True
type2_2M_20260121_183657,1416,0.265625,syndrome_consistent,exact_correct,5,True
type2_2M_20260121_183657,1417,0.1953125,syndrome_consistent,exact_correct,3,True
type2_2M_20260121_183657,1418,0.25,syndrome_consistent,exact_correct,5,True
type2_2M_20260121_183657,1419,0.29296875,syndrome_consistent,exact_correct,6,True
type2_2M_20260121_183657,1420,0.27734375,syndrome_consistent,exact_correct,8,True
type2_2M_20260121_183657,1421,0.21875,syndrome_consistent,exact_correct,4,True
type2_2M_20260121_183657,1422,0.28125,syndrome_consistent,exact_correct,5,True
type2_2M_20260121_183657,1423,0.28125,syndrome_consistent,exact_correct,7,True
type2_2M_20260121_183657,1424,0.26953125,syndrome_consistent,exact_correct,4,True
type2_2M_20260121_183657,1425,0.34375,syndrome_consistent,exact_correct,8,True
type2_2M_20260121_183657,1426,0.2734375,syndrome_consistent,exact_correct,6,True
type2_2M_20260121_183657,1427,0.25,syndrome_consistent,exact_correct,5,True
type2_2M_20260121_183657,1428,0.31640625,syndrome_consistent,exact_correct,8,True
type2_2M_20260121_183657,1429,0.2734375,syndrome_consistent,exact_correct,4,True
type2_2M_20260121_183657,1430,0.23828125,syndrome_consistent,exact_correct,7,True
type2_2M_20260121_183657,1431,0.234375,syndrome_consistent,exact_correct,5,True
type2_2M_20260121_183657,1432,0.27734375,syndrome_consistent,exact_correct,6,True
type2_2M_20260121_183657,1433,0.21875,syndrome_consistent,exact_correct,5,True
type2_2M_20260121_183657,1434,0.24609375,syndrome_consistent,exact_correct,5,True
type2_2M_20260121_183657,1435,0.29296875,syndrome_consistent,exact_correct,5,True
type2_2M_20260121_183657,1436,0.2578125,syndrome_consistent,exact_correct,4,True
type2_2M_20260121_183657,1437,0.2421875,syndrome_consistent,exact_correct,5,True
type2_2M_20260121_183657,1438,0.23828125,syndrome_consistent,exact_correct,4,True
type2_2M_20260121_183657,1439,0.2578125,syndrome_consistent,exact_correct,7,True
type2_2M_20260121_183657,1440,0.25,syndrome_consistent,exact_correct,7,True
type2_2M_20260121_183657,1441,0.234375,syndrome_consistent,exact_correct,5,True
type2_2M_20260121_183657,1442,0.265625,syndrome_consistent,exact_correct,4,True
type2_2M_20260121_183657,1443,0.23828125,syndrome_consistent,exact_correct,5,True
type2_2M_20260121_183657,1444,0.234375,syndrome_consistent,exact_correct,4,True
type2_2M_20260121_183657,1445,0.23046875,syndrome_consistent,exact_correct,5,True
type2_2M_20260121_183657,1446,0.22265625,syndrome_consistent,exact_correct,4,True
type2_2M_20260121_183657,1447,0.28125,syndrome_consistent,exact_correct,9,True
type2_2M_20260121_183657,1448,0.27734375,syndrome_consistent,exact_correct,5,True
type2_2M_20260121_183657,1449,0.25390625,syndrome_consistent,exact_correct,5,True
type2_2M_20260121_183657,1450,0.28515625,syndrome_consistent,exact_correct,4,True
type2_2M_20260121_183657,1451,0.23046875,syndrome_consistent,exact_correct,5,True
type2_2M_20260121_183657,1452,0.30078125,syndrome_consistent,exact_correct,12,True
type2_2M_20260121_183657,1453,0.234375,syndrome_consistent,exact_correct,7,True
type2_2M_20260121_183657,1454,0.25,syndrome_consistent,exact_correct,4,True
type2_2M_20260121_183657,1455,0.2109375,syndrome_consistent,exact_correct,3,True
type2_2M_20260121_183657,1456,0.26953125,syndrome_consistent,exact_correct,6,True
type2_2M_20260121_183657,1457,0.265625,syndrome_consistent,exact_correct,5,True
type2_2M_20260121_183657,1458,0.2421875,syndrome_consistent,exact_correct,4,True
type2_2M_20260121_183657,1459,0.203125,syndrome_consistent,exact_correct,5,True
type2_2M_20260121_183657,1460,0.23828125,syndrome_consistent,exact_correct,5,True
type2_2M_20260121_183657,1461,0.2421875,syndrome_consistent,exact_correct,5,True
type2_2M_20260121_183657,1462,0.25,syndrome_consistent,exact_correct,5,True
type2_2M_20260121_183657,1463,0.2421875,syndrome_consistent,exact_correct,5,True
type2_2M_20260121_183657,1464,0.30859375,syndrome_consistent,exact_correct,5,True
type2_2M_20260121_183657,1465,0.30078125,syndrome_consistent,exact_correct,6,True
type2_2M_20260121_183657,1466,0.25390625,syndrome_consistent,exact_correct,4,True
type2_2M_20260121_183657,1467,0.23046875,syndrome_consistent,exact_correct,4,True
type2_2M_20260121_183657,1468,0.23046875,syndrome_consistent,exact_correct,5,True
type2_2M_20260121_183657,1469,0.27734375,syndrome_consistent,exact_correct,5,True
type2_2M_20260121_183657,1470,0.21875,syndrome_consistent,exact_correct,5,True
type2_2M_20260121_183657,1471,0.21875,syndrome_consistent,exact_correct,4,True
type2_2M_20260121_183657,1472,0.25,syndrome_consistent,exact_correct,6,True
type2_2M_20260121_183657,1473,0.26953125,syndrome_consistent,exact_correct,7,True
type2_2M_20260121_183657,1474,0.28515625,decode_failed,iteration_limit,100,False
type2_2M_20260121_183657,1475,0.20703125,syndrome_consistent,exact_correct,4,True
type2_2M_20260121_183657,1476,0.265625,syndrome_consistent,exact_correct,4,True
type2_2M_20260121_183657,1477,0.23828125,syndrome_consistent,exact_correct,5,True
type2_2M_20260121_183657,1478,0.22265625,syndrome_consistent,exact_correct,4,True
type2_2M_20260121_183657,1479,0.25,syndrome_consistent,exact_correct,7,True
type2_2M_20260121_183657,1480,0.21875,syndrome_consistent,exact_correct,4,True
type2_2M_20260121_183657,1481,0.3046875,syndrome_consistent,exact_correct,7,True
type2_2M_20260121_183657,1482,0.234375,syndrome_consistent,exact_correct,5,True
type2_2M_20260121_183657,1483,0.28125,syndrome_consistent,exact_correct,4,True
type2_2M_20260121_183657,1484,0.26953125,syndrome_consistent,exact_correct,5,True
type2_2M_20260121_183657,1485,0.1796875,syndrome_consistent,exact_correct,4,True
type2_2M_20260121_183657,1486,0.265625,syndrome_consistent,exact_correct,15,True
type2_2M_20260121_183657,1487,0.25390625,syndrome_consistent,exact_correct,6,True
type2_2M_20260121_183657,1488,0.26171875,syndrome_consistent,exact_correct,6,True
type2_2M_20260121_183657,1489,0.25,syndrome_consistent,exact_correct,5,True
type2_2M_20260121_183657,1490,0.24609375,syndrome_consistent,exact_correct,6,True
type2_2M_20260121_183657,1491,0.234375,syndrome_consistent,exact_correct,5,True
type2_2M_20260121_183657,1492,0.234375,syndrome_consistent,exact_correct,4,True
type2_2M_20260121_183657,1493,0.26953125,syndrome_consistent,exact_correct,4,True
type2_2M_20260121_183657,1494,0.2421875,syndrome_consistent,exact_correct,5,True
type2_2M_20260121_183657,1495,0.28515625,syndrome_consistent,exact_correct,8,True
type2_2M_20260121_183657,1496,0.28515625,syndrome_consistent,exact_correct,20,True
type2_2M_20260121_183657,1497,0.25390625,syndrome_consistent,exact_correct,5,True
type2_2M_20260121_183657,1498,0.2734375,syndrome_consistent,exact_correct,6,True
type2_2M_20260121_183657,1499,0.27734375,syndrome_consistent,exact_correct,5,True
type2_2M_20260121_183657,1500,0.2265625,syndrome_consistent,exact_correct,4,True
type2_2M_20260121_183657,1501,0.2421875,syndrome_consistent,exact_correct,4,True
type2_2M_20260121_183657,1502,0.27734375,syndrome_consistent,exact_correct,5,True
type2_2M_20260121_183657,1503,0.25,syndrome_consistent,exact_correct,5,True
type2_2M_20260121_183657,1504,0.25,syndrome_consistent,exact_correct,5,True
type2_2M_20260121_183657,1505,0.26171875,syndrome_consistent,exact_correct,6,True
type2_2M_20260121_183657,1506,0.23046875,syndrome_consistent,exact_correct,6,True
type2_2M_20260121_183657,1507,0.2265625,syndrome_consistent,exact_correct,4,True
type2_2M_20260121_183657,1508,0.23828125,syndrome_consistent,exact_correct,4,True
type2_2M_20260121_183657,1509,0.2421875,syndrome_consistent,exact_correct,6,True
type2_2M_20260121_183657,1510,0.234375,syndrome_consistent,exact_correct,4,True
type2_2M_20260121_183657,1511,0.2265625,decode_failed,iteration_limit,100,False
type2_2M_20260121_183657,1512,0.2421875,syndrome_consistent,exact_correct,6,True
type2_2M_20260121_183657,1513,0.3046875,syndrome_consistent,exact_correct,5,True
type2_2M_20260121_183657,1514,0.26171875,syndrome_consistent,exact_correct,6,True
type2_2M_20260121_183657,1515,0.26171875,syndrome_consistent,exact_correct,5,True
type2_2M_20260121_183657,1516,0.2421875,syndrome_consistent,exact_correct,4,True
type2_2M_20260121_183657,1517,0.20703125,syndrome_consistent,exact_correct,3,True
type2_2M_20260121_183657,1518,0.25,syndrome_consistent,exact_correct,4,True
type2_2M_20260121_183657,1519,0.2109375,syndrome_consistent,exact_correct,9,True
type2_2M_20260121_183657,1520,0.21484375,syndrome_consistent,exact_correct,4,True
type2_2M_20260121_183657,1521,0.265625,syndrome_consistent,exact_correct,10,True
type2_2M_20260121_183657,1522,0.2734375,syndrome_consistent,exact_correct,5,True
type2_2M_20260121_183657,1523,0.28125,syndrome_consistent,exact_correct,6,True
type2_2M_20260121_183657,1524,0.29296875,syndrome_consistent,exact_correct,7,True
type2_2M_20260121_183657,1525,0.2109375,syndrome_consistent,exact_correct,5,True
type2_2M_20260121_183657,1526,0.203125,decode_failed,iteration_limit,100,False
type2_2M_20260121_183657,1527,0.25390625,syndrome_consistent,exact_correct,7,True
type2_2M_20260121_183657,1528,0.26171875,syndrome_consistent,exact_correct,4,True
type2_2M_20260121_183657,1529,0.24609375,syndrome_consistent,exact_correct,5,True
type2_2M_20260121_183657,1530,0.25390625,syndrome_consistent,exact_correct,4,True
type2_2M_20260121_183657,1531,0.2421875,syndrome_consistent,exact_correct,5,True
type2_2M_20260121_183657,1532,0.29296875,syndrome_consistent,exact_correct,6,True
type2_2M_20260121_183657,1533,0.29296875,syndrome_consistent,exact_correct,5,True
type2_2M_20260121_183657,1534,0.31640625,syndrome_consistent,exact_correct,9,True
type2_2M_20260121_183657,1535,0.2578125,syndrome_consistent,exact_correct,7,True
type2_2M_20260121_183657,1536,0.2734375,syndrome_consistent,exact_correct,4,True
type2_2M_20260121_183657,1537,0.3046875,syndrome_consistent,exact_correct,6,True
type2_2M_20260121_183657,1538,0.203125,syndrome_consistent,exact_correct,4,True
type2_2M_20260121_183657,1539,0.25,syndrome_consistent,exact_correct,4,True
type2_2M_20260121_183657,1540,0.26171875,syndrome_consistent,exact_correct,5,True
type2_2M_20260121_183657,1541,0.25390625,syndrome_consistent,exact_correct,4,True
type2_2M_20260121_183657,1542,0.24609375,syndrome_consistent,exact_correct,4,True
type2_2M_20260121_183657,1543,0.26171875,syndrome_consistent,exact_correct,5,True
type2_2M_20260121_183657,1544,0.23046875,syndrome_consistent,exact_correct,4,True
type2_2M_20260121_183657,1545,0.24609375,syndrome_consistent,exact_correct,4,True
type2_2M_20260121_183657,1546,0.26171875,syndrome_consistent,exact_correct,6,True
type2_2M_20260121_183657,1547,0.25,syndrome_consistent,exact_correct,6,True
type2_2M_20260121_183657,1548,0.2421875,syndrome_consistent,exact_correct,4,True
type2_2M_20260121_183657,1549,0.2578125,syndrome_consistent,exact_correct,5,True
type2_2M_20260121_183657,1550,0.2421875,syndrome_consistent,exact_correct,4,True
type2_2M_20260121_183657,1551,0.25390625,syndrome_consistent,exact_correct,5,True
type2_2M_20260121_183657,1552,0.265625,syndrome_consistent,exact_correct,6,True
type2_2M_20260121_183657,1553,0.22265625,syndrome_consistent,exact_correct,5,True
type2_2M_20260121_183657,1554,0.2421875,syndrome_consistent,exact_correct,7,True
type2_2M_20260121_183657,1555,0.2421875,syndrome_consistent,exact_correct,4,True
type2_2M_20260121_183657,1556,0.23828125,syndrome_consistent,exact_correct,4,True
type2_2M_20260121_183657,1557,0.2578125,syndrome_consistent,exact_correct,5,True
type2_2M_20260121_183657,1558,0.25,syndrome_consistent,exact_correct,3,True
type2_2M_20260121_183657,1559,0.26953125,syndrome_consistent,exact_correct,5,True
type2_2M_20260121_183657,1560,0.2421875,syndrome_consistent,exact_correct,5,True
type2_2M_20260121_183657,1561,0.22265625,syndrome_consistent,exact_correct,5,True
type2_2M_20260121_183657,1562,0.26953125,syndrome_consistent,exact_correct,6,True
type2_2M_20260121_183657,1563,0.30078125,syndrome_consistent,exact_correct,5,True
type2_2M_20260121_183657,1564,0.2421875,syndrome_consistent,exact_correct,6,True
type2_2M_20260121_183657,1565,0.25,syndrome_consistent,exact_correct,5,True
type2_2M_20260121_183657,1566,0.2734375,syndrome_consistent,exact_correct,8,True
type2_2M_20260121_183657,1567,0.29296875,syndrome_consistent,exact_correct,10,True
type2_2M_20260121_183657,1568,0.265625,syndrome_consistent,exact_correct,4,True
type2_2M_20260121_183657,1569,0.23046875,syndrome_consistent,exact_correct,5,True
type2_2M_20260121_183657,1570,0.3046875,syndrome_consistent,exact_correct,6,True
type2_2M_20260121_183657,1571,0.296875,syndrome_consistent,exact_correct,8,True
type2_2M_20260121_183657,1572,0.265625,syndrome_consistent,exact_correct,5,True
type2_2M_20260121_183657,1573,0.26171875,syndrome_consistent,exact_correct,6,True
type2_2M_20260121_183657,1574,0.25390625,syndrome_consistent,exact_correct,5,True
type2_2M_20260121_183657,1575,0.20703125,syndrome_consistent,exact_correct,4,True
type2_2M_20260121_183657,1576,0.234375,syndrome_consistent,exact_correct,5,True
type2_2M_20260121_183657,1577,0.265625,syndrome_consistent,exact_correct,12,True
type2_2M_20260121_183657,1578,0.265625,syndrome_consistent,exact_correct,5,True
type2_2M_20260121_183657,1579,0.25390625,syndrome_consistent,exact_correct,4,True
type2_2M_20260121_183657,1580,0.24609375,syndrome_consistent,exact_correct,7,True
type2_2M_20260121_183657,1581,0.265625,syndrome_consistent,exact_correct,5,True
type2_2M_20260121_183657,1582,0.26171875,syndrome_consistent,exact_correct,4,True
type2_2M_20260121_183657,1583,0.2578125,syndrome_consistent,exact_correct,4,True
type2_2M_20260121_183657,1584,0.2109375,syndrome_consistent,exact_correct,5,True
type2_2M_20260121_183657,1585,0.26953125,syndrome_consistent,exact_correct,4,True
type2_2M_20260121_183657,1586,0.2578125,syndrome_consistent,exact_correct,4,True
type2_2M_20260121_183657,1587,0.29296875,syndrome_consistent,exact_correct,6,True
type2_2M_20260121_183657,1588,0.2578125,syndrome_consistent,exact_correct,6,True
type2_2M_20260121_183657,1589,0.234375,syndrome_consistent,exact_correct,5,True
type2_2M_20260121_183657,1590,0.26171875,syndrome_consistent,exact_correct,5,True
type2_2M_20260121_183657,1591,0.27734375,syndrome_consistent,exact_correct,7,True
type2_2M_20260121_183657,1592,0.265625,syndrome_consistent,exact_correct,5,True
type2_2M_20260121_183657,1593,0.1953125,syndrome_consistent,exact_correct,4,True
type2_2M_20260121_183657,1594,0.21875,syndrome_consistent,exact_correct,4,True
type2_2M_20260121_183657,1595,0.29296875,syndrome_consistent,exact_correct,5,True
type2_2M_20260121_183657,1596,0.25,syndrome_consistent,exact_correct,6,True
type2_2M_20260121_183657,1597,0.28515625,syndrome_consistent,exact_correct,4,True
type2_2M_20260121_183657,1598,0.21875,syndrome_consistent,exact_correct,5,True
type2_2M_20260121_183657,1599,0.25390625,syndrome_consistent,exact_correct,4,True
type2_2M_20260121_183657,1600,0.24609375,syndrome_consistent,exact_correct,5,True
type2_2M_20260121_183657,1601,0.23828125,syndrome_consistent,exact_correct,4,True
type2_2M_20260121_183657,1602,0.24609375,syndrome_consistent,exact_correct,5,True
type2_2M_20260121_183657,1603,0.24609375,syndrome_consistent,exact_correct,5,True
type2_2M_20260121_183657,1604,0.28515625,syndrome_consistent,exact_correct,6,True
type2_2M_20260121_183657,1605,0.27734375,syndrome_consistent,exact_correct,3,True
type2_2M_20260121_183657,1606,0.265625,syndrome_consistent,exact_correct,4,True
type2_2M_20260121_183657,1607,0.2421875,syndrome_consistent,exact_correct,10,True
type2_2M_20260121_183657,1608,0.2578125,syndrome_consistent,exact_correct,6,True
type2_2M_20260121_183657,1609,0.31640625,syndrome_consistent,exact_correct,11,True
type2_2M_20260121_183657,1610,0.29296875,syndrome_consistent,exact_correct,55,True
type2_2M_20260121_183657,1611,0.2265625,syndrome_consistent,exact_correct,4,True
type2_2M_20260121_183657,1612,0.26171875,syndrome_consistent,exact_correct,5,True
type2_2M_20260121_183657,1613,0.23046875,syndrome_consistent,exact_correct,3,True
type2_2M_20260121_183657,1614,0.2734375,syndrome_consistent,exact_correct,7,True
type2_2M_20260121_183657,1615,0.28515625,syndrome_consistent,exact_correct,7,True
type2_2M_20260121_183657,1616,0.23046875,syndrome_consistent,exact_correct,4,True
type2_2M_20260121_183657,1617,0.2578125,syndrome_consistent,exact_correct,4,True
type2_2M_20260121_183657,1618,0.265625,syndrome_consistent,exact_correct,7,True
type2_2M_20260121_183657,1619,0.2734375,syndrome_consistent,exact_correct,7,True
type2_2M_20260121_183657,1620,0.30078125,syndrome_consistent,exact_correct,7,True
type2_2M_20260121_183657,1621,0.296875,syndrome_consistent,exact_correct,5,True
type2_2M_20260121_183657,1622,0.2578125,syndrome_consistent,exact_correct,8,True
type2_2M_20260121_183657,1623,0.27734375,syndrome_consistent,exact_correct,5,True
type2_2M_20260121_183657,1624,0.26171875,syndrome_consistent,exact_correct,7,True
type2_2M_20260121_183657,1625,0.1796875,syndrome_consistent,exact_correct,3,True
type2_2M_20260121_183657,1626,0.21484375,syndrome_consistent,exact_correct,5,True
type2_2M_20260121_183657,1627,0.35546875,syndrome_consistent,exact_correct,7,True
type2_2M_20260121_183657,1628,0.23828125,syndrome_consistent,exact_correct,4,True
type2_2M_20260121_183657,1629,0.265625,syndrome_consistent,exact_correct,5,True
type2_2M_20260121_183657,1630,0.21875,syndrome_consistent,exact_correct,5,True
type2_2M_20260121_183657,1631,0.2265625,syndrome_consistent,exact_correct,4,True
type2_2M_20260121_183657,1632,0.2734375,syndrome_consistent,exact_correct,5,True
type2_2M_20260121_183657,1633,0.28515625,syndrome_consistent,exact_correct,11,True
type2_2M_20260121_183657,1634,0.25390625,syndrome_consistent,exact_correct,5,True
type2_2M_20260121_183657,1635,0.28125,syndrome_consistent,exact_correct,5,True
type2_2M_20260121_183657,1636,0.2734375,syndrome_consistent,exact_correct,5,True
type2_2M_20260121_183657,1637,0.27734375,syndrome_consistent,exact_correct,6,True
type2_2M_20260121_183657,1638,0.23046875,syndrome_consistent,exact_correct,4,True
type2_2M_20260121_183657,1639,0.27734375,syndrome_consistent,exact_correct,4,True
type2_2M_20260121_183657,1640,0.265625,syndrome_consistent,exact_correct,5,True
type2_2M_20260121_183657,1641,0.265625,syndrome_consistent,exact_correct,5,True
type2_2M_20260121_183657,1642,0.3125,syndrome_consistent,exact_correct,5,True
type2_2M_20260121_183657,1643,0.26171875,syndrome_consistent,exact_correct,7,True
type2_2M_20260121_183657,1644,0.265625,syndrome_consistent,exact_correct,7,True
type2_2M_20260121_183657,1645,0.265625,syndrome_consistent,exact_correct,5,True
type2_2M_20260121_183657,1646,0.29296875,syndrome_consistent,exact_correct,4,True
type2_2M_20260121_183657,1647,0.1953125,syndrome_consistent,exact_correct,4,True
type2_2M_20260121_183657,1648,0.25390625,syndrome_consistent,exact_correct,5,True
type2_2M_20260121_183657,1649,0.27734375,syndrome_consistent,exact_correct,5,True
type2_2M_20260121_183657,1650,0.20703125,syndrome_consistent,exact_correct,5,True
type2_2M_20260121_183657,1651,0.25390625,syndrome_consistent,exact_correct,4,True
type2_2M_20260121_183657,1652,0.25,syndrome_consistent,exact_correct,6,True
type2_2M_20260121_183657,1653,0.2734375,syndrome_consistent,exact_correct,7,True
type2_2M_20260121_183657,1654,0.23828125,syndrome_consistent,exact_correct,5,True
type2_2M_20260121_183657,1655,0.23828125,syndrome_consistent,exact_correct,5,True
type2_2M_20260121_183657,1656,0.296875,syndrome_consistent,exact_correct,5,True
type2_2M_20260121_183657,1657,0.296875,syndrome_consistent,exact_correct,7,True
type2_2M_20260121_183657,1658,0.23828125,syndrome_consistent,exact_correct,6,True
type2_2M_20260121_183657,1659,0.26171875,syndrome_consistent,exact_correct,7,True
type2_2M_20260121_183657,1660,0.265625,syndrome_consistent,exact_correct,6,True
type2_2M_20260121_183657,1661,0.28515625,syndrome_consistent,exact_correct,6,True
type2_2M_20260121_183657,1662,0.26953125,syndrome_consistent,exact_correct,5,True
type2_2M_20260121_183657,1663,0.2578125,syndrome_consistent,exact_correct,5,True
type2_2M_20260121_183657,1664,0.23046875,syndrome_consistent,exact_correct,6,True
type2_2M_20260121_183657,1665,0.23828125,syndrome_consistent,exact_correct,4,True
type2_2M_20260121_183657,1666,0.2265625,syndrome_consistent,exact_correct,4,True
type2_2M_20260121_183657,1667,0.19921875,syndrome_consistent,exact_correct,3,True
type2_2M_20260121_183657,1668,0.265625,syndrome_consistent,exact_correct,4,True
type2_2M_20260121_183657,1669,0.26171875,syndrome_consistent,exact_correct,5,True
type2_2M_20260121_183657,1670,0.2265625,syndrome_consistent,exact_correct,3,True
type2_2M_20260121_183657,1671,0.2265625,syndrome_consistent,exact_correct,5,True
type2_2M_20260121_183657,1672,0.25,syndrome_consistent,exact_correct,5,True
type2_2M_20260121_183657,1673,0.2421875,syndrome_consistent,exact_correct,11,True
type2_2M_20260121_183657,1674,0.2421875,syndrome_consistent,exact_correct,4,True
type2_2M_20260121_183657,1675,0.26953125,syndrome_consistent,exact_correct,5,True
type2_2M_20260121_183657,1676,0.2265625,syndrome_consistent,exact_correct,6,True
type2_2M_20260121_183657,1677,0.26953125,syndrome_consistent,exact_correct,4,True
type2_2M_20260121_183657,1678,0.28515625,syndrome_consistent,exact_correct,6,True
type2_2M_20260121_183657,1679,0.28125,syndrome_consistent,exact_correct,6,True
type2_2M_20260121_183657,1680,0.31640625,syndrome_consistent,exact_correct,6,True
type2_2M_20260121_183657,1681,0.26171875,syndrome_consistent,exact_correct,5,True
type2_2M_20260121_183657,1682,0.2109375,syndrome_consistent,exact_correct,4,True
type2_2M_20260121_183657,1683,0.2578125,syndrome_consistent,exact_correct,4,True
type2_2M_20260121_183657,1684,0.265625,syndrome_consistent,exact_correct,4,True
type2_2M_20260121_183657,1685,0.2734375,syndrome_consistent,exact_correct,5,True
type2_2M_20260121_183657,1686,0.31640625,syndrome_consistent,exact_correct,7,True
type2_2M_20260121_183657,1687,0.2578125,syndrome_consistent,exact_correct,4,True
type2_2M_20260121_183657,1688,0.24609375,syndrome_consistent,exact_correct,4,True
type2_2M_20260121_183657,1689,0.3046875,syndrome_consistent,exact_correct,5,True
type2_2M_20260121_183657,1690,0.2578125,decode_failed,iteration_limit,100,False
type2_2M_20260121_183657,1691,0.30859375,syndrome_consistent,exact_correct,5,True
type2_2M_20260121_183657,1692,0.3203125,syndrome_consistent,exact_correct,7,True
type2_2M_20260121_183657,1693,0.23046875,syndrome_consistent,exact_correct,4,True
type2_2M_20260121_183657,1694,0.30859375,syndrome_consistent,exact_correct,9,True
type2_2M_20260121_183657,1695,0.2578125,syndrome_consistent,exact_correct,6,True
type2_2M_20260121_183657,1696,0.26171875,syndrome_consistent,exact_correct,6,True
type2_2M_20260121_183657,1697,0.23046875,syndrome_consistent,exact_correct,4,True
type2_2M_20260121_183657,1698,0.26171875,syndrome_consistent,exact_correct,7,True
type2_2M_20260121_183657,1699,0.22265625,syndrome_consistent,exact_correct,5,True
type2_2M_20260121_183657,1700,0.26953125,syndrome_consistent,exact_correct,5,True
type2_2M_20260121_183657,1701,0.26171875,syndrome_consistent,exact_correct,5,True
type2_2M_20260121_183657,1702,0.2578125,syndrome_consistent,exact_correct,7,True
type2_2M_20260121_183657,1703,0.28125,syndrome_consistent,exact_correct,7,True
type2_2M_20260121_183657,1704,0.25,syndrome_consistent,exact_correct,5,True
type2_2M_20260121_183657,1705,0.2734375,syndrome_consistent,exact_correct,6,True
type2_2M_20260121_183657,1706,0.296875,syndrome_consistent,exact_correct,6,True
type2_2M_20260121_183657,1707,0.265625,syndrome_consistent,exact_correct,6,True
type2_2M_20260121_183657,1708,0.27734375,syndrome_consistent,exact_correct,3,True
type2_2M_20260121_183657,1709,0.2265625,syndrome_consistent,exact_correct,5,True
type2_2M_20260121_183657,1710,0.26171875,syndrome_consistent,exact_correct,5,True
type2_2M_20260121_183657,1711,0.28125,syndrome_consistent,exact_correct,9,True
type2_2M_20260121_183657,1712,0.2890625,syndrome_consistent,exact_correct,4,True
type2_2M_20260121_183657,1713,0.25390625,syndrome_consistent,exact_correct,6,True
type2_2M_20260121_183657,1714,0.265625,syndrome_consistent,exact_correct,5,True
type2_2M_20260121_183657,1715,0.265625,syndrome_consistent,exact_correct,6,True
type2_2M_20260121_183657,1716,0.2421875,syndrome_consistent,exact_correct,4,True
type2_2M_20260121_183657,1717,0.2109375,syndrome_consistent,exact_correct,3,True
type2_2M_20260121_183657,1718,0.27734375,syndrome_consistent,exact_correct,6,True
type2_2M_20260121_183657,1719,0.1875,syndrome_consistent,exact_correct,3,True
type2_2M_20260121_183657,1720,0.23046875,syndrome_consistent,exact_correct,5,True
type2_2M_20260121_183657,1721,0.25390625,syndrome_consistent,exact_correct,5,True
type2_2M_20260121_183657,1722,0.27734375,decode_failed,iteration_limit,100,False
type2_2M_20260121_183657,1723,0.24609375,syndrome_consistent,exact_correct,4,True
type2_2M_20260121_183657,1724,0.25,syndrome_consistent,exact_correct,7,True
type2_2M_20260121_183657,1725,0.2421875,syndrome_consistent,exact_correct,4,True
type2_2M_20260121_183657,1726,0.2578125,syndrome_consistent,exact_correct,8,True
type2_2M_20260121_183657,1727,0.2578125,syndrome_consistent,exact_correct,4,True
type2_2M_20260121_183657,1728,0.31640625,syndrome_consistent,exact_correct,5,True
type2_2M_20260121_183657,1729,0.27734375,syndrome_consistent,exact_correct,7,True
type2_2M_20260121_183657,1730,0.22265625,syndrome_consistent,exact_correct,4,True
type2_2M_20260121_183657,1731,0.2734375,syndrome_consistent,exact_correct,5,True
type2_2M_20260121_183657,1732,0.23046875,syndrome_consistent,exact_correct,6,True
type2_2M_20260121_183657,1733,0.28125,syndrome_consistent,exact_correct,5,True
type2_2M_20260121_183657,1734,0.31640625,syndrome_consistent,exact_correct,6,True
type2_2M_20260121_183657,1735,0.2578125,syndrome_consistent,exact_correct,6,True
type2_2M_20260121_183657,1736,0.328125,syndrome_consistent,exact_correct,9,True
type2_2M_20260121_183657,1737,0.234375,syndrome_consistent,exact_correct,3,True
type2_2M_20260121_183657,1738,0.26171875,syndrome_consistent,exact_correct,5,True
type2_2M_20260121_183657,1739,0.265625,syndrome_consistent,exact_correct,5,True
type2_2M_20260121_183657,1740,0.25,syndrome_consistent,exact_correct,6,True
type2_2M_20260121_183657,1741,0.25390625,syndrome_consistent,exact_correct,4,True
type2_2M_20260121_183657,1742,0.2421875,syndrome_consistent,exact_correct,5,True
type2_2M_20260121_183657,1743,0.265625,syndrome_consistent,exact_correct,5,True
type2_2M_20260121_183657,1744,0.25,syndrome_consistent,exact_correct,6,True
type2_2M_20260121_183657,1745,0.24609375,syndrome_consistent,exact_correct,4,True
type2_2M_20260121_183657,1746,0.2890625,syndrome_consistent,exact_correct,11,True
type2_2M_20260121_183657,1747,0.24609375,syndrome_consistent,exact_correct,6,True
type2_2M_20260121_183657,1748,0.20703125,syndrome_consistent,exact_correct,3,True
type2_2M_20260121_183657,1749,0.30078125,syndrome_consistent,exact_correct,11,True
type2_2M_20260121_183657,1750,0.30078125,syndrome_consistent,exact_correct,5,True
type2_2M_20260121_183657,1751,0.265625,syndrome_consistent,exact_correct,6,True
type2_2M_20260121_183657,1752,0.28125,syndrome_consistent,exact_correct,4,True
type2_2M_20260121_183657,1753,0.25,syndrome_consistent,exact_correct,4,True
type2_2M_20260121_183657,1754,0.26171875,syndrome_consistent,exact_correct,6,True
type2_2M_20260121_183657,1755,0.22265625,syndrome_consistent,exact_correct,4,True
type2_2M_20260121_183657,1756,0.296875,syndrome_consistent,exact_correct,6,True
type2_2M_20260121_183657,1757,0.26171875,syndrome_consistent,exact_correct,6,True
type2_2M_20260121_183657,1758,0.2421875,syndrome_consistent,exact_correct,5,True
type2_2M_20260121_183657,1759,0.2578125,syndrome_consistent,exact_correct,5,True
type2_2M_20260121_183657,1760,0.27734375,syndrome_consistent,exact_correct,3,True
type2_2M_20260121_183657,1761,0.28125,syndrome_consistent,exact_correct,4,True
type2_2M_20260121_183657,1762,0.2734375,syndrome_consistent,exact_correct,6,True
type2_2M_20260121_183657,1763,0.203125,syndrome_consistent,exact_correct,5,True
type2_2M_20260121_183657,1764,0.296875,syndrome_consistent,exact_correct,23,True
type2_2M_20260121_183657,1765,0.26953125,syndrome_consistent,exact_correct,5,True
type2_2M_20260121_183657,1766,0.28515625,syndrome_consistent,exact_correct,7,True
type2_2M_20260121_183657,1767,0.3203125,syndrome_consistent,exact_correct,6,True
type2_2M_20260121_183657,1768,0.21875,syndrome_consistent,exact_correct,3,True
type2_2M_20260121_183657,1769,0.3203125,syndrome_consistent,exact_correct,6,True
type2_2M_20260121_183657,1770,0.25390625,syndrome_consistent,exact_correct,4,True
type2_2M_20260121_183657,1771,0.23828125,syndrome_consistent,exact_correct,3,True
type2_2M_20260121_183657,1772,0.25,syndrome_consistent,exact_correct,4,True
type2_2M_20260121_183657,1773,0.2265625,syndrome_consistent,exact_correct,5,True
type2_2M_20260121_183657,1774,0.26953125,syndrome_consistent,exact_correct,4,True
type2_2M_20260121_183657,1775,0.2890625,syndrome_consistent,exact_correct,7,True
type2_2M_20260121_183657,1776,0.26953125,syndrome_consistent,exact_correct,9,True
type2_2M_20260121_183657,1777,0.28125,syndrome_consistent,exact_correct,5,True
type2_2M_20260121_183657,1778,0.25,syndrome_consistent,exact_correct,5,True
type2_2M_20260121_183657,1779,0.2890625,syndrome_consistent,exact_correct,6,True
type2_2M_20260121_183657,1780,0.3046875,syndrome_consistent,exact_correct,11,True
type2_2M_20260121_183657,1781,0.328125,syndrome_consistent,exact_correct,13,True
type2_2M_20260121_183657,1782,0.25,syndrome_consistent,exact_correct,4,True
type2_2M_20260121_183657,1783,0.25,syndrome_consistent,exact_correct,4,True
type2_2M_20260121_183657,1784,0.296875,syndrome_consistent,exact_correct,7,True
type2_2M_20260121_183657,1785,0.234375,syndrome_consistent,exact_correct,5,True
type2_2M_20260121_183657,1786,0.30078125,syndrome_consistent,exact_correct,7,True
type2_2M_20260121_183657,1787,0.265625,syndrome_consistent,exact_correct,6,True
type2_2M_20260121_183657,1788,0.2421875,syndrome_consistent,exact_correct,4,True
type2_2M_20260121_183657,1789,0.24609375,syndrome_consistent,exact_correct,5,True
type2_2M_20260121_183657,1790,0.26171875,syndrome_consistent,exact_correct,6,True
type2_2M_20260121_183657,1791,0.2890625,syndrome_consistent,exact_correct,7,True
type2_2M_20260121_183657,1792,0.25,syndrome_consistent,exact_correct,6,True
type2_2M_20260121_183657,1793,0.30078125,syndrome_consistent,exact_correct,10,True
type2_2M_20260121_183657,1794,0.2578125,syndrome_consistent,exact_correct,5,True
type2_2M_20260121_183657,1795,0.2265625,syndrome_consistent,exact_correct,4,True
type2_2M_20260121_183657,1796,0.2421875,syndrome_consistent,exact_correct,4,True
type2_2M_20260121_183657,1797,0.24609375,syndrome_consistent,exact_correct,4,True
type2_2M_20260121_183657,1798,0.234375,syndrome_consistent,exact_correct,4,True
type2_2M_20260121_183657,1799,0.234375,syndrome_consistent,exact_correct,4,True
type2_2M_20260121_183657,1800,0.2890625,syndrome_consistent,exact_correct,7,True
type2_2M_20260121_183657,1801,0.2578125,syndrome_consistent,exact_correct,8,True
type2_2M_20260121_183657,1802,0.20703125,syndrome_consistent,exact_correct,5,True
type2_2M_20260121_183657,1803,0.24609375,syndrome_consistent,exact_correct,5,True
type2_2M_20260121_183657,1804,0.25,syndrome_consistent,exact_correct,4,True
type2_2M_20260121_183657,1805,0.2578125,syndrome_consistent,exact_correct,4,True
type2_2M_20260121_183657,1806,0.31640625,syndrome_consistent,exact_correct,7,True
type2_2M_20260121_183657,1807,0.265625,syndrome_consistent,exact_correct,6,True
type2_2M_20260121_183657,1808,0.23046875,syndrome_consistent,exact_correct,4,True
type2_2M_20260121_183657,1809,0.265625,syndrome_consistent,exact_correct,5,True
type2_2M_20260121_183657,1810,0.2265625,syndrome_consistent,exact_correct,5,True
type2_2M_20260121_183657,1811,0.27734375,syndrome_consistent,exact_correct,5,True
type2_2M_20260121_183657,1812,0.23828125,syndrome_consistent,exact_correct,4,True
type2_2M_20260121_183657,1813,0.2421875,syndrome_consistent,exact_correct,4,True
type2_2M_20260121_183657,1814,0.2578125,syndrome_consistent,exact_correct,5,True
type2_2M_20260121_183657,1815,0.25,syndrome_consistent,exact_correct,5,True
type2_2M_20260121_183657,1816,0.26953125,syndrome_consistent,exact_correct,5,True
type2_2M_20260121_183657,1817,0.23828125,syndrome_consistent,exact_correct,5,True
type2_2M_20260121_183657,1818,0.23046875,syndrome_consistent,exact_correct,4,True
type2_2M_20260121_183657,1819,0.27734375,syndrome_consistent,exact_correct,5,True
type2_2M_20260121_183657,1820,0.2265625,syndrome_consistent,exact_correct,4,True
type2_2M_20260121_183657,1821,0.2578125,syndrome_consistent,exact_correct,4,True
type2_2M_20260121_183657,1822,0.25,syndrome_consistent,exact_correct,4,True
type2_2M_20260121_183657,1823,0.24609375,syndrome_consistent,exact_correct,4,True
type2_1p5M_20260121_183806,1384,0.24609375,syndrome_consistent,exact_correct,6,True
type2_1p5M_20260121_183806,1385,0.30078125,syndrome_consistent,exact_correct,5,True
type2_1p5M_20260121_183806,1386,0.28125,syndrome_consistent,exact_correct,6,True
type2_1p5M_20260121_183806,1387,0.2109375,syndrome_consistent,exact_correct,6,True
type2_1p5M_20260121_183806,1388,0.25390625,syndrome_consistent,exact_correct,4,True
type2_1p5M_20260121_183806,1389,0.25,syndrome_consistent,exact_correct,4,True
type2_1p5M_20260121_183806,1390,0.21875,syndrome_consistent,exact_correct,3,True
type2_1p5M_20260121_183806,1391,0.2734375,syndrome_consistent,exact_correct,4,True
type2_1p5M_20260121_183806,1392,0.2890625,syndrome_consistent,exact_correct,7,True
type2_1p5M_20260121_183806,1393,0.22265625,syndrome_consistent,exact_correct,4,True
type2_1p5M_20260121_183806,1394,0.30859375,syndrome_consistent,exact_correct,4,True
type2_1p5M_20260121_183806,1395,0.2734375,syndrome_consistent,exact_correct,6,True
type2_1p5M_20260121_183806,1396,0.234375,syndrome_consistent,exact_correct,4,True
type2_1p5M_20260121_183806,1397,0.234375,syndrome_consistent,exact_correct,4,True
type2_1p5M_20260121_183806,1398,0.30078125,syndrome_consistent,exact_correct,5,True
type2_1p5M_20260121_183806,1399,0.25390625,syndrome_consistent,exact_correct,6,True
type2_1p5M_20260121_183806,1400,0.234375,syndrome_consistent,exact_correct,5,True
type2_1p5M_20260121_183806,1401,0.28515625,syndrome_consistent,exact_correct,5,True
type2_1p5M_20260121_183806,1402,0.26953125,syndrome_consistent,exact_correct,4,True
type2_1p5M_20260121_183806,1403,0.25390625,decode_failed,iteration_limit,100,False
type2_1p5M_20260121_183806,1404,0.2578125,syndrome_consistent,exact_correct,6,True
type2_1p5M_20260121_183806,1405,0.31640625,syndrome_consistent,exact_correct,6,True
type2_1p5M_20260121_183806,1406,0.2578125,syndrome_consistent,exact_correct,5,True
type2_1p5M_20260121_183806,1407,0.25,syndrome_consistent,exact_correct,4,True
type2_1p5M_20260121_183806,1408,0.2578125,syndrome_consistent,exact_correct,4,True
type2_1p5M_20260121_183806,1409,0.30078125,syndrome_consistent,exact_correct,7,True
type2_1p5M_20260121_183806,1410,0.26953125,syndrome_consistent,exact_correct,6,True
type2_1p5M_20260121_183806,1411,0.28125,syndrome_consistent,exact_correct,6,True
type2_1p5M_20260121_183806,1412,0.3203125,syndrome_consistent,exact_correct,5,True
type2_1p5M_20260121_183806,1413,0.24609375,syndrome_consistent,exact_correct,5,True
type2_1p5M_20260121_183806,1414,0.27734375,syndrome_consistent,exact_correct,7,True
type2_1p5M_20260121_183806,1415,0.26171875,syndrome_consistent,exact_correct,4,True
type2_1p5M_20260121_183806,1416,0.2421875,syndrome_consistent,exact_correct,5,True
type2_1p5M_20260121_183806,1417,0.2421875,syndrome_consistent,exact_correct,4,True
type2_1p5M_20260121_183806,1418,0.22265625,syndrome_consistent,exact_correct,4,True
type2_1p5M_20260121_183806,1419,0.22265625,syndrome_consistent,exact_correct,6,True
type2_1p5M_20260121_183806,1420,0.265625,syndrome_consistent,exact_correct,5,True
type2_1p5M_20260121_183806,1421,0.25390625,syndrome_consistent,exact_correct,7,True
type2_1p5M_20260121_183806,1422,0.29296875,syndrome_consistent,exact_correct,10,True
type2_1p5M_20260121_183806,1423,0.25,syndrome_consistent,exact_correct,4,True
type2_1p5M_20260121_183806,1424,0.26953125,syndrome_consistent,exact_correct,5,True
type2_1p5M_20260121_183806,1425,0.296875,syndrome_consistent,exact_correct,4,True
type2_1p5M_20260121_183806,1426,0.265625,syndrome_consistent,exact_correct,5,True
type2_1p5M_20260121_183806,1427,0.2421875,syndrome_consistent,exact_correct,4,True
type2_1p5M_20260121_183806,1428,0.29296875,syndrome_consistent,exact_correct,7,True
type2_1p5M_20260121_183806,1429,0.1875,syndrome_consistent,exact_correct,4,True
type2_1p5M_20260121_183806,1430,0.2421875,syndrome_consistent,exact_correct,4,True
type2_1p5M_20260121_183806,1431,0.28125,syndrome_consistent,exact_correct,5,True
type2_1p5M_20260121_183806,1432,0.22265625,syndrome_consistent,exact_correct,5,True
type2_1p5M_20260121_183806,1433,0.2265625,syndrome_consistent,exact_correct,4,True
type2_1p5M_20260121_183806,1434,0.2421875,syndrome_consistent,exact_correct,5,True
type2_1p5M_20260121_183806,1435,0.2265625,syndrome_consistent,exact_correct,4,True
type2_1p5M_20260121_183806,1436,0.3046875,syndrome_consistent,exact_correct,6,True
type2_1p5M_20260121_183806,1437,0.26953125,syndrome_consistent,exact_correct,5,True
type2_1p5M_20260121_183806,1438,0.2109375,syndrome_consistent,exact_correct,7,True
type2_1p5M_20260121_183806,1439,0.30078125,syndrome_consistent,exact_correct,8,True
type2_1p5M_20260121_183806,1440,0.24609375,syndrome_consistent,exact_correct,4,True
type2_1p5M_20260121_183806,1441,0.2578125,syndrome_consistent,exact_correct,6,True
type2_1p5M_20260121_183806,1442,0.2578125,syndrome_consistent,exact_correct,6,True
type2_1p5M_20260121_183806,1443,0.25,syndrome_consistent,exact_correct,4,True
type2_1p5M_20260121_183806,1444,0.24609375,syndrome_consistent,exact_correct,4,True
type2_1p5M_20260121_183806,1445,0.2734375,syndrome_consistent,exact_correct,6,True
type2_1p5M_20260121_183806,1446,0.1875,syndrome_consistent,exact_correct,4,True
type2_1p5M_20260121_183806,1447,0.26953125,syndrome_consistent,exact_correct,5,True
type2_1p5M_20260121_183806,1448,0.22265625,syndrome_consistent,exact_correct,6,True
type2_1p5M_20260121_183806,1449,0.30078125,syndrome_consistent,exact_correct,6,True
type2_1p5M_20260121_183806,1450,0.2578125,syndrome_consistent,exact_correct,5,True
type2_1p5M_20260121_183806,1451,0.2421875,syndrome_consistent,exact_correct,5,True
type2_1p5M_20260121_183806,1452,0.24609375,syndrome_consistent,exact_correct,4,True
type2_1p5M_20260121_183806,1453,0.2421875,syndrome_consistent,exact_correct,4,True
type2_1p5M_20260121_183806,1454,0.22265625,syndrome_consistent,exact_correct,4,True
type2_1p5M_20260121_183806,1455,0.2578125,syndrome_consistent,exact_correct,5,True
type2_1p5M_20260121_183806,1456,0.30078125,syndrome_consistent,exact_correct,9,True
type2_1p5M_20260121_183806,1457,0.2578125,syndrome_consistent,exact_correct,5,True
type2_1p5M_20260121_183806,1458,0.23828125,syndrome_consistent,exact_correct,5,True
type2_1p5M_20260121_183806,1459,0.26953125,syndrome_consistent,exact_correct,7,True
type2_1p5M_20260121_183806,1460,0.28515625,syndrome_consistent,exact_correct,6,True
type2_1p5M_20260121_183806,1461,0.22265625,syndrome_consistent,exact_correct,4,True
type2_1p5M_20260121_183806,1462,0.2578125,syndrome_consistent,exact_correct,3,True
type2_1p5M_20260121_183806,1463,0.20703125,syndrome_consistent,exact_correct,4,True
type2_1p5M_20260121_183806,1464,0.25390625,syndrome_consistent,exact_correct,7,True
type2_1p5M_20260121_183806,1465,0.21875,syndrome_consistent,exact_correct,5,True
type2_1p5M_20260121_183806,1466,0.296875,syndrome_consistent,exact_correct,5,True
type2_1p5M_20260121_183806,1467,0.23046875,syndrome_consistent,exact_correct,3,True
type2_1p5M_20260121_183806,1468,0.2578125,syndrome_consistent,exact_correct,7,True
type2_1p5M_20260121_183806,1469,0.2890625,syndrome_consistent,exact_correct,7,True
type2_1p5M_20260121_183806,1470,0.2734375,syndrome_consistent,exact_correct,5,True
type2_1p5M_20260121_183806,1471,0.28515625,syndrome_consistent,exact_correct,5,True
type2_1p5M_20260121_183806,1472,0.27734375,syndrome_consistent,exact_correct,5,True
type2_1p5M_20260121_183806,1473,0.3046875,syndrome_consistent,exact_correct,6,True
type2_1p5M_20260121_183806,1474,0.2421875,syndrome_consistent,exact_correct,6,True
type2_1p5M_20260121_183806,1475,0.26953125,syndrome_consistent,exact_correct,5,True
type2_1p5M_20260121_183806,1476,0.2421875,syndrome_consistent,exact_correct,4,True
type2_1p5M_20260121_183806,1477,0.2734375,syndrome_consistent,exact_correct,6,True
type2_1p5M_20260121_183806,1478,0.2109375,syndrome_consistent,exact_correct,3,True
type2_1p5M_20260121_183806,1479,0.234375,syndrome_consistent,exact_correct,4,True
type2_1p5M_20260121_183806,1480,0.2421875,syndrome_consistent,exact_correct,4,True
type2_1p5M_20260121_183806,1481,0.26953125,syndrome_consistent,exact_correct,5,True
type2_1p5M_20260121_183806,1482,0.28125,syndrome_consistent,exact_correct,5,True
type2_1p5M_20260121_183806,1483,0.22265625,syndrome_consistent,exact_correct,3,True
type2_1p5M_20260121_183806,1484,0.21875,syndrome_consistent,exact_correct,4,True
type2_1p5M_20260121_183806,1485,0.2734375,syndrome_consistent,exact_correct,4,True
type2_1p5M_20260121_183806,1486,0.25,syndrome_consistent,exact_correct,6,True
type2_1p5M_20260121_183806,1487,0.26171875,syndrome_consistent,exact_correct,5,True
type2_1p5M_20260121_183806,1488,0.2265625,syndrome_consistent,exact_correct,3,True
type2_1p5M_20260121_183806,1489,0.29296875,syndrome_consistent,exact_correct,5,True
type2_1p5M_20260121_183806,1490,0.23046875,syndrome_consistent,exact_correct,6,True
type2_1p5M_20260121_183806,1491,0.3046875,syndrome_consistent,exact_correct,5,True
type2_1p5M_20260121_183806,1492,0.3046875,syndrome_consistent,exact_correct,4,True
type2_1p5M_20260121_183806,1493,0.28515625,syndrome_consistent,exact_correct,6,True
type2_1p5M_20260121_183806,1494,0.23828125,syndrome_consistent,exact_correct,6,True
type2_1p5M_20260121_183806,1495,0.23828125,syndrome_consistent,exact_correct,4,True
type2_1p5M_20260121_183806,1496,0.3125,syndrome_consistent,exact_correct,8,True
type2_1p5M_20260121_183806,1497,0.20703125,syndrome_consistent,exact_correct,4,True
type2_1p5M_20260121_183806,1498,0.26171875,syndrome_consistent,exact_correct,7,True
type2_1p5M_20260121_183806,1499,0.234375,syndrome_consistent,exact_correct,3,True
type2_1p5M_20260121_183806,1500,0.2734375,syndrome_consistent,exact_correct,4,True
type2_1p5M_20260121_183806,1501,0.3046875,syndrome_consistent,exact_correct,8,True
type2_1p5M_20260121_183806,1502,0.22265625,syndrome_consistent,exact_correct,4,True
type2_1p5M_20260121_183806,1503,0.28125,syndrome_consistent,exact_correct,6,True
type2_1p5M_20260121_183806,1504,0.24609375,syndrome_consistent,exact_correct,5,True
type2_1p5M_20260121_183806,1505,0.234375,syndrome_consistent,exact_correct,6,True
type2_1p5M_20260121_183806,1506,0.26953125,syndrome_consistent,exact_correct,4,True
type2_1p5M_20260121_183806,1507,0.23828125,syndrome_consistent,exact_correct,6,True
type2_1p5M_20260121_183806,1508,0.2734375,syndrome_consistent,exact_correct,5,True
type2_1p5M_20260121_183806,1509,0.2578125,syndrome_consistent,exact_correct,4,True
type2_1p5M_20260121_183806,1510,0.27734375,syndrome_consistent,exact_correct,5,True
type2_1p5M_20260121_183806,1511,0.3046875,syndrome_consistent,exact_correct,9,True
type2_1p5M_20260121_183806,1512,0.23046875,syndrome_consistent,exact_correct,4,True
type2_1p5M_20260121_183806,1513,0.25,syndrome_consistent,exact_correct,4,True
type2_1p5M_20260121_183806,1514,0.2578125,syndrome_consistent,exact_correct,5,True
type2_1p5M_20260121_183806,1515,0.23828125,syndrome_consistent,exact_correct,4,True
type2_1p5M_20260121_183806,1516,0.24609375,syndrome_consistent,exact_correct,5,True
type2_1p5M_20260121_183806,1517,0.26171875,syndrome_consistent,exact_correct,8,True
type2_1p5M_20260121_183806,1518,0.23828125,syndrome_consistent,exact_correct,4,True
type2_1p5M_20260121_183806,1519,0.28125,syndrome_consistent,exact_correct,6,True
type2_1p5M_20260121_183806,1520,0.2421875,syndrome_consistent,exact_correct,3,True
type2_1p5M_20260121_183806,1521,0.3046875,syndrome_consistent,exact_correct,4,True
type2_1p5M_20260121_183806,1522,0.28125,syndrome_consistent,exact_correct,6,True
type2_1p5M_20260121_183806,1523,0.26171875,syndrome_consistent,exact_correct,5,True
type2_1p5M_20260121_183806,1524,0.265625,syndrome_consistent,exact_correct,5,True
type2_1p5M_20260121_183806,1525,0.25390625,syndrome_consistent,exact_correct,6,True
type2_1p5M_20260121_183806,1526,0.25390625,syndrome_consistent,exact_correct,7,True
type2_1p5M_20260121_183806,1527,0.2578125,syndrome_consistent,exact_correct,6,True
type2_1p5M_20260121_183806,1528,0.21875,syndrome_consistent,exact_correct,4,True
type2_1p5M_20260121_183806,1529,0.25,syndrome_consistent,exact_correct,5,True
type2_1p5M_20260121_183806,1530,0.2578125,syndrome_consistent,exact_correct,4,True
type2_1p5M_20260121_183806,1531,0.23828125,syndrome_consistent,exact_correct,4,True
type2_1p5M_20260121_183806,1532,0.296875,syndrome_consistent,exact_correct,6,True
type2_1p5M_20260121_183806,1533,0.26171875,decode_failed,iteration_limit,100,False
type2_1p5M_20260121_183806,1534,0.26171875,syndrome_consistent,exact_correct,5,True
type2_1p5M_20260121_183806,1535,0.2265625,syndrome_consistent,exact_correct,4,True
type2_1p5M_20260121_183806,1536,0.25390625,syndrome_consistent,exact_correct,5,True
type2_1p5M_20260121_183806,1537,0.25,syndrome_consistent,exact_correct,5,True
type2_1p5M_20260121_183806,1538,0.28125,syndrome_consistent,exact_correct,19,True
type2_1p5M_20260121_183806,1539,0.2578125,syndrome_consistent,exact_correct,5,True
type2_1p5M_20260121_183806,1540,0.3125,syndrome_consistent,exact_correct,6,True
type2_1p5M_20260121_183806,1541,0.2265625,syndrome_consistent,exact_correct,7,True
type2_1p5M_20260121_183806,1542,0.21875,syndrome_consistent,exact_correct,4,True
type2_1p5M_20260121_183806,1543,0.296875,syndrome_consistent,exact_correct,15,True
type2_1p5M_20260121_183806,1544,0.22265625,syndrome_consistent,exact_correct,5,True
type2_1p5M_20260121_183806,1545,0.26171875,syndrome_consistent,exact_correct,6,True
type2_1p5M_20260121_183806,1546,0.2421875,syndrome_consistent,exact_correct,7,True
type2_1p5M_20260121_183806,1547,0.29296875,syndrome_consistent,exact_correct,5,True
type2_1p5M_20260121_183806,1548,0.27734375,syndrome_consistent,exact_correct,8,True
type2_1p5M_20260121_183806,1549,0.24609375,syndrome_consistent,exact_correct,4,True
type2_1p5M_20260121_183806,1550,0.2109375,syndrome_consistent,exact_correct,5,True
type2_1p5M_20260121_183806,1551,0.2890625,syndrome_consistent,exact_correct,5,True
type2_1p5M_20260121_183806,1552,0.265625,syndrome_consistent,exact_correct,5,True
type2_1p5M_20260121_183806,1553,0.21875,syndrome_consistent,exact_correct,7,True
type2_1p5M_20260121_183806,1554,0.23828125,syndrome_consistent,exact_correct,4,True
type2_1p5M_20260121_183806,1555,0.3203125,decode_failed,iteration_limit,100,False
type2_1p5M_20260121_183806,1556,0.21484375,syndrome_consistent,exact_correct,4,True
type2_1p5M_20260121_183806,1557,0.25390625,syndrome_consistent,exact_correct,5,True
type2_1p5M_20260121_183806,1558,0.2734375,syndrome_consistent,exact_correct,5,True
type2_1p5M_20260121_183806,1559,0.25,syndrome_consistent,exact_correct,5,True
type2_1p5M_20260121_183806,1560,0.234375,syndrome_consistent,exact_correct,3,True
type2_1p5M_20260121_183806,1561,0.2578125,syndrome_consistent,exact_correct,5,True
type2_1p5M_20260121_183806,1562,0.2109375,syndrome_consistent,exact_correct,3,True
type2_1p5M_20260121_183806,1563,0.2734375,syndrome_consistent,exact_correct,5,True
type2_1p5M_20260121_183806,1564,0.26171875,syndrome_consistent,exact_correct,4,True
type2_1p5M_20260121_183806,1565,0.234375,syndrome_consistent,exact_correct,4,True
type2_1p5M_20260121_183806,1566,0.19921875,syndrome_consistent,exact_correct,5,True
type2_1p5M_20260121_183806,1567,0.23046875,syndrome_consistent,exact_correct,4,True
type2_1p5M_20260121_183806,1568,0.19921875,syndrome_consistent,exact_correct,4,True
type2_1p5M_20260121_183806,1569,0.265625,syndrome_consistent,exact_correct,6,True
type2_1p5M_20260121_183806,1570,0.30078125,syndrome_consistent,exact_correct,7,True
type2_1p5M_20260121_183806,1571,0.20703125,syndrome_consistent,exact_correct,5,True
type2_1p5M_20260121_183806,1572,0.21484375,syndrome_consistent,exact_correct,3,True
type2_1p5M_20260121_183806,1573,0.22265625,syndrome_consistent,exact_correct,4,True
type2_1p5M_20260121_183806,1574,0.26953125,syndrome_consistent,exact_correct,5,True
type2_1p5M_20260121_183806,1575,0.28515625,syndrome_consistent,exact_correct,5,True
type2_1p5M_20260121_183806,1576,0.234375,syndrome_consistent,exact_correct,4,True
type2_1p5M_20260121_183806,1577,0.26171875,syndrome_consistent,exact_correct,6,True
type2_1p5M_20260121_183806,1578,0.234375,syndrome_consistent,exact_correct,5,True
type2_1p5M_20260121_183806,1579,0.20703125,syndrome_consistent,exact_correct,3,True
type2_1p5M_20260121_183806,1580,0.328125,syndrome_consistent,exact_correct,9,True
type2_1p5M_20260121_183806,1581,0.21875,syndrome_consistent,exact_correct,6,True
type2_1p5M_20260121_183806,1582,0.2578125,syndrome_consistent,exact_correct,6,True
type2_1p5M_20260121_183806,1583,0.28515625,syndrome_consistent,exact_correct,7,True
type2_1p5M_20260121_183806,1584,0.234375,syndrome_consistent,exact_correct,4,True
type2_1p5M_20260121_183806,1585,0.3046875,syndrome_consistent,exact_correct,10,True
type2_1p5M_20260121_183806,1586,0.25390625,syndrome_consistent,exact_correct,8,True
type2_1p5M_20260121_183806,1587,0.19921875,syndrome_consistent,exact_correct,4,True
type2_1p5M_20260121_183806,1588,0.2421875,syndrome_consistent,exact_correct,6,True
type2_1p5M_20260121_183806,1589,0.24609375,syndrome_consistent,exact_correct,7,True
type2_1p5M_20260121_183806,1590,0.25390625,syndrome_consistent,exact_correct,5,True
type2_1p5M_20260121_183806,1591,0.19921875,syndrome_consistent,exact_correct,3,True
type2_1p5M_20260121_183806,1592,0.28515625,syndrome_consistent,exact_correct,7,True
type2_1p5M_20260121_183806,1593,0.28515625,syndrome_consistent,exact_correct,5,True
type2_1p5M_20260121_183806,1594,0.26953125,syndrome_consistent,exact_correct,5,True
type2_1p5M_20260121_183806,1595,0.296875,syndrome_consistent,exact_correct,5,True
type2_1p5M_20260121_183806,1596,0.30078125,syndrome_consistent,exact_correct,8,True
type2_1p5M_20260121_183806,1597,0.26171875,syndrome_consistent,exact_correct,5,True
type2_1p5M_20260121_183806,1598,0.265625,syndrome_consistent,exact_correct,5,True
type2_1p5M_20260121_183806,1599,0.25390625,syndrome_consistent,exact_correct,6,True
type2_1p5M_20260121_183806,1600,0.30078125,syndrome_consistent,exact_correct,6,True
type2_1p5M_20260121_183806,1601,0.28515625,syndrome_consistent,exact_correct,6,True
type2_1p5M_20260121_183806,1602,0.265625,syndrome_consistent,exact_correct,4,True
type2_1p5M_20260121_183806,1603,0.25,syndrome_consistent,exact_correct,7,True
type2_1p5M_20260121_183806,1604,0.2265625,syndrome_consistent,exact_correct,5,True
type2_1p5M_20260121_183806,1605,0.26953125,syndrome_consistent,exact_correct,6,True
type2_1p5M_20260121_183806,1606,0.23046875,syndrome_consistent,exact_correct,6,True
type2_1p5M_20260121_183806,1607,0.2578125,syndrome_consistent,exact_correct,4,True
type2_1p5M_20260121_183806,1608,0.3046875,syndrome_consistent,exact_correct,8,True
type2_1p5M_20260121_183806,1609,0.2265625,syndrome_consistent,exact_correct,3,True
type2_1p5M_20260121_183806,1610,0.24609375,decode_failed,iteration_limit,100,False
type2_1p5M_20260121_183806,1611,0.25390625,syndrome_consistent,exact_correct,6,True
type2_1p5M_20260121_183806,1612,0.203125,syndrome_consistent,exact_correct,4,True
type2_1p5M_20260121_183806,1613,0.24609375,syndrome_consistent,exact_correct,4,True
type2_1p5M_20260121_183806,1614,0.26171875,syndrome_consistent,exact_correct,5,True
type2_1p5M_20260121_183806,1615,0.27734375,syndrome_consistent,exact_correct,6,True
type2_1p5M_20260121_183806,1616,0.2578125,syndrome_consistent,exact_correct,5,True
type2_1p5M_20260121_183806,1617,0.234375,syndrome_consistent,exact_correct,17,True
type2_1p5M_20260121_183806,1618,0.25390625,syndrome_consistent,exact_correct,5,True
type2_1p5M_20260121_183806,1619,0.23828125,syndrome_consistent,exact_correct,3,True
type2_1p5M_20260121_183806,1620,0.2734375,syndrome_consistent,exact_correct,6,True
type2_1p5M_20260121_183806,1621,0.1796875,syndrome_consistent,exact_correct,3,True
type2_1p5M_20260121_183806,1622,0.24609375,syndrome_consistent,exact_correct,4,True
type2_1p5M_20260121_183806,1623,0.28515625,syndrome_consistent,exact_correct,7,True
type2_1p5M_20260121_183806,1624,0.28515625,syndrome_consistent,exact_correct,6,True
type2_1p5M_20260121_183806,1625,0.24609375,syndrome_consistent,exact_correct,4,True
type2_1p5M_20260121_183806,1626,0.23046875,syndrome_consistent,exact_correct,4,True
type2_1p5M_20260121_183806,1627,0.24609375,syndrome_consistent,exact_correct,6,True
type2_1p5M_20260121_183806,1628,0.23046875,syndrome_consistent,exact_correct,5,True
type2_1p5M_20260121_183806,1629,0.27734375,syndrome_consistent,exact_correct,8,True
type2_1p5M_20260121_183806,1630,0.24609375,syndrome_consistent,exact_correct,5,True
type2_1p5M_20260121_183806,1631,0.24609375,syndrome_consistent,exact_correct,5,True
type2_1p5M_20260121_183806,1632,0.2421875,syndrome_consistent,exact_correct,4,True
type2_1p5M_20260121_183806,1633,0.27734375,syndrome_consistent,exact_correct,5,True
type2_1p5M_20260121_183806,1634,0.29296875,syndrome_consistent,exact_correct,5,True
type2_1p5M_20260121_183806,1635,0.234375,decode_failed,iteration_limit,100,False
type2_1p5M_20260121_183806,1636,0.2578125,syndrome_consistent,exact_correct,6,True
type2_1p5M_20260121_183806,1637,0.2265625,syndrome_consistent,exact_correct,3,True
type2_1p5M_20260121_183806,1638,0.2578125,syndrome_consistent,exact_correct,8,True
type2_1p5M_20260121_183806,1639,0.27734375,syndrome_consistent,exact_correct,4,True
type2_1p5M_20260121_183806,1640,0.22265625,syndrome_consistent,exact_correct,4,True
type2_1p5M_20260121_183806,1641,0.2578125,syndrome_consistent,exact_correct,4,True
type2_1p5M_20260121_183806,1642,0.26953125,syndrome_consistent,exact_correct,5,True
type2_1p5M_20260121_183806,1643,0.27734375,syndrome_consistent,exact_correct,4,True
type2_1p5M_20260121_183806,1644,0.24609375,syndrome_consistent,exact_correct,5,True
type2_1p5M_20260121_183806,1645,0.25,syndrome_consistent,exact_correct,4,True
type2_1p5M_20260121_183806,1646,0.2734375,syndrome_consistent,exact_correct,8,True
type2_1p5M_20260121_183806,1647,0.28515625,syndrome_consistent,exact_correct,8,True
type2_1p5M_20260121_183806,1648,0.2890625,syndrome_consistent,exact_correct,4,True
type2_1p5M_20260121_183806,1649,0.27734375,syndrome_consistent,exact_correct,6,True
type2_1p5M_20260121_183806,1650,0.25390625,syndrome_consistent,exact_correct,5,True
type2_1p5M_20260121_183806,1651,0.21875,syndrome_consistent,exact_correct,5,True
type2_1p5M_20260121_183806,1652,0.2421875,syndrome_consistent,exact_correct,3,True
type2_1p5M_20260121_183806,1653,0.2578125,syndrome_consistent,exact_correct,5,True
type2_1p5M_20260121_183806,1654,0.23828125,syndrome_consistent,exact_correct,4,True
type2_1p5M_20260121_183806,1655,0.2734375,syndrome_consistent,exact_correct,5,True
type2_1p5M_20260121_183806,1656,0.2265625,syndrome_consistent,exact_correct,5,True
type2_1p5M_20260121_183806,1657,0.27734375,syndrome_consistent,exact_correct,6,True
type2_1p5M_20260121_183806,1658,0.2890625,syndrome_consistent,exact_correct,6,True
type2_1p5M_20260121_183806,1659,0.2421875,syndrome_consistent,exact_correct,5,True
type2_1p5M_20260121_183806,1660,0.25390625,syndrome_consistent,exact_correct,6,True
type2_1p5M_20260121_183806,1661,0.25390625,syndrome_consistent,exact_correct,4,True
type2_1p5M_20260121_183806,1662,0.28125,syndrome_consistent,exact_correct,4,True
type2_1p5M_20260121_183806,1663,0.3046875,syndrome_consistent,exact_correct,8,True
type2_1p5M_20260121_183806,1664,0.26171875,syndrome_consistent,exact_correct,5,True
type2_1p5M_20260121_183806,1665,0.171875,syndrome_consistent,exact_correct,2,True
type2_1p5M_20260121_183806,1666,0.21875,syndrome_consistent,exact_correct,5,True
type2_1p5M_20260121_183806,1667,0.31640625,syndrome_consistent,exact_correct,6,True
type2_1p5M_20260121_183806,1668,0.25390625,syndrome_consistent,exact_correct,4,True
type2_1p5M_20260121_183806,1669,0.2578125,syndrome_consistent,exact_correct,6,True
type2_1p5M_20260121_183806,1670,0.2890625,syndrome_consistent,exact_correct,5,True
type2_1p5M_20260121_183806,1671,0.2578125,syndrome_consistent,exact_correct,6,True
type2_1p5M_20260121_183806,1672,0.30078125,syndrome_consistent,exact_correct,5,True
type2_1p5M_20260121_183806,1673,0.2734375,syndrome_consistent,exact_correct,9,True
type2_1p5M_20260121_183806,1674,0.32421875,syndrome_consistent,exact_correct,8,True
type2_1p5M_20260121_183806,1675,0.1875,syndrome_consistent,exact_correct,4,True
type2_1p5M_20260121_183806,1676,0.29296875,syndrome_consistent,exact_correct,7,True
type2_1p5M_20260121_183806,1677,0.25390625,syndrome_consistent,exact_correct,4,True
type2_1p5M_20260121_183806,1678,0.23828125,syndrome_consistent,exact_correct,5,True
type2_1p5M_20260121_183806,1679,0.23046875,syndrome_consistent,exact_correct,6,True
type2_1p5M_20260121_183806,1680,0.26171875,syndrome_consistent,exact_correct,6,True
type2_1p5M_20260121_183806,1681,0.2421875,syndrome_consistent,exact_correct,5,True
type2_1p5M_20260121_183806,1682,0.28515625,syndrome_consistent,exact_correct,6,True
type2_1p5M_20260121_183806,1683,0.265625,syndrome_consistent,exact_correct,5,True
type2_1p5M_20260121_183806,1684,0.21875,syndrome_consistent,exact_correct,5,True
type2_1p5M_20260121_183806,1685,0.234375,syndrome_consistent,exact_correct,8,True
type2_1p5M_20260121_183806,1686,0.2578125,syndrome_consistent,exact_correct,5,True
type2_1p5M_20260121_183806,1687,0.26171875,syndrome_consistent,exact_correct,5,True
type2_1p5M_20260121_183806,1688,0.25,syndrome_consistent,exact_correct,3,True
type2_1p5M_20260121_183806,1689,0.18359375,syndrome_consistent,exact_correct,3,True
type2_1p5M_20260121_183806,1690,0.265625,syndrome_consistent,exact_correct,5,True
type2_1p5M_20260121_183806,1691,0.23046875,syndrome_consistent,exact_correct,4,True
type2_1p5M_20260121_183806,1692,0.23046875,syndrome_consistent,exact_correct,4,True
type2_1p5M_20260121_183806,1693,0.203125,syndrome_consistent,exact_correct,4,True
type2_1p5M_20260121_183806,1694,0.30859375,syndrome_consistent,exact_correct,5,True
type2_1p5M_20260121_183806,1695,0.23046875,syndrome_consistent,exact_correct,4,True
type2_1p5M_20260121_183806,1696,0.25,syndrome_consistent,exact_correct,5,True
type2_1p5M_20260121_183806,1697,0.25390625,syndrome_consistent,exact_correct,7,True
type2_1p5M_20260121_183806,1698,0.26953125,syndrome_consistent,exact_correct,9,True
type2_1p5M_20260121_183806,1699,0.2578125,decode_failed,iteration_limit,100,False
type2_1p5M_20260121_183806,1700,0.25,syndrome_consistent,exact_correct,5,True
type2_1p5M_20260121_183806,1701,0.23046875,syndrome_consistent,exact_correct,4,True
type2_1p5M_20260121_183806,1702,0.27734375,syndrome_consistent,exact_correct,8,True
type2_1p5M_20260121_183806,1703,0.26171875,syndrome_consistent,exact_correct,6,True
type2_1p5M_20260121_183806,1704,0.25390625,syndrome_consistent,exact_correct,5,True
type2_1p5M_20260121_183806,1705,0.265625,syndrome_consistent,exact_correct,4,True
type2_1p5M_20260121_183806,1706,0.2421875,syndrome_consistent,exact_correct,6,True
type2_1p5M_20260121_183806,1707,0.26171875,syndrome_consistent,exact_correct,6,True
type2_1p5M_20260121_183806,1708,0.3046875,syndrome_consistent,exact_correct,6,True
type2_1p5M_20260121_183806,1709,0.26953125,syndrome_consistent,exact_correct,6,True
type2_1p5M_20260121_183806,1710,0.2109375,syndrome_consistent,exact_correct,4,True
type2_1p5M_20260121_183806,1711,0.296875,syndrome_consistent,exact_correct,6,True
type2_1p5M_20260121_183806,1712,0.25,syndrome_consistent,exact_correct,5,True
type2_1p5M_20260121_183806,1713,0.25390625,syndrome_consistent,exact_correct,4,True
type2_1p5M_20260121_183806,1714,0.27734375,syndrome_consistent,exact_correct,6,True
type2_1p5M_20260121_183806,1715,0.2734375,syndrome_consistent,exact_correct,4,True
type2_1p5M_20260121_183806,1716,0.265625,syndrome_consistent,exact_correct,5,True
type2_1p5M_20260121_183806,1717,0.1953125,syndrome_consistent,exact_correct,3,True
type2_1p5M_20260121_183806,1718,0.2734375,syndrome_consistent,exact_correct,6,True
type2_1p5M_20260121_183806,1719,0.24609375,syndrome_consistent,exact_correct,5,True
type2_1p5M_20260121_183806,1720,0.23046875,syndrome_consistent,exact_correct,5,True
type2_1p5M_20260121_183806,1721,0.29296875,syndrome_consistent,exact_correct,8,True
type2_1p5M_20260121_183806,1722,0.2734375,syndrome_consistent,exact_correct,4,True
type2_1p5M_20260121_183806,1723,0.265625,syndrome_consistent,exact_correct,5,True
type2_1p5M_20260121_183806,1724,0.26171875,syndrome_consistent,exact_correct,5,True
type2_1p5M_20260121_183806,1725,0.24609375,syndrome_consistent,exact_correct,4,True
type2_1p5M_20260121_183806,1726,0.27734375,syndrome_consistent,exact_correct,4,True
type2_1p5M_20260121_183806,1727,0.2734375,syndrome_consistent,exact_correct,5,True
type2_1p5M_20260121_183806,1728,0.24609375,syndrome_consistent,exact_correct,4,True
type2_1p5M_20260121_183806,1729,0.2578125,syndrome_consistent,exact_correct,4,True
type2_1M_20260121_184040,1000,0.26171875,syndrome_consistent,exact_correct,6,True
type2_1M_20260121_184040,1001,0.2578125,syndrome_consistent,exact_correct,9,True
type2_1M_20260121_184040,1002,0.23828125,syndrome_consistent,exact_correct,4,True
type2_1M_20260121_184040,1003,0.28515625,syndrome_consistent,exact_correct,8,True
type2_1M_20260121_184040,1004,0.234375,syndrome_consistent,exact_correct,6,True
type2_1M_20260121_184040,1005,0.234375,syndrome_consistent,exact_correct,12,True
type2_1M_20260121_184040,1006,0.24609375,syndrome_consistent,exact_correct,4,True
type2_1M_20260121_184040,1007,0.19921875,syndrome_consistent,exact_correct,4,True
type2_1M_20260121_184040,1008,0.21875,syndrome_consistent,exact_correct,5,True
type2_1M_20260121_184040,1009,0.24609375,syndrome_consistent,exact_correct,5,True
type2_1M_20260121_184040,1010,0.26171875,syndrome_consistent,exact_correct,7,True
type2_1M_20260121_184040,1011,0.2109375,syndrome_consistent,exact_correct,4,True
type2_1M_20260121_184040,1012,0.2265625,syndrome_consistent,exact_correct,5,True
type2_1M_20260121_184040,1013,0.203125,syndrome_consistent,exact_correct,6,True
type2_1M_20260121_184040,1014,0.26953125,syndrome_consistent,exact_correct,6,True
type2_1M_20260121_184040,1015,0.30078125,syndrome_consistent,exact_correct,8,True
type2_1M_20260121_184040,1016,0.2265625,syndrome_consistent,exact_correct,5,True
type2_1M_20260121_184040,1017,0.234375,syndrome_consistent,exact_correct,5,True
type2_1M_20260121_184040,1018,0.28515625,syndrome_consistent,exact_correct,5,True
type2_1M_20260121_184040,1019,0.25,syndrome_consistent,exact_correct,5,True
type2_1M_20260121_184040,1020,0.21484375,syndrome_consistent,exact_correct,4,True
type2_1M_20260121_184040,1021,0.25390625,syndrome_consistent,exact_correct,6,True
type2_1M_20260121_184040,1022,0.23828125,syndrome_consistent,exact_correct,5,True
type2_1M_20260121_184040,1023,0.23828125,syndrome_consistent,exact_correct,5,True
type2_1M_20260121_184040,1024,0.234375,syndrome_consistent,exact_correct,4,True
type2_1M_20260121_184040,1025,0.24609375,syndrome_consistent,exact_correct,5,True
type2_1M_20260121_184040,1026,0.26171875,syndrome_consistent,exact_correct,7,True
type2_1M_20260121_184040,1027,0.2265625,syndrome_consistent,exact_correct,6,True
type2_1M_20260121_184040,1028,0.234375,syndrome_consistent,exact_correct,5,True
type2_1M_20260121_184040,1029,0.23828125,syndrome_consistent,exact_correct,6,True
type2_1M_20260121_184040,1030,0.1875,syndrome_consistent,exact_correct,4,True
type2_1M_20260121_184040,1031,0.2578125,syndrome_consistent,exact_correct,5,True
type2_1M_20260121_184040,1032,0.18359375,syndrome_consistent,exact_correct,3,True
type2_1M_20260121_184040,1033,0.265625,syndrome_consistent,exact_correct,6,True
type2_1M_20260121_184040,1034,0.2578125,syndrome_consistent,exact_correct,4,True
type2_1M_20260121_184040,1035,0.26953125,syndrome_consistent,exact_correct,5,True
type2_1M_20260121_184040,1036,0.265625,syndrome_consistent,exact_correct,5,True
type2_1M_20260121_184040,1037,0.25390625,syndrome_consistent,exact_correct,6,True
type2_1M_20260121_184040,1038,0.2265625,syndrome_consistent,exact_correct,5,True
type2_1M_20260121_184040,1039,0.20703125,syndrome_consistent,exact_correct,4,True
type2_1M_20260121_184040,1040,0.25,syndrome_consistent,exact_correct,4,True
type2_1M_20260121_184040,1041,0.25390625,syndrome_consistent,exact_correct,5,True
type2_1M_20260121_184040,1042,0.2890625,syndrome_consistent,exact_correct,5,True
type2_1M_20260121_184040,1043,0.2109375,syndrome_consistent,exact_correct,5,True
type2_1M_20260121_184040,1044,0.23046875,syndrome_consistent,exact_correct,5,True
type2_1M_20260121_184040,1045,0.24609375,syndrome_consistent,exact_correct,5,True
type2_1M_20260121_184040,1046,0.2109375,syndrome_consistent,exact_correct,3,True
type2_1M_20260121_184040,1047,0.23828125,syndrome_consistent,exact_correct,4,True
type2_1M_20260121_184040,1048,0.1953125,syndrome_consistent,exact_correct,3,True
type2_1M_20260121_184040,1049,0.29296875,syndrome_consistent,exact_correct,6,True
type2_1M_20260121_184040,1050,0.27734375,syndrome_consistent,exact_correct,4,True
type2_1M_20260121_184040,1051,0.26953125,syndrome_consistent,exact_correct,7,True
type2_1M_20260121_184040,1052,0.2265625,syndrome_consistent,exact_correct,5,True
type2_1M_20260121_184040,1053,0.23046875,syndrome_consistent,exact_correct,4,True
type2_1M_20260121_184040,1054,0.25,syndrome_consistent,exact_correct,4,True
type2_1M_20260121_184040,1055,0.24609375,syndrome_consistent,exact_correct,3,True
type2_1M_20260121_184040,1056,0.2265625,syndrome_consistent,exact_correct,5,True
type2_1M_20260121_184040,1057,0.22265625,syndrome_consistent,exact_correct,5,True
type2_1M_20260121_184040,1058,0.31640625,syndrome_consistent,exact_correct,6,True
type2_1M_20260121_184040,1059,0.234375,syndrome_consistent,exact_correct,4,True
type2_1M_20260121_184040,1060,0.2109375,syndrome_consistent,exact_correct,4,True
type2_1M_20260121_184040,1061,0.2890625,syndrome_consistent,exact_correct,6,True
type2_1M_20260121_184040,1062,0.19140625,syndrome_consistent,exact_correct,3,True
type2_1M_20260121_184040,1063,0.23046875,syndrome_consistent,exact_correct,6,True
type2_1M_20260121_184040,1064,0.265625,syndrome_consistent,exact_correct,6,True
type2_1M_20260121_184040,1065,0.21875,syndrome_consistent,exact_correct,4,True
type2_1M_20260121_184040,1066,0.25,decode_failed,iteration_limit,100,False
type2_1M_20260121_184040,1067,0.26953125,syndrome_consistent,exact_correct,7,True
type2_1M_20260121_184040,1068,0.2265625,syndrome_consistent,exact_correct,5,True
type2_1M_20260121_184040,1069,0.23046875,syndrome_consistent,exact_correct,4,True
type2_1M_20260121_184040,1070,0.25390625,syndrome_consistent,exact_correct,5,True
type2_1M_20260121_184040,1071,0.2578125,syndrome_consistent,exact_correct,8,True
type2_1M_20260121_184040,1072,0.2734375,syndrome_consistent,exact_correct,5,True
type2_1M_20260121_184040,1073,0.21875,syndrome_consistent,exact_correct,4,True
type2_1M_20260121_184040,1074,0.234375,syndrome_consistent,exact_correct,3,True
type2_1M_20260121_184040,1075,0.2734375,syndrome_consistent,exact_correct,6,True
type2_1M_20260121_184040,1076,0.26171875,syndrome_consistent,exact_correct,5,True
type2_1M_20260121_184040,1077,0.265625,syndrome_consistent,exact_correct,6,True
type2_1M_20260121_184040,1078,0.22265625,syndrome_consistent,exact_correct,4,True
type2_1M_20260121_184040,1079,0.24609375,syndrome_consistent,exact_correct,4,True
type2_1M_20260121_184040,1080,0.23046875,syndrome_consistent,exact_correct,4,True
type2_1M_20260121_184040,1081,0.22265625,syndrome_consistent,exact_correct,6,True
type2_1M_20260121_184040,1082,0.21875,syndrome_consistent,exact_correct,4,True
type2_1M_20260121_184040,1083,0.2265625,syndrome_consistent,exact_correct,4,True
type2_1M_20260121_184040,1084,0.234375,syndrome_consistent,exact_correct,5,True
type2_1M_20260121_184040,1085,0.19140625,syndrome_consistent,exact_correct,3,True
type2_1M_20260121_184040,1086,0.2265625,syndrome_consistent,exact_correct,4,True
type2_1M_20260121_184040,1087,0.21484375,syndrome_consistent,exact_correct,4,True
type2_1M_20260121_184040,1088,0.26171875,syndrome_consistent,exact_correct,6,True
type2_1M_20260121_184040,1089,0.2265625,syndrome_consistent,exact_correct,4,True
type2_1M_20260121_184040,1090,0.24609375,syndrome_consistent,exact_correct,4,True
type2_1M_20260121_184040,1091,0.2421875,syndrome_consistent,exact_correct,3,True
type2_1M_20260121_184040,1092,0.30078125,syndrome_consistent,exact_correct,10,True
type2_1M_20260121_184040,1093,0.23828125,syndrome_consistent,exact_correct,5,True
type2_1M_20260121_184040,1094,0.25390625,syndrome_consistent,exact_correct,10,True
type2_1M_20260121_184040,1095,0.26953125,syndrome_consistent,exact_correct,5,True
type2_1M_20260121_184040,1096,0.2421875,syndrome_consistent,exact_correct,5,True
type2_1M_20260121_184040,1097,0.2421875,syndrome_consistent,exact_correct,4,True
type2_1M_20260121_184040,1098,0.22265625,syndrome_consistent,exact_correct,3,True
type2_1M_20260121_184040,1099,0.23046875,syndrome_consistent,exact_correct,4,True
type2_1M_20260121_184040,1100,0.26171875,syndrome_consistent,exact_correct,6,True
type2_1M_20260121_184040,1101,0.24609375,syndrome_consistent,exact_correct,5,True
type2_1M_20260121_184040,1102,0.1953125,syndrome_consistent,exact_correct,3,True
type2_1M_20260121_184040,1103,0.2109375,syndrome_consistent,exact_correct,4,True
type2_1M_20260121_184040,1104,0.2421875,syndrome_consistent,exact_correct,8,True
type2_1M_20260121_184040,1105,0.24609375,syndrome_consistent,exact_correct,5,True
type2_1M_20260121_184040,1106,0.2421875,syndrome_consistent,exact_correct,3,True
type2_1M_20260121_184040,1107,0.23046875,syndrome_consistent,exact_correct,6,True
type2_1M_20260121_184040,1108,0.2109375,syndrome_consistent,exact_correct,5,True
type2_1M_20260121_184040,1109,0.203125,syndrome_consistent,exact_correct,3,True
type2_1M_20260121_184040,1110,0.22265625,syndrome_consistent,exact_correct,6,True
type2_1M_20260121_184040,1111,0.2265625,syndrome_consistent,exact_correct,10,True
type2_1M_20260121_184040,1112,0.22265625,syndrome_consistent,exact_correct,4,True
type2_1M_20260121_184040,1113,0.23828125,syndrome_consistent,exact_correct,5,True
type2_1M_20260121_184040,1114,0.2421875,syndrome_consistent,exact_correct,4,True
type2_1M_20260121_184040,1115,0.21484375,syndrome_consistent,exact_correct,3,True
type2_1M_20260121_184040,1116,0.22265625,syndrome_consistent,exact_correct,3,True
type2_1M_20260121_184040,1117,0.234375,syndrome_consistent,exact_correct,5,True
type2_1M_20260121_184040,1118,0.24609375,syndrome_consistent,exact_correct,4,True
type2_1M_20260121_184040,1119,0.17578125,syndrome_consistent,exact_correct,5,True
type2_1M_20260121_184040,1120,0.2578125,syndrome_consistent,exact_correct,4,True
type2_1M_20260121_184040,1121,0.25390625,syndrome_consistent,exact_correct,4,True
type2_1M_20260121_184040,1122,0.25,syndrome_consistent,exact_correct,6,True
type2_1M_20260121_184040,1123,0.21875,syndrome_consistent,exact_correct,4,True
type2_1M_20260121_184040,1124,0.203125,syndrome_consistent,exact_correct,4,True
type2_1M_20260121_184040,1125,0.2421875,syndrome_consistent,exact_correct,6,True
type2_1M_20260121_184040,1126,0.26171875,syndrome_consistent,exact_correct,5,True
type2_1M_20260121_184040,1127,0.234375,syndrome_consistent,exact_correct,4,True
type2_1M_20260121_184040,1128,0.26953125,syndrome_consistent,exact_correct,5,True
type2_1M_20260121_184040,1129,0.23828125,syndrome_consistent,exact_correct,5,True
type2_1M_20260121_184040,1130,0.26171875,syndrome_consistent,exact_correct,5,True
type2_1M_20260121_184040,1131,0.25,decode_failed,iteration_limit,100,False
type2_1M_20260121_184040,1132,0.26171875,syndrome_consistent,exact_correct,4,True
type2_1M_20260121_184040,1133,0.23828125,syndrome_consistent,exact_correct,4,True
type2_1M_20260121_184040,1134,0.23046875,syndrome_consistent,exact_correct,4,True
type2_1M_20260121_184040,1135,0.21484375,syndrome_consistent,exact_correct,4,True
type2_1M_20260121_184040,1136,0.2265625,syndrome_consistent,exact_correct,3,True
type2_1M_20260121_184040,1137,0.234375,syndrome_consistent,exact_correct,4,True
type2_1M_20260121_184040,1138,0.21484375,syndrome_consistent,exact_correct,4,True
type2_1M_20260121_184040,1139,0.1875,syndrome_consistent,exact_correct,3,True
type2_1M_20260121_184040,1140,0.26171875,syndrome_consistent,exact_correct,6,True
type2_1M_20260121_184040,1141,0.23046875,syndrome_consistent,exact_correct,4,True
type2_1M_20260121_184040,1142,0.23046875,syndrome_consistent,exact_correct,3,True
type2_1M_20260121_184040,1143,0.26953125,syndrome_consistent,exact_correct,5,True
type2_1M_20260121_184040,1144,0.2265625,syndrome_consistent,exact_correct,4,True
type2_1M_20260121_184040,1145,0.265625,syndrome_consistent,exact_correct,5,True
type2_1M_20260121_184040,1146,0.26953125,syndrome_consistent,exact_correct,7,True
type2_1M_20260121_184040,1147,0.2578125,syndrome_consistent,exact_correct,5,True
type2_1M_20260121_184040,1148,0.234375,syndrome_consistent,exact_correct,5,True
type2_1M_20260121_184040,1149,0.28125,syndrome_consistent,exact_correct,7,True
type2_1M_20260121_184040,1150,0.25,syndrome_consistent,exact_correct,5,True
type2_1M_20260121_184040,1151,0.2265625,syndrome_consistent,exact_correct,5,True
type2_1M_20260121_184040,1152,0.26171875,syndrome_consistent,exact_correct,6,True
type2_1M_20260121_184040,1153,0.26171875,syndrome_consistent,exact_correct,6,True
type2_1M_20260121_184040,1154,0.22265625,syndrome_consistent,exact_correct,3,True
type2_1M_20260121_184040,1155,0.22265625,syndrome_consistent,exact_correct,5,True
type2_1M_20260121_184040,1156,0.30859375,syndrome_consistent,exact_correct,5,True
type2_1M_20260121_184040,1157,0.2265625,syndrome_consistent,exact_correct,5,True
type2_1M_20260121_184040,1158,0.23828125,syndrome_consistent,exact_correct,4,True
type2_1M_20260121_184040,1159,0.21875,syndrome_consistent,exact_correct,5,True
type2_1M_20260121_184040,1160,0.19921875,syndrome_consistent,exact_correct,4,True
type2_1M_20260121_184040,1161,0.2265625,syndrome_consistent,exact_correct,5,True
type2_1M_20260121_184040,1162,0.21484375,syndrome_consistent,exact_correct,4,True
type2_1M_20260121_184040,1163,0.21484375,syndrome_consistent,exact_correct,4,True
type2_1M_20260121_184040,1164,0.28515625,syndrome_consistent,exact_correct,5,True
type2_1M_20260121_184040,1165,0.22265625,syndrome_consistent,exact_correct,5,True
type2_1M_20260121_184040,1166,0.21484375,syndrome_consistent,exact_correct,4,True
type2_1M_20260121_184040,1167,0.24609375,syndrome_consistent,exact_correct,5,True
type2_1M_20260121_184040,1168,0.18359375,syndrome_consistent,exact_correct,4,True
type2_1M_20260121_184040,1169,0.17578125,syndrome_consistent,exact_correct,3,True
type2_1M_20260121_184040,1170,0.21484375,syndrome_consistent,exact_correct,5,True
type2_1M_20260121_184040,1171,0.2109375,syndrome_consistent,exact_correct,3,True
type2_1M_20260121_184040,1172,0.2578125,syndrome_consistent,exact_correct,8,True
type2_1M_20260121_184040,1173,0.2734375,syndrome_consistent,exact_correct,5,True
type2_1M_20260121_184040,1174,0.23828125,syndrome_consistent,exact_correct,5,True
type2_1M_20260121_184040,1175,0.265625,decode_failed,iteration_limit,100,False
type2_1M_20260121_184040,1176,0.23046875,syndrome_consistent,exact_correct,4,True
type2_1M_20260121_184040,1177,0.25,syndrome_consistent,exact_correct,7,True
type2_1M_20260121_184040,1178,0.28515625,syndrome_consistent,exact_correct,5,True
type2_1M_20260121_184040,1179,0.28515625,syndrome_consistent,exact_correct,5,True
type2_1M_20260121_184040,1180,0.26953125,syndrome_consistent,exact_correct,4,True
type2_1M_20260121_184040,1181,0.24609375,syndrome_consistent,exact_correct,4,True
type2_1M_20260121_184040,1182,0.234375,syndrome_consistent,exact_correct,4,True
type2_1M_20260121_184040,1183,0.2421875,syndrome_consistent,exact_correct,4,True
type2_1M_20260121_184040,1184,0.19921875,syndrome_consistent,exact_correct,3,True
type2_1M_20260121_184040,1185,0.24609375,syndrome_consistent,exact_correct,4,True
type2_1M_20260121_184040,1186,0.19921875,syndrome_consistent,exact_correct,3,True
type2_1M_20260121_184040,1187,0.23046875,syndrome_consistent,exact_correct,5,True
type2_1M_20260121_184040,1188,0.21484375,syndrome_consistent,exact_correct,4,True
type2_1M_20260121_184040,1189,0.23828125,syndrome_consistent,exact_correct,4,True
type2_1M_20260121_184040,1190,0.24609375,syndrome_consistent,exact_correct,4,True
type2_1M_20260121_184040,1191,0.21484375,syndrome_consistent,exact_correct,3,True
type2_1M_20260121_184040,1192,0.21875,syndrome_consistent,exact_correct,4,True
type2_1M_20260121_184040,1193,0.27734375,syndrome_consistent,exact_correct,4,True
type2_1M_20260121_184040,1194,0.27734375,syndrome_consistent,exact_correct,7,True
type2_1M_20260121_184040,1195,0.23828125,syndrome_consistent,exact_correct,4,True
type2_1M_20260121_184040,1196,0.26171875,syndrome_consistent,exact_correct,8,True
type2_1M_20260121_184040,1197,0.21484375,syndrome_consistent,exact_correct,6,True
type2_1M_20260121_184040,1198,0.21484375,syndrome_consistent,exact_correct,4,True
type2_1M_20260121_184040,1199,0.1953125,syndrome_consistent,exact_correct,4,True
type2_1M_20260121_184040,1200,0.296875,syndrome_consistent,exact_correct,8,True
type2_1M_20260121_184040,1201,0.28125,syndrome_consistent,exact_correct,5,True
type2_1M_20260121_184040,1202,0.21875,syndrome_consistent,exact_correct,4,True
type2_1M_20260121_184040,1203,0.234375,syndrome_consistent,exact_correct,4,True
type2_1M_20260121_184040,1204,0.23828125,syndrome_consistent,exact_correct,5,True
type2_1M_20260121_184040,1205,0.25390625,syndrome_consistent,exact_correct,7,True
type2_1M_20260121_184040,1206,0.2421875,syndrome_consistent,exact_correct,5,True
type2_1M_20260121_184040,1207,0.26171875,syndrome_consistent,exact_correct,4,True
type2_1M_20260121_184040,1208,0.23828125,syndrome_consistent,exact_correct,4,True
type2_1M_20260121_184040,1209,0.2265625,syndrome_consistent,exact_correct,5,True
type2_1M_20260121_184040,1210,0.2265625,syndrome_consistent,exact_correct,5,True
type2_1M_20260121_184040,1211,0.21875,syndrome_consistent,exact_correct,4,True
type2_1M_20260121_184040,1212,0.20703125,syndrome_consistent,exact_correct,3,True
type2_1M_20260121_184040,1213,0.20703125,syndrome_consistent,exact_correct,4,True
type2_1M_20260121_184040,1214,0.2890625,syndrome_consistent,exact_correct,8,True
type2_1M_20260121_184040,1215,0.2109375,syndrome_consistent,exact_correct,4,True
type2_1M_20260121_184040,1216,0.2734375,syndrome_consistent,exact_correct,4,True
type2_1M_20260121_184040,1217,0.27734375,syndrome_consistent,exact_correct,6,True
type2_1M_20260121_184040,1218,0.234375,syndrome_consistent,exact_correct,3,True
type2_1M_20260121_184040,1219,0.2421875,syndrome_consistent,exact_correct,5,True
type2_1M_20260121_184040,1220,0.25,syndrome_consistent,exact_correct,4,True
type2_1M_20260121_184040,1221,0.265625,syndrome_consistent,exact_correct,4,True
type2_1M_20260121_184040,1222,0.28125,syndrome_consistent,exact_correct,5,True
type2_1M_20260121_184040,1223,0.19921875,syndrome_consistent,exact_correct,4,True
type2_1M_20260121_184040,1224,0.24609375,syndrome_consistent,exact_correct,7,True
type2_1M_20260121_184040,1225,0.26171875,syndrome_consistent,exact_correct,4,True
type2_1M_20260121_184040,1226,0.27734375,syndrome_consistent,exact_correct,5,True
type2_1M_20260121_184040,1227,0.23828125,syndrome_consistent,exact_correct,6,True
type2_1M_20260121_184040,1228,0.28125,syndrome_consistent,exact_correct,7,True
type2_1M_20260121_184040,1229,0.21875,syndrome_consistent,exact_correct,5,True
type2_1M_20260121_184040,1230,0.2265625,syndrome_consistent,exact_correct,5,True
type2_1M_20260121_184040,1231,0.23046875,syndrome_consistent,exact_correct,5,True
type2_1M_20260121_184040,1232,0.21484375,syndrome_consistent,exact_correct,4,True
type2_1M_20260121_184040,1233,0.19140625,syndrome_consistent,exact_correct,4,True
type2_1M_20260121_184040,1234,0.26171875,syndrome_consistent,exact_correct,4,True
type2_1M_20260121_184040,1235,0.19140625,syndrome_consistent,exact_correct,3,True
type2_1M_20260121_184040,1236,0.2578125,syndrome_consistent,exact_correct,4,True
type2_1M_20260121_184040,1237,0.28125,syndrome_consistent,exact_correct,5,True
type2_1M_20260121_184040,1238,0.2578125,syndrome_consistent,exact_correct,6,True
type2_1M_20260121_184040,1239,0.23828125,syndrome_consistent,exact_correct,4,True
type2_1M_20260121_184040,1240,0.25,syndrome_consistent,exact_correct,4,True
type2_1M_20260121_184040,1241,0.19921875,syndrome_consistent,exact_correct,6,True
type2_1M_20260121_184040,1242,0.265625,syndrome_consistent,exact_correct,5,True
type2_1M_20260121_184040,1243,0.25,syndrome_consistent,exact_correct,6,True
type2_1M_20260121_184040,1244,0.26953125,syndrome_consistent,exact_correct,6,True
type2_1M_20260121_184040,1245,0.26171875,syndrome_consistent,exact_correct,6,True
type2_1M_20260121_184040,1246,0.3203125,syndrome_consistent,exact_correct,6,True
type2_1M_20260121_184040,1247,0.234375,syndrome_consistent,exact_correct,7,True
type2_1M_20260121_184040,1248,0.265625,syndrome_consistent,exact_correct,5,True
type2_1M_20260121_184040,1249,0.24609375,syndrome_consistent,exact_correct,6,True
type2_2M_20260121_183657,1824,0.24609375,syndrome_consistent,exact_correct,4,True
type2_2M_20260121_183657,1825,0.26171875,syndrome_consistent,exact_correct,6,True
type2_2M_20260121_183657,1826,0.28515625,syndrome_consistent,exact_correct,5,True
type2_2M_20260121_183657,1827,0.203125,syndrome_consistent,exact_correct,3,True
type2_2M_20260121_183657,1828,0.2734375,syndrome_consistent,exact_correct,6,True
type2_2M_20260121_183657,1829,0.26953125,syndrome_consistent,exact_correct,7,True
type2_2M_20260121_183657,1830,0.24609375,syndrome_consistent,exact_correct,6,True
type2_2M_20260121_183657,1831,0.23046875,syndrome_consistent,exact_correct,5,True
type2_2M_20260121_183657,1832,0.25,syndrome_consistent,exact_correct,4,True
type2_2M_20260121_183657,1833,0.25,syndrome_consistent,exact_correct,5,True
type2_2M_20260121_183657,1834,0.27734375,syndrome_consistent,exact_correct,5,True
type2_2M_20260121_183657,1835,0.29296875,decode_failed,iteration_limit,100,False
type2_2M_20260121_183657,1836,0.23828125,syndrome_consistent,exact_correct,4,True
type2_2M_20260121_183657,1837,0.2734375,syndrome_consistent,exact_correct,5,True
type2_2M_20260121_183657,1838,0.26953125,syndrome_consistent,exact_correct,6,True
type2_2M_20260121_183657,1839,0.21875,syndrome_consistent,exact_correct,4,True
type2_2M_20260121_183657,1840,0.26953125,syndrome_consistent,exact_correct,4,True
type2_2M_20260121_183657,1841,0.203125,syndrome_consistent,exact_correct,4,True
type2_2M_20260121_183657,1842,0.28515625,syndrome_consistent,exact_correct,5,True
type2_2M_20260121_183657,1843,0.26953125,syndrome_consistent,exact_correct,5,True
type2_2M_20260121_183657,1844,0.21875,syndrome_consistent,exact_correct,4,True
type2_2M_20260121_183657,1845,0.234375,syndrome_consistent,exact_correct,5,True
type2_2M_20260121_183657,1846,0.2578125,syndrome_consistent,exact_correct,7,True
type2_2M_20260121_183657,1847,0.25390625,syndrome_consistent,exact_correct,6,True
type2_2M_20260121_183657,1848,0.27734375,syndrome_consistent,exact_correct,4,True
type2_2M_20260121_183657,1849,0.26171875,syndrome_consistent,exact_correct,4,True
type2_2M_20260121_183657,1850,0.26171875,syndrome_consistent,exact_correct,4,True
type2_2M_20260121_183657,1851,0.2734375,syndrome_consistent,exact_correct,5,True
type2_2M_20260121_183657,1852,0.32421875,syndrome_consistent,exact_correct,7,True
type2_2M_20260121_183657,1853,0.25,syndrome_consistent,exact_correct,6,True
type2_2M_20260121_183657,1854,0.24609375,syndrome_consistent,exact_correct,6,True
type2_2M_20260121_183657,1855,0.31640625,syndrome_consistent,exact_correct,4,True
type2_2M_20260121_183657,1856,0.1953125,syndrome_consistent,exact_correct,4,True
type2_2M_20260121_183657,1857,0.31640625,syndrome_consistent,exact_correct,8,True
type2_2M_20260121_183657,1858,0.234375,syndrome_consistent,exact_correct,4,True
type2_2M_20260121_183657,1859,0.24609375,syndrome_consistent,exact_correct,4,True
type2_2M_20260121_183657,1860,0.296875,syndrome_consistent,exact_correct,8,True
type2_2M_20260121_183657,1861,0.3046875,syndrome_consistent,exact_correct,12,True
type2_2M_20260121_183657,1862,0.2265625,syndrome_consistent,exact_correct,5,True
type2_2M_20260121_183657,1863,0.19140625,syndrome_consistent,exact_correct,3,True
type2_2M_20260121_183657,1864,0.26171875,syndrome_consistent,exact_correct,5,True
type2_2M_20260121_183657,1865,0.2890625,syndrome_consistent,exact_correct,8,True
type2_2M_20260121_183657,1866,0.23046875,syndrome_consistent,exact_correct,4,True
type2_2M_20260121_183657,1867,0.24609375,syndrome_consistent,exact_correct,7,True
type2_2M_20260121_183657,1868,0.26953125,syndrome_consistent,exact_correct,6,True
type2_2M_20260121_183657,1869,0.265625,syndrome_consistent,exact_correct,6,True
type2_2M_20260121_183657,1870,0.21875,syndrome_consistent,exact_correct,4,True
type2_2M_20260121_183657,1871,0.26171875,syndrome_consistent,exact_correct,5,True
type2_2M_20260121_183657,1872,0.265625,syndrome_consistent,exact_correct,4,True
type2_2M_20260121_183657,1873,0.296875,syndrome_consistent,exact_correct,8,True
type2_2M_20260121_183657,1874,0.2265625,syndrome_consistent,exact_correct,3,True
type2_2M_20260121_183657,1875,0.25390625,syndrome_consistent,exact_correct,4,True
type2_2M_20260121_183657,1876,0.2890625,syndrome_consistent,exact_correct,7,True
type2_2M_20260121_183657,1877,0.234375,syndrome_consistent,exact_correct,3,True
type2_2M_20260121_183657,1878,0.28125,syndrome_consistent,exact_correct,5,True
type2_2M_20260121_183657,1879,0.24609375,syndrome_consistent,exact_correct,7,True
type2_2M_20260121_183657,1880,0.2734375,syndrome_consistent,exact_correct,6,True
type2_2M_20260121_183657,1881,0.26171875,syndrome_consistent,exact_correct,4,True
type2_2M_20260121_183657,1882,0.25,syndrome_consistent,exact_correct,6,True
type2_2M_20260121_183657,1883,0.28515625,syndrome_consistent,exact_correct,7,True
type2_2M_20260121_183657,1884,0.234375,syndrome_consistent,exact_correct,8,True
type2_2M_20260121_183657,1885,0.25390625,syndrome_consistent,exact_correct,5,True
type2_2M_20260121_183657,1886,0.26171875,syndrome_consistent,exact_correct,4,True
type2_2M_20260121_183657,1887,0.3125,syndrome_consistent,exact_correct,7,True
type2_2M_20260121_183657,1888,0.27734375,syndrome_consistent,exact_correct,4,True
type2_2M_20260121_183657,1889,0.25390625,syndrome_consistent,exact_correct,4,True
type2_2M_20260121_183657,1890,0.19921875,syndrome_consistent,exact_correct,4,True
type2_2M_20260121_183657,1891,0.296875,syndrome_consistent,exact_correct,5,True
type2_2M_20260121_183657,1892,0.26953125,syndrome_consistent,exact_correct,7,True
type2_2M_20260121_183657,1893,0.296875,syndrome_consistent,exact_correct,6,True
type2_2M_20260121_183657,1894,0.23828125,syndrome_consistent,exact_correct,5,True
type2_2M_20260121_183657,1895,0.2578125,syndrome_consistent,exact_correct,4,True
type2_2M_20260121_183657,1896,0.25,syndrome_consistent,exact_correct,5,True
type2_2M_20260121_183657,1897,0.27734375,syndrome_consistent,exact_correct,7,True
type2_2M_20260121_183657,1898,0.2890625,syndrome_consistent,exact_correct,5,True
type2_2M_20260121_183657,1899,0.3046875,syndrome_consistent,exact_correct,8,True
type2_2M_20260121_183657,1900,0.2734375,syndrome_consistent,exact_correct,7,True
type2_2M_20260121_183657,1901,0.19921875,syndrome_consistent,exact_correct,4,True
type2_2M_20260121_183657,1902,0.27734375,syndrome_consistent,exact_correct,5,True
type2_2M_20260121_183657,1903,0.21875,syndrome_consistent,exact_correct,3,True
type2_2M_20260121_183657,1904,0.25390625,syndrome_consistent,exact_correct,4,True
type2_2M_20260121_183657,1905,0.20703125,syndrome_consistent,exact_correct,4,True
type2_2M_20260121_183657,1906,0.2578125,syndrome_consistent,exact_correct,4,True
type2_2M_20260121_183657,1907,0.20703125,syndrome_consistent,exact_correct,4,True
type2_2M_20260121_183657,1908,0.23046875,syndrome_consistent,exact_correct,11,True
type2_2M_20260121_183657,1909,0.203125,syndrome_consistent,exact_correct,4,True
type2_2M_20260121_183657,1910,0.2578125,syndrome_consistent,exact_correct,5,True
type2_2M_20260121_183657,1911,0.265625,syndrome_consistent,exact_correct,4,True
type2_2M_20260121_183657,1912,0.25390625,syndrome_consistent,exact_correct,7,True
type2_2M_20260121_183657,1913,0.26171875,syndrome_consistent,exact_correct,4,True
type2_2M_20260121_183657,1914,0.30859375,syndrome_consistent,exact_correct,8,True
type2_2M_20260121_183657,1915,0.265625,syndrome_consistent,exact_correct,5,True
type2_2M_20260121_183657,1916,0.25,syndrome_consistent,exact_correct,5,True
type2_2M_20260121_183657,1917,0.234375,syndrome_consistent,exact_correct,4,True
type2_2M_20260121_183657,1918,0.2421875,syndrome_consistent,exact_correct,6,True
type2_2M_20260121_183657,1919,0.265625,syndrome_consistent,exact_correct,5,True
type2_2M_20260121_183657,1920,0.3125,syndrome_consistent,exact_correct,5,True
type2_2M_20260121_183657,1921,0.28515625,syndrome_consistent,exact_correct,8,True
type2_2M_20260121_183657,1922,0.2890625,syndrome_consistent,exact_correct,6,True
type2_2M_20260121_183657,1923,0.27734375,syndrome_consistent,exact_correct,15,True
type2_2M_20260121_183657,1924,0.26171875,syndrome_consistent,exact_correct,5,True
type2_2M_20260121_183657,1925,0.2734375,syndrome_consistent,exact_correct,6,True
type2_2M_20260121_183657,1926,0.23046875,syndrome_consistent,exact_correct,4,True
type2_2M_20260121_183657,1927,0.24609375,syndrome_consistent,exact_correct,5,True
type2_2M_20260121_183657,1928,0.2421875,syndrome_consistent,exact_correct,4,True
type2_2M_20260121_183657,1929,0.25,syndrome_consistent,exact_correct,5,True
type2_2M_20260121_183657,1930,0.28515625,syndrome_consistent,exact_correct,6,True
type2_2M_20260121_183657,1931,0.23828125,syndrome_consistent,exact_correct,10,True
type2_2M_20260121_183657,1932,0.2734375,syndrome_consistent,exact_correct,6,True
type2_2M_20260121_183657,1933,0.28515625,syndrome_consistent,exact_correct,8,True
type2_2M_20260121_183657,1934,0.2109375,syndrome_consistent,exact_correct,4,True
type2_2M_20260121_183657,1935,0.28515625,syndrome_consistent,exact_correct,5,True
type2_2M_20260121_183657,1936,0.22265625,syndrome_consistent,exact_correct,4,True
type2_2M_20260121_183657,1937,0.25,syndrome_consistent,exact_correct,4,True
type2_2M_20260121_183657,1938,0.27734375,syndrome_consistent,exact_correct,6,True
type2_2M_20260121_183657,1939,0.28125,syndrome_consistent,exact_correct,7,True
type2_2M_20260121_183657,1940,0.21484375,syndrome_consistent,exact_correct,3,True
type2_2M_20260121_183657,1941,0.20703125,syndrome_consistent,exact_correct,4,True
type2_2M_20260121_183657,1942,0.23828125,syndrome_consistent,exact_correct,5,True
type2_2M_20260121_183657,1943,0.2421875,syndrome_consistent,exact_correct,6,True
type2_2M_20260121_183657,1944,0.23828125,syndrome_consistent,exact_correct,4,True
type2_2M_20260121_183657,1945,0.26171875,syndrome_consistent,exact_correct,5,True
type2_2M_20260121_183657,1946,0.26953125,syndrome_consistent,exact_correct,4,True
type2_2M_20260121_183657,1947,0.2109375,syndrome_consistent,exact_correct,4,True
type2_2M_20260121_183657,1948,0.265625,syndrome_consistent,exact_correct,6,True
type2_2M_20260121_183657,1949,0.25390625,syndrome_consistent,exact_correct,6,True
type2_2M_20260121_183657,1950,0.29296875,syndrome_consistent,exact_correct,7,True
type2_2M_20260121_183657,1951,0.2109375,syndrome_consistent,exact_correct,4,True
type2_2M_20260121_183657,1952,0.2109375,syndrome_consistent,exact_correct,3,True
type2_2M_20260121_183657,1953,0.25390625,syndrome_consistent,exact_correct,5,True
type2_2M_20260121_183657,1954,0.2734375,syndrome_consistent,exact_correct,6,True
type2_2M_20260121_183657,1955,0.234375,syndrome_consistent,exact_correct,5,True
type2_2M_20260121_183657,1956,0.23046875,syndrome_consistent,exact_correct,4,True
type2_2M_20260121_183657,1957,0.30078125,syndrome_consistent,exact_correct,7,True
type2_2M_20260121_183657,1958,0.265625,syndrome_consistent,exact_correct,6,True
type2_2M_20260121_183657,1959,0.26953125,syndrome_consistent,exact_correct,5,True
type2_2M_20260121_183657,1960,0.2265625,syndrome_consistent,exact_correct,5,True
type2_2M_20260121_183657,1961,0.21484375,syndrome_consistent,exact_correct,6,True
type2_2M_20260121_183657,1962,0.24609375,syndrome_consistent,exact_correct,4,True
type2_2M_20260121_183657,1963,0.28125,syndrome_consistent,exact_correct,5,True
type2_2M_20260121_183657,1964,0.26171875,syndrome_consistent,exact_correct,5,True
type2_2M_20260121_183657,1965,0.23046875,syndrome_consistent,exact_correct,4,True
type2_2M_20260121_183657,1966,0.2421875,decode_failed,iteration_limit,100,False
type2_2M_20260121_183657,1967,0.21875,syndrome_consistent,exact_correct,5,True
type2_2M_20260121_183657,1968,0.26953125,syndrome_consistent,exact_correct,4,True
type2_2M_20260121_183657,1969,0.28515625,syndrome_consistent,exact_correct,6,True
type2_2M_20260121_183657,1970,0.2421875,syndrome_consistent,exact_correct,4,True
type2_2M_20260121_183657,1971,0.3125,syndrome_consistent,exact_correct,5,True
type2_2M_20260121_183657,1972,0.2265625,syndrome_consistent,exact_correct,4,True
type2_2M_20260121_183657,1973,0.23046875,syndrome_consistent,exact_correct,5,True
type2_2M_20260121_183657,1974,0.22265625,syndrome_consistent,exact_correct,4,True
type2_2M_20260121_183657,1975,0.2578125,syndrome_consistent,exact_correct,4,True
type2_2M_20260121_183657,1976,0.26953125,syndrome_consistent,exact_correct,4,True
type2_2M_20260121_183657,1977,0.2578125,syndrome_consistent,exact_correct,5,True
type2_2M_20260121_183657,1978,0.27734375,syndrome_consistent,exact_correct,4,True
type2_2M_20260121_183657,1979,0.23828125,syndrome_consistent,exact_correct,4,True
type2_2M_20260121_183657,1980,0.2421875,syndrome_consistent,exact_correct,6,True
type2_2M_20260121_183657,1981,0.2421875,syndrome_consistent,exact_correct,6,True
type2_2M_20260121_183657,1982,0.22265625,syndrome_consistent,exact_correct,10,True
type2_2M_20260121_183657,1983,0.21875,syndrome_consistent,exact_correct,4,True
type2_2M_20260121_183657,1984,0.26171875,syndrome_consistent,exact_correct,5,True
type2_2M_20260121_183657,1985,0.25390625,syndrome_consistent,exact_correct,4,True
type2_2M_20260121_183657,1986,0.2734375,syndrome_consistent,exact_correct,4,True
type2_2M_20260121_183657,1987,0.27734375,syndrome_consistent,exact_correct,4,True
type2_2M_20260121_183657,1988,0.26953125,syndrome_consistent,exact_correct,4,True
type2_2M_20260121_183657,1989,0.21875,syndrome_consistent,exact_correct,5,True
type2_2M_20260121_183657,1990,0.23046875,syndrome_consistent,exact_correct,4,True
type2_2M_20260121_183657,1991,0.25,syndrome_consistent,exact_correct,6,True
type2_2M_20260121_183657,1992,0.28515625,syndrome_consistent,exact_correct,8,True
type2_2M_20260121_183657,1993,0.25390625,syndrome_consistent,exact_correct,7,True
type2_2M_20260121_183657,1994,0.28515625,syndrome_consistent,exact_correct,5,True
type2_2M_20260121_183657,1995,0.26171875,syndrome_consistent,exact_correct,7,True
type2_2M_20260121_183657,1996,0.23046875,syndrome_consistent,exact_correct,4,True
type2_2M_20260121_183657,1997,0.296875,syndrome_consistent,exact_correct,8,True
type2_2M_20260121_183657,1998,0.2265625,syndrome_consistent,exact_correct,5,True
type2_2M_20260121_183657,1999,0.24609375,syndrome_consistent,exact_correct,5,True
type2_2M_20260121_183657,2000,0.23046875,syndrome_consistent,exact_correct,4,True
type2_2M_20260121_183657,2001,0.234375,syndrome_consistent,exact_correct,4,True
type2_2M_20260121_183657,2002,0.25390625,syndrome_consistent,exact_correct,5,True
type2_2M_20260121_183657,2003,0.2578125,syndrome_consistent,exact_correct,7,True
type2_2M_20260121_183657,2004,0.27734375,syndrome_consistent,exact_correct,4,True
type2_2M_20260121_183657,2005,0.28515625,syndrome_consistent,exact_correct,6,True
type2_2M_20260121_183657,2006,0.28125,syndrome_consistent,exact_correct,7,True
type2_2M_20260121_183657,2007,0.203125,syndrome_consistent,exact_correct,3,True
type2_2M_20260121_183657,2008,0.25,syndrome_consistent,exact_correct,5,True
type2_2M_20260121_183657,2009,0.20703125,syndrome_consistent,exact_correct,3,True
type2_2M_20260121_183657,2010,0.265625,syndrome_consistent,exact_correct,5,True
type2_2M_20260121_183657,2011,0.30078125,syndrome_consistent,exact_correct,6,True
type2_2M_20260121_183657,2012,0.265625,syndrome_consistent,exact_correct,8,True
type2_2M_20260121_183657,2013,0.28515625,syndrome_consistent,exact_correct,9,True
type2_2M_20260121_183657,2014,0.2578125,syndrome_consistent,exact_correct,5,True
type2_2M_20260121_183657,2015,0.21484375,syndrome_consistent,exact_correct,4,True
type2_2M_20260121_183657,2016,0.23828125,syndrome_consistent,exact_correct,5,True
type2_2M_20260121_183657,2017,0.265625,syndrome_consistent,exact_correct,15,True
type2_2M_20260121_183657,2018,0.24609375,syndrome_consistent,exact_correct,5,True
type2_2M_20260121_183657,2019,0.23828125,syndrome_consistent,exact_correct,3,True
type2_2M_20260121_183657,2020,0.27734375,syndrome_consistent,exact_correct,5,True
type2_2M_20260121_183657,2021,0.26171875,syndrome_consistent,exact_correct,5,True
type2_2M_20260121_183657,2022,0.26953125,syndrome_consistent,exact_correct,5,True
type2_2M_20260121_183657,2023,0.3203125,syndrome_consistent,exact_correct,9,True
type2_2M_20260121_183657,2024,0.26953125,syndrome_consistent,exact_correct,4,True
type2_2M_20260121_183657,2025,0.3046875,syndrome_consistent,exact_correct,6,True
type2_2M_20260121_183657,2026,0.28515625,syndrome_consistent,exact_correct,7,True
type2_2M_20260121_183657,2027,0.296875,syndrome_consistent,exact_correct,8,True
type2_2M_20260121_183657,2028,0.24609375,syndrome_consistent,exact_correct,8,True
type2_2M_20260121_183657,2029,0.2734375,syndrome_consistent,exact_correct,4,True
type2_2M_20260121_183657,2030,0.27734375,syndrome_consistent,exact_correct,6,True
type2_2M_20260121_183657,2031,0.20703125,syndrome_consistent,exact_correct,4,True
type2_2M_20260121_183657,2032,0.27734375,decode_failed,iteration_limit,100,False
type2_2M_20260121_183657,2033,0.22265625,syndrome_consistent,exact_correct,6,True
type2_2M_20260121_183657,2034,0.27734375,syndrome_consistent,exact_correct,6,True
type2_2M_20260121_183657,2035,0.23046875,syndrome_consistent,exact_correct,4,True
type2_2M_20260121_183657,2036,0.25390625,syndrome_consistent,exact_correct,6,True
type2_2M_20260121_183657,2037,0.21875,syndrome_consistent,exact_correct,5,True
type2_2M_20260121_183657,2038,0.2734375,syndrome_consistent,exact_correct,9,True
type2_2M_20260121_183657,2039,0.28125,syndrome_consistent,exact_correct,7,True
type2_2M_20260121_183657,2040,0.27734375,syndrome_consistent,exact_correct,5,True
type2_2M_20260121_183657,2041,0.23828125,syndrome_consistent,exact_correct,5,True
type2_2M_20260121_183657,2042,0.21875,syndrome_consistent,exact_correct,4,True
type2_2M_20260121_183657,2043,0.28515625,syndrome_consistent,exact_correct,5,True
type2_2M_20260121_183657,2044,0.26171875,syndrome_consistent,exact_correct,6,True
type2_2M_20260121_183657,2045,0.28125,syndrome_consistent,exact_correct,5,True
type2_2M_20260121_183657,2046,0.2265625,syndrome_consistent,exact_correct,4,True
type2_2M_20260121_183657,2047,0.23828125,syndrome_consistent,exact_correct,4,True
type2_2M_20260121_183657,2048,0.26953125,syndrome_consistent,exact_correct,5,True
type2_2M_20260121_183657,2049,0.265625,syndrome_consistent,exact_correct,5,True
type2_2M_20260121_183657,2050,0.26171875,syndrome_consistent,exact_correct,5,True
type2_2M_20260121_183657,2051,0.234375,syndrome_consistent,exact_correct,4,True
type2_2M_20260121_183657,2052,0.265625,syndrome_consistent,exact_correct,3,True
type2_2M_20260121_183657,2053,0.26171875,syndrome_consistent,exact_correct,5,True
type2_2M_20260121_183657,2054,0.22265625,syndrome_consistent,exact_correct,3,True
type2_2M_20260121_183657,2055,0.24609375,syndrome_consistent,exact_correct,4,True
type2_2M_20260121_183657,2056,0.2734375,syndrome_consistent,exact_correct,6,True
type2_2M_20260121_183657,2057,0.2890625,syndrome_consistent,exact_correct,7,True
type2_2M_20260121_183657,2058,0.2734375,syndrome_consistent,exact_correct,5,True
type2_2M_20260121_183657,2059,0.265625,syndrome_consistent,exact_correct,6,True
type2_2M_20260121_183657,2060,0.2734375,syndrome_consistent,exact_correct,6,True
type2_2M_20260121_183657,2061,0.28125,syndrome_consistent,exact_correct,5,True
type2_2M_20260121_183657,2062,0.23046875,syndrome_consistent,exact_correct,3,True
type2_2M_20260121_183657,2063,0.30859375,decode_failed,iteration_limit,100,False
type2_2M_20260121_183657,2064,0.21484375,syndrome_consistent,exact_correct,5,True
type2_2M_20260121_183657,2065,0.3203125,syndrome_consistent,exact_correct,9,True
type2_2M_20260121_183657,2066,0.26171875,syndrome_consistent,exact_correct,4,True
type2_2M_20260121_183657,2067,0.296875,syndrome_consistent,exact_correct,9,True
type2_2M_20260121_183657,2068,0.23046875,syndrome_consistent,exact_correct,5,True
type2_2M_20260121_183657,2069,0.296875,syndrome_consistent,exact_correct,7,True
type2_2M_20260121_183657,2070,0.25,syndrome_consistent,exact_correct,5,True
type2_2M_20260121_183657,2071,0.265625,syndrome_consistent,exact_correct,5,True
type2_2M_20260121_183657,2072,0.25390625,syndrome_consistent,exact_correct,6,True
type2_2M_20260121_183657,2073,0.30078125,syndrome_consistent,exact_correct,9,True
type2_2M_20260121_183657,2074,0.2578125,syndrome_consistent,exact_correct,5,True
type2_2M_20260121_183657,2075,0.265625,syndrome_consistent,exact_correct,6,True
type2_2M_20260121_183657,2076,0.26953125,syndrome_consistent,exact_correct,5,True
type2_2M_20260121_183657,2077,0.24609375,syndrome_consistent,exact_correct,7,True
type2_2M_20260121_183657,2078,0.24609375,syndrome_consistent,exact_correct,5,True
type2_2M_20260121_183657,2079,0.2890625,syndrome_consistent,exact_correct,5,True
type2_2M_20260121_183657,2080,0.296875,syndrome_consistent,exact_correct,7,True
type2_2M_20260121_183657,2081,0.25390625,syndrome_consistent,exact_correct,5,True
type2_2M_20260121_183657,2082,0.25390625,syndrome_consistent,exact_correct,6,True
type2_2M_20260121_183657,2083,0.19921875,syndrome_consistent,exact_correct,6,True
type2_2M_20260121_183657,2084,0.26171875,syndrome_consistent,exact_correct,5,True
type2_2M_20260121_183657,2085,0.2265625,syndrome_consistent,exact_correct,4,True
type2_2M_20260121_183657,2086,0.2421875,syndrome_consistent,exact_correct,5,True
type2_2M_20260121_183657,2087,0.30859375,syndrome_consistent,exact_correct,4,True
type2_2M_20260121_183657,2088,0.265625,syndrome_consistent,exact_correct,7,True
type2_2M_20260121_183657,2089,0.234375,syndrome_consistent,exact_correct,5,True
type2_2M_20260121_183657,2090,0.30859375,syndrome_consistent,exact_correct,8,True
type2_2M_20260121_183657,2091,0.1875,syndrome_consistent,exact_correct,4,True
type2_2M_20260121_183657,2092,0.24609375,syndrome_consistent,exact_correct,6,True
type2_2M_20260121_183657,2093,0.2109375,syndrome_consistent,exact_correct,5,True
type2_2M_20260121_183657,2094,0.2734375,syndrome_consistent,exact_correct,4,True
type2_2M_20260121_183657,2095,0.2421875,syndrome_consistent,exact_correct,4,True
type2_2M_20260121_183657,2096,0.25390625,syndrome_consistent,exact_correct,6,True
type2_2M_20260121_183657,2097,0.2734375,syndrome_consistent,exact_correct,7,True
type2_2M_20260121_183657,2098,0.27734375,syndrome_consistent,exact_correct,5,True
type2_2M_20260121_183657,2099,0.203125,syndrome_consistent,exact_correct,3,True
type2_2M_20260121_183657,2100,0.2109375,syndrome_consistent,exact_correct,4,True
type2_2M_20260121_183657,2101,0.21484375,syndrome_consistent,exact_correct,5,True
type2_2M_20260121_183657,2102,0.2890625,syndrome_consistent,exact_correct,6,True
type2_2M_20260121_183657,2103,0.30078125,syndrome_consistent,exact_correct,11,True
type2_2M_20260121_183657,2104,0.23828125,syndrome_consistent,exact_correct,5,True
type2_2M_20260121_183657,2105,0.296875,syndrome_consistent,exact_correct,5,True
type2_2M_20260121_183657,2106,0.27734375,syndrome_consistent,exact_correct,6,True
type2_2M_20260121_183657,2107,0.21875,syndrome_consistent,exact_correct,6,True
type2_2M_20260121_183657,2108,0.2421875,syndrome_consistent,exact_correct,3,True
type2_2M_20260121_183657,2109,0.234375,syndrome_consistent,exact_correct,6,True
type2_2M_20260121_183657,2110,0.25390625,syndrome_consistent,exact_correct,5,True
type2_2M_20260121_183657,2111,0.23046875,syndrome_consistent,exact_correct,6,True
type2_2M_20260121_183657,2112,0.29296875,syndrome_consistent,exact_correct,4,True
type2_2M_20260121_183657,2113,0.2578125,syndrome_consistent,exact_correct,6,True
type2_2M_20260121_183657,2114,0.24609375,syndrome_consistent,exact_correct,3,True
type2_2M_20260121_183657,2115,0.234375,syndrome_consistent,exact_correct,4,True
type2_2M_20260121_183657,2116,0.28125,syndrome_consistent,exact_correct,9,True
type2_2M_20260121_183657,2117,0.2578125,syndrome_consistent,exact_correct,8,True
type2_2M_20260121_183657,2118,0.26171875,syndrome_consistent,exact_correct,7,True
type2_2M_20260121_183657,2119,0.2890625,syndrome_consistent,exact_correct,6,True
type2_2M_20260121_183657,2120,0.265625,syndrome_consistent,exact_correct,5,True
type2_2M_20260121_183657,2121,0.25,syndrome_consistent,exact_correct,4,True
type2_2M_20260121_183657,2122,0.23046875,syndrome_consistent,exact_correct,13,True
type2_2M_20260121_183657,2123,0.21875,syndrome_consistent,exact_correct,5,True
type2_2M_20260121_183657,2124,0.2578125,syndrome_consistent,exact_correct,5,True
type2_2M_20260121_183657,2125,0.26953125,syndrome_consistent,exact_correct,5,True
type2_2M_20260121_183657,2126,0.2734375,syndrome_consistent,exact_correct,6,True
type2_2M_20260121_183657,2127,0.20703125,syndrome_consistent,exact_correct,3,True
type2_2M_20260121_183657,2128,0.27734375,syndrome_consistent,exact_correct,7,True
type2_2M_20260121_183657,2129,0.296875,syndrome_consistent,exact_correct,5,True
type2_2M_20260121_183657,2130,0.24609375,syndrome_consistent,exact_correct,4,True
type2_2M_20260121_183657,2131,0.23828125,syndrome_consistent,exact_correct,5,True
type2_2M_20260121_183657,2132,0.2578125,syndrome_consistent,exact_correct,4,True
type2_2M_20260121_183657,2133,0.24609375,syndrome_consistent,exact_correct,5,True
type2_2M_20260121_183657,2134,0.26953125,syndrome_consistent,exact_correct,5,True
type2_2M_20260121_183657,2135,0.26171875,syndrome_consistent,exact_correct,5,True
type2_2M_20260121_183657,2136,0.3046875,syndrome_consistent,exact_correct,8,True
type2_2M_20260121_183657,2137,0.18359375,syndrome_consistent,exact_correct,3,True
type2_2M_20260121_183657,2138,0.24609375,syndrome_consistent,exact_correct,5,True
type2_2M_20260121_183657,2139,0.2421875,syndrome_consistent,exact_correct,4,True
type2_2M_20260121_183657,2140,0.2109375,syndrome_consistent,exact_correct,4,True
type2_2M_20260121_183657,2141,0.28125,decode_failed,iteration_limit,100,False
type2_2M_20260121_183657,2142,0.25,syndrome_consistent,exact_correct,4,True
type2_2M_20260121_183657,2143,0.28125,syndrome_consistent,exact_correct,10,True
type2_2M_20260121_183657,2144,0.234375,syndrome_consistent,exact_correct,7,True
type2_2M_20260121_183657,2145,0.25,syndrome_consistent,exact_correct,8,True
type2_2M_20260121_183657,2146,0.26953125,syndrome_consistent,exact_correct,6,True
type2_2M_20260121_183657,2147,0.3125,syndrome_consistent,exact_correct,7,True
type2_2M_20260121_183657,2148,0.2265625,syndrome_consistent,exact_correct,3,True
type2_2M_20260121_183657,2149,0.26171875,syndrome_consistent,exact_correct,6,True
type2_2M_20260121_183657,2150,0.27734375,syndrome_consistent,exact_correct,4,True
type2_2M_20260121_183657,2151,0.2265625,syndrome_consistent,exact_correct,6,True
type2_2M_20260121_183657,2152,0.28515625,syndrome_consistent,exact_correct,7,True
type2_2M_20260121_183657,2153,0.2421875,syndrome_consistent,exact_correct,4,True
type2_2M_20260121_183657,2154,0.2421875,syndrome_consistent,exact_correct,5,True
type2_2M_20260121_183657,2155,0.27734375,syndrome_consistent,exact_correct,5,True
type2_2M_20260121_183657,2156,0.25,syndrome_consistent,exact_correct,6,True
type2_2M_20260121_183657,2157,0.23046875,syndrome_consistent,exact_correct,4,True
type2_2M_20260121_183657,2158,0.22265625,syndrome_consistent,exact_correct,4,True
type2_2M_20260121_183657,2159,0.2265625,syndrome_consistent,exact_correct,5,True
type2_2M_20260121_183657,2160,0.234375,syndrome_consistent,exact_correct,5,True
type2_2M_20260121_183657,2161,0.25390625,decode_failed,iteration_limit,100,False
type2_2M_20260121_183657,2162,0.234375,syndrome_consistent,exact_correct,3,True
type2_2M_20260121_183657,2163,0.29296875,syndrome_consistent,exact_correct,7,True
type2_2M_20260121_183657,2164,0.2421875,syndrome_consistent,exact_correct,7,True
type2_2M_20260121_183657,2165,0.234375,syndrome_consistent,exact_correct,4,True
type2_2M_20260121_183657,2166,0.19140625,syndrome_consistent,exact_correct,3,True
type2_2M_20260121_183657,2167,0.25,syndrome_consistent,exact_correct,5,True
type2_2M_20260121_183657,2168,0.2421875,syndrome_consistent,exact_correct,4,True
type2_2M_20260121_183657,2169,0.203125,syndrome_consistent,exact_correct,4,True
type2_2M_20260121_183657,2170,0.28125,syndrome_consistent,exact_correct,5,True
type2_2M_20260121_183657,2171,0.25390625,syndrome_consistent,exact_correct,5,True
type2_2M_20260121_183657,2172,0.26171875,syndrome_consistent,exact_correct,5,True
type2_2M_20260121_183657,2173,0.265625,syndrome_consistent,exact_correct,5,True
type2_2M_20260121_183657,2174,0.26171875,syndrome_consistent,exact_correct,6,True
type2_2M_20260121_183657,2175,0.26953125,syndrome_consistent,exact_correct,5,True
type2_2M_20260121_183657,2176,0.24609375,syndrome_consistent,exact_correct,4,True
type2_2M_20260121_183657,2177,0.26171875,syndrome_consistent,exact_correct,4,True
type2_2M_20260121_183657,2178,0.3203125,syndrome_consistent,exact_correct,6,True
type2_2M_20260121_183657,2179,0.2421875,syndrome_consistent,exact_correct,4,True
type2_2M_20260121_183657,2180,0.203125,syndrome_consistent,exact_correct,4,True
type2_2M_20260121_183657,2181,0.23046875,syndrome_consistent,exact_correct,6,True
type2_2M_20260121_183657,2182,0.26171875,syndrome_consistent,exact_correct,4,True
type2_2M_20260121_183657,2183,0.23046875,syndrome_consistent,exact_correct,6,True
type2_2M_20260121_183657,2184,0.265625,syndrome_consistent,exact_correct,8,True
type2_2M_20260121_183657,2185,0.25390625,syndrome_consistent,exact_correct,7,True
type2_2M_20260121_183657,2186,0.2890625,syndrome_consistent,exact_correct,5,True
type2_2M_20260121_183657,2187,0.2734375,syndrome_consistent,exact_correct,4,True
type2_2M_20260121_183657,2188,0.234375,syndrome_consistent,exact_correct,5,True
type2_2M_20260121_183657,2189,0.25390625,syndrome_consistent,exact_correct,8,True
type2_2M_20260121_183657,2190,0.2734375,syndrome_consistent,exact_correct,5,True
type2_2M_20260121_183657,2191,0.22265625,syndrome_consistent,exact_correct,5,True
type2_2M_20260121_183657,2192,0.28125,syndrome_consistent,exact_correct,5,True
type2_2M_20260121_183657,2193,0.234375,syndrome_consistent,exact_correct,4,True
type2_2M_20260121_183657,2194,0.24609375,syndrome_consistent,exact_correct,3,True
type2_2M_20260121_183657,2195,0.24609375,syndrome_consistent,exact_correct,6,True
type2_2M_20260121_183657,2196,0.2734375,syndrome_consistent,exact_correct,4,True
type2_2M_20260121_183657,2197,0.21484375,syndrome_consistent,exact_correct,3,True
type2_2M_20260121_183657,2198,0.2578125,syndrome_consistent,exact_correct,7,True
type2_2M_20260121_183657,2199,0.234375,syndrome_consistent,exact_correct,5,True
type2_2M_20260121_183657,2200,0.30078125,syndrome_consistent,exact_correct,7,True
type2_2M_20260121_183657,2201,0.22265625,syndrome_consistent,exact_correct,4,True
type2_2M_20260121_183657,2202,0.26953125,syndrome_consistent,exact_correct,5,True
type2_2M_20260121_183657,2203,0.24609375,syndrome_consistent,exact_correct,3,True
type2_2M_20260121_183657,2204,0.27734375,syndrome_consistent,exact_correct,6,True
type2_2M_20260121_183657,2205,0.2421875,syndrome_consistent,exact_correct,5,True
type2_2M_20260121_183657,2206,0.2578125,syndrome_consistent,exact_correct,6,True
type2_2M_20260121_183657,2207,0.3046875,syndrome_consistent,exact_correct,10,True
type2_2M_20260121_183657,2208,0.2734375,syndrome_consistent,exact_correct,4,True
type2_2M_20260121_183657,2209,0.22265625,syndrome_consistent,exact_correct,4,True
type2_2M_20260121_183657,2210,0.28515625,syndrome_consistent,exact_correct,7,True
type2_2M_20260121_183657,2211,0.24609375,syndrome_consistent,exact_correct,7,True
type2_2M_20260121_183657,2212,0.25390625,syndrome_consistent,exact_correct,5,True
type2_2M_20260121_183657,2213,0.27734375,syndrome_consistent,exact_correct,5,True
type2_2M_20260121_183657,2214,0.23828125,syndrome_consistent,exact_correct,5,True
type2_2M_20260121_183657,2215,0.2578125,syndrome_consistent,exact_correct,5,True
type2_2M_20260121_183657,2216,0.265625,syndrome_consistent,exact_correct,8,True
type2_2M_20260121_183657,2217,0.26171875,syndrome_consistent,exact_correct,5,True
type2_2M_20260121_183657,2218,0.2421875,syndrome_consistent,exact_correct,4,True
type2_2M_20260121_183657,2219,0.2578125,syndrome_consistent,exact_correct,4,True
type2_2M_20260121_183657,2220,0.24609375,syndrome_consistent,exact_correct,4,True
type2_2M_20260121_183657,2221,0.23828125,syndrome_consistent,exact_correct,4,True
type2_2M_20260121_183657,2222,0.2578125,syndrome_consistent,exact_correct,6,True
type2_2M_20260121_183657,2223,0.26171875,syndrome_consistent,exact_correct,4,True
type2_2M_20260121_183657,2224,0.265625,syndrome_consistent,exact_correct,7,True
type2_2M_20260121_183657,2225,0.24609375,syndrome_consistent,exact_correct,5,True
type2_2M_20260121_183657,2226,0.25,syndrome_consistent,exact_correct,6,True
type2_2M_20260121_183657,2227,0.2578125,syndrome_consistent,exact_correct,5,True
type2_2M_20260121_183657,2228,0.265625,syndrome_consistent,exact_correct,5,True
type2_2M_20260121_183657,2229,0.23046875,syndrome_consistent,exact_correct,5,True
type2_2M_20260121_183657,2230,0.30078125,syndrome_consistent,exact_correct,5,True
type2_2M_20260121_183657,2231,0.27734375,syndrome_consistent,exact_correct,6,True
type2_2M_20260121_183657,2232,0.25,syndrome_consistent,exact_correct,5,True
type2_2M_20260121_183657,2233,0.21875,syndrome_consistent,exact_correct,4,True
type2_2M_20260121_183657,2234,0.21875,syndrome_consistent,exact_correct,4,True
type2_2M_20260121_183657,2235,0.2109375,syndrome_consistent,exact_correct,4,True
type2_2M_20260121_183657,2236,0.296875,syndrome_consistent,exact_correct,5,True
type2_2M_20260121_183657,2237,0.24609375,syndrome_consistent,exact_correct,5,True
type2_2M_20260121_183657,2238,0.2265625,syndrome_consistent,exact_correct,4,True
type2_2M_20260121_183657,2239,0.26171875,syndrome_consistent,exact_correct,4,True
type2_2M_20260121_183657,2240,0.2734375,syndrome_consistent,exact_correct,7,True
type2_2M_20260121_183657,2241,0.23046875,syndrome_consistent,exact_correct,3,True
type2_2M_20260121_183657,2242,0.21875,syndrome_consistent,exact_correct,4,True
type2_2M_20260121_183657,2243,0.22265625,syndrome_consistent,exact_correct,4,True
type2_2M_20260121_183657,2244,0.25,syndrome_consistent,exact_correct,5,True
type2_2M_20260121_183657,2245,0.2890625,syndrome_consistent,exact_correct,4,True
type2_2M_20260121_183657,2246,0.26953125,syndrome_consistent,exact_correct,5,True
type2_2M_20260121_183657,2247,0.25,syndrome_consistent,exact_correct,5,True
type2_2M_20260121_183657,2248,0.29296875,syndrome_consistent,exact_correct,8,True
type2_2M_20260121_183657,2249,0.21484375,syndrome_consistent,exact_correct,3,True
type2_2M_20260121_183657,2250,0.28125,syndrome_consistent,exact_correct,6,True
type2_2M_20260121_183657,2251,0.25390625,syndrome_consistent,exact_correct,5,True
type2_2M_20260121_183657,2252,0.23046875,syndrome_consistent,exact_correct,5,True
type2_2M_20260121_183657,2253,0.26171875,syndrome_consistent,exact_correct,7,True
type2_2M_20260121_183657,2254,0.27734375,syndrome_consistent,exact_correct,4,True
type2_2M_20260121_183657,2255,0.25,syndrome_consistent,exact_correct,6,True
type2_2M_20260121_183657,2256,0.28515625,syndrome_consistent,exact_correct,5,True
type2_2M_20260121_183657,2257,0.24609375,syndrome_consistent,exact_correct,6,True
type2_2M_20260121_183657,2258,0.21875,syndrome_consistent,exact_correct,4,True
type2_2M_20260121_183657,2259,0.1875,syndrome_consistent,exact_correct,2,True
type2_2M_20260121_183657,2260,0.27734375,syndrome_consistent,exact_correct,5,True
type2_2M_20260121_183657,2261,0.296875,syndrome_consistent,exact_correct,5,True
type2_2M_20260121_183657,2262,0.26171875,syndrome_consistent,exact_correct,6,True
type2_2M_20260121_183657,2263,0.27734375,syndrome_consistent,exact_correct,5,True
type2_2M_20260121_183657,2264,0.25390625,syndrome_consistent,exact_correct,4,True
type2_2M_20260121_183657,2265,0.31640625,syndrome_consistent,exact_correct,6,True
type2_2M_20260121_183657,2266,0.27734375,decode_failed,iteration_limit,100,False
type2_2M_20260121_183657,2267,0.30078125,syndrome_consistent,exact_correct,6,True
type2_2M_20260121_183657,2268,0.2890625,syndrome_consistent,exact_correct,8,True
type2_2M_20260121_183657,2269,0.26953125,syndrome_consistent,exact_correct,5,True
type2_2M_20260121_183657,2270,0.29296875,syndrome_consistent,exact_correct,8,True
type2_2M_20260121_183657,2271,0.2578125,syndrome_consistent,exact_correct,5,True
type2_2M_20260121_183657,2272,0.25,syndrome_consistent,exact_correct,4,True
type2_2M_20260121_183657,2273,0.26953125,syndrome_consistent,exact_correct,8,True
type2_2M_20260121_183657,2274,0.26953125,syndrome_consistent,exact_correct,6,True
type2_2M_20260121_183657,2275,0.265625,syndrome_consistent,exact_correct,6,True
type2_2M_20260121_183657,2276,0.2265625,syndrome_consistent,exact_correct,3,True
type2_2M_20260121_183657,2277,0.30078125,syndrome_consistent,exact_correct,5,True
type2_2M_20260121_183657,2278,0.296875,decode_failed,iteration_limit,100,False
type2_2M_20260121_183657,2279,0.26171875,syndrome_consistent,exact_correct,6,True
type2_1p5M_20260121_183806,1730,0.234375,syndrome_consistent,exact_correct,6,True
type2_1p5M_20260121_183806,1731,0.25,syndrome_consistent,exact_correct,7,True
type2_1p5M_20260121_183806,1732,0.25,syndrome_consistent,exact_correct,8,True
type2_1p5M_20260121_183806,1733,0.27734375,syndrome_consistent,exact_correct,5,True
type2_1p5M_20260121_183806,1734,0.22265625,syndrome_consistent,exact_correct,5,True
type2_1p5M_20260121_183806,1735,0.23828125,syndrome_consistent,exact_correct,5,True
type2_1p5M_20260121_183806,1736,0.265625,syndrome_consistent,exact_correct,6,True
type2_1p5M_20260121_183806,1737,0.23828125,syndrome_consistent,exact_correct,6,True
type2_1p5M_20260121_183806,1738,0.2578125,syndrome_consistent,exact_correct,5,True
type2_1p5M_20260121_183806,1739,0.25,syndrome_consistent,exact_correct,5,True
type2_1p5M_20260121_183806,1740,0.265625,syndrome_consistent,exact_correct,3,True
type2_1p5M_20260121_183806,1741,0.234375,syndrome_consistent,exact_correct,5,True
type2_1p5M_20260121_183806,1742,0.25390625,syndrome_consistent,exact_correct,5,True
type2_1p5M_20260121_183806,1743,0.28515625,syndrome_consistent,exact_correct,4,True
type2_1p5M_20260121_183806,1744,0.23828125,syndrome_consistent,exact_correct,4,True
type2_1p5M_20260121_183806,1745,0.265625,syndrome_consistent,exact_correct,7,True
type2_1p5M_20260121_183806,1746,0.296875,syndrome_consistent,exact_correct,9,True
type2_1p5M_20260121_183806,1747,0.27734375,syndrome_consistent,exact_correct,6,True
type2_1p5M_20260121_183806,1748,0.23046875,syndrome_consistent,exact_correct,5,True
type2_1p5M_20260121_183806,1749,0.1875,syndrome_consistent,exact_correct,4,True
type2_1p5M_20260121_183806,1750,0.21484375,syndrome_consistent,exact_correct,4,True
type2_1p5M_20260121_183806,1751,0.23828125,syndrome_consistent,exact_correct,5,True
type2_1p5M_20260121_183806,1752,0.24609375,syndrome_consistent,exact_correct,3,True
type2_1p5M_20260121_183806,1753,0.24609375,syndrome_consistent,exact_correct,5,True
type2_1p5M_20260121_183806,1754,0.2421875,syndrome_consistent,exact_correct,4,True
type2_1p5M_20260121_183806,1755,0.27734375,syndrome_consistent,exact_correct,10,True
type2_1p5M_20260121_183806,1756,0.2578125,syndrome_consistent,exact_correct,4,True
type2_1p5M_20260121_183806,1757,0.265625,syndrome_consistent,exact_correct,5,True
type2_1p5M_20260121_183806,1758,0.2578125,syndrome_consistent,exact_correct,6,True
type2_1p5M_20260121_183806,1759,0.2734375,syndrome_consistent,exact_correct,4,True
type2_1p5M_20260121_183806,1760,0.2578125,syndrome_consistent,exact_correct,4,True
type2_1p5M_20260121_183806,1761,0.25,syndrome_consistent,exact_correct,4,True
type2_1p5M_20260121_183806,1762,0.25390625,syndrome_consistent,exact_correct,4,True
type2_1p5M_20260121_183806,1763,0.2421875,syndrome_consistent,exact_correct,5,True
type2_1p5M_20260121_183806,1764,0.26953125,syndrome_consistent,exact_correct,4,True
type2_1p5M_20260121_183806,1765,0.2578125,syndrome_consistent,exact_correct,4,True
type2_1p5M_20260121_183806,1766,0.22265625,syndrome_consistent,exact_correct,4,True
type2_1p5M_20260121_183806,1767,0.24609375,syndrome_consistent,exact_correct,6,True
type2_1p5M_20260121_183806,1768,0.21484375,syndrome_consistent,exact_correct,4,True
type2_1p5M_20260121_183806,1769,0.234375,syndrome_consistent,exact_correct,6,True
type2_1p5M_20260121_183806,1770,0.26171875,syndrome_consistent,exact_correct,4,True
type2_1p5M_20260121_183806,1771,0.23046875,syndrome_consistent,exact_correct,5,True
type2_1p5M_20260121_183806,1772,0.21875,syndrome_consistent,exact_correct,5,True
type2_1p5M_20260121_183806,1773,0.26953125,syndrome_consistent,exact_correct,4,True
type2_1p5M_20260121_183806,1774,0.2421875,syndrome_consistent,exact_correct,4,True
type2_1p5M_20260121_183806,1775,0.2578125,syndrome_consistent,exact_correct,6,True
type2_1p5M_20260121_183806,1776,0.25,syndrome_consistent,exact_correct,4,True
type2_1p5M_20260121_183806,1777,0.21484375,syndrome_consistent,exact_correct,4,True
type2_1p5M_20260121_183806,1778,0.26953125,syndrome_consistent,exact_correct,4,True
type2_1p5M_20260121_183806,1779,0.27734375,syndrome_consistent,exact_correct,4,True
type2_1p5M_20260121_183806,1780,0.265625,syndrome_consistent,exact_correct,4,True
type2_1p5M_20260121_183806,1781,0.28125,syndrome_consistent,exact_correct,8,True
type2_1p5M_20260121_183806,1782,0.19921875,syndrome_consistent,exact_correct,4,True
type2_1p5M_20260121_183806,1783,0.2890625,syndrome_consistent,exact_correct,5,True
type2_1p5M_20260121_183806,1784,0.2578125,syndrome_consistent,exact_correct,5,True
type2_1p5M_20260121_183806,1785,0.30078125,syndrome_consistent,exact_correct,5,True
type2_1p5M_20260121_183806,1786,0.22265625,syndrome_consistent,exact_correct,4,True
type2_1p5M_20260121_183806,1787,0.24609375,syndrome_consistent,exact_correct,4,True
type2_1p5M_20260121_183806,1788,0.25390625,syndrome_consistent,exact_correct,5,True
type2_1p5M_20260121_183806,1789,0.2578125,syndrome_consistent,exact_correct,6,True
type2_1p5M_20260121_183806,1790,0.25390625,syndrome_consistent,exact_correct,6,True
type2_1p5M_20260121_183806,1791,0.265625,syndrome_consistent,exact_correct,5,True
type2_1p5M_20260121_183806,1792,0.2421875,syndrome_consistent,exact_correct,3,True
type2_1p5M_20260121_183806,1793,0.2265625,syndrome_consistent,exact_correct,7,True
type2_1p5M_20260121_183806,1794,0.27734375,syndrome_consistent,exact_correct,6,True
type2_1p5M_20260121_183806,1795,0.2421875,syndrome_consistent,exact_correct,9,True
type2_1p5M_20260121_183806,1796,0.27734375,syndrome_consistent,exact_correct,5,True
type2_1p5M_20260121_183806,1797,0.2421875,syndrome_consistent,exact_correct,4,True
type2_1p5M_20260121_183806,1798,0.23828125,syndrome_consistent,exact_correct,4,True
type2_1p5M_20260121_183806,1799,0.234375,syndrome_consistent,exact_correct,4,True
type2_1p5M_20260121_183806,1800,0.2421875,syndrome_consistent,exact_correct,3,True
type2_1p5M_20260121_183806,1801,0.25390625,syndrome_consistent,exact_correct,5,True
type2_1p5M_20260121_183806,1802,0.27734375,syndrome_consistent,exact_correct,7,True
type2_1p5M_20260121_183806,1803,0.2421875,syndrome_consistent,exact_correct,5,True
type2_1p5M_20260121_183806,1804,0.2578125,syndrome_consistent,exact_correct,4,True
type2_1p5M_20260121_183806,1805,0.25390625,syndrome_consistent,exact_correct,3,True
type2_1p5M_20260121_183806,1806,0.29296875,syndrome_consistent,exact_correct,4,True
type2_1p5M_20260121_183806,1807,0.265625,syndrome_consistent,exact_correct,4,True
type2_1p5M_20260121_183806,1808,0.25390625,syndrome_consistent,exact_correct,4,True
type2_1p5M_20260121_183806,1809,0.2734375,syndrome_consistent,exact_correct,5,True
type2_1p5M_20260121_183806,1810,0.203125,syndrome_consistent,exact_correct,4,True
type2_1p5M_20260121_183806,1811,0.2734375,syndrome_consistent,exact_correct,7,True
type2_1p5M_20260121_183806,1812,0.24609375,syndrome_consistent,exact_correct,4,True
type2_1p5M_20260121_183806,1813,0.234375,syndrome_consistent,exact_correct,4,True
type2_1p5M_20260121_183806,1814,0.26953125,syndrome_consistent,exact_correct,4,True
type2_1p5M_20260121_183806,1815,0.21875,syndrome_consistent,exact_correct,5,True
type2_1p5M_20260121_183806,1816,0.2265625,syndrome_consistent,exact_correct,5,True
type2_1p5M_20260121_183806,1817,0.2734375,syndrome_consistent,exact_correct,4,True
type2_1p5M_20260121_183806,1818,0.21484375,syndrome_consistent,exact_correct,4,True
type2_1p5M_20260121_183806,1819,0.2890625,syndrome_consistent,exact_correct,8,True
type2_1p5M_20260121_183806,1820,0.25390625,syndrome_consistent,exact_correct,5,True
type2_1p5M_20260121_183806,1821,0.26171875,syndrome_consistent,exact_correct,5,True
type2_1p5M_20260121_183806,1822,0.27734375,syndrome_consistent,exact_correct,6,True
type2_1p5M_20260121_183806,1823,0.25390625,syndrome_consistent,exact_correct,4,True
type2_1p5M_20260121_183806,1824,0.28125,syndrome_consistent,exact_correct,8,True
type2_1p5M_20260121_183806,1825,0.2421875,syndrome_consistent,exact_correct,5,True
type2_1p5M_20260121_183806,1826,0.2265625,syndrome_consistent,exact_correct,4,True
type2_1p5M_20260121_183806,1827,0.30078125,syndrome_consistent,exact_correct,10,True
type2_1p5M_20260121_183806,1828,0.25,syndrome_consistent,exact_correct,5,True
type2_1p5M_20260121_183806,1829,0.25390625,syndrome_consistent,exact_correct,6,True
type2_1p5M_20260121_183806,1830,0.27734375,syndrome_consistent,exact_correct,7,True
type2_1p5M_20260121_183806,1831,0.27734375,syndrome_consistent,exact_correct,7,True
type2_1p5M_20260121_183806,1832,0.23828125,syndrome_consistent,exact_correct,4,True
type2_1p5M_20260121_183806,1833,0.23828125,syndrome_consistent,exact_correct,7,True
type2_1p5M_20260121_183806,1834,0.2578125,syndrome_consistent,exact_correct,5,True
type2_1p5M_20260121_183806,1835,0.2734375,syndrome_consistent,exact_correct,6,True
type2_1p5M_20260121_183806,1836,0.26171875,syndrome_consistent,exact_correct,6,True
type2_1p5M_20260121_183806,1837,0.24609375,syndrome_consistent,exact_correct,6,True
type2_1p5M_20260121_183806,1838,0.27734375,syndrome_consistent,exact_correct,6,True
type2_1p5M_20260121_183806,1839,0.23828125,syndrome_consistent,exact_correct,4,True
type2_1p5M_20260121_183806,1840,0.265625,decode_failed,iteration_limit,100,False
type2_1p5M_20260121_183806,1841,0.2734375,syndrome_consistent,exact_correct,6,True
type2_1p5M_20260121_183806,1842,0.26953125,syndrome_consistent,exact_correct,4,True
type2_1p5M_20260121_183806,1843,0.2890625,syndrome_consistent,exact_correct,8,True
type2_1p5M_20260121_183806,1844,0.30078125,syndrome_consistent,exact_correct,6,True
type2_1p5M_20260121_183806,1845,0.26953125,syndrome_consistent,exact_correct,6,True
type2_1p5M_20260121_183806,1846,0.1875,syndrome_consistent,exact_correct,3,True
type2_1p5M_20260121_183806,1847,0.24609375,syndrome_consistent,exact_correct,3,True
type2_1p5M_20260121_183806,1848,0.23828125,syndrome_consistent,exact_correct,5,True
type2_1p5M_20260121_183806,1849,0.26171875,syndrome_consistent,exact_correct,7,True
type2_1p5M_20260121_183806,1850,0.22265625,syndrome_consistent,exact_correct,4,True
type2_1p5M_20260121_183806,1851,0.21875,syndrome_consistent,exact_correct,5,True
type2_1p5M_20260121_183806,1852,0.20703125,syndrome_consistent,exact_correct,4,True
type2_1p5M_20260121_183806,1853,0.26171875,syndrome_consistent,exact_correct,5,True
type2_1p5M_20260121_183806,1854,0.21875,syndrome_consistent,exact_correct,6,True
type2_1p5M_20260121_183806,1855,0.25390625,syndrome_consistent,exact_correct,4,True
type2_1p5M_20260121_183806,1856,0.234375,syndrome_consistent,exact_correct,4,True
type2_1p5M_20260121_183806,1857,0.21875,syndrome_consistent,exact_correct,5,True
type2_1p5M_20260121_183806,1858,0.25,syndrome_consistent,exact_correct,5,True
type2_1p5M_20260121_183806,1859,0.25390625,syndrome_consistent,exact_correct,5,True
type2_1p5M_20260121_183806,1860,0.3046875,syndrome_consistent,exact_correct,6,True
type2_1p5M_20260121_183806,1861,0.20703125,syndrome_consistent,exact_correct,4,True
type2_1p5M_20260121_183806,1862,0.25390625,syndrome_consistent,exact_correct,5,True
type2_1p5M_20260121_183806,1863,0.25390625,syndrome_consistent,exact_correct,4,True
type2_1p5M_20260121_183806,1864,0.234375,syndrome_consistent,exact_correct,3,True
type2_1p5M_20260121_183806,1865,0.21875,syndrome_consistent,exact_correct,5,True
type2_1p5M_20260121_183806,1866,0.2890625,syndrome_consistent,exact_correct,6,True
type2_1p5M_20260121_183806,1867,0.265625,syndrome_consistent,exact_correct,4,True
type2_1p5M_20260121_183806,1868,0.24609375,syndrome_consistent,exact_correct,4,True
type2_1p5M_20260121_183806,1869,0.23046875,syndrome_consistent,exact_correct,4,True
type2_1p5M_20260121_183806,1870,0.234375,syndrome_consistent,exact_correct,6,True
type2_1p5M_20260121_183806,1871,0.2578125,syndrome_consistent,exact_correct,5,True
type2_1p5M_20260121_183806,1872,0.26171875,syndrome_consistent,exact_correct,6,True
type2_1p5M_20260121_183806,1873,0.25,syndrome_consistent,exact_correct,7,True
type2_1p5M_20260121_183806,1874,0.265625,syndrome_consistent,exact_correct,5,True
type2_1p5M_20260121_183806,1875,0.265625,syndrome_consistent,exact_correct,4,True
type2_1p5M_20260121_183806,1876,0.25,syndrome_consistent,exact_correct,7,True
type2_1p5M_20260121_183806,1877,0.25390625,syndrome_consistent,exact_correct,9,True
type2_1p5M_20260121_183806,1878,0.33203125,syndrome_consistent,exact_correct,6,True
type2_1p5M_20260121_183806,1879,0.23828125,syndrome_consistent,exact_correct,5,True
type2_1p5M_20260121_183806,1880,0.25,syndrome_consistent,exact_correct,5,True
type2_1p5M_20260121_183806,1881,0.203125,syndrome_consistent,exact_correct,5,True
type2_1p5M_20260121_183806,1882,0.23828125,syndrome_consistent,exact_correct,8,True
type2_1p5M_20260121_183806,1883,0.28125,syndrome_consistent,exact_correct,4,True
type2_1p5M_20260121_183806,1884,0.28515625,syndrome_consistent,exact_correct,5,True
type2_1p5M_20260121_183806,1885,0.30078125,syndrome_consistent,exact_correct,6,True
type2_1p5M_20260121_183806,1886,0.1953125,syndrome_consistent,exact_correct,3,True
type2_1p5M_20260121_183806,1887,0.2578125,syndrome_consistent,exact_correct,5,True
type2_1p5M_20260121_183806,1888,0.265625,syndrome_consistent,exact_correct,5,True
type2_1p5M_20260121_183806,1889,0.2734375,syndrome_consistent,exact_correct,4,True
type2_1p5M_20260121_183806,1890,0.23046875,decode_failed,iteration_limit,100,False
type2_1p5M_20260121_183806,1891,0.25390625,syndrome_consistent,exact_correct,10,True
type2_1p5M_20260121_183806,1892,0.25390625,syndrome_consistent,exact_correct,6,True
type2_1p5M_20260121_183806,1893,0.28125,syndrome_consistent,exact_correct,6,True
type2_1p5M_20260121_183806,1894,0.2265625,syndrome_consistent,exact_correct,5,True
type2_1p5M_20260121_183806,1895,0.234375,syndrome_consistent,exact_correct,6,True
type2_1p5M_20260121_183806,1896,0.26171875,syndrome_consistent,exact_correct,5,True
type2_1p5M_20260121_183806,1897,0.25390625,syndrome_consistent,exact_correct,4,True
type2_1p5M_20260121_183806,1898,0.22265625,syndrome_consistent,exact_correct,4,True
type2_1p5M_20260121_183806,1899,0.2265625,syndrome_consistent,exact_correct,4,True
type2_1p5M_20260121_183806,1900,0.23828125,syndrome_consistent,exact_correct,5,True
type2_1p5M_20260121_183806,1901,0.25,syndrome_consistent,exact_correct,6,True
type2_1p5M_20260121_183806,1902,0.27734375,syndrome_consistent,exact_correct,5,True
type2_1p5M_20260121_183806,1903,0.29296875,syndrome_consistent,exact_correct,7,True
type2_1p5M_20260121_183806,1904,0.21875,syndrome_consistent,exact_correct,3,True
type2_1p5M_20260121_183806,1905,0.30078125,syndrome_consistent,exact_correct,6,True
type2_1p5M_20260121_183806,1906,0.23828125,syndrome_consistent,exact_correct,5,True
type2_1p5M_20260121_183806,1907,0.25,syndrome_consistent,exact_correct,3,True
type2_1p5M_20260121_183806,1908,0.2265625,syndrome_consistent,exact_correct,4,True
type2_1p5M_20260121_183806,1909,0.2578125,syndrome_consistent,exact_correct,3,True
type2_1p5M_20260121_183806,1910,0.26171875,syndrome_consistent,exact_correct,4,True
type2_1p5M_20260121_183806,1911,0.26171875,syndrome_consistent,exact_correct,5,True
type2_1p5M_20260121_183806,1912,0.30859375,syndrome_consistent,exact_correct,6,True
type2_1p5M_20260121_183806,1913,0.2578125,syndrome_consistent,exact_correct,5,True
type2_1p5M_20260121_183806,1914,0.2734375,syndrome_consistent,exact_correct,6,True
type2_1p5M_20260121_183806,1915,0.25,syndrome_consistent,exact_correct,4,True
type2_1p5M_20260121_183806,1916,0.2734375,syndrome_consistent,exact_correct,6,True
type2_1p5M_20260121_183806,1917,0.2890625,syndrome_consistent,exact_correct,6,True
type2_1p5M_20260121_183806,1918,0.20703125,syndrome_consistent,exact_correct,3,True
type2_1p5M_20260121_183806,1919,0.23828125,syndrome_consistent,exact_correct,4,True
type2_1p5M_20260121_183806,1920,0.28125,syndrome_consistent,exact_correct,4,True
type2_1p5M_20260121_183806,1921,0.296875,syndrome_consistent,exact_correct,5,True
type2_1p5M_20260121_183806,1922,0.25390625,syndrome_consistent,exact_correct,7,True
type2_1p5M_20260121_183806,1923,0.2578125,syndrome_consistent,exact_correct,6,True
type2_1p5M_20260121_183806,1924,0.26953125,syndrome_consistent,exact_correct,6,True
type2_1p5M_20260121_183806,1925,0.24609375,syndrome_consistent,exact_correct,5,True
type2_1p5M_20260121_183806,1926,0.26953125,syndrome_consistent,exact_correct,7,True
type2_1p5M_20260121_183806,1927,0.265625,syndrome_consistent,exact_correct,6,True
type2_1p5M_20260121_183806,1928,0.2421875,syndrome_consistent,exact_correct,4,True
type2_1p5M_20260121_183806,1929,0.26171875,syndrome_consistent,exact_correct,9,True
type2_1p5M_20260121_183806,1930,0.2109375,syndrome_consistent,exact_correct,4,True
type2_1p5M_20260121_183806,1931,0.26953125,syndrome_consistent,exact_correct,4,True
type2_1p5M_20260121_183806,1932,0.24609375,syndrome_consistent,exact_correct,4,True
type2_1p5M_20260121_183806,1933,0.2734375,syndrome_consistent,exact_correct,5,True
type2_1p5M_20260121_183806,1934,0.2734375,syndrome_consistent,exact_correct,6,True
type2_1p5M_20260121_183806,1935,0.2109375,syndrome_consistent,exact_correct,4,True
type2_1p5M_20260121_183806,1936,0.2578125,syndrome_consistent,exact_correct,4,True
type2_1p5M_20260121_183806,1937,0.21875,syndrome_consistent,exact_correct,6,True
type2_1p5M_20260121_183806,1938,0.26171875,syndrome_consistent,exact_correct,4,True
type2_1p5M_20260121_183806,1939,0.2421875,syndrome_consistent,exact_correct,3,True
type2_1p5M_20260121_183806,1940,0.2421875,syndrome_consistent,exact_correct,5,True
type2_1p5M_20260121_183806,1941,0.25390625,syndrome_consistent,exact_correct,5,True
type2_1p5M_20260121_183806,1942,0.26171875,syndrome_consistent,exact_correct,6,True
type2_1p5M_20260121_183806,1943,0.3046875,syndrome_consistent,exact_correct,5,True
type2_1p5M_20260121_183806,1944,0.265625,syndrome_consistent,exact_correct,4,True
type2_1p5M_20260121_183806,1945,0.2578125,syndrome_consistent,exact_correct,5,True
type2_1p5M_20260121_183806,1946,0.2890625,syndrome_consistent,exact_correct,5,True
type2_1p5M_20260121_183806,1947,0.234375,syndrome_consistent,exact_correct,7,True
type2_1p5M_20260121_183806,1948,0.32421875,syndrome_consistent,exact_correct,8,True
type2_1p5M_20260121_183806,1949,0.24609375,syndrome_consistent,exact_correct,5,True
type2_1p5M_20260121_183806,1950,0.29296875,syndrome_consistent,exact_correct,8,True
type2_1p5M_20260121_183806,1951,0.21875,syndrome_consistent,exact_correct,3,True
type2_1p5M_20260121_183806,1952,0.20703125,syndrome_consistent,exact_correct,4,True
type2_1p5M_20260121_183806,1953,0.25,syndrome_consistent,exact_correct,6,True
type2_1p5M_20260121_183806,1954,0.265625,syndrome_consistent,exact_correct,4,True
type2_1p5M_20260121_183806,1955,0.2734375,syndrome_consistent,exact_correct,6,True
type2_1p5M_20260121_183806,1956,0.29296875,syndrome_consistent,exact_correct,6,True
type2_1p5M_20260121_183806,1957,0.24609375,syndrome_consistent,exact_correct,5,True
type2_1p5M_20260121_183806,1958,0.28125,syndrome_consistent,exact_correct,4,True
type2_1p5M_20260121_183806,1959,0.2421875,syndrome_consistent,exact_correct,4,True
type2_1p5M_20260121_183806,1960,0.2578125,syndrome_consistent,exact_correct,4,True
type2_1p5M_20260121_183806,1961,0.2421875,syndrome_consistent,exact_correct,5,True
type2_1p5M_20260121_183806,1962,0.28515625,syndrome_consistent,exact_correct,6,True
type2_1p5M_20260121_183806,1963,0.25390625,syndrome_consistent,exact_correct,6,True
type2_1p5M_20260121_183806,1964,0.265625,syndrome_consistent,exact_correct,8,True
type2_1p5M_20260121_183806,1965,0.25390625,syndrome_consistent,exact_correct,4,True
type2_1p5M_20260121_183806,1966,0.2890625,syndrome_consistent,exact_correct,8,True
type2_1p5M_20260121_183806,1967,0.26953125,syndrome_consistent,exact_correct,5,True
type2_1p5M_20260121_183806,1968,0.28515625,syndrome_consistent,exact_correct,4,True
type2_1p5M_20260121_183806,1969,0.24609375,syndrome_consistent,exact_correct,6,True
type2_1p5M_20260121_183806,1970,0.21484375,syndrome_consistent,exact_correct,7,True
type2_1p5M_20260121_183806,1971,0.2734375,syndrome_consistent,exact_correct,6,True
type2_1p5M_20260121_183806,1972,0.296875,syndrome_consistent,exact_correct,5,True
type2_1p5M_20260121_183806,1973,0.27734375,syndrome_consistent,exact_correct,5,True
type2_1p5M_20260121_183806,1974,0.26953125,syndrome_consistent,exact_correct,5,True
type2_1p5M_20260121_183806,1975,0.25,syndrome_consistent,exact_correct,4,True
type2_1p5M_20260121_183806,1976,0.26953125,syndrome_consistent,exact_correct,8,True
type2_1p5M_20260121_183806,1977,0.26171875,syndrome_consistent,exact_correct,4,True
type2_1p5M_20260121_183806,1978,0.2578125,syndrome_consistent,exact_correct,6,True
type2_1p5M_20260121_183806,1979,0.31640625,syndrome_consistent,exact_correct,6,True
type2_1p5M_20260121_183806,1980,0.23046875,syndrome_consistent,exact_correct,4,True
type2_1p5M_20260121_183806,1981,0.21875,syndrome_consistent,exact_correct,4,True
type2_1p5M_20260121_183806,1982,0.26953125,syndrome_consistent,exact_correct,5,True
type2_1p5M_20260121_183806,1983,0.29296875,syndrome_consistent,exact_correct,9,True
type2_1p5M_20260121_183806,1984,0.24609375,syndrome_consistent,exact_correct,6,True
type2_1p5M_20260121_183806,1985,0.26171875,syndrome_consistent,exact_correct,7,True
type2_1p5M_20260121_183806,1986,0.24609375,syndrome_consistent,exact_correct,4,True
type2_1p5M_20260121_183806,1987,0.25390625,syndrome_consistent,exact_correct,4,True
type2_1p5M_20260121_183806,1988,0.24609375,syndrome_consistent,exact_correct,5,True
type2_1p5M_20260121_183806,1989,0.31640625,syndrome_consistent,exact_correct,7,True
type2_1p5M_20260121_183806,1990,0.23828125,syndrome_consistent,exact_correct,4,True
type2_1p5M_20260121_183806,1991,0.25,syndrome_consistent,exact_correct,7,True
type2_1p5M_20260121_183806,1992,0.24609375,syndrome_consistent,exact_correct,4,True
type2_1p5M_20260121_183806,1993,0.25390625,syndrome_consistent,exact_correct,5,True
type2_1p5M_20260121_183806,1994,0.2578125,syndrome_consistent,exact_correct,5,True
type2_1p5M_20260121_183806,1995,0.296875,syndrome_consistent,exact_correct,4,True
type2_1p5M_20260121_183806,1996,0.3203125,syndrome_consistent,exact_correct,6,True
type2_1p5M_20260121_183806,1997,0.27734375,syndrome_consistent,exact_correct,6,True
type2_1p5M_20260121_183806,1998,0.27734375,syndrome_consistent,exact_correct,7,True
type2_1p5M_20260121_183806,1999,0.19921875,syndrome_consistent,exact_correct,3,True
type2_1p5M_20260121_183806,2000,0.2578125,syndrome_consistent,exact_correct,4,True
type2_1p5M_20260121_183806,2001,0.25,syndrome_consistent,exact_correct,5,True
type2_1p5M_20260121_183806,2002,0.234375,syndrome_consistent,exact_correct,5,True
type2_1p5M_20260121_183806,2003,0.22265625,syndrome_consistent,exact_correct,4,True
type2_1p5M_20260121_183806,2004,0.234375,syndrome_consistent,exact_correct,4,True
type2_1p5M_20260121_183806,2005,0.25390625,syndrome_consistent,exact_correct,5,True
type2_1p5M_20260121_183806,2006,0.27734375,syndrome_consistent,exact_correct,5,True
type2_1p5M_20260121_183806,2007,0.23828125,syndrome_consistent,exact_correct,9,True
type2_1p5M_20260121_183806,2008,0.26171875,syndrome_consistent,exact_correct,4,True
type2_1p5M_20260121_183806,2009,0.22265625,syndrome_consistent,exact_correct,5,True
type2_1p5M_20260121_183806,2010,0.25,syndrome_consistent,exact_correct,5,True
type2_1p5M_20260121_183806,2011,0.22265625,syndrome_consistent,exact_correct,6,True
type2_1p5M_20260121_183806,2012,0.2578125,syndrome_consistent,exact_correct,7,True
type2_1p5M_20260121_183806,2013,0.2421875,syndrome_consistent,exact_correct,6,True
type2_1p5M_20260121_183806,2014,0.30859375,syndrome_consistent,exact_correct,5,True
type2_1p5M_20260121_183806,2015,0.265625,syndrome_consistent,exact_correct,6,True
type2_1p5M_20260121_183806,2016,0.19921875,syndrome_consistent,exact_correct,4,True
type2_1p5M_20260121_183806,2017,0.26953125,syndrome_consistent,exact_correct,4,True
type2_1p5M_20260121_183806,2018,0.2734375,syndrome_consistent,exact_correct,8,True
type2_1p5M_20260121_183806,2019,0.24609375,syndrome_consistent,exact_correct,5,True
type2_1p5M_20260121_183806,2020,0.25390625,syndrome_consistent,exact_correct,5,True
type2_1p5M_20260121_183806,2021,0.23828125,syndrome_consistent,exact_correct,5,True
type2_1p5M_20260121_183806,2022,0.2578125,syndrome_consistent,exact_correct,5,True
type2_1p5M_20260121_183806,2023,0.25,syndrome_consistent,exact_correct,7,True
type2_1p5M_20260121_183806,2024,0.23046875,syndrome_consistent,exact_correct,4,True
type2_1p5M_20260121_183806,2025,0.26953125,syndrome_consistent,exact_correct,6,True
type2_1p5M_20260121_183806,2026,0.29296875,syndrome_consistent,exact_correct,14,True
type2_1p5M_20260121_183806,2027,0.26953125,syndrome_consistent,exact_correct,6,True
type2_1p5M_20260121_183806,2028,0.27734375,syndrome_consistent,exact_correct,5,True
type2_1p5M_20260121_183806,2029,0.32421875,syndrome_consistent,exact_correct,10,True
type2_1p5M_20260121_183806,2030,0.29296875,syndrome_consistent,exact_correct,4,True
type2_1p5M_20260121_183806,2031,0.2578125,syndrome_consistent,exact_correct,5,True
type2_1p5M_20260121_183806,2032,0.24609375,syndrome_consistent,exact_correct,5,True
type2_1p5M_20260121_183806,2033,0.2734375,syndrome_consistent,exact_correct,4,True
type2_1p5M_20260121_183806,2034,0.2578125,syndrome_consistent,exact_correct,4,True
type2_1p5M_20260121_183806,2035,0.28125,syndrome_consistent,exact_correct,6,True
type2_1p5M_20260121_183806,2036,0.25,syndrome_consistent,exact_correct,5,True
type2_1p5M_20260121_183806,2037,0.27734375,syndrome_consistent,exact_correct,6,True
type2_1p5M_20260121_183806,2038,0.23828125,syndrome_consistent,exact_correct,6,True
type2_1p5M_20260121_183806,2039,0.234375,syndrome_consistent,exact_correct,5,True
type2_1p5M_20260121_183806,2040,0.22265625,syndrome_consistent,exact_correct,4,True
type2_1p5M_20260121_183806,2041,0.27734375,syndrome_consistent,exact_correct,4,True
type2_1p5M_20260121_183806,2042,0.2734375,syndrome_consistent,exact_correct,5,True
type2_1p5M_20260121_183806,2043,0.26953125,syndrome_consistent,exact_correct,5,True
type2_1p5M_20260121_183806,2044,0.30078125,syndrome_consistent,exact_correct,7,True
type2_1p5M_20260121_183806,2045,0.2265625,syndrome_consistent,exact_correct,4,True
type2_1p5M_20260121_183806,2046,0.2578125,syndrome_consistent,exact_correct,4,True
type2_1p5M_20260121_183806,2047,0.28125,syndrome_consistent,exact_correct,7,True
type2_1p5M_20260121_183806,2048,0.28515625,syndrome_consistent,exact_correct,5,True
type2_1p5M_20260121_183806,2049,0.2890625,syndrome_consistent,exact_correct,6,True
type2_1p5M_20260121_183806,2050,0.2578125,syndrome_consistent,exact_correct,5,True
type2_1p5M_20260121_183806,2051,0.21484375,syndrome_consistent,exact_correct,4,True
type2_1p5M_20260121_183806,2052,0.2578125,syndrome_consistent,exact_correct,6,True
type2_1p5M_20260121_183806,2053,0.3359375,syndrome_consistent,exact_correct,8,True
type2_1p5M_20260121_183806,2054,0.234375,syndrome_consistent,exact_correct,4,True
type2_1p5M_20260121_183806,2055,0.265625,syndrome_consistent,exact_correct,6,True
type2_1p5M_20260121_183806,2056,0.22265625,syndrome_consistent,exact_correct,4,True
type2_1p5M_20260121_183806,2057,0.26953125,syndrome_consistent,exact_correct,5,True
type2_1p5M_20260121_183806,2058,0.3125,syndrome_consistent,exact_correct,7,True
type2_1p5M_20260121_183806,2059,0.1953125,syndrome_consistent,exact_correct,5,True
type2_1p5M_20260121_183806,2060,0.203125,syndrome_consistent,exact_correct,4,True
type2_1p5M_20260121_183806,2061,0.2421875,syndrome_consistent,exact_correct,5,True
type2_1p5M_20260121_183806,2062,0.234375,syndrome_consistent,exact_correct,5,True
type2_1p5M_20260121_183806,2063,0.25390625,syndrome_consistent,exact_correct,7,True
type2_1p5M_20260121_183806,2064,0.25,syndrome_consistent,exact_correct,4,True
type2_1p5M_20260121_183806,2065,0.26953125,syndrome_consistent,exact_correct,4,True
type2_1p5M_20260121_183806,2066,0.2578125,syndrome_consistent,exact_correct,6,True
type2_1p5M_20260121_183806,2067,0.2421875,syndrome_consistent,exact_correct,4,True
type2_1p5M_20260121_183806,2068,0.23046875,syndrome_consistent,exact_correct,4,True
type2_1p5M_20260121_183806,2069,0.265625,syndrome_consistent,exact_correct,5,True
type2_1p5M_20260121_183806,2070,0.29296875,syndrome_consistent,exact_correct,7,True
type2_1p5M_20260121_183806,2071,0.25390625,syndrome_consistent,exact_correct,8,True
type2_1p5M_20260121_183806,2072,0.23828125,syndrome_consistent,exact_correct,7,True
type2_1p5M_20260121_183806,2073,0.2734375,syndrome_consistent,exact_correct,5,True
type2_1p5M_20260121_183806,2074,0.25390625,syndrome_consistent,exact_correct,6,True
type2_1p5M_20260121_183806,2075,0.2265625,syndrome_consistent,exact_correct,4,True
type2_1M_20260121_184040,1250,0.2421875,syndrome_consistent,exact_correct,4,True
type2_1M_20260121_184040,1251,0.23828125,syndrome_consistent,exact_correct,5,True
type2_1M_20260121_184040,1252,0.26171875,syndrome_consistent,exact_correct,5,True
type2_1M_20260121_184040,1253,0.26953125,syndrome_consistent,exact_correct,4,True
type2_1M_20260121_184040,1254,0.23046875,syndrome_consistent,exact_correct,4,True
type2_1M_20260121_184040,1255,0.2109375,syndrome_consistent,exact_correct,5,True
type2_1M_20260121_184040,1256,0.25390625,syndrome_consistent,exact_correct,4,True
type2_1M_20260121_184040,1257,0.27734375,syndrome_consistent,exact_correct,6,True
type2_1M_20260121_184040,1258,0.23046875,syndrome_consistent,exact_correct,5,True
type2_1M_20260121_184040,1259,0.24609375,syndrome_consistent,exact_correct,4,True
type2_1M_20260121_184040,1260,0.23046875,syndrome_consistent,exact_correct,4,True
type2_1M_20260121_184040,1261,0.27734375,syndrome_consistent,exact_correct,6,True
type2_1M_20260121_184040,1262,0.22265625,syndrome_consistent,exact_correct,4,True
type2_1M_20260121_184040,1263,0.265625,syndrome_consistent,exact_correct,6,True
type2_1M_20260121_184040,1264,0.21875,syndrome_consistent,exact_correct,4,True
type2_1M_20260121_184040,1265,0.2109375,syndrome_consistent,exact_correct,4,True
type2_1M_20260121_184040,1266,0.25390625,syndrome_consistent,exact_correct,5,True
type2_1M_20260121_184040,1267,0.2265625,syndrome_consistent,exact_correct,7,True
type2_1M_20260121_184040,1268,0.19140625,syndrome_consistent,exact_correct,3,True
type2_1M_20260121_184040,1269,0.265625,syndrome_consistent,exact_correct,6,True
type2_1M_20260121_184040,1270,0.21484375,syndrome_consistent,exact_correct,4,True
type2_1M_20260121_184040,1271,0.2890625,syndrome_consistent,exact_correct,8,True
type2_1M_20260121_184040,1272,0.26953125,syndrome_consistent,exact_correct,8,True
type2_1M_20260121_184040,1273,0.2265625,syndrome_consistent,exact_correct,4,True
type2_1M_20260121_184040,1274,0.28125,syndrome_consistent,exact_correct,6,True
type2_1M_20260121_184040,1275,0.25,syndrome_consistent,exact_correct,7,True
type2_1M_20260121_184040,1276,0.22265625,syndrome_consistent,exact_correct,5,True
type2_1M_20260121_184040,1277,0.25390625,syndrome_consistent,exact_correct,4,True
type2_1M_20260121_184040,1278,0.234375,syndrome_consistent,exact_correct,5,True
type2_1M_20260121_184040,1279,0.203125,syndrome_consistent,exact_correct,4,True
type2_1M_20260121_184040,1280,0.2578125,syndrome_consistent,exact_correct,6,True
type2_1M_20260121_184040,1281,0.23046875,syndrome_consistent,exact_correct,5,True
type2_1M_20260121_184040,1282,0.21875,syndrome_consistent,exact_correct,5,True
type2_1M_20260121_184040,1283,0.26953125,syndrome_consistent,exact_correct,8,True
type2_1M_20260121_184040,1284,0.24609375,syndrome_consistent,exact_correct,4,True
type2_1M_20260121_184040,1285,0.23046875,syndrome_consistent,exact_correct,6,True
type2_1M_20260121_184040,1286,0.1953125,syndrome_consistent,exact_correct,5,True
type2_1M_20260121_184040,1287,0.22265625,syndrome_consistent,exact_correct,4,True
type2_1M_20260121_184040,1288,0.21875,syndrome_consistent,exact_correct,3,True
type2_1M_20260121_184040,1289,0.2109375,syndrome_consistent,exact_correct,4,True
type2_1M_20260121_184040,1290,0.21875,syndrome_consistent,exact_correct,5,True
type2_1M_20260121_184040,1291,0.23046875,syndrome_consistent,exact_correct,5,True
type2_1M_20260121_184040,1292,0.2265625,syndrome_consistent,exact_correct,5,True
type2_1M_20260121_184040,1293,0.26171875,syndrome_consistent,exact_correct,8,True
type2_1M_20260121_184040,1294,0.265625,syndrome_consistent,exact_correct,5,True
type2_1M_20260121_184040,1295,0.23046875,syndrome_consistent,exact_correct,4,True
type2_1M_20260121_184040,1296,0.265625,syndrome_consistent,exact_correct,4,True
type2_1M_20260121_184040,1297,0.28125,syndrome_consistent,exact_correct,5,True
type2_1M_20260121_184040,1298,0.2265625,syndrome_consistent,exact_correct,4,True
type2_1M_20260121_184040,1299,0.23046875,syndrome_consistent,exact_correct,5,True
type2_1M_20260121_184040,1300,0.19140625,syndrome_consistent,exact_correct,5,True
type2_1M_20260121_184040,1301,0.1640625,syndrome_consistent,exact_correct,3,True
type2_1M_20260121_184040,1302,0.2421875,syndrome_consistent,exact_correct,4,True
type2_1M_20260121_184040,1303,0.24609375,syndrome_consistent,exact_correct,5,True
type2_1M_20260121_184040,1304,0.2734375,syndrome_consistent,exact_correct,5,True
type2_1M_20260121_184040,1305,0.25390625,syndrome_consistent,exact_correct,4,True
type2_1M_20260121_184040,1306,0.22265625,syndrome_consistent,exact_correct,4,True
type2_1M_20260121_184040,1307,0.23046875,syndrome_consistent,exact_correct,4,True
type2_1M_20260121_184040,1308,0.26953125,syndrome_consistent,exact_correct,5,True
type2_1M_20260121_184040,1309,0.24609375,syndrome_consistent,exact_correct,6,True
type2_1M_20260121_184040,1310,0.21484375,syndrome_consistent,exact_correct,5,True
type2_1M_20260121_184040,1311,0.21484375,syndrome_consistent,exact_correct,4,True
type2_1M_20260121_184040,1312,0.24609375,syndrome_consistent,exact_correct,5,True
type2_1M_20260121_184040,1313,0.23828125,syndrome_consistent,exact_correct,3,True
type2_1M_20260121_184040,1314,0.28125,syndrome_consistent,exact_correct,5,True
type2_1M_20260121_184040,1315,0.26171875,syndrome_consistent,exact_correct,6,True
type2_1M_20260121_184040,1316,0.2421875,syndrome_consistent,exact_correct,6,True
type2_1M_20260121_184040,1317,0.24609375,syndrome_consistent,exact_correct,5,True
type2_1M_20260121_184040,1318,0.23046875,syndrome_consistent,exact_correct,6,True
type2_1M_20260121_184040,1319,0.21875,syndrome_consistent,exact_correct,3,True
type2_1M_20260121_184040,1320,0.29296875,syndrome_consistent,exact_correct,7,True
type2_1M_20260121_184040,1321,0.24609375,syndrome_consistent,exact_correct,5,True
type2_1M_20260121_184040,1322,0.23046875,syndrome_consistent,exact_correct,5,True
type2_1M_20260121_184040,1323,0.20703125,syndrome_consistent,exact_correct,4,True
type2_1M_20260121_184040,1324,0.26171875,syndrome_consistent,exact_correct,5,True
type2_1M_20260121_184040,1325,0.2265625,syndrome_consistent,exact_correct,5,True
type2_1M_20260121_184040,1326,0.2421875,syndrome_consistent,exact_correct,5,True
type2_1M_20260121_184040,1327,0.26953125,syndrome_consistent,exact_correct,6,True
type2_1M_20260121_184040,1328,0.2578125,syndrome_consistent,exact_correct,5,True
type2_1M_20260121_184040,1329,0.2265625,syndrome_consistent,exact_correct,4,True
type2_1M_20260121_184040,1330,0.24609375,syndrome_consistent,exact_correct,4,True
type2_1M_20260121_184040,1331,0.2578125,syndrome_consistent,exact_correct,4,True
type2_1M_20260121_184040,1332,0.21484375,syndrome_consistent,exact_correct,4,True
type2_1M_20260121_184040,1333,0.2578125,syndrome_consistent,exact_correct,4,True
type2_1M_20260121_184040,1334,0.22265625,syndrome_consistent,exact_correct,5,True
type2_1M_20260121_184040,1335,0.23046875,syndrome_consistent,exact_correct,5,True
type2_1M_20260121_184040,1336,0.27734375,syndrome_consistent,exact_correct,4,True
type2_1M_20260121_184040,1337,0.22265625,syndrome_consistent,exact_correct,6,True
type2_1M_20260121_184040,1338,0.21484375,syndrome_consistent,exact_correct,6,True
type2_1M_20260121_184040,1339,0.27734375,syndrome_consistent,exact_correct,5,True
type2_1M_20260121_184040,1340,0.26953125,syndrome_consistent,exact_correct,8,True
type2_1M_20260121_184040,1341,0.203125,syndrome_consistent,exact_correct,4,True
type2_1M_20260121_184040,1342,0.2578125,syndrome_consistent,exact_correct,5,True
type2_1M_20260121_184040,1343,0.23046875,decode_failed,iteration_limit,100,False
type2_1M_20260121_184040,1344,0.22265625,syndrome_consistent,exact_correct,4,True
type2_1M_20260121_184040,1345,0.21875,syndrome_consistent,exact_correct,4,True
type2_1M_20260121_184040,1346,0.203125,syndrome_consistent,exact_correct,6,True
type2_1M_20260121_184040,1347,0.23828125,syndrome_consistent,exact_correct,4,True
type2_1M_20260121_184040,1348,0.2734375,syndrome_consistent,exact_correct,12,True
type2_1M_20260121_184040,1349,0.3046875,syndrome_consistent,exact_correct,10,True
type2_1M_20260121_184040,1350,0.265625,syndrome_consistent,exact_correct,5,True
type2_1M_20260121_184040,1351,0.2265625,syndrome_consistent,exact_correct,3,True
type2_1M_20260121_184040,1352,0.2109375,syndrome_consistent,exact_correct,4,True
type2_1M_20260121_184040,1353,0.234375,syndrome_consistent,exact_correct,6,True
type2_1M_20260121_184040,1354,0.25390625,syndrome_consistent,exact_correct,5,True
type2_1M_20260121_184040,1355,0.203125,syndrome_consistent,exact_correct,3,True
type2_1M_20260121_184040,1356,0.203125,syndrome_consistent,exact_correct,5,True
type2_1M_20260121_184040,1357,0.20703125,syndrome_consistent,exact_correct,4,True
type2_1M_20260121_184040,1358,0.25390625,syndrome_consistent,exact_correct,6,True
type2_1M_20260121_184040,1359,0.26953125,syndrome_consistent,exact_correct,5,True
type2_1M_20260121_184040,1360,0.171875,syndrome_consistent,exact_correct,4,True
type2_1M_20260121_184040,1361,0.2109375,syndrome_consistent,exact_correct,4,True
type2_1M_20260121_184040,1362,0.2421875,syndrome_consistent,exact_correct,3,True
type2_1M_20260121_184040,1363,0.2578125,syndrome_consistent,exact_correct,3,True
type2_1M_20260121_184040,1364,0.2421875,syndrome_consistent,exact_correct,5,True
type2_1M_20260121_184040,1365,0.2578125,syndrome_consistent,exact_correct,5,True
type2_1M_20260121_184040,1366,0.25390625,syndrome_consistent,exact_correct,5,True
type2_1M_20260121_184040,1367,0.25,syndrome_consistent,exact_correct,6,True
type2_1M_20260121_184040,1368,0.2109375,syndrome_consistent,exact_correct,4,True
type2_1M_20260121_184040,1369,0.27734375,syndrome_consistent,exact_correct,6,True
type2_1M_20260121_184040,1370,0.20703125,syndrome_consistent,exact_correct,4,True
type2_1M_20260121_184040,1371,0.22265625,syndrome_consistent,exact_correct,5,True
type2_1M_20260121_184040,1372,0.2421875,syndrome_consistent,exact_correct,3,True
type2_1M_20260121_184040,1373,0.23828125,syndrome_consistent,exact_correct,3,True
type2_1M_20260121_184040,1374,0.27734375,syndrome_consistent,exact_correct,4,True
type2_1M_20260121_184040,1375,0.24609375,syndrome_consistent,exact_correct,4,True
type2_1M_20260121_184040,1376,0.2734375,syndrome_consistent,exact_correct,4,True
type2_1M_20260121_184040,1377,0.25390625,syndrome_consistent,exact_correct,4,True
type2_1M_20260121_184040,1378,0.21484375,syndrome_consistent,exact_correct,5,True
type2_1M_20260121_184040,1379,0.28125,syndrome_consistent,exact_correct,5,True
type2_1M_20260121_184040,1380,0.22265625,syndrome_consistent,exact_correct,4,True
type2_1M_20260121_184040,1381,0.234375,syndrome_consistent,exact_correct,4,True
type2_1M_20260121_184040,1382,0.28125,syndrome_consistent,exact_correct,4,True
type2_1M_20260121_184040,1383,0.19921875,syndrome_consistent,exact_correct,4,True
type2_1M_20260121_184040,1384,0.28125,syndrome_consistent,exact_correct,4,True
type2_1M_20260121_184040,1385,0.234375,syndrome_consistent,exact_correct,4,True
type2_1M_20260121_184040,1386,0.234375,syndrome_consistent,exact_correct,5,True
type2_1M_20260121_184040,1387,0.22265625,syndrome_consistent,exact_correct,5,True
type2_1M_20260121_184040,1388,0.26171875,syndrome_consistent,exact_correct,4,True
type2_1M_20260121_184040,1389,0.2109375,syndrome_consistent,exact_correct,4,True
type2_1M_20260121_184040,1390,0.23828125,syndrome_consistent,exact_correct,4,True
type2_1M_20260121_184040,1391,0.26953125,syndrome_consistent,exact_correct,6,True
type2_1M_20260121_184040,1392,0.28515625,syndrome_consistent,exact_correct,6,True
type2_1M_20260121_184040,1393,0.23046875,syndrome_consistent,exact_correct,4,True
type2_1M_20260121_184040,1394,0.22265625,syndrome_consistent,exact_correct,3,True
type2_1M_20260121_184040,1395,0.296875,syndrome_consistent,exact_correct,7,True
type2_1M_20260121_184040,1396,0.30859375,syndrome_consistent,exact_correct,5,True
type2_1M_20260121_184040,1397,0.27734375,syndrome_consistent,exact_correct,4,True
type2_1M_20260121_184040,1398,0.1953125,syndrome_consistent,exact_correct,5,True
type2_1M_20260121_184040,1399,0.26953125,syndrome_consistent,exact_correct,5,True
type2_1M_20260121_184040,1400,0.2421875,syndrome_consistent,exact_correct,4,True
type2_1M_20260121_184040,1401,0.17578125,syndrome_consistent,exact_correct,3,True
type2_1M_20260121_184040,1402,0.23046875,syndrome_consistent,exact_correct,3,True
type2_1M_20260121_184040,1403,0.24609375,syndrome_consistent,exact_correct,6,True
type2_1M_20260121_184040,1404,0.26953125,syndrome_consistent,exact_correct,5,True
type2_1M_20260121_184040,1405,0.25390625,syndrome_consistent,exact_correct,4,True
type2_1M_20260121_184040,1406,0.23046875,syndrome_consistent,exact_correct,4,True
type2_1M_20260121_184040,1407,0.25390625,syndrome_consistent,exact_correct,4,True
type2_1M_20260121_184040,1408,0.19921875,syndrome_consistent,exact_correct,3,True
type2_1M_20260121_184040,1409,0.20703125,syndrome_consistent,exact_correct,4,True
type2_1M_20260121_184040,1410,0.2265625,syndrome_consistent,exact_correct,6,True
type2_1M_20260121_184040,1411,0.21484375,syndrome_consistent,exact_correct,5,True
type2_1M_20260121_184040,1412,0.23046875,syndrome_consistent,exact_correct,3,True
type2_1M_20260121_184040,1413,0.234375,syndrome_consistent,exact_correct,4,True
type2_1M_20260121_184040,1414,0.22265625,syndrome_consistent,exact_correct,3,True
type2_1M_20260121_184040,1415,0.2109375,syndrome_consistent,exact_correct,3,True
type2_1M_20260121_184040,1416,0.2109375,syndrome_consistent,exact_correct,4,True
type2_1M_20260121_184040,1417,0.22265625,syndrome_consistent,exact_correct,7,True
type2_1M_20260121_184040,1418,0.2578125,syndrome_consistent,exact_correct,4,True
type2_1M_20260121_184040,1419,0.2578125,syndrome_consistent,exact_correct,4,True
type2_1M_20260121_184040,1420,0.2109375,syndrome_consistent,exact_correct,4,True
type2_1M_20260121_184040,1421,0.203125,syndrome_consistent,exact_correct,3,True
type2_1M_20260121_184040,1422,0.2109375,syndrome_consistent,exact_correct,3,True
type2_1M_20260121_184040,1423,0.2109375,syndrome_consistent,exact_correct,4,True
type2_1M_20260121_184040,1424,0.234375,syndrome_consistent,exact_correct,5,True
type2_1M_20260121_184040,1425,0.234375,syndrome_consistent,exact_correct,3,True
type2_1M_20260121_184040,1426,0.2734375,syndrome_consistent,exact_correct,9,True
type2_1M_20260121_184040,1427,0.1953125,syndrome_consistent,exact_correct,4,True
type2_1M_20260121_184040,1428,0.27734375,syndrome_consistent,exact_correct,4,True
type2_1M_20260121_184040,1429,0.24609375,syndrome_consistent,exact_correct,5,True
type2_1M_20260121_184040,1430,0.2578125,syndrome_consistent,exact_correct,5,True
type2_1M_20260121_184040,1431,0.28125,syndrome_consistent,exact_correct,5,True
type2_1M_20260121_184040,1432,0.27734375,syndrome_consistent,exact_correct,5,True
type2_1M_20260121_184040,1433,0.2265625,syndrome_consistent,exact_correct,6,True
type2_1M_20260121_184040,1434,0.234375,syndrome_consistent,exact_correct,4,True
type2_1M_20260121_184040,1435,0.31640625,syndrome_consistent,exact_correct,5,True
type2_1M_20260121_184040,1436,0.2265625,syndrome_consistent,exact_correct,6,True
type2_1M_20260121_184040,1437,0.24609375,syndrome_consistent,exact_correct,4,True
type2_1M_20260121_184040,1438,0.23828125,syndrome_consistent,exact_correct,4,True
type2_1M_20260121_184040,1439,0.234375,syndrome_consistent,exact_correct,4,True
type2_1M_20260121_184040,1440,0.2265625,syndrome_consistent,exact_correct,5,True
type2_1M_20260121_184040,1441,0.21875,syndrome_consistent,exact_correct,4,True
type2_1M_20260121_184040,1442,0.21875,syndrome_consistent,exact_correct,3,True
type2_1M_20260121_184040,1443,0.2265625,syndrome_consistent,exact_correct,4,True
type2_1M_20260121_184040,1444,0.24609375,syndrome_consistent,exact_correct,6,True
type2_1M_20260121_184040,1445,0.1953125,syndrome_consistent,exact_correct,3,True
type2_1M_20260121_184040,1446,0.234375,syndrome_consistent,exact_correct,3,True
type2_1M_20260121_184040,1447,0.25,syndrome_consistent,exact_correct,6,True
type2_1M_20260121_184040,1448,0.2578125,syndrome_consistent,exact_correct,4,True
type2_1M_20260121_184040,1449,0.23046875,syndrome_consistent,exact_correct,4,True
type2_1M_20260121_184040,1450,0.2578125,syndrome_consistent,exact_correct,6,True
type2_1M_20260121_184040,1451,0.234375,syndrome_consistent,exact_correct,4,True
type2_1M_20260121_184040,1452,0.21484375,syndrome_consistent,exact_correct,4,True
type2_1M_20260121_184040,1453,0.265625,syndrome_consistent,exact_correct,4,True
type2_1M_20260121_184040,1454,0.19140625,syndrome_consistent,exact_correct,3,True
type2_1M_20260121_184040,1455,0.2734375,syndrome_consistent,exact_correct,11,True
type2_1M_20260121_184040,1456,0.2734375,syndrome_consistent,exact_correct,5,True
type2_1M_20260121_184040,1457,0.1953125,syndrome_consistent,exact_correct,3,True
type2_1M_20260121_184040,1458,0.265625,syndrome_consistent,exact_correct,4,True
type2_1M_20260121_184040,1459,0.21875,syndrome_consistent,exact_correct,4,True
type2_1M_20260121_184040,1460,0.234375,syndrome_consistent,exact_correct,4,True
type2_1M_20260121_184040,1461,0.23828125,syndrome_consistent,exact_correct,3,True
type2_1M_20260121_184040,1462,0.27734375,syndrome_consistent,exact_correct,6,True
type2_1M_20260121_184040,1463,0.28125,syndrome_consistent,exact_correct,6,True
type2_1M_20260121_184040,1464,0.20703125,syndrome_consistent,exact_correct,6,True
type2_1M_20260121_184040,1465,0.22265625,syndrome_consistent,exact_correct,4,True
type2_1M_20260121_184040,1466,0.23828125,syndrome_consistent,exact_correct,5,True
type2_1M_20260121_184040,1467,0.23046875,syndrome_consistent,exact_correct,4,True
type2_1M_20260121_184040,1468,0.19921875,syndrome_consistent,exact_correct,4,True
type2_1M_20260121_184040,1469,0.2734375,syndrome_consistent,exact_correct,5,True
type2_1M_20260121_184040,1470,0.265625,syndrome_consistent,exact_correct,5,True
type2_1M_20260121_184040,1471,0.203125,syndrome_consistent,exact_correct,3,True
type2_1M_20260121_184040,1472,0.21875,syndrome_consistent,exact_correct,3,True
type2_1M_20260121_184040,1473,0.25390625,syndrome_consistent,exact_correct,6,True
type2_1M_20260121_184040,1474,0.26171875,syndrome_consistent,exact_correct,4,True
type2_1M_20260121_184040,1475,0.22265625,syndrome_consistent,exact_correct,4,True
type2_1M_20260121_184040,1476,0.2890625,syndrome_consistent,exact_correct,6,True
type2_1M_20260121_184040,1477,0.24609375,syndrome_consistent,exact_correct,4,True
type2_1M_20260121_184040,1478,0.21484375,syndrome_consistent,exact_correct,7,True
type2_1M_20260121_184040,1479,0.2421875,syndrome_consistent,exact_correct,3,True
type2_1M_20260121_184040,1480,0.2265625,syndrome_consistent,exact_correct,5,True
type2_1M_20260121_184040,1481,0.29296875,syndrome_consistent,exact_correct,6,True
type2_1M_20260121_184040,1482,0.18359375,syndrome_consistent,exact_correct,3,True
type2_1M_20260121_184040,1483,0.27734375,syndrome_consistent,exact_correct,4,True
type2_1M_20260121_184040,1484,0.25390625,syndrome_consistent,exact_correct,5,True
type2_1M_20260121_184040,1485,0.25,syndrome_consistent,exact_correct,4,True
type2_1M_20260121_184040,1486,0.1875,syndrome_consistent,exact_correct,3,True
type2_1M_20260121_184040,1487,0.2265625,decode_failed,iteration_limit,100,False
type2_1M_20260121_184040,1488,0.21484375,syndrome_consistent,exact_correct,4,True
type2_1M_20260121_184040,1489,0.23828125,syndrome_consistent,exact_correct,5,True
type2_1M_20260121_184040,1490,0.22265625,syndrome_consistent,exact_correct,4,True
type2_1M_20260121_184040,1491,0.23046875,syndrome_consistent,exact_correct,4,True
type2_1M_20260121_184040,1492,0.3125,syndrome_consistent,exact_correct,4,True
type2_1M_20260121_184040,1493,0.19921875,syndrome_consistent,exact_correct,5,True
type2_1M_20260121_184040,1494,0.26171875,syndrome_consistent,exact_correct,4,True
type2_1M_20260121_184040,1495,0.23828125,syndrome_consistent,exact_correct,7,True
type2_1M_20260121_184040,1496,0.2421875,syndrome_consistent,exact_correct,5,True
type2_1M_20260121_184040,1497,0.28515625,syndrome_consistent,exact_correct,7,True
type2_1M_20260121_184040,1498,0.1953125,syndrome_consistent,exact_correct,4,True
type2_1M_20260121_184040,1499,0.25390625,syndrome_consistent,exact_correct,5,True
type2_2M_20260121_183657,2280,0.27734375,syndrome_consistent,exact_correct,4,True
type2_2M_20260121_183657,2281,0.28125,syndrome_consistent,exact_correct,8,True
type2_2M_20260121_183657,2282,0.23046875,syndrome_consistent,exact_correct,5,True
type2_2M_20260121_183657,2283,0.2734375,syndrome_consistent,exact_correct,6,True
type2_2M_20260121_183657,2284,0.265625,syndrome_consistent,exact_correct,7,True
type2_2M_20260121_183657,2285,0.22265625,syndrome_consistent,exact_correct,6,True
type2_2M_20260121_183657,2286,0.2890625,syndrome_consistent,exact_correct,5,True
type2_2M_20260121_183657,2287,0.28515625,syndrome_consistent,exact_correct,5,True
type2_2M_20260121_183657,2288,0.24609375,syndrome_consistent,exact_correct,3,True
type2_2M_20260121_183657,2289,0.3046875,syndrome_consistent,exact_correct,8,True
type2_2M_20260121_183657,2290,0.2265625,syndrome_consistent,exact_correct,5,True
type2_2M_20260121_183657,2291,0.2734375,syndrome_consistent,exact_correct,4,True
type2_2M_20260121_183657,2292,0.30078125,syndrome_consistent,exact_correct,7,True
type2_2M_20260121_183657,2293,0.23046875,syndrome_consistent,exact_correct,5,True
type2_2M_20260121_183657,2294,0.26171875,syndrome_consistent,exact_correct,4,True
type2_2M_20260121_183657,2295,0.2265625,syndrome_consistent,exact_correct,6,True
type2_2M_20260121_183657,2296,0.28125,syndrome_consistent,exact_correct,4,True
type2_2M_20260121_183657,2297,0.25390625,syndrome_consistent,exact_correct,5,True
type2_2M_20260121_183657,2298,0.203125,syndrome_consistent,exact_correct,5,True
type2_2M_20260121_183657,2299,0.24609375,syndrome_consistent,exact_correct,5,True
type2_2M_20260121_183657,2300,0.2578125,syndrome_consistent,exact_correct,8,True
type2_2M_20260121_183657,2301,0.2890625,syndrome_consistent,exact_correct,6,True
type2_2M_20260121_183657,2302,0.25390625,syndrome_consistent,exact_correct,5,True
type2_2M_20260121_183657,2303,0.1875,decode_failed,iteration_limit,100,False
type2_2M_20260121_183657,2304,0.234375,syndrome_consistent,exact_correct,5,True
type2_2M_20260121_183657,2305,0.26953125,decode_failed,iteration_limit,100,False
type2_2M_20260121_183657,2306,0.3046875,syndrome_consistent,exact_correct,8,True
type2_2M_20260121_183657,2307,0.30859375,syndrome_consistent,exact_correct,4,True
type2_2M_20260121_183657,2308,0.27734375,syndrome_consistent,exact_correct,6,True
type2_2M_20260121_183657,2309,0.28125,syndrome_consistent,exact_correct,5,True
type2_2M_20260121_183657,2310,0.3125,syndrome_consistent,exact_correct,8,True
type2_2M_20260121_183657,2311,0.25390625,syndrome_consistent,exact_correct,7,True
type2_2M_20260121_183657,2312,0.21484375,syndrome_consistent,exact_correct,3,True
type2_2M_20260121_183657,2313,0.2734375,syndrome_consistent,exact_correct,6,True
type2_2M_20260121_183657,2314,0.2578125,decode_failed,iteration_limit,100,False
type2_2M_20260121_183657,2315,0.23046875,syndrome_consistent,exact_correct,4,True
type2_2M_20260121_183657,2316,0.23828125,syndrome_consistent,exact_correct,5,True
type2_2M_20260121_183657,2317,0.23828125,syndrome_consistent,exact_correct,4,True
type2_2M_20260121_183657,2318,0.28515625,syndrome_consistent,exact_correct,5,True
type2_2M_20260121_183657,2319,0.22265625,syndrome_consistent,exact_correct,5,True
type2_2M_20260121_183657,2320,0.19921875,syndrome_consistent,exact_correct,3,True
type2_2M_20260121_183657,2321,0.26953125,syndrome_consistent,exact_correct,4,True
type2_2M_20260121_183657,2322,0.30078125,syndrome_consistent,exact_correct,5,True
type2_2M_20260121_183657,2323,0.265625,syndrome_consistent,exact_correct,4,True
type2_2M_20260121_183657,2324,0.2109375,syndrome_consistent,exact_correct,3,True
type2_2M_20260121_183657,2325,0.27734375,syndrome_consistent,exact_correct,6,True
type2_2M_20260121_183657,2326,0.25,syndrome_consistent,exact_correct,7,True
type2_2M_20260121_183657,2327,0.2421875,syndrome_consistent,exact_correct,4,True
type2_2M_20260121_183657,2328,0.2265625,syndrome_consistent,exact_correct,6,True
type2_2M_20260121_183657,2329,0.23828125,syndrome_consistent,exact_correct,4,True
type2_2M_20260121_183657,2330,0.25390625,syndrome_consistent,exact_correct,6,True
type2_2M_20260121_183657,2331,0.23046875,syndrome_consistent,exact_correct,5,True
type2_2M_20260121_183657,2332,0.27734375,syndrome_consistent,exact_correct,7,True
type2_2M_20260121_183657,2333,0.296875,syndrome_consistent,exact_correct,5,True
type2_2M_20260121_183657,2334,0.234375,syndrome_consistent,exact_correct,4,True
type2_2M_20260121_183657,2335,0.265625,syndrome_consistent,exact_correct,5,True
type2_2M_20260121_183657,2336,0.25,syndrome_consistent,exact_correct,5,True
type2_2M_20260121_183657,2337,0.26953125,syndrome_consistent,exact_correct,5,True
type2_2M_20260121_183657,2338,0.2734375,syndrome_consistent,exact_correct,6,True
type2_2M_20260121_183657,2339,0.23046875,syndrome_consistent,exact_correct,5,True
type2_2M_20260121_183657,2340,0.28515625,syndrome_consistent,exact_correct,5,True
type2_2M_20260121_183657,2341,0.2578125,syndrome_consistent,exact_correct,7,True
type2_2M_20260121_183657,2342,0.29296875,syndrome_consistent,exact_correct,8,True
type2_2M_20260121_183657,2343,0.27734375,syndrome_consistent,exact_correct,6,True
type2_2M_20260121_183657,2344,0.2734375,syndrome_consistent,exact_correct,6,True
type2_2M_20260121_183657,2345,0.2890625,syndrome_consistent,exact_correct,6,True
type2_2M_20260121_183657,2346,0.22265625,syndrome_consistent,exact_correct,7,True
type2_2M_20260121_183657,2347,0.20703125,syndrome_consistent,exact_correct,4,True
type2_2M_20260121_183657,2348,0.25,decode_failed,iteration_limit,100,False
type2_2M_20260121_183657,2349,0.26953125,syndrome_consistent,exact_correct,5,True
type2_2M_20260121_183657,2350,0.296875,syndrome_consistent,exact_correct,8,True
type2_2M_20260121_183657,2351,0.27734375,syndrome_consistent,exact_correct,6,True
type2_2M_20260121_183657,2352,0.21875,syndrome_consistent,exact_correct,5,True
type2_2M_20260121_183657,2353,0.25,syndrome_consistent,exact_correct,5,True
type2_2M_20260121_183657,2354,0.26171875,syndrome_consistent,exact_correct,5,True
type2_2M_20260121_183657,2355,0.29296875,syndrome_consistent,exact_correct,5,True
type2_2M_20260121_183657,2356,0.265625,syndrome_consistent,exact_correct,5,True
type2_2M_20260121_183657,2357,0.30078125,syndrome_consistent,exact_correct,4,True
type2_2M_20260121_183657,2358,0.234375,syndrome_consistent,exact_correct,5,True
type2_2M_20260121_183657,2359,0.2265625,syndrome_consistent,exact_correct,2,True
type2_2M_20260121_183657,2360,0.22265625,syndrome_consistent,exact_correct,4,True
type2_2M_20260121_183657,2361,0.26953125,syndrome_consistent,exact_correct,6,True
type2_2M_20260121_183657,2362,0.22265625,syndrome_consistent,exact_correct,5,True
type2_2M_20260121_183657,2363,0.24609375,syndrome_consistent,exact_correct,5,True
type2_2M_20260121_183657,2364,0.23828125,syndrome_consistent,exact_correct,5,True
type2_2M_20260121_183657,2365,0.234375,syndrome_consistent,exact_correct,4,True
type2_2M_20260121_183657,2366,0.23828125,syndrome_consistent,exact_correct,4,True
type2_2M_20260121_183657,2367,0.2578125,syndrome_consistent,exact_correct,5,True
type2_2M_20260121_183657,2368,0.24609375,syndrome_consistent,exact_correct,5,True
type2_2M_20260121_183657,2369,0.27734375,syndrome_consistent,exact_correct,6,True
type2_2M_20260121_183657,2370,0.2734375,syndrome_consistent,exact_correct,6,True
type2_2M_20260121_183657,2371,0.28125,syndrome_consistent,exact_correct,6,True
type2_2M_20260121_183657,2372,0.28515625,syndrome_consistent,exact_correct,7,True
type2_2M_20260121_183657,2373,0.28515625,syndrome_consistent,exact_correct,5,True
type2_2M_20260121_183657,2374,0.28125,syndrome_consistent,exact_correct,6,True
type2_2M_20260121_183657,2375,0.2265625,syndrome_consistent,exact_correct,4,True
type2_2M_20260121_183657,2376,0.24609375,syndrome_consistent,exact_correct,4,True
type2_2M_20260121_183657,2377,0.23828125,decode_failed,iteration_limit,100,False
type2_2M_20260121_183657,2378,0.24609375,syndrome_consistent,exact_correct,5,True
type2_2M_20260121_183657,2379,0.2421875,syndrome_consistent,exact_correct,6,True
type2_2M_20260121_183657,2380,0.2734375,syndrome_consistent,exact_correct,5,True
type2_2M_20260121_183657,2381,0.328125,syndrome_consistent,exact_correct,6,True
type2_2M_20260121_183657,2382,0.20703125,syndrome_consistent,exact_correct,4,True
type2_2M_20260121_183657,2383,0.234375,syndrome_consistent,exact_correct,5,True
type2_2M_20260121_183657,2384,0.23828125,syndrome_consistent,exact_correct,8,True
type2_2M_20260121_183657,2385,0.28125,syndrome_consistent,exact_correct,6,True
type2_2M_20260121_183657,2386,0.26953125,syndrome_consistent,exact_correct,5,True
type2_2M_20260121_183657,2387,0.2265625,syndrome_consistent,exact_correct,4,True
type2_2M_20260121_183657,2388,0.25390625,syndrome_consistent,exact_correct,7,True
type2_2M_20260121_183657,2389,0.28515625,syndrome_consistent,exact_correct,6,True
type2_2M_20260121_183657,2390,0.2578125,syndrome_consistent,exact_correct,5,True
type2_2M_20260121_183657,2391,0.25,syndrome_consistent,exact_correct,3,True
type2_2M_20260121_183657,2392,0.22265625,syndrome_consistent,exact_correct,4,True
type2_2M_20260121_183657,2393,0.24609375,syndrome_consistent,exact_correct,7,True
type2_2M_20260121_183657,2394,0.1953125,syndrome_consistent,exact_correct,3,True
type2_2M_20260121_183657,2395,0.2734375,syndrome_consistent,exact_correct,7,True
type2_2M_20260121_183657,2396,0.2421875,syndrome_consistent,exact_correct,4,True
type2_2M_20260121_183657,2397,0.26953125,syndrome_consistent,exact_correct,7,True
type2_2M_20260121_183657,2398,0.2421875,syndrome_consistent,exact_correct,5,True
type2_2M_20260121_183657,2399,0.2734375,syndrome_consistent,exact_correct,5,True
type2_2M_20260121_183657,2400,0.26953125,syndrome_consistent,exact_correct,7,True
type2_2M_20260121_183657,2401,0.26171875,syndrome_consistent,exact_correct,4,True
type2_2M_20260121_183657,2402,0.2421875,syndrome_consistent,exact_correct,4,True
type2_2M_20260121_183657,2403,0.26953125,syndrome_consistent,exact_correct,5,True
type2_2M_20260121_183657,2404,0.26953125,syndrome_consistent,exact_correct,5,True
type2_2M_20260121_183657,2405,0.21875,syndrome_consistent,exact_correct,4,True
type2_2M_20260121_183657,2406,0.25,syndrome_consistent,exact_correct,5,True
type2_2M_20260121_183657,2407,0.2890625,syndrome_consistent,exact_correct,9,True
type2_2M_20260121_183657,2408,0.25390625,syndrome_consistent,exact_correct,5,True
type2_2M_20260121_183657,2409,0.28515625,syndrome_consistent,exact_correct,5,True
type2_2M_20260121_183657,2410,0.2734375,syndrome_consistent,exact_correct,5,True
type2_2M_20260121_183657,2411,0.25390625,syndrome_consistent,exact_correct,4,True
type2_2M_20260121_183657,2412,0.25390625,syndrome_consistent,exact_correct,4,True
type2_2M_20260121_183657,2413,0.19140625,syndrome_consistent,exact_correct,3,True
type2_2M_20260121_183657,2414,0.265625,syndrome_consistent,exact_correct,7,True
type2_2M_20260121_183657,2415,0.2734375,syndrome_consistent,exact_correct,5,True
type2_2M_20260121_183657,2416,0.26171875,syndrome_consistent,exact_correct,4,True
type2_2M_20260121_183657,2417,0.29296875,syndrome_consistent,exact_correct,8,True
type2_2M_20260121_183657,2418,0.21875,syndrome_consistent,exact_correct,5,True
type2_2M_20260121_183657,2419,0.2890625,syndrome_consistent,exact_correct,7,True
type2_2M_20260121_183657,2420,0.265625,syndrome_consistent,exact_correct,8,True
type2_2M_20260121_183657,2421,0.29296875,decode_failed,iteration_limit,100,False
type2_2M_20260121_183657,2422,0.203125,syndrome_consistent,exact_correct,4,True
type2_2M_20260121_183657,2423,0.2578125,syndrome_consistent,exact_correct,8,True
type2_2M_20260121_183657,2424,0.2890625,syndrome_consistent,exact_correct,4,True
type2_2M_20260121_183657,2425,0.28125,syndrome_consistent,exact_correct,5,True
type2_2M_20260121_183657,2426,0.2265625,syndrome_consistent,exact_correct,5,True
type2_2M_20260121_183657,2427,0.25390625,syndrome_consistent,exact_correct,4,True
type2_2M_20260121_183657,2428,0.2265625,syndrome_consistent,exact_correct,4,True
type2_2M_20260121_183657,2429,0.20703125,syndrome_consistent,exact_correct,5,True
type2_2M_20260121_183657,2430,0.2578125,syndrome_consistent,exact_correct,4,True
type2_2M_20260121_183657,2431,0.20703125,syndrome_consistent,exact_correct,4,True
type2_2M_20260121_183657,2432,0.23828125,syndrome_consistent,exact_correct,5,True
type2_2M_20260121_183657,2433,0.27734375,syndrome_consistent,exact_correct,5,True
type2_2M_20260121_183657,2434,0.2421875,syndrome_consistent,exact_correct,4,True
type2_2M_20260121_183657,2435,0.25,syndrome_consistent,exact_correct,4,True
type2_2M_20260121_183657,2436,0.28125,syndrome_consistent,exact_correct,6,True
type2_2M_20260121_183657,2437,0.23828125,syndrome_consistent,exact_correct,4,True
type2_2M_20260121_183657,2438,0.32421875,syndrome_consistent,exact_correct,6,True
type2_2M_20260121_183657,2439,0.28515625,syndrome_consistent,exact_correct,5,True
type2_2M_20260121_183657,2440,0.26171875,syndrome_consistent,exact_correct,4,True
type2_2M_20260121_183657,2441,0.2421875,syndrome_consistent,exact_correct,5,True
type2_2M_20260121_183657,2442,0.203125,syndrome_consistent,exact_correct,3,True
type2_2M_20260121_183657,2443,0.25390625,syndrome_consistent,exact_correct,6,True
type2_2M_20260121_183657,2444,0.22265625,syndrome_consistent,exact_correct,5,True
type2_2M_20260121_183657,2445,0.28515625,syndrome_consistent,exact_correct,8,True
type2_2M_20260121_183657,2446,0.2578125,syndrome_consistent,exact_correct,8,True
type2_2M_20260121_183657,2447,0.26953125,decode_failed,iteration_limit,100,False
type2_2M_20260121_183657,2448,0.23828125,syndrome_consistent,exact_correct,4,True
type2_2M_20260121_183657,2449,0.2734375,syndrome_consistent,exact_correct,5,True
type2_2M_20260121_183657,2450,0.23828125,syndrome_consistent,exact_correct,5,True
type2_2M_20260121_183657,2451,0.23046875,syndrome_consistent,exact_correct,3,True
type2_2M_20260121_183657,2452,0.2421875,syndrome_consistent,exact_correct,6,True
type2_2M_20260121_183657,2453,0.25390625,syndrome_consistent,exact_correct,5,True
type2_2M_20260121_183657,2454,0.2734375,syndrome_consistent,exact_correct,4,True
type2_2M_20260121_183657,2455,0.25,syndrome_consistent,exact_correct,4,True
type2_2M_20260121_183657,2456,0.30859375,syndrome_consistent,exact_correct,6,True
type2_2M_20260121_183657,2457,0.234375,syndrome_consistent,exact_correct,6,True
type2_2M_20260121_183657,2458,0.23046875,syndrome_consistent,exact_correct,4,True
type2_2M_20260121_183657,2459,0.23828125,syndrome_consistent,exact_correct,6,True
type2_2M_20260121_183657,2460,0.28125,syndrome_consistent,exact_correct,5,True
type2_2M_20260121_183657,2461,0.3046875,syndrome_consistent,exact_correct,5,True
type2_2M_20260121_183657,2462,0.27734375,syndrome_consistent,exact_correct,5,True
type2_2M_20260121_183657,2463,0.26953125,syndrome_consistent,exact_correct,6,True
type2_2M_20260121_183657,2464,0.2109375,syndrome_consistent,exact_correct,5,True
type2_2M_20260121_183657,2465,0.23828125,syndrome_consistent,exact_correct,4,True
type2_2M_20260121_183657,2466,0.24609375,syndrome_consistent,exact_correct,4,True
type2_2M_20260121_183657,2467,0.265625,syndrome_consistent,exact_correct,5,True
type2_2M_20260121_183657,2468,0.2421875,syndrome_consistent,exact_correct,5,True
type2_2M_20260121_183657,2469,0.2734375,syndrome_consistent,exact_correct,5,True
type2_2M_20260121_183657,2470,0.25390625,syndrome_consistent,exact_correct,3,True
type2_2M_20260121_183657,2471,0.2578125,syndrome_consistent,exact_correct,6,True
type2_2M_20260121_183657,2472,0.26953125,syndrome_consistent,exact_correct,6,True
type2_2M_20260121_183657,2473,0.25390625,syndrome_consistent,exact_correct,5,True
type2_2M_20260121_183657,2474,0.22265625,decode_failed,iteration_limit,100,False
type2_2M_20260121_183657,2475,0.26171875,syndrome_consistent,exact_correct,5,True
type2_2M_20260121_183657,2476,0.26171875,syndrome_consistent,exact_correct,4,True
type2_2M_20260121_183657,2477,0.2421875,syndrome_consistent,exact_correct,5,True
type2_2M_20260121_183657,2478,0.19140625,syndrome_consistent,exact_correct,4,True
type2_2M_20260121_183657,2479,0.24609375,syndrome_consistent,exact_correct,4,True
type2_2M_20260121_183657,2480,0.28515625,syndrome_consistent,exact_correct,5,True
type2_2M_20260121_183657,2481,0.2578125,syndrome_consistent,exact_correct,5,True
type2_2M_20260121_183657,2482,0.23828125,syndrome_consistent,exact_correct,8,True
type2_2M_20260121_183657,2483,0.25,syndrome_consistent,exact_correct,7,True
type2_2M_20260121_183657,2484,0.28515625,syndrome_consistent,exact_correct,9,True
type2_2M_20260121_183657,2485,0.31640625,syndrome_consistent,exact_correct,5,True
type2_2M_20260121_183657,2486,0.203125,syndrome_consistent,exact_correct,4,True
type2_2M_20260121_183657,2487,0.25,syndrome_consistent,exact_correct,5,True
type2_2M_20260121_183657,2488,0.24609375,syndrome_consistent,exact_correct,5,True
type2_2M_20260121_183657,2489,0.21875,syndrome_consistent,exact_correct,4,True
type2_2M_20260121_183657,2490,0.23828125,syndrome_consistent,exact_correct,5,True
type2_2M_20260121_183657,2491,0.31640625,syndrome_consistent,exact_correct,6,True
type2_2M_20260121_183657,2492,0.23046875,syndrome_consistent,exact_correct,4,True
type2_2M_20260121_183657,2493,0.2265625,syndrome_consistent,exact_correct,5,True
type2_2M_20260121_183657,2494,0.265625,syndrome_consistent,exact_correct,5,True
type2_2M_20260121_183657,2495,0.29296875,syndrome_consistent,exact_correct,6,True
type2_2M_20260121_183657,2496,0.29296875,syndrome_consistent,exact_correct,7,True
type2_2M_20260121_183657,2497,0.2578125,syndrome_consistent,exact_correct,5,True
type2_2M_20260121_183657,2498,0.25,syndrome_consistent,exact_correct,4,True
type2_2M_20260121_183657,2499,0.2265625,syndrome_consistent,exact_correct,5,True
type2_2M_20260121_183657,2500,0.28125,syndrome_consistent,exact_correct,7,True
type2_2M_20260121_183657,2501,0.2421875,syndrome_consistent,exact_correct,5,True
type2_2M_20260121_183657,2502,0.2265625,syndrome_consistent,exact_correct,5,True
type2_2M_20260121_183657,2503,0.2109375,syndrome_consistent,exact_correct,3,True
type2_2M_20260121_183657,2504,0.2109375,syndrome_consistent,exact_correct,5,True
type2_2M_20260121_183657,2505,0.26171875,syndrome_consistent,exact_correct,7,True
type2_2M_20260121_183657,2506,0.25390625,syndrome_consistent,exact_correct,7,True
type2_2M_20260121_183657,2507,0.265625,syndrome_consistent,exact_correct,6,True
type2_2M_20260121_183657,2508,0.28515625,syndrome_consistent,exact_correct,6,True
type2_2M_20260121_183657,2509,0.265625,syndrome_consistent,exact_correct,7,True
type2_2M_20260121_183657,2510,0.22265625,syndrome_consistent,exact_correct,3,True
type2_2M_20260121_183657,2511,0.2265625,syndrome_consistent,exact_correct,4,True
type2_2M_20260121_183657,2512,0.2890625,syndrome_consistent,exact_correct,8,True
type2_2M_20260121_183657,2513,0.27734375,syndrome_consistent,exact_correct,5,True
type2_2M_20260121_183657,2514,0.234375,syndrome_consistent,exact_correct,5,True
type2_2M_20260121_183657,2515,0.27734375,syndrome_consistent,exact_correct,6,True
type2_2M_20260121_183657,2516,0.21875,syndrome_consistent,exact_correct,5,True
type2_2M_20260121_183657,2517,0.26953125,syndrome_consistent,exact_correct,5,True
type2_2M_20260121_183657,2518,0.265625,syndrome_consistent,exact_correct,5,True
type2_2M_20260121_183657,2519,0.25390625,syndrome_consistent,exact_correct,4,True
type2_2M_20260121_183657,2520,0.31640625,syndrome_consistent,exact_correct,6,True
type2_2M_20260121_183657,2521,0.2421875,syndrome_consistent,exact_correct,4,True
type2_2M_20260121_183657,2522,0.21484375,syndrome_consistent,exact_correct,4,True
type2_2M_20260121_183657,2523,0.23046875,syndrome_consistent,exact_correct,3,True
type2_2M_20260121_183657,2524,0.23828125,syndrome_consistent,exact_correct,4,True
type2_2M_20260121_183657,2525,0.21484375,syndrome_consistent,exact_correct,6,True
type2_2M_20260121_183657,2526,0.2734375,syndrome_consistent,exact_correct,6,True
type2_2M_20260121_183657,2527,0.234375,syndrome_consistent,exact_correct,5,True
type2_2M_20260121_183657,2528,0.20703125,syndrome_consistent,exact_correct,5,True
type2_2M_20260121_183657,2529,0.2578125,syndrome_consistent,exact_correct,4,True
type2_2M_20260121_183657,2530,0.24609375,syndrome_consistent,exact_correct,6,True
type2_2M_20260121_183657,2531,0.28515625,syndrome_consistent,exact_correct,6,True
type2_2M_20260121_183657,2532,0.2578125,syndrome_consistent,exact_correct,6,True
type2_2M_20260121_183657,2533,0.28515625,syndrome_consistent,exact_correct,7,True
type2_2M_20260121_183657,2534,0.25,syndrome_consistent,exact_correct,4,True
type2_2M_20260121_183657,2535,0.2578125,syndrome_consistent,exact_correct,5,True
type2_2M_20260121_183657,2536,0.28515625,syndrome_consistent,exact_correct,4,True
type2_2M_20260121_183657,2537,0.26953125,syndrome_consistent,exact_correct,7,True
type2_2M_20260121_183657,2538,0.265625,syndrome_consistent,exact_correct,9,True
type2_2M_20260121_183657,2539,0.28125,syndrome_consistent,exact_correct,5,True
type2_2M_20260121_183657,2540,0.265625,syndrome_consistent,exact_correct,4,True
type2_2M_20260121_183657,2541,0.28125,syndrome_consistent,exact_correct,4,True
type2_2M_20260121_183657,2542,0.23828125,syndrome_consistent,exact_correct,4,True
type2_2M_20260121_183657,2543,0.21875,syndrome_consistent,exact_correct,4,True
type2_2M_20260121_183657,2544,0.26171875,syndrome_consistent,exact_correct,5,True
type2_2M_20260121_183657,2545,0.25390625,syndrome_consistent,exact_correct,4,True
type2_2M_20260121_183657,2546,0.21484375,syndrome_consistent,exact_correct,3,True
type2_2M_20260121_183657,2547,0.29296875,syndrome_consistent,exact_correct,5,True
type2_2M_20260121_183657,2548,0.26171875,syndrome_consistent,exact_correct,5,True
type2_2M_20260121_183657,2549,0.2578125,syndrome_consistent,exact_correct,4,True
type2_2M_20260121_183657,2550,0.26171875,syndrome_consistent,exact_correct,6,True
type2_2M_20260121_183657,2551,0.2421875,syndrome_consistent,exact_correct,6,True
type2_2M_20260121_183657,2552,0.2421875,syndrome_consistent,exact_correct,5,True
type2_2M_20260121_183657,2553,0.29296875,syndrome_consistent,exact_correct,6,True
type2_2M_20260121_183657,2554,0.25,syndrome_consistent,exact_correct,5,True
type2_2M_20260121_183657,2555,0.21875,syndrome_consistent,exact_correct,4,True
type2_2M_20260121_183657,2556,0.33203125,syndrome_consistent,exact_correct,6,True
type2_2M_20260121_183657,2557,0.25,syndrome_consistent,exact_correct,4,True
type2_2M_20260121_183657,2558,0.2578125,syndrome_consistent,exact_correct,4,True
type2_2M_20260121_183657,2559,0.25390625,syndrome_consistent,exact_correct,5,True
type2_2M_20260121_183657,2560,0.25390625,syndrome_consistent,exact_correct,5,True
type2_2M_20260121_183657,2561,0.25390625,syndrome_consistent,exact_correct,5,True
type2_2M_20260121_183657,2562,0.2578125,syndrome_consistent,exact_correct,5,True
type2_2M_20260121_183657,2563,0.25,syndrome_consistent,exact_correct,5,True
type2_2M_20260121_183657,2564,0.2734375,syndrome_consistent,exact_correct,5,True
type2_2M_20260121_183657,2565,0.265625,syndrome_consistent,exact_correct,5,True
type2_2M_20260121_183657,2566,0.33984375,syndrome_consistent,exact_correct,12,True
type2_2M_20260121_183657,2567,0.2265625,syndrome_consistent,exact_correct,4,True
type2_2M_20260121_183657,2568,0.25,syndrome_consistent,exact_correct,4,True
type2_2M_20260121_183657,2569,0.25390625,syndrome_consistent,exact_correct,5,True
type2_2M_20260121_183657,2570,0.2265625,syndrome_consistent,exact_correct,4,True
type2_2M_20260121_183657,2571,0.25390625,syndrome_consistent,exact_correct,5,True
type2_2M_20260121_183657,2572,0.23046875,syndrome_consistent,exact_correct,4,True
type2_2M_20260121_183657,2573,0.2578125,syndrome_consistent,exact_correct,4,True
type2_2M_20260121_183657,2574,0.2109375,syndrome_consistent,exact_correct,5,True
type2_2M_20260121_183657,2575,0.2578125,syndrome_consistent,exact_correct,5,True
type2_2M_20260121_183657,2576,0.26953125,syndrome_consistent,exact_correct,7,True
type2_2M_20260121_183657,2577,0.25390625,syndrome_consistent,exact_correct,6,True
type2_2M_20260121_183657,2578,0.2578125,syndrome_consistent,exact_correct,4,True
type2_2M_20260121_183657,2579,0.2734375,syndrome_consistent,exact_correct,6,True
type2_2M_20260121_183657,2580,0.2734375,syndrome_consistent,exact_correct,7,True
type2_2M_20260121_183657,2581,0.27734375,syndrome_consistent,exact_correct,5,True
type2_2M_20260121_183657,2582,0.26953125,syndrome_consistent,exact_correct,6,True
type2_2M_20260121_183657,2583,0.26953125,syndrome_consistent,exact_correct,5,True
type2_2M_20260121_183657,2584,0.3046875,decode_failed,iteration_limit,100,False
type2_2M_20260121_183657,2585,0.265625,syndrome_consistent,exact_correct,6,True
type2_2M_20260121_183657,2586,0.25,syndrome_consistent,exact_correct,4,True
type2_2M_20260121_183657,2587,0.24609375,syndrome_consistent,exact_correct,5,True
type2_2M_20260121_183657,2588,0.26953125,syndrome_consistent,exact_correct,4,True
type2_2M_20260121_183657,2589,0.234375,syndrome_consistent,exact_correct,5,True
type2_2M_20260121_183657,2590,0.265625,syndrome_consistent,exact_correct,7,True
type2_2M_20260121_183657,2591,0.20703125,syndrome_consistent,exact_correct,4,True
type2_2M_20260121_183657,2592,0.2265625,syndrome_consistent,exact_correct,5,True
type2_2M_20260121_183657,2593,0.296875,syndrome_consistent,exact_correct,5,True
type2_2M_20260121_183657,2594,0.26171875,syndrome_consistent,exact_correct,5,True
type2_2M_20260121_183657,2595,0.2265625,syndrome_consistent,exact_correct,4,True
type2_2M_20260121_183657,2596,0.28125,syndrome_consistent,exact_correct,9,True
type2_2M_20260121_183657,2597,0.2109375,syndrome_consistent,exact_correct,4,True
type2_2M_20260121_183657,2598,0.21484375,syndrome_consistent,exact_correct,4,True
type2_2M_20260121_183657,2599,0.26953125,syndrome_consistent,exact_correct,8,True
type2_2M_20260121_183657,2600,0.1953125,syndrome_consistent,exact_correct,3,True
type2_2M_20260121_183657,2601,0.26953125,decode_failed,iteration_limit,100,False
type2_2M_20260121_183657,2602,0.25390625,syndrome_consistent,exact_correct,5,True
type2_2M_20260121_183657,2603,0.27734375,syndrome_consistent,exact_correct,5,True
type2_2M_20260121_183657,2604,0.23046875,syndrome_consistent,exact_correct,5,True
type2_2M_20260121_183657,2605,0.2578125,syndrome_consistent,exact_correct,6,True
type2_2M_20260121_183657,2606,0.27734375,syndrome_consistent,exact_correct,10,True
type2_2M_20260121_183657,2607,0.25,syndrome_consistent,exact_correct,4,True
type2_2M_20260121_183657,2608,0.29296875,syndrome_consistent,exact_correct,5,True
type2_2M_20260121_183657,2609,0.2421875,syndrome_consistent,exact_correct,6,True
type2_2M_20260121_183657,2610,0.2421875,syndrome_consistent,exact_correct,7,True
type2_2M_20260121_183657,2611,0.23046875,syndrome_consistent,exact_correct,4,True
type2_2M_20260121_183657,2612,0.26953125,syndrome_consistent,exact_correct,5,True
type2_2M_20260121_183657,2613,0.23828125,syndrome_consistent,exact_correct,6,True
type2_2M_20260121_183657,2614,0.2421875,syndrome_consistent,exact_correct,4,True
type2_2M_20260121_183657,2615,0.2265625,syndrome_consistent,exact_correct,8,True
type2_2M_20260121_183657,2616,0.21875,syndrome_consistent,exact_correct,6,True
type2_2M_20260121_183657,2617,0.26171875,syndrome_consistent,exact_correct,6,True
type2_2M_20260121_183657,2618,0.25390625,syndrome_consistent,exact_correct,4,True
type2_2M_20260121_183657,2619,0.3046875,syndrome_consistent,exact_correct,8,True
type2_2M_20260121_183657,2620,0.2421875,syndrome_consistent,exact_correct,5,True
type2_2M_20260121_183657,2621,0.28125,syndrome_consistent,exact_correct,5,True
type2_2M_20260121_183657,2622,0.24609375,syndrome_consistent,exact_correct,5,True
type2_2M_20260121_183657,2623,0.26953125,syndrome_consistent,exact_correct,12,True
type2_2M_20260121_183657,2624,0.27734375,syndrome_consistent,exact_correct,5,True
type2_2M_20260121_183657,2625,0.2421875,syndrome_consistent,exact_correct,4,True
type2_2M_20260121_183657,2626,0.22265625,syndrome_consistent,exact_correct,5,True
type2_2M_20260121_183657,2627,0.24609375,syndrome_consistent,exact_correct,5,True
type2_2M_20260121_183657,2628,0.30859375,syndrome_consistent,exact_correct,5,True
type2_2M_20260121_183657,2629,0.2109375,syndrome_consistent,exact_correct,5,True
type2_2M_20260121_183657,2630,0.2890625,syndrome_consistent,exact_correct,7,True
type2_2M_20260121_183657,2631,0.2578125,syndrome_consistent,exact_correct,4,True
type2_2M_20260121_183657,2632,0.2421875,syndrome_consistent,exact_correct,3,True
type2_2M_20260121_183657,2633,0.23828125,syndrome_consistent,exact_correct,5,True
type2_2M_20260121_183657,2634,0.234375,syndrome_consistent,exact_correct,4,True
type2_2M_20260121_183657,2635,0.22265625,syndrome_consistent,exact_correct,5,True
type2_2M_20260121_183657,2636,0.24609375,syndrome_consistent,exact_correct,5,True
type2_2M_20260121_183657,2637,0.2734375,syndrome_consistent,exact_correct,7,True
type2_2M_20260121_183657,2638,0.19140625,syndrome_consistent,exact_correct,3,True
type2_2M_20260121_183657,2639,0.296875,syndrome_consistent,exact_correct,5,True
type2_2M_20260121_183657,2640,0.20703125,syndrome_consistent,exact_correct,3,True
type2_2M_20260121_183657,2641,0.2421875,syndrome_consistent,exact_correct,9,True
type2_2M_20260121_183657,2642,0.2421875,syndrome_consistent,exact_correct,6,True
type2_2M_20260121_183657,2643,0.2421875,syndrome_consistent,exact_correct,5,True
type2_2M_20260121_183657,2644,0.265625,syndrome_consistent,exact_correct,6,True
type2_2M_20260121_183657,2645,0.3046875,syndrome_consistent,exact_correct,6,True
type2_2M_20260121_183657,2646,0.23828125,syndrome_consistent,exact_correct,5,True
type2_2M_20260121_183657,2647,0.23046875,syndrome_consistent,exact_correct,5,True
type2_2M_20260121_183657,2648,0.2734375,syndrome_consistent,exact_correct,7,True
type2_2M_20260121_183657,2649,0.24609375,syndrome_consistent,exact_correct,4,True
type2_2M_20260121_183657,2650,0.3203125,syndrome_consistent,exact_correct,9,True
type2_2M_20260121_183657,2651,0.234375,syndrome_consistent,exact_correct,5,True
type2_2M_20260121_183657,2652,0.26171875,syndrome_consistent,exact_correct,5,True
type2_2M_20260121_183657,2653,0.23046875,syndrome_consistent,exact_correct,4,True
type2_2M_20260121_183657,2654,0.265625,syndrome_consistent,exact_correct,6,True
type2_2M_20260121_183657,2655,0.1953125,syndrome_consistent,exact_correct,3,True
type2_2M_20260121_183657,2656,0.22265625,syndrome_consistent,exact_correct,4,True
type2_2M_20260121_183657,2657,0.2890625,syndrome_consistent,exact_correct,8,True
type2_2M_20260121_183657,2658,0.296875,syndrome_consistent,exact_correct,7,True
type2_2M_20260121_183657,2659,0.3046875,syndrome_consistent,exact_correct,5,True
type2_2M_20260121_183657,2660,0.265625,syndrome_consistent,exact_correct,5,True
type2_2M_20260121_183657,2661,0.2265625,syndrome_consistent,exact_correct,3,True
type2_2M_20260121_183657,2662,0.20703125,syndrome_consistent,exact_correct,3,True
type2_2M_20260121_183657,2663,0.22265625,syndrome_consistent,exact_correct,4,True
type2_2M_20260121_183657,2664,0.203125,syndrome_consistent,exact_correct,3,True
type2_2M_20260121_183657,2665,0.21875,syndrome_consistent,exact_correct,5,True
type2_2M_20260121_183657,2666,0.26171875,syndrome_consistent,exact_correct,8,True
type2_2M_20260121_183657,2667,0.2265625,syndrome_consistent,exact_correct,6,True
type2_2M_20260121_183657,2668,0.234375,syndrome_consistent,exact_correct,5,True
type2_2M_20260121_183657,2669,0.296875,syndrome_consistent,exact_correct,6,True
type2_2M_20260121_183657,2670,0.203125,syndrome_consistent,exact_correct,5,True
type2_2M_20260121_183657,2671,0.26953125,syndrome_consistent,exact_correct,7,True
type2_2M_20260121_183657,2672,0.2265625,syndrome_consistent,exact_correct,4,True
type2_2M_20260121_183657,2673,0.30078125,syndrome_consistent,exact_correct,10,True
type2_2M_20260121_183657,2674,0.2265625,syndrome_consistent,exact_correct,5,True
type2_2M_20260121_183657,2675,0.28125,syndrome_consistent,exact_correct,6,True
type2_2M_20260121_183657,2676,0.25390625,syndrome_consistent,exact_correct,5,True
type2_2M_20260121_183657,2677,0.234375,syndrome_consistent,exact_correct,6,True
type2_2M_20260121_183657,2678,0.2109375,syndrome_consistent,exact_correct,14,True
type2_2M_20260121_183657,2679,0.2578125,syndrome_consistent,exact_correct,4,True
type2_2M_20260121_183657,2680,0.30859375,syndrome_consistent,exact_correct,6,True
type2_2M_20260121_183657,2681,0.27734375,syndrome_consistent,exact_correct,6,True
type2_2M_20260121_183657,2682,0.234375,syndrome_consistent,exact_correct,7,True
type2_2M_20260121_183657,2683,0.265625,syndrome_consistent,exact_correct,4,True
type2_2M_20260121_183657,2684,0.2890625,syndrome_consistent,exact_correct,6,True
type2_2M_20260121_183657,2685,0.30078125,syndrome_consistent,exact_correct,7,True
type2_2M_20260121_183657,2686,0.23046875,syndrome_consistent,exact_correct,4,True
type2_2M_20260121_183657,2687,0.28125,syndrome_consistent,exact_correct,5,True
type2_2M_20260121_183657,2688,0.265625,syndrome_consistent,exact_correct,6,True
type2_2M_20260121_183657,2689,0.28125,syndrome_consistent,exact_correct,6,True
type2_2M_20260121_183657,2690,0.265625,syndrome_consistent,exact_correct,6,True
type2_2M_20260121_183657,2691,0.22265625,syndrome_consistent,exact_correct,5,True
type2_2M_20260121_183657,2692,0.22265625,syndrome_consistent,exact_correct,4,True
type2_2M_20260121_183657,2693,0.2109375,syndrome_consistent,exact_correct,4,True
type2_2M_20260121_183657,2694,0.21875,syndrome_consistent,exact_correct,4,True
type2_2M_20260121_183657,2695,0.21484375,syndrome_consistent,exact_correct,3,True
type2_2M_20260121_183657,2696,0.2265625,syndrome_consistent,exact_correct,4,True
type2_2M_20260121_183657,2697,0.23046875,syndrome_consistent,exact_correct,7,True
type2_2M_20260121_183657,2698,0.24609375,syndrome_consistent,exact_correct,4,True
type2_2M_20260121_183657,2699,0.22265625,decode_failed,iteration_limit,100,False
type2_2M_20260121_183657,2700,0.31640625,syndrome_consistent,exact_correct,7,True
type2_2M_20260121_183657,2701,0.23828125,syndrome_consistent,exact_correct,6,True
type2_2M_20260121_183657,2702,0.21875,syndrome_consistent,exact_correct,4,True
type2_2M_20260121_183657,2703,0.27734375,syndrome_consistent,exact_correct,4,True
type2_2M_20260121_183657,2704,0.26171875,syndrome_consistent,exact_correct,5,True
type2_2M_20260121_183657,2705,0.20703125,syndrome_consistent,exact_correct,3,True
type2_2M_20260121_183657,2706,0.2890625,syndrome_consistent,exact_correct,5,True
type2_2M_20260121_183657,2707,0.30078125,syndrome_consistent,exact_correct,5,True
type2_2M_20260121_183657,2708,0.265625,syndrome_consistent,exact_correct,4,True
type2_2M_20260121_183657,2709,0.27734375,syndrome_consistent,exact_correct,5,True
type2_2M_20260121_183657,2710,0.234375,syndrome_consistent,exact_correct,5,True
type2_2M_20260121_183657,2711,0.21484375,syndrome_consistent,exact_correct,6,True
type2_2M_20260121_183657,2712,0.25,syndrome_consistent,exact_correct,4,True
type2_2M_20260121_183657,2713,0.24609375,syndrome_consistent,exact_correct,6,True
type2_2M_20260121_183657,2714,0.20703125,syndrome_consistent,exact_correct,3,True
type2_2M_20260121_183657,2715,0.23046875,syndrome_consistent,exact_correct,6,True
type2_2M_20260121_183657,2716,0.265625,syndrome_consistent,exact_correct,5,True
type2_2M_20260121_183657,2717,0.2578125,syndrome_consistent,exact_correct,4,True
type2_2M_20260121_183657,2718,0.25390625,syndrome_consistent,exact_correct,6,True
type2_2M_20260121_183657,2719,0.23046875,syndrome_consistent,exact_correct,5,True
type2_2M_20260121_183657,2720,0.25390625,syndrome_consistent,exact_correct,6,True
type2_2M_20260121_183657,2721,0.21484375,syndrome_consistent,exact_correct,5,True
type2_2M_20260121_183657,2722,0.2578125,syndrome_consistent,exact_correct,4,True
type2_2M_20260121_183657,2723,0.23828125,syndrome_consistent,exact_correct,4,True
type2_2M_20260121_183657,2724,0.23046875,syndrome_consistent,exact_correct,5,True
type2_2M_20260121_183657,2725,0.2265625,syndrome_consistent,exact_correct,4,True
type2_2M_20260121_183657,2726,0.2890625,syndrome_consistent,exact_correct,10,True
type2_2M_20260121_183657,2727,0.25390625,syndrome_consistent,exact_correct,4,True
type2_2M_20260121_183657,2728,0.30859375,syndrome_consistent,exact_correct,4,True
type2_2M_20260121_183657,2729,0.23828125,syndrome_consistent,exact_correct,4,True
type2_2M_20260121_183657,2730,0.234375,syndrome_consistent,exact_correct,5,True
type2_2M_20260121_183657,2731,0.265625,syndrome_consistent,exact_correct,6,True
type2_2M_20260121_183657,2732,0.25,syndrome_consistent,exact_correct,4,True
type2_2M_20260121_183657,2733,0.296875,syndrome_consistent,exact_correct,5,True
type2_2M_20260121_183657,2734,0.2421875,syndrome_consistent,exact_correct,8,True
type2_2M_20260121_183657,2735,0.23046875,syndrome_consistent,exact_correct,4,True
type2_1p5M_20260121_183806,2076,0.29296875,syndrome_consistent,exact_correct,5,True
type2_1p5M_20260121_183806,2077,0.25,syndrome_consistent,exact_correct,3,True
type2_1p5M_20260121_183806,2078,0.26171875,syndrome_consistent,exact_correct,6,True
type2_1p5M_20260121_183806,2079,0.2109375,syndrome_consistent,exact_correct,4,True
type2_1p5M_20260121_183806,2080,0.23828125,syndrome_consistent,exact_correct,4,True
type2_1p5M_20260121_183806,2081,0.23828125,syndrome_consistent,exact_correct,4,True
type2_1p5M_20260121_183806,2082,0.24609375,syndrome_consistent,exact_correct,5,True
type2_1p5M_20260121_183806,2083,0.27734375,syndrome_consistent,exact_correct,6,True
type2_1p5M_20260121_183806,2084,0.23046875,syndrome_consistent,exact_correct,5,True
type2_1p5M_20260121_183806,2085,0.24609375,syndrome_consistent,exact_correct,5,True
type2_1p5M_20260121_183806,2086,0.21484375,syndrome_consistent,exact_correct,5,True
type2_1p5M_20260121_183806,2087,0.23828125,syndrome_consistent,exact_correct,4,True
type2_1p5M_20260121_183806,2088,0.2578125,syndrome_consistent,exact_correct,5,True
type2_1p5M_20260121_183806,2089,0.25,syndrome_consistent,exact_correct,5,True
type2_1p5M_20260121_183806,2090,0.265625,syndrome_consistent,exact_correct,6,True
type2_1p5M_20260121_183806,2091,0.24609375,syndrome_consistent,exact_correct,6,True
type2_1p5M_20260121_183806,2092,0.2421875,syndrome_consistent,exact_correct,4,True
type2_1p5M_20260121_183806,2093,0.23046875,syndrome_consistent,exact_correct,4,True
type2_1p5M_20260121_183806,2094,0.2734375,syndrome_consistent,exact_correct,5,True
type2_1p5M_20260121_183806,2095,0.30078125,syndrome_consistent,exact_correct,5,True
type2_1p5M_20260121_183806,2096,0.25390625,syndrome_consistent,exact_correct,6,True
type2_1p5M_20260121_183806,2097,0.28125,syndrome_consistent,exact_correct,5,True
type2_1p5M_20260121_183806,2098,0.23046875,syndrome_consistent,exact_correct,6,True
type2_1p5M_20260121_183806,2099,0.26953125,syndrome_consistent,exact_correct,5,True
type2_1p5M_20260121_183806,2100,0.25,syndrome_consistent,exact_correct,5,True
type2_1p5M_20260121_183806,2101,0.29296875,syndrome_consistent,exact_correct,6,True
type2_1p5M_20260121_183806,2102,0.25390625,syndrome_consistent,exact_correct,8,True
type2_1p5M_20260121_183806,2103,0.22265625,syndrome_consistent,exact_correct,4,True
type2_1p5M_20260121_183806,2104,0.2421875,syndrome_consistent,exact_correct,4,True
type2_1p5M_20260121_183806,2105,0.296875,syndrome_consistent,exact_correct,8,True
type2_1p5M_20260121_183806,2106,0.2578125,syndrome_consistent,exact_correct,5,True
type2_1p5M_20260121_183806,2107,0.2109375,syndrome_consistent,exact_correct,3,True
type2_1p5M_20260121_183806,2108,0.2265625,syndrome_consistent,exact_correct,5,True
type2_1p5M_20260121_183806,2109,0.28125,syndrome_consistent,exact_correct,6,True
type2_1p5M_20260121_183806,2110,0.20703125,syndrome_consistent,exact_correct,4,True
type2_1p5M_20260121_183806,2111,0.26171875,syndrome_consistent,exact_correct,9,True
type2_1p5M_20260121_183806,2112,0.23046875,syndrome_consistent,exact_correct,4,True
type2_1p5M_20260121_183806,2113,0.2578125,syndrome_consistent,exact_correct,10,True
type2_1p5M_20260121_183806,2114,0.2734375,syndrome_consistent,exact_correct,5,True
type2_1p5M_20260121_183806,2115,0.23046875,syndrome_consistent,exact_correct,4,True
type2_1p5M_20260121_183806,2116,0.25390625,syndrome_consistent,exact_correct,5,True
type2_1p5M_20260121_183806,2117,0.23046875,syndrome_consistent,exact_correct,4,True
type2_1p5M_20260121_183806,2118,0.296875,syndrome_consistent,exact_correct,5,True
type2_1p5M_20260121_183806,2119,0.21484375,syndrome_consistent,exact_correct,5,True
type2_1p5M_20260121_183806,2120,0.26953125,syndrome_consistent,exact_correct,7,True
type2_1p5M_20260121_183806,2121,0.25,syndrome_consistent,exact_correct,8,True
type2_1p5M_20260121_183806,2122,0.21875,syndrome_consistent,exact_correct,4,True
type2_1p5M_20260121_183806,2123,0.25390625,syndrome_consistent,exact_correct,5,True
type2_1p5M_20260121_183806,2124,0.30078125,syndrome_consistent,exact_correct,5,True
type2_1p5M_20260121_183806,2125,0.2265625,syndrome_consistent,exact_correct,6,True
type2_1p5M_20260121_183806,2126,0.2734375,syndrome_consistent,exact_correct,5,True
type2_1p5M_20260121_183806,2127,0.30859375,syndrome_consistent,exact_correct,5,True
type2_1p5M_20260121_183806,2128,0.28125,syndrome_consistent,exact_correct,7,True
type2_1p5M_20260121_183806,2129,0.2578125,syndrome_consistent,exact_correct,5,True
type2_1p5M_20260121_183806,2130,0.24609375,syndrome_consistent,exact_correct,4,True
type2_1p5M_20260121_183806,2131,0.20703125,syndrome_consistent,exact_correct,4,True
type2_1p5M_20260121_183806,2132,0.24609375,syndrome_consistent,exact_correct,5,True
type2_1p5M_20260121_183806,2133,0.2421875,syndrome_consistent,exact_correct,6,True
type2_1p5M_20260121_183806,2134,0.26953125,syndrome_consistent,exact_correct,5,True
type2_1p5M_20260121_183806,2135,0.234375,syndrome_consistent,exact_correct,4,True
type2_1p5M_20260121_183806,2136,0.28125,syndrome_consistent,exact_correct,4,True
type2_1p5M_20260121_183806,2137,0.28125,syndrome_consistent,exact_correct,6,True
type2_1p5M_20260121_183806,2138,0.28515625,syndrome_consistent,exact_correct,7,True
type2_1p5M_20260121_183806,2139,0.2578125,syndrome_consistent,exact_correct,4,True
type2_1p5M_20260121_183806,2140,0.234375,syndrome_consistent,exact_correct,4,True
type2_1p5M_20260121_183806,2141,0.234375,syndrome_consistent,exact_correct,5,True
type2_1p5M_20260121_183806,2142,0.25390625,syndrome_consistent,exact_correct,5,True
type2_1p5M_20260121_183806,2143,0.28515625,syndrome_consistent,exact_correct,5,True
type2_1p5M_20260121_183806,2144,0.2734375,syndrome_consistent,exact_correct,5,True
type2_1p5M_20260121_183806,2145,0.26953125,syndrome_consistent,exact_correct,8,True
type2_1p5M_20260121_183806,2146,0.28515625,syndrome_consistent,exact_correct,5,True
type2_1p5M_20260121_183806,2147,0.234375,syndrome_consistent,exact_correct,5,True
type2_1p5M_20260121_183806,2148,0.25390625,syndrome_consistent,exact_correct,5,True
type2_1p5M_20260121_183806,2149,0.2578125,syndrome_consistent,exact_correct,4,True
type2_1p5M_20260121_183806,2150,0.22265625,syndrome_consistent,exact_correct,4,True
type2_1p5M_20260121_183806,2151,0.25,syndrome_consistent,exact_correct,4,True
type2_1p5M_20260121_183806,2152,0.2890625,syndrome_consistent,exact_correct,10,True
type2_1p5M_20260121_183806,2153,0.29296875,syndrome_consistent,exact_correct,5,True
type2_1p5M_20260121_183806,2154,0.2890625,syndrome_consistent,exact_correct,8,True
type2_1p5M_20260121_183806,2155,0.234375,syndrome_consistent,exact_correct,4,True
type2_1p5M_20260121_183806,2156,0.2578125,syndrome_consistent,exact_correct,4,True
type2_1p5M_20260121_183806,2157,0.296875,syndrome_consistent,exact_correct,10,True
type2_1p5M_20260121_183806,2158,0.25390625,syndrome_consistent,exact_correct,4,True
type2_1p5M_20260121_183806,2159,0.30859375,syndrome_consistent,exact_correct,7,True
type2_1p5M_20260121_183806,2160,0.2421875,syndrome_consistent,exact_correct,4,True
type2_1p5M_20260121_183806,2161,0.23828125,syndrome_consistent,exact_correct,4,True
type2_1p5M_20260121_183806,2162,0.234375,syndrome_consistent,exact_correct,4,True
type2_1p5M_20260121_183806,2163,0.23828125,syndrome_consistent,exact_correct,4,True
type2_1p5M_20260121_183806,2164,0.28125,syndrome_consistent,exact_correct,5,True
type2_1p5M_20260121_183806,2165,0.2734375,syndrome_consistent,exact_correct,5,True
type2_1p5M_20260121_183806,2166,0.25,syndrome_consistent,exact_correct,4,True
type2_1p5M_20260121_183806,2167,0.2265625,syndrome_consistent,exact_correct,5,True
type2_1p5M_20260121_183806,2168,0.26171875,syndrome_consistent,exact_correct,4,True
type2_1p5M_20260121_183806,2169,0.2265625,syndrome_consistent,exact_correct,4,True
type2_1p5M_20260121_183806,2170,0.203125,syndrome_consistent,exact_correct,4,True
type2_1p5M_20260121_183806,2171,0.26171875,syndrome_consistent,exact_correct,6,True
type2_1p5M_20260121_183806,2172,0.2734375,syndrome_consistent,exact_correct,6,True
type2_1p5M_20260121_183806,2173,0.22265625,syndrome_consistent,exact_correct,9,True
type2_1p5M_20260121_183806,2174,0.26953125,syndrome_consistent,exact_correct,4,True
type2_1p5M_20260121_183806,2175,0.2265625,syndrome_consistent,exact_correct,3,True
type2_1p5M_20260121_183806,2176,0.2421875,syndrome_consistent,exact_correct,4,True
type2_1p5M_20260121_183806,2177,0.26171875,syndrome_consistent,exact_correct,5,True
type2_1p5M_20260121_183806,2178,0.25390625,syndrome_consistent,exact_correct,5,True
type2_1p5M_20260121_183806,2179,0.2421875,syndrome_consistent,exact_correct,4,True
type2_1p5M_20260121_183806,2180,0.28125,syndrome_consistent,exact_correct,7,True
type2_1p5M_20260121_183806,2181,0.2265625,syndrome_consistent,exact_correct,4,True
type2_1p5M_20260121_183806,2182,0.23046875,syndrome_consistent,exact_correct,3,True
type2_1p5M_20260121_183806,2183,0.234375,syndrome_consistent,exact_correct,4,True
type2_1p5M_20260121_183806,2184,0.2734375,syndrome_consistent,exact_correct,5,True
type2_1p5M_20260121_183806,2185,0.26171875,syndrome_consistent,exact_correct,5,True
type2_1p5M_20260121_183806,2186,0.25,syndrome_consistent,exact_correct,4,True
type2_1p5M_20260121_183806,2187,0.24609375,syndrome_consistent,exact_correct,6,True
type2_1p5M_20260121_183806,2188,0.2578125,syndrome_consistent,exact_correct,4,True
type2_1p5M_20260121_183806,2189,0.28125,syndrome_consistent,exact_correct,6,True
type2_1p5M_20260121_183806,2190,0.27734375,syndrome_consistent,exact_correct,4,True
type2_1p5M_20260121_183806,2191,0.23046875,syndrome_consistent,exact_correct,3,True
type2_1p5M_20260121_183806,2192,0.23046875,syndrome_consistent,exact_correct,5,True
type2_1p5M_20260121_183806,2193,0.28125,syndrome_consistent,exact_correct,6,True
type2_1p5M_20260121_183806,2194,0.2421875,syndrome_consistent,exact_correct,6,True
type2_1p5M_20260121_183806,2195,0.28125,syndrome_consistent,exact_correct,7,True
type2_1p5M_20260121_183806,2196,0.234375,syndrome_consistent,exact_correct,5,True
type2_1p5M_20260121_183806,2197,0.2734375,syndrome_consistent,exact_correct,8,True
type2_1p5M_20260121_183806,2198,0.23828125,syndrome_consistent,exact_correct,3,True
type2_1p5M_20260121_183806,2199,0.27734375,syndrome_consistent,exact_correct,5,True
type2_1p5M_20260121_183806,2200,0.26171875,syndrome_consistent,exact_correct,5,True
type2_1p5M_20260121_183806,2201,0.21875,syndrome_consistent,exact_correct,5,True
type2_1p5M_20260121_183806,2202,0.2421875,syndrome_consistent,exact_correct,5,True
type2_1p5M_20260121_183806,2203,0.25,syndrome_consistent,exact_correct,4,True
type2_1p5M_20260121_183806,2204,0.3359375,syndrome_consistent,exact_correct,9,True
type2_1p5M_20260121_183806,2205,0.1953125,syndrome_consistent,exact_correct,3,True
type2_1p5M_20260121_183806,2206,0.26953125,syndrome_consistent,exact_correct,4,True
type2_1p5M_20260121_183806,2207,0.29296875,syndrome_consistent,exact_correct,5,True
type2_1p5M_20260121_183806,2208,0.25,syndrome_consistent,exact_correct,6,True
type2_1p5M_20260121_183806,2209,0.23828125,syndrome_consistent,exact_correct,4,True
type2_1p5M_20260121_183806,2210,0.2578125,syndrome_consistent,exact_correct,3,True
type2_1p5M_20260121_183806,2211,0.2578125,syndrome_consistent,exact_correct,5,True
type2_1p5M_20260121_183806,2212,0.29296875,syndrome_consistent,exact_correct,8,True
type2_1p5M_20260121_183806,2213,0.2265625,syndrome_consistent,exact_correct,4,True
type2_1p5M_20260121_183806,2214,0.25,syndrome_consistent,exact_correct,4,True
type2_1p5M_20260121_183806,2215,0.30078125,syndrome_consistent,exact_correct,5,True
type2_1p5M_20260121_183806,2216,0.22265625,syndrome_consistent,exact_correct,7,True
type2_1p5M_20260121_183806,2217,0.2109375,syndrome_consistent,exact_correct,5,True
type2_1p5M_20260121_183806,2218,0.296875,syndrome_consistent,exact_correct,9,True
type2_1p5M_20260121_183806,2219,0.21484375,syndrome_consistent,exact_correct,4,True
type2_1p5M_20260121_183806,2220,0.26953125,syndrome_consistent,exact_correct,5,True
type2_1p5M_20260121_183806,2221,0.30859375,syndrome_consistent,exact_correct,6,True
type2_1p5M_20260121_183806,2222,0.23828125,syndrome_consistent,exact_correct,3,True
type2_1p5M_20260121_183806,2223,0.2265625,syndrome_consistent,exact_correct,5,True
type2_1p5M_20260121_183806,2224,0.25,syndrome_consistent,exact_correct,8,True
type2_1p5M_20260121_183806,2225,0.203125,syndrome_consistent,exact_correct,4,True
type2_1p5M_20260121_183806,2226,0.23046875,syndrome_consistent,exact_correct,5,True
type2_1p5M_20260121_183806,2227,0.27734375,syndrome_consistent,exact_correct,5,True
type2_1p5M_20260121_183806,2228,0.2265625,syndrome_consistent,exact_correct,4,True
type2_1p5M_20260121_183806,2229,0.2734375,syndrome_consistent,exact_correct,5,True
type2_1p5M_20260121_183806,2230,0.18359375,syndrome_consistent,exact_correct,3,True
type2_1p5M_20260121_183806,2231,0.27734375,syndrome_consistent,exact_correct,6,True
type2_1p5M_20260121_183806,2232,0.29296875,syndrome_consistent,exact_correct,7,True
type2_1p5M_20260121_183806,2233,0.2578125,syndrome_consistent,exact_correct,6,True
type2_1p5M_20260121_183806,2234,0.27734375,syndrome_consistent,exact_correct,5,True
type2_1p5M_20260121_183806,2235,0.28515625,syndrome_consistent,exact_correct,7,True
type2_1p5M_20260121_183806,2236,0.24609375,syndrome_consistent,exact_correct,4,True
type2_1p5M_20260121_183806,2237,0.26171875,syndrome_consistent,exact_correct,4,True
type2_1p5M_20260121_183806,2238,0.2421875,syndrome_consistent,exact_correct,5,True
type2_1p5M_20260121_183806,2239,0.21484375,syndrome_consistent,exact_correct,4,True
type2_1p5M_20260121_183806,2240,0.30078125,syndrome_consistent,exact_correct,5,True
type2_1p5M_20260121_183806,2241,0.23828125,syndrome_consistent,exact_correct,5,True
type2_1p5M_20260121_183806,2242,0.2578125,syndrome_consistent,exact_correct,5,True
type2_1p5M_20260121_183806,2243,0.23828125,syndrome_consistent,exact_correct,4,True
type2_1p5M_20260121_183806,2244,0.25,syndrome_consistent,exact_correct,5,True
type2_1p5M_20260121_183806,2245,0.2265625,syndrome_consistent,exact_correct,4,True
type2_1p5M_20260121_183806,2246,0.234375,syndrome_consistent,exact_correct,4,True
type2_1p5M_20260121_183806,2247,0.23046875,syndrome_consistent,exact_correct,6,True
type2_1p5M_20260121_183806,2248,0.2734375,syndrome_consistent,exact_correct,6,True
type2_1p5M_20260121_183806,2249,0.296875,syndrome_consistent,exact_correct,9,True
type2_1p5M_20260121_183806,2250,0.2109375,syndrome_consistent,exact_correct,4,True
type2_1p5M_20260121_183806,2251,0.27734375,syndrome_consistent,exact_correct,6,True
type2_1p5M_20260121_183806,2252,0.27734375,syndrome_consistent,exact_correct,5,True
type2_1p5M_20260121_183806,2253,0.234375,syndrome_consistent,exact_correct,4,True
type2_1p5M_20260121_183806,2254,0.22265625,syndrome_consistent,exact_correct,4,True
type2_1p5M_20260121_183806,2255,0.26171875,syndrome_consistent,exact_correct,4,True
type2_1p5M_20260121_183806,2256,0.2109375,syndrome_consistent,exact_correct,4,True
type2_1p5M_20260121_183806,2257,0.26953125,syndrome_consistent,exact_correct,4,True
type2_1p5M_20260121_183806,2258,0.22265625,syndrome_consistent,exact_correct,6,True
type2_1p5M_20260121_183806,2259,0.2890625,syndrome_consistent,exact_correct,5,True
type2_1p5M_20260121_183806,2260,0.234375,syndrome_consistent,exact_correct,4,True
type2_1p5M_20260121_183806,2261,0.19921875,syndrome_consistent,exact_correct,3,True
type2_1p5M_20260121_183806,2262,0.2890625,syndrome_consistent,exact_correct,4,True
type2_1p5M_20260121_183806,2263,0.296875,syndrome_consistent,exact_correct,7,True
type2_1p5M_20260121_183806,2264,0.19140625,syndrome_consistent,exact_correct,5,True
type2_1p5M_20260121_183806,2265,0.2734375,syndrome_consistent,exact_correct,7,True
type2_1p5M_20260121_183806,2266,0.265625,syndrome_consistent,exact_correct,5,True
type2_1p5M_20260121_183806,2267,0.2734375,syndrome_consistent,exact_correct,6,True
type2_1p5M_20260121_183806,2268,0.20703125,syndrome_consistent,exact_correct,4,True
type2_1p5M_20260121_183806,2269,0.26171875,syndrome_consistent,exact_correct,4,True
type2_1p5M_20260121_183806,2270,0.25,syndrome_consistent,exact_correct,5,True
type2_1p5M_20260121_183806,2271,0.27734375,syndrome_consistent,exact_correct,8,True
type2_1p5M_20260121_183806,2272,0.21484375,syndrome_consistent,exact_correct,3,True
type2_1p5M_20260121_183806,2273,0.234375,syndrome_consistent,exact_correct,5,True
type2_1p5M_20260121_183806,2274,0.20703125,syndrome_consistent,exact_correct,3,True
type2_1p5M_20260121_183806,2275,0.22265625,syndrome_consistent,exact_correct,4,True
type2_1p5M_20260121_183806,2276,0.22265625,syndrome_consistent,exact_correct,5,True
type2_1p5M_20260121_183806,2277,0.234375,syndrome_consistent,exact_correct,4,True
type2_1p5M_20260121_183806,2278,0.3203125,syndrome_consistent,exact_correct,7,True
type2_1p5M_20260121_183806,2279,0.2578125,syndrome_consistent,exact_correct,4,True
type2_1p5M_20260121_183806,2280,0.265625,syndrome_consistent,exact_correct,6,True
type2_1p5M_20260121_183806,2281,0.2578125,syndrome_consistent,exact_correct,4,True
type2_1p5M_20260121_183806,2282,0.28125,syndrome_consistent,exact_correct,7,True
type2_1p5M_20260121_183806,2283,0.24609375,syndrome_consistent,exact_correct,5,True
type2_1p5M_20260121_183806,2284,0.25,syndrome_consistent,exact_correct,5,True
type2_1p5M_20260121_183806,2285,0.21875,syndrome_consistent,exact_correct,5,True
type2_1p5M_20260121_183806,2286,0.25390625,decode_failed,iteration_limit,100,False
type2_1p5M_20260121_183806,2287,0.29296875,syndrome_consistent,exact_correct,6,True
type2_1p5M_20260121_183806,2288,0.23828125,syndrome_consistent,exact_correct,7,True
type2_1p5M_20260121_183806,2289,0.25390625,syndrome_consistent,exact_correct,5,True
type2_1p5M_20260121_183806,2290,0.25390625,syndrome_consistent,exact_correct,4,True
type2_1p5M_20260121_183806,2291,0.26171875,syndrome_consistent,exact_correct,5,True
type2_1p5M_20260121_183806,2292,0.29296875,syndrome_consistent,exact_correct,9,True
type2_1p5M_20260121_183806,2293,0.21484375,syndrome_consistent,exact_correct,4,True
type2_1p5M_20260121_183806,2294,0.2890625,syndrome_consistent,exact_correct,6,True
type2_1p5M_20260121_183806,2295,0.2109375,syndrome_consistent,exact_correct,4,True
type2_1p5M_20260121_183806,2296,0.23046875,syndrome_consistent,exact_correct,5,True
type2_1p5M_20260121_183806,2297,0.24609375,syndrome_consistent,exact_correct,4,True
type2_1p5M_20260121_183806,2298,0.2109375,syndrome_consistent,exact_correct,5,True
type2_1p5M_20260121_183806,2299,0.18359375,syndrome_consistent,exact_correct,4,True
type2_1p5M_20260121_183806,2300,0.28515625,syndrome_consistent,exact_correct,6,True
type2_1p5M_20260121_183806,2301,0.23828125,syndrome_consistent,exact_correct,4,True
type2_1p5M_20260121_183806,2302,0.24609375,syndrome_consistent,exact_correct,4,True
type2_1p5M_20260121_183806,2303,0.21484375,syndrome_consistent,exact_correct,3,True
type2_1p5M_20260121_183806,2304,0.234375,syndrome_consistent,exact_correct,5,True
type2_1p5M_20260121_183806,2305,0.28125,syndrome_consistent,exact_correct,5,True
type2_1p5M_20260121_183806,2306,0.25390625,syndrome_consistent,exact_correct,4,True
type2_1p5M_20260121_183806,2307,0.26171875,syndrome_consistent,exact_correct,7,True
type2_1p5M_20260121_183806,2308,0.2734375,syndrome_consistent,exact_correct,6,True
type2_1p5M_20260121_183806,2309,0.2578125,syndrome_consistent,exact_correct,4,True
type2_1p5M_20260121_183806,2310,0.23046875,syndrome_consistent,exact_correct,5,True
type2_1p5M_20260121_183806,2311,0.27734375,syndrome_consistent,exact_correct,6,True
type2_1p5M_20260121_183806,2312,0.23046875,syndrome_consistent,exact_correct,3,True
type2_1p5M_20260121_183806,2313,0.1875,syndrome_consistent,exact_correct,3,True
type2_1p5M_20260121_183806,2314,0.27734375,syndrome_consistent,exact_correct,6,True
type2_1p5M_20260121_183806,2315,0.2890625,syndrome_consistent,exact_correct,4,True
type2_1p5M_20260121_183806,2316,0.26953125,syndrome_consistent,exact_correct,6,True
type2_1p5M_20260121_183806,2317,0.2578125,syndrome_consistent,exact_correct,7,True
type2_1p5M_20260121_183806,2318,0.26953125,syndrome_consistent,exact_correct,4,True
type2_1p5M_20260121_183806,2319,0.25390625,syndrome_consistent,exact_correct,4,True
type2_1p5M_20260121_183806,2320,0.22265625,syndrome_consistent,exact_correct,3,True
type2_1p5M_20260121_183806,2321,0.20703125,syndrome_consistent,exact_correct,3,True
type2_1p5M_20260121_183806,2322,0.2734375,syndrome_consistent,exact_correct,7,True
type2_1p5M_20260121_183806,2323,0.2578125,syndrome_consistent,exact_correct,5,True
type2_1p5M_20260121_183806,2324,0.23828125,syndrome_consistent,exact_correct,5,True
type2_1p5M_20260121_183806,2325,0.29296875,syndrome_consistent,exact_correct,6,True
type2_1p5M_20260121_183806,2326,0.2265625,syndrome_consistent,exact_correct,5,True
type2_1p5M_20260121_183806,2327,0.234375,syndrome_consistent,exact_correct,8,True
type2_1p5M_20260121_183806,2328,0.2578125,syndrome_consistent,exact_correct,4,True
type2_1p5M_20260121_183806,2329,0.2578125,syndrome_consistent,exact_correct,4,True
type2_1p5M_20260121_183806,2330,0.19921875,syndrome_consistent,exact_correct,4,True
type2_1p5M_20260121_183806,2331,0.27734375,syndrome_consistent,exact_correct,4,True
type2_1p5M_20260121_183806,2332,0.2734375,syndrome_consistent,exact_correct,10,True
type2_1p5M_20260121_183806,2333,0.26171875,syndrome_consistent,exact_correct,4,True
type2_1p5M_20260121_183806,2334,0.2265625,syndrome_consistent,exact_correct,5,True
type2_1p5M_20260121_183806,2335,0.21875,syndrome_consistent,exact_correct,4,True
type2_1p5M_20260121_183806,2336,0.265625,syndrome_consistent,exact_correct,5,True
type2_1p5M_20260121_183806,2337,0.27734375,syndrome_consistent,exact_correct,6,True
type2_1p5M_20260121_183806,2338,0.26953125,syndrome_consistent,exact_correct,5,True
type2_1p5M_20260121_183806,2339,0.2578125,syndrome_consistent,exact_correct,4,True
type2_1p5M_20260121_183806,2340,0.26171875,syndrome_consistent,exact_correct,6,True
type2_1p5M_20260121_183806,2341,0.25390625,syndrome_consistent,exact_correct,7,True
type2_1p5M_20260121_183806,2342,0.25,syndrome_consistent,exact_correct,5,True
type2_1p5M_20260121_183806,2343,0.28515625,syndrome_consistent,exact_correct,7,True
type2_1p5M_20260121_183806,2344,0.25,syndrome_consistent,exact_correct,6,True
type2_1p5M_20260121_183806,2345,0.23046875,syndrome_consistent,exact_correct,5,True
type2_1p5M_20260121_183806,2346,0.25390625,syndrome_consistent,exact_correct,4,True
type2_1p5M_20260121_183806,2347,0.2421875,syndrome_consistent,exact_correct,7,True
type2_1p5M_20260121_183806,2348,0.2421875,syndrome_consistent,exact_correct,5,True
type2_1p5M_20260121_183806,2349,0.234375,syndrome_consistent,exact_correct,5,True
type2_1p5M_20260121_183806,2350,0.3046875,syndrome_consistent,exact_correct,4,True
type2_1p5M_20260121_183806,2351,0.3203125,syndrome_consistent,exact_correct,8,True
type2_1p5M_20260121_183806,2352,0.2578125,syndrome_consistent,exact_correct,6,True
type2_1p5M_20260121_183806,2353,0.23046875,syndrome_consistent,exact_correct,4,True
type2_1p5M_20260121_183806,2354,0.23828125,syndrome_consistent,exact_correct,4,True
type2_1p5M_20260121_183806,2355,0.2421875,syndrome_consistent,exact_correct,4,True
type2_1p5M_20260121_183806,2356,0.25,syndrome_consistent,exact_correct,4,True
type2_1p5M_20260121_183806,2357,0.24609375,syndrome_consistent,exact_correct,4,True
type2_1p5M_20260121_183806,2358,0.19140625,syndrome_consistent,exact_correct,3,True
type2_1p5M_20260121_183806,2359,0.2578125,syndrome_consistent,exact_correct,4,True
type2_1p5M_20260121_183806,2360,0.2421875,syndrome_consistent,exact_correct,4,True
type2_1p5M_20260121_183806,2361,0.203125,syndrome_consistent,exact_correct,3,True
type2_1p5M_20260121_183806,2362,0.26953125,syndrome_consistent,exact_correct,3,True
type2_1p5M_20260121_183806,2363,0.234375,decode_failed,iteration_limit,100,False
type2_1p5M_20260121_183806,2364,0.203125,syndrome_consistent,exact_correct,4,True
type2_1p5M_20260121_183806,2365,0.234375,syndrome_consistent,exact_correct,5,True
type2_1p5M_20260121_183806,2366,0.28125,syndrome_consistent,exact_correct,6,True
type2_1p5M_20260121_183806,2367,0.24609375,syndrome_consistent,exact_correct,4,True
type2_1p5M_20260121_183806,2368,0.24609375,syndrome_consistent,exact_correct,8,True
type2_1p5M_20260121_183806,2369,0.23828125,syndrome_consistent,exact_correct,5,True
type2_1p5M_20260121_183806,2370,0.2265625,syndrome_consistent,exact_correct,5,True
type2_1p5M_20260121_183806,2371,0.265625,syndrome_consistent,exact_correct,5,True
type2_1p5M_20260121_183806,2372,0.25,syndrome_consistent,exact_correct,5,True
type2_1p5M_20260121_183806,2373,0.265625,syndrome_consistent,exact_correct,6,True
type2_1p5M_20260121_183806,2374,0.28125,syndrome_consistent,exact_correct,8,True
type2_1p5M_20260121_183806,2375,0.21484375,syndrome_consistent,exact_correct,4,True
type2_1p5M_20260121_183806,2376,0.21875,syndrome_consistent,exact_correct,4,True
type2_1p5M_20260121_183806,2377,0.23046875,syndrome_consistent,exact_correct,4,True
type2_1p5M_20260121_183806,2378,0.27734375,syndrome_consistent,exact_correct,4,True
type2_1p5M_20260121_183806,2379,0.26953125,syndrome_consistent,exact_correct,4,True
type2_1p5M_20260121_183806,2380,0.25390625,syndrome_consistent,exact_correct,11,True
type2_1p5M_20260121_183806,2381,0.22265625,syndrome_consistent,exact_correct,6,True
type2_1p5M_20260121_183806,2382,0.22265625,syndrome_consistent,exact_correct,4,True
type2_1p5M_20260121_183806,2383,0.30078125,syndrome_consistent,exact_correct,5,True
type2_1p5M_20260121_183806,2384,0.2734375,syndrome_consistent,exact_correct,6,True
type2_1p5M_20260121_183806,2385,0.2421875,syndrome_consistent,exact_correct,4,True
type2_1p5M_20260121_183806,2386,0.1953125,syndrome_consistent,exact_correct,5,True
type2_1p5M_20260121_183806,2387,0.265625,syndrome_consistent,exact_correct,6,True
type2_1p5M_20260121_183806,2388,0.2421875,decode_failed,iteration_limit,100,False
type2_1p5M_20260121_183806,2389,0.234375,syndrome_consistent,exact_correct,4,True
type2_1p5M_20260121_183806,2390,0.21484375,syndrome_consistent,exact_correct,4,True
type2_1p5M_20260121_183806,2391,0.265625,syndrome_consistent,exact_correct,4,True
type2_1p5M_20260121_183806,2392,0.2578125,syndrome_consistent,exact_correct,8,True
type2_1p5M_20260121_183806,2393,0.2578125,syndrome_consistent,exact_correct,4,True
type2_1p5M_20260121_183806,2394,0.27734375,syndrome_consistent,exact_correct,10,True
type2_1p5M_20260121_183806,2395,0.234375,syndrome_consistent,exact_correct,5,True
type2_1p5M_20260121_183806,2396,0.234375,syndrome_consistent,exact_correct,4,True
type2_1p5M_20260121_183806,2397,0.25390625,syndrome_consistent,exact_correct,5,True
type2_1p5M_20260121_183806,2398,0.21484375,syndrome_consistent,exact_correct,3,True
type2_1p5M_20260121_183806,2399,0.25390625,syndrome_consistent,exact_correct,5,True
type2_1p5M_20260121_183806,2400,0.25,syndrome_consistent,exact_correct,5,True
type2_1p5M_20260121_183806,2401,0.28515625,syndrome_consistent,exact_correct,5,True
type2_1p5M_20260121_183806,2402,0.24609375,syndrome_consistent,exact_correct,5,True
type2_1p5M_20260121_183806,2403,0.22265625,syndrome_consistent,exact_correct,4,True
type2_1p5M_20260121_183806,2404,0.27734375,syndrome_consistent,exact_correct,4,True
type2_1p5M_20260121_183806,2405,0.2265625,syndrome_consistent,exact_correct,4,True
type2_1p5M_20260121_183806,2406,0.27734375,syndrome_consistent,exact_correct,5,True
type2_1p5M_20260121_183806,2407,0.25390625,syndrome_consistent,exact_correct,5,True
type2_1p5M_20260121_183806,2408,0.23828125,syndrome_consistent,exact_correct,6,True
type2_1p5M_20260121_183806,2409,0.27734375,syndrome_consistent,exact_correct,5,True
type2_1p5M_20260121_183806,2410,0.25,syndrome_consistent,exact_correct,6,True
type2_1p5M_20260121_183806,2411,0.2734375,syndrome_consistent,exact_correct,6,True
type2_1p5M_20260121_183806,2412,0.26953125,syndrome_consistent,exact_correct,9,True
type2_1p5M_20260121_183806,2413,0.2109375,syndrome_consistent,exact_correct,4,True
type2_1p5M_20260121_183806,2414,0.25,syndrome_consistent,exact_correct,5,True
type2_1p5M_20260121_183806,2415,0.23046875,syndrome_consistent,exact_correct,4,True
type2_1p5M_20260121_183806,2416,0.26953125,syndrome_consistent,exact_correct,5,True
type2_1p5M_20260121_183806,2417,0.23046875,syndrome_consistent,exact_correct,3,True
type2_1p5M_20260121_183806,2418,0.25390625,syndrome_consistent,exact_correct,5,True
type2_1p5M_20260121_183806,2419,0.25,syndrome_consistent,exact_correct,4,True
type2_1p5M_20260121_183806,2420,0.23046875,syndrome_consistent,exact_correct,6,True
type2_1p5M_20260121_183806,2421,0.2578125,syndrome_consistent,exact_correct,4,True
type2_1M_20260121_184040,1500,0.296875,syndrome_consistent,exact_correct,6,True
type2_1M_20260121_184040,1501,0.19921875,syndrome_consistent,exact_correct,4,True
type2_1M_20260121_184040,1502,0.2734375,syndrome_consistent,exact_correct,4,True
type2_1M_20260121_184040,1503,0.2578125,syndrome_consistent,exact_correct,6,True
type2_1M_20260121_184040,1504,0.1953125,syndrome_consistent,exact_correct,3,True
type2_1M_20260121_184040,1505,0.25390625,syndrome_consistent,exact_correct,6,True
type2_1M_20260121_184040,1506,0.26171875,syndrome_consistent,exact_correct,6,True
type2_1M_20260121_184040,1507,0.2421875,syndrome_consistent,exact_correct,4,True
type2_1M_20260121_184040,1508,0.24609375,syndrome_consistent,exact_correct,4,True
type2_1M_20260121_184040,1509,0.21484375,syndrome_consistent,exact_correct,4,True
type2_1M_20260121_184040,1510,0.2421875,syndrome_consistent,exact_correct,4,True
type2_1M_20260121_184040,1511,0.23046875,syndrome_consistent,exact_correct,5,True
type2_1M_20260121_184040,1512,0.22265625,syndrome_consistent,exact_correct,6,True
type2_1M_20260121_184040,1513,0.23046875,syndrome_consistent,exact_correct,8,True
type2_1M_20260121_184040,1514,0.1953125,syndrome_consistent,exact_correct,3,True
type2_1M_20260121_184040,1515,0.203125,syndrome_consistent,exact_correct,5,True
type2_1M_20260121_184040,1516,0.21484375,syndrome_consistent,exact_correct,4,True
type2_1M_20260121_184040,1517,0.2265625,syndrome_consistent,exact_correct,4,True
type2_1M_20260121_184040,1518,0.2421875,syndrome_consistent,exact_correct,5,True
type2_1M_20260121_184040,1519,0.19921875,syndrome_consistent,exact_correct,3,True
type2_1M_20260121_184040,1520,0.2421875,syndrome_consistent,exact_correct,6,True
type2_1M_20260121_184040,1521,0.26171875,syndrome_consistent,exact_correct,5,True
type2_1M_20260121_184040,1522,0.234375,syndrome_consistent,exact_correct,5,True
type2_1M_20260121_184040,1523,0.24609375,syndrome_consistent,exact_correct,6,True
type2_1M_20260121_184040,1524,0.2265625,syndrome_consistent,exact_correct,3,True
type2_1M_20260121_184040,1525,0.234375,syndrome_consistent,exact_correct,4,True
type2_1M_20260121_184040,1526,0.23046875,syndrome_consistent,exact_correct,4,True
type2_1M_20260121_184040,1527,0.2734375,syndrome_consistent,exact_correct,4,True
type2_1M_20260121_184040,1528,0.23046875,syndrome_consistent,exact_correct,5,True
type2_1M_20260121_184040,1529,0.234375,syndrome_consistent,exact_correct,5,True
type2_1M_20260121_184040,1530,0.2421875,syndrome_consistent,exact_correct,5,True
type2_1M_20260121_184040,1531,0.25,syndrome_consistent,exact_correct,4,True
type2_1M_20260121_184040,1532,0.19921875,syndrome_consistent,exact_correct,4,True
type2_1M_20260121_184040,1533,0.20703125,syndrome_consistent,exact_correct,3,True
type2_1M_20260121_184040,1534,0.24609375,syndrome_consistent,exact_correct,4,True
type2_1M_20260121_184040,1535,0.2265625,syndrome_consistent,exact_correct,4,True
type2_1M_20260121_184040,1536,0.234375,syndrome_consistent,exact_correct,4,True
type2_1M_20260121_184040,1537,0.28515625,syndrome_consistent,exact_correct,8,True
type2_1M_20260121_184040,1538,0.2265625,syndrome_consistent,exact_correct,5,True
type2_1M_20260121_184040,1539,0.23046875,syndrome_consistent,exact_correct,3,True
type2_1M_20260121_184040,1540,0.23828125,syndrome_consistent,exact_correct,5,True
type2_1M_20260121_184040,1541,0.2578125,syndrome_consistent,exact_correct,4,True
type2_1M_20260121_184040,1542,0.22265625,syndrome_consistent,exact_correct,4,True
type2_1M_20260121_184040,1543,0.22265625,syndrome_consistent,exact_correct,4,True
type2_1M_20260121_184040,1544,0.21484375,syndrome_consistent,exact_correct,5,True
type2_1M_20260121_184040,1545,0.23828125,syndrome_consistent,exact_correct,4,True
type2_1M_20260121_184040,1546,0.23046875,syndrome_consistent,exact_correct,4,True
type2_1M_20260121_184040,1547,0.1953125,syndrome_consistent,exact_correct,3,True
type2_1M_20260121_184040,1548,0.265625,syndrome_consistent,exact_correct,8,True
type2_1M_20260121_184040,1549,0.19140625,syndrome_consistent,exact_correct,4,True
type2_1M_20260121_184040,1550,0.2265625,syndrome_consistent,exact_correct,5,True
type2_1M_20260121_184040,1551,0.25390625,syndrome_consistent,exact_correct,5,True
type2_1M_20260121_184040,1552,0.21484375,syndrome_consistent,exact_correct,5,True
type2_1M_20260121_184040,1553,0.2421875,syndrome_consistent,exact_correct,3,True
type2_1M_20260121_184040,1554,0.296875,syndrome_consistent,exact_correct,4,True
type2_1M_20260121_184040,1555,0.265625,syndrome_consistent,exact_correct,5,True
type2_1M_20260121_184040,1556,0.2109375,decode_failed,iteration_limit,100,False
type2_1M_20260121_184040,1557,0.2265625,decode_failed,iteration_limit,100,False
type2_1M_20260121_184040,1558,0.23828125,syndrome_consistent,exact_correct,5,True
type2_1M_20260121_184040,1559,0.25390625,syndrome_consistent,exact_correct,4,True
type2_1M_20260121_184040,1560,0.27734375,syndrome_consistent,exact_correct,4,True
type2_1M_20260121_184040,1561,0.2421875,syndrome_consistent,exact_correct,5,True
type2_1M_20260121_184040,1562,0.23828125,syndrome_consistent,exact_correct,5,True
type2_1M_20260121_184040,1563,0.2421875,syndrome_consistent,exact_correct,4,True
type2_1M_20260121_184040,1564,0.25390625,syndrome_consistent,exact_correct,7,True
type2_1M_20260121_184040,1565,0.2421875,syndrome_consistent,exact_correct,5,True
type2_1M_20260121_184040,1566,0.22265625,syndrome_consistent,exact_correct,5,True
type2_1M_20260121_184040,1567,0.28125,syndrome_consistent,exact_correct,14,True
type2_1M_20260121_184040,1568,0.21875,syndrome_consistent,exact_correct,4,True
type2_1M_20260121_184040,1569,0.2421875,syndrome_consistent,exact_correct,5,True
type2_1M_20260121_184040,1570,0.23828125,syndrome_consistent,exact_correct,4,True
type2_1M_20260121_184040,1571,0.234375,syndrome_consistent,exact_correct,5,True
type2_1M_20260121_184040,1572,0.25,syndrome_consistent,exact_correct,4,True
type2_1M_20260121_184040,1573,0.203125,syndrome_consistent,exact_correct,4,True
type2_1M_20260121_184040,1574,0.2578125,syndrome_consistent,exact_correct,4,True
type2_1M_20260121_184040,1575,0.28125,syndrome_consistent,exact_correct,6,True
type2_1M_20260121_184040,1576,0.21484375,syndrome_consistent,exact_correct,4,True
type2_1M_20260121_184040,1577,0.25,syndrome_consistent,exact_correct,5,True
type2_1M_20260121_184040,1578,0.23046875,syndrome_consistent,exact_correct,3,True
type2_1M_20260121_184040,1579,0.27734375,syndrome_consistent,exact_correct,6,True
type2_1M_20260121_184040,1580,0.21875,syndrome_consistent,exact_correct,5,True
type2_1M_20260121_184040,1581,0.265625,syndrome_consistent,exact_correct,5,True
type2_1M_20260121_184040,1582,0.203125,syndrome_consistent,exact_correct,3,True
type2_1M_20260121_184040,1583,0.21875,syndrome_consistent,exact_correct,4,True
type2_1M_20260121_184040,1584,0.2734375,syndrome_consistent,exact_correct,5,True
type2_1M_20260121_184040,1585,0.28125,syndrome_consistent,exact_correct,6,True
type2_1M_20260121_184040,1586,0.203125,syndrome_consistent,exact_correct,3,True
type2_1M_20260121_184040,1587,0.27734375,syndrome_consistent,exact_correct,5,True
type2_1M_20260121_184040,1588,0.24609375,syndrome_consistent,exact_correct,5,True
type2_1M_20260121_184040,1589,0.2421875,syndrome_consistent,exact_correct,4,True
type2_1M_20260121_184040,1590,0.203125,syndrome_consistent,exact_correct,4,True
type2_1M_20260121_184040,1591,0.24609375,syndrome_consistent,exact_correct,4,True
type2_1M_20260121_184040,1592,0.25390625,syndrome_consistent,exact_correct,5,True
type2_1M_20260121_184040,1593,0.2734375,syndrome_consistent,exact_correct,8,True
type2_1M_20260121_184040,1594,0.23046875,syndrome_consistent,exact_correct,4,True
type2_1M_20260121_184040,1595,0.25,syndrome_consistent,exact_correct,4,True
type2_1M_20260121_184040,1596,0.24609375,syndrome_consistent,exact_correct,5,True
type2_1M_20260121_184040,1597,0.234375,syndrome_consistent,exact_correct,4,True
type2_1M_20260121_184040,1598,0.31640625,syndrome_consistent,exact_correct,12,True
type2_1M_20260121_184040,1599,0.23828125,syndrome_consistent,exact_correct,4,True
type2_1M_20260121_184040,1600,0.21484375,syndrome_consistent,exact_correct,4,True
type2_1M_20260121_184040,1601,0.234375,syndrome_consistent,exact_correct,5,True
type2_1M_20260121_184040,1602,0.21484375,syndrome_consistent,exact_correct,3,True
type2_1M_20260121_184040,1603,0.25,syndrome_consistent,exact_correct,4,True
type2_1M_20260121_184040,1604,0.23828125,syndrome_consistent,exact_correct,6,True
type2_1M_20260121_184040,1605,0.23828125,syndrome_consistent,exact_correct,4,True
type2_1M_20260121_184040,1606,0.2109375,syndrome_consistent,exact_correct,5,True
type2_1M_20260121_184040,1607,0.2578125,syndrome_consistent,exact_correct,4,True
type2_1M_20260121_184040,1608,0.23828125,syndrome_consistent,exact_correct,6,True
type2_1M_20260121_184040,1609,0.2421875,syndrome_consistent,exact_correct,7,True
type2_1M_20260121_184040,1610,0.29296875,syndrome_consistent,exact_correct,4,True
type2_1M_20260121_184040,1611,0.234375,syndrome_consistent,exact_correct,5,True
type2_1M_20260121_184040,1612,0.2734375,syndrome_consistent,exact_correct,6,True
type2_1M_20260121_184040,1613,0.18359375,syndrome_consistent,exact_correct,4,True
type2_1M_20260121_184040,1614,0.2265625,syndrome_consistent,exact_correct,4,True
type2_1M_20260121_184040,1615,0.265625,syndrome_consistent,exact_correct,5,True
type2_1M_20260121_184040,1616,0.328125,syndrome_consistent,exact_correct,8,True
type2_1M_20260121_184040,1617,0.25390625,syndrome_consistent,exact_correct,6,True
type2_1M_20260121_184040,1618,0.2109375,syndrome_consistent,exact_correct,4,True
type2_1M_20260121_184040,1619,0.2265625,syndrome_consistent,exact_correct,4,True
type2_1M_20260121_184040,1620,0.24609375,syndrome_consistent,exact_correct,7,True
type2_1M_20260121_184040,1621,0.2578125,syndrome_consistent,exact_correct,4,True
type2_1M_20260121_184040,1622,0.25,decode_failed,iteration_limit,100,False
type2_1M_20260121_184040,1623,0.2421875,syndrome_consistent,exact_correct,4,True
type2_1M_20260121_184040,1624,0.23828125,syndrome_consistent,exact_correct,5,True
type2_1M_20260121_184040,1625,0.26953125,syndrome_consistent,exact_correct,4,True
type2_1M_20260121_184040,1626,0.24609375,syndrome_consistent,exact_correct,5,True
type2_1M_20260121_184040,1627,0.23046875,syndrome_consistent,exact_correct,6,True
type2_1M_20260121_184040,1628,0.19921875,syndrome_consistent,exact_correct,3,True
type2_1M_20260121_184040,1629,0.25,syndrome_consistent,exact_correct,5,True
type2_1M_20260121_184040,1630,0.2109375,syndrome_consistent,exact_correct,3,True
type2_1M_20260121_184040,1631,0.28125,syndrome_consistent,exact_correct,5,True
type2_1M_20260121_184040,1632,0.23828125,syndrome_consistent,exact_correct,6,True
type2_1M_20260121_184040,1633,0.234375,syndrome_consistent,exact_correct,4,True
type2_1M_20260121_184040,1634,0.25390625,syndrome_consistent,exact_correct,5,True
type2_1M_20260121_184040,1635,0.20703125,syndrome_consistent,exact_correct,4,True
type2_1M_20260121_184040,1636,0.21484375,syndrome_consistent,exact_correct,3,True
type2_1M_20260121_184040,1637,0.17578125,syndrome_consistent,exact_correct,4,True
type2_1M_20260121_184040,1638,0.2578125,syndrome_consistent,exact_correct,4,True
type2_1M_20260121_184040,1639,0.2578125,decode_failed,iteration_limit,100,False
type2_1M_20260121_184040,1640,0.24609375,syndrome_consistent,exact_correct,4,True
type2_1M_20260121_184040,1641,0.22265625,syndrome_consistent,exact_correct,5,True
type2_1M_20260121_184040,1642,0.22265625,syndrome_consistent,exact_correct,5,True
type2_1M_20260121_184040,1643,0.23046875,syndrome_consistent,exact_correct,3,True
type2_1M_20260121_184040,1644,0.26953125,syndrome_consistent,exact_correct,5,True
type2_1M_20260121_184040,1645,0.2890625,syndrome_consistent,exact_correct,8,True
type2_1M_20260121_184040,1646,0.2734375,syndrome_consistent,exact_correct,5,True
type2_1M_20260121_184040,1647,0.2109375,syndrome_consistent,exact_correct,4,True
type2_1M_20260121_184040,1648,0.2734375,syndrome_consistent,exact_correct,6,True
type2_1M_20260121_184040,1649,0.23828125,syndrome_consistent,exact_correct,5,True
type2_1M_20260121_184040,1650,0.25,syndrome_consistent,exact_correct,4,True
type2_1M_20260121_184040,1651,0.25390625,syndrome_consistent,exact_correct,5,True
type2_1M_20260121_184040,1652,0.2265625,syndrome_consistent,exact_correct,3,True
type2_1M_20260121_184040,1653,0.2421875,syndrome_consistent,exact_correct,5,True
type2_1M_20260121_184040,1654,0.1953125,syndrome_consistent,exact_correct,3,True
type2_1M_20260121_184040,1655,0.23046875,syndrome_consistent,exact_correct,4,True
type2_1M_20260121_184040,1656,0.26953125,syndrome_consistent,exact_correct,7,True
type2_1M_20260121_184040,1657,0.26171875,syndrome_consistent,exact_correct,5,True
type2_1M_20260121_184040,1658,0.2265625,syndrome_consistent,exact_correct,4,True
type2_1M_20260121_184040,1659,0.2265625,syndrome_consistent,exact_correct,6,True
type2_1M_20260121_184040,1660,0.203125,syndrome_consistent,exact_correct,4,True
type2_1M_20260121_184040,1661,0.234375,syndrome_consistent,exact_correct,5,True
type2_1M_20260121_184040,1662,0.2578125,syndrome_consistent,exact_correct,5,True
type2_1M_20260121_184040,1663,0.23828125,syndrome_consistent,exact_correct,7,True
type2_1M_20260121_184040,1664,0.20703125,syndrome_consistent,exact_correct,4,True
type2_1M_20260121_184040,1665,0.21484375,syndrome_consistent,exact_correct,3,True
type2_1M_20260121_184040,1666,0.21484375,syndrome_consistent,exact_correct,4,True
type2_1M_20260121_184040,1667,0.24609375,syndrome_consistent,exact_correct,6,True
type2_1M_20260121_184040,1668,0.22265625,syndrome_consistent,exact_correct,6,True
type2_1M_20260121_184040,1669,0.21875,syndrome_consistent,exact_correct,4,True
type2_1M_20260121_184040,1670,0.25,syndrome_consistent,exact_correct,4,True
type2_1M_20260121_184040,1671,0.265625,syndrome_consistent,exact_correct,5,True
type2_1M_20260121_184040,1672,0.21875,syndrome_consistent,exact_correct,3,True
type2_1M_20260121_184040,1673,0.2578125,syndrome_consistent,exact_correct,4,True
type2_1M_20260121_184040,1674,0.234375,syndrome_consistent,exact_correct,3,True
type2_1M_20260121_184040,1675,0.30078125,syndrome_consistent,exact_correct,7,True
type2_1M_20260121_184040,1676,0.2421875,syndrome_consistent,exact_correct,4,True
type2_1M_20260121_184040,1677,0.25,syndrome_consistent,exact_correct,7,True
type2_1M_20260121_184040,1678,0.28125,syndrome_consistent,exact_correct,8,True
type2_1M_20260121_184040,1679,0.234375,syndrome_consistent,exact_correct,3,True
type2_1M_20260121_184040,1680,0.2421875,syndrome_consistent,exact_correct,6,True
type2_1M_20260121_184040,1681,0.28125,syndrome_consistent,exact_correct,6,True
type2_1M_20260121_184040,1682,0.23828125,syndrome_consistent,exact_correct,4,True
type2_1M_20260121_184040,1683,0.23046875,syndrome_consistent,exact_correct,4,True
type2_1M_20260121_184040,1684,0.25,syndrome_consistent,exact_correct,7,True
type2_1M_20260121_184040,1685,0.21484375,syndrome_consistent,exact_correct,3,True
type2_1M_20260121_184040,1686,0.23828125,syndrome_consistent,exact_correct,6,True
type2_1M_20260121_184040,1687,0.28125,syndrome_consistent,exact_correct,5,True
type2_1M_20260121_184040,1688,0.28125,syndrome_consistent,exact_correct,6,True
type2_1M_20260121_184040,1689,0.23046875,syndrome_consistent,exact_correct,4,True
type2_1M_20260121_184040,1690,0.23046875,syndrome_consistent,exact_correct,3,True
type2_1M_20260121_184040,1691,0.26953125,syndrome_consistent,exact_correct,5,True
type2_1M_20260121_184040,1692,0.26171875,syndrome_consistent,exact_correct,4,True
type2_1M_20260121_184040,1693,0.25,syndrome_consistent,exact_correct,5,True
type2_1M_20260121_184040,1694,0.23046875,syndrome_consistent,exact_correct,4,True
type2_1M_20260121_184040,1695,0.22265625,syndrome_consistent,exact_correct,4,True
type2_1M_20260121_184040,1696,0.2578125,syndrome_consistent,exact_correct,5,True
type2_1M_20260121_184040,1697,0.203125,syndrome_consistent,exact_correct,5,True
type2_1M_20260121_184040,1698,0.24609375,syndrome_consistent,exact_correct,5,True
type2_1M_20260121_184040,1699,0.2578125,syndrome_consistent,exact_correct,9,True
type2_1M_20260121_184040,1700,0.25390625,syndrome_consistent,exact_correct,5,True
type2_1M_20260121_184040,1701,0.2265625,syndrome_consistent,exact_correct,4,True
type2_1M_20260121_184040,1702,0.234375,syndrome_consistent,exact_correct,4,True
type2_1M_20260121_184040,1703,0.21875,syndrome_consistent,exact_correct,4,True
type2_1M_20260121_184040,1704,0.21484375,syndrome_consistent,exact_correct,4,True
type2_1M_20260121_184040,1705,0.23046875,syndrome_consistent,exact_correct,4,True
type2_1M_20260121_184040,1706,0.2265625,syndrome_consistent,exact_correct,5,True
type2_1M_20260121_184040,1707,0.19140625,syndrome_consistent,exact_correct,2,True
type2_1M_20260121_184040,1708,0.21875,syndrome_consistent,exact_correct,4,True
type2_1M_20260121_184040,1709,0.24609375,syndrome_consistent,exact_correct,5,True
type2_1M_20260121_184040,1710,0.23828125,syndrome_consistent,exact_correct,6,True
type2_1M_20260121_184040,1711,0.28125,syndrome_consistent,exact_correct,5,True
type2_1M_20260121_184040,1712,0.21875,syndrome_consistent,exact_correct,3,True
type2_1M_20260121_184040,1713,0.24609375,syndrome_consistent,exact_correct,7,True
type2_1M_20260121_184040,1714,0.23828125,syndrome_consistent,exact_correct,5,True
type2_1M_20260121_184040,1715,0.265625,syndrome_consistent,exact_correct,7,True
type2_1M_20260121_184040,1716,0.26171875,syndrome_consistent,exact_correct,4,True
type2_1M_20260121_184040,1717,0.234375,syndrome_consistent,exact_correct,4,True
type2_1M_20260121_184040,1718,0.2265625,syndrome_consistent,exact_correct,4,True
type2_1M_20260121_184040,1719,0.23828125,syndrome_consistent,exact_correct,5,True
type2_1M_20260121_184040,1720,0.3203125,syndrome_consistent,exact_correct,6,True
type2_1M_20260121_184040,1721,0.21875,syndrome_consistent,exact_correct,3,True
type2_1M_20260121_184040,1722,0.22265625,syndrome_consistent,exact_correct,3,True
type2_1M_20260121_184040,1723,0.24609375,syndrome_consistent,exact_correct,5,True
type2_1M_20260121_184040,1724,0.2890625,syndrome_consistent,exact_correct,8,True
type2_1M_20260121_184040,1725,0.234375,syndrome_consistent,exact_correct,4,True
type2_1M_20260121_184040,1726,0.2421875,syndrome_consistent,exact_correct,4,True
type2_1M_20260121_184040,1727,0.1875,syndrome_consistent,exact_correct,3,True
type2_1M_20260121_184040,1728,0.25390625,syndrome_consistent,exact_correct,6,True
type2_1M_20260121_184040,1729,0.1796875,syndrome_consistent,exact_correct,4,True
type2_1M_20260121_184040,1730,0.22265625,syndrome_consistent,exact_correct,7,True
type2_1M_20260121_184040,1731,0.22265625,syndrome_consistent,exact_correct,3,True
type2_1M_20260121_184040,1732,0.23046875,syndrome_consistent,exact_correct,4,True
type2_1M_20260121_184040,1733,0.22265625,syndrome_consistent,exact_correct,4,True
type2_1M_20260121_184040,1734,0.234375,syndrome_consistent,exact_correct,5,True
type2_1M_20260121_184040,1735,0.25,syndrome_consistent,exact_correct,4,True
type2_1M_20260121_184040,1736,0.24609375,syndrome_consistent,exact_correct,4,True
type2_1M_20260121_184040,1737,0.22265625,syndrome_consistent,exact_correct,4,True
type2_1M_20260121_184040,1738,0.2109375,syndrome_consistent,exact_correct,4,True
type2_1M_20260121_184040,1739,0.23828125,syndrome_consistent,exact_correct,5,True
type2_1M_20260121_184040,1740,0.2578125,syndrome_consistent,exact_correct,6,True
type2_1M_20260121_184040,1741,0.25,syndrome_consistent,exact_correct,7,True
type2_1M_20260121_184040,1742,0.265625,syndrome_consistent,exact_correct,6,True
type2_1M_20260121_184040,1743,0.1875,syndrome_consistent,exact_correct,3,True
type2_1M_20260121_184040,1744,0.23828125,syndrome_consistent,exact_correct,5,True
type2_1M_20260121_184040,1745,0.3046875,syndrome_consistent,exact_correct,7,True
type2_1M_20260121_184040,1746,0.265625,syndrome_consistent,exact_correct,7,True
type2_1M_20260121_184040,1747,0.23046875,syndrome_consistent,exact_correct,4,True
type2_1M_20260121_184040,1748,0.19921875,syndrome_consistent,exact_correct,4,True
type2_1M_20260121_184040,1749,0.2421875,syndrome_consistent,exact_correct,4,True
type2_2M_20260121_183657,2736,0.234375,syndrome_consistent,exact_correct,5,True
type2_2M_20260121_183657,2737,0.29296875,syndrome_consistent,exact_correct,6,True
type2_2M_20260121_183657,2738,0.234375,syndrome_consistent,exact_correct,6,True
type2_2M_20260121_183657,2739,0.24609375,syndrome_consistent,exact_correct,7,True
type2_2M_20260121_183657,2740,0.234375,syndrome_consistent,exact_correct,3,True
type2_2M_20260121_183657,2741,0.25,syndrome_consistent,exact_correct,5,True
type2_2M_20260121_183657,2742,0.25390625,syndrome_consistent,exact_correct,5,True
type2_2M_20260121_183657,2743,0.2734375,syndrome_consistent,exact_correct,5,True
type2_2M_20260121_183657,2744,0.265625,syndrome_consistent,exact_correct,6,True
type2_2M_20260121_183657,2745,0.2890625,syndrome_consistent,exact_correct,5,True
type2_2M_20260121_183657,2746,0.2734375,decode_failed,iteration_limit,100,False
type2_2M_20260121_183657,2747,0.234375,syndrome_consistent,exact_correct,4,True
type2_2M_20260121_183657,2748,0.26171875,syndrome_consistent,exact_correct,5,True
type2_2M_20260121_183657,2749,0.2578125,syndrome_consistent,exact_correct,5,True
type2_2M_20260121_183657,2750,0.26171875,syndrome_consistent,exact_correct,5,True
type2_2M_20260121_183657,2751,0.21484375,syndrome_consistent,exact_correct,3,True
type2_2M_20260121_183657,2752,0.26953125,syndrome_consistent,exact_correct,4,True
type2_2M_20260121_183657,2753,0.24609375,syndrome_consistent,exact_correct,4,True
type2_2M_20260121_183657,2754,0.2734375,syndrome_consistent,exact_correct,5,True
type2_2M_20260121_183657,2755,0.2578125,syndrome_consistent,exact_correct,4,True
type2_2M_20260121_183657,2756,0.2578125,syndrome_consistent,exact_correct,6,True
type2_2M_20260121_183657,2757,0.234375,syndrome_consistent,exact_correct,8,True
type2_2M_20260121_183657,2758,0.2109375,syndrome_consistent,exact_correct,4,True
type2_2M_20260121_183657,2759,0.30078125,syndrome_consistent,exact_correct,9,True
type2_2M_20260121_183657,2760,0.21875,syndrome_consistent,exact_correct,4,True
type2_2M_20260121_183657,2761,0.234375,syndrome_consistent,exact_correct,5,True
type2_2M_20260121_183657,2762,0.20703125,syndrome_consistent,exact_correct,5,True
type2_2M_20260121_183657,2763,0.203125,syndrome_consistent,exact_correct,4,True
type2_2M_20260121_183657,2764,0.26953125,syndrome_consistent,exact_correct,5,True
type2_2M_20260121_183657,2765,0.203125,syndrome_consistent,exact_correct,5,True
type2_2M_20260121_183657,2766,0.26953125,syndrome_consistent,exact_correct,5,True
type2_2M_20260121_183657,2767,0.24609375,syndrome_consistent,exact_correct,4,True
type2_2M_20260121_183657,2768,0.2890625,syndrome_consistent,exact_correct,7,True
type2_2M_20260121_183657,2769,0.28515625,syndrome_consistent,exact_correct,5,True
type2_2M_20260121_183657,2770,0.26953125,decode_failed,iteration_limit,100,False
type2_2M_20260121_183657,2771,0.265625,syndrome_consistent,exact_correct,4,True
type2_2M_20260121_183657,2772,0.30078125,syndrome_consistent,exact_correct,7,True
type2_2M_20260121_183657,2773,0.24609375,syndrome_consistent,exact_correct,5,True
type2_2M_20260121_183657,2774,0.234375,syndrome_consistent,exact_correct,5,True
type2_2M_20260121_183657,2775,0.296875,syndrome_consistent,exact_correct,5,True
type2_2M_20260121_183657,2776,0.234375,syndrome_consistent,exact_correct,6,True
type2_2M_20260121_183657,2777,0.2421875,syndrome_consistent,exact_correct,7,True
type2_2M_20260121_183657,2778,0.25,syndrome_consistent,exact_correct,3,True
type2_2M_20260121_183657,2779,0.31640625,syndrome_consistent,exact_correct,9,True
type2_2M_20260121_183657,2780,0.25,syndrome_consistent,exact_correct,4,True
type2_2M_20260121_183657,2781,0.25390625,syndrome_consistent,exact_correct,4,True
type2_2M_20260121_183657,2782,0.31640625,syndrome_consistent,exact_correct,11,True
type2_2M_20260121_183657,2783,0.2265625,syndrome_consistent,exact_correct,5,True
type2_2M_20260121_183657,2784,0.25390625,syndrome_consistent,exact_correct,5,True
type2_2M_20260121_183657,2785,0.2578125,syndrome_consistent,exact_correct,5,True
type2_2M_20260121_183657,2786,0.234375,syndrome_consistent,exact_correct,4,True
type2_2M_20260121_183657,2787,0.22265625,syndrome_consistent,exact_correct,4,True
type2_2M_20260121_183657,2788,0.23828125,syndrome_consistent,exact_correct,4,True
type2_2M_20260121_183657,2789,0.2734375,syndrome_consistent,exact_correct,5,True
type2_2M_20260121_183657,2790,0.26171875,syndrome_consistent,exact_correct,6,True
type2_2M_20260121_183657,2791,0.28515625,syndrome_consistent,exact_correct,6,True
type2_2M_20260121_183657,2792,0.26171875,syndrome_consistent,exact_correct,4,True
type2_2M_20260121_183657,2793,0.29296875,syndrome_consistent,exact_correct,6,True
type2_2M_20260121_183657,2794,0.265625,syndrome_consistent,exact_correct,9,True
type2_2M_20260121_183657,2795,0.28125,syndrome_consistent,exact_correct,11,True
type2_2M_20260121_183657,2796,0.25390625,syndrome_consistent,exact_correct,5,True
type2_2M_20260121_183657,2797,0.26171875,syndrome_consistent,exact_correct,8,True
type2_2M_20260121_183657,2798,0.26171875,syndrome_consistent,exact_correct,5,True
type2_2M_20260121_183657,2799,0.265625,syndrome_consistent,exact_correct,5,True
type2_2M_20260121_183657,2800,0.23828125,syndrome_consistent,exact_correct,5,True
type2_2M_20260121_183657,2801,0.2421875,syndrome_consistent,exact_correct,4,True
type2_2M_20260121_183657,2802,0.24609375,syndrome_consistent,exact_correct,5,True
type2_2M_20260121_183657,2803,0.27734375,syndrome_consistent,exact_correct,5,True
type2_2M_20260121_183657,2804,0.2734375,syndrome_consistent,exact_correct,6,True
type2_2M_20260121_183657,2805,0.2421875,syndrome_consistent,exact_correct,4,True
type2_2M_20260121_183657,2806,0.25,syndrome_consistent,exact_correct,7,True
type2_2M_20260121_183657,2807,0.2734375,syndrome_consistent,exact_correct,4,True
type2_2M_20260121_183657,2808,0.25390625,syndrome_consistent,exact_correct,5,True
type2_2M_20260121_183657,2809,0.296875,syndrome_consistent,exact_correct,6,True
type2_2M_20260121_183657,2810,0.2578125,syndrome_consistent,exact_correct,8,True
type2_2M_20260121_183657,2811,0.25390625,syndrome_consistent,exact_correct,8,True
type2_2M_20260121_183657,2812,0.20703125,syndrome_consistent,exact_correct,5,True
type2_2M_20260121_183657,2813,0.3125,syndrome_consistent,exact_correct,5,True
type2_2M_20260121_183657,2814,0.2578125,syndrome_consistent,exact_correct,7,True
type2_2M_20260121_183657,2815,0.26953125,syndrome_consistent,exact_correct,5,True
type2_2M_20260121_183657,2816,0.26953125,syndrome_consistent,exact_correct,9,True
type2_2M_20260121_183657,2817,0.28515625,syndrome_consistent,exact_correct,6,True
type2_2M_20260121_183657,2818,0.21484375,syndrome_consistent,exact_correct,4,True
type2_2M_20260121_183657,2819,0.2421875,syndrome_consistent,exact_correct,4,True
type2_2M_20260121_183657,2820,0.25,syndrome_consistent,exact_correct,4,True
type2_2M_20260121_183657,2821,0.25,syndrome_consistent,exact_correct,5,True
type2_2M_20260121_183657,2822,0.27734375,syndrome_consistent,exact_correct,9,True
type2_2M_20260121_183657,2823,0.30078125,syndrome_consistent,exact_correct,7,True
type2_2M_20260121_183657,2824,0.26953125,syndrome_consistent,exact_correct,6,True
type2_2M_20260121_183657,2825,0.25,syndrome_consistent,exact_correct,5,True
type2_2M_20260121_183657,2826,0.27734375,syndrome_consistent,exact_correct,6,True
type2_2M_20260121_183657,2827,0.28125,syndrome_consistent,exact_correct,6,True
type2_2M_20260121_183657,2828,0.19921875,syndrome_consistent,exact_correct,5,True
type2_2M_20260121_183657,2829,0.23046875,syndrome_consistent,exact_correct,3,True
type2_2M_20260121_183657,2830,0.2265625,syndrome_consistent,exact_correct,6,True
type2_2M_20260121_183657,2831,0.26171875,syndrome_consistent,exact_correct,4,True
type2_2M_20260121_183657,2832,0.265625,syndrome_consistent,exact_correct,7,True
type2_2M_20260121_183657,2833,0.21484375,syndrome_consistent,exact_correct,6,True
type2_2M_20260121_183657,2834,0.25,syndrome_consistent,exact_correct,4,True
type2_2M_20260121_183657,2835,0.2734375,syndrome_consistent,exact_correct,5,True
type2_2M_20260121_183657,2836,0.2265625,syndrome_consistent,exact_correct,4,True
type2_2M_20260121_183657,2837,0.25390625,syndrome_consistent,exact_correct,5,True
type2_2M_20260121_183657,2838,0.234375,syndrome_consistent,exact_correct,4,True
type2_2M_20260121_183657,2839,0.234375,syndrome_consistent,exact_correct,4,True
type2_2M_20260121_183657,2840,0.24609375,syndrome_consistent,exact_correct,6,True
type2_2M_20260121_183657,2841,0.23828125,syndrome_consistent,exact_correct,6,True
type2_2M_20260121_183657,2842,0.24609375,syndrome_consistent,exact_correct,4,True
type2_2M_20260121_183657,2843,0.234375,syndrome_consistent,exact_correct,4,True
type2_2M_20260121_183657,2844,0.26171875,syndrome_consistent,exact_correct,10,True
type2_2M_20260121_183657,2845,0.29296875,syndrome_consistent,exact_correct,6,True
type2_2M_20260121_183657,2846,0.21875,syndrome_consistent,exact_correct,4,True
type2_2M_20260121_183657,2847,0.2890625,syndrome_consistent,exact_correct,8,True
type2_2M_20260121_183657,2848,0.24609375,syndrome_consistent,exact_correct,6,True
type2_2M_20260121_183657,2849,0.28125,syndrome_consistent,exact_correct,5,True
type2_2M_20260121_183657,2850,0.30859375,syndrome_consistent,exact_correct,5,True
type2_2M_20260121_183657,2851,0.28515625,syndrome_consistent,exact_correct,7,True
type2_2M_20260121_183657,2852,0.22265625,syndrome_consistent,exact_correct,4,True
type2_2M_20260121_183657,2853,0.28515625,syndrome_consistent,exact_correct,5,True
type2_2M_20260121_183657,2854,0.21484375,syndrome_consistent,exact_correct,7,True
type2_2M_20260121_183657,2855,0.1953125,syndrome_consistent,exact_correct,4,True
type2_2M_20260121_183657,2856,0.2734375,syndrome_consistent,exact_correct,8,True
type2_2M_20260121_183657,2857,0.23828125,syndrome_consistent,exact_correct,4,True
type2_2M_20260121_183657,2858,0.2734375,syndrome_consistent,exact_correct,6,True
type2_2M_20260121_183657,2859,0.265625,syndrome_consistent,exact_correct,6,True
type2_2M_20260121_183657,2860,0.25390625,syndrome_consistent,exact_correct,4,True
type2_2M_20260121_183657,2861,0.21875,syndrome_consistent,exact_correct,3,True
type2_2M_20260121_183657,2862,0.27734375,syndrome_consistent,exact_correct,5,True
type2_2M_20260121_183657,2863,0.23828125,syndrome_consistent,exact_correct,4,True
type2_2M_20260121_183657,2864,0.28125,syndrome_consistent,exact_correct,8,True
type2_2M_20260121_183657,2865,0.2578125,syndrome_consistent,exact_correct,7,True
type2_2M_20260121_183657,2866,0.18359375,syndrome_consistent,exact_correct,4,True
type2_2M_20260121_183657,2867,0.234375,syndrome_consistent,exact_correct,4,True
type2_2M_20260121_183657,2868,0.2578125,syndrome_consistent,exact_correct,4,True
type2_2M_20260121_183657,2869,0.265625,syndrome_consistent,exact_correct,4,True
type2_2M_20260121_183657,2870,0.3046875,syndrome_consistent,exact_correct,15,True
type2_2M_20260121_183657,2871,0.30078125,syndrome_consistent,exact_correct,4,True
type2_2M_20260121_183657,2872,0.24609375,syndrome_consistent,exact_correct,5,True
type2_2M_20260121_183657,2873,0.21484375,syndrome_consistent,exact_correct,4,True
type2_2M_20260121_183657,2874,0.23046875,syndrome_consistent,exact_correct,7,True
type2_2M_20260121_183657,2875,0.265625,syndrome_consistent,exact_correct,5,True
type2_2M_20260121_183657,2876,0.2265625,syndrome_consistent,exact_correct,4,True
type2_2M_20260121_183657,2877,0.29296875,syndrome_consistent,exact_correct,10,True
type2_2M_20260121_183657,2878,0.25,syndrome_consistent,exact_correct,10,True
type2_2M_20260121_183657,2879,0.19921875,syndrome_consistent,exact_correct,4,True
type2_2M_20260121_183657,2880,0.2734375,decode_failed,iteration_limit,100,False
type2_2M_20260121_183657,2881,0.24609375,syndrome_consistent,exact_correct,4,True
type2_2M_20260121_183657,2882,0.2421875,syndrome_consistent,exact_correct,5,True
type2_2M_20260121_183657,2883,0.32421875,syndrome_consistent,exact_correct,9,True
type2_2M_20260121_183657,2884,0.19921875,syndrome_consistent,exact_correct,4,True
type2_2M_20260121_183657,2885,0.24609375,syndrome_consistent,exact_correct,4,True
type2_2M_20260121_183657,2886,0.2421875,syndrome_consistent,exact_correct,5,True
type2_2M_20260121_183657,2887,0.265625,syndrome_consistent,exact_correct,5,True
type2_2M_20260121_183657,2888,0.296875,syndrome_consistent,exact_correct,4,True
type2_2M_20260121_183657,2889,0.2578125,syndrome_consistent,exact_correct,4,True
type2_2M_20260121_183657,2890,0.2890625,syndrome_consistent,exact_correct,4,True
type2_2M_20260121_183657,2891,0.265625,syndrome_consistent,exact_correct,8,True
type2_2M_20260121_183657,2892,0.26953125,syndrome_consistent,exact_correct,5,True
type2_2M_20260121_183657,2893,0.30078125,syndrome_consistent,exact_correct,6,True
type2_2M_20260121_183657,2894,0.23046875,syndrome_consistent,exact_correct,3,True
type2_2M_20260121_183657,2895,0.25390625,syndrome_consistent,exact_correct,4,True
type2_2M_20260121_183657,2896,0.2578125,syndrome_consistent,exact_correct,5,True
type2_2M_20260121_183657,2897,0.23046875,syndrome_consistent,exact_correct,4,True
type2_2M_20260121_183657,2898,0.2734375,syndrome_consistent,exact_correct,4,True
type2_2M_20260121_183657,2899,0.234375,syndrome_consistent,exact_correct,4,True
type2_2M_20260121_183657,2900,0.26953125,syndrome_consistent,exact_correct,6,True
type2_2M_20260121_183657,2901,0.25390625,syndrome_consistent,exact_correct,5,True
type2_2M_20260121_183657,2902,0.24609375,syndrome_consistent,exact_correct,6,True
type2_2M_20260121_183657,2903,0.265625,syndrome_consistent,exact_correct,10,True
type2_2M_20260121_183657,2904,0.30859375,syndrome_consistent,exact_correct,5,True
type2_2M_20260121_183657,2905,0.28125,syndrome_consistent,exact_correct,7,True
type2_2M_20260121_183657,2906,0.23828125,syndrome_consistent,exact_correct,5,True
type2_2M_20260121_183657,2907,0.26171875,syndrome_consistent,exact_correct,9,True
type2_2M_20260121_183657,2908,0.25390625,syndrome_consistent,exact_correct,5,True
type2_2M_20260121_183657,2909,0.2578125,syndrome_consistent,exact_correct,5,True
type2_2M_20260121_183657,2910,0.234375,syndrome_consistent,exact_correct,4,True
type2_2M_20260121_183657,2911,0.2421875,syndrome_consistent,exact_correct,4,True
type2_2M_20260121_183657,2912,0.26171875,syndrome_consistent,exact_correct,8,True
type2_2M_20260121_183657,2913,0.2578125,syndrome_consistent,exact_correct,5,True
type2_2M_20260121_183657,2914,0.2890625,syndrome_consistent,exact_correct,6,True
type2_2M_20260121_183657,2915,0.2421875,syndrome_consistent,exact_correct,4,True
type2_2M_20260121_183657,2916,0.2109375,syndrome_consistent,exact_correct,6,True
type2_2M_20260121_183657,2917,0.2265625,syndrome_consistent,exact_correct,5,True
type2_2M_20260121_183657,2918,0.26171875,syndrome_consistent,exact_correct,4,True
type2_2M_20260121_183657,2919,0.234375,syndrome_consistent,exact_correct,5,True
type2_2M_20260121_183657,2920,0.28125,syndrome_consistent,exact_correct,5,True
type2_2M_20260121_183657,2921,0.265625,syndrome_consistent,exact_correct,5,True
type2_2M_20260121_183657,2922,0.234375,syndrome_consistent,exact_correct,6,True
type2_2M_20260121_183657,2923,0.2734375,syndrome_consistent,exact_correct,4,True
type2_2M_20260121_183657,2924,0.2890625,decode_failed,iteration_limit,100,False
type2_2M_20260121_183657,2925,0.2421875,syndrome_consistent,exact_correct,5,True
type2_2M_20260121_183657,2926,0.265625,syndrome_consistent,exact_correct,8,True
type2_2M_20260121_183657,2927,0.24609375,syndrome_consistent,exact_correct,4,True
type2_2M_20260121_183657,2928,0.234375,syndrome_consistent,exact_correct,4,True
type2_2M_20260121_183657,2929,0.25,syndrome_consistent,exact_correct,8,True
type2_2M_20260121_183657,2930,0.25390625,syndrome_consistent,exact_correct,3,True
type2_2M_20260121_183657,2931,0.23828125,syndrome_consistent,exact_correct,5,True
type2_2M_20260121_183657,2932,0.28515625,syndrome_consistent,exact_correct,4,True
type2_2M_20260121_183657,2933,0.26171875,syndrome_consistent,exact_correct,4,True
type2_2M_20260121_183657,2934,0.26171875,syndrome_consistent,exact_correct,5,True
type2_2M_20260121_183657,2935,0.25390625,syndrome_consistent,exact_correct,5,True
type2_2M_20260121_183657,2936,0.26171875,syndrome_consistent,exact_correct,4,True
type2_2M_20260121_183657,2937,0.2421875,syndrome_consistent,exact_correct,4,True
type2_2M_20260121_183657,2938,0.2734375,syndrome_consistent,exact_correct,7,True
type2_2M_20260121_183657,2939,0.265625,syndrome_consistent,exact_correct,6,True
type2_2M_20260121_183657,2940,0.2734375,syndrome_consistent,exact_correct,12,True
type2_2M_20260121_183657,2941,0.27734375,syndrome_consistent,exact_correct,8,True
type2_2M_20260121_183657,2942,0.234375,syndrome_consistent,exact_correct,4,True
type2_2M_20260121_183657,2943,0.22265625,syndrome_consistent,exact_correct,4,True
type2_2M_20260121_183657,2944,0.27734375,syndrome_consistent,exact_correct,5,True
type2_2M_20260121_183657,2945,0.265625,syndrome_consistent,exact_correct,4,True
type2_2M_20260121_183657,2946,0.26171875,syndrome_consistent,exact_correct,5,True
type2_2M_20260121_183657,2947,0.27734375,syndrome_consistent,exact_correct,6,True
type2_2M_20260121_183657,2948,0.23046875,syndrome_consistent,exact_correct,6,True
type2_2M_20260121_183657,2949,0.265625,syndrome_consistent,exact_correct,6,True
type2_2M_20260121_183657,2950,0.2421875,syndrome_consistent,exact_correct,5,True
type2_2M_20260121_183657,2951,0.234375,syndrome_consistent,exact_correct,6,True
type2_2M_20260121_183657,2952,0.2265625,syndrome_consistent,exact_correct,5,True
type2_2M_20260121_183657,2953,0.24609375,syndrome_consistent,exact_correct,5,True
type2_2M_20260121_183657,2954,0.25,syndrome_consistent,exact_correct,6,True
type2_2M_20260121_183657,2955,0.23828125,syndrome_consistent,exact_correct,4,True
type2_2M_20260121_183657,2956,0.2109375,syndrome_consistent,exact_correct,6,True
type2_2M_20260121_183657,2957,0.29296875,syndrome_consistent,exact_correct,6,True
type2_2M_20260121_183657,2958,0.30078125,syndrome_consistent,exact_correct,6,True
type2_2M_20260121_183657,2959,0.2421875,syndrome_consistent,exact_correct,8,True
type2_2M_20260121_183657,2960,0.27734375,syndrome_consistent,exact_correct,7,True
type2_2M_20260121_183657,2961,0.2421875,syndrome_consistent,exact_correct,4,True
type2_2M_20260121_183657,2962,0.18359375,syndrome_consistent,exact_correct,3,True
type2_2M_20260121_183657,2963,0.24609375,syndrome_consistent,exact_correct,6,True
type2_2M_20260121_183657,2964,0.2578125,syndrome_consistent,exact_correct,5,True
type2_2M_20260121_183657,2965,0.2578125,syndrome_consistent,exact_correct,4,True
type2_2M_20260121_183657,2966,0.21484375,syndrome_consistent,exact_correct,4,True
type2_2M_20260121_183657,2967,0.2109375,syndrome_consistent,exact_correct,5,True
type2_2M_20260121_183657,2968,0.21484375,syndrome_consistent,exact_correct,5,True
type2_2M_20260121_183657,2969,0.21875,syndrome_consistent,exact_correct,5,True
type2_2M_20260121_183657,2970,0.25,syndrome_consistent,exact_correct,4,True
type2_2M_20260121_183657,2971,0.2578125,syndrome_consistent,exact_correct,10,True
type2_2M_20260121_183657,2972,0.25,syndrome_consistent,exact_correct,10,True
type2_2M_20260121_183657,2973,0.26171875,syndrome_consistent,exact_correct,5,True
type2_2M_20260121_183657,2974,0.30859375,syndrome_consistent,exact_correct,5,True
type2_2M_20260121_183657,2975,0.2265625,syndrome_consistent,exact_correct,5,True
type2_2M_20260121_183657,2976,0.234375,syndrome_consistent,exact_correct,4,True
type2_2M_20260121_183657,2977,0.26953125,syndrome_consistent,exact_correct,8,True
type2_2M_20260121_183657,2978,0.203125,syndrome_consistent,exact_correct,3,True
type2_2M_20260121_183657,2979,0.234375,syndrome_consistent,exact_correct,3,True
type2_2M_20260121_183657,2980,0.203125,syndrome_consistent,exact_correct,4,True
type2_2M_20260121_183657,2981,0.28125,syndrome_consistent,exact_correct,5,True
type2_2M_20260121_183657,2982,0.24609375,syndrome_consistent,exact_correct,4,True
type2_2M_20260121_183657,2983,0.23046875,syndrome_consistent,exact_correct,5,True
type2_2M_20260121_183657,2984,0.23046875,syndrome_consistent,exact_correct,4,True
type2_2M_20260121_183657,2985,0.30078125,syndrome_consistent,exact_correct,10,True
type2_2M_20260121_183657,2986,0.234375,syndrome_consistent,exact_correct,4,True
type2_2M_20260121_183657,2987,0.27734375,syndrome_consistent,exact_correct,11,True
type2_2M_20260121_183657,2988,0.265625,syndrome_consistent,exact_correct,5,True
type2_2M_20260121_183657,2989,0.2578125,syndrome_consistent,exact_correct,5,True
type2_2M_20260121_183657,2990,0.27734375,syndrome_consistent,exact_correct,6,True
type2_2M_20260121_183657,2991,0.23046875,syndrome_consistent,exact_correct,3,True
type2_2M_20260121_183657,2992,0.2734375,syndrome_consistent,exact_correct,7,True
type2_2M_20260121_183657,2993,0.26953125,syndrome_consistent,exact_correct,7,True
type2_2M_20260121_183657,2994,0.1796875,syndrome_consistent,exact_correct,4,True
type2_2M_20260121_183657,2995,0.28515625,syndrome_consistent,exact_correct,5,True
type2_2M_20260121_183657,2996,0.2578125,syndrome_consistent,exact_correct,4,True
type2_2M_20260121_183657,2997,0.26171875,syndrome_consistent,exact_correct,6,True
type2_2M_20260121_183657,2998,0.22265625,syndrome_consistent,exact_correct,4,True
type2_2M_20260121_183657,2999,0.30078125,syndrome_consistent,exact_correct,6,True
type2_2M_20260121_183657,3000,0.25390625,syndrome_consistent,exact_correct,5,True
type2_2M_20260121_183657,3001,0.2734375,syndrome_consistent,exact_correct,4,True
type2_2M_20260121_183657,3002,0.3125,syndrome_consistent,exact_correct,12,True
type2_2M_20260121_183657,3003,0.203125,syndrome_consistent,exact_correct,5,True
type2_2M_20260121_183657,3004,0.2578125,syndrome_consistent,exact_correct,4,True
type2_2M_20260121_183657,3005,0.25,syndrome_consistent,exact_correct,5,True
type2_2M_20260121_183657,3006,0.26171875,syndrome_consistent,exact_correct,5,True
type2_2M_20260121_183657,3007,0.23046875,syndrome_consistent,exact_correct,4,True
type2_2M_20260121_183657,3008,0.2890625,syndrome_consistent,exact_correct,6,True
type2_2M_20260121_183657,3009,0.22265625,syndrome_consistent,exact_correct,4,True
type2_2M_20260121_183657,3010,0.25390625,syndrome_consistent,exact_correct,4,True
type2_2M_20260121_183657,3011,0.25390625,syndrome_consistent,exact_correct,5,True
type2_2M_20260121_183657,3012,0.22265625,syndrome_consistent,exact_correct,5,True
type2_2M_20260121_183657,3013,0.24609375,syndrome_consistent,exact_correct,4,True
type2_2M_20260121_183657,3014,0.265625,syndrome_consistent,exact_correct,5,True
type2_2M_20260121_183657,3015,0.265625,syndrome_consistent,exact_correct,7,True
type2_2M_20260121_183657,3016,0.21484375,syndrome_consistent,exact_correct,4,True
type2_2M_20260121_183657,3017,0.2578125,syndrome_consistent,exact_correct,3,True
type2_2M_20260121_183657,3018,0.25,decode_failed,iteration_limit,100,False
type2_2M_20260121_183657,3019,0.2578125,syndrome_consistent,exact_correct,7,True
type2_2M_20260121_183657,3020,0.25390625,syndrome_consistent,exact_correct,5,True
type2_2M_20260121_183657,3021,0.2421875,syndrome_consistent,exact_correct,4,True
type2_2M_20260121_183657,3022,0.28125,syndrome_consistent,exact_correct,8,True
type2_2M_20260121_183657,3023,0.2109375,syndrome_consistent,exact_correct,8,True
type2_2M_20260121_183657,3024,0.23046875,syndrome_consistent,exact_correct,7,True
type2_2M_20260121_183657,3025,0.20703125,syndrome_consistent,exact_correct,5,True
type2_2M_20260121_183657,3026,0.265625,syndrome_consistent,exact_correct,5,True
type2_2M_20260121_183657,3027,0.29296875,syndrome_consistent,exact_correct,6,True
type2_2M_20260121_183657,3028,0.265625,syndrome_consistent,exact_correct,6,True
type2_2M_20260121_183657,3029,0.26953125,syndrome_consistent,exact_correct,7,True
type2_2M_20260121_183657,3030,0.21875,syndrome_consistent,exact_correct,5,True
type2_2M_20260121_183657,3031,0.26171875,syndrome_consistent,exact_correct,6,True
type2_2M_20260121_183657,3032,0.25390625,syndrome_consistent,exact_correct,5,True
type2_2M_20260121_183657,3033,0.265625,syndrome_consistent,exact_correct,4,True
type2_2M_20260121_183657,3034,0.26953125,syndrome_consistent,exact_correct,5,True
type2_2M_20260121_183657,3035,0.28125,syndrome_consistent,exact_correct,8,True
type2_2M_20260121_183657,3036,0.26171875,syndrome_consistent,exact_correct,6,True
type2_2M_20260121_183657,3037,0.24609375,syndrome_consistent,exact_correct,5,True
type2_2M_20260121_183657,3038,0.23046875,syndrome_consistent,exact_correct,5,True
type2_2M_20260121_183657,3039,0.2734375,syndrome_consistent,exact_correct,6,True
type2_2M_20260121_183657,3040,0.28125,syndrome_consistent,exact_correct,7,True
type2_2M_20260121_183657,3041,0.27734375,syndrome_consistent,exact_correct,4,True
type2_2M_20260121_183657,3042,0.2734375,syndrome_consistent,exact_correct,4,True
type2_2M_20260121_183657,3043,0.27734375,syndrome_consistent,exact_correct,8,True
type2_2M_20260121_183657,3044,0.22265625,syndrome_consistent,exact_correct,4,True
type2_2M_20260121_183657,3045,0.2734375,syndrome_consistent,exact_correct,12,True
type2_2M_20260121_183657,3046,0.25,syndrome_consistent,exact_correct,5,True
type2_2M_20260121_183657,3047,0.2421875,syndrome_consistent,exact_correct,4,True
type2_2M_20260121_183657,3048,0.2265625,syndrome_consistent,exact_correct,5,True
type2_2M_20260121_183657,3049,0.2578125,syndrome_consistent,exact_correct,5,True
type2_2M_20260121_183657,3050,0.28125,syndrome_consistent,exact_correct,8,True
type2_2M_20260121_183657,3051,0.26953125,syndrome_consistent,exact_correct,5,True
type2_2M_20260121_183657,3052,0.265625,syndrome_consistent,exact_correct,6,True
type2_2M_20260121_183657,3053,0.28515625,syndrome_consistent,exact_correct,5,True
type2_2M_20260121_183657,3054,0.2734375,syndrome_consistent,exact_correct,5,True
type2_2M_20260121_183657,3055,0.26171875,syndrome_consistent,exact_correct,12,True
type2_2M_20260121_183657,3056,0.2734375,syndrome_consistent,exact_correct,5,True
type2_2M_20260121_183657,3057,0.234375,syndrome_consistent,exact_correct,3,True
type2_2M_20260121_183657,3058,0.31640625,syndrome_consistent,exact_correct,9,True
type2_2M_20260121_183657,3059,0.2265625,syndrome_consistent,exact_correct,3,True
type2_2M_20260121_183657,3060,0.25390625,syndrome_consistent,exact_correct,6,True
type2_2M_20260121_183657,3061,0.28515625,syndrome_consistent,exact_correct,5,True
type2_2M_20260121_183657,3062,0.25390625,syndrome_consistent,exact_correct,4,True
type2_2M_20260121_183657,3063,0.23046875,syndrome_consistent,exact_correct,5,True
type2_2M_20260121_183657,3064,0.2578125,syndrome_consistent,exact_correct,6,True
type2_2M_20260121_183657,3065,0.234375,syndrome_consistent,exact_correct,4,True
type2_2M_20260121_183657,3066,0.2421875,syndrome_consistent,exact_correct,5,True
type2_2M_20260121_183657,3067,0.2421875,syndrome_consistent,exact_correct,5,True
type2_2M_20260121_183657,3068,0.25390625,syndrome_consistent,exact_correct,8,True
type2_2M_20260121_183657,3069,0.23828125,syndrome_consistent,exact_correct,5,True
type2_2M_20260121_183657,3070,0.25390625,syndrome_consistent,exact_correct,5,True
type2_2M_20260121_183657,3071,0.2578125,syndrome_consistent,exact_correct,4,True
type2_2M_20260121_183657,3072,0.24609375,syndrome_consistent,exact_correct,8,True
type2_2M_20260121_183657,3073,0.20703125,syndrome_consistent,exact_correct,5,True
type2_2M_20260121_183657,3074,0.2734375,syndrome_consistent,exact_correct,6,True
type2_2M_20260121_183657,3075,0.27734375,syndrome_consistent,exact_correct,4,True
type2_2M_20260121_183657,3076,0.25,syndrome_consistent,exact_correct,3,True
type2_2M_20260121_183657,3077,0.29296875,syndrome_consistent,exact_correct,7,True
type2_2M_20260121_183657,3078,0.28515625,syndrome_consistent,exact_correct,8,True
type2_2M_20260121_183657,3079,0.25,syndrome_consistent,exact_correct,5,True
type2_2M_20260121_183657,3080,0.26171875,syndrome_consistent,exact_correct,6,True
type2_2M_20260121_183657,3081,0.1953125,syndrome_consistent,exact_correct,4,True
type2_2M_20260121_183657,3082,0.25,syndrome_consistent,exact_correct,4,True
type2_2M_20260121_183657,3083,0.23828125,syndrome_consistent,exact_correct,3,True
type2_2M_20260121_183657,3084,0.23828125,syndrome_consistent,exact_correct,5,True
type2_2M_20260121_183657,3085,0.2734375,syndrome_consistent,exact_correct,6,True
type2_2M_20260121_183657,3086,0.26953125,syndrome_consistent,exact_correct,4,True
type2_2M_20260121_183657,3087,0.27734375,syndrome_consistent,exact_correct,7,True
type2_2M_20260121_183657,3088,0.26171875,syndrome_consistent,exact_correct,4,True
type2_2M_20260121_183657,3089,0.2421875,syndrome_consistent,exact_correct,6,True
type2_2M_20260121_183657,3090,0.1953125,syndrome_consistent,exact_correct,4,True
type2_2M_20260121_183657,3091,0.20703125,syndrome_consistent,exact_correct,4,True
type2_2M_20260121_183657,3092,0.26171875,syndrome_consistent,exact_correct,7,True
type2_2M_20260121_183657,3093,0.234375,syndrome_consistent,exact_correct,4,True
type2_2M_20260121_183657,3094,0.2734375,syndrome_consistent,exact_correct,4,True
type2_2M_20260121_183657,3095,0.21484375,syndrome_consistent,exact_correct,5,True
type2_2M_20260121_183657,3096,0.27734375,syndrome_consistent,exact_correct,10,True
type2_2M_20260121_183657,3097,0.26171875,syndrome_consistent,exact_correct,5,True
type2_2M_20260121_183657,3098,0.2265625,syndrome_consistent,exact_correct,5,True
type2_2M_20260121_183657,3099,0.28515625,syndrome_consistent,exact_correct,5,True
type2_2M_20260121_183657,3100,0.25390625,syndrome_consistent,exact_correct,4,True
type2_2M_20260121_183657,3101,0.21875,syndrome_consistent,exact_correct,5,True
type2_2M_20260121_183657,3102,0.25,syndrome_consistent,exact_correct,4,True
type2_2M_20260121_183657,3103,0.234375,syndrome_consistent,exact_correct,4,True
type2_2M_20260121_183657,3104,0.23046875,syndrome_consistent,exact_correct,5,True
type2_2M_20260121_183657,3105,0.25,syndrome_consistent,exact_correct,6,True
type2_2M_20260121_183657,3106,0.26171875,syndrome_consistent,exact_correct,5,True
type2_2M_20260121_183657,3107,0.21484375,syndrome_consistent,exact_correct,3,True
type2_2M_20260121_183657,3108,0.23828125,syndrome_consistent,exact_correct,5,True
type2_2M_20260121_183657,3109,0.28515625,syndrome_consistent,exact_correct,6,True
type2_2M_20260121_183657,3110,0.2578125,syndrome_consistent,exact_correct,6,True
type2_2M_20260121_183657,3111,0.24609375,syndrome_consistent,exact_correct,5,True
type2_2M_20260121_183657,3112,0.2421875,syndrome_consistent,exact_correct,6,True
type2_2M_20260121_183657,3113,0.19921875,syndrome_consistent,exact_correct,3,True
type2_2M_20260121_183657,3114,0.22265625,syndrome_consistent,exact_correct,4,True
type2_2M_20260121_183657,3115,0.234375,syndrome_consistent,exact_correct,5,True
type2_2M_20260121_183657,3116,0.2421875,syndrome_consistent,exact_correct,3,True
type2_2M_20260121_183657,3117,0.2421875,syndrome_consistent,exact_correct,4,True
type2_2M_20260121_183657,3118,0.234375,syndrome_consistent,exact_correct,4,True
type2_2M_20260121_183657,3119,0.26953125,syndrome_consistent,exact_correct,4,True
type2_2M_20260121_183657,3120,0.2265625,syndrome_consistent,exact_correct,4,True
type2_2M_20260121_183657,3121,0.3125,syndrome_consistent,exact_correct,6,True
type2_2M_20260121_183657,3122,0.265625,syndrome_consistent,exact_correct,8,True
type2_2M_20260121_183657,3123,0.234375,syndrome_consistent,exact_correct,4,True
type2_2M_20260121_183657,3124,0.26953125,syndrome_consistent,exact_correct,6,True
type2_2M_20260121_183657,3125,0.2578125,syndrome_consistent,exact_correct,7,True
type2_2M_20260121_183657,3126,0.28515625,decode_failed,iteration_limit,100,False
type2_2M_20260121_183657,3127,0.24609375,syndrome_consistent,exact_correct,7,True
type2_2M_20260121_183657,3128,0.234375,syndrome_consistent,exact_correct,6,True
type2_2M_20260121_183657,3129,0.296875,syndrome_consistent,exact_correct,6,True
type2_2M_20260121_183657,3130,0.2265625,syndrome_consistent,exact_correct,4,True
type2_2M_20260121_183657,3131,0.2265625,syndrome_consistent,exact_correct,4,True
type2_2M_20260121_183657,3132,0.2265625,syndrome_consistent,exact_correct,4,True
type2_2M_20260121_183657,3133,0.26953125,syndrome_consistent,exact_correct,5,True
type2_2M_20260121_183657,3134,0.234375,syndrome_consistent,exact_correct,7,True
type2_2M_20260121_183657,3135,0.24609375,syndrome_consistent,exact_correct,4,True
type2_2M_20260121_183657,3136,0.21875,syndrome_consistent,exact_correct,4,True
type2_2M_20260121_183657,3137,0.23828125,syndrome_consistent,exact_correct,5,True
type2_2M_20260121_183657,3138,0.23046875,syndrome_consistent,exact_correct,4,True
type2_2M_20260121_183657,3139,0.2421875,syndrome_consistent,exact_correct,5,True
type2_2M_20260121_183657,3140,0.25390625,syndrome_consistent,exact_correct,6,True
type2_2M_20260121_183657,3141,0.23828125,syndrome_consistent,exact_correct,4,True
type2_2M_20260121_183657,3142,0.2578125,syndrome_consistent,exact_correct,6,True
type2_2M_20260121_183657,3143,0.26171875,syndrome_consistent,exact_correct,4,True
type2_2M_20260121_183657,3144,0.29296875,syndrome_consistent,exact_correct,6,True
type2_2M_20260121_183657,3145,0.24609375,syndrome_consistent,exact_correct,12,True
type2_2M_20260121_183657,3146,0.27734375,syndrome_consistent,exact_correct,5,True
type2_2M_20260121_183657,3147,0.26171875,syndrome_consistent,exact_correct,4,True
type2_2M_20260121_183657,3148,0.23046875,syndrome_consistent,exact_correct,4,True
type2_2M_20260121_183657,3149,0.27734375,syndrome_consistent,exact_correct,9,True
type2_2M_20260121_183657,3150,0.2578125,syndrome_consistent,exact_correct,5,True
type2_2M_20260121_183657,3151,0.25,syndrome_consistent,exact_correct,5,True
type2_2M_20260121_183657,3152,0.25,syndrome_consistent,exact_correct,4,True
type2_2M_20260121_183657,3153,0.26171875,syndrome_consistent,exact_correct,5,True
type2_2M_20260121_183657,3154,0.234375,syndrome_consistent,exact_correct,7,True
type2_2M_20260121_183657,3155,0.2421875,syndrome_consistent,exact_correct,5,True
type2_2M_20260121_183657,3156,0.25390625,decode_failed,iteration_limit,100,False
type2_2M_20260121_183657,3157,0.2734375,syndrome_consistent,exact_correct,5,True
type2_2M_20260121_183657,3158,0.2421875,syndrome_consistent,exact_correct,5,True
type2_2M_20260121_183657,3159,0.1875,syndrome_consistent,exact_correct,3,True
type2_2M_20260121_183657,3160,0.296875,syndrome_consistent,exact_correct,5,True
type2_2M_20260121_183657,3161,0.23046875,syndrome_consistent,exact_correct,6,True
type2_2M_20260121_183657,3162,0.26171875,syndrome_consistent,exact_correct,6,True
type2_2M_20260121_183657,3163,0.23828125,syndrome_consistent,exact_correct,4,True
type2_2M_20260121_183657,3164,0.2734375,syndrome_consistent,exact_correct,11,True
type2_2M_20260121_183657,3165,0.2578125,syndrome_consistent,exact_correct,4,True
type2_2M_20260121_183657,3166,0.28515625,syndrome_consistent,exact_correct,5,True
type2_2M_20260121_183657,3167,0.2578125,syndrome_consistent,exact_correct,8,True
type2_2M_20260121_183657,3168,0.265625,syndrome_consistent,exact_correct,6,True
type2_2M_20260121_183657,3169,0.296875,syndrome_consistent,exact_correct,4,True
type2_2M_20260121_183657,3170,0.24609375,syndrome_consistent,exact_correct,4,True
type2_2M_20260121_183657,3171,0.2109375,syndrome_consistent,exact_correct,6,True
type2_2M_20260121_183657,3172,0.25,syndrome_consistent,exact_correct,6,True
type2_2M_20260121_183657,3173,0.2421875,syndrome_consistent,exact_correct,6,True
type2_2M_20260121_183657,3174,0.24609375,syndrome_consistent,exact_correct,4,True
type2_2M_20260121_183657,3175,0.27734375,syndrome_consistent,exact_correct,6,True
type2_2M_20260121_183657,3176,0.24609375,syndrome_consistent,exact_correct,5,True
type2_2M_20260121_183657,3177,0.2578125,syndrome_consistent,exact_correct,6,True
type2_2M_20260121_183657,3178,0.2421875,syndrome_consistent,exact_correct,5,True
type2_2M_20260121_183657,3179,0.2265625,syndrome_consistent,exact_correct,7,True
type2_2M_20260121_183657,3180,0.25390625,syndrome_consistent,exact_correct,5,True
type2_2M_20260121_183657,3181,0.21484375,syndrome_consistent,exact_correct,5,True
type2_2M_20260121_183657,3182,0.28515625,syndrome_consistent,exact_correct,5,True
type2_2M_20260121_183657,3183,0.2578125,syndrome_consistent,exact_correct,5,True
type2_2M_20260121_183657,3184,0.2734375,syndrome_consistent,exact_correct,4,True
type2_2M_20260121_183657,3185,0.25,syndrome_consistent,exact_correct,3,True
type2_2M_20260121_183657,3186,0.2421875,syndrome_consistent,exact_correct,7,True
type2_2M_20260121_183657,3187,0.25390625,syndrome_consistent,exact_correct,7,True
type2_2M_20260121_183657,3188,0.234375,syndrome_consistent,exact_correct,3,True
type2_2M_20260121_183657,3189,0.26171875,syndrome_consistent,exact_correct,5,True
type2_2M_20260121_183657,3190,0.28515625,syndrome_consistent,exact_correct,5,True
type2_2M_20260121_183657,3191,0.28125,syndrome_consistent,exact_correct,6,True
type2_1p5M_20260121_183806,2422,0.26171875,syndrome_consistent,exact_correct,5,True
type2_1p5M_20260121_183806,2423,0.26171875,syndrome_consistent,exact_correct,5,True
type2_1p5M_20260121_183806,2424,0.24609375,syndrome_consistent,exact_correct,5,True
type2_1p5M_20260121_183806,2425,0.265625,syndrome_consistent,exact_correct,5,True
type2_1p5M_20260121_183806,2426,0.23828125,syndrome_consistent,exact_correct,6,True
type2_1p5M_20260121_183806,2427,0.23828125,syndrome_consistent,exact_correct,6,True
type2_1p5M_20260121_183806,2428,0.2265625,syndrome_consistent,exact_correct,4,True
type2_1p5M_20260121_183806,2429,0.25390625,syndrome_consistent,exact_correct,5,True
type2_1p5M_20260121_183806,2430,0.25,syndrome_consistent,exact_correct,4,True
type2_1p5M_20260121_183806,2431,0.234375,syndrome_consistent,exact_correct,5,True
type2_1p5M_20260121_183806,2432,0.1796875,syndrome_consistent,exact_correct,4,True
type2_1p5M_20260121_183806,2433,0.25390625,syndrome_consistent,exact_correct,5,True
type2_1p5M_20260121_183806,2434,0.24609375,decode_failed,iteration_limit,100,False
type2_1p5M_20260121_183806,2435,0.30078125,syndrome_consistent,exact_correct,8,True
type2_1p5M_20260121_183806,2436,0.25,syndrome_consistent,exact_correct,6,True
type2_1p5M_20260121_183806,2437,0.26953125,syndrome_consistent,exact_correct,5,True
type2_1p5M_20260121_183806,2438,0.25390625,syndrome_consistent,exact_correct,6,True
type2_1p5M_20260121_183806,2439,0.26171875,syndrome_consistent,exact_correct,5,True
type2_1p5M_20260121_183806,2440,0.2578125,syndrome_consistent,exact_correct,5,True
type2_1p5M_20260121_183806,2441,0.2421875,syndrome_consistent,exact_correct,4,True
type2_1p5M_20260121_183806,2442,0.2890625,syndrome_consistent,exact_correct,7,True
type2_1p5M_20260121_183806,2443,0.2421875,syndrome_consistent,exact_correct,4,True
type2_1p5M_20260121_183806,2444,0.2578125,syndrome_consistent,exact_correct,4,True
type2_1p5M_20260121_183806,2445,0.24609375,syndrome_consistent,exact_correct,8,True
type2_1p5M_20260121_183806,2446,0.21875,syndrome_consistent,exact_correct,3,True
type2_1p5M_20260121_183806,2447,0.27734375,syndrome_consistent,exact_correct,5,True
type2_1p5M_20260121_183806,2448,0.21484375,syndrome_consistent,exact_correct,4,True
type2_1p5M_20260121_183806,2449,0.265625,syndrome_consistent,exact_correct,5,True
type2_1p5M_20260121_183806,2450,0.265625,syndrome_consistent,exact_correct,9,True
type2_1p5M_20260121_183806,2451,0.30859375,syndrome_consistent,exact_correct,6,True
type2_1p5M_20260121_183806,2452,0.26953125,syndrome_consistent,exact_correct,4,True
type2_1p5M_20260121_183806,2453,0.2421875,syndrome_consistent,exact_correct,5,True
type2_1p5M_20260121_183806,2454,0.23828125,syndrome_consistent,exact_correct,3,True
type2_1p5M_20260121_183806,2455,0.2890625,syndrome_consistent,exact_correct,9,True
type2_1p5M_20260121_183806,2456,0.2734375,syndrome_consistent,exact_correct,4,True
type2_1p5M_20260121_183806,2457,0.26953125,syndrome_consistent,exact_correct,4,True
type2_1p5M_20260121_183806,2458,0.26171875,syndrome_consistent,exact_correct,4,True
type2_1p5M_20260121_183806,2459,0.28125,syndrome_consistent,exact_correct,5,True
type2_1p5M_20260121_183806,2460,0.24609375,syndrome_consistent,exact_correct,5,True
type2_1p5M_20260121_183806,2461,0.2734375,syndrome_consistent,exact_correct,3,True
type2_1p5M_20260121_183806,2462,0.3046875,syndrome_consistent,exact_correct,10,True
type2_1p5M_20260121_183806,2463,0.23828125,syndrome_consistent,exact_correct,5,True
type2_1p5M_20260121_183806,2464,0.296875,syndrome_consistent,exact_correct,7,True
type2_1p5M_20260121_183806,2465,0.28125,syndrome_consistent,exact_correct,4,True
type2_1p5M_20260121_183806,2466,0.2578125,syndrome_consistent,exact_correct,6,True
type2_1p5M_20260121_183806,2467,0.234375,syndrome_consistent,exact_correct,4,True
type2_1p5M_20260121_183806,2468,0.28515625,syndrome_consistent,exact_correct,8,True
type2_1p5M_20260121_183806,2469,0.23046875,syndrome_consistent,exact_correct,5,True
type2_1p5M_20260121_183806,2470,0.30859375,syndrome_consistent,exact_correct,5,True
type2_1p5M_20260121_183806,2471,0.27734375,syndrome_consistent,exact_correct,5,True
type2_1p5M_20260121_183806,2472,0.29296875,syndrome_consistent,exact_correct,6,True
type2_1p5M_20260121_183806,2473,0.2421875,syndrome_consistent,exact_correct,5,True
type2_1p5M_20260121_183806,2474,0.18359375,syndrome_consistent,exact_correct,3,True
type2_1p5M_20260121_183806,2475,0.25390625,syndrome_consistent,exact_correct,6,True
type2_1p5M_20260121_183806,2476,0.2421875,syndrome_consistent,exact_correct,4,True
type2_1p5M_20260121_183806,2477,0.22265625,syndrome_consistent,exact_correct,4,True
type2_1p5M_20260121_183806,2478,0.26171875,syndrome_consistent,exact_correct,5,True
type2_1p5M_20260121_183806,2479,0.265625,syndrome_consistent,exact_correct,6,True
type2_1p5M_20260121_183806,2480,0.203125,syndrome_consistent,exact_correct,5,True
type2_1p5M_20260121_183806,2481,0.2734375,syndrome_consistent,exact_correct,6,True
type2_1p5M_20260121_183806,2482,0.3203125,syndrome_consistent,exact_correct,5,True
type2_1p5M_20260121_183806,2483,0.19140625,syndrome_consistent,exact_correct,3,True
type2_1p5M_20260121_183806,2484,0.2734375,syndrome_consistent,exact_correct,5,True
type2_1p5M_20260121_183806,2485,0.23828125,syndrome_consistent,exact_correct,4,True
type2_1p5M_20260121_183806,2486,0.2265625,syndrome_consistent,exact_correct,6,True
type2_1p5M_20260121_183806,2487,0.32421875,syndrome_consistent,exact_correct,7,True
type2_1p5M_20260121_183806,2488,0.2734375,syndrome_consistent,exact_correct,6,True
type2_1p5M_20260121_183806,2489,0.25,syndrome_consistent,exact_correct,6,True
type2_1p5M_20260121_183806,2490,0.28125,syndrome_consistent,exact_correct,4,True
type2_1p5M_20260121_183806,2491,0.23046875,syndrome_consistent,exact_correct,5,True
type2_1p5M_20260121_183806,2492,0.1953125,syndrome_consistent,exact_correct,4,True
type2_1p5M_20260121_183806,2493,0.23828125,syndrome_consistent,exact_correct,4,True
type2_1p5M_20260121_183806,2494,0.2421875,syndrome_consistent,exact_correct,4,True
type2_1p5M_20260121_183806,2495,0.29296875,syndrome_consistent,exact_correct,6,True
type2_1p5M_20260121_183806,2496,0.22265625,syndrome_consistent,exact_correct,5,True
type2_1p5M_20260121_183806,2497,0.26171875,syndrome_consistent,exact_correct,6,True
type2_1p5M_20260121_183806,2498,0.2890625,syndrome_consistent,exact_correct,8,True
type2_1p5M_20260121_183806,2499,0.21484375,syndrome_consistent,exact_correct,3,True
type2_1p5M_20260121_183806,2500,0.234375,syndrome_consistent,exact_correct,4,True
type2_1p5M_20260121_183806,2501,0.2734375,syndrome_consistent,exact_correct,4,True
type2_1p5M_20260121_183806,2502,0.25390625,syndrome_consistent,exact_correct,5,True
type2_1p5M_20260121_183806,2503,0.2109375,syndrome_consistent,exact_correct,4,True
type2_1p5M_20260121_183806,2504,0.23828125,syndrome_consistent,exact_correct,5,True
type2_1p5M_20260121_183806,2505,0.23828125,syndrome_consistent,exact_correct,6,True
type2_1p5M_20260121_183806,2506,0.23046875,syndrome_consistent,exact_correct,5,True
type2_1p5M_20260121_183806,2507,0.26953125,syndrome_consistent,exact_correct,5,True
type2_1p5M_20260121_183806,2508,0.26171875,syndrome_consistent,exact_correct,9,True
type2_1p5M_20260121_183806,2509,0.2890625,syndrome_consistent,exact_correct,6,True
type2_1p5M_20260121_183806,2510,0.23828125,syndrome_consistent,exact_correct,5,True
type2_1p5M_20260121_183806,2511,0.29296875,syndrome_consistent,exact_correct,8,True
type2_1p5M_20260121_183806,2512,0.2734375,syndrome_consistent,exact_correct,5,True
type2_1p5M_20260121_183806,2513,0.26953125,syndrome_consistent,exact_correct,5,True
type2_1p5M_20260121_183806,2514,0.26171875,syndrome_consistent,exact_correct,7,True
type2_1p5M_20260121_183806,2515,0.26171875,syndrome_consistent,exact_correct,4,True
type2_1p5M_20260121_183806,2516,0.30078125,decode_failed,iteration_limit,100,False
type2_1p5M_20260121_183806,2517,0.28125,syndrome_consistent,exact_correct,6,True
type2_1p5M_20260121_183806,2518,0.2421875,syndrome_consistent,exact_correct,4,True
type2_1p5M_20260121_183806,2519,0.23828125,syndrome_consistent,exact_correct,10,True
type2_1p5M_20260121_183806,2520,0.26171875,syndrome_consistent,exact_correct,5,True
type2_1p5M_20260121_183806,2521,0.25,decode_failed,iteration_limit,100,False
type2_1p5M_20260121_183806,2522,0.2578125,syndrome_consistent,exact_correct,5,True
type2_1p5M_20260121_183806,2523,0.1875,syndrome_consistent,exact_correct,2,True
type2_1p5M_20260121_183806,2524,0.26171875,syndrome_consistent,exact_correct,8,True
type2_1p5M_20260121_183806,2525,0.31640625,syndrome_consistent,exact_correct,9,True
type2_1p5M_20260121_183806,2526,0.27734375,syndrome_consistent,exact_correct,6,True
type2_1p5M_20260121_183806,2527,0.23828125,syndrome_consistent,exact_correct,5,True
type2_1p5M_20260121_183806,2528,0.265625,syndrome_consistent,exact_correct,10,True
type2_1p5M_20260121_183806,2529,0.2421875,syndrome_consistent,exact_correct,8,True
type2_1p5M_20260121_183806,2530,0.23828125,syndrome_consistent,exact_correct,4,True
type2_1p5M_20260121_183806,2531,0.29296875,syndrome_consistent,exact_correct,7,True
type2_1p5M_20260121_183806,2532,0.23828125,syndrome_consistent,exact_correct,4,True
type2_1p5M_20260121_183806,2533,0.20703125,syndrome_consistent,exact_correct,3,True
type2_1p5M_20260121_183806,2534,0.2578125,syndrome_consistent,exact_correct,4,True
type2_1p5M_20260121_183806,2535,0.24609375,syndrome_consistent,exact_correct,4,True
type2_1p5M_20260121_183806,2536,0.203125,syndrome_consistent,exact_correct,3,True
type2_1p5M_20260121_183806,2537,0.26953125,syndrome_consistent,exact_correct,5,True
type2_1p5M_20260121_183806,2538,0.22265625,syndrome_consistent,exact_correct,5,True
type2_1p5M_20260121_183806,2539,0.2265625,syndrome_consistent,exact_correct,5,True
type2_1p5M_20260121_183806,2540,0.23828125,syndrome_consistent,exact_correct,4,True
type2_1p5M_20260121_183806,2541,0.2265625,syndrome_consistent,exact_correct,4,True
type2_1p5M_20260121_183806,2542,0.24609375,syndrome_consistent,exact_correct,5,True
type2_1p5M_20260121_183806,2543,0.28125,syndrome_consistent,exact_correct,5,True
type2_1p5M_20260121_183806,2544,0.25390625,syndrome_consistent,exact_correct,4,True
type2_1p5M_20260121_183806,2545,0.25390625,syndrome_consistent,exact_correct,5,True
type2_1p5M_20260121_183806,2546,0.2734375,syndrome_consistent,exact_correct,8,True
type2_1p5M_20260121_183806,2547,0.28515625,syndrome_consistent,exact_correct,6,True
type2_1p5M_20260121_183806,2548,0.2734375,syndrome_consistent,exact_correct,4,True
type2_1p5M_20260121_183806,2549,0.2734375,syndrome_consistent,exact_correct,5,True
type2_1p5M_20260121_183806,2550,0.25,syndrome_consistent,exact_correct,5,True
type2_1p5M_20260121_183806,2551,0.26171875,syndrome_consistent,exact_correct,7,True
type2_1p5M_20260121_183806,2552,0.23046875,syndrome_consistent,exact_correct,4,True
type2_1p5M_20260121_183806,2553,0.25,syndrome_consistent,exact_correct,4,True
type2_1p5M_20260121_183806,2554,0.234375,syndrome_consistent,exact_correct,4,True
type2_1p5M_20260121_183806,2555,0.25,syndrome_consistent,exact_correct,5,True
type2_1p5M_20260121_183806,2556,0.234375,syndrome_consistent,exact_correct,4,True
type2_1p5M_20260121_183806,2557,0.33203125,syndrome_consistent,exact_correct,10,True
type2_1p5M_20260121_183806,2558,0.25,syndrome_consistent,exact_correct,8,True
type2_1p5M_20260121_183806,2559,0.2578125,decode_failed,iteration_limit,100,False
type2_1p5M_20260121_183806,2560,0.2578125,syndrome_consistent,exact_correct,4,True
type2_1p5M_20260121_183806,2561,0.296875,syndrome_consistent,exact_correct,9,True
type2_1p5M_20260121_183806,2562,0.25,syndrome_consistent,exact_correct,5,True
type2_1p5M_20260121_183806,2563,0.234375,syndrome_consistent,exact_correct,7,True
type2_1p5M_20260121_183806,2564,0.23046875,syndrome_consistent,exact_correct,6,True
type2_1p5M_20260121_183806,2565,0.2734375,syndrome_consistent,exact_correct,4,True
type2_1p5M_20260121_183806,2566,0.23046875,syndrome_consistent,exact_correct,4,True
type2_1p5M_20260121_183806,2567,0.25,syndrome_consistent,exact_correct,4,True
type2_1p5M_20260121_183806,2568,0.203125,syndrome_consistent,exact_correct,5,True
type2_1p5M_20260121_183806,2569,0.28125,syndrome_consistent,exact_correct,4,True
type2_1p5M_20260121_183806,2570,0.2578125,syndrome_consistent,exact_correct,5,True
type2_1p5M_20260121_183806,2571,0.2578125,syndrome_consistent,exact_correct,7,True
type2_1p5M_20260121_183806,2572,0.21875,syndrome_consistent,exact_correct,4,True
type2_1p5M_20260121_183806,2573,0.23828125,syndrome_consistent,exact_correct,6,True
type2_1p5M_20260121_183806,2574,0.25390625,syndrome_consistent,exact_correct,6,True
type2_1p5M_20260121_183806,2575,0.28125,syndrome_consistent,exact_correct,6,True
type2_1p5M_20260121_183806,2576,0.26171875,syndrome_consistent,exact_correct,5,True
type2_1p5M_20260121_183806,2577,0.2265625,syndrome_consistent,exact_correct,4,True
type2_1p5M_20260121_183806,2578,0.2734375,syndrome_consistent,exact_correct,8,True
type2_1p5M_20260121_183806,2579,0.23046875,syndrome_consistent,exact_correct,4,True
type2_1p5M_20260121_183806,2580,0.1953125,syndrome_consistent,exact_correct,4,True
type2_1p5M_20260121_183806,2581,0.234375,syndrome_consistent,exact_correct,4,True
type2_1p5M_20260121_183806,2582,0.234375,syndrome_consistent,exact_correct,5,True
type2_1p5M_20260121_183806,2583,0.2421875,syndrome_consistent,exact_correct,7,True
type2_1p5M_20260121_183806,2584,0.26171875,syndrome_consistent,exact_correct,5,True
type2_1p5M_20260121_183806,2585,0.2578125,syndrome_consistent,exact_correct,5,True
type2_1p5M_20260121_183806,2586,0.2890625,syndrome_consistent,exact_correct,5,True
type2_1p5M_20260121_183806,2587,0.26171875,syndrome_consistent,exact_correct,4,True
type2_1p5M_20260121_183806,2588,0.2265625,syndrome_consistent,exact_correct,5,True
type2_1p5M_20260121_183806,2589,0.21484375,syndrome_consistent,exact_correct,4,True
type2_1p5M_20260121_183806,2590,0.29296875,syndrome_consistent,exact_correct,8,True
type2_1p5M_20260121_183806,2591,0.28515625,syndrome_consistent,exact_correct,5,True
type2_1p5M_20260121_183806,2592,0.27734375,syndrome_consistent,exact_correct,5,True
type2_1p5M_20260121_183806,2593,0.23046875,syndrome_consistent,exact_correct,5,True
type2_1p5M_20260121_183806,2594,0.23828125,syndrome_consistent,exact_correct,4,True
type2_1p5M_20260121_183806,2595,0.26953125,syndrome_consistent,exact_correct,4,True
type2_1p5M_20260121_183806,2596,0.26953125,syndrome_consistent,exact_correct,6,True
type2_1p5M_20260121_183806,2597,0.25,syndrome_consistent,exact_correct,5,True
type2_1p5M_20260121_183806,2598,0.23828125,syndrome_consistent,exact_correct,5,True
type2_1p5M_20260121_183806,2599,0.2578125,syndrome_consistent,exact_correct,4,True
type2_1p5M_20260121_183806,2600,0.25390625,syndrome_consistent,exact_correct,4,True
type2_1p5M_20260121_183806,2601,0.25390625,syndrome_consistent,exact_correct,6,True
type2_1p5M_20260121_183806,2602,0.25390625,syndrome_consistent,exact_correct,5,True
type2_1p5M_20260121_183806,2603,0.24609375,syndrome_consistent,exact_correct,5,True
type2_1p5M_20260121_183806,2604,0.23046875,syndrome_consistent,exact_correct,4,True
type2_1p5M_20260121_183806,2605,0.2734375,syndrome_consistent,exact_correct,5,True
type2_1p5M_20260121_183806,2606,0.23828125,syndrome_consistent,exact_correct,5,True
type2_1p5M_20260121_183806,2607,0.30078125,syndrome_consistent,exact_correct,5,True
type2_1p5M_20260121_183806,2608,0.28125,syndrome_consistent,exact_correct,6,True
type2_1p5M_20260121_183806,2609,0.23828125,syndrome_consistent,exact_correct,6,True
type2_1p5M_20260121_183806,2610,0.25,syndrome_consistent,exact_correct,4,True
type2_1p5M_20260121_183806,2611,0.26171875,syndrome_consistent,exact_correct,5,True
type2_1p5M_20260121_183806,2612,0.22265625,syndrome_consistent,exact_correct,5,True
type2_1p5M_20260121_183806,2613,0.2109375,syndrome_consistent,exact_correct,4,True
type2_1p5M_20260121_183806,2614,0.27734375,syndrome_consistent,exact_correct,7,True
type2_1p5M_20260121_183806,2615,0.20703125,syndrome_consistent,exact_correct,3,True
type2_1p5M_20260121_183806,2616,0.2578125,syndrome_consistent,exact_correct,5,True
type2_1p5M_20260121_183806,2617,0.234375,syndrome_consistent,exact_correct,5,True
type2_1p5M_20260121_183806,2618,0.2265625,syndrome_consistent,exact_correct,6,True
type2_1p5M_20260121_183806,2619,0.29296875,syndrome_consistent,exact_correct,7,True
type2_1p5M_20260121_183806,2620,0.28125,syndrome_consistent,exact_correct,5,True
type2_1p5M_20260121_183806,2621,0.23046875,syndrome_consistent,exact_correct,4,True
type2_1p5M_20260121_183806,2622,0.28515625,syndrome_consistent,exact_correct,5,True
type2_1p5M_20260121_183806,2623,0.23828125,syndrome_consistent,exact_correct,4,True
type2_1p5M_20260121_183806,2624,0.26171875,syndrome_consistent,exact_correct,6,True
type2_1p5M_20260121_183806,2625,0.265625,syndrome_consistent,exact_correct,4,True
type2_1p5M_20260121_183806,2626,0.23828125,syndrome_consistent,exact_correct,6,True
type2_1p5M_20260121_183806,2627,0.28515625,syndrome_consistent,exact_correct,5,True
type2_1p5M_20260121_183806,2628,0.265625,syndrome_consistent,exact_correct,4,True
type2_1p5M_20260121_183806,2629,0.21875,syndrome_consistent,exact_correct,5,True
type2_1p5M_20260121_183806,2630,0.29296875,syndrome_consistent,exact_correct,5,True
type2_1p5M_20260121_183806,2631,0.29296875,syndrome_consistent,exact_correct,5,True
type2_1p5M_20260121_183806,2632,0.22265625,syndrome_consistent,exact_correct,5,True
type2_1p5M_20260121_183806,2633,0.28125,syndrome_consistent,exact_correct,5,True
type2_1p5M_20260121_183806,2634,0.2890625,syndrome_consistent,exact_correct,7,True
type2_1p5M_20260121_183806,2635,0.33203125,syndrome_consistent,exact_correct,10,True
type2_1p5M_20260121_183806,2636,0.23046875,syndrome_consistent,exact_correct,4,True
type2_1p5M_20260121_183806,2637,0.25,syndrome_consistent,exact_correct,4,True
type2_1p5M_20260121_183806,2638,0.26953125,syndrome_consistent,exact_correct,5,True
type2_1p5M_20260121_183806,2639,0.28125,syndrome_consistent,exact_correct,5,True
type2_1p5M_20260121_183806,2640,0.25390625,syndrome_consistent,exact_correct,4,True
type2_1p5M_20260121_183806,2641,0.2109375,syndrome_consistent,exact_correct,4,True
type2_1p5M_20260121_183806,2642,0.234375,syndrome_consistent,exact_correct,4,True
type2_1p5M_20260121_183806,2643,0.234375,syndrome_consistent,exact_correct,3,True
type2_1p5M_20260121_183806,2644,0.26171875,syndrome_consistent,exact_correct,4,True
type2_1p5M_20260121_183806,2645,0.22265625,syndrome_consistent,exact_correct,4,True
type2_1p5M_20260121_183806,2646,0.2578125,syndrome_consistent,exact_correct,5,True
type2_1p5M_20260121_183806,2647,0.2578125,syndrome_consistent,exact_correct,5,True
type2_1p5M_20260121_183806,2648,0.25390625,syndrome_consistent,exact_correct,5,True
type2_1p5M_20260121_183806,2649,0.265625,syndrome_consistent,exact_correct,11,True
type2_1p5M_20260121_183806,2650,0.265625,syndrome_consistent,exact_correct,4,True
type2_1p5M_20260121_183806,2651,0.26171875,syndrome_consistent,exact_correct,7,True
type2_1p5M_20260121_183806,2652,0.21875,syndrome_consistent,exact_correct,5,True
type2_1p5M_20260121_183806,2653,0.27734375,syndrome_consistent,exact_correct,7,True
type2_1p5M_20260121_183806,2654,0.30078125,syndrome_consistent,exact_correct,6,True
type2_1p5M_20260121_183806,2655,0.25390625,syndrome_consistent,exact_correct,5,True
type2_1p5M_20260121_183806,2656,0.25,syndrome_consistent,exact_correct,4,True
type2_1p5M_20260121_183806,2657,0.22265625,syndrome_consistent,exact_correct,6,True
type2_1p5M_20260121_183806,2658,0.2734375,syndrome_consistent,exact_correct,7,True
type2_1p5M_20260121_183806,2659,0.26953125,syndrome_consistent,exact_correct,6,True
type2_1p5M_20260121_183806,2660,0.23828125,syndrome_consistent,exact_correct,3,True
type2_1p5M_20260121_183806,2661,0.28515625,syndrome_consistent,exact_correct,5,True
type2_1p5M_20260121_183806,2662,0.24609375,syndrome_consistent,exact_correct,6,True
type2_1p5M_20260121_183806,2663,0.23046875,syndrome_consistent,exact_correct,3,True
type2_1p5M_20260121_183806,2664,0.26953125,syndrome_consistent,exact_correct,6,True
type2_1p5M_20260121_183806,2665,0.26171875,syndrome_consistent,exact_correct,9,True
type2_1p5M_20260121_183806,2666,0.23046875,syndrome_consistent,exact_correct,5,True
type2_1p5M_20260121_183806,2667,0.2265625,syndrome_consistent,exact_correct,4,True
type2_1p5M_20260121_183806,2668,0.25390625,syndrome_consistent,exact_correct,7,True
type2_1p5M_20260121_183806,2669,0.25,syndrome_consistent,exact_correct,6,True
type2_1p5M_20260121_183806,2670,0.27734375,syndrome_consistent,exact_correct,4,True
type2_1p5M_20260121_183806,2671,0.24609375,syndrome_consistent,exact_correct,6,True
type2_1p5M_20260121_183806,2672,0.2265625,syndrome_consistent,exact_correct,4,True
type2_1p5M_20260121_183806,2673,0.3125,syndrome_consistent,exact_correct,6,True
type2_1p5M_20260121_183806,2674,0.2578125,syndrome_consistent,exact_correct,7,True
type2_1p5M_20260121_183806,2675,0.23828125,syndrome_consistent,exact_correct,5,True
type2_1p5M_20260121_183806,2676,0.234375,syndrome_consistent,exact_correct,5,True
type2_1p5M_20260121_183806,2677,0.26171875,syndrome_consistent,exact_correct,8,True
type2_1p5M_20260121_183806,2678,0.26953125,syndrome_consistent,exact_correct,5,True
type2_1p5M_20260121_183806,2679,0.21875,syndrome_consistent,exact_correct,3,True
type2_1p5M_20260121_183806,2680,0.19140625,syndrome_consistent,exact_correct,3,True
type2_1p5M_20260121_183806,2681,0.234375,syndrome_consistent,exact_correct,4,True
type2_1p5M_20260121_183806,2682,0.27734375,syndrome_consistent,exact_correct,7,True
type2_1p5M_20260121_183806,2683,0.30078125,syndrome_consistent,exact_correct,11,True
type2_1p5M_20260121_183806,2684,0.265625,syndrome_consistent,exact_correct,5,True
type2_1p5M_20260121_183806,2685,0.21484375,syndrome_consistent,exact_correct,4,True
type2_1p5M_20260121_183806,2686,0.2734375,syndrome_consistent,exact_correct,4,True
type2_1p5M_20260121_183806,2687,0.26171875,syndrome_consistent,exact_correct,8,True
type2_1p5M_20260121_183806,2688,0.25390625,syndrome_consistent,exact_correct,6,True
type2_1p5M_20260121_183806,2689,0.21875,syndrome_consistent,exact_correct,3,True
type2_1p5M_20260121_183806,2690,0.27734375,syndrome_consistent,exact_correct,8,True
type2_1p5M_20260121_183806,2691,0.23828125,syndrome_consistent,exact_correct,5,True
type2_1p5M_20260121_183806,2692,0.25,syndrome_consistent,exact_correct,4,True
type2_1p5M_20260121_183806,2693,0.2265625,syndrome_consistent,exact_correct,4,True
type2_1p5M_20260121_183806,2694,0.2578125,syndrome_consistent,exact_correct,4,True
type2_1p5M_20260121_183806,2695,0.29296875,syndrome_consistent,exact_correct,12,True
type2_1p5M_20260121_183806,2696,0.28515625,syndrome_consistent,exact_correct,6,True
type2_1p5M_20260121_183806,2697,0.23828125,syndrome_consistent,exact_correct,4,True
type2_1p5M_20260121_183806,2698,0.26953125,syndrome_consistent,exact_correct,11,True
type2_1p5M_20260121_183806,2699,0.21484375,syndrome_consistent,exact_correct,5,True
type2_1p5M_20260121_183806,2700,0.22265625,syndrome_consistent,exact_correct,3,True
type2_1p5M_20260121_183806,2701,0.2421875,syndrome_consistent,exact_correct,5,True
type2_1p5M_20260121_183806,2702,0.26953125,syndrome_consistent,exact_correct,6,True
type2_1p5M_20260121_183806,2703,0.2421875,syndrome_consistent,exact_correct,4,True
type2_1p5M_20260121_183806,2704,0.234375,syndrome_consistent,exact_correct,3,True
type2_1p5M_20260121_183806,2705,0.25,syndrome_consistent,exact_correct,6,True
type2_1p5M_20260121_183806,2706,0.25390625,syndrome_consistent,exact_correct,4,True
type2_1p5M_20260121_183806,2707,0.26953125,syndrome_consistent,exact_correct,5,True
type2_1p5M_20260121_183806,2708,0.2578125,syndrome_consistent,exact_correct,4,True
type2_1p5M_20260121_183806,2709,0.234375,syndrome_consistent,exact_correct,4,True
type2_1p5M_20260121_183806,2710,0.21484375,syndrome_consistent,exact_correct,3,True
type2_1p5M_20260121_183806,2711,0.26171875,syndrome_consistent,exact_correct,4,True
type2_1p5M_20260121_183806,2712,0.2734375,syndrome_consistent,exact_correct,5,True
type2_1p5M_20260121_183806,2713,0.2421875,syndrome_consistent,exact_correct,5,True
type2_1p5M_20260121_183806,2714,0.234375,syndrome_consistent,exact_correct,4,True
type2_1p5M_20260121_183806,2715,0.26171875,syndrome_consistent,exact_correct,5,True
type2_1p5M_20260121_183806,2716,0.2421875,syndrome_consistent,exact_correct,8,True
type2_1p5M_20260121_183806,2717,0.26171875,syndrome_consistent,exact_correct,5,True
type2_1p5M_20260121_183806,2718,0.23046875,syndrome_consistent,exact_correct,5,True
type2_1p5M_20260121_183806,2719,0.29296875,syndrome_consistent,exact_correct,6,True
type2_1p5M_20260121_183806,2720,0.29296875,syndrome_consistent,exact_correct,6,True
type2_1p5M_20260121_183806,2721,0.26171875,syndrome_consistent,exact_correct,4,True
type2_1p5M_20260121_183806,2722,0.2578125,syndrome_consistent,exact_correct,5,True
type2_1p5M_20260121_183806,2723,0.24609375,syndrome_consistent,exact_correct,4,True
type2_1p5M_20260121_183806,2724,0.3046875,syndrome_consistent,exact_correct,7,True
type2_1p5M_20260121_183806,2725,0.28515625,syndrome_consistent,exact_correct,7,True
type2_1p5M_20260121_183806,2726,0.234375,decode_failed,iteration_limit,100,False
type2_1p5M_20260121_183806,2727,0.234375,syndrome_consistent,exact_correct,5,True
type2_1p5M_20260121_183806,2728,0.2734375,syndrome_consistent,exact_correct,6,True
type2_1p5M_20260121_183806,2729,0.25390625,syndrome_consistent,exact_correct,7,True
type2_1p5M_20260121_183806,2730,0.30078125,syndrome_consistent,exact_correct,8,True
type2_1p5M_20260121_183806,2731,0.30078125,syndrome_consistent,exact_correct,10,True
type2_1p5M_20260121_183806,2732,0.26953125,syndrome_consistent,exact_correct,4,True
type2_1p5M_20260121_183806,2733,0.25390625,syndrome_consistent,exact_correct,4,True
type2_1p5M_20260121_183806,2734,0.2265625,syndrome_consistent,exact_correct,4,True
type2_1p5M_20260121_183806,2735,0.265625,syndrome_consistent,exact_correct,6,True
type2_1p5M_20260121_183806,2736,0.27734375,syndrome_consistent,exact_correct,6,True
type2_1p5M_20260121_183806,2737,0.25390625,syndrome_consistent,exact_correct,5,True
type2_1p5M_20260121_183806,2738,0.234375,syndrome_consistent,exact_correct,3,True
type2_1p5M_20260121_183806,2739,0.28125,syndrome_consistent,exact_correct,5,True
type2_1p5M_20260121_183806,2740,0.2890625,syndrome_consistent,exact_correct,7,True
type2_1p5M_20260121_183806,2741,0.265625,syndrome_consistent,exact_correct,8,True
type2_1p5M_20260121_183806,2742,0.2578125,syndrome_consistent,exact_correct,4,True
type2_1p5M_20260121_183806,2743,0.296875,syndrome_consistent,exact_correct,5,True
type2_1p5M_20260121_183806,2744,0.18359375,syndrome_consistent,exact_correct,3,True
type2_1p5M_20260121_183806,2745,0.21875,syndrome_consistent,exact_correct,3,True
type2_1p5M_20260121_183806,2746,0.265625,syndrome_consistent,exact_correct,6,True
type2_1p5M_20260121_183806,2747,0.234375,syndrome_consistent,exact_correct,5,True
type2_1p5M_20260121_183806,2748,0.2265625,syndrome_consistent,exact_correct,4,True
type2_1p5M_20260121_183806,2749,0.23046875,syndrome_consistent,exact_correct,5,True
type2_1p5M_20260121_183806,2750,0.2421875,syndrome_consistent,exact_correct,6,True
type2_1p5M_20260121_183806,2751,0.31640625,syndrome_consistent,exact_correct,7,True
type2_1p5M_20260121_183806,2752,0.2890625,syndrome_consistent,exact_correct,5,True
type2_1p5M_20260121_183806,2753,0.27734375,syndrome_consistent,exact_correct,6,True
type2_1p5M_20260121_183806,2754,0.2734375,syndrome_consistent,exact_correct,6,True
type2_1p5M_20260121_183806,2755,0.26171875,syndrome_consistent,exact_correct,5,True
type2_1p5M_20260121_183806,2756,0.2890625,syndrome_consistent,exact_correct,5,True
type2_1p5M_20260121_183806,2757,0.3046875,syndrome_consistent,exact_correct,9,True
type2_1p5M_20260121_183806,2758,0.3125,decode_failed,iteration_limit,100,False
type2_1p5M_20260121_183806,2759,0.30859375,syndrome_consistent,exact_correct,7,True
type2_1p5M_20260121_183806,2760,0.25390625,syndrome_consistent,exact_correct,6,True
type2_1p5M_20260121_183806,2761,0.26171875,syndrome_consistent,exact_correct,5,True
type2_1p5M_20260121_183806,2762,0.2578125,syndrome_consistent,exact_correct,6,True
type2_1p5M_20260121_183806,2763,0.21484375,syndrome_consistent,exact_correct,3,True
type2_1p5M_20260121_183806,2764,0.26953125,syndrome_consistent,exact_correct,6,True
type2_1p5M_20260121_183806,2765,0.26171875,syndrome_consistent,exact_correct,4,True
type2_1p5M_20260121_183806,2766,0.21484375,syndrome_consistent,exact_correct,5,True
type2_1M_20260121_184040,1750,0.21875,syndrome_consistent,exact_correct,5,True
type2_1M_20260121_184040,1751,0.19921875,syndrome_consistent,exact_correct,3,True
type2_1M_20260121_184040,1752,0.24609375,syndrome_consistent,exact_correct,5,True
type2_1M_20260121_184040,1753,0.26171875,syndrome_consistent,exact_correct,5,True
type2_1M_20260121_184040,1754,0.2265625,syndrome_consistent,exact_correct,5,True
type2_1M_20260121_184040,1755,0.2734375,syndrome_consistent,exact_correct,6,True
type2_1M_20260121_184040,1756,0.2109375,syndrome_consistent,exact_correct,3,True
type2_1M_20260121_184040,1757,0.2109375,syndrome_consistent,exact_correct,4,True
type2_1M_20260121_184040,1758,0.26171875,syndrome_consistent,exact_correct,3,True
type2_1M_20260121_184040,1759,0.2578125,syndrome_consistent,exact_correct,6,True
type2_1M_20260121_184040,1760,0.21875,syndrome_consistent,exact_correct,4,True
type2_1M_20260121_184040,1761,0.1953125,syndrome_consistent,exact_correct,3,True
type2_1M_20260121_184040,1762,0.24609375,syndrome_consistent,exact_correct,5,True
type2_1M_20260121_184040,1763,0.234375,syndrome_consistent,exact_correct,3,True
type2_1M_20260121_184040,1764,0.2578125,syndrome_consistent,exact_correct,5,True
type2_1M_20260121_184040,1765,0.24609375,syndrome_consistent,exact_correct,4,True
type2_1M_20260121_184040,1766,0.2734375,syndrome_consistent,exact_correct,6,True
type2_1M_20260121_184040,1767,0.25390625,syndrome_consistent,exact_correct,5,True
type2_1M_20260121_184040,1768,0.21875,syndrome_consistent,exact_correct,4,True
type2_1M_20260121_184040,1769,0.20703125,syndrome_consistent,exact_correct,4,True
type2_1M_20260121_184040,1770,0.25390625,syndrome_consistent,exact_correct,7,True
type2_1M_20260121_184040,1771,0.26953125,syndrome_consistent,exact_correct,5,True
type2_1M_20260121_184040,1772,0.2109375,syndrome_consistent,exact_correct,4,True
type2_1M_20260121_184040,1773,0.2421875,syndrome_consistent,exact_correct,4,True
type2_1M_20260121_184040,1774,0.19140625,syndrome_consistent,exact_correct,5,True
type2_1M_20260121_184040,1775,0.29296875,syndrome_consistent,exact_correct,6,True
type2_1M_20260121_184040,1776,0.23046875,syndrome_consistent,exact_correct,4,True
type2_1M_20260121_184040,1777,0.2890625,syndrome_consistent,exact_correct,6,True
type2_1M_20260121_184040,1778,0.2109375,syndrome_consistent,exact_correct,3,True
type2_1M_20260121_184040,1779,0.2421875,syndrome_consistent,exact_correct,5,True
type2_1M_20260121_184040,1780,0.23046875,syndrome_consistent,exact_correct,6,True
type2_1M_20260121_184040,1781,0.22265625,syndrome_consistent,exact_correct,3,True
type2_1M_20260121_184040,1782,0.28125,syndrome_consistent,exact_correct,4,True
type2_1M_20260121_184040,1783,0.26171875,syndrome_consistent,exact_correct,6,True
type2_1M_20260121_184040,1784,0.24609375,syndrome_consistent,exact_correct,5,True
type2_1M_20260121_184040,1785,0.234375,syndrome_consistent,exact_correct,5,True
type2_1M_20260121_184040,1786,0.265625,syndrome_consistent,exact_correct,5,True
type2_1M_20260121_184040,1787,0.24609375,decode_failed,iteration_limit,100,False
type2_1M_20260121_184040,1788,0.2421875,syndrome_consistent,exact_correct,4,True
type2_1M_20260121_184040,1789,0.26953125,syndrome_consistent,exact_correct,4,True
type2_1M_20260121_184040,1790,0.20703125,syndrome_consistent,exact_correct,5,True
type2_1M_20260121_184040,1791,0.20703125,syndrome_consistent,exact_correct,4,True
type2_1M_20260121_184040,1792,0.21875,syndrome_consistent,exact_correct,4,True
type2_1M_20260121_184040,1793,0.25390625,syndrome_consistent,exact_correct,5,True
type2_1M_20260121_184040,1794,0.19921875,syndrome_consistent,exact_correct,3,True
type2_1M_20260121_184040,1795,0.22265625,syndrome_consistent,exact_correct,4,True
type2_1M_20260121_184040,1796,0.2734375,syndrome_consistent,exact_correct,5,True
type2_1M_20260121_184040,1797,0.23046875,syndrome_consistent,exact_correct,5,True
type2_1M_20260121_184040,1798,0.24609375,syndrome_consistent,exact_correct,4,True
type2_1M_20260121_184040,1799,0.25390625,syndrome_consistent,exact_correct,6,True
type2_1M_20260121_184040,1800,0.23828125,syndrome_consistent,exact_correct,4,True
type2_1M_20260121_184040,1801,0.2421875,syndrome_consistent,exact_correct,4,True
type2_1M_20260121_184040,1802,0.26171875,syndrome_consistent,exact_correct,5,True
type2_1M_20260121_184040,1803,0.23046875,syndrome_consistent,exact_correct,4,True
type2_1M_20260121_184040,1804,0.23046875,syndrome_consistent,exact_correct,5,True
type2_1M_20260121_184040,1805,0.19921875,syndrome_consistent,exact_correct,3,True
type2_1M_20260121_184040,1806,0.234375,syndrome_consistent,exact_correct,3,True
type2_1M_20260121_184040,1807,0.2421875,syndrome_consistent,exact_correct,4,True
type2_1M_20260121_184040,1808,0.29296875,syndrome_consistent,exact_correct,6,True
type2_1M_20260121_184040,1809,0.23828125,syndrome_consistent,exact_correct,5,True
type2_1M_20260121_184040,1810,0.23828125,syndrome_consistent,exact_correct,7,True
type2_1M_20260121_184040,1811,0.24609375,syndrome_consistent,exact_correct,4,True
type2_1M_20260121_184040,1812,0.26171875,syndrome_consistent,exact_correct,5,True
type2_1M_20260121_184040,1813,0.26171875,syndrome_consistent,exact_correct,6,True
type2_1M_20260121_184040,1814,0.25,syndrome_consistent,exact_correct,5,True
type2_1M_20260121_184040,1815,0.25,syndrome_consistent,exact_correct,3,True
type2_1M_20260121_184040,1816,0.21875,syndrome_consistent,exact_correct,4,True
type2_1M_20260121_184040,1817,0.22265625,syndrome_consistent,exact_correct,4,True
type2_1M_20260121_184040,1818,0.22265625,syndrome_consistent,exact_correct,4,True
type2_1M_20260121_184040,1819,0.2578125,syndrome_consistent,exact_correct,5,True
type2_1M_20260121_184040,1820,0.234375,syndrome_consistent,exact_correct,5,True
type2_1M_20260121_184040,1821,0.27734375,decode_failed,iteration_limit,100,False
type2_1M_20260121_184040,1822,0.2890625,syndrome_consistent,exact_correct,8,True
type2_1M_20260121_184040,1823,0.23046875,syndrome_consistent,exact_correct,3,True
type2_1M_20260121_184040,1824,0.2265625,syndrome_consistent,exact_correct,4,True
type2_1M_20260121_184040,1825,0.2109375,syndrome_consistent,exact_correct,3,True
type2_1M_20260121_184040,1826,0.21484375,syndrome_consistent,exact_correct,4,True
type2_1M_20260121_184040,1827,0.23828125,syndrome_consistent,exact_correct,5,True
type2_1M_20260121_184040,1828,0.28125,syndrome_consistent,exact_correct,8,True
type2_1M_20260121_184040,1829,0.24609375,syndrome_consistent,exact_correct,5,True
type2_1M_20260121_184040,1830,0.2109375,syndrome_consistent,exact_correct,4,True
type2_1M_20260121_184040,1831,0.26953125,syndrome_consistent,exact_correct,7,True
type2_1M_20260121_184040,1832,0.234375,syndrome_consistent,exact_correct,4,True
type2_1M_20260121_184040,1833,0.2421875,syndrome_consistent,exact_correct,4,True
type2_1M_20260121_184040,1834,0.21484375,syndrome_consistent,exact_correct,4,True
type2_1M_20260121_184040,1835,0.23828125,syndrome_consistent,exact_correct,5,True
type2_1M_20260121_184040,1836,0.2578125,syndrome_consistent,exact_correct,7,True
type2_1M_20260121_184040,1837,0.2421875,syndrome_consistent,exact_correct,4,True
type2_1M_20260121_184040,1838,0.2421875,syndrome_consistent,exact_correct,5,True
type2_1M_20260121_184040,1839,0.24609375,syndrome_consistent,exact_correct,6,True
type2_1M_20260121_184040,1840,0.265625,syndrome_consistent,exact_correct,6,True
type2_1M_20260121_184040,1841,0.23828125,syndrome_consistent,exact_correct,7,True
type2_1M_20260121_184040,1842,0.26953125,syndrome_consistent,exact_correct,7,True
type2_1M_20260121_184040,1843,0.26953125,syndrome_consistent,exact_correct,4,True
type2_1M_20260121_184040,1844,0.2421875,syndrome_consistent,exact_correct,5,True
type2_1M_20260121_184040,1845,0.1953125,syndrome_consistent,exact_correct,3,True
type2_1M_20260121_184040,1846,0.24609375,syndrome_consistent,exact_correct,6,True
type2_1M_20260121_184040,1847,0.22265625,syndrome_consistent,exact_correct,5,True
type2_1M_20260121_184040,1848,0.23046875,syndrome_consistent,exact_correct,4,True
type2_1M_20260121_184040,1849,0.23828125,syndrome_consistent,exact_correct,4,True
type2_1M_20260121_184040,1850,0.25390625,syndrome_consistent,exact_correct,3,True
type2_1M_20260121_184040,1851,0.234375,syndrome_consistent,exact_correct,5,True
type2_1M_20260121_184040,1852,0.2265625,syndrome_consistent,exact_correct,5,True
type2_1M_20260121_184040,1853,0.265625,syndrome_consistent,exact_correct,6,True
type2_1M_20260121_184040,1854,0.21875,syndrome_consistent,exact_correct,6,True
type2_1M_20260121_184040,1855,0.25,syndrome_consistent,exact_correct,5,True
type2_1M_20260121_184040,1856,0.2265625,syndrome_consistent,exact_correct,4,True
type2_1M_20260121_184040,1857,0.21875,syndrome_consistent,exact_correct,6,True
type2_1M_20260121_184040,1858,0.23828125,syndrome_consistent,exact_correct,4,True
type2_1M_20260121_184040,1859,0.25,syndrome_consistent,exact_correct,6,True
type2_1M_20260121_184040,1860,0.24609375,syndrome_consistent,exact_correct,4,True
type2_1M_20260121_184040,1861,0.1796875,syndrome_consistent,exact_correct,4,True
type2_1M_20260121_184040,1862,0.234375,syndrome_consistent,exact_correct,4,True
type2_1M_20260121_184040,1863,0.2734375,syndrome_consistent,exact_correct,6,True
type2_1M_20260121_184040,1864,0.265625,syndrome_consistent,exact_correct,6,True
type2_1M_20260121_184040,1865,0.265625,syndrome_consistent,exact_correct,5,True
type2_1M_20260121_184040,1866,0.2421875,syndrome_consistent,exact_correct,5,True
type2_1M_20260121_184040,1867,0.23046875,syndrome_consistent,exact_correct,4,True
type2_1M_20260121_184040,1868,0.23046875,syndrome_consistent,exact_correct,4,True
type2_1M_20260121_184040,1869,0.2109375,syndrome_consistent,exact_correct,4,True
type2_1M_20260121_184040,1870,0.24609375,syndrome_consistent,exact_correct,4,True
type2_1M_20260121_184040,1871,0.234375,syndrome_consistent,exact_correct,4,True
type2_1M_20260121_184040,1872,0.23828125,syndrome_consistent,exact_correct,4,True
type2_1M_20260121_184040,1873,0.21484375,syndrome_consistent,exact_correct,4,True
type2_1M_20260121_184040,1874,0.265625,syndrome_consistent,exact_correct,10,True
type2_1M_20260121_184040,1875,0.25,syndrome_consistent,exact_correct,5,True
type2_1M_20260121_184040,1876,0.20703125,syndrome_consistent,exact_correct,4,True
type2_1M_20260121_184040,1877,0.22265625,syndrome_consistent,exact_correct,3,True
type2_1M_20260121_184040,1878,0.265625,syndrome_consistent,exact_correct,4,True
type2_1M_20260121_184040,1879,0.21484375,syndrome_consistent,exact_correct,5,True
type2_1M_20260121_184040,1880,0.234375,syndrome_consistent,exact_correct,3,True
type2_1M_20260121_184040,1881,0.2421875,syndrome_consistent,exact_correct,4,True
type2_1M_20260121_184040,1882,0.265625,syndrome_consistent,exact_correct,7,True
type2_1M_20260121_184040,1883,0.2421875,syndrome_consistent,exact_correct,6,True
type2_1M_20260121_184040,1884,0.234375,syndrome_consistent,exact_correct,6,True
type2_1M_20260121_184040,1885,0.24609375,syndrome_consistent,exact_correct,4,True
type2_1M_20260121_184040,1886,0.265625,syndrome_consistent,exact_correct,4,True
type2_1M_20260121_184040,1887,0.26953125,syndrome_consistent,exact_correct,6,True
type2_1M_20260121_184040,1888,0.2421875,syndrome_consistent,exact_correct,7,True
type2_1M_20260121_184040,1889,0.19140625,syndrome_consistent,exact_correct,3,True
type2_1M_20260121_184040,1890,0.2578125,syndrome_consistent,exact_correct,5,True
type2_1M_20260121_184040,1891,0.23046875,syndrome_consistent,exact_correct,5,True
type2_1M_20260121_184040,1892,0.27734375,syndrome_consistent,exact_correct,5,True
type2_1M_20260121_184040,1893,0.26171875,syndrome_consistent,exact_correct,4,True
type2_1M_20260121_184040,1894,0.23828125,syndrome_consistent,exact_correct,4,True
type2_1M_20260121_184040,1895,0.1953125,syndrome_consistent,exact_correct,3,True
type2_1M_20260121_184040,1896,0.1953125,syndrome_consistent,exact_correct,3,True
type2_1M_20260121_184040,1897,0.25390625,syndrome_consistent,exact_correct,6,True
type2_1M_20260121_184040,1898,0.20703125,syndrome_consistent,exact_correct,3,True
type2_1M_20260121_184040,1899,0.20703125,syndrome_consistent,exact_correct,4,True
type2_1M_20260121_184040,1900,0.23046875,syndrome_consistent,exact_correct,4,True
type2_1M_20260121_184040,1901,0.2109375,syndrome_consistent,exact_correct,4,True
type2_1M_20260121_184040,1902,0.2734375,syndrome_consistent,exact_correct,6,True
type2_1M_20260121_184040,1903,0.2578125,syndrome_consistent,exact_correct,5,True
type2_1M_20260121_184040,1904,0.20703125,syndrome_consistent,exact_correct,5,True
type2_1M_20260121_184040,1905,0.24609375,syndrome_consistent,exact_correct,5,True
type2_1M_20260121_184040,1906,0.21875,syndrome_consistent,exact_correct,4,True
type2_1M_20260121_184040,1907,0.2578125,syndrome_consistent,exact_correct,5,True
type2_1M_20260121_184040,1908,0.27734375,syndrome_consistent,exact_correct,6,True
type2_1M_20260121_184040,1909,0.28125,syndrome_consistent,exact_correct,6,True
type2_1M_20260121_184040,1910,0.2734375,syndrome_consistent,exact_correct,5,True
type2_1M_20260121_184040,1911,0.19140625,syndrome_consistent,exact_correct,4,True
type2_1M_20260121_184040,1912,0.28125,syndrome_consistent,exact_correct,6,True
type2_1M_20260121_184040,1913,0.23046875,syndrome_consistent,exact_correct,8,True
type2_1M_20260121_184040,1914,0.1953125,syndrome_consistent,exact_correct,4,True
type2_1M_20260121_184040,1915,0.23828125,decode_failed,iteration_limit,100,False
type2_1M_20260121_184040,1916,0.2265625,syndrome_consistent,exact_correct,4,True
type2_1M_20260121_184040,1917,0.1953125,syndrome_consistent,exact_correct,3,True
type2_1M_20260121_184040,1918,0.19921875,syndrome_consistent,exact_correct,3,True
type2_1M_20260121_184040,1919,0.26953125,syndrome_consistent,exact_correct,6,True
type2_1M_20260121_184040,1920,0.2421875,syndrome_consistent,exact_correct,5,True
type2_1M_20260121_184040,1921,0.2421875,syndrome_consistent,exact_correct,4,True
type2_1M_20260121_184040,1922,0.21484375,syndrome_consistent,exact_correct,3,True
type2_1M_20260121_184040,1923,0.25390625,syndrome_consistent,exact_correct,6,True
type2_1M_20260121_184040,1924,0.234375,syndrome_consistent,exact_correct,4,True
type2_1M_20260121_184040,1925,0.18359375,syndrome_consistent,exact_correct,3,True
type2_1M_20260121_184040,1926,0.2734375,syndrome_consistent,exact_correct,5,True
type2_1M_20260121_184040,1927,0.25,syndrome_consistent,exact_correct,6,True
type2_1M_20260121_184040,1928,0.21875,syndrome_consistent,exact_correct,5,True
type2_1M_20260121_184040,1929,0.2421875,syndrome_consistent,exact_correct,5,True
type2_1M_20260121_184040,1930,0.25,syndrome_consistent,exact_correct,5,True
type2_1M_20260121_184040,1931,0.26953125,syndrome_consistent,exact_correct,12,True
type2_1M_20260121_184040,1932,0.25,syndrome_consistent,exact_correct,5,True
type2_1M_20260121_184040,1933,0.2421875,syndrome_consistent,exact_correct,6,True
type2_1M_20260121_184040,1934,0.25,decode_failed,iteration_limit,100,False
type2_1M_20260121_184040,1935,0.23046875,syndrome_consistent,exact_correct,5,True
type2_1M_20260121_184040,1936,0.2578125,syndrome_consistent,exact_correct,6,True
type2_1M_20260121_184040,1937,0.25,syndrome_consistent,exact_correct,6,True
type2_1M_20260121_184040,1938,0.2109375,syndrome_consistent,exact_correct,3,True
type2_1M_20260121_184040,1939,0.25390625,syndrome_consistent,exact_correct,5,True
type2_1M_20260121_184040,1940,0.26171875,syndrome_consistent,exact_correct,12,True
type2_1M_20260121_184040,1941,0.2421875,syndrome_consistent,exact_correct,4,True
type2_1M_20260121_184040,1942,0.265625,syndrome_consistent,exact_correct,4,True
type2_1M_20260121_184040,1943,0.21484375,syndrome_consistent,exact_correct,5,True
type2_1M_20260121_184040,1944,0.23828125,syndrome_consistent,exact_correct,5,True
type2_1M_20260121_184040,1945,0.23046875,syndrome_consistent,exact_correct,4,True
type2_1M_20260121_184040,1946,0.2265625,syndrome_consistent,exact_correct,4,True
type2_1M_20260121_184040,1947,0.28515625,syndrome_consistent,exact_correct,10,True
type2_1M_20260121_184040,1948,0.21875,syndrome_consistent,exact_correct,4,True
type2_1M_20260121_184040,1949,0.265625,syndrome_consistent,exact_correct,7,True
type2_1M_20260121_184040,1950,0.26171875,syndrome_consistent,exact_correct,5,True
type2_1M_20260121_184040,1951,0.32421875,syndrome_consistent,exact_correct,7,True
type2_1M_20260121_184040,1952,0.23828125,syndrome_consistent,exact_correct,5,True
type2_1M_20260121_184040,1953,0.1953125,syndrome_consistent,exact_correct,4,True
type2_1M_20260121_184040,1954,0.24609375,syndrome_consistent,exact_correct,5,True
type2_1M_20260121_184040,1955,0.203125,syndrome_consistent,exact_correct,4,True
type2_1M_20260121_184040,1956,0.25390625,syndrome_consistent,exact_correct,3,True
type2_1M_20260121_184040,1957,0.24609375,syndrome_consistent,exact_correct,6,True
type2_1M_20260121_184040,1958,0.265625,syndrome_consistent,exact_correct,5,True
type2_1M_20260121_184040,1959,0.2265625,syndrome_consistent,exact_correct,5,True
type2_1M_20260121_184040,1960,0.28515625,syndrome_consistent,exact_correct,4,True
type2_1M_20260121_184040,1961,0.25,syndrome_consistent,exact_correct,6,True
type2_1M_20260121_184040,1962,0.24609375,syndrome_consistent,exact_correct,4,True
type2_1M_20260121_184040,1963,0.24609375,syndrome_consistent,exact_correct,4,True
type2_1M_20260121_184040,1964,0.23828125,syndrome_consistent,exact_correct,4,True
type2_1M_20260121_184040,1965,0.25390625,syndrome_consistent,exact_correct,5,True
type2_1M_20260121_184040,1966,0.2265625,syndrome_consistent,exact_correct,3,True
type2_1M_20260121_184040,1967,0.23828125,syndrome_consistent,exact_correct,6,True
type2_1M_20260121_184040,1968,0.2265625,syndrome_consistent,exact_correct,4,True
type2_1M_20260121_184040,1969,0.2265625,syndrome_consistent,exact_correct,7,True
type2_1M_20260121_184040,1970,0.21875,syndrome_consistent,exact_correct,6,True
type2_1M_20260121_184040,1971,0.23828125,syndrome_consistent,exact_correct,4,True
type2_1M_20260121_184040,1972,0.2578125,syndrome_consistent,exact_correct,4,True
type2_1M_20260121_184040,1973,0.2421875,syndrome_consistent,exact_correct,4,True
type2_1M_20260121_184040,1974,0.2578125,syndrome_consistent,exact_correct,5,True
type2_1M_20260121_184040,1975,0.24609375,syndrome_consistent,exact_correct,6,True
type2_1M_20260121_184040,1976,0.2578125,syndrome_consistent,exact_correct,6,True
type2_1M_20260121_184040,1977,0.19921875,syndrome_consistent,exact_correct,4,True
type2_1M_20260121_184040,1978,0.26171875,syndrome_consistent,exact_correct,5,True
type2_1M_20260121_184040,1979,0.26171875,syndrome_consistent,exact_correct,5,True
type2_1M_20260121_184040,1980,0.20703125,syndrome_consistent,exact_correct,3,True
type2_1M_20260121_184040,1981,0.25390625,syndrome_consistent,exact_correct,5,True
type2_1M_20260121_184040,1982,0.27734375,syndrome_consistent,exact_correct,6,True
type2_1M_20260121_184040,1983,0.21484375,syndrome_consistent,exact_correct,3,True
type2_1M_20260121_184040,1984,0.2421875,syndrome_consistent,exact_correct,4,True
type2_1M_20260121_184040,1985,0.234375,syndrome_consistent,exact_correct,6,True
type2_1M_20260121_184040,1986,0.25,syndrome_consistent,exact_correct,5,True
type2_1M_20260121_184040,1987,0.25,syndrome_consistent,exact_correct,5,True
type2_1M_20260121_184040,1988,0.24609375,syndrome_consistent,exact_correct,4,True
type2_1M_20260121_184040,1989,0.265625,syndrome_consistent,exact_correct,5,True
type2_1M_20260121_184040,1990,0.1875,syndrome_consistent,exact_correct,4,True
type2_1M_20260121_184040,1991,0.25390625,decode_failed,iteration_limit,100,False
type2_1M_20260121_184040,1992,0.23046875,syndrome_consistent,exact_correct,4,True
type2_1M_20260121_184040,1993,0.25,syndrome_consistent,exact_correct,5,True
type2_1M_20260121_184040,1994,0.24609375,syndrome_consistent,exact_correct,4,True
type2_1M_20260121_184040,1995,0.22265625,syndrome_consistent,exact_correct,5,True
type2_1M_20260121_184040,1996,0.23828125,syndrome_consistent,exact_correct,5,True
type2_1M_20260121_184040,1997,0.25,syndrome_consistent,exact_correct,5,True
type2_1M_20260121_184040,1998,0.20703125,syndrome_consistent,exact_correct,4,True
type2_1M_20260121_184040,1999,0.19140625,syndrome_consistent,exact_correct,4,True
type2_2M_20260121_183657,3192,0.26953125,syndrome_consistent,exact_correct,5,True
type2_2M_20260121_183657,3193,0.29296875,syndrome_consistent,exact_correct,8,True
type2_2M_20260121_183657,3194,0.2265625,syndrome_consistent,exact_correct,4,True
type2_2M_20260121_183657,3195,0.28125,syndrome_consistent,exact_correct,5,True
type2_2M_20260121_183657,3196,0.20703125,syndrome_consistent,exact_correct,5,True
type2_2M_20260121_183657,3197,0.25390625,syndrome_consistent,exact_correct,4,True
type2_2M_20260121_183657,3198,0.24609375,decode_failed,iteration_limit,100,False
type2_2M_20260121_183657,3199,0.203125,syndrome_consistent,exact_correct,5,True
type2_2M_20260121_183657,3200,0.265625,syndrome_consistent,exact_correct,4,True
type2_2M_20260121_183657,3201,0.28125,syndrome_consistent,exact_correct,5,True
type2_2M_20260121_183657,3202,0.21875,syndrome_consistent,exact_correct,3,True
type2_2M_20260121_183657,3203,0.2421875,syndrome_consistent,exact_correct,4,True
type2_2M_20260121_183657,3204,0.21875,syndrome_consistent,exact_correct,5,True
type2_2M_20260121_183657,3205,0.2734375,syndrome_consistent,exact_correct,5,True
type2_2M_20260121_183657,3206,0.234375,syndrome_consistent,exact_correct,4,True
type2_2M_20260121_183657,3207,0.25390625,syndrome_consistent,exact_correct,6,True
type2_2M_20260121_183657,3208,0.23046875,syndrome_consistent,exact_correct,4,True
type2_2M_20260121_183657,3209,0.24609375,syndrome_consistent,exact_correct,5,True
type2_2M_20260121_183657,3210,0.2109375,syndrome_consistent,exact_correct,4,True
type2_2M_20260121_183657,3211,0.28125,syndrome_consistent,exact_correct,6,True
type2_2M_20260121_183657,3212,0.2265625,syndrome_consistent,exact_correct,9,True
type2_2M_20260121_183657,3213,0.27734375,syndrome_consistent,exact_correct,10,True
type2_2M_20260121_183657,3214,0.21875,syndrome_consistent,exact_correct,4,True
type2_2M_20260121_183657,3215,0.2265625,syndrome_consistent,exact_correct,5,True
type2_2M_20260121_183657,3216,0.24609375,syndrome_consistent,exact_correct,5,True
type2_2M_20260121_183657,3217,0.24609375,syndrome_consistent,exact_correct,5,True
type2_2M_20260121_183657,3218,0.26953125,syndrome_consistent,exact_correct,5,True
type2_2M_20260121_183657,3219,0.2578125,syndrome_consistent,exact_correct,4,True
type2_2M_20260121_183657,3220,0.2265625,syndrome_consistent,exact_correct,4,True
type2_2M_20260121_183657,3221,0.2421875,syndrome_consistent,exact_correct,6,True
type2_2M_20260121_183657,3222,0.26953125,syndrome_consistent,exact_correct,9,True
type2_2M_20260121_183657,3223,0.25390625,syndrome_consistent,exact_correct,7,True
type2_2M_20260121_183657,3224,0.21875,syndrome_consistent,exact_correct,5,True
type2_2M_20260121_183657,3225,0.22265625,syndrome_consistent,exact_correct,5,True
type2_2M_20260121_183657,3226,0.29296875,syndrome_consistent,exact_correct,7,True
type2_2M_20260121_183657,3227,0.25390625,syndrome_consistent,exact_correct,6,True
type2_2M_20260121_183657,3228,0.1796875,syndrome_consistent,exact_correct,3,True
type2_2M_20260121_183657,3229,0.203125,syndrome_consistent,exact_correct,5,True
type2_2M_20260121_183657,3230,0.21484375,syndrome_consistent,exact_correct,3,True
type2_2M_20260121_183657,3231,0.30078125,syndrome_consistent,exact_correct,5,True
type2_2M_20260121_183657,3232,0.25390625,syndrome_consistent,exact_correct,5,True
type2_2M_20260121_183657,3233,0.2734375,syndrome_consistent,exact_correct,5,True
type2_2M_20260121_183657,3234,0.26953125,syndrome_consistent,exact_correct,4,True
type2_2M_20260121_183657,3235,0.265625,syndrome_consistent,exact_correct,6,True
type2_2M_20260121_183657,3236,0.21875,syndrome_consistent,exact_correct,4,True
type2_2M_20260121_183657,3237,0.296875,syndrome_consistent,exact_correct,6,True
type2_2M_20260121_183657,3238,0.234375,syndrome_consistent,exact_correct,5,True
type2_2M_20260121_183657,3239,0.2578125,syndrome_consistent,exact_correct,5,True
type2_2M_20260121_183657,3240,0.265625,syndrome_consistent,exact_correct,5,True
type2_2M_20260121_183657,3241,0.26171875,syndrome_consistent,exact_correct,4,True
type2_2M_20260121_183657,3242,0.20703125,syndrome_consistent,exact_correct,5,True
type2_2M_20260121_183657,3243,0.21875,syndrome_consistent,exact_correct,4,True
type2_2M_20260121_183657,3244,0.2578125,syndrome_consistent,exact_correct,5,True
type2_2M_20260121_183657,3245,0.23828125,syndrome_consistent,exact_correct,6,True
type2_2M_20260121_183657,3246,0.26171875,syndrome_consistent,exact_correct,5,True
type2_2M_20260121_183657,3247,0.21875,syndrome_consistent,exact_correct,3,True
type2_2M_20260121_183657,3248,0.24609375,syndrome_consistent,exact_correct,6,True
type2_2M_20260121_183657,3249,0.22265625,syndrome_consistent,exact_correct,5,True
type2_2M_20260121_183657,3250,0.2265625,syndrome_consistent,exact_correct,4,True
type2_2M_20260121_183657,3251,0.2421875,syndrome_consistent,exact_correct,6,True
type2_2M_20260121_183657,3252,0.2578125,syndrome_consistent,exact_correct,6,True
type2_2M_20260121_183657,3253,0.26171875,syndrome_consistent,exact_correct,7,True
type2_2M_20260121_183657,3254,0.2578125,syndrome_consistent,exact_correct,7,True
type2_2M_20260121_183657,3255,0.23046875,syndrome_consistent,exact_correct,6,True
type2_2M_20260121_183657,3256,0.234375,syndrome_consistent,exact_correct,5,True
type2_2M_20260121_183657,3257,0.26171875,syndrome_consistent,exact_correct,5,True
type2_2M_20260121_183657,3258,0.24609375,syndrome_consistent,exact_correct,5,True
type2_2M_20260121_183657,3259,0.23828125,syndrome_consistent,exact_correct,5,True
type2_2M_20260121_183657,3260,0.234375,syndrome_consistent,exact_correct,6,True
type2_2M_20260121_183657,3261,0.28515625,syndrome_consistent,exact_correct,7,True
type2_2M_20260121_183657,3262,0.24609375,syndrome_consistent,exact_correct,5,True
type2_2M_20260121_183657,3263,0.26171875,syndrome_consistent,exact_correct,4,True
type2_2M_20260121_183657,3264,0.2734375,syndrome_consistent,exact_correct,5,True
type2_2M_20260121_183657,3265,0.20703125,syndrome_consistent,exact_correct,4,True
type2_2M_20260121_183657,3266,0.25390625,syndrome_consistent,exact_correct,4,True
type2_2M_20260121_183657,3267,0.21484375,syndrome_consistent,exact_correct,5,True
type2_2M_20260121_183657,3268,0.265625,syndrome_consistent,exact_correct,6,True
type2_2M_20260121_183657,3269,0.19140625,syndrome_consistent,exact_correct,5,True
type2_2M_20260121_183657,3270,0.23046875,syndrome_consistent,exact_correct,4,True
type2_2M_20260121_183657,3271,0.2578125,syndrome_consistent,exact_correct,5,True
type2_2M_20260121_183657,3272,0.25390625,syndrome_consistent,exact_correct,4,True
type2_2M_20260121_183657,3273,0.26953125,syndrome_consistent,exact_correct,6,True
type2_2M_20260121_183657,3274,0.2578125,syndrome_consistent,exact_correct,7,True
type2_2M_20260121_183657,3275,0.25390625,syndrome_consistent,exact_correct,4,True
type2_2M_20260121_183657,3276,0.234375,syndrome_consistent,exact_correct,3,True
type2_2M_20260121_183657,3277,0.25390625,syndrome_consistent,exact_correct,5,True
type2_2M_20260121_183657,3278,0.27734375,syndrome_consistent,exact_correct,5,True
type2_2M_20260121_183657,3279,0.23828125,syndrome_consistent,exact_correct,7,True
type2_2M_20260121_183657,3280,0.3203125,syndrome_consistent,exact_correct,11,True
type2_2M_20260121_183657,3281,0.27734375,syndrome_consistent,exact_correct,5,True
type2_2M_20260121_183657,3282,0.25,syndrome_consistent,exact_correct,4,True
type2_2M_20260121_183657,3283,0.30078125,syndrome_consistent,exact_correct,8,True
type2_2M_20260121_183657,3284,0.29296875,syndrome_consistent,exact_correct,6,True
type2_2M_20260121_183657,3285,0.2421875,syndrome_consistent,exact_correct,7,True
type2_2M_20260121_183657,3286,0.23828125,syndrome_consistent,exact_correct,5,True
type2_2M_20260121_183657,3287,0.23046875,syndrome_consistent,exact_correct,4,True
type2_2M_20260121_183657,3288,0.26171875,syndrome_consistent,exact_correct,3,True
type2_2M_20260121_183657,3289,0.27734375,syndrome_consistent,exact_correct,5,True
type2_2M_20260121_183657,3290,0.234375,syndrome_consistent,exact_correct,4,True
type2_2M_20260121_183657,3291,0.28515625,syndrome_consistent,exact_correct,7,True
type2_2M_20260121_183657,3292,0.26953125,decode_failed,iteration_limit,100,False
type2_2M_20260121_183657,3293,0.26171875,syndrome_consistent,exact_correct,5,True
type2_2M_20260121_183657,3294,0.21875,syndrome_consistent,exact_correct,4,True
type2_2M_20260121_183657,3295,0.2578125,syndrome_consistent,exact_correct,4,True
type2_2M_20260121_183657,3296,0.2578125,syndrome_consistent,exact_correct,8,True
type2_2M_20260121_183657,3297,0.20703125,syndrome_consistent,exact_correct,5,True
type2_2M_20260121_183657,3298,0.24609375,syndrome_consistent,exact_correct,5,True
type2_2M_20260121_183657,3299,0.25390625,syndrome_consistent,exact_correct,4,True
type2_2M_20260121_183657,3300,0.23828125,syndrome_consistent,exact_correct,4,True
type2_2M_20260121_183657,3301,0.2421875,syndrome_consistent,exact_correct,5,True
type2_2M_20260121_183657,3302,0.22265625,syndrome_consistent,exact_correct,4,True
type2_2M_20260121_183657,3303,0.2421875,syndrome_consistent,exact_correct,5,True
type2_2M_20260121_183657,3304,0.23046875,syndrome_consistent,exact_correct,3,True
type2_2M_20260121_183657,3305,0.24609375,syndrome_consistent,exact_correct,4,True
type2_2M_20260121_183657,3306,0.30078125,syndrome_consistent,exact_correct,6,True
type2_2M_20260121_183657,3307,0.19140625,syndrome_consistent,exact_correct,5,True
type2_2M_20260121_183657,3308,0.28515625,syndrome_consistent,exact_correct,5,True
type2_2M_20260121_183657,3309,0.28125,syndrome_consistent,exact_correct,7,True
type2_2M_20260121_183657,3310,0.23046875,syndrome_consistent,exact_correct,5,True
type2_2M_20260121_183657,3311,0.265625,syndrome_consistent,exact_correct,6,True
type2_2M_20260121_183657,3312,0.265625,syndrome_consistent,exact_correct,8,True
type2_2M_20260121_183657,3313,0.234375,syndrome_consistent,exact_correct,5,True
type2_2M_20260121_183657,3314,0.26953125,syndrome_consistent,exact_correct,4,True
type2_2M_20260121_183657,3315,0.27734375,syndrome_consistent,exact_correct,5,True
type2_2M_20260121_183657,3316,0.26171875,syndrome_consistent,exact_correct,5,True
type2_2M_20260121_183657,3317,0.25,syndrome_consistent,exact_correct,5,True
type2_2M_20260121_183657,3318,0.21875,syndrome_consistent,exact_correct,4,True
type2_2M_20260121_183657,3319,0.25,syndrome_consistent,exact_correct,5,True
type2_2M_20260121_183657,3320,0.33984375,syndrome_consistent,exact_correct,11,True
type2_2M_20260121_183657,3321,0.3203125,syndrome_consistent,exact_correct,6,True
type2_2M_20260121_183657,3322,0.25390625,syndrome_consistent,exact_correct,5,True
type2_2M_20260121_183657,3323,0.27734375,syndrome_consistent,exact_correct,6,True
type2_2M_20260121_183657,3324,0.28515625,syndrome_consistent,exact_correct,7,True
type2_2M_20260121_183657,3325,0.21875,syndrome_consistent,exact_correct,5,True
type2_2M_20260121_183657,3326,0.28125,syndrome_consistent,exact_correct,8,True
type2_2M_20260121_183657,3327,0.265625,syndrome_consistent,exact_correct,6,True
type2_2M_20260121_183657,3328,0.2265625,syndrome_consistent,exact_correct,4,True
type2_2M_20260121_183657,3329,0.28125,syndrome_consistent,exact_correct,4,True
type2_2M_20260121_183657,3330,0.24609375,syndrome_consistent,exact_correct,5,True
type2_2M_20260121_183657,3331,0.21484375,syndrome_consistent,exact_correct,4,True
type2_2M_20260121_183657,3332,0.2578125,syndrome_consistent,exact_correct,4,True
type2_2M_20260121_183657,3333,0.265625,syndrome_consistent,exact_correct,4,True
type2_2M_20260121_183657,3334,0.28125,syndrome_consistent,exact_correct,7,True
type2_2M_20260121_183657,3335,0.20703125,syndrome_consistent,exact_correct,3,True
type2_2M_20260121_183657,3336,0.2578125,syndrome_consistent,exact_correct,5,True
type2_2M_20260121_183657,3337,0.21484375,syndrome_consistent,exact_correct,3,True
type2_2M_20260121_183657,3338,0.21484375,syndrome_consistent,exact_correct,4,True
type2_2M_20260121_183657,3339,0.2578125,syndrome_consistent,exact_correct,6,True
type2_2M_20260121_183657,3340,0.28515625,syndrome_consistent,exact_correct,6,True
type2_2M_20260121_183657,3341,0.21484375,syndrome_consistent,exact_correct,7,True
type2_2M_20260121_183657,3342,0.265625,syndrome_consistent,exact_correct,8,True
type2_2M_20260121_183657,3343,0.23046875,syndrome_consistent,exact_correct,4,True
type2_2M_20260121_183657,3344,0.265625,syndrome_consistent,exact_correct,5,True
type2_2M_20260121_183657,3345,0.25,syndrome_consistent,exact_correct,4,True
type2_2M_20260121_183657,3346,0.26171875,syndrome_consistent,exact_correct,5,True
type2_2M_20260121_183657,3347,0.26171875,syndrome_consistent,exact_correct,5,True
type2_2M_20260121_183657,3348,0.28125,syndrome_consistent,exact_correct,5,True
type2_2M_20260121_183657,3349,0.20703125,syndrome_consistent,exact_correct,4,True
type2_2M_20260121_183657,3350,0.23828125,syndrome_consistent,exact_correct,4,True
type2_2M_20260121_183657,3351,0.24609375,syndrome_consistent,exact_correct,5,True
type2_2M_20260121_183657,3352,0.28515625,syndrome_consistent,exact_correct,5,True
type2_2M_20260121_183657,3353,0.2265625,syndrome_consistent,exact_correct,5,True
type2_2M_20260121_183657,3354,0.28125,syndrome_consistent,exact_correct,6,True
type2_2M_20260121_183657,3355,0.2578125,syndrome_consistent,exact_correct,10,True
type2_2M_20260121_183657,3356,0.21875,syndrome_consistent,exact_correct,3,True
type2_2M_20260121_183657,3357,0.29296875,syndrome_consistent,exact_correct,6,True
type2_2M_20260121_183657,3358,0.25390625,syndrome_consistent,exact_correct,5,True
type2_2M_20260121_183657,3359,0.2734375,syndrome_consistent,exact_correct,7,True
type2_2M_20260121_183657,3360,0.27734375,syndrome_consistent,exact_correct,5,True
type2_2M_20260121_183657,3361,0.2109375,syndrome_consistent,exact_correct,4,True
type2_2M_20260121_183657,3362,0.265625,syndrome_consistent,exact_correct,4,True
type2_2M_20260121_183657,3363,0.26953125,syndrome_consistent,exact_correct,8,True
type2_2M_20260121_183657,3364,0.25,syndrome_consistent,exact_correct,4,True
type2_2M_20260121_183657,3365,0.25390625,syndrome_consistent,exact_correct,6,True
type2_2M_20260121_183657,3366,0.265625,syndrome_consistent,exact_correct,5,True
type2_2M_20260121_183657,3367,0.21484375,syndrome_consistent,exact_correct,4,True
type2_2M_20260121_183657,3368,0.29296875,syndrome_consistent,exact_correct,6,True
type2_2M_20260121_183657,3369,0.2265625,syndrome_consistent,exact_correct,5,True
type2_2M_20260121_183657,3370,0.2421875,syndrome_consistent,exact_correct,4,True
type2_2M_20260121_183657,3371,0.24609375,syndrome_consistent,exact_correct,5,True
type2_2M_20260121_183657,3372,0.265625,syndrome_consistent,exact_correct,4,True
type2_2M_20260121_183657,3373,0.23046875,syndrome_consistent,exact_correct,6,True
type2_2M_20260121_183657,3374,0.2578125,syndrome_consistent,exact_correct,5,True
type2_2M_20260121_183657,3375,0.32421875,syndrome_consistent,exact_correct,7,True
type2_2M_20260121_183657,3376,0.25,syndrome_consistent,exact_correct,6,True
type2_2M_20260121_183657,3377,0.21484375,syndrome_consistent,exact_correct,3,True
type2_2M_20260121_183657,3378,0.2421875,syndrome_consistent,exact_correct,4,True
type2_2M_20260121_183657,3379,0.29296875,syndrome_consistent,exact_correct,4,True
type2_2M_20260121_183657,3380,0.21875,syndrome_consistent,exact_correct,5,True
type2_2M_20260121_183657,3381,0.26171875,syndrome_consistent,exact_correct,6,True
type2_2M_20260121_183657,3382,0.25390625,syndrome_consistent,exact_correct,4,True
type2_2M_20260121_183657,3383,0.22265625,syndrome_consistent,exact_correct,5,True
type2_2M_20260121_183657,3384,0.234375,syndrome_consistent,exact_correct,5,True
type2_2M_20260121_183657,3385,0.27734375,syndrome_consistent,exact_correct,5,True
type2_2M_20260121_183657,3386,0.2421875,syndrome_consistent,exact_correct,4,True
type2_2M_20260121_183657,3387,0.23828125,syndrome_consistent,exact_correct,5,True
type2_2M_20260121_183657,3388,0.28515625,syndrome_consistent,exact_correct,4,True
type2_2M_20260121_183657,3389,0.2265625,syndrome_consistent,exact_correct,5,True
type2_2M_20260121_183657,3390,0.24609375,syndrome_consistent,exact_correct,7,True
type2_2M_20260121_183657,3391,0.2421875,syndrome_consistent,exact_correct,5,True
type2_2M_20260121_183657,3392,0.24609375,syndrome_consistent,exact_correct,5,True
type2_2M_20260121_183657,3393,0.1875,syndrome_consistent,exact_correct,4,True
type2_2M_20260121_183657,3394,0.28125,syndrome_consistent,exact_correct,5,True
type2_2M_20260121_183657,3395,0.234375,syndrome_consistent,exact_correct,6,True
type2_2M_20260121_183657,3396,0.2421875,syndrome_consistent,exact_correct,7,True
type2_2M_20260121_183657,3397,0.26171875,syndrome_consistent,exact_correct,5,True
type2_2M_20260121_183657,3398,0.234375,syndrome_consistent,exact_correct,4,True
type2_2M_20260121_183657,3399,0.1796875,syndrome_consistent,exact_correct,3,True
type2_2M_20260121_183657,3400,0.2578125,syndrome_consistent,exact_correct,4,True
type2_2M_20260121_183657,3401,0.21875,syndrome_consistent,exact_correct,3,True
type2_2M_20260121_183657,3402,0.2421875,syndrome_consistent,exact_correct,4,True
type2_2M_20260121_183657,3403,0.2421875,syndrome_consistent,exact_correct,4,True
type2_2M_20260121_183657,3404,0.2109375,syndrome_consistent,exact_correct,3,True
type2_2M_20260121_183657,3405,0.2890625,decode_failed,iteration_limit,100,False
type2_2M_20260121_183657,3406,0.24609375,syndrome_consistent,exact_correct,6,True
type2_2M_20260121_183657,3407,0.26953125,syndrome_consistent,exact_correct,5,True
type2_2M_20260121_183657,3408,0.23046875,syndrome_consistent,exact_correct,4,True
type2_2M_20260121_183657,3409,0.2265625,syndrome_consistent,exact_correct,3,True
type2_2M_20260121_183657,3410,0.24609375,syndrome_consistent,exact_correct,4,True
type2_2M_20260121_183657,3411,0.25390625,syndrome_consistent,exact_correct,6,True
type2_2M_20260121_183657,3412,0.23046875,syndrome_consistent,exact_correct,3,True
type2_2M_20260121_183657,3413,0.2734375,syndrome_consistent,exact_correct,5,True
type2_2M_20260121_183657,3414,0.27734375,syndrome_consistent,exact_correct,6,True
type2_2M_20260121_183657,3415,0.23828125,syndrome_consistent,exact_correct,4,True
type2_2M_20260121_183657,3416,0.30078125,syndrome_consistent,exact_correct,6,True
type2_2M_20260121_183657,3417,0.24609375,decode_failed,iteration_limit,100,False
type2_2M_20260121_183657,3418,0.27734375,syndrome_consistent,exact_correct,8,True
type2_2M_20260121_183657,3419,0.2734375,syndrome_consistent,exact_correct,6,True
type2_2M_20260121_183657,3420,0.28515625,syndrome_consistent,exact_correct,5,True
type2_2M_20260121_183657,3421,0.2578125,syndrome_consistent,exact_correct,4,True
type2_2M_20260121_183657,3422,0.23828125,syndrome_consistent,exact_correct,4,True
type2_2M_20260121_183657,3423,0.22265625,syndrome_consistent,exact_correct,5,True
type2_2M_20260121_183657,3424,0.2890625,syndrome_consistent,exact_correct,7,True
type2_2M_20260121_183657,3425,0.28515625,syndrome_consistent,exact_correct,6,True
type2_2M_20260121_183657,3426,0.27734375,syndrome_consistent,exact_correct,5,True
type2_2M_20260121_183657,3427,0.2890625,syndrome_consistent,exact_correct,6,True
type2_2M_20260121_183657,3428,0.20703125,syndrome_consistent,exact_correct,4,True
type2_2M_20260121_183657,3429,0.2734375,syndrome_consistent,exact_correct,5,True
type2_2M_20260121_183657,3430,0.265625,syndrome_consistent,exact_correct,5,True
type2_2M_20260121_183657,3431,0.26953125,syndrome_consistent,exact_correct,5,True
type2_2M_20260121_183657,3432,0.2265625,syndrome_consistent,exact_correct,5,True
type2_2M_20260121_183657,3433,0.2734375,syndrome_consistent,exact_correct,5,True
type2_2M_20260121_183657,3434,0.20703125,syndrome_consistent,exact_correct,4,True
type2_2M_20260121_183657,3435,0.2578125,syndrome_consistent,exact_correct,4,True
type2_2M_20260121_183657,3436,0.2421875,syndrome_consistent,exact_correct,6,True
type2_2M_20260121_183657,3437,0.30078125,syndrome_consistent,exact_correct,9,True
type2_2M_20260121_183657,3438,0.2265625,syndrome_consistent,exact_correct,5,True
type2_2M_20260121_183657,3439,0.234375,syndrome_consistent,exact_correct,5,True
type2_2M_20260121_183657,3440,0.28125,syndrome_consistent,exact_correct,5,True
type2_2M_20260121_183657,3441,0.24609375,syndrome_consistent,exact_correct,3,True
type2_2M_20260121_183657,3442,0.2578125,syndrome_consistent,exact_correct,5,True
type2_2M_20260121_183657,3443,0.24609375,syndrome_consistent,exact_correct,4,True
type2_2M_20260121_183657,3444,0.2421875,syndrome_consistent,exact_correct,5,True
type2_2M_20260121_183657,3445,0.27734375,syndrome_consistent,exact_correct,5,True
type2_2M_20260121_183657,3446,0.24609375,syndrome_consistent,exact_correct,5,True
type2_2M_20260121_183657,3447,0.25,syndrome_consistent,exact_correct,4,True
type2_2M_20260121_183657,3448,0.28515625,syndrome_consistent,exact_correct,9,True
type2_2M_20260121_183657,3449,0.2578125,syndrome_consistent,exact_correct,6,True
type2_2M_20260121_183657,3450,0.27734375,syndrome_consistent,exact_correct,12,True
type2_2M_20260121_183657,3451,0.23046875,syndrome_consistent,exact_correct,3,True
type2_2M_20260121_183657,3452,0.22265625,syndrome_consistent,exact_correct,4,True
type2_2M_20260121_183657,3453,0.23828125,syndrome_consistent,exact_correct,6,True
type2_2M_20260121_183657,3454,0.29296875,syndrome_consistent,exact_correct,6,True
type2_2M_20260121_183657,3455,0.23046875,syndrome_consistent,exact_correct,6,True
type2_2M_20260121_183657,3456,0.23046875,syndrome_consistent,exact_correct,4,True
type2_2M_20260121_183657,3457,0.234375,syndrome_consistent,exact_correct,4,True
type2_2M_20260121_183657,3458,0.25390625,syndrome_consistent,exact_correct,6,True
type2_2M_20260121_183657,3459,0.2734375,syndrome_consistent,exact_correct,7,True
type2_2M_20260121_183657,3460,0.23828125,syndrome_consistent,exact_correct,5,True
type2_2M_20260121_183657,3461,0.22265625,syndrome_consistent,exact_correct,7,True
type2_2M_20260121_183657,3462,0.265625,syndrome_consistent,exact_correct,4,True
type2_2M_20260121_183657,3463,0.22265625,syndrome_consistent,exact_correct,5,True
type2_2M_20260121_183657,3464,0.27734375,syndrome_consistent,exact_correct,6,True
type2_2M_20260121_183657,3465,0.234375,syndrome_consistent,exact_correct,5,True
type2_2M_20260121_183657,3466,0.296875,syndrome_consistent,exact_correct,6,True
type2_2M_20260121_183657,3467,0.28125,syndrome_consistent,exact_correct,5,True
type2_2M_20260121_183657,3468,0.21484375,syndrome_consistent,exact_correct,5,True
type2_2M_20260121_183657,3469,0.234375,syndrome_consistent,exact_correct,7,True
type2_2M_20260121_183657,3470,0.28515625,syndrome_consistent,exact_correct,6,True
type2_2M_20260121_183657,3471,0.23828125,syndrome_consistent,exact_correct,4,True
type2_2M_20260121_183657,3472,0.28125,syndrome_consistent,exact_correct,6,True
type2_2M_20260121_183657,3473,0.2421875,syndrome_consistent,exact_correct,3,True
type2_2M_20260121_183657,3474,0.26171875,syndrome_consistent,exact_correct,7,True
type2_2M_20260121_183657,3475,0.2734375,syndrome_consistent,exact_correct,4,True
type2_2M_20260121_183657,3476,0.23828125,syndrome_consistent,exact_correct,4,True
type2_2M_20260121_183657,3477,0.2421875,syndrome_consistent,exact_correct,4,True
type2_2M_20260121_183657,3478,0.26171875,syndrome_consistent,exact_correct,8,True
type2_2M_20260121_183657,3479,0.2421875,syndrome_consistent,exact_correct,6,True
type2_2M_20260121_183657,3480,0.30859375,syndrome_consistent,exact_correct,6,True
type2_2M_20260121_183657,3481,0.26953125,syndrome_consistent,exact_correct,4,True
type2_2M_20260121_183657,3482,0.265625,syndrome_consistent,exact_correct,4,True
type2_2M_20260121_183657,3483,0.23046875,syndrome_consistent,exact_correct,5,True
type2_2M_20260121_183657,3484,0.2578125,syndrome_consistent,exact_correct,5,True
type2_2M_20260121_183657,3485,0.234375,syndrome_consistent,exact_correct,6,True
type2_2M_20260121_183657,3486,0.19140625,syndrome_consistent,exact_correct,5,True
type2_2M_20260121_183657,3487,0.28125,syndrome_consistent,exact_correct,6,True
type2_2M_20260121_183657,3488,0.2890625,syndrome_consistent,exact_correct,11,True
type2_2M_20260121_183657,3489,0.2109375,syndrome_consistent,exact_correct,5,True
type2_2M_20260121_183657,3490,0.25,syndrome_consistent,exact_correct,4,True
type2_2M_20260121_183657,3491,0.21875,syndrome_consistent,exact_correct,4,True
type2_2M_20260121_183657,3492,0.1953125,syndrome_consistent,exact_correct,4,True
type2_2M_20260121_183657,3493,0.2734375,syndrome_consistent,exact_correct,6,True
type2_2M_20260121_183657,3494,0.29296875,syndrome_consistent,exact_correct,5,True
type2_2M_20260121_183657,3495,0.265625,syndrome_consistent,exact_correct,5,True
type2_2M_20260121_183657,3496,0.30078125,syndrome_consistent,exact_correct,6,True
type2_2M_20260121_183657,3497,0.21484375,syndrome_consistent,exact_correct,3,True
type2_2M_20260121_183657,3498,0.25,syndrome_consistent,exact_correct,10,True
type2_2M_20260121_183657,3499,0.2734375,syndrome_consistent,exact_correct,6,True
type2_2M_20260121_183657,3500,0.2890625,syndrome_consistent,exact_correct,5,True
type2_2M_20260121_183657,3501,0.26171875,syndrome_consistent,exact_correct,4,True
type2_2M_20260121_183657,3502,0.28515625,syndrome_consistent,exact_correct,7,True
type2_2M_20260121_183657,3503,0.203125,syndrome_consistent,exact_correct,3,True
type2_2M_20260121_183657,3504,0.2109375,syndrome_consistent,exact_correct,4,True
type2_2M_20260121_183657,3505,0.28515625,syndrome_consistent,exact_correct,6,True
type2_2M_20260121_183657,3506,0.234375,syndrome_consistent,exact_correct,3,True
type2_2M_20260121_183657,3507,0.21484375,syndrome_consistent,exact_correct,3,True
type2_2M_20260121_183657,3508,0.30859375,syndrome_consistent,exact_correct,6,True
type2_2M_20260121_183657,3509,0.2578125,syndrome_consistent,exact_correct,4,True
type2_2M_20260121_183657,3510,0.3046875,syndrome_consistent,exact_correct,7,True
type2_2M_20260121_183657,3511,0.234375,syndrome_consistent,exact_correct,4,True
type2_2M_20260121_183657,3512,0.28125,syndrome_consistent,exact_correct,7,True
type2_2M_20260121_183657,3513,0.19921875,syndrome_consistent,exact_correct,3,True
type2_2M_20260121_183657,3514,0.265625,syndrome_consistent,exact_correct,5,True
type2_2M_20260121_183657,3515,0.21875,syndrome_consistent,exact_correct,4,True
type2_2M_20260121_183657,3516,0.2734375,syndrome_consistent,exact_correct,6,True
type2_2M_20260121_183657,3517,0.25,syndrome_consistent,exact_correct,4,True
type2_2M_20260121_183657,3518,0.23046875,syndrome_consistent,exact_correct,4,True
type2_2M_20260121_183657,3519,0.2421875,syndrome_consistent,exact_correct,6,True
type2_2M_20260121_183657,3520,0.28515625,syndrome_consistent,exact_correct,9,True
type2_2M_20260121_183657,3521,0.265625,syndrome_consistent,exact_correct,6,True
type2_2M_20260121_183657,3522,0.28125,syndrome_consistent,exact_correct,6,True
type2_2M_20260121_183657,3523,0.265625,syndrome_consistent,exact_correct,10,True
type2_2M_20260121_183657,3524,0.24609375,syndrome_consistent,exact_correct,5,True
type2_2M_20260121_183657,3525,0.2109375,syndrome_consistent,exact_correct,4,True
type2_2M_20260121_183657,3526,0.234375,syndrome_consistent,exact_correct,6,True
type2_2M_20260121_183657,3527,0.23828125,syndrome_consistent,exact_correct,4,True
type2_2M_20260121_183657,3528,0.1875,syndrome_consistent,exact_correct,3,True
type2_2M_20260121_183657,3529,0.26171875,syndrome_consistent,exact_correct,7,True
type2_2M_20260121_183657,3530,0.296875,syndrome_consistent,exact_correct,5,True
type2_2M_20260121_183657,3531,0.25390625,syndrome_consistent,exact_correct,5,True
type2_2M_20260121_183657,3532,0.28515625,syndrome_consistent,exact_correct,12,True
type2_2M_20260121_183657,3533,0.2734375,syndrome_consistent,exact_correct,12,True
type2_2M_20260121_183657,3534,0.26953125,syndrome_consistent,exact_correct,5,True
type2_2M_20260121_183657,3535,0.27734375,syndrome_consistent,exact_correct,5,True
type2_2M_20260121_183657,3536,0.25,syndrome_consistent,exact_correct,7,True
type2_2M_20260121_183657,3537,0.26953125,syndrome_consistent,exact_correct,5,True
type2_2M_20260121_183657,3538,0.23828125,syndrome_consistent,exact_correct,8,True
type2_2M_20260121_183657,3539,0.265625,syndrome_consistent,exact_correct,6,True
type2_2M_20260121_183657,3540,0.2265625,syndrome_consistent,exact_correct,5,True
type2_2M_20260121_183657,3541,0.26953125,syndrome_consistent,exact_correct,4,True
type2_2M_20260121_183657,3542,0.2734375,syndrome_consistent,exact_correct,5,True
type2_2M_20260121_183657,3543,0.2734375,decode_failed,iteration_limit,100,False
type2_2M_20260121_183657,3544,0.26171875,syndrome_consistent,exact_correct,7,True
type2_2M_20260121_183657,3545,0.23046875,syndrome_consistent,exact_correct,3,True
type2_2M_20260121_183657,3546,0.25,syndrome_consistent,exact_correct,4,True
type2_2M_20260121_183657,3547,0.23046875,syndrome_consistent,exact_correct,5,True
type2_2M_20260121_183657,3548,0.2578125,syndrome_consistent,exact_correct,6,True
type2_2M_20260121_183657,3549,0.2578125,syndrome_consistent,exact_correct,4,True
type2_2M_20260121_183657,3550,0.23046875,syndrome_consistent,exact_correct,5,True
type2_2M_20260121_183657,3551,0.25390625,syndrome_consistent,exact_correct,5,True
type2_2M_20260121_183657,3552,0.29296875,syndrome_consistent,exact_correct,7,True
type2_2M_20260121_183657,3553,0.2265625,syndrome_consistent,exact_correct,3,True
type2_2M_20260121_183657,3554,0.25,syndrome_consistent,exact_correct,3,True
type2_2M_20260121_183657,3555,0.28515625,syndrome_consistent,exact_correct,6,True
type2_2M_20260121_183657,3556,0.1875,syndrome_consistent,exact_correct,4,True
type2_2M_20260121_183657,3557,0.20703125,syndrome_consistent,exact_correct,4,True
type2_2M_20260121_183657,3558,0.2421875,syndrome_consistent,exact_correct,4,True
type2_2M_20260121_183657,3559,0.23046875,syndrome_consistent,exact_correct,6,True
type2_2M_20260121_183657,3560,0.2578125,syndrome_consistent,exact_correct,5,True
type2_2M_20260121_183657,3561,0.2578125,syndrome_consistent,exact_correct,5,True
type2_2M_20260121_183657,3562,0.234375,syndrome_consistent,exact_correct,4,True
type2_2M_20260121_183657,3563,0.2421875,syndrome_consistent,exact_correct,4,True
type2_2M_20260121_183657,3564,0.21875,syndrome_consistent,exact_correct,4,True
type2_2M_20260121_183657,3565,0.2109375,syndrome_consistent,exact_correct,4,True
type2_2M_20260121_183657,3566,0.2421875,syndrome_consistent,exact_correct,3,True
type2_2M_20260121_183657,3567,0.18359375,syndrome_consistent,exact_correct,3,True
type2_2M_20260121_183657,3568,0.25390625,syndrome_consistent,exact_correct,8,True
type2_2M_20260121_183657,3569,0.23046875,syndrome_consistent,exact_correct,4,True
type2_2M_20260121_183657,3570,0.234375,syndrome_consistent,exact_correct,4,True
type2_2M_20260121_183657,3571,0.25390625,syndrome_consistent,exact_correct,4,True
type2_2M_20260121_183657,3572,0.3125,syndrome_consistent,exact_correct,8,True
type2_2M_20260121_183657,3573,0.2890625,syndrome_consistent,exact_correct,5,True
type2_2M_20260121_183657,3574,0.23828125,syndrome_consistent,exact_correct,4,True
type2_2M_20260121_183657,3575,0.2421875,syndrome_consistent,exact_correct,5,True
type2_2M_20260121_183657,3576,0.2421875,syndrome_consistent,exact_correct,5,True
type2_2M_20260121_183657,3577,0.22265625,syndrome_consistent,exact_correct,4,True
type2_2M_20260121_183657,3578,0.23046875,syndrome_consistent,exact_correct,7,True
type2_2M_20260121_183657,3579,0.26953125,syndrome_consistent,exact_correct,4,True
type2_2M_20260121_183657,3580,0.28125,decode_failed,iteration_limit,100,False
type2_2M_20260121_183657,3581,0.234375,syndrome_consistent,exact_correct,5,True
type2_2M_20260121_183657,3582,0.2421875,syndrome_consistent,exact_correct,4,True
type2_2M_20260121_183657,3583,0.27734375,syndrome_consistent,exact_correct,4,True
type2_2M_20260121_183657,3584,0.21875,syndrome_consistent,exact_correct,4,True
type2_2M_20260121_183657,3585,0.24609375,syndrome_consistent,exact_correct,4,True
type2_2M_20260121_183657,3586,0.23046875,syndrome_consistent,exact_correct,4,True
type2_2M_20260121_183657,3587,0.24609375,syndrome_consistent,exact_correct,5,True
type2_2M_20260121_183657,3588,0.23828125,syndrome_consistent,exact_correct,7,True
type2_2M_20260121_183657,3589,0.296875,syndrome_consistent,exact_correct,7,True
type2_2M_20260121_183657,3590,0.2109375,syndrome_consistent,exact_correct,3,True
type2_2M_20260121_183657,3591,0.2578125,syndrome_consistent,exact_correct,5,True
type2_2M_20260121_183657,3592,0.2734375,syndrome_consistent,exact_correct,8,True
type2_2M_20260121_183657,3593,0.26171875,syndrome_consistent,exact_correct,5,True
type2_2M_20260121_183657,3594,0.28125,syndrome_consistent,exact_correct,5,True
type2_2M_20260121_183657,3595,0.2578125,syndrome_consistent,exact_correct,5,True
type2_2M_20260121_183657,3596,0.3046875,syndrome_consistent,exact_correct,5,True
type2_2M_20260121_183657,3597,0.27734375,syndrome_consistent,exact_correct,4,True
type2_2M_20260121_183657,3598,0.26953125,syndrome_consistent,exact_correct,6,True
type2_2M_20260121_183657,3599,0.24609375,syndrome_consistent,exact_correct,5,True
type2_2M_20260121_183657,3600,0.25390625,syndrome_consistent,exact_correct,4,True
type2_2M_20260121_183657,3601,0.234375,syndrome_consistent,exact_correct,4,True
type2_2M_20260121_183657,3602,0.23828125,syndrome_consistent,exact_correct,4,True
type2_2M_20260121_183657,3603,0.2421875,syndrome_consistent,exact_correct,5,True
type2_2M_20260121_183657,3604,0.2421875,syndrome_consistent,exact_correct,3,True
type2_2M_20260121_183657,3605,0.23828125,decode_failed,iteration_limit,100,False
type2_2M_20260121_183657,3606,0.28125,decode_failed,iteration_limit,100,False
type2_2M_20260121_183657,3607,0.296875,syndrome_consistent,exact_correct,5,True
type2_2M_20260121_183657,3608,0.265625,syndrome_consistent,exact_correct,6,True
type2_2M_20260121_183657,3609,0.22265625,syndrome_consistent,exact_correct,6,True
type2_2M_20260121_183657,3610,0.28515625,syndrome_consistent,exact_correct,5,True
type2_2M_20260121_183657,3611,0.25,syndrome_consistent,exact_correct,6,True
type2_2M_20260121_183657,3612,0.26953125,syndrome_consistent,exact_correct,5,True
type2_2M_20260121_183657,3613,0.3046875,syndrome_consistent,exact_correct,6,True
type2_2M_20260121_183657,3614,0.27734375,syndrome_consistent,exact_correct,7,True
type2_2M_20260121_183657,3615,0.265625,syndrome_consistent,exact_correct,6,True
type2_2M_20260121_183657,3616,0.2890625,syndrome_consistent,exact_correct,7,True
type2_2M_20260121_183657,3617,0.265625,syndrome_consistent,exact_correct,8,True
type2_2M_20260121_183657,3618,0.26171875,syndrome_consistent,exact_correct,5,True
type2_2M_20260121_183657,3619,0.2421875,syndrome_consistent,exact_correct,6,True
type2_2M_20260121_183657,3620,0.25390625,syndrome_consistent,exact_correct,6,True
type2_2M_20260121_183657,3621,0.2890625,syndrome_consistent,exact_correct,11,True
type2_2M_20260121_183657,3622,0.26953125,syndrome_consistent,exact_correct,4,True
type2_2M_20260121_183657,3623,0.21875,syndrome_consistent,exact_correct,3,True
type2_2M_20260121_183657,3624,0.25390625,syndrome_consistent,exact_correct,5,True
type2_2M_20260121_183657,3625,0.21875,syndrome_consistent,exact_correct,3,True
type2_2M_20260121_183657,3626,0.28515625,syndrome_consistent,exact_correct,6,True
type2_2M_20260121_183657,3627,0.23046875,syndrome_consistent,exact_correct,4,True
type2_2M_20260121_183657,3628,0.2578125,syndrome_consistent,exact_correct,8,True
type2_2M_20260121_183657,3629,0.29296875,syndrome_consistent,exact_correct,7,True
type2_2M_20260121_183657,3630,0.2578125,syndrome_consistent,exact_correct,4,True
type2_2M_20260121_183657,3631,0.24609375,syndrome_consistent,exact_correct,5,True
type2_2M_20260121_183657,3632,0.25,syndrome_consistent,exact_correct,4,True
type2_2M_20260121_183657,3633,0.25390625,syndrome_consistent,exact_correct,5,True
type2_2M_20260121_183657,3634,0.265625,syndrome_consistent,exact_correct,5,True
type2_2M_20260121_183657,3635,0.21875,syndrome_consistent,exact_correct,5,True
type2_2M_20260121_183657,3636,0.2578125,syndrome_consistent,exact_correct,5,True
type2_2M_20260121_183657,3637,0.25390625,syndrome_consistent,exact_correct,5,True
type2_2M_20260121_183657,3638,0.26953125,syndrome_consistent,exact_correct,5,True
type2_2M_20260121_183657,3639,0.265625,syndrome_consistent,exact_correct,4,True
type2_2M_20260121_183657,3640,0.21875,syndrome_consistent,exact_correct,6,True
type2_2M_20260121_183657,3641,0.2578125,syndrome_consistent,exact_correct,9,True
type2_2M_20260121_183657,3642,0.296875,syndrome_consistent,exact_correct,6,True
type2_2M_20260121_183657,3643,0.234375,syndrome_consistent,exact_correct,4,True
type2_2M_20260121_183657,3644,0.25390625,syndrome_consistent,exact_correct,6,True
