change	source_path	title	destination_path	included	omitted	reason
add-nbldpc-l1-degree2-layout	openspec/changes/archive/2026-10-04-add-nbldpc-l1-degree2-layout-completed/specs/degree2-layout/spec.md	SHALL (frozen Stage-1 contract)	openspec/specs/degree2-layout/spec.md	yes	no	Included within exact frozen merge scope: yes, accepted Stage-1 layout only
add-nbldpc-l1-degree2-layout	openspec/changes/archive/2026-10-04-add-nbldpc-l1-degree2-layout-completed/specs/degree2-layout/spec.md	SHALL NOT	openspec/specs/degree2-layout/spec.md	yes	no	Included within exact frozen merge scope: yes, accepted Stage-1 layout only
amend-openspec-archive-superseded-before-execution	openspec/changes/archive/2026-10-04-amend-openspec-archive-superseded-before-execution-completed/specs/amend-openspec-archive-superseded-before-execution/spec.md	ADDED Requirements	openspec/specs/amend-openspec-archive-superseded-before-execution/spec.md	no	yes	Omitted by exact frozen merge scope: yes, merge only the accepted archive rule delta
amend-openspec-archive-superseded-before-execution	openspec/changes/archive/2026-10-04-amend-openspec-archive-superseded-before-execution-completed/specs/amend-openspec-archive-superseded-before-execution/spec.md	Requirement: Every archived change carries a disposition record	openspec/specs/amend-openspec-archive-superseded-before-execution/spec.md	no	yes	Omitted by exact frozen merge scope: yes, merge only the accepted archive rule delta
amend-openspec-archive-superseded-before-execution	openspec/changes/archive/2026-10-04-amend-openspec-archive-superseded-before-execution-completed/specs/amend-openspec-archive-superseded-before-execution/spec.md	Scenario: Archive without a disposition record	openspec/specs/amend-openspec-archive-superseded-before-execution/spec.md	no	yes	Omitted by exact frozen merge scope: yes, merge only the accepted archive rule delta
amend-openspec-archive-superseded-before-execution	openspec/changes/archive/2026-10-04-amend-openspec-archive-superseded-before-execution-completed/specs/amend-openspec-archive-superseded-before-execution/spec.md	Scenario: Archive with an ambiguous disposition	openspec/specs/amend-openspec-archive-superseded-before-execution/spec.md	no	yes	Omitted by exact frozen merge scope: yes, merge only the accepted archive rule delta
amend-openspec-archive-superseded-before-execution	openspec/changes/archive/2026-10-04-amend-openspec-archive-superseded-before-execution-completed/specs/amend-openspec-archive-superseded-before-execution/spec.md	Requirement: Superseded-before-execution archives MUST NOT merge deltas	openspec/specs/amend-openspec-archive-superseded-before-execution/spec.md	no	yes	Omitted by exact frozen merge scope: yes, merge only the accepted archive rule delta
amend-openspec-archive-superseded-before-execution	openspec/changes/archive/2026-10-04-amend-openspec-archive-superseded-before-execution-completed/specs/amend-openspec-archive-superseded-before-execution/spec.md	Scenario: Merge proposed for a never-executed change	openspec/specs/amend-openspec-archive-superseded-before-execution/spec.md	no	yes	Omitted by exact frozen merge scope: yes, merge only the accepted archive rule delta
amend-openspec-archive-superseded-before-execution	openspec/changes/archive/2026-10-04-amend-openspec-archive-superseded-before-execution-completed/specs/amend-openspec-archive-superseded-before-execution/spec.md	Scenario: SUPERSEDE banner cited as sufficient without a disposition record	openspec/specs/amend-openspec-archive-superseded-before-execution/spec.md	no	yes	Omitted by exact frozen merge scope: yes, merge only the accepted archive rule delta
amend-openspec-archive-superseded-before-execution	openspec/changes/archive/2026-10-04-amend-openspec-archive-superseded-before-execution-completed/specs/amend-openspec-archive-superseded-before-execution/spec.md	Requirement: Superseded frozen clauses are NOT citable as current	openspec/specs/amend-openspec-archive-superseded-before-execution/spec.md	no	yes	Omitted by exact frozen merge scope: yes, merge only the accepted archive rule delta
amend-openspec-archive-superseded-before-execution	openspec/changes/archive/2026-10-04-amend-openspec-archive-superseded-before-execution-completed/specs/amend-openspec-archive-superseded-before-execution/spec.md	Scenario: Packet cites an archived SHALL as live authority	openspec/specs/amend-openspec-archive-superseded-before-execution/spec.md	no	yes	Omitted by exact frozen merge scope: yes, merge only the accepted archive rule delta
amend-openspec-archive-superseded-before-execution	openspec/changes/archive/2026-10-04-amend-openspec-archive-superseded-before-execution-completed/specs/amend-openspec-archive-superseded-before-execution/spec.md	Requirement: Survival only through a successor retained-clause index	openspec/specs/amend-openspec-archive-superseded-before-execution/spec.md	no	yes	Omitted by exact frozen merge scope: yes, merge only the accepted archive rule delta
amend-openspec-archive-superseded-before-execution	openspec/changes/archive/2026-10-04-amend-openspec-archive-superseded-before-execution-completed/specs/amend-openspec-archive-superseded-before-execution/spec.md	Scenario: Surviving clause without an index entry	openspec/specs/amend-openspec-archive-superseded-before-execution/spec.md	no	yes	Omitted by exact frozen merge scope: yes, merge only the accepted archive rule delta
amend-openspec-archive-superseded-before-execution	openspec/changes/archive/2026-10-04-amend-openspec-archive-superseded-before-execution-completed/specs/amend-openspec-archive-superseded-before-execution/spec.md	Requirement: Archives preserve all original files verbatim	openspec/specs/amend-openspec-archive-superseded-before-execution/spec.md	no	yes	Omitted by exact frozen merge scope: yes, merge only the accepted archive rule delta
amend-openspec-archive-superseded-before-execution	openspec/changes/archive/2026-10-04-amend-openspec-archive-superseded-before-execution-completed/specs/amend-openspec-archive-superseded-before-execution/spec.md	Scenario: Archive drops or rewrites an original file	openspec/specs/amend-openspec-archive-superseded-before-execution/spec.md	no	yes	Omitted by exact frozen merge scope: yes, merge only the accepted archive rule delta
binary-ldpc-adjacent-channel-v4	openspec/changes/archive/2026-10-04-binary-ldpc-adjacent-channel-v4-completed/specs/binary-ldpc-adjacent-channel-v4/spec.md	Requirement: Immutable Successor Identity	openspec/specs/binary-ldpc-adjacent-channel-v4/spec.md	no	yes	Zero merge: “decoder_error/adjacent-channel engineering” does not identify an exact reviewed requirement among the broader qualification and promotion contract.
binary-ldpc-adjacent-channel-v4	openspec/changes/archive/2026-10-04-binary-ldpc-adjacent-channel-v4-completed/specs/binary-ldpc-adjacent-channel-v4/spec.md	Requirement: Sacrificed Adjacent-Bin Calibration	openspec/specs/binary-ldpc-adjacent-channel-v4/spec.md	no	yes	Zero merge: “decoder_error/adjacent-channel engineering” does not identify an exact reviewed requirement among the broader qualification and promotion contract.
binary-ldpc-adjacent-channel-v4	openspec/changes/archive/2026-10-04-binary-ldpc-adjacent-channel-v4-completed/specs/binary-ldpc-adjacent-channel-v4/spec.md	Requirement: Bob-Conditioned Soft Information	openspec/specs/binary-ldpc-adjacent-channel-v4/spec.md	no	yes	Zero merge: “decoder_error/adjacent-channel engineering” does not identify an exact reviewed requirement among the broader qualification and promotion contract.
binary-ldpc-adjacent-channel-v4	openspec/changes/archive/2026-10-04-binary-ldpc-adjacent-channel-v4-completed/specs/binary-ldpc-adjacent-channel-v4/spec.md	Requirement: Deterministic Finite-Length Codebook	openspec/specs/binary-ldpc-adjacent-channel-v4/spec.md	no	yes	Zero merge: “decoder_error/adjacent-channel engineering” does not identify an exact reviewed requirement among the broader qualification and promotion contract.
binary-ldpc-adjacent-channel-v4	openspec/changes/archive/2026-10-04-binary-ldpc-adjacent-channel-v4-completed/specs/binary-ldpc-adjacent-channel-v4/spec.md	Requirement: Plane-Specific Fixed Disclosure	openspec/specs/binary-ldpc-adjacent-channel-v4/spec.md	no	yes	Zero merge: “decoder_error/adjacent-channel engineering” does not identify an exact reviewed requirement among the broader qualification and promotion contract.
binary-ldpc-adjacent-channel-v4	openspec/changes/archive/2026-10-04-binary-ldpc-adjacent-channel-v4-completed/specs/binary-ldpc-adjacent-channel-v4/spec.md	Requirement: Sacrificed Development Readiness	openspec/specs/binary-ldpc-adjacent-channel-v4/spec.md	no	yes	Zero merge: “decoder_error/adjacent-channel engineering” does not identify an exact reviewed requirement among the broader qualification and promotion contract.
binary-ldpc-adjacent-channel-v4	openspec/changes/archive/2026-10-04-binary-ldpc-adjacent-channel-v4-completed/specs/binary-ldpc-adjacent-channel-v4/spec.md	Requirement: Formal V4 Decode and Verification	openspec/specs/binary-ldpc-adjacent-channel-v4/spec.md	no	yes	Zero merge: “decoder_error/adjacent-channel engineering” does not identify an exact reviewed requirement among the broader qualification and promotion contract.
binary-ldpc-adjacent-channel-v4	openspec/changes/archive/2026-10-04-binary-ldpc-adjacent-channel-v4-completed/specs/binary-ldpc-adjacent-channel-v4/spec.md	Requirement: Immutable Development Package	openspec/specs/binary-ldpc-adjacent-channel-v4/spec.md	no	yes	Zero merge: “decoder_error/adjacent-channel engineering” does not identify an exact reviewed requirement among the broader qualification and promotion contract.
binary-ldpc-adjacent-channel-v4	openspec/changes/archive/2026-10-04-binary-ldpc-adjacent-channel-v4-completed/specs/binary-ldpc-adjacent-channel-v4/spec.md	Requirement: Fresh Synthetic Promotion	openspec/specs/binary-ldpc-adjacent-channel-v4/spec.md	no	yes	Zero merge: “decoder_error/adjacent-channel engineering” does not identify an exact reviewed requirement among the broader qualification and promotion contract.
binary-ldpc-adjacent-channel-v4	openspec/changes/archive/2026-10-04-binary-ldpc-adjacent-channel-v4-completed/specs/binary-ldpc-adjacent-channel-v4/spec.md	Requirement: Synthetic Stop Rule	openspec/specs/binary-ldpc-adjacent-channel-v4/spec.md	no	yes	Zero merge: “decoder_error/adjacent-channel engineering” does not identify an exact reviewed requirement among the broader qualification and promotion contract.
binary-ldpc-adjacent-channel-v4	openspec/changes/archive/2026-10-04-binary-ldpc-adjacent-channel-v4-completed/specs/binary-ldpc-adjacent-channel-v4/spec.md	Requirement: Conditional Fresh Real Qualification	openspec/specs/binary-ldpc-adjacent-channel-v4/spec.md	no	yes	Zero merge: “decoder_error/adjacent-channel engineering” does not identify an exact reviewed requirement among the broader qualification and promotion contract.
binary-ldpc-adjacent-channel-v4	openspec/changes/archive/2026-10-04-binary-ldpc-adjacent-channel-v4-completed/specs/binary-ldpc-adjacent-channel-v4/spec.md	Requirement: Qualification Integrity	openspec/specs/binary-ldpc-adjacent-channel-v4/spec.md	no	yes	Zero merge: “decoder_error/adjacent-channel engineering” does not identify an exact reviewed requirement among the broader qualification and promotion contract.
binary-ldpc-adjacent-channel-v4	openspec/changes/archive/2026-10-04-binary-ldpc-adjacent-channel-v4-completed/specs/binary-ldpc-adjacent-channel-v4/spec.md	Requirement: Bounded Scientific Claim	openspec/specs/binary-ldpc-adjacent-channel-v4/spec.md	no	yes	Zero merge: “decoder_error/adjacent-channel engineering” does not identify an exact reviewed requirement among the broader qualification and promotion contract.
binary-ldpc-adjacent-channel-v4	openspec/changes/archive/2026-10-04-binary-ldpc-adjacent-channel-v4-completed/specs/binary-ldpc-adjacent-channel-v4/spec.md	Requirement: Operator Separation	openspec/specs/binary-ldpc-adjacent-channel-v4/spec.md	no	yes	Zero merge: “decoder_error/adjacent-channel engineering” does not identify an exact reviewed requirement among the broader qualification and promotion contract.
binary-ldpc-long-frame-and-ir-v3	openspec/changes/archive/2026-10-04-binary-ldpc-long-frame-and-ir-v3-completed/specs/binary-ldpc-long-frame/spec.md	Requirement: Additive Candidate-Only Identity	openspec/specs/binary-ldpc-long-frame/spec.md	no	yes	Omitted by exact frozen merge scope: only accepted engineering and executed synthetic scope
binary-ldpc-long-frame-and-ir-v3	openspec/changes/archive/2026-10-04-binary-ldpc-long-frame-and-ir-v3-completed/specs/binary-ldpc-long-frame/spec.md	Requirement: Frozen Long-Frame Domain	openspec/specs/binary-ldpc-long-frame/spec.md	no	yes	Omitted by exact frozen merge scope: only accepted engineering and executed synthetic scope
binary-ldpc-long-frame-and-ir-v3	openspec/changes/archive/2026-10-04-binary-ldpc-long-frame-and-ir-v3-completed/specs/binary-ldpc-long-frame/spec.md	Requirement: Deterministic Nested Construction	openspec/specs/binary-ldpc-long-frame/spec.md	no	yes	Omitted by exact frozen merge scope: only accepted engineering and executed synthetic scope
binary-ldpc-long-frame-and-ir-v3	openspec/changes/archive/2026-10-04-binary-ldpc-long-frame-and-ir-v3-completed/specs/binary-ldpc-long-frame/spec.md	Requirement: Canonical Encoding and Manifest	openspec/specs/binary-ldpc-long-frame/spec.md	no	yes	Omitted by exact frozen merge scope: only accepted engineering and executed synthetic scope
binary-ldpc-long-frame-and-ir-v3	openspec/changes/archive/2026-10-04-binary-ldpc-long-frame-and-ir-v3-completed/specs/binary-ldpc-long-frame/spec.md	Requirement: Evidence Boundary	openspec/specs/binary-ldpc-long-frame/spec.md	no	yes	Omitted by exact frozen merge scope: only accepted engineering and executed synthetic scope
binary-ldpc-long-frame-and-ir-v3	openspec/changes/archive/2026-10-04-binary-ldpc-long-frame-and-ir-v3-completed/specs/binary-ldpc-long-frame/spec.md	Requirement: Sacrificed-Development FER Kernel	openspec/specs/binary-ldpc-long-frame/spec.md	no	yes	Omitted by exact frozen merge scope: only accepted engineering and executed synthetic scope
binary-ldpc-long-frame-and-ir-v3	openspec/changes/archive/2026-10-04-binary-ldpc-long-frame-and-ir-v3-completed/specs/binary-ldpc-long-frame/spec.md	Requirement: Development-Only Candidate Selection	openspec/specs/binary-ldpc-long-frame/spec.md	no	yes	Omitted by exact frozen merge scope: only accepted engineering and executed synthetic scope
binary-ldpc-long-frame-and-ir-v3	openspec/changes/archive/2026-10-04-binary-ldpc-long-frame-and-ir-v3-completed/specs/binary-ldpc-long-frame/spec.md	Requirement: Phase 2 Isolation	openspec/specs/binary-ldpc-long-frame/spec.md	no	yes	Omitted by exact frozen merge scope: only accepted engineering and executed synthetic scope
binary-ldpc-long-frame-and-ir-v3	openspec/changes/archive/2026-10-04-binary-ldpc-long-frame-and-ir-v3-completed/specs/binary-ldpc-long-frame/spec.md	Requirement: Verifier-Bound Full Development Sweep Tooling	openspec/specs/binary-ldpc-long-frame/spec.md	no	yes	Omitted by exact frozen merge scope: only accepted engineering and executed synthetic scope
binary-ldpc-long-frame-and-ir-v3	openspec/changes/archive/2026-10-04-binary-ldpc-long-frame-and-ir-v3-completed/specs/binary-ldpc-long-frame/spec.md	Requirement: Failure Retention and Evidence Boundary	openspec/specs/binary-ldpc-long-frame/spec.md	no	yes	Omitted by exact frozen merge scope: only accepted engineering and executed synthetic scope
binary-ldpc-long-frame-and-ir-v3	openspec/changes/archive/2026-10-04-binary-ldpc-long-frame-and-ir-v3-completed/specs/binary-ldpc-long-frame/spec.md	Requirement: Production/Test Separation	openspec/specs/binary-ldpc-long-frame/spec.md	no	yes	Omitted by exact frozen merge scope: only accepted engineering and executed synthetic scope
binary-ldpc-long-frame-and-ir-v3	openspec/changes/archive/2026-10-04-binary-ldpc-long-frame-and-ir-v3-completed/specs/binary-ldpc-long-frame/spec.md	Requirement: Frame-Level Global-Round Development	openspec/specs/binary-ldpc-long-frame/spec.md	no	yes	Omitted by exact frozen merge scope: only accepted engineering and executed synthetic scope
binary-ldpc-long-frame-and-ir-v3	openspec/changes/archive/2026-10-04-binary-ldpc-long-frame-and-ir-v3-completed/specs/binary-ldpc-long-frame/spec.md	Requirement: Development Length Selection	openspec/specs/binary-ldpc-long-frame/spec.md	no	yes	Omitted by exact frozen merge scope: only accepted engineering and executed synthetic scope
binary-ldpc-long-frame-and-ir-v3	openspec/changes/archive/2026-10-04-binary-ldpc-long-frame-and-ir-v3-completed/specs/binary-ldpc-long-frame/spec.md	Requirement: Formal Binary LDPC v3 Method	openspec/specs/binary-ldpc-long-frame/spec.md	no	yes	Omitted by exact frozen merge scope: only accepted engineering and executed synthetic scope
binary-ldpc-long-frame-and-ir-v3	openspec/changes/archive/2026-10-04-binary-ldpc-long-frame-and-ir-v3-completed/specs/binary-ldpc-long-frame/spec.md	Requirement: Deployable Global Stopping	openspec/specs/binary-ldpc-long-frame/spec.md	no	yes	Omitted by exact frozen merge scope: only accepted engineering and executed synthetic scope
binary-ldpc-long-frame-and-ir-v3	openspec/changes/archive/2026-10-04-binary-ldpc-long-frame-and-ir-v3-completed/specs/binary-ldpc-long-frame/spec.md	Requirement: Formal v3 Accounting and Fail-Closed Behavior	openspec/specs/binary-ldpc-long-frame/spec.md	no	yes	Omitted by exact frozen merge scope: only accepted engineering and executed synthetic scope
binary-ldpc-long-frame-and-ir-v3	openspec/changes/archive/2026-10-04-binary-ldpc-long-frame-and-ir-v3-completed/specs/binary-ldpc-long-frame/spec.md	Requirement: Phase 5 Evidence Boundary	openspec/specs/binary-ldpc-long-frame/spec.md	no	yes	Omitted by exact frozen merge scope: only accepted engineering and executed synthetic scope
binary-ldpc-long-frame-and-ir-v3	openspec/changes/archive/2026-10-04-binary-ldpc-long-frame-and-ir-v3-completed/specs/binary-ldpc-long-frame/spec.md	Requirement: TTBIN-Derived Formal Data Lock	openspec/specs/binary-ldpc-long-frame/spec.md	no	yes	Omitted by exact frozen merge scope: only accepted engineering and executed synthetic scope
binary-ldpc-long-frame-and-ir-v3	openspec/changes/archive/2026-10-04-binary-ldpc-long-frame-and-ir-v3-completed/specs/binary-ldpc-long-frame/spec.md	Requirement: Synthetic Promotion Gate	openspec/specs/binary-ldpc-long-frame/spec.md	no	yes	Omitted by exact frozen merge scope: only accepted engineering and executed synthetic scope
binary-ldpc-long-frame-and-ir-v3	openspec/changes/archive/2026-10-04-binary-ldpc-long-frame-and-ir-v3-completed/specs/binary-ldpc-long-frame/spec.md	Requirement: Real Promotion Gate	openspec/specs/binary-ldpc-long-frame/spec.md	no	yes	Omitted by exact frozen merge scope: only accepted engineering and executed synthetic scope
binary-ldpc-long-frame-and-ir-v3	openspec/changes/archive/2026-10-04-binary-ldpc-long-frame-and-ir-v3-completed/specs/binary-ldpc-long-frame/spec.md	Requirement: Qualification Integrity	openspec/specs/binary-ldpc-long-frame/spec.md	no	yes	Omitted by exact frozen merge scope: only accepted engineering and executed synthetic scope
binary-ldpc-v4-10db-transfer-qualification-v1	<no archived specs/*.md>	<no source requirement>	<none>	no	yes	No archived spec delta file exists; no scope was synthesized from proposal/tasks.
binary-ldpc-v4-16db-transfer-qualification-v1	openspec/changes/archive/2026-10-04-binary-ldpc-v4-16db-transfer-qualification-v1-completed/specs/binary-ldpc-v4-16db-transfer-qualification-v1/spec.md	ADDED Requirements	openspec/specs/binary-ldpc-v4-16db-transfer-qualification-v1/spec.md	no	yes	No scientific-promotion delta; only the bounded result record is retained.
binary-ldpc-v4-16db-transfer-qualification-v1	openspec/changes/archive/2026-10-04-binary-ldpc-v4-16db-transfer-qualification-v1-completed/specs/binary-ldpc-v4-16db-transfer-qualification-v1/spec.md	Requirement: Highest-loss capacity-qualified transfer domain	openspec/specs/binary-ldpc-v4-16db-transfer-qualification-v1/spec.md	no	yes	No scientific-promotion delta; only the bounded result record is retained.
binary-ldpc-v4-16db-transfer-qualification-v1	openspec/changes/archive/2026-10-04-binary-ldpc-v4-16db-transfer-qualification-v1-completed/specs/binary-ldpc-v4-16db-transfer-qualification-v1/spec.md	Scenario: Claim interpretation	openspec/specs/binary-ldpc-v4-16db-transfer-qualification-v1/spec.md	no	yes	No scientific-promotion delta; only the bounded result record is retained.
binary-ldpc-v4-16db-transfer-qualification-v1	openspec/changes/archive/2026-10-04-binary-ldpc-v4-16db-transfer-qualification-v1-completed/specs/binary-ldpc-v4-16db-transfer-qualification-v1/spec.md	Requirement: Relocated source provenance	openspec/specs/binary-ldpc-v4-16db-transfer-qualification-v1/spec.md	no	yes	No scientific-promotion delta; only the bounded result record is retained.
binary-ldpc-v4-16db-transfer-qualification-v1	openspec/changes/archive/2026-10-04-binary-ldpc-v4-16db-transfer-qualification-v1-completed/specs/binary-ldpc-v4-16db-transfer-qualification-v1/spec.md	Scenario: Copied tree	openspec/specs/binary-ldpc-v4-16db-transfer-qualification-v1/spec.md	no	yes	No scientific-promotion delta; only the bounded result record is retained.
binary-ldpc-v4-16db-transfer-qualification-v1	openspec/changes/archive/2026-10-04-binary-ldpc-v4-16db-transfer-qualification-v1-completed/specs/binary-ldpc-v4-16db-transfer-qualification-v1/spec.md	Scenario: Relocation mismatch	openspec/specs/binary-ldpc-v4-16db-transfer-qualification-v1/spec.md	no	yes	No scientific-promotion delta; only the bounded result record is retained.
binary-ldpc-v4-16db-transfer-qualification-v1	openspec/changes/archive/2026-10-04-binary-ldpc-v4-16db-transfer-qualification-v1-completed/specs/binary-ldpc-v4-16db-transfer-qualification-v1/spec.md	Requirement: Frozen cross-domain method	openspec/specs/binary-ldpc-v4-16db-transfer-qualification-v1/spec.md	no	yes	No scientific-promotion delta; only the bounded result record is retained.
binary-ldpc-v4-16db-transfer-qualification-v1	openspec/changes/archive/2026-10-04-binary-ldpc-v4-16db-transfer-qualification-v1-completed/specs/binary-ldpc-v4-16db-transfer-qualification-v1/spec.md	Requirement: Transfer qualification	openspec/specs/binary-ldpc-v4-16db-transfer-qualification-v1/spec.md	no	yes	No scientific-promotion delta; only the bounded result record is retained.
binary-ldpc-v4-backend-correction-v1	openspec/changes/archive/2026-10-04-binary-ldpc-v4-backend-correction-v1-completed/specs/binary-ldpc-v4-backend-correction-v1/spec.md	ADDED Requirements	openspec/specs/binary-ldpc-v4-backend-correction-v1/spec.md	no	yes	Omitted by exact frozen merge scope: only accepted corrected development implementation
binary-ldpc-v4-backend-correction-v1	openspec/changes/archive/2026-10-04-binary-ldpc-v4-backend-correction-v1-completed/specs/binary-ldpc-v4-backend-correction-v1/spec.md	Requirement: Versioned production constructor compatibility	openspec/specs/binary-ldpc-v4-backend-correction-v1/spec.md	no	yes	Omitted by exact frozen merge scope: only accepted corrected development implementation
binary-ldpc-v4-backend-correction-v1	openspec/changes/archive/2026-10-04-binary-ldpc-v4-backend-correction-v1-completed/specs/binary-ldpc-v4-backend-correction-v1/spec.md	Scenario: Correct production construction	openspec/specs/binary-ldpc-v4-backend-correction-v1/spec.md	no	yes	Omitted by exact frozen merge scope: only accepted corrected development implementation
binary-ldpc-v4-backend-correction-v1	openspec/changes/archive/2026-10-04-binary-ldpc-v4-backend-correction-v1-completed/specs/binary-ldpc-v4-backend-correction-v1/spec.md	Scenario: Historical behavior remains immutable	openspec/specs/binary-ldpc-v4-backend-correction-v1/spec.md	no	yes	Omitted by exact frozen merge scope: only accepted corrected development implementation
binary-ldpc-v4-backend-correction-v1	openspec/changes/archive/2026-10-04-binary-ldpc-v4-backend-correction-v1-completed/specs/binary-ldpc-v4-backend-correction-v1/spec.md	Requirement: Fresh immutable development evidence	openspec/specs/binary-ldpc-v4-backend-correction-v1/spec.md	no	yes	Omitted by exact frozen merge scope: only accepted corrected development implementation
binary-ldpc-v4-backend-correction-v1	openspec/changes/archive/2026-10-04-binary-ldpc-v4-backend-correction-v1-completed/specs/binary-ldpc-v4-backend-correction-v1/spec.md	Scenario: Readiness	openspec/specs/binary-ldpc-v4-backend-correction-v1/spec.md	no	yes	Omitted by exact frozen merge scope: only accepted corrected development implementation
binary-ldpc-v4-backend-correction-v1	openspec/changes/archive/2026-10-04-binary-ldpc-v4-backend-correction-v1-completed/specs/binary-ldpc-v4-backend-correction-v1/spec.md	Scenario: Gate failure	openspec/specs/binary-ldpc-v4-backend-correction-v1/spec.md	no	yes	Omitted by exact frozen merge scope: only accepted corrected development implementation
binary-ldpc-v4-corrected-qualification-v2	openspec/changes/archive/2026-10-04-binary-ldpc-v4-corrected-qualification-v2-completed/specs/binary-ldpc-v4-corrected-qualification-v2/spec.md	ADDED Requirements	openspec/specs/binary-ldpc-v4-corrected-qualification-v2/spec.md	no	yes	Omitted by exact frozen merge scope: only reviewed synthetic and source-intake readiness scope
binary-ldpc-v4-corrected-qualification-v2	openspec/changes/archive/2026-10-04-binary-ldpc-v4-corrected-qualification-v2-completed/specs/binary-ldpc-v4-corrected-qualification-v2/spec.md	Requirement: Corrected development prerequisite	openspec/specs/binary-ldpc-v4-corrected-qualification-v2/spec.md	no	yes	Omitted by exact frozen merge scope: only reviewed synthetic and source-intake readiness scope
binary-ldpc-v4-corrected-qualification-v2	openspec/changes/archive/2026-10-04-binary-ldpc-v4-corrected-qualification-v2-completed/specs/binary-ldpc-v4-corrected-qualification-v2/spec.md	Scenario: Failed-v1 substitution	openspec/specs/binary-ldpc-v4-corrected-qualification-v2/spec.md	no	yes	Omitted by exact frozen merge scope: only reviewed synthetic and source-intake readiness scope
binary-ldpc-v4-corrected-qualification-v2	openspec/changes/archive/2026-10-04-binary-ldpc-v4-corrected-qualification-v2-completed/specs/binary-ldpc-v4-corrected-qualification-v2/spec.md	Scenario: Corrected-v2 prerequisite	openspec/specs/binary-ldpc-v4-corrected-qualification-v2/spec.md	no	yes	Omitted by exact frozen merge scope: only reviewed synthetic and source-intake readiness scope
binary-ldpc-v4-corrected-qualification-v2	openspec/changes/archive/2026-10-04-binary-ldpc-v4-corrected-qualification-v2-completed/specs/binary-ldpc-v4-corrected-qualification-v2/spec.md	Requirement: Independent synthetic qualification	openspec/specs/binary-ldpc-v4-corrected-qualification-v2/spec.md	no	yes	Omitted by exact frozen merge scope: only reviewed synthetic and source-intake readiness scope
binary-ldpc-v4-corrected-qualification-v2	openspec/changes/archive/2026-10-04-binary-ldpc-v4-corrected-qualification-v2-completed/specs/binary-ldpc-v4-corrected-qualification-v2/spec.md	Requirement: Real capacity before lock	openspec/specs/binary-ldpc-v4-corrected-qualification-v2/spec.md	no	yes	Omitted by exact frozen merge scope: only reviewed synthetic and source-intake readiness scope
binary-ldpc-v4-corrected-qualification-v2	openspec/changes/archive/2026-10-04-binary-ldpc-v4-corrected-qualification-v2-completed/specs/binary-ldpc-v4-corrected-qualification-v2/spec.md	Scenario: Copied or reprocessed acquisition	openspec/specs/binary-ldpc-v4-corrected-qualification-v2/spec.md	no	yes	Omitted by exact frozen merge scope: only reviewed synthetic and source-intake readiness scope
binary-ldpc-v4-corrected-qualification-v2	openspec/changes/archive/2026-10-04-binary-ldpc-v4-corrected-qualification-v2-completed/specs/binary-ldpc-v4-corrected-qualification-v2/spec.md	Scenario: Traceable source extension	openspec/specs/binary-ldpc-v4-corrected-qualification-v2/spec.md	no	yes	Omitted by exact frozen merge scope: only reviewed synthetic and source-intake readiness scope
binary-ldpc-v4-corrected-qualification-v2	openspec/changes/archive/2026-10-04-binary-ldpc-v4-corrected-qualification-v2-completed/specs/binary-ldpc-v4-corrected-qualification-v2/spec.md	Scenario: Duplicate frame payload	openspec/specs/binary-ldpc-v4-corrected-qualification-v2/spec.md	no	yes	Omitted by exact frozen merge scope: only reviewed synthetic and source-intake readiness scope
binary-ldpc-v4-corrected-qualification-v2	openspec/changes/archive/2026-10-04-binary-ldpc-v4-corrected-qualification-v2-completed/specs/binary-ldpc-v4-corrected-qualification-v2/spec.md	Scenario: Insufficient validated extension	openspec/specs/binary-ldpc-v4-corrected-qualification-v2/spec.md	no	yes	Omitted by exact frozen merge scope: only reviewed synthetic and source-intake readiness scope
binary-ldpc-v4-corrected-qualification-v2	openspec/changes/archive/2026-10-04-binary-ldpc-v4-corrected-qualification-v2-completed/specs/binary-ldpc-v4-corrected-qualification-v2/spec.md	Requirement: Conditional real qualification	openspec/specs/binary-ldpc-v4-corrected-qualification-v2/spec.md	no	yes	Omitted by exact frozen merge scope: only reviewed synthetic and source-intake readiness scope
binary-ldpc-v5-incremental-redundancy	<no archived specs/*.md>	<no source requirement>	<none>	no	yes	No archived spec delta file exists; no scope was synthesized from proposal/tasks.
consolidate-real-ir-evidence-package	openspec/changes/archive/2026-10-04-consolidate-real-ir-evidence-package-completed/specs/spec.md	Requirements	openspec/specs/consolidate-real-ir-evidence-package/spec.md	no	yes	Omitted by exact frozen merge scope: yes, AC1-7 and AC10 only; exclude AC8-9
consolidate-real-ir-evidence-package	openspec/changes/archive/2026-10-04-consolidate-real-ir-evidence-package-completed/specs/spec.md	R1: Input Reading	openspec/specs/consolidate-real-ir-evidence-package/spec.md	yes	no	Included within exact frozen merge scope: yes, AC1-7 and AC10 only; exclude AC8-9
consolidate-real-ir-evidence-package	openspec/changes/archive/2026-10-04-consolidate-real-ir-evidence-package-completed/specs/spec.md	R2: Selection Logic	openspec/specs/consolidate-real-ir-evidence-package/spec.md	yes	no	Included within exact frozen merge scope: yes, AC1-7 and AC10 only; exclude AC8-9
consolidate-real-ir-evidence-package	openspec/changes/archive/2026-10-04-consolidate-real-ir-evidence-package-completed/specs/spec.md	R3: Output Generation	openspec/specs/consolidate-real-ir-evidence-package/spec.md	yes	no	Included within exact frozen merge scope: yes, AC1-7 and AC10 only; exclude AC8-9
consolidate-real-ir-evidence-package	openspec/changes/archive/2026-10-04-consolidate-real-ir-evidence-package-completed/specs/spec.md	R4: Manifest	openspec/specs/consolidate-real-ir-evidence-package/spec.md	yes	no	Included within exact frozen merge scope: yes, AC1-7 and AC10 only; exclude AC8-9
consolidate-real-ir-evidence-package	openspec/changes/archive/2026-10-04-consolidate-real-ir-evidence-package-completed/specs/spec.md	R5: No Overwrites	openspec/specs/consolidate-real-ir-evidence-package/spec.md	no	yes	Omitted by exact frozen merge scope: yes, AC1-7 and AC10 only; exclude AC8-9
consolidate-real-ir-evidence-package	openspec/changes/archive/2026-10-04-consolidate-real-ir-evidence-package-completed/specs/spec.md	Behavior	openspec/specs/consolidate-real-ir-evidence-package/spec.md	no	yes	Omitted by exact frozen merge scope: yes, AC1-7 and AC10 only; exclude AC8-9
consolidate-real-ir-evidence-package	openspec/changes/archive/2026-10-04-consolidate-real-ir-evidence-package-completed/specs/spec.md	B1: CLI Invocation	openspec/specs/consolidate-real-ir-evidence-package/spec.md	yes	no	Included within exact frozen merge scope: yes, AC1-7 and AC10 only; exclude AC8-9
consolidate-real-ir-evidence-package	openspec/changes/archive/2026-10-04-consolidate-real-ir-evidence-package-completed/specs/spec.md	B2: Graceful Degradation	openspec/specs/consolidate-real-ir-evidence-package/spec.md	no	yes	Omitted by exact frozen merge scope: yes, AC1-7 and AC10 only; exclude AC8-9
consolidate-real-ir-evidence-package	openspec/changes/archive/2026-10-04-consolidate-real-ir-evidence-package-completed/specs/spec.md	B3: Idempotency	openspec/specs/consolidate-real-ir-evidence-package/spec.md	no	yes	Omitted by exact frozen merge scope: yes, AC1-7 and AC10 only; exclude AC8-9
consolidate-real-ir-evidence-package	openspec/changes/archive/2026-10-04-consolidate-real-ir-evidence-package-completed/specs/spec.md	Acceptance Criteria	openspec/specs/consolidate-real-ir-evidence-package/spec.md	no	yes	Omitted by exact frozen merge scope: yes, AC1-7 and AC10 only; exclude AC8-9
expand-real-ir-optimized-evidence	<no archived specs/*.md>	<no source requirement>	<none>	no	yes	No archived specs delta; only 19/20 artifact scope.
fix-nbldpc-l1d2-chain-wall-accounting	openspec/changes/archive/2026-10-04-fix-nbldpc-l1d2-chain-wall-accounting-completed/specs/synth-batch-runner/spec.md	MODIFIED requirements	openspec/specs/synth-batch-runner/spec.md	no	yes	Existing openspec/specs/synth-batch-runner/spec.md already contains the reviewed per-chain wall_s and stop-before-unattempted-chain correction; no duplicate delta.
formal-ir-comparison-owned-end-to-end-roadmap	openspec/changes/archive/2026-10-04-formal-ir-comparison-owned-end-to-end-roadmap-completed/specs/spec.md	Repository ownership	openspec/specs/formal-ir-comparison-owned-end-to-end-roadmap/spec.md	yes	no	Included within exact frozen merge scope: Merge only the reviewed ownership and roadmap clauses; no implementation or execution clauses.
formal-ir-comparison-owned-end-to-end-roadmap	openspec/changes/archive/2026-10-04-formal-ir-comparison-owned-end-to-end-roadmap-completed/specs/spec.md	Milestone order	openspec/specs/formal-ir-comparison-owned-end-to-end-roadmap/spec.md	yes	no	Included within exact frozen merge scope: Merge only the reviewed ownership and roadmap clauses; no implementation or execution clauses.
formal-ir-comparison-owned-end-to-end-roadmap	openspec/changes/archive/2026-10-04-formal-ir-comparison-owned-end-to-end-roadmap-completed/specs/spec.md	Current lifecycle	openspec/specs/formal-ir-comparison-owned-end-to-end-roadmap/spec.md	no	yes	Omitted by exact frozen merge scope: Merge only the reviewed ownership and roadmap clauses; no implementation or execution clauses.
formal-ir-d7-root-cause-and-route-reset	openspec/changes/archive/2026-10-04-formal-ir-d7-root-cause-and-route-reset-completed/specs/d7-root-cause-and-route-reset/spec.md	ADDED Requirements	openspec/specs/d7-root-cause-and-route-reset/spec.md	no	yes	Omitted by exact frozen merge scope: only implemented/executed/reviewed X1-X4 remediation and records
formal-ir-d7-root-cause-and-route-reset	openspec/changes/archive/2026-10-04-formal-ir-d7-root-cause-and-route-reset-completed/specs/d7-root-cause-and-route-reset/spec.md	Requirement: Same-input G1/D7 transfer equivalence is established by test	openspec/specs/d7-root-cause-and-route-reset/spec.md	no	yes	Omitted by exact frozen merge scope: only implemented/executed/reviewed X1-X4 remediation and records
formal-ir-d7-root-cause-and-route-reset	openspec/changes/archive/2026-10-04-formal-ir-d7-root-cause-and-route-reset-completed/specs/d7-root-cause-and-route-reset/spec.md	Scenario: Frozen exact/numerical comparison contract	openspec/specs/d7-root-cause-and-route-reset/spec.md	no	yes	Omitted by exact frozen merge scope: only implemented/executed/reviewed X1-X4 remediation and records
formal-ir-d7-root-cause-and-route-reset	openspec/changes/archive/2026-10-04-formal-ir-d7-root-cause-and-route-reset-completed/specs/d7-root-cause-and-route-reset/spec.md	Scenario: Decoder is not rewritten	openspec/specs/d7-root-cause-and-route-reset/spec.md	no	yes	Omitted by exact frozen merge scope: only implemented/executed/reviewed X1-X4 remediation and records
formal-ir-d7-root-cause-and-route-reset	openspec/changes/archive/2026-10-04-formal-ir-d7-root-cause-and-route-reset-completed/specs/d7-root-cause-and-route-reset/spec.md	Requirement: Non-CHECK_UPDATED cross-layer consumption fails closed	openspec/specs/d7-root-cause-and-route-reset/spec.md	no	yes	Omitted by exact frozen merge scope: only implemented/executed/reviewed X1-X4 remediation and records
formal-ir-d7-root-cause-and-route-reset	openspec/changes/archive/2026-10-04-formal-ir-d7-root-cause-and-route-reset-completed/specs/d7-root-cause-and-route-reset/spec.md	Scenario: Provenance boundary matrix	openspec/specs/d7-root-cause-and-route-reset/spec.md	no	yes	Omitted by exact frozen merge scope: only implemented/executed/reviewed X1-X4 remediation and records
formal-ir-d7-root-cause-and-route-reset	openspec/changes/archive/2026-10-04-formal-ir-d7-root-cause-and-route-reset-completed/specs/d7-root-cause-and-route-reset/spec.md	Requirement: Future G1 evidence is per-layer and provenance-observable	openspec/specs/d7-root-cause-and-route-reset/spec.md	no	yes	Omitted by exact frozen merge scope: only implemented/executed/reviewed X1-X4 remediation and records
formal-ir-d7-root-cause-and-route-reset	openspec/changes/archive/2026-10-04-formal-ir-d7-root-cause-and-route-reset-completed/specs/d7-root-cause-and-route-reset/spec.md	Scenario: Additive schema	openspec/specs/d7-root-cause-and-route-reset/spec.md	no	yes	Omitted by exact frozen merge scope: only implemented/executed/reviewed X1-X4 remediation and records
formal-ir-d7-root-cause-and-route-reset	openspec/changes/archive/2026-10-04-formal-ir-d7-root-cause-and-route-reset-completed/specs/d7-root-cause-and-route-reset/spec.md	Requirement: No-write historical decoder probe	openspec/specs/d7-root-cause-and-route-reset/spec.md	no	yes	Omitted by exact frozen merge scope: only implemented/executed/reviewed X1-X4 remediation and records
formal-ir-d7-root-cause-and-route-reset	openspec/changes/archive/2026-10-04-formal-ir-d7-root-cause-and-route-reset-completed/specs/d7-root-cause-and-route-reset/spec.md	Scenario: Injected fake path	openspec/specs/d7-root-cause-and-route-reset/spec.md	no	yes	Omitted by exact frozen merge scope: only implemented/executed/reviewed X1-X4 remediation and records
formal-ir-d7-root-cause-and-route-reset	openspec/changes/archive/2026-10-04-formal-ir-d7-root-cause-and-route-reset-completed/specs/d7-root-cause-and-route-reset/spec.md	Requirement: Frozen multi-graph exploratory diagnostic	openspec/specs/d7-root-cause-and-route-reset/spec.md	no	yes	Omitted by exact frozen merge scope: only implemented/executed/reviewed X1-X4 remediation and records
formal-ir-d7-root-cause-and-route-reset	openspec/changes/archive/2026-10-04-formal-ir-d7-root-cause-and-route-reset-completed/specs/d7-root-cause-and-route-reset/spec.md	Scenario: Fresh output and no overwrite	openspec/specs/d7-root-cause-and-route-reset/spec.md	no	yes	Omitted by exact frozen merge scope: only implemented/executed/reviewed X1-X4 remediation and records
formal-ir-d7-root-cause-and-route-reset	openspec/changes/archive/2026-10-04-formal-ir-d7-root-cause-and-route-reset-completed/specs/d7-root-cause-and-route-reset/spec.md	Scenario: Descriptive statistics only	openspec/specs/d7-root-cause-and-route-reset/spec.md	no	yes	Omitted by exact frozen merge scope: only implemented/executed/reviewed X1-X4 remediation and records
formal-ir-d7-root-cause-and-route-reset	openspec/changes/archive/2026-10-04-formal-ir-d7-root-cause-and-route-reset-completed/specs/d7-root-cause-and-route-reset/spec.md	Scenario: Terminal vocabulary	openspec/specs/d7-root-cause-and-route-reset/spec.md	no	yes	Omitted by exact frozen merge scope: only implemented/executed/reviewed X1-X4 remediation and records
formal-ir-d7-root-cause-and-route-reset	openspec/changes/archive/2026-10-04-formal-ir-d7-root-cause-and-route-reset-completed/specs/d7-root-cause-and-route-reset/spec.md	Requirement: Bounded strong-reference ladder	openspec/specs/d7-root-cause-and-route-reset/spec.md	no	yes	Omitted by exact frozen merge scope: only implemented/executed/reviewed X1-X4 remediation and records
formal-ir-d7-root-cause-and-route-reset	openspec/changes/archive/2026-10-04-formal-ir-d7-root-cause-and-route-reset-completed/specs/d7-root-cause-and-route-reset/spec.md	Scenario: Tiny exact-enumeration correctness	openspec/specs/d7-root-cause-and-route-reset/spec.md	no	yes	Omitted by exact frozen merge scope: only implemented/executed/reviewed X1-X4 remediation and records
formal-ir-d7-root-cause-and-route-reset	openspec/changes/archive/2026-10-04-formal-ir-d7-root-cause-and-route-reset-completed/specs/d7-root-cause-and-route-reset/spec.md	Scenario: Ladder scope	openspec/specs/d7-root-cause-and-route-reset/spec.md	no	yes	Omitted by exact frozen merge scope: only implemented/executed/reviewed X1-X4 remediation and records
formal-ir-d7-root-cause-and-route-reset	openspec/changes/archive/2026-10-04-formal-ir-d7-root-cause-and-route-reset-completed/specs/d7-root-cause-and-route-reset/spec.md	Requirement: G2 readiness is reconciled and runtime status is explicit	openspec/specs/d7-root-cause-and-route-reset/spec.md	no	yes	Omitted by exact frozen merge scope: only implemented/executed/reviewed X1-X4 remediation and records
formal-ir-d7-root-cause-and-route-reset	openspec/changes/archive/2026-10-04-formal-ir-d7-root-cause-and-route-reset-completed/specs/d7-root-cause-and-route-reset/spec.md	Scenario: Reconciled matrix	openspec/specs/d7-root-cause-and-route-reset/spec.md	no	yes	Omitted by exact frozen merge scope: only implemented/executed/reviewed X1-X4 remediation and records
formal-ir-d7-root-cause-and-route-reset	openspec/changes/archive/2026-10-04-formal-ir-d7-root-cause-and-route-reset-completed/specs/d7-root-cause-and-route-reset/spec.md	Scenario: Four states preserved	openspec/specs/d7-root-cause-and-route-reset/spec.md	no	yes	Omitted by exact frozen merge scope: only implemented/executed/reviewed X1-X4 remediation and records
formal-ir-d7-root-cause-and-route-reset	openspec/changes/archive/2026-10-04-formal-ir-d7-root-cause-and-route-reset-completed/specs/d7-root-cause-and-route-reset/spec.md	Requirement: Historical evidence and D7-F corrigendum	openspec/specs/d7-root-cause-and-route-reset/spec.md	no	yes	Omitted by exact frozen merge scope: only implemented/executed/reviewed X1-X4 remediation and records
formal-ir-d7-root-cause-and-route-reset	openspec/changes/archive/2026-10-04-formal-ir-d7-root-cause-and-route-reset-completed/specs/d7-root-cause-and-route-reset/spec.md	Scenario: D7-F label interpretation	openspec/specs/d7-root-cause-and-route-reset/spec.md	no	yes	Omitted by exact frozen merge scope: only implemented/executed/reviewed X1-X4 remediation and records
formal-ir-d7-root-cause-and-route-reset	openspec/changes/archive/2026-10-04-formal-ir-d7-root-cause-and-route-reset-completed/specs/d7-root-cause-and-route-reset/spec.md	Scenario: G2 pending status	openspec/specs/d7-root-cause-and-route-reset/spec.md	no	yes	Omitted by exact frozen merge scope: only implemented/executed/reviewed X1-X4 remediation and records
formal-ir-d7-root-cause-and-route-reset	openspec/changes/archive/2026-10-04-formal-ir-d7-root-cause-and-route-reset-completed/specs/d7-root-cause-and-route-reset/spec.md	Requirement: No execution is authorized by this change	openspec/specs/d7-root-cause-and-route-reset/spec.md	no	yes	Omitted by exact frozen merge scope: only implemented/executed/reviewed X1-X4 remediation and records
formal-ir-d7-root-cause-and-route-reset	openspec/changes/archive/2026-10-04-formal-ir-d7-root-cause-and-route-reset-completed/specs/d7-root-cause-and-route-reset/spec.md	Scenario: Dormant phases	openspec/specs/d7-root-cause-and-route-reset/spec.md	no	yes	Omitted by exact frozen merge scope: only implemented/executed/reviewed X1-X4 remediation and records
formal-ir-d7-root-cause-and-route-reset	openspec/changes/archive/2026-10-04-formal-ir-d7-root-cause-and-route-reset-completed/specs/d7-root-cause-and-route-reset/spec.md	Scenario: Lifecycle terminal	openspec/specs/d7-root-cause-and-route-reset/spec.md	no	yes	Omitted by exact frozen merge scope: only implemented/executed/reviewed X1-X4 remediation and records
formal-ir-occam-failure-ablation	openspec/changes/archive/2026-10-04-formal-ir-occam-failure-ablation-completed/specs/failure-ablation/spec.md	ADDED Requirements	openspec/specs/failure-ablation/spec.md	no	yes	Omitted by exact frozen merge scope: Merge only the reviewed retrospective-analysis contract; no new decoder-run clauses.
formal-ir-occam-failure-ablation	openspec/changes/archive/2026-10-04-formal-ir-occam-failure-ablation-completed/specs/failure-ablation/spec.md	Requirement: Retrospective capped-policy analysis	openspec/specs/failure-ablation/spec.md	no	yes	Omitted by exact frozen merge scope: Merge only the reviewed retrospective-analysis contract; no new decoder-run clauses.
formal-ir-occam-failure-ablation	openspec/changes/archive/2026-10-04-formal-ir-occam-failure-ablation-completed/specs/failure-ablation/spec.md	Scenario: A block first verifies at delta16	openspec/specs/failure-ablation/spec.md	no	yes	Omitted by exact frozen merge scope: Merge only the reviewed retrospective-analysis contract; no new decoder-run clauses.
formal-ir-occam-failure-ablation	openspec/changes/archive/2026-10-04-formal-ir-occam-failure-ablation-completed/specs/failure-ablation/spec.md	Requirement: Separate scientific outcomes	openspec/specs/failure-ablation/spec.md	no	yes	Omitted by exact frozen merge scope: Merge only the reviewed retrospective-analysis contract; no new decoder-run clauses.
formal-ir-occam-failure-ablation	openspec/changes/archive/2026-10-04-formal-ir-occam-failure-ablation-completed/specs/failure-ablation/spec.md	Scenario: A final accepted block is not exact	openspec/specs/failure-ablation/spec.md	no	yes	Omitted by exact frozen merge scope: Merge only the reviewed retrospective-analysis contract; no new decoder-run clauses.
formal-ir-occam-failure-ablation	openspec/changes/archive/2026-10-04-formal-ir-occam-failure-ablation-completed/specs/failure-ablation/spec.md	Requirement: No new decoder execution	openspec/specs/failure-ablation/spec.md	no	yes	Omitted by exact frozen merge scope: Merge only the reviewed retrospective-analysis contract; no new decoder-run clauses.
formal-ir-occam-failure-ablation	openspec/changes/archive/2026-10-04-formal-ir-occam-failure-ablation-completed/specs/failure-ablation/spec.md	Scenario: Follow-up needs unrecorded trajectories	openspec/specs/failure-ablation/spec.md	no	yes	Omitted by exact frozen merge scope: Merge only the reviewed retrospective-analysis contract; no new decoder-run clauses.
formal-ir-v35-performance-algorithm-development	openspec/changes/archive/2026-10-04-formal-ir-v35-performance-algorithm-development-completed/specs/v35-performance-algorithm-development/spec.md	Requirement 1: Progressive Four-Stage Exploration	openspec/specs/v35-performance-algorithm-development/spec.md	no	yes	No merge: unmet/unsupported delta clauses stay unmerged.
formal-ir-v35-performance-algorithm-development	openspec/changes/archive/2026-10-04-formal-ir-v35-performance-algorithm-development-completed/specs/v35-performance-algorithm-development/spec.md	Scenario 1.1: Automated Stage Progression	openspec/specs/v35-performance-algorithm-development/spec.md	no	yes	No merge: unmet/unsupported delta clauses stay unmerged.
formal-ir-v35-performance-algorithm-development	openspec/changes/archive/2026-10-04-formal-ir-v35-performance-algorithm-development-completed/specs/v35-performance-algorithm-development/spec.md	Scenario 1.2: Conditional Stage A4 Trigger	openspec/specs/v35-performance-algorithm-development/spec.md	no	yes	No merge: unmet/unsupported delta clauses stay unmerged.
formal-ir-v35-performance-algorithm-development	openspec/changes/archive/2026-10-04-formal-ir-v35-performance-algorithm-development-completed/specs/v35-performance-algorithm-development/spec.md	Requirement 2: Decoder Numerical Correctness and Integrity	openspec/specs/v35-performance-algorithm-development/spec.md	no	yes	No merge: unmet/unsupported delta clauses stay unmerged.
formal-ir-v35-performance-algorithm-development	openspec/changes/archive/2026-10-04-formal-ir-v35-performance-algorithm-development-completed/specs/v35-performance-algorithm-development/spec.md	Scenario 2.1: Message Normalization and Finite Bound Invariants	openspec/specs/v35-performance-algorithm-development/spec.md	no	yes	No merge: unmet/unsupported delta clauses stay unmerged.
formal-ir-v35-performance-algorithm-development	openspec/changes/archive/2026-10-04-formal-ir-v35-performance-algorithm-development-completed/specs/v35-performance-algorithm-development/spec.md	Scenario 2.2: Syndrome Check Strict Verification	openspec/specs/v35-performance-algorithm-development/spec.md	no	yes	No merge: unmet/unsupported delta clauses stay unmerged.
formal-ir-v35-performance-algorithm-development	openspec/changes/archive/2026-10-04-formal-ir-v35-performance-algorithm-development-completed/specs/v35-performance-algorithm-development/spec.md	Requirement 3: Protograph & Deterministic Lifting Invariants	openspec/specs/v35-performance-algorithm-development/spec.md	no	yes	No merge: unmet/unsupported delta clauses stay unmerged.
formal-ir-v35-performance-algorithm-development	openspec/changes/archive/2026-10-04-formal-ir-v35-performance-algorithm-development-completed/specs/v35-performance-algorithm-development/spec.md	Scenario 3.1: Variable Degree Distribution and Chains	openspec/specs/v35-performance-algorithm-development/spec.md	no	yes	No merge: unmet/unsupported delta clauses stay unmerged.
formal-ir-v35-performance-algorithm-development	openspec/changes/archive/2026-10-04-formal-ir-v35-performance-algorithm-development-completed/specs/v35-performance-algorithm-development/spec.md	Scenario 3.2: Girth and Cycle Invariants	openspec/specs/v35-performance-algorithm-development/spec.md	no	yes	No merge: unmet/unsupported delta clauses stay unmerged.
formal-ir-v35-performance-algorithm-development	openspec/changes/archive/2026-10-04-formal-ir-v35-performance-algorithm-development-completed/specs/v35-performance-algorithm-development/spec.md	Requirement 4: Incremental Syndrome Hierarchy and State Transfer	openspec/specs/v35-performance-algorithm-development/spec.md	no	yes	No merge: unmet/unsupported delta clauses stay unmerged.
formal-ir-v35-performance-algorithm-development	openspec/changes/archive/2026-10-04-formal-ir-v35-performance-algorithm-development-completed/specs/v35-performance-algorithm-development/spec.md	Scenario 4.1: Nested Parity-Check Hierarchy	openspec/specs/v35-performance-algorithm-development/spec.md	no	yes	No merge: unmet/unsupported delta clauses stay unmerged.
formal-ir-v35-performance-algorithm-development	openspec/changes/archive/2026-10-04-formal-ir-v35-performance-algorithm-development-completed/specs/v35-performance-algorithm-development/spec.md	Scenario 4.2: Warm-Started Message Passing and Early Stopping	openspec/specs/v35-performance-algorithm-development/spec.md	no	yes	No merge: unmet/unsupported delta clauses stay unmerged.
formal-ir-v35-performance-algorithm-development	openspec/changes/archive/2026-10-04-formal-ir-v35-performance-algorithm-development-completed/specs/v35-performance-algorithm-development/spec.md	Requirement 5: Non-Destructive Boundary & Terminal State Declaration	openspec/specs/v35-performance-algorithm-development/spec.md	no	yes	No merge: unmet/unsupported delta clauses stay unmerged.
formal-ir-v35-performance-algorithm-development	openspec/changes/archive/2026-10-04-formal-ir-v35-performance-algorithm-development-completed/specs/v35-performance-algorithm-development/spec.md	Scenario 5.1: Zero False Accepts Invariant	openspec/specs/v35-performance-algorithm-development/spec.md	no	yes	No merge: unmet/unsupported delta clauses stay unmerged.
formal-ir-v35-performance-algorithm-development	openspec/changes/archive/2026-10-04-formal-ir-v35-performance-algorithm-development-completed/specs/v35-performance-algorithm-development/spec.md	Scenario 5.2: Definitive Terminal Status	openspec/specs/v35-performance-algorithm-development/spec.md	no	yes	No merge: unmet/unsupported delta clauses stay unmerged.
formal-ir-v36-empirical-p-irregular-source-native-graph	openspec/changes/archive/2026-10-04-formal-ir-v36-empirical-p-irregular-source-native-graph-completed/specs/v36/spec.md	1. Specification Requirements	openspec/specs/v36/spec.md	no	yes	No merge: unmet A1/A2 and unsupported A3 advancement clauses stay unmerged.
formal-ir-v36-empirical-p-irregular-source-native-graph	openspec/changes/archive/2026-10-04-formal-ir-v36-empirical-p-irregular-source-native-graph-completed/specs/v36/spec.md	REQ-V36-01: Decoder Iteration Diagnostic (Stage A0)	openspec/specs/v36/spec.md	no	yes	No merge: unmet A1/A2 and unsupported A3 advancement clauses stay unmerged.
formal-ir-v36-empirical-p-irregular-source-native-graph	openspec/changes/archive/2026-10-04-formal-ir-v36-empirical-p-irregular-source-native-graph-completed/specs/v36/spec.md	REQ-V36-02: Empirical-P DE Candidate Screening (Stage A1)	openspec/specs/v36/spec.md	no	yes	No merge: unmet A1/A2 and unsupported A3 advancement clauses stay unmerged.
formal-ir-v36-empirical-p-irregular-source-native-graph	openspec/changes/archive/2026-10-04-formal-ir-v36-empirical-p-irregular-source-native-graph-completed/specs/v36/spec.md	REQ-V36-03: Source-Native Finite Graph Construction (Stage A2)	openspec/specs/v36/spec.md	no	yes	No merge: unmet A1/A2 and unsupported A3 advancement clauses stay unmerged.
formal-ir-v36-empirical-p-irregular-source-native-graph	openspec/changes/archive/2026-10-04-formal-ir-v36-empirical-p-irregular-source-native-graph-completed/specs/v36/spec.md	REQ-V36-04: Finite Paired Development Screen (Stage A3)	openspec/specs/v36/spec.md	no	yes	No merge: unmet A1/A2 and unsupported A3 advancement clauses stay unmerged.
formal-ir-v36-empirical-p-irregular-source-native-graph	openspec/changes/archive/2026-10-04-formal-ir-v36-empirical-p-irregular-source-native-graph-completed/specs/v36/spec.md	REQ-V36-05: Moderate-Degree Incremental Syndrome (Stage A4)	openspec/specs/v36/spec.md	no	yes	No merge: unmet A1/A2 and unsupported A3 advancement clauses stay unmerged.
formal-ir-v38r1-posterior-binding-correction	openspec/changes/archive/2026-10-04-formal-ir-v38r1-posterior-binding-correction-completed/specs/formal-ir-v38r1-posterior-binding-correction/spec.md	R1.1 Invalid predecessor evidence	openspec/specs/formal-ir-v38r1-posterior-binding-correction/spec.md	yes	no	Included within exact frozen merge scope: yes, merge the full R1.1-R1.6 delta, with evidence per titles: Invalid predecessor evidence; Posterior binding; Tests; V38R1 successor freeze; Lifecycle; Guarded runner and writer. These clauses are covered by the accepted implementation/result receipt.
formal-ir-v38r1-posterior-binding-correction	openspec/changes/archive/2026-10-04-formal-ir-v38r1-posterior-binding-correction-completed/specs/formal-ir-v38r1-posterior-binding-correction/spec.md	R1.2 Posterior binding	openspec/specs/formal-ir-v38r1-posterior-binding-correction/spec.md	yes	no	Included within exact frozen merge scope: yes, merge the full R1.1-R1.6 delta, with evidence per titles: Invalid predecessor evidence; Posterior binding; Tests; V38R1 successor freeze; Lifecycle; Guarded runner and writer. These clauses are covered by the accepted implementation/result receipt.
formal-ir-v38r1-posterior-binding-correction	openspec/changes/archive/2026-10-04-formal-ir-v38r1-posterior-binding-correction-completed/specs/formal-ir-v38r1-posterior-binding-correction/spec.md	R1.3 Tests	openspec/specs/formal-ir-v38r1-posterior-binding-correction/spec.md	yes	no	Included within exact frozen merge scope: yes, merge the full R1.1-R1.6 delta, with evidence per titles: Invalid predecessor evidence; Posterior binding; Tests; V38R1 successor freeze; Lifecycle; Guarded runner and writer. These clauses are covered by the accepted implementation/result receipt.
formal-ir-v38r1-posterior-binding-correction	openspec/changes/archive/2026-10-04-formal-ir-v38r1-posterior-binding-correction-completed/specs/formal-ir-v38r1-posterior-binding-correction/spec.md	R1.4 V38R1 successor freeze	openspec/specs/formal-ir-v38r1-posterior-binding-correction/spec.md	yes	no	Included within exact frozen merge scope: yes, merge the full R1.1-R1.6 delta, with evidence per titles: Invalid predecessor evidence; Posterior binding; Tests; V38R1 successor freeze; Lifecycle; Guarded runner and writer. These clauses are covered by the accepted implementation/result receipt.
formal-ir-v38r1-posterior-binding-correction	openspec/changes/archive/2026-10-04-formal-ir-v38r1-posterior-binding-correction-completed/specs/formal-ir-v38r1-posterior-binding-correction/spec.md	R1.5 Lifecycle	openspec/specs/formal-ir-v38r1-posterior-binding-correction/spec.md	yes	no	Included within exact frozen merge scope: yes, merge the full R1.1-R1.6 delta, with evidence per titles: Invalid predecessor evidence; Posterior binding; Tests; V38R1 successor freeze; Lifecycle; Guarded runner and writer. These clauses are covered by the accepted implementation/result receipt.
formal-ir-v38r1-posterior-binding-correction	openspec/changes/archive/2026-10-04-formal-ir-v38r1-posterior-binding-correction-completed/specs/formal-ir-v38r1-posterior-binding-correction/spec.md	R1.6 Guarded runner and writer	openspec/specs/formal-ir-v38r1-posterior-binding-correction/spec.md	yes	no	Included within exact frozen merge scope: yes, merge the full R1.1-R1.6 delta, with evidence per titles: Invalid predecessor evidence; Posterior binding; Tests; V38R1 successor freeze; Lifecycle; Guarded runner and writer. These clauses are covered by the accepted implementation/result receipt.
formal-ir-v40-decoder-cap-diagnostic	openspec/changes/archive/2026-10-04-formal-ir-v40-decoder-cap-diagnostic-completed/specs/formal-ir-v40-decoder-cap-diagnostic/spec.md	R1. Predecessor binding	openspec/specs/formal-ir-v40-decoder-cap-diagnostic/spec.md	yes	no	Included within exact frozen merge scope: yes, merge the full R1-R17 delta as the accepted V40 diagnostic contract: Predecessor binding; Diagnostic question and shape; Frozen instance set; Representative matrices; Probe blocks and seed disjointness; Posterior-binding preflight; Decoder contract per phase; Phase A protocol and judgments; Residual-improvement definition; Phase B protocol and judgments; Probe protocol and judgments; Budget and stop rules; Signals and terminal machine; Records and evidence outputs; Integrity-first invalidation; Lifecycle and authorization; Claim boundary.
formal-ir-v40-decoder-cap-diagnostic	openspec/changes/archive/2026-10-04-formal-ir-v40-decoder-cap-diagnostic-completed/specs/formal-ir-v40-decoder-cap-diagnostic/spec.md	R2. Diagnostic question and shape	openspec/specs/formal-ir-v40-decoder-cap-diagnostic/spec.md	yes	no	Included within exact frozen merge scope: yes, merge the full R1-R17 delta as the accepted V40 diagnostic contract: Predecessor binding; Diagnostic question and shape; Frozen instance set; Representative matrices; Probe blocks and seed disjointness; Posterior-binding preflight; Decoder contract per phase; Phase A protocol and judgments; Residual-improvement definition; Phase B protocol and judgments; Probe protocol and judgments; Budget and stop rules; Signals and terminal machine; Records and evidence outputs; Integrity-first invalidation; Lifecycle and authorization; Claim boundary.
formal-ir-v40-decoder-cap-diagnostic	openspec/changes/archive/2026-10-04-formal-ir-v40-decoder-cap-diagnostic-completed/specs/formal-ir-v40-decoder-cap-diagnostic/spec.md	R3. Frozen instance set	openspec/specs/formal-ir-v40-decoder-cap-diagnostic/spec.md	yes	no	Included within exact frozen merge scope: yes, merge the full R1-R17 delta as the accepted V40 diagnostic contract: Predecessor binding; Diagnostic question and shape; Frozen instance set; Representative matrices; Probe blocks and seed disjointness; Posterior-binding preflight; Decoder contract per phase; Phase A protocol and judgments; Residual-improvement definition; Phase B protocol and judgments; Probe protocol and judgments; Budget and stop rules; Signals and terminal machine; Records and evidence outputs; Integrity-first invalidation; Lifecycle and authorization; Claim boundary.
formal-ir-v40-decoder-cap-diagnostic	openspec/changes/archive/2026-10-04-formal-ir-v40-decoder-cap-diagnostic-completed/specs/formal-ir-v40-decoder-cap-diagnostic/spec.md	R4. Representative matrices	openspec/specs/formal-ir-v40-decoder-cap-diagnostic/spec.md	yes	no	Included within exact frozen merge scope: yes, merge the full R1-R17 delta as the accepted V40 diagnostic contract: Predecessor binding; Diagnostic question and shape; Frozen instance set; Representative matrices; Probe blocks and seed disjointness; Posterior-binding preflight; Decoder contract per phase; Phase A protocol and judgments; Residual-improvement definition; Phase B protocol and judgments; Probe protocol and judgments; Budget and stop rules; Signals and terminal machine; Records and evidence outputs; Integrity-first invalidation; Lifecycle and authorization; Claim boundary.
formal-ir-v40-decoder-cap-diagnostic	openspec/changes/archive/2026-10-04-formal-ir-v40-decoder-cap-diagnostic-completed/specs/formal-ir-v40-decoder-cap-diagnostic/spec.md	R5. Probe blocks and seed disjointness	openspec/specs/formal-ir-v40-decoder-cap-diagnostic/spec.md	yes	no	Included within exact frozen merge scope: yes, merge the full R1-R17 delta as the accepted V40 diagnostic contract: Predecessor binding; Diagnostic question and shape; Frozen instance set; Representative matrices; Probe blocks and seed disjointness; Posterior-binding preflight; Decoder contract per phase; Phase A protocol and judgments; Residual-improvement definition; Phase B protocol and judgments; Probe protocol and judgments; Budget and stop rules; Signals and terminal machine; Records and evidence outputs; Integrity-first invalidation; Lifecycle and authorization; Claim boundary.
formal-ir-v40-decoder-cap-diagnostic	openspec/changes/archive/2026-10-04-formal-ir-v40-decoder-cap-diagnostic-completed/specs/formal-ir-v40-decoder-cap-diagnostic/spec.md	R6. Posterior-binding preflight	openspec/specs/formal-ir-v40-decoder-cap-diagnostic/spec.md	yes	no	Included within exact frozen merge scope: yes, merge the full R1-R17 delta as the accepted V40 diagnostic contract: Predecessor binding; Diagnostic question and shape; Frozen instance set; Representative matrices; Probe blocks and seed disjointness; Posterior-binding preflight; Decoder contract per phase; Phase A protocol and judgments; Residual-improvement definition; Phase B protocol and judgments; Probe protocol and judgments; Budget and stop rules; Signals and terminal machine; Records and evidence outputs; Integrity-first invalidation; Lifecycle and authorization; Claim boundary.
formal-ir-v40-decoder-cap-diagnostic	openspec/changes/archive/2026-10-04-formal-ir-v40-decoder-cap-diagnostic-completed/specs/formal-ir-v40-decoder-cap-diagnostic/spec.md	R7. Decoder contract per phase	openspec/specs/formal-ir-v40-decoder-cap-diagnostic/spec.md	yes	no	Included within exact frozen merge scope: yes, merge the full R1-R17 delta as the accepted V40 diagnostic contract: Predecessor binding; Diagnostic question and shape; Frozen instance set; Representative matrices; Probe blocks and seed disjointness; Posterior-binding preflight; Decoder contract per phase; Phase A protocol and judgments; Residual-improvement definition; Phase B protocol and judgments; Probe protocol and judgments; Budget and stop rules; Signals and terminal machine; Records and evidence outputs; Integrity-first invalidation; Lifecycle and authorization; Claim boundary.
formal-ir-v40-decoder-cap-diagnostic	openspec/changes/archive/2026-10-04-formal-ir-v40-decoder-cap-diagnostic-completed/specs/formal-ir-v40-decoder-cap-diagnostic/spec.md	R8. Phase A protocol and judgments	openspec/specs/formal-ir-v40-decoder-cap-diagnostic/spec.md	yes	no	Included within exact frozen merge scope: yes, merge the full R1-R17 delta as the accepted V40 diagnostic contract: Predecessor binding; Diagnostic question and shape; Frozen instance set; Representative matrices; Probe blocks and seed disjointness; Posterior-binding preflight; Decoder contract per phase; Phase A protocol and judgments; Residual-improvement definition; Phase B protocol and judgments; Probe protocol and judgments; Budget and stop rules; Signals and terminal machine; Records and evidence outputs; Integrity-first invalidation; Lifecycle and authorization; Claim boundary.
formal-ir-v40-decoder-cap-diagnostic	openspec/changes/archive/2026-10-04-formal-ir-v40-decoder-cap-diagnostic-completed/specs/formal-ir-v40-decoder-cap-diagnostic/spec.md	R9. Residual-improvement definition	openspec/specs/formal-ir-v40-decoder-cap-diagnostic/spec.md	yes	no	Included within exact frozen merge scope: yes, merge the full R1-R17 delta as the accepted V40 diagnostic contract: Predecessor binding; Diagnostic question and shape; Frozen instance set; Representative matrices; Probe blocks and seed disjointness; Posterior-binding preflight; Decoder contract per phase; Phase A protocol and judgments; Residual-improvement definition; Phase B protocol and judgments; Probe protocol and judgments; Budget and stop rules; Signals and terminal machine; Records and evidence outputs; Integrity-first invalidation; Lifecycle and authorization; Claim boundary.
formal-ir-v40-decoder-cap-diagnostic	openspec/changes/archive/2026-10-04-formal-ir-v40-decoder-cap-diagnostic-completed/specs/formal-ir-v40-decoder-cap-diagnostic/spec.md	R10. Phase B protocol and judgments	openspec/specs/formal-ir-v40-decoder-cap-diagnostic/spec.md	yes	no	Included within exact frozen merge scope: yes, merge the full R1-R17 delta as the accepted V40 diagnostic contract: Predecessor binding; Diagnostic question and shape; Frozen instance set; Representative matrices; Probe blocks and seed disjointness; Posterior-binding preflight; Decoder contract per phase; Phase A protocol and judgments; Residual-improvement definition; Phase B protocol and judgments; Probe protocol and judgments; Budget and stop rules; Signals and terminal machine; Records and evidence outputs; Integrity-first invalidation; Lifecycle and authorization; Claim boundary.
formal-ir-v40-decoder-cap-diagnostic	openspec/changes/archive/2026-10-04-formal-ir-v40-decoder-cap-diagnostic-completed/specs/formal-ir-v40-decoder-cap-diagnostic/spec.md	R11. Probe protocol and judgments	openspec/specs/formal-ir-v40-decoder-cap-diagnostic/spec.md	yes	no	Included within exact frozen merge scope: yes, merge the full R1-R17 delta as the accepted V40 diagnostic contract: Predecessor binding; Diagnostic question and shape; Frozen instance set; Representative matrices; Probe blocks and seed disjointness; Posterior-binding preflight; Decoder contract per phase; Phase A protocol and judgments; Residual-improvement definition; Phase B protocol and judgments; Probe protocol and judgments; Budget and stop rules; Signals and terminal machine; Records and evidence outputs; Integrity-first invalidation; Lifecycle and authorization; Claim boundary.
formal-ir-v40-decoder-cap-diagnostic	openspec/changes/archive/2026-10-04-formal-ir-v40-decoder-cap-diagnostic-completed/specs/formal-ir-v40-decoder-cap-diagnostic/spec.md	R12. Budget and stop rules	openspec/specs/formal-ir-v40-decoder-cap-diagnostic/spec.md	yes	no	Included within exact frozen merge scope: yes, merge the full R1-R17 delta as the accepted V40 diagnostic contract: Predecessor binding; Diagnostic question and shape; Frozen instance set; Representative matrices; Probe blocks and seed disjointness; Posterior-binding preflight; Decoder contract per phase; Phase A protocol and judgments; Residual-improvement definition; Phase B protocol and judgments; Probe protocol and judgments; Budget and stop rules; Signals and terminal machine; Records and evidence outputs; Integrity-first invalidation; Lifecycle and authorization; Claim boundary.
formal-ir-v40-decoder-cap-diagnostic	openspec/changes/archive/2026-10-04-formal-ir-v40-decoder-cap-diagnostic-completed/specs/formal-ir-v40-decoder-cap-diagnostic/spec.md	R13. Signals and terminal machine	openspec/specs/formal-ir-v40-decoder-cap-diagnostic/spec.md	yes	no	Included within exact frozen merge scope: yes, merge the full R1-R17 delta as the accepted V40 diagnostic contract: Predecessor binding; Diagnostic question and shape; Frozen instance set; Representative matrices; Probe blocks and seed disjointness; Posterior-binding preflight; Decoder contract per phase; Phase A protocol and judgments; Residual-improvement definition; Phase B protocol and judgments; Probe protocol and judgments; Budget and stop rules; Signals and terminal machine; Records and evidence outputs; Integrity-first invalidation; Lifecycle and authorization; Claim boundary.
formal-ir-v40-decoder-cap-diagnostic	openspec/changes/archive/2026-10-04-formal-ir-v40-decoder-cap-diagnostic-completed/specs/formal-ir-v40-decoder-cap-diagnostic/spec.md	R14. Records and evidence outputs	openspec/specs/formal-ir-v40-decoder-cap-diagnostic/spec.md	yes	no	Included within exact frozen merge scope: yes, merge the full R1-R17 delta as the accepted V40 diagnostic contract: Predecessor binding; Diagnostic question and shape; Frozen instance set; Representative matrices; Probe blocks and seed disjointness; Posterior-binding preflight; Decoder contract per phase; Phase A protocol and judgments; Residual-improvement definition; Phase B protocol and judgments; Probe protocol and judgments; Budget and stop rules; Signals and terminal machine; Records and evidence outputs; Integrity-first invalidation; Lifecycle and authorization; Claim boundary.
formal-ir-v40-decoder-cap-diagnostic	openspec/changes/archive/2026-10-04-formal-ir-v40-decoder-cap-diagnostic-completed/specs/formal-ir-v40-decoder-cap-diagnostic/spec.md	R15. Integrity-first invalidation	openspec/specs/formal-ir-v40-decoder-cap-diagnostic/spec.md	yes	no	Included within exact frozen merge scope: yes, merge the full R1-R17 delta as the accepted V40 diagnostic contract: Predecessor binding; Diagnostic question and shape; Frozen instance set; Representative matrices; Probe blocks and seed disjointness; Posterior-binding preflight; Decoder contract per phase; Phase A protocol and judgments; Residual-improvement definition; Phase B protocol and judgments; Probe protocol and judgments; Budget and stop rules; Signals and terminal machine; Records and evidence outputs; Integrity-first invalidation; Lifecycle and authorization; Claim boundary.
formal-ir-v40-decoder-cap-diagnostic	openspec/changes/archive/2026-10-04-formal-ir-v40-decoder-cap-diagnostic-completed/specs/formal-ir-v40-decoder-cap-diagnostic/spec.md	R16. Lifecycle and authorization	openspec/specs/formal-ir-v40-decoder-cap-diagnostic/spec.md	yes	no	Included within exact frozen merge scope: yes, merge the full R1-R17 delta as the accepted V40 diagnostic contract: Predecessor binding; Diagnostic question and shape; Frozen instance set; Representative matrices; Probe blocks and seed disjointness; Posterior-binding preflight; Decoder contract per phase; Phase A protocol and judgments; Residual-improvement definition; Phase B protocol and judgments; Probe protocol and judgments; Budget and stop rules; Signals and terminal machine; Records and evidence outputs; Integrity-first invalidation; Lifecycle and authorization; Claim boundary.
formal-ir-v40-decoder-cap-diagnostic	openspec/changes/archive/2026-10-04-formal-ir-v40-decoder-cap-diagnostic-completed/specs/formal-ir-v40-decoder-cap-diagnostic/spec.md	R17. Claim boundary	openspec/specs/formal-ir-v40-decoder-cap-diagnostic/spec.md	yes	no	Included within exact frozen merge scope: yes, merge the full R1-R17 delta as the accepted V40 diagnostic contract: Predecessor binding; Diagnostic question and shape; Frozen instance set; Representative matrices; Probe blocks and seed disjointness; Posterior-binding preflight; Decoder contract per phase; Phase A protocol and judgments; Residual-improvement definition; Phase B protocol and judgments; Probe protocol and judgments; Budget and stop rules; Signals and terminal machine; Records and evidence outputs; Integrity-first invalidation; Lifecycle and authorization; Claim boundary.
formal-ir-v42-conditional-realism-diagnostic	openspec/changes/archive/2026-10-04-formal-ir-v42-conditional-realism-diagnostic-completed/specs/formal-ir-v42-conditional-realism-diagnostic/spec.md	R1. Predecessor binding	openspec/specs/formal-ir-v42-conditional-realism-diagnostic/spec.md	yes	no	Included within exact frozen merge scope: yes, merge the full R1-R15 delta as accepted V42 contract: Predecessor binding; Question and shape; Frozen sample set and pairing; Seed-registry disjointness; Representative matrices; Dual posterior-binding preflight; Decoder contract and composed dual-condition path; Frozen workload and call order; Per-condition gates; Terminal machine; Integrity-first invalidation, guard ordering, and evidence tiers; Budget and stop rules; Records and evidence outputs; Lifecycle, authorization, and O1 precondition; Claim boundary.
formal-ir-v42-conditional-realism-diagnostic	openspec/changes/archive/2026-10-04-formal-ir-v42-conditional-realism-diagnostic-completed/specs/formal-ir-v42-conditional-realism-diagnostic/spec.md	R2. Question and shape	openspec/specs/formal-ir-v42-conditional-realism-diagnostic/spec.md	yes	no	Included within exact frozen merge scope: yes, merge the full R1-R15 delta as accepted V42 contract: Predecessor binding; Question and shape; Frozen sample set and pairing; Seed-registry disjointness; Representative matrices; Dual posterior-binding preflight; Decoder contract and composed dual-condition path; Frozen workload and call order; Per-condition gates; Terminal machine; Integrity-first invalidation, guard ordering, and evidence tiers; Budget and stop rules; Records and evidence outputs; Lifecycle, authorization, and O1 precondition; Claim boundary.
formal-ir-v42-conditional-realism-diagnostic	openspec/changes/archive/2026-10-04-formal-ir-v42-conditional-realism-diagnostic-completed/specs/formal-ir-v42-conditional-realism-diagnostic/spec.md	R3. Frozen sample set and pairing	openspec/specs/formal-ir-v42-conditional-realism-diagnostic/spec.md	yes	no	Included within exact frozen merge scope: yes, merge the full R1-R15 delta as accepted V42 contract: Predecessor binding; Question and shape; Frozen sample set and pairing; Seed-registry disjointness; Representative matrices; Dual posterior-binding preflight; Decoder contract and composed dual-condition path; Frozen workload and call order; Per-condition gates; Terminal machine; Integrity-first invalidation, guard ordering, and evidence tiers; Budget and stop rules; Records and evidence outputs; Lifecycle, authorization, and O1 precondition; Claim boundary.
formal-ir-v42-conditional-realism-diagnostic	openspec/changes/archive/2026-10-04-formal-ir-v42-conditional-realism-diagnostic-completed/specs/formal-ir-v42-conditional-realism-diagnostic/spec.md	R4. Seed-registry disjointness	openspec/specs/formal-ir-v42-conditional-realism-diagnostic/spec.md	yes	no	Included within exact frozen merge scope: yes, merge the full R1-R15 delta as accepted V42 contract: Predecessor binding; Question and shape; Frozen sample set and pairing; Seed-registry disjointness; Representative matrices; Dual posterior-binding preflight; Decoder contract and composed dual-condition path; Frozen workload and call order; Per-condition gates; Terminal machine; Integrity-first invalidation, guard ordering, and evidence tiers; Budget and stop rules; Records and evidence outputs; Lifecycle, authorization, and O1 precondition; Claim boundary.
formal-ir-v42-conditional-realism-diagnostic	openspec/changes/archive/2026-10-04-formal-ir-v42-conditional-realism-diagnostic-completed/specs/formal-ir-v42-conditional-realism-diagnostic/spec.md	R5. Representative matrices	openspec/specs/formal-ir-v42-conditional-realism-diagnostic/spec.md	yes	no	Included within exact frozen merge scope: yes, merge the full R1-R15 delta as accepted V42 contract: Predecessor binding; Question and shape; Frozen sample set and pairing; Seed-registry disjointness; Representative matrices; Dual posterior-binding preflight; Decoder contract and composed dual-condition path; Frozen workload and call order; Per-condition gates; Terminal machine; Integrity-first invalidation, guard ordering, and evidence tiers; Budget and stop rules; Records and evidence outputs; Lifecycle, authorization, and O1 precondition; Claim boundary.
formal-ir-v42-conditional-realism-diagnostic	openspec/changes/archive/2026-10-04-formal-ir-v42-conditional-realism-diagnostic-completed/specs/formal-ir-v42-conditional-realism-diagnostic/spec.md	R6. Dual posterior-binding preflight	openspec/specs/formal-ir-v42-conditional-realism-diagnostic/spec.md	yes	no	Included within exact frozen merge scope: yes, merge the full R1-R15 delta as accepted V42 contract: Predecessor binding; Question and shape; Frozen sample set and pairing; Seed-registry disjointness; Representative matrices; Dual posterior-binding preflight; Decoder contract and composed dual-condition path; Frozen workload and call order; Per-condition gates; Terminal machine; Integrity-first invalidation, guard ordering, and evidence tiers; Budget and stop rules; Records and evidence outputs; Lifecycle, authorization, and O1 precondition; Claim boundary.
formal-ir-v42-conditional-realism-diagnostic	openspec/changes/archive/2026-10-04-formal-ir-v42-conditional-realism-diagnostic-completed/specs/formal-ir-v42-conditional-realism-diagnostic/spec.md	R7. Decoder contract and composed dual-condition path	openspec/specs/formal-ir-v42-conditional-realism-diagnostic/spec.md	yes	no	Included within exact frozen merge scope: yes, merge the full R1-R15 delta as accepted V42 contract: Predecessor binding; Question and shape; Frozen sample set and pairing; Seed-registry disjointness; Representative matrices; Dual posterior-binding preflight; Decoder contract and composed dual-condition path; Frozen workload and call order; Per-condition gates; Terminal machine; Integrity-first invalidation, guard ordering, and evidence tiers; Budget and stop rules; Records and evidence outputs; Lifecycle, authorization, and O1 precondition; Claim boundary.
formal-ir-v42-conditional-realism-diagnostic	openspec/changes/archive/2026-10-04-formal-ir-v42-conditional-realism-diagnostic-completed/specs/formal-ir-v42-conditional-realism-diagnostic/spec.md	R8. Frozen workload and call order	openspec/specs/formal-ir-v42-conditional-realism-diagnostic/spec.md	yes	no	Included within exact frozen merge scope: yes, merge the full R1-R15 delta as accepted V42 contract: Predecessor binding; Question and shape; Frozen sample set and pairing; Seed-registry disjointness; Representative matrices; Dual posterior-binding preflight; Decoder contract and composed dual-condition path; Frozen workload and call order; Per-condition gates; Terminal machine; Integrity-first invalidation, guard ordering, and evidence tiers; Budget and stop rules; Records and evidence outputs; Lifecycle, authorization, and O1 precondition; Claim boundary.
formal-ir-v42-conditional-realism-diagnostic	openspec/changes/archive/2026-10-04-formal-ir-v42-conditional-realism-diagnostic-completed/specs/formal-ir-v42-conditional-realism-diagnostic/spec.md	R9. Per-condition gates	openspec/specs/formal-ir-v42-conditional-realism-diagnostic/spec.md	yes	no	Included within exact frozen merge scope: yes, merge the full R1-R15 delta as accepted V42 contract: Predecessor binding; Question and shape; Frozen sample set and pairing; Seed-registry disjointness; Representative matrices; Dual posterior-binding preflight; Decoder contract and composed dual-condition path; Frozen workload and call order; Per-condition gates; Terminal machine; Integrity-first invalidation, guard ordering, and evidence tiers; Budget and stop rules; Records and evidence outputs; Lifecycle, authorization, and O1 precondition; Claim boundary.
formal-ir-v42-conditional-realism-diagnostic	openspec/changes/archive/2026-10-04-formal-ir-v42-conditional-realism-diagnostic-completed/specs/formal-ir-v42-conditional-realism-diagnostic/spec.md	R10. Terminal machine	openspec/specs/formal-ir-v42-conditional-realism-diagnostic/spec.md	yes	no	Included within exact frozen merge scope: yes, merge the full R1-R15 delta as accepted V42 contract: Predecessor binding; Question and shape; Frozen sample set and pairing; Seed-registry disjointness; Representative matrices; Dual posterior-binding preflight; Decoder contract and composed dual-condition path; Frozen workload and call order; Per-condition gates; Terminal machine; Integrity-first invalidation, guard ordering, and evidence tiers; Budget and stop rules; Records and evidence outputs; Lifecycle, authorization, and O1 precondition; Claim boundary.
formal-ir-v42-conditional-realism-diagnostic	openspec/changes/archive/2026-10-04-formal-ir-v42-conditional-realism-diagnostic-completed/specs/formal-ir-v42-conditional-realism-diagnostic/spec.md	R11. Integrity-first invalidation, guard ordering, and evidence tiers	openspec/specs/formal-ir-v42-conditional-realism-diagnostic/spec.md	yes	no	Included within exact frozen merge scope: yes, merge the full R1-R15 delta as accepted V42 contract: Predecessor binding; Question and shape; Frozen sample set and pairing; Seed-registry disjointness; Representative matrices; Dual posterior-binding preflight; Decoder contract and composed dual-condition path; Frozen workload and call order; Per-condition gates; Terminal machine; Integrity-first invalidation, guard ordering, and evidence tiers; Budget and stop rules; Records and evidence outputs; Lifecycle, authorization, and O1 precondition; Claim boundary.
formal-ir-v42-conditional-realism-diagnostic	openspec/changes/archive/2026-10-04-formal-ir-v42-conditional-realism-diagnostic-completed/specs/formal-ir-v42-conditional-realism-diagnostic/spec.md	R12. Budget and stop rules	openspec/specs/formal-ir-v42-conditional-realism-diagnostic/spec.md	yes	no	Included within exact frozen merge scope: yes, merge the full R1-R15 delta as accepted V42 contract: Predecessor binding; Question and shape; Frozen sample set and pairing; Seed-registry disjointness; Representative matrices; Dual posterior-binding preflight; Decoder contract and composed dual-condition path; Frozen workload and call order; Per-condition gates; Terminal machine; Integrity-first invalidation, guard ordering, and evidence tiers; Budget and stop rules; Records and evidence outputs; Lifecycle, authorization, and O1 precondition; Claim boundary.
formal-ir-v42-conditional-realism-diagnostic	openspec/changes/archive/2026-10-04-formal-ir-v42-conditional-realism-diagnostic-completed/specs/formal-ir-v42-conditional-realism-diagnostic/spec.md	R13. Records and evidence outputs	openspec/specs/formal-ir-v42-conditional-realism-diagnostic/spec.md	yes	no	Included within exact frozen merge scope: yes, merge the full R1-R15 delta as accepted V42 contract: Predecessor binding; Question and shape; Frozen sample set and pairing; Seed-registry disjointness; Representative matrices; Dual posterior-binding preflight; Decoder contract and composed dual-condition path; Frozen workload and call order; Per-condition gates; Terminal machine; Integrity-first invalidation, guard ordering, and evidence tiers; Budget and stop rules; Records and evidence outputs; Lifecycle, authorization, and O1 precondition; Claim boundary.
formal-ir-v42-conditional-realism-diagnostic	openspec/changes/archive/2026-10-04-formal-ir-v42-conditional-realism-diagnostic-completed/specs/formal-ir-v42-conditional-realism-diagnostic/spec.md	R14. Lifecycle, authorization, and O1 precondition	openspec/specs/formal-ir-v42-conditional-realism-diagnostic/spec.md	yes	no	Included within exact frozen merge scope: yes, merge the full R1-R15 delta as accepted V42 contract: Predecessor binding; Question and shape; Frozen sample set and pairing; Seed-registry disjointness; Representative matrices; Dual posterior-binding preflight; Decoder contract and composed dual-condition path; Frozen workload and call order; Per-condition gates; Terminal machine; Integrity-first invalidation, guard ordering, and evidence tiers; Budget and stop rules; Records and evidence outputs; Lifecycle, authorization, and O1 precondition; Claim boundary.
formal-ir-v42-conditional-realism-diagnostic	openspec/changes/archive/2026-10-04-formal-ir-v42-conditional-realism-diagnostic-completed/specs/formal-ir-v42-conditional-realism-diagnostic/spec.md	R15. Claim boundary	openspec/specs/formal-ir-v42-conditional-realism-diagnostic/spec.md	yes	no	Included within exact frozen merge scope: yes, merge the full R1-R15 delta as accepted V42 contract: Predecessor binding; Question and shape; Frozen sample set and pairing; Seed-registry disjointness; Representative matrices; Dual posterior-binding preflight; Decoder contract and composed dual-condition path; Frozen workload and call order; Per-condition gates; Terminal machine; Integrity-first invalidation, guard ordering, and evidence tiers; Budget and stop rules; Records and evidence outputs; Lifecycle, authorization, and O1 precondition; Claim boundary.
formal-ir-v43-soft-marginal-diagnostic	openspec/changes/archive/2026-10-04-formal-ir-v43-soft-marginal-diagnostic-completed/specs/formal-ir-v43-soft-marginal-diagnostic/spec.md	R1. Predecessor binding	openspec/specs/formal-ir-v43-soft-marginal-diagnostic/spec.md	yes	no	Included within exact frozen merge scope: yes, merge the full R1-R15 delta as accepted V43 contract: Predecessor binding; Question and shape; Frozen sample set and pairing; Seed-registry disjointness; Representative matrices; Dual posterior-binding preflight; Decoder contract and composed dual-condition path; Frozen workload and call order; Per-condition gates; Terminal machine; Integrity-first invalidation, guard ordering, and evidence tiers; Budget and stop rules; Records and evidence outputs; Lifecycle and authorization; Claim boundary.
formal-ir-v43-soft-marginal-diagnostic	openspec/changes/archive/2026-10-04-formal-ir-v43-soft-marginal-diagnostic-completed/specs/formal-ir-v43-soft-marginal-diagnostic/spec.md	R2. Question and shape	openspec/specs/formal-ir-v43-soft-marginal-diagnostic/spec.md	yes	no	Included within exact frozen merge scope: yes, merge the full R1-R15 delta as accepted V43 contract: Predecessor binding; Question and shape; Frozen sample set and pairing; Seed-registry disjointness; Representative matrices; Dual posterior-binding preflight; Decoder contract and composed dual-condition path; Frozen workload and call order; Per-condition gates; Terminal machine; Integrity-first invalidation, guard ordering, and evidence tiers; Budget and stop rules; Records and evidence outputs; Lifecycle and authorization; Claim boundary.
formal-ir-v43-soft-marginal-diagnostic	openspec/changes/archive/2026-10-04-formal-ir-v43-soft-marginal-diagnostic-completed/specs/formal-ir-v43-soft-marginal-diagnostic/spec.md	R3. Frozen sample set and pairing	openspec/specs/formal-ir-v43-soft-marginal-diagnostic/spec.md	yes	no	Included within exact frozen merge scope: yes, merge the full R1-R15 delta as accepted V43 contract: Predecessor binding; Question and shape; Frozen sample set and pairing; Seed-registry disjointness; Representative matrices; Dual posterior-binding preflight; Decoder contract and composed dual-condition path; Frozen workload and call order; Per-condition gates; Terminal machine; Integrity-first invalidation, guard ordering, and evidence tiers; Budget and stop rules; Records and evidence outputs; Lifecycle and authorization; Claim boundary.
formal-ir-v43-soft-marginal-diagnostic	openspec/changes/archive/2026-10-04-formal-ir-v43-soft-marginal-diagnostic-completed/specs/formal-ir-v43-soft-marginal-diagnostic/spec.md	R4. Seed-registry disjointness	openspec/specs/formal-ir-v43-soft-marginal-diagnostic/spec.md	yes	no	Included within exact frozen merge scope: yes, merge the full R1-R15 delta as accepted V43 contract: Predecessor binding; Question and shape; Frozen sample set and pairing; Seed-registry disjointness; Representative matrices; Dual posterior-binding preflight; Decoder contract and composed dual-condition path; Frozen workload and call order; Per-condition gates; Terminal machine; Integrity-first invalidation, guard ordering, and evidence tiers; Budget and stop rules; Records and evidence outputs; Lifecycle and authorization; Claim boundary.
formal-ir-v43-soft-marginal-diagnostic	openspec/changes/archive/2026-10-04-formal-ir-v43-soft-marginal-diagnostic-completed/specs/formal-ir-v43-soft-marginal-diagnostic/spec.md	R5. Representative matrices	openspec/specs/formal-ir-v43-soft-marginal-diagnostic/spec.md	yes	no	Included within exact frozen merge scope: yes, merge the full R1-R15 delta as accepted V43 contract: Predecessor binding; Question and shape; Frozen sample set and pairing; Seed-registry disjointness; Representative matrices; Dual posterior-binding preflight; Decoder contract and composed dual-condition path; Frozen workload and call order; Per-condition gates; Terminal machine; Integrity-first invalidation, guard ordering, and evidence tiers; Budget and stop rules; Records and evidence outputs; Lifecycle and authorization; Claim boundary.
formal-ir-v43-soft-marginal-diagnostic	openspec/changes/archive/2026-10-04-formal-ir-v43-soft-marginal-diagnostic-completed/specs/formal-ir-v43-soft-marginal-diagnostic/spec.md	R6. Dual posterior-binding preflight	openspec/specs/formal-ir-v43-soft-marginal-diagnostic/spec.md	yes	no	Included within exact frozen merge scope: yes, merge the full R1-R15 delta as accepted V43 contract: Predecessor binding; Question and shape; Frozen sample set and pairing; Seed-registry disjointness; Representative matrices; Dual posterior-binding preflight; Decoder contract and composed dual-condition path; Frozen workload and call order; Per-condition gates; Terminal machine; Integrity-first invalidation, guard ordering, and evidence tiers; Budget and stop rules; Records and evidence outputs; Lifecycle and authorization; Claim boundary.
formal-ir-v43-soft-marginal-diagnostic	openspec/changes/archive/2026-10-04-formal-ir-v43-soft-marginal-diagnostic-completed/specs/formal-ir-v43-soft-marginal-diagnostic/spec.md	R7. Decoder contract and composed dual-condition path	openspec/specs/formal-ir-v43-soft-marginal-diagnostic/spec.md	yes	no	Included within exact frozen merge scope: yes, merge the full R1-R15 delta as accepted V43 contract: Predecessor binding; Question and shape; Frozen sample set and pairing; Seed-registry disjointness; Representative matrices; Dual posterior-binding preflight; Decoder contract and composed dual-condition path; Frozen workload and call order; Per-condition gates; Terminal machine; Integrity-first invalidation, guard ordering, and evidence tiers; Budget and stop rules; Records and evidence outputs; Lifecycle and authorization; Claim boundary.
formal-ir-v43-soft-marginal-diagnostic	openspec/changes/archive/2026-10-04-formal-ir-v43-soft-marginal-diagnostic-completed/specs/formal-ir-v43-soft-marginal-diagnostic/spec.md	R8. Frozen workload and call order	openspec/specs/formal-ir-v43-soft-marginal-diagnostic/spec.md	yes	no	Included within exact frozen merge scope: yes, merge the full R1-R15 delta as accepted V43 contract: Predecessor binding; Question and shape; Frozen sample set and pairing; Seed-registry disjointness; Representative matrices; Dual posterior-binding preflight; Decoder contract and composed dual-condition path; Frozen workload and call order; Per-condition gates; Terminal machine; Integrity-first invalidation, guard ordering, and evidence tiers; Budget and stop rules; Records and evidence outputs; Lifecycle and authorization; Claim boundary.
formal-ir-v43-soft-marginal-diagnostic	openspec/changes/archive/2026-10-04-formal-ir-v43-soft-marginal-diagnostic-completed/specs/formal-ir-v43-soft-marginal-diagnostic/spec.md	R9. Per-condition gates	openspec/specs/formal-ir-v43-soft-marginal-diagnostic/spec.md	yes	no	Included within exact frozen merge scope: yes, merge the full R1-R15 delta as accepted V43 contract: Predecessor binding; Question and shape; Frozen sample set and pairing; Seed-registry disjointness; Representative matrices; Dual posterior-binding preflight; Decoder contract and composed dual-condition path; Frozen workload and call order; Per-condition gates; Terminal machine; Integrity-first invalidation, guard ordering, and evidence tiers; Budget and stop rules; Records and evidence outputs; Lifecycle and authorization; Claim boundary.
formal-ir-v43-soft-marginal-diagnostic	openspec/changes/archive/2026-10-04-formal-ir-v43-soft-marginal-diagnostic-completed/specs/formal-ir-v43-soft-marginal-diagnostic/spec.md	R10. Terminal machine	openspec/specs/formal-ir-v43-soft-marginal-diagnostic/spec.md	yes	no	Included within exact frozen merge scope: yes, merge the full R1-R15 delta as accepted V43 contract: Predecessor binding; Question and shape; Frozen sample set and pairing; Seed-registry disjointness; Representative matrices; Dual posterior-binding preflight; Decoder contract and composed dual-condition path; Frozen workload and call order; Per-condition gates; Terminal machine; Integrity-first invalidation, guard ordering, and evidence tiers; Budget and stop rules; Records and evidence outputs; Lifecycle and authorization; Claim boundary.
formal-ir-v43-soft-marginal-diagnostic	openspec/changes/archive/2026-10-04-formal-ir-v43-soft-marginal-diagnostic-completed/specs/formal-ir-v43-soft-marginal-diagnostic/spec.md	R11. Integrity-first invalidation, guard ordering, and evidence tiers	openspec/specs/formal-ir-v43-soft-marginal-diagnostic/spec.md	yes	no	Included within exact frozen merge scope: yes, merge the full R1-R15 delta as accepted V43 contract: Predecessor binding; Question and shape; Frozen sample set and pairing; Seed-registry disjointness; Representative matrices; Dual posterior-binding preflight; Decoder contract and composed dual-condition path; Frozen workload and call order; Per-condition gates; Terminal machine; Integrity-first invalidation, guard ordering, and evidence tiers; Budget and stop rules; Records and evidence outputs; Lifecycle and authorization; Claim boundary.
formal-ir-v43-soft-marginal-diagnostic	openspec/changes/archive/2026-10-04-formal-ir-v43-soft-marginal-diagnostic-completed/specs/formal-ir-v43-soft-marginal-diagnostic/spec.md	R12. Budget and stop rules	openspec/specs/formal-ir-v43-soft-marginal-diagnostic/spec.md	yes	no	Included within exact frozen merge scope: yes, merge the full R1-R15 delta as accepted V43 contract: Predecessor binding; Question and shape; Frozen sample set and pairing; Seed-registry disjointness; Representative matrices; Dual posterior-binding preflight; Decoder contract and composed dual-condition path; Frozen workload and call order; Per-condition gates; Terminal machine; Integrity-first invalidation, guard ordering, and evidence tiers; Budget and stop rules; Records and evidence outputs; Lifecycle and authorization; Claim boundary.
formal-ir-v43-soft-marginal-diagnostic	openspec/changes/archive/2026-10-04-formal-ir-v43-soft-marginal-diagnostic-completed/specs/formal-ir-v43-soft-marginal-diagnostic/spec.md	R13. Records and evidence outputs	openspec/specs/formal-ir-v43-soft-marginal-diagnostic/spec.md	yes	no	Included within exact frozen merge scope: yes, merge the full R1-R15 delta as accepted V43 contract: Predecessor binding; Question and shape; Frozen sample set and pairing; Seed-registry disjointness; Representative matrices; Dual posterior-binding preflight; Decoder contract and composed dual-condition path; Frozen workload and call order; Per-condition gates; Terminal machine; Integrity-first invalidation, guard ordering, and evidence tiers; Budget and stop rules; Records and evidence outputs; Lifecycle and authorization; Claim boundary.
formal-ir-v43-soft-marginal-diagnostic	openspec/changes/archive/2026-10-04-formal-ir-v43-soft-marginal-diagnostic-completed/specs/formal-ir-v43-soft-marginal-diagnostic/spec.md	R14. Lifecycle, authorization	openspec/specs/formal-ir-v43-soft-marginal-diagnostic/spec.md	yes	no	Included within exact frozen merge scope: yes, merge the full R1-R15 delta as accepted V43 contract: Predecessor binding; Question and shape; Frozen sample set and pairing; Seed-registry disjointness; Representative matrices; Dual posterior-binding preflight; Decoder contract and composed dual-condition path; Frozen workload and call order; Per-condition gates; Terminal machine; Integrity-first invalidation, guard ordering, and evidence tiers; Budget and stop rules; Records and evidence outputs; Lifecycle and authorization; Claim boundary.
formal-ir-v43-soft-marginal-diagnostic	openspec/changes/archive/2026-10-04-formal-ir-v43-soft-marginal-diagnostic-completed/specs/formal-ir-v43-soft-marginal-diagnostic/spec.md	R15. Claim boundary	openspec/specs/formal-ir-v43-soft-marginal-diagnostic/spec.md	yes	no	Included within exact frozen merge scope: yes, merge the full R1-R15 delta as accepted V43 contract: Predecessor binding; Question and shape; Frozen sample set and pairing; Seed-registry disjointness; Representative matrices; Dual posterior-binding preflight; Decoder contract and composed dual-condition path; Frozen workload and call order; Per-condition gates; Terminal machine; Integrity-first invalidation, guard ordering, and evidence tiers; Budget and stop rules; Records and evidence outputs; Lifecycle and authorization; Claim boundary.
formal-ir-v55-two-stage-rescue-independent-test-qualification-preparation	openspec/changes/archive/2026-10-04-formal-ir-v55-two-stage-rescue-independent-test-qualification-preparation-completed/specs/spec.md	R1. Predecessor binding（完全冻结 V54 二阶段，已达 QUALIFICATION_PLAN_READY）	openspec/specs/formal-ir-v55-two-stage-rescue-independent-test-qualification-preparation/spec.md	yes	no	Included within exact frozen merge scope: Limited accepted-fail report scope: R1-R2, R4, R6-R9, R11-R15 only; exclude R3/R5 readiness-only clauses, qualification PASS, route promotion, and decoder qualification.
formal-ir-v55-two-stage-rescue-independent-test-qualification-preparation	openspec/changes/archive/2026-10-04-formal-ir-v55-two-stage-rescue-independent-test-qualification-preparation-completed/specs/spec.md	R2. Frozen method（完全冻结 V54 二阶段，零改，V55 不测新变量）	openspec/specs/formal-ir-v55-two-stage-rescue-independent-test-qualification-preparation/spec.md	yes	no	Included within exact frozen merge scope: Limited accepted-fail report scope: R1-R2, R4, R6-R9, R11-R15 only; exclude R3/R5 readiness-only clauses, qualification PASS, route promotion, and decoder qualification.
formal-ir-v55-two-stage-rescue-independent-test-qualification-preparation	openspec/changes/archive/2026-10-04-formal-ir-v55-two-stage-rescue-independent-test-qualification-preparation-completed/specs/spec.md	R3. Intake adjudication（已就绪，authoritative，非 HOLD）	openspec/specs/formal-ir-v55-two-stage-rescue-independent-test-qualification-preparation/spec.md	no	yes	Omitted by exact frozen merge scope: Limited accepted-fail report scope: R1-R2, R4, R6-R9, R11-R15 only; exclude R3/R5 readiness-only clauses, qualification PASS, route promotion, and decoder qualification.
formal-ir-v55-two-stage-rescue-independent-test-qualification-preparation	openspec/changes/archive/2026-10-04-formal-ir-v55-two-stage-rescue-independent-test-qualification-preparation-completed/specs/spec.md	R4. Qualified independent TEST requirements（authoritative 90-block，已冻结）	openspec/specs/formal-ir-v55-two-stage-rescue-independent-test-qualification-preparation/spec.md	yes	no	Included within exact frozen merge scope: Limited accepted-fail report scope: R1-R2, R4, R6-R9, R11-R15 only; exclude R3/R5 readiness-only clauses, qualification PASS, route promotion, and decoder qualification.
formal-ir-v55-two-stage-rescue-independent-test-qualification-preparation	openspec/changes/archive/2026-10-04-formal-ir-v55-two-stage-rescue-independent-test-qualification-preparation-completed/specs/spec.md	R5. Data readiness gate G1-G7（已 PASS，decoder-free，authoritative）	openspec/specs/formal-ir-v55-two-stage-rescue-independent-test-qualification-preparation/spec.md	no	yes	Omitted by exact frozen merge scope: Limited accepted-fail report scope: R1-R2, R4, R6-R9, R11-R15 only; exclude R3/R5 readiness-only clauses, qualification PASS, route promotion, and decoder qualification.
formal-ir-v55-two-stage-rescue-independent-test-qualification-preparation	openspec/changes/archive/2026-10-04-formal-ir-v55-two-stage-rescue-independent-test-qualification-preparation-completed/specs/spec.md	R6. Leakage and budget — 三阶段（已冻结，180-360 硬帽360）	openspec/specs/formal-ir-v55-two-stage-rescue-independent-test-qualification-preparation/spec.md	yes	no	Included within exact frozen merge scope: Limited accepted-fail report scope: R1-R2, R4, R6-R9, R11-R15 only; exclude R3/R5 readiness-only clauses, qualification PASS, route promotion, and decoder qualification.
formal-ir-v55-two-stage-rescue-independent-test-qualification-preparation	openspec/changes/archive/2026-10-04-formal-ir-v55-two-stage-rescue-independent-test-qualification-preparation-completed/specs/spec.md	R7. Three-pass conditional protocol（已冻结，verification-only，二阶段嵌套，authoritative）	openspec/specs/formal-ir-v55-two-stage-rescue-independent-test-qualification-preparation/spec.md	yes	no	Included within exact frozen merge scope: Limited accepted-fail report scope: R1-R2, R4, R6-R9, R11-R15 only; exclude R3/R5 readiness-only clauses, qualification PASS, route promotion, and decoder qualification.
formal-ir-v55-two-stage-rescue-independent-test-qualification-preparation	openspec/changes/archive/2026-10-04-formal-ir-v55-two-stage-rescue-independent-test-qualification-preparation-completed/specs/spec.md	R8. Primary gate — 预注册门禁与终态（含 QUALIFICATION_PLAN_READY）	openspec/specs/formal-ir-v55-two-stage-rescue-independent-test-qualification-preparation/spec.md	yes	no	Included within exact frozen merge scope: Limited accepted-fail report scope: R1-R2, R4, R6-R9, R11-R15 only; exclude R3/R5 readiness-only clauses, qualification PASS, route promotion, and decoder qualification.
formal-ir-v55-two-stage-rescue-independent-test-qualification-preparation	openspec/changes/archive/2026-10-04-formal-ir-v55-two-stage-rescue-independent-test-qualification-preparation-completed/specs/spec.md	R9. Reporting promises — SHALL（explicit，三阶段，authoritative 独立跨 session TEST）	openspec/specs/formal-ir-v55-two-stage-rescue-independent-test-qualification-preparation/spec.md	yes	no	Included within exact frozen merge scope: Limited accepted-fail report scope: R1-R2, R4, R6-R9, R11-R15 only; exclude R3/R5 readiness-only clauses, qualification PASS, route promotion, and decoder qualification.
formal-ir-v55-two-stage-rescue-independent-test-qualification-preparation	openspec/changes/archive/2026-10-04-formal-ir-v55-two-stage-rescue-independent-test-qualification-preparation-completed/specs/spec.md	R10. Outputs — minimal fixed set（compact evidence 已交付，未来执行才有 run_01）	openspec/specs/formal-ir-v55-two-stage-rescue-independent-test-qualification-preparation/spec.md	no	yes	Omitted by exact frozen merge scope: Limited accepted-fail report scope: R1-R2, R4, R6-R9, R11-R15 only; exclude R3/R5 readiness-only clauses, qualification PASS, route promotion, and decoder qualification.
formal-ir-v55-two-stage-rescue-independent-test-qualification-preparation	openspec/changes/archive/2026-10-04-formal-ir-v55-two-stage-rescue-independent-test-qualification-preparation-completed/specs/spec.md	R11. Integrity, guard ordering, seed registry, and execution deviation prevention（已冻结，QUALIFICATION_PLAN_READY）	openspec/specs/formal-ir-v55-two-stage-rescue-independent-test-qualification-preparation/spec.md	yes	no	Included within exact frozen merge scope: Limited accepted-fail report scope: R1-R2, R4, R6-R9, R11-R15 only; exclude R3/R5 readiness-only clauses, qualification PASS, route promotion, and decoder qualification.
formal-ir-v55-two-stage-rescue-independent-test-qualification-preparation	openspec/changes/archive/2026-10-04-formal-ir-v55-two-stage-rescue-independent-test-qualification-preparation-completed/specs/spec.md	R12. Workload and stop rules（frozen authoritative 90, 180-360）	openspec/specs/formal-ir-v55-two-stage-rescue-independent-test-qualification-preparation/spec.md	yes	no	Included within exact frozen merge scope: Limited accepted-fail report scope: R1-R2, R4, R6-R9, R11-R15 only; exclude R3/R5 readiness-only clauses, qualification PASS, route promotion, and decoder qualification.
formal-ir-v55-two-stage-rescue-independent-test-qualification-preparation	openspec/changes/archive/2026-10-04-formal-ir-v55-two-stage-rescue-independent-test-qualification-preparation-completed/specs/spec.md	R13. Records preservation（预冻结，未来执行，authoritative 90）	openspec/specs/formal-ir-v55-two-stage-rescue-independent-test-qualification-preparation/spec.md	yes	no	Included within exact frozen merge scope: Limited accepted-fail report scope: R1-R2, R4, R6-R9, R11-R15 only; exclude R3/R5 readiness-only clauses, qualification PASS, route promotion, and decoder qualification.
formal-ir-v55-two-stage-rescue-independent-test-qualification-preparation	openspec/changes/archive/2026-10-04-formal-ir-v55-two-stage-rescue-independent-test-qualification-preparation-completed/specs/spec.md	R14. Claim boundary（关键判断，已收紧，独立跨 session）	openspec/specs/formal-ir-v55-two-stage-rescue-independent-test-qualification-preparation/spec.md	yes	no	Included within exact frozen merge scope: Limited accepted-fail report scope: R1-R2, R4, R6-R9, R11-R15 only; exclude R3/R5 readiness-only clauses, qualification PASS, route promotion, and decoder qualification.
formal-ir-v55-two-stage-rescue-independent-test-qualification-preparation	openspec/changes/archive/2026-10-04-formal-ir-v55-two-stage-rescue-independent-test-qualification-preparation-completed/specs/spec.md	R15. Lifecycle（已达 QUALIFICATION_PLAN_READY，等待独立 review）	openspec/specs/formal-ir-v55-two-stage-rescue-independent-test-qualification-preparation/spec.md	yes	no	Included within exact frozen merge scope: Limited accepted-fail report scope: R1-R2, R4, R6-R9, R11-R15 only; exclude R3/R5 readiness-only clauses, qualification PASS, route promotion, and decoder qualification.
formal-ir-v56-input-contract-reconstruction	openspec/changes/archive/2026-10-04-formal-ir-v56-input-contract-reconstruction-completed/specs/spec.md	ADDED Requirements	openspec/specs/formal-ir-v56-input-contract-reconstruction/spec.md	no	yes	Omitted by exact frozen merge scope: limited only: spec Requirement V56 Phase A — Function-by-Function V13 Contract Replay; Phase B — Single-Point Fix From V13 Authoritative Contract; Phase C — Decoder-Free Calibration Acceptance on New Frames; Phase D — 5-Way Terminal; Boundary — V55 90 Permanent Ban and Freshness Scope; Decoder-Forbidden Until C Passes and Wrapper-Only Fix; Wording and I32 Auxiliary Freeze; V13 Implementation Reuse; V56R2 Authoritative Seven-Stage Semantics and Lineage. Exclude Phase 0 V56D4 Independent Pre-RESULT Review Consolidation because its distinct independent receipt is not cited in the final note; exclude decoder TEST, qualification, and promotion.
formal-ir-v56-input-contract-reconstruction	openspec/changes/archive/2026-10-04-formal-ir-v56-input-contract-reconstruction-completed/specs/spec.md	Requirement: V56 Phase 0 — V56D4 Independent Pre-RESULT Review Consolidation	openspec/specs/formal-ir-v56-input-contract-reconstruction/spec.md	no	yes	Omitted by exact frozen merge scope: limited only: spec Requirement V56 Phase A — Function-by-Function V13 Contract Replay; Phase B — Single-Point Fix From V13 Authoritative Contract; Phase C — Decoder-Free Calibration Acceptance on New Frames; Phase D — 5-Way Terminal; Boundary — V55 90 Permanent Ban and Freshness Scope; Decoder-Forbidden Until C Passes and Wrapper-Only Fix; Wording and I32 Auxiliary Freeze; V13 Implementation Reuse; V56R2 Authoritative Seven-Stage Semantics and Lineage. Exclude Phase 0 V56D4 Independent Pre-RESULT Review Consolidation because its distinct independent receipt is not cited in the final note; exclude decoder TEST, qualification, and promotion.
formal-ir-v56-input-contract-reconstruction	openspec/changes/archive/2026-10-04-formal-ir-v56-input-contract-reconstruction-completed/specs/spec.md	Requirement: V56 Phase A — Function-by-Function V13 Contract Replay (Decoder-Free)	openspec/specs/formal-ir-v56-input-contract-reconstruction/spec.md	no	yes	Omitted by exact frozen merge scope: limited only: spec Requirement V56 Phase A — Function-by-Function V13 Contract Replay; Phase B — Single-Point Fix From V13 Authoritative Contract; Phase C — Decoder-Free Calibration Acceptance on New Frames; Phase D — 5-Way Terminal; Boundary — V55 90 Permanent Ban and Freshness Scope; Decoder-Forbidden Until C Passes and Wrapper-Only Fix; Wording and I32 Auxiliary Freeze; V13 Implementation Reuse; V56R2 Authoritative Seven-Stage Semantics and Lineage. Exclude Phase 0 V56D4 Independent Pre-RESULT Review Consolidation because its distinct independent receipt is not cited in the final note; exclude decoder TEST, qualification, and promotion.
formal-ir-v56-input-contract-reconstruction	openspec/changes/archive/2026-10-04-formal-ir-v56-input-contract-reconstruction-completed/specs/spec.md	Requirement: V56 Phase B — Single-Point Fix From V13 Authoritative Contract (Wrapper Only)	openspec/specs/formal-ir-v56-input-contract-reconstruction/spec.md	no	yes	Omitted by exact frozen merge scope: limited only: spec Requirement V56 Phase A — Function-by-Function V13 Contract Replay; Phase B — Single-Point Fix From V13 Authoritative Contract; Phase C — Decoder-Free Calibration Acceptance on New Frames; Phase D — 5-Way Terminal; Boundary — V55 90 Permanent Ban and Freshness Scope; Decoder-Forbidden Until C Passes and Wrapper-Only Fix; Wording and I32 Auxiliary Freeze; V13 Implementation Reuse; V56R2 Authoritative Seven-Stage Semantics and Lineage. Exclude Phase 0 V56D4 Independent Pre-RESULT Review Consolidation because its distinct independent receipt is not cited in the final note; exclude decoder TEST, qualification, and promotion.
formal-ir-v56-input-contract-reconstruction	openspec/changes/archive/2026-10-04-formal-ir-v56-input-contract-reconstruction-completed/specs/spec.md	Requirement: V56 Phase C — Decoder-Free Calibration Acceptance on New Frames (Per-Source, Hard Gates)	openspec/specs/formal-ir-v56-input-contract-reconstruction/spec.md	no	yes	Omitted by exact frozen merge scope: limited only: spec Requirement V56 Phase A — Function-by-Function V13 Contract Replay; Phase B — Single-Point Fix From V13 Authoritative Contract; Phase C — Decoder-Free Calibration Acceptance on New Frames; Phase D — 5-Way Terminal; Boundary — V55 90 Permanent Ban and Freshness Scope; Decoder-Forbidden Until C Passes and Wrapper-Only Fix; Wording and I32 Auxiliary Freeze; V13 Implementation Reuse; V56R2 Authoritative Seven-Stage Semantics and Lineage. Exclude Phase 0 V56D4 Independent Pre-RESULT Review Consolidation because its distinct independent receipt is not cited in the final note; exclude decoder TEST, qualification, and promotion.
formal-ir-v56-input-contract-reconstruction	openspec/changes/archive/2026-10-04-formal-ir-v56-input-contract-reconstruction-completed/specs/spec.md	Requirement: V56 Phase D — 5-Way Terminal (Mutually Exclusive, Priority Ordered, Non-Subjective)	openspec/specs/formal-ir-v56-input-contract-reconstruction/spec.md	no	yes	Omitted by exact frozen merge scope: limited only: spec Requirement V56 Phase A — Function-by-Function V13 Contract Replay; Phase B — Single-Point Fix From V13 Authoritative Contract; Phase C — Decoder-Free Calibration Acceptance on New Frames; Phase D — 5-Way Terminal; Boundary — V55 90 Permanent Ban and Freshness Scope; Decoder-Forbidden Until C Passes and Wrapper-Only Fix; Wording and I32 Auxiliary Freeze; V13 Implementation Reuse; V56R2 Authoritative Seven-Stage Semantics and Lineage. Exclude Phase 0 V56D4 Independent Pre-RESULT Review Consolidation because its distinct independent receipt is not cited in the final note; exclude decoder TEST, qualification, and promotion.
formal-ir-v56-input-contract-reconstruction	openspec/changes/archive/2026-10-04-formal-ir-v56-input-contract-reconstruction-completed/specs/spec.md	Requirement: V56 Boundary — V55 90 Permanent Ban and Freshness Scope	openspec/specs/formal-ir-v56-input-contract-reconstruction/spec.md	no	yes	Omitted by exact frozen merge scope: limited only: spec Requirement V56 Phase A — Function-by-Function V13 Contract Replay; Phase B — Single-Point Fix From V13 Authoritative Contract; Phase C — Decoder-Free Calibration Acceptance on New Frames; Phase D — 5-Way Terminal; Boundary — V55 90 Permanent Ban and Freshness Scope; Decoder-Forbidden Until C Passes and Wrapper-Only Fix; Wording and I32 Auxiliary Freeze; V13 Implementation Reuse; V56R2 Authoritative Seven-Stage Semantics and Lineage. Exclude Phase 0 V56D4 Independent Pre-RESULT Review Consolidation because its distinct independent receipt is not cited in the final note; exclude decoder TEST, qualification, and promotion.
formal-ir-v56-input-contract-reconstruction	openspec/changes/archive/2026-10-04-formal-ir-v56-input-contract-reconstruction-completed/specs/spec.md	Requirement: V56 Decoder-Forbidden Until C Passes and Wrapper-Only Fix	openspec/specs/formal-ir-v56-input-contract-reconstruction/spec.md	no	yes	Omitted by exact frozen merge scope: limited only: spec Requirement V56 Phase A — Function-by-Function V13 Contract Replay; Phase B — Single-Point Fix From V13 Authoritative Contract; Phase C — Decoder-Free Calibration Acceptance on New Frames; Phase D — 5-Way Terminal; Boundary — V55 90 Permanent Ban and Freshness Scope; Decoder-Forbidden Until C Passes and Wrapper-Only Fix; Wording and I32 Auxiliary Freeze; V13 Implementation Reuse; V56R2 Authoritative Seven-Stage Semantics and Lineage. Exclude Phase 0 V56D4 Independent Pre-RESULT Review Consolidation because its distinct independent receipt is not cited in the final note; exclude decoder TEST, qualification, and promotion.
formal-ir-v56-input-contract-reconstruction	openspec/changes/archive/2026-10-04-formal-ir-v56-input-contract-reconstruction-completed/specs/spec.md	Requirement: V56 Wording and I32 Auxiliary Freeze	openspec/specs/formal-ir-v56-input-contract-reconstruction/spec.md	no	yes	Omitted by exact frozen merge scope: limited only: spec Requirement V56 Phase A — Function-by-Function V13 Contract Replay; Phase B — Single-Point Fix From V13 Authoritative Contract; Phase C — Decoder-Free Calibration Acceptance on New Frames; Phase D — 5-Way Terminal; Boundary — V55 90 Permanent Ban and Freshness Scope; Decoder-Forbidden Until C Passes and Wrapper-Only Fix; Wording and I32 Auxiliary Freeze; V13 Implementation Reuse; V56R2 Authoritative Seven-Stage Semantics and Lineage. Exclude Phase 0 V56D4 Independent Pre-RESULT Review Consolidation because its distinct independent receipt is not cited in the final note; exclude decoder TEST, qualification, and promotion.
formal-ir-v56-input-contract-reconstruction	openspec/changes/archive/2026-10-04-formal-ir-v56-input-contract-reconstruction-completed/specs/spec.md	Requirement: V56 V13 Implementation Reuse (No Re-invention, Read-Only)	openspec/specs/formal-ir-v56-input-contract-reconstruction/spec.md	no	yes	Omitted by exact frozen merge scope: limited only: spec Requirement V56 Phase A — Function-by-Function V13 Contract Replay; Phase B — Single-Point Fix From V13 Authoritative Contract; Phase C — Decoder-Free Calibration Acceptance on New Frames; Phase D — 5-Way Terminal; Boundary — V55 90 Permanent Ban and Freshness Scope; Decoder-Forbidden Until C Passes and Wrapper-Only Fix; Wording and I32 Auxiliary Freeze; V13 Implementation Reuse; V56R2 Authoritative Seven-Stage Semantics and Lineage. Exclude Phase 0 V56D4 Independent Pre-RESULT Review Consolidation because its distinct independent receipt is not cited in the final note; exclude decoder TEST, qualification, and promotion.
formal-ir-v56-input-contract-reconstruction	openspec/changes/archive/2026-10-04-formal-ir-v56-input-contract-reconstruction-completed/specs/spec.md	Requirement: V56R2 Authoritative Seven-Stage Semantics and Lineage (ENGINEERING_INVALID_FRAME_ID_SEMANTICS preserved)	openspec/specs/formal-ir-v56-input-contract-reconstruction/spec.md	no	yes	Omitted by exact frozen merge scope: limited only: spec Requirement V56 Phase A — Function-by-Function V13 Contract Replay; Phase B — Single-Point Fix From V13 Authoritative Contract; Phase C — Decoder-Free Calibration Acceptance on New Frames; Phase D — 5-Way Terminal; Boundary — V55 90 Permanent Ban and Freshness Scope; Decoder-Forbidden Until C Passes and Wrapper-Only Fix; Wording and I32 Auxiliary Freeze; V13 Implementation Reuse; V56R2 Authoritative Seven-Stage Semantics and Lineage. Exclude Phase 0 V56D4 Independent Pre-RESULT Review Consolidation because its distinct independent receipt is not cited in the final note; exclude decoder TEST, qualification, and promotion.
formal-ir-v56-input-contract-reconstruction	openspec/changes/archive/2026-10-04-formal-ir-v56-input-contract-reconstruction-completed/specs/spec.md	MODIFIED Requirements	openspec/specs/formal-ir-v56-input-contract-reconstruction/spec.md	no	yes	Omitted by exact frozen merge scope: limited only: spec Requirement V56 Phase A — Function-by-Function V13 Contract Replay; Phase B — Single-Point Fix From V13 Authoritative Contract; Phase C — Decoder-Free Calibration Acceptance on New Frames; Phase D — 5-Way Terminal; Boundary — V55 90 Permanent Ban and Freshness Scope; Decoder-Forbidden Until C Passes and Wrapper-Only Fix; Wording and I32 Auxiliary Freeze; V13 Implementation Reuse; V56R2 Authoritative Seven-Stage Semantics and Lineage. Exclude Phase 0 V56D4 Independent Pre-RESULT Review Consolidation because its distinct independent receipt is not cited in the final note; exclude decoder TEST, qualification, and promotion.
formal-ir-v56-input-contract-reconstruction	openspec/changes/archive/2026-10-04-formal-ir-v56-input-contract-reconstruction-completed/specs/spec.md	REMOVED Requirements	openspec/specs/formal-ir-v56-input-contract-reconstruction/spec.md	no	yes	Omitted by exact frozen merge scope: limited only: spec Requirement V56 Phase A — Function-by-Function V13 Contract Replay; Phase B — Single-Point Fix From V13 Authoritative Contract; Phase C — Decoder-Free Calibration Acceptance on New Frames; Phase D — 5-Way Terminal; Boundary — V55 90 Permanent Ban and Freshness Scope; Decoder-Forbidden Until C Passes and Wrapper-Only Fix; Wording and I32 Auxiliary Freeze; V13 Implementation Reuse; V56R2 Authoritative Seven-Stage Semantics and Lineage. Exclude Phase 0 V56D4 Independent Pre-RESULT Review Consolidation because its distinct independent receipt is not cited in the final note; exclude decoder TEST, qualification, and promotion.
formal-ir-v57-channel-recharacterization	openspec/changes/archive/2026-10-04-formal-ir-v57-channel-recharacterization-completed/specs/spec.md	ADDED Requirements	openspec/specs/formal-ir-v57-channel-recharacterization/spec.md	no	yes	Omitted by exact frozen merge scope: Limited R5 accepted-fail scope only: V57 Calibration/Validation Pre-Registration with Zero Overlap; Calibration Smoothed Joint Count and Conditional Entropy and Leakage Recomputation; Validation Estimator Gates Per Source; Three-Source Independent Verdict and V58 Gate; Decoder-Forbidden Guard; Original 90 Permanent Ban and Freshness Boundary. No V58 decoder TEST, qualification, promotion, or route advancement.
formal-ir-v57-channel-recharacterization	openspec/changes/archive/2026-10-04-formal-ir-v57-channel-recharacterization-completed/specs/spec.md	Requirement: V57 Calibration/Validation Pre-Registration with Zero Overlap (Revised, Expanded)	openspec/specs/formal-ir-v57-channel-recharacterization/spec.md	no	yes	Omitted by exact frozen merge scope: Limited R5 accepted-fail scope only: V57 Calibration/Validation Pre-Registration with Zero Overlap; Calibration Smoothed Joint Count and Conditional Entropy and Leakage Recomputation; Validation Estimator Gates Per Source; Three-Source Independent Verdict and V58 Gate; Decoder-Forbidden Guard; Original 90 Permanent Ban and Freshness Boundary. No V58 decoder TEST, qualification, promotion, or route advancement.
formal-ir-v57-channel-recharacterization	openspec/changes/archive/2026-10-04-formal-ir-v57-channel-recharacterization-completed/specs/spec.md	Requirement: V57 Calibration Smoothed Joint Count and Conditional Entropy and Leakage Recomputation (Revised2, **分层m_i 纠正总量上界错误**, Tag)	openspec/specs/formal-ir-v57-channel-recharacterization/spec.md	no	yes	Omitted by exact frozen merge scope: Limited R5 accepted-fail scope only: V57 Calibration/Validation Pre-Registration with Zero Overlap; Calibration Smoothed Joint Count and Conditional Entropy and Leakage Recomputation; Validation Estimator Gates Per Source; Three-Source Independent Verdict and V58 Gate; Decoder-Forbidden Guard; Original 90 Permanent Ban and Freshness Boundary. No V58 decoder TEST, qualification, promotion, or route advancement.
formal-ir-v57-channel-recharacterization	openspec/changes/archive/2026-10-04-formal-ir-v57-channel-recharacterization-completed/specs/spec.md	Requirement: V57 Validation Estimator Gates Per Source (Revised, Descriptive MAP/Zero)	openspec/specs/formal-ir-v57-channel-recharacterization/spec.md	no	yes	Omitted by exact frozen merge scope: Limited R5 accepted-fail scope only: V57 Calibration/Validation Pre-Registration with Zero Overlap; Calibration Smoothed Joint Count and Conditional Entropy and Leakage Recomputation; Validation Estimator Gates Per Source; Three-Source Independent Verdict and V58 Gate; Decoder-Forbidden Guard; Original 90 Permanent Ban and Freshness Boundary. No V58 decoder TEST, qualification, promotion, or route advancement.
formal-ir-v57-channel-recharacterization	openspec/changes/archive/2026-10-04-formal-ir-v57-channel-recharacterization-completed/specs/spec.md	Requirement: V57 Three-Source Independent Verdict and V58 Gate (All-Pass Only, **FAIL_NOSTABLE**)	openspec/specs/formal-ir-v57-channel-recharacterization/spec.md	no	yes	Omitted by exact frozen merge scope: Limited R5 accepted-fail scope only: V57 Calibration/Validation Pre-Registration with Zero Overlap; Calibration Smoothed Joint Count and Conditional Entropy and Leakage Recomputation; Validation Estimator Gates Per Source; Three-Source Independent Verdict and V58 Gate; Decoder-Forbidden Guard; Original 90 Permanent Ban and Freshness Boundary. No V58 decoder TEST, qualification, promotion, or route advancement.
formal-ir-v57-channel-recharacterization	openspec/changes/archive/2026-10-04-formal-ir-v57-channel-recharacterization-completed/specs/spec.md	Requirement: V57 Decoder-Forbidden Guard (Revised2, **分层m_i + FAIL_NOSTABLE**)	openspec/specs/formal-ir-v57-channel-recharacterization/spec.md	no	yes	Omitted by exact frozen merge scope: Limited R5 accepted-fail scope only: V57 Calibration/Validation Pre-Registration with Zero Overlap; Calibration Smoothed Joint Count and Conditional Entropy and Leakage Recomputation; Validation Estimator Gates Per Source; Three-Source Independent Verdict and V58 Gate; Decoder-Forbidden Guard; Original 90 Permanent Ban and Freshness Boundary. No V58 decoder TEST, qualification, promotion, or route advancement.
formal-ir-v57-channel-recharacterization	openspec/changes/archive/2026-10-04-formal-ir-v57-channel-recharacterization-completed/specs/spec.md	Requirement: V57 Original 90 Permanent Ban and Freshness Boundary (Revised)	openspec/specs/formal-ir-v57-channel-recharacterization/spec.md	no	yes	Omitted by exact frozen merge scope: Limited R5 accepted-fail scope only: V57 Calibration/Validation Pre-Registration with Zero Overlap; Calibration Smoothed Joint Count and Conditional Entropy and Leakage Recomputation; Validation Estimator Gates Per Source; Three-Source Independent Verdict and V58 Gate; Decoder-Forbidden Guard; Original 90 Permanent Ban and Freshness Boundary. No V58 decoder TEST, qualification, promotion, or route advancement.
formal-ir-v57-channel-recharacterization	openspec/changes/archive/2026-10-04-formal-ir-v57-channel-recharacterization-completed/specs/spec.md	MODIFIED Requirements	openspec/specs/formal-ir-v57-channel-recharacterization/spec.md	no	yes	Omitted by exact frozen merge scope: Limited R5 accepted-fail scope only: V57 Calibration/Validation Pre-Registration with Zero Overlap; Calibration Smoothed Joint Count and Conditional Entropy and Leakage Recomputation; Validation Estimator Gates Per Source; Three-Source Independent Verdict and V58 Gate; Decoder-Forbidden Guard; Original 90 Permanent Ban and Freshness Boundary. No V58 decoder TEST, qualification, promotion, or route advancement.
formal-ir-v57-channel-recharacterization	openspec/changes/archive/2026-10-04-formal-ir-v57-channel-recharacterization-completed/specs/spec.md	REMOVED Requirements	openspec/specs/formal-ir-v57-channel-recharacterization/spec.md	no	yes	Omitted by exact frozen merge scope: Limited R5 accepted-fail scope only: V57 Calibration/Validation Pre-Registration with Zero Overlap; Calibration Smoothed Joint Count and Conditional Entropy and Leakage Recomputation; Validation Estimator Gates Per Source; Three-Source Independent Verdict and V58 Gate; Decoder-Forbidden Guard; Original 90 Permanent Ban and Freshness Boundary. No V58 decoder TEST, qualification, promotion, or route advancement.
formal-ir-v63-nbldpc-polar-shell-integration	openspec/changes/archive/2026-10-04-formal-ir-v63-nbldpc-polar-shell-integration-completed/specs/spec.md	1. 变更类型与生命周期	openspec/specs/formal-ir-v63-nbldpc-polar-shell-integration/spec.md	no	yes	Zero merge: the named R63 implementation items are not isolated by source headings; the source mixes readiness, future decoder execution, formal PA, and promotion gates.
formal-ir-v63-nbldpc-polar-shell-integration	openspec/changes/archive/2026-10-04-formal-ir-v63-nbldpc-polar-shell-integration-completed/specs/spec.md	2. 冻结方法（NB-LDPC 完全冻结，外壳保留/IR 替换）	openspec/specs/formal-ir-v63-nbldpc-polar-shell-integration/spec.md	no	yes	Zero merge: the named R63 implementation items are not isolated by source headings; the source mixes readiness, future decoder execution, formal PA, and promotion gates.
formal-ir-v63-nbldpc-polar-shell-integration	openspec/changes/archive/2026-10-04-formal-ir-v63-nbldpc-polar-shell-integration-completed/specs/spec.md	2.1 NB-LDPC 不变量（V54 完全冻结）	openspec/specs/formal-ir-v63-nbldpc-polar-shell-integration/spec.md	no	yes	Zero merge: the named R63 implementation items are not isolated by source headings; the source mixes readiness, future decoder execution, formal PA, and promotion gates.
formal-ir-v63-nbldpc-polar-shell-integration	openspec/changes/archive/2026-10-04-formal-ir-v63-nbldpc-polar-shell-integration-completed/specs/spec.md	2.2 外壳保留清单（只读，不改 src/experiments/tools）	openspec/specs/formal-ir-v63-nbldpc-polar-shell-integration/spec.md	no	yes	Zero merge: the named R63 implementation items are not isolated by source headings; the source mixes readiness, future decoder execution, formal PA, and promotion gates.
formal-ir-v63-nbldpc-polar-shell-integration	openspec/changes/archive/2026-10-04-formal-ir-v63-nbldpc-polar-shell-integration-completed/specs/spec.md	2.3 IR 替换接口（core replacement）	openspec/specs/formal-ir-v63-nbldpc-polar-shell-integration/spec.md	no	yes	Zero merge: the named R63 implementation items are not isolated by source headings; the source mixes readiness, future decoder execution, formal PA, and promotion gates.
formal-ir-v63-nbldpc-polar-shell-integration	openspec/changes/archive/2026-10-04-formal-ir-v63-nbldpc-polar-shell-integration-completed/specs/spec.md	2.4 禁止	openspec/specs/formal-ir-v63-nbldpc-polar-shell-integration/spec.md	no	yes	Zero merge: the named R63 implementation items are not isolated by source headings; the source mixes readiness, future decoder execution, formal PA, and promotion gates.
formal-ir-v63-nbldpc-polar-shell-integration	openspec/changes/archive/2026-10-04-formal-ir-v63-nbldpc-polar-shell-integration-completed/specs/spec.md	3. Phase A — 壳/IR 接口与适配设计	openspec/specs/formal-ir-v63-nbldpc-polar-shell-integration/spec.md	no	yes	Zero merge: the named R63 implementation items are not isolated by source headings; the source mixes readiness, future decoder execution, formal PA, and promotion gates.
formal-ir-v63-nbldpc-polar-shell-integration	openspec/changes/archive/2026-10-04-formal-ir-v63-nbldpc-polar-shell-integration-completed/specs/spec.md	3.1 适配入口（预冻结，不在本轮实现）	openspec/specs/formal-ir-v63-nbldpc-polar-shell-integration/spec.md	no	yes	Zero merge: the named R63 implementation items are not isolated by source headings; the source mixes readiness, future decoder execution, formal PA, and promotion gates.
formal-ir-v63-nbldpc-polar-shell-integration	openspec/changes/archive/2026-10-04-formal-ir-v63-nbldpc-polar-shell-integration-completed/specs/spec.md	3.2 校核清单（decoder-free 公式校验）	openspec/specs/formal-ir-v63-nbldpc-polar-shell-integration/spec.md	no	yes	Zero merge: the named R63 implementation items are not isolated by source headings; the source mixes readiness, future decoder execution, formal PA, and promotion gates.
formal-ir-v63-nbldpc-polar-shell-integration	openspec/changes/archive/2026-10-04-formal-ir-v63-nbldpc-polar-shell-integration-completed/specs/spec.md	4. Phase B — 同域 smoke 冻结（3/source=9 blocks，硬帽36）	openspec/specs/formal-ir-v63-nbldpc-polar-shell-integration/spec.md	no	yes	Zero merge: the named R63 implementation items are not isolated by source headings; the source mixes readiness, future decoder execution, formal PA, and promotion gates.
formal-ir-v63-nbldpc-polar-shell-integration	openspec/changes/archive/2026-10-04-formal-ir-v63-nbldpc-polar-shell-integration-completed/specs/spec.md	4.1 处理点单点冻结	openspec/specs/formal-ir-v63-nbldpc-polar-shell-integration/spec.md	no	yes	Zero merge: the named R63 implementation items are not isolated by source headings; the source mixes readiness, future decoder execution, formal PA, and promotion gates.
formal-ir-v63-nbldpc-polar-shell-integration	openspec/changes/archive/2026-10-04-formal-ir-v63-nbldpc-polar-shell-integration-completed/specs/spec.md	4.2 规模与注册表	openspec/specs/formal-ir-v63-nbldpc-polar-shell-integration/spec.md	no	yes	Zero merge: the named R63 implementation items are not isolated by source headings; the source mixes readiness, future decoder execution, formal PA, and promotion gates.
formal-ir-v63-nbldpc-polar-shell-integration	openspec/changes/archive/2026-10-04-formal-ir-v63-nbldpc-polar-shell-integration-completed/specs/spec.md	4.3 贯通验证	openspec/specs/formal-ir-v63-nbldpc-polar-shell-integration/spec.md	no	yes	Zero merge: the named R63 implementation items are not isolated by source headings; the source mixes readiness, future decoder execution, formal PA, and promotion gates.
formal-ir-v63-nbldpc-polar-shell-integration	openspec/changes/archive/2026-10-04-formal-ir-v63-nbldpc-polar-shell-integration-completed/specs/spec.md	4.4 预算	openspec/specs/formal-ir-v63-nbldpc-polar-shell-integration/spec.md	no	yes	Zero merge: the named R63 implementation items are not isolated by source headings; the source mixes readiness, future decoder execution, formal PA, and promotion gates.
formal-ir-v63-nbldpc-polar-shell-integration	openspec/changes/archive/2026-10-04-formal-ir-v63-nbldpc-polar-shell-integration-completed/specs/spec.md	5. Phase C — 同域正式 development 设计（30/source=90 blocks，硬帽360，门禁 frozen）	openspec/specs/formal-ir-v63-nbldpc-polar-shell-integration/spec.md	no	yes	Zero merge: the named R63 implementation items are not isolated by source headings; the source mixes readiness, future decoder execution, formal PA, and promotion gates.
formal-ir-v63-nbldpc-polar-shell-integration	openspec/changes/archive/2026-10-04-formal-ir-v63-nbldpc-polar-shell-integration-completed/specs/spec.md	5.1 规模	openspec/specs/formal-ir-v63-nbldpc-polar-shell-integration/spec.md	no	yes	Zero merge: the named R63 implementation items are not isolated by source headings; the source mixes readiness, future decoder execution, formal PA, and promotion gates.
formal-ir-v63-nbldpc-polar-shell-integration	openspec/changes/archive/2026-10-04-formal-ir-v63-nbldpc-polar-shell-integration-completed/specs/spec.md	5.2 三阶段协议（硬帽360, verification-only）	openspec/specs/formal-ir-v63-nbldpc-polar-shell-integration/spec.md	no	yes	Zero merge: the named R63 implementation items are not isolated by source headings; the source mixes readiness, future decoder execution, formal PA, and promotion gates.
formal-ir-v63-nbldpc-polar-shell-integration	openspec/changes/archive/2026-10-04-formal-ir-v63-nbldpc-polar-shell-integration-completed/specs/spec.md	5.3 主指标与门禁（first-match）	openspec/specs/formal-ir-v63-nbldpc-polar-shell-integration/spec.md	no	yes	Zero merge: the named R63 implementation items are not isolated by source headings; the source mixes readiness, future decoder execution, formal PA, and promotion gates.
formal-ir-v63-nbldpc-polar-shell-integration	openspec/changes/archive/2026-10-04-formal-ir-v63-nbldpc-polar-shell-integration-completed/specs/spec.md	5.4 次级（仅排序，POLAR_REFERENCE_PROXY）	openspec/specs/formal-ir-v63-nbldpc-polar-shell-integration/spec.md	no	yes	Zero merge: the named R63 implementation items are not isolated by source headings; the source mixes readiness, future decoder execution, formal PA, and promotion gates.
formal-ir-v63-nbldpc-polar-shell-integration	openspec/changes/archive/2026-10-04-formal-ir-v63-nbldpc-polar-shell-integration-completed/specs/spec.md	6. Phase D — 外壳结果（security/PIE/SKR proxy）	openspec/specs/formal-ir-v63-nbldpc-polar-shell-integration/spec.md	no	yes	Zero merge: the named R63 implementation items are not isolated by source headings; the source mixes readiness, future decoder execution, formal PA, and promotion gates.
formal-ir-v63-nbldpc-polar-shell-integration	openspec/changes/archive/2026-10-04-formal-ir-v63-nbldpc-polar-shell-integration-completed/specs/spec.md	7. 真实数据二档边界（同域 vs 新 session）	openspec/specs/formal-ir-v63-nbldpc-polar-shell-integration/spec.md	no	yes	Zero merge: the named R63 implementation items are not isolated by source headings; the source mixes readiness, future decoder execution, formal PA, and promotion gates.
formal-ir-v63-nbldpc-polar-shell-integration	openspec/changes/archive/2026-10-04-formal-ir-v63-nbldpc-polar-shell-integration-completed/specs/spec.md	8. 与 V54/V62 衔接与守卫	openspec/specs/formal-ir-v63-nbldpc-polar-shell-integration/spec.md	no	yes	Zero merge: the named R63 implementation items are not isolated by source headings; the source mixes readiness, future decoder execution, formal PA, and promotion gates.
formal-ir-v63-nbldpc-polar-shell-integration	openspec/changes/archive/2026-10-04-formal-ir-v63-nbldpc-polar-shell-integration-completed/specs/spec.md	9. 证据写出（预冻结，未来执行）	openspec/specs/formal-ir-v63-nbldpc-polar-shell-integration/spec.md	no	yes	Zero merge: the named R63 implementation items are not isolated by source headings; the source mixes readiness, future decoder execution, formal PA, and promotion gates.
formal-ir-v63-nbldpc-polar-shell-integration	openspec/changes/archive/2026-10-04-formal-ir-v63-nbldpc-polar-shell-integration-completed/specs/spec.md	R63 Revisions (PLAN_REVISION_CANDIDATE, 2026-08-30, HEAD 5602f11c)	openspec/specs/formal-ir-v63-nbldpc-polar-shell-integration/spec.md	no	yes	Zero merge: the named R63 implementation items are not isolated by source headings; the source mixes readiness, future decoder execution, formal PA, and promotion gates.
formal-ir-v65ar2-first-match-pipeline	openspec/changes/archive/2026-10-04-formal-ir-v65ar2-first-match-pipeline-completed/specs/spec.md	1. 变更类型与生命周期	openspec/specs/formal-ir-v65ar2-first-match-pipeline/spec.md	no	yes	Omitted by exact frozen merge scope: Implementation-only: frozen candidate/tier and processing point (§2); additive metadata Phase R (§3); first-match and UNREACHABLE state machine (§4, §9); materialization-only Stage0 and fake-tested Stage1 estimator/rate semantics (§5-6); TEST identity-only/report guards (§7-8); decoder-free, additive no-overwrite, and run_01 guards (§10-11). Exclude raw production execution, Stage2/TEST32 result claims, qualification, and promotion.
formal-ir-v65ar2-first-match-pipeline	openspec/changes/archive/2026-10-04-formal-ir-v65ar2-first-match-pipeline-completed/specs/spec.md	2. 冻结语义 — 候选、tier 与处理点零改	openspec/specs/formal-ir-v65ar2-first-match-pipeline/spec.md	yes	no	Included within exact frozen merge scope: Implementation-only: frozen candidate/tier and processing point (§2); additive metadata Phase R (§3); first-match and UNREACHABLE state machine (§4, §9); materialization-only Stage0 and fake-tested Stage1 estimator/rate semantics (§5-6); TEST identity-only/report guards (§7-8); decoder-free, additive no-overwrite, and run_01 guards (§10-11). Exclude raw production execution, Stage2/TEST32 result claims, qualification, and promotion.
formal-ir-v65ar2-first-match-pipeline	openspec/changes/archive/2026-10-04-formal-ir-v65ar2-first-match-pipeline-completed/specs/spec.md	2.1 候选与 tier 冻结（V65AR2 完全冻结）	openspec/specs/formal-ir-v65ar2-first-match-pipeline/spec.md	yes	no	Included within exact frozen merge scope: Implementation-only: frozen candidate/tier and processing point (§2); additive metadata Phase R (§3); first-match and UNREACHABLE state machine (§4, §9); materialization-only Stage0 and fake-tested Stage1 estimator/rate semantics (§5-6); TEST identity-only/report guards (§7-8); decoder-free, additive no-overwrite, and run_01 guards (§10-11). Exclude raw production execution, Stage2/TEST32 result claims, qualification, and promotion.
formal-ir-v65ar2-first-match-pipeline	openspec/changes/archive/2026-10-04-formal-ir-v65ar2-first-match-pipeline-completed/specs/spec.md	2.2 处理点与物化单点冻结	openspec/specs/formal-ir-v65ar2-first-match-pipeline/spec.md	yes	no	Included within exact frozen merge scope: Implementation-only: frozen candidate/tier and processing point (§2); additive metadata Phase R (§3); first-match and UNREACHABLE state machine (§4, §9); materialization-only Stage0 and fake-tested Stage1 estimator/rate semantics (§5-6); TEST identity-only/report guards (§7-8); decoder-free, additive no-overwrite, and run_01 guards (§10-11). Exclude raw production execution, Stage2/TEST32 result claims, qualification, and promotion.
formal-ir-v65ar2-first-match-pipeline	openspec/changes/archive/2026-10-04-formal-ir-v65ar2-first-match-pipeline-completed/specs/spec.md	2.3 禁止	openspec/specs/formal-ir-v65ar2-first-match-pipeline/spec.md	yes	no	Included within exact frozen merge scope: Implementation-only: frozen candidate/tier and processing point (§2); additive metadata Phase R (§3); first-match and UNREACHABLE state machine (§4, §9); materialization-only Stage0 and fake-tested Stage1 estimator/rate semantics (§5-6); TEST identity-only/report guards (§7-8); decoder-free, additive no-overwrite, and run_01 guards (§10-11). Exclude raw production execution, Stage2/TEST32 result claims, qualification, and promotion.
formal-ir-v65ar2-first-match-pipeline	openspec/changes/archive/2026-10-04-formal-ir-v65ar2-first-match-pipeline-completed/specs/spec.md	3. Phase R — decoder-free metadata recovery（additive sidecar）	openspec/specs/formal-ir-v65ar2-first-match-pipeline/spec.md	yes	no	Included within exact frozen merge scope: Implementation-only: frozen candidate/tier and processing point (§2); additive metadata Phase R (§3); first-match and UNREACHABLE state machine (§4, §9); materialization-only Stage0 and fake-tested Stage1 estimator/rate semantics (§5-6); TEST identity-only/report guards (§7-8); decoder-free, additive no-overwrite, and run_01 guards (§10-11). Exclude raw production execution, Stage2/TEST32 result claims, qualification, and promotion.
formal-ir-v65ar2-first-match-pipeline	openspec/changes/archive/2026-10-04-formal-ir-v65ar2-first-match-pipeline-completed/specs/spec.md	3.1 输入输出（additive，不覆盖 raw）	openspec/specs/formal-ir-v65ar2-first-match-pipeline/spec.md	yes	no	Included within exact frozen merge scope: Implementation-only: frozen candidate/tier and processing point (§2); additive metadata Phase R (§3); first-match and UNREACHABLE state machine (§4, §9); materialization-only Stage0 and fake-tested Stage1 estimator/rate semantics (§5-6); TEST identity-only/report guards (§7-8); decoder-free, additive no-overwrite, and run_01 guards (§10-11). Exclude raw production execution, Stage2/TEST32 result claims, qualification, and promotion.
formal-ir-v65ar2-first-match-pipeline	openspec/changes/archive/2026-10-04-formal-ir-v65ar2-first-match-pipeline-completed/specs/spec.md	3.2 Phase R 校验（decoder-free，G1 前置）	openspec/specs/formal-ir-v65ar2-first-match-pipeline/spec.md	yes	no	Included within exact frozen merge scope: Implementation-only: frozen candidate/tier and processing point (§2); additive metadata Phase R (§3); first-match and UNREACHABLE state machine (§4, §9); materialization-only Stage0 and fake-tested Stage1 estimator/rate semantics (§5-6); TEST identity-only/report guards (§7-8); decoder-free, additive no-overwrite, and run_01 guards (§10-11). Exclude raw production execution, Stage2/TEST32 result claims, qualification, and promotion.
formal-ir-v65ar2-first-match-pipeline	openspec/changes/archive/2026-10-04-formal-ir-v65ar2-first-match-pipeline-completed/specs/spec.md	4. 流水线 — first-match / stop-on-failure 定序	openspec/specs/formal-ir-v65ar2-first-match-pipeline/spec.md	yes	no	Included within exact frozen merge scope: Implementation-only: frozen candidate/tier and processing point (§2); additive metadata Phase R (§3); first-match and UNREACHABLE state machine (§4, §9); materialization-only Stage0 and fake-tested Stage1 estimator/rate semantics (§5-6); TEST identity-only/report guards (§7-8); decoder-free, additive no-overwrite, and run_01 guards (§10-11). Exclude raw production execution, Stage2/TEST32 result claims, qualification, and promotion.
formal-ir-v65ar2-first-match-pipeline	openspec/changes/archive/2026-10-04-formal-ir-v65ar2-first-match-pipeline-completed/specs/spec.md	4.1 阶段样本定义	openspec/specs/formal-ir-v65ar2-first-match-pipeline/spec.md	yes	no	Included within exact frozen merge scope: Implementation-only: frozen candidate/tier and processing point (§2); additive metadata Phase R (§3); first-match and UNREACHABLE state machine (§4, §9); materialization-only Stage0 and fake-tested Stage1 estimator/rate semantics (§5-6); TEST identity-only/report guards (§7-8); decoder-free, additive no-overwrite, and run_01 guards (§10-11). Exclude raw production execution, Stage2/TEST32 result claims, qualification, and promotion.
formal-ir-v65ar2-first-match-pipeline	openspec/changes/archive/2026-10-04-formal-ir-v65ar2-first-match-pipeline-completed/specs/spec.md	4.2 定序状态机与优先级	openspec/specs/formal-ir-v65ar2-first-match-pipeline/spec.md	yes	no	Included within exact frozen merge scope: Implementation-only: frozen candidate/tier and processing point (§2); additive metadata Phase R (§3); first-match and UNREACHABLE state machine (§4, §9); materialization-only Stage0 and fake-tested Stage1 estimator/rate semantics (§5-6); TEST identity-only/report guards (§7-8); decoder-free, additive no-overwrite, and run_01 guards (§10-11). Exclude raw production execution, Stage2/TEST32 result claims, qualification, and promotion.
formal-ir-v65ar2-first-match-pipeline	openspec/changes/archive/2026-10-04-formal-ir-v65ar2-first-match-pipeline-completed/specs/spec.md	5. 估计器 — 单一预注册 hierarchical (per stage 独立, CAL-only, λ 4-fold)	openspec/specs/formal-ir-v65ar2-first-match-pipeline/spec.md	yes	no	Included within exact frozen merge scope: Implementation-only: frozen candidate/tier and processing point (§2); additive metadata Phase R (§3); first-match and UNREACHABLE state machine (§4, §9); materialization-only Stage0 and fake-tested Stage1 estimator/rate semantics (§5-6); TEST identity-only/report guards (§7-8); decoder-free, additive no-overwrite, and run_01 guards (§10-11). Exclude raw production execution, Stage2/TEST32 result claims, qualification, and promotion.
formal-ir-v65ar2-first-match-pipeline	openspec/changes/archive/2026-10-04-formal-ir-v65ar2-first-match-pipeline-completed/specs/spec.md	5.1 C_ab 与 P_global (per stage per candidate, CAL-only)	openspec/specs/formal-ir-v65ar2-first-match-pipeline/spec.md	yes	no	Included within exact frozen merge scope: Implementation-only: frozen candidate/tier and processing point (§2); additive metadata Phase R (§3); first-match and UNREACHABLE state machine (§4, §9); materialization-only Stage0 and fake-tested Stage1 estimator/rate semantics (§5-6); TEST identity-only/report guards (§7-8); decoder-free, additive no-overwrite, and run_01 guards (§10-11). Exclude raw production execution, Stage2/TEST32 result claims, qualification, and promotion.
formal-ir-v65ar2-first-match-pipeline	openspec/changes/archive/2026-10-04-formal-ir-v65ar2-first-match-pipeline-completed/specs/spec.md	5.2 层级先验与熵/CE (CAL 描述性 + VAL 门禁性，链式双校验)	openspec/specs/formal-ir-v65ar2-first-match-pipeline/spec.md	yes	no	Included within exact frozen merge scope: Implementation-only: frozen candidate/tier and processing point (§2); additive metadata Phase R (§3); first-match and UNREACHABLE state machine (§4, §9); materialization-only Stage0 and fake-tested Stage1 estimator/rate semantics (§5-6); TEST identity-only/report guards (§7-8); decoder-free, additive no-overwrite, and run_01 guards (§10-11). Exclude raw production execution, Stage2/TEST32 result claims, qualification, and promotion.
formal-ir-v65ar2-first-match-pipeline	openspec/changes/archive/2026-10-04-formal-ir-v65ar2-first-match-pipeline-completed/specs/spec.md	5.3 λ 搜索 (预注册, 不扩网格, 触界→MODEL_NOT_STABLE)	openspec/specs/formal-ir-v65ar2-first-match-pipeline/spec.md	yes	no	Included within exact frozen merge scope: Implementation-only: frozen candidate/tier and processing point (§2); additive metadata Phase R (§3); first-match and UNREACHABLE state machine (§4, §9); materialization-only Stage0 and fake-tested Stage1 estimator/rate semantics (§5-6); TEST identity-only/report guards (§7-8); decoder-free, additive no-overwrite, and run_01 guards (§10-11). Exclude raw production execution, Stage2/TEST32 result claims, qualification, and promotion.
formal-ir-v65ar2-first-match-pipeline	openspec/changes/archive/2026-10-04-formal-ir-v65ar2-first-match-pipeline-completed/specs/spec.md	6. 速率分支 — m_req 不 cap 显式语义（非候选失败）	openspec/specs/formal-ir-v65ar2-first-match-pipeline/spec.md	yes	no	Included within exact frozen merge scope: Implementation-only: frozen candidate/tier and processing point (§2); additive metadata Phase R (§3); first-match and UNREACHABLE state machine (§4, §9); materialization-only Stage0 and fake-tested Stage1 estimator/rate semantics (§5-6); TEST identity-only/report guards (§7-8); decoder-free, additive no-overwrite, and run_01 guards (§10-11). Exclude raw production execution, Stage2/TEST32 result claims, qualification, and promotion.
formal-ir-v65ar2-first-match-pipeline	openspec/changes/archive/2026-10-04-formal-ir-v65ar2-first-match-pipeline-completed/specs/spec.md	7. 每阶段报告 (per stage, TEST 仅 identity)	openspec/specs/formal-ir-v65ar2-first-match-pipeline/spec.md	yes	no	Included within exact frozen merge scope: Implementation-only: frozen candidate/tier and processing point (§2); additive metadata Phase R (§3); first-match and UNREACHABLE state machine (§4, §9); materialization-only Stage0 and fake-tested Stage1 estimator/rate semantics (§5-6); TEST identity-only/report guards (§7-8); decoder-free, additive no-overwrite, and run_01 guards (§10-11). Exclude raw production execution, Stage2/TEST32 result claims, qualification, and promotion.
formal-ir-v65ar2-first-match-pipeline	openspec/changes/archive/2026-10-04-formal-ir-v65ar2-first-match-pipeline-completed/specs/spec.md	8. 门禁 G1-8 (per candidate per stage 独立, 预注册阈, 不平均)	openspec/specs/formal-ir-v65ar2-first-match-pipeline/spec.md	yes	no	Included within exact frozen merge scope: Implementation-only: frozen candidate/tier and processing point (§2); additive metadata Phase R (§3); first-match and UNREACHABLE state machine (§4, §9); materialization-only Stage0 and fake-tested Stage1 estimator/rate semantics (§5-6); TEST identity-only/report guards (§7-8); decoder-free, additive no-overwrite, and run_01 guards (§10-11). Exclude raw production execution, Stage2/TEST32 result claims, qualification, and promotion.
formal-ir-v65ar2-first-match-pipeline	openspec/changes/archive/2026-10-04-formal-ir-v65ar2-first-match-pipeline-completed/specs/spec.md	9. 总体终态与 UNREACHABLE 语义	openspec/specs/formal-ir-v65ar2-first-match-pipeline/spec.md	yes	no	Included within exact frozen merge scope: Implementation-only: frozen candidate/tier and processing point (§2); additive metadata Phase R (§3); first-match and UNREACHABLE state machine (§4, §9); materialization-only Stage0 and fake-tested Stage1 estimator/rate semantics (§5-6); TEST identity-only/report guards (§7-8); decoder-free, additive no-overwrite, and run_01 guards (§10-11). Exclude raw production execution, Stage2/TEST32 result claims, qualification, and promotion.
formal-ir-v65ar2-first-match-pipeline	openspec/changes/archive/2026-10-04-formal-ir-v65ar2-first-match-pipeline-completed/specs/spec.md	10. 脚本与证据写出 (预冻结, decoder-free)	openspec/specs/formal-ir-v65ar2-first-match-pipeline/spec.md	yes	no	Included within exact frozen merge scope: Implementation-only: frozen candidate/tier and processing point (§2); additive metadata Phase R (§3); first-match and UNREACHABLE state machine (§4, §9); materialization-only Stage0 and fake-tested Stage1 estimator/rate semantics (§5-6); TEST identity-only/report guards (§7-8); decoder-free, additive no-overwrite, and run_01 guards (§10-11). Exclude raw production execution, Stage2/TEST32 result claims, qualification, and promotion.
formal-ir-v65ar2-first-match-pipeline	openspec/changes/archive/2026-10-04-formal-ir-v65ar2-first-match-pipeline-completed/specs/spec.md	11. 守卫与验收	openspec/specs/formal-ir-v65ar2-first-match-pipeline/spec.md	yes	no	Included within exact frozen merge scope: Implementation-only: frozen candidate/tier and processing point (§2); additive metadata Phase R (§3); first-match and UNREACHABLE state machine (§4, §9); materialization-only Stage0 and fake-tested Stage1 estimator/rate semantics (§5-6); TEST identity-only/report guards (§7-8); decoder-free, additive no-overwrite, and run_01 guards (§10-11). Exclude raw production execution, Stage2/TEST32 result claims, qualification, and promotion.
formal-ir-v67-multisession-feasibility-map	openspec/changes/archive/2026-10-04-formal-ir-v67-multisession-feasibility-map-completed/specs/spec.md	1. 变更类型与生命周期	openspec/specs/formal-ir-v67-multisession-feasibility-map/spec.md	no	yes	Omitted by exact frozen merge scope: Bounded decoder-free multisession feasibility map only: spec §§3-10, including acquisition/session registry, strict V56 input, Stage0/Stage1/Stage2 CAL/VAL map, five-way classifications, report/table, and R67-01..R67-10 guards. No decoder execution, qualification, promotion, or broader route conclusion.
formal-ir-v67-multisession-feasibility-map	openspec/changes/archive/2026-10-04-formal-ir-v67-multisession-feasibility-map-completed/specs/spec.md	2. 冻结方法（主体完全冻结，V67 零改，多 session）	openspec/specs/formal-ir-v67-multisession-feasibility-map/spec.md	no	yes	Omitted by exact frozen merge scope: Bounded decoder-free multisession feasibility map only: spec §§3-10, including acquisition/session registry, strict V56 input, Stage0/Stage1/Stage2 CAL/VAL map, five-way classifications, report/table, and R67-01..R67-10 guards. No decoder execution, qualification, promotion, or broader route conclusion.
formal-ir-v67-multisession-feasibility-map	openspec/changes/archive/2026-10-04-formal-ir-v67-multisession-feasibility-map-completed/specs/spec.md	2.1 主体不变量（V64 完全冻结，V67 零改，22/24 PASS）	openspec/specs/formal-ir-v67-multisession-feasibility-map/spec.md	no	yes	Omitted by exact frozen merge scope: Bounded decoder-free multisession feasibility map only: spec §§3-10, including acquisition/session registry, strict V56 input, Stage0/Stage1/Stage2 CAL/VAL map, five-way classifications, report/table, and R67-01..R67-10 guards. No decoder execution, qualification, promotion, or broader route conclusion.
formal-ir-v67-multisession-feasibility-map	openspec/changes/archive/2026-10-04-formal-ir-v67-multisession-feasibility-map-completed/specs/spec.md	2.2 处理点与物化单点冻结	openspec/specs/formal-ir-v67-multisession-feasibility-map/spec.md	no	yes	Omitted by exact frozen merge scope: Bounded decoder-free multisession feasibility map only: spec §§3-10, including acquisition/session registry, strict V56 input, Stage0/Stage1/Stage2 CAL/VAL map, five-way classifications, report/table, and R67-01..R67-10 guards. No decoder execution, qualification, promotion, or broader route conclusion.
formal-ir-v67-multisession-feasibility-map	openspec/changes/archive/2026-10-04-formal-ir-v67-multisession-feasibility-map-completed/specs/spec.md	2.3 禁止	openspec/specs/formal-ir-v67-multisession-feasibility-map/spec.md	no	yes	Omitted by exact frozen merge scope: Bounded decoder-free multisession feasibility map only: spec §§3-10, including acquisition/session registry, strict V56 input, Stage0/Stage1/Stage2 CAL/VAL map, five-way classifications, report/table, and R67-01..R67-10 guards. No decoder execution, qualification, promotion, or broader route conclusion.
formal-ir-v67-multisession-feasibility-map	openspec/changes/archive/2026-10-04-formal-ir-v67-multisession-feasibility-map-completed/specs/spec.md	3. Phase A — 数据角色 (acquisition 去重 ≤9，每类≤3 机械)	openspec/specs/formal-ir-v67-multisession-feasibility-map/spec.md	yes	no	Included within exact frozen merge scope: Bounded decoder-free multisession feasibility map only: spec §§3-10, including acquisition/session registry, strict V56 input, Stage0/Stage1/Stage2 CAL/VAL map, five-way classifications, report/table, and R67-01..R67-10 guards. No decoder execution, qualification, promotion, or broader route conclusion.
formal-ir-v67-multisession-feasibility-map	openspec/changes/archive/2026-10-04-formal-ir-v67-multisession-feasibility-map-completed/specs/spec.md	3.1 角色与零重叠（键为 `(source,session,frame)` + `(source_label, acquisition_id)` 去重）	openspec/specs/formal-ir-v67-multisession-feasibility-map/spec.md	yes	no	Included within exact frozen merge scope: Bounded decoder-free multisession feasibility map only: spec §§3-10, including acquisition/session registry, strict V56 input, Stage0/Stage1/Stage2 CAL/VAL map, five-way classifications, report/table, and R67-01..R67-10 guards. No decoder execution, qualification, promotion, or broader route conclusion.
formal-ir-v67-multisession-feasibility-map	openspec/changes/archive/2026-10-04-formal-ir-v67-multisession-feasibility-map-completed/specs/spec.md	3.2 数据就绪门	openspec/specs/formal-ir-v67-multisession-feasibility-map/spec.md	yes	no	Included within exact frozen merge scope: Bounded decoder-free multisession feasibility map only: spec §§3-10, including acquisition/session registry, strict V56 input, Stage0/Stage1/Stage2 CAL/VAL map, five-way classifications, report/table, and R67-01..R67-10 guards. No decoder execution, qualification, promotion, or broader route conclusion.
formal-ir-v67-multisession-feasibility-map	openspec/changes/archive/2026-10-04-formal-ir-v67-multisession-feasibility-map-completed/specs/spec.md	4. Phase B — 输入合同 strict V56 (U=32*U1+U2 5+5 不GE)	openspec/specs/formal-ir-v67-multisession-feasibility-map/spec.md	yes	no	Included within exact frozen merge scope: Bounded decoder-free multisession feasibility map only: spec §§3-10, including acquisition/session registry, strict V56 input, Stage0/Stage1/Stage2 CAL/VAL map, five-way classifications, report/table, and R67-01..R67-10 guards. No decoder execution, qualification, promotion, or broader route conclusion.
formal-ir-v67-multisession-feasibility-map	openspec/changes/archive/2026-10-04-formal-ir-v67-multisession-feasibility-map-completed/specs/spec.md	5. Phase C/D/E — 分阶段估计 (Stage0 8 + Stage1 256/128 + Stage2 1024/256 不重叠重新独立估计，TEST不读)	openspec/specs/formal-ir-v67-multisession-feasibility-map/spec.md	yes	no	Included within exact frozen merge scope: Bounded decoder-free multisession feasibility map only: spec §§3-10, including acquisition/session registry, strict V56 input, Stage0/Stage1/Stage2 CAL/VAL map, five-way classifications, report/table, and R67-01..R67-10 guards. No decoder execution, qualification, promotion, or broader route conclusion.
formal-ir-v67-multisession-feasibility-map	openspec/changes/archive/2026-10-04-formal-ir-v67-multisession-feasibility-map-completed/specs/spec.md	5.1 C_ab 与 P_global (CAL-only per stage per session)	openspec/specs/formal-ir-v67-multisession-feasibility-map/spec.md	yes	no	Included within exact frozen merge scope: Bounded decoder-free multisession feasibility map only: spec §§3-10, including acquisition/session registry, strict V56 input, Stage0/Stage1/Stage2 CAL/VAL map, five-way classifications, report/table, and R67-01..R67-10 guards. No decoder execution, qualification, promotion, or broader route conclusion.
formal-ir-v67-multisession-feasibility-map	openspec/changes/archive/2026-10-04-formal-ir-v67-multisession-feasibility-map-completed/specs/spec.md	5.2 层级先验与熵/CE (CAL 描述性 + VAL 门禁性，链式，TEST隔离)	openspec/specs/formal-ir-v67-multisession-feasibility-map/spec.md	yes	no	Included within exact frozen merge scope: Bounded decoder-free multisession feasibility map only: spec §§3-10, including acquisition/session registry, strict V56 input, Stage0/Stage1/Stage2 CAL/VAL map, five-way classifications, report/table, and R67-01..R67-10 guards. No decoder execution, qualification, promotion, or broader route conclusion.
formal-ir-v67-multisession-feasibility-map	openspec/changes/archive/2026-10-04-formal-ir-v67-multisession-feasibility-map-completed/specs/spec.md	6. Phase F — 五分流与总体 (per session + overall)	openspec/specs/formal-ir-v67-multisession-feasibility-map/spec.md	yes	no	Included within exact frozen merge scope: Bounded decoder-free multisession feasibility map only: spec §§3-10, including acquisition/session registry, strict V56 input, Stage0/Stage1/Stage2 CAL/VAL map, five-way classifications, report/table, and R67-01..R67-10 guards. No decoder execution, qualification, promotion, or broader route conclusion.
formal-ir-v67-multisession-feasibility-map	openspec/changes/archive/2026-10-04-formal-ir-v67-multisession-feasibility-map-completed/specs/spec.md	6.1 五分流（per session，优先级高→低，互斥）	openspec/specs/formal-ir-v67-multisession-feasibility-map/spec.md	yes	no	Included within exact frozen merge scope: Bounded decoder-free multisession feasibility map only: spec §§3-10, including acquisition/session registry, strict V56 input, Stage0/Stage1/Stage2 CAL/VAL map, five-way classifications, report/table, and R67-01..R67-10 guards. No decoder execution, qualification, promotion, or broader route conclusion.
formal-ir-v67-multisession-feasibility-map	openspec/changes/archive/2026-10-04-formal-ir-v67-multisession-feasibility-map-completed/specs/spec.md	6.2 总体	openspec/specs/formal-ir-v67-multisession-feasibility-map/spec.md	yes	no	Included within exact frozen merge scope: Bounded decoder-free multisession feasibility map only: spec §§3-10, including acquisition/session registry, strict V56 input, Stage0/Stage1/Stage2 CAL/VAL map, five-way classifications, report/table, and R67-01..R67-10 guards. No decoder execution, qualification, promotion, or broader route conclusion.
formal-ir-v67-multisession-feasibility-map	openspec/changes/archive/2026-10-04-formal-ir-v67-multisession-feasibility-map-completed/specs/spec.md	7. Phase G — 报告与表 (per session 表含 session/CE/lambda/gap/unseen/m/raw/classification/successor)	openspec/specs/formal-ir-v67-multisession-feasibility-map/spec.md	yes	no	Included within exact frozen merge scope: Bounded decoder-free multisession feasibility map only: spec §§3-10, including acquisition/session registry, strict V56 input, Stage0/Stage1/Stage2 CAL/VAL map, five-way classifications, report/table, and R67-01..R67-10 guards. No decoder execution, qualification, promotion, or broader route conclusion.
formal-ir-v67-multisession-feasibility-map	openspec/changes/archive/2026-10-04-formal-ir-v67-multisession-feasibility-map-completed/specs/spec.md	8. 守卫 R67-01~10	openspec/specs/formal-ir-v67-multisession-feasibility-map/spec.md	yes	no	Included within exact frozen merge scope: Bounded decoder-free multisession feasibility map only: spec §§3-10, including acquisition/session registry, strict V56 input, Stage0/Stage1/Stage2 CAL/VAL map, five-way classifications, report/table, and R67-01..R67-10 guards. No decoder execution, qualification, promotion, or broader route conclusion.
formal-ir-v67-multisession-feasibility-map	openspec/changes/archive/2026-10-04-formal-ir-v67-multisession-feasibility-map-completed/specs/spec.md	9. 脚本与证据写出 (预冻结，decoder-free)	openspec/specs/formal-ir-v67-multisession-feasibility-map/spec.md	yes	no	Included within exact frozen merge scope: Bounded decoder-free multisession feasibility map only: spec §§3-10, including acquisition/session registry, strict V56 input, Stage0/Stage1/Stage2 CAL/VAL map, five-way classifications, report/table, and R67-01..R67-10 guards. No decoder execution, qualification, promotion, or broader route conclusion.
formal-ir-v67-multisession-feasibility-map	openspec/changes/archive/2026-10-04-formal-ir-v67-multisession-feasibility-map-completed/specs/spec.md	10. 验收	openspec/specs/formal-ir-v67-multisession-feasibility-map/spec.md	yes	no	Included within exact frozen merge scope: Bounded decoder-free multisession feasibility map only: spec §§3-10, including acquisition/session registry, strict V56 input, Stage0/Stage1/Stage2 CAL/VAL map, five-way classifications, report/table, and R67-01..R67-10 guards. No decoder execution, qualification, promotion, or broader route conclusion.
formal-ir-v68-balanced-gf32-bit-partition	openspec/changes/archive/2026-10-04-formal-ir-v68-balanced-gf32-bit-partition-completed/specs/spec.md	1. 变更类型与生命周期	openspec/specs/formal-ir-v68-balanced-gf32-bit-partition/spec.md	no	yes	Omitted by exact frozen merge scope: Bounded decoder-free balanced partition map and accepted V68_OVERALL_STILL_HEAVY outcome only: R68-01..R68-10 and spec §§3,5-8. Exclude matrix construction, decoder execution, qualification, promotion, and any successor GF32 route.
formal-ir-v68-balanced-gf32-bit-partition	openspec/changes/archive/2026-10-04-formal-ir-v68-balanced-gf32-bit-partition-completed/specs/spec.md	2. 冻结方法（主体完全冻结，V68 零改，仅 S 重标记）	openspec/specs/formal-ir-v68-balanced-gf32-bit-partition/spec.md	no	yes	Omitted by exact frozen merge scope: Bounded decoder-free balanced partition map and accepted V68_OVERALL_STILL_HEAVY outcome only: R68-01..R68-10 and spec §§3,5-8. Exclude matrix construction, decoder execution, qualification, promotion, and any successor GF32 route.
formal-ir-v68-balanced-gf32-bit-partition	openspec/changes/archive/2026-10-04-formal-ir-v68-balanced-gf32-bit-partition-completed/specs/spec.md	2.1 主体不变量（V64 完全冻结，V67 零改，V68 仅 S）	openspec/specs/formal-ir-v68-balanced-gf32-bit-partition/spec.md	no	yes	Omitted by exact frozen merge scope: Bounded decoder-free balanced partition map and accepted V68_OVERALL_STILL_HEAVY outcome only: R68-01..R68-10 and spec §§3,5-8. Exclude matrix construction, decoder execution, qualification, promotion, and any successor GF32 route.
formal-ir-v68-balanced-gf32-bit-partition	openspec/changes/archive/2026-10-04-formal-ir-v68-balanced-gf32-bit-partition-completed/specs/spec.md	2.2 处理点与物化单点冻结	openspec/specs/formal-ir-v68-balanced-gf32-bit-partition/spec.md	no	yes	Omitted by exact frozen merge scope: Bounded decoder-free balanced partition map and accepted V68_OVERALL_STILL_HEAVY outcome only: R68-01..R68-10 and spec §§3,5-8. Exclude matrix construction, decoder execution, qualification, promotion, and any successor GF32 route.
formal-ir-v68-balanced-gf32-bit-partition	openspec/changes/archive/2026-10-04-formal-ir-v68-balanced-gf32-bit-partition-completed/specs/spec.md	2.3 禁止	openspec/specs/formal-ir-v68-balanced-gf32-bit-partition/spec.md	no	yes	Omitted by exact frozen merge scope: Bounded decoder-free balanced partition map and accepted V68_OVERALL_STILL_HEAVY outcome only: R68-01..R68-10 and spec §§3,5-8. Exclude matrix construction, decoder execution, qualification, promotion, and any successor GF32 route.
formal-ir-v68-balanced-gf32-bit-partition	openspec/changes/archive/2026-10-04-formal-ir-v68-balanced-gf32-bit-partition-completed/specs/spec.md	3. Phase A — 数据角色 (V67 Stage2 复用，252枚举前置)	openspec/specs/formal-ir-v68-balanced-gf32-bit-partition/spec.md	yes	no	Included within exact frozen merge scope: Bounded decoder-free balanced partition map and accepted V68_OVERALL_STILL_HEAVY outcome only: R68-01..R68-10 and spec §§3,5-8. Exclude matrix construction, decoder execution, qualification, promotion, and any successor GF32 route.
formal-ir-v68-balanced-gf32-bit-partition	openspec/changes/archive/2026-10-04-formal-ir-v68-balanced-gf32-bit-partition-completed/specs/spec.md	3.1 角色与零重叠（键 `(source,session,frame)` 复用）	openspec/specs/formal-ir-v68-balanced-gf32-bit-partition/spec.md	yes	no	Included within exact frozen merge scope: Bounded decoder-free balanced partition map and accepted V68_OVERALL_STILL_HEAVY outcome only: R68-01..R68-10 and spec §§3,5-8. Exclude matrix construction, decoder execution, qualification, promotion, and any successor GF32 route.
formal-ir-v68-balanced-gf32-bit-partition	openspec/changes/archive/2026-10-04-formal-ir-v68-balanced-gf32-bit-partition-completed/specs/spec.md	3.2 数据就绪门	openspec/specs/formal-ir-v68-balanced-gf32-bit-partition/spec.md	yes	no	Included within exact frozen merge scope: Bounded decoder-free balanced partition map and accepted V68_OVERALL_STILL_HEAVY outcome only: R68-01..R68-10 and spec §§3,5-8. Exclude matrix construction, decoder execution, qualification, promotion, and any successor GF32 route.
formal-ir-v68-balanced-gf32-bit-partition	openspec/changes/archive/2026-10-04-formal-ir-v68-balanced-gf32-bit-partition-completed/specs/spec.md	4. Phase B — 输入合同 strict V56 (仅 S 重标记)	openspec/specs/formal-ir-v68-balanced-gf32-bit-partition/spec.md	no	yes	Omitted by exact frozen merge scope: Bounded decoder-free balanced partition map and accepted V68_OVERALL_STILL_HEAVY outcome only: R68-01..R68-10 and spec §§3,5-8. Exclude matrix construction, decoder execution, qualification, promotion, and any successor GF32 route.
formal-ir-v68-balanced-gf32-bit-partition	openspec/changes/archive/2026-10-04-formal-ir-v68-balanced-gf32-bit-partition-completed/specs/spec.md	5. Phase C/D — 枚举估计与两阶段选优 (252× CAL 4-fold + VAL确认，TEST不读)	openspec/specs/formal-ir-v68-balanced-gf32-bit-partition/spec.md	yes	no	Included within exact frozen merge scope: Bounded decoder-free balanced partition map and accepted V68_OVERALL_STILL_HEAVY outcome only: R68-01..R68-10 and spec §§3,5-8. Exclude matrix construction, decoder execution, qualification, promotion, and any successor GF32 route.
formal-ir-v68-balanced-gf32-bit-partition	openspec/changes/archive/2026-10-04-formal-ir-v68-balanced-gf32-bit-partition-completed/specs/spec.md	5.1 C_ab 与 P_global (CAL-only per S per session)	openspec/specs/formal-ir-v68-balanced-gf32-bit-partition/spec.md	yes	no	Included within exact frozen merge scope: Bounded decoder-free balanced partition map and accepted V68_OVERALL_STILL_HEAVY outcome only: R68-01..R68-10 and spec §§3,5-8. Exclude matrix construction, decoder execution, qualification, promotion, and any successor GF32 route.
formal-ir-v68-balanced-gf32-bit-partition	openspec/changes/archive/2026-10-04-formal-ir-v68-balanced-gf32-bit-partition-completed/specs/spec.md	5.2 层级先验与熵/CE (CAL 描述性 + VAL 门禁性，链式，TEST隔离，CAL-only 择优)	openspec/specs/formal-ir-v68-balanced-gf32-bit-partition/spec.md	yes	no	Included within exact frozen merge scope: Bounded decoder-free balanced partition map and accepted V68_OVERALL_STILL_HEAVY outcome only: R68-01..R68-10 and spec §§3,5-8. Exclude matrix construction, decoder execution, qualification, promotion, and any successor GF32 route.
formal-ir-v68-balanced-gf32-bit-partition	openspec/changes/archive/2026-10-04-formal-ir-v68-balanced-gf32-bit-partition-completed/specs/spec.md	6. Phase E — 分流与总体 (per-session 4分流 + 总体3态 + common审计)	openspec/specs/formal-ir-v68-balanced-gf32-bit-partition/spec.md	yes	no	Included within exact frozen merge scope: Bounded decoder-free balanced partition map and accepted V68_OVERALL_STILL_HEAVY outcome only: R68-01..R68-10 and spec §§3,5-8. Exclude matrix construction, decoder execution, qualification, promotion, and any successor GF32 route.
formal-ir-v68-balanced-gf32-bit-partition	openspec/changes/archive/2026-10-04-formal-ir-v68-balanced-gf32-bit-partition-completed/specs/spec.md	6.1 Per-session 4分流（优先级高→低，互斥）	openspec/specs/formal-ir-v68-balanced-gf32-bit-partition/spec.md	yes	no	Included within exact frozen merge scope: Bounded decoder-free balanced partition map and accepted V68_OVERALL_STILL_HEAVY outcome only: R68-01..R68-10 and spec §§3,5-8. Exclude matrix construction, decoder execution, qualification, promotion, and any successor GF32 route.
formal-ir-v68-balanced-gf32-bit-partition	openspec/changes/archive/2026-10-04-formal-ir-v68-balanced-gf32-bit-partition-completed/specs/spec.md	6.2 总体3态 + common审计	openspec/specs/formal-ir-v68-balanced-gf32-bit-partition/spec.md	yes	no	Included within exact frozen merge scope: Bounded decoder-free balanced partition map and accepted V68_OVERALL_STILL_HEAVY outcome only: R68-01..R68-10 and spec §§3,5-8. Exclude matrix construction, decoder execution, qualification, promotion, and any successor GF32 route.
formal-ir-v68-balanced-gf32-bit-partition	openspec/changes/archive/2026-10-04-formal-ir-v68-balanced-gf32-bit-partition-completed/specs/spec.md	7. Phase F — 报告与表 (per session 252 + S* + natural + overall 3态 + common审计)	openspec/specs/formal-ir-v68-balanced-gf32-bit-partition/spec.md	yes	no	Included within exact frozen merge scope: Bounded decoder-free balanced partition map and accepted V68_OVERALL_STILL_HEAVY outcome only: R68-01..R68-10 and spec §§3,5-8. Exclude matrix construction, decoder execution, qualification, promotion, and any successor GF32 route.
formal-ir-v68-balanced-gf32-bit-partition	openspec/changes/archive/2026-10-04-formal-ir-v68-balanced-gf32-bit-partition-completed/specs/spec.md	8. 守卫 R68-01~10	openspec/specs/formal-ir-v68-balanced-gf32-bit-partition/spec.md	yes	no	Included within exact frozen merge scope: Bounded decoder-free balanced partition map and accepted V68_OVERALL_STILL_HEAVY outcome only: R68-01..R68-10 and spec §§3,5-8. Exclude matrix construction, decoder execution, qualification, promotion, and any successor GF32 route.
formal-ir-v68-balanced-gf32-bit-partition	openspec/changes/archive/2026-10-04-formal-ir-v68-balanced-gf32-bit-partition-completed/specs/spec.md	9. 脚本与证据写出 (预冻结，decoder-free，不构矩阵)	openspec/specs/formal-ir-v68-balanced-gf32-bit-partition/spec.md	no	yes	Omitted by exact frozen merge scope: Bounded decoder-free balanced partition map and accepted V68_OVERALL_STILL_HEAVY outcome only: R68-01..R68-10 and spec §§3,5-8. Exclude matrix construction, decoder execution, qualification, promotion, and any successor GF32 route.
formal-ir-v68-balanced-gf32-bit-partition	openspec/changes/archive/2026-10-04-formal-ir-v68-balanced-gf32-bit-partition-completed/specs/spec.md	10. 验收	openspec/specs/formal-ir-v68-balanced-gf32-bit-partition/spec.md	no	yes	Omitted by exact frozen merge scope: Bounded decoder-free balanced partition map and accepted V68_OVERALL_STILL_HEAVY outcome only: R68-01..R68-10 and spec §§3,5-8. Exclude matrix construction, decoder execution, qualification, promotion, and any successor GF32 route.
formal-ir-v72p2-val-descriptive-smoke	openspec/changes/archive/2026-10-04-formal-ir-v72p2-val-descriptive-smoke-completed/specs/spec.md	ADDED Requirements	openspec/specs/formal-ir-v72p2-val-descriptive-smoke/spec.md	yes	no	Included within exact frozen merge scope: full bounded smoke delta only, by exact requirements: fixed non-fresh smoke (Scenario: missing seventh frame); actual incremental budget (Scenario: remaining two iterations); current readout (Scenario: nonzero incoming c2v); protocol versus oracle; monotonic public accounting; bounded additive execution; explicit historical timing regression. No algorithm qualification, information-limit, FER/SKR, independent-holdout, or promotion claim.
formal-ir-v72p2-val-descriptive-smoke	openspec/changes/archive/2026-10-04-formal-ir-v72p2-val-descriptive-smoke-completed/specs/spec.md	Requirement: fixed non-fresh smoke	openspec/specs/formal-ir-v72p2-val-descriptive-smoke/spec.md	yes	no	Included within exact frozen merge scope: full bounded smoke delta only, by exact requirements: fixed non-fresh smoke (Scenario: missing seventh frame); actual incremental budget (Scenario: remaining two iterations); current readout (Scenario: nonzero incoming c2v); protocol versus oracle; monotonic public accounting; bounded additive execution; explicit historical timing regression. No algorithm qualification, information-limit, FER/SKR, independent-holdout, or promotion claim.
formal-ir-v72p2-val-descriptive-smoke	openspec/changes/archive/2026-10-04-formal-ir-v72p2-val-descriptive-smoke-completed/specs/spec.md	Scenario: missing seventh frame	openspec/specs/formal-ir-v72p2-val-descriptive-smoke/spec.md	yes	no	Included within exact frozen merge scope: full bounded smoke delta only, by exact requirements: fixed non-fresh smoke (Scenario: missing seventh frame); actual incremental budget (Scenario: remaining two iterations); current readout (Scenario: nonzero incoming c2v); protocol versus oracle; monotonic public accounting; bounded additive execution; explicit historical timing regression. No algorithm qualification, information-limit, FER/SKR, independent-holdout, or promotion claim.
formal-ir-v72p2-val-descriptive-smoke	openspec/changes/archive/2026-10-04-formal-ir-v72p2-val-descriptive-smoke-completed/specs/spec.md	Requirement: actual incremental budget	openspec/specs/formal-ir-v72p2-val-descriptive-smoke/spec.md	yes	no	Included within exact frozen merge scope: full bounded smoke delta only, by exact requirements: fixed non-fresh smoke (Scenario: missing seventh frame); actual incremental budget (Scenario: remaining two iterations); current readout (Scenario: nonzero incoming c2v); protocol versus oracle; monotonic public accounting; bounded additive execution; explicit historical timing regression. No algorithm qualification, information-limit, FER/SKR, independent-holdout, or promotion claim.
formal-ir-v72p2-val-descriptive-smoke	openspec/changes/archive/2026-10-04-formal-ir-v72p2-val-descriptive-smoke-completed/specs/spec.md	Scenario: remaining two iterations	openspec/specs/formal-ir-v72p2-val-descriptive-smoke/spec.md	yes	no	Included within exact frozen merge scope: full bounded smoke delta only, by exact requirements: fixed non-fresh smoke (Scenario: missing seventh frame); actual incremental budget (Scenario: remaining two iterations); current readout (Scenario: nonzero incoming c2v); protocol versus oracle; monotonic public accounting; bounded additive execution; explicit historical timing regression. No algorithm qualification, information-limit, FER/SKR, independent-holdout, or promotion claim.
formal-ir-v72p2-val-descriptive-smoke	openspec/changes/archive/2026-10-04-formal-ir-v72p2-val-descriptive-smoke-completed/specs/spec.md	Requirement: current readout	openspec/specs/formal-ir-v72p2-val-descriptive-smoke/spec.md	yes	no	Included within exact frozen merge scope: full bounded smoke delta only, by exact requirements: fixed non-fresh smoke (Scenario: missing seventh frame); actual incremental budget (Scenario: remaining two iterations); current readout (Scenario: nonzero incoming c2v); protocol versus oracle; monotonic public accounting; bounded additive execution; explicit historical timing regression. No algorithm qualification, information-limit, FER/SKR, independent-holdout, or promotion claim.
formal-ir-v72p2-val-descriptive-smoke	openspec/changes/archive/2026-10-04-formal-ir-v72p2-val-descriptive-smoke-completed/specs/spec.md	Scenario: nonzero incoming c2v	openspec/specs/formal-ir-v72p2-val-descriptive-smoke/spec.md	yes	no	Included within exact frozen merge scope: full bounded smoke delta only, by exact requirements: fixed non-fresh smoke (Scenario: missing seventh frame); actual incremental budget (Scenario: remaining two iterations); current readout (Scenario: nonzero incoming c2v); protocol versus oracle; monotonic public accounting; bounded additive execution; explicit historical timing regression. No algorithm qualification, information-limit, FER/SKR, independent-holdout, or promotion claim.
formal-ir-v72p2-val-descriptive-smoke	openspec/changes/archive/2026-10-04-formal-ir-v72p2-val-descriptive-smoke-completed/specs/spec.md	Requirement: protocol versus oracle	openspec/specs/formal-ir-v72p2-val-descriptive-smoke/spec.md	yes	no	Included within exact frozen merge scope: full bounded smoke delta only, by exact requirements: fixed non-fresh smoke (Scenario: missing seventh frame); actual incremental budget (Scenario: remaining two iterations); current readout (Scenario: nonzero incoming c2v); protocol versus oracle; monotonic public accounting; bounded additive execution; explicit historical timing regression. No algorithm qualification, information-limit, FER/SKR, independent-holdout, or promotion claim.
formal-ir-v72p2-val-descriptive-smoke	openspec/changes/archive/2026-10-04-formal-ir-v72p2-val-descriptive-smoke-completed/specs/spec.md	Requirement: monotonic public accounting	openspec/specs/formal-ir-v72p2-val-descriptive-smoke/spec.md	yes	no	Included within exact frozen merge scope: full bounded smoke delta only, by exact requirements: fixed non-fresh smoke (Scenario: missing seventh frame); actual incremental budget (Scenario: remaining two iterations); current readout (Scenario: nonzero incoming c2v); protocol versus oracle; monotonic public accounting; bounded additive execution; explicit historical timing regression. No algorithm qualification, information-limit, FER/SKR, independent-holdout, or promotion claim.
formal-ir-v72p2-val-descriptive-smoke	openspec/changes/archive/2026-10-04-formal-ir-v72p2-val-descriptive-smoke-completed/specs/spec.md	Requirement: bounded additive execution	openspec/specs/formal-ir-v72p2-val-descriptive-smoke/spec.md	yes	no	Included within exact frozen merge scope: full bounded smoke delta only, by exact requirements: fixed non-fresh smoke (Scenario: missing seventh frame); actual incremental budget (Scenario: remaining two iterations); current readout (Scenario: nonzero incoming c2v); protocol versus oracle; monotonic public accounting; bounded additive execution; explicit historical timing regression. No algorithm qualification, information-limit, FER/SKR, independent-holdout, or promotion claim.
formal-ir-v72p2-val-descriptive-smoke	openspec/changes/archive/2026-10-04-formal-ir-v72p2-val-descriptive-smoke-completed/specs/spec.md	Requirement: explicit historical timing regression	openspec/specs/formal-ir-v72p2-val-descriptive-smoke/spec.md	yes	no	Included within exact frozen merge scope: full bounded smoke delta only, by exact requirements: fixed non-fresh smoke (Scenario: missing seventh frame); actual incremental budget (Scenario: remaining two iterations); current readout (Scenario: nonzero incoming c2v); protocol versus oracle; monotonic public accounting; bounded additive execution; explicit historical timing regression. No algorithm qualification, information-limit, FER/SKR, independent-holdout, or promotion claim.
formal-ir-v72p2d1-parity-layout-diagnostic	openspec/changes/archive/2026-10-04-formal-ir-v72p2d1-parity-layout-diagnostic-completed/specs/spec.md	ADDED Requirements	openspec/specs/formal-ir-v72p2d1-parity-layout-diagnostic/spec.md	no	yes	Omitted by exact frozen merge scope: limited: merge Requirements shared CAL-only prior; frozen decoder and ladder; budget and A-gate-B; scalar-only D1-D8; additive four-file output; S8 baseline and S9 regression boundary. Do not merge Requirement fixed A/B parity layout as written: it embeds the superseded column-permutation graph-isomorphic statement (spec.md:L14-L16), corrected by CORRIGENDUM.md:L13-L20. Result scope stays one non-fresh block, descriptive only.
formal-ir-v72p2d1-parity-layout-diagnostic	openspec/changes/archive/2026-10-04-formal-ir-v72p2d1-parity-layout-diagnostic-completed/specs/spec.md	Requirement: fixed A/B parity layout	openspec/specs/formal-ir-v72p2d1-parity-layout-diagnostic/spec.md	no	yes	Omitted by exact frozen merge scope: limited: merge Requirements shared CAL-only prior; frozen decoder and ladder; budget and A-gate-B; scalar-only D1-D8; additive four-file output; S8 baseline and S9 regression boundary. Do not merge Requirement fixed A/B parity layout as written: it embeds the superseded column-permutation graph-isomorphic statement (spec.md:L14-L16), corrected by CORRIGENDUM.md:L13-L20. Result scope stays one non-fresh block, descriptive only.
formal-ir-v72p2d1-parity-layout-diagnostic	openspec/changes/archive/2026-10-04-formal-ir-v72p2d1-parity-layout-diagnostic-completed/specs/spec.md	Scenario: permuted info column	openspec/specs/formal-ir-v72p2d1-parity-layout-diagnostic/spec.md	no	yes	Omitted by exact frozen merge scope: limited: merge Requirements shared CAL-only prior; frozen decoder and ladder; budget and A-gate-B; scalar-only D1-D8; additive four-file output; S8 baseline and S9 regression boundary. Do not merge Requirement fixed A/B parity layout as written: it embeds the superseded column-permutation graph-isomorphic statement (spec.md:L14-L16), corrected by CORRIGENDUM.md:L13-L20. Result scope stays one non-fresh block, descriptive only.
formal-ir-v72p2d1-parity-layout-diagnostic	openspec/changes/archive/2026-10-04-formal-ir-v72p2d1-parity-layout-diagnostic-completed/specs/spec.md	Requirement: shared CAL-only prior	openspec/specs/formal-ir-v72p2d1-parity-layout-diagnostic/spec.md	no	yes	Omitted by exact frozen merge scope: limited: merge Requirements shared CAL-only prior; frozen decoder and ladder; budget and A-gate-B; scalar-only D1-D8; additive four-file output; S8 baseline and S9 regression boundary. Do not merge Requirement fixed A/B parity layout as written: it embeds the superseded column-permutation graph-isomorphic statement (spec.md:L14-L16), corrected by CORRIGENDUM.md:L13-L20. Result scope stays one non-fresh block, descriptive only.
formal-ir-v72p2d1-parity-layout-diagnostic	openspec/changes/archive/2026-10-04-formal-ir-v72p2d1-parity-layout-diagnostic-completed/specs/spec.md	Scenario: prior mismatch	openspec/specs/formal-ir-v72p2d1-parity-layout-diagnostic/spec.md	no	yes	Omitted by exact frozen merge scope: limited: merge Requirements shared CAL-only prior; frozen decoder and ladder; budget and A-gate-B; scalar-only D1-D8; additive four-file output; S8 baseline and S9 regression boundary. Do not merge Requirement fixed A/B parity layout as written: it embeds the superseded column-permutation graph-isomorphic statement (spec.md:L14-L16), corrected by CORRIGENDUM.md:L13-L20. Result scope stays one non-fresh block, descriptive only.
formal-ir-v72p2d1-parity-layout-diagnostic	openspec/changes/archive/2026-10-04-formal-ir-v72p2d1-parity-layout-diagnostic-completed/specs/spec.md	Requirement: frozen decoder and ladder	openspec/specs/formal-ir-v72p2d1-parity-layout-diagnostic/spec.md	no	yes	Omitted by exact frozen merge scope: limited: merge Requirements shared CAL-only prior; frozen decoder and ladder; budget and A-gate-B; scalar-only D1-D8; additive four-file output; S8 baseline and S9 regression boundary. Do not merge Requirement fixed A/B parity layout as written: it embeds the superseded column-permutation graph-isomorphic statement (spec.md:L14-L16), corrected by CORRIGENDUM.md:L13-L20. Result scope stays one non-fresh block, descriptive only.
formal-ir-v72p2d1-parity-layout-diagnostic	openspec/changes/archive/2026-10-04-formal-ir-v72p2d1-parity-layout-diagnostic-completed/specs/spec.md	Scenario: zero remaining budget	openspec/specs/formal-ir-v72p2d1-parity-layout-diagnostic/spec.md	no	yes	Omitted by exact frozen merge scope: limited: merge Requirements shared CAL-only prior; frozen decoder and ladder; budget and A-gate-B; scalar-only D1-D8; additive four-file output; S8 baseline and S9 regression boundary. Do not merge Requirement fixed A/B parity layout as written: it embeds the superseded column-permutation graph-isomorphic statement (spec.md:L14-L16), corrected by CORRIGENDUM.md:L13-L20. Result scope stays one non-fresh block, descriptive only.
formal-ir-v72p2d1-parity-layout-diagnostic	openspec/changes/archive/2026-10-04-formal-ir-v72p2d1-parity-layout-diagnostic-completed/specs/spec.md	Requirement: budget and A-gate-B	openspec/specs/formal-ir-v72p2d1-parity-layout-diagnostic/spec.md	no	yes	Omitted by exact frozen merge scope: limited: merge Requirements shared CAL-only prior; frozen decoder and ladder; budget and A-gate-B; scalar-only D1-D8; additive four-file output; S8 baseline and S9 regression boundary. Do not merge Requirement fixed A/B parity layout as written: it embeds the superseded column-permutation graph-isomorphic statement (spec.md:L14-L16), corrected by CORRIGENDUM.md:L13-L20. Result scope stays one non-fresh block, descriptive only.
formal-ir-v72p2d1-parity-layout-diagnostic	openspec/changes/archive/2026-10-04-formal-ir-v72p2d1-parity-layout-diagnostic-completed/specs/spec.md	Requirement: scalar-only D1-D8	openspec/specs/formal-ir-v72p2d1-parity-layout-diagnostic/spec.md	no	yes	Omitted by exact frozen merge scope: limited: merge Requirements shared CAL-only prior; frozen decoder and ladder; budget and A-gate-B; scalar-only D1-D8; additive four-file output; S8 baseline and S9 regression boundary. Do not merge Requirement fixed A/B parity layout as written: it embeds the superseded column-permutation graph-isomorphic statement (spec.md:L14-L16), corrected by CORRIGENDUM.md:L13-L20. Result scope stays one non-fresh block, descriptive only.
formal-ir-v72p2d1-parity-layout-diagnostic	openspec/changes/archive/2026-10-04-formal-ir-v72p2d1-parity-layout-diagnostic-completed/specs/spec.md	Requirement: additive four-file output	openspec/specs/formal-ir-v72p2d1-parity-layout-diagnostic/spec.md	no	yes	Omitted by exact frozen merge scope: limited: merge Requirements shared CAL-only prior; frozen decoder and ladder; budget and A-gate-B; scalar-only D1-D8; additive four-file output; S8 baseline and S9 regression boundary. Do not merge Requirement fixed A/B parity layout as written: it embeds the superseded column-permutation graph-isomorphic statement (spec.md:L14-L16), corrected by CORRIGENDUM.md:L13-L20. Result scope stays one non-fresh block, descriptive only.
formal-ir-v72p2d1-parity-layout-diagnostic	openspec/changes/archive/2026-10-04-formal-ir-v72p2d1-parity-layout-diagnostic-completed/specs/spec.md	Scenario: existing output dir	openspec/specs/formal-ir-v72p2d1-parity-layout-diagnostic/spec.md	no	yes	Omitted by exact frozen merge scope: limited: merge Requirements shared CAL-only prior; frozen decoder and ladder; budget and A-gate-B; scalar-only D1-D8; additive four-file output; S8 baseline and S9 regression boundary. Do not merge Requirement fixed A/B parity layout as written: it embeds the superseded column-permutation graph-isomorphic statement (spec.md:L14-L16), corrected by CORRIGENDUM.md:L13-L20. Result scope stays one non-fresh block, descriptive only.
formal-ir-v72p2d1-parity-layout-diagnostic	openspec/changes/archive/2026-10-04-formal-ir-v72p2d1-parity-layout-diagnostic-completed/specs/spec.md	Requirement: S8 baseline and S9 regression boundary	openspec/specs/formal-ir-v72p2d1-parity-layout-diagnostic/spec.md	no	yes	Omitted by exact frozen merge scope: limited: merge Requirements shared CAL-only prior; frozen decoder and ladder; budget and A-gate-B; scalar-only D1-D8; additive four-file output; S8 baseline and S9 regression boundary. Do not merge Requirement fixed A/B parity layout as written: it embeds the superseded column-permutation graph-isomorphic statement (spec.md:L14-L16), corrected by CORRIGENDUM.md:L13-L20. Result scope stays one non-fresh block, descriptive only.
formal-ir-v72p2d2-orthogonal-oneblock-triage	openspec/changes/archive/2026-10-04-formal-ir-v72p2d2-orthogonal-oneblock-triage-completed/specs/spec.md	S-ARM：四臂正交性	openspec/specs/formal-ir-v72p2d2-orthogonal-oneblock-triage/spec.md	no	yes	Omitted by exact frozen merge scope: Limited D2/R1 terminal cases only: S-STOP PREP_FAILED and RESOURCE_BLOCKED states plus S-CLAIM descriptive-only/non-fresh/no-promotion boundary. Do not merge successful-arm behavior or any schedule/interleaver/prior route conclusion.
formal-ir-v72p2d2-orthogonal-oneblock-triage	openspec/changes/archive/2026-10-04-formal-ir-v72p2d2-orthogonal-oneblock-triage-completed/specs/spec.md	S-COMMON：输入、更新和状态	openspec/specs/formal-ir-v72p2d2-orthogonal-oneblock-triage/spec.md	no	yes	Omitted by exact frozen merge scope: Limited D2/R1 terminal cases only: S-STOP PREP_FAILED and RESOURCE_BLOCKED states plus S-CLAIM descriptive-only/non-fresh/no-promotion boundary. Do not merge successful-arm behavior or any schedule/interleaver/prior route conclusion.
formal-ir-v72p2d2-orthogonal-oneblock-triage	openspec/changes/archive/2026-10-04-formal-ir-v72p2d2-orthogonal-oneblock-triage-completed/specs/spec.md	S-LAY：layered 数学合同	openspec/specs/formal-ir-v72p2d2-orthogonal-oneblock-triage/spec.md	no	yes	Omitted by exact frozen merge scope: Limited D2/R1 terminal cases only: S-STOP PREP_FAILED and RESOURCE_BLOCKED states plus S-CLAIM descriptive-only/non-fresh/no-promotion boundary. Do not merge successful-arm behavior or any schedule/interleaver/prior route conclusion.
formal-ir-v72p2d2-orthogonal-oneblock-triage	openspec/changes/archive/2026-10-04-formal-ir-v72p2d2-orthogonal-oneblock-triage-completed/specs/spec.md	S-INT：唯一 interleaver	openspec/specs/formal-ir-v72p2d2-orthogonal-oneblock-triage/spec.md	no	yes	Omitted by exact frozen merge scope: Limited D2/R1 terminal cases only: S-STOP PREP_FAILED and RESOURCE_BLOCKED states plus S-CLAIM descriptive-only/non-fresh/no-promotion boundary. Do not merge successful-arm behavior or any schedule/interleaver/prior route conclusion.
formal-ir-v72p2d2-orthogonal-oneblock-triage	openspec/changes/archive/2026-10-04-formal-ir-v72p2d2-orthogonal-oneblock-triage-completed/specs/spec.md	S-M2：prior	openspec/specs/formal-ir-v72p2d2-orthogonal-oneblock-triage/spec.md	no	yes	Omitted by exact frozen merge scope: Limited D2/R1 terminal cases only: S-STOP PREP_FAILED and RESOURCE_BLOCKED states plus S-CLAIM descriptive-only/non-fresh/no-promotion boundary. Do not merge successful-arm behavior or any schedule/interleaver/prior route conclusion.
formal-ir-v72p2d2-orthogonal-oneblock-triage	openspec/changes/archive/2026-10-04-formal-ir-v72p2d2-orthogonal-oneblock-triage-completed/specs/spec.md	S-MET：诊断字段	openspec/specs/formal-ir-v72p2d2-orthogonal-oneblock-triage/spec.md	no	yes	Omitted by exact frozen merge scope: Limited D2/R1 terminal cases only: S-STOP PREP_FAILED and RESOURCE_BLOCKED states plus S-CLAIM descriptive-only/non-fresh/no-promotion boundary. Do not merge successful-arm behavior or any schedule/interleaver/prior route conclusion.
formal-ir-v72p2d2-orthogonal-oneblock-triage	openspec/changes/archive/2026-10-04-formal-ir-v72p2d2-orthogonal-oneblock-triage-completed/specs/spec.md	S-ACCT：公开计费	openspec/specs/formal-ir-v72p2d2-orthogonal-oneblock-triage/spec.md	no	yes	Omitted by exact frozen merge scope: Limited D2/R1 terminal cases only: S-STOP PREP_FAILED and RESOURCE_BLOCKED states plus S-CLAIM descriptive-only/non-fresh/no-promotion boundary. Do not merge successful-arm behavior or any schedule/interleaver/prior route conclusion.
formal-ir-v72p2d2-orthogonal-oneblock-triage	openspec/changes/archive/2026-10-04-formal-ir-v72p2d2-orthogonal-oneblock-triage-completed/specs/spec.md	S-IO：未来实现、执行和 schema	openspec/specs/formal-ir-v72p2d2-orthogonal-oneblock-triage/spec.md	no	yes	Omitted by exact frozen merge scope: Limited D2/R1 terminal cases only: S-STOP PREP_FAILED and RESOURCE_BLOCKED states plus S-CLAIM descriptive-only/non-fresh/no-promotion boundary. Do not merge successful-arm behavior or any schedule/interleaver/prior route conclusion.
formal-ir-v72p2d2-orthogonal-oneblock-triage	openspec/changes/archive/2026-10-04-formal-ir-v72p2d2-orthogonal-oneblock-triage-completed/specs/spec.md	S-STOP：真实执行状态机	openspec/specs/formal-ir-v72p2d2-orthogonal-oneblock-triage/spec.md	no	yes	Omitted by exact frozen merge scope: Limited D2/R1 terminal cases only: S-STOP PREP_FAILED and RESOURCE_BLOCKED states plus S-CLAIM descriptive-only/non-fresh/no-promotion boundary. Do not merge successful-arm behavior or any schedule/interleaver/prior route conclusion.
formal-ir-v72p2d2-orthogonal-oneblock-triage	openspec/changes/archive/2026-10-04-formal-ir-v72p2d2-orthogonal-oneblock-triage-completed/specs/spec.md	S-CLAIM：判别和科学边界	openspec/specs/formal-ir-v72p2d2-orthogonal-oneblock-triage/spec.md	yes	no	Included within exact frozen merge scope: Limited D2/R1 terminal cases only: S-STOP PREP_FAILED and RESOURCE_BLOCKED states plus S-CLAIM descriptive-only/non-fresh/no-promotion boundary. Do not merge successful-arm behavior or any schedule/interleaver/prior route conclusion.
formal-ir-v72p2d2-orthogonal-oneblock-triage	openspec/changes/archive/2026-10-04-formal-ir-v72p2d2-orthogonal-oneblock-triage-completed/specs/spec.md	S-TEST：未来 synthetic 验收	openspec/specs/formal-ir-v72p2d2-orthogonal-oneblock-triage/spec.md	no	yes	Omitted by exact frozen merge scope: Limited D2/R1 terminal cases only: S-STOP PREP_FAILED and RESOURCE_BLOCKED states plus S-CLAIM descriptive-only/non-fresh/no-promotion boundary. Do not merge successful-arm behavior or any schedule/interleaver/prior route conclusion.
formal-ir-v72p2d3-gf32-contrast	openspec/changes/archive/2026-10-04-formal-ir-v72p2d3-gf32-contrast-completed/specs/spec.md	S-ARM：二臂对照	openspec/specs/formal-ir-v72p2d3-gf32-contrast/spec.md	no	yes	Omitted by exact frozen merge scope: Implementation-only prepare-only adapter scope: S-R2 real-input prepare contract and its fail-closed/zero-output stop boundary. Exclude S-GF32 decoder/kernel, production execution, FER/SKR, qualification, and any scientific route conclusion.
formal-ir-v72p2d3-gf32-contrast	openspec/changes/archive/2026-10-04-formal-ir-v72p2d3-gf32-contrast-completed/specs/spec.md	S-COMMON：输入与状态	openspec/specs/formal-ir-v72p2d3-gf32-contrast/spec.md	no	yes	Omitted by exact frozen merge scope: Implementation-only prepare-only adapter scope: S-R2 real-input prepare contract and its fail-closed/zero-output stop boundary. Exclude S-GF32 decoder/kernel, production execution, FER/SKR, qualification, and any scientific route conclusion.
formal-ir-v72p2d3-gf32-contrast	openspec/changes/archive/2026-10-04-formal-ir-v72p2d3-gf32-contrast-completed/specs/spec.md	S-MAP：映射	openspec/specs/formal-ir-v72p2d3-gf32-contrast/spec.md	no	yes	Omitted by exact frozen merge scope: Implementation-only prepare-only adapter scope: S-R2 real-input prepare contract and its fail-closed/zero-output stop boundary. Exclude S-GF32 decoder/kernel, production execution, FER/SKR, qualification, and any scientific route conclusion.
formal-ir-v72p2d3-gf32-contrast	openspec/changes/archive/2026-10-04-formal-ir-v72p2d3-gf32-contrast-completed/specs/spec.md	S-GF32：场、矩阵、decoder（R1–R2 唯一真核）	openspec/specs/formal-ir-v72p2d3-gf32-contrast/spec.md	no	yes	Omitted by exact frozen merge scope: Implementation-only prepare-only adapter scope: S-R2 real-input prepare contract and its fail-closed/zero-output stop boundary. Exclude S-GF32 decoder/kernel, production execution, FER/SKR, qualification, and any scientific route conclusion.
formal-ir-v72p2d3-gf32-contrast	openspec/changes/archive/2026-10-04-formal-ir-v72p2d3-gf32-contrast-completed/specs/spec.md	S-PRIOR：先验	openspec/specs/formal-ir-v72p2d3-gf32-contrast/spec.md	no	yes	Omitted by exact frozen merge scope: Implementation-only prepare-only adapter scope: S-R2 real-input prepare contract and its fail-closed/zero-output stop boundary. Exclude S-GF32 decoder/kernel, production execution, FER/SKR, qualification, and any scientific route conclusion.
formal-ir-v72p2d3-gf32-contrast	openspec/changes/archive/2026-10-04-formal-ir-v72p2d3-gf32-contrast-completed/specs/spec.md	S-ACCT：泄漏与计费	openspec/specs/formal-ir-v72p2d3-gf32-contrast/spec.md	no	yes	Omitted by exact frozen merge scope: Implementation-only prepare-only adapter scope: S-R2 real-input prepare contract and its fail-closed/zero-output stop boundary. Exclude S-GF32 decoder/kernel, production execution, FER/SKR, qualification, and any scientific route conclusion.
formal-ir-v72p2d3-gf32-contrast	openspec/changes/archive/2026-10-04-formal-ir-v72p2d3-gf32-contrast-completed/specs/spec.md	S-IO：未来实现、执行和 schema	openspec/specs/formal-ir-v72p2d3-gf32-contrast/spec.md	no	yes	Omitted by exact frozen merge scope: Implementation-only prepare-only adapter scope: S-R2 real-input prepare contract and its fail-closed/zero-output stop boundary. Exclude S-GF32 decoder/kernel, production execution, FER/SKR, qualification, and any scientific route conclusion.
formal-ir-v72p2d3-gf32-contrast	openspec/changes/archive/2026-10-04-formal-ir-v72p2d3-gf32-contrast-completed/specs/spec.md	S-STOP：预算与状态机	openspec/specs/formal-ir-v72p2d3-gf32-contrast/spec.md	no	yes	Omitted by exact frozen merge scope: Implementation-only prepare-only adapter scope: S-R2 real-input prepare contract and its fail-closed/zero-output stop boundary. Exclude S-GF32 decoder/kernel, production execution, FER/SKR, qualification, and any scientific route conclusion.
formal-ir-v72p2d3-gf32-contrast	openspec/changes/archive/2026-10-04-formal-ir-v72p2d3-gf32-contrast-completed/specs/spec.md	S-CLAIM：判别和边界	openspec/specs/formal-ir-v72p2d3-gf32-contrast/spec.md	no	yes	Omitted by exact frozen merge scope: Implementation-only prepare-only adapter scope: S-R2 real-input prepare contract and its fail-closed/zero-output stop boundary. Exclude S-GF32 decoder/kernel, production execution, FER/SKR, qualification, and any scientific route conclusion.
formal-ir-v72p2d3-gf32-contrast	openspec/changes/archive/2026-10-04-formal-ir-v72p2d3-gf32-contrast-completed/specs/spec.md	S-TEST：未来 synthetic 验收	openspec/specs/formal-ir-v72p2d3-gf32-contrast/spec.md	no	yes	Omitted by exact frozen merge scope: Implementation-only prepare-only adapter scope: S-R2 real-input prepare contract and its fail-closed/zero-output stop boundary. Exclude S-GF32 decoder/kernel, production execution, FER/SKR, qualification, and any scientific route conclusion.
formal-ir-v72p2d3-gf32-contrast	openspec/changes/archive/2026-10-04-formal-ir-v72p2d3-gf32-contrast-completed/specs/spec.md	S-R2：真实输入适配（prepare-only，additive）	openspec/specs/formal-ir-v72p2d3-gf32-contrast/spec.md	yes	no	Included within exact frozen merge scope: Implementation-only prepare-only adapter scope: S-R2 real-input prepare contract and its fail-closed/zero-output stop boundary. Exclude S-GF32 decoder/kernel, production execution, FER/SKR, qualification, and any scientific route conclusion.
formal-ir-v72p2d3-gf32-contrast	openspec/changes/archive/2026-10-04-formal-ir-v72p2d3-gf32-contrast-completed/specs/spec.md	S-R5：数学接口、码率与路线修订（计划状态）	openspec/specs/formal-ir-v72p2d3-gf32-contrast/spec.md	no	yes	Omitted by exact frozen merge scope: Implementation-only prepare-only adapter scope: S-R2 real-input prepare contract and its fail-closed/zero-output stop boundary. Exclude S-GF32 decoder/kernel, production execution, FER/SKR, qualification, and any scientific route conclusion.
formal-ir-v72p2d4-cal-gf32-model-rate-audit	openspec/changes/archive/2026-10-04-formal-ir-v72p2d4-cal-gf32-model-rate-audit-completed/specs/spec.md	S-COMMON：数据与 CV	openspec/specs/formal-ir-v72p2d4-cal-gf32-model-rate-audit/spec.md	yes	no	Included within exact frozen merge scope: Implementation-only audited CAL-only model/rate code and guards: S-COMMON, S-COUNTS, S-MODEL, S-METRIC, S-REPRO, S-SELECT, S-BUDGET, S-ROUTE, and S-STOP as covered by R1/R2 implementation reviews. Do not merge or promote the R1/R2 result interpretation; exclude decoder, qualification, and route claims.
formal-ir-v72p2d4-cal-gf32-model-rate-audit	openspec/changes/archive/2026-10-04-formal-ir-v72p2d4-cal-gf32-model-rate-audit-completed/specs/spec.md	S-COUNTS：canonical 统计与链式	openspec/specs/formal-ir-v72p2d4-cal-gf32-model-rate-audit/spec.md	yes	no	Included within exact frozen merge scope: Implementation-only audited CAL-only model/rate code and guards: S-COMMON, S-COUNTS, S-MODEL, S-METRIC, S-REPRO, S-SELECT, S-BUDGET, S-ROUTE, and S-STOP as covered by R1/R2 implementation reviews. Do not merge or promote the R1/R2 result interpretation; exclude decoder, qualification, and route claims.
formal-ir-v72p2d4-cal-gf32-model-rate-audit	openspec/changes/archive/2026-10-04-formal-ir-v72p2d4-cal-gf32-model-rate-audit-completed/specs/spec.md	S-MODEL：U/G/F/L 闭合 + M3_EXIT_AMBIGUOUS + CIRCULANT_DEFERRED	openspec/specs/formal-ir-v72p2d4-cal-gf32-model-rate-audit/spec.md	yes	no	Included within exact frozen merge scope: Implementation-only audited CAL-only model/rate code and guards: S-COMMON, S-COUNTS, S-MODEL, S-METRIC, S-REPRO, S-SELECT, S-BUDGET, S-ROUTE, and S-STOP as covered by R1/R2 implementation reviews. Do not merge or promote the R1/R2 result interpretation; exclude decoder, qualification, and route claims.
formal-ir-v72p2d4-cal-gf32-model-rate-audit	openspec/changes/archive/2026-10-04-formal-ir-v72p2d4-cal-gf32-model-rate-audit-completed/specs/spec.md	S-METRIC：指标	openspec/specs/formal-ir-v72p2d4-cal-gf32-model-rate-audit/spec.md	yes	no	Included within exact frozen merge scope: Implementation-only audited CAL-only model/rate code and guards: S-COMMON, S-COUNTS, S-MODEL, S-METRIC, S-REPRO, S-SELECT, S-BUDGET, S-ROUTE, and S-STOP as covered by R1/R2 implementation reviews. Do not merge or promote the R1/R2 result interpretation; exclude decoder, qualification, and route claims.
formal-ir-v72p2d4-cal-gf32-model-rate-audit	openspec/changes/archive/2026-10-04-formal-ir-v72p2d4-cal-gf32-model-rate-audit-completed/specs/spec.md	S-REPRO：R5 复现	openspec/specs/formal-ir-v72p2d4-cal-gf32-model-rate-audit/spec.md	yes	no	Included within exact frozen merge scope: Implementation-only audited CAL-only model/rate code and guards: S-COMMON, S-COUNTS, S-MODEL, S-METRIC, S-REPRO, S-SELECT, S-BUDGET, S-ROUTE, and S-STOP as covered by R1/R2 implementation reviews. Do not merge or promote the R1/R2 result interpretation; exclude decoder, qualification, and route claims.
formal-ir-v72p2d4-cal-gf32-model-rate-audit	openspec/changes/archive/2026-10-04-formal-ir-v72p2d4-cal-gf32-model-rate-audit-completed/specs/spec.md	S-SELECT：选择	openspec/specs/formal-ir-v72p2d4-cal-gf32-model-rate-audit/spec.md	yes	no	Included within exact frozen merge scope: Implementation-only audited CAL-only model/rate code and guards: S-COMMON, S-COUNTS, S-MODEL, S-METRIC, S-REPRO, S-SELECT, S-BUDGET, S-ROUTE, and S-STOP as covered by R1/R2 implementation reviews. Do not merge or promote the R1/R2 result interpretation; exclude decoder, qualification, and route claims.
formal-ir-v72p2d4-cal-gf32-model-rate-audit	openspec/changes/archive/2026-10-04-formal-ir-v72p2d4-cal-gf32-model-rate-audit-completed/specs/spec.md	S-BUDGET：预算	openspec/specs/formal-ir-v72p2d4-cal-gf32-model-rate-audit/spec.md	yes	no	Included within exact frozen merge scope: Implementation-only audited CAL-only model/rate code and guards: S-COMMON, S-COUNTS, S-MODEL, S-METRIC, S-REPRO, S-SELECT, S-BUDGET, S-ROUTE, and S-STOP as covered by R1/R2 implementation reviews. Do not merge or promote the R1/R2 result interpretation; exclude decoder, qualification, and route claims.
formal-ir-v72p2d4-cal-gf32-model-rate-audit	openspec/changes/archive/2026-10-04-formal-ir-v72p2d4-cal-gf32-model-rate-audit-completed/specs/spec.md	S-ROUTE：路线	openspec/specs/formal-ir-v72p2d4-cal-gf32-model-rate-audit/spec.md	yes	no	Included within exact frozen merge scope: Implementation-only audited CAL-only model/rate code and guards: S-COMMON, S-COUNTS, S-MODEL, S-METRIC, S-REPRO, S-SELECT, S-BUDGET, S-ROUTE, and S-STOP as covered by R1/R2 implementation reviews. Do not merge or promote the R1/R2 result interpretation; exclude decoder, qualification, and route claims.
formal-ir-v72p2d4-cal-gf32-model-rate-audit	openspec/changes/archive/2026-10-04-formal-ir-v72p2d4-cal-gf32-model-rate-audit-completed/specs/spec.md	S-STOP：边界与停止	openspec/specs/formal-ir-v72p2d4-cal-gf32-model-rate-audit/spec.md	yes	no	Included within exact frozen merge scope: Implementation-only audited CAL-only model/rate code and guards: S-COMMON, S-COUNTS, S-MODEL, S-METRIC, S-REPRO, S-SELECT, S-BUDGET, S-ROUTE, and S-STOP as covered by R1/R2 implementation reviews. Do not merge or promote the R1/R2 result interpretation; exclude decoder, qualification, and route claims.
formal-ir-v72p2d5-model-f-input-preparation	openspec/changes/archive/2026-10-04-formal-ir-v72p2d5-model-f-input-preparation-completed/specs/spec.md	S-MODEL-F-INPUT (artifact)	openspec/specs/formal-ir-v72p2d5-model-f-input-preparation/spec.md	yes	no	Included within exact frozen merge scope: limited implementation/readiness scope: S-MODEL-F-INPUT (S-MF-01..04); S-MODEL-F-BUILD (S-MB-01..03); S-MODEL-F-WRITE (S-MW-01..02); S-MODEL-F-LOAD (S-ML-01..02); S-MODEL-F-RUN (S-MR-01 and only the CAL-only/no-VAL/no-decoder prepare/verify behavior of S-MR-02); S-PATH-01..05; S-MODEL-F-CONSUME S-MC-01..02 and S-TEST-ISOLATION TS01..TS10 only as reviewed implementation-readiness contracts, not production execution. Exclude P0/G1/G2 decoder/performance results and authorization. Do not merge S-SP-01 or the no-real-prepare prohibition in S-MR-02 as written: an authorized CAL prepare+verify was later executed and accepted; amend that lifecycle text before merge.
formal-ir-v72p2d5-model-f-input-preparation	openspec/changes/archive/2026-10-04-formal-ir-v72p2d5-model-f-input-preparation-completed/specs/spec.md	S-MODEL-F-BUILD (builder)	openspec/specs/formal-ir-v72p2d5-model-f-input-preparation/spec.md	yes	no	Included within exact frozen merge scope: limited implementation/readiness scope: S-MODEL-F-INPUT (S-MF-01..04); S-MODEL-F-BUILD (S-MB-01..03); S-MODEL-F-WRITE (S-MW-01..02); S-MODEL-F-LOAD (S-ML-01..02); S-MODEL-F-RUN (S-MR-01 and only the CAL-only/no-VAL/no-decoder prepare/verify behavior of S-MR-02); S-PATH-01..05; S-MODEL-F-CONSUME S-MC-01..02 and S-TEST-ISOLATION TS01..TS10 only as reviewed implementation-readiness contracts, not production execution. Exclude P0/G1/G2 decoder/performance results and authorization. Do not merge S-SP-01 or the no-real-prepare prohibition in S-MR-02 as written: an authorized CAL prepare+verify was later executed and accepted; amend that lifecycle text before merge.
formal-ir-v72p2d5-model-f-input-preparation	openspec/changes/archive/2026-10-04-formal-ir-v72p2d5-model-f-input-preparation-completed/specs/spec.md	S-MODEL-F-WRITE (writer)	openspec/specs/formal-ir-v72p2d5-model-f-input-preparation/spec.md	yes	no	Included within exact frozen merge scope: limited implementation/readiness scope: S-MODEL-F-INPUT (S-MF-01..04); S-MODEL-F-BUILD (S-MB-01..03); S-MODEL-F-WRITE (S-MW-01..02); S-MODEL-F-LOAD (S-ML-01..02); S-MODEL-F-RUN (S-MR-01 and only the CAL-only/no-VAL/no-decoder prepare/verify behavior of S-MR-02); S-PATH-01..05; S-MODEL-F-CONSUME S-MC-01..02 and S-TEST-ISOLATION TS01..TS10 only as reviewed implementation-readiness contracts, not production execution. Exclude P0/G1/G2 decoder/performance results and authorization. Do not merge S-SP-01 or the no-real-prepare prohibition in S-MR-02 as written: an authorized CAL prepare+verify was later executed and accepted; amend that lifecycle text before merge.
formal-ir-v72p2d5-model-f-input-preparation	openspec/changes/archive/2026-10-04-formal-ir-v72p2d5-model-f-input-preparation-completed/specs/spec.md	S-MODEL-F-LOAD (reader)	openspec/specs/formal-ir-v72p2d5-model-f-input-preparation/spec.md	yes	no	Included within exact frozen merge scope: limited implementation/readiness scope: S-MODEL-F-INPUT (S-MF-01..04); S-MODEL-F-BUILD (S-MB-01..03); S-MODEL-F-WRITE (S-MW-01..02); S-MODEL-F-LOAD (S-ML-01..02); S-MODEL-F-RUN (S-MR-01 and only the CAL-only/no-VAL/no-decoder prepare/verify behavior of S-MR-02); S-PATH-01..05; S-MODEL-F-CONSUME S-MC-01..02 and S-TEST-ISOLATION TS01..TS10 only as reviewed implementation-readiness contracts, not production execution. Exclude P0/G1/G2 decoder/performance results and authorization. Do not merge S-SP-01 or the no-real-prepare prohibition in S-MR-02 as written: an authorized CAL prepare+verify was later executed and accepted; amend that lifecycle text before merge.
formal-ir-v72p2d5-model-f-input-preparation	openspec/changes/archive/2026-10-04-formal-ir-v72p2d5-model-f-input-preparation-completed/specs/spec.md	S-MODEL-F-RUN (prepare/verify runner)	openspec/specs/formal-ir-v72p2d5-model-f-input-preparation/spec.md	no	yes	Omitted by exact frozen merge scope: limited implementation/readiness scope: S-MODEL-F-INPUT (S-MF-01..04); S-MODEL-F-BUILD (S-MB-01..03); S-MODEL-F-WRITE (S-MW-01..02); S-MODEL-F-LOAD (S-ML-01..02); S-MODEL-F-RUN (S-MR-01 and only the CAL-only/no-VAL/no-decoder prepare/verify behavior of S-MR-02); S-PATH-01..05; S-MODEL-F-CONSUME S-MC-01..02 and S-TEST-ISOLATION TS01..TS10 only as reviewed implementation-readiness contracts, not production execution. Exclude P0/G1/G2 decoder/performance results and authorization. Do not merge S-SP-01 or the no-real-prepare prohibition in S-MR-02 as written: an authorized CAL prepare+verify was later executed and accepted; amend that lifecycle text before merge.
formal-ir-v72p2d5-model-f-input-preparation	openspec/changes/archive/2026-10-04-formal-ir-v72p2d5-model-f-input-preparation-completed/specs/spec.md	S-MODEL-F-CONSUME (D5)	openspec/specs/formal-ir-v72p2d5-model-f-input-preparation/spec.md	yes	no	Included within exact frozen merge scope: limited implementation/readiness scope: S-MODEL-F-INPUT (S-MF-01..04); S-MODEL-F-BUILD (S-MB-01..03); S-MODEL-F-WRITE (S-MW-01..02); S-MODEL-F-LOAD (S-ML-01..02); S-MODEL-F-RUN (S-MR-01 and only the CAL-only/no-VAL/no-decoder prepare/verify behavior of S-MR-02); S-PATH-01..05; S-MODEL-F-CONSUME S-MC-01..02 and S-TEST-ISOLATION TS01..TS10 only as reviewed implementation-readiness contracts, not production execution. Exclude P0/G1/G2 decoder/performance results and authorization. Do not merge S-SP-01 or the no-real-prepare prohibition in S-MR-02 as written: an authorized CAL prepare+verify was later executed and accepted; amend that lifecycle text before merge.
formal-ir-v72p2d5-model-f-input-preparation	openspec/changes/archive/2026-10-04-formal-ir-v72p2d5-model-f-input-preparation-completed/specs/spec.md	S-PATH (parquet resolution)	openspec/specs/formal-ir-v72p2d5-model-f-input-preparation/spec.md	yes	no	Included within exact frozen merge scope: limited implementation/readiness scope: S-MODEL-F-INPUT (S-MF-01..04); S-MODEL-F-BUILD (S-MB-01..03); S-MODEL-F-WRITE (S-MW-01..02); S-MODEL-F-LOAD (S-ML-01..02); S-MODEL-F-RUN (S-MR-01 and only the CAL-only/no-VAL/no-decoder prepare/verify behavior of S-MR-02); S-PATH-01..05; S-MODEL-F-CONSUME S-MC-01..02 and S-TEST-ISOLATION TS01..TS10 only as reviewed implementation-readiness contracts, not production execution. Exclude P0/G1/G2 decoder/performance results and authorization. Do not merge S-SP-01 or the no-real-prepare prohibition in S-MR-02 as written: an authorized CAL prepare+verify was later executed and accepted; amend that lifecycle text before merge.
formal-ir-v72p2d5-model-f-input-preparation	openspec/changes/archive/2026-10-04-formal-ir-v72p2d5-model-f-input-preparation-completed/specs/spec.md	S-STOP (boundaries)	openspec/specs/formal-ir-v72p2d5-model-f-input-preparation/spec.md	yes	no	Included within exact frozen merge scope: limited implementation/readiness scope: S-MODEL-F-INPUT (S-MF-01..04); S-MODEL-F-BUILD (S-MB-01..03); S-MODEL-F-WRITE (S-MW-01..02); S-MODEL-F-LOAD (S-ML-01..02); S-MODEL-F-RUN (S-MR-01 and only the CAL-only/no-VAL/no-decoder prepare/verify behavior of S-MR-02); S-PATH-01..05; S-MODEL-F-CONSUME S-MC-01..02 and S-TEST-ISOLATION TS01..TS10 only as reviewed implementation-readiness contracts, not production execution. Exclude P0/G1/G2 decoder/performance results and authorization. Do not merge S-SP-01 or the no-real-prepare prohibition in S-MR-02 as written: an authorized CAL prepare+verify was later executed and accepted; amend that lifecycle text before merge.
formal-ir-v72p2d5-model-f-input-preparation	openspec/changes/archive/2026-10-04-formal-ir-v72p2d5-model-f-input-preparation-completed/specs/spec.md	S-TEST-ISOLATION (test-only isolation, lifecycle-independent)	openspec/specs/formal-ir-v72p2d5-model-f-input-preparation/spec.md	yes	no	Included within exact frozen merge scope: limited implementation/readiness scope: S-MODEL-F-INPUT (S-MF-01..04); S-MODEL-F-BUILD (S-MB-01..03); S-MODEL-F-WRITE (S-MW-01..02); S-MODEL-F-LOAD (S-ML-01..02); S-MODEL-F-RUN (S-MR-01 and only the CAL-only/no-VAL/no-decoder prepare/verify behavior of S-MR-02); S-PATH-01..05; S-MODEL-F-CONSUME S-MC-01..02 and S-TEST-ISOLATION TS01..TS10 only as reviewed implementation-readiness contracts, not production execution. Exclude P0/G1/G2 decoder/performance results and authorization. Do not merge S-SP-01 or the no-real-prepare prohibition in S-MR-02 as written: an authorized CAL prepare+verify was later executed and accepted; amend that lifecycle text before merge.
formal-nonbinary-ldpc-v11-sc-de-gate	openspec/changes/archive/2026-10-04-formal-nonbinary-ldpc-v11-sc-de-gate-completed/specs/spec.md	ADDED Requirements	openspec/specs/formal-nonbinary-ldpc-v11-sc-de-gate/spec.md	no	yes	Omitted by exact frozen merge scope: yes, bounded gate/terminal semantics implemented and reviewed
formal-nonbinary-ldpc-v11-sc-de-gate	openspec/changes/archive/2026-10-04-formal-nonbinary-ldpc-v11-sc-de-gate-completed/specs/spec.md	Requirement: Published QSC reference reproduction	openspec/specs/formal-nonbinary-ldpc-v11-sc-de-gate/spec.md	no	yes	Omitted by exact frozen merge scope: yes, bounded gate/terminal semantics implemented and reviewed
formal-nonbinary-ldpc-v11-sc-de-gate	openspec/changes/archive/2026-10-04-formal-nonbinary-ldpc-v11-sc-de-gate-completed/specs/spec.md	Scenario: Reference mismatch	openspec/specs/formal-nonbinary-ldpc-v11-sc-de-gate/spec.md	no	yes	Omitted by exact frozen merge scope: yes, bounded gate/terminal semantics implemented and reviewed
formal-nonbinary-ldpc-v11-sc-de-gate	openspec/changes/archive/2026-10-04-formal-nonbinary-ldpc-v11-sc-de-gate-completed/specs/spec.md	Requirement: Equal-rate coupled control	openspec/specs/formal-nonbinary-ldpc-v11-sc-de-gate/spec.md	no	yes	Omitted by exact frozen merge scope: yes, bounded gate/terminal semantics implemented and reviewed
formal-nonbinary-ldpc-v11-sc-de-gate	openspec/changes/archive/2026-10-04-formal-nonbinary-ldpc-v11-sc-de-gate-completed/specs/spec.md	Scenario: Termination rate mismatch	openspec/specs/formal-nonbinary-ldpc-v11-sc-de-gate/spec.md	no	yes	Omitted by exact frozen merge scope: yes, bounded gate/terminal semantics implemented and reviewed
formal-nonbinary-ldpc-v11-sc-de-gate	openspec/changes/archive/2026-10-04-formal-nonbinary-ldpc-v11-sc-de-gate-completed/specs/spec.md	Requirement: Frozen finite geometry set	openspec/specs/formal-nonbinary-ldpc-v11-sc-de-gate/spec.md	no	yes	Omitted by exact frozen merge scope: yes, bounded gate/terminal semantics implemented and reviewed
formal-nonbinary-ldpc-v11-sc-de-gate	openspec/changes/archive/2026-10-04-formal-nonbinary-ldpc-v11-sc-de-gate-completed/specs/spec.md	Scenario: Result-dependent geometry change	openspec/specs/formal-nonbinary-ldpc-v11-sc-de-gate/spec.md	no	yes	Omitted by exact frozen merge scope: yes, bounded gate/terminal semantics implemented and reviewed
formal-nonbinary-ldpc-v11-sc-de-gate	openspec/changes/archive/2026-10-04-formal-nonbinary-ldpc-v11-sc-de-gate-completed/specs/spec.md	Requirement: Conservative dual gate	openspec/specs/formal-nonbinary-ldpc-v11-sc-de-gate/spec.md	no	yes	Omitted by exact frozen merge scope: yes, bounded gate/terminal semantics implemented and reviewed
formal-nonbinary-ldpc-v11-sc-de-gate	openspec/changes/archive/2026-10-04-formal-nonbinary-ldpc-v11-sc-de-gate-completed/specs/spec.md	Scenario: No geometry passes	openspec/specs/formal-nonbinary-ldpc-v11-sc-de-gate/spec.md	no	yes	Omitted by exact frozen merge scope: yes, bounded gate/terminal semantics implemented and reviewed
formal-nonbinary-ldpc-v11-sc-de-gate	openspec/changes/archive/2026-10-04-formal-nonbinary-ldpc-v11-sc-de-gate-completed/specs/spec.md	Requirement: Authorization boundary	openspec/specs/formal-nonbinary-ldpc-v11-sc-de-gate/spec.md	no	yes	Omitted by exact frozen merge scope: yes, bounded gate/terminal semantics implemented and reviewed
formal-nonbinary-ldpc-v11-sc-de-gate	openspec/changes/archive/2026-10-04-formal-nonbinary-ldpc-v11-sc-de-gate-completed/specs/spec.md	Scenario: Coupled DE passes	openspec/specs/formal-nonbinary-ldpc-v11-sc-de-gate/spec.md	no	yes	Omitted by exact frozen merge scope: yes, bounded gate/terminal semantics implemented and reviewed
formal-nonbinary-ldpc-v13-existing-data-diagnostics	openspec/changes/archive/2026-10-04-formal-nonbinary-ldpc-v13-existing-data-diagnostics-completed/specs/formal-nonbinary-ldpc-v13-existing-data-diagnostics/spec.md	ADDED Requirements	openspec/specs/formal-nonbinary-ldpc-v13-existing-data-diagnostics/spec.md	yes	no	Included within exact frozen merge scope: yes, merge all named ADDED requirements in spec.md: Retrospective evidence is not fresh evidence; Historical facts remain immutable controls; Role ledger and primary stratum are frozen before decode; Alice information is offline-only; Diagnostics must separate channel, interface, and root cause; Diagnostic and candidate test tiers are distinct; Telemetry hook is behavior-equivalent; Candidate routes are one-factor and post-diagnosis only; Development and retrospective gates are diagnostic gates; Outputs and lifecycle are additive and explicit; Declared state set and fresh-acquisition boundary.
formal-nonbinary-ldpc-v13-existing-data-diagnostics	openspec/changes/archive/2026-10-04-formal-nonbinary-ldpc-v13-existing-data-diagnostics-completed/specs/formal-nonbinary-ldpc-v13-existing-data-diagnostics/spec.md	Requirement: Retrospective evidence is not fresh evidence	openspec/specs/formal-nonbinary-ldpc-v13-existing-data-diagnostics/spec.md	yes	no	Included within exact frozen merge scope: yes, merge all named ADDED requirements in spec.md: Retrospective evidence is not fresh evidence; Historical facts remain immutable controls; Role ledger and primary stratum are frozen before decode; Alice information is offline-only; Diagnostics must separate channel, interface, and root cause; Diagnostic and candidate test tiers are distinct; Telemetry hook is behavior-equivalent; Candidate routes are one-factor and post-diagnosis only; Development and retrospective gates are diagnostic gates; Outputs and lifecycle are additive and explicit; Declared state set and fresh-acquisition boundary.
formal-nonbinary-ldpc-v13-existing-data-diagnostics	openspec/changes/archive/2026-10-04-formal-nonbinary-ldpc-v13-existing-data-diagnostics-completed/specs/formal-nonbinary-ldpc-v13-existing-data-diagnostics/spec.md	Scenario: Existing data is reused	openspec/specs/formal-nonbinary-ldpc-v13-existing-data-diagnostics/spec.md	yes	no	Included within exact frozen merge scope: yes, merge all named ADDED requirements in spec.md: Retrospective evidence is not fresh evidence; Historical facts remain immutable controls; Role ledger and primary stratum are frozen before decode; Alice information is offline-only; Diagnostics must separate channel, interface, and root cause; Diagnostic and candidate test tiers are distinct; Telemetry hook is behavior-equivalent; Candidate routes are one-factor and post-diagnosis only; Development and retrospective gates are diagnostic gates; Outputs and lifecycle are additive and explicit; Declared state set and fresh-acquisition boundary.
formal-nonbinary-ldpc-v13-existing-data-diagnostics	openspec/changes/archive/2026-10-04-formal-nonbinary-ldpc-v13-existing-data-diagnostics-completed/specs/formal-nonbinary-ldpc-v13-existing-data-diagnostics/spec.md	Scenario: All diagnostic checks pass	openspec/specs/formal-nonbinary-ldpc-v13-existing-data-diagnostics/spec.md	yes	no	Included within exact frozen merge scope: yes, merge all named ADDED requirements in spec.md: Retrospective evidence is not fresh evidence; Historical facts remain immutable controls; Role ledger and primary stratum are frozen before decode; Alice information is offline-only; Diagnostics must separate channel, interface, and root cause; Diagnostic and candidate test tiers are distinct; Telemetry hook is behavior-equivalent; Candidate routes are one-factor and post-diagnosis only; Development and retrospective gates are diagnostic gates; Outputs and lifecycle are additive and explicit; Declared state set and fresh-acquisition boundary.
formal-nonbinary-ldpc-v13-existing-data-diagnostics	openspec/changes/archive/2026-10-04-formal-nonbinary-ldpc-v13-existing-data-diagnostics-completed/specs/formal-nonbinary-ldpc-v13-existing-data-diagnostics/spec.md	Requirement: Historical facts remain immutable controls	openspec/specs/formal-nonbinary-ldpc-v13-existing-data-diagnostics/spec.md	yes	no	Included within exact frozen merge scope: yes, merge all named ADDED requirements in spec.md: Retrospective evidence is not fresh evidence; Historical facts remain immutable controls; Role ledger and primary stratum are frozen before decode; Alice information is offline-only; Diagnostics must separate channel, interface, and root cause; Diagnostic and candidate test tiers are distinct; Telemetry hook is behavior-equivalent; Candidate routes are one-factor and post-diagnosis only; Development and retrospective gates are diagnostic gates; Outputs and lifecycle are additive and explicit; Declared state set and fresh-acquisition boundary.
formal-nonbinary-ldpc-v13-existing-data-diagnostics	openspec/changes/archive/2026-10-04-formal-nonbinary-ldpc-v13-existing-data-diagnostics-completed/specs/formal-nonbinary-ldpc-v13-existing-data-diagnostics/spec.md	Scenario: Prior failure is interpreted	openspec/specs/formal-nonbinary-ldpc-v13-existing-data-diagnostics/spec.md	yes	no	Included within exact frozen merge scope: yes, merge all named ADDED requirements in spec.md: Retrospective evidence is not fresh evidence; Historical facts remain immutable controls; Role ledger and primary stratum are frozen before decode; Alice information is offline-only; Diagnostics must separate channel, interface, and root cause; Diagnostic and candidate test tiers are distinct; Telemetry hook is behavior-equivalent; Candidate routes are one-factor and post-diagnosis only; Development and retrospective gates are diagnostic gates; Outputs and lifecycle are additive and explicit; Declared state set and fresh-acquisition boundary.
formal-nonbinary-ldpc-v13-existing-data-diagnostics	openspec/changes/archive/2026-10-04-formal-nonbinary-ldpc-v13-existing-data-diagnostics-completed/specs/formal-nonbinary-ldpc-v13-existing-data-diagnostics/spec.md	Requirement: Role ledger and primary stratum are frozen before decode	openspec/specs/formal-nonbinary-ldpc-v13-existing-data-diagnostics/spec.md	yes	no	Included within exact frozen merge scope: yes, merge all named ADDED requirements in spec.md: Retrospective evidence is not fresh evidence; Historical facts remain immutable controls; Role ledger and primary stratum are frozen before decode; Alice information is offline-only; Diagnostics must separate channel, interface, and root cause; Diagnostic and candidate test tiers are distinct; Telemetry hook is behavior-equivalent; Candidate routes are one-factor and post-diagnosis only; Development and retrospective gates are diagnostic gates; Outputs and lifecycle are additive and explicit; Declared state set and fresh-acquisition boundary.
formal-nonbinary-ldpc-v13-existing-data-diagnostics	openspec/changes/archive/2026-10-04-formal-nonbinary-ldpc-v13-existing-data-diagnostics-completed/specs/formal-nonbinary-ldpc-v13-existing-data-diagnostics/spec.md	Scenario: Ambiguous historical role	openspec/specs/formal-nonbinary-ldpc-v13-existing-data-diagnostics/spec.md	yes	no	Included within exact frozen merge scope: yes, merge all named ADDED requirements in spec.md: Retrospective evidence is not fresh evidence; Historical facts remain immutable controls; Role ledger and primary stratum are frozen before decode; Alice information is offline-only; Diagnostics must separate channel, interface, and root cause; Diagnostic and candidate test tiers are distinct; Telemetry hook is behavior-equivalent; Candidate routes are one-factor and post-diagnosis only; Development and retrospective gates are diagnostic gates; Outputs and lifecycle are additive and explicit; Declared state set and fresh-acquisition boundary.
formal-nonbinary-ldpc-v13-existing-data-diagnostics	openspec/changes/archive/2026-10-04-formal-nonbinary-ldpc-v13-existing-data-diagnostics-completed/specs/formal-nonbinary-ldpc-v13-existing-data-diagnostics/spec.md	Requirement: Alice information is offline-only	openspec/specs/formal-nonbinary-ldpc-v13-existing-data-diagnostics/spec.md	yes	no	Included within exact frozen merge scope: yes, merge all named ADDED requirements in spec.md: Retrospective evidence is not fresh evidence; Historical facts remain immutable controls; Role ledger and primary stratum are frozen before decode; Alice information is offline-only; Diagnostics must separate channel, interface, and root cause; Diagnostic and candidate test tiers are distinct; Telemetry hook is behavior-equivalent; Candidate routes are one-factor and post-diagnosis only; Development and retrospective gates are diagnostic gates; Outputs and lifecycle are additive and explicit; Declared state set and fresh-acquisition boundary.
formal-nonbinary-ldpc-v13-existing-data-diagnostics	openspec/changes/archive/2026-10-04-formal-nonbinary-ldpc-v13-existing-data-diagnostics-completed/specs/formal-nonbinary-ldpc-v13-existing-data-diagnostics/spec.md	Scenario: Truth reaches decoder control	openspec/specs/formal-nonbinary-ldpc-v13-existing-data-diagnostics/spec.md	yes	no	Included within exact frozen merge scope: yes, merge all named ADDED requirements in spec.md: Retrospective evidence is not fresh evidence; Historical facts remain immutable controls; Role ledger and primary stratum are frozen before decode; Alice information is offline-only; Diagnostics must separate channel, interface, and root cause; Diagnostic and candidate test tiers are distinct; Telemetry hook is behavior-equivalent; Candidate routes are one-factor and post-diagnosis only; Development and retrospective gates are diagnostic gates; Outputs and lifecycle are additive and explicit; Declared state set and fresh-acquisition boundary.
formal-nonbinary-ldpc-v13-existing-data-diagnostics	openspec/changes/archive/2026-10-04-formal-nonbinary-ldpc-v13-existing-data-diagnostics-completed/specs/formal-nonbinary-ldpc-v13-existing-data-diagnostics/spec.md	Requirement: Diagnostics must separate channel, interface, and root cause	openspec/specs/formal-nonbinary-ldpc-v13-existing-data-diagnostics/spec.md	yes	no	Included within exact frozen merge scope: yes, merge all named ADDED requirements in spec.md: Retrospective evidence is not fresh evidence; Historical facts remain immutable controls; Role ledger and primary stratum are frozen before decode; Alice information is offline-only; Diagnostics must separate channel, interface, and root cause; Diagnostic and candidate test tiers are distinct; Telemetry hook is behavior-equivalent; Candidate routes are one-factor and post-diagnosis only; Development and retrospective gates are diagnostic gates; Outputs and lifecycle are additive and explicit; Declared state set and fresh-acquisition boundary.
formal-nonbinary-ldpc-v13-existing-data-diagnostics	openspec/changes/archive/2026-10-04-formal-nonbinary-ldpc-v13-existing-data-diagnostics-completed/specs/formal-nonbinary-ldpc-v13-existing-data-diagnostics/spec.md	Scenario: Engineering oracle fails	openspec/specs/formal-nonbinary-ldpc-v13-existing-data-diagnostics/spec.md	yes	no	Included within exact frozen merge scope: yes, merge all named ADDED requirements in spec.md: Retrospective evidence is not fresh evidence; Historical facts remain immutable controls; Role ledger and primary stratum are frozen before decode; Alice information is offline-only; Diagnostics must separate channel, interface, and root cause; Diagnostic and candidate test tiers are distinct; Telemetry hook is behavior-equivalent; Candidate routes are one-factor and post-diagnosis only; Development and retrospective gates are diagnostic gates; Outputs and lifecycle are additive and explicit; Declared state set and fresh-acquisition boundary.
formal-nonbinary-ldpc-v13-existing-data-diagnostics	openspec/changes/archive/2026-10-04-formal-nonbinary-ldpc-v13-existing-data-diagnostics-completed/specs/formal-nonbinary-ldpc-v13-existing-data-diagnostics/spec.md	Scenario: Evidence is insufficient	openspec/specs/formal-nonbinary-ldpc-v13-existing-data-diagnostics/spec.md	yes	no	Included within exact frozen merge scope: yes, merge all named ADDED requirements in spec.md: Retrospective evidence is not fresh evidence; Historical facts remain immutable controls; Role ledger and primary stratum are frozen before decode; Alice information is offline-only; Diagnostics must separate channel, interface, and root cause; Diagnostic and candidate test tiers are distinct; Telemetry hook is behavior-equivalent; Candidate routes are one-factor and post-diagnosis only; Development and retrospective gates are diagnostic gates; Outputs and lifecycle are additive and explicit; Declared state set and fresh-acquisition boundary.
formal-nonbinary-ldpc-v13-existing-data-diagnostics	openspec/changes/archive/2026-10-04-formal-nonbinary-ldpc-v13-existing-data-diagnostics-completed/specs/formal-nonbinary-ldpc-v13-existing-data-diagnostics/spec.md	Requirement: Diagnostic and candidate test tiers are distinct	openspec/specs/formal-nonbinary-ldpc-v13-existing-data-diagnostics/spec.md	yes	no	Included within exact frozen merge scope: yes, merge all named ADDED requirements in spec.md: Retrospective evidence is not fresh evidence; Historical facts remain immutable controls; Role ledger and primary stratum are frozen before decode; Alice information is offline-only; Diagnostics must separate channel, interface, and root cause; Diagnostic and candidate test tiers are distinct; Telemetry hook is behavior-equivalent; Candidate routes are one-factor and post-diagnosis only; Development and retrospective gates are diagnostic gates; Outputs and lifecycle are additive and explicit; Declared state set and fresh-acquisition boundary.
formal-nonbinary-ldpc-v13-existing-data-diagnostics	openspec/changes/archive/2026-10-04-formal-nonbinary-ldpc-v13-existing-data-diagnostics-completed/specs/formal-nonbinary-ldpc-v13-existing-data-diagnostics/spec.md	Scenario: Candidate tests run before diagnosis is complete	openspec/specs/formal-nonbinary-ldpc-v13-existing-data-diagnostics/spec.md	yes	no	Included within exact frozen merge scope: yes, merge all named ADDED requirements in spec.md: Retrospective evidence is not fresh evidence; Historical facts remain immutable controls; Role ledger and primary stratum are frozen before decode; Alice information is offline-only; Diagnostics must separate channel, interface, and root cause; Diagnostic and candidate test tiers are distinct; Telemetry hook is behavior-equivalent; Candidate routes are one-factor and post-diagnosis only; Development and retrospective gates are diagnostic gates; Outputs and lifecycle are additive and explicit; Declared state set and fresh-acquisition boundary.
formal-nonbinary-ldpc-v13-existing-data-diagnostics	openspec/changes/archive/2026-10-04-formal-nonbinary-ldpc-v13-existing-data-diagnostics-completed/specs/formal-nonbinary-ldpc-v13-existing-data-diagnostics/spec.md	Requirement: Telemetry hook is behavior-equivalent	openspec/specs/formal-nonbinary-ldpc-v13-existing-data-diagnostics/spec.md	yes	no	Included within exact frozen merge scope: yes, merge all named ADDED requirements in spec.md: Retrospective evidence is not fresh evidence; Historical facts remain immutable controls; Role ledger and primary stratum are frozen before decode; Alice information is offline-only; Diagnostics must separate channel, interface, and root cause; Diagnostic and candidate test tiers are distinct; Telemetry hook is behavior-equivalent; Candidate routes are one-factor and post-diagnosis only; Development and retrospective gates are diagnostic gates; Outputs and lifecycle are additive and explicit; Declared state set and fresh-acquisition boundary.
formal-nonbinary-ldpc-v13-existing-data-diagnostics	openspec/changes/archive/2026-10-04-formal-nonbinary-ldpc-v13-existing-data-diagnostics-completed/specs/formal-nonbinary-ldpc-v13-existing-data-diagnostics/spec.md	Scenario: Hook changes behavior	openspec/specs/formal-nonbinary-ldpc-v13-existing-data-diagnostics/spec.md	yes	no	Included within exact frozen merge scope: yes, merge all named ADDED requirements in spec.md: Retrospective evidence is not fresh evidence; Historical facts remain immutable controls; Role ledger and primary stratum are frozen before decode; Alice information is offline-only; Diagnostics must separate channel, interface, and root cause; Diagnostic and candidate test tiers are distinct; Telemetry hook is behavior-equivalent; Candidate routes are one-factor and post-diagnosis only; Development and retrospective gates are diagnostic gates; Outputs and lifecycle are additive and explicit; Declared state set and fresh-acquisition boundary.
formal-nonbinary-ldpc-v13-existing-data-diagnostics	openspec/changes/archive/2026-10-04-formal-nonbinary-ldpc-v13-existing-data-diagnostics-completed/specs/formal-nonbinary-ldpc-v13-existing-data-diagnostics/spec.md	Requirement: Candidate routes are one-factor and post-diagnosis only	openspec/specs/formal-nonbinary-ldpc-v13-existing-data-diagnostics/spec.md	yes	no	Included within exact frozen merge scope: yes, merge all named ADDED requirements in spec.md: Retrospective evidence is not fresh evidence; Historical facts remain immutable controls; Role ledger and primary stratum are frozen before decode; Alice information is offline-only; Diagnostics must separate channel, interface, and root cause; Diagnostic and candidate test tiers are distinct; Telemetry hook is behavior-equivalent; Candidate routes are one-factor and post-diagnosis only; Development and retrospective gates are diagnostic gates; Outputs and lifecycle are additive and explicit; Declared state set and fresh-acquisition boundary.
formal-nonbinary-ldpc-v13-existing-data-diagnostics	openspec/changes/archive/2026-10-04-formal-nonbinary-ldpc-v13-existing-data-diagnostics-completed/specs/formal-nonbinary-ldpc-v13-existing-data-diagnostics/spec.md	Scenario: Multiple mechanisms are changed	openspec/specs/formal-nonbinary-ldpc-v13-existing-data-diagnostics/spec.md	yes	no	Included within exact frozen merge scope: yes, merge all named ADDED requirements in spec.md: Retrospective evidence is not fresh evidence; Historical facts remain immutable controls; Role ledger and primary stratum are frozen before decode; Alice information is offline-only; Diagnostics must separate channel, interface, and root cause; Diagnostic and candidate test tiers are distinct; Telemetry hook is behavior-equivalent; Candidate routes are one-factor and post-diagnosis only; Development and retrospective gates are diagnostic gates; Outputs and lifecycle are additive and explicit; Declared state set and fresh-acquisition boundary.
formal-nonbinary-ldpc-v13-existing-data-diagnostics	openspec/changes/archive/2026-10-04-formal-nonbinary-ldpc-v13-existing-data-diagnostics-completed/specs/formal-nonbinary-ldpc-v13-existing-data-diagnostics/spec.md	Requirement: Development and retrospective gates are diagnostic gates	openspec/specs/formal-nonbinary-ldpc-v13-existing-data-diagnostics/spec.md	yes	no	Included within exact frozen merge scope: yes, merge all named ADDED requirements in spec.md: Retrospective evidence is not fresh evidence; Historical facts remain immutable controls; Role ledger and primary stratum are frozen before decode; Alice information is offline-only; Diagnostics must separate channel, interface, and root cause; Diagnostic and candidate test tiers are distinct; Telemetry hook is behavior-equivalent; Candidate routes are one-factor and post-diagnosis only; Development and retrospective gates are diagnostic gates; Outputs and lifecycle are additive and explicit; Declared state set and fresh-acquisition boundary.
formal-nonbinary-ldpc-v13-existing-data-diagnostics	openspec/changes/archive/2026-10-04-formal-nonbinary-ldpc-v13-existing-data-diagnostics-completed/specs/formal-nonbinary-ldpc-v13-existing-data-diagnostics/spec.md	Scenario: E01 has zero exact corrections	openspec/specs/formal-nonbinary-ldpc-v13-existing-data-diagnostics/spec.md	yes	no	Included within exact frozen merge scope: yes, merge all named ADDED requirements in spec.md: Retrospective evidence is not fresh evidence; Historical facts remain immutable controls; Role ledger and primary stratum are frozen before decode; Alice information is offline-only; Diagnostics must separate channel, interface, and root cause; Diagnostic and candidate test tiers are distinct; Telemetry hook is behavior-equivalent; Candidate routes are one-factor and post-diagnosis only; Development and retrospective gates are diagnostic gates; Outputs and lifecycle are additive and explicit; Declared state set and fresh-acquisition boundary.
formal-nonbinary-ldpc-v13-existing-data-diagnostics	openspec/changes/archive/2026-10-04-formal-nonbinary-ldpc-v13-existing-data-diagnostics-completed/specs/formal-nonbinary-ldpc-v13-existing-data-diagnostics/spec.md	Scenario: A01 misses its audit gate	openspec/specs/formal-nonbinary-ldpc-v13-existing-data-diagnostics/spec.md	yes	no	Included within exact frozen merge scope: yes, merge all named ADDED requirements in spec.md: Retrospective evidence is not fresh evidence; Historical facts remain immutable controls; Role ledger and primary stratum are frozen before decode; Alice information is offline-only; Diagnostics must separate channel, interface, and root cause; Diagnostic and candidate test tiers are distinct; Telemetry hook is behavior-equivalent; Candidate routes are one-factor and post-diagnosis only; Development and retrospective gates are diagnostic gates; Outputs and lifecycle are additive and explicit; Declared state set and fresh-acquisition boundary.
formal-nonbinary-ldpc-v13-existing-data-diagnostics	openspec/changes/archive/2026-10-04-formal-nonbinary-ldpc-v13-existing-data-diagnostics-completed/specs/formal-nonbinary-ldpc-v13-existing-data-diagnostics/spec.md	Requirement: Outputs and lifecycle are additive and explicit	openspec/specs/formal-nonbinary-ldpc-v13-existing-data-diagnostics/spec.md	yes	no	Included within exact frozen merge scope: yes, merge all named ADDED requirements in spec.md: Retrospective evidence is not fresh evidence; Historical facts remain immutable controls; Role ledger and primary stratum are frozen before decode; Alice information is offline-only; Diagnostics must separate channel, interface, and root cause; Diagnostic and candidate test tiers are distinct; Telemetry hook is behavior-equivalent; Candidate routes are one-factor and post-diagnosis only; Development and retrospective gates are diagnostic gates; Outputs and lifecycle are additive and explicit; Declared state set and fresh-acquisition boundary.
formal-nonbinary-ldpc-v13-existing-data-diagnostics	openspec/changes/archive/2026-10-04-formal-nonbinary-ldpc-v13-existing-data-diagnostics-completed/specs/formal-nonbinary-ldpc-v13-existing-data-diagnostics/spec.md	Scenario: Production output path is requested	openspec/specs/formal-nonbinary-ldpc-v13-existing-data-diagnostics/spec.md	yes	no	Included within exact frozen merge scope: yes, merge all named ADDED requirements in spec.md: Retrospective evidence is not fresh evidence; Historical facts remain immutable controls; Role ledger and primary stratum are frozen before decode; Alice information is offline-only; Diagnostics must separate channel, interface, and root cause; Diagnostic and candidate test tiers are distinct; Telemetry hook is behavior-equivalent; Candidate routes are one-factor and post-diagnosis only; Development and retrospective gates are diagnostic gates; Outputs and lifecycle are additive and explicit; Declared state set and fresh-acquisition boundary.
formal-nonbinary-ldpc-v13-existing-data-diagnostics	openspec/changes/archive/2026-10-04-formal-nonbinary-ldpc-v13-existing-data-diagnostics-completed/specs/formal-nonbinary-ldpc-v13-existing-data-diagnostics/spec.md	Requirement: Declared state set and fresh-acquisition boundary	openspec/specs/formal-nonbinary-ldpc-v13-existing-data-diagnostics/spec.md	yes	no	Included within exact frozen merge scope: yes, merge all named ADDED requirements in spec.md: Retrospective evidence is not fresh evidence; Historical facts remain immutable controls; Role ledger and primary stratum are frozen before decode; Alice information is offline-only; Diagnostics must separate channel, interface, and root cause; Diagnostic and candidate test tiers are distinct; Telemetry hook is behavior-equivalent; Candidate routes are one-factor and post-diagnosis only; Development and retrospective gates are diagnostic gates; Outputs and lifecycle are additive and explicit; Declared state set and fresh-acquisition boundary.
formal-nonbinary-ldpc-v13-existing-data-diagnostics	openspec/changes/archive/2026-10-04-formal-nonbinary-ldpc-v13-existing-data-diagnostics-completed/specs/formal-nonbinary-ldpc-v13-existing-data-diagnostics/spec.md	Scenario: Fresh canary is requested	openspec/specs/formal-nonbinary-ldpc-v13-existing-data-diagnostics/spec.md	yes	no	Included within exact frozen merge scope: yes, merge all named ADDED requirements in spec.md: Retrospective evidence is not fresh evidence; Historical facts remain immutable controls; Role ledger and primary stratum are frozen before decode; Alice information is offline-only; Diagnostics must separate channel, interface, and root cause; Diagnostic and candidate test tiers are distinct; Telemetry hook is behavior-equivalent; Candidate routes are one-factor and post-diagnosis only; Development and retrospective gates are diagnostic gates; Outputs and lifecycle are additive and explicit; Declared state set and fresh-acquisition boundary.
formal-nonbinary-ldpc-v13-r3-fresh-acquisition	openspec/changes/archive/2026-10-04-formal-nonbinary-ldpc-v13-r3-fresh-acquisition-completed/specs/formal-nonbinary-ldpc-v13-r3-fresh-acquisition/spec.md	1. Purpose	openspec/specs/formal-nonbinary-ldpc-v13-r3-fresh-acquisition/spec.md	no	yes	No merge: frozen failure is explicitly non-mergeable.
formal-nonbinary-ldpc-v13-r3-fresh-acquisition	openspec/changes/archive/2026-10-04-formal-nonbinary-ldpc-v13-r3-fresh-acquisition-completed/specs/formal-nonbinary-ldpc-v13-r3-fresh-acquisition/spec.md	2. Requirements	openspec/specs/formal-nonbinary-ldpc-v13-r3-fresh-acquisition/spec.md	no	yes	No merge: frozen failure is explicitly non-mergeable.
formal-nonbinary-ldpc-v13-r3-fresh-acquisition	openspec/changes/archive/2026-10-04-formal-nonbinary-ldpc-v13-r3-fresh-acquisition-completed/specs/formal-nonbinary-ldpc-v13-r3-fresh-acquisition/spec.md	3. Out of scope	openspec/specs/formal-nonbinary-ldpc-v13-r3-fresh-acquisition/spec.md	no	yes	No merge: frozen failure is explicitly non-mergeable.
formal-nonbinary-ldpc-v13-r3-legacy-drift-audit	openspec/changes/archive/2026-10-04-formal-nonbinary-ldpc-v13-r3-legacy-drift-audit-completed/specs/formal-nonbinary-ldpc-v13-r3-legacy-drift-audit/spec.md	1. Purpose	openspec/specs/formal-nonbinary-ldpc-v13-r3-legacy-drift-audit/spec.md	yes	no	Included within exact frozen merge scope: yes, merge LDA-1 through LDA-6 in spec.md: legacy-drift-only claim; unchanged R3 codebook/prior/decoder; pre-registered first-64-per-source once; Alice truth restriction; additive output; read-only verification.
formal-nonbinary-ldpc-v13-r3-legacy-drift-audit	openspec/changes/archive/2026-10-04-formal-nonbinary-ldpc-v13-r3-legacy-drift-audit-completed/specs/formal-nonbinary-ldpc-v13-r3-legacy-drift-audit/spec.md	2. Requirements	openspec/specs/formal-nonbinary-ldpc-v13-r3-legacy-drift-audit/spec.md	yes	no	Included within exact frozen merge scope: yes, merge LDA-1 through LDA-6 in spec.md: legacy-drift-only claim; unchanged R3 codebook/prior/decoder; pre-registered first-64-per-source once; Alice truth restriction; additive output; read-only verification.
formal-nonbinary-ldpc-v14-efficiency-gate	openspec/changes/archive/2026-10-04-formal-nonbinary-ldpc-v14-efficiency-gate-completed/specs/formal-nonbinary-ldpc-v14-efficiency-gate/spec.md	ADDED Requirements	openspec/specs/formal-nonbinary-ldpc-v14-efficiency-gate/spec.md	yes	no	Included within exact frozen merge scope: yes, merge all four spec requirements: Structured channel model is frozen and cross-fitted; Gate decides before construction; Mechanism regression gate Stage 0; Claim boundary.
formal-nonbinary-ldpc-v14-efficiency-gate	openspec/changes/archive/2026-10-04-formal-nonbinary-ldpc-v14-efficiency-gate-completed/specs/formal-nonbinary-ldpc-v14-efficiency-gate/spec.md	Requirement: Structured channel model is frozen and cross-fitted	openspec/specs/formal-nonbinary-ldpc-v14-efficiency-gate/spec.md	yes	no	Included within exact frozen merge scope: yes, merge all four spec requirements: Structured channel model is frozen and cross-fitted; Gate decides before construction; Mechanism regression gate Stage 0; Claim boundary.
formal-nonbinary-ldpc-v14-efficiency-gate	openspec/changes/archive/2026-10-04-formal-nonbinary-ldpc-v14-efficiency-gate-completed/specs/formal-nonbinary-ldpc-v14-efficiency-gate/spec.md	Requirement: Gate decides before construction	openspec/specs/formal-nonbinary-ldpc-v14-efficiency-gate/spec.md	yes	no	Included within exact frozen merge scope: yes, merge all four spec requirements: Structured channel model is frozen and cross-fitted; Gate decides before construction; Mechanism regression gate Stage 0; Claim boundary.
formal-nonbinary-ldpc-v14-efficiency-gate	openspec/changes/archive/2026-10-04-formal-nonbinary-ldpc-v14-efficiency-gate-completed/specs/formal-nonbinary-ldpc-v14-efficiency-gate/spec.md	Requirement: Mechanism regression gate Stage 0	openspec/specs/formal-nonbinary-ldpc-v14-efficiency-gate/spec.md	yes	no	Included within exact frozen merge scope: yes, merge all four spec requirements: Structured channel model is frozen and cross-fitted; Gate decides before construction; Mechanism regression gate Stage 0; Claim boundary.
formal-nonbinary-ldpc-v14-efficiency-gate	openspec/changes/archive/2026-10-04-formal-nonbinary-ldpc-v14-efficiency-gate-completed/specs/formal-nonbinary-ldpc-v14-efficiency-gate/spec.md	Requirement: Claim boundary	openspec/specs/formal-nonbinary-ldpc-v14-efficiency-gate/spec.md	yes	no	Included within exact frozen merge scope: yes, merge all four spec requirements: Structured channel model is frozen and cross-fitted; Gate decides before construction; Mechanism regression gate Stage 0; Claim boundary.
formal-nonbinary-ldpc-v17-multibit-structured-de-gate	openspec/changes/archive/2026-10-04-formal-nonbinary-ldpc-v17-multibit-structured-de-gate-completed/specs/formal-nonbinary-ldpc-v17-multibit-structured-de-gate/spec.md	1. Purpose	openspec/specs/formal-nonbinary-ldpc-v17-multibit-structured-de-gate/spec.md	no	yes	No merge: gate_state=fail is explicitly non-mergeable.
formal-nonbinary-ldpc-v17-multibit-structured-de-gate	openspec/changes/archive/2026-10-04-formal-nonbinary-ldpc-v17-multibit-structured-de-gate-completed/specs/formal-nonbinary-ldpc-v17-multibit-structured-de-gate/spec.md	2. Requirements	openspec/specs/formal-nonbinary-ldpc-v17-multibit-structured-de-gate/spec.md	no	yes	No merge: gate_state=fail is explicitly non-mergeable.
formal-nonbinary-ldpc-v17-multibit-structured-de-gate	openspec/changes/archive/2026-10-04-formal-nonbinary-ldpc-v17-multibit-structured-de-gate-completed/specs/formal-nonbinary-ldpc-v17-multibit-structured-de-gate/spec.md	3. Out of scope	openspec/specs/formal-nonbinary-ldpc-v17-multibit-structured-de-gate/spec.md	no	yes	No merge: gate_state=fail is explicitly non-mergeable.
formal-nonbinary-ldpc-v18-b1-smallq-de-reproduction	<no archived specs/*.md>	<no source requirement>	<none>	no	yes	No archived specs delta; only M0 gate-harness scope.
formal-nonbinary-ldpc-v19-channel-aware-de-gate	<no archived specs/*.md>	<no source requirement>	<none>	no	yes	No archived specs delta; only I00/I01 prototype scope.
formal-nonbinary-ldpc-v25-empirical-timestamp-channel-and-multilevel-factorization-gate	openspec/changes/archive/2026-10-04-formal-nonbinary-ldpc-v25-empirical-timestamp-channel-and-multilevel-factorization-gate-completed/specs/formal-nonbinary-ldpc-v25-empirical-timestamp-channel-and-multilevel-factorization-gate/spec.md	Feature: empirical timestamp channel + multilevel factorization gate	openspec/specs/formal-nonbinary-ldpc-v25-empirical-timestamp-channel-and-multilevel-factorization-gate/spec.md	yes	no	Included within exact frozen merge scope: yes, merge full spec feature “empirical timestamp channel + multilevel factorization gate” and its Requirements section; V25 closeout only authorizes proposing V26.
formal-nonbinary-ldpc-v25-empirical-timestamp-channel-and-multilevel-factorization-gate	openspec/changes/archive/2026-10-04-formal-nonbinary-ldpc-v25-empirical-timestamp-channel-and-multilevel-factorization-gate-completed/specs/formal-nonbinary-ldpc-v25-empirical-timestamp-channel-and-multilevel-factorization-gate/spec.md	Requirements	openspec/specs/formal-nonbinary-ldpc-v25-empirical-timestamp-channel-and-multilevel-factorization-gate/spec.md	no	yes	Omitted by exact frozen merge scope: yes, merge full spec feature “empirical timestamp channel + multilevel factorization gate” and its Requirements section; V25 closeout only authorizes proposing V26.
formal-nonbinary-ldpc-v27-finite-leakage-margin-de-gate	openspec/changes/archive/2026-10-04-formal-nonbinary-ldpc-v27-finite-leakage-margin-de-gate-completed/specs/formal-nonbinary-ldpc-v27-finite-leakage-margin-de-gate/spec.md	R1: Architecture & channel (frozen)	openspec/specs/formal-nonbinary-ldpc-v27-finite-leakage-margin-de-gate/spec.md	yes	no	Included within exact frozen merge scope: yes, merge complete V27R delta requirements R1 Architecture & channel, R2 Finite leakage budget, R3 Fixed ensemble, R4 Screen & confirmation, R5 Terminal states, R6 Resource gate & V26 relation, R7 Prohibitions, limited to the recorded gate implementation/execution/review.
formal-nonbinary-ldpc-v27-finite-leakage-margin-de-gate	openspec/changes/archive/2026-10-04-formal-nonbinary-ldpc-v27-finite-leakage-margin-de-gate-completed/specs/formal-nonbinary-ldpc-v27-finite-leakage-margin-de-gate/spec.md	R2: Finite leakage budget (frozen, source-adaptive)	openspec/specs/formal-nonbinary-ldpc-v27-finite-leakage-margin-de-gate/spec.md	yes	no	Included within exact frozen merge scope: yes, merge complete V27R delta requirements R1 Architecture & channel, R2 Finite leakage budget, R3 Fixed ensemble, R4 Screen & confirmation, R5 Terminal states, R6 Resource gate & V26 relation, R7 Prohibitions, limited to the recorded gate implementation/execution/review.
formal-nonbinary-ldpc-v27-finite-leakage-margin-de-gate	openspec/changes/archive/2026-10-04-formal-nonbinary-ldpc-v27-finite-leakage-margin-de-gate-completed/specs/formal-nonbinary-ldpc-v27-finite-leakage-margin-de-gate/spec.md	R3: Fixed ensemble (frozen)	openspec/specs/formal-nonbinary-ldpc-v27-finite-leakage-margin-de-gate/spec.md	yes	no	Included within exact frozen merge scope: yes, merge complete V27R delta requirements R1 Architecture & channel, R2 Finite leakage budget, R3 Fixed ensemble, R4 Screen & confirmation, R5 Terminal states, R6 Resource gate & V26 relation, R7 Prohibitions, limited to the recorded gate implementation/execution/review.
formal-nonbinary-ldpc-v27-finite-leakage-margin-de-gate	openspec/changes/archive/2026-10-04-formal-nonbinary-ldpc-v27-finite-leakage-margin-de-gate-completed/specs/formal-nonbinary-ldpc-v27-finite-leakage-margin-de-gate/spec.md	R4: Screen & confirmation (frozen)	openspec/specs/formal-nonbinary-ldpc-v27-finite-leakage-margin-de-gate/spec.md	yes	no	Included within exact frozen merge scope: yes, merge complete V27R delta requirements R1 Architecture & channel, R2 Finite leakage budget, R3 Fixed ensemble, R4 Screen & confirmation, R5 Terminal states, R6 Resource gate & V26 relation, R7 Prohibitions, limited to the recorded gate implementation/execution/review.
formal-nonbinary-ldpc-v27-finite-leakage-margin-de-gate	openspec/changes/archive/2026-10-04-formal-nonbinary-ldpc-v27-finite-leakage-margin-de-gate-completed/specs/formal-nonbinary-ldpc-v27-finite-leakage-margin-de-gate/spec.md	R5: Terminal states (frozen, only-one-of)	openspec/specs/formal-nonbinary-ldpc-v27-finite-leakage-margin-de-gate/spec.md	yes	no	Included within exact frozen merge scope: yes, merge complete V27R delta requirements R1 Architecture & channel, R2 Finite leakage budget, R3 Fixed ensemble, R4 Screen & confirmation, R5 Terminal states, R6 Resource gate & V26 relation, R7 Prohibitions, limited to the recorded gate implementation/execution/review.
formal-nonbinary-ldpc-v27-finite-leakage-margin-de-gate	openspec/changes/archive/2026-10-04-formal-nonbinary-ldpc-v27-finite-leakage-margin-de-gate-completed/specs/formal-nonbinary-ldpc-v27-finite-leakage-margin-de-gate/spec.md	R6: Resource gate & V26 relation (frozen)	openspec/specs/formal-nonbinary-ldpc-v27-finite-leakage-margin-de-gate/spec.md	yes	no	Included within exact frozen merge scope: yes, merge complete V27R delta requirements R1 Architecture & channel, R2 Finite leakage budget, R3 Fixed ensemble, R4 Screen & confirmation, R5 Terminal states, R6 Resource gate & V26 relation, R7 Prohibitions, limited to the recorded gate implementation/execution/review.
formal-nonbinary-ldpc-v27-finite-leakage-margin-de-gate	openspec/changes/archive/2026-10-04-formal-nonbinary-ldpc-v27-finite-leakage-margin-de-gate-completed/specs/formal-nonbinary-ldpc-v27-finite-leakage-margin-de-gate/spec.md	R7: Prohibitions	openspec/specs/formal-nonbinary-ldpc-v27-finite-leakage-margin-de-gate/spec.md	yes	no	Included within exact frozen merge scope: yes, merge complete V27R delta requirements R1 Architecture & channel, R2 Finite leakage budget, R3 Fixed ensemble, R4 Screen & confirmation, R5 Terminal states, R6 Resource gate & V26 relation, R7 Prohibitions, limited to the recorded gate implementation/execution/review.
formal-nonbinary-ldpc-v3-covered-layered	openspec/changes/archive/2026-10-04-formal-nonbinary-ldpc-v3-covered-layered-completed/specs/formal-nonbinary-ldpc-v3/spec.md	Requirement: Covered deterministic prefixes	openspec/specs/formal-nonbinary-ldpc-v3/spec.md	no	yes	Omitted by exact frozen merge scope: yes, merge all four spec requirements: Covered deterministic prefixes; Bounded layered decoder; Fresh isolated qualification; Promotion and boundary.
formal-nonbinary-ldpc-v3-covered-layered	openspec/changes/archive/2026-10-04-formal-nonbinary-ldpc-v3-covered-layered-completed/specs/formal-nonbinary-ldpc-v3/spec.md	Requirement: Bounded layered decoder	openspec/specs/formal-nonbinary-ldpc-v3/spec.md	no	yes	Omitted by exact frozen merge scope: yes, merge all four spec requirements: Covered deterministic prefixes; Bounded layered decoder; Fresh isolated qualification; Promotion and boundary.
formal-nonbinary-ldpc-v3-covered-layered	openspec/changes/archive/2026-10-04-formal-nonbinary-ldpc-v3-covered-layered-completed/specs/formal-nonbinary-ldpc-v3/spec.md	Requirement: Fresh isolated qualification	openspec/specs/formal-nonbinary-ldpc-v3/spec.md	no	yes	Omitted by exact frozen merge scope: yes, merge all four spec requirements: Covered deterministic prefixes; Bounded layered decoder; Fresh isolated qualification; Promotion and boundary.
formal-nonbinary-ldpc-v3-covered-layered	openspec/changes/archive/2026-10-04-formal-nonbinary-ldpc-v3-covered-layered-completed/specs/formal-nonbinary-ldpc-v3/spec.md	Requirement: Promotion and boundary	openspec/specs/formal-nonbinary-ldpc-v3/spec.md	no	yes	Omitted by exact frozen merge scope: yes, merge all four spec requirements: Covered deterministic prefixes; Bounded layered decoder; Fresh isolated qualification; Promotion and boundary.
formal-nonbinary-ldpc-v32-finite-de-bridge-diagnostic	openspec/changes/archive/2026-10-04-formal-nonbinary-ldpc-v32-finite-de-bridge-diagnostic-completed/specs/formal-nonbinary-ldpc-v32-finite-de-bridge-diagnostic/spec.md	Scope	openspec/specs/formal-nonbinary-ldpc-v32-finite-de-bridge-diagnostic/spec.md	no	yes	No merge: run attribution was rejected and SHALL-E2 execution contract was not met/accepted.
formal-nonbinary-ldpc-v32-finite-de-bridge-diagnostic	openspec/changes/archive/2026-10-04-formal-nonbinary-ldpc-v32-finite-de-bridge-diagnostic-completed/specs/formal-nonbinary-ldpc-v32-finite-de-bridge-diagnostic/spec.md	Definitions	openspec/specs/formal-nonbinary-ldpc-v32-finite-de-bridge-diagnostic/spec.md	no	yes	No merge: run attribution was rejected and SHALL-E2 execution contract was not met/accepted.
formal-nonbinary-ldpc-v32-finite-de-bridge-diagnostic	openspec/changes/archive/2026-10-04-formal-nonbinary-ldpc-v32-finite-de-bridge-diagnostic-completed/specs/formal-nonbinary-ldpc-v32-finite-de-bridge-diagnostic/spec.md	Requirements (SHALL)	openspec/specs/formal-nonbinary-ldpc-v32-finite-de-bridge-diagnostic/spec.md	no	yes	No merge: run attribution was rejected and SHALL-E2 execution contract was not met/accepted.
formal-nonbinary-ldpc-v32-finite-de-bridge-diagnostic	openspec/changes/archive/2026-10-04-formal-nonbinary-ldpc-v32-finite-de-bridge-diagnostic-completed/specs/formal-nonbinary-ldpc-v32-finite-de-bridge-diagnostic/spec.md	Arms & Seeds	openspec/specs/formal-nonbinary-ldpc-v32-finite-de-bridge-diagnostic/spec.md	no	yes	No merge: run attribution was rejected and SHALL-E2 execution contract was not met/accepted.
formal-nonbinary-ldpc-v32-finite-de-bridge-diagnostic	openspec/changes/archive/2026-10-04-formal-nonbinary-ldpc-v32-finite-de-bridge-diagnostic-completed/specs/formal-nonbinary-ldpc-v32-finite-de-bridge-diagnostic/spec.md	Discriminator & Terminals	openspec/specs/formal-nonbinary-ldpc-v32-finite-de-bridge-diagnostic/spec.md	no	yes	No merge: run attribution was rejected and SHALL-E2 execution contract was not met/accepted.
formal-nonbinary-ldpc-v32-finite-de-bridge-diagnostic	openspec/changes/archive/2026-10-04-formal-nonbinary-ldpc-v32-finite-de-bridge-diagnostic-completed/specs/formal-nonbinary-ldpc-v32-finite-de-bridge-diagnostic/spec.md	Output Root & Collision	openspec/specs/formal-nonbinary-ldpc-v32-finite-de-bridge-diagnostic/spec.md	no	yes	No merge: run attribution was rejected and SHALL-E2 execution contract was not met/accepted.
formal-nonbinary-ldpc-v32-finite-de-bridge-diagnostic	openspec/changes/archive/2026-10-04-formal-nonbinary-ldpc-v32-finite-de-bridge-diagnostic-completed/specs/formal-nonbinary-ldpc-v32-finite-de-bridge-diagnostic/spec.md	Resource Budget	openspec/specs/formal-nonbinary-ldpc-v32-finite-de-bridge-diagnostic/spec.md	no	yes	No merge: run attribution was rejected and SHALL-E2 execution contract was not met/accepted.
formal-nonbinary-ldpc-v32-finite-de-bridge-diagnostic	openspec/changes/archive/2026-10-04-formal-nonbinary-ldpc-v32-finite-de-bridge-diagnostic-completed/specs/formal-nonbinary-ldpc-v32-finite-de-bridge-diagnostic/spec.md	Exact Resume	openspec/specs/formal-nonbinary-ldpc-v32-finite-de-bridge-diagnostic/spec.md	no	yes	No merge: run attribution was rejected and SHALL-E2 execution contract was not met/accepted.
formal-nonbinary-ldpc-v32-finite-de-bridge-diagnostic	openspec/changes/archive/2026-10-04-formal-nonbinary-ldpc-v32-finite-de-bridge-diagnostic-completed/specs/formal-nonbinary-ldpc-v32-finite-de-bridge-diagnostic/spec.md	Execution Order & Early Stop	openspec/specs/formal-nonbinary-ldpc-v32-finite-de-bridge-diagnostic/spec.md	no	yes	No merge: run attribution was rejected and SHALL-E2 execution contract was not met/accepted.
formal-nonbinary-ldpc-v32-finite-de-bridge-diagnostic	openspec/changes/archive/2026-10-04-formal-nonbinary-ldpc-v32-finite-de-bridge-diagnostic-completed/specs/formal-nonbinary-ldpc-v32-finite-de-bridge-diagnostic/spec.md	Truth-Use Marking	openspec/specs/formal-nonbinary-ldpc-v32-finite-de-bridge-diagnostic/spec.md	no	yes	No merge: run attribution was rejected and SHALL-E2 execution contract was not met/accepted.
formal-nonbinary-ldpc-v32-finite-de-bridge-diagnostic	openspec/changes/archive/2026-10-04-formal-nonbinary-ldpc-v32-finite-de-bridge-diagnostic-completed/specs/formal-nonbinary-ldpc-v32-finite-de-bridge-diagnostic/spec.md	Per-Block Metrics	openspec/specs/formal-nonbinary-ldpc-v32-finite-de-bridge-diagnostic/spec.md	no	yes	No merge: run attribution was rejected and SHALL-E2 execution contract was not met/accepted.
formal-nonbinary-ldpc-v32-finite-de-bridge-diagnostic	openspec/changes/archive/2026-10-04-formal-nonbinary-ldpc-v32-finite-de-bridge-diagnostic-completed/specs/formal-nonbinary-ldpc-v32-finite-de-bridge-diagnostic/spec.md	Test Tiers	openspec/specs/formal-nonbinary-ldpc-v32-finite-de-bridge-diagnostic/spec.md	no	yes	No merge: run attribution was rejected and SHALL-E2 execution contract was not met/accepted.
formal-nonbinary-ldpc-v32-finite-de-bridge-diagnostic	openspec/changes/archive/2026-10-04-formal-nonbinary-ldpc-v32-finite-de-bridge-diagnostic-completed/specs/formal-nonbinary-ldpc-v32-finite-de-bridge-diagnostic/spec.md	Autonomy Boundary	openspec/specs/formal-nonbinary-ldpc-v32-finite-de-bridge-diagnostic/spec.md	no	yes	No merge: run attribution was rejected and SHALL-E2 execution contract was not met/accepted.
formal-nonbinary-ldpc-v32-finite-de-bridge-diagnostic	openspec/changes/archive/2026-10-04-formal-nonbinary-ldpc-v32-finite-de-bridge-diagnostic-completed/specs/formal-nonbinary-ldpc-v32-finite-de-bridge-diagnostic/spec.md	Candidate-Only Handoff	openspec/specs/formal-nonbinary-ldpc-v32-finite-de-bridge-diagnostic/spec.md	no	yes	No merge: run attribution was rejected and SHALL-E2 execution contract was not met/accepted.
formal-nonbinary-ldpc-v32-finite-de-bridge-diagnostic	openspec/changes/archive/2026-10-04-formal-nonbinary-ldpc-v32-finite-de-bridge-diagnostic-completed/specs/formal-nonbinary-ldpc-v32-finite-de-bridge-diagnostic/spec.md	Acceptance Mapping	openspec/specs/formal-nonbinary-ldpc-v32-finite-de-bridge-diagnostic/spec.md	no	yes	No merge: run attribution was rejected and SHALL-E2 execution contract was not met/accepted.
formal-nonbinary-ldpc-v34-corrected-matched-empirical-p-finite-control	openspec/changes/archive/2026-10-04-formal-nonbinary-ldpc-v34-corrected-matched-empirical-p-finite-control-completed/specs/corrected-matched-empirical-p-finite-control/spec.md	ADDED Requirements	openspec/specs/corrected-matched-empirical-p-finite-control/spec.md	yes	no	Included within exact frozen merge scope: yes, after spec-delta merge check
formal-nonbinary-ldpc-v34-corrected-matched-empirical-p-finite-control	openspec/changes/archive/2026-10-04-formal-nonbinary-ldpc-v34-corrected-matched-empirical-p-finite-control-completed/specs/corrected-matched-empirical-p-finite-control/spec.md	Requirement: Single-variable matched empirical control	openspec/specs/corrected-matched-empirical-p-finite-control/spec.md	yes	no	Included within exact frozen merge scope: yes, after spec-delta merge check
formal-nonbinary-ldpc-v34-corrected-matched-empirical-p-finite-control	openspec/changes/archive/2026-10-04-formal-nonbinary-ldpc-v34-corrected-matched-empirical-p-finite-control-completed/specs/corrected-matched-empirical-p-finite-control/spec.md	Scenario: Generator and posterior are matched	openspec/specs/corrected-matched-empirical-p-finite-control/spec.md	yes	no	Included within exact frozen merge scope: yes, after spec-delta merge check
formal-nonbinary-ldpc-v34-corrected-matched-empirical-p-finite-control	openspec/changes/archive/2026-10-04-formal-nonbinary-ldpc-v34-corrected-matched-empirical-p-finite-control-completed/specs/corrected-matched-empirical-p-finite-control/spec.md	Scenario: Empirical probability preflight fails	openspec/specs/corrected-matched-empirical-p-finite-control/spec.md	yes	no	Included within exact frozen merge scope: yes, after spec-delta merge check
formal-nonbinary-ldpc-v34-corrected-matched-empirical-p-finite-control	openspec/changes/archive/2026-10-04-formal-nonbinary-ldpc-v34-corrected-matched-empirical-p-finite-control-completed/specs/corrected-matched-empirical-p-finite-control/spec.md	Requirement: Oracle-L1 finite L2 diagnostic	openspec/specs/corrected-matched-empirical-p-finite-control/spec.md	yes	no	Included within exact frozen merge scope: yes, after spec-delta merge check
formal-nonbinary-ldpc-v34-corrected-matched-empirical-p-finite-control	openspec/changes/archive/2026-10-04-formal-nonbinary-ldpc-v34-corrected-matched-empirical-p-finite-control-completed/specs/corrected-matched-empirical-p-finite-control/spec.md	Scenario: Block success is mechanically checked	openspec/specs/corrected-matched-empirical-p-finite-control/spec.md	yes	no	Included within exact frozen merge scope: yes, after spec-delta merge check
formal-nonbinary-ldpc-v34-corrected-matched-empirical-p-finite-control	openspec/changes/archive/2026-10-04-formal-nonbinary-ldpc-v34-corrected-matched-empirical-p-finite-control-completed/specs/corrected-matched-empirical-p-finite-control/spec.md	Scenario: Decoder code is reused	openspec/specs/corrected-matched-empirical-p-finite-control/spec.md	yes	no	Included within exact frozen merge scope: yes, after spec-delta merge check
formal-nonbinary-ldpc-v34-corrected-matched-empirical-p-finite-control	openspec/changes/archive/2026-10-04-formal-nonbinary-ldpc-v34-corrected-matched-empirical-p-finite-control-completed/specs/corrected-matched-empirical-p-finite-control/spec.md	Scenario: Runtime and L2 errors are accounted	openspec/specs/corrected-matched-empirical-p-finite-control/spec.md	yes	no	Included within exact frozen merge scope: yes, after spec-delta merge check
formal-nonbinary-ldpc-v34-corrected-matched-empirical-p-finite-control	openspec/changes/archive/2026-10-04-formal-nonbinary-ldpc-v34-corrected-matched-empirical-p-finite-control-completed/specs/corrected-matched-empirical-p-finite-control/spec.md	Requirement: Frozen bounded matrix and exact-once execution	openspec/specs/corrected-matched-empirical-p-finite-control/spec.md	yes	no	Included within exact frozen merge scope: yes, after spec-delta merge check
formal-nonbinary-ldpc-v34-corrected-matched-empirical-p-finite-control	openspec/changes/archive/2026-10-04-formal-nonbinary-ldpc-v34-corrected-matched-empirical-p-finite-control-completed/specs/corrected-matched-empirical-p-finite-control/spec.md	Scenario: Official root already exists	openspec/specs/corrected-matched-empirical-p-finite-control/spec.md	yes	no	Included within exact frozen merge scope: yes, after spec-delta merge check
formal-nonbinary-ldpc-v34-corrected-matched-empirical-p-finite-control	openspec/changes/archive/2026-10-04-formal-nonbinary-ldpc-v34-corrected-matched-empirical-p-finite-control-completed/specs/corrected-matched-empirical-p-finite-control/spec.md	Scenario: Ordinary decoding failure occurs	openspec/specs/corrected-matched-empirical-p-finite-control/spec.md	yes	no	Included within exact frozen merge scope: yes, after spec-delta merge check
formal-nonbinary-ldpc-v34-corrected-matched-empirical-p-finite-control	openspec/changes/archive/2026-10-04-formal-nonbinary-ldpc-v34-corrected-matched-empirical-p-finite-control-completed/specs/corrected-matched-empirical-p-finite-control/spec.md	Scenario: Binding or evidence failure occurs	openspec/specs/corrected-matched-empirical-p-finite-control/spec.md	yes	no	Included within exact frozen merge scope: yes, after spec-delta merge check
formal-nonbinary-ldpc-v34-corrected-matched-empirical-p-finite-control	openspec/changes/archive/2026-10-04-formal-nonbinary-ldpc-v34-corrected-matched-empirical-p-finite-control-completed/specs/corrected-matched-empirical-p-finite-control/spec.md	Requirement: Independent replay and narrow claims	openspec/specs/corrected-matched-empirical-p-finite-control/spec.md	yes	no	Included within exact frozen merge scope: yes, after spec-delta merge check
formal-nonbinary-ldpc-v34-corrected-matched-empirical-p-finite-control	openspec/changes/archive/2026-10-04-formal-nonbinary-ldpc-v34-corrected-matched-empirical-p-finite-control-completed/specs/corrected-matched-empirical-p-finite-control/spec.md	Scenario: Control passes	openspec/specs/corrected-matched-empirical-p-finite-control/spec.md	yes	no	Included within exact frozen merge scope: yes, after spec-delta merge check
formal-nonbinary-ldpc-v4-incremental-redundancy	openspec/changes/archive/2026-10-04-formal-nonbinary-ldpc-v4-incremental-redundancy-completed/specs/formal-nonbinary-ldpc-v4-ir/spec.md	Requirement: Immutable codebook reuse	openspec/specs/formal-nonbinary-ldpc-v4-ir/spec.md	no	yes	Omitted by exact frozen merge scope: yes, merge all six spec requirements: Immutable codebook reuse; Fixed two-stage decoder; Auditable interaction and leakage; Fresh isolated qualification; Promotion and stop boundary.
formal-nonbinary-ldpc-v4-incremental-redundancy	openspec/changes/archive/2026-10-04-formal-nonbinary-ldpc-v4-incremental-redundancy-completed/specs/formal-nonbinary-ldpc-v4-ir/spec.md	Requirement: Fixed two-stage decoder	openspec/specs/formal-nonbinary-ldpc-v4-ir/spec.md	no	yes	Omitted by exact frozen merge scope: yes, merge all six spec requirements: Immutable codebook reuse; Fixed two-stage decoder; Auditable interaction and leakage; Fresh isolated qualification; Promotion and stop boundary.
formal-nonbinary-ldpc-v4-incremental-redundancy	openspec/changes/archive/2026-10-04-formal-nonbinary-ldpc-v4-incremental-redundancy-completed/specs/formal-nonbinary-ldpc-v4-ir/spec.md	Requirement: Auditable interaction and leakage	openspec/specs/formal-nonbinary-ldpc-v4-ir/spec.md	no	yes	Omitted by exact frozen merge scope: yes, merge all six spec requirements: Immutable codebook reuse; Fixed two-stage decoder; Auditable interaction and leakage; Fresh isolated qualification; Promotion and stop boundary.
formal-nonbinary-ldpc-v4-incremental-redundancy	openspec/changes/archive/2026-10-04-formal-nonbinary-ldpc-v4-incremental-redundancy-completed/specs/formal-nonbinary-ldpc-v4-ir/spec.md	Requirement: Fresh isolated qualification	openspec/specs/formal-nonbinary-ldpc-v4-ir/spec.md	no	yes	Omitted by exact frozen merge scope: yes, merge all six spec requirements: Immutable codebook reuse; Fixed two-stage decoder; Auditable interaction and leakage; Fresh isolated qualification; Promotion and stop boundary.
formal-nonbinary-ldpc-v4-incremental-redundancy	openspec/changes/archive/2026-10-04-formal-nonbinary-ldpc-v4-incremental-redundancy-completed/specs/formal-nonbinary-ldpc-v4-ir/spec.md	Requirement: Promotion and stop boundary	openspec/specs/formal-nonbinary-ldpc-v4-ir/spec.md	no	yes	Omitted by exact frozen merge scope: yes, merge all six spec requirements: Immutable codebook reuse; Fixed two-stage decoder; Auditable interaction and leakage; Fresh isolated qualification; Promotion and stop boundary.
formal-nonbinary-ldpc-v5-multistage-ir	openspec/changes/archive/2026-10-04-formal-nonbinary-ldpc-v5-multistage-ir-completed/specs/spec.md	Requirements	openspec/specs/formal-nonbinary-ldpc-v5-multistage-ir/spec.md	no	yes	Omitted by exact frozen merge scope: yes, only implemented/executed/reviewed multistage contract
formal-nonbinary-ldpc-v5-multistage-ir	openspec/changes/archive/2026-10-04-formal-nonbinary-ldpc-v5-multistage-ir-completed/specs/spec.md	R1: Sequenced routes with stop-on-success	openspec/specs/formal-nonbinary-ldpc-v5-multistage-ir/spec.md	yes	no	Included within exact frozen merge scope: yes, only implemented/executed/reviewed multistage contract
formal-nonbinary-ldpc-v5-multistage-ir	openspec/changes/archive/2026-10-04-formal-nonbinary-ldpc-v5-multistage-ir-completed/specs/spec.md	R2: Route A — 56-row mother and three-level IR	openspec/specs/formal-nonbinary-ldpc-v5-multistage-ir/spec.md	yes	no	Included within exact frozen merge scope: yes, only implemented/executed/reviewed multistage contract
formal-nonbinary-ldpc-v5-multistage-ir	openspec/changes/archive/2026-10-04-formal-nonbinary-ldpc-v5-multistage-ir-completed/specs/spec.md	R3: Route B — nested-prefix mother redesign	openspec/specs/formal-nonbinary-ldpc-v5-multistage-ir/spec.md	yes	no	Included within exact frozen merge scope: yes, only implemented/executed/reviewed multistage contract
formal-nonbinary-ldpc-v5-multistage-ir	openspec/changes/archive/2026-10-04-formal-nonbinary-ldpc-v5-multistage-ir-completed/specs/spec.md	R4: Route C — stronger bounded decoders	openspec/specs/formal-nonbinary-ldpc-v5-multistage-ir/spec.md	yes	no	Included within exact frozen merge scope: yes, only implemented/executed/reviewed multistage contract
formal-nonbinary-ldpc-v5-multistage-ir	openspec/changes/archive/2026-10-04-formal-nonbinary-ldpc-v5-multistage-ir-completed/specs/spec.md	R5: Route D — bounded list/ADMM post-processing	openspec/specs/formal-nonbinary-ldpc-v5-multistage-ir/spec.md	yes	no	Included within exact frozen merge scope: yes, only implemented/executed/reviewed multistage contract
formal-nonbinary-ldpc-v5-multistage-ir	openspec/changes/archive/2026-10-04-formal-nonbinary-ldpc-v5-multistage-ir-completed/specs/spec.md	R6: Fresh isolated data per route	openspec/specs/formal-nonbinary-ldpc-v5-multistage-ir/spec.md	no	yes	Omitted by exact frozen merge scope: yes, only implemented/executed/reviewed multistage contract
formal-nonbinary-ldpc-v5-multistage-ir	openspec/changes/archive/2026-10-04-formal-nonbinary-ldpc-v5-multistage-ir-completed/specs/spec.md	R7: Promotion, artifacts, replay, stop boundary	openspec/specs/formal-nonbinary-ldpc-v5-multistage-ir/spec.md	no	yes	Omitted by exact frozen merge scope: yes, only implemented/executed/reviewed multistage contract
formal-nonbinary-ldpc-v5-multistage-ir	openspec/changes/archive/2026-10-04-formal-nonbinary-ldpc-v5-multistage-ir-completed/specs/spec.md	Behavior	openspec/specs/formal-nonbinary-ldpc-v5-multistage-ir/spec.md	no	yes	Omitted by exact frozen merge scope: yes, only implemented/executed/reviewed multistage contract
formal-nonbinary-ldpc-v5-multistage-ir	openspec/changes/archive/2026-10-04-formal-nonbinary-ldpc-v5-multistage-ir-completed/specs/spec.md	Acceptance Criteria	openspec/specs/formal-nonbinary-ldpc-v5-multistage-ir/spec.md	no	yes	Omitted by exact frozen merge scope: yes, only implemented/executed/reviewed multistage contract
formal-nonbinary-ldpc-v6-long-block	openspec/changes/archive/2026-10-04-formal-nonbinary-ldpc-v6-long-block-completed/specs/spec.md	ADDED Requirements	openspec/specs/formal-nonbinary-ldpc-v6-long-block/spec.md	yes	no	Included within exact frozen merge scope: yes, merge all seven named requirements in spec.md: Additive Development Identity; Frozen Field and Frame Domain; Deterministic Fixed-Rate Codebooks; Bounded Layered FFT-QSPA; Verification and Accounting; Engineering Acceptance; Scientific Stop Boundary.
formal-nonbinary-ldpc-v6-long-block	openspec/changes/archive/2026-10-04-formal-nonbinary-ldpc-v6-long-block-completed/specs/spec.md	Requirement: Additive Development Identity	openspec/specs/formal-nonbinary-ldpc-v6-long-block/spec.md	yes	no	Included within exact frozen merge scope: yes, merge all seven named requirements in spec.md: Additive Development Identity; Frozen Field and Frame Domain; Deterministic Fixed-Rate Codebooks; Bounded Layered FFT-QSPA; Verification and Accounting; Engineering Acceptance; Scientific Stop Boundary.
formal-nonbinary-ldpc-v6-long-block	openspec/changes/archive/2026-10-04-formal-nonbinary-ldpc-v6-long-block-completed/specs/spec.md	Requirement: Frozen Field and Frame Domain	openspec/specs/formal-nonbinary-ldpc-v6-long-block/spec.md	yes	no	Included within exact frozen merge scope: yes, merge all seven named requirements in spec.md: Additive Development Identity; Frozen Field and Frame Domain; Deterministic Fixed-Rate Codebooks; Bounded Layered FFT-QSPA; Verification and Accounting; Engineering Acceptance; Scientific Stop Boundary.
formal-nonbinary-ldpc-v6-long-block	openspec/changes/archive/2026-10-04-formal-nonbinary-ldpc-v6-long-block-completed/specs/spec.md	Requirement: Deterministic Fixed-Rate Codebooks	openspec/specs/formal-nonbinary-ldpc-v6-long-block/spec.md	yes	no	Included within exact frozen merge scope: yes, merge all seven named requirements in spec.md: Additive Development Identity; Frozen Field and Frame Domain; Deterministic Fixed-Rate Codebooks; Bounded Layered FFT-QSPA; Verification and Accounting; Engineering Acceptance; Scientific Stop Boundary.
formal-nonbinary-ldpc-v6-long-block	openspec/changes/archive/2026-10-04-formal-nonbinary-ldpc-v6-long-block-completed/specs/spec.md	Requirement: Bounded Layered FFT-QSPA	openspec/specs/formal-nonbinary-ldpc-v6-long-block/spec.md	yes	no	Included within exact frozen merge scope: yes, merge all seven named requirements in spec.md: Additive Development Identity; Frozen Field and Frame Domain; Deterministic Fixed-Rate Codebooks; Bounded Layered FFT-QSPA; Verification and Accounting; Engineering Acceptance; Scientific Stop Boundary.
formal-nonbinary-ldpc-v6-long-block	openspec/changes/archive/2026-10-04-formal-nonbinary-ldpc-v6-long-block-completed/specs/spec.md	Requirement: Verification and Accounting	openspec/specs/formal-nonbinary-ldpc-v6-long-block/spec.md	yes	no	Included within exact frozen merge scope: yes, merge all seven named requirements in spec.md: Additive Development Identity; Frozen Field and Frame Domain; Deterministic Fixed-Rate Codebooks; Bounded Layered FFT-QSPA; Verification and Accounting; Engineering Acceptance; Scientific Stop Boundary.
formal-nonbinary-ldpc-v6-long-block	openspec/changes/archive/2026-10-04-formal-nonbinary-ldpc-v6-long-block-completed/specs/spec.md	Requirement: Engineering Acceptance	openspec/specs/formal-nonbinary-ldpc-v6-long-block/spec.md	yes	no	Included within exact frozen merge scope: yes, merge all seven named requirements in spec.md: Additive Development Identity; Frozen Field and Frame Domain; Deterministic Fixed-Rate Codebooks; Bounded Layered FFT-QSPA; Verification and Accounting; Engineering Acceptance; Scientific Stop Boundary.
formal-nonbinary-ldpc-v6-long-block	openspec/changes/archive/2026-10-04-formal-nonbinary-ldpc-v6-long-block-completed/specs/spec.md	Requirement: Scientific Stop Boundary	openspec/specs/formal-nonbinary-ldpc-v6-long-block/spec.md	yes	no	Included within exact frozen merge scope: yes, merge all seven named requirements in spec.md: Additive Development Identity; Frozen Field and Frame Domain; Deterministic Fixed-Rate Codebooks; Bounded Layered FFT-QSPA; Verification and Accounting; Engineering Acceptance; Scientific Stop Boundary.
formal-nonbinary-ldpc-v7-successor-ladder	openspec/changes/archive/2026-10-04-formal-nonbinary-ldpc-v7-successor-ladder-completed/specs/spec.md	ADDED Requirements	openspec/specs/formal-nonbinary-ldpc-v7-successor-ladder/spec.md	yes	no	Included within exact frozen merge scope: yes, merge all named requirements in spec.md: Ordered Development Routes; Immutable Two-Stage Development; Readiness Gate; R1 Construction; R2 Scientific Identity; R3 Multilevel Accounting; Confirmation Boundary.
formal-nonbinary-ldpc-v7-successor-ladder	openspec/changes/archive/2026-10-04-formal-nonbinary-ldpc-v7-successor-ladder-completed/specs/spec.md	Requirement: Ordered Development Routes	openspec/specs/formal-nonbinary-ldpc-v7-successor-ladder/spec.md	yes	no	Included within exact frozen merge scope: yes, merge all named requirements in spec.md: Ordered Development Routes; Immutable Two-Stage Development; Readiness Gate; R1 Construction; R2 Scientific Identity; R3 Multilevel Accounting; Confirmation Boundary.
formal-nonbinary-ldpc-v7-successor-ladder	openspec/changes/archive/2026-10-04-formal-nonbinary-ldpc-v7-successor-ladder-completed/specs/spec.md	Requirement: Immutable Two-Stage Development	openspec/specs/formal-nonbinary-ldpc-v7-successor-ladder/spec.md	yes	no	Included within exact frozen merge scope: yes, merge all named requirements in spec.md: Ordered Development Routes; Immutable Two-Stage Development; Readiness Gate; R1 Construction; R2 Scientific Identity; R3 Multilevel Accounting; Confirmation Boundary.
formal-nonbinary-ldpc-v7-successor-ladder	openspec/changes/archive/2026-10-04-formal-nonbinary-ldpc-v7-successor-ladder-completed/specs/spec.md	Requirement: Readiness Gate	openspec/specs/formal-nonbinary-ldpc-v7-successor-ladder/spec.md	yes	no	Included within exact frozen merge scope: yes, merge all named requirements in spec.md: Ordered Development Routes; Immutable Two-Stage Development; Readiness Gate; R1 Construction; R2 Scientific Identity; R3 Multilevel Accounting; Confirmation Boundary.
formal-nonbinary-ldpc-v7-successor-ladder	openspec/changes/archive/2026-10-04-formal-nonbinary-ldpc-v7-successor-ladder-completed/specs/spec.md	Requirement: R1 Construction	openspec/specs/formal-nonbinary-ldpc-v7-successor-ladder/spec.md	yes	no	Included within exact frozen merge scope: yes, merge all named requirements in spec.md: Ordered Development Routes; Immutable Two-Stage Development; Readiness Gate; R1 Construction; R2 Scientific Identity; R3 Multilevel Accounting; Confirmation Boundary.
formal-nonbinary-ldpc-v7-successor-ladder	openspec/changes/archive/2026-10-04-formal-nonbinary-ldpc-v7-successor-ladder-completed/specs/spec.md	Requirement: R2 Scientific Identity	openspec/specs/formal-nonbinary-ldpc-v7-successor-ladder/spec.md	yes	no	Included within exact frozen merge scope: yes, merge all named requirements in spec.md: Ordered Development Routes; Immutable Two-Stage Development; Readiness Gate; R1 Construction; R2 Scientific Identity; R3 Multilevel Accounting; Confirmation Boundary.
formal-nonbinary-ldpc-v7-successor-ladder	openspec/changes/archive/2026-10-04-formal-nonbinary-ldpc-v7-successor-ladder-completed/specs/spec.md	Requirement: R3 Multilevel Accounting	openspec/specs/formal-nonbinary-ldpc-v7-successor-ladder/spec.md	yes	no	Included within exact frozen merge scope: yes, merge all named requirements in spec.md: Ordered Development Routes; Immutable Two-Stage Development; Readiness Gate; R1 Construction; R2 Scientific Identity; R3 Multilevel Accounting; Confirmation Boundary.
formal-nonbinary-ldpc-v7-successor-ladder	openspec/changes/archive/2026-10-04-formal-nonbinary-ldpc-v7-successor-ladder-completed/specs/spec.md	Requirement: Confirmation Boundary	openspec/specs/formal-nonbinary-ldpc-v7-successor-ladder/spec.md	yes	no	Included within exact frozen merge scope: yes, merge all named requirements in spec.md: Ordered Development Routes; Immutable Two-Stage Development; Readiness Gate; R1 Construction; R2 Scientific Identity; R3 Multilevel Accounting; Confirmation Boundary.
formal-nonbinary-ldpc-v8-reference-reproduction	openspec/changes/archive/2026-10-04-formal-nonbinary-ldpc-v8-reference-reproduction-completed/specs/spec.md	ADDED Requirements	openspec/specs/formal-nonbinary-ldpc-v8-reference-reproduction/spec.md	yes	no	Included within exact frozen merge scope: yes, reference/engineering scope only
formal-nonbinary-ldpc-v8-reference-reproduction	openspec/changes/archive/2026-10-04-formal-nonbinary-ldpc-v8-reference-reproduction-completed/specs/spec.md	Requirement: V8 is reference-only	openspec/specs/formal-nonbinary-ldpc-v8-reference-reproduction/spec.md	yes	no	Included within exact frozen merge scope: yes, reference/engineering scope only
formal-nonbinary-ldpc-v8-reference-reproduction	openspec/changes/archive/2026-10-04-formal-nonbinary-ldpc-v8-reference-reproduction-completed/specs/spec.md	Scenario: No scientific execution	openspec/specs/formal-nonbinary-ldpc-v8-reference-reproduction/spec.md	yes	no	Included within exact frozen merge scope: yes, reference/engineering scope only
formal-nonbinary-ldpc-v8-reference-reproduction	openspec/changes/archive/2026-10-04-formal-nonbinary-ldpc-v8-reference-reproduction-completed/specs/spec.md	Requirement: V7 evidence remains immutable and correctly scoped	openspec/specs/formal-nonbinary-ldpc-v8-reference-reproduction/spec.md	yes	no	Included within exact frozen merge scope: yes, reference/engineering scope only
formal-nonbinary-ldpc-v8-reference-reproduction	openspec/changes/archive/2026-10-04-formal-nonbinary-ldpc-v8-reference-reproduction-completed/specs/spec.md	Scenario: Audit does not rewrite evidence	openspec/specs/formal-nonbinary-ldpc-v8-reference-reproduction/spec.md	yes	no	Included within exact frozen merge scope: yes, reference/engineering scope only
formal-nonbinary-ldpc-v8-reference-reproduction	openspec/changes/archive/2026-10-04-formal-nonbinary-ldpc-v8-reference-reproduction-completed/specs/spec.md	Requirement: Error-domain equivalence is executable	openspec/specs/formal-nonbinary-ldpc-v8-reference-reproduction/spec.md	yes	no	Included within exact frozen merge scope: yes, reference/engineering scope only
formal-nonbinary-ldpc-v8-reference-reproduction	openspec/changes/archive/2026-10-04-formal-nonbinary-ldpc-v8-reference-reproduction-completed/specs/spec.md	Scenario: Tiny exhaustive equivalence	openspec/specs/formal-nonbinary-ldpc-v8-reference-reproduction/spec.md	yes	no	Included within exact frozen merge scope: yes, reference/engineering scope only
formal-nonbinary-ldpc-v8-reference-reproduction	openspec/changes/archive/2026-10-04-formal-nonbinary-ldpc-v8-reference-reproduction-completed/specs/spec.md	Requirement: Independent oracle	openspec/specs/formal-nonbinary-ldpc-v8-reference-reproduction/spec.md	yes	no	Included within exact frozen merge scope: yes, reference/engineering scope only
formal-nonbinary-ldpc-v8-reference-reproduction	openspec/changes/archive/2026-10-04-formal-nonbinary-ldpc-v8-reference-reproduction-completed/specs/spec.md	Scenario: Production/reference agreement	openspec/specs/formal-nonbinary-ldpc-v8-reference-reproduction/spec.md	yes	no	Included within exact frozen merge scope: yes, reference/engineering scope only
formal-nonbinary-ldpc-v8-reference-reproduction	openspec/changes/archive/2026-10-04-formal-nonbinary-ldpc-v8-reference-reproduction-completed/specs/spec.md	Requirement: Full-vector MC-DE	openspec/specs/formal-nonbinary-ldpc-v8-reference-reproduction/spec.md	yes	no	Included within exact frozen merge scope: yes, reference/engineering scope only
formal-nonbinary-ldpc-v8-reference-reproduction	openspec/changes/archive/2026-10-04-formal-nonbinary-ldpc-v8-reference-reproduction-completed/specs/spec.md	Scenario: Old R2 approximations are detectable	openspec/specs/formal-nonbinary-ldpc-v8-reference-reproduction/spec.md	yes	no	Included within exact frozen merge scope: yes, reference/engineering scope only
formal-nonbinary-ldpc-v8-reference-reproduction	openspec/changes/archive/2026-10-04-formal-nonbinary-ldpc-v8-reference-reproduction-completed/specs/spec.md	Requirement: Published q-ary reproduction precedes adaptation	openspec/specs/formal-nonbinary-ldpc-v8-reference-reproduction/spec.md	yes	no	Included within exact frozen merge scope: yes, reference/engineering scope only
formal-nonbinary-ldpc-v8-reference-reproduction	openspec/changes/archive/2026-10-04-formal-nonbinary-ldpc-v8-reference-reproduction-completed/specs/spec.md	Scenario: Source is incomplete	openspec/specs/formal-nonbinary-ldpc-v8-reference-reproduction/spec.md	yes	no	Included within exact frozen merge scope: yes, reference/engineering scope only
formal-nonbinary-ldpc-v8-reference-reproduction	openspec/changes/archive/2026-10-04-formal-nonbinary-ldpc-v8-reference-reproduction-completed/specs/spec.md	Requirement: Reproducible engineering evidence	openspec/specs/formal-nonbinary-ldpc-v8-reference-reproduction/spec.md	yes	no	Included within exact frozen merge scope: yes, reference/engineering scope only
formal-nonbinary-ldpc-v8-reference-reproduction	openspec/changes/archive/2026-10-04-formal-nonbinary-ldpc-v8-reference-reproduction-completed/specs/spec.md	Scenario: Acceptance	openspec/specs/formal-nonbinary-ldpc-v8-reference-reproduction/spec.md	yes	no	Included within exact frozen merge scope: yes, reference/engineering scope only
g6-minimum-decide-design	openspec/changes/archive/2026-10-04-g6-minimum-decide-design-completed/specs/g6-minimum-decide/spec.md	ADDED Requirements	openspec/specs/g6-minimum-decide/spec.md	no	yes	No behavioral delta; draft and unknowns remain historical readiness input.
g6-minimum-decide-design	openspec/changes/archive/2026-10-04-g6-minimum-decide-design-completed/specs/g6-minimum-decide/spec.md	Requirement: Operating-point skeleton is frozen as representative	openspec/specs/g6-minimum-decide/spec.md	no	yes	No behavioral delta; draft and unknowns remain historical readiness input.
g6-minimum-decide-design	openspec/changes/archive/2026-10-04-g6-minimum-decide-design-completed/specs/g6-minimum-decide/spec.md	Scenario: n256 proposed for this DECIDE	openspec/specs/g6-minimum-decide/spec.md	no	yes	No behavioral delta; draft and unknowns remain historical readiness input.
g6-minimum-decide-design	openspec/changes/archive/2026-10-04-g6-minimum-decide-design-completed/specs/g6-minimum-decide/spec.md	Requirement: Population split with key-disjointness and single STOP	openspec/specs/g6-minimum-decide/spec.md	no	yes	No behavioral delta; draft and unknowns remain historical readiness input.
g6-minimum-decide-design	openspec/changes/archive/2026-10-04-g6-minimum-decide-design-completed/specs/g6-minimum-decide/spec.md	Scenario: Confirmation execution without frozen population	openspec/specs/g6-minimum-decide/spec.md	no	yes	No behavioral delta; draft and unknowns remain historical readiness input.
g6-minimum-decide-design	openspec/changes/archive/2026-10-04-g6-minimum-decide-design-completed/specs/g6-minimum-decide/spec.md	Requirement: Accounting isolates outcomes and blocks secure key	openspec/specs/g6-minimum-decide/spec.md	no	yes	No behavioral delta; draft and unknowns remain historical readiness input.
g6-minimum-decide-design	openspec/changes/archive/2026-10-04-g6-minimum-decide-design-completed/specs/g6-minimum-decide/spec.md	Scenario: Undetected verification failure occurs	openspec/specs/g6-minimum-decide/spec.md	no	yes	No behavioral delta; draft and unknowns remain historical readiness input.
g6-minimum-decide-design	openspec/changes/archive/2026-10-04-g6-minimum-decide-design-completed/specs/g6-minimum-decide/spec.md	Requirement: Go/no-go stays non-authorizing	openspec/specs/g6-minimum-decide/spec.md	no	yes	No behavioral delta; draft and unknowns remain historical readiness input.
g6-minimum-decide-design	openspec/changes/archive/2026-10-04-g6-minimum-decide-design-completed/specs/g6-minimum-decide/spec.md	Scenario: Future run cites this change as authorization	openspec/specs/g6-minimum-decide/spec.md	no	yes	No behavioral delta; draft and unknowns remain historical readiness input.
group-meeting-ir-large-comparison	openspec/changes/archive/2026-10-04-group-meeting-ir-large-comparison-completed/specs/spec.md	Requirements	openspec/specs/group-meeting-ir-large-comparison/spec.md	no	yes	Omitted by exact frozen merge scope: yes, only delivered 9 CSVs, manifest, and report scope
group-meeting-ir-large-comparison	openspec/changes/archive/2026-10-04-group-meeting-ir-large-comparison-completed/specs/spec.md	R1: Expanded Dataset	openspec/specs/group-meeting-ir-large-comparison/spec.md	no	yes	Omitted by exact frozen merge scope: yes, only delivered 9 CSVs, manifest, and report scope
group-meeting-ir-large-comparison	openspec/changes/archive/2026-10-04-group-meeting-ir-large-comparison-completed/specs/spec.md	R2: Cascade-Lite Sweep	openspec/specs/group-meeting-ir-large-comparison/spec.md	no	yes	Omitted by exact frozen merge scope: yes, only delivered 9 CSVs, manifest, and report scope
group-meeting-ir-large-comparison	openspec/changes/archive/2026-10-04-group-meeting-ir-large-comparison-completed/specs/spec.md	R3: Layered LDPC Sweep	openspec/specs/group-meeting-ir-large-comparison/spec.md	no	yes	Omitted by exact frozen merge scope: yes, only delivered 9 CSVs, manifest, and report scope
group-meeting-ir-large-comparison	openspec/changes/archive/2026-10-04-group-meeting-ir-large-comparison-completed/specs/spec.md	R4: qLDPC Reference	openspec/specs/group-meeting-ir-large-comparison/spec.md	no	yes	Omitted by exact frozen merge scope: yes, only delivered 9 CSVs, manifest, and report scope
group-meeting-ir-large-comparison	openspec/changes/archive/2026-10-04-group-meeting-ir-large-comparison-completed/specs/spec.md	R5: Polar Existing Baseline	openspec/specs/group-meeting-ir-large-comparison/spec.md	no	yes	Omitted by exact frozen merge scope: yes, only delivered 9 CSVs, manifest, and report scope
group-meeting-ir-large-comparison	openspec/changes/archive/2026-10-04-group-meeting-ir-large-comparison-completed/specs/spec.md	R6: Output CSVs (9 files)	openspec/specs/group-meeting-ir-large-comparison/spec.md	yes	no	Included within exact frozen merge scope: yes, only delivered 9 CSVs, manifest, and report scope
group-meeting-ir-large-comparison	openspec/changes/archive/2026-10-04-group-meeting-ir-large-comparison-completed/specs/spec.md	R7: Manifest	openspec/specs/group-meeting-ir-large-comparison/spec.md	yes	no	Included within exact frozen merge scope: yes, only delivered 9 CSVs, manifest, and report scope
group-meeting-ir-large-comparison	openspec/changes/archive/2026-10-04-group-meeting-ir-large-comparison-completed/specs/spec.md	R8: Group Meeting Report	openspec/specs/group-meeting-ir-large-comparison/spec.md	yes	no	Included within exact frozen merge scope: yes, only delivered 9 CSVs, manifest, and report scope
group-meeting-ir-large-comparison	openspec/changes/archive/2026-10-04-group-meeting-ir-large-comparison-completed/specs/spec.md	Behavior	openspec/specs/group-meeting-ir-large-comparison/spec.md	no	yes	Omitted by exact frozen merge scope: yes, only delivered 9 CSVs, manifest, and report scope
group-meeting-ir-large-comparison	openspec/changes/archive/2026-10-04-group-meeting-ir-large-comparison-completed/specs/spec.md	B1: No Overwrites	openspec/specs/group-meeting-ir-large-comparison/spec.md	yes	no	Included within exact frozen merge scope: yes, only delivered 9 CSVs, manifest, and report scope
group-meeting-ir-large-comparison	openspec/changes/archive/2026-10-04-group-meeting-ir-large-comparison-completed/specs/spec.md	B2: Semantic Preservation	openspec/specs/group-meeting-ir-large-comparison/spec.md	yes	no	Included within exact frozen merge scope: yes, only delivered 9 CSVs, manifest, and report scope
group-meeting-ir-large-comparison	openspec/changes/archive/2026-10-04-group-meeting-ir-large-comparison-completed/specs/spec.md	B3: Graceful Degradation	openspec/specs/group-meeting-ir-large-comparison/spec.md	yes	no	Included within exact frozen merge scope: yes, only delivered 9 CSVs, manifest, and report scope
group-meeting-ir-large-comparison	openspec/changes/archive/2026-10-04-group-meeting-ir-large-comparison-completed/specs/spec.md	Acceptance Criteria	openspec/specs/group-meeting-ir-large-comparison/spec.md	no	yes	Omitted by exact frozen merge scope: yes, only delivered 9 CSVs, manifest, and report scope
implement-formal-nonbinary-ldpc	openspec/changes/archive/2026-10-04-implement-formal-nonbinary-ldpc-completed/specs/formal-nonbinary-ldpc/spec.md	Requirement: Independent Formal Identity	openspec/specs/formal-nonbinary-ldpc/spec.md	no	yes	No delta merge: only engineering and truthful failed-verification record are retained.
implement-formal-nonbinary-ldpc	openspec/changes/archive/2026-10-04-implement-formal-nonbinary-ldpc-completed/specs/formal-nonbinary-ldpc/spec.md	Requirement: Deterministic Field Contract	openspec/specs/formal-nonbinary-ldpc/spec.md	no	yes	No delta merge: only engineering and truthful failed-verification record are retained.
implement-formal-nonbinary-ldpc	openspec/changes/archive/2026-10-04-implement-formal-nonbinary-ldpc-completed/specs/formal-nonbinary-ldpc/spec.md	Scenario: Intended q=1024 domain	openspec/specs/formal-nonbinary-ldpc/spec.md	no	yes	No delta merge: only engineering and truthful failed-verification record are retained.
implement-formal-nonbinary-ldpc	openspec/changes/archive/2026-10-04-implement-formal-nonbinary-ldpc-completed/specs/formal-nonbinary-ldpc/spec.md	Requirement: Fail-Closed Preflight	openspec/specs/formal-nonbinary-ldpc/spec.md	no	yes	No delta merge: only engineering and truthful failed-verification record are retained.
implement-formal-nonbinary-ldpc	openspec/changes/archive/2026-10-04-implement-formal-nonbinary-ldpc-completed/specs/formal-nonbinary-ldpc/spec.md	Scenario: Unsupported field	openspec/specs/formal-nonbinary-ldpc/spec.md	no	yes	No delta merge: only engineering and truthful failed-verification record are retained.
implement-formal-nonbinary-ldpc	openspec/changes/archive/2026-10-04-implement-formal-nonbinary-ldpc-completed/specs/formal-nonbinary-ldpc/spec.md	Scenario: Representation mismatch	openspec/specs/formal-nonbinary-ldpc/spec.md	no	yes	No delta merge: only engineering and truthful failed-verification record are retained.
implement-formal-nonbinary-ldpc	openspec/changes/archive/2026-10-04-implement-formal-nonbinary-ldpc-completed/specs/formal-nonbinary-ldpc/spec.md	Requirement: No Qualification Claim	openspec/specs/formal-nonbinary-ldpc/spec.md	no	yes	No delta merge: only engineering and truthful failed-verification record are retained.
implement-formal-nonbinary-ldpc	openspec/changes/archive/2026-10-04-implement-formal-nonbinary-ldpc-completed/specs/formal-nonbinary-ldpc/spec.md	Requirement: Deterministic Rate-Compatible Codebooks	openspec/specs/formal-nonbinary-ldpc/spec.md	no	yes	No delta merge: only engineering and truthful failed-verification record are retained.
implement-formal-nonbinary-ldpc	openspec/changes/archive/2026-10-04-implement-formal-nonbinary-ldpc-completed/specs/formal-nonbinary-ldpc/spec.md	Scenario: q=1024 family	openspec/specs/formal-nonbinary-ldpc/spec.md	no	yes	No delta merge: only engineering and truthful failed-verification record are retained.
implement-formal-nonbinary-ldpc	openspec/changes/archive/2026-10-04-implement-formal-nonbinary-ldpc-completed/specs/formal-nonbinary-ldpc/spec.md	Requirement: GF(q) Rank	openspec/specs/formal-nonbinary-ldpc/spec.md	no	yes	No delta merge: only engineering and truthful failed-verification record are retained.
implement-formal-nonbinary-ldpc	openspec/changes/archive/2026-10-04-implement-formal-nonbinary-ldpc-completed/specs/formal-nonbinary-ldpc/spec.md	Requirement: Canonical Codebook Evidence	openspec/specs/formal-nonbinary-ldpc/spec.md	no	yes	No delta merge: only engineering and truthful failed-verification record are retained.
implement-formal-nonbinary-ldpc	openspec/changes/archive/2026-10-04-implement-formal-nonbinary-ldpc-completed/specs/formal-nonbinary-ldpc/spec.md	Scenario: Tampered evidence	openspec/specs/formal-nonbinary-ldpc/spec.md	no	yes	No delta merge: only engineering and truthful failed-verification record are retained.
implement-formal-nonbinary-ldpc	openspec/changes/archive/2026-10-04-implement-formal-nonbinary-ldpc-completed/specs/formal-nonbinary-ldpc/spec.md	Requirement: N1 Evidence Boundary	openspec/specs/formal-nonbinary-ldpc/spec.md	no	yes	No delta merge: only engineering and truthful failed-verification record are retained.
implement-formal-nonbinary-ldpc	openspec/changes/archive/2026-10-04-implement-formal-nonbinary-ldpc-completed/specs/formal-nonbinary-ldpc/spec.md	Requirement: Bounded Syndrome Decoder Feasibility	openspec/specs/formal-nonbinary-ldpc/spec.md	no	yes	No delta merge: only engineering and truthful failed-verification record are retained.
implement-formal-nonbinary-ldpc	openspec/changes/archive/2026-10-04-implement-formal-nonbinary-ldpc-completed/specs/formal-nonbinary-ldpc/spec.md	Scenario: Consistent coset result	openspec/specs/formal-nonbinary-ldpc/spec.md	no	yes	No delta merge: only engineering and truthful failed-verification record are retained.
implement-formal-nonbinary-ldpc	openspec/changes/archive/2026-10-04-implement-formal-nonbinary-ldpc-completed/specs/formal-nonbinary-ldpc/spec.md	Scenario: Resource cap	openspec/specs/formal-nonbinary-ldpc/spec.md	no	yes	No delta merge: only engineering and truthful failed-verification record are retained.
implement-formal-nonbinary-ldpc	openspec/changes/archive/2026-10-04-implement-formal-nonbinary-ldpc-completed/specs/formal-nonbinary-ldpc/spec.md	Requirement: QSPA Check Semantics	openspec/specs/formal-nonbinary-ldpc/spec.md	no	yes	No delta merge: only engineering and truthful failed-verification record are retained.
implement-formal-nonbinary-ldpc	openspec/changes/archive/2026-10-04-implement-formal-nonbinary-ldpc-completed/specs/formal-nonbinary-ldpc/spec.md	Requirement: Formal Nonbinary Mapping And Disclosure	openspec/specs/formal-nonbinary-ldpc/spec.md	no	yes	No delta merge: only engineering and truthful failed-verification record are retained.
implement-formal-nonbinary-ldpc	openspec/changes/archive/2026-10-04-implement-formal-nonbinary-ldpc-completed/specs/formal-nonbinary-ldpc/spec.md	Scenario: Toeplitz verification	openspec/specs/formal-nonbinary-ldpc/spec.md	no	yes	No delta merge: only engineering and truthful failed-verification record are retained.
implement-formal-nonbinary-ldpc	openspec/changes/archive/2026-10-04-implement-formal-nonbinary-ldpc-completed/specs/formal-nonbinary-ldpc/spec.md	Requirement: N2 Evidence Boundary	openspec/specs/formal-nonbinary-ldpc/spec.md	no	yes	No delta merge: only engineering and truthful failed-verification record are retained.
implement-formal-nonbinary-ldpc	openspec/changes/archive/2026-10-04-implement-formal-nonbinary-ldpc-completed/specs/formal-nonbinary-ldpc/spec.md	Requirement: Frozen N3 Synthetic Evidence	openspec/specs/formal-nonbinary-ldpc/spec.md	no	yes	No delta merge: only engineering and truthful failed-verification record are retained.
implement-formal-nonbinary-ldpc	openspec/changes/archive/2026-10-04-implement-formal-nonbinary-ldpc-completed/specs/formal-nonbinary-ldpc/spec.md	Requirement: Global Development Policy	openspec/specs/formal-nonbinary-ldpc/spec.md	no	yes	No delta merge: only engineering and truthful failed-verification record are retained.
implement-formal-nonbinary-ldpc	openspec/changes/archive/2026-10-04-implement-formal-nonbinary-ldpc-completed/specs/formal-nonbinary-ldpc/spec.md	Scenario: Confirmation isolation	openspec/specs/formal-nonbinary-ldpc/spec.md	no	yes	No delta merge: only engineering and truthful failed-verification record are retained.
implement-formal-nonbinary-ldpc	openspec/changes/archive/2026-10-04-implement-formal-nonbinary-ldpc-completed/specs/formal-nonbinary-ldpc/spec.md	Requirement: Formal Confirmation Gate	openspec/specs/formal-nonbinary-ldpc/spec.md	no	yes	No delta merge: only engineering and truthful failed-verification record are retained.
implement-formal-nonbinary-ldpc	openspec/changes/archive/2026-10-04-implement-formal-nonbinary-ldpc-completed/specs/formal-nonbinary-ldpc/spec.md	Scenario: Gate failure	openspec/specs/formal-nonbinary-ldpc/spec.md	no	yes	No delta merge: only engineering and truthful failed-verification record are retained.
implement-formal-nonbinary-ldpc	openspec/changes/archive/2026-10-04-implement-formal-nonbinary-ldpc-completed/specs/formal-nonbinary-ldpc/spec.md	Requirement: Additive Strict Artifacts	openspec/specs/formal-nonbinary-ldpc/spec.md	no	yes	No delta merge: only engineering and truthful failed-verification record are retained.
implement-formal-nonbinary-ldpc	openspec/changes/archive/2026-10-04-implement-formal-nonbinary-ldpc-completed/specs/formal-nonbinary-ldpc/spec.md	Scenario: Invalid execution	openspec/specs/formal-nonbinary-ldpc/spec.md	no	yes	No delta merge: only engineering and truthful failed-verification record are retained.
improve-formal-nonbinary-ldpc-v2	openspec/changes/archive/2026-10-04-improve-formal-nonbinary-ldpc-v2-completed/specs/formal-nonbinary-ldpc-v2/spec.md	Requirement: Independent successor evidence	openspec/specs/formal-nonbinary-ldpc-v2/spec.md	no	yes	Omitted by exact frozen merge scope: Merge only reviewed implementation/strict-verification/negative-development scope; exclude N4 or real-data clauses.
improve-formal-nonbinary-ldpc-v2	openspec/changes/archive/2026-10-04-improve-formal-nonbinary-ldpc-v2-completed/specs/formal-nonbinary-ldpc-v2/spec.md	Requirement: Exact QC48 construction and candidates	openspec/specs/formal-nonbinary-ldpc-v2/spec.md	no	yes	Omitted by exact frozen merge scope: Merge only reviewed implementation/strict-verification/negative-development scope; exclude N4 or real-data clauses.
improve-formal-nonbinary-ldpc-v2	openspec/changes/archive/2026-10-04-improve-formal-nonbinary-ldpc-v2-completed/specs/formal-nonbinary-ldpc-v2/spec.md	Requirement: Fresh qualification and accounting	openspec/specs/formal-nonbinary-ldpc-v2/spec.md	no	yes	Omitted by exact frozen merge scope: Merge only reviewed implementation/strict-verification/negative-development scope; exclude N4 or real-data clauses.
improve-formal-nonbinary-ldpc-v2	openspec/changes/archive/2026-10-04-improve-formal-nonbinary-ldpc-v2-completed/specs/formal-nonbinary-ldpc-v2/spec.md	Requirement: Promotion, artifacts, and provenance	openspec/specs/formal-nonbinary-ldpc-v2/spec.md	no	yes	Omitted by exact frozen merge scope: Merge only reviewed implementation/strict-verification/negative-development scope; exclude N4 or real-data clauses.
improve-formal-nonbinary-ldpc-v2	openspec/changes/archive/2026-10-04-improve-formal-nonbinary-ldpc-v2-completed/specs/formal-nonbinary-ldpc-v2/spec.md	Requirement: N4 boundary	openspec/specs/formal-nonbinary-ldpc-v2/spec.md	no	yes	Omitted by exact frozen merge scope: Merge only reviewed implementation/strict-verification/negative-development scope; exclude N4 or real-data clauses.
m2-honest-baselines	openspec/changes/archive/2026-10-04-m2-honest-baselines-completed/specs/methods/hd-cascade.md	S-HDC-01: 身份与增量边界	openspec/specs/methods/hd-cascade.md	no	yes	Zero merge: no separately accepted engineering/process title is identified.
m2-honest-baselines	openspec/changes/archive/2026-10-04-m2-honest-baselines-completed/specs/methods/hd-cascade.md	S-HDC-02: 映射与块长	openspec/specs/methods/hd-cascade.md	no	yes	Zero merge: no separately accepted engineering/process title is identified.
m2-honest-baselines	openspec/changes/archive/2026-10-04-m2-honest-baselines-completed/specs/methods/hd-cascade.md	S-HDC-03: 会计（A-CMPE-1..4）	openspec/specs/methods/hd-cascade.md	no	yes	Zero merge: no separately accepted engineering/process title is identified.
m2-honest-baselines	openspec/changes/archive/2026-10-04-m2-honest-baselines-completed/specs/methods/layered-binary.md	S-LB-01: 身份与替换关系	openspec/specs/methods/layered-binary.md	no	yes	Zero merge: no separately accepted engineering/process title is identified.
m2-honest-baselines	openspec/changes/archive/2026-10-04-m2-honest-baselines-completed/specs/methods/layered-binary.md	S-LB-02: 分配与构造	openspec/specs/methods/layered-binary.md	no	yes	Zero merge: no separately accepted engineering/process title is identified.
m2-honest-baselines	openspec/changes/archive/2026-10-04-m2-honest-baselines-completed/specs/methods/layered-binary.md	S-LB-03: 盲协调与译码	openspec/specs/methods/layered-binary.md	no	yes	Zero merge: no separately accepted engineering/process title is identified.
m2-honest-baselines	openspec/changes/archive/2026-10-04-m2-honest-baselines-completed/specs/methods/layered-binary.md	S-LB-04: 会计（A-CMPE-1..7）	openspec/specs/methods/layered-binary.md	no	yes	Zero merge: no separately accepted engineering/process title is identified.
m2-honest-baselines-impl	<no archived specs/*.md>	<no source requirement>	<none>	no	yes	Zero merge: no separately accepted implementation title is identified.
m2real-accounting-correction	openspec/changes/archive/2026-10-04-m2real-accounting-correction-completed/specs/m2-corrected-accounting/spec.md	MAC-1 Tag-unit definitions	openspec/specs/m2-corrected-accounting/spec.md	no	yes	Zero merge: frozen scope is not separated by an exact source-title boundary; source merge note: yes, merge the accepted accounting-correction delta only
m2real-accounting-correction	openspec/changes/archive/2026-10-04-m2real-accounting-correction-completed/specs/m2-corrected-accounting/spec.md	MAC-2 Actual disclosure as primary	openspec/specs/m2-corrected-accounting/spec.md	no	yes	Zero merge: frozen scope is not separated by an exact source-title boundary; source merge note: yes, merge the accepted accounting-correction delta only
m2real-accounting-correction	openspec/changes/archive/2026-10-04-m2real-accounting-correction-completed/specs/m2-corrected-accounting/spec.md	MAC-3 Counterfactual labelling	openspec/specs/m2-corrected-accounting/spec.md	no	yes	Zero merge: frozen scope is not separated by an exact source-title boundary; source merge note: yes, merge the accepted accounting-correction delta only
m2real-accounting-correction	openspec/changes/archive/2026-10-04-m2real-accounting-correction-completed/specs/m2-corrected-accounting/spec.md	MAC-4 FER units and f_eff	openspec/specs/m2-corrected-accounting/spec.md	no	yes	Zero merge: frozen scope is not separated by an exact source-title boundary; source merge note: yes, merge the accepted accounting-correction delta only
m2real-accounting-correction	openspec/changes/archive/2026-10-04-m2real-accounting-correction-completed/specs/m2-corrected-accounting/spec.md	MAC-5 Backend provenance	openspec/specs/m2-corrected-accounting/spec.md	no	yes	Zero merge: frozen scope is not separated by an exact source-title boundary; source merge note: yes, merge the accepted accounting-correction delta only
m2real-accounting-correction	openspec/changes/archive/2026-10-04-m2real-accounting-correction-completed/specs/m2-corrected-accounting/spec.md	MAC-6 Method identity and HDC verification-path void	openspec/specs/m2-corrected-accounting/spec.md	no	yes	Zero merge: frozen scope is not separated by an exact source-title boundary; source merge note: yes, merge the accepted accounting-correction delta only
m2real-accounting-correction	openspec/changes/archive/2026-10-04-m2real-accounting-correction-completed/specs/m2-corrected-accounting/spec.md	MAC-7 D2 retirement (M2 scope)	openspec/specs/m2-corrected-accounting/spec.md	no	yes	Zero merge: frozen scope is not separated by an exact source-title boundary; source merge note: yes, merge the accepted accounting-correction delta only
m2real-accounting-correction	openspec/changes/archive/2026-10-04-m2real-accounting-correction-completed/specs/m2-corrected-accounting/spec.md	MAC-8 Status discipline and claim ceiling	openspec/specs/m2-corrected-accounting/spec.md	no	yes	Zero merge: frozen scope is not separated by an exact source-title boundary; source merge note: yes, merge the accepted accounting-correction delta only
m2real-accounting-correction	openspec/changes/archive/2026-10-04-m2real-accounting-correction-completed/specs/m2-corrected-accounting/spec.md	MAC-9 HDC exclusion from D2 and the comparison table	openspec/specs/m2-corrected-accounting/spec.md	no	yes	Zero merge: frozen scope is not separated by an exact source-title boundary; source merge note: yes, merge the accepted accounting-correction delta only
m2real-accounting-correction	openspec/changes/archive/2026-10-04-m2real-accounting-correction-completed/specs/m2-corrected-accounting/spec.md	MAC-10 Layered-Binary disclosure void (no-correction)	openspec/specs/m2-corrected-accounting/spec.md	no	yes	Zero merge: frozen scope is not separated by an exact source-title boundary; source merge note: yes, merge the accepted accounting-correction delta only
m2real-accounting-replay	openspec/changes/archive/2026-10-04-m2real-accounting-replay-completed/specs/m2-accounting-replay/spec.md	ACR-1 Actual disclosure	openspec/specs/m2-accounting-replay/spec.md	yes	no	Included within exact frozen merge scope: only accepted stored-disclosure arithmetic; no method ranking
m2real-accounting-replay	openspec/changes/archive/2026-10-04-m2real-accounting-replay-completed/specs/m2-accounting-replay/spec.md	ACR-2 Tag scope	openspec/specs/m2-accounting-replay/spec.md	yes	no	Included within exact frozen merge scope: only accepted stored-disclosure arithmetic; no method ranking
m2real-accounting-replay	openspec/changes/archive/2026-10-04-m2real-accounting-replay-completed/specs/m2-accounting-replay/spec.md	ACR-3 Claim ceiling and provenance	openspec/specs/m2-accounting-replay/spec.md	yes	no	Included within exact frozen merge scope: only accepted stored-disclosure arithmetic; no method ranking
m2real-runner	<no archived specs/*.md>	<no source requirement>	<none>	no	yes	No spec delta for the reviewed runner/process scope.
m3c-real-u2-2m	openspec/changes/archive/2026-10-04-m3c-real-u2-2m-completed/specs/real-u2-diagnostic/spec.md	Requirement: bounded real transfer canary	openspec/specs/real-u2-diagnostic/spec.md	no	yes	Omitted by exact frozen merge scope: yes, only the executed technical runner/report/STOP scope
m3c-real-u2-2m	openspec/changes/archive/2026-10-04-m3c-real-u2-2m-completed/specs/real-u2-diagnostic/spec.md	Requirement: report semantics	openspec/specs/real-u2-diagnostic/spec.md	no	yes	Omitted by exact frozen merge scope: yes, only the executed technical runner/report/STOP scope
m3c-real-u2-2m	openspec/changes/archive/2026-10-04-m3c-real-u2-2m-completed/specs/real-u2-diagnostic/spec.md	Requirement: safety gates	openspec/specs/real-u2-diagnostic/spec.md	no	yes	Omitted by exact frozen merge scope: yes, only the executed technical runner/report/STOP scope
manual-codex-opencode-handoff	openspec/changes/archive/2026-10-04-manual-codex-opencode-handoff-completed/specs/research-cycle-workflow/spec.md	Requirement: Cross-agent handoff SHALL be manual	openspec/specs/research-cycle-workflow/spec.md	no	yes	Omitted by exact frozen merge scope: yes, merge both exact requirements in spec.md: Cross-agent handoff SHALL be manual (including its continuation scenario); Global bridge components SHALL remain untouched.
manual-codex-opencode-handoff	openspec/changes/archive/2026-10-04-manual-codex-opencode-handoff-completed/specs/research-cycle-workflow/spec.md	Scenario: An agent wants to continue the other agent	openspec/specs/research-cycle-workflow/spec.md	no	yes	Omitted by exact frozen merge scope: yes, merge both exact requirements in spec.md: Cross-agent handoff SHALL be manual (including its continuation scenario); Global bridge components SHALL remain untouched.
manual-codex-opencode-handoff	openspec/changes/archive/2026-10-04-manual-codex-opencode-handoff-completed/specs/research-cycle-workflow/spec.md	Requirement: Global bridge components SHALL remain untouched	openspec/specs/research-cycle-workflow/spec.md	no	yes	Omitted by exact frozen merge scope: yes, merge both exact requirements in spec.md: Cross-agent handoff SHALL be manual (including its continuation scenario); Global bridge components SHALL remain untouched.
optimize-real-ir-methods-after-success	openspec/changes/archive/2026-10-04-optimize-real-ir-methods-after-success-completed/specs/optimize-real-ir/spec.md	Requirements	openspec/specs/optimize-real-ir/spec.md	no	yes	Omitted by exact frozen merge scope: yes, limited to measured 14/14 scope
optimize-real-ir-methods-after-success	openspec/changes/archive/2026-10-04-optimize-real-ir-methods-after-success-completed/specs/optimize-real-ir/spec.md	Requirement: Maintain real_ir_success=True	openspec/specs/optimize-real-ir/spec.md	no	yes	Omitted by exact frozen merge scope: yes, limited to measured 14/14 scope
optimize-real-ir-methods-after-success	openspec/changes/archive/2026-10-04-optimize-real-ir-methods-after-success-completed/specs/optimize-real-ir/spec.md	Requirement: Exact leakage accounting for Cascade-lite	openspec/specs/optimize-real-ir/spec.md	no	yes	Omitted by exact frozen merge scope: yes, limited to measured 14/14 scope
optimize-real-ir-methods-after-success	openspec/changes/archive/2026-10-04-optimize-real-ir-methods-after-success-completed/specs/optimize-real-ir/spec.md	Requirement: Step-down parity validation for Layered LDPC	openspec/specs/optimize-real-ir/spec.md	no	yes	Omitted by exact frozen merge scope: yes, limited to measured 14/14 scope
optimize-real-ir-methods-after-success	openspec/changes/archive/2026-10-04-optimize-real-ir-methods-after-success-completed/specs/optimize-real-ir/spec.md	Requirement: Scalability frame size increase	openspec/specs/optimize-real-ir/spec.md	no	yes	Omitted by exact frozen merge scope: yes, limited to measured 14/14 scope
p4-feas-construct-runner	<no archived specs/*.md>	<no source requirement>	<none>	no	yes	No spec delta: docs-only retroactive behavior record.
plan-parallel-binary-nonbinary-ldpc	openspec/changes/archive/2026-10-04-plan-parallel-binary-nonbinary-ldpc-completed/specs/ldpc-parallel-research/spec.md	Requirement: Independent Method Identities	openspec/specs/ldpc-parallel-research/spec.md	no	yes	Omitted by exact frozen merge scope: Merge only lane-boundary/handoff clauses; no method result or execution authority.
plan-parallel-binary-nonbinary-ldpc	openspec/changes/archive/2026-10-04-plan-parallel-binary-nonbinary-ldpc-completed/specs/ldpc-parallel-research/spec.md	Requirement: Independent Evidence	openspec/specs/ldpc-parallel-research/spec.md	no	yes	Omitted by exact frozen merge scope: Merge only lane-boundary/handoff clauses; no method result or execution authority.
plan-parallel-binary-nonbinary-ldpc	openspec/changes/archive/2026-10-04-plan-parallel-binary-nonbinary-ldpc-completed/specs/ldpc-parallel-research/spec.md	Requirement: Parallel Development and Comparison Barrier	openspec/specs/ldpc-parallel-research/spec.md	no	yes	Omitted by exact frozen merge scope: Merge only lane-boundary/handoff clauses; no method result or execution authority.
prioritize-nbldpc-correction-20261003	openspec/changes/archive/2026-10-04-prioritize-nbldpc-correction-20261003-completed/specs/nbldpc-research-priority/spec.md	Requirement: prioritize correction and reconciliation efficiency	openspec/specs/nbldpc-research-priority/spec.md	no	yes	Omitted by exact frozen merge scope: yes, decision-record scope only
prioritize-nbldpc-correction-20261003	openspec/changes/archive/2026-10-04-prioritize-nbldpc-correction-20261003-completed/specs/nbldpc-research-priority/spec.md	Requirement: qualify implementation acceleration	openspec/specs/nbldpc-research-priority/spec.md	no	yes	Omitted by exact frozen merge scope: yes, decision-record scope only
real-ir-success-first	openspec/changes/archive/2026-10-04-real-ir-success-first-completed/specs/real-ir-success/spec.md	ADDED Requirements	openspec/specs/real-ir-success/spec.md	no	yes	Omitted by exact frozen merge scope: yes, only supported 32/34 artifacts and audit scope
real-ir-success-first	openspec/changes/archive/2026-10-04-real-ir-success-first-completed/specs/real-ir-success/spec.md	Requirement: Real IR success requires verification	openspec/specs/real-ir-success/spec.md	no	yes	Omitted by exact frozen merge scope: yes, only supported 32/34 artifacts and audit scope
real-ir-success-first	openspec/changes/archive/2026-10-04-real-ir-success-first-completed/specs/real-ir-success/spec.md	Scenario: Decoder improves error rate but verification fails	openspec/specs/real-ir-success/spec.md	no	yes	Omitted by exact frozen merge scope: yes, only supported 32/34 artifacts and audit scope
real-ir-success-first	openspec/changes/archive/2026-10-04-real-ir-success-first-completed/specs/real-ir-success/spec.md	Scenario: Decoder and verification succeed	openspec/specs/real-ir-success/spec.md	no	yes	Omitted by exact frozen merge scope: yes, only supported 32/34 artifacts and audit scope
real-ir-success-first	openspec/changes/archive/2026-10-04-real-ir-success-first-completed/specs/real-ir-success/spec.md	Requirement: Status values remain honest	openspec/specs/real-ir-success/spec.md	no	yes	Omitted by exact frozen merge scope: yes, only supported 32/34 artifacts and audit scope
real-ir-success-first	openspec/changes/archive/2026-10-04-real-ir-success-first-completed/specs/real-ir-success/spec.md	Scenario: Reference implementation produces a diagnostic row	openspec/specs/real-ir-success/spec.md	no	yes	Omitted by exact frozen merge scope: yes, only supported 32/34 artifacts and audit scope
real-ir-success-first	openspec/changes/archive/2026-10-04-real-ir-success-first-completed/specs/real-ir-success/spec.md	Requirement: Leakage and beta are not fabricated	openspec/specs/real-ir-success/spec.md	no	yes	Omitted by exact frozen merge scope: yes, only supported 32/34 artifacts and audit scope
real-ir-success-first	openspec/changes/archive/2026-10-04-real-ir-success-first-completed/specs/real-ir-success/spec.md	Scenario: Leakage is approximate	openspec/specs/real-ir-success/spec.md	no	yes	Omitted by exact frozen merge scope: yes, only supported 32/34 artifacts and audit scope
real-ir-success-first	openspec/changes/archive/2026-10-04-real-ir-success-first-completed/specs/real-ir-success/spec.md	Requirement: Representative real-frame validation precedes broad sweeps	openspec/specs/real-ir-success/spec.md	no	yes	Omitted by exact frozen merge scope: yes, only supported 32/34 artifacts and audit scope
real-ir-success-first	openspec/changes/archive/2026-10-04-real-ir-success-first-completed/specs/real-ir-success/spec.md	Scenario: A full sweep is requested before representative validation	openspec/specs/real-ir-success/spec.md	no	yes	Omitted by exact frozen merge scope: yes, only supported 32/34 artifacts and audit scope
real-ir-success-first	openspec/changes/archive/2026-10-04-real-ir-success-first-completed/specs/real-ir-success/spec.md	Requirement: Original Polar baseline remains frozen	openspec/specs/real-ir-success/spec.md	no	yes	Omitted by exact frozen merge scope: yes, only supported 32/34 artifacts and audit scope
real-ir-success-first	openspec/changes/archive/2026-10-04-real-ir-success-first-completed/specs/real-ir-success/spec.md	Scenario: A needed fix appears to require original Polar edits	openspec/specs/real-ir-success/spec.md	no	yes	Omitted by exact frozen merge scope: yes, only supported 32/34 artifacts and audit scope
repo-remote-decoupling	<no archived specs/*.md>	<no source requirement>	<none>	no	yes	No spec delta; the remote operation was only partially executed.
repository-wide-two-tier-research-workflow	openspec/changes/archive/2026-10-04-repository-wide-two-tier-research-workflow-completed/specs/research-cycle-workflow/spec.md	ADDED Requirements	openspec/specs/research-cycle-workflow/spec.md	yes	no	Included within exact frozen merge scope: yes, merge full accepted delta requirements: Every packet declares exactly one track; Two-tier policy is repository-wide default; Track eligibility follows concrete risk; EXPLORE artifact contract; DECIDE gate contract; Escalation from EXPLORE to DECIDE; Review scoping follows the track; Protected semantics are not weakened; Commits stay scoped and provenance-only; Machine terminal labels are scoped classifications; Track classification is decidable from the matrix.
repository-wide-two-tier-research-workflow	openspec/changes/archive/2026-10-04-repository-wide-two-tier-research-workflow-completed/specs/research-cycle-workflow/spec.md	Requirement: Every packet declares exactly one track	openspec/specs/research-cycle-workflow/spec.md	yes	no	Included within exact frozen merge scope: yes, merge full accepted delta requirements: Every packet declares exactly one track; Two-tier policy is repository-wide default; Track eligibility follows concrete risk; EXPLORE artifact contract; DECIDE gate contract; Escalation from EXPLORE to DECIDE; Review scoping follows the track; Protected semantics are not weakened; Commits stay scoped and provenance-only; Machine terminal labels are scoped classifications; Track classification is decidable from the matrix.
repository-wide-two-tier-research-workflow	openspec/changes/archive/2026-10-04-repository-wide-two-tier-research-workflow-completed/specs/research-cycle-workflow/spec.md	Scenario: Packet without a track	openspec/specs/research-cycle-workflow/spec.md	yes	no	Included within exact frozen merge scope: yes, merge full accepted delta requirements: Every packet declares exactly one track; Two-tier policy is repository-wide default; Track eligibility follows concrete risk; EXPLORE artifact contract; DECIDE gate contract; Escalation from EXPLORE to DECIDE; Review scoping follows the track; Protected semantics are not weakened; Commits stay scoped and provenance-only; Machine terminal labels are scoped classifications; Track classification is decidable from the matrix.
repository-wide-two-tier-research-workflow	openspec/changes/archive/2026-10-04-repository-wide-two-tier-research-workflow-completed/specs/research-cycle-workflow/spec.md	Scenario: Third track invented	openspec/specs/research-cycle-workflow/spec.md	yes	no	Included within exact frozen merge scope: yes, merge full accepted delta requirements: Every packet declares exactly one track; Two-tier policy is repository-wide default; Track eligibility follows concrete risk; EXPLORE artifact contract; DECIDE gate contract; Escalation from EXPLORE to DECIDE; Review scoping follows the track; Protected semantics are not weakened; Commits stay scoped and provenance-only; Machine terminal labels are scoped classifications; Track classification is decidable from the matrix.
repository-wide-two-tier-research-workflow	openspec/changes/archive/2026-10-04-repository-wide-two-tier-research-workflow-completed/specs/research-cycle-workflow/spec.md	Requirement: Two-tier policy is the repository-wide default	openspec/specs/research-cycle-workflow/spec.md	yes	no	Included within exact frozen merge scope: yes, merge full accepted delta requirements: Every packet declares exactly one track; Two-tier policy is repository-wide default; Track eligibility follows concrete risk; EXPLORE artifact contract; DECIDE gate contract; Escalation from EXPLORE to DECIDE; Review scoping follows the track; Protected semantics are not weakened; Commits stay scoped and provenance-only; Machine terminal labels are scoped classifications; Track classification is decidable from the matrix.
repository-wide-two-tier-research-workflow	openspec/changes/archive/2026-10-04-repository-wide-two-tier-research-workflow-completed/specs/research-cycle-workflow/spec.md	Scenario: New route starts	openspec/specs/research-cycle-workflow/spec.md	yes	no	Included within exact frozen merge scope: yes, merge full accepted delta requirements: Every packet declares exactly one track; Two-tier policy is repository-wide default; Track eligibility follows concrete risk; EXPLORE artifact contract; DECIDE gate contract; Escalation from EXPLORE to DECIDE; Review scoping follows the track; Protected semantics are not weakened; Commits stay scoped and provenance-only; Machine terminal labels are scoped classifications; Track classification is decidable from the matrix.
repository-wide-two-tier-research-workflow	openspec/changes/archive/2026-10-04-repository-wide-two-tier-research-workflow-completed/specs/research-cycle-workflow/spec.md	Scenario: Old name reused to add ceremony	openspec/specs/research-cycle-workflow/spec.md	yes	no	Included within exact frozen merge scope: yes, merge full accepted delta requirements: Every packet declares exactly one track; Two-tier policy is repository-wide default; Track eligibility follows concrete risk; EXPLORE artifact contract; DECIDE gate contract; Escalation from EXPLORE to DECIDE; Review scoping follows the track; Protected semantics are not weakened; Commits stay scoped and provenance-only; Machine terminal labels are scoped classifications; Track classification is decidable from the matrix.
repository-wide-two-tier-research-workflow	openspec/changes/archive/2026-10-04-repository-wide-two-tier-research-workflow-completed/specs/research-cycle-workflow/spec.md	Requirement: Track eligibility follows concrete risk	openspec/specs/research-cycle-workflow/spec.md	yes	no	Included within exact frozen merge scope: yes, merge full accepted delta requirements: Every packet declares exactly one track; Two-tier policy is repository-wide default; Track eligibility follows concrete risk; EXPLORE artifact contract; DECIDE gate contract; Escalation from EXPLORE to DECIDE; Review scoping follows the track; Protected semantics are not weakened; Commits stay scoped and provenance-only; Machine terminal labels are scoped classifications; Track classification is decidable from the matrix.
repository-wide-two-tier-research-workflow	openspec/changes/archive/2026-10-04-repository-wide-two-tier-research-workflow-completed/specs/research-cycle-workflow/spec.md	Scenario: Synthetic diagnostic batch	openspec/specs/research-cycle-workflow/spec.md	yes	no	Included within exact frozen merge scope: yes, merge full accepted delta requirements: Every packet declares exactly one track; Two-tier policy is repository-wide default; Track eligibility follows concrete risk; EXPLORE artifact contract; DECIDE gate contract; Escalation from EXPLORE to DECIDE; Review scoping follows the track; Protected semantics are not weakened; Commits stay scoped and provenance-only; Machine terminal labels are scoped classifications; Track classification is decidable from the matrix.
repository-wide-two-tier-research-workflow	openspec/changes/archive/2026-10-04-repository-wide-two-tier-research-workflow-completed/specs/research-cycle-workflow/spec.md	Scenario: Real-data run labeled EXPLORE	openspec/specs/research-cycle-workflow/spec.md	yes	no	Included within exact frozen merge scope: yes, merge full accepted delta requirements: Every packet declares exactly one track; Two-tier policy is repository-wide default; Track eligibility follows concrete risk; EXPLORE artifact contract; DECIDE gate contract; Escalation from EXPLORE to DECIDE; Review scoping follows the track; Protected semantics are not weakened; Commits stay scoped and provenance-only; Machine terminal labels are scoped classifications; Track classification is decidable from the matrix.
repository-wide-two-tier-research-workflow	openspec/changes/archive/2026-10-04-repository-wide-two-tier-research-workflow-completed/specs/research-cycle-workflow/spec.md	Requirement: EXPLORE artifact contract	openspec/specs/research-cycle-workflow/spec.md	yes	no	Included within exact frozen merge scope: yes, merge full accepted delta requirements: Every packet declares exactly one track; Two-tier policy is repository-wide default; Track eligibility follows concrete risk; EXPLORE artifact contract; DECIDE gate contract; Escalation from EXPLORE to DECIDE; Review scoping follows the track; Protected semantics are not weakened; Commits stay scoped and provenance-only; Machine terminal labels are scoped classifications; Track classification is decidable from the matrix.
repository-wide-two-tier-research-workflow	openspec/changes/archive/2026-10-04-repository-wide-two-tier-research-workflow-completed/specs/research-cycle-workflow/spec.md	Scenario: Frozen conditional arms	openspec/specs/research-cycle-workflow/spec.md	yes	no	Included within exact frozen merge scope: yes, merge full accepted delta requirements: Every packet declares exactly one track; Two-tier policy is repository-wide default; Track eligibility follows concrete risk; EXPLORE artifact contract; DECIDE gate contract; Escalation from EXPLORE to DECIDE; Review scoping follows the track; Protected semantics are not weakened; Commits stay scoped and provenance-only; Machine terminal labels are scoped classifications; Track classification is decidable from the matrix.
repository-wide-two-tier-research-workflow	openspec/changes/archive/2026-10-04-repository-wide-two-tier-research-workflow-completed/specs/research-cycle-workflow/spec.md	Scenario: Per-arm file demanded	openspec/specs/research-cycle-workflow/spec.md	yes	no	Included within exact frozen merge scope: yes, merge full accepted delta requirements: Every packet declares exactly one track; Two-tier policy is repository-wide default; Track eligibility follows concrete risk; EXPLORE artifact contract; DECIDE gate contract; Escalation from EXPLORE to DECIDE; Review scoping follows the track; Protected semantics are not weakened; Commits stay scoped and provenance-only; Machine terminal labels are scoped classifications; Track classification is decidable from the matrix.
repository-wide-two-tier-research-workflow	openspec/changes/archive/2026-10-04-repository-wide-two-tier-research-workflow-completed/specs/research-cycle-workflow/spec.md	Requirement: DECIDE gate contract	openspec/specs/research-cycle-workflow/spec.md	yes	no	Included within exact frozen merge scope: yes, merge full accepted delta requirements: Every packet declares exactly one track; Two-tier policy is repository-wide default; Track eligibility follows concrete risk; EXPLORE artifact contract; DECIDE gate contract; Escalation from EXPLORE to DECIDE; Review scoping follows the track; Protected semantics are not weakened; Commits stay scoped and provenance-only; Machine terminal labels are scoped classifications; Track classification is decidable from the matrix.
repository-wide-two-tier-research-workflow	openspec/changes/archive/2026-10-04-repository-wide-two-tier-research-workflow-completed/specs/research-cycle-workflow/spec.md	Scenario: Claim-bearing run without authorization	openspec/specs/research-cycle-workflow/spec.md	yes	no	Included within exact frozen merge scope: yes, merge full accepted delta requirements: Every packet declares exactly one track; Two-tier policy is repository-wide default; Track eligibility follows concrete risk; EXPLORE artifact contract; DECIDE gate contract; Escalation from EXPLORE to DECIDE; Review scoping follows the track; Protected semantics are not weakened; Commits stay scoped and provenance-only; Machine terminal labels are scoped classifications; Track classification is decidable from the matrix.
repository-wide-two-tier-research-workflow	openspec/changes/archive/2026-10-04-repository-wide-two-tier-research-workflow-completed/specs/research-cycle-workflow/spec.md	Scenario: Result solidification without independent review	openspec/specs/research-cycle-workflow/spec.md	yes	no	Included within exact frozen merge scope: yes, merge full accepted delta requirements: Every packet declares exactly one track; Two-tier policy is repository-wide default; Track eligibility follows concrete risk; EXPLORE artifact contract; DECIDE gate contract; Escalation from EXPLORE to DECIDE; Review scoping follows the track; Protected semantics are not weakened; Commits stay scoped and provenance-only; Machine terminal labels are scoped classifications; Track classification is decidable from the matrix.
repository-wide-two-tier-research-workflow	openspec/changes/archive/2026-10-04-repository-wide-two-tier-research-workflow-completed/specs/research-cycle-workflow/spec.md	Requirement: Escalation from EXPLORE to DECIDE	openspec/specs/research-cycle-workflow/spec.md	yes	no	Included within exact frozen merge scope: yes, merge full accepted delta requirements: Every packet declares exactly one track; Two-tier policy is repository-wide default; Track eligibility follows concrete risk; EXPLORE artifact contract; DECIDE gate contract; Escalation from EXPLORE to DECIDE; Review scoping follows the track; Protected semantics are not weakened; Commits stay scoped and provenance-only; Machine terminal labels are scoped classifications; Track classification is decidable from the matrix.
repository-wide-two-tier-research-workflow	openspec/changes/archive/2026-10-04-repository-wide-two-tier-research-workflow-completed/specs/research-cycle-workflow/spec.md	Scenario: Exploratory probe reaches a route gate	openspec/specs/research-cycle-workflow/spec.md	yes	no	Included within exact frozen merge scope: yes, merge full accepted delta requirements: Every packet declares exactly one track; Two-tier policy is repository-wide default; Track eligibility follows concrete risk; EXPLORE artifact contract; DECIDE gate contract; Escalation from EXPLORE to DECIDE; Review scoping follows the track; Protected semantics are not weakened; Commits stay scoped and provenance-only; Machine terminal labels are scoped classifications; Track classification is decidable from the matrix.
repository-wide-two-tier-research-workflow	openspec/changes/archive/2026-10-04-repository-wide-two-tier-research-workflow-completed/specs/research-cycle-workflow/spec.md	Scenario: Decoder called on synthetic probe	openspec/specs/research-cycle-workflow/spec.md	yes	no	Included within exact frozen merge scope: yes, merge full accepted delta requirements: Every packet declares exactly one track; Two-tier policy is repository-wide default; Track eligibility follows concrete risk; EXPLORE artifact contract; DECIDE gate contract; Escalation from EXPLORE to DECIDE; Review scoping follows the track; Protected semantics are not weakened; Commits stay scoped and provenance-only; Machine terminal labels are scoped classifications; Track classification is decidable from the matrix.
repository-wide-two-tier-research-workflow	openspec/changes/archive/2026-10-04-repository-wide-two-tier-research-workflow-completed/specs/research-cycle-workflow/spec.md	Requirement: Review scoping follows the track	openspec/specs/research-cycle-workflow/spec.md	yes	no	Included within exact frozen merge scope: yes, merge full accepted delta requirements: Every packet declares exactly one track; Two-tier policy is repository-wide default; Track eligibility follows concrete risk; EXPLORE artifact contract; DECIDE gate contract; Escalation from EXPLORE to DECIDE; Review scoping follows the track; Protected semantics are not weakened; Commits stay scoped and provenance-only; Machine terminal labels are scoped classifications; Track classification is decidable from the matrix.
repository-wide-two-tier-research-workflow	openspec/changes/archive/2026-10-04-repository-wide-two-tier-research-workflow-completed/specs/research-cycle-workflow/spec.md	Scenario: Seconds-scale probe fails then reruns	openspec/specs/research-cycle-workflow/spec.md	yes	no	Included within exact frozen merge scope: yes, merge full accepted delta requirements: Every packet declares exactly one track; Two-tier policy is repository-wide default; Track eligibility follows concrete risk; EXPLORE artifact contract; DECIDE gate contract; Escalation from EXPLORE to DECIDE; Review scoping follows the track; Protected semantics are not weakened; Commits stay scoped and provenance-only; Machine terminal labels are scoped classifications; Track classification is decidable from the matrix.
repository-wide-two-tier-research-workflow	openspec/changes/archive/2026-10-04-repository-wide-two-tier-research-workflow-completed/specs/research-cycle-workflow/spec.md	Scenario: Failed DECIDE gate	openspec/specs/research-cycle-workflow/spec.md	yes	no	Included within exact frozen merge scope: yes, merge full accepted delta requirements: Every packet declares exactly one track; Two-tier policy is repository-wide default; Track eligibility follows concrete risk; EXPLORE artifact contract; DECIDE gate contract; Escalation from EXPLORE to DECIDE; Review scoping follows the track; Protected semantics are not weakened; Commits stay scoped and provenance-only; Machine terminal labels are scoped classifications; Track classification is decidable from the matrix.
repository-wide-two-tier-research-workflow	openspec/changes/archive/2026-10-04-repository-wide-two-tier-research-workflow-completed/specs/research-cycle-workflow/spec.md	Requirement: Protected semantics are not weakened	openspec/specs/research-cycle-workflow/spec.md	yes	no	Included within exact frozen merge scope: yes, merge full accepted delta requirements: Every packet declares exactly one track; Two-tier policy is repository-wide default; Track eligibility follows concrete risk; EXPLORE artifact contract; DECIDE gate contract; Escalation from EXPLORE to DECIDE; Review scoping follows the track; Protected semantics are not weakened; Commits stay scoped and provenance-only; Machine terminal labels are scoped classifications; Track classification is decidable from the matrix.
repository-wide-two-tier-research-workflow	openspec/changes/archive/2026-10-04-repository-wide-two-tier-research-workflow-completed/specs/research-cycle-workflow/spec.md	Scenario: Undetected outcomes in a report	openspec/specs/research-cycle-workflow/spec.md	yes	no	Included within exact frozen merge scope: yes, merge full accepted delta requirements: Every packet declares exactly one track; Two-tier policy is repository-wide default; Track eligibility follows concrete risk; EXPLORE artifact contract; DECIDE gate contract; Escalation from EXPLORE to DECIDE; Review scoping follows the track; Protected semantics are not weakened; Commits stay scoped and provenance-only; Machine terminal labels are scoped classifications; Track classification is decidable from the matrix.
repository-wide-two-tier-research-workflow	openspec/changes/archive/2026-10-04-repository-wide-two-tier-research-workflow-completed/specs/research-cycle-workflow/spec.md	Requirement: Commits stay scoped and provenance-only	openspec/specs/research-cycle-workflow/spec.md	yes	no	Included within exact frozen merge scope: yes, merge full accepted delta requirements: Every packet declares exactly one track; Two-tier policy is repository-wide default; Track eligibility follows concrete risk; EXPLORE artifact contract; DECIDE gate contract; Escalation from EXPLORE to DECIDE; Review scoping follows the track; Protected semantics are not weakened; Commits stay scoped and provenance-only; Machine terminal labels are scoped classifications; Track classification is decidable from the matrix.
repository-wide-two-tier-research-workflow	openspec/changes/archive/2026-10-04-repository-wide-two-tier-research-workflow-completed/specs/research-cycle-workflow/spec.md	Scenario: Dirty worktree commit	openspec/specs/research-cycle-workflow/spec.md	yes	no	Included within exact frozen merge scope: yes, merge full accepted delta requirements: Every packet declares exactly one track; Two-tier policy is repository-wide default; Track eligibility follows concrete risk; EXPLORE artifact contract; DECIDE gate contract; Escalation from EXPLORE to DECIDE; Review scoping follows the track; Protected semantics are not weakened; Commits stay scoped and provenance-only; Machine terminal labels are scoped classifications; Track classification is decidable from the matrix.
repository-wide-two-tier-research-workflow	openspec/changes/archive/2026-10-04-repository-wide-two-tier-research-workflow-completed/specs/research-cycle-workflow/spec.md	Requirement: Machine terminal labels are scoped classifications	openspec/specs/research-cycle-workflow/spec.md	yes	no	Included within exact frozen merge scope: yes, merge full accepted delta requirements: Every packet declares exactly one track; Two-tier policy is repository-wide default; Track eligibility follows concrete risk; EXPLORE artifact contract; DECIDE gate contract; Escalation from EXPLORE to DECIDE; Review scoping follows the track; Protected semantics are not weakened; Commits stay scoped and provenance-only; Machine terminal labels are scoped classifications; Track classification is decidable from the matrix.
repository-wide-two-tier-research-workflow	openspec/changes/archive/2026-10-04-repository-wide-two-tier-research-workflow-completed/specs/research-cycle-workflow/spec.md	Scenario: D7-F label cited	openspec/specs/research-cycle-workflow/spec.md	yes	no	Included within exact frozen merge scope: yes, merge full accepted delta requirements: Every packet declares exactly one track; Two-tier policy is repository-wide default; Track eligibility follows concrete risk; EXPLORE artifact contract; DECIDE gate contract; Escalation from EXPLORE to DECIDE; Review scoping follows the track; Protected semantics are not weakened; Commits stay scoped and provenance-only; Machine terminal labels are scoped classifications; Track classification is decidable from the matrix.
repository-wide-two-tier-research-workflow	openspec/changes/archive/2026-10-04-repository-wide-two-tier-research-workflow-completed/specs/research-cycle-workflow/spec.md	Requirement: Track classification is decidable from the matrix	openspec/specs/research-cycle-workflow/spec.md	yes	no	Included within exact frozen merge scope: yes, merge full accepted delta requirements: Every packet declares exactly one track; Two-tier policy is repository-wide default; Track eligibility follows concrete risk; EXPLORE artifact contract; DECIDE gate contract; Escalation from EXPLORE to DECIDE; Review scoping follows the track; Protected semantics are not weakened; Commits stay scoped and provenance-only; Machine terminal labels are scoped classifications; Track classification is decidable from the matrix.
repository-wide-two-tier-research-workflow	openspec/changes/archive/2026-10-04-repository-wide-two-tier-research-workflow-completed/specs/research-cycle-workflow/spec.md	Scenario: Arbitrary future task	openspec/specs/research-cycle-workflow/spec.md	yes	no	Included within exact frozen merge scope: yes, merge full accepted delta requirements: Every packet declares exactly one track; Two-tier policy is repository-wide default; Track eligibility follows concrete risk; EXPLORE artifact contract; DECIDE gate contract; Escalation from EXPLORE to DECIDE; Review scoping follows the track; Protected semantics are not weakened; Commits stay scoped and provenance-only; Machine terminal labels are scoped classifications; Track classification is decidable from the matrix.
research-code-engineering-policy	openspec/changes/archive/2026-10-04-research-code-engineering-policy-completed/specs/agent-engineering-policy/spec.md	ADDED Requirements	openspec/specs/agent-engineering-policy/spec.md	no	yes	Omitted by exact frozen merge scope: yes, merge the two exact requirements in spec.md: Research Code Engineering Policy in AGENTS.md; High-performance correction algorithms are the strict first principle.
research-code-engineering-policy	openspec/changes/archive/2026-10-04-research-code-engineering-policy-completed/specs/agent-engineering-policy/spec.md	Requirement: Research Code Engineering Policy in AGENTS.md	openspec/specs/agent-engineering-policy/spec.md	no	yes	Omitted by exact frozen merge scope: yes, merge the two exact requirements in spec.md: Research Code Engineering Policy in AGENTS.md; High-performance correction algorithms are the strict first principle.
research-code-engineering-policy	openspec/changes/archive/2026-10-04-research-code-engineering-policy-completed/specs/agent-engineering-policy/spec.md	Requirement: High-performance correction algorithms are the strict first principle	openspec/specs/agent-engineering-policy/spec.md	no	yes	Omitted by exact frozen merge scope: yes, merge the two exact requirements in spec.md: Research Code Engineering Policy in AGENTS.md; High-performance correction algorithms are the strict first principle.
research-code-engineering-policy	openspec/changes/archive/2026-10-04-research-code-engineering-policy-completed/specs/agent-engineering-policy/spec.md	Scenario: Review finds a defensive or verifier improvement	openspec/specs/agent-engineering-policy/spec.md	no	yes	Omitted by exact frozen merge scope: yes, merge the two exact requirements in spec.md: Research Code Engineering Policy in AGENTS.md; High-performance correction algorithms are the strict first principle.
research-code-engineering-policy	openspec/changes/archive/2026-10-04-research-code-engineering-policy-completed/specs/agent-engineering-policy/spec.md	Scenario: Algorithm and package work compete for effort	openspec/specs/agent-engineering-policy/spec.md	no	yes	Omitted by exact frozen merge scope: yes, merge the two exact requirements in spec.md: Research Code Engineering Policy in AGENTS.md; High-performance correction algorithms are the strict first principle.
research-cycle-github-chatgpt-opencode-handoff	openspec/changes/archive/2026-10-04-research-cycle-github-chatgpt-opencode-handoff-completed/specs/workflow/spec.md	Requirements	openspec/specs/workflow/spec.md	no	yes	Omitted by exact frozen merge scope: yes, merge implemented RC-01..RC-06 requirement titles: Durable review target; Copy-paste contracts; Role separation; Git evidence contract; Scientific priority; GitHub safety; retain the outstanding T6 publication task as partial.
research-cycle-github-chatgpt-opencode-handoff	openspec/changes/archive/2026-10-04-research-cycle-github-chatgpt-opencode-handoff-completed/specs/workflow/spec.md	RC-01: Durable review target	openspec/specs/workflow/spec.md	yes	no	Included within exact frozen merge scope: yes, merge implemented RC-01..RC-06 requirement titles: Durable review target; Copy-paste contracts; Role separation; Git evidence contract; Scientific priority; GitHub safety; retain the outstanding T6 publication task as partial.
research-cycle-github-chatgpt-opencode-handoff	openspec/changes/archive/2026-10-04-research-cycle-github-chatgpt-opencode-handoff-completed/specs/workflow/spec.md	RC-02: Copy-paste contracts	openspec/specs/workflow/spec.md	yes	no	Included within exact frozen merge scope: yes, merge implemented RC-01..RC-06 requirement titles: Durable review target; Copy-paste contracts; Role separation; Git evidence contract; Scientific priority; GitHub safety; retain the outstanding T6 publication task as partial.
research-cycle-github-chatgpt-opencode-handoff	openspec/changes/archive/2026-10-04-research-cycle-github-chatgpt-opencode-handoff-completed/specs/workflow/spec.md	RC-03: Role separation	openspec/specs/workflow/spec.md	yes	no	Included within exact frozen merge scope: yes, merge implemented RC-01..RC-06 requirement titles: Durable review target; Copy-paste contracts; Role separation; Git evidence contract; Scientific priority; GitHub safety; retain the outstanding T6 publication task as partial.
research-cycle-github-chatgpt-opencode-handoff	openspec/changes/archive/2026-10-04-research-cycle-github-chatgpt-opencode-handoff-completed/specs/workflow/spec.md	RC-04: Git evidence contract	openspec/specs/workflow/spec.md	yes	no	Included within exact frozen merge scope: yes, merge implemented RC-01..RC-06 requirement titles: Durable review target; Copy-paste contracts; Role separation; Git evidence contract; Scientific priority; GitHub safety; retain the outstanding T6 publication task as partial.
research-cycle-github-chatgpt-opencode-handoff	openspec/changes/archive/2026-10-04-research-cycle-github-chatgpt-opencode-handoff-completed/specs/workflow/spec.md	RC-05: Scientific priority	openspec/specs/workflow/spec.md	yes	no	Included within exact frozen merge scope: yes, merge implemented RC-01..RC-06 requirement titles: Durable review target; Copy-paste contracts; Role separation; Git evidence contract; Scientific priority; GitHub safety; retain the outstanding T6 publication task as partial.
research-cycle-github-chatgpt-opencode-handoff	openspec/changes/archive/2026-10-04-research-cycle-github-chatgpt-opencode-handoff-completed/specs/workflow/spec.md	RC-06: GitHub safety	openspec/specs/workflow/spec.md	yes	no	Included within exact frozen merge scope: yes, merge implemented RC-01..RC-06 requirement titles: Durable review target; Copy-paste contracts; Role separation; Git evidence contract; Scientific priority; GitHub safety; retain the outstanding T6 publication task as partial.
research-cycle-sop-single-user-simplification	openspec/changes/archive/2026-10-04-research-cycle-sop-single-user-simplification-completed/specs/research-cycle-workflow/spec.md	Requirement: Git SHALL be provenance, not the default execution gate	openspec/specs/research-cycle-workflow/spec.md	no	yes	Omitted by exact frozen merge scope: yes, merge Git as provenance rather than default execution gate; scientific/non-overwrite Pre-EXECUTE checks; exceptional stronger revision locks; existing-packet inheritance; protected result semantics. Constrain review-frequency clause by accepted repository-wide two-tier successor.
research-cycle-sop-single-user-simplification	openspec/changes/archive/2026-10-04-research-cycle-sop-single-user-simplification-completed/specs/research-cycle-workflow/spec.md	Scenario: Review records advance HEAD	openspec/specs/research-cycle-workflow/spec.md	no	yes	Omitted by exact frozen merge scope: yes, merge Git as provenance rather than default execution gate; scientific/non-overwrite Pre-EXECUTE checks; exceptional stronger revision locks; existing-packet inheritance; protected result semantics. Constrain review-frequency clause by accepted repository-wide two-tier successor.
research-cycle-sop-single-user-simplification	openspec/changes/archive/2026-10-04-research-cycle-sop-single-user-simplification-completed/specs/research-cycle-workflow/spec.md	Requirement: Pre-EXECUTE SHALL check scientific and overwrite risks	openspec/specs/research-cycle-workflow/spec.md	no	yes	Omitted by exact frozen merge scope: yes, merge Git as provenance rather than default execution gate; scientific/non-overwrite Pre-EXECUTE checks; exceptional stronger revision locks; existing-packet inheritance; protected result semantics. Constrain review-frequency clause by accepted repository-wide two-tier successor.
research-cycle-sop-single-user-simplification	openspec/changes/archive/2026-10-04-research-cycle-sop-single-user-simplification-completed/specs/research-cycle-workflow/spec.md	Scenario: A scoped file changed after review	openspec/specs/research-cycle-workflow/spec.md	no	yes	Omitted by exact frozen merge scope: yes, merge Git as provenance rather than default execution gate; scientific/non-overwrite Pre-EXECUTE checks; exceptional stronger revision locks; existing-packet inheritance; protected result semantics. Constrain review-frequency clause by accepted repository-wide two-tier successor.
research-cycle-sop-single-user-simplification	openspec/changes/archive/2026-10-04-research-cycle-sop-single-user-simplification-completed/specs/research-cycle-workflow/spec.md	Requirement: Stronger revision locks SHALL be exceptional	openspec/specs/research-cycle-workflow/spec.md	no	yes	Omitted by exact frozen merge scope: yes, merge Git as provenance rather than default execution gate; scientific/non-overwrite Pre-EXECUTE checks; exceptional stronger revision locks; existing-packet inheritance; protected result semantics. Constrain review-frequency clause by accepted repository-wide two-tier successor.
research-cycle-sop-single-user-simplification	openspec/changes/archive/2026-10-04-research-cycle-sop-single-user-simplification-completed/specs/research-cycle-workflow/spec.md	Requirement: Review frequency SHALL follow scientific risk	openspec/specs/research-cycle-workflow/spec.md	no	yes	Omitted by exact frozen merge scope: yes, merge Git as provenance rather than default execution gate; scientific/non-overwrite Pre-EXECUTE checks; exceptional stronger revision locks; existing-packet inheritance; protected result semantics. Constrain review-frequency clause by accepted repository-wide two-tier successor.
research-cycle-sop-single-user-simplification	openspec/changes/archive/2026-10-04-research-cycle-sop-single-user-simplification-completed/specs/research-cycle-workflow/spec.md	Requirement: Existing packets SHALL inherit the simplified Git rule	openspec/specs/research-cycle-workflow/spec.md	no	yes	Omitted by exact frozen merge scope: yes, merge Git as provenance rather than default execution gate; scientific/non-overwrite Pre-EXECUTE checks; exceptional stronger revision locks; existing-packet inheritance; protected result semantics. Constrain review-frequency clause by accepted repository-wide two-tier successor.
research-cycle-sop-single-user-simplification	openspec/changes/archive/2026-10-04-research-cycle-sop-single-user-simplification-completed/specs/research-cycle-workflow/spec.md	Requirement: Result semantics SHALL remain protected	openspec/specs/research-cycle-workflow/spec.md	no	yes	Omitted by exact frozen merge scope: yes, merge Git as provenance rather than default execution gate; scientific/non-overwrite Pre-EXECUTE checks; exceptional stronger revision locks; existing-packet inheritance; protected result semantics. Constrain review-frequency clause by accepted repository-wide two-tier successor.
same-data-comparison-metrics	<no archived specs/*.md>	<no source requirement>	<none>	no	yes	No spec delta: accepted scope is a documentation/spec package but archived source has no spec file.
speed-up-nbldpc-v5-runtime-wrapper	openspec/changes/archive/2026-10-04-speed-up-nbldpc-v5-runtime-wrapper-completed/specs/spec.md	Requirements	openspec/specs/speed-up-nbldpc-v5-runtime-wrapper/spec.md	no	yes	Omitted by exact frozen merge scope: Merge only wrapper execution/resume and strict replay behavior.
speed-up-nbldpc-v5-runtime-wrapper	openspec/changes/archive/2026-10-04-speed-up-nbldpc-v5-runtime-wrapper-completed/specs/spec.md	R1: Frozen runtime stays frozen	openspec/specs/speed-up-nbldpc-v5-runtime-wrapper/spec.md	yes	no	Included within exact frozen merge scope: Merge only wrapper execution/resume and strict replay behavior.
speed-up-nbldpc-v5-runtime-wrapper	openspec/changes/archive/2026-10-04-speed-up-nbldpc-v5-runtime-wrapper-completed/specs/spec.md	R2: Deterministic parallel execution	openspec/specs/speed-up-nbldpc-v5-runtime-wrapper/spec.md	yes	no	Included within exact frozen merge scope: Merge only wrapper execution/resume and strict replay behavior.
speed-up-nbldpc-v5-runtime-wrapper	openspec/changes/archive/2026-10-04-speed-up-nbldpc-v5-runtime-wrapper-completed/specs/spec.md	R3: Periodic flush and crash finalize	openspec/specs/speed-up-nbldpc-v5-runtime-wrapper/spec.md	yes	no	Included within exact frozen merge scope: Merge only wrapper execution/resume and strict replay behavior.
speed-up-nbldpc-v5-runtime-wrapper	openspec/changes/archive/2026-10-04-speed-up-nbldpc-v5-runtime-wrapper-completed/specs/spec.md	R4: One resume at most	openspec/specs/speed-up-nbldpc-v5-runtime-wrapper/spec.md	yes	no	Included within exact frozen merge scope: Merge only wrapper execution/resume and strict replay behavior.
speed-up-nbldpc-v5-runtime-wrapper	openspec/changes/archive/2026-10-04-speed-up-nbldpc-v5-runtime-wrapper-completed/specs/spec.md	R5: Progress log	openspec/specs/speed-up-nbldpc-v5-runtime-wrapper/spec.md	no	yes	Omitted by exact frozen merge scope: Merge only wrapper execution/resume and strict replay behavior.
speed-up-nbldpc-v5-runtime-wrapper	openspec/changes/archive/2026-10-04-speed-up-nbldpc-v5-runtime-wrapper-completed/specs/spec.md	R6: Wrapper acceptance	openspec/specs/speed-up-nbldpc-v5-runtime-wrapper/spec.md	yes	no	Included within exact frozen merge scope: Merge only wrapper execution/resume and strict replay behavior.
speed-up-nbldpc-v5-runtime-wrapper	openspec/changes/archive/2026-10-04-speed-up-nbldpc-v5-runtime-wrapper-completed/specs/spec.md	Behavior	openspec/specs/speed-up-nbldpc-v5-runtime-wrapper/spec.md	no	yes	Omitted by exact frozen merge scope: Merge only wrapper execution/resume and strict replay behavior.
speed-up-nbldpc-v5-runtime-wrapper	openspec/changes/archive/2026-10-04-speed-up-nbldpc-v5-runtime-wrapper-completed/specs/spec.md	Acceptance Criteria	openspec/specs/speed-up-nbldpc-v5-runtime-wrapper/spec.md	no	yes	Omitted by exact frozen merge scope: Merge only wrapper execution/resume and strict replay behavior.
standardize-agent-delivery-workflow-v1	openspec/changes/archive/2026-10-04-standardize-agent-delivery-workflow-v1-completed/specs/agent-delivery-workflow/spec.md	ADDED Requirements	openspec/specs/agent-delivery-workflow/spec.md	no	yes	Omitted by exact frozen merge scope: yes, merge all seven requirement titles in spec.md: Complete frozen task packet; Difference-first reuse; Operator return conditions; Bounded review cadence; Layered evidence testing; Safe efficient operation; Compact handoff.
standardize-agent-delivery-workflow-v1	openspec/changes/archive/2026-10-04-standardize-agent-delivery-workflow-v1-completed/specs/agent-delivery-workflow/spec.md	Requirement: Complete frozen task packet	openspec/specs/agent-delivery-workflow/spec.md	no	yes	Omitted by exact frozen merge scope: yes, merge all seven requirement titles in spec.md: Complete frozen task packet; Difference-first reuse; Operator return conditions; Bounded review cadence; Layered evidence testing; Safe efficient operation; Compact handoff.
standardize-agent-delivery-workflow-v1	openspec/changes/archive/2026-10-04-standardize-agent-delivery-workflow-v1-completed/specs/agent-delivery-workflow/spec.md	Requirement: Difference-first reuse	openspec/specs/agent-delivery-workflow/spec.md	no	yes	Omitted by exact frozen merge scope: yes, merge all seven requirement titles in spec.md: Complete frozen task packet; Difference-first reuse; Operator return conditions; Bounded review cadence; Layered evidence testing; Safe efficient operation; Compact handoff.
standardize-agent-delivery-workflow-v1	openspec/changes/archive/2026-10-04-standardize-agent-delivery-workflow-v1-completed/specs/agent-delivery-workflow/spec.md	Requirement: Operator return conditions	openspec/specs/agent-delivery-workflow/spec.md	no	yes	Omitted by exact frozen merge scope: yes, merge all seven requirement titles in spec.md: Complete frozen task packet; Difference-first reuse; Operator return conditions; Bounded review cadence; Layered evidence testing; Safe efficient operation; Compact handoff.
standardize-agent-delivery-workflow-v1	openspec/changes/archive/2026-10-04-standardize-agent-delivery-workflow-v1-completed/specs/agent-delivery-workflow/spec.md	Requirement: Bounded review cadence	openspec/specs/agent-delivery-workflow/spec.md	no	yes	Omitted by exact frozen merge scope: yes, merge all seven requirement titles in spec.md: Complete frozen task packet; Difference-first reuse; Operator return conditions; Bounded review cadence; Layered evidence testing; Safe efficient operation; Compact handoff.
standardize-agent-delivery-workflow-v1	openspec/changes/archive/2026-10-04-standardize-agent-delivery-workflow-v1-completed/specs/agent-delivery-workflow/spec.md	Requirement: Layered evidence testing	openspec/specs/agent-delivery-workflow/spec.md	no	yes	Omitted by exact frozen merge scope: yes, merge all seven requirement titles in spec.md: Complete frozen task packet; Difference-first reuse; Operator return conditions; Bounded review cadence; Layered evidence testing; Safe efficient operation; Compact handoff.
standardize-agent-delivery-workflow-v1	openspec/changes/archive/2026-10-04-standardize-agent-delivery-workflow-v1-completed/specs/agent-delivery-workflow/spec.md	Requirement: Safe efficient operation	openspec/specs/agent-delivery-workflow/spec.md	no	yes	Omitted by exact frozen merge scope: yes, merge all seven requirement titles in spec.md: Complete frozen task packet; Difference-first reuse; Operator return conditions; Bounded review cadence; Layered evidence testing; Safe efficient operation; Compact handoff.
standardize-agent-delivery-workflow-v1	openspec/changes/archive/2026-10-04-standardize-agent-delivery-workflow-v1-completed/specs/agent-delivery-workflow/spec.md	Requirement: Compact handoff	openspec/specs/agent-delivery-workflow/spec.md	no	yes	Omitted by exact frozen merge scope: yes, merge all seven requirement titles in spec.md: Complete frozen task packet; Difference-first reuse; Operator return conditions; Bounded review cadence; Layered evidence testing; Safe efficient operation; Compact handoff.
standardize-task-packet-review-loop	openspec/changes/archive/2026-10-04-standardize-task-packet-review-loop-completed/specs/research-cycle-handoff/spec.md	ADDED requirements	openspec/specs/research-cycle-handoff/spec.md	no	yes	Omitted by exact frozen merge scope: yes, merge requirements next handoffs are paired; standard location and naming; authority remains external to prompts; retain completed-return review only under successor track-scoped proportional cadence, not unconditional per-arm review.
standardize-task-packet-review-loop	openspec/changes/archive/2026-10-04-standardize-task-packet-review-loop-completed/specs/research-cycle-handoff/spec.md	Requirement: completed returns enter review before continuation	openspec/specs/research-cycle-handoff/spec.md	no	yes	Omitted by exact frozen merge scope: yes, merge requirements next handoffs are paired; standard location and naming; authority remains external to prompts; retain completed-return review only under successor track-scoped proportional cadence, not unconditional per-arm review.
standardize-task-packet-review-loop	openspec/changes/archive/2026-10-04-standardize-task-packet-review-loop-completed/specs/research-cycle-handoff/spec.md	Requirement: next handoffs are paired	openspec/specs/research-cycle-handoff/spec.md	no	yes	Omitted by exact frozen merge scope: yes, merge requirements next handoffs are paired; standard location and naming; authority remains external to prompts; retain completed-return review only under successor track-scoped proportional cadence, not unconditional per-arm review.
standardize-task-packet-review-loop	openspec/changes/archive/2026-10-04-standardize-task-packet-review-loop-completed/specs/research-cycle-handoff/spec.md	Requirement: standard location and naming	openspec/specs/research-cycle-handoff/spec.md	no	yes	Omitted by exact frozen merge scope: yes, merge requirements next handoffs are paired; standard location and naming; authority remains external to prompts; retain completed-return review only under successor track-scoped proportional cadence, not unconditional per-arm review.
standardize-task-packet-review-loop	openspec/changes/archive/2026-10-04-standardize-task-packet-review-loop-completed/specs/research-cycle-handoff/spec.md	Requirement: authority remains external to prompts	openspec/specs/research-cycle-handoff/spec.md	no	yes	Omitted by exact frozen merge scope: yes, merge requirements next handoffs are paired; standard location and naming; authority remains external to prompts; retain completed-return review only under successor track-scoped proportional cadence, not unconditional per-arm review.
v72p2d10-mixed-degree-l1-finite-discriminator	openspec/changes/archive/2026-10-04-v72p2d10-mixed-degree-l1-finite-discriminator-completed/specs/mixed-degree-l1-finite-discriminator/spec.md	SHALL (frozen R1 + R2 delta)	openspec/specs/mixed-degree-l1-finite-discriminator/spec.md	yes	no	Included within exact frozen merge scope: yes, only frozen diagnostic/terminal contract
v72p2d10-mixed-degree-l1-finite-discriminator	openspec/changes/archive/2026-10-04-v72p2d10-mixed-degree-l1-finite-discriminator-completed/specs/mixed-degree-l1-finite-discriminator/spec.md	SHALL NOT	openspec/specs/mixed-degree-l1-finite-discriminator/spec.md	yes	no	Included within exact frozen merge scope: yes, only frozen diagnostic/terminal contract
v72p2d10-r3-fresh-graph-scaling	openspec/changes/archive/2026-10-04-v72p2d10-r3-fresh-graph-scaling-completed/specs/r3-fresh-graph-scaling/spec.md	SHALL (frozen R3 successor contract)	openspec/specs/r3-fresh-graph-scaling/spec.md	yes	no	Included within exact frozen merge scope: yes, accepted readiness + bounded diagnostic scope only
v72p2d10-r3-fresh-graph-scaling	openspec/changes/archive/2026-10-04-v72p2d10-r3-fresh-graph-scaling-completed/specs/r3-fresh-graph-scaling/spec.md	SHALL NOT (claim and boundary ceiling)	openspec/specs/r3-fresh-graph-scaling/spec.md	yes	no	Included within exact frozen merge scope: yes, accepted readiness + bounded diagnostic scope only
v72p2d11-forward-app	openspec/changes/archive/2026-10-04-v72p2d11-forward-app-completed/specs/forward-app/spec.md	Purpose	openspec/specs/forward-app/spec.md	yes	no	Included within exact frozen merge scope: yes, bounded synthetic diagnostic scope
v72p2d11-forward-app	openspec/changes/archive/2026-10-04-v72p2d11-forward-app-completed/specs/forward-app/spec.md	Widths and dispatch	openspec/specs/forward-app/spec.md	yes	no	Included within exact frozen merge scope: yes, bounded synthetic diagnostic scope
v72p2d11-forward-app	openspec/changes/archive/2026-10-04-v72p2d11-forward-app-completed/specs/forward-app/spec.md	L1 graphs, blocks, replay gate	openspec/specs/forward-app/spec.md	yes	no	Included within exact frozen merge scope: yes, bounded synthetic diagnostic scope
v72p2d11-forward-app	openspec/changes/archive/2026-10-04-v72p2d11-forward-app-completed/specs/forward-app/spec.md	Shared L2 graphs	openspec/specs/forward-app/spec.md	yes	no	Included within exact frozen merge scope: yes, bounded synthetic diagnostic scope
v72p2d11-forward-app	openspec/changes/archive/2026-10-04-v72p2d11-forward-app-completed/specs/forward-app/spec.md	Branches and calls	openspec/specs/forward-app/spec.md	yes	no	Included within exact frozen merge scope: yes, bounded synthetic diagnostic scope
v72p2d11-forward-app	openspec/changes/archive/2026-10-04-v72p2d11-forward-app-completed/specs/forward-app/spec.md	Metric isolation and provenance	openspec/specs/forward-app/spec.md	yes	no	Included within exact frozen merge scope: yes, bounded synthetic diagnostic scope
v72p2d11-forward-app	openspec/changes/archive/2026-10-04-v72p2d11-forward-app-completed/specs/forward-app/spec.md	Gates, priority, terminals	openspec/specs/forward-app/spec.md	yes	no	Included within exact frozen merge scope: yes, bounded synthetic diagnostic scope
v72p2d11-forward-app	openspec/changes/archive/2026-10-04-v72p2d11-forward-app-completed/specs/forward-app/spec.md	Roots, budgets, ceiling	openspec/specs/forward-app/spec.md	yes	no	Included within exact frozen merge scope: yes, bounded synthetic diagnostic scope
v72p2d11-forward-app	openspec/changes/archive/2026-10-04-v72p2d11-forward-app-completed/specs/forward-app/spec.md	Prohibitions	openspec/specs/forward-app/spec.md	yes	no	Included within exact frozen merge scope: yes, bounded synthetic diagnostic scope
v72p2d12-finite-l1-degree	openspec/changes/archive/2026-10-04-v72p2d12-finite-l1-degree-completed/specs/finite-l1-degree/spec.md	SHALL (frozen D12 successor contract)	openspec/specs/finite-l1-degree/spec.md	yes	no	Included within exact frozen merge scope: yes, bounded synthetic diagnostic scope
v72p2d12-finite-l1-degree	openspec/changes/archive/2026-10-04-v72p2d12-finite-l1-degree-completed/specs/finite-l1-degree/spec.md	SHALL NOT (claim and boundary ceiling)	openspec/specs/finite-l1-degree/spec.md	yes	no	Included within exact frozen merge scope: yes, bounded synthetic diagnostic scope
v72p2d13-l055-decoder-ladder	openspec/changes/archive/2026-10-04-v72p2d13-l055-decoder-ladder-completed/specs/l055-decoder-ladder/spec.md	ADDED requirements	openspec/specs/l055-decoder-ladder/spec.md	no	yes	Zero merge: frozen scope is not separated by an exact source-title boundary; source merge note: yes, accepted evidence/STOP contract only
v72p2d13-l055-decoder-ladder	openspec/changes/archive/2026-10-04-v72p2d13-l055-decoder-ladder-completed/specs/l055-decoder-ladder/spec.md	Selection	openspec/specs/l055-decoder-ladder/spec.md	no	yes	Zero merge: frozen scope is not separated by an exact source-title boundary; source merge note: yes, accepted evidence/STOP contract only
v72p2d13-l055-decoder-ladder	openspec/changes/archive/2026-10-04-v72p2d13-l055-decoder-ladder-completed/specs/l055-decoder-ladder/spec.md	Replay gate	openspec/specs/l055-decoder-ladder/spec.md	no	yes	Zero merge: frozen scope is not separated by an exact source-title boundary; source merge note: yes, accepted evidence/STOP contract only
v72p2d13-l055-decoder-ladder	openspec/changes/archive/2026-10-04-v72p2d13-l055-decoder-ladder-completed/specs/l055-decoder-ladder/spec.md	Ladder arms and ceiling	openspec/specs/l055-decoder-ladder/spec.md	no	yes	Zero merge: frozen scope is not separated by an exact source-title boundary; source merge note: yes, accepted evidence/STOP contract only
v72p2d13-l055-decoder-ladder	openspec/changes/archive/2026-10-04-v72p2d13-l055-decoder-ladder-completed/specs/l055-decoder-ladder/spec.md	Rescue gates, ranking, terminals	openspec/specs/l055-decoder-ladder/spec.md	no	yes	Zero merge: frozen scope is not separated by an exact source-title boundary; source merge note: yes, accepted evidence/STOP contract only
v72p2d13-l055-decoder-ladder	openspec/changes/archive/2026-10-04-v72p2d13-l055-decoder-ladder-completed/specs/l055-decoder-ladder/spec.md	Root, budgets, claims	openspec/specs/l055-decoder-ladder/spec.md	no	yes	Zero merge: frozen scope is not separated by an exact source-title boundary; source merge note: yes, accepted evidence/STOP contract only
v72p2d13-l055-decoder-ladder	openspec/changes/archive/2026-10-04-v72p2d13-l055-decoder-ladder-completed/specs/l055-decoder-ladder/spec.md	Out of scope (explicit non-requirements)	openspec/specs/l055-decoder-ladder/spec.md	no	yes	Zero merge: frozen scope is not separated by an exact source-title boundary; source merge note: yes, accepted evidence/STOP contract only
v72p2d14-scientific-validity-reset	openspec/changes/archive/2026-10-04-v72p2d14-scientific-validity-reset-completed/specs/validity-reset/spec.md	VR-P (prior-selection correction; code + focused tests; NO execution)	openspec/specs/validity-reset/spec.md	no	yes	Zero merge: frozen scope is not separated by an exact source-title boundary; source merge note: yes, only reviewed validity-reset/readiness clauses; no N-batch execution delta
v72p2d14-scientific-validity-reset	openspec/changes/archive/2026-10-04-v72p2d14-scientific-validity-reset-completed/specs/validity-reset/spec.md	VR-C (G2/X4 corrigendum; docs only; NO execution)	openspec/specs/validity-reset/spec.md	no	yes	Zero merge: frozen scope is not separated by an exact source-title boundary; source merge note: yes, only reviewed validity-reset/readiness clauses; no N-batch execution delta
v72p2d14-scientific-validity-reset	openspec/changes/archive/2026-10-04-v72p2d14-scientific-validity-reset-completed/specs/validity-reset/spec.md	VR-R (rate-calibration audit; module + no-decoder run)	openspec/specs/validity-reset/spec.md	no	yes	Zero merge: frozen scope is not separated by an exact source-title boundary; source merge note: yes, only reviewed validity-reset/readiness clauses; no N-batch execution delta
v72p2d14-scientific-validity-reset	openspec/changes/archive/2026-10-04-v72p2d14-scientific-validity-reset-completed/specs/validity-reset/spec.md	VR-N (next-experiment freeze; docs only; NO code, NO run)	openspec/specs/validity-reset/spec.md	no	yes	Zero merge: frozen scope is not separated by an exact source-title boundary; source merge note: yes, only reviewed validity-reset/readiness clauses; no N-batch execution delta
v72p2d14-scientific-validity-reset	openspec/changes/archive/2026-10-04-v72p2d14-scientific-validity-reset-completed/specs/validity-reset/spec.md	VR-S (boundaries; binding on P/C/R/N)	openspec/specs/validity-reset/spec.md	no	yes	Zero merge: frozen scope is not separated by an exact source-title boundary; source merge note: yes, only reviewed validity-reset/readiness clauses; no N-batch execution delta
v72p2d5-g1-information-recovery-r2	openspec/changes/archive/2026-10-04-v72p2d5-g1-information-recovery-r2-completed/specs/spec.md	REQ-R2-01 (backoff formula)	openspec/specs/v72p2d5-g1-information-recovery-r2/spec.md	no	yes	Zero merge: frozen scope is not separated by an exact source-title boundary; source merge note: no scientific promotion delta; preserve bounded failure/stop record
v72p2d5-g1-information-recovery-r2	openspec/changes/archive/2026-10-04-v72p2d5-g1-information-recovery-r2-completed/specs/spec.md	REQ-R2-02 (normalization)	openspec/specs/v72p2d5-g1-information-recovery-r2/spec.md	no	yes	Zero merge: frozen scope is not separated by an exact source-title boundary; source merge note: no scientific promotion delta; preserve bounded failure/stop record
v72p2d5-g1-information-recovery-r2	openspec/changes/archive/2026-10-04-v72p2d5-g1-information-recovery-r2-completed/specs/spec.md	REQ-R2-03 (candidate prepare contract)	openspec/specs/v72p2d5-g1-information-recovery-r2/spec.md	no	yes	Zero merge: frozen scope is not separated by an exact source-title boundary; source merge note: no scientific promotion delta; preserve bounded failure/stop record
v72p2d5-g1-information-recovery-r2	openspec/changes/archive/2026-10-04-v72p2d5-g1-information-recovery-r2-completed/specs/spec.md	REQ-R2-04 (frozen preservation)	openspec/specs/v72p2d5-g1-information-recovery-r2/spec.md	no	yes	Zero merge: frozen scope is not separated by an exact source-title boundary; source merge note: no scientific promotion delta; preserve bounded failure/stop record
v72p2d5-g1-information-recovery-r2	openspec/changes/archive/2026-10-04-v72p2d5-g1-information-recovery-r2-completed/specs/spec.md	REQ-R2-05 (validation)	openspec/specs/v72p2d5-g1-information-recovery-r2/spec.md	no	yes	Zero merge: frozen scope is not separated by an exact source-title boundary; source merge note: no scientific promotion delta; preserve bounded failure/stop record
v72p2d5-g1-readiness-rework	openspec/changes/archive/2026-10-04-v72p2d5-g1-readiness-rework-completed/specs/spec.md	Delta 1 — G1 production root	openspec/specs/v72p2d5-g1-readiness-rework/spec.md	no	yes	Zero merge: frozen scope is not separated by an exact source-title boundary; source merge note: only reviewed implementation/readiness clauses
v72p2d5-g1-readiness-rework	openspec/changes/archive/2026-10-04-v72p2d5-g1-readiness-rework-completed/specs/spec.md	Delta 2 — RSS	openspec/specs/v72p2d5-g1-readiness-rework/spec.md	no	yes	Zero merge: frozen scope is not separated by an exact source-title boundary; source merge note: only reviewed implementation/readiness clauses
v72p2d5-g1-readiness-rework	openspec/changes/archive/2026-10-04-v72p2d5-g1-readiness-rework-completed/specs/spec.md	Delta 3 — Observability	openspec/specs/v72p2d5-g1-readiness-rework/spec.md	no	yes	Zero merge: frozen scope is not separated by an exact source-title boundary; source merge note: only reviewed implementation/readiness clauses
v72p2d5-g1-readiness-rework	openspec/changes/archive/2026-10-04-v72p2d5-g1-readiness-rework-completed/specs/spec.md	Delta 4 — Outcome	openspec/specs/v72p2d5-g1-readiness-rework/spec.md	no	yes	Zero merge: frozen scope is not separated by an exact source-title boundary; source merge note: only reviewed implementation/readiness clauses
v72p2d5-g1-readiness-rework	openspec/changes/archive/2026-10-04-v72p2d5-g1-readiness-rework-completed/specs/spec.md	Delta 5 — Writers	openspec/specs/v72p2d5-g1-readiness-rework/spec.md	no	yes	Zero merge: frozen scope is not separated by an exact source-title boundary; source merge note: only reviewed implementation/readiness clauses
v72p2d5-g1-readiness-rework	openspec/changes/archive/2026-10-04-v72p2d5-g1-readiness-rework-completed/specs/spec.md	Delta 6 — Test invariant	openspec/specs/v72p2d5-g1-readiness-rework/spec.md	no	yes	Zero merge: frozen scope is not separated by an exact source-title boundary; source merge note: only reviewed implementation/readiness clauses
v72p2d5-g1-readiness-rework	openspec/changes/archive/2026-10-04-v72p2d5-g1-readiness-rework-completed/specs/spec.md	Delta 7 — Sentinel	openspec/specs/v72p2d5-g1-readiness-rework/spec.md	no	yes	Zero merge: frozen scope is not separated by an exact source-title boundary; source merge note: only reviewed implementation/readiness clauses
v72p2d5-g1-readiness-rework	openspec/changes/archive/2026-10-04-v72p2d5-g1-readiness-rework-completed/specs/spec.md	Unchanged	openspec/specs/v72p2d5-g1-readiness-rework/spec.md	no	yes	Zero merge: frozen scope is not separated by an exact source-title boundary; source merge note: only reviewed implementation/readiness clauses
v72p2d5-p0-g1-g2-production-path	openspec/changes/archive/2026-10-04-v72p2d5-p0-g1-g2-production-path-completed/specs/spec.md	S-RATE-PREFIX (prefix correctness)	openspec/specs/v72p2d5-p0-g1-g2-production-path/spec.md	no	yes	Zero merge: frozen scope is not separated by an exact source-title boundary; source merge note: only P0 readiness/cost and production-path implementation scope
v72p2d5-p0-g1-g2-production-path	openspec/changes/archive/2026-10-04-v72p2d5-p0-g1-g2-production-path-completed/specs/spec.md	S-STAGE (builders)	openspec/specs/v72p2d5-p0-g1-g2-production-path/spec.md	no	yes	Zero merge: frozen scope is not separated by an exact source-title boundary; source merge note: only P0 readiness/cost and production-path implementation scope
v72p2d5-p0-g1-g2-production-path	openspec/changes/archive/2026-10-04-v72p2d5-p0-g1-g2-production-path-completed/specs/spec.md	S-PRIOR-PREP (model-F input)	openspec/specs/v72p2d5-p0-g1-g2-production-path/spec.md	no	yes	Zero merge: frozen scope is not separated by an exact source-title boundary; source merge note: only P0 readiness/cost and production-path implementation scope
v72p2d5-p0-g1-g2-production-path	openspec/changes/archive/2026-10-04-v72p2d5-p0-g1-g2-production-path-completed/specs/spec.md	S-CLI (reachability, still gated)	openspec/specs/v72p2d5-p0-g1-g2-production-path/spec.md	no	yes	Zero merge: frozen scope is not separated by an exact source-title boundary; source merge note: only P0 readiness/cost and production-path implementation scope
v72p2d5-p0-g1-g2-production-path	openspec/changes/archive/2026-10-04-v72p2d5-p0-g1-g2-production-path-completed/specs/spec.md	S-WRITE (four-file, no-overwrite)	openspec/specs/v72p2d5-p0-g1-g2-production-path/spec.md	no	yes	Zero merge: frozen scope is not separated by an exact source-title boundary; source merge note: only P0 readiness/cost and production-path implementation scope
v72p2d5-p0-g1-g2-production-path	openspec/changes/archive/2026-10-04-v72p2d5-p0-g1-g2-production-path-completed/specs/spec.md	S-GRADE (G2)	openspec/specs/v72p2d5-p0-g1-g2-production-path/spec.md	no	yes	Zero merge: frozen scope is not separated by an exact source-title boundary; source merge note: only P0 readiness/cost and production-path implementation scope
v72p2d5-p0-g1-g2-production-path	openspec/changes/archive/2026-10-04-v72p2d5-p0-g1-g2-production-path-completed/specs/spec.md	S-STOP (boundaries)	openspec/specs/v72p2d5-p0-g1-g2-production-path/spec.md	no	yes	Zero merge: frozen scope is not separated by an exact source-title boundary; source merge note: only P0 readiness/cost and production-path implementation scope
v72p2d5-p0-g1-g2-production-path	openspec/changes/archive/2026-10-04-v72p2d5-p0-g1-g2-production-path-completed/specs/spec.md	S-TEST-ISOLATION (test-only isolation, lifecycle-independent)	openspec/specs/v72p2d5-p0-g1-g2-production-path/spec.md	no	yes	Zero merge: frozen scope is not separated by an exact source-title boundary; source merge note: only P0 readiness/cost and production-path implementation scope
v72p2d5-p0-model-f-consumer-path-fix	<no archived specs/*.md>	<no source requirement>	<none>	no	yes	No spec delta: only reviewed loader correction/P0 scope is recorded.
v72p2d6-gf32-graph-mother-r1d-option-c	openspec/changes/archive/2026-10-04-v72p2d6-gf32-graph-mother-r1d-option-c-completed/specs/r1d-option-c/spec.md	SHALL (frozen)	openspec/specs/r1d-option-c/spec.md	no	yes	Zero merge: frozen scope is not separated by an exact source-title boundary; source merge note: only implementation/readiness delta; no R1d execution delta
v72p2d6-gf32-graph-mother-r1d-option-c	openspec/changes/archive/2026-10-04-v72p2d6-gf32-graph-mother-r1d-option-c-completed/specs/r1d-option-c/spec.md	SHALL NOT	openspec/specs/r1d-option-c/spec.md	no	yes	Zero merge: frozen scope is not separated by an exact source-title boundary; source merge note: only implementation/readiness delta; no R1d execution delta
v72p2d6-gf32-graph-mother-successor	openspec/changes/archive/2026-10-04-v72p2d6-gf32-graph-mother-successor-completed/specs/spec.md	R1 Frozen scientific controls	openspec/specs/v72p2d6-gf32-graph-mother-successor/spec.md	no	yes	Zero merge: frozen scope is not separated by an exact source-title boundary; source merge note: no route conclusion; only reviewed diagnostics and blocked/invalid-structure terminal records
v72p2d6-gf32-graph-mother-successor	openspec/changes/archive/2026-10-04-v72p2d6-gf32-graph-mother-successor-completed/specs/spec.md	R2 Arm family (only axis: graph/mother)	openspec/specs/v72p2d6-gf32-graph-mother-successor/spec.md	no	yes	Zero merge: frozen scope is not separated by an exact source-title boundary; source merge note: no route conclusion; only reviewed diagnostics and blocked/invalid-structure terminal records
v72p2d6-gf32-graph-mother-successor	openspec/changes/archive/2026-10-04-v72p2d6-gf32-graph-mother-successor-completed/specs/spec.md	R3 Structural gates and blind selection	openspec/specs/v72p2d6-gf32-graph-mother-successor/spec.md	no	yes	Zero merge: frozen scope is not separated by an exact source-title boundary; source merge note: no route conclusion; only reviewed diagnostics and blocked/invalid-structure terminal records
v72p2d6-gf32-graph-mother-successor	openspec/changes/archive/2026-10-04-v72p2d6-gf32-graph-mother-successor-completed/specs/spec.md	R4 Bounded execution	openspec/specs/v72p2d6-gf32-graph-mother-successor/spec.md	no	yes	Zero merge: frozen scope is not separated by an exact source-title boundary; source merge note: no route conclusion; only reviewed diagnostics and blocked/invalid-structure terminal records
v72p2d6-gf32-graph-mother-successor	openspec/changes/archive/2026-10-04-v72p2d6-gf32-graph-mother-successor-completed/specs/spec.md	R5 Evidence, reviews, isolation	openspec/specs/v72p2d6-gf32-graph-mother-successor/spec.md	no	yes	Zero merge: frozen scope is not separated by an exact source-title boundary; source merge note: no route conclusion; only reviewed diagnostics and blocked/invalid-structure terminal records
v72p2d6-gf32-graph-mother-successor	openspec/changes/archive/2026-10-04-v72p2d6-gf32-graph-mother-successor-completed/specs/spec.md	R6 Check-degree invariant I1 (R1c-A5, fail-closed, zero decoder)	openspec/specs/v72p2d6-gf32-graph-mother-successor/spec.md	no	yes	Zero merge: frozen scope is not separated by an exact source-title boundary; source merge note: no route conclusion; only reviewed diagnostics and blocked/invalid-structure terminal records
v72p2d6-gf32-graph-mother-successor	openspec/changes/archive/2026-10-04-v72p2d6-gf32-graph-mother-successor-completed/specs/spec.md	R7 Exact-equivalent T2 acceleration (R1c-A6, zero decoder)	openspec/specs/v72p2d6-gf32-graph-mother-successor/spec.md	no	yes	Zero merge: frozen scope is not separated by an exact source-title boundary; source merge note: no route conclusion; only reviewed diagnostics and blocked/invalid-structure terminal records
v72p2d6-r1d-bp-provenance-compat	openspec/changes/archive/2026-10-04-v72p2d6-r1d-bp-provenance-compat-completed/specs/d6-r1d-bp-provenance-compat/spec.md	ADDED Requirements	openspec/specs/d6-r1d-bp-provenance-compat/spec.md	no	yes	Zero merge: frozen scope is not separated by an exact source-title boundary; source merge note: only reviewed compatibility/readiness scope
v72p2d6-r1d-bp-provenance-compat	openspec/changes/archive/2026-10-04-v72p2d6-r1d-bp-provenance-compat-completed/specs/d6-r1d-bp-provenance-compat/spec.md	Requirement: D6 worker unpacks the six-value decoder result with provenance transport	openspec/specs/d6-r1d-bp-provenance-compat/spec.md	no	yes	Zero merge: frozen scope is not separated by an exact source-title boundary; source merge note: only reviewed compatibility/readiness scope
v72p2d6-r1d-bp-provenance-compat	openspec/changes/archive/2026-10-04-v72p2d6-r1d-bp-provenance-compat-completed/specs/d6-r1d-bp-provenance-compat/spec.md	Scenario: Six-value success path	openspec/specs/d6-r1d-bp-provenance-compat/spec.md	no	yes	Zero merge: frozen scope is not separated by an exact source-title boundary; source merge note: only reviewed compatibility/readiness scope
v72p2d6-r1d-bp-provenance-compat	openspec/changes/archive/2026-10-04-v72p2d6-r1d-bp-provenance-compat-completed/specs/d6-r1d-bp-provenance-compat/spec.md	Scenario: Five-value incompatible decoder	openspec/specs/d6-r1d-bp-provenance-compat/spec.md	no	yes	Zero merge: frozen scope is not separated by an exact source-title boundary; source merge note: only reviewed compatibility/readiness scope
v72p2d6-r1d-bp-provenance-compat	openspec/changes/archive/2026-10-04-v72p2d6-r1d-bp-provenance-compat-completed/specs/d6-r1d-bp-provenance-compat/spec.md	Requirement: D6 warmup fails loudly on incompatible decoder-result shape	openspec/specs/d6-r1d-bp-provenance-compat/spec.md	no	yes	Zero merge: frozen scope is not separated by an exact source-title boundary; source merge note: only reviewed compatibility/readiness scope
v72p2d6-r1d-bp-provenance-compat	openspec/changes/archive/2026-10-04-v72p2d6-r1d-bp-provenance-compat-completed/specs/d6-r1d-bp-provenance-compat/spec.md	Scenario: Compatible decoder	openspec/specs/d6-r1d-bp-provenance-compat/spec.md	no	yes	Zero merge: frozen scope is not separated by an exact source-title boundary; source merge note: only reviewed compatibility/readiness scope
v72p2d6-r1d-bp-provenance-compat	openspec/changes/archive/2026-10-04-v72p2d6-r1d-bp-provenance-compat-completed/specs/d6-r1d-bp-provenance-compat/spec.md	Scenario: Incompatible decoder	openspec/specs/d6-r1d-bp-provenance-compat/spec.md	no	yes	Zero merge: frozen scope is not separated by an exact source-title boundary; source merge note: only reviewed compatibility/readiness scope
v72p2d6-r1d-bp-provenance-compat	openspec/changes/archive/2026-10-04-v72p2d6-r1d-bp-provenance-compat-completed/specs/d6-r1d-bp-provenance-compat/spec.md	Requirement: D6 parent requires CHECK_UPDATED before APP mixing	openspec/specs/d6-r1d-bp-provenance-compat/spec.md	no	yes	Zero merge: frozen scope is not separated by an exact source-title boundary; source merge note: only reviewed compatibility/readiness scope
v72p2d6-r1d-bp-provenance-compat	openspec/changes/archive/2026-10-04-v72p2d6-r1d-bp-provenance-compat-completed/specs/d6-r1d-bp-provenance-compat/spec.md	Scenario: CHECK_UPDATED pass-through	openspec/specs/d6-r1d-bp-provenance-compat/spec.md	no	yes	Zero merge: frozen scope is not separated by an exact source-title boundary; source merge note: only reviewed compatibility/readiness scope
v72p2d6-r1d-bp-provenance-compat	openspec/changes/archive/2026-10-04-v72p2d6-r1d-bp-provenance-compat-completed/specs/d6-r1d-bp-provenance-compat/spec.md	Scenario: Refused provenance classes	openspec/specs/d6-r1d-bp-provenance-compat/spec.md	no	yes	Zero merge: frozen scope is not separated by an exact source-title boundary; source merge note: only reviewed compatibility/readiness scope
v72p2d6-r1d-bp-provenance-compat	openspec/changes/archive/2026-10-04-v72p2d6-r1d-bp-provenance-compat-completed/specs/d6-r1d-bp-provenance-compat/spec.md	Requirement: No scientific or schema drift	openspec/specs/d6-r1d-bp-provenance-compat/spec.md	no	yes	Zero merge: frozen scope is not separated by an exact source-title boundary; source merge note: only reviewed compatibility/readiness scope
v72p2d6-r1d-bp-provenance-compat	openspec/changes/archive/2026-10-04-v72p2d6-r1d-bp-provenance-compat-completed/specs/d6-r1d-bp-provenance-compat/spec.md	Scenario: Frozen dispatch/matrix pin	openspec/specs/d6-r1d-bp-provenance-compat/spec.md	no	yes	Zero merge: frozen scope is not separated by an exact source-title boundary; source merge note: only reviewed compatibility/readiness scope
v72p2d7-code-factor-extrinsic-contract	openspec/changes/archive/2026-10-04-v72p2d7-code-factor-extrinsic-contract-completed/specs/code-factor-extrinsic-contract/spec.md	ADDED Requirements	openspec/specs/code-factor-extrinsic-contract/spec.md	no	yes	Zero merge: frozen scope is not separated by an exact source-title boundary; source merge note: only interface/certification contract accepted by both reviews
v72p2d7-code-factor-extrinsic-contract	openspec/changes/archive/2026-10-04-v72p2d7-code-factor-extrinsic-contract-completed/specs/code-factor-extrinsic-contract/spec.md	Requirement: Explicit code-factor extrinsic message	openspec/specs/code-factor-extrinsic-contract/spec.md	no	yes	Zero merge: frozen scope is not separated by an exact source-title boundary; source merge note: only interface/certification contract accepted by both reviews
v72p2d7-code-factor-extrinsic-contract	openspec/changes/archive/2026-10-04-v72p2d7-code-factor-extrinsic-contract-completed/specs/code-factor-extrinsic-contract/spec.md	Scenario: Cold return after at least one completed check sweep	openspec/specs/code-factor-extrinsic-contract/spec.md	no	yes	Zero merge: frozen scope is not separated by an exact source-title boundary; source merge note: only interface/certification contract accepted by both reviews
v72p2d7-code-factor-extrinsic-contract	openspec/changes/archive/2026-10-04-v72p2d7-code-factor-extrinsic-contract-completed/specs/code-factor-extrinsic-contract/spec.md	Scenario: Iteration-0 return carries no check evidence	openspec/specs/code-factor-extrinsic-contract/spec.md	no	yes	Zero merge: frozen scope is not separated by an exact source-title boundary; source merge note: only interface/certification contract accepted by both reviews
v72p2d7-code-factor-extrinsic-contract	openspec/changes/archive/2026-10-04-v72p2d7-code-factor-extrinsic-contract-completed/specs/code-factor-extrinsic-contract/spec.md	Scenario: Warm start is fail-closed	openspec/specs/code-factor-extrinsic-contract/spec.md	no	yes	Zero merge: frozen scope is not separated by an exact source-title boundary; source merge note: only interface/certification contract accepted by both reviews
v72p2d7-code-factor-extrinsic-contract	openspec/changes/archive/2026-10-04-v72p2d7-code-factor-extrinsic-contract-completed/specs/code-factor-extrinsic-contract/spec.md	Scenario: Nonfinite or shape mismatch fails loud	openspec/specs/code-factor-extrinsic-contract/spec.md	no	yes	Zero merge: frozen scope is not separated by an exact source-title boundary; source merge note: only interface/certification contract accepted by both reviews
v72p2d7-code-factor-extrinsic-contract	openspec/changes/archive/2026-10-04-v72p2d7-code-factor-extrinsic-contract-completed/specs/code-factor-extrinsic-contract/spec.md	Requirement: Extrinsic-provenance namespace is distinct from belief provenance	openspec/specs/code-factor-extrinsic-contract/spec.md	no	yes	Zero merge: frozen scope is not separated by an exact source-title boundary; source merge note: only interface/certification contract accepted by both reviews
v72p2d7-code-factor-extrinsic-contract	openspec/changes/archive/2026-10-04-v72p2d7-code-factor-extrinsic-contract-completed/specs/code-factor-extrinsic-contract/spec.md	Scenario: Legacy result without the new fields	openspec/specs/code-factor-extrinsic-contract/spec.md	no	yes	Zero merge: frozen scope is not separated by an exact source-title boundary; source merge note: only interface/certification contract accepted by both reviews
v72p2d7-code-factor-extrinsic-contract	openspec/changes/archive/2026-10-04-v72p2d7-code-factor-extrinsic-contract-completed/specs/code-factor-extrinsic-contract/spec.md	Requirement: No persistence of beliefs or messages	openspec/specs/code-factor-extrinsic-contract/spec.md	no	yes	Zero merge: frozen scope is not separated by an exact source-title boundary; source merge note: only interface/certification contract accepted by both reviews
v72p2d7-code-factor-extrinsic-contract	openspec/changes/archive/2026-10-04-v72p2d7-code-factor-extrinsic-contract-completed/specs/code-factor-extrinsic-contract/spec.md	Scenario: Evidence root is written	openspec/specs/code-factor-extrinsic-contract/spec.md	no	yes	Zero merge: frozen scope is not separated by an exact source-title boundary; source merge note: only interface/certification contract accepted by both reviews
v72p2d7-code-factor-extrinsic-contract	openspec/changes/archive/2026-10-04-v72p2d7-code-factor-extrinsic-contract-completed/specs/code-factor-extrinsic-contract/spec.md	Requirement: Existing posterior semantics remain unchanged	openspec/specs/code-factor-extrinsic-contract/spec.md	no	yes	Zero merge: frozen scope is not separated by an exact source-title boundary; source merge note: only interface/certification contract accepted by both reviews
v72p2d7-code-factor-extrinsic-contract	openspec/changes/archive/2026-10-04-v72p2d7-code-factor-extrinsic-contract-completed/specs/code-factor-extrinsic-contract/spec.md	Scenario: Frozen-fixture comparison	openspec/specs/code-factor-extrinsic-contract/spec.md	no	yes	Zero merge: frozen scope is not separated by an exact source-title boundary; source merge note: only interface/certification contract accepted by both reviews
v72p2d7-code-factor-extrinsic-contract	openspec/changes/archive/2026-10-04-v72p2d7-code-factor-extrinsic-contract-completed/specs/code-factor-extrinsic-contract/spec.md	Scenario: Narrow helper rejects unusable extrinsic	openspec/specs/code-factor-extrinsic-contract/spec.md	no	yes	Zero merge: frozen scope is not separated by an exact source-title boundary; source merge note: only interface/certification contract accepted by both reviews
v72p2d7-code-factor-extrinsic-contract	openspec/changes/archive/2026-10-04-v72p2d7-code-factor-extrinsic-contract-completed/specs/code-factor-extrinsic-contract/spec.md	Requirement: Independent certification before alternating execution	openspec/specs/code-factor-extrinsic-contract/spec.md	no	yes	Zero merge: frozen scope is not separated by an exact source-title boundary; source merge note: only interface/certification contract accepted by both reviews
v72p2d7-code-factor-extrinsic-contract	openspec/changes/archive/2026-10-04-v72p2d7-code-factor-extrinsic-contract-completed/specs/code-factor-extrinsic-contract/spec.md	Scenario: Static inventory guards future consumers	openspec/specs/code-factor-extrinsic-contract/spec.md	no	yes	Zero merge: frozen scope is not separated by an exact source-title boundary; source merge note: only interface/certification contract accepted by both reviews
v72p2d7-code-factor-extrinsic-contract	openspec/changes/archive/2026-10-04-v72p2d7-code-factor-extrinsic-contract-completed/specs/code-factor-extrinsic-contract/spec.md	Requirement: D7-H stays unfrozen and unauthorized	openspec/specs/code-factor-extrinsic-contract/spec.md	no	yes	Zero merge: frozen scope is not separated by an exact source-title boundary; source merge note: only interface/certification contract accepted by both reviews
v72p2d7-code-factor-extrinsic-contract	openspec/changes/archive/2026-10-04-v72p2d7-code-factor-extrinsic-contract-completed/specs/code-factor-extrinsic-contract/spec.md	Scenario: D7-H is considered	openspec/specs/code-factor-extrinsic-contract/spec.md	no	yes	Zero merge: frozen scope is not separated by an exact source-title boundary; source merge note: only interface/certification contract accepted by both reviews
v72p2d7-gf32-bidirectional-oracle	openspec/changes/archive/2026-10-04-v72p2d7-gf32-bidirectional-oracle-completed/specs/gf32-bidirectional-oracle/spec.md	ADDED Requirements	openspec/specs/gf32-bidirectional-oracle/spec.md	yes	no	Included within exact frozen merge scope: no promotion delta; only accepted bounded D7-C diagnostic
v72p2d7-gf32-bidirectional-oracle	openspec/changes/archive/2026-10-04-v72p2d7-gf32-bidirectional-oracle-completed/specs/gf32-bidirectional-oracle/spec.md	Requirement: Four single-layer conditions and diagnostic boundary	openspec/specs/gf32-bidirectional-oracle/spec.md	yes	no	Included within exact frozen merge scope: no promotion delta; only accepted bounded D7-C diagnostic
v72p2d7-gf32-bidirectional-oracle	openspec/changes/archive/2026-10-04-v72p2d7-gf32-bidirectional-oracle-completed/specs/gf32-bidirectional-oracle/spec.md	Scenario: Condition set is closed	openspec/specs/gf32-bidirectional-oracle/spec.md	yes	no	Included within exact frozen merge scope: no promotion delta; only accepted bounded D7-C diagnostic
v72p2d7-gf32-bidirectional-oracle	openspec/changes/archive/2026-10-04-v72p2d7-gf32-bidirectional-oracle-completed/specs/gf32-bidirectional-oracle/spec.md	Scenario: Oracle truth stays diagnostic	openspec/specs/gf32-bidirectional-oracle/spec.md	yes	no	Included within exact frozen merge scope: no promotion delta; only accepted bounded D7-C diagnostic
v72p2d7-gf32-bidirectional-oracle	openspec/changes/archive/2026-10-04-v72p2d7-gf32-bidirectional-oracle-completed/specs/gf32-bidirectional-oracle/spec.md	Requirement: Frozen input identity and accepted estimator	openspec/specs/gf32-bidirectional-oracle/spec.md	yes	no	Included within exact frozen merge scope: no promotion delta; only accepted bounded D7-C diagnostic
v72p2d7-gf32-bidirectional-oracle	openspec/changes/archive/2026-10-04-v72p2d7-gf32-bidirectional-oracle-completed/specs/gf32-bidirectional-oracle/spec.md	Scenario: Model-F root is fixed	openspec/specs/gf32-bidirectional-oracle/spec.md	yes	no	Included within exact frozen merge scope: no promotion delta; only accepted bounded D7-C diagnostic
v72p2d7-gf32-bidirectional-oracle	openspec/changes/archive/2026-10-04-v72p2d7-gf32-bidirectional-oracle-completed/specs/gf32-bidirectional-oracle/spec.md	Scenario: Rejected estimator is absent	openspec/specs/gf32-bidirectional-oracle/spec.md	yes	no	Included within exact frozen merge scope: no promotion delta; only accepted bounded D7-C diagnostic
v72p2d7-gf32-bidirectional-oracle	openspec/changes/archive/2026-10-04-v72p2d7-gf32-bidirectional-oracle-completed/specs/gf32-bidirectional-oracle/spec.md	Requirement: Frozen mother geometry and disclosures	openspec/specs/gf32-bidirectional-oracle/spec.md	yes	no	Included within exact frozen merge scope: no promotion delta; only accepted bounded D7-C diagnostic
v72p2d7-gf32-bidirectional-oracle	openspec/changes/archive/2026-10-04-v72p2d7-gf32-bidirectional-oracle-completed/specs/gf32-bidirectional-oracle/spec.md	Scenario: Mother identity matches the frozen D6-native construction	openspec/specs/gf32-bidirectional-oracle/spec.md	yes	no	Included within exact frozen merge scope: no promotion delta; only accepted bounded D7-C diagnostic
v72p2d7-gf32-bidirectional-oracle	openspec/changes/archive/2026-10-04-v72p2d7-gf32-bidirectional-oracle-completed/specs/gf32-bidirectional-oracle/spec.md	Scenario: Disclosure uses prefixes only	openspec/specs/gf32-bidirectional-oracle/spec.md	yes	no	Included within exact frozen merge scope: no promotion delta; only accepted bounded D7-C diagnostic
v72p2d7-gf32-bidirectional-oracle	openspec/changes/archive/2026-10-04-v72p2d7-gf32-bidirectional-oracle-completed/specs/gf32-bidirectional-oracle/spec.md	Requirement: Frozen prior formulas and single boundary floor	openspec/specs/gf32-bidirectional-oracle/spec.md	yes	no	Included within exact frozen merge scope: no promotion delta; only accepted bounded D7-C diagnostic
v72p2d7-gf32-bidirectional-oracle	openspec/changes/archive/2026-10-04-v72p2d7-gf32-bidirectional-oracle-completed/specs/gf32-bidirectional-oracle/spec.md	Scenario: Literal tensor recomputation	openspec/specs/gf32-bidirectional-oracle/spec.md	yes	no	Included within exact frozen merge scope: no promotion delta; only accepted bounded D7-C diagnostic
v72p2d7-gf32-bidirectional-oracle	openspec/changes/archive/2026-10-04-v72p2d7-gf32-bidirectional-oracle-completed/specs/gf32-bidirectional-oracle/spec.md	Scenario: Prior boundary is applied once	openspec/specs/gf32-bidirectional-oracle/spec.md	yes	no	Included within exact frozen merge scope: no promotion delta; only accepted bounded D7-C diagnostic
v72p2d7-gf32-bidirectional-oracle	openspec/changes/archive/2026-10-04-v72p2d7-gf32-bidirectional-oracle-completed/specs/gf32-bidirectional-oracle/spec.md	Requirement: Frozen call matrix and order	openspec/specs/gf32-bidirectional-oracle/spec.md	yes	no	Included within exact frozen merge scope: no promotion delta; only accepted bounded D7-C diagnostic
v72p2d7-gf32-bidirectional-oracle	openspec/changes/archive/2026-10-04-v72p2d7-gf32-bidirectional-oracle-completed/specs/gf32-bidirectional-oracle/spec.md	Scenario: Identity freeze precedes the first call	openspec/specs/gf32-bidirectional-oracle/spec.md	yes	no	Included within exact frozen merge scope: no promotion delta; only accepted bounded D7-C diagnostic
v72p2d7-gf32-bidirectional-oracle	openspec/changes/archive/2026-10-04-v72p2d7-gf32-bidirectional-oracle-completed/specs/gf32-bidirectional-oracle/spec.md	Scenario: No substitution	openspec/specs/gf32-bidirectional-oracle/spec.md	yes	no	Included within exact frozen merge scope: no promotion delta; only accepted bounded D7-C diagnostic
v72p2d7-gf32-bidirectional-oracle	openspec/changes/archive/2026-10-04-v72p2d7-gf32-bidirectional-oracle-completed/specs/gf32-bidirectional-oracle/spec.md	Requirement: Budgets and resource guards	openspec/specs/gf32-bidirectional-oracle/spec.md	yes	no	Included within exact frozen merge scope: no promotion delta; only accepted bounded D7-C diagnostic
v72p2d7-gf32-bidirectional-oracle	openspec/changes/archive/2026-10-04-v72p2d7-gf32-bidirectional-oracle-completed/specs/gf32-bidirectional-oracle/spec.md	Scenario: RSS preflight	openspec/specs/gf32-bidirectional-oracle/spec.md	yes	no	Included within exact frozen merge scope: no promotion delta; only accepted bounded D7-C diagnostic
v72p2d7-gf32-bidirectional-oracle	openspec/changes/archive/2026-10-04-v72p2d7-gf32-bidirectional-oracle-completed/specs/gf32-bidirectional-oracle/spec.md	Scenario: Watchdog fires	openspec/specs/gf32-bidirectional-oracle/spec.md	yes	no	Included within exact frozen merge scope: no promotion delta; only accepted bounded D7-C diagnostic
v72p2d7-gf32-bidirectional-oracle	openspec/changes/archive/2026-10-04-v72p2d7-gf32-bidirectional-oracle-completed/specs/gf32-bidirectional-oracle/spec.md	Requirement: Scalar evidence schema and six-file root	openspec/specs/gf32-bidirectional-oracle/spec.md	yes	no	Included within exact frozen merge scope: no promotion delta; only accepted bounded D7-C diagnostic
v72p2d7-gf32-bidirectional-oracle	openspec/changes/archive/2026-10-04-v72p2d7-gf32-bidirectional-oracle-completed/specs/gf32-bidirectional-oracle/spec.md	Scenario: Root is fresh and closed	openspec/specs/gf32-bidirectional-oracle/spec.md	yes	no	Included within exact frozen merge scope: no promotion delta; only accepted bounded D7-C diagnostic
v72p2d7-gf32-bidirectional-oracle	openspec/changes/archive/2026-10-04-v72p2d7-gf32-bidirectional-oracle-completed/specs/gf32-bidirectional-oracle/spec.md	Scenario: Exact and syndrome stay isolated	openspec/specs/gf32-bidirectional-oracle/spec.md	yes	no	Included within exact frozen merge scope: no promotion delta; only accepted bounded D7-C diagnostic
v72p2d7-gf32-bidirectional-oracle	openspec/changes/archive/2026-10-04-v72p2d7-gf32-bidirectional-oracle-completed/specs/gf32-bidirectional-oracle/spec.md	Requirement: Frozen stratum classification and run terminals	openspec/specs/gf32-bidirectional-oracle/spec.md	yes	no	Included within exact frozen merge scope: no promotion delta; only accepted bounded D7-C diagnostic
v72p2d7-gf32-bidirectional-oracle	openspec/changes/archive/2026-10-04-v72p2d7-gf32-bidirectional-oracle-completed/specs/gf32-bidirectional-oracle/spec.md	Scenario: Terminal priority is exact	openspec/specs/gf32-bidirectional-oracle/spec.md	yes	no	Included within exact frozen merge scope: no promotion delta; only accepted bounded D7-C diagnostic
v72p2d7-gf32-bidirectional-oracle	openspec/changes/archive/2026-10-04-v72p2d7-gf32-bidirectional-oracle-completed/specs/gf32-bidirectional-oracle/spec.md	Scenario: Labels survive a higher terminal	openspec/specs/gf32-bidirectional-oracle/spec.md	yes	no	Included within exact frozen merge scope: no promotion delta; only accepted bounded D7-C diagnostic
v72p2d7-gf32-bidirectional-oracle	openspec/changes/archive/2026-10-04-v72p2d7-gf32-bidirectional-oracle-completed/specs/gf32-bidirectional-oracle/spec.md	Requirement: Current-belief provenance labeling (A1)	openspec/specs/gf32-bidirectional-oracle/spec.md	yes	no	Included within exact frozen merge scope: no promotion delta; only accepted bounded D7-C diagnostic
v72p2d7-gf32-bidirectional-oracle	openspec/changes/archive/2026-10-04-v72p2d7-gf32-bidirectional-oracle-completed/specs/gf32-bidirectional-oracle/spec.md	Scenario: Iteration-0 diagnostic	openspec/specs/gf32-bidirectional-oracle/spec.md	yes	no	Included within exact frozen merge scope: no promotion delta; only accepted bounded D7-C diagnostic
v72p2d7-gf32-bidirectional-oracle	openspec/changes/archive/2026-10-04-v72p2d7-gf32-bidirectional-oracle-completed/specs/gf32-bidirectional-oracle/spec.md	Scenario: No cross-layer belief flow	openspec/specs/gf32-bidirectional-oracle/spec.md	yes	no	Included within exact frozen merge scope: no promotion delta; only accepted bounded D7-C diagnostic
v72p2d7-gf32-bidirectional-oracle	openspec/changes/archive/2026-10-04-v72p2d7-gf32-bidirectional-oracle-completed/specs/gf32-bidirectional-oracle/spec.md	Requirement: Implementation isolation and authorization gating	openspec/specs/gf32-bidirectional-oracle/spec.md	yes	no	Included within exact frozen merge scope: no promotion delta; only accepted bounded D7-C diagnostic
v72p2d7-gf32-bidirectional-oracle	openspec/changes/archive/2026-10-04-v72p2d7-gf32-bidirectional-oracle-completed/specs/gf32-bidirectional-oracle/spec.md	Scenario: Unauthorized refusal	openspec/specs/gf32-bidirectional-oracle/spec.md	yes	no	Included within exact frozen merge scope: no promotion delta; only accepted bounded D7-C diagnostic
v72p2d7-gf32-bidirectional-oracle	openspec/changes/archive/2026-10-04-v72p2d7-gf32-bidirectional-oracle-completed/specs/gf32-bidirectional-oracle/spec.md	Scenario: External-cwd bind	openspec/specs/gf32-bidirectional-oracle/spec.md	yes	no	Included within exact frozen merge scope: no promotion delta; only accepted bounded D7-C diagnostic
v72p2d7-gf32-bidirectional-oracle	openspec/changes/archive/2026-10-04-v72p2d7-gf32-bidirectional-oracle-completed/specs/gf32-bidirectional-oracle/spec.md	Requirement: Verify mode independence	openspec/specs/gf32-bidirectional-oracle/spec.md	yes	no	Included within exact frozen merge scope: no promotion delta; only accepted bounded D7-C diagnostic
v72p2d7-gf32-bidirectional-oracle	openspec/changes/archive/2026-10-04-v72p2d7-gf32-bidirectional-oracle-completed/specs/gf32-bidirectional-oracle/spec.md	Scenario: Tampered records are detected	openspec/specs/gf32-bidirectional-oracle/spec.md	yes	no	Included within exact frozen merge scope: no promotion delta; only accepted bounded D7-C diagnostic
v72p2d7-gf32-bidirectional-oracle	openspec/changes/archive/2026-10-04-v72p2d7-gf32-bidirectional-oracle-completed/specs/gf32-bidirectional-oracle/spec.md	Scenario: Verifier isolation	openspec/specs/gf32-bidirectional-oracle/spec.md	yes	no	Included within exact frozen merge scope: no promotion delta; only accepted bounded D7-C diagnostic
v72p2d7-gf32-decoder-certification	openspec/changes/archive/2026-10-04-v72p2d7-gf32-decoder-certification-completed/specs/gf32-decoder-certification/spec.md	New capability: independent GF32 decoder oracle (D7-owned)	openspec/specs/gf32-decoder-certification/spec.md	no	yes	Zero merge: frozen scope is not separated by an exact source-title boundary; source merge note: only tiny synthetic oracle certification contract
v72p2d7-gf32-easy-regime	openspec/changes/archive/2026-10-04-v72p2d7-gf32-easy-regime-completed/specs/spec.md	Frozen matrix	openspec/specs/v72p2d7-gf32-easy-regime/spec.md	no	yes	Zero merge: frozen scope is not separated by an exact source-title boundary; source merge note: only reviewed corrected R2; retain R1 failure
v72p2d7-gf32-schedule-discriminator	openspec/changes/archive/2026-10-04-v72p2d7-gf32-schedule-discriminator-completed/specs/gf32-schedule-discriminator/spec.md	ADDED Requirements	openspec/specs/gf32-schedule-discriminator/spec.md	no	yes	Zero merge: frozen scope is not separated by an exact source-title boundary; source merge note: no promotion delta; preserve accepted D7-D inconclusive outcome
v72p2d7-gf32-schedule-discriminator	openspec/changes/archive/2026-10-04-v72p2d7-gf32-schedule-discriminator-completed/specs/gf32-schedule-discriminator/spec.md	Requirement: Schedule-only pair and decision boundary	openspec/specs/gf32-schedule-discriminator/spec.md	no	yes	Zero merge: frozen scope is not separated by an exact source-title boundary; source merge note: no promotion delta; preserve accepted D7-D inconclusive outcome
v72p2d7-gf32-schedule-discriminator	openspec/changes/archive/2026-10-04-v72p2d7-gf32-schedule-discriminator-completed/specs/gf32-schedule-discriminator/spec.md	Scenario: One variable only	openspec/specs/gf32-schedule-discriminator/spec.md	no	yes	Zero merge: frozen scope is not separated by an exact source-title boundary; source merge note: no promotion delta; preserve accepted D7-D inconclusive outcome
v72p2d7-gf32-schedule-discriminator	openspec/changes/archive/2026-10-04-v72p2d7-gf32-schedule-discriminator-completed/specs/gf32-schedule-discriminator/spec.md	Scenario: Forbidden schedules and parameters	openspec/specs/gf32-schedule-discriminator/spec.md	no	yes	Zero merge: frozen scope is not separated by an exact source-title boundary; source merge note: no promotion delta; preserve accepted D7-D inconclusive outcome
v72p2d7-gf32-schedule-discriminator	openspec/changes/archive/2026-10-04-v72p2d7-gf32-schedule-discriminator-completed/specs/gf32-schedule-discriminator/spec.md	Requirement: Frozen input identity and reuse contract	openspec/specs/gf32-schedule-discriminator/spec.md	no	yes	Zero merge: frozen scope is not separated by an exact source-title boundary; source merge note: no promotion delta; preserve accepted D7-D inconclusive outcome
v72p2d7-gf32-schedule-discriminator	openspec/changes/archive/2026-10-04-v72p2d7-gf32-schedule-discriminator-completed/specs/gf32-schedule-discriminator/spec.md	Scenario: Model-F root is fixed	openspec/specs/gf32-schedule-discriminator/spec.md	no	yes	Zero merge: frozen scope is not separated by an exact source-title boundary; source merge note: no promotion delta; preserve accepted D7-D inconclusive outcome
v72p2d7-gf32-schedule-discriminator	openspec/changes/archive/2026-10-04-v72p2d7-gf32-schedule-discriminator-completed/specs/gf32-schedule-discriminator/spec.md	Scenario: Contract equality with D7-C	openspec/specs/gf32-schedule-discriminator/spec.md	no	yes	Zero merge: frozen scope is not separated by an exact source-title boundary; source merge note: no promotion delta; preserve accepted D7-D inconclusive outcome
v72p2d7-gf32-schedule-discriminator	openspec/changes/archive/2026-10-04-v72p2d7-gf32-schedule-discriminator-completed/specs/gf32-schedule-discriminator/spec.md	Requirement: Frozen decoder call shapes and schedules	openspec/specs/gf32-schedule-discriminator/spec.md	no	yes	Zero merge: frozen scope is not separated by an exact source-title boundary; source merge note: no promotion delta; preserve accepted D7-D inconclusive outcome
v72p2d7-gf32-schedule-discriminator	openspec/changes/archive/2026-10-04-v72p2d7-gf32-schedule-discriminator-completed/specs/gf32-schedule-discriminator/spec.md	Scenario: No invented flooding parameter	openspec/specs/gf32-schedule-discriminator/spec.md	no	yes	Zero merge: frozen scope is not separated by an exact source-title boundary; source merge note: no promotion delta; preserve accepted D7-D inconclusive outcome
v72p2d7-gf32-schedule-discriminator	openspec/changes/archive/2026-10-04-v72p2d7-gf32-schedule-discriminator-completed/specs/gf32-schedule-discriminator/spec.md	Scenario: Internal stopping is retained	openspec/specs/gf32-schedule-discriminator/spec.md	no	yes	Zero merge: frozen scope is not separated by an exact source-title boundary; source merge note: no promotion delta; preserve accepted D7-D inconclusive outcome
v72p2d7-gf32-schedule-discriminator	openspec/changes/archive/2026-10-04-v72p2d7-gf32-schedule-discriminator-completed/specs/gf32-schedule-discriminator/spec.md	Requirement: Frozen call matrix and order	openspec/specs/gf32-schedule-discriminator/spec.md	no	yes	Zero merge: frozen scope is not separated by an exact source-title boundary; source merge note: no promotion delta; preserve accepted D7-D inconclusive outcome
v72p2d7-gf32-schedule-discriminator	openspec/changes/archive/2026-10-04-v72p2d7-gf32-schedule-discriminator-completed/specs/gf32-schedule-discriminator/spec.md	Scenario: Identity freeze precedes the first call	openspec/specs/gf32-schedule-discriminator/spec.md	no	yes	Zero merge: frozen scope is not separated by an exact source-title boundary; source merge note: no promotion delta; preserve accepted D7-D inconclusive outcome
v72p2d7-gf32-schedule-discriminator	openspec/changes/archive/2026-10-04-v72p2d7-gf32-schedule-discriminator-completed/specs/gf32-schedule-discriminator/spec.md	Scenario: No substitution	openspec/specs/gf32-schedule-discriminator/spec.md	no	yes	Zero merge: frozen scope is not separated by an exact source-title boundary; source merge note: no promotion delta; preserve accepted D7-D inconclusive outcome
v72p2d7-gf32-schedule-discriminator	openspec/changes/archive/2026-10-04-v72p2d7-gf32-schedule-discriminator-completed/specs/gf32-schedule-discriminator/spec.md	Requirement: Work-normalized metrics	openspec/specs/gf32-schedule-discriminator/spec.md	no	yes	Zero merge: frozen scope is not separated by an exact source-title boundary; source merge note: no promotion delta; preserve accepted D7-D inconclusive outcome
v72p2d7-gf32-schedule-discriminator	openspec/changes/archive/2026-10-04-v72p2d7-gf32-schedule-discriminator-completed/specs/gf32-schedule-discriminator/spec.md	Scenario: Iteration-0 work arithmetic	openspec/specs/gf32-schedule-discriminator/spec.md	no	yes	Zero merge: frozen scope is not separated by an exact source-title boundary; source merge note: no promotion delta; preserve accepted D7-D inconclusive outcome
v72p2d7-gf32-schedule-discriminator	openspec/changes/archive/2026-10-04-v72p2d7-gf32-schedule-discriminator-completed/specs/gf32-schedule-discriminator/spec.md	Scenario: Syndrome never upgrades exact	openspec/specs/gf32-schedule-discriminator/spec.md	no	yes	Zero merge: frozen scope is not separated by an exact source-title boundary; source merge note: no promotion delta; preserve accepted D7-D inconclusive outcome
v72p2d7-gf32-schedule-discriminator	openspec/changes/archive/2026-10-04-v72p2d7-gf32-schedule-discriminator-completed/specs/gf32-schedule-discriminator/spec.md	Requirement: Frozen stratum classification	openspec/specs/gf32-schedule-discriminator/spec.md	no	yes	Zero merge: frozen scope is not separated by an exact source-title boundary; source merge note: no promotion delta; preserve accepted D7-D inconclusive outcome
v72p2d7-gf32-schedule-discriminator	openspec/changes/archive/2026-10-04-v72p2d7-gf32-schedule-discriminator-completed/specs/gf32-schedule-discriminator/spec.md	Scenario: Label boundaries	openspec/specs/gf32-schedule-discriminator/spec.md	no	yes	Zero merge: frozen scope is not separated by an exact source-title boundary; source merge note: no promotion delta; preserve accepted D7-D inconclusive outcome
v72p2d7-gf32-schedule-discriminator	openspec/changes/archive/2026-10-04-v72p2d7-gf32-schedule-discriminator-completed/specs/gf32-schedule-discriminator/spec.md	Scenario: Tie thresholds	openspec/specs/gf32-schedule-discriminator/spec.md	no	yes	Zero merge: frozen scope is not separated by an exact source-title boundary; source merge note: no promotion delta; preserve accepted D7-D inconclusive outcome
v72p2d7-gf32-schedule-discriminator	openspec/changes/archive/2026-10-04-v72p2d7-gf32-schedule-discriminator-completed/specs/gf32-schedule-discriminator/spec.md	Requirement: Frozen run terminals and certification gate	openspec/specs/gf32-schedule-discriminator/spec.md	no	yes	Zero merge: frozen scope is not separated by an exact source-title boundary; source merge note: no promotion delta; preserve accepted D7-D inconclusive outcome
v72p2d7-gf32-schedule-discriminator	openspec/changes/archive/2026-10-04-v72p2d7-gf32-schedule-discriminator-completed/specs/gf32-schedule-discriminator/spec.md	Scenario: Terminal priority is exact	openspec/specs/gf32-schedule-discriminator/spec.md	no	yes	Zero merge: frozen scope is not separated by an exact source-title boundary; source merge note: no promotion delta; preserve accepted D7-D inconclusive outcome
v72p2d7-gf32-schedule-discriminator	openspec/changes/archive/2026-10-04-v72p2d7-gf32-schedule-discriminator-completed/specs/gf32-schedule-discriminator/spec.md	Scenario: Certify before readiness	openspec/specs/gf32-schedule-discriminator/spec.md	no	yes	Zero merge: frozen scope is not separated by an exact source-title boundary; source merge note: no promotion delta; preserve accepted D7-D inconclusive outcome
v72p2d7-gf32-schedule-discriminator	openspec/changes/archive/2026-10-04-v72p2d7-gf32-schedule-discriminator-completed/specs/gf32-schedule-discriminator/spec.md	Requirement: Budgets and resource guards	openspec/specs/gf32-schedule-discriminator/spec.md	no	yes	Zero merge: frozen scope is not separated by an exact source-title boundary; source merge note: no promotion delta; preserve accepted D7-D inconclusive outcome
v72p2d7-gf32-schedule-discriminator	openspec/changes/archive/2026-10-04-v72p2d7-gf32-schedule-discriminator-completed/specs/gf32-schedule-discriminator/spec.md	Scenario: RSS preflight	openspec/specs/gf32-schedule-discriminator/spec.md	no	yes	Zero merge: frozen scope is not separated by an exact source-title boundary; source merge note: no promotion delta; preserve accepted D7-D inconclusive outcome
v72p2d7-gf32-schedule-discriminator	openspec/changes/archive/2026-10-04-v72p2d7-gf32-schedule-discriminator-completed/specs/gf32-schedule-discriminator/spec.md	Scenario: Watchdog fires	openspec/specs/gf32-schedule-discriminator/spec.md	no	yes	Zero merge: frozen scope is not separated by an exact source-title boundary; source merge note: no promotion delta; preserve accepted D7-D inconclusive outcome
v72p2d7-gf32-schedule-discriminator	openspec/changes/archive/2026-10-04-v72p2d7-gf32-schedule-discriminator-completed/specs/gf32-schedule-discriminator/spec.md	Requirement: Seven-file scalar evidence root	openspec/specs/gf32-schedule-discriminator/spec.md	no	yes	Zero merge: frozen scope is not separated by an exact source-title boundary; source merge note: no promotion delta; preserve accepted D7-D inconclusive outcome
v72p2d7-gf32-schedule-discriminator	openspec/changes/archive/2026-10-04-v72p2d7-gf32-schedule-discriminator-completed/specs/gf32-schedule-discriminator/spec.md	Scenario: Root is fresh and closed	openspec/specs/gf32-schedule-discriminator/spec.md	no	yes	Zero merge: frozen scope is not separated by an exact source-title boundary; source merge note: no promotion delta; preserve accepted D7-D inconclusive outcome
v72p2d7-gf32-schedule-discriminator	openspec/changes/archive/2026-10-04-v72p2d7-gf32-schedule-discriminator-completed/specs/gf32-schedule-discriminator/spec.md	Scenario: Exact evidence set	openspec/specs/gf32-schedule-discriminator/spec.md	no	yes	Zero merge: frozen scope is not separated by an exact source-title boundary; source merge note: no promotion delta; preserve accepted D7-D inconclusive outcome
v72p2d7-gf32-schedule-discriminator	openspec/changes/archive/2026-10-04-v72p2d7-gf32-schedule-discriminator-completed/specs/gf32-schedule-discriminator/spec.md	Requirement: Verify mode independence	openspec/specs/gf32-schedule-discriminator/spec.md	no	yes	Zero merge: frozen scope is not separated by an exact source-title boundary; source merge note: no promotion delta; preserve accepted D7-D inconclusive outcome
v72p2d7-gf32-schedule-discriminator	openspec/changes/archive/2026-10-04-v72p2d7-gf32-schedule-discriminator-completed/specs/gf32-schedule-discriminator/spec.md	Scenario: Tampered records are detected	openspec/specs/gf32-schedule-discriminator/spec.md	no	yes	Zero merge: frozen scope is not separated by an exact source-title boundary; source merge note: no promotion delta; preserve accepted D7-D inconclusive outcome
v72p2d7-gf32-schedule-discriminator	openspec/changes/archive/2026-10-04-v72p2d7-gf32-schedule-discriminator-completed/specs/gf32-schedule-discriminator/spec.md	Scenario: Verifier isolation	openspec/specs/gf32-schedule-discriminator/spec.md	no	yes	Zero merge: frozen scope is not separated by an exact source-title boundary; source merge note: no promotion delta; preserve accepted D7-D inconclusive outcome
v72p2d7-gf32-schedule-discriminator	openspec/changes/archive/2026-10-04-v72p2d7-gf32-schedule-discriminator-completed/specs/gf32-schedule-discriminator/spec.md	Requirement: Implementation isolation and authorization gating	openspec/specs/gf32-schedule-discriminator/spec.md	no	yes	Zero merge: frozen scope is not separated by an exact source-title boundary; source merge note: no promotion delta; preserve accepted D7-D inconclusive outcome
v72p2d7-gf32-schedule-discriminator	openspec/changes/archive/2026-10-04-v72p2d7-gf32-schedule-discriminator-completed/specs/gf32-schedule-discriminator/spec.md	Scenario: Unauthorized refusal	openspec/specs/gf32-schedule-discriminator/spec.md	no	yes	Zero merge: frozen scope is not separated by an exact source-title boundary; source merge note: no promotion delta; preserve accepted D7-D inconclusive outcome
v72p2d7-gf32-schedule-discriminator	openspec/changes/archive/2026-10-04-v72p2d7-gf32-schedule-discriminator-completed/specs/gf32-schedule-discriminator/spec.md	Scenario: External-cwd bind	openspec/specs/gf32-schedule-discriminator/spec.md	no	yes	Zero merge: frozen scope is not separated by an exact source-title boundary; source merge note: no promotion delta; preserve accepted D7-D inconclusive outcome
v72p2d7-layer-interface-belief-provenance	openspec/changes/archive/2026-10-04-v72p2d7-layer-interface-belief-provenance-completed/specs/gf32-layer-interface-belief-provenance/spec.md	ADDED Requirements	openspec/specs/gf32-layer-interface-belief-provenance/spec.md	no	yes	Zero merge: frozen scope is not separated by an exact source-title boundary; source merge note: only accepted fail-closed interface proposal/review
v72p2d7-layer-interface-belief-provenance	openspec/changes/archive/2026-10-04-v72p2d7-layer-interface-belief-provenance-completed/specs/gf32-layer-interface-belief-provenance/spec.md	Requirement: Explicit decoder belief provenance	openspec/specs/gf32-layer-interface-belief-provenance/spec.md	no	yes	Zero merge: frozen scope is not separated by an exact source-title boundary; source merge note: only accepted fail-closed interface proposal/review
v72p2d7-layer-interface-belief-provenance	openspec/changes/archive/2026-10-04-v72p2d7-layer-interface-belief-provenance-completed/specs/gf32-layer-interface-belief-provenance/spec.md	Scenario: Cold row-layered return with zero completed check sweeps	openspec/specs/gf32-layer-interface-belief-provenance/spec.md	no	yes	Zero merge: frozen scope is not separated by an exact source-title boundary; source merge note: only accepted fail-closed interface proposal/review
v72p2d7-layer-interface-belief-provenance	openspec/changes/archive/2026-10-04-v72p2d7-layer-interface-belief-provenance-completed/specs/gf32-layer-interface-belief-provenance/spec.md	Scenario: Return after at least one completed check sweep	openspec/specs/gf32-layer-interface-belief-provenance/spec.md	no	yes	Zero merge: frozen scope is not separated by an exact source-title boundary; source merge note: only accepted fail-closed interface proposal/review
v72p2d7-layer-interface-belief-provenance	openspec/changes/archive/2026-10-04-v72p2d7-layer-interface-belief-provenance-completed/specs/gf32-layer-interface-belief-provenance/spec.md	Scenario: Warm start without explicit provenance	openspec/specs/gf32-layer-interface-belief-provenance/spec.md	no	yes	Zero merge: frozen scope is not separated by an exact source-title boundary; source merge note: only accepted fail-closed interface proposal/review
v72p2d7-layer-interface-belief-provenance	openspec/changes/archive/2026-10-04-v72p2d7-layer-interface-belief-provenance-completed/specs/gf32-layer-interface-belief-provenance/spec.md	Requirement: Hard-decision semantics remain unchanged	openspec/specs/gf32-layer-interface-belief-provenance/spec.md	no	yes	Zero merge: frozen scope is not separated by an exact source-title boundary; source merge note: only accepted fail-closed interface proposal/review
v72p2d7-layer-interface-belief-provenance	openspec/changes/archive/2026-10-04-v72p2d7-layer-interface-belief-provenance-completed/specs/gf32-layer-interface-belief-provenance/spec.md	Scenario: Frozen-fixture comparison	openspec/specs/gf32-layer-interface-belief-provenance/spec.md	no	yes	Zero merge: frozen scope is not separated by an exact source-title boundary; source merge note: only accepted fail-closed interface proposal/review
v72p2d7-layer-interface-belief-provenance	openspec/changes/archive/2026-10-04-v72p2d7-layer-interface-belief-provenance-completed/specs/gf32-layer-interface-belief-provenance/spec.md	Requirement: Cross-layer APP consumers fail closed on unconditioned provenance	openspec/specs/gf32-layer-interface-belief-provenance/spec.md	no	yes	Zero merge: frozen scope is not separated by an exact source-title boundary; source merge note: only accepted fail-closed interface proposal/review
v72p2d7-layer-interface-belief-provenance	openspec/changes/archive/2026-10-04-v72p2d7-layer-interface-belief-provenance-completed/specs/gf32-layer-interface-belief-provenance/spec.md	Scenario: Iteration-0 prior reaches an APP-requiring consumer	openspec/specs/gf32-layer-interface-belief-provenance/spec.md	no	yes	Zero merge: frozen scope is not separated by an exact source-title boundary; source merge note: only accepted fail-closed interface proposal/review
v72p2d7-layer-interface-belief-provenance	openspec/changes/archive/2026-10-04-v72p2d7-layer-interface-belief-provenance-completed/specs/gf32-layer-interface-belief-provenance/spec.md	Scenario: Conditioned return passes the guard	openspec/specs/gf32-layer-interface-belief-provenance/spec.md	no	yes	Zero merge: frozen scope is not separated by an exact source-title boundary; source merge note: only accepted fail-closed interface proposal/review
v72p2d7-layer-interface-belief-provenance	openspec/changes/archive/2026-10-04-v72p2d7-layer-interface-belief-provenance-completed/specs/gf32-layer-interface-belief-provenance/spec.md	Scenario: Legacy result without the field	openspec/specs/gf32-layer-interface-belief-provenance/spec.md	no	yes	Zero merge: frozen scope is not separated by an exact source-title boundary; source merge note: only accepted fail-closed interface proposal/review
v72p2d7-layer-interface-belief-provenance	openspec/changes/archive/2026-10-04-v72p2d7-layer-interface-belief-provenance-completed/specs/gf32-layer-interface-belief-provenance/spec.md	Requirement: PRIOR_ONLY is never labeled conditioned posterior or APP	openspec/specs/gf32-layer-interface-belief-provenance/spec.md	no	yes	Zero merge: frozen scope is not separated by an exact source-title boundary; source merge note: only accepted fail-closed interface proposal/review
v72p2d7-layer-interface-belief-provenance	openspec/changes/archive/2026-10-04-v72p2d7-layer-interface-belief-provenance-completed/specs/gf32-layer-interface-belief-provenance/spec.md	Scenario: Diagnostic records an iteration-0 current belief	openspec/specs/gf32-layer-interface-belief-provenance/spec.md	no	yes	Zero merge: frozen scope is not separated by an exact source-title boundary; source merge note: only accepted fail-closed interface proposal/review
v72p2d7-layer-interface-belief-provenance	openspec/changes/archive/2026-10-04-v72p2d7-layer-interface-belief-provenance-completed/specs/gf32-layer-interface-belief-provenance/spec.md	Requirement: No retroactive change to historical results	openspec/specs/gf32-layer-interface-belief-provenance/spec.md	no	yes	Zero merge: frozen scope is not separated by an exact source-title boundary; source merge note: only accepted fail-closed interface proposal/review
v72p2d7-layer-interface-belief-provenance	openspec/changes/archive/2026-10-04-v72p2d7-layer-interface-belief-provenance-completed/specs/gf32-layer-interface-belief-provenance/spec.md	Scenario: Historical evidence is referenced	openspec/specs/gf32-layer-interface-belief-provenance/spec.md	no	yes	Zero merge: frozen scope is not separated by an exact source-title boundary; source merge note: only accepted fail-closed interface proposal/review
v72p2d7-layer-interface-belief-provenance	openspec/changes/archive/2026-10-04-v72p2d7-layer-interface-belief-provenance-completed/specs/gf32-layer-interface-belief-provenance/spec.md	Requirement: Implementation gating before cross-layer APP routes	openspec/specs/gf32-layer-interface-belief-provenance/spec.md	no	yes	Zero merge: frozen scope is not separated by an exact source-title boundary; source merge note: only accepted fail-closed interface proposal/review
v72p2d7-layer-interface-belief-provenance	openspec/changes/archive/2026-10-04-v72p2d7-layer-interface-belief-provenance-completed/specs/gf32-layer-interface-belief-provenance/spec.md	Scenario: D7-C single-layer oracle is prepared	openspec/specs/gf32-layer-interface-belief-provenance/spec.md	no	yes	Zero merge: frozen scope is not separated by an exact source-title boundary; source merge note: only accepted fail-closed interface proposal/review
v72p2d7-layer-interface-belief-provenance	openspec/changes/archive/2026-10-04-v72p2d7-layer-interface-belief-provenance-completed/specs/gf32-layer-interface-belief-provenance/spec.md	Requirement: D7-C single-layer boundary	openspec/specs/gf32-layer-interface-belief-provenance/spec.md	no	yes	Zero merge: frozen scope is not separated by an exact source-title boundary; source merge note: only accepted fail-closed interface proposal/review
v72p2d7-layer-interface-belief-provenance	openspec/changes/archive/2026-10-04-v72p2d7-layer-interface-belief-provenance-completed/specs/gf32-layer-interface-belief-provenance/spec.md	Scenario: D7-C records current-belief confidence	openspec/specs/gf32-layer-interface-belief-provenance/spec.md	no	yes	Zero merge: frozen scope is not separated by an exact source-title boundary; source merge note: only accepted fail-closed interface proposal/review
v72p2d7-layer-interface-belief-provenance	openspec/changes/archive/2026-10-04-v72p2d7-layer-interface-belief-provenance-completed/specs/gf32-layer-interface-belief-provenance/spec.md	Requirement: Scope boundary for the sibling probability-domain decoder	openspec/specs/gf32-layer-interface-belief-provenance/spec.md	no	yes	Zero merge: frozen scope is not separated by an exact source-title boundary; source merge note: only accepted fail-closed interface proposal/review
v72p2d7-layer-interface-belief-provenance	openspec/changes/archive/2026-10-04-v72p2d7-layer-interface-belief-provenance-completed/specs/gf32-layer-interface-belief-provenance/spec.md	Scenario: Sibling decoder is considered	openspec/specs/gf32-layer-interface-belief-provenance/spec.md	no	yes	Zero merge: frozen scope is not separated by an exact source-title boundary; source merge note: only accepted fail-closed interface proposal/review
v72p2d7-provenance-safe-cross-layer-discriminator	openspec/changes/archive/2026-10-04-v72p2d7-provenance-safe-cross-layer-discriminator-completed/specs/provenance-safe-cross-layer-discriminator/spec.md	ADDED Requirements	openspec/specs/provenance-safe-cross-layer-discriminator/spec.md	no	yes	Zero merge: frozen scope is not separated by an exact source-title boundary; source merge note: no promotion delta; only accepted directional diagnostic
v72p2d7-provenance-safe-cross-layer-discriminator	openspec/changes/archive/2026-10-04-v72p2d7-provenance-safe-cross-layer-discriminator-completed/specs/provenance-safe-cross-layer-discriminator/spec.md	Requirement: D7-E frozen question and single-pass boundary	openspec/specs/provenance-safe-cross-layer-discriminator/spec.md	no	yes	Zero merge: frozen scope is not separated by an exact source-title boundary; source merge note: no promotion delta; only accepted directional diagnostic
v72p2d7-provenance-safe-cross-layer-discriminator	openspec/changes/archive/2026-10-04-v72p2d7-provenance-safe-cross-layer-discriminator-completed/specs/provenance-safe-cross-layer-discriminator/spec.md	Scenario: Single-pass mechanism	openspec/specs/provenance-safe-cross-layer-discriminator/spec.md	no	yes	Zero merge: frozen scope is not separated by an exact source-title boundary; source merge note: no promotion delta; only accepted directional diagnostic
v72p2d7-provenance-safe-cross-layer-discriminator	openspec/changes/archive/2026-10-04-v72p2d7-provenance-safe-cross-layer-discriminator-completed/specs/provenance-safe-cross-layer-discriminator/spec.md	Requirement: D7-E frozen matrix and decoder contract	openspec/specs/provenance-safe-cross-layer-discriminator/spec.md	no	yes	Zero merge: frozen scope is not separated by an exact source-title boundary; source merge note: no promotion delta; only accepted directional diagnostic
v72p2d7-provenance-safe-cross-layer-discriminator	openspec/changes/archive/2026-10-04-v72p2d7-provenance-safe-cross-layer-discriminator-completed/specs/provenance-safe-cross-layer-discriminator/spec.md	Scenario: Exact slot order	openspec/specs/provenance-safe-cross-layer-discriminator/spec.md	no	yes	Zero merge: frozen scope is not separated by an exact source-title boundary; source merge note: no promotion delta; only accepted directional diagnostic
v72p2d7-provenance-safe-cross-layer-discriminator	openspec/changes/archive/2026-10-04-v72p2d7-provenance-safe-cross-layer-discriminator-completed/specs/provenance-safe-cross-layer-discriminator/spec.md	Scenario: Blocked transfer is a non-invocation	openspec/specs/provenance-safe-cross-layer-discriminator/spec.md	no	yes	Zero merge: frozen scope is not separated by an exact source-title boundary; source merge note: no promotion delta; only accepted directional diagnostic
v72p2d7-provenance-safe-cross-layer-discriminator	openspec/changes/archive/2026-10-04-v72p2d7-provenance-safe-cross-layer-discriminator-completed/specs/provenance-safe-cross-layer-discriminator/spec.md	Requirement: D7-E transfer formulas and estimator identity	openspec/specs/provenance-safe-cross-layer-discriminator/spec.md	no	yes	Zero merge: frozen scope is not separated by an exact source-title boundary; source merge note: no promotion delta; only accepted directional diagnostic
v72p2d7-provenance-safe-cross-layer-discriminator	openspec/changes/archive/2026-10-04-v72p2d7-provenance-safe-cross-layer-discriminator-completed/specs/provenance-safe-cross-layer-discriminator/spec.md	Scenario: Estimator identity	openspec/specs/provenance-safe-cross-layer-discriminator/spec.md	no	yes	Zero merge: frozen scope is not separated by an exact source-title boundary; source merge note: no promotion delta; only accepted directional diagnostic
v72p2d7-provenance-safe-cross-layer-discriminator	openspec/changes/archive/2026-10-04-v72p2d7-provenance-safe-cross-layer-discriminator-completed/specs/provenance-safe-cross-layer-discriminator/spec.md	Requirement: D7-E pair and eligibility semantics	openspec/specs/provenance-safe-cross-layer-discriminator/spec.md	no	yes	Zero merge: frozen scope is not separated by an exact source-title boundary; source merge note: no promotion delta; only accepted directional diagnostic
v72p2d7-provenance-safe-cross-layer-discriminator	openspec/changes/archive/2026-10-04-v72p2d7-provenance-safe-cross-layer-discriminator-completed/specs/provenance-safe-cross-layer-discriminator/spec.md	Scenario: Source exact false stays eligible	openspec/specs/provenance-safe-cross-layer-discriminator/spec.md	no	yes	Zero merge: frozen scope is not separated by an exact source-title boundary; source merge note: no promotion delta; only accepted directional diagnostic
v72p2d7-provenance-safe-cross-layer-discriminator	openspec/changes/archive/2026-10-04-v72p2d7-provenance-safe-cross-layer-discriminator-completed/specs/provenance-safe-cross-layer-discriminator/spec.md	Scenario: Refused provenance blocks before mixing	openspec/specs/provenance-safe-cross-layer-discriminator/spec.md	no	yes	Zero merge: frozen scope is not separated by an exact source-title boundary; source merge note: no promotion delta; only accepted directional diagnostic
v72p2d7-provenance-safe-cross-layer-discriminator	openspec/changes/archive/2026-10-04-v72p2d7-provenance-safe-cross-layer-discriminator-completed/specs/provenance-safe-cross-layer-discriminator/spec.md	Requirement: D7-E stratum labels	openspec/specs/provenance-safe-cross-layer-discriminator/spec.md	no	yes	Zero merge: frozen scope is not separated by an exact source-title boundary; source merge note: no promotion delta; only accepted directional diagnostic
v72p2d7-provenance-safe-cross-layer-discriminator	openspec/changes/archive/2026-10-04-v72p2d7-provenance-safe-cross-layer-discriminator-completed/specs/provenance-safe-cross-layer-discriminator/spec.md	Scenario: First-match routing	openspec/specs/provenance-safe-cross-layer-discriminator/spec.md	no	yes	Zero merge: frozen scope is not separated by an exact source-title boundary; source merge note: no promotion delta; only accepted directional diagnostic
v72p2d7-provenance-safe-cross-layer-discriminator	openspec/changes/archive/2026-10-04-v72p2d7-provenance-safe-cross-layer-discriminator-completed/specs/provenance-safe-cross-layer-discriminator/spec.md	Requirement: D7-E run terminal priority	openspec/specs/provenance-safe-cross-layer-discriminator/spec.md	no	yes	Zero merge: frozen scope is not separated by an exact source-title boundary; source merge note: no promotion delta; only accepted directional diagnostic
v72p2d7-provenance-safe-cross-layer-discriminator	openspec/changes/archive/2026-10-04-v72p2d7-provenance-safe-cross-layer-discriminator-completed/specs/provenance-safe-cross-layer-discriminator/spec.md	Scenario: Strata persist under higher terminal	openspec/specs/provenance-safe-cross-layer-discriminator/spec.md	no	yes	Zero merge: frozen scope is not separated by an exact source-title boundary; source merge note: no promotion delta; only accepted directional diagnostic
v72p2d7-provenance-safe-cross-layer-discriminator	openspec/changes/archive/2026-10-04-v72p2d7-provenance-safe-cross-layer-discriminator-completed/specs/provenance-safe-cross-layer-discriminator/spec.md	Requirement: D7-E budgets and root contract	openspec/specs/provenance-safe-cross-layer-discriminator/spec.md	no	yes	Zero merge: frozen scope is not separated by an exact source-title boundary; source merge note: no promotion delta; only accepted directional diagnostic
v72p2d7-provenance-safe-cross-layer-discriminator	openspec/changes/archive/2026-10-04-v72p2d7-provenance-safe-cross-layer-discriminator-completed/specs/provenance-safe-cross-layer-discriminator/spec.md	Scenario: Budget and schema pins	openspec/specs/provenance-safe-cross-layer-discriminator/spec.md	no	yes	Zero merge: frozen scope is not separated by an exact source-title boundary; source merge note: no promotion delta; only accepted directional diagnostic
v72p2d7-provenance-safe-cross-layer-discriminator	openspec/changes/archive/2026-10-04-v72p2d7-provenance-safe-cross-layer-discriminator-completed/specs/provenance-safe-cross-layer-discriminator/spec.md	Requirement: D7-E RSS source is VmHWM-only on Linux/WSL (A2 telemetry delta)	openspec/specs/provenance-safe-cross-layer-discriminator/spec.md	no	yes	Zero merge: frozen scope is not separated by an exact source-title boundary; source merge note: no promotion delta; only accepted directional diagnostic
v72p2d7-provenance-safe-cross-layer-discriminator	openspec/changes/archive/2026-10-04-v72p2d7-provenance-safe-cross-layer-discriminator-completed/specs/provenance-safe-cross-layer-discriminator/spec.md	Scenario: Strict VmHWM parsing	openspec/specs/provenance-safe-cross-layer-discriminator/spec.md	no	yes	Zero merge: frozen scope is not separated by an exact source-title boundary; source merge note: no promotion delta; only accepted directional diagnostic
v72p2d7-provenance-safe-cross-layer-discriminator	openspec/changes/archive/2026-10-04-v72p2d7-provenance-safe-cross-layer-discriminator-completed/specs/provenance-safe-cross-layer-discriminator/spec.md	Scenario: No ru_maxrss on the WSL path	openspec/specs/provenance-safe-cross-layer-discriminator/spec.md	no	yes	Zero merge: frozen scope is not separated by an exact source-title boundary; source merge note: no promotion delta; only accepted directional diagnostic
v72p2d7-reverse-order-cross-layer-discriminator	openspec/changes/archive/2026-10-04-v72p2d7-reverse-order-cross-layer-discriminator-completed/specs/reverse-order-cross-layer-discriminator/spec.md	ADDED Requirements	openspec/specs/reverse-order-cross-layer-discriminator/spec.md	no	yes	Zero merge: frozen scope is not separated by an exact source-title boundary; source merge note: only accepted D7-F regression record
v72p2d7-reverse-order-cross-layer-discriminator	openspec/changes/archive/2026-10-04-v72p2d7-reverse-order-cross-layer-discriminator-completed/specs/reverse-order-cross-layer-discriminator/spec.md	Requirement: D7-F frozen question and paired-order boundary	openspec/specs/reverse-order-cross-layer-discriminator/spec.md	no	yes	Zero merge: frozen scope is not separated by an exact source-title boundary; source merge note: only accepted D7-F regression record
v72p2d7-reverse-order-cross-layer-discriminator	openspec/changes/archive/2026-10-04-v72p2d7-reverse-order-cross-layer-discriminator-completed/specs/reverse-order-cross-layer-discriminator/spec.md	Scenario: Paired order mechanism	openspec/specs/reverse-order-cross-layer-discriminator/spec.md	no	yes	Zero merge: frozen scope is not separated by an exact source-title boundary; source merge note: only accepted D7-F regression record
v72p2d7-reverse-order-cross-layer-discriminator	openspec/changes/archive/2026-10-04-v72p2d7-reverse-order-cross-layer-discriminator-completed/specs/reverse-order-cross-layer-discriminator/spec.md	Requirement: D7-F frozen matrix and decoder contract	openspec/specs/reverse-order-cross-layer-discriminator/spec.md	no	yes	Zero merge: frozen scope is not separated by an exact source-title boundary; source merge note: only accepted D7-F regression record
v72p2d7-reverse-order-cross-layer-discriminator	openspec/changes/archive/2026-10-04-v72p2d7-reverse-order-cross-layer-discriminator-completed/specs/reverse-order-cross-layer-discriminator/spec.md	Scenario: Exact arm order	openspec/specs/reverse-order-cross-layer-discriminator/spec.md	no	yes	Zero merge: frozen scope is not separated by an exact source-title boundary; source merge note: only accepted D7-F regression record
v72p2d7-reverse-order-cross-layer-discriminator	openspec/changes/archive/2026-10-04-v72p2d7-reverse-order-cross-layer-discriminator-completed/specs/reverse-order-cross-layer-discriminator/spec.md	Scenario: Blocked second stage is a non-invocation	openspec/specs/reverse-order-cross-layer-discriminator/spec.md	no	yes	Zero merge: frozen scope is not separated by an exact source-title boundary; source merge note: only accepted D7-F regression record
v72p2d7-reverse-order-cross-layer-discriminator	openspec/changes/archive/2026-10-04-v72p2d7-reverse-order-cross-layer-discriminator-completed/specs/reverse-order-cross-layer-discriminator/spec.md	Requirement: D7-F transfer formulas and estimator identity	openspec/specs/reverse-order-cross-layer-discriminator/spec.md	no	yes	Zero merge: frozen scope is not separated by an exact source-title boundary; source merge note: only accepted D7-F regression record
v72p2d7-reverse-order-cross-layer-discriminator	openspec/changes/archive/2026-10-04-v72p2d7-reverse-order-cross-layer-discriminator-completed/specs/reverse-order-cross-layer-discriminator/spec.md	Scenario: Estimator identity	openspec/specs/reverse-order-cross-layer-discriminator/spec.md	no	yes	Zero merge: frozen scope is not separated by an exact source-title boundary; source merge note: only accepted D7-F regression record
v72p2d7-reverse-order-cross-layer-discriminator	openspec/changes/archive/2026-10-04-v72p2d7-reverse-order-cross-layer-discriminator-completed/specs/reverse-order-cross-layer-discriminator/spec.md	Requirement: D7-F arm gate and source-exact exclusion	openspec/specs/reverse-order-cross-layer-discriminator/spec.md	no	yes	Zero merge: frozen scope is not separated by an exact source-title boundary; source merge note: only accepted D7-F regression record
v72p2d7-reverse-order-cross-layer-discriminator	openspec/changes/archive/2026-10-04-v72p2d7-reverse-order-cross-layer-discriminator-completed/specs/reverse-order-cross-layer-discriminator/spec.md	Scenario: Source exact false stays eligible	openspec/specs/reverse-order-cross-layer-discriminator/spec.md	no	yes	Zero merge: frozen scope is not separated by an exact source-title boundary; source merge note: only accepted D7-F regression record
v72p2d7-reverse-order-cross-layer-discriminator	openspec/changes/archive/2026-10-04-v72p2d7-reverse-order-cross-layer-discriminator-completed/specs/reverse-order-cross-layer-discriminator/spec.md	Scenario: Refused provenance blocks before mixing	openspec/specs/reverse-order-cross-layer-discriminator/spec.md	no	yes	Zero merge: frozen scope is not separated by an exact source-title boundary; source merge note: only accepted D7-F regression record
v72p2d7-reverse-order-cross-layer-discriminator	openspec/changes/archive/2026-10-04-v72p2d7-reverse-order-cross-layer-discriminator-completed/specs/reverse-order-cross-layer-discriminator/spec.md	Requirement: D7-F per-arm outcome accounting	openspec/specs/reverse-order-cross-layer-discriminator/spec.md	no	yes	Zero merge: frozen scope is not separated by an exact source-title boundary; source merge note: only accepted D7-F regression record
v72p2d7-reverse-order-cross-layer-discriminator	openspec/changes/archive/2026-10-04-v72p2d7-reverse-order-cross-layer-discriminator-completed/specs/reverse-order-cross-layer-discriminator/spec.md	Scenario: Both-layer exact truth table	openspec/specs/reverse-order-cross-layer-discriminator/spec.md	no	yes	Zero merge: frozen scope is not separated by an exact source-title boundary; source merge note: only accepted D7-F regression record
v72p2d7-reverse-order-cross-layer-discriminator	openspec/changes/archive/2026-10-04-v72p2d7-reverse-order-cross-layer-discriminator-completed/specs/reverse-order-cross-layer-discriminator/spec.md	Requirement: D7-F evidence-use contract	openspec/specs/reverse-order-cross-layer-discriminator/spec.md	no	yes	Zero merge: frozen scope is not separated by an exact source-title boundary; source merge note: only accepted D7-F regression record
v72p2d7-reverse-order-cross-layer-discriminator	openspec/changes/archive/2026-10-04-v72p2d7-reverse-order-cross-layer-discriminator-completed/specs/reverse-order-cross-layer-discriminator/spec.md	Scenario: No syndrome return	openspec/specs/reverse-order-cross-layer-discriminator/spec.md	no	yes	Zero merge: frozen scope is not separated by an exact source-title boundary; source merge note: only accepted D7-F regression record
v72p2d7-reverse-order-cross-layer-discriminator	openspec/changes/archive/2026-10-04-v72p2d7-reverse-order-cross-layer-discriminator-completed/specs/reverse-order-cross-layer-discriminator/spec.md	Requirement: D7-F paired labels	openspec/specs/reverse-order-cross-layer-discriminator/spec.md	no	yes	Zero merge: frozen scope is not separated by an exact source-title boundary; source merge note: only accepted D7-F regression record
v72p2d7-reverse-order-cross-layer-discriminator	openspec/changes/archive/2026-10-04-v72p2d7-reverse-order-cross-layer-discriminator-completed/specs/reverse-order-cross-layer-discriminator/spec.md	Scenario: First-match routing	openspec/specs/reverse-order-cross-layer-discriminator/spec.md	no	yes	Zero merge: frozen scope is not separated by an exact source-title boundary; source merge note: only accepted D7-F regression record
v72p2d7-reverse-order-cross-layer-discriminator	openspec/changes/archive/2026-10-04-v72p2d7-reverse-order-cross-layer-discriminator-completed/specs/reverse-order-cross-layer-discriminator/spec.md	Requirement: D7-F run terminal priority	openspec/specs/reverse-order-cross-layer-discriminator/spec.md	no	yes	Zero merge: frozen scope is not separated by an exact source-title boundary; source merge note: only accepted D7-F regression record
v72p2d7-reverse-order-cross-layer-discriminator	openspec/changes/archive/2026-10-04-v72p2d7-reverse-order-cross-layer-discriminator-completed/specs/reverse-order-cross-layer-discriminator/spec.md	Scenario: Outcomes persist under higher terminal	openspec/specs/reverse-order-cross-layer-discriminator/spec.md	no	yes	Zero merge: frozen scope is not separated by an exact source-title boundary; source merge note: only accepted D7-F regression record
v72p2d7-reverse-order-cross-layer-discriminator	openspec/changes/archive/2026-10-04-v72p2d7-reverse-order-cross-layer-discriminator-completed/specs/reverse-order-cross-layer-discriminator/spec.md	Requirement: D7-F budgets, root contract, and frozen command	openspec/specs/reverse-order-cross-layer-discriminator/spec.md	no	yes	Zero merge: frozen scope is not separated by an exact source-title boundary; source merge note: only accepted D7-F regression record
v72p2d7-reverse-order-cross-layer-discriminator	openspec/changes/archive/2026-10-04-v72p2d7-reverse-order-cross-layer-discriminator-completed/specs/reverse-order-cross-layer-discriminator/spec.md	Scenario: Budget and schema pins	openspec/specs/reverse-order-cross-layer-discriminator/spec.md	no	yes	Zero merge: frozen scope is not separated by an exact source-title boundary; source merge note: only accepted D7-F regression record
v72p2d7-reverse-order-cross-layer-discriminator	openspec/changes/archive/2026-10-04-v72p2d7-reverse-order-cross-layer-discriminator-completed/specs/reverse-order-cross-layer-discriminator/spec.md	Requirement: D7-F planned code paths and binding discipline	openspec/specs/reverse-order-cross-layer-discriminator/spec.md	no	yes	Zero merge: frozen scope is not separated by an exact source-title boundary; source merge note: only accepted D7-F regression record
v72p2d8-rate-aligned-gf32-ensemble-feasibility	openspec/changes/archive/2026-10-04-v72p2d8-rate-aligned-gf32-ensemble-feasibility-completed/specs/rate-aligned-gf32-ensemble-feasibility/spec.md	SHALL (frozen)	openspec/specs/rate-aligned-gf32-ensemble-feasibility/spec.md	yes	no	Included within exact frozen merge scope: yes, reviewed readiness contract only
v72p2d8-rate-aligned-gf32-ensemble-feasibility	openspec/changes/archive/2026-10-04-v72p2d8-rate-aligned-gf32-ensemble-feasibility-completed/specs/rate-aligned-gf32-ensemble-feasibility/spec.md	SHALL NOT	openspec/specs/rate-aligned-gf32-ensemble-feasibility/spec.md	yes	no	Included within exact frozen merge scope: yes, reviewed readiness contract only
v72p2d9-gf32-de-decoder-calibration	openspec/changes/archive/2026-10-04-v72p2d9-gf32-de-decoder-calibration-completed/specs/gf32-de-decoder-calibration/spec.md	SHALL (frozen)	openspec/specs/gf32-de-decoder-calibration/spec.md	yes	no	Included within exact frozen merge scope: yes, reviewed calibration-readiness scope only
v72p2d9-gf32-de-decoder-calibration	openspec/changes/archive/2026-10-04-v72p2d9-gf32-de-decoder-calibration-completed/specs/gf32-de-decoder-calibration/spec.md	SHALL NOT	openspec/specs/gf32-de-decoder-calibration/spec.md	yes	no	Included within exact frozen merge scope: yes, reviewed calibration-readiness scope only
audit-gf32-train-source-mapping	openspec/changes/archive/2026-10-04-audit-gf32-train-source-mapping-completed/specs/gf32-source-mapping/spec.md	<source spec has H1 only; no subordinate requirement title>	<none>	no	yes	Frozen merge_delta=no; source spec contains only its H1 and descriptive prose, with no requirement-level heading to enumerate; preserve the accepted bounded mapping record without a live spec delta.
