dataset_id,method,frame_idx,decode_success,verify_success,raw_frame_ser,raw_frame_ber,post_frame_ser,post_frame_ber,leak_bits_frame,iterations_used,runtime_ms,passes_used,total_blocks_checked,parity_disclosures_bits,bisection_disclosures_bits,verification_bits,other_disclosures_bits,candidate_flips,verified_flips,block_size_schedule,num_passes,notes,dimension,bin_width_ps,data_mode,frame_cap,permutation_mode,seed,param_hash
real_typeii_20db_d1024_bw100_blk0,cascade_lite,0,True,False,0.28125,0.028125,0.03125,0.003125,380.0,48,2.167099970392883,4,150,300,48,32,0,16,16,"8,16,32,64",6,leakage_accounting=approximate_internal_transcript,1024,100,real_data,4,identity,1,d825734b6395c173
real_typeii_20db_d1024_bw100_blk0,cascade_lite,1,True,True,0.234375,0.0234375,0.0,0.0,377.0,45,1.7031999304890633,4,150,300,45,32,0,15,15,"8,16,32,64",6,leakage_accounting=approximate_internal_transcript,1024,100,real_data,4,identity,1,d825734b6395c173
real_typeii_20db_d1024_bw100_blk0,cascade_lite,2,True,True,0.234375,0.0234375,0.0,0.0,377.0,45,3.321400028653443,4,150,300,45,32,0,15,15,"8,16,32,64",6,leakage_accounting=approximate_internal_transcript,1024,100,real_data,4,identity,1,d825734b6395c173
real_typeii_20db_d1024_bw100_blk0,cascade_lite,3,True,True,0.21875,0.021875,0.0,0.0,374.0,42,5.5726999416947365,4,150,300,42,32,0,14,14,"8,16,32,64",6,leakage_accounting=approximate_internal_transcript,1024,100,real_data,4,identity,1,d825734b6395c173
real_typeii_20db_d1024_bw100_blk0,cascade_lite,0,True,False,0.28125,0.028125,0.09375,0.009375,230.0,48,3.9953000377863646,4,75,150,48,32,0,12,12,"16,32,64,128",4,leakage_accounting=approximate_internal_transcript,1024,100,real_data,4,identity,1,b274fad8603600d1
real_typeii_20db_d1024_bw100_blk0,cascade_lite,1,True,False,0.234375,0.0234375,0.0625,0.00625,226.0,44,10.13870001770556,4,75,150,44,32,0,11,11,"16,32,64,128",4,leakage_accounting=approximate_internal_transcript,1024,100,real_data,4,identity,1,b274fad8603600d1
real_typeii_20db_d1024_bw100_blk0,cascade_lite,2,True,False,0.234375,0.0234375,0.0625,0.00625,226.0,44,2.757399925030768,4,75,150,44,32,0,11,11,"16,32,64,128",4,leakage_accounting=approximate_internal_transcript,1024,100,real_data,4,identity,1,b274fad8603600d1
real_typeii_20db_d1024_bw100_blk0,cascade_lite,3,True,False,0.21875,0.021875,0.03125,0.003125,230.0,48,5.21980004850775,4,75,150,48,32,0,12,12,"16,32,64,128",4,leakage_accounting=approximate_internal_transcript,1024,100,real_data,4,identity,1,b274fad8603600d1
real_typeii_20db_d1024_bw100_blk0,cascade_lite,0,True,False,0.28125,0.028125,0.03125,0.003125,380.0,48,10.105800000019372,4,150,300,48,32,0,16,16,"8,16,32,64",6,leakage_accounting=approximate_internal_transcript,1024,100,real_data,4,identity,0,47bfc7ece074fdaa
real_typeii_20db_d1024_bw100_blk0,cascade_lite,1,True,True,0.234375,0.0234375,0.0,0.0,377.0,45,11.15349994506687,4,150,300,45,32,0,15,15,"8,16,32,64",6,leakage_accounting=approximate_internal_transcript,1024,100,real_data,4,identity,0,47bfc7ece074fdaa
real_typeii_20db_d1024_bw100_blk0,cascade_lite,2,True,True,0.234375,0.0234375,0.0,0.0,377.0,45,3.0382999684661627,4,150,300,45,32,0,15,15,"8,16,32,64",6,leakage_accounting=approximate_internal_transcript,1024,100,real_data,4,identity,0,47bfc7ece074fdaa
real_typeii_20db_d1024_bw100_blk0,cascade_lite,3,True,True,0.21875,0.021875,0.0,0.0,374.0,42,4.161300021223724,4,150,300,42,32,0,14,14,"8,16,32,64",6,leakage_accounting=approximate_internal_transcript,1024,100,real_data,4,identity,0,47bfc7ece074fdaa
real_typeii_20db_d1024_bw100_blk0,cascade_lite,0,True,False,0.28125,0.028125,0.03125,0.003125,380.0,48,1.4310999540612102,4,150,300,48,32,0,16,16,"8,16,32,64",4,leakage_accounting=approximate_internal_transcript,1024,100,real_data,4,identity,0,6c76f6300a2bf603
real_typeii_20db_d1024_bw100_blk0,cascade_lite,1,True,True,0.234375,0.0234375,0.0,0.0,377.0,45,1.031799940392375,4,150,300,45,32,0,15,15,"8,16,32,64",4,leakage_accounting=approximate_internal_transcript,1024,100,real_data,4,identity,0,6c76f6300a2bf603
real_typeii_20db_d1024_bw100_blk0,cascade_lite,2,True,True,0.234375,0.0234375,0.0,0.0,377.0,45,1.7670999513939023,4,150,300,45,32,0,15,15,"8,16,32,64",4,leakage_accounting=approximate_internal_transcript,1024,100,real_data,4,identity,0,6c76f6300a2bf603
real_typeii_20db_d1024_bw100_blk0,cascade_lite,3,True,True,0.21875,0.021875,0.0,0.0,374.0,42,3.4786000614985824,4,150,300,42,32,0,14,14,"8,16,32,64",4,leakage_accounting=approximate_internal_transcript,1024,100,real_data,4,identity,0,6c76f6300a2bf603
real_typeii_20db_d1024_bw100_blk0,cascade_lite,0,True,False,0.28125,0.028125,0.03125,0.003125,380.0,48,1.8358000088483095,4,150,300,48,32,0,16,16,"8,16,32,64",4,leakage_accounting=approximate_internal_transcript,1024,100,real_data,4,identity,1,1f589a8f8fc4f2a6
real_typeii_20db_d1024_bw100_blk0,cascade_lite,1,True,True,0.234375,0.0234375,0.0,0.0,377.0,45,2.3665999760851264,4,150,300,45,32,0,15,15,"8,16,32,64",4,leakage_accounting=approximate_internal_transcript,1024,100,real_data,4,identity,1,1f589a8f8fc4f2a6
real_typeii_20db_d1024_bw100_blk0,cascade_lite,2,True,True,0.234375,0.0234375,0.0,0.0,377.0,45,9.306699968874454,4,150,300,45,32,0,15,15,"8,16,32,64",4,leakage_accounting=approximate_internal_transcript,1024,100,real_data,4,identity,1,1f589a8f8fc4f2a6
real_typeii_20db_d1024_bw100_blk0,cascade_lite,3,True,True,0.21875,0.021875,0.0,0.0,374.0,42,3.541799960657954,4,150,300,42,32,0,14,14,"8,16,32,64",4,leakage_accounting=approximate_internal_transcript,1024,100,real_data,4,identity,1,1f589a8f8fc4f2a6
real_typeii_20db_d1024_bw100_blk0,cascade_lite,0,True,True,0.28125,0.028125,0.0,0.0,392.0,60,8.162599988281727,4,150,300,60,32,0,18,18,"8,16,32,64",4,leakage_accounting=approximate_internal_transcript,1024,100,real_data,4,seeded_random,1,b9f654c90a774d3d
real_typeii_20db_d1024_bw100_blk0,cascade_lite,1,True,True,0.234375,0.0234375,0.0,0.0,379.0,47,4.229900077916682,4,150,300,47,32,0,15,15,"8,16,32,64",4,leakage_accounting=approximate_internal_transcript,1024,100,real_data,4,seeded_random,1,b9f654c90a774d3d
real_typeii_20db_d1024_bw100_blk0,cascade_lite,2,True,True,0.234375,0.0234375,0.0,0.0,379.0,47,16.332500032149255,4,150,300,47,32,0,15,15,"8,16,32,64",4,leakage_accounting=approximate_internal_transcript,1024,100,real_data,4,seeded_random,1,b9f654c90a774d3d
real_typeii_20db_d1024_bw100_blk0,cascade_lite,3,True,True,0.21875,0.021875,0.0,0.0,374.0,42,19.919799990020692,4,150,300,42,32,0,14,14,"8,16,32,64",4,leakage_accounting=approximate_internal_transcript,1024,100,real_data,4,seeded_random,1,b9f654c90a774d3d
real_typeii_20db_d1024_bw100_blk0,cascade_lite,0,True,True,0.28125,0.028125,0.0,0.0,386.0,54,15.109700034372509,4,150,300,54,32,0,18,18,"8,16,32,64",4,leakage_accounting=approximate_internal_transcript,1024,100,real_data,4,seeded_random,0,ef3fd819508ca339
real_typeii_20db_d1024_bw100_blk0,cascade_lite,1,True,True,0.234375,0.0234375,0.0,0.0,381.0,49,16.261099954135716,4,150,300,49,32,0,15,15,"8,16,32,64",4,leakage_accounting=approximate_internal_transcript,1024,100,real_data,4,seeded_random,0,ef3fd819508ca339
real_typeii_20db_d1024_bw100_blk0,cascade_lite,2,True,True,0.234375,0.0234375,0.0,0.0,379.0,47,15.846899943426251,4,150,300,47,32,0,15,15,"8,16,32,64",4,leakage_accounting=approximate_internal_transcript,1024,100,real_data,4,seeded_random,0,ef3fd819508ca339
real_typeii_20db_d1024_bw100_blk0,cascade_lite,3,True,True,0.21875,0.021875,0.0,0.0,378.0,46,17.51519995741546,4,150,300,46,32,0,14,14,"8,16,32,64",4,leakage_accounting=approximate_internal_transcript,1024,100,real_data,4,seeded_random,0,ef3fd819508ca339
real_typeii_20db_d1024_bw100_blk0,cascade_lite,0,True,True,0.28125,0.028125,0.0,0.0,392.0,60,10.641600005328655,4,150,300,60,32,0,18,18,"8,16,32,64",6,leakage_accounting=approximate_internal_transcript,1024,100,real_data,4,seeded_random,1,da44be679542d120
real_typeii_20db_d1024_bw100_blk0,cascade_lite,1,True,True,0.234375,0.0234375,0.0,0.0,379.0,47,20.150500000454485,4,150,300,47,32,0,15,15,"8,16,32,64",6,leakage_accounting=approximate_internal_transcript,1024,100,real_data,4,seeded_random,1,da44be679542d120
real_typeii_20db_d1024_bw100_blk0,cascade_lite,2,True,True,0.234375,0.0234375,0.0,0.0,379.0,47,4.80190000962466,4,150,300,47,32,0,15,15,"8,16,32,64",6,leakage_accounting=approximate_internal_transcript,1024,100,real_data,4,seeded_random,1,da44be679542d120
real_typeii_20db_d1024_bw100_blk0,cascade_lite,3,True,True,0.21875,0.021875,0.0,0.0,374.0,42,15.997099922969937,4,150,300,42,32,0,14,14,"8,16,32,64",6,leakage_accounting=approximate_internal_transcript,1024,100,real_data,4,seeded_random,1,da44be679542d120
real_typeii_20db_d1024_bw100_blk0,cascade_lite,0,True,False,0.28125,0.028125,0.09375,0.009375,230.0,48,19.113200018182397,4,75,150,48,32,0,12,12,"16,32,64,128",4,leakage_accounting=approximate_internal_transcript,1024,100,real_data,4,identity,0,aeacee9a04c960ac
real_typeii_20db_d1024_bw100_blk0,cascade_lite,1,True,False,0.234375,0.0234375,0.0625,0.00625,226.0,44,13.924899976700544,4,75,150,44,32,0,11,11,"16,32,64,128",4,leakage_accounting=approximate_internal_transcript,1024,100,real_data,4,identity,0,aeacee9a04c960ac
real_typeii_20db_d1024_bw100_blk0,cascade_lite,2,True,False,0.234375,0.0234375,0.0625,0.00625,226.0,44,12.31949997600168,4,75,150,44,32,0,11,11,"16,32,64,128",4,leakage_accounting=approximate_internal_transcript,1024,100,real_data,4,identity,0,aeacee9a04c960ac
real_typeii_20db_d1024_bw100_blk0,cascade_lite,3,True,False,0.21875,0.021875,0.03125,0.003125,230.0,48,4.837300046347082,4,75,150,48,32,0,12,12,"16,32,64,128",4,leakage_accounting=approximate_internal_transcript,1024,100,real_data,4,identity,0,aeacee9a04c960ac
real_typeii_20db_d1024_bw100_blk0,cascade_lite,0,True,False,0.28125,0.028125,0.09375,0.009375,230.0,48,6.284100003540516,4,75,150,48,32,0,12,12,"16,32,64,128",6,leakage_accounting=approximate_internal_transcript,1024,100,real_data,4,identity,1,86320143d2d78cc2
real_typeii_20db_d1024_bw100_blk0,cascade_lite,1,True,False,0.234375,0.0234375,0.0625,0.00625,226.0,44,5.474400008097291,4,75,150,44,32,0,11,11,"16,32,64,128",6,leakage_accounting=approximate_internal_transcript,1024,100,real_data,4,identity,1,86320143d2d78cc2
real_typeii_20db_d1024_bw100_blk0,cascade_lite,2,True,False,0.234375,0.0234375,0.0625,0.00625,226.0,44,21.015600068494678,4,75,150,44,32,0,11,11,"16,32,64,128",6,leakage_accounting=approximate_internal_transcript,1024,100,real_data,4,identity,1,86320143d2d78cc2
real_typeii_20db_d1024_bw100_blk0,cascade_lite,3,True,False,0.21875,0.021875,0.03125,0.003125,230.0,48,11.123800068162382,4,75,150,48,32,0,12,12,"16,32,64,128",6,leakage_accounting=approximate_internal_transcript,1024,100,real_data,4,identity,1,86320143d2d78cc2
real_typeii_20db_d1024_bw100_blk0,cascade_lite,0,True,False,0.28125,0.028125,0.09375,0.009375,230.0,48,8.096499950625002,4,75,150,48,32,0,12,12,"16,32,64,128",6,leakage_accounting=approximate_internal_transcript,1024,100,real_data,4,identity,0,63bd09359267310c
real_typeii_20db_d1024_bw100_blk0,cascade_lite,1,True,False,0.234375,0.0234375,0.0625,0.00625,226.0,44,5.5596999591216445,4,75,150,44,32,0,11,11,"16,32,64,128",6,leakage_accounting=approximate_internal_transcript,1024,100,real_data,4,identity,0,63bd09359267310c
real_typeii_20db_d1024_bw100_blk0,cascade_lite,2,True,False,0.234375,0.0234375,0.0625,0.00625,226.0,44,20.698699983768165,4,75,150,44,32,0,11,11,"16,32,64,128",6,leakage_accounting=approximate_internal_transcript,1024,100,real_data,4,identity,0,63bd09359267310c
real_typeii_20db_d1024_bw100_blk0,cascade_lite,3,True,False,0.21875,0.021875,0.03125,0.003125,230.0,48,21.93499996792525,4,75,150,48,32,0,12,12,"16,32,64,128",6,leakage_accounting=approximate_internal_transcript,1024,100,real_data,4,identity,0,63bd09359267310c
real_typeii_20db_d1024_bw100_blk0,cascade_lite,0,True,True,0.28125,0.028125,0.0,0.0,261.0,77,19.40330001525581,4,76,152,77,32,0,18,18,"16,32,64,128",4,leakage_accounting=approximate_internal_transcript,1024,100,real_data,4,seeded_random,1,29020ebdb18ce89f
real_typeii_20db_d1024_bw100_blk0,cascade_lite,1,True,True,0.234375,0.0234375,0.0,0.0,246.0,64,22.295600036159158,4,75,150,64,32,0,15,15,"16,32,64,128",4,leakage_accounting=approximate_internal_transcript,1024,100,real_data,4,seeded_random,1,29020ebdb18ce89f
real_typeii_20db_d1024_bw100_blk0,cascade_lite,2,True,True,0.234375,0.0234375,0.0,0.0,245.0,61,20.90379991568625,4,76,152,61,32,0,15,15,"16,32,64,128",4,leakage_accounting=approximate_internal_transcript,1024,100,real_data,4,seeded_random,1,29020ebdb18ce89f
real_typeii_20db_d1024_bw100_blk0,cascade_lite,3,True,True,0.21875,0.021875,0.0,0.0,238.0,56,15.317099983803928,4,75,150,56,32,0,14,14,"16,32,64,128",4,leakage_accounting=approximate_internal_transcript,1024,100,real_data,4,seeded_random,1,29020ebdb18ce89f
real_typeii_20db_d1024_bw100_blk0,cascade_lite,0,True,True,0.28125,0.028125,0.0,0.0,386.0,54,8.075100020505488,4,150,300,54,32,0,18,18,"8,16,32,64",6,leakage_accounting=approximate_internal_transcript,1024,100,real_data,4,seeded_random,0,ab6194c1b8076873
real_typeii_20db_d1024_bw100_blk0,cascade_lite,1,True,True,0.234375,0.0234375,0.0,0.0,381.0,49,22.761499974876642,4,150,300,49,32,0,15,15,"8,16,32,64",6,leakage_accounting=approximate_internal_transcript,1024,100,real_data,4,seeded_random,0,ab6194c1b8076873
real_typeii_20db_d1024_bw100_blk0,cascade_lite,2,True,True,0.234375,0.0234375,0.0,0.0,379.0,47,17.863199929706752,4,150,300,47,32,0,15,15,"8,16,32,64",6,leakage_accounting=approximate_internal_transcript,1024,100,real_data,4,seeded_random,0,ab6194c1b8076873
real_typeii_20db_d1024_bw100_blk0,cascade_lite,3,True,True,0.21875,0.021875,0.0,0.0,378.0,46,34.37789995223284,4,150,300,46,32,0,14,14,"8,16,32,64",6,leakage_accounting=approximate_internal_transcript,1024,100,real_data,4,seeded_random,0,ab6194c1b8076873
real_typeii_20db_d1024_bw100_blk0,cascade_lite,0,True,True,0.28125,0.028125,0.0,0.0,254.0,72,14.630699995905161,4,75,150,72,32,0,18,18,"16,32,64,128",4,leakage_accounting=approximate_internal_transcript,1024,100,real_data,4,seeded_random,0,3ddb0e813f8c9fa7
real_typeii_20db_d1024_bw100_blk0,cascade_lite,1,True,True,0.234375,0.0234375,0.0,0.0,250.0,64,23.926699999719858,4,77,154,64,32,0,15,15,"16,32,64,128",4,leakage_accounting=approximate_internal_transcript,1024,100,real_data,4,seeded_random,0,3ddb0e813f8c9fa7
real_typeii_20db_d1024_bw100_blk0,cascade_lite,2,True,True,0.234375,0.0234375,0.0,0.0,244.0,62,21.466100006364286,4,75,150,62,32,0,15,15,"16,32,64,128",4,leakage_accounting=approximate_internal_transcript,1024,100,real_data,4,seeded_random,0,3ddb0e813f8c9fa7
real_typeii_20db_d1024_bw100_blk0,cascade_lite,3,True,True,0.21875,0.021875,0.0,0.0,249.0,65,34.80089991353452,4,76,152,65,32,0,14,14,"16,32,64,128",4,leakage_accounting=approximate_internal_transcript,1024,100,real_data,4,seeded_random,0,3ddb0e813f8c9fa7
real_typeii_20db_d1024_bw100_blk0,cascade_lite,0,True,True,0.28125,0.028125,0.0,0.0,254.0,72,44.10000005736947,4,75,150,72,32,0,18,18,"16,32,64,128",6,leakage_accounting=approximate_internal_transcript,1024,100,real_data,4,seeded_random,0,c8e68be9f13a3ff7
real_typeii_20db_d1024_bw100_blk0,cascade_lite,1,True,True,0.234375,0.0234375,0.0,0.0,250.0,64,17.367799999192357,4,77,154,64,32,0,15,15,"16,32,64,128",6,leakage_accounting=approximate_internal_transcript,1024,100,real_data,4,seeded_random,0,c8e68be9f13a3ff7
real_typeii_20db_d1024_bw100_blk0,cascade_lite,2,True,True,0.234375,0.0234375,0.0,0.0,244.0,62,18.53360002860427,4,75,150,62,32,0,15,15,"16,32,64,128",6,leakage_accounting=approximate_internal_transcript,1024,100,real_data,4,seeded_random,0,c8e68be9f13a3ff7
real_typeii_20db_d1024_bw100_blk0,cascade_lite,3,True,True,0.21875,0.021875,0.0,0.0,249.0,65,7.143499911762774,4,76,152,65,32,0,14,14,"16,32,64,128",6,leakage_accounting=approximate_internal_transcript,1024,100,real_data,4,seeded_random,0,c8e68be9f13a3ff7
real_typeii_20db_d1024_bw100_blk0,cascade_lite,0,True,True,0.28125,0.028125,0.0,0.0,261.0,77,22.25339994765818,4,76,152,77,32,0,18,18,"16,32,64,128",6,leakage_accounting=approximate_internal_transcript,1024,100,real_data,4,seeded_random,1,bbcdaabb0f38893b
real_typeii_20db_d1024_bw100_blk0,cascade_lite,1,True,True,0.234375,0.0234375,0.0,0.0,246.0,64,36.090000066906214,4,75,150,64,32,0,15,15,"16,32,64,128",6,leakage_accounting=approximate_internal_transcript,1024,100,real_data,4,seeded_random,1,bbcdaabb0f38893b
real_typeii_20db_d1024_bw100_blk0,cascade_lite,2,True,True,0.234375,0.0234375,0.0,0.0,245.0,61,28.88530003838241,4,76,152,61,32,0,15,15,"16,32,64,128",6,leakage_accounting=approximate_internal_transcript,1024,100,real_data,4,seeded_random,1,bbcdaabb0f38893b
real_typeii_20db_d1024_bw100_blk0,cascade_lite,3,True,True,0.21875,0.021875,0.0,0.0,238.0,56,16.655300045385957,4,75,150,56,32,0,14,14,"16,32,64,128",6,leakage_accounting=approximate_internal_transcript,1024,100,real_data,4,seeded_random,1,bbcdaabb0f38893b
real_typeii_20db_d1024_bw100_blk0,cascade_lite,0,True,False,0.28125,0.028125,0.03125,0.003125,380.0,48,5.996300023980439,4,150,300,48,32,0,16,16,"8,16,32,64",4,leakage_accounting=approximate_internal_transcript,1024,100,real_data,16,identity,1,462a3bc6d744a527
real_typeii_20db_d1024_bw100_blk0,cascade_lite,1,True,True,0.234375,0.0234375,0.0,0.0,377.0,45,5.063300020992756,4,150,300,45,32,0,15,15,"8,16,32,64",4,leakage_accounting=approximate_internal_transcript,1024,100,real_data,16,identity,1,462a3bc6d744a527
real_typeii_20db_d1024_bw100_blk0,cascade_lite,2,True,True,0.234375,0.0234375,0.0,0.0,377.0,45,8.482700097374618,4,150,300,45,32,0,15,15,"8,16,32,64",4,leakage_accounting=approximate_internal_transcript,1024,100,real_data,16,identity,1,462a3bc6d744a527
real_typeii_20db_d1024_bw100_blk0,cascade_lite,3,True,True,0.21875,0.021875,0.0,0.0,374.0,42,4.88929997663945,4,150,300,42,32,0,14,14,"8,16,32,64",4,leakage_accounting=approximate_internal_transcript,1024,100,real_data,16,identity,1,462a3bc6d744a527
real_typeii_20db_d1024_bw100_blk0,cascade_lite,4,True,True,0.21875,0.021875,0.0,0.0,374.0,42,15.477300039492548,4,150,300,42,32,0,14,14,"8,16,32,64",4,leakage_accounting=approximate_internal_transcript,1024,100,real_data,16,identity,1,462a3bc6d744a527
real_typeii_20db_d1024_bw100_blk0,cascade_lite,5,True,False,0.1875,0.01875,0.03125,0.003125,362.0,30,31.519899959675968,4,150,300,30,32,0,10,10,"8,16,32,64",4,leakage_accounting=approximate_internal_transcript,1024,100,real_data,16,identity,1,462a3bc6d744a527
real_typeii_20db_d1024_bw100_blk0,cascade_lite,6,True,True,0.171875,0.0171875,0.0,0.0,365.0,33,12.35949993133545,4,150,300,33,32,0,11,11,"8,16,32,64",4,leakage_accounting=approximate_internal_transcript,1024,100,real_data,16,identity,1,462a3bc6d744a527
real_typeii_20db_d1024_bw100_blk0,cascade_lite,7,True,True,0.25,0.025,0.0,0.0,380.0,48,6.772099994122982,4,150,300,48,32,0,16,16,"8,16,32,64",4,leakage_accounting=approximate_internal_transcript,1024,100,real_data,16,identity,1,462a3bc6d744a527
real_typeii_20db_d1024_bw100_blk0,cascade_lite,8,True,True,0.25,0.025,0.0,0.0,380.0,48,4.181199939921498,4,150,300,48,32,0,16,16,"8,16,32,64",4,leakage_accounting=approximate_internal_transcript,1024,100,real_data,16,identity,1,462a3bc6d744a527
real_typeii_20db_d1024_bw100_blk0,cascade_lite,9,True,True,0.25,0.025,0.0,0.0,380.0,48,14.152699965052307,4,150,300,48,32,0,16,16,"8,16,32,64",4,leakage_accounting=approximate_internal_transcript,1024,100,real_data,16,identity,1,462a3bc6d744a527
real_typeii_20db_d1024_bw100_blk0,cascade_lite,10,True,True,0.15625,0.015625,0.0,0.0,362.0,30,1.622700016014278,4,150,300,30,32,0,10,10,"8,16,32,64",4,leakage_accounting=approximate_internal_transcript,1024,100,real_data,16,identity,1,462a3bc6d744a527
real_typeii_20db_d1024_bw100_blk0,cascade_lite,11,True,True,0.25,0.025,0.0,0.0,380.0,48,5.712499958463013,4,150,300,48,32,0,16,16,"8,16,32,64",4,leakage_accounting=approximate_internal_transcript,1024,100,real_data,16,identity,1,462a3bc6d744a527
real_typeii_20db_d1024_bw100_blk0,cascade_lite,12,True,True,0.25,0.025,0.0,0.0,380.0,48,9.113800013437867,4,150,300,48,32,0,16,16,"8,16,32,64",4,leakage_accounting=approximate_internal_transcript,1024,100,real_data,16,identity,1,462a3bc6d744a527
real_typeii_20db_d1024_bw100_blk0,cascade_lite,13,True,True,0.25,0.025,0.0,0.0,380.0,48,9.164499933831394,4,150,300,48,32,0,16,16,"8,16,32,64",4,leakage_accounting=approximate_internal_transcript,1024,100,real_data,16,identity,1,462a3bc6d744a527
real_typeii_20db_d1024_bw100_blk0,cascade_lite,14,True,True,0.1875,0.01875,0.0,0.0,368.0,36,12.340600020252168,4,150,300,36,32,0,12,12,"8,16,32,64",4,leakage_accounting=approximate_internal_transcript,1024,100,real_data,16,identity,1,462a3bc6d744a527
real_typeii_20db_d1024_bw100_blk0,cascade_lite,15,True,True,0.328125,0.0328125,0.0,0.0,395.0,63,8.482799981720746,4,150,300,63,32,0,21,21,"8,16,32,64",4,leakage_accounting=approximate_internal_transcript,1024,100,real_data,16,identity,1,462a3bc6d744a527
real_typeii_20db_d1024_bw120_blk0,cascade_lite,0,True,True,0.21875,0.021875,0.0,0.0,374.0,42,11.141500086523592,4,150,300,42,32,0,14,14,"8,16,32,64",4,leakage_accounting=approximate_internal_transcript,1024,120,real_data,4,identity,0,6c76f6300a2bf603
real_typeii_20db_d1024_bw120_blk0,cascade_lite,1,True,False,0.1875,0.01875,0.03125,0.003125,362.0,30,6.548000033944845,4,150,300,30,32,0,10,10,"8,16,32,64",4,leakage_accounting=approximate_internal_transcript,1024,120,real_data,4,identity,0,6c76f6300a2bf603
real_typeii_20db_d1024_bw120_blk0,cascade_lite,2,True,True,0.21875,0.021875,0.0,0.0,374.0,42,7.58580002002418,4,150,300,42,32,0,14,14,"8,16,32,64",4,leakage_accounting=approximate_internal_transcript,1024,120,real_data,4,identity,0,6c76f6300a2bf603
real_typeii_20db_d1024_bw120_blk0,cascade_lite,3,True,True,0.25,0.025,0.0,0.0,380.0,48,9.019599994644523,4,150,300,48,32,0,16,16,"8,16,32,64",4,leakage_accounting=approximate_internal_transcript,1024,120,real_data,4,identity,0,6c76f6300a2bf603
real_typeii_20db_d1024_bw100_blk0,cascade_lite,0,True,False,0.28125,0.028125,0.03125,0.003125,380.0,48,24.03729991056025,4,150,300,48,32,0,16,16,"8,16,32,64",6,leakage_accounting=approximate_internal_transcript,1024,100,real_data,16,identity,1,f21d3c73c2c63926
real_typeii_20db_d1024_bw100_blk0,cascade_lite,1,True,True,0.234375,0.0234375,0.0,0.0,377.0,45,2.835800056345761,4,150,300,45,32,0,15,15,"8,16,32,64",6,leakage_accounting=approximate_internal_transcript,1024,100,real_data,16,identity,1,f21d3c73c2c63926
real_typeii_20db_d1024_bw100_blk0,cascade_lite,2,True,True,0.234375,0.0234375,0.0,0.0,377.0,45,3.334200009703636,4,150,300,45,32,0,15,15,"8,16,32,64",6,leakage_accounting=approximate_internal_transcript,1024,100,real_data,16,identity,1,f21d3c73c2c63926
real_typeii_20db_d1024_bw100_blk0,cascade_lite,3,True,True,0.21875,0.021875,0.0,0.0,374.0,42,11.393800028599799,4,150,300,42,32,0,14,14,"8,16,32,64",6,leakage_accounting=approximate_internal_transcript,1024,100,real_data,16,identity,1,f21d3c73c2c63926
real_typeii_20db_d1024_bw100_blk0,cascade_lite,4,True,True,0.21875,0.021875,0.0,0.0,374.0,42,15.999400056898594,4,150,300,42,32,0,14,14,"8,16,32,64",6,leakage_accounting=approximate_internal_transcript,1024,100,real_data,16,identity,1,f21d3c73c2c63926
real_typeii_20db_d1024_bw100_blk0,cascade_lite,5,True,False,0.1875,0.01875,0.03125,0.003125,362.0,30,16.243199934251606,4,150,300,30,32,0,10,10,"8,16,32,64",6,leakage_accounting=approximate_internal_transcript,1024,100,real_data,16,identity,1,f21d3c73c2c63926
real_typeii_20db_d1024_bw100_blk0,cascade_lite,6,True,True,0.171875,0.0171875,0.0,0.0,365.0,33,8.886200026609004,4,150,300,33,32,0,11,11,"8,16,32,64",6,leakage_accounting=approximate_internal_transcript,1024,100,real_data,16,identity,1,f21d3c73c2c63926
real_typeii_20db_d1024_bw100_blk0,cascade_lite,7,True,True,0.25,0.025,0.0,0.0,380.0,48,20.965400035493076,4,150,300,48,32,0,16,16,"8,16,32,64",6,leakage_accounting=approximate_internal_transcript,1024,100,real_data,16,identity,1,f21d3c73c2c63926
real_typeii_20db_d1024_bw100_blk0,cascade_lite,8,True,True,0.25,0.025,0.0,0.0,380.0,48,3.3238999312743545,4,150,300,48,32,0,16,16,"8,16,32,64",6,leakage_accounting=approximate_internal_transcript,1024,100,real_data,16,identity,1,f21d3c73c2c63926
real_typeii_20db_d1024_bw100_blk0,cascade_lite,9,True,True,0.25,0.025,0.0,0.0,380.0,48,11.657200055196881,4,150,300,48,32,0,16,16,"8,16,32,64",6,leakage_accounting=approximate_internal_transcript,1024,100,real_data,16,identity,1,f21d3c73c2c63926
real_typeii_20db_d1024_bw100_blk0,cascade_lite,10,True,True,0.15625,0.015625,0.0,0.0,362.0,30,11.13420003093779,4,150,300,30,32,0,10,10,"8,16,32,64",6,leakage_accounting=approximate_internal_transcript,1024,100,real_data,16,identity,1,f21d3c73c2c63926
real_typeii_20db_d1024_bw100_blk0,cascade_lite,11,True,True,0.25,0.025,0.0,0.0,380.0,48,8.339499938301742,4,150,300,48,32,0,16,16,"8,16,32,64",6,leakage_accounting=approximate_internal_transcript,1024,100,real_data,16,identity,1,f21d3c73c2c63926
real_typeii_20db_d1024_bw100_blk0,cascade_lite,12,True,True,0.25,0.025,0.0,0.0,380.0,48,8.297299966216087,4,150,300,48,32,0,16,16,"8,16,32,64",6,leakage_accounting=approximate_internal_transcript,1024,100,real_data,16,identity,1,f21d3c73c2c63926
real_typeii_20db_d1024_bw100_blk0,cascade_lite,13,True,True,0.25,0.025,0.0,0.0,380.0,48,5.118699977174401,4,150,300,48,32,0,16,16,"8,16,32,64",6,leakage_accounting=approximate_internal_transcript,1024,100,real_data,16,identity,1,f21d3c73c2c63926
real_typeii_20db_d1024_bw100_blk0,cascade_lite,14,True,True,0.1875,0.01875,0.0,0.0,368.0,36,2.5577000342309475,4,150,300,36,32,0,12,12,"8,16,32,64",6,leakage_accounting=approximate_internal_transcript,1024,100,real_data,16,identity,1,f21d3c73c2c63926
real_typeii_20db_d1024_bw100_blk0,cascade_lite,15,True,True,0.328125,0.0328125,0.0,0.0,395.0,63,22.631999920122325,4,150,300,63,32,0,21,21,"8,16,32,64",6,leakage_accounting=approximate_internal_transcript,1024,100,real_data,16,identity,1,f21d3c73c2c63926
real_typeii_20db_d1024_bw100_blk0,cascade_lite,0,True,False,0.28125,0.028125,0.03125,0.003125,380.0,48,7.108599995262921,4,150,300,48,32,0,16,16,"8,16,32,64",4,leakage_accounting=approximate_internal_transcript,1024,100,real_data,16,identity,0,f09d76ded5a6e7d2
real_typeii_20db_d1024_bw100_blk0,cascade_lite,1,True,True,0.234375,0.0234375,0.0,0.0,377.0,45,22.6979999570176,4,150,300,45,32,0,15,15,"8,16,32,64",4,leakage_accounting=approximate_internal_transcript,1024,100,real_data,16,identity,0,f09d76ded5a6e7d2
real_typeii_20db_d1024_bw100_blk0,cascade_lite,2,True,True,0.234375,0.0234375,0.0,0.0,377.0,45,33.01010001450777,4,150,300,45,32,0,15,15,"8,16,32,64",4,leakage_accounting=approximate_internal_transcript,1024,100,real_data,16,identity,0,f09d76ded5a6e7d2
real_typeii_20db_d1024_bw100_blk0,cascade_lite,3,True,True,0.21875,0.021875,0.0,0.0,374.0,42,10.222199955023825,4,150,300,42,32,0,14,14,"8,16,32,64",4,leakage_accounting=approximate_internal_transcript,1024,100,real_data,16,identity,0,f09d76ded5a6e7d2
real_typeii_20db_d1024_bw100_blk0,cascade_lite,4,True,True,0.21875,0.021875,0.0,0.0,374.0,42,15.37609996739775,4,150,300,42,32,0,14,14,"8,16,32,64",4,leakage_accounting=approximate_internal_transcript,1024,100,real_data,16,identity,0,f09d76ded5a6e7d2
real_typeii_20db_d1024_bw100_blk0,cascade_lite,5,True,False,0.1875,0.01875,0.03125,0.003125,362.0,30,10.84230002015829,4,150,300,30,32,0,10,10,"8,16,32,64",4,leakage_accounting=approximate_internal_transcript,1024,100,real_data,16,identity,0,f09d76ded5a6e7d2
real_typeii_20db_d1024_bw100_blk0,cascade_lite,6,True,True,0.171875,0.0171875,0.0,0.0,365.0,33,6.5475000301375985,4,150,300,33,32,0,11,11,"8,16,32,64",4,leakage_accounting=approximate_internal_transcript,1024,100,real_data,16,identity,0,f09d76ded5a6e7d2
real_typeii_20db_d1024_bw100_blk0,cascade_lite,7,True,True,0.25,0.025,0.0,0.0,380.0,48,17.215600004419684,4,150,300,48,32,0,16,16,"8,16,32,64",4,leakage_accounting=approximate_internal_transcript,1024,100,real_data,16,identity,0,f09d76ded5a6e7d2
real_typeii_20db_d1024_bw100_blk0,cascade_lite,8,True,True,0.25,0.025,0.0,0.0,380.0,48,28.227699920535088,4,150,300,48,32,0,16,16,"8,16,32,64",4,leakage_accounting=approximate_internal_transcript,1024,100,real_data,16,identity,0,f09d76ded5a6e7d2
real_typeii_20db_d1024_bw100_blk0,cascade_lite,9,True,True,0.25,0.025,0.0,0.0,380.0,48,18.47420004196465,4,150,300,48,32,0,16,16,"8,16,32,64",4,leakage_accounting=approximate_internal_transcript,1024,100,real_data,16,identity,0,f09d76ded5a6e7d2
real_typeii_20db_d1024_bw100_blk0,cascade_lite,10,True,True,0.15625,0.015625,0.0,0.0,362.0,30,3.1560000497847795,4,150,300,30,32,0,10,10,"8,16,32,64",4,leakage_accounting=approximate_internal_transcript,1024,100,real_data,16,identity,0,f09d76ded5a6e7d2
real_typeii_20db_d1024_bw100_blk0,cascade_lite,11,True,True,0.25,0.025,0.0,0.0,380.0,48,13.423800002783537,4,150,300,48,32,0,16,16,"8,16,32,64",4,leakage_accounting=approximate_internal_transcript,1024,100,real_data,16,identity,0,f09d76ded5a6e7d2
real_typeii_20db_d1024_bw100_blk0,cascade_lite,12,True,True,0.25,0.025,0.0,0.0,380.0,48,11.292500072158873,4,150,300,48,32,0,16,16,"8,16,32,64",4,leakage_accounting=approximate_internal_transcript,1024,100,real_data,16,identity,0,f09d76ded5a6e7d2
real_typeii_20db_d1024_bw100_blk0,cascade_lite,13,True,True,0.25,0.025,0.0,0.0,380.0,48,7.707999902777374,4,150,300,48,32,0,16,16,"8,16,32,64",4,leakage_accounting=approximate_internal_transcript,1024,100,real_data,16,identity,0,f09d76ded5a6e7d2
real_typeii_20db_d1024_bw100_blk0,cascade_lite,14,True,True,0.1875,0.01875,0.0,0.0,368.0,36,3.9459000108763576,4,150,300,36,32,0,12,12,"8,16,32,64",4,leakage_accounting=approximate_internal_transcript,1024,100,real_data,16,identity,0,f09d76ded5a6e7d2
real_typeii_20db_d1024_bw100_blk0,cascade_lite,15,True,True,0.328125,0.0328125,0.0,0.0,395.0,63,3.8551000179722905,4,150,300,63,32,0,21,21,"8,16,32,64",4,leakage_accounting=approximate_internal_transcript,1024,100,real_data,16,identity,0,f09d76ded5a6e7d2
real_typeii_20db_d1024_bw100_blk0,cascade_lite,0,True,False,0.28125,0.028125,0.09375,0.009375,230.0,48,16.13879995420575,4,75,150,48,32,0,12,12,"16,32,64,128",4,leakage_accounting=approximate_internal_transcript,1024,100,real_data,16,identity,0,9d423c80473677e6
real_typeii_20db_d1024_bw100_blk0,cascade_lite,1,True,False,0.234375,0.0234375,0.0625,0.00625,226.0,44,19.16010002605617,4,75,150,44,32,0,11,11,"16,32,64,128",4,leakage_accounting=approximate_internal_transcript,1024,100,real_data,16,identity,0,9d423c80473677e6
real_typeii_20db_d1024_bw100_blk0,cascade_lite,2,True,False,0.234375,0.0234375,0.0625,0.00625,226.0,44,7.4852000689134,4,75,150,44,32,0,11,11,"16,32,64,128",4,leakage_accounting=approximate_internal_transcript,1024,100,real_data,16,identity,0,9d423c80473677e6
real_typeii_20db_d1024_bw100_blk0,cascade_lite,3,True,False,0.21875,0.021875,0.03125,0.003125,230.0,48,25.32499993685633,4,75,150,48,32,0,12,12,"16,32,64,128",4,leakage_accounting=approximate_internal_transcript,1024,100,real_data,16,identity,0,9d423c80473677e6
real_typeii_20db_d1024_bw100_blk0,cascade_lite,4,True,False,0.21875,0.021875,0.03125,0.003125,230.0,48,6.677099969238043,4,75,150,48,32,0,12,12,"16,32,64,128",4,leakage_accounting=approximate_internal_transcript,1024,100,real_data,16,identity,0,9d423c80473677e6
real_typeii_20db_d1024_bw100_blk0,cascade_lite,5,True,False,0.1875,0.01875,0.03125,0.003125,222.0,40,7.374700042419136,4,75,150,40,32,0,10,10,"16,32,64,128",4,leakage_accounting=approximate_internal_transcript,1024,100,real_data,16,identity,0,9d423c80473677e6
real_typeii_20db_d1024_bw100_blk0,cascade_lite,6,True,True,0.171875,0.0171875,0.0,0.0,226.0,44,5.516400095075369,4,75,150,44,32,0,11,11,"16,32,64,128",4,leakage_accounting=approximate_internal_transcript,1024,100,real_data,16,identity,0,9d423c80473677e6
real_typeii_20db_d1024_bw100_blk0,cascade_lite,7,True,False,0.25,0.025,0.03125,0.003125,238.0,56,2.3846999974921346,4,75,150,56,32,0,14,14,"16,32,64,128",4,leakage_accounting=approximate_internal_transcript,1024,100,real_data,16,identity,0,9d423c80473677e6
real_typeii_20db_d1024_bw100_blk0,cascade_lite,8,True,False,0.25,0.025,0.0625,0.00625,230.0,48,8.94890003837645,4,75,150,48,32,0,12,12,"16,32,64,128",4,leakage_accounting=approximate_internal_transcript,1024,100,real_data,16,identity,0,9d423c80473677e6
real_typeii_20db_d1024_bw100_blk0,cascade_lite,9,True,True,0.25,0.025,0.0,0.0,246.0,64,8.413500036112964,4,75,150,64,32,0,16,16,"16,32,64,128",4,leakage_accounting=approximate_internal_transcript,1024,100,real_data,16,identity,0,9d423c80473677e6
real_typeii_20db_d1024_bw100_blk0,cascade_lite,10,True,True,0.15625,0.015625,0.0,0.0,222.0,40,10.312799946404994,4,75,150,40,32,0,10,10,"16,32,64,128",4,leakage_accounting=approximate_internal_transcript,1024,100,real_data,16,identity,0,9d423c80473677e6
real_typeii_20db_d1024_bw100_blk0,cascade_lite,11,True,True,0.25,0.025,0.0,0.0,246.0,64,6.930099916644394,4,75,150,64,32,0,16,16,"16,32,64,128",4,leakage_accounting=approximate_internal_transcript,1024,100,real_data,16,identity,0,9d423c80473677e6
real_typeii_20db_d1024_bw100_blk0,cascade_lite,12,True,False,0.25,0.025,0.09375,0.009375,222.0,40,12.330399942584336,4,75,150,40,32,0,10,10,"16,32,64,128",4,leakage_accounting=approximate_internal_transcript,1024,100,real_data,16,identity,0,9d423c80473677e6
real_typeii_20db_d1024_bw100_blk0,cascade_lite,13,True,True,0.25,0.025,0.0,0.0,246.0,64,12.994399992749095,4,75,150,64,32,0,16,16,"16,32,64,128",4,leakage_accounting=approximate_internal_transcript,1024,100,real_data,16,identity,0,9d423c80473677e6
real_typeii_20db_d1024_bw100_blk0,cascade_lite,14,True,False,0.1875,0.01875,0.03125,0.003125,222.0,40,10.210099979303777,4,75,150,40,32,0,10,10,"16,32,64,128",4,leakage_accounting=approximate_internal_transcript,1024,100,real_data,16,identity,0,9d423c80473677e6
real_typeii_20db_d1024_bw100_blk0,cascade_lite,15,True,False,0.328125,0.0328125,0.09375,0.009375,242.0,60,22.772799944505095,4,75,150,60,32,0,15,15,"16,32,64,128",4,leakage_accounting=approximate_internal_transcript,1024,100,real_data,16,identity,0,9d423c80473677e6
real_typeii_20db_d1024_bw100_blk0,cascade_lite,0,True,False,0.28125,0.028125,0.03125,0.003125,380.0,48,7.693000021390617,4,150,300,48,32,0,16,16,"8,16,32,64",6,leakage_accounting=approximate_internal_transcript,1024,100,real_data,16,identity,0,477ef1fd0ff5ecb2
real_typeii_20db_d1024_bw100_blk0,cascade_lite,1,True,True,0.234375,0.0234375,0.0,0.0,377.0,45,7.8292000107467175,4,150,300,45,32,0,15,15,"8,16,32,64",6,leakage_accounting=approximate_internal_transcript,1024,100,real_data,16,identity,0,477ef1fd0ff5ecb2
real_typeii_20db_d1024_bw100_blk0,cascade_lite,2,True,True,0.234375,0.0234375,0.0,0.0,377.0,45,15.36409999243915,4,150,300,45,32,0,15,15,"8,16,32,64",6,leakage_accounting=approximate_internal_transcript,1024,100,real_data,16,identity,0,477ef1fd0ff5ecb2
real_typeii_20db_d1024_bw100_blk0,cascade_lite,3,True,True,0.21875,0.021875,0.0,0.0,374.0,42,5.166499991901219,4,150,300,42,32,0,14,14,"8,16,32,64",6,leakage_accounting=approximate_internal_transcript,1024,100,real_data,16,identity,0,477ef1fd0ff5ecb2
real_typeii_20db_d1024_bw100_blk0,cascade_lite,4,True,True,0.21875,0.021875,0.0,0.0,374.0,42,9.029499953612685,4,150,300,42,32,0,14,14,"8,16,32,64",6,leakage_accounting=approximate_internal_transcript,1024,100,real_data,16,identity,0,477ef1fd0ff5ecb2
real_typeii_20db_d1024_bw100_blk0,cascade_lite,5,True,False,0.1875,0.01875,0.03125,0.003125,362.0,30,9.559399913996458,4,150,300,30,32,0,10,10,"8,16,32,64",6,leakage_accounting=approximate_internal_transcript,1024,100,real_data,16,identity,0,477ef1fd0ff5ecb2
real_typeii_20db_d1024_bw100_blk0,cascade_lite,6,True,True,0.171875,0.0171875,0.0,0.0,365.0,33,19.665100029669702,4,150,300,33,32,0,11,11,"8,16,32,64",6,leakage_accounting=approximate_internal_transcript,1024,100,real_data,16,identity,0,477ef1fd0ff5ecb2
real_typeii_20db_d1024_bw100_blk0,cascade_lite,7,True,True,0.25,0.025,0.0,0.0,380.0,48,14.909100020304322,4,150,300,48,32,0,16,16,"8,16,32,64",6,leakage_accounting=approximate_internal_transcript,1024,100,real_data,16,identity,0,477ef1fd0ff5ecb2
real_typeii_20db_d1024_bw100_blk0,cascade_lite,8,True,True,0.25,0.025,0.0,0.0,380.0,48,18.823500024154782,4,150,300,48,32,0,16,16,"8,16,32,64",6,leakage_accounting=approximate_internal_transcript,1024,100,real_data,16,identity,0,477ef1fd0ff5ecb2
real_typeii_20db_d1024_bw100_blk0,cascade_lite,9,True,True,0.25,0.025,0.0,0.0,380.0,48,10.24809991940856,4,150,300,48,32,0,16,16,"8,16,32,64",6,leakage_accounting=approximate_internal_transcript,1024,100,real_data,16,identity,0,477ef1fd0ff5ecb2
real_typeii_20db_d1024_bw100_blk0,cascade_lite,10,True,True,0.15625,0.015625,0.0,0.0,362.0,30,20.302099990658462,4,150,300,30,32,0,10,10,"8,16,32,64",6,leakage_accounting=approximate_internal_transcript,1024,100,real_data,16,identity,0,477ef1fd0ff5ecb2
real_typeii_20db_d1024_bw100_blk0,cascade_lite,11,True,True,0.25,0.025,0.0,0.0,380.0,48,5.337800015695393,4,150,300,48,32,0,16,16,"8,16,32,64",6,leakage_accounting=approximate_internal_transcript,1024,100,real_data,16,identity,0,477ef1fd0ff5ecb2
real_typeii_20db_d1024_bw100_blk0,cascade_lite,12,True,True,0.25,0.025,0.0,0.0,380.0,48,1.2710998998954892,4,150,300,48,32,0,16,16,"8,16,32,64",6,leakage_accounting=approximate_internal_transcript,1024,100,real_data,16,identity,0,477ef1fd0ff5ecb2
real_typeii_20db_d1024_bw100_blk0,cascade_lite,13,True,True,0.25,0.025,0.0,0.0,380.0,48,10.254799970425665,4,150,300,48,32,0,16,16,"8,16,32,64",6,leakage_accounting=approximate_internal_transcript,1024,100,real_data,16,identity,0,477ef1fd0ff5ecb2
real_typeii_20db_d1024_bw100_blk0,cascade_lite,14,True,True,0.1875,0.01875,0.0,0.0,368.0,36,20.301399985328317,4,150,300,36,32,0,12,12,"8,16,32,64",6,leakage_accounting=approximate_internal_transcript,1024,100,real_data,16,identity,0,477ef1fd0ff5ecb2
real_typeii_20db_d1024_bw100_blk0,cascade_lite,15,True,True,0.328125,0.0328125,0.0,0.0,395.0,63,21.05960005428642,4,150,300,63,32,0,21,21,"8,16,32,64",6,leakage_accounting=approximate_internal_transcript,1024,100,real_data,16,identity,0,477ef1fd0ff5ecb2
real_typeii_20db_d1024_bw120_blk0,cascade_lite,0,True,True,0.21875,0.021875,0.0,0.0,374.0,42,0.7587999571114779,4,150,300,42,32,0,14,14,"8,16,32,64",4,leakage_accounting=approximate_internal_transcript,1024,120,real_data,4,identity,1,1f589a8f8fc4f2a6
real_typeii_20db_d1024_bw120_blk0,cascade_lite,1,True,False,0.1875,0.01875,0.03125,0.003125,362.0,30,4.283900023438036,4,150,300,30,32,0,10,10,"8,16,32,64",4,leakage_accounting=approximate_internal_transcript,1024,120,real_data,4,identity,1,1f589a8f8fc4f2a6
real_typeii_20db_d1024_bw120_blk0,cascade_lite,2,True,True,0.21875,0.021875,0.0,0.0,374.0,42,10.340699926018715,4,150,300,42,32,0,14,14,"8,16,32,64",4,leakage_accounting=approximate_internal_transcript,1024,120,real_data,4,identity,1,1f589a8f8fc4f2a6
real_typeii_20db_d1024_bw120_blk0,cascade_lite,3,True,True,0.25,0.025,0.0,0.0,380.0,48,19.130200031213462,4,150,300,48,32,0,16,16,"8,16,32,64",4,leakage_accounting=approximate_internal_transcript,1024,120,real_data,4,identity,1,1f589a8f8fc4f2a6
real_typeii_20db_d1024_bw100_blk0,cascade_lite,0,True,False,0.28125,0.028125,0.09375,0.009375,230.0,48,11.800900101661682,4,75,150,48,32,0,12,12,"16,32,64,128",4,leakage_accounting=approximate_internal_transcript,1024,100,real_data,16,identity,1,c6a64f370ed39663
real_typeii_20db_d1024_bw100_blk0,cascade_lite,1,True,False,0.234375,0.0234375,0.0625,0.00625,226.0,44,4.547300050035119,4,75,150,44,32,0,11,11,"16,32,64,128",4,leakage_accounting=approximate_internal_transcript,1024,100,real_data,16,identity,1,c6a64f370ed39663
real_typeii_20db_d1024_bw100_blk0,cascade_lite,2,True,False,0.234375,0.0234375,0.0625,0.00625,226.0,44,13.90459993854165,4,75,150,44,32,0,11,11,"16,32,64,128",4,leakage_accounting=approximate_internal_transcript,1024,100,real_data,16,identity,1,c6a64f370ed39663
real_typeii_20db_d1024_bw100_blk0,cascade_lite,3,True,False,0.21875,0.021875,0.03125,0.003125,230.0,48,18.089500023052096,4,75,150,48,32,0,12,12,"16,32,64,128",4,leakage_accounting=approximate_internal_transcript,1024,100,real_data,16,identity,1,c6a64f370ed39663
real_typeii_20db_d1024_bw100_blk0,cascade_lite,4,True,False,0.21875,0.021875,0.03125,0.003125,230.0,48,3.56780004221946,4,75,150,48,32,0,12,12,"16,32,64,128",4,leakage_accounting=approximate_internal_transcript,1024,100,real_data,16,identity,1,c6a64f370ed39663
real_typeii_20db_d1024_bw100_blk0,cascade_lite,5,True,False,0.1875,0.01875,0.03125,0.003125,222.0,40,3.6706000100821257,4,75,150,40,32,0,10,10,"16,32,64,128",4,leakage_accounting=approximate_internal_transcript,1024,100,real_data,16,identity,1,c6a64f370ed39663
real_typeii_20db_d1024_bw100_blk0,cascade_lite,6,True,True,0.171875,0.0171875,0.0,0.0,226.0,44,14.694200013764203,4,75,150,44,32,0,11,11,"16,32,64,128",4,leakage_accounting=approximate_internal_transcript,1024,100,real_data,16,identity,1,c6a64f370ed39663
real_typeii_20db_d1024_bw100_blk0,cascade_lite,7,True,False,0.25,0.025,0.03125,0.003125,238.0,56,6.651800009422004,4,75,150,56,32,0,14,14,"16,32,64,128",4,leakage_accounting=approximate_internal_transcript,1024,100,real_data,16,identity,1,c6a64f370ed39663
real_typeii_20db_d1024_bw100_blk0,cascade_lite,8,True,False,0.25,0.025,0.0625,0.00625,230.0,48,14.302899944595993,4,75,150,48,32,0,12,12,"16,32,64,128",4,leakage_accounting=approximate_internal_transcript,1024,100,real_data,16,identity,1,c6a64f370ed39663
real_typeii_20db_d1024_bw100_blk0,cascade_lite,9,True,True,0.25,0.025,0.0,0.0,246.0,64,19.028499955311418,4,75,150,64,32,0,16,16,"16,32,64,128",4,leakage_accounting=approximate_internal_transcript,1024,100,real_data,16,identity,1,c6a64f370ed39663
real_typeii_20db_d1024_bw100_blk0,cascade_lite,10,True,True,0.15625,0.015625,0.0,0.0,222.0,40,19.60459991823882,4,75,150,40,32,0,10,10,"16,32,64,128",4,leakage_accounting=approximate_internal_transcript,1024,100,real_data,16,identity,1,c6a64f370ed39663
real_typeii_20db_d1024_bw100_blk0,cascade_lite,11,True,True,0.25,0.025,0.0,0.0,246.0,64,12.822500080801547,4,75,150,64,32,0,16,16,"16,32,64,128",4,leakage_accounting=approximate_internal_transcript,1024,100,real_data,16,identity,1,c6a64f370ed39663
real_typeii_20db_d1024_bw100_blk0,cascade_lite,12,True,False,0.25,0.025,0.09375,0.009375,222.0,40,23.86000007390976,4,75,150,40,32,0,10,10,"16,32,64,128",4,leakage_accounting=approximate_internal_transcript,1024,100,real_data,16,identity,1,c6a64f370ed39663
real_typeii_20db_d1024_bw100_blk0,cascade_lite,13,True,True,0.25,0.025,0.0,0.0,246.0,64,4.504800075665116,4,75,150,64,32,0,16,16,"16,32,64,128",4,leakage_accounting=approximate_internal_transcript,1024,100,real_data,16,identity,1,c6a64f370ed39663
real_typeii_20db_d1024_bw100_blk0,cascade_lite,14,True,False,0.1875,0.01875,0.03125,0.003125,222.0,40,20.038999966345727,4,75,150,40,32,0,10,10,"16,32,64,128",4,leakage_accounting=approximate_internal_transcript,1024,100,real_data,16,identity,1,c6a64f370ed39663
real_typeii_20db_d1024_bw100_blk0,cascade_lite,15,True,False,0.328125,0.0328125,0.09375,0.009375,242.0,60,11.072199908085167,4,75,150,60,32,0,15,15,"16,32,64,128",4,leakage_accounting=approximate_internal_transcript,1024,100,real_data,16,identity,1,c6a64f370ed39663
real_typeii_20db_d1024_bw120_blk0,cascade_lite,0,True,True,0.21875,0.021875,0.0,0.0,374.0,42,5.049599916674197,4,150,300,42,32,0,14,14,"8,16,32,64",6,leakage_accounting=approximate_internal_transcript,1024,120,real_data,4,identity,0,47bfc7ece074fdaa
real_typeii_20db_d1024_bw120_blk0,cascade_lite,1,True,False,0.1875,0.01875,0.03125,0.003125,362.0,30,8.719100034795702,4,150,300,30,32,0,10,10,"8,16,32,64",6,leakage_accounting=approximate_internal_transcript,1024,120,real_data,4,identity,0,47bfc7ece074fdaa
real_typeii_20db_d1024_bw120_blk0,cascade_lite,2,True,True,0.21875,0.021875,0.0,0.0,374.0,42,7.3639999609440565,4,150,300,42,32,0,14,14,"8,16,32,64",6,leakage_accounting=approximate_internal_transcript,1024,120,real_data,4,identity,0,47bfc7ece074fdaa
real_typeii_20db_d1024_bw120_blk0,cascade_lite,3,True,True,0.25,0.025,0.0,0.0,380.0,48,16.516100033186376,4,150,300,48,32,0,16,16,"8,16,32,64",6,leakage_accounting=approximate_internal_transcript,1024,120,real_data,4,identity,0,47bfc7ece074fdaa
real_typeii_20db_d1024_bw120_blk0,cascade_lite,0,True,True,0.21875,0.021875,0.0,0.0,374.0,42,11.989800026640296,4,150,300,42,32,0,14,14,"8,16,32,64",6,leakage_accounting=approximate_internal_transcript,1024,120,real_data,4,identity,1,d825734b6395c173
real_typeii_20db_d1024_bw120_blk0,cascade_lite,1,True,False,0.1875,0.01875,0.03125,0.003125,362.0,30,11.674499954096973,4,150,300,30,32,0,10,10,"8,16,32,64",6,leakage_accounting=approximate_internal_transcript,1024,120,real_data,4,identity,1,d825734b6395c173
real_typeii_20db_d1024_bw120_blk0,cascade_lite,2,True,True,0.21875,0.021875,0.0,0.0,374.0,42,6.222399999387562,4,150,300,42,32,0,14,14,"8,16,32,64",6,leakage_accounting=approximate_internal_transcript,1024,120,real_data,4,identity,1,d825734b6395c173
real_typeii_20db_d1024_bw120_blk0,cascade_lite,3,True,True,0.25,0.025,0.0,0.0,380.0,48,7.8517000656574965,4,150,300,48,32,0,16,16,"8,16,32,64",6,leakage_accounting=approximate_internal_transcript,1024,120,real_data,4,identity,1,d825734b6395c173
real_typeii_20db_d1024_bw100_blk0,cascade_lite,0,True,False,0.28125,0.028125,0.09375,0.009375,230.0,48,9.301000041887164,4,75,150,48,32,0,12,12,"16,32,64,128",6,leakage_accounting=approximate_internal_transcript,1024,100,real_data,16,identity,1,aec586233b5d565e
real_typeii_20db_d1024_bw100_blk0,cascade_lite,1,True,False,0.234375,0.0234375,0.0625,0.00625,226.0,44,9.369799983687699,4,75,150,44,32,0,11,11,"16,32,64,128",6,leakage_accounting=approximate_internal_transcript,1024,100,real_data,16,identity,1,aec586233b5d565e
real_typeii_20db_d1024_bw100_blk0,cascade_lite,2,True,False,0.234375,0.0234375,0.0625,0.00625,226.0,44,11.556999990716577,4,75,150,44,32,0,11,11,"16,32,64,128",6,leakage_accounting=approximate_internal_transcript,1024,100,real_data,16,identity,1,aec586233b5d565e
real_typeii_20db_d1024_bw100_blk0,cascade_lite,3,True,False,0.21875,0.021875,0.03125,0.003125,230.0,48,14.10789997316897,4,75,150,48,32,0,12,12,"16,32,64,128",6,leakage_accounting=approximate_internal_transcript,1024,100,real_data,16,identity,1,aec586233b5d565e
real_typeii_20db_d1024_bw100_blk0,cascade_lite,4,True,False,0.21875,0.021875,0.03125,0.003125,230.0,48,18.480399972759187,4,75,150,48,32,0,12,12,"16,32,64,128",6,leakage_accounting=approximate_internal_transcript,1024,100,real_data,16,identity,1,aec586233b5d565e
real_typeii_20db_d1024_bw100_blk0,cascade_lite,5,True,False,0.1875,0.01875,0.03125,0.003125,222.0,40,9.913900052197278,4,75,150,40,32,0,10,10,"16,32,64,128",6,leakage_accounting=approximate_internal_transcript,1024,100,real_data,16,identity,1,aec586233b5d565e
real_typeii_20db_d1024_bw100_blk0,cascade_lite,6,True,True,0.171875,0.0171875,0.0,0.0,226.0,44,12.938800035044551,4,75,150,44,32,0,11,11,"16,32,64,128",6,leakage_accounting=approximate_internal_transcript,1024,100,real_data,16,identity,1,aec586233b5d565e
real_typeii_20db_d1024_bw100_blk0,cascade_lite,7,True,False,0.25,0.025,0.03125,0.003125,238.0,56,12.516099959611893,4,75,150,56,32,0,14,14,"16,32,64,128",6,leakage_accounting=approximate_internal_transcript,1024,100,real_data,16,identity,1,aec586233b5d565e
real_typeii_20db_d1024_bw100_blk0,cascade_lite,8,True,False,0.25,0.025,0.0625,0.00625,230.0,48,12.956999940797687,4,75,150,48,32,0,12,12,"16,32,64,128",6,leakage_accounting=approximate_internal_transcript,1024,100,real_data,16,identity,1,aec586233b5d565e
real_typeii_20db_d1024_bw100_blk0,cascade_lite,9,True,True,0.25,0.025,0.0,0.0,246.0,64,7.223400054499507,4,75,150,64,32,0,16,16,"16,32,64,128",6,leakage_accounting=approximate_internal_transcript,1024,100,real_data,16,identity,1,aec586233b5d565e
real_typeii_20db_d1024_bw100_blk0,cascade_lite,10,True,True,0.15625,0.015625,0.0,0.0,222.0,40,19.36650008428842,4,75,150,40,32,0,10,10,"16,32,64,128",6,leakage_accounting=approximate_internal_transcript,1024,100,real_data,16,identity,1,aec586233b5d565e
real_typeii_20db_d1024_bw100_blk0,cascade_lite,11,True,True,0.25,0.025,0.0,0.0,246.0,64,20.88909992016852,4,75,150,64,32,0,16,16,"16,32,64,128",6,leakage_accounting=approximate_internal_transcript,1024,100,real_data,16,identity,1,aec586233b5d565e
real_typeii_20db_d1024_bw100_blk0,cascade_lite,12,True,False,0.25,0.025,0.09375,0.009375,222.0,40,12.828200007788837,4,75,150,40,32,0,10,10,"16,32,64,128",6,leakage_accounting=approximate_internal_transcript,1024,100,real_data,16,identity,1,aec586233b5d565e
real_typeii_20db_d1024_bw100_blk0,cascade_lite,13,True,True,0.25,0.025,0.0,0.0,246.0,64,7.179299951530993,4,75,150,64,32,0,16,16,"16,32,64,128",6,leakage_accounting=approximate_internal_transcript,1024,100,real_data,16,identity,1,aec586233b5d565e
real_typeii_20db_d1024_bw100_blk0,cascade_lite,14,True,False,0.1875,0.01875,0.03125,0.003125,222.0,40,11.834300006739795,4,75,150,40,32,0,10,10,"16,32,64,128",6,leakage_accounting=approximate_internal_transcript,1024,100,real_data,16,identity,1,aec586233b5d565e
real_typeii_20db_d1024_bw100_blk0,cascade_lite,15,True,False,0.328125,0.0328125,0.09375,0.009375,242.0,60,1.5963000478222966,4,75,150,60,32,0,15,15,"16,32,64,128",6,leakage_accounting=approximate_internal_transcript,1024,100,real_data,16,identity,1,aec586233b5d565e
real_typeii_20db_d1024_bw100_blk0,cascade_lite,0,True,False,0.28125,0.028125,0.09375,0.009375,230.0,48,12.841999996453524,4,75,150,48,32,0,12,12,"16,32,64,128",6,leakage_accounting=approximate_internal_transcript,1024,100,real_data,16,identity,0,2bc34cb99845dc99
real_typeii_20db_d1024_bw100_blk0,cascade_lite,1,True,False,0.234375,0.0234375,0.0625,0.00625,226.0,44,22.711099940352142,4,75,150,44,32,0,11,11,"16,32,64,128",6,leakage_accounting=approximate_internal_transcript,1024,100,real_data,16,identity,0,2bc34cb99845dc99
real_typeii_20db_d1024_bw100_blk0,cascade_lite,2,True,False,0.234375,0.0234375,0.0625,0.00625,226.0,44,2.829600009135902,4,75,150,44,32,0,11,11,"16,32,64,128",6,leakage_accounting=approximate_internal_transcript,1024,100,real_data,16,identity,0,2bc34cb99845dc99
real_typeii_20db_d1024_bw100_blk0,cascade_lite,3,True,False,0.21875,0.021875,0.03125,0.003125,230.0,48,8.472700021229684,4,75,150,48,32,0,12,12,"16,32,64,128",6,leakage_accounting=approximate_internal_transcript,1024,100,real_data,16,identity,0,2bc34cb99845dc99
real_typeii_20db_d1024_bw100_blk0,cascade_lite,4,True,False,0.21875,0.021875,0.03125,0.003125,230.0,48,10.446600033901632,4,75,150,48,32,0,12,12,"16,32,64,128",6,leakage_accounting=approximate_internal_transcript,1024,100,real_data,16,identity,0,2bc34cb99845dc99
real_typeii_20db_d1024_bw100_blk0,cascade_lite,5,True,False,0.1875,0.01875,0.03125,0.003125,222.0,40,5.942899966612458,4,75,150,40,32,0,10,10,"16,32,64,128",6,leakage_accounting=approximate_internal_transcript,1024,100,real_data,16,identity,0,2bc34cb99845dc99
real_typeii_20db_d1024_bw100_blk0,cascade_lite,6,True,True,0.171875,0.0171875,0.0,0.0,226.0,44,17.1314999461174,4,75,150,44,32,0,11,11,"16,32,64,128",6,leakage_accounting=approximate_internal_transcript,1024,100,real_data,16,identity,0,2bc34cb99845dc99
real_typeii_20db_d1024_bw100_blk0,cascade_lite,7,True,False,0.25,0.025,0.03125,0.003125,238.0,56,16.283400007523596,4,75,150,56,32,0,14,14,"16,32,64,128",6,leakage_accounting=approximate_internal_transcript,1024,100,real_data,16,identity,0,2bc34cb99845dc99
real_typeii_20db_d1024_bw100_blk0,cascade_lite,8,True,False,0.25,0.025,0.0625,0.00625,230.0,48,8.521599927917123,4,75,150,48,32,0,12,12,"16,32,64,128",6,leakage_accounting=approximate_internal_transcript,1024,100,real_data,16,identity,0,2bc34cb99845dc99
real_typeii_20db_d1024_bw100_blk0,cascade_lite,9,True,True,0.25,0.025,0.0,0.0,246.0,64,6.451299996115267,4,75,150,64,32,0,16,16,"16,32,64,128",6,leakage_accounting=approximate_internal_transcript,1024,100,real_data,16,identity,0,2bc34cb99845dc99
real_typeii_20db_d1024_bw100_blk0,cascade_lite,10,True,True,0.15625,0.015625,0.0,0.0,222.0,40,22.51419995445758,4,75,150,40,32,0,10,10,"16,32,64,128",6,leakage_accounting=approximate_internal_transcript,1024,100,real_data,16,identity,0,2bc34cb99845dc99
real_typeii_20db_d1024_bw100_blk0,cascade_lite,11,True,True,0.25,0.025,0.0,0.0,246.0,64,23.769699968397617,4,75,150,64,32,0,16,16,"16,32,64,128",6,leakage_accounting=approximate_internal_transcript,1024,100,real_data,16,identity,0,2bc34cb99845dc99
real_typeii_20db_d1024_bw100_blk0,cascade_lite,12,True,False,0.25,0.025,0.09375,0.009375,222.0,40,4.399299970827997,4,75,150,40,32,0,10,10,"16,32,64,128",6,leakage_accounting=approximate_internal_transcript,1024,100,real_data,16,identity,0,2bc34cb99845dc99
real_typeii_20db_d1024_bw100_blk0,cascade_lite,13,True,True,0.25,0.025,0.0,0.0,246.0,64,18.113699974492192,4,75,150,64,32,0,16,16,"16,32,64,128",6,leakage_accounting=approximate_internal_transcript,1024,100,real_data,16,identity,0,2bc34cb99845dc99
real_typeii_20db_d1024_bw100_blk0,cascade_lite,14,True,False,0.1875,0.01875,0.03125,0.003125,222.0,40,8.542599971406162,4,75,150,40,32,0,10,10,"16,32,64,128",6,leakage_accounting=approximate_internal_transcript,1024,100,real_data,16,identity,0,2bc34cb99845dc99
real_typeii_20db_d1024_bw100_blk0,cascade_lite,15,True,False,0.328125,0.0328125,0.09375,0.009375,242.0,60,16.436600009910762,4,75,150,60,32,0,15,15,"16,32,64,128",6,leakage_accounting=approximate_internal_transcript,1024,100,real_data,16,identity,0,2bc34cb99845dc99
real_typeii_20db_d1024_bw120_blk0,cascade_lite,0,True,True,0.21875,0.021875,0.0,0.0,378.0,46,4.645300097763538,4,150,300,46,32,0,14,14,"8,16,32,64",4,leakage_accounting=approximate_internal_transcript,1024,120,real_data,4,seeded_random,0,ef3fd819508ca339
real_typeii_20db_d1024_bw120_blk0,cascade_lite,1,True,True,0.1875,0.01875,0.0,0.0,368.0,36,24.865100043825805,4,150,300,36,32,0,12,12,"8,16,32,64",4,leakage_accounting=approximate_internal_transcript,1024,120,real_data,4,seeded_random,0,ef3fd819508ca339
real_typeii_20db_d1024_bw120_blk0,cascade_lite,2,True,True,0.21875,0.021875,0.0,0.0,374.0,42,23.89270009007305,4,150,300,42,32,0,14,14,"8,16,32,64",4,leakage_accounting=approximate_internal_transcript,1024,120,real_data,4,seeded_random,0,ef3fd819508ca339
real_typeii_20db_d1024_bw120_blk0,cascade_lite,3,True,True,0.25,0.025,0.0,0.0,382.0,50,20.20910009741783,4,150,300,50,32,0,16,16,"8,16,32,64",4,leakage_accounting=approximate_internal_transcript,1024,120,real_data,4,seeded_random,0,ef3fd819508ca339
real_typeii_20db_d1024_bw120_blk0,cascade_lite,0,True,True,0.21875,0.021875,0.0,0.0,374.0,42,10.147599969059229,4,150,300,42,32,0,14,14,"8,16,32,64",4,leakage_accounting=approximate_internal_transcript,1024,120,real_data,4,seeded_random,1,b9f654c90a774d3d
real_typeii_20db_d1024_bw120_blk0,cascade_lite,1,True,True,0.1875,0.01875,0.0,0.0,368.0,36,16.660099965520203,4,150,300,36,32,0,12,12,"8,16,32,64",4,leakage_accounting=approximate_internal_transcript,1024,120,real_data,4,seeded_random,1,b9f654c90a774d3d
real_typeii_20db_d1024_bw120_blk0,cascade_lite,2,True,True,0.21875,0.021875,0.0,0.0,374.0,42,26.566899963654578,4,150,300,42,32,0,14,14,"8,16,32,64",4,leakage_accounting=approximate_internal_transcript,1024,120,real_data,4,seeded_random,1,b9f654c90a774d3d
real_typeii_20db_d1024_bw120_blk0,cascade_lite,3,True,True,0.25,0.025,0.0,0.0,384.0,52,25.510999956168234,4,150,300,52,32,0,16,16,"8,16,32,64",4,leakage_accounting=approximate_internal_transcript,1024,120,real_data,4,seeded_random,1,b9f654c90a774d3d
real_typeii_20db_d1024_bw100_blk0,cascade_lite,0,True,True,0.28125,0.028125,0.0,0.0,386.0,54,23.518300033174455,4,150,300,54,32,0,18,18,"8,16,32,64",6,leakage_accounting=approximate_internal_transcript,1024,100,real_data,16,seeded_random,0,90e9c5c1c4435fdb
real_typeii_20db_d1024_bw100_blk0,cascade_lite,1,True,True,0.234375,0.0234375,0.0,0.0,381.0,49,15.87100001052022,4,150,300,49,32,0,15,15,"8,16,32,64",6,leakage_accounting=approximate_internal_transcript,1024,100,real_data,16,seeded_random,0,90e9c5c1c4435fdb
real_typeii_20db_d1024_bw100_blk0,cascade_lite,2,True,True,0.234375,0.0234375,0.0,0.0,379.0,47,11.324499966576695,4,150,300,47,32,0,15,15,"8,16,32,64",6,leakage_accounting=approximate_internal_transcript,1024,100,real_data,16,seeded_random,0,90e9c5c1c4435fdb
real_typeii_20db_d1024_bw100_blk0,cascade_lite,3,True,True,0.21875,0.021875,0.0,0.0,378.0,46,10.333199985325336,4,150,300,46,32,0,14,14,"8,16,32,64",6,leakage_accounting=approximate_internal_transcript,1024,100,real_data,16,seeded_random,0,90e9c5c1c4435fdb
real_typeii_20db_d1024_bw100_blk0,cascade_lite,4,True,True,0.21875,0.021875,0.0,0.0,376.0,44,16.22530003078282,4,150,300,44,32,0,14,14,"8,16,32,64",6,leakage_accounting=approximate_internal_transcript,1024,100,real_data,16,seeded_random,0,90e9c5c1c4435fdb
real_typeii_20db_d1024_bw100_blk0,cascade_lite,5,True,True,0.1875,0.01875,0.0,0.0,372.0,40,18.328600097447634,4,150,300,40,32,0,12,12,"8,16,32,64",6,leakage_accounting=approximate_internal_transcript,1024,100,real_data,16,seeded_random,0,90e9c5c1c4435fdb
real_typeii_20db_d1024_bw100_blk0,cascade_lite,6,True,True,0.171875,0.0171875,0.0,0.0,368.0,34,12.332400074228644,4,151,302,34,32,0,11,11,"8,16,32,64",6,leakage_accounting=approximate_internal_transcript,1024,100,real_data,16,seeded_random,0,90e9c5c1c4435fdb
real_typeii_20db_d1024_bw100_blk0,cascade_lite,7,True,True,0.25,0.025,0.0,0.0,384.0,52,17.308400012552738,4,150,300,52,32,0,16,16,"8,16,32,64",6,leakage_accounting=approximate_internal_transcript,1024,100,real_data,16,seeded_random,0,90e9c5c1c4435fdb
real_typeii_20db_d1024_bw100_blk0,cascade_lite,8,True,True,0.25,0.025,0.0,0.0,384.0,52,18.831899971701205,4,150,300,52,32,0,16,16,"8,16,32,64",6,leakage_accounting=approximate_internal_transcript,1024,100,real_data,16,seeded_random,0,90e9c5c1c4435fdb
real_typeii_20db_d1024_bw100_blk0,cascade_lite,9,True,True,0.25,0.025,0.0,0.0,384.0,52,21.80630003567785,4,150,300,52,32,0,16,16,"8,16,32,64",6,leakage_accounting=approximate_internal_transcript,1024,100,real_data,16,seeded_random,0,90e9c5c1c4435fdb
real_typeii_20db_d1024_bw100_blk0,cascade_lite,10,True,True,0.15625,0.015625,0.0,0.0,364.0,32,14.413999975658953,4,150,300,32,32,0,10,10,"8,16,32,64",6,leakage_accounting=approximate_internal_transcript,1024,100,real_data,16,seeded_random,0,90e9c5c1c4435fdb
real_typeii_20db_d1024_bw100_blk0,cascade_lite,11,True,True,0.25,0.025,0.0,0.0,386.0,54,25.673299911431968,4,150,300,54,32,0,16,16,"8,16,32,64",6,leakage_accounting=approximate_internal_transcript,1024,100,real_data,16,seeded_random,0,90e9c5c1c4435fdb
real_typeii_20db_d1024_bw100_blk0,cascade_lite,12,True,True,0.25,0.025,0.0,0.0,386.0,54,11.154700070619583,4,150,300,54,32,0,16,16,"8,16,32,64",6,leakage_accounting=approximate_internal_transcript,1024,100,real_data,16,seeded_random,0,90e9c5c1c4435fdb
real_typeii_20db_d1024_bw100_blk0,cascade_lite,13,True,True,0.25,0.025,0.0,0.0,382.0,50,17.46840006671846,4,150,300,50,32,0,16,16,"8,16,32,64",6,leakage_accounting=approximate_internal_transcript,1024,100,real_data,16,seeded_random,0,90e9c5c1c4435fdb
real_typeii_20db_d1024_bw100_blk0,cascade_lite,14,True,True,0.1875,0.01875,0.0,0.0,368.0,36,10.948400013148785,4,150,300,36,32,0,12,12,"8,16,32,64",6,leakage_accounting=approximate_internal_transcript,1024,100,real_data,16,seeded_random,0,90e9c5c1c4435fdb
real_typeii_20db_d1024_bw100_blk0,cascade_lite,15,True,True,0.328125,0.0328125,0.0,0.0,399.0,67,23.224500007927418,4,150,300,67,32,0,21,21,"8,16,32,64",6,leakage_accounting=approximate_internal_transcript,1024,100,real_data,16,seeded_random,0,90e9c5c1c4435fdb
real_typeii_20db_d1024_bw120_blk0,cascade_lite,0,True,False,0.21875,0.021875,0.03125,0.003125,230.0,48,9.39040002413094,4,75,150,48,32,0,12,12,"16,32,64,128",4,leakage_accounting=approximate_internal_transcript,1024,120,real_data,4,identity,1,b274fad8603600d1
real_typeii_20db_d1024_bw120_blk0,cascade_lite,1,True,False,0.1875,0.01875,0.09375,0.009375,206.0,24,14.835699927061796,4,75,150,24,32,0,6,6,"16,32,64,128",4,leakage_accounting=approximate_internal_transcript,1024,120,real_data,4,identity,1,b274fad8603600d1
real_typeii_20db_d1024_bw120_blk0,cascade_lite,2,True,True,0.21875,0.021875,0.0,0.0,238.0,56,9.729299927130342,4,75,150,56,32,0,14,14,"16,32,64,128",4,leakage_accounting=approximate_internal_transcript,1024,120,real_data,4,identity,1,b274fad8603600d1
real_typeii_20db_d1024_bw120_blk0,cascade_lite,3,True,False,0.25,0.025,0.03125,0.003125,238.0,56,5.418500048108399,4,75,150,56,32,0,14,14,"16,32,64,128",4,leakage_accounting=approximate_internal_transcript,1024,120,real_data,4,identity,1,b274fad8603600d1
real_typeii_20db_d1024_bw100_blk0,cascade_lite,0,True,True,0.28125,0.028125,0.0,0.0,386.0,54,14.958299929276109,4,150,300,54,32,0,18,18,"8,16,32,64",4,leakage_accounting=approximate_internal_transcript,1024,100,real_data,16,seeded_random,0,c28ff99e89e31963
real_typeii_20db_d1024_bw100_blk0,cascade_lite,1,True,True,0.234375,0.0234375,0.0,0.0,381.0,49,24.206200032494962,4,150,300,49,32,0,15,15,"8,16,32,64",4,leakage_accounting=approximate_internal_transcript,1024,100,real_data,16,seeded_random,0,c28ff99e89e31963
real_typeii_20db_d1024_bw100_blk0,cascade_lite,2,True,True,0.234375,0.0234375,0.0,0.0,379.0,47,14.936299994587898,4,150,300,47,32,0,15,15,"8,16,32,64",4,leakage_accounting=approximate_internal_transcript,1024,100,real_data,16,seeded_random,0,c28ff99e89e31963
real_typeii_20db_d1024_bw100_blk0,cascade_lite,3,True,True,0.21875,0.021875,0.0,0.0,378.0,46,21.85400004964322,4,150,300,46,32,0,14,14,"8,16,32,64",4,leakage_accounting=approximate_internal_transcript,1024,100,real_data,16,seeded_random,0,c28ff99e89e31963
real_typeii_20db_d1024_bw100_blk0,cascade_lite,4,True,True,0.21875,0.021875,0.0,0.0,376.0,44,22.144399932585657,4,150,300,44,32,0,14,14,"8,16,32,64",4,leakage_accounting=approximate_internal_transcript,1024,100,real_data,16,seeded_random,0,c28ff99e89e31963
real_typeii_20db_d1024_bw100_blk0,cascade_lite,5,True,True,0.1875,0.01875,0.0,0.0,372.0,40,13.015500036999583,4,150,300,40,32,0,12,12,"8,16,32,64",4,leakage_accounting=approximate_internal_transcript,1024,100,real_data,16,seeded_random,0,c28ff99e89e31963
real_typeii_20db_d1024_bw100_blk0,cascade_lite,6,True,True,0.171875,0.0171875,0.0,0.0,368.0,34,29.21979990787804,4,151,302,34,32,0,11,11,"8,16,32,64",4,leakage_accounting=approximate_internal_transcript,1024,100,real_data,16,seeded_random,0,c28ff99e89e31963
real_typeii_20db_d1024_bw100_blk0,cascade_lite,7,True,True,0.25,0.025,0.0,0.0,384.0,52,6.835100008174777,4,150,300,52,32,0,16,16,"8,16,32,64",4,leakage_accounting=approximate_internal_transcript,1024,100,real_data,16,seeded_random,0,c28ff99e89e31963
real_typeii_20db_d1024_bw100_blk0,cascade_lite,8,True,True,0.25,0.025,0.0,0.0,384.0,52,18.705699942074716,4,150,300,52,32,0,16,16,"8,16,32,64",4,leakage_accounting=approximate_internal_transcript,1024,100,real_data,16,seeded_random,0,c28ff99e89e31963
real_typeii_20db_d1024_bw100_blk0,cascade_lite,9,True,True,0.25,0.025,0.0,0.0,384.0,52,20.5219000345096,4,150,300,52,32,0,16,16,"8,16,32,64",4,leakage_accounting=approximate_internal_transcript,1024,100,real_data,16,seeded_random,0,c28ff99e89e31963
real_typeii_20db_d1024_bw100_blk0,cascade_lite,10,True,True,0.15625,0.015625,0.0,0.0,364.0,32,24.87470000050962,4,150,300,32,32,0,10,10,"8,16,32,64",4,leakage_accounting=approximate_internal_transcript,1024,100,real_data,16,seeded_random,0,c28ff99e89e31963
real_typeii_20db_d1024_bw100_blk0,cascade_lite,11,True,True,0.25,0.025,0.0,0.0,386.0,54,15.418900060467422,4,150,300,54,32,0,16,16,"8,16,32,64",4,leakage_accounting=approximate_internal_transcript,1024,100,real_data,16,seeded_random,0,c28ff99e89e31963
real_typeii_20db_d1024_bw100_blk0,cascade_lite,12,True,True,0.25,0.025,0.0,0.0,386.0,54,18.758999998681247,4,150,300,54,32,0,16,16,"8,16,32,64",4,leakage_accounting=approximate_internal_transcript,1024,100,real_data,16,seeded_random,0,c28ff99e89e31963
real_typeii_20db_d1024_bw100_blk0,cascade_lite,13,True,True,0.25,0.025,0.0,0.0,382.0,50,18.360399990342557,4,150,300,50,32,0,16,16,"8,16,32,64",4,leakage_accounting=approximate_internal_transcript,1024,100,real_data,16,seeded_random,0,c28ff99e89e31963
real_typeii_20db_d1024_bw100_blk0,cascade_lite,14,True,True,0.1875,0.01875,0.0,0.0,368.0,36,23.646799963898957,4,150,300,36,32,0,12,12,"8,16,32,64",4,leakage_accounting=approximate_internal_transcript,1024,100,real_data,16,seeded_random,0,c28ff99e89e31963
real_typeii_20db_d1024_bw100_blk0,cascade_lite,15,True,True,0.328125,0.0328125,0.0,0.0,399.0,67,10.794000001624227,4,150,300,67,32,0,21,21,"8,16,32,64",4,leakage_accounting=approximate_internal_transcript,1024,100,real_data,16,seeded_random,0,c28ff99e89e31963
real_typeii_20db_d1024_bw120_blk0,cascade_lite,0,True,False,0.21875,0.021875,0.03125,0.003125,230.0,48,3.048099926672876,4,75,150,48,32,0,12,12,"16,32,64,128",6,leakage_accounting=approximate_internal_transcript,1024,120,real_data,4,identity,0,63bd09359267310c
real_typeii_20db_d1024_bw120_blk0,cascade_lite,1,True,False,0.1875,0.01875,0.09375,0.009375,206.0,24,6.701100035570562,4,75,150,24,32,0,6,6,"16,32,64,128",6,leakage_accounting=approximate_internal_transcript,1024,120,real_data,4,identity,0,63bd09359267310c
real_typeii_20db_d1024_bw120_blk0,cascade_lite,2,True,True,0.21875,0.021875,0.0,0.0,238.0,56,17.812700010836124,4,75,150,56,32,0,14,14,"16,32,64,128",6,leakage_accounting=approximate_internal_transcript,1024,120,real_data,4,identity,0,63bd09359267310c
real_typeii_20db_d1024_bw120_blk0,cascade_lite,3,True,False,0.25,0.025,0.03125,0.003125,238.0,56,13.458600034937263,4,75,150,56,32,0,14,14,"16,32,64,128",6,leakage_accounting=approximate_internal_transcript,1024,120,real_data,4,identity,0,63bd09359267310c
real_typeii_20db_d1024_bw100_blk0,cascade_lite,0,True,True,0.28125,0.028125,0.0,0.0,392.0,60,35.14559997711331,4,150,300,60,32,0,18,18,"8,16,32,64",6,leakage_accounting=approximate_internal_transcript,1024,100,real_data,16,seeded_random,1,a09833a965a0ddf8
real_typeii_20db_d1024_bw100_blk0,cascade_lite,1,True,True,0.234375,0.0234375,0.0,0.0,379.0,47,19.08009999897331,4,150,300,47,32,0,15,15,"8,16,32,64",6,leakage_accounting=approximate_internal_transcript,1024,100,real_data,16,seeded_random,1,a09833a965a0ddf8
real_typeii_20db_d1024_bw100_blk0,cascade_lite,2,True,True,0.234375,0.0234375,0.0,0.0,379.0,47,5.676099914126098,4,150,300,47,32,0,15,15,"8,16,32,64",6,leakage_accounting=approximate_internal_transcript,1024,100,real_data,16,seeded_random,1,a09833a965a0ddf8
real_typeii_20db_d1024_bw100_blk0,cascade_lite,3,True,True,0.21875,0.021875,0.0,0.0,374.0,42,8.50750005338341,4,150,300,42,32,0,14,14,"8,16,32,64",6,leakage_accounting=approximate_internal_transcript,1024,100,real_data,16,seeded_random,1,a09833a965a0ddf8
real_typeii_20db_d1024_bw100_blk0,cascade_lite,4,True,True,0.21875,0.021875,0.0,0.0,376.0,44,16.008100006729364,4,150,300,44,32,0,14,14,"8,16,32,64",6,leakage_accounting=approximate_internal_transcript,1024,100,real_data,16,seeded_random,1,a09833a965a0ddf8
real_typeii_20db_d1024_bw100_blk0,cascade_lite,5,True,True,0.1875,0.01875,0.0,0.0,368.0,36,9.691599989309907,4,150,300,36,32,0,12,12,"8,16,32,64",6,leakage_accounting=approximate_internal_transcript,1024,100,real_data,16,seeded_random,1,a09833a965a0ddf8
real_typeii_20db_d1024_bw100_blk0,cascade_lite,6,True,True,0.171875,0.0171875,0.0,0.0,367.0,35,9.322599973529577,4,150,300,35,32,0,11,11,"8,16,32,64",6,leakage_accounting=approximate_internal_transcript,1024,100,real_data,16,seeded_random,1,a09833a965a0ddf8
real_typeii_20db_d1024_bw100_blk0,cascade_lite,7,True,True,0.25,0.025,0.0,0.0,384.0,52,15.66339994315058,4,150,300,52,32,0,16,16,"8,16,32,64",6,leakage_accounting=approximate_internal_transcript,1024,100,real_data,16,seeded_random,1,a09833a965a0ddf8
real_typeii_20db_d1024_bw100_blk0,cascade_lite,8,True,True,0.25,0.025,0.0,0.0,384.0,52,31.599199981428683,4,150,300,52,32,0,16,16,"8,16,32,64",6,leakage_accounting=approximate_internal_transcript,1024,100,real_data,16,seeded_random,1,a09833a965a0ddf8
real_typeii_20db_d1024_bw100_blk0,cascade_lite,9,True,True,0.25,0.025,0.0,0.0,386.0,54,5.428100004792213,4,150,300,54,32,0,16,16,"8,16,32,64",6,leakage_accounting=approximate_internal_transcript,1024,100,real_data,16,seeded_random,1,a09833a965a0ddf8
real_typeii_20db_d1024_bw100_blk0,cascade_lite,10,True,True,0.15625,0.015625,0.0,0.0,362.0,30,20.93080000486225,4,150,300,30,32,0,10,10,"8,16,32,64",6,leakage_accounting=approximate_internal_transcript,1024,100,real_data,16,seeded_random,1,a09833a965a0ddf8
real_typeii_20db_d1024_bw100_blk0,cascade_lite,11,True,True,0.25,0.025,0.0,0.0,384.0,52,27.838599984534085,4,150,300,52,32,0,16,16,"8,16,32,64",6,leakage_accounting=approximate_internal_transcript,1024,100,real_data,16,seeded_random,1,a09833a965a0ddf8
real_typeii_20db_d1024_bw100_blk0,cascade_lite,12,True,True,0.25,0.025,0.0,0.0,380.0,48,10.339100030250847,4,150,300,48,32,0,16,16,"8,16,32,64",6,leakage_accounting=approximate_internal_transcript,1024,100,real_data,16,seeded_random,1,a09833a965a0ddf8
real_typeii_20db_d1024_bw100_blk0,cascade_lite,13,True,True,0.25,0.025,0.0,0.0,380.0,48,40.93209991697222,4,150,300,48,32,0,16,16,"8,16,32,64",6,leakage_accounting=approximate_internal_transcript,1024,100,real_data,16,seeded_random,1,a09833a965a0ddf8
real_typeii_20db_d1024_bw100_blk0,cascade_lite,14,True,True,0.1875,0.01875,0.0,0.0,368.0,36,21.887600072659552,4,150,300,36,32,0,12,12,"8,16,32,64",6,leakage_accounting=approximate_internal_transcript,1024,100,real_data,16,seeded_random,1,a09833a965a0ddf8
real_typeii_20db_d1024_bw100_blk0,cascade_lite,15,True,True,0.328125,0.0328125,0.0,0.0,397.0,65,18.2877000188455,4,150,300,65,32,0,21,21,"8,16,32,64",6,leakage_accounting=approximate_internal_transcript,1024,100,real_data,16,seeded_random,1,a09833a965a0ddf8
real_typeii_20db_d1024_bw120_blk0,cascade_lite,0,True,True,0.21875,0.021875,0.0,0.0,245.0,61,9.79210005607456,4,76,152,61,32,0,14,14,"16,32,64,128",4,leakage_accounting=approximate_internal_transcript,1024,120,real_data,4,seeded_random,0,3ddb0e813f8c9fa7
real_typeii_20db_d1024_bw120_blk0,cascade_lite,1,True,True,0.1875,0.01875,0.0,0.0,234.0,52,12.332700076512992,4,75,150,52,32,0,12,12,"16,32,64,128",4,leakage_accounting=approximate_internal_transcript,1024,120,real_data,4,seeded_random,0,3ddb0e813f8c9fa7
real_typeii_20db_d1024_bw120_blk0,cascade_lite,2,True,True,0.21875,0.021875,0.0,0.0,246.0,64,21.765900077298284,4,75,150,64,32,0,14,14,"16,32,64,128",4,leakage_accounting=approximate_internal_transcript,1024,120,real_data,4,seeded_random,0,3ddb0e813f8c9fa7
real_typeii_20db_d1024_bw120_blk0,cascade_lite,3,True,True,0.25,0.025,0.0,0.0,256.0,74,11.385599966160953,4,75,150,74,32,0,16,16,"16,32,64,128",4,leakage_accounting=approximate_internal_transcript,1024,120,real_data,4,seeded_random,0,3ddb0e813f8c9fa7
real_typeii_20db_d1024_bw120_blk0,cascade_lite,0,True,True,0.21875,0.021875,0.0,0.0,374.0,42,13.677699957042933,4,150,300,42,32,0,14,14,"8,16,32,64",6,leakage_accounting=approximate_internal_transcript,1024,120,real_data,4,seeded_random,1,da44be679542d120
real_typeii_20db_d1024_bw120_blk0,cascade_lite,1,True,True,0.1875,0.01875,0.0,0.0,368.0,36,16.617999994195998,4,150,300,36,32,0,12,12,"8,16,32,64",6,leakage_accounting=approximate_internal_transcript,1024,120,real_data,4,seeded_random,1,da44be679542d120
real_typeii_20db_d1024_bw120_blk0,cascade_lite,2,True,True,0.21875,0.021875,0.0,0.0,374.0,42,22.47019996866584,4,150,300,42,32,0,14,14,"8,16,32,64",6,leakage_accounting=approximate_internal_transcript,1024,120,real_data,4,seeded_random,1,da44be679542d120
real_typeii_20db_d1024_bw120_blk0,cascade_lite,3,True,True,0.25,0.025,0.0,0.0,384.0,52,14.214699971489608,4,150,300,52,32,0,16,16,"8,16,32,64",6,leakage_accounting=approximate_internal_transcript,1024,120,real_data,4,seeded_random,1,da44be679542d120
real_typeii_20db_d1024_bw120_blk0,cascade_lite,0,True,False,0.21875,0.021875,0.03125,0.003125,230.0,48,20.712099969387054,4,75,150,48,32,0,12,12,"16,32,64,128",4,leakage_accounting=approximate_internal_transcript,1024,120,real_data,4,identity,0,aeacee9a04c960ac
real_typeii_20db_d1024_bw120_blk0,cascade_lite,1,True,False,0.1875,0.01875,0.09375,0.009375,206.0,24,15.090700006112456,4,75,150,24,32,0,6,6,"16,32,64,128",4,leakage_accounting=approximate_internal_transcript,1024,120,real_data,4,identity,0,aeacee9a04c960ac
real_typeii_20db_d1024_bw120_blk0,cascade_lite,2,True,True,0.21875,0.021875,0.0,0.0,238.0,56,13.351500034332275,4,75,150,56,32,0,14,14,"16,32,64,128",4,leakage_accounting=approximate_internal_transcript,1024,120,real_data,4,identity,0,aeacee9a04c960ac
real_typeii_20db_d1024_bw120_blk0,cascade_lite,3,True,False,0.25,0.025,0.03125,0.003125,238.0,56,18.744600005447865,4,75,150,56,32,0,14,14,"16,32,64,128",4,leakage_accounting=approximate_internal_transcript,1024,120,real_data,4,identity,0,aeacee9a04c960ac
real_typeii_20db_d1024_bw120_blk0,cascade_lite,0,True,True,0.21875,0.021875,0.0,0.0,378.0,46,26.39939996879548,4,150,300,46,32,0,14,14,"8,16,32,64",6,leakage_accounting=approximate_internal_transcript,1024,120,real_data,4,seeded_random,0,ab6194c1b8076873
real_typeii_20db_d1024_bw120_blk0,cascade_lite,1,True,True,0.1875,0.01875,0.0,0.0,368.0,36,16.72259997576475,4,150,300,36,32,0,12,12,"8,16,32,64",6,leakage_accounting=approximate_internal_transcript,1024,120,real_data,4,seeded_random,0,ab6194c1b8076873
real_typeii_20db_d1024_bw120_blk0,cascade_lite,2,True,True,0.21875,0.021875,0.0,0.0,374.0,42,30.984700075350702,4,150,300,42,32,0,14,14,"8,16,32,64",6,leakage_accounting=approximate_internal_transcript,1024,120,real_data,4,seeded_random,0,ab6194c1b8076873
real_typeii_20db_d1024_bw120_blk0,cascade_lite,3,True,True,0.25,0.025,0.0,0.0,382.0,50,34.962299978360534,4,150,300,50,32,0,16,16,"8,16,32,64",6,leakage_accounting=approximate_internal_transcript,1024,120,real_data,4,seeded_random,0,ab6194c1b8076873
real_typeii_20db_d1024_bw100_blk0,cascade_lite,0,True,True,0.28125,0.028125,0.0,0.0,261.0,77,23.256400017999113,4,76,152,77,32,0,18,18,"16,32,64,128",4,leakage_accounting=approximate_internal_transcript,1024,100,real_data,16,seeded_random,1,ad1f4d64f73fcc30
real_typeii_20db_d1024_bw100_blk0,cascade_lite,1,True,True,0.234375,0.0234375,0.0,0.0,246.0,64,19.325500004924834,4,75,150,64,32,0,15,15,"16,32,64,128",4,leakage_accounting=approximate_internal_transcript,1024,100,real_data,16,seeded_random,1,ad1f4d64f73fcc30
real_typeii_20db_d1024_bw100_blk0,cascade_lite,2,True,True,0.234375,0.0234375,0.0,0.0,245.0,61,7.649499922990799,4,76,152,61,32,0,15,15,"16,32,64,128",4,leakage_accounting=approximate_internal_transcript,1024,100,real_data,16,seeded_random,1,ad1f4d64f73fcc30
real_typeii_20db_d1024_bw100_blk0,cascade_lite,3,True,True,0.21875,0.021875,0.0,0.0,238.0,56,15.192400082014501,4,75,150,56,32,0,14,14,"16,32,64,128",4,leakage_accounting=approximate_internal_transcript,1024,100,real_data,16,seeded_random,1,ad1f4d64f73fcc30
real_typeii_20db_d1024_bw100_blk0,cascade_lite,4,True,True,0.21875,0.021875,0.0,0.0,246.0,64,18.078000051900744,4,75,150,64,32,0,14,14,"16,32,64,128",4,leakage_accounting=approximate_internal_transcript,1024,100,real_data,16,seeded_random,1,ad1f4d64f73fcc30
real_typeii_20db_d1024_bw100_blk0,cascade_lite,5,True,True,0.1875,0.01875,0.0,0.0,232.0,50,6.368699949234724,4,75,150,50,32,0,12,12,"16,32,64,128",4,leakage_accounting=approximate_internal_transcript,1024,100,real_data,16,seeded_random,1,ad1f4d64f73fcc30
real_typeii_20db_d1024_bw100_blk0,cascade_lite,6,True,True,0.171875,0.0171875,0.0,0.0,228.0,46,10.258299997076392,4,75,150,46,32,0,11,11,"16,32,64,128",4,leakage_accounting=approximate_internal_transcript,1024,100,real_data,16,seeded_random,1,ad1f4d64f73fcc30
real_typeii_20db_d1024_bw100_blk0,cascade_lite,7,True,True,0.25,0.025,0.0,0.0,254.0,72,23.7720999866724,4,75,150,72,32,0,16,16,"16,32,64,128",4,leakage_accounting=approximate_internal_transcript,1024,100,real_data,16,seeded_random,1,ad1f4d64f73fcc30
real_typeii_20db_d1024_bw100_blk0,cascade_lite,8,True,True,0.25,0.025,0.0,0.0,250.0,68,17.757600056938827,4,75,150,68,32,0,16,16,"16,32,64,128",4,leakage_accounting=approximate_internal_transcript,1024,100,real_data,16,seeded_random,1,ad1f4d64f73fcc30
real_typeii_20db_d1024_bw100_blk0,cascade_lite,9,True,True,0.25,0.025,0.0,0.0,255.0,71,25.00179992057383,4,76,152,71,32,0,16,16,"16,32,64,128",4,leakage_accounting=approximate_internal_transcript,1024,100,real_data,16,seeded_random,1,ad1f4d64f73fcc30
real_typeii_20db_d1024_bw100_blk0,cascade_lite,10,True,True,0.15625,0.015625,0.0,0.0,222.0,40,12.256700079888105,4,75,150,40,32,0,10,10,"16,32,64,128",4,leakage_accounting=approximate_internal_transcript,1024,100,real_data,16,seeded_random,1,ad1f4d64f73fcc30
real_typeii_20db_d1024_bw100_blk0,cascade_lite,11,True,True,0.25,0.025,0.0,0.0,251.0,67,23.830000078305602,4,76,152,67,32,0,16,16,"16,32,64,128",4,leakage_accounting=approximate_internal_transcript,1024,100,real_data,16,seeded_random,1,ad1f4d64f73fcc30
real_typeii_20db_d1024_bw100_blk0,cascade_lite,12,True,True,0.25,0.025,0.0,0.0,248.0,66,15.399600029923022,4,75,150,66,32,0,16,16,"16,32,64,128",4,leakage_accounting=approximate_internal_transcript,1024,100,real_data,16,seeded_random,1,ad1f4d64f73fcc30
real_typeii_20db_d1024_bw100_blk0,cascade_lite,13,True,True,0.25,0.025,0.0,0.0,250.0,68,11.976699926890433,4,75,150,68,32,0,16,16,"16,32,64,128",4,leakage_accounting=approximate_internal_transcript,1024,100,real_data,16,seeded_random,1,ad1f4d64f73fcc30
real_typeii_20db_d1024_bw100_blk0,cascade_lite,14,True,True,0.1875,0.01875,0.0,0.0,232.0,50,23.678999976255,4,75,150,50,32,0,12,12,"16,32,64,128",4,leakage_accounting=approximate_internal_transcript,1024,100,real_data,16,seeded_random,1,ad1f4d64f73fcc30
real_typeii_20db_d1024_bw100_blk0,cascade_lite,15,True,True,0.328125,0.0328125,0.0,0.0,272.0,90,25.41570004541427,4,75,150,90,32,0,21,21,"16,32,64,128",4,leakage_accounting=approximate_internal_transcript,1024,100,real_data,16,seeded_random,1,ad1f4d64f73fcc30
real_typeii_20db_d1024_bw120_blk0,cascade_lite,0,True,True,0.21875,0.021875,0.0,0.0,238.0,56,27.9252000618726,4,75,150,56,32,0,14,14,"16,32,64,128",4,leakage_accounting=approximate_internal_transcript,1024,120,real_data,4,seeded_random,1,29020ebdb18ce89f
real_typeii_20db_d1024_bw120_blk0,cascade_lite,1,True,True,0.1875,0.01875,0.0,0.0,232.0,50,2.6587999891489744,4,75,150,50,32,0,12,12,"16,32,64,128",4,leakage_accounting=approximate_internal_transcript,1024,120,real_data,4,seeded_random,1,29020ebdb18ce89f
real_typeii_20db_d1024_bw120_blk0,cascade_lite,2,True,True,0.21875,0.021875,0.0,0.0,238.0,56,12.369600008241832,4,75,150,56,32,0,14,14,"16,32,64,128",4,leakage_accounting=approximate_internal_transcript,1024,120,real_data,4,seeded_random,1,29020ebdb18ce89f
real_typeii_20db_d1024_bw120_blk0,cascade_lite,3,True,True,0.25,0.025,0.0,0.0,251.0,67,26.121600065380335,4,76,152,67,32,0,16,16,"16,32,64,128",4,leakage_accounting=approximate_internal_transcript,1024,120,real_data,4,seeded_random,1,29020ebdb18ce89f
real_typeii_20db_d1024_bw120_blk0,cascade_lite,0,True,False,0.21875,0.021875,0.03125,0.003125,230.0,48,11.452000006102026,4,75,150,48,32,0,12,12,"16,32,64,128",6,leakage_accounting=approximate_internal_transcript,1024,120,real_data,4,identity,1,86320143d2d78cc2
real_typeii_20db_d1024_bw120_blk0,cascade_lite,1,True,False,0.1875,0.01875,0.09375,0.009375,206.0,24,10.5254000518471,4,75,150,24,32,0,6,6,"16,32,64,128",6,leakage_accounting=approximate_internal_transcript,1024,120,real_data,4,identity,1,86320143d2d78cc2
real_typeii_20db_d1024_bw120_blk0,cascade_lite,2,True,True,0.21875,0.021875,0.0,0.0,238.0,56,21.868200041353703,4,75,150,56,32,0,14,14,"16,32,64,128",6,leakage_accounting=approximate_internal_transcript,1024,120,real_data,4,identity,1,86320143d2d78cc2
real_typeii_20db_d1024_bw120_blk0,cascade_lite,3,True,False,0.25,0.025,0.03125,0.003125,238.0,56,19.54339991789311,4,75,150,56,32,0,14,14,"16,32,64,128",6,leakage_accounting=approximate_internal_transcript,1024,120,real_data,4,identity,1,86320143d2d78cc2
real_typeii_20db_d1024_bw120_blk0,cascade_lite,0,True,True,0.21875,0.021875,0.0,0.0,245.0,61,15.982099925167859,4,76,152,61,32,0,14,14,"16,32,64,128",6,leakage_accounting=approximate_internal_transcript,1024,120,real_data,4,seeded_random,0,c8e68be9f13a3ff7
real_typeii_20db_d1024_bw120_blk0,cascade_lite,1,True,True,0.1875,0.01875,0.0,0.0,234.0,52,14.18319996446371,4,75,150,52,32,0,12,12,"16,32,64,128",6,leakage_accounting=approximate_internal_transcript,1024,120,real_data,4,seeded_random,0,c8e68be9f13a3ff7
real_typeii_20db_d1024_bw120_blk0,cascade_lite,2,True,True,0.21875,0.021875,0.0,0.0,246.0,64,26.041200035251677,4,75,150,64,32,0,14,14,"16,32,64,128",6,leakage_accounting=approximate_internal_transcript,1024,120,real_data,4,seeded_random,0,c8e68be9f13a3ff7
real_typeii_20db_d1024_bw120_blk0,cascade_lite,3,True,True,0.25,0.025,0.0,0.0,256.0,74,7.0571000687778,4,75,150,74,32,0,16,16,"16,32,64,128",6,leakage_accounting=approximate_internal_transcript,1024,120,real_data,4,seeded_random,0,c8e68be9f13a3ff7
real_typeii_20db_d1024_bw100_blk0,cascade_lite,0,True,True,0.28125,0.028125,0.0,0.0,392.0,60,18.920399947091937,4,150,300,60,32,0,18,18,"8,16,32,64",4,leakage_accounting=approximate_internal_transcript,1024,100,real_data,16,seeded_random,1,7faaaf788b90c25a
real_typeii_20db_d1024_bw100_blk0,cascade_lite,1,True,True,0.234375,0.0234375,0.0,0.0,379.0,47,19.07239994034171,4,150,300,47,32,0,15,15,"8,16,32,64",4,leakage_accounting=approximate_internal_transcript,1024,100,real_data,16,seeded_random,1,7faaaf788b90c25a
real_typeii_20db_d1024_bw100_blk0,cascade_lite,2,True,True,0.234375,0.0234375,0.0,0.0,379.0,47,27.179099968634546,4,150,300,47,32,0,15,15,"8,16,32,64",4,leakage_accounting=approximate_internal_transcript,1024,100,real_data,16,seeded_random,1,7faaaf788b90c25a
real_typeii_20db_d1024_bw100_blk0,cascade_lite,3,True,True,0.21875,0.021875,0.0,0.0,374.0,42,21.909400005824864,4,150,300,42,32,0,14,14,"8,16,32,64",4,leakage_accounting=approximate_internal_transcript,1024,100,real_data,16,seeded_random,1,7faaaf788b90c25a
real_typeii_20db_d1024_bw100_blk0,cascade_lite,4,True,True,0.21875,0.021875,0.0,0.0,376.0,44,13.815399957820773,4,150,300,44,32,0,14,14,"8,16,32,64",4,leakage_accounting=approximate_internal_transcript,1024,100,real_data,16,seeded_random,1,7faaaf788b90c25a
real_typeii_20db_d1024_bw100_blk0,cascade_lite,5,True,True,0.1875,0.01875,0.0,0.0,368.0,36,20.36920003592968,4,150,300,36,32,0,12,12,"8,16,32,64",4,leakage_accounting=approximate_internal_transcript,1024,100,real_data,16,seeded_random,1,7faaaf788b90c25a
real_typeii_20db_d1024_bw100_blk0,cascade_lite,6,True,True,0.171875,0.0171875,0.0,0.0,367.0,35,17.27570011280477,4,150,300,35,32,0,11,11,"8,16,32,64",4,leakage_accounting=approximate_internal_transcript,1024,100,real_data,16,seeded_random,1,7faaaf788b90c25a
real_typeii_20db_d1024_bw100_blk0,cascade_lite,7,True,True,0.25,0.025,0.0,0.0,384.0,52,26.52680000755936,4,150,300,52,32,0,16,16,"8,16,32,64",4,leakage_accounting=approximate_internal_transcript,1024,100,real_data,16,seeded_random,1,7faaaf788b90c25a
real_typeii_20db_d1024_bw100_blk0,cascade_lite,8,True,True,0.25,0.025,0.0,0.0,384.0,52,25.58849996421486,4,150,300,52,32,0,16,16,"8,16,32,64",4,leakage_accounting=approximate_internal_transcript,1024,100,real_data,16,seeded_random,1,7faaaf788b90c25a
real_typeii_20db_d1024_bw100_blk0,cascade_lite,9,True,True,0.25,0.025,0.0,0.0,386.0,54,31.490399967879057,4,150,300,54,32,0,16,16,"8,16,32,64",4,leakage_accounting=approximate_internal_transcript,1024,100,real_data,16,seeded_random,1,7faaaf788b90c25a
real_typeii_20db_d1024_bw100_blk0,cascade_lite,10,True,True,0.15625,0.015625,0.0,0.0,362.0,30,11.278599966317415,4,150,300,30,32,0,10,10,"8,16,32,64",4,leakage_accounting=approximate_internal_transcript,1024,100,real_data,16,seeded_random,1,7faaaf788b90c25a
real_typeii_20db_d1024_bw100_blk0,cascade_lite,11,True,True,0.25,0.025,0.0,0.0,384.0,52,30.189399956725538,4,150,300,52,32,0,16,16,"8,16,32,64",4,leakage_accounting=approximate_internal_transcript,1024,100,real_data,16,seeded_random,1,7faaaf788b90c25a
real_typeii_20db_d1024_bw100_blk0,cascade_lite,12,True,True,0.25,0.025,0.0,0.0,380.0,48,25.727399974130094,4,150,300,48,32,0,16,16,"8,16,32,64",4,leakage_accounting=approximate_internal_transcript,1024,100,real_data,16,seeded_random,1,7faaaf788b90c25a
real_typeii_20db_d1024_bw100_blk0,cascade_lite,13,True,True,0.25,0.025,0.0,0.0,380.0,48,25.842900038696826,4,150,300,48,32,0,16,16,"8,16,32,64",4,leakage_accounting=approximate_internal_transcript,1024,100,real_data,16,seeded_random,1,7faaaf788b90c25a
real_typeii_20db_d1024_bw100_blk0,cascade_lite,14,True,True,0.1875,0.01875,0.0,0.0,368.0,36,35.464700078591704,4,150,300,36,32,0,12,12,"8,16,32,64",4,leakage_accounting=approximate_internal_transcript,1024,100,real_data,16,seeded_random,1,7faaaf788b90c25a
real_typeii_20db_d1024_bw100_blk0,cascade_lite,15,True,True,0.328125,0.0328125,0.0,0.0,397.0,65,27.51480008009821,4,150,300,65,32,0,21,21,"8,16,32,64",4,leakage_accounting=approximate_internal_transcript,1024,100,real_data,16,seeded_random,1,7faaaf788b90c25a
real_typeii_20db_d1024_bw120_blk0,cascade_lite,0,True,True,0.21875,0.021875,0.0,0.0,238.0,56,10.316799976862967,4,75,150,56,32,0,14,14,"16,32,64,128",6,leakage_accounting=approximate_internal_transcript,1024,120,real_data,4,seeded_random,1,bbcdaabb0f38893b
real_typeii_20db_d1024_bw120_blk0,cascade_lite,1,True,True,0.1875,0.01875,0.0,0.0,232.0,50,33.570799976587296,4,75,150,50,32,0,12,12,"16,32,64,128",6,leakage_accounting=approximate_internal_transcript,1024,120,real_data,4,seeded_random,1,bbcdaabb0f38893b
real_typeii_20db_d1024_bw120_blk0,cascade_lite,2,True,True,0.21875,0.021875,0.0,0.0,238.0,56,29.409299953840673,4,75,150,56,32,0,14,14,"16,32,64,128",6,leakage_accounting=approximate_internal_transcript,1024,120,real_data,4,seeded_random,1,bbcdaabb0f38893b
real_typeii_20db_d1024_bw120_blk0,cascade_lite,3,True,True,0.25,0.025,0.0,0.0,251.0,67,13.451299979351461,4,76,152,67,32,0,16,16,"16,32,64,128",6,leakage_accounting=approximate_internal_transcript,1024,120,real_data,4,seeded_random,1,bbcdaabb0f38893b
real_typeii_20db_d1024_bw100_blk0,cascade_lite,0,True,True,0.28125,0.028125,0.0,0.0,254.0,72,38.26739999931306,4,75,150,72,32,0,18,18,"16,32,64,128",4,leakage_accounting=approximate_internal_transcript,1024,100,real_data,16,seeded_random,0,19e9870100f5792b
real_typeii_20db_d1024_bw100_blk0,cascade_lite,1,True,True,0.234375,0.0234375,0.0,0.0,250.0,64,11.35049993172288,4,77,154,64,32,0,15,15,"16,32,64,128",4,leakage_accounting=approximate_internal_transcript,1024,100,real_data,16,seeded_random,0,19e9870100f5792b
real_typeii_20db_d1024_bw100_blk0,cascade_lite,2,True,True,0.234375,0.0234375,0.0,0.0,244.0,62,14.836500049568713,4,75,150,62,32,0,15,15,"16,32,64,128",4,leakage_accounting=approximate_internal_transcript,1024,100,real_data,16,seeded_random,0,19e9870100f5792b
real_typeii_20db_d1024_bw100_blk0,cascade_lite,3,True,True,0.21875,0.021875,0.0,0.0,249.0,65,11.77549990825355,4,76,152,65,32,0,14,14,"16,32,64,128",4,leakage_accounting=approximate_internal_transcript,1024,100,real_data,16,seeded_random,0,19e9870100f5792b
real_typeii_20db_d1024_bw100_blk0,cascade_lite,4,True,False,0.21875,0.021875,0.03125,0.003125,234.0,52,32.06840006168932,4,75,150,52,32,0,12,12,"16,32,64,128",4,leakage_accounting=approximate_internal_transcript,1024,100,real_data,16,seeded_random,0,19e9870100f5792b
real_typeii_20db_d1024_bw100_blk0,cascade_lite,5,True,True,0.1875,0.01875,0.0,0.0,234.0,52,23.18410004954785,4,75,150,52,32,0,12,12,"16,32,64,128",4,leakage_accounting=approximate_internal_transcript,1024,100,real_data,16,seeded_random,0,19e9870100f5792b
real_typeii_20db_d1024_bw100_blk0,cascade_lite,6,True,True,0.171875,0.0171875,0.0,0.0,229.0,45,16.806099913083017,4,76,152,45,32,0,11,11,"16,32,64,128",4,leakage_accounting=approximate_internal_transcript,1024,100,real_data,16,seeded_random,0,19e9870100f5792b
real_typeii_20db_d1024_bw100_blk0,cascade_lite,7,True,True,0.25,0.025,0.0,0.0,252.0,70,10.81120001617819,4,75,150,70,32,0,16,16,"16,32,64,128",4,leakage_accounting=approximate_internal_transcript,1024,100,real_data,16,seeded_random,0,19e9870100f5792b
real_typeii_20db_d1024_bw100_blk0,cascade_lite,8,True,True,0.25,0.025,0.0,0.0,257.0,73,17.987299943342805,4,76,152,73,32,0,16,16,"16,32,64,128",4,leakage_accounting=approximate_internal_transcript,1024,100,real_data,16,seeded_random,0,19e9870100f5792b
real_typeii_20db_d1024_bw100_blk0,cascade_lite,9,True,True,0.25,0.025,0.0,0.0,254.0,72,16.597999958321452,4,75,150,72,32,0,16,16,"16,32,64,128",4,leakage_accounting=approximate_internal_transcript,1024,100,real_data,16,seeded_random,0,19e9870100f5792b
real_typeii_20db_d1024_bw100_blk0,cascade_lite,10,True,True,0.15625,0.015625,0.0,0.0,226.0,44,35.29659996274859,4,75,150,44,32,0,10,10,"16,32,64,128",4,leakage_accounting=approximate_internal_transcript,1024,100,real_data,16,seeded_random,0,19e9870100f5792b
real_typeii_20db_d1024_bw100_blk0,cascade_lite,11,True,True,0.25,0.025,0.0,0.0,252.0,70,19.03870003297925,4,75,150,70,32,0,16,16,"16,32,64,128",4,leakage_accounting=approximate_internal_transcript,1024,100,real_data,16,seeded_random,0,19e9870100f5792b
real_typeii_20db_d1024_bw100_blk0,cascade_lite,12,True,True,0.25,0.025,0.0,0.0,256.0,74,23.224399890750647,4,75,150,74,32,0,16,16,"16,32,64,128",4,leakage_accounting=approximate_internal_transcript,1024,100,real_data,16,seeded_random,0,19e9870100f5792b
real_typeii_20db_d1024_bw100_blk0,cascade_lite,13,True,True,0.25,0.025,0.0,0.0,248.0,66,28.26589997857809,4,75,150,66,32,0,16,16,"16,32,64,128",4,leakage_accounting=approximate_internal_transcript,1024,100,real_data,16,seeded_random,0,19e9870100f5792b
real_typeii_20db_d1024_bw100_blk0,cascade_lite,14,True,True,0.1875,0.01875,0.0,0.0,230.0,48,16.37159998062998,4,75,150,48,32,0,12,12,"16,32,64,128",4,leakage_accounting=approximate_internal_transcript,1024,100,real_data,16,seeded_random,0,19e9870100f5792b
real_typeii_20db_d1024_bw100_blk0,cascade_lite,15,True,True,0.328125,0.0328125,0.0,0.0,276.0,94,51.14310001954436,4,75,150,94,32,0,21,21,"16,32,64,128",4,leakage_accounting=approximate_internal_transcript,1024,100,real_data,16,seeded_random,0,19e9870100f5792b
real_typeii_20db_d1024_bw100_blk0,cascade_lite,0,True,True,0.28125,0.028125,0.0,0.0,261.0,77,20.006799953989685,4,76,152,77,32,0,18,18,"16,32,64,128",6,leakage_accounting=approximate_internal_transcript,1024,100,real_data,16,seeded_random,1,91e08c4131b829cd
real_typeii_20db_d1024_bw100_blk0,cascade_lite,1,True,True,0.234375,0.0234375,0.0,0.0,246.0,64,14.031899976544082,4,75,150,64,32,0,15,15,"16,32,64,128",6,leakage_accounting=approximate_internal_transcript,1024,100,real_data,16,seeded_random,1,91e08c4131b829cd
real_typeii_20db_d1024_bw100_blk0,cascade_lite,2,True,True,0.234375,0.0234375,0.0,0.0,245.0,61,20.072099985554814,4,76,152,61,32,0,15,15,"16,32,64,128",6,leakage_accounting=approximate_internal_transcript,1024,100,real_data,16,seeded_random,1,91e08c4131b829cd
real_typeii_20db_d1024_bw100_blk0,cascade_lite,3,True,True,0.21875,0.021875,0.0,0.0,238.0,56,14.870299957692623,4,75,150,56,32,0,14,14,"16,32,64,128",6,leakage_accounting=approximate_internal_transcript,1024,100,real_data,16,seeded_random,1,91e08c4131b829cd
real_typeii_20db_d1024_bw100_blk0,cascade_lite,4,True,True,0.21875,0.021875,0.0,0.0,246.0,64,29.966500005684793,4,75,150,64,32,0,14,14,"16,32,64,128",6,leakage_accounting=approximate_internal_transcript,1024,100,real_data,16,seeded_random,1,91e08c4131b829cd
real_typeii_20db_d1024_bw100_blk0,cascade_lite,5,True,True,0.1875,0.01875,0.0,0.0,232.0,50,24.613099987618625,4,75,150,50,32,0,12,12,"16,32,64,128",6,leakage_accounting=approximate_internal_transcript,1024,100,real_data,16,seeded_random,1,91e08c4131b829cd
real_typeii_20db_d1024_bw100_blk0,cascade_lite,6,True,True,0.171875,0.0171875,0.0,0.0,228.0,46,10.274100000970066,4,75,150,46,32,0,11,11,"16,32,64,128",6,leakage_accounting=approximate_internal_transcript,1024,100,real_data,16,seeded_random,1,91e08c4131b829cd
real_typeii_20db_d1024_bw100_blk0,cascade_lite,7,True,True,0.25,0.025,0.0,0.0,254.0,72,17.440899973735213,4,75,150,72,32,0,16,16,"16,32,64,128",6,leakage_accounting=approximate_internal_transcript,1024,100,real_data,16,seeded_random,1,91e08c4131b829cd
real_typeii_20db_d1024_bw100_blk0,cascade_lite,8,True,True,0.25,0.025,0.0,0.0,250.0,68,22.92030001990497,4,75,150,68,32,0,16,16,"16,32,64,128",6,leakage_accounting=approximate_internal_transcript,1024,100,real_data,16,seeded_random,1,91e08c4131b829cd
real_typeii_20db_d1024_bw100_blk0,cascade_lite,9,True,True,0.25,0.025,0.0,0.0,255.0,71,15.23829996585846,4,76,152,71,32,0,16,16,"16,32,64,128",6,leakage_accounting=approximate_internal_transcript,1024,100,real_data,16,seeded_random,1,91e08c4131b829cd
real_typeii_20db_d1024_bw100_blk0,cascade_lite,10,True,True,0.15625,0.015625,0.0,0.0,222.0,40,28.179700020700693,4,75,150,40,32,0,10,10,"16,32,64,128",6,leakage_accounting=approximate_internal_transcript,1024,100,real_data,16,seeded_random,1,91e08c4131b829cd
real_typeii_20db_d1024_bw100_blk0,cascade_lite,11,True,True,0.25,0.025,0.0,0.0,251.0,67,28.09120004530996,4,76,152,67,32,0,16,16,"16,32,64,128",6,leakage_accounting=approximate_internal_transcript,1024,100,real_data,16,seeded_random,1,91e08c4131b829cd
real_typeii_20db_d1024_bw100_blk0,cascade_lite,12,True,True,0.25,0.025,0.0,0.0,248.0,66,15.327799948863685,4,75,150,66,32,0,16,16,"16,32,64,128",6,leakage_accounting=approximate_internal_transcript,1024,100,real_data,16,seeded_random,1,91e08c4131b829cd
real_typeii_20db_d1024_bw100_blk0,cascade_lite,13,True,True,0.25,0.025,0.0,0.0,250.0,68,13.239199994131923,4,75,150,68,32,0,16,16,"16,32,64,128",6,leakage_accounting=approximate_internal_transcript,1024,100,real_data,16,seeded_random,1,91e08c4131b829cd
real_typeii_20db_d1024_bw100_blk0,cascade_lite,14,True,True,0.1875,0.01875,0.0,0.0,232.0,50,20.32200002577156,4,75,150,50,32,0,12,12,"16,32,64,128",6,leakage_accounting=approximate_internal_transcript,1024,100,real_data,16,seeded_random,1,91e08c4131b829cd
real_typeii_20db_d1024_bw100_blk0,cascade_lite,15,True,True,0.328125,0.0328125,0.0,0.0,272.0,90,24.44219996687025,4,75,150,90,32,0,21,21,"16,32,64,128",6,leakage_accounting=approximate_internal_transcript,1024,100,real_data,16,seeded_random,1,91e08c4131b829cd
real_typeii_20db_d1024_bw100_blk0,cascade_lite,0,True,True,0.28125,0.028125,0.0,0.0,254.0,72,19.043599953874946,4,75,150,72,32,0,18,18,"16,32,64,128",6,leakage_accounting=approximate_internal_transcript,1024,100,real_data,16,seeded_random,0,f4cc5c3e86519271
real_typeii_20db_d1024_bw100_blk0,cascade_lite,1,True,True,0.234375,0.0234375,0.0,0.0,250.0,64,22.695999941788614,4,77,154,64,32,0,15,15,"16,32,64,128",6,leakage_accounting=approximate_internal_transcript,1024,100,real_data,16,seeded_random,0,f4cc5c3e86519271
real_typeii_20db_d1024_bw100_blk0,cascade_lite,2,True,True,0.234375,0.0234375,0.0,0.0,244.0,62,20.59289999306202,4,75,150,62,32,0,15,15,"16,32,64,128",6,leakage_accounting=approximate_internal_transcript,1024,100,real_data,16,seeded_random,0,f4cc5c3e86519271
real_typeii_20db_d1024_bw100_blk0,cascade_lite,3,True,True,0.21875,0.021875,0.0,0.0,249.0,65,28.481799992732704,4,76,152,65,32,0,14,14,"16,32,64,128",6,leakage_accounting=approximate_internal_transcript,1024,100,real_data,16,seeded_random,0,f4cc5c3e86519271
real_typeii_20db_d1024_bw100_blk0,cascade_lite,4,True,False,0.21875,0.021875,0.03125,0.003125,234.0,52,24.165699956938624,4,75,150,52,32,0,12,12,"16,32,64,128",6,leakage_accounting=approximate_internal_transcript,1024,100,real_data,16,seeded_random,0,f4cc5c3e86519271
real_typeii_20db_d1024_bw100_blk0,cascade_lite,5,True,True,0.1875,0.01875,0.0,0.0,234.0,52,9.307699976488948,4,75,150,52,32,0,12,12,"16,32,64,128",6,leakage_accounting=approximate_internal_transcript,1024,100,real_data,16,seeded_random,0,f4cc5c3e86519271
real_typeii_20db_d1024_bw100_blk0,cascade_lite,6,True,True,0.171875,0.0171875,0.0,0.0,229.0,45,27.064800029620528,4,76,152,45,32,0,11,11,"16,32,64,128",6,leakage_accounting=approximate_internal_transcript,1024,100,real_data,16,seeded_random,0,f4cc5c3e86519271
real_typeii_20db_d1024_bw100_blk0,cascade_lite,7,True,True,0.25,0.025,0.0,0.0,252.0,70,21.923699998296797,4,75,150,70,32,0,16,16,"16,32,64,128",6,leakage_accounting=approximate_internal_transcript,1024,100,real_data,16,seeded_random,0,f4cc5c3e86519271
real_typeii_20db_d1024_bw100_blk0,cascade_lite,8,True,True,0.25,0.025,0.0,0.0,257.0,73,10.681199957616627,4,76,152,73,32,0,16,16,"16,32,64,128",6,leakage_accounting=approximate_internal_transcript,1024,100,real_data,16,seeded_random,0,f4cc5c3e86519271
real_typeii_20db_d1024_bw100_blk0,cascade_lite,9,True,True,0.25,0.025,0.0,0.0,254.0,72,14.729600050486624,4,75,150,72,32,0,16,16,"16,32,64,128",6,leakage_accounting=approximate_internal_transcript,1024,100,real_data,16,seeded_random,0,f4cc5c3e86519271
real_typeii_20db_d1024_bw100_blk0,cascade_lite,10,True,True,0.15625,0.015625,0.0,0.0,226.0,44,16.346699907444417,4,75,150,44,32,0,10,10,"16,32,64,128",6,leakage_accounting=approximate_internal_transcript,1024,100,real_data,16,seeded_random,0,f4cc5c3e86519271
real_typeii_20db_d1024_bw100_blk0,cascade_lite,11,True,True,0.25,0.025,0.0,0.0,252.0,70,18.054199987091124,4,75,150,70,32,0,16,16,"16,32,64,128",6,leakage_accounting=approximate_internal_transcript,1024,100,real_data,16,seeded_random,0,f4cc5c3e86519271
real_typeii_20db_d1024_bw100_blk0,cascade_lite,12,True,True,0.25,0.025,0.0,0.0,256.0,74,37.557899951934814,4,75,150,74,32,0,16,16,"16,32,64,128",6,leakage_accounting=approximate_internal_transcript,1024,100,real_data,16,seeded_random,0,f4cc5c3e86519271
real_typeii_20db_d1024_bw100_blk0,cascade_lite,13,True,True,0.25,0.025,0.0,0.0,248.0,66,33.73569995164871,4,75,150,66,32,0,16,16,"16,32,64,128",6,leakage_accounting=approximate_internal_transcript,1024,100,real_data,16,seeded_random,0,f4cc5c3e86519271
real_typeii_20db_d1024_bw100_blk0,cascade_lite,14,True,True,0.1875,0.01875,0.0,0.0,230.0,48,11.658000061288476,4,75,150,48,32,0,12,12,"16,32,64,128",6,leakage_accounting=approximate_internal_transcript,1024,100,real_data,16,seeded_random,0,f4cc5c3e86519271
real_typeii_20db_d1024_bw100_blk0,cascade_lite,15,True,True,0.328125,0.0328125,0.0,0.0,276.0,94,28.87809998355806,4,75,150,94,32,0,21,21,"16,32,64,128",6,leakage_accounting=approximate_internal_transcript,1024,100,real_data,16,seeded_random,0,f4cc5c3e86519271
real_typeii_20db_d1024_bw120_blk0,cascade_lite,0,True,True,0.21875,0.021875,0.0,0.0,374.0,42,10.88120008353144,4,150,300,42,32,0,14,14,"8,16,32,64",4,leakage_accounting=approximate_internal_transcript,1024,120,real_data,16,identity,0,f09d76ded5a6e7d2
real_typeii_20db_d1024_bw120_blk0,cascade_lite,1,True,False,0.1875,0.01875,0.03125,0.003125,362.0,30,24.766199989244342,4,150,300,30,32,0,10,10,"8,16,32,64",4,leakage_accounting=approximate_internal_transcript,1024,120,real_data,16,identity,0,f09d76ded5a6e7d2
real_typeii_20db_d1024_bw120_blk0,cascade_lite,2,True,True,0.21875,0.021875,0.0,0.0,374.0,42,7.660900009796023,4,150,300,42,32,0,14,14,"8,16,32,64",4,leakage_accounting=approximate_internal_transcript,1024,120,real_data,16,identity,0,f09d76ded5a6e7d2
real_typeii_20db_d1024_bw120_blk0,cascade_lite,3,True,True,0.25,0.025,0.0,0.0,380.0,48,11.258099926635623,4,150,300,48,32,0,16,16,"8,16,32,64",4,leakage_accounting=approximate_internal_transcript,1024,120,real_data,16,identity,0,f09d76ded5a6e7d2
real_typeii_20db_d1024_bw120_blk0,cascade_lite,4,True,True,0.234375,0.0234375,0.0,0.0,377.0,45,5.940100061707199,4,150,300,45,32,0,15,15,"8,16,32,64",4,leakage_accounting=approximate_internal_transcript,1024,120,real_data,16,identity,0,f09d76ded5a6e7d2
real_typeii_20db_d1024_bw120_blk0,cascade_lite,5,True,True,0.21875,0.021875,0.0,0.0,374.0,42,10.000100010074675,4,150,300,42,32,0,14,14,"8,16,32,64",4,leakage_accounting=approximate_internal_transcript,1024,120,real_data,16,identity,0,f09d76ded5a6e7d2
real_typeii_20db_d1024_bw120_blk0,cascade_lite,6,True,True,0.25,0.025,0.0,0.0,380.0,48,11.857899953611195,4,150,300,48,32,0,16,16,"8,16,32,64",4,leakage_accounting=approximate_internal_transcript,1024,120,real_data,16,identity,0,f09d76ded5a6e7d2
real_typeii_20db_d1024_bw120_blk0,cascade_lite,7,True,True,0.140625,0.0140625,0.0,0.0,359.0,27,9.74020001012832,4,150,300,27,32,0,9,9,"8,16,32,64",4,leakage_accounting=approximate_internal_transcript,1024,120,real_data,16,identity,0,f09d76ded5a6e7d2
real_typeii_20db_d1024_bw120_blk0,cascade_lite,8,True,True,0.234375,0.0234375,0.0,0.0,377.0,45,3.224999993108213,4,150,300,45,32,0,15,15,"8,16,32,64",4,leakage_accounting=approximate_internal_transcript,1024,120,real_data,16,identity,0,f09d76ded5a6e7d2
real_typeii_20db_d1024_bw120_blk0,cascade_lite,9,True,True,0.15625,0.015625,0.0,0.0,362.0,30,6.247700075618923,4,150,300,30,32,0,10,10,"8,16,32,64",4,leakage_accounting=approximate_internal_transcript,1024,120,real_data,16,identity,0,f09d76ded5a6e7d2
real_typeii_20db_d1024_bw120_blk0,cascade_lite,10,True,True,0.21875,0.021875,0.0,0.0,374.0,42,8.492799941450357,4,150,300,42,32,0,14,14,"8,16,32,64",4,leakage_accounting=approximate_internal_transcript,1024,120,real_data,16,identity,0,f09d76ded5a6e7d2
real_typeii_20db_d1024_bw120_blk0,cascade_lite,11,True,True,0.296875,0.0296875,0.0,0.0,389.0,57,8.172999951057136,4,150,300,57,32,0,19,19,"8,16,32,64",4,leakage_accounting=approximate_internal_transcript,1024,120,real_data,16,identity,0,f09d76ded5a6e7d2
real_typeii_20db_d1024_bw120_blk0,cascade_lite,12,True,True,0.140625,0.0140625,0.0,0.0,359.0,27,12.553000007756054,4,150,300,27,32,0,9,9,"8,16,32,64",4,leakage_accounting=approximate_internal_transcript,1024,120,real_data,16,identity,0,f09d76ded5a6e7d2
real_typeii_20db_d1024_bw120_blk0,cascade_lite,13,True,True,0.25,0.025,0.0,0.0,380.0,48,19.174399902112782,4,150,300,48,32,0,16,16,"8,16,32,64",4,leakage_accounting=approximate_internal_transcript,1024,120,real_data,16,identity,0,f09d76ded5a6e7d2
real_typeii_20db_d1024_bw120_blk0,cascade_lite,14,True,True,0.234375,0.0234375,0.0,0.0,377.0,45,3.1186999985948205,4,150,300,45,32,0,15,15,"8,16,32,64",4,leakage_accounting=approximate_internal_transcript,1024,120,real_data,16,identity,0,f09d76ded5a6e7d2
real_typeii_20db_d1024_bw120_blk0,cascade_lite,15,True,True,0.28125,0.028125,0.0,0.0,386.0,54,10.00090001616627,4,150,300,54,32,0,18,18,"8,16,32,64",4,leakage_accounting=approximate_internal_transcript,1024,120,real_data,16,identity,0,f09d76ded5a6e7d2
real_typeii_20db_d1024_bw120_blk0,cascade_lite,0,True,True,0.21875,0.021875,0.0,0.0,374.0,42,9.782799985259771,4,150,300,42,32,0,14,14,"8,16,32,64",4,leakage_accounting=approximate_internal_transcript,1024,120,real_data,16,identity,1,462a3bc6d744a527
real_typeii_20db_d1024_bw120_blk0,cascade_lite,1,True,False,0.1875,0.01875,0.03125,0.003125,362.0,30,26.332200039178133,4,150,300,30,32,0,10,10,"8,16,32,64",4,leakage_accounting=approximate_internal_transcript,1024,120,real_data,16,identity,1,462a3bc6d744a527
real_typeii_20db_d1024_bw120_blk0,cascade_lite,2,True,True,0.21875,0.021875,0.0,0.0,374.0,42,7.116400054655969,4,150,300,42,32,0,14,14,"8,16,32,64",4,leakage_accounting=approximate_internal_transcript,1024,120,real_data,16,identity,1,462a3bc6d744a527
real_typeii_20db_d1024_bw120_blk0,cascade_lite,3,True,True,0.25,0.025,0.0,0.0,380.0,48,5.015500006265938,4,150,300,48,32,0,16,16,"8,16,32,64",4,leakage_accounting=approximate_internal_transcript,1024,120,real_data,16,identity,1,462a3bc6d744a527
real_typeii_20db_d1024_bw120_blk0,cascade_lite,4,True,True,0.234375,0.0234375,0.0,0.0,377.0,45,8.380800019949675,4,150,300,45,32,0,15,15,"8,16,32,64",4,leakage_accounting=approximate_internal_transcript,1024,120,real_data,16,identity,1,462a3bc6d744a527
real_typeii_20db_d1024_bw120_blk0,cascade_lite,5,True,True,0.21875,0.021875,0.0,0.0,374.0,42,8.976300014182925,4,150,300,42,32,0,14,14,"8,16,32,64",4,leakage_accounting=approximate_internal_transcript,1024,120,real_data,16,identity,1,462a3bc6d744a527
real_typeii_20db_d1024_bw120_blk0,cascade_lite,6,True,True,0.25,0.025,0.0,0.0,380.0,48,10.821299976669252,4,150,300,48,32,0,16,16,"8,16,32,64",4,leakage_accounting=approximate_internal_transcript,1024,120,real_data,16,identity,1,462a3bc6d744a527
real_typeii_20db_d1024_bw120_blk0,cascade_lite,7,True,True,0.140625,0.0140625,0.0,0.0,359.0,27,9.094699984416366,4,150,300,27,32,0,9,9,"8,16,32,64",4,leakage_accounting=approximate_internal_transcript,1024,120,real_data,16,identity,1,462a3bc6d744a527
real_typeii_20db_d1024_bw120_blk0,cascade_lite,8,True,True,0.234375,0.0234375,0.0,0.0,377.0,45,12.95080001000315,4,150,300,45,32,0,15,15,"8,16,32,64",4,leakage_accounting=approximate_internal_transcript,1024,120,real_data,16,identity,1,462a3bc6d744a527
real_typeii_20db_d1024_bw120_blk0,cascade_lite,9,True,True,0.15625,0.015625,0.0,0.0,362.0,30,10.819100076332688,4,150,300,30,32,0,10,10,"8,16,32,64",4,leakage_accounting=approximate_internal_transcript,1024,120,real_data,16,identity,1,462a3bc6d744a527
real_typeii_20db_d1024_bw120_blk0,cascade_lite,10,True,True,0.21875,0.021875,0.0,0.0,374.0,42,13.18340003490448,4,150,300,42,32,0,14,14,"8,16,32,64",4,leakage_accounting=approximate_internal_transcript,1024,120,real_data,16,identity,1,462a3bc6d744a527
real_typeii_20db_d1024_bw120_blk0,cascade_lite,11,True,True,0.296875,0.0296875,0.0,0.0,389.0,57,6.468500010669231,4,150,300,57,32,0,19,19,"8,16,32,64",4,leakage_accounting=approximate_internal_transcript,1024,120,real_data,16,identity,1,462a3bc6d744a527
real_typeii_20db_d1024_bw120_blk0,cascade_lite,12,True,True,0.140625,0.0140625,0.0,0.0,359.0,27,13.286700006574392,4,150,300,27,32,0,9,9,"8,16,32,64",4,leakage_accounting=approximate_internal_transcript,1024,120,real_data,16,identity,1,462a3bc6d744a527
real_typeii_20db_d1024_bw120_blk0,cascade_lite,13,True,True,0.25,0.025,0.0,0.0,380.0,48,14.096600003540516,4,150,300,48,32,0,16,16,"8,16,32,64",4,leakage_accounting=approximate_internal_transcript,1024,120,real_data,16,identity,1,462a3bc6d744a527
real_typeii_20db_d1024_bw120_blk0,cascade_lite,14,True,True,0.234375,0.0234375,0.0,0.0,377.0,45,15.973999979905784,4,150,300,45,32,0,15,15,"8,16,32,64",4,leakage_accounting=approximate_internal_transcript,1024,120,real_data,16,identity,1,462a3bc6d744a527
real_typeii_20db_d1024_bw120_blk0,cascade_lite,15,True,True,0.28125,0.028125,0.0,0.0,386.0,54,16.45899994764477,4,150,300,54,32,0,18,18,"8,16,32,64",4,leakage_accounting=approximate_internal_transcript,1024,120,real_data,16,identity,1,462a3bc6d744a527
real_typeii_20db_d1024_bw20_blk0,cascade_lite,0,True,False,0.71875,0.225,0.40625,0.165625,446.0,114,14.686799957416952,4,150,300,114,32,0,38,38,"8,16,32,64",4,leakage_accounting=approximate_internal_transcript,1024,20,real_data,4,identity,0,6c76f6300a2bf603
real_typeii_20db_d1024_bw20_blk0,cascade_lite,1,True,False,0.671875,0.1984375,0.375,0.140625,443.0,111,8.585199946537614,4,150,300,111,32,0,37,37,"8,16,32,64",4,leakage_accounting=approximate_internal_transcript,1024,20,real_data,4,identity,0,6c76f6300a2bf603
real_typeii_20db_d1024_bw20_blk0,cascade_lite,2,True,False,0.578125,0.1796875,0.375,0.128125,431.0,99,10.641200002282858,4,150,300,99,32,0,33,33,"8,16,32,64",4,leakage_accounting=approximate_internal_transcript,1024,20,real_data,4,identity,0,6c76f6300a2bf603
real_typeii_20db_d1024_bw20_blk0,cascade_lite,3,True,False,0.703125,0.228125,0.453125,0.178125,428.0,96,13.588200090453029,4,150,300,96,32,0,32,32,"8,16,32,64",4,leakage_accounting=approximate_internal_transcript,1024,20,real_data,4,identity,0,6c76f6300a2bf603
real_typeii_20db_d1024_bw120_blk0,cascade_lite,0,True,False,0.21875,0.021875,0.03125,0.003125,230.0,48,6.337699946016073,4,75,150,48,32,0,12,12,"16,32,64,128",4,leakage_accounting=approximate_internal_transcript,1024,120,real_data,16,identity,0,9d423c80473677e6
real_typeii_20db_d1024_bw120_blk0,cascade_lite,1,True,False,0.1875,0.01875,0.09375,0.009375,206.0,24,2.41650000680238,4,75,150,24,32,0,6,6,"16,32,64,128",4,leakage_accounting=approximate_internal_transcript,1024,120,real_data,16,identity,0,9d423c80473677e6
real_typeii_20db_d1024_bw120_blk0,cascade_lite,2,True,True,0.21875,0.021875,0.0,0.0,238.0,56,12.410299968905747,4,75,150,56,32,0,14,14,"16,32,64,128",4,leakage_accounting=approximate_internal_transcript,1024,120,real_data,16,identity,0,9d423c80473677e6
real_typeii_20db_d1024_bw120_blk0,cascade_lite,3,True,False,0.25,0.025,0.03125,0.003125,238.0,56,4.704400082118809,4,75,150,56,32,0,14,14,"16,32,64,128",4,leakage_accounting=approximate_internal_transcript,1024,120,real_data,16,identity,0,9d423c80473677e6
real_typeii_20db_d1024_bw120_blk0,cascade_lite,4,True,True,0.234375,0.0234375,0.0,0.0,242.0,60,16.245000064373016,4,75,150,60,32,0,15,15,"16,32,64,128",4,leakage_accounting=approximate_internal_transcript,1024,120,real_data,16,identity,0,9d423c80473677e6
real_typeii_20db_d1024_bw120_blk0,cascade_lite,5,True,True,0.21875,0.021875,0.0,0.0,238.0,56,11.277399957180023,4,75,150,56,32,0,14,14,"16,32,64,128",4,leakage_accounting=approximate_internal_transcript,1024,120,real_data,16,identity,0,9d423c80473677e6
real_typeii_20db_d1024_bw120_blk0,cascade_lite,6,True,True,0.25,0.025,0.0,0.0,246.0,64,16.454799915663898,4,75,150,64,32,0,16,16,"16,32,64,128",4,leakage_accounting=approximate_internal_transcript,1024,120,real_data,16,identity,0,9d423c80473677e6
real_typeii_20db_d1024_bw120_blk0,cascade_lite,7,True,True,0.140625,0.0140625,0.0,0.0,218.0,36,28.638900024816394,4,75,150,36,32,0,9,9,"16,32,64,128",4,leakage_accounting=approximate_internal_transcript,1024,120,real_data,16,identity,0,9d423c80473677e6
real_typeii_20db_d1024_bw120_blk0,cascade_lite,8,True,False,0.234375,0.0234375,0.0625,0.00625,226.0,44,1.9001999171450734,4,75,150,44,32,0,11,11,"16,32,64,128",4,leakage_accounting=approximate_internal_transcript,1024,120,real_data,16,identity,0,9d423c80473677e6
real_typeii_20db_d1024_bw120_blk0,cascade_lite,9,True,False,0.15625,0.015625,0.03125,0.003125,214.0,32,15.739700058475137,4,75,150,32,32,0,8,8,"16,32,64,128",4,leakage_accounting=approximate_internal_transcript,1024,120,real_data,16,identity,0,9d423c80473677e6
real_typeii_20db_d1024_bw120_blk0,cascade_lite,10,True,True,0.21875,0.021875,0.0,0.0,238.0,56,7.813000003807247,4,75,150,56,32,0,14,14,"16,32,64,128",4,leakage_accounting=approximate_internal_transcript,1024,120,real_data,16,identity,0,9d423c80473677e6
real_typeii_20db_d1024_bw120_blk0,cascade_lite,11,True,False,0.296875,0.0296875,0.0625,0.00625,242.0,60,10.053500067442656,4,75,150,60,32,0,15,15,"16,32,64,128",4,leakage_accounting=approximate_internal_transcript,1024,120,real_data,16,identity,0,9d423c80473677e6
real_typeii_20db_d1024_bw120_blk0,cascade_lite,12,True,True,0.140625,0.0140625,0.0,0.0,218.0,36,10.31350006815046,4,75,150,36,32,0,9,9,"16,32,64,128",4,leakage_accounting=approximate_internal_transcript,1024,120,real_data,16,identity,0,9d423c80473677e6
real_typeii_20db_d1024_bw120_blk0,cascade_lite,13,True,False,0.25,0.025,0.0625,0.00625,230.0,48,21.9621000578627,4,75,150,48,32,0,12,12,"16,32,64,128",4,leakage_accounting=approximate_internal_transcript,1024,120,real_data,16,identity,0,9d423c80473677e6
real_typeii_20db_d1024_bw120_blk0,cascade_lite,14,True,False,0.234375,0.0234375,0.09375,0.009375,218.0,36,9.033799986355007,4,75,150,36,32,0,9,9,"16,32,64,128",4,leakage_accounting=approximate_internal_transcript,1024,120,real_data,16,identity,0,9d423c80473677e6
real_typeii_20db_d1024_bw120_blk0,cascade_lite,15,True,False,0.28125,0.028125,0.03125,0.003125,246.0,64,15.829099924303591,4,75,150,64,32,0,16,16,"16,32,64,128",4,leakage_accounting=approximate_internal_transcript,1024,120,real_data,16,identity,0,9d423c80473677e6
real_typeii_20db_d1024_bw120_blk0,cascade_lite,0,True,True,0.21875,0.021875,0.0,0.0,374.0,42,12.559100054204464,4,150,300,42,32,0,14,14,"8,16,32,64",6,leakage_accounting=approximate_internal_transcript,1024,120,real_data,16,identity,0,477ef1fd0ff5ecb2
real_typeii_20db_d1024_bw120_blk0,cascade_lite,1,True,False,0.1875,0.01875,0.03125,0.003125,362.0,30,10.338599910028279,4,150,300,30,32,0,10,10,"8,16,32,64",6,leakage_accounting=approximate_internal_transcript,1024,120,real_data,16,identity,0,477ef1fd0ff5ecb2
real_typeii_20db_d1024_bw120_blk0,cascade_lite,2,True,True,0.21875,0.021875,0.0,0.0,374.0,42,17.590499948710203,4,150,300,42,32,0,14,14,"8,16,32,64",6,leakage_accounting=approximate_internal_transcript,1024,120,real_data,16,identity,0,477ef1fd0ff5ecb2
real_typeii_20db_d1024_bw120_blk0,cascade_lite,3,True,True,0.25,0.025,0.0,0.0,380.0,48,11.126599973067641,4,150,300,48,32,0,16,16,"8,16,32,64",6,leakage_accounting=approximate_internal_transcript,1024,120,real_data,16,identity,0,477ef1fd0ff5ecb2
real_typeii_20db_d1024_bw120_blk0,cascade_lite,4,True,True,0.234375,0.0234375,0.0,0.0,377.0,45,16.120300046168268,4,150,300,45,32,0,15,15,"8,16,32,64",6,leakage_accounting=approximate_internal_transcript,1024,120,real_data,16,identity,0,477ef1fd0ff5ecb2
real_typeii_20db_d1024_bw120_blk0,cascade_lite,5,True,True,0.21875,0.021875,0.0,0.0,374.0,42,9.96830000076443,4,150,300,42,32,0,14,14,"8,16,32,64",6,leakage_accounting=approximate_internal_transcript,1024,120,real_data,16,identity,0,477ef1fd0ff5ecb2
real_typeii_20db_d1024_bw120_blk0,cascade_lite,6,True,True,0.25,0.025,0.0,0.0,380.0,48,1.3386000646278262,4,150,300,48,32,0,16,16,"8,16,32,64",6,leakage_accounting=approximate_internal_transcript,1024,120,real_data,16,identity,0,477ef1fd0ff5ecb2
real_typeii_20db_d1024_bw120_blk0,cascade_lite,7,True,True,0.140625,0.0140625,0.0,0.0,359.0,27,19.16919997893274,4,150,300,27,32,0,9,9,"8,16,32,64",6,leakage_accounting=approximate_internal_transcript,1024,120,real_data,16,identity,0,477ef1fd0ff5ecb2
real_typeii_20db_d1024_bw120_blk0,cascade_lite,8,True,True,0.234375,0.0234375,0.0,0.0,377.0,45,9.277199977077544,4,150,300,45,32,0,15,15,"8,16,32,64",6,leakage_accounting=approximate_internal_transcript,1024,120,real_data,16,identity,0,477ef1fd0ff5ecb2
real_typeii_20db_d1024_bw120_blk0,cascade_lite,9,True,True,0.15625,0.015625,0.0,0.0,362.0,30,13.051999965682626,4,150,300,30,32,0,10,10,"8,16,32,64",6,leakage_accounting=approximate_internal_transcript,1024,120,real_data,16,identity,0,477ef1fd0ff5ecb2
real_typeii_20db_d1024_bw120_blk0,cascade_lite,10,True,True,0.21875,0.021875,0.0,0.0,374.0,42,9.855999960564077,4,150,300,42,32,0,14,14,"8,16,32,64",6,leakage_accounting=approximate_internal_transcript,1024,120,real_data,16,identity,0,477ef1fd0ff5ecb2
real_typeii_20db_d1024_bw120_blk0,cascade_lite,11,True,True,0.296875,0.0296875,0.0,0.0,389.0,57,12.221600045450032,4,150,300,57,32,0,19,19,"8,16,32,64",6,leakage_accounting=approximate_internal_transcript,1024,120,real_data,16,identity,0,477ef1fd0ff5ecb2
real_typeii_20db_d1024_bw120_blk0,cascade_lite,12,True,True,0.140625,0.0140625,0.0,0.0,359.0,27,12.877100030891597,4,150,300,27,32,0,9,9,"8,16,32,64",6,leakage_accounting=approximate_internal_transcript,1024,120,real_data,16,identity,0,477ef1fd0ff5ecb2
real_typeii_20db_d1024_bw120_blk0,cascade_lite,13,True,True,0.25,0.025,0.0,0.0,380.0,48,18.770899972878397,4,150,300,48,32,0,16,16,"8,16,32,64",6,leakage_accounting=approximate_internal_transcript,1024,120,real_data,16,identity,0,477ef1fd0ff5ecb2
real_typeii_20db_d1024_bw120_blk0,cascade_lite,14,True,True,0.234375,0.0234375,0.0,0.0,377.0,45,18.45169998705387,4,150,300,45,32,0,15,15,"8,16,32,64",6,leakage_accounting=approximate_internal_transcript,1024,120,real_data,16,identity,0,477ef1fd0ff5ecb2
real_typeii_20db_d1024_bw120_blk0,cascade_lite,15,True,True,0.28125,0.028125,0.0,0.0,386.0,54,26.004299987107515,4,150,300,54,32,0,18,18,"8,16,32,64",6,leakage_accounting=approximate_internal_transcript,1024,120,real_data,16,identity,0,477ef1fd0ff5ecb2
real_typeii_20db_d1024_bw120_blk0,cascade_lite,0,True,True,0.21875,0.021875,0.0,0.0,374.0,42,9.688700083643198,4,150,300,42,32,0,14,14,"8,16,32,64",6,leakage_accounting=approximate_internal_transcript,1024,120,real_data,16,identity,1,f21d3c73c2c63926
real_typeii_20db_d1024_bw120_blk0,cascade_lite,1,True,False,0.1875,0.01875,0.03125,0.003125,362.0,30,6.903100060299039,4,150,300,30,32,0,10,10,"8,16,32,64",6,leakage_accounting=approximate_internal_transcript,1024,120,real_data,16,identity,1,f21d3c73c2c63926
real_typeii_20db_d1024_bw120_blk0,cascade_lite,2,True,True,0.21875,0.021875,0.0,0.0,374.0,42,16.67260006070137,4,150,300,42,32,0,14,14,"8,16,32,64",6,leakage_accounting=approximate_internal_transcript,1024,120,real_data,16,identity,1,f21d3c73c2c63926
real_typeii_20db_d1024_bw120_blk0,cascade_lite,3,True,True,0.25,0.025,0.0,0.0,380.0,48,6.343099987134337,4,150,300,48,32,0,16,16,"8,16,32,64",6,leakage_accounting=approximate_internal_transcript,1024,120,real_data,16,identity,1,f21d3c73c2c63926
real_typeii_20db_d1024_bw120_blk0,cascade_lite,4,True,True,0.234375,0.0234375,0.0,0.0,377.0,45,24.162299931049347,4,150,300,45,32,0,15,15,"8,16,32,64",6,leakage_accounting=approximate_internal_transcript,1024,120,real_data,16,identity,1,f21d3c73c2c63926
real_typeii_20db_d1024_bw120_blk0,cascade_lite,5,True,True,0.21875,0.021875,0.0,0.0,374.0,42,6.606900016777217,4,150,300,42,32,0,14,14,"8,16,32,64",6,leakage_accounting=approximate_internal_transcript,1024,120,real_data,16,identity,1,f21d3c73c2c63926
real_typeii_20db_d1024_bw120_blk0,cascade_lite,6,True,True,0.25,0.025,0.0,0.0,380.0,48,29.907799907959998,4,150,300,48,32,0,16,16,"8,16,32,64",6,leakage_accounting=approximate_internal_transcript,1024,120,real_data,16,identity,1,f21d3c73c2c63926
real_typeii_20db_d1024_bw120_blk0,cascade_lite,7,True,True,0.140625,0.0140625,0.0,0.0,359.0,27,16.733000054955482,4,150,300,27,32,0,9,9,"8,16,32,64",6,leakage_accounting=approximate_internal_transcript,1024,120,real_data,16,identity,1,f21d3c73c2c63926
real_typeii_20db_d1024_bw120_blk0,cascade_lite,8,True,True,0.234375,0.0234375,0.0,0.0,377.0,45,14.613399980589747,4,150,300,45,32,0,15,15,"8,16,32,64",6,leakage_accounting=approximate_internal_transcript,1024,120,real_data,16,identity,1,f21d3c73c2c63926
real_typeii_20db_d1024_bw120_blk0,cascade_lite,9,True,True,0.15625,0.015625,0.0,0.0,362.0,30,14.542800025083125,4,150,300,30,32,0,10,10,"8,16,32,64",6,leakage_accounting=approximate_internal_transcript,1024,120,real_data,16,identity,1,f21d3c73c2c63926
real_typeii_20db_d1024_bw120_blk0,cascade_lite,10,True,True,0.21875,0.021875,0.0,0.0,374.0,42,10.194499976933002,4,150,300,42,32,0,14,14,"8,16,32,64",6,leakage_accounting=approximate_internal_transcript,1024,120,real_data,16,identity,1,f21d3c73c2c63926
real_typeii_20db_d1024_bw120_blk0,cascade_lite,11,True,True,0.296875,0.0296875,0.0,0.0,389.0,57,19.48449993506074,4,150,300,57,32,0,19,19,"8,16,32,64",6,leakage_accounting=approximate_internal_transcript,1024,120,real_data,16,identity,1,f21d3c73c2c63926
real_typeii_20db_d1024_bw120_blk0,cascade_lite,12,True,True,0.140625,0.0140625,0.0,0.0,359.0,27,7.183199981227517,4,150,300,27,32,0,9,9,"8,16,32,64",6,leakage_accounting=approximate_internal_transcript,1024,120,real_data,16,identity,1,f21d3c73c2c63926
real_typeii_20db_d1024_bw120_blk0,cascade_lite,13,True,True,0.25,0.025,0.0,0.0,380.0,48,6.797999958507717,4,150,300,48,32,0,16,16,"8,16,32,64",6,leakage_accounting=approximate_internal_transcript,1024,120,real_data,16,identity,1,f21d3c73c2c63926
real_typeii_20db_d1024_bw120_blk0,cascade_lite,14,True,True,0.234375,0.0234375,0.0,0.0,377.0,45,16.084900009445846,4,150,300,45,32,0,15,15,"8,16,32,64",6,leakage_accounting=approximate_internal_transcript,1024,120,real_data,16,identity,1,f21d3c73c2c63926
real_typeii_20db_d1024_bw120_blk0,cascade_lite,15,True,True,0.28125,0.028125,0.0,0.0,386.0,54,36.28140001092106,4,150,300,54,32,0,18,18,"8,16,32,64",6,leakage_accounting=approximate_internal_transcript,1024,120,real_data,16,identity,1,f21d3c73c2c63926
real_typeii_20db_d1024_bw120_blk0,cascade_lite,0,True,False,0.21875,0.021875,0.03125,0.003125,230.0,48,17.564100096933544,4,75,150,48,32,0,12,12,"16,32,64,128",6,leakage_accounting=approximate_internal_transcript,1024,120,real_data,16,identity,0,2bc34cb99845dc99
real_typeii_20db_d1024_bw120_blk0,cascade_lite,1,True,False,0.1875,0.01875,0.09375,0.009375,206.0,24,27.337400009855628,4,75,150,24,32,0,6,6,"16,32,64,128",6,leakage_accounting=approximate_internal_transcript,1024,120,real_data,16,identity,0,2bc34cb99845dc99
real_typeii_20db_d1024_bw120_blk0,cascade_lite,2,True,True,0.21875,0.021875,0.0,0.0,238.0,56,15.079700038768351,4,75,150,56,32,0,14,14,"16,32,64,128",6,leakage_accounting=approximate_internal_transcript,1024,120,real_data,16,identity,0,2bc34cb99845dc99
real_typeii_20db_d1024_bw120_blk0,cascade_lite,3,True,False,0.25,0.025,0.03125,0.003125,238.0,56,10.986299952492118,4,75,150,56,32,0,14,14,"16,32,64,128",6,leakage_accounting=approximate_internal_transcript,1024,120,real_data,16,identity,0,2bc34cb99845dc99
real_typeii_20db_d1024_bw120_blk0,cascade_lite,4,True,True,0.234375,0.0234375,0.0,0.0,242.0,60,4.420700017362833,4,75,150,60,32,0,15,15,"16,32,64,128",6,leakage_accounting=approximate_internal_transcript,1024,120,real_data,16,identity,0,2bc34cb99845dc99
real_typeii_20db_d1024_bw120_blk0,cascade_lite,5,True,True,0.21875,0.021875,0.0,0.0,238.0,56,6.072900025174022,4,75,150,56,32,0,14,14,"16,32,64,128",6,leakage_accounting=approximate_internal_transcript,1024,120,real_data,16,identity,0,2bc34cb99845dc99
real_typeii_20db_d1024_bw120_blk0,cascade_lite,6,True,True,0.25,0.025,0.0,0.0,246.0,64,10.852399980649352,4,75,150,64,32,0,16,16,"16,32,64,128",6,leakage_accounting=approximate_internal_transcript,1024,120,real_data,16,identity,0,2bc34cb99845dc99
real_typeii_20db_d1024_bw120_blk0,cascade_lite,7,True,True,0.140625,0.0140625,0.0,0.0,218.0,36,12.486399966292083,4,75,150,36,32,0,9,9,"16,32,64,128",6,leakage_accounting=approximate_internal_transcript,1024,120,real_data,16,identity,0,2bc34cb99845dc99
real_typeii_20db_d1024_bw120_blk0,cascade_lite,8,True,False,0.234375,0.0234375,0.0625,0.00625,226.0,44,4.028599942103028,4,75,150,44,32,0,11,11,"16,32,64,128",6,leakage_accounting=approximate_internal_transcript,1024,120,real_data,16,identity,0,2bc34cb99845dc99
real_typeii_20db_d1024_bw120_blk0,cascade_lite,9,True,False,0.15625,0.015625,0.03125,0.003125,214.0,32,7.266900036484003,4,75,150,32,32,0,8,8,"16,32,64,128",6,leakage_accounting=approximate_internal_transcript,1024,120,real_data,16,identity,0,2bc34cb99845dc99
real_typeii_20db_d1024_bw120_blk0,cascade_lite,10,True,True,0.21875,0.021875,0.0,0.0,238.0,56,3.71740001719445,4,75,150,56,32,0,14,14,"16,32,64,128",6,leakage_accounting=approximate_internal_transcript,1024,120,real_data,16,identity,0,2bc34cb99845dc99
real_typeii_20db_d1024_bw120_blk0,cascade_lite,11,True,False,0.296875,0.0296875,0.0625,0.00625,242.0,60,7.922300021164119,4,75,150,60,32,0,15,15,"16,32,64,128",6,leakage_accounting=approximate_internal_transcript,1024,120,real_data,16,identity,0,2bc34cb99845dc99
real_typeii_20db_d1024_bw120_blk0,cascade_lite,12,True,True,0.140625,0.0140625,0.0,0.0,218.0,36,17.829799908213317,4,75,150,36,32,0,9,9,"16,32,64,128",6,leakage_accounting=approximate_internal_transcript,1024,120,real_data,16,identity,0,2bc34cb99845dc99
real_typeii_20db_d1024_bw120_blk0,cascade_lite,13,True,False,0.25,0.025,0.0625,0.00625,230.0,48,12.873500003479421,4,75,150,48,32,0,12,12,"16,32,64,128",6,leakage_accounting=approximate_internal_transcript,1024,120,real_data,16,identity,0,2bc34cb99845dc99
real_typeii_20db_d1024_bw120_blk0,cascade_lite,14,True,False,0.234375,0.0234375,0.09375,0.009375,218.0,36,15.012799995020032,4,75,150,36,32,0,9,9,"16,32,64,128",6,leakage_accounting=approximate_internal_transcript,1024,120,real_data,16,identity,0,2bc34cb99845dc99
real_typeii_20db_d1024_bw120_blk0,cascade_lite,15,True,False,0.28125,0.028125,0.03125,0.003125,246.0,64,20.803899969905615,4,75,150,64,32,0,16,16,"16,32,64,128",6,leakage_accounting=approximate_internal_transcript,1024,120,real_data,16,identity,0,2bc34cb99845dc99
real_typeii_20db_d1024_bw120_blk0,cascade_lite,0,True,False,0.21875,0.021875,0.03125,0.003125,230.0,48,9.38449997920543,4,75,150,48,32,0,12,12,"16,32,64,128",4,leakage_accounting=approximate_internal_transcript,1024,120,real_data,16,identity,1,c6a64f370ed39663
real_typeii_20db_d1024_bw120_blk0,cascade_lite,1,True,False,0.1875,0.01875,0.09375,0.009375,206.0,24,6.600199965760112,4,75,150,24,32,0,6,6,"16,32,64,128",4,leakage_accounting=approximate_internal_transcript,1024,120,real_data,16,identity,1,c6a64f370ed39663
real_typeii_20db_d1024_bw120_blk0,cascade_lite,2,True,True,0.21875,0.021875,0.0,0.0,238.0,56,23.224700009450316,4,75,150,56,32,0,14,14,"16,32,64,128",4,leakage_accounting=approximate_internal_transcript,1024,120,real_data,16,identity,1,c6a64f370ed39663
real_typeii_20db_d1024_bw120_blk0,cascade_lite,3,True,False,0.25,0.025,0.03125,0.003125,238.0,56,23.69689999613911,4,75,150,56,32,0,14,14,"16,32,64,128",4,leakage_accounting=approximate_internal_transcript,1024,120,real_data,16,identity,1,c6a64f370ed39663
real_typeii_20db_d1024_bw120_blk0,cascade_lite,4,True,True,0.234375,0.0234375,0.0,0.0,242.0,60,12.570600025355816,4,75,150,60,32,0,15,15,"16,32,64,128",4,leakage_accounting=approximate_internal_transcript,1024,120,real_data,16,identity,1,c6a64f370ed39663
real_typeii_20db_d1024_bw120_blk0,cascade_lite,5,True,True,0.21875,0.021875,0.0,0.0,238.0,56,7.865099934861064,4,75,150,56,32,0,14,14,"16,32,64,128",4,leakage_accounting=approximate_internal_transcript,1024,120,real_data,16,identity,1,c6a64f370ed39663
real_typeii_20db_d1024_bw120_blk0,cascade_lite,6,True,True,0.25,0.025,0.0,0.0,246.0,64,7.398499990813434,4,75,150,64,32,0,16,16,"16,32,64,128",4,leakage_accounting=approximate_internal_transcript,1024,120,real_data,16,identity,1,c6a64f370ed39663
real_typeii_20db_d1024_bw120_blk0,cascade_lite,7,True,True,0.140625,0.0140625,0.0,0.0,218.0,36,2.604900044389069,4,75,150,36,32,0,9,9,"16,32,64,128",4,leakage_accounting=approximate_internal_transcript,1024,120,real_data,16,identity,1,c6a64f370ed39663
real_typeii_20db_d1024_bw120_blk0,cascade_lite,8,True,False,0.234375,0.0234375,0.0625,0.00625,226.0,44,4.226600052788854,4,75,150,44,32,0,11,11,"16,32,64,128",4,leakage_accounting=approximate_internal_transcript,1024,120,real_data,16,identity,1,c6a64f370ed39663
real_typeii_20db_d1024_bw120_blk0,cascade_lite,9,True,False,0.15625,0.015625,0.03125,0.003125,214.0,32,13.074399903416634,4,75,150,32,32,0,8,8,"16,32,64,128",4,leakage_accounting=approximate_internal_transcript,1024,120,real_data,16,identity,1,c6a64f370ed39663
real_typeii_20db_d1024_bw120_blk0,cascade_lite,10,True,True,0.21875,0.021875,0.0,0.0,238.0,56,13.785099959932268,4,75,150,56,32,0,14,14,"16,32,64,128",4,leakage_accounting=approximate_internal_transcript,1024,120,real_data,16,identity,1,c6a64f370ed39663
real_typeii_20db_d1024_bw120_blk0,cascade_lite,11,True,False,0.296875,0.0296875,0.0625,0.00625,242.0,60,14.327400014735758,4,75,150,60,32,0,15,15,"16,32,64,128",4,leakage_accounting=approximate_internal_transcript,1024,120,real_data,16,identity,1,c6a64f370ed39663
real_typeii_20db_d1024_bw120_blk0,cascade_lite,12,True,True,0.140625,0.0140625,0.0,0.0,218.0,36,7.270499947480857,4,75,150,36,32,0,9,9,"16,32,64,128",4,leakage_accounting=approximate_internal_transcript,1024,120,real_data,16,identity,1,c6a64f370ed39663
real_typeii_20db_d1024_bw120_blk0,cascade_lite,13,True,False,0.25,0.025,0.0625,0.00625,230.0,48,29.724399908445776,4,75,150,48,32,0,12,12,"16,32,64,128",4,leakage_accounting=approximate_internal_transcript,1024,120,real_data,16,identity,1,c6a64f370ed39663
real_typeii_20db_d1024_bw120_blk0,cascade_lite,14,True,False,0.234375,0.0234375,0.09375,0.009375,218.0,36,17.771100043319166,4,75,150,36,32,0,9,9,"16,32,64,128",4,leakage_accounting=approximate_internal_transcript,1024,120,real_data,16,identity,1,c6a64f370ed39663
real_typeii_20db_d1024_bw120_blk0,cascade_lite,15,True,False,0.28125,0.028125,0.03125,0.003125,246.0,64,33.69149996433407,4,75,150,64,32,0,16,16,"16,32,64,128",4,leakage_accounting=approximate_internal_transcript,1024,120,real_data,16,identity,1,c6a64f370ed39663
real_typeii_20db_d1024_bw20_blk0,cascade_lite,0,True,False,0.71875,0.225,0.40625,0.165625,446.0,114,17.654299968853593,4,150,300,114,32,0,38,38,"8,16,32,64",6,leakage_accounting=approximate_internal_transcript,1024,20,real_data,4,identity,0,47bfc7ece074fdaa
real_typeii_20db_d1024_bw20_blk0,cascade_lite,1,True,False,0.671875,0.1984375,0.375,0.140625,443.0,111,9.89839993417263,4,150,300,111,32,0,37,37,"8,16,32,64",6,leakage_accounting=approximate_internal_transcript,1024,20,real_data,4,identity,0,47bfc7ece074fdaa
real_typeii_20db_d1024_bw20_blk0,cascade_lite,2,True,False,0.578125,0.1796875,0.375,0.128125,431.0,99,8.140799938701093,4,150,300,99,32,0,33,33,"8,16,32,64",6,leakage_accounting=approximate_internal_transcript,1024,20,real_data,4,identity,0,47bfc7ece074fdaa
real_typeii_20db_d1024_bw20_blk0,cascade_lite,3,True,False,0.703125,0.228125,0.453125,0.178125,428.0,96,14.3093999940902,4,150,300,96,32,0,32,32,"8,16,32,64",6,leakage_accounting=approximate_internal_transcript,1024,20,real_data,4,identity,0,47bfc7ece074fdaa
real_typeii_20db_d1024_bw20_blk0,cascade_lite,0,True,False,0.71875,0.225,0.40625,0.165625,446.0,114,5.167499999515712,4,150,300,114,32,0,38,38,"8,16,32,64",4,leakage_accounting=approximate_internal_transcript,1024,20,real_data,4,identity,1,1f589a8f8fc4f2a6
real_typeii_20db_d1024_bw20_blk0,cascade_lite,1,True,False,0.671875,0.1984375,0.375,0.140625,443.0,111,30.533500015735626,4,150,300,111,32,0,37,37,"8,16,32,64",4,leakage_accounting=approximate_internal_transcript,1024,20,real_data,4,identity,1,1f589a8f8fc4f2a6
real_typeii_20db_d1024_bw20_blk0,cascade_lite,2,True,False,0.578125,0.1796875,0.375,0.128125,431.0,99,71.91639998927712,4,150,300,99,32,0,33,33,"8,16,32,64",4,leakage_accounting=approximate_internal_transcript,1024,20,real_data,4,identity,1,1f589a8f8fc4f2a6
real_typeii_20db_d1024_bw20_blk0,cascade_lite,3,True,False,0.703125,0.228125,0.453125,0.178125,428.0,96,16.658499953337014,4,150,300,96,32,0,32,32,"8,16,32,64",4,leakage_accounting=approximate_internal_transcript,1024,20,real_data,4,identity,1,1f589a8f8fc4f2a6
real_typeii_20db_d1024_bw120_blk0,cascade_lite,0,True,False,0.21875,0.021875,0.03125,0.003125,230.0,48,8.610400022007525,4,75,150,48,32,0,12,12,"16,32,64,128",6,leakage_accounting=approximate_internal_transcript,1024,120,real_data,16,identity,1,aec586233b5d565e
real_typeii_20db_d1024_bw120_blk0,cascade_lite,1,True,False,0.1875,0.01875,0.09375,0.009375,206.0,24,12.634100043214858,4,75,150,24,32,0,6,6,"16,32,64,128",6,leakage_accounting=approximate_internal_transcript,1024,120,real_data,16,identity,1,aec586233b5d565e
real_typeii_20db_d1024_bw120_blk0,cascade_lite,2,True,True,0.21875,0.021875,0.0,0.0,238.0,56,9.284600033424795,4,75,150,56,32,0,14,14,"16,32,64,128",6,leakage_accounting=approximate_internal_transcript,1024,120,real_data,16,identity,1,aec586233b5d565e
real_typeii_20db_d1024_bw120_blk0,cascade_lite,3,True,False,0.25,0.025,0.03125,0.003125,238.0,56,11.51769992429763,4,75,150,56,32,0,14,14,"16,32,64,128",6,leakage_accounting=approximate_internal_transcript,1024,120,real_data,16,identity,1,aec586233b5d565e
real_typeii_20db_d1024_bw120_blk0,cascade_lite,4,True,True,0.234375,0.0234375,0.0,0.0,242.0,60,0.7300999714061618,4,75,150,60,32,0,15,15,"16,32,64,128",6,leakage_accounting=approximate_internal_transcript,1024,120,real_data,16,identity,1,aec586233b5d565e
real_typeii_20db_d1024_bw120_blk0,cascade_lite,5,True,True,0.21875,0.021875,0.0,0.0,238.0,56,12.953900033608079,4,75,150,56,32,0,14,14,"16,32,64,128",6,leakage_accounting=approximate_internal_transcript,1024,120,real_data,16,identity,1,aec586233b5d565e
real_typeii_20db_d1024_bw120_blk0,cascade_lite,6,True,True,0.25,0.025,0.0,0.0,246.0,64,10.381799889728427,4,75,150,64,32,0,16,16,"16,32,64,128",6,leakage_accounting=approximate_internal_transcript,1024,120,real_data,16,identity,1,aec586233b5d565e
real_typeii_20db_d1024_bw120_blk0,cascade_lite,7,True,True,0.140625,0.0140625,0.0,0.0,218.0,36,27.46140002273023,4,75,150,36,32,0,9,9,"16,32,64,128",6,leakage_accounting=approximate_internal_transcript,1024,120,real_data,16,identity,1,aec586233b5d565e
real_typeii_20db_d1024_bw120_blk0,cascade_lite,8,True,False,0.234375,0.0234375,0.0625,0.00625,226.0,44,7.414499996230006,4,75,150,44,32,0,11,11,"16,32,64,128",6,leakage_accounting=approximate_internal_transcript,1024,120,real_data,16,identity,1,aec586233b5d565e
real_typeii_20db_d1024_bw120_blk0,cascade_lite,9,True,False,0.15625,0.015625,0.03125,0.003125,214.0,32,9.908700012601912,4,75,150,32,32,0,8,8,"16,32,64,128",6,leakage_accounting=approximate_internal_transcript,1024,120,real_data,16,identity,1,aec586233b5d565e
real_typeii_20db_d1024_bw120_blk0,cascade_lite,10,True,True,0.21875,0.021875,0.0,0.0,238.0,56,10.45709999743849,4,75,150,56,32,0,14,14,"16,32,64,128",6,leakage_accounting=approximate_internal_transcript,1024,120,real_data,16,identity,1,aec586233b5d565e
real_typeii_20db_d1024_bw120_blk0,cascade_lite,11,True,False,0.296875,0.0296875,0.0625,0.00625,242.0,60,15.553999925032258,4,75,150,60,32,0,15,15,"16,32,64,128",6,leakage_accounting=approximate_internal_transcript,1024,120,real_data,16,identity,1,aec586233b5d565e
real_typeii_20db_d1024_bw120_blk0,cascade_lite,12,True,True,0.140625,0.0140625,0.0,0.0,218.0,36,12.011899962089956,4,75,150,36,32,0,9,9,"16,32,64,128",6,leakage_accounting=approximate_internal_transcript,1024,120,real_data,16,identity,1,aec586233b5d565e
real_typeii_20db_d1024_bw120_blk0,cascade_lite,13,True,False,0.25,0.025,0.0625,0.00625,230.0,48,18.96030001807958,4,75,150,48,32,0,12,12,"16,32,64,128",6,leakage_accounting=approximate_internal_transcript,1024,120,real_data,16,identity,1,aec586233b5d565e
real_typeii_20db_d1024_bw120_blk0,cascade_lite,14,True,False,0.234375,0.0234375,0.09375,0.009375,218.0,36,16.80989994201809,4,75,150,36,32,0,9,9,"16,32,64,128",6,leakage_accounting=approximate_internal_transcript,1024,120,real_data,16,identity,1,aec586233b5d565e
real_typeii_20db_d1024_bw120_blk0,cascade_lite,15,True,False,0.28125,0.028125,0.03125,0.003125,246.0,64,41.94859997369349,4,75,150,64,32,0,16,16,"16,32,64,128",6,leakage_accounting=approximate_internal_transcript,1024,120,real_data,16,identity,1,aec586233b5d565e
real_typeii_20db_d1024_bw20_blk0,cascade_lite,0,True,False,0.71875,0.225,0.40625,0.165625,446.0,114,25.14109993353486,4,150,300,114,32,0,38,38,"8,16,32,64",6,leakage_accounting=approximate_internal_transcript,1024,20,real_data,4,identity,1,d825734b6395c173
real_typeii_20db_d1024_bw20_blk0,cascade_lite,1,True,False,0.671875,0.1984375,0.375,0.140625,443.0,111,4.470600048080087,4,150,300,111,32,0,37,37,"8,16,32,64",6,leakage_accounting=approximate_internal_transcript,1024,20,real_data,4,identity,1,d825734b6395c173
real_typeii_20db_d1024_bw20_blk0,cascade_lite,2,True,False,0.578125,0.1796875,0.375,0.128125,431.0,99,29.531900072470307,4,150,300,99,32,0,33,33,"8,16,32,64",6,leakage_accounting=approximate_internal_transcript,1024,20,real_data,4,identity,1,d825734b6395c173
real_typeii_20db_d1024_bw20_blk0,cascade_lite,3,True,False,0.703125,0.228125,0.453125,0.178125,428.0,96,10.613400023430586,4,150,300,96,32,0,32,32,"8,16,32,64",6,leakage_accounting=approximate_internal_transcript,1024,20,real_data,4,identity,1,d825734b6395c173
real_typeii_20db_d1024_bw20_blk0,cascade_lite,0,True,False,0.71875,0.225,0.328125,0.0625,785.0,403,23.598399944603443,4,175,350,403,32,0,104,104,"8,16,32,64",4,leakage_accounting=approximate_internal_transcript,1024,20,real_data,4,seeded_random,1,b9f654c90a774d3d
real_typeii_20db_d1024_bw20_blk0,cascade_lite,1,True,False,0.671875,0.1984375,0.375,0.0703125,665.0,305,16.412499942816794,4,164,328,305,32,0,82,82,"8,16,32,64",4,leakage_accounting=approximate_internal_transcript,1024,20,real_data,4,seeded_random,1,b9f654c90a774d3d
real_typeii_20db_d1024_bw20_blk0,cascade_lite,2,True,False,0.578125,0.1796875,0.171875,0.0203125,764.0,390,41.69250000268221,4,171,342,390,32,0,102,102,"8,16,32,64",4,leakage_accounting=approximate_internal_transcript,1024,20,real_data,4,seeded_random,1,b9f654c90a774d3d
real_typeii_20db_d1024_bw20_blk0,cascade_lite,3,True,False,0.703125,0.228125,0.453125,0.084375,714.0,344,35.763499909080565,4,169,338,344,32,0,92,92,"8,16,32,64",4,leakage_accounting=approximate_internal_transcript,1024,20,real_data,4,seeded_random,1,b9f654c90a774d3d
real_typeii_20db_d1024_bw20_blk0,cascade_lite,0,True,False,0.71875,0.225,0.484375,0.0875,697.0,329,16.974300029687583,4,168,336,329,32,0,88,88,"8,16,32,64",4,leakage_accounting=approximate_internal_transcript,1024,20,real_data,4,seeded_random,0,ef3fd819508ca339
real_typeii_20db_d1024_bw20_blk0,cascade_lite,1,True,False,0.671875,0.1984375,0.40625,0.0578125,699.0,339,32.1999000152573,4,164,328,339,32,0,90,90,"8,16,32,64",4,leakage_accounting=approximate_internal_transcript,1024,20,real_data,4,seeded_random,0,ef3fd819508ca339
real_typeii_20db_d1024_bw20_blk0,cascade_lite,2,True,False,0.578125,0.1796875,0.296875,0.0546875,666.0,306,33.15059992019087,4,164,328,306,32,0,80,80,"8,16,32,64",4,leakage_accounting=approximate_internal_transcript,1024,20,real_data,4,seeded_random,0,ef3fd819508ca339
real_typeii_20db_d1024_bw20_blk0,cascade_lite,3,True,False,0.703125,0.228125,0.4375,0.08125,733.0,353,58.845299994573,4,174,348,353,32,0,94,94,"8,16,32,64",4,leakage_accounting=approximate_internal_transcript,1024,20,real_data,4,seeded_random,0,ef3fd819508ca339
real_typeii_20db_d1024_bw120_blk0,cascade_lite,0,True,True,0.21875,0.021875,0.0,0.0,374.0,42,22.882900084368885,4,150,300,42,32,0,14,14,"8,16,32,64",4,leakage_accounting=approximate_internal_transcript,1024,120,real_data,16,seeded_random,1,7faaaf788b90c25a
real_typeii_20db_d1024_bw120_blk0,cascade_lite,1,True,True,0.1875,0.01875,0.0,0.0,368.0,36,13.024499989114702,4,150,300,36,32,0,12,12,"8,16,32,64",4,leakage_accounting=approximate_internal_transcript,1024,120,real_data,16,seeded_random,1,7faaaf788b90c25a
real_typeii_20db_d1024_bw120_blk0,cascade_lite,2,True,True,0.21875,0.021875,0.0,0.0,374.0,42,22.121099987998605,4,150,300,42,32,0,14,14,"8,16,32,64",4,leakage_accounting=approximate_internal_transcript,1024,120,real_data,16,seeded_random,1,7faaaf788b90c25a
real_typeii_20db_d1024_bw120_blk0,cascade_lite,3,True,True,0.25,0.025,0.0,0.0,384.0,52,10.214500012807548,4,150,300,52,32,0,16,16,"8,16,32,64",4,leakage_accounting=approximate_internal_transcript,1024,120,real_data,16,seeded_random,1,7faaaf788b90c25a
real_typeii_20db_d1024_bw120_blk0,cascade_lite,4,True,True,0.234375,0.0234375,0.0,0.0,377.0,45,10.924800066277385,4,150,300,45,32,0,15,15,"8,16,32,64",4,leakage_accounting=approximate_internal_transcript,1024,120,real_data,16,seeded_random,1,7faaaf788b90c25a
real_typeii_20db_d1024_bw120_blk0,cascade_lite,5,True,True,0.21875,0.021875,0.0,0.0,376.0,44,13.00089992582798,4,150,300,44,32,0,14,14,"8,16,32,64",4,leakage_accounting=approximate_internal_transcript,1024,120,real_data,16,seeded_random,1,7faaaf788b90c25a
real_typeii_20db_d1024_bw120_blk0,cascade_lite,6,True,True,0.25,0.025,0.0,0.0,383.0,49,17.144700046628714,4,151,302,49,32,0,16,16,"8,16,32,64",4,leakage_accounting=approximate_internal_transcript,1024,120,real_data,16,seeded_random,1,7faaaf788b90c25a
real_typeii_20db_d1024_bw120_blk0,cascade_lite,7,True,True,0.140625,0.0140625,0.0,0.0,359.0,27,18.43429997097701,4,150,300,27,32,0,9,9,"8,16,32,64",4,leakage_accounting=approximate_internal_transcript,1024,120,real_data,16,seeded_random,1,7faaaf788b90c25a
real_typeii_20db_d1024_bw120_blk0,cascade_lite,8,True,True,0.234375,0.0234375,0.0,0.0,377.0,45,11.337200063280761,4,150,300,45,32,0,15,15,"8,16,32,64",4,leakage_accounting=approximate_internal_transcript,1024,120,real_data,16,seeded_random,1,7faaaf788b90c25a
real_typeii_20db_d1024_bw120_blk0,cascade_lite,9,True,True,0.15625,0.015625,0.0,0.0,364.0,32,25.67500004079193,4,150,300,32,32,0,10,10,"8,16,32,64",4,leakage_accounting=approximate_internal_transcript,1024,120,real_data,16,seeded_random,1,7faaaf788b90c25a
real_typeii_20db_d1024_bw120_blk0,cascade_lite,10,True,True,0.21875,0.021875,0.0,0.0,380.0,46,19.738400005735457,4,151,302,46,32,0,14,14,"8,16,32,64",4,leakage_accounting=approximate_internal_transcript,1024,120,real_data,16,seeded_random,1,7faaaf788b90c25a
real_typeii_20db_d1024_bw120_blk0,cascade_lite,11,True,True,0.296875,0.0296875,0.0,0.0,391.0,59,22.928900085389614,4,150,300,59,32,0,19,19,"8,16,32,64",4,leakage_accounting=approximate_internal_transcript,1024,120,real_data,16,seeded_random,1,7faaaf788b90c25a
real_typeii_20db_d1024_bw120_blk0,cascade_lite,12,True,True,0.140625,0.0140625,0.0,0.0,361.0,29,38.402700098231435,4,150,300,29,32,0,9,9,"8,16,32,64",4,leakage_accounting=approximate_internal_transcript,1024,120,real_data,16,seeded_random,1,7faaaf788b90c25a
real_typeii_20db_d1024_bw120_blk0,cascade_lite,13,True,True,0.25,0.025,0.0,0.0,384.0,52,25.235800072550774,4,150,300,52,32,0,16,16,"8,16,32,64",4,leakage_accounting=approximate_internal_transcript,1024,120,real_data,16,seeded_random,1,7faaaf788b90c25a
real_typeii_20db_d1024_bw120_blk0,cascade_lite,14,True,True,0.234375,0.0234375,0.0,0.0,381.0,49,40.63370008952916,4,150,300,49,32,0,15,15,"8,16,32,64",4,leakage_accounting=approximate_internal_transcript,1024,120,real_data,16,seeded_random,1,7faaaf788b90c25a
real_typeii_20db_d1024_bw120_blk0,cascade_lite,15,True,True,0.28125,0.028125,0.0,0.0,390.0,58,46.49390000849962,4,150,300,58,32,0,18,18,"8,16,32,64",4,leakage_accounting=approximate_internal_transcript,1024,120,real_data,16,seeded_random,1,7faaaf788b90c25a
real_typeii_20db_d1024_bw20_blk0,cascade_lite,0,True,False,0.71875,0.225,0.53125,0.190625,270.0,88,25.697299977764487,4,75,150,88,32,0,22,22,"16,32,64,128",4,leakage_accounting=approximate_internal_transcript,1024,20,real_data,4,identity,0,aeacee9a04c960ac
real_typeii_20db_d1024_bw20_blk0,cascade_lite,1,True,False,0.671875,0.1984375,0.421875,0.159375,282.0,100,3.8876000326126814,4,75,150,100,32,0,25,25,"16,32,64,128",4,leakage_accounting=approximate_internal_transcript,1024,20,real_data,4,identity,0,aeacee9a04c960ac
real_typeii_20db_d1024_bw20_blk0,cascade_lite,2,True,False,0.578125,0.1796875,0.5,0.15625,242.0,60,49.46090001612902,4,75,150,60,32,0,15,15,"16,32,64,128",4,leakage_accounting=approximate_internal_transcript,1024,20,real_data,4,identity,0,aeacee9a04c960ac
real_typeii_20db_d1024_bw20_blk0,cascade_lite,3,True,False,0.703125,0.228125,0.609375,0.209375,230.0,48,19.339799997396767,4,75,150,48,32,0,12,12,"16,32,64,128",4,leakage_accounting=approximate_internal_transcript,1024,20,real_data,4,identity,0,aeacee9a04c960ac
real_typeii_20db_d1024_bw120_blk0,cascade_lite,0,True,True,0.21875,0.021875,0.0,0.0,378.0,46,22.682599956169724,4,150,300,46,32,0,14,14,"8,16,32,64",4,leakage_accounting=approximate_internal_transcript,1024,120,real_data,16,seeded_random,0,c28ff99e89e31963
real_typeii_20db_d1024_bw120_blk0,cascade_lite,1,True,True,0.1875,0.01875,0.0,0.0,368.0,36,19.128000014461577,4,150,300,36,32,0,12,12,"8,16,32,64",4,leakage_accounting=approximate_internal_transcript,1024,120,real_data,16,seeded_random,0,c28ff99e89e31963
real_typeii_20db_d1024_bw120_blk0,cascade_lite,2,True,True,0.21875,0.021875,0.0,0.0,374.0,42,16.348299919627607,4,150,300,42,32,0,14,14,"8,16,32,64",4,leakage_accounting=approximate_internal_transcript,1024,120,real_data,16,seeded_random,0,c28ff99e89e31963
real_typeii_20db_d1024_bw120_blk0,cascade_lite,3,True,True,0.25,0.025,0.0,0.0,382.0,50,15.64999995753169,4,150,300,50,32,0,16,16,"8,16,32,64",4,leakage_accounting=approximate_internal_transcript,1024,120,real_data,16,seeded_random,0,c28ff99e89e31963
real_typeii_20db_d1024_bw120_blk0,cascade_lite,4,True,True,0.234375,0.0234375,0.0,0.0,381.0,49,25.200200034305453,4,150,300,49,32,0,15,15,"8,16,32,64",4,leakage_accounting=approximate_internal_transcript,1024,120,real_data,16,seeded_random,0,c28ff99e89e31963
real_typeii_20db_d1024_bw120_blk0,cascade_lite,5,True,True,0.21875,0.021875,0.0,0.0,374.0,42,12.234000023454428,4,150,300,42,32,0,14,14,"8,16,32,64",4,leakage_accounting=approximate_internal_transcript,1024,120,real_data,16,seeded_random,0,c28ff99e89e31963
real_typeii_20db_d1024_bw120_blk0,cascade_lite,6,True,True,0.25,0.025,0.0,0.0,382.0,50,15.956299961544573,4,150,300,50,32,0,16,16,"8,16,32,64",4,leakage_accounting=approximate_internal_transcript,1024,120,real_data,16,seeded_random,0,c28ff99e89e31963
real_typeii_20db_d1024_bw120_blk0,cascade_lite,7,True,True,0.140625,0.0140625,0.0,0.0,359.0,27,18.728499999269843,4,150,300,27,32,0,9,9,"8,16,32,64",4,leakage_accounting=approximate_internal_transcript,1024,120,real_data,16,seeded_random,0,c28ff99e89e31963
real_typeii_20db_d1024_bw120_blk0,cascade_lite,8,True,True,0.234375,0.0234375,0.0,0.0,379.0,47,23.637200007215142,4,150,300,47,32,0,15,15,"8,16,32,64",4,leakage_accounting=approximate_internal_transcript,1024,120,real_data,16,seeded_random,0,c28ff99e89e31963
real_typeii_20db_d1024_bw120_blk0,cascade_lite,9,True,True,0.15625,0.015625,0.0,0.0,362.0,30,11.326199979521334,4,150,300,30,32,0,10,10,"8,16,32,64",4,leakage_accounting=approximate_internal_transcript,1024,120,real_data,16,seeded_random,0,c28ff99e89e31963
real_typeii_20db_d1024_bw120_blk0,cascade_lite,10,True,True,0.21875,0.021875,0.0,0.0,374.0,42,31.32860001642257,4,150,300,42,32,0,14,14,"8,16,32,64",4,leakage_accounting=approximate_internal_transcript,1024,120,real_data,16,seeded_random,0,c28ff99e89e31963
real_typeii_20db_d1024_bw120_blk0,cascade_lite,11,True,True,0.296875,0.0296875,0.0,0.0,395.0,63,29.228599974885583,4,150,300,63,32,0,19,19,"8,16,32,64",4,leakage_accounting=approximate_internal_transcript,1024,120,real_data,16,seeded_random,0,c28ff99e89e31963
real_typeii_20db_d1024_bw120_blk0,cascade_lite,12,True,True,0.140625,0.0140625,0.0,0.0,359.0,27,16.543200006708503,4,150,300,27,32,0,9,9,"8,16,32,64",4,leakage_accounting=approximate_internal_transcript,1024,120,real_data,16,seeded_random,0,c28ff99e89e31963
real_typeii_20db_d1024_bw120_blk0,cascade_lite,13,True,True,0.25,0.025,0.0,0.0,382.0,50,44.00039999745786,4,150,300,50,32,0,16,16,"8,16,32,64",4,leakage_accounting=approximate_internal_transcript,1024,120,real_data,16,seeded_random,0,c28ff99e89e31963
real_typeii_20db_d1024_bw120_blk0,cascade_lite,14,True,True,0.234375,0.0234375,0.0,0.0,381.0,49,51.30900000222027,4,150,300,49,32,0,15,15,"8,16,32,64",4,leakage_accounting=approximate_internal_transcript,1024,120,real_data,16,seeded_random,0,c28ff99e89e31963
real_typeii_20db_d1024_bw120_blk0,cascade_lite,15,True,True,0.28125,0.028125,0.0,0.0,388.0,56,39.497500052675605,4,150,300,56,32,0,18,18,"8,16,32,64",4,leakage_accounting=approximate_internal_transcript,1024,120,real_data,16,seeded_random,0,c28ff99e89e31963
real_typeii_20db_d1024_bw20_blk0,cascade_lite,0,True,False,0.71875,0.225,0.484375,0.0875,697.0,329,36.96029994171113,4,168,336,329,32,0,88,88,"8,16,32,64",6,leakage_accounting=approximate_internal_transcript,1024,20,real_data,4,seeded_random,0,ab6194c1b8076873
real_typeii_20db_d1024_bw20_blk0,cascade_lite,1,True,False,0.671875,0.1984375,0.40625,0.0578125,699.0,339,29.890400008298457,4,164,328,339,32,0,90,90,"8,16,32,64",6,leakage_accounting=approximate_internal_transcript,1024,20,real_data,4,seeded_random,0,ab6194c1b8076873
real_typeii_20db_d1024_bw20_blk0,cascade_lite,2,True,False,0.578125,0.1796875,0.296875,0.0546875,666.0,306,38.31630002241582,4,164,328,306,32,0,80,80,"8,16,32,64",6,leakage_accounting=approximate_internal_transcript,1024,20,real_data,4,seeded_random,0,ab6194c1b8076873
real_typeii_20db_d1024_bw20_blk0,cascade_lite,3,True,False,0.703125,0.228125,0.4375,0.08125,733.0,353,34.5816999906674,4,174,348,353,32,0,94,94,"8,16,32,64",6,leakage_accounting=approximate_internal_transcript,1024,20,real_data,4,seeded_random,0,ab6194c1b8076873
real_typeii_20db_d1024_bw20_blk0,cascade_lite,0,True,False,0.71875,0.225,0.53125,0.190625,270.0,88,17.310700030066073,4,75,150,88,32,0,22,22,"16,32,64,128",6,leakage_accounting=approximate_internal_transcript,1024,20,real_data,4,identity,0,63bd09359267310c
real_typeii_20db_d1024_bw20_blk0,cascade_lite,1,True,False,0.671875,0.1984375,0.421875,0.159375,282.0,100,10.185199906118214,4,75,150,100,32,0,25,25,"16,32,64,128",6,leakage_accounting=approximate_internal_transcript,1024,20,real_data,4,identity,0,63bd09359267310c
real_typeii_20db_d1024_bw20_blk0,cascade_lite,2,True,False,0.578125,0.1796875,0.5,0.15625,242.0,60,17.007000045850873,4,75,150,60,32,0,15,15,"16,32,64,128",6,leakage_accounting=approximate_internal_transcript,1024,20,real_data,4,identity,0,63bd09359267310c
real_typeii_20db_d1024_bw20_blk0,cascade_lite,3,True,False,0.703125,0.228125,0.609375,0.209375,230.0,48,27.00080000795424,4,75,150,48,32,0,12,12,"16,32,64,128",6,leakage_accounting=approximate_internal_transcript,1024,20,real_data,4,identity,0,63bd09359267310c
real_typeii_20db_d1024_bw20_blk0,cascade_lite,0,True,False,0.71875,0.225,0.53125,0.190625,270.0,88,17.179800081066787,4,75,150,88,32,0,22,22,"16,32,64,128",6,leakage_accounting=approximate_internal_transcript,1024,20,real_data,4,identity,1,86320143d2d78cc2
real_typeii_20db_d1024_bw20_blk0,cascade_lite,1,True,False,0.671875,0.1984375,0.421875,0.159375,282.0,100,19.77970008738339,4,75,150,100,32,0,25,25,"16,32,64,128",6,leakage_accounting=approximate_internal_transcript,1024,20,real_data,4,identity,1,86320143d2d78cc2
real_typeii_20db_d1024_bw20_blk0,cascade_lite,2,True,False,0.578125,0.1796875,0.5,0.15625,242.0,60,5.162800080142915,4,75,150,60,32,0,15,15,"16,32,64,128",6,leakage_accounting=approximate_internal_transcript,1024,20,real_data,4,identity,1,86320143d2d78cc2
real_typeii_20db_d1024_bw20_blk0,cascade_lite,3,True,False,0.703125,0.228125,0.609375,0.209375,230.0,48,27.607300085946918,4,75,150,48,32,0,12,12,"16,32,64,128",6,leakage_accounting=approximate_internal_transcript,1024,20,real_data,4,identity,1,86320143d2d78cc2
real_typeii_20db_d1024_bw120_blk0,cascade_lite,0,True,True,0.21875,0.021875,0.0,0.0,374.0,42,18.075699917972088,4,150,300,42,32,0,14,14,"8,16,32,64",6,leakage_accounting=approximate_internal_transcript,1024,120,real_data,16,seeded_random,1,a09833a965a0ddf8
real_typeii_20db_d1024_bw120_blk0,cascade_lite,1,True,True,0.1875,0.01875,0.0,0.0,368.0,36,29.718299978412688,4,150,300,36,32,0,12,12,"8,16,32,64",6,leakage_accounting=approximate_internal_transcript,1024,120,real_data,16,seeded_random,1,a09833a965a0ddf8
real_typeii_20db_d1024_bw120_blk0,cascade_lite,2,True,True,0.21875,0.021875,0.0,0.0,374.0,42,4.957700031809509,4,150,300,42,32,0,14,14,"8,16,32,64",6,leakage_accounting=approximate_internal_transcript,1024,120,real_data,16,seeded_random,1,a09833a965a0ddf8
real_typeii_20db_d1024_bw120_blk0,cascade_lite,3,True,True,0.25,0.025,0.0,0.0,384.0,52,29.176700045354664,4,150,300,52,32,0,16,16,"8,16,32,64",6,leakage_accounting=approximate_internal_transcript,1024,120,real_data,16,seeded_random,1,a09833a965a0ddf8
real_typeii_20db_d1024_bw120_blk0,cascade_lite,4,True,True,0.234375,0.0234375,0.0,0.0,377.0,45,17.95819995459169,4,150,300,45,32,0,15,15,"8,16,32,64",6,leakage_accounting=approximate_internal_transcript,1024,120,real_data,16,seeded_random,1,a09833a965a0ddf8
real_typeii_20db_d1024_bw120_blk0,cascade_lite,5,True,True,0.21875,0.021875,0.0,0.0,376.0,44,18.831999972462654,4,150,300,44,32,0,14,14,"8,16,32,64",6,leakage_accounting=approximate_internal_transcript,1024,120,real_data,16,seeded_random,1,a09833a965a0ddf8
real_typeii_20db_d1024_bw120_blk0,cascade_lite,6,True,True,0.25,0.025,0.0,0.0,383.0,49,7.19180004671216,4,151,302,49,32,0,16,16,"8,16,32,64",6,leakage_accounting=approximate_internal_transcript,1024,120,real_data,16,seeded_random,1,a09833a965a0ddf8
real_typeii_20db_d1024_bw120_blk0,cascade_lite,7,True,True,0.140625,0.0140625,0.0,0.0,359.0,27,4.961000056937337,4,150,300,27,32,0,9,9,"8,16,32,64",6,leakage_accounting=approximate_internal_transcript,1024,120,real_data,16,seeded_random,1,a09833a965a0ddf8
real_typeii_20db_d1024_bw120_blk0,cascade_lite,8,True,True,0.234375,0.0234375,0.0,0.0,377.0,45,30.78609996009618,4,150,300,45,32,0,15,15,"8,16,32,64",6,leakage_accounting=approximate_internal_transcript,1024,120,real_data,16,seeded_random,1,a09833a965a0ddf8
real_typeii_20db_d1024_bw120_blk0,cascade_lite,9,True,True,0.15625,0.015625,0.0,0.0,364.0,32,24.29099997971207,4,150,300,32,32,0,10,10,"8,16,32,64",6,leakage_accounting=approximate_internal_transcript,1024,120,real_data,16,seeded_random,1,a09833a965a0ddf8
real_typeii_20db_d1024_bw120_blk0,cascade_lite,10,True,True,0.21875,0.021875,0.0,0.0,380.0,46,15.690899919718504,4,151,302,46,32,0,14,14,"8,16,32,64",6,leakage_accounting=approximate_internal_transcript,1024,120,real_data,16,seeded_random,1,a09833a965a0ddf8
real_typeii_20db_d1024_bw120_blk0,cascade_lite,11,True,True,0.296875,0.0296875,0.0,0.0,391.0,59,22.482099942862988,4,150,300,59,32,0,19,19,"8,16,32,64",6,leakage_accounting=approximate_internal_transcript,1024,120,real_data,16,seeded_random,1,a09833a965a0ddf8
real_typeii_20db_d1024_bw120_blk0,cascade_lite,12,True,True,0.140625,0.0140625,0.0,0.0,361.0,29,68.52119998075068,4,150,300,29,32,0,9,9,"8,16,32,64",6,leakage_accounting=approximate_internal_transcript,1024,120,real_data,16,seeded_random,1,a09833a965a0ddf8
real_typeii_20db_d1024_bw120_blk0,cascade_lite,13,True,True,0.25,0.025,0.0,0.0,384.0,52,30.999100068584085,4,150,300,52,32,0,16,16,"8,16,32,64",6,leakage_accounting=approximate_internal_transcript,1024,120,real_data,16,seeded_random,1,a09833a965a0ddf8
real_typeii_20db_d1024_bw120_blk0,cascade_lite,14,True,True,0.234375,0.0234375,0.0,0.0,381.0,49,25.91450000181794,4,150,300,49,32,0,15,15,"8,16,32,64",6,leakage_accounting=approximate_internal_transcript,1024,120,real_data,16,seeded_random,1,a09833a965a0ddf8
real_typeii_20db_d1024_bw120_blk0,cascade_lite,15,True,True,0.28125,0.028125,0.0,0.0,390.0,58,34.957599942572415,4,150,300,58,32,0,18,18,"8,16,32,64",6,leakage_accounting=approximate_internal_transcript,1024,120,real_data,16,seeded_random,1,a09833a965a0ddf8
real_typeii_20db_d1024_bw20_blk0,cascade_lite,0,True,False,0.71875,0.225,0.53125,0.190625,270.0,88,30.710600083693862,4,75,150,88,32,0,22,22,"16,32,64,128",4,leakage_accounting=approximate_internal_transcript,1024,20,real_data,4,identity,1,b274fad8603600d1
real_typeii_20db_d1024_bw20_blk0,cascade_lite,1,True,False,0.671875,0.1984375,0.421875,0.159375,282.0,100,22.39290007855743,4,75,150,100,32,0,25,25,"16,32,64,128",4,leakage_accounting=approximate_internal_transcript,1024,20,real_data,4,identity,1,b274fad8603600d1
real_typeii_20db_d1024_bw20_blk0,cascade_lite,2,True,False,0.578125,0.1796875,0.5,0.15625,242.0,60,42.619200074113905,4,75,150,60,32,0,15,15,"16,32,64,128",4,leakage_accounting=approximate_internal_transcript,1024,20,real_data,4,identity,1,b274fad8603600d1
real_typeii_20db_d1024_bw20_blk0,cascade_lite,3,True,False,0.703125,0.228125,0.609375,0.209375,230.0,48,16.082199988886714,4,75,150,48,32,0,12,12,"16,32,64,128",4,leakage_accounting=approximate_internal_transcript,1024,20,real_data,4,identity,1,b274fad8603600d1
real_typeii_20db_d1024_bw20_blk0,cascade_lite,0,True,False,0.71875,0.225,0.328125,0.0625,785.0,403,56.98829994071275,4,175,350,403,32,0,104,104,"8,16,32,64",6,leakage_accounting=approximate_internal_transcript,1024,20,real_data,4,seeded_random,1,da44be679542d120
real_typeii_20db_d1024_bw20_blk0,cascade_lite,1,True,False,0.671875,0.1984375,0.375,0.0703125,665.0,305,46.58989992458373,4,164,328,305,32,0,82,82,"8,16,32,64",6,leakage_accounting=approximate_internal_transcript,1024,20,real_data,4,seeded_random,1,da44be679542d120
real_typeii_20db_d1024_bw20_blk0,cascade_lite,2,True,False,0.578125,0.1796875,0.171875,0.0203125,764.0,390,35.56150000076741,4,171,342,390,32,0,102,102,"8,16,32,64",6,leakage_accounting=approximate_internal_transcript,1024,20,real_data,4,seeded_random,1,da44be679542d120
real_typeii_20db_d1024_bw20_blk0,cascade_lite,3,True,False,0.703125,0.228125,0.453125,0.084375,714.0,344,25.902399909682572,4,169,338,344,32,0,92,92,"8,16,32,64",6,leakage_accounting=approximate_internal_transcript,1024,20,real_data,4,seeded_random,1,da44be679542d120
real_typeii_20db_d1024_bw120_blk0,cascade_lite,0,True,True,0.21875,0.021875,0.0,0.0,245.0,61,28.98459997959435,4,76,152,61,32,0,14,14,"16,32,64,128",4,leakage_accounting=approximate_internal_transcript,1024,120,real_data,16,seeded_random,0,19e9870100f5792b
real_typeii_20db_d1024_bw120_blk0,cascade_lite,1,True,True,0.1875,0.01875,0.0,0.0,234.0,52,18.2370999827981,4,75,150,52,32,0,12,12,"16,32,64,128",4,leakage_accounting=approximate_internal_transcript,1024,120,real_data,16,seeded_random,0,19e9870100f5792b
real_typeii_20db_d1024_bw120_blk0,cascade_lite,2,True,True,0.21875,0.021875,0.0,0.0,246.0,64,11.089099920354784,4,75,150,64,32,0,14,14,"16,32,64,128",4,leakage_accounting=approximate_internal_transcript,1024,120,real_data,16,seeded_random,0,19e9870100f5792b
real_typeii_20db_d1024_bw120_blk0,cascade_lite,3,True,True,0.25,0.025,0.0,0.0,256.0,74,11.87940000090748,4,75,150,74,32,0,16,16,"16,32,64,128",4,leakage_accounting=approximate_internal_transcript,1024,120,real_data,16,seeded_random,0,19e9870100f5792b
real_typeii_20db_d1024_bw120_blk0,cascade_lite,4,True,True,0.234375,0.0234375,0.0,0.0,250.0,68,19.204300013370812,4,75,150,68,32,0,15,15,"16,32,64,128",4,leakage_accounting=approximate_internal_transcript,1024,120,real_data,16,seeded_random,0,19e9870100f5792b
real_typeii_20db_d1024_bw120_blk0,cascade_lite,5,True,True,0.21875,0.021875,0.0,0.0,238.0,56,13.517900020815432,4,75,150,56,32,0,14,14,"16,32,64,128",4,leakage_accounting=approximate_internal_transcript,1024,120,real_data,16,seeded_random,0,19e9870100f5792b
real_typeii_20db_d1024_bw120_blk0,cascade_lite,6,True,True,0.25,0.025,0.0,0.0,256.0,74,22.445700014941394,4,75,150,74,32,0,16,16,"16,32,64,128",4,leakage_accounting=approximate_internal_transcript,1024,120,real_data,16,seeded_random,0,19e9870100f5792b
real_typeii_20db_d1024_bw120_blk0,cascade_lite,7,True,True,0.140625,0.0140625,0.0,0.0,218.0,36,27.07080007530749,4,75,150,36,32,0,9,9,"16,32,64,128",4,leakage_accounting=approximate_internal_transcript,1024,120,real_data,16,seeded_random,0,19e9870100f5792b
real_typeii_20db_d1024_bw120_blk0,cascade_lite,8,True,True,0.234375,0.0234375,0.0,0.0,247.0,63,21.94850007072091,4,76,152,63,32,0,15,15,"16,32,64,128",4,leakage_accounting=approximate_internal_transcript,1024,120,real_data,16,seeded_random,0,19e9870100f5792b
real_typeii_20db_d1024_bw120_blk0,cascade_lite,9,True,True,0.15625,0.015625,0.0,0.0,222.0,40,45.59889994561672,4,75,150,40,32,0,10,10,"16,32,64,128",4,leakage_accounting=approximate_internal_transcript,1024,120,real_data,16,seeded_random,0,19e9870100f5792b
real_typeii_20db_d1024_bw120_blk0,cascade_lite,10,True,True,0.21875,0.021875,0.0,0.0,242.0,60,19.350399961695075,4,75,150,60,32,0,14,14,"16,32,64,128",4,leakage_accounting=approximate_internal_transcript,1024,120,real_data,16,seeded_random,0,19e9870100f5792b
real_typeii_20db_d1024_bw120_blk0,cascade_lite,11,True,True,0.296875,0.0296875,0.0,0.0,266.0,82,44.37250003684312,4,76,152,82,32,0,19,19,"16,32,64,128",4,leakage_accounting=approximate_internal_transcript,1024,120,real_data,16,seeded_random,0,19e9870100f5792b
real_typeii_20db_d1024_bw120_blk0,cascade_lite,12,True,True,0.140625,0.0140625,0.0,0.0,218.0,36,31.72690002247691,4,75,150,36,32,0,9,9,"16,32,64,128",4,leakage_accounting=approximate_internal_transcript,1024,120,real_data,16,seeded_random,0,19e9870100f5792b
real_typeii_20db_d1024_bw120_blk0,cascade_lite,13,True,True,0.25,0.025,0.0,0.0,250.0,68,28.70599995367229,4,75,150,68,32,0,16,16,"16,32,64,128",4,leakage_accounting=approximate_internal_transcript,1024,120,real_data,16,seeded_random,0,19e9870100f5792b
real_typeii_20db_d1024_bw120_blk0,cascade_lite,14,True,True,0.234375,0.0234375,0.0,0.0,246.0,64,41.90379998181015,4,75,150,64,32,0,15,15,"16,32,64,128",4,leakage_accounting=approximate_internal_transcript,1024,120,real_data,16,seeded_random,0,19e9870100f5792b
real_typeii_20db_d1024_bw120_blk0,cascade_lite,15,True,True,0.28125,0.028125,0.0,0.0,262.0,80,59.87699993420392,4,75,150,80,32,0,18,18,"16,32,64,128",4,leakage_accounting=approximate_internal_transcript,1024,120,real_data,16,seeded_random,0,19e9870100f5792b
real_typeii_20db_d1024_bw20_blk0,cascade_lite,0,True,False,0.71875,0.225,0.546875,0.1078125,579.0,345,22.66120002605021,4,101,202,345,32,0,75,75,"16,32,64,128",4,leakage_accounting=approximate_internal_transcript,1024,20,real_data,4,seeded_random,1,29020ebdb18ce89f
real_typeii_20db_d1024_bw20_blk0,cascade_lite,1,True,False,0.671875,0.1984375,0.546875,0.121875,418.0,218,63.67199996020645,4,84,168,218,32,0,49,49,"16,32,64,128",4,leakage_accounting=approximate_internal_transcript,1024,20,real_data,4,seeded_random,1,29020ebdb18ce89f
real_typeii_20db_d1024_bw20_blk0,cascade_lite,2,True,False,0.578125,0.1796875,0.40625,0.103125,438.0,226,29.338399996049702,4,90,180,226,32,0,49,49,"16,32,64,128",4,leakage_accounting=approximate_internal_transcript,1024,20,real_data,4,seeded_random,1,29020ebdb18ce89f
real_typeii_20db_d1024_bw20_blk0,cascade_lite,3,True,False,0.703125,0.228125,0.625,0.15625,427.0,221,50.22060009650886,4,87,174,221,32,0,46,46,"16,32,64,128",4,leakage_accounting=approximate_internal_transcript,1024,20,real_data,4,seeded_random,1,29020ebdb18ce89f
real_typeii_20db_d1024_bw120_blk0,cascade_lite,0,True,True,0.21875,0.021875,0.0,0.0,378.0,46,17.156000016257167,4,150,300,46,32,0,14,14,"8,16,32,64",6,leakage_accounting=approximate_internal_transcript,1024,120,real_data,16,seeded_random,0,90e9c5c1c4435fdb
real_typeii_20db_d1024_bw120_blk0,cascade_lite,1,True,True,0.1875,0.01875,0.0,0.0,368.0,36,27.16680010780692,4,150,300,36,32,0,12,12,"8,16,32,64",6,leakage_accounting=approximate_internal_transcript,1024,120,real_data,16,seeded_random,0,90e9c5c1c4435fdb
real_typeii_20db_d1024_bw120_blk0,cascade_lite,2,True,True,0.21875,0.021875,0.0,0.0,374.0,42,21.673400071449578,4,150,300,42,32,0,14,14,"8,16,32,64",6,leakage_accounting=approximate_internal_transcript,1024,120,real_data,16,seeded_random,0,90e9c5c1c4435fdb
real_typeii_20db_d1024_bw120_blk0,cascade_lite,3,True,True,0.25,0.025,0.0,0.0,382.0,50,27.14170003309846,4,150,300,50,32,0,16,16,"8,16,32,64",6,leakage_accounting=approximate_internal_transcript,1024,120,real_data,16,seeded_random,0,90e9c5c1c4435fdb
real_typeii_20db_d1024_bw120_blk0,cascade_lite,4,True,True,0.234375,0.0234375,0.0,0.0,381.0,49,10.991099989041686,4,150,300,49,32,0,15,15,"8,16,32,64",6,leakage_accounting=approximate_internal_transcript,1024,120,real_data,16,seeded_random,0,90e9c5c1c4435fdb
real_typeii_20db_d1024_bw120_blk0,cascade_lite,5,True,True,0.21875,0.021875,0.0,0.0,374.0,42,26.598599972203374,4,150,300,42,32,0,14,14,"8,16,32,64",6,leakage_accounting=approximate_internal_transcript,1024,120,real_data,16,seeded_random,0,90e9c5c1c4435fdb
real_typeii_20db_d1024_bw120_blk0,cascade_lite,6,True,True,0.25,0.025,0.0,0.0,382.0,50,13.212299905717373,4,150,300,50,32,0,16,16,"8,16,32,64",6,leakage_accounting=approximate_internal_transcript,1024,120,real_data,16,seeded_random,0,90e9c5c1c4435fdb
real_typeii_20db_d1024_bw120_blk0,cascade_lite,7,True,True,0.140625,0.0140625,0.0,0.0,359.0,27,19.831600016914308,4,150,300,27,32,0,9,9,"8,16,32,64",6,leakage_accounting=approximate_internal_transcript,1024,120,real_data,16,seeded_random,0,90e9c5c1c4435fdb
real_typeii_20db_d1024_bw120_blk0,cascade_lite,8,True,True,0.234375,0.0234375,0.0,0.0,379.0,47,26.10249991994351,4,150,300,47,32,0,15,15,"8,16,32,64",6,leakage_accounting=approximate_internal_transcript,1024,120,real_data,16,seeded_random,0,90e9c5c1c4435fdb
real_typeii_20db_d1024_bw120_blk0,cascade_lite,9,True,True,0.15625,0.015625,0.0,0.0,362.0,30,36.480900016613305,4,150,300,30,32,0,10,10,"8,16,32,64",6,leakage_accounting=approximate_internal_transcript,1024,120,real_data,16,seeded_random,0,90e9c5c1c4435fdb
real_typeii_20db_d1024_bw120_blk0,cascade_lite,10,True,True,0.21875,0.021875,0.0,0.0,374.0,42,19.528199918568134,4,150,300,42,32,0,14,14,"8,16,32,64",6,leakage_accounting=approximate_internal_transcript,1024,120,real_data,16,seeded_random,0,90e9c5c1c4435fdb
real_typeii_20db_d1024_bw120_blk0,cascade_lite,11,True,True,0.296875,0.0296875,0.0,0.0,395.0,63,37.70039998926222,4,150,300,63,32,0,19,19,"8,16,32,64",6,leakage_accounting=approximate_internal_transcript,1024,120,real_data,16,seeded_random,0,90e9c5c1c4435fdb
real_typeii_20db_d1024_bw120_blk0,cascade_lite,12,True,True,0.140625,0.0140625,0.0,0.0,359.0,27,64.10560000222176,4,150,300,27,32,0,9,9,"8,16,32,64",6,leakage_accounting=approximate_internal_transcript,1024,120,real_data,16,seeded_random,0,90e9c5c1c4435fdb
real_typeii_20db_d1024_bw120_blk0,cascade_lite,13,True,True,0.25,0.025,0.0,0.0,382.0,50,48.57109999284148,4,150,300,50,32,0,16,16,"8,16,32,64",6,leakage_accounting=approximate_internal_transcript,1024,120,real_data,16,seeded_random,0,90e9c5c1c4435fdb
real_typeii_20db_d1024_bw120_blk0,cascade_lite,14,True,True,0.234375,0.0234375,0.0,0.0,381.0,49,37.66989998985082,4,150,300,49,32,0,15,15,"8,16,32,64",6,leakage_accounting=approximate_internal_transcript,1024,120,real_data,16,seeded_random,0,90e9c5c1c4435fdb
real_typeii_20db_d1024_bw120_blk0,cascade_lite,15,True,True,0.28125,0.028125,0.0,0.0,388.0,56,65.94350002706051,4,150,300,56,32,0,18,18,"8,16,32,64",6,leakage_accounting=approximate_internal_transcript,1024,120,real_data,16,seeded_random,0,90e9c5c1c4435fdb
real_typeii_20db_d1024_bw20_blk0,cascade_lite,0,True,False,0.71875,0.225,0.609375,0.1609375,394.0,196,54.26459992304444,4,83,166,196,32,0,41,41,"16,32,64,128",4,leakage_accounting=approximate_internal_transcript,1024,20,real_data,4,seeded_random,0,3ddb0e813f8c9fa7
real_typeii_20db_d1024_bw20_blk0,cascade_lite,1,True,False,0.671875,0.1984375,0.484375,0.11875,436.0,232,50.36590003874153,4,86,172,232,32,0,51,51,"16,32,64,128",4,leakage_accounting=approximate_internal_transcript,1024,20,real_data,4,seeded_random,0,3ddb0e813f8c9fa7
real_typeii_20db_d1024_bw20_blk0,cascade_lite,2,True,False,0.578125,0.1796875,0.421875,0.103125,425.0,219,55.99250004161149,4,87,174,219,32,0,49,49,"16,32,64,128",4,leakage_accounting=approximate_internal_transcript,1024,20,real_data,4,seeded_random,0,3ddb0e813f8c9fa7
real_typeii_20db_d1024_bw20_blk0,cascade_lite,3,True,False,0.703125,0.228125,0.609375,0.16875,369.0,171,46.600200003013015,4,83,166,171,32,0,38,38,"16,32,64,128",4,leakage_accounting=approximate_internal_transcript,1024,20,real_data,4,seeded_random,0,3ddb0e813f8c9fa7
real_typeii_20db_d1024_bw20_blk0,cascade_lite,0,True,False,0.71875,0.225,0.546875,0.1078125,579.0,345,26.544000022113323,4,101,202,345,32,0,75,75,"16,32,64,128",6,leakage_accounting=approximate_internal_transcript,1024,20,real_data,4,seeded_random,1,bbcdaabb0f38893b
real_typeii_20db_d1024_bw20_blk0,cascade_lite,1,True,False,0.671875,0.1984375,0.546875,0.121875,418.0,218,57.05760000273585,4,84,168,218,32,0,49,49,"16,32,64,128",6,leakage_accounting=approximate_internal_transcript,1024,20,real_data,4,seeded_random,1,bbcdaabb0f38893b
real_typeii_20db_d1024_bw20_blk0,cascade_lite,2,True,False,0.578125,0.1796875,0.40625,0.103125,438.0,226,30.960000003688037,4,90,180,226,32,0,49,49,"16,32,64,128",6,leakage_accounting=approximate_internal_transcript,1024,20,real_data,4,seeded_random,1,bbcdaabb0f38893b
real_typeii_20db_d1024_bw20_blk0,cascade_lite,3,True,False,0.703125,0.228125,0.625,0.15625,427.0,221,53.090899949893355,4,87,174,221,32,0,46,46,"16,32,64,128",6,leakage_accounting=approximate_internal_transcript,1024,20,real_data,4,seeded_random,1,bbcdaabb0f38893b
real_typeii_20db_d1024_bw20_blk0,cascade_lite,0,True,False,0.71875,0.225,0.609375,0.1609375,394.0,196,44.111300026997924,4,83,166,196,32,0,41,41,"16,32,64,128",6,leakage_accounting=approximate_internal_transcript,1024,20,real_data,4,seeded_random,0,c8e68be9f13a3ff7
real_typeii_20db_d1024_bw20_blk0,cascade_lite,1,True,False,0.671875,0.1984375,0.484375,0.11875,436.0,232,66.73160009086132,4,86,172,232,32,0,51,51,"16,32,64,128",6,leakage_accounting=approximate_internal_transcript,1024,20,real_data,4,seeded_random,0,c8e68be9f13a3ff7
real_typeii_20db_d1024_bw20_blk0,cascade_lite,2,True,False,0.578125,0.1796875,0.421875,0.103125,425.0,219,93.61260000150651,4,87,174,219,32,0,49,49,"16,32,64,128",6,leakage_accounting=approximate_internal_transcript,1024,20,real_data,4,seeded_random,0,c8e68be9f13a3ff7
real_typeii_20db_d1024_bw20_blk0,cascade_lite,3,True,False,0.703125,0.228125,0.609375,0.16875,369.0,171,50.26339995674789,4,83,166,171,32,0,38,38,"16,32,64,128",6,leakage_accounting=approximate_internal_transcript,1024,20,real_data,4,seeded_random,0,c8e68be9f13a3ff7
real_typeii_20db_d1024_bw120_blk0,cascade_lite,0,True,True,0.21875,0.021875,0.0,0.0,238.0,56,33.20559998974204,4,75,150,56,32,0,14,14,"16,32,64,128",4,leakage_accounting=approximate_internal_transcript,1024,120,real_data,16,seeded_random,1,ad1f4d64f73fcc30
real_typeii_20db_d1024_bw120_blk0,cascade_lite,1,True,True,0.1875,0.01875,0.0,0.0,232.0,50,23.74269999563694,4,75,150,50,32,0,12,12,"16,32,64,128",4,leakage_accounting=approximate_internal_transcript,1024,120,real_data,16,seeded_random,1,ad1f4d64f73fcc30
real_typeii_20db_d1024_bw120_blk0,cascade_lite,2,True,True,0.21875,0.021875,0.0,0.0,238.0,56,25.18729993607849,4,75,150,56,32,0,14,14,"16,32,64,128",4,leakage_accounting=approximate_internal_transcript,1024,120,real_data,16,seeded_random,1,ad1f4d64f73fcc30
real_typeii_20db_d1024_bw120_blk0,cascade_lite,3,True,True,0.25,0.025,0.0,0.0,251.0,67,30.543499975465238,4,76,152,67,32,0,16,16,"16,32,64,128",4,leakage_accounting=approximate_internal_transcript,1024,120,real_data,16,seeded_random,1,ad1f4d64f73fcc30
real_typeii_20db_d1024_bw120_blk0,cascade_lite,4,True,True,0.234375,0.0234375,0.0,0.0,244.0,62,20.073799998499453,4,75,150,62,32,0,15,15,"16,32,64,128",4,leakage_accounting=approximate_internal_transcript,1024,120,real_data,16,seeded_random,1,ad1f4d64f73fcc30
real_typeii_20db_d1024_bw120_blk0,cascade_lite,5,True,True,0.21875,0.021875,0.0,0.0,242.0,60,48.49700001068413,4,75,150,60,32,0,14,14,"16,32,64,128",4,leakage_accounting=approximate_internal_transcript,1024,120,real_data,16,seeded_random,1,ad1f4d64f73fcc30
real_typeii_20db_d1024_bw120_blk0,cascade_lite,6,True,True,0.25,0.025,0.0,0.0,249.0,65,21.48160000797361,4,76,152,65,32,0,16,16,"16,32,64,128",4,leakage_accounting=approximate_internal_transcript,1024,120,real_data,16,seeded_random,1,ad1f4d64f73fcc30
real_typeii_20db_d1024_bw120_blk0,cascade_lite,7,True,True,0.140625,0.0140625,0.0,0.0,218.0,36,63.13289992976934,4,75,150,36,32,0,9,9,"16,32,64,128",4,leakage_accounting=approximate_internal_transcript,1024,120,real_data,16,seeded_random,1,ad1f4d64f73fcc30
real_typeii_20db_d1024_bw120_blk0,cascade_lite,8,True,True,0.234375,0.0234375,0.0,0.0,242.0,60,57.8718000324443,4,75,150,60,32,0,15,15,"16,32,64,128",4,leakage_accounting=approximate_internal_transcript,1024,120,real_data,16,seeded_random,1,ad1f4d64f73fcc30
real_typeii_20db_d1024_bw120_blk0,cascade_lite,9,True,True,0.15625,0.015625,0.0,0.0,226.0,44,25.159299955703318,4,75,150,44,32,0,10,10,"16,32,64,128",4,leakage_accounting=approximate_internal_transcript,1024,120,real_data,16,seeded_random,1,ad1f4d64f73fcc30
real_typeii_20db_d1024_bw120_blk0,cascade_lite,10,True,True,0.21875,0.021875,0.0,0.0,244.0,60,39.77949998807162,4,76,152,60,32,0,14,14,"16,32,64,128",4,leakage_accounting=approximate_internal_transcript,1024,120,real_data,16,seeded_random,1,ad1f4d64f73fcc30
real_typeii_20db_d1024_bw120_blk0,cascade_lite,11,True,True,0.296875,0.0296875,0.0,0.0,263.0,79,75.7273999042809,4,76,152,79,32,0,19,19,"16,32,64,128",4,leakage_accounting=approximate_internal_transcript,1024,120,real_data,16,seeded_random,1,ad1f4d64f73fcc30
real_typeii_20db_d1024_bw120_blk0,cascade_lite,12,True,True,0.140625,0.0140625,0.0,0.0,220.0,38,34.68020004220307,4,75,150,38,32,0,9,9,"16,32,64,128",4,leakage_accounting=approximate_internal_transcript,1024,120,real_data,16,seeded_random,1,ad1f4d64f73fcc30
real_typeii_20db_d1024_bw120_blk0,cascade_lite,13,True,True,0.25,0.025,0.0,0.0,254.0,72,40.3591999784112,4,75,150,72,32,0,16,16,"16,32,64,128",4,leakage_accounting=approximate_internal_transcript,1024,120,real_data,16,seeded_random,1,ad1f4d64f73fcc30
real_typeii_20db_d1024_bw120_blk0,cascade_lite,14,True,True,0.234375,0.0234375,0.0,0.0,252.0,70,45.0066999765113,4,75,150,70,32,0,15,15,"16,32,64,128",4,leakage_accounting=approximate_internal_transcript,1024,120,real_data,16,seeded_random,1,ad1f4d64f73fcc30
real_typeii_20db_d1024_bw120_blk0,cascade_lite,15,True,True,0.28125,0.028125,0.0,0.0,258.0,76,39.438400068320334,4,75,150,76,32,0,18,18,"16,32,64,128",4,leakage_accounting=approximate_internal_transcript,1024,120,real_data,16,seeded_random,1,ad1f4d64f73fcc30
real_typeii_20db_d1024_bw20_blk0,cascade_lite,0,True,False,0.71875,0.225,0.40625,0.165625,446.0,114,16.912100021727383,4,150,300,114,32,0,38,38,"8,16,32,64",6,leakage_accounting=approximate_internal_transcript,1024,20,real_data,16,identity,1,f21d3c73c2c63926
real_typeii_20db_d1024_bw20_blk0,cascade_lite,1,True,False,0.671875,0.1984375,0.375,0.140625,443.0,111,40.44889996293932,4,150,300,111,32,0,37,37,"8,16,32,64",6,leakage_accounting=approximate_internal_transcript,1024,20,real_data,16,identity,1,f21d3c73c2c63926
real_typeii_20db_d1024_bw20_blk0,cascade_lite,2,True,False,0.578125,0.1796875,0.375,0.128125,431.0,99,25.00189992133528,4,150,300,99,32,0,33,33,"8,16,32,64",6,leakage_accounting=approximate_internal_transcript,1024,20,real_data,16,identity,1,f21d3c73c2c63926
real_typeii_20db_d1024_bw20_blk0,cascade_lite,3,True,False,0.703125,0.228125,0.453125,0.178125,428.0,96,17.279500025324523,4,150,300,96,32,0,32,32,"8,16,32,64",6,leakage_accounting=approximate_internal_transcript,1024,20,real_data,16,identity,1,f21d3c73c2c63926
real_typeii_20db_d1024_bw20_blk0,cascade_lite,4,True,False,0.734375,0.1734375,0.359375,0.1125,449.0,117,36.7154999403283,4,150,300,117,32,0,39,39,"8,16,32,64",6,leakage_accounting=approximate_internal_transcript,1024,20,real_data,16,identity,1,f21d3c73c2c63926
real_typeii_20db_d1024_bw20_blk0,cascade_lite,5,True,False,0.609375,0.1703125,0.359375,0.128125,413.0,81,18.560500000603497,4,150,300,81,32,0,27,27,"8,16,32,64",6,leakage_accounting=approximate_internal_transcript,1024,20,real_data,16,identity,1,f21d3c73c2c63926
real_typeii_20db_d1024_bw20_blk0,cascade_lite,6,True,False,0.546875,0.1484375,0.34375,0.109375,407.0,75,17.98929995857179,4,150,300,75,32,0,25,25,"8,16,32,64",6,leakage_accounting=approximate_internal_transcript,1024,20,real_data,16,identity,1,f21d3c73c2c63926
real_typeii_20db_d1024_bw20_blk0,cascade_lite,7,True,False,0.625,0.175,0.375,0.121875,434.0,102,15.304000000469387,4,150,300,102,32,0,34,34,"8,16,32,64",6,leakage_accounting=approximate_internal_transcript,1024,20,real_data,16,identity,1,f21d3c73c2c63926
real_typeii_20db_d1024_bw20_blk0,cascade_lite,8,True,False,0.6875,0.1890625,0.375,0.140625,425.0,93,16.137000056914985,4,150,300,93,32,0,31,31,"8,16,32,64",6,leakage_accounting=approximate_internal_transcript,1024,20,real_data,16,identity,1,f21d3c73c2c63926
real_typeii_20db_d1024_bw20_blk0,cascade_lite,9,True,False,0.625,0.1890625,0.375,0.146875,413.0,81,18.630200065672398,4,150,300,81,32,0,27,27,"8,16,32,64",6,leakage_accounting=approximate_internal_transcript,1024,20,real_data,16,identity,1,f21d3c73c2c63926
real_typeii_20db_d1024_bw20_blk0,cascade_lite,10,True,False,0.640625,0.1859375,0.359375,0.14375,413.0,81,5.493799922987819,4,150,300,81,32,0,27,27,"8,16,32,64",6,leakage_accounting=approximate_internal_transcript,1024,20,real_data,16,identity,1,f21d3c73c2c63926
real_typeii_20db_d1024_bw20_blk0,cascade_lite,11,True,False,0.625,0.1671875,0.3125,0.115625,431.0,99,4.654000047594309,4,150,300,99,32,0,33,33,"8,16,32,64",6,leakage_accounting=approximate_internal_transcript,1024,20,real_data,16,identity,1,f21d3c73c2c63926
real_typeii_20db_d1024_bw20_blk0,cascade_lite,12,True,False,0.546875,0.15625,0.328125,0.10625,428.0,96,3.5822000354528427,4,150,300,96,32,0,32,32,"8,16,32,64",6,leakage_accounting=approximate_internal_transcript,1024,20,real_data,16,identity,1,f21d3c73c2c63926
real_typeii_20db_d1024_bw20_blk0,cascade_lite,13,True,False,0.765625,0.24375,0.4375,0.175,464.0,132,12.712899944745004,4,150,300,132,32,0,44,44,"8,16,32,64",6,leakage_accounting=approximate_internal_transcript,1024,20,real_data,16,identity,1,f21d3c73c2c63926
real_typeii_20db_d1024_bw20_blk0,cascade_lite,14,True,False,0.609375,0.19375,0.390625,0.146875,422.0,90,19.516600063070655,4,150,300,90,32,0,30,30,"8,16,32,64",6,leakage_accounting=approximate_internal_transcript,1024,20,real_data,16,identity,1,f21d3c73c2c63926
real_typeii_20db_d1024_bw20_blk0,cascade_lite,15,True,False,0.5625,0.165625,0.25,0.115625,428.0,96,9.64100006967783,4,150,300,96,32,0,32,32,"8,16,32,64",6,leakage_accounting=approximate_internal_transcript,1024,20,real_data,16,identity,1,f21d3c73c2c63926
real_typeii_20db_d1024_bw20_blk0,cascade_lite,0,True,False,0.71875,0.225,0.40625,0.165625,446.0,114,7.790699950419366,4,150,300,114,32,0,38,38,"8,16,32,64",4,leakage_accounting=approximate_internal_transcript,1024,20,real_data,16,identity,1,462a3bc6d744a527
real_typeii_20db_d1024_bw20_blk0,cascade_lite,1,True,False,0.671875,0.1984375,0.375,0.140625,443.0,111,27.478199917823076,4,150,300,111,32,0,37,37,"8,16,32,64",4,leakage_accounting=approximate_internal_transcript,1024,20,real_data,16,identity,1,462a3bc6d744a527
real_typeii_20db_d1024_bw20_blk0,cascade_lite,2,True,False,0.578125,0.1796875,0.375,0.128125,431.0,99,38.313500001095235,4,150,300,99,32,0,33,33,"8,16,32,64",4,leakage_accounting=approximate_internal_transcript,1024,20,real_data,16,identity,1,462a3bc6d744a527
real_typeii_20db_d1024_bw20_blk0,cascade_lite,3,True,False,0.703125,0.228125,0.453125,0.178125,428.0,96,15.80129994545132,4,150,300,96,32,0,32,32,"8,16,32,64",4,leakage_accounting=approximate_internal_transcript,1024,20,real_data,16,identity,1,462a3bc6d744a527
real_typeii_20db_d1024_bw20_blk0,cascade_lite,4,True,False,0.734375,0.1734375,0.359375,0.1125,449.0,117,26.770600001327693,4,150,300,117,32,0,39,39,"8,16,32,64",4,leakage_accounting=approximate_internal_transcript,1024,20,real_data,16,identity,1,462a3bc6d744a527
real_typeii_20db_d1024_bw20_blk0,cascade_lite,5,True,False,0.609375,0.1703125,0.359375,0.128125,413.0,81,15.806800103746355,4,150,300,81,32,0,27,27,"8,16,32,64",4,leakage_accounting=approximate_internal_transcript,1024,20,real_data,16,identity,1,462a3bc6d744a527
real_typeii_20db_d1024_bw20_blk0,cascade_lite,6,True,False,0.546875,0.1484375,0.34375,0.109375,407.0,75,26.794600067660213,4,150,300,75,32,0,25,25,"8,16,32,64",4,leakage_accounting=approximate_internal_transcript,1024,20,real_data,16,identity,1,462a3bc6d744a527
real_typeii_20db_d1024_bw20_blk0,cascade_lite,7,True,False,0.625,0.175,0.375,0.121875,434.0,102,11.287400033324957,4,150,300,102,32,0,34,34,"8,16,32,64",4,leakage_accounting=approximate_internal_transcript,1024,20,real_data,16,identity,1,462a3bc6d744a527
real_typeii_20db_d1024_bw20_blk0,cascade_lite,8,True,False,0.6875,0.1890625,0.375,0.140625,425.0,93,44.417499913834035,4,150,300,93,32,0,31,31,"8,16,32,64",4,leakage_accounting=approximate_internal_transcript,1024,20,real_data,16,identity,1,462a3bc6d744a527
real_typeii_20db_d1024_bw20_blk0,cascade_lite,9,True,False,0.625,0.1890625,0.375,0.146875,413.0,81,6.857900065369904,4,150,300,81,32,0,27,27,"8,16,32,64",4,leakage_accounting=approximate_internal_transcript,1024,20,real_data,16,identity,1,462a3bc6d744a527
real_typeii_20db_d1024_bw20_blk0,cascade_lite,10,True,False,0.640625,0.1859375,0.359375,0.14375,413.0,81,14.374300022609532,4,150,300,81,32,0,27,27,"8,16,32,64",4,leakage_accounting=approximate_internal_transcript,1024,20,real_data,16,identity,1,462a3bc6d744a527
real_typeii_20db_d1024_bw20_blk0,cascade_lite,11,True,False,0.625,0.1671875,0.3125,0.115625,431.0,99,5.612900014966726,4,150,300,99,32,0,33,33,"8,16,32,64",4,leakage_accounting=approximate_internal_transcript,1024,20,real_data,16,identity,1,462a3bc6d744a527
real_typeii_20db_d1024_bw20_blk0,cascade_lite,12,True,False,0.546875,0.15625,0.328125,0.10625,428.0,96,26.38180006761104,4,150,300,96,32,0,32,32,"8,16,32,64",4,leakage_accounting=approximate_internal_transcript,1024,20,real_data,16,identity,1,462a3bc6d744a527
real_typeii_20db_d1024_bw20_blk0,cascade_lite,13,True,False,0.765625,0.24375,0.4375,0.175,464.0,132,6.770399981178343,4,150,300,132,32,0,44,44,"8,16,32,64",4,leakage_accounting=approximate_internal_transcript,1024,20,real_data,16,identity,1,462a3bc6d744a527
real_typeii_20db_d1024_bw20_blk0,cascade_lite,14,True,False,0.609375,0.19375,0.390625,0.146875,422.0,90,15.757400076836348,4,150,300,90,32,0,30,30,"8,16,32,64",4,leakage_accounting=approximate_internal_transcript,1024,20,real_data,16,identity,1,462a3bc6d744a527
real_typeii_20db_d1024_bw20_blk0,cascade_lite,15,True,False,0.5625,0.165625,0.25,0.115625,428.0,96,16.881000017747283,4,150,300,96,32,0,32,32,"8,16,32,64",4,leakage_accounting=approximate_internal_transcript,1024,20,real_data,16,identity,1,462a3bc6d744a527
real_typeii_20db_d1024_bw120_blk0,cascade_lite,0,True,True,0.21875,0.021875,0.0,0.0,238.0,56,10.998899932019413,4,75,150,56,32,0,14,14,"16,32,64,128",6,leakage_accounting=approximate_internal_transcript,1024,120,real_data,16,seeded_random,1,91e08c4131b829cd
real_typeii_20db_d1024_bw120_blk0,cascade_lite,1,True,True,0.1875,0.01875,0.0,0.0,232.0,50,16.012500040233135,4,75,150,50,32,0,12,12,"16,32,64,128",6,leakage_accounting=approximate_internal_transcript,1024,120,real_data,16,seeded_random,1,91e08c4131b829cd
real_typeii_20db_d1024_bw120_blk0,cascade_lite,2,True,True,0.21875,0.021875,0.0,0.0,238.0,56,27.235700050368905,4,75,150,56,32,0,14,14,"16,32,64,128",6,leakage_accounting=approximate_internal_transcript,1024,120,real_data,16,seeded_random,1,91e08c4131b829cd
real_typeii_20db_d1024_bw120_blk0,cascade_lite,3,True,True,0.25,0.025,0.0,0.0,251.0,67,24.304599966853857,4,76,152,67,32,0,16,16,"16,32,64,128",6,leakage_accounting=approximate_internal_transcript,1024,120,real_data,16,seeded_random,1,91e08c4131b829cd
real_typeii_20db_d1024_bw120_blk0,cascade_lite,4,True,True,0.234375,0.0234375,0.0,0.0,244.0,62,52.78239992912859,4,75,150,62,32,0,15,15,"16,32,64,128",6,leakage_accounting=approximate_internal_transcript,1024,120,real_data,16,seeded_random,1,91e08c4131b829cd
real_typeii_20db_d1024_bw120_blk0,cascade_lite,5,True,True,0.21875,0.021875,0.0,0.0,242.0,60,77.7517999522388,4,75,150,60,32,0,14,14,"16,32,64,128",6,leakage_accounting=approximate_internal_transcript,1024,120,real_data,16,seeded_random,1,91e08c4131b829cd
real_typeii_20db_d1024_bw120_blk0,cascade_lite,6,True,True,0.25,0.025,0.0,0.0,249.0,65,33.42480002902448,4,76,152,65,32,0,16,16,"16,32,64,128",6,leakage_accounting=approximate_internal_transcript,1024,120,real_data,16,seeded_random,1,91e08c4131b829cd
real_typeii_20db_d1024_bw120_blk0,cascade_lite,7,True,True,0.140625,0.0140625,0.0,0.0,218.0,36,39.88439997192472,4,75,150,36,32,0,9,9,"16,32,64,128",6,leakage_accounting=approximate_internal_transcript,1024,120,real_data,16,seeded_random,1,91e08c4131b829cd
real_typeii_20db_d1024_bw120_blk0,cascade_lite,8,True,True,0.234375,0.0234375,0.0,0.0,242.0,60,52.97950003296137,4,75,150,60,32,0,15,15,"16,32,64,128",6,leakage_accounting=approximate_internal_transcript,1024,120,real_data,16,seeded_random,1,91e08c4131b829cd
real_typeii_20db_d1024_bw120_blk0,cascade_lite,9,True,True,0.15625,0.015625,0.0,0.0,226.0,44,60.273799928836524,4,75,150,44,32,0,10,10,"16,32,64,128",6,leakage_accounting=approximate_internal_transcript,1024,120,real_data,16,seeded_random,1,91e08c4131b829cd
real_typeii_20db_d1024_bw120_blk0,cascade_lite,10,True,True,0.21875,0.021875,0.0,0.0,244.0,60,66.91659998614341,4,76,152,60,32,0,14,14,"16,32,64,128",6,leakage_accounting=approximate_internal_transcript,1024,120,real_data,16,seeded_random,1,91e08c4131b829cd
real_typeii_20db_d1024_bw120_blk0,cascade_lite,11,True,True,0.296875,0.0296875,0.0,0.0,263.0,79,38.268999895080924,4,76,152,79,32,0,19,19,"16,32,64,128",6,leakage_accounting=approximate_internal_transcript,1024,120,real_data,16,seeded_random,1,91e08c4131b829cd
real_typeii_20db_d1024_bw120_blk0,cascade_lite,12,True,True,0.140625,0.0140625,0.0,0.0,220.0,38,23.923999979160726,4,75,150,38,32,0,9,9,"16,32,64,128",6,leakage_accounting=approximate_internal_transcript,1024,120,real_data,16,seeded_random,1,91e08c4131b829cd
real_typeii_20db_d1024_bw120_blk0,cascade_lite,13,True,True,0.25,0.025,0.0,0.0,254.0,72,34.73569999914616,4,75,150,72,32,0,16,16,"16,32,64,128",6,leakage_accounting=approximate_internal_transcript,1024,120,real_data,16,seeded_random,1,91e08c4131b829cd
real_typeii_20db_d1024_bw120_blk0,cascade_lite,14,True,True,0.234375,0.0234375,0.0,0.0,252.0,70,46.379700070247054,4,75,150,70,32,0,15,15,"16,32,64,128",6,leakage_accounting=approximate_internal_transcript,1024,120,real_data,16,seeded_random,1,91e08c4131b829cd
real_typeii_20db_d1024_bw120_blk0,cascade_lite,15,True,True,0.28125,0.028125,0.0,0.0,258.0,76,38.54430001229048,4,75,150,76,32,0,18,18,"16,32,64,128",6,leakage_accounting=approximate_internal_transcript,1024,120,real_data,16,seeded_random,1,91e08c4131b829cd
real_typeii_20db_d16_bw150_blk0,cascade_lite,0,True,False,0.125,0.06640625,0.109375,0.0546875,161.0,9,0.2877999795600772,4,60,120,9,32,0,3,3,"8,16,32,64",4,leakage_accounting=approximate_internal_transcript,16,150,real_data,4,identity,0,6c76f6300a2bf603
real_typeii_20db_d16_bw150_blk0,cascade_lite,1,True,False,0.109375,0.03515625,0.015625,0.0078125,173.0,21,0.3163999645039439,4,60,120,21,32,0,7,7,"8,16,32,64",4,leakage_accounting=approximate_internal_transcript,16,150,real_data,4,identity,0,6c76f6300a2bf603
real_typeii_20db_d16_bw150_blk0,cascade_lite,2,True,False,0.09375,0.03125,0.03125,0.015625,164.0,12,0.2559999702498317,4,60,120,12,32,0,4,4,"8,16,32,64",4,leakage_accounting=approximate_internal_transcript,16,150,real_data,4,identity,0,6c76f6300a2bf603
real_typeii_20db_d16_bw150_blk0,cascade_lite,3,True,False,0.171875,0.06640625,0.0625,0.03125,179.0,27,0.3434000536799431,4,60,120,27,32,0,9,9,"8,16,32,64",4,leakage_accounting=approximate_internal_transcript,16,150,real_data,4,identity,0,6c76f6300a2bf603
real_typeii_20db_d16_bw150_blk0,cascade_lite,0,True,False,0.125,0.06640625,0.109375,0.0546875,161.0,9,0.27790002059191465,4,60,120,9,32,0,3,3,"8,16,32,64",4,leakage_accounting=approximate_internal_transcript,16,150,real_data,4,identity,1,1f589a8f8fc4f2a6
real_typeii_20db_d16_bw150_blk0,cascade_lite,1,True,False,0.109375,0.03515625,0.015625,0.0078125,173.0,21,0.3162999637424946,4,60,120,21,32,0,7,7,"8,16,32,64",4,leakage_accounting=approximate_internal_transcript,16,150,real_data,4,identity,1,1f589a8f8fc4f2a6
real_typeii_20db_d16_bw150_blk0,cascade_lite,2,True,False,0.09375,0.03125,0.03125,0.015625,164.0,12,0.25949999690055847,4,60,120,12,32,0,4,4,"8,16,32,64",4,leakage_accounting=approximate_internal_transcript,16,150,real_data,4,identity,1,1f589a8f8fc4f2a6
real_typeii_20db_d16_bw150_blk0,cascade_lite,3,True,False,0.171875,0.06640625,0.0625,0.03125,179.0,27,0.3426999319344759,4,60,120,27,32,0,9,9,"8,16,32,64",4,leakage_accounting=approximate_internal_transcript,16,150,real_data,4,identity,1,1f589a8f8fc4f2a6
real_typeii_20db_d1024_bw120_blk0,cascade_lite,0,True,True,0.21875,0.021875,0.0,0.0,245.0,61,17.501200083643198,4,76,152,61,32,0,14,14,"16,32,64,128",6,leakage_accounting=approximate_internal_transcript,1024,120,real_data,16,seeded_random,0,f4cc5c3e86519271
real_typeii_20db_d1024_bw120_blk0,cascade_lite,1,True,True,0.1875,0.01875,0.0,0.0,234.0,52,10.453600087203085,4,75,150,52,32,0,12,12,"16,32,64,128",6,leakage_accounting=approximate_internal_transcript,1024,120,real_data,16,seeded_random,0,f4cc5c3e86519271
real_typeii_20db_d1024_bw120_blk0,cascade_lite,2,True,True,0.21875,0.021875,0.0,0.0,246.0,64,12.093600002117455,4,75,150,64,32,0,14,14,"16,32,64,128",6,leakage_accounting=approximate_internal_transcript,1024,120,real_data,16,seeded_random,0,f4cc5c3e86519271
real_typeii_20db_d1024_bw120_blk0,cascade_lite,3,True,True,0.25,0.025,0.0,0.0,256.0,74,36.40029998496175,4,75,150,74,32,0,16,16,"16,32,64,128",6,leakage_accounting=approximate_internal_transcript,1024,120,real_data,16,seeded_random,0,f4cc5c3e86519271
real_typeii_20db_d1024_bw120_blk0,cascade_lite,4,True,True,0.234375,0.0234375,0.0,0.0,250.0,68,60.685900039970875,4,75,150,68,32,0,15,15,"16,32,64,128",6,leakage_accounting=approximate_internal_transcript,1024,120,real_data,16,seeded_random,0,f4cc5c3e86519271
real_typeii_20db_d1024_bw120_blk0,cascade_lite,5,True,True,0.21875,0.021875,0.0,0.0,238.0,56,30.770700075663626,4,75,150,56,32,0,14,14,"16,32,64,128",6,leakage_accounting=approximate_internal_transcript,1024,120,real_data,16,seeded_random,0,f4cc5c3e86519271
real_typeii_20db_d1024_bw120_blk0,cascade_lite,6,True,True,0.25,0.025,0.0,0.0,256.0,74,74.17240005452186,4,75,150,74,32,0,16,16,"16,32,64,128",6,leakage_accounting=approximate_internal_transcript,1024,120,real_data,16,seeded_random,0,f4cc5c3e86519271
real_typeii_20db_d1024_bw120_blk0,cascade_lite,7,True,True,0.140625,0.0140625,0.0,0.0,218.0,36,41.75920004490763,4,75,150,36,32,0,9,9,"16,32,64,128",6,leakage_accounting=approximate_internal_transcript,1024,120,real_data,16,seeded_random,0,f4cc5c3e86519271
real_typeii_20db_d1024_bw120_blk0,cascade_lite,8,True,True,0.234375,0.0234375,0.0,0.0,247.0,63,32.27189998142421,4,76,152,63,32,0,15,15,"16,32,64,128",6,leakage_accounting=approximate_internal_transcript,1024,120,real_data,16,seeded_random,0,f4cc5c3e86519271
real_typeii_20db_d1024_bw120_blk0,cascade_lite,9,True,True,0.15625,0.015625,0.0,0.0,222.0,40,53.69650002103299,4,75,150,40,32,0,10,10,"16,32,64,128",6,leakage_accounting=approximate_internal_transcript,1024,120,real_data,16,seeded_random,0,f4cc5c3e86519271
real_typeii_20db_d1024_bw120_blk0,cascade_lite,10,True,True,0.21875,0.021875,0.0,0.0,242.0,60,50.326499971561134,4,75,150,60,32,0,14,14,"16,32,64,128",6,leakage_accounting=approximate_internal_transcript,1024,120,real_data,16,seeded_random,0,f4cc5c3e86519271
real_typeii_20db_d1024_bw120_blk0,cascade_lite,11,True,True,0.296875,0.0296875,0.0,0.0,266.0,82,37.56810002960265,4,76,152,82,32,0,19,19,"16,32,64,128",6,leakage_accounting=approximate_internal_transcript,1024,120,real_data,16,seeded_random,0,f4cc5c3e86519271
real_typeii_20db_d1024_bw120_blk0,cascade_lite,12,True,True,0.140625,0.0140625,0.0,0.0,218.0,36,33.3165000192821,4,75,150,36,32,0,9,9,"16,32,64,128",6,leakage_accounting=approximate_internal_transcript,1024,120,real_data,16,seeded_random,0,f4cc5c3e86519271
real_typeii_20db_d1024_bw120_blk0,cascade_lite,13,True,True,0.25,0.025,0.0,0.0,250.0,68,24.270499940030277,4,75,150,68,32,0,16,16,"16,32,64,128",6,leakage_accounting=approximate_internal_transcript,1024,120,real_data,16,seeded_random,0,f4cc5c3e86519271
real_typeii_20db_d1024_bw120_blk0,cascade_lite,14,True,True,0.234375,0.0234375,0.0,0.0,246.0,64,40.45239998959005,4,75,150,64,32,0,15,15,"16,32,64,128",6,leakage_accounting=approximate_internal_transcript,1024,120,real_data,16,seeded_random,0,f4cc5c3e86519271
real_typeii_20db_d1024_bw120_blk0,cascade_lite,15,True,True,0.28125,0.028125,0.0,0.0,262.0,80,115.37390004377812,4,75,150,80,32,0,18,18,"16,32,64,128",6,leakage_accounting=approximate_internal_transcript,1024,120,real_data,16,seeded_random,0,f4cc5c3e86519271
real_typeii_20db_d16_bw150_blk0,cascade_lite,0,True,True,0.125,0.06640625,0.0,0.0,213.0,61,4.156699986197054,4,60,120,61,32,0,17,17,"8,16,32,64",4,leakage_accounting=approximate_internal_transcript,16,150,real_data,4,seeded_random,1,b9f654c90a774d3d
real_typeii_20db_d16_bw150_blk0,cascade_lite,1,True,True,0.109375,0.03515625,0.0,0.0,181.0,29,5.026399972848594,4,60,120,29,32,0,9,9,"8,16,32,64",4,leakage_accounting=approximate_internal_transcript,16,150,real_data,4,seeded_random,1,b9f654c90a774d3d
real_typeii_20db_d16_bw150_blk0,cascade_lite,2,True,True,0.09375,0.03125,0.0,0.0,180.0,28,4.130199900828302,4,60,120,28,32,0,8,8,"8,16,32,64",4,leakage_accounting=approximate_internal_transcript,16,150,real_data,4,seeded_random,1,b9f654c90a774d3d
real_typeii_20db_d16_bw150_blk0,cascade_lite,3,True,True,0.171875,0.06640625,0.0,0.0,211.0,59,20.553200040012598,4,60,120,59,32,0,17,17,"8,16,32,64",4,leakage_accounting=approximate_internal_transcript,16,150,real_data,4,seeded_random,1,b9f654c90a774d3d
real_typeii_20db_d16_bw150_blk0,cascade_lite,0,True,False,0.125,0.06640625,0.109375,0.0546875,161.0,9,0.29550003819167614,4,60,120,9,32,0,3,3,"8,16,32,64",6,leakage_accounting=approximate_internal_transcript,16,150,real_data,4,identity,0,47bfc7ece074fdaa
real_typeii_20db_d16_bw150_blk0,cascade_lite,1,True,False,0.109375,0.03515625,0.015625,0.0078125,173.0,21,0.31150004360824823,4,60,120,21,32,0,7,7,"8,16,32,64",6,leakage_accounting=approximate_internal_transcript,16,150,real_data,4,identity,0,47bfc7ece074fdaa
real_typeii_20db_d16_bw150_blk0,cascade_lite,2,True,False,0.09375,0.03125,0.03125,0.015625,164.0,12,0.29639992862939835,4,60,120,12,32,0,4,4,"8,16,32,64",6,leakage_accounting=approximate_internal_transcript,16,150,real_data,4,identity,0,47bfc7ece074fdaa
real_typeii_20db_d16_bw150_blk0,cascade_lite,3,True,False,0.171875,0.06640625,0.0625,0.03125,179.0,27,0.3450000658631325,4,60,120,27,32,0,9,9,"8,16,32,64",6,leakage_accounting=approximate_internal_transcript,16,150,real_data,4,identity,0,47bfc7ece074fdaa
real_typeii_20db_d16_bw150_blk0,cascade_lite,0,True,False,0.125,0.06640625,0.109375,0.0546875,161.0,9,0.28389994986355305,4,60,120,9,32,0,3,3,"8,16,32,64",6,leakage_accounting=approximate_internal_transcript,16,150,real_data,4,identity,1,d825734b6395c173
real_typeii_20db_d16_bw150_blk0,cascade_lite,1,True,False,0.109375,0.03515625,0.015625,0.0078125,173.0,21,0.3386000171303749,4,60,120,21,32,0,7,7,"8,16,32,64",6,leakage_accounting=approximate_internal_transcript,16,150,real_data,4,identity,1,d825734b6395c173
real_typeii_20db_d16_bw150_blk0,cascade_lite,2,True,False,0.09375,0.03125,0.03125,0.015625,164.0,12,0.2853000769391656,4,60,120,12,32,0,4,4,"8,16,32,64",6,leakage_accounting=approximate_internal_transcript,16,150,real_data,4,identity,1,d825734b6395c173
real_typeii_20db_d16_bw150_blk0,cascade_lite,3,True,False,0.171875,0.06640625,0.0625,0.03125,179.0,27,0.36479998379945755,4,60,120,27,32,0,9,9,"8,16,32,64",6,leakage_accounting=approximate_internal_transcript,16,150,real_data,4,identity,1,d825734b6395c173
real_typeii_20db_d16_bw150_blk0,cascade_lite,0,True,True,0.125,0.06640625,0.0,0.0,211.0,55,22.83589995931834,4,62,124,55,32,0,17,17,"8,16,32,64",4,leakage_accounting=approximate_internal_transcript,16,150,real_data,4,seeded_random,0,ef3fd819508ca339
real_typeii_20db_d16_bw150_blk0,cascade_lite,1,True,True,0.109375,0.03515625,0.0,0.0,181.0,29,0.5775999743491411,4,60,120,29,32,0,9,9,"8,16,32,64",4,leakage_accounting=approximate_internal_transcript,16,150,real_data,4,seeded_random,0,ef3fd819508ca339
real_typeii_20db_d16_bw150_blk0,cascade_lite,2,True,True,0.09375,0.03125,0.0,0.0,176.0,24,4.404000006616116,4,60,120,24,32,0,8,8,"8,16,32,64",4,leakage_accounting=approximate_internal_transcript,16,150,real_data,4,seeded_random,0,ef3fd819508ca339
real_typeii_20db_d16_bw150_blk0,cascade_lite,3,True,True,0.171875,0.06640625,0.0,0.0,205.0,53,29.497499926947057,4,60,120,53,32,0,17,17,"8,16,32,64",4,leakage_accounting=approximate_internal_transcript,16,150,real_data,4,seeded_random,0,ef3fd819508ca339
real_typeii_20db_d1024_bw20_blk0,cascade_lite,0,True,False,0.71875,0.225,0.53125,0.190625,270.0,88,4.198199952952564,4,75,150,88,32,0,22,22,"16,32,64,128",4,leakage_accounting=approximate_internal_transcript,1024,20,real_data,16,identity,0,9d423c80473677e6
real_typeii_20db_d1024_bw20_blk0,cascade_lite,1,True,False,0.671875,0.1984375,0.421875,0.159375,282.0,100,23.249899968504906,4,75,150,100,32,0,25,25,"16,32,64,128",4,leakage_accounting=approximate_internal_transcript,1024,20,real_data,16,identity,0,9d423c80473677e6
real_typeii_20db_d1024_bw20_blk0,cascade_lite,2,True,False,0.578125,0.1796875,0.5,0.15625,242.0,60,6.822099909186363,4,75,150,60,32,0,15,15,"16,32,64,128",4,leakage_accounting=approximate_internal_transcript,1024,20,real_data,16,identity,0,9d423c80473677e6
real_typeii_20db_d1024_bw20_blk0,cascade_lite,3,True,False,0.703125,0.228125,0.609375,0.209375,230.0,48,29.87219998613,4,75,150,48,32,0,12,12,"16,32,64,128",4,leakage_accounting=approximate_internal_transcript,1024,20,real_data,16,identity,0,9d423c80473677e6
real_typeii_20db_d1024_bw20_blk0,cascade_lite,4,True,False,0.734375,0.1734375,0.515625,0.134375,282.0,100,25.880899978801608,4,75,150,100,32,0,25,25,"16,32,64,128",4,leakage_accounting=approximate_internal_transcript,1024,20,real_data,16,identity,0,9d423c80473677e6
real_typeii_20db_d1024_bw20_blk0,cascade_lite,5,True,False,0.609375,0.1703125,0.375,0.13125,282.0,100,3.4896000288426876,4,75,150,100,32,0,25,25,"16,32,64,128",4,leakage_accounting=approximate_internal_transcript,1024,20,real_data,16,identity,0,9d423c80473677e6
real_typeii_20db_d1024_bw20_blk0,cascade_lite,6,True,False,0.546875,0.1484375,0.453125,0.13125,226.0,44,39.518400095403194,4,75,150,44,32,0,11,11,"16,32,64,128",4,leakage_accounting=approximate_internal_transcript,1024,20,real_data,16,identity,0,9d423c80473677e6
real_typeii_20db_d1024_bw20_blk0,cascade_lite,7,True,False,0.625,0.175,0.453125,0.140625,270.0,88,19.451800035312772,4,75,150,88,32,0,22,22,"16,32,64,128",4,leakage_accounting=approximate_internal_transcript,1024,20,real_data,16,identity,0,9d423c80473677e6
real_typeii_20db_d1024_bw20_blk0,cascade_lite,8,True,False,0.6875,0.1890625,0.5,0.1625,250.0,68,33.05740002542734,4,75,150,68,32,0,17,17,"16,32,64,128",4,leakage_accounting=approximate_internal_transcript,1024,20,real_data,16,identity,0,9d423c80473677e6
real_typeii_20db_d1024_bw20_blk0,cascade_lite,9,True,False,0.625,0.1890625,0.421875,0.15625,266.0,84,41.40029998961836,4,75,150,84,32,0,21,21,"16,32,64,128",4,leakage_accounting=approximate_internal_transcript,1024,20,real_data,16,identity,0,9d423c80473677e6
real_typeii_20db_d1024_bw20_blk0,cascade_lite,10,True,False,0.640625,0.1859375,0.390625,0.153125,266.0,84,3.5973000340163708,4,75,150,84,32,0,21,21,"16,32,64,128",4,leakage_accounting=approximate_internal_transcript,1024,20,real_data,16,identity,0,9d423c80473677e6
real_typeii_20db_d1024_bw20_blk0,cascade_lite,11,True,False,0.625,0.1671875,0.453125,0.1375,258.0,76,15.16839989926666,4,75,150,76,32,0,19,19,"16,32,64,128",4,leakage_accounting=approximate_internal_transcript,1024,20,real_data,16,identity,0,9d423c80473677e6
real_typeii_20db_d1024_bw20_blk0,cascade_lite,12,True,False,0.546875,0.15625,0.40625,0.125,262.0,80,27.079800027422607,4,75,150,80,32,0,20,20,"16,32,64,128",4,leakage_accounting=approximate_internal_transcript,1024,20,real_data,16,identity,0,9d423c80473677e6
real_typeii_20db_d1024_bw20_blk0,cascade_lite,13,True,False,0.765625,0.24375,0.625,0.21875,246.0,64,14.125200104899704,4,75,150,64,32,0,16,16,"16,32,64,128",4,leakage_accounting=approximate_internal_transcript,1024,20,real_data,16,identity,0,9d423c80473677e6
real_typeii_20db_d1024_bw20_blk0,cascade_lite,14,True,False,0.609375,0.19375,0.453125,0.16875,246.0,64,46.880200039595366,4,75,150,64,32,0,16,16,"16,32,64,128",4,leakage_accounting=approximate_internal_transcript,1024,20,real_data,16,identity,0,9d423c80473677e6
real_typeii_20db_d1024_bw20_blk0,cascade_lite,15,True,False,0.5625,0.165625,0.328125,0.13125,270.0,88,2.9195001116022468,4,75,150,88,32,0,22,22,"16,32,64,128",4,leakage_accounting=approximate_internal_transcript,1024,20,real_data,16,identity,0,9d423c80473677e6
real_typeii_20db_d16_bw150_blk0,cascade_lite,0,True,False,0.125,0.06640625,0.109375,0.0546875,104.0,12,0.24020008277148008,4,30,60,12,32,0,3,3,"16,32,64,128",4,leakage_accounting=approximate_internal_transcript,16,150,real_data,4,identity,0,aeacee9a04c960ac
real_typeii_20db_d16_bw150_blk0,cascade_lite,1,True,False,0.109375,0.03515625,0.09375,0.03125,96.0,4,0.17900008242577314,4,30,60,4,32,0,1,1,"16,32,64,128",4,leakage_accounting=approximate_internal_transcript,16,150,real_data,4,identity,0,aeacee9a04c960ac
real_typeii_20db_d16_bw150_blk0,cascade_lite,2,True,False,0.09375,0.03125,0.03125,0.015625,108.0,16,0.2101999707520008,4,30,60,16,32,0,4,4,"16,32,64,128",4,leakage_accounting=approximate_internal_transcript,16,150,real_data,4,identity,0,aeacee9a04c960ac
real_typeii_20db_d16_bw150_blk0,cascade_lite,3,True,False,0.171875,0.06640625,0.09375,0.0390625,120.0,28,0.25859999004751444,4,30,60,28,32,0,7,7,"16,32,64,128",4,leakage_accounting=approximate_internal_transcript,16,150,real_data,4,identity,0,aeacee9a04c960ac
real_typeii_20db_d16_bw150_blk0,cascade_lite,0,True,False,0.125,0.06640625,0.109375,0.0546875,104.0,12,0.20859995856881142,4,30,60,12,32,0,3,3,"16,32,64,128",4,leakage_accounting=approximate_internal_transcript,16,150,real_data,4,identity,1,b274fad8603600d1
real_typeii_20db_d16_bw150_blk0,cascade_lite,1,True,False,0.109375,0.03515625,0.09375,0.03125,96.0,4,0.16199995297938585,4,30,60,4,32,0,1,1,"16,32,64,128",4,leakage_accounting=approximate_internal_transcript,16,150,real_data,4,identity,1,b274fad8603600d1
real_typeii_20db_d16_bw150_blk0,cascade_lite,2,True,False,0.09375,0.03125,0.03125,0.015625,108.0,16,0.1998000079765916,4,30,60,16,32,0,4,4,"16,32,64,128",4,leakage_accounting=approximate_internal_transcript,16,150,real_data,4,identity,1,b274fad8603600d1
real_typeii_20db_d16_bw150_blk0,cascade_lite,3,True,False,0.171875,0.06640625,0.09375,0.0390625,120.0,28,0.25079993065446615,4,30,60,28,32,0,7,7,"16,32,64,128",4,leakage_accounting=approximate_internal_transcript,16,150,real_data,4,identity,1,b274fad8603600d1
real_typeii_20db_d1024_bw20_blk0,cascade_lite,0,True,False,0.71875,0.225,0.40625,0.165625,446.0,114,69.8616000590846,4,150,300,114,32,0,38,38,"8,16,32,64",4,leakage_accounting=approximate_internal_transcript,1024,20,real_data,16,identity,0,f09d76ded5a6e7d2
real_typeii_20db_d1024_bw20_blk0,cascade_lite,1,True,False,0.671875,0.1984375,0.375,0.140625,443.0,111,13.822900014929473,4,150,300,111,32,0,37,37,"8,16,32,64",4,leakage_accounting=approximate_internal_transcript,1024,20,real_data,16,identity,0,f09d76ded5a6e7d2
real_typeii_20db_d1024_bw20_blk0,cascade_lite,2,True,False,0.578125,0.1796875,0.375,0.128125,431.0,99,34.62040005251765,4,150,300,99,32,0,33,33,"8,16,32,64",4,leakage_accounting=approximate_internal_transcript,1024,20,real_data,16,identity,0,f09d76ded5a6e7d2
real_typeii_20db_d1024_bw20_blk0,cascade_lite,3,True,False,0.703125,0.228125,0.453125,0.178125,428.0,96,32.94760000426322,4,150,300,96,32,0,32,32,"8,16,32,64",4,leakage_accounting=approximate_internal_transcript,1024,20,real_data,16,identity,0,f09d76ded5a6e7d2
real_typeii_20db_d1024_bw20_blk0,cascade_lite,4,True,False,0.734375,0.1734375,0.359375,0.1125,449.0,117,40.98819999489933,4,150,300,117,32,0,39,39,"8,16,32,64",4,leakage_accounting=approximate_internal_transcript,1024,20,real_data,16,identity,0,f09d76ded5a6e7d2
real_typeii_20db_d1024_bw20_blk0,cascade_lite,5,True,False,0.609375,0.1703125,0.359375,0.128125,413.0,81,26.300300029106438,4,150,300,81,32,0,27,27,"8,16,32,64",4,leakage_accounting=approximate_internal_transcript,1024,20,real_data,16,identity,0,f09d76ded5a6e7d2
real_typeii_20db_d1024_bw20_blk0,cascade_lite,6,True,False,0.546875,0.1484375,0.34375,0.109375,407.0,75,21.020699990913272,4,150,300,75,32,0,25,25,"8,16,32,64",4,leakage_accounting=approximate_internal_transcript,1024,20,real_data,16,identity,0,f09d76ded5a6e7d2
real_typeii_20db_d1024_bw20_blk0,cascade_lite,7,True,False,0.625,0.175,0.375,0.121875,434.0,102,30.692100059241056,4,150,300,102,32,0,34,34,"8,16,32,64",4,leakage_accounting=approximate_internal_transcript,1024,20,real_data,16,identity,0,f09d76ded5a6e7d2
real_typeii_20db_d1024_bw20_blk0,cascade_lite,8,True,False,0.6875,0.1890625,0.375,0.140625,425.0,93,20.65640001092106,4,150,300,93,32,0,31,31,"8,16,32,64",4,leakage_accounting=approximate_internal_transcript,1024,20,real_data,16,identity,0,f09d76ded5a6e7d2
real_typeii_20db_d1024_bw20_blk0,cascade_lite,9,True,False,0.625,0.1890625,0.375,0.146875,413.0,81,23.323899949900806,4,150,300,81,32,0,27,27,"8,16,32,64",4,leakage_accounting=approximate_internal_transcript,1024,20,real_data,16,identity,0,f09d76ded5a6e7d2
real_typeii_20db_d1024_bw20_blk0,cascade_lite,10,True,False,0.640625,0.1859375,0.359375,0.14375,413.0,81,7.334199966862798,4,150,300,81,32,0,27,27,"8,16,32,64",4,leakage_accounting=approximate_internal_transcript,1024,20,real_data,16,identity,0,f09d76ded5a6e7d2
real_typeii_20db_d1024_bw20_blk0,cascade_lite,11,True,False,0.625,0.1671875,0.3125,0.115625,431.0,99,45.681599993258715,4,150,300,99,32,0,33,33,"8,16,32,64",4,leakage_accounting=approximate_internal_transcript,1024,20,real_data,16,identity,0,f09d76ded5a6e7d2
real_typeii_20db_d1024_bw20_blk0,cascade_lite,12,True,False,0.546875,0.15625,0.328125,0.10625,428.0,96,10.069899959489703,4,150,300,96,32,0,32,32,"8,16,32,64",4,leakage_accounting=approximate_internal_transcript,1024,20,real_data,16,identity,0,f09d76ded5a6e7d2
real_typeii_20db_d1024_bw20_blk0,cascade_lite,13,True,False,0.765625,0.24375,0.4375,0.175,464.0,132,8.350700023584068,4,150,300,132,32,0,44,44,"8,16,32,64",4,leakage_accounting=approximate_internal_transcript,1024,20,real_data,16,identity,0,f09d76ded5a6e7d2
real_typeii_20db_d1024_bw20_blk0,cascade_lite,14,True,False,0.609375,0.19375,0.390625,0.146875,422.0,90,28.36100000422448,4,150,300,90,32,0,30,30,"8,16,32,64",4,leakage_accounting=approximate_internal_transcript,1024,20,real_data,16,identity,0,f09d76ded5a6e7d2
real_typeii_20db_d1024_bw20_blk0,cascade_lite,15,True,False,0.5625,0.165625,0.25,0.115625,428.0,96,59.893099940381944,4,150,300,96,32,0,32,32,"8,16,32,64",4,leakage_accounting=approximate_internal_transcript,1024,20,real_data,16,identity,0,f09d76ded5a6e7d2
real_typeii_20db_d1024_bw20_blk0,cascade_lite,0,True,False,0.71875,0.225,0.40625,0.165625,446.0,114,20.455499994568527,4,150,300,114,32,0,38,38,"8,16,32,64",6,leakage_accounting=approximate_internal_transcript,1024,20,real_data,16,identity,0,477ef1fd0ff5ecb2
real_typeii_20db_d1024_bw20_blk0,cascade_lite,1,True,False,0.671875,0.1984375,0.375,0.140625,443.0,111,30.80549999140203,4,150,300,111,32,0,37,37,"8,16,32,64",6,leakage_accounting=approximate_internal_transcript,1024,20,real_data,16,identity,0,477ef1fd0ff5ecb2
real_typeii_20db_d1024_bw20_blk0,cascade_lite,2,True,False,0.578125,0.1796875,0.375,0.128125,431.0,99,37.32130001299083,4,150,300,99,32,0,33,33,"8,16,32,64",6,leakage_accounting=approximate_internal_transcript,1024,20,real_data,16,identity,0,477ef1fd0ff5ecb2
real_typeii_20db_d1024_bw20_blk0,cascade_lite,3,True,False,0.703125,0.228125,0.453125,0.178125,428.0,96,35.803599981591105,4,150,300,96,32,0,32,32,"8,16,32,64",6,leakage_accounting=approximate_internal_transcript,1024,20,real_data,16,identity,0,477ef1fd0ff5ecb2
real_typeii_20db_d1024_bw20_blk0,cascade_lite,4,True,False,0.734375,0.1734375,0.359375,0.1125,449.0,117,19.563899957574904,4,150,300,117,32,0,39,39,"8,16,32,64",6,leakage_accounting=approximate_internal_transcript,1024,20,real_data,16,identity,0,477ef1fd0ff5ecb2
real_typeii_20db_d1024_bw20_blk0,cascade_lite,5,True,False,0.609375,0.1703125,0.359375,0.128125,413.0,81,52.84999997820705,4,150,300,81,32,0,27,27,"8,16,32,64",6,leakage_accounting=approximate_internal_transcript,1024,20,real_data,16,identity,0,477ef1fd0ff5ecb2
real_typeii_20db_d1024_bw20_blk0,cascade_lite,6,True,False,0.546875,0.1484375,0.34375,0.109375,407.0,75,48.42160001862794,4,150,300,75,32,0,25,25,"8,16,32,64",6,leakage_accounting=approximate_internal_transcript,1024,20,real_data,16,identity,0,477ef1fd0ff5ecb2
real_typeii_20db_d1024_bw20_blk0,cascade_lite,7,True,False,0.625,0.175,0.375,0.121875,434.0,102,21.460299962200224,4,150,300,102,32,0,34,34,"8,16,32,64",6,leakage_accounting=approximate_internal_transcript,1024,20,real_data,16,identity,0,477ef1fd0ff5ecb2
real_typeii_20db_d1024_bw20_blk0,cascade_lite,8,True,False,0.6875,0.1890625,0.375,0.140625,425.0,93,45.27510004118085,4,150,300,93,32,0,31,31,"8,16,32,64",6,leakage_accounting=approximate_internal_transcript,1024,20,real_data,16,identity,0,477ef1fd0ff5ecb2
real_typeii_20db_d1024_bw20_blk0,cascade_lite,9,True,False,0.625,0.1890625,0.375,0.146875,413.0,81,48.65340003743768,4,150,300,81,32,0,27,27,"8,16,32,64",6,leakage_accounting=approximate_internal_transcript,1024,20,real_data,16,identity,0,477ef1fd0ff5ecb2
real_typeii_20db_d1024_bw20_blk0,cascade_lite,10,True,False,0.640625,0.1859375,0.359375,0.14375,413.0,81,46.6879999730736,4,150,300,81,32,0,27,27,"8,16,32,64",6,leakage_accounting=approximate_internal_transcript,1024,20,real_data,16,identity,0,477ef1fd0ff5ecb2
real_typeii_20db_d1024_bw20_blk0,cascade_lite,11,True,False,0.625,0.1671875,0.3125,0.115625,431.0,99,6.87309994827956,4,150,300,99,32,0,33,33,"8,16,32,64",6,leakage_accounting=approximate_internal_transcript,1024,20,real_data,16,identity,0,477ef1fd0ff5ecb2
real_typeii_20db_d1024_bw20_blk0,cascade_lite,12,True,False,0.546875,0.15625,0.328125,0.10625,428.0,96,2.5014999555423856,4,150,300,96,32,0,32,32,"8,16,32,64",6,leakage_accounting=approximate_internal_transcript,1024,20,real_data,16,identity,0,477ef1fd0ff5ecb2
real_typeii_20db_d1024_bw20_blk0,cascade_lite,13,True,False,0.765625,0.24375,0.4375,0.175,464.0,132,32.975199981592596,4,150,300,132,32,0,44,44,"8,16,32,64",6,leakage_accounting=approximate_internal_transcript,1024,20,real_data,16,identity,0,477ef1fd0ff5ecb2
real_typeii_20db_d1024_bw20_blk0,cascade_lite,14,True,False,0.609375,0.19375,0.390625,0.146875,422.0,90,12.26299989502877,4,150,300,90,32,0,30,30,"8,16,32,64",6,leakage_accounting=approximate_internal_transcript,1024,20,real_data,16,identity,0,477ef1fd0ff5ecb2
real_typeii_20db_d1024_bw20_blk0,cascade_lite,15,True,False,0.5625,0.165625,0.25,0.115625,428.0,96,22.181999986059964,4,150,300,96,32,0,32,32,"8,16,32,64",6,leakage_accounting=approximate_internal_transcript,1024,20,real_data,16,identity,0,477ef1fd0ff5ecb2
real_typeii_20db_d16_bw150_blk0,cascade_lite,0,True,True,0.125,0.06640625,0.0,0.0,213.0,61,49.74960000254214,4,60,120,61,32,0,17,17,"8,16,32,64",6,leakage_accounting=approximate_internal_transcript,16,150,real_data,4,seeded_random,1,da44be679542d120
real_typeii_20db_d16_bw150_blk0,cascade_lite,1,True,True,0.109375,0.03515625,0.0,0.0,131.0,37,8.924699970521033,4,31,62,37,32,0,9,9,"8,16,32,64",6,leakage_accounting=approximate_internal_transcript,16,150,real_data,4,seeded_random,1,da44be679542d120
real_typeii_20db_d16_bw150_blk0,cascade_lite,2,True,True,0.09375,0.03125,0.0,0.0,128.0,36,14.533899957314134,4,30,60,36,32,0,8,8,"8,16,32,64",6,leakage_accounting=approximate_internal_transcript,16,150,real_data,4,seeded_random,1,da44be679542d120
real_typeii_20db_d16_bw150_blk0,cascade_lite,3,True,True,0.171875,0.06640625,0.0,0.0,171.0,75,0.5697000306099653,4,32,64,75,32,0,17,17,"8,16,32,64",6,leakage_accounting=approximate_internal_transcript,16,150,real_data,4,seeded_random,1,da44be679542d120
real_typeii_20db_d16_bw150_blk0,cascade_lite,0,True,False,0.125,0.06640625,0.109375,0.0546875,104.0,12,0.23100001271814108,4,30,60,12,32,0,3,3,"16,32,64,128",6,leakage_accounting=approximate_internal_transcript,16,150,real_data,4,identity,1,86320143d2d78cc2
real_typeii_20db_d16_bw150_blk0,cascade_lite,1,True,False,0.109375,0.03515625,0.09375,0.03125,96.0,4,0.16210007015615702,4,30,60,4,32,0,1,1,"16,32,64,128",6,leakage_accounting=approximate_internal_transcript,16,150,real_data,4,identity,1,86320143d2d78cc2
real_typeii_20db_d16_bw150_blk0,cascade_lite,2,True,False,0.09375,0.03125,0.03125,0.015625,108.0,16,0.2006998984143138,4,30,60,16,32,0,4,4,"16,32,64,128",6,leakage_accounting=approximate_internal_transcript,16,150,real_data,4,identity,1,86320143d2d78cc2
real_typeii_20db_d16_bw150_blk0,cascade_lite,3,True,False,0.171875,0.06640625,0.09375,0.0390625,120.0,28,0.27020007837563753,4,30,60,28,32,0,7,7,"16,32,64,128",6,leakage_accounting=approximate_internal_transcript,16,150,real_data,4,identity,1,86320143d2d78cc2
real_typeii_20db_d16_bw150_blk0,cascade_lite,0,True,False,0.125,0.06640625,0.09375,0.03125,132.0,40,0.5679999012500048,4,30,60,40,32,0,9,9,"16,32,64,128",4,leakage_accounting=approximate_internal_transcript,16,150,real_data,4,seeded_random,1,29020ebdb18ce89f
real_typeii_20db_d16_bw150_blk0,cascade_lite,1,True,True,0.109375,0.03515625,0.0,0.0,131.0,37,11.101400014013052,4,31,62,37,32,0,9,9,"16,32,64,128",4,leakage_accounting=approximate_internal_transcript,16,150,real_data,4,seeded_random,1,29020ebdb18ce89f
real_typeii_20db_d16_bw150_blk0,cascade_lite,2,True,True,0.09375,0.03125,0.0,0.0,128.0,36,18.33929994609207,4,30,60,36,32,0,8,8,"16,32,64,128",4,leakage_accounting=approximate_internal_transcript,16,150,real_data,4,seeded_random,1,29020ebdb18ce89f
real_typeii_20db_d16_bw150_blk0,cascade_lite,3,True,True,0.171875,0.06640625,0.0,0.0,171.0,75,0.6048999493941665,4,32,64,75,32,0,17,17,"16,32,64,128",4,leakage_accounting=approximate_internal_transcript,16,150,real_data,4,seeded_random,1,29020ebdb18ce89f
real_typeii_20db_d16_bw150_blk0,cascade_lite,0,True,True,0.125,0.06640625,0.0,0.0,211.0,55,35.24440003093332,4,62,124,55,32,0,17,17,"8,16,32,64",6,leakage_accounting=approximate_internal_transcript,16,150,real_data,4,seeded_random,0,ab6194c1b8076873
real_typeii_20db_d16_bw150_blk0,cascade_lite,1,True,True,0.109375,0.03515625,0.0,0.0,134.0,40,20.12180001474917,4,31,62,40,32,0,9,9,"8,16,32,64",6,leakage_accounting=approximate_internal_transcript,16,150,real_data,4,seeded_random,0,ab6194c1b8076873
real_typeii_20db_d16_bw150_blk0,cascade_lite,2,True,True,0.09375,0.03125,0.0,0.0,128.0,36,26.05959994252771,4,30,60,36,32,0,8,8,"8,16,32,64",6,leakage_accounting=approximate_internal_transcript,16,150,real_data,4,seeded_random,0,ab6194c1b8076873
real_typeii_20db_d16_bw150_blk0,cascade_lite,3,True,True,0.171875,0.06640625,0.0,0.0,171.0,77,0.6416999967768788,4,31,62,77,32,0,17,17,"8,16,32,64",6,leakage_accounting=approximate_internal_transcript,16,150,real_data,4,seeded_random,0,ab6194c1b8076873
real_typeii_20db_d16_bw150_blk0,cascade_lite,0,True,False,0.125,0.06640625,0.109375,0.0546875,161.0,9,16.23830001335591,4,60,120,9,32,0,3,3,"16,32,64,128",6,leakage_accounting=approximate_internal_transcript,16,150,real_data,4,identity,0,63bd09359267310c
real_typeii_20db_d16_bw150_blk0,cascade_lite,1,True,False,0.109375,0.03515625,0.015625,0.0078125,173.0,21,0.3421000437811017,4,60,120,21,32,0,7,7,"16,32,64,128",6,leakage_accounting=approximate_internal_transcript,16,150,real_data,4,identity,0,63bd09359267310c
real_typeii_20db_d16_bw150_blk0,cascade_lite,2,True,False,0.09375,0.03125,0.03125,0.015625,164.0,12,0.26270002126693726,4,60,120,12,32,0,4,4,"16,32,64,128",6,leakage_accounting=approximate_internal_transcript,16,150,real_data,4,identity,0,63bd09359267310c
real_typeii_20db_d16_bw150_blk0,cascade_lite,3,True,False,0.171875,0.06640625,0.0625,0.03125,179.0,27,0.33900002017617226,4,60,120,27,32,0,9,9,"16,32,64,128",6,leakage_accounting=approximate_internal_transcript,16,150,real_data,4,identity,0,63bd09359267310c
real_typeii_20db_d16_bw150_blk0,cascade_lite,0,True,False,0.125,0.06640625,0.109375,0.0546875,161.0,9,0.2933000214397907,4,60,120,9,32,0,3,3,"8,16,32,64",4,leakage_accounting=approximate_internal_transcript,16,150,real_data,16,identity,1,462a3bc6d744a527
real_typeii_20db_d16_bw150_blk0,cascade_lite,1,True,False,0.109375,0.03515625,0.015625,0.0078125,173.0,21,0.31939998734742403,4,60,120,21,32,0,7,7,"8,16,32,64",4,leakage_accounting=approximate_internal_transcript,16,150,real_data,16,identity,1,462a3bc6d744a527
real_typeii_20db_d16_bw150_blk0,cascade_lite,2,True,False,0.09375,0.03125,0.03125,0.015625,164.0,12,0.25759998243302107,4,60,120,12,32,0,4,4,"8,16,32,64",4,leakage_accounting=approximate_internal_transcript,16,150,real_data,16,identity,1,462a3bc6d744a527
real_typeii_20db_d16_bw150_blk0,cascade_lite,3,True,False,0.171875,0.06640625,0.0625,0.03125,179.0,27,0.33629999961704016,4,60,120,27,32,0,9,9,"8,16,32,64",4,leakage_accounting=approximate_internal_transcript,16,150,real_data,16,identity,1,462a3bc6d744a527
real_typeii_20db_d16_bw150_blk0,cascade_lite,0,True,False,0.125,0.06640625,0.109375,0.0546875,161.0,9,25.35619994159788,4,60,120,9,32,0,3,3,"8,16,32,64",4,leakage_accounting=approximate_internal_transcript,16,150,real_data,16,identity,0,f09d76ded5a6e7d2
real_typeii_20db_d16_bw150_blk0,cascade_lite,1,True,False,0.109375,0.03515625,0.015625,0.0078125,173.0,21,0.3249999135732651,4,60,120,21,32,0,7,7,"8,16,32,64",4,leakage_accounting=approximate_internal_transcript,16,150,real_data,16,identity,0,f09d76ded5a6e7d2
real_typeii_20db_d16_bw150_blk0,cascade_lite,2,True,False,0.09375,0.03125,0.03125,0.015625,164.0,12,0.25749998167157173,4,60,120,12,32,0,4,4,"8,16,32,64",4,leakage_accounting=approximate_internal_transcript,16,150,real_data,16,identity,0,f09d76ded5a6e7d2
real_typeii_20db_d16_bw150_blk0,cascade_lite,3,True,False,0.171875,0.06640625,0.0625,0.03125,179.0,27,0.34200004301965237,4,60,120,27,32,0,9,9,"8,16,32,64",4,leakage_accounting=approximate_internal_transcript,16,150,real_data,16,identity,0,f09d76ded5a6e7d2
real_typeii_20db_d16_bw150_blk0,cascade_lite,0,True,True,0.125,0.06640625,0.0,0.0,169.0,71,36.52470000088215,4,33,66,71,32,0,17,17,"16,32,64,128",4,leakage_accounting=approximate_internal_transcript,16,150,real_data,4,seeded_random,0,3ddb0e813f8c9fa7
real_typeii_20db_d16_bw150_blk0,cascade_lite,1,True,True,0.109375,0.03515625,0.0,0.0,134.0,40,7.417400018312037,4,31,62,40,32,0,9,9,"16,32,64,128",4,leakage_accounting=approximate_internal_transcript,16,150,real_data,4,seeded_random,0,3ddb0e813f8c9fa7
real_typeii_20db_d16_bw150_blk0,cascade_lite,2,True,True,0.09375,0.03125,0.0,0.0,128.0,36,62.327499967068434,4,30,60,36,32,0,8,8,"16,32,64,128",4,leakage_accounting=approximate_internal_transcript,16,150,real_data,4,seeded_random,0,3ddb0e813f8c9fa7
real_typeii_20db_d16_bw150_blk0,cascade_lite,3,True,True,0.171875,0.06640625,0.0,0.0,205.0,53,6.654100026935339,4,60,120,53,32,0,17,17,"16,32,64,128",4,leakage_accounting=approximate_internal_transcript,16,150,real_data,4,seeded_random,0,3ddb0e813f8c9fa7
real_typeii_20db_d16_bw150_blk0,cascade_lite,0,True,False,0.125,0.06640625,0.109375,0.0546875,161.0,9,0.2867999719455838,4,60,120,9,32,0,3,3,"8,16,32,64",6,leakage_accounting=approximate_internal_transcript,16,150,real_data,16,identity,0,477ef1fd0ff5ecb2
real_typeii_20db_d16_bw150_blk0,cascade_lite,1,True,False,0.109375,0.03515625,0.015625,0.0078125,173.0,21,2.258199965581298,4,60,120,21,32,0,7,7,"8,16,32,64",6,leakage_accounting=approximate_internal_transcript,16,150,real_data,16,identity,0,477ef1fd0ff5ecb2
real_typeii_20db_d16_bw150_blk0,cascade_lite,2,True,False,0.09375,0.03125,0.03125,0.015625,164.0,12,0.2712999703362584,4,60,120,12,32,0,4,4,"8,16,32,64",6,leakage_accounting=approximate_internal_transcript,16,150,real_data,16,identity,0,477ef1fd0ff5ecb2
real_typeii_20db_d16_bw150_blk0,cascade_lite,3,True,False,0.171875,0.06640625,0.0625,0.03125,179.0,27,0.3475000848993659,4,60,120,27,32,0,9,9,"8,16,32,64",6,leakage_accounting=approximate_internal_transcript,16,150,real_data,16,identity,0,477ef1fd0ff5ecb2
real_typeii_20db_d16_bw150_blk0,cascade_lite,0,True,False,0.125,0.06640625,0.109375,0.0546875,161.0,9,0.2883999841287732,4,60,120,9,32,0,3,3,"8,16,32,64",6,leakage_accounting=approximate_internal_transcript,16,150,real_data,16,identity,1,f21d3c73c2c63926
real_typeii_20db_d16_bw150_blk0,cascade_lite,1,True,False,0.109375,0.03515625,0.015625,0.0078125,173.0,21,0.31969998963177204,4,60,120,21,32,0,7,7,"8,16,32,64",6,leakage_accounting=approximate_internal_transcript,16,150,real_data,16,identity,1,f21d3c73c2c63926
real_typeii_20db_d16_bw150_blk0,cascade_lite,2,True,False,0.09375,0.03125,0.03125,0.015625,164.0,12,0.2559999702498317,4,60,120,12,32,0,4,4,"8,16,32,64",6,leakage_accounting=approximate_internal_transcript,16,150,real_data,16,identity,1,f21d3c73c2c63926
real_typeii_20db_d16_bw150_blk0,cascade_lite,3,True,False,0.171875,0.06640625,0.0625,0.03125,179.0,27,0.3462000750005245,4,60,120,27,32,0,9,9,"8,16,32,64",6,leakage_accounting=approximate_internal_transcript,16,150,real_data,16,identity,1,f21d3c73c2c63926
real_typeii_20db_d16_bw150_blk0,cascade_lite,0,True,True,0.125,0.06640625,0.0,0.0,169.0,71,5.78120001591742,4,33,66,71,32,0,17,17,"16,32,64,128",6,leakage_accounting=approximate_internal_transcript,16,150,real_data,4,seeded_random,0,c8e68be9f13a3ff7
real_typeii_20db_d16_bw150_blk0,cascade_lite,1,True,True,0.109375,0.03515625,0.0,0.0,181.0,29,28.00250006839633,4,60,120,29,32,0,9,9,"16,32,64,128",6,leakage_accounting=approximate_internal_transcript,16,150,real_data,4,seeded_random,0,c8e68be9f13a3ff7
real_typeii_20db_d16_bw150_blk0,cascade_lite,2,True,True,0.09375,0.03125,0.0,0.0,176.0,24,25.7654000306502,4,60,120,24,32,0,8,8,"16,32,64,128",6,leakage_accounting=approximate_internal_transcript,16,150,real_data,4,seeded_random,0,c8e68be9f13a3ff7
real_typeii_20db_d16_bw150_blk0,cascade_lite,3,True,True,0.171875,0.06640625,0.0,0.0,205.0,53,15.034600044600666,4,60,120,53,32,0,17,17,"16,32,64,128",6,leakage_accounting=approximate_internal_transcript,16,150,real_data,4,seeded_random,0,c8e68be9f13a3ff7
real_typeii_20db_d16_bw150_blk0,cascade_lite,0,True,True,0.125,0.06640625,0.0,0.0,211.0,55,20.896999980323017,4,62,124,55,32,0,17,17,"8,16,32,64",6,leakage_accounting=approximate_internal_transcript,16,150,real_data,16,seeded_random,0,90e9c5c1c4435fdb
real_typeii_20db_d16_bw150_blk0,cascade_lite,1,True,True,0.109375,0.03515625,0.0,0.0,181.0,29,0.42539997957646847,4,60,120,29,32,0,9,9,"8,16,32,64",6,leakage_accounting=approximate_internal_transcript,16,150,real_data,16,seeded_random,0,90e9c5c1c4435fdb
real_typeii_20db_d16_bw150_blk0,cascade_lite,2,True,True,0.09375,0.03125,0.0,0.0,176.0,24,0.3848000196740031,4,60,120,24,32,0,8,8,"8,16,32,64",6,leakage_accounting=approximate_internal_transcript,16,150,real_data,16,seeded_random,0,90e9c5c1c4435fdb
real_typeii_20db_d16_bw150_blk0,cascade_lite,3,True,True,0.171875,0.06640625,0.0,0.0,205.0,53,0.611600000411272,4,60,120,53,32,0,17,17,"8,16,32,64",6,leakage_accounting=approximate_internal_transcript,16,150,real_data,16,seeded_random,0,90e9c5c1c4435fdb
real_typeii_20db_d1024_bw20_blk0,cascade_lite,0,True,False,0.71875,0.225,0.53125,0.190625,270.0,88,26.033599977381527,4,75,150,88,32,0,22,22,"16,32,64,128",4,leakage_accounting=approximate_internal_transcript,1024,20,real_data,16,identity,1,c6a64f370ed39663
real_typeii_20db_d1024_bw20_blk0,cascade_lite,1,True,False,0.671875,0.1984375,0.421875,0.159375,282.0,100,25.67050000652671,4,75,150,100,32,0,25,25,"16,32,64,128",4,leakage_accounting=approximate_internal_transcript,1024,20,real_data,16,identity,1,c6a64f370ed39663
real_typeii_20db_d1024_bw20_blk0,cascade_lite,2,True,False,0.578125,0.1796875,0.5,0.15625,242.0,60,15.026699984446168,4,75,150,60,32,0,15,15,"16,32,64,128",4,leakage_accounting=approximate_internal_transcript,1024,20,real_data,16,identity,1,c6a64f370ed39663
real_typeii_20db_d1024_bw20_blk0,cascade_lite,3,True,False,0.703125,0.228125,0.609375,0.209375,230.0,48,53.89360000845045,4,75,150,48,32,0,12,12,"16,32,64,128",4,leakage_accounting=approximate_internal_transcript,1024,20,real_data,16,identity,1,c6a64f370ed39663
real_typeii_20db_d1024_bw20_blk0,cascade_lite,4,True,False,0.734375,0.1734375,0.515625,0.134375,282.0,100,34.354800009168684,4,75,150,100,32,0,25,25,"16,32,64,128",4,leakage_accounting=approximate_internal_transcript,1024,20,real_data,16,identity,1,c6a64f370ed39663
real_typeii_20db_d1024_bw20_blk0,cascade_lite,5,True,False,0.609375,0.1703125,0.375,0.13125,282.0,100,10.375999961979687,4,75,150,100,32,0,25,25,"16,32,64,128",4,leakage_accounting=approximate_internal_transcript,1024,20,real_data,16,identity,1,c6a64f370ed39663
real_typeii_20db_d1024_bw20_blk0,cascade_lite,6,True,False,0.546875,0.1484375,0.453125,0.13125,226.0,44,32.163199968636036,4,75,150,44,32,0,11,11,"16,32,64,128",4,leakage_accounting=approximate_internal_transcript,1024,20,real_data,16,identity,1,c6a64f370ed39663
real_typeii_20db_d1024_bw20_blk0,cascade_lite,7,True,False,0.625,0.175,0.453125,0.140625,270.0,88,37.42479998618364,4,75,150,88,32,0,22,22,"16,32,64,128",4,leakage_accounting=approximate_internal_transcript,1024,20,real_data,16,identity,1,c6a64f370ed39663
real_typeii_20db_d1024_bw20_blk0,cascade_lite,8,True,False,0.6875,0.1890625,0.5,0.1625,250.0,68,26.03149996139109,4,75,150,68,32,0,17,17,"16,32,64,128",4,leakage_accounting=approximate_internal_transcript,1024,20,real_data,16,identity,1,c6a64f370ed39663
real_typeii_20db_d1024_bw20_blk0,cascade_lite,9,True,False,0.625,0.1890625,0.421875,0.15625,266.0,84,30.846399953588843,4,75,150,84,32,0,21,21,"16,32,64,128",4,leakage_accounting=approximate_internal_transcript,1024,20,real_data,16,identity,1,c6a64f370ed39663
real_typeii_20db_d1024_bw20_blk0,cascade_lite,10,True,False,0.640625,0.1859375,0.390625,0.153125,266.0,84,19.782699993811548,4,75,150,84,32,0,21,21,"16,32,64,128",4,leakage_accounting=approximate_internal_transcript,1024,20,real_data,16,identity,1,c6a64f370ed39663
real_typeii_20db_d1024_bw20_blk0,cascade_lite,11,True,False,0.625,0.1671875,0.453125,0.1375,258.0,76,23.179000010713935,4,75,150,76,32,0,19,19,"16,32,64,128",4,leakage_accounting=approximate_internal_transcript,1024,20,real_data,16,identity,1,c6a64f370ed39663
real_typeii_20db_d1024_bw20_blk0,cascade_lite,12,True,False,0.546875,0.15625,0.40625,0.125,262.0,80,14.052800019271672,4,75,150,80,32,0,20,20,"16,32,64,128",4,leakage_accounting=approximate_internal_transcript,1024,20,real_data,16,identity,1,c6a64f370ed39663
real_typeii_20db_d1024_bw20_blk0,cascade_lite,13,True,False,0.765625,0.24375,0.625,0.21875,246.0,64,72.72510009352118,4,75,150,64,32,0,16,16,"16,32,64,128",4,leakage_accounting=approximate_internal_transcript,1024,20,real_data,16,identity,1,c6a64f370ed39663
real_typeii_20db_d1024_bw20_blk0,cascade_lite,14,True,False,0.609375,0.19375,0.453125,0.16875,246.0,64,13.023499981500208,4,75,150,64,32,0,16,16,"16,32,64,128",4,leakage_accounting=approximate_internal_transcript,1024,20,real_data,16,identity,1,c6a64f370ed39663
real_typeii_20db_d1024_bw20_blk0,cascade_lite,15,True,False,0.5625,0.165625,0.328125,0.13125,270.0,88,12.508200015872717,4,75,150,88,32,0,22,22,"16,32,64,128",4,leakage_accounting=approximate_internal_transcript,1024,20,real_data,16,identity,1,c6a64f370ed39663
real_typeii_20db_d16_bw150_blk0,cascade_lite,0,True,False,0.125,0.06640625,0.109375,0.0546875,104.0,12,0.22599997464567423,4,30,60,12,32,0,3,3,"16,32,64,128",4,leakage_accounting=approximate_internal_transcript,16,150,real_data,16,identity,0,9d423c80473677e6
real_typeii_20db_d16_bw150_blk0,cascade_lite,1,True,False,0.109375,0.03515625,0.09375,0.03125,96.0,4,0.16419996973127127,4,30,60,4,32,0,1,1,"16,32,64,128",4,leakage_accounting=approximate_internal_transcript,16,150,real_data,16,identity,0,9d423c80473677e6
real_typeii_20db_d16_bw150_blk0,cascade_lite,2,True,False,0.09375,0.03125,0.03125,0.015625,108.0,16,0.20380003843456507,4,30,60,16,32,0,4,4,"16,32,64,128",4,leakage_accounting=approximate_internal_transcript,16,150,real_data,16,identity,0,9d423c80473677e6
real_typeii_20db_d16_bw150_blk0,cascade_lite,3,True,False,0.171875,0.06640625,0.09375,0.0390625,120.0,28,0.25809998624026775,4,30,60,28,32,0,7,7,"16,32,64,128",4,leakage_accounting=approximate_internal_transcript,16,150,real_data,16,identity,0,9d423c80473677e6
real_typeii_20db_d16_bw150_blk0,cascade_lite,0,True,False,0.125,0.06640625,0.109375,0.0546875,104.0,12,8.40819999575615,4,30,60,12,32,0,3,3,"16,32,64,128",4,leakage_accounting=approximate_internal_transcript,16,150,real_data,16,identity,1,c6a64f370ed39663
real_typeii_20db_d16_bw150_blk0,cascade_lite,1,True,False,0.109375,0.03515625,0.09375,0.03125,96.0,4,0.17819995991885662,4,30,60,4,32,0,1,1,"16,32,64,128",4,leakage_accounting=approximate_internal_transcript,16,150,real_data,16,identity,1,c6a64f370ed39663
real_typeii_20db_d16_bw150_blk0,cascade_lite,2,True,False,0.09375,0.03125,0.03125,0.015625,108.0,16,0.21740002557635307,4,30,60,16,32,0,4,4,"16,32,64,128",4,leakage_accounting=approximate_internal_transcript,16,150,real_data,16,identity,1,c6a64f370ed39663
real_typeii_20db_d16_bw150_blk0,cascade_lite,3,True,False,0.171875,0.06640625,0.09375,0.0390625,120.0,28,0.26030000299215317,4,30,60,28,32,0,7,7,"16,32,64,128",4,leakage_accounting=approximate_internal_transcript,16,150,real_data,16,identity,1,c6a64f370ed39663
real_typeii_20db_d16_bw150_blk0,cascade_lite,0,True,True,0.125,0.06640625,0.0,0.0,213.0,61,8.024499984458089,4,60,120,61,32,0,17,17,"8,16,32,64",4,leakage_accounting=approximate_internal_transcript,16,150,real_data,16,seeded_random,1,7faaaf788b90c25a
real_typeii_20db_d16_bw150_blk0,cascade_lite,1,True,True,0.109375,0.03515625,0.0,0.0,181.0,29,0.43919996824115515,4,60,120,29,32,0,9,9,"8,16,32,64",4,leakage_accounting=approximate_internal_transcript,16,150,real_data,16,seeded_random,1,7faaaf788b90c25a
real_typeii_20db_d16_bw150_blk0,cascade_lite,2,True,True,0.09375,0.03125,0.0,0.0,180.0,28,4.889499978162348,4,60,120,28,32,0,8,8,"8,16,32,64",4,leakage_accounting=approximate_internal_transcript,16,150,real_data,16,seeded_random,1,7faaaf788b90c25a
real_typeii_20db_d16_bw150_blk0,cascade_lite,3,True,True,0.171875,0.06640625,0.0,0.0,211.0,59,49.73900003824383,4,60,120,59,32,0,17,17,"8,16,32,64",4,leakage_accounting=approximate_internal_transcript,16,150,real_data,16,seeded_random,1,7faaaf788b90c25a
real_typeii_20db_d16_bw150_blk0,cascade_lite,0,True,True,0.125,0.06640625,0.0,0.0,211.0,55,8.56820004992187,4,62,124,55,32,0,17,17,"8,16,32,64",4,leakage_accounting=approximate_internal_transcript,16,150,real_data,16,seeded_random,0,c28ff99e89e31963
real_typeii_20db_d16_bw150_blk0,cascade_lite,1,True,True,0.109375,0.03515625,0.0,0.0,181.0,29,35.3600000962615,4,60,120,29,32,0,9,9,"8,16,32,64",4,leakage_accounting=approximate_internal_transcript,16,150,real_data,16,seeded_random,0,c28ff99e89e31963
real_typeii_20db_d16_bw150_blk0,cascade_lite,2,True,True,0.09375,0.03125,0.0,0.0,176.0,24,8.30129999667406,4,60,120,24,32,0,8,8,"8,16,32,64",4,leakage_accounting=approximate_internal_transcript,16,150,real_data,16,seeded_random,0,c28ff99e89e31963
real_typeii_20db_d16_bw150_blk0,cascade_lite,3,True,True,0.171875,0.06640625,0.0,0.0,205.0,53,25.2438000170514,4,60,120,53,32,0,17,17,"8,16,32,64",4,leakage_accounting=approximate_internal_transcript,16,150,real_data,16,seeded_random,0,c28ff99e89e31963
real_typeii_20db_d16_bw150_blk0,cascade_lite,0,True,False,0.125,0.06640625,0.109375,0.0546875,104.0,12,0.23530004546046257,4,30,60,12,32,0,3,3,"16,32,64,128",6,leakage_accounting=approximate_internal_transcript,16,150,real_data,16,identity,1,aec586233b5d565e
real_typeii_20db_d16_bw150_blk0,cascade_lite,1,True,False,0.109375,0.03515625,0.09375,0.03125,96.0,4,0.16069994308054447,4,30,60,4,32,0,1,1,"16,32,64,128",6,leakage_accounting=approximate_internal_transcript,16,150,real_data,16,identity,1,aec586233b5d565e
real_typeii_20db_d16_bw150_blk0,cascade_lite,2,True,False,0.09375,0.03125,0.03125,0.015625,108.0,16,0.20110001787543297,4,30,60,16,32,0,4,4,"16,32,64,128",6,leakage_accounting=approximate_internal_transcript,16,150,real_data,16,identity,1,aec586233b5d565e
real_typeii_20db_d16_bw150_blk0,cascade_lite,3,True,False,0.171875,0.06640625,0.09375,0.0390625,120.0,28,0.26359991170465946,4,30,60,28,32,0,7,7,"16,32,64,128",6,leakage_accounting=approximate_internal_transcript,16,150,real_data,16,identity,1,aec586233b5d565e
real_typeii_20db_d16_bw150_blk0,cascade_lite,0,True,True,0.125,0.06640625,0.0,0.0,213.0,61,9.902399964630604,4,60,120,61,32,0,17,17,"8,16,32,64",6,leakage_accounting=approximate_internal_transcript,16,150,real_data,16,seeded_random,1,a09833a965a0ddf8
real_typeii_20db_d16_bw150_blk0,cascade_lite,1,True,True,0.109375,0.03515625,0.0,0.0,131.0,37,3.56480001937598,4,31,62,37,32,0,9,9,"8,16,32,64",6,leakage_accounting=approximate_internal_transcript,16,150,real_data,16,seeded_random,1,a09833a965a0ddf8
real_typeii_20db_d16_bw150_blk0,cascade_lite,2,True,True,0.09375,0.03125,0.0,0.0,128.0,36,0.3584999358281493,4,30,60,36,32,0,8,8,"8,16,32,64",6,leakage_accounting=approximate_internal_transcript,16,150,real_data,16,seeded_random,1,a09833a965a0ddf8
real_typeii_20db_d16_bw150_blk0,cascade_lite,3,True,True,0.171875,0.06640625,0.0,0.0,171.0,75,19.802500028163195,4,32,64,75,32,0,17,17,"8,16,32,64",6,leakage_accounting=approximate_internal_transcript,16,150,real_data,16,seeded_random,1,a09833a965a0ddf8
real_typeii_20db_d16_bw150_blk0,cascade_lite,0,True,False,0.125,0.06640625,0.109375,0.0546875,104.0,12,0.23410003632307053,4,30,60,12,32,0,3,3,"16,32,64,128",6,leakage_accounting=approximate_internal_transcript,16,150,real_data,16,identity,0,2bc34cb99845dc99
real_typeii_20db_d16_bw150_blk0,cascade_lite,1,True,False,0.109375,0.03515625,0.09375,0.03125,96.0,4,7.521399995312095,4,30,60,4,32,0,1,1,"16,32,64,128",6,leakage_accounting=approximate_internal_transcript,16,150,real_data,16,identity,0,2bc34cb99845dc99
real_typeii_20db_d16_bw150_blk0,cascade_lite,2,True,False,0.09375,0.03125,0.03125,0.015625,108.0,16,7.049100007861853,4,30,60,16,32,0,4,4,"16,32,64,128",6,leakage_accounting=approximate_internal_transcript,16,150,real_data,16,identity,0,2bc34cb99845dc99
real_typeii_20db_d16_bw150_blk0,cascade_lite,3,True,False,0.171875,0.06640625,0.09375,0.0390625,120.0,28,0.29090000316500664,4,30,60,28,32,0,7,7,"16,32,64,128",6,leakage_accounting=approximate_internal_transcript,16,150,real_data,16,identity,0,2bc34cb99845dc99
real_typeii_20db_d16_bw150_blk0,cascade_lite,0,True,False,0.125,0.06640625,0.09375,0.03125,132.0,40,12.609499972313643,4,30,60,40,32,0,9,9,"16,32,64,128",6,leakage_accounting=approximate_internal_transcript,16,150,real_data,4,seeded_random,1,bbcdaabb0f38893b
real_typeii_20db_d16_bw150_blk0,cascade_lite,1,True,True,0.109375,0.03515625,0.0,0.0,181.0,29,49.17269991710782,4,60,120,29,32,0,9,9,"16,32,64,128",6,leakage_accounting=approximate_internal_transcript,16,150,real_data,4,seeded_random,1,bbcdaabb0f38893b
real_typeii_20db_d16_bw150_blk0,cascade_lite,2,True,True,0.09375,0.03125,0.0,0.0,180.0,28,63.21709998883307,4,60,120,28,32,0,8,8,"16,32,64,128",6,leakage_accounting=approximate_internal_transcript,16,150,real_data,4,seeded_random,1,bbcdaabb0f38893b
real_typeii_20db_d16_bw150_blk0,cascade_lite,3,True,True,0.171875,0.06640625,0.0,0.0,171.0,75,2.090599969960749,4,32,64,75,32,0,17,17,"16,32,64,128",6,leakage_accounting=approximate_internal_transcript,16,150,real_data,4,seeded_random,1,bbcdaabb0f38893b
real_typeii_20db_d16_bw150_blk0,cascade_lite,0,True,True,0.125,0.06640625,0.0,0.0,169.0,71,4.423700040206313,4,33,66,71,32,0,17,17,"16,32,64,128",4,leakage_accounting=approximate_internal_transcript,16,150,real_data,16,seeded_random,0,19e9870100f5792b
real_typeii_20db_d16_bw150_blk0,cascade_lite,1,True,True,0.109375,0.03515625,0.0,0.0,134.0,40,11.274500051513314,4,31,62,40,32,0,9,9,"16,32,64,128",4,leakage_accounting=approximate_internal_transcript,16,150,real_data,16,seeded_random,0,19e9870100f5792b
real_typeii_20db_d16_bw150_blk0,cascade_lite,2,True,True,0.09375,0.03125,0.0,0.0,128.0,36,0.3797999816015363,4,30,60,36,32,0,8,8,"16,32,64,128",4,leakage_accounting=approximate_internal_transcript,16,150,real_data,16,seeded_random,0,19e9870100f5792b
real_typeii_20db_d16_bw150_blk0,cascade_lite,3,True,True,0.171875,0.06640625,0.0,0.0,171.0,77,12.482999940402806,4,31,62,77,32,0,17,17,"16,32,64,128",4,leakage_accounting=approximate_internal_transcript,16,150,real_data,16,seeded_random,0,19e9870100f5792b
real_typeii_20db_d16_bw150_blk0,cascade_lite,0,True,False,0.125,0.06640625,0.09375,0.03125,132.0,40,29.611699981614947,4,30,60,40,32,0,9,9,"16,32,64,128",4,leakage_accounting=approximate_internal_transcript,16,150,real_data,16,seeded_random,1,ad1f4d64f73fcc30
real_typeii_20db_d16_bw150_blk0,cascade_lite,1,True,True,0.109375,0.03515625,0.0,0.0,131.0,37,0.37779996637254953,4,31,62,37,32,0,9,9,"16,32,64,128",4,leakage_accounting=approximate_internal_transcript,16,150,real_data,16,seeded_random,1,ad1f4d64f73fcc30
real_typeii_20db_d16_bw150_blk0,cascade_lite,2,True,True,0.09375,0.03125,0.0,0.0,128.0,36,4.691099980846047,4,30,60,36,32,0,8,8,"16,32,64,128",4,leakage_accounting=approximate_internal_transcript,16,150,real_data,16,seeded_random,1,ad1f4d64f73fcc30
real_typeii_20db_d16_bw150_blk0,cascade_lite,3,True,True,0.171875,0.06640625,0.0,0.0,171.0,75,8.048199932090938,4,32,64,75,32,0,17,17,"16,32,64,128",4,leakage_accounting=approximate_internal_transcript,16,150,real_data,16,seeded_random,1,ad1f4d64f73fcc30
real_typeii_20db_d16_bw150_blk0,cascade_lite,0,True,True,0.125,0.06640625,0.0,0.0,169.0,71,8.157300064340234,4,33,66,71,32,0,17,17,"16,32,64,128",6,leakage_accounting=approximate_internal_transcript,16,150,real_data,16,seeded_random,0,f4cc5c3e86519271
real_typeii_20db_d16_bw150_blk0,cascade_lite,1,True,True,0.109375,0.03515625,0.0,0.0,134.0,40,0.3667999990284443,4,31,62,40,32,0,9,9,"16,32,64,128",6,leakage_accounting=approximate_internal_transcript,16,150,real_data,16,seeded_random,0,f4cc5c3e86519271
real_typeii_20db_d16_bw150_blk0,cascade_lite,2,True,True,0.09375,0.03125,0.0,0.0,128.0,36,17.66550005413592,4,30,60,36,32,0,8,8,"16,32,64,128",6,leakage_accounting=approximate_internal_transcript,16,150,real_data,16,seeded_random,0,f4cc5c3e86519271
real_typeii_20db_d16_bw150_blk0,cascade_lite,3,True,True,0.171875,0.06640625,0.0,0.0,171.0,77,12.92110001668334,4,31,62,77,32,0,17,17,"16,32,64,128",6,leakage_accounting=approximate_internal_transcript,16,150,real_data,16,seeded_random,0,f4cc5c3e86519271
real_typeii_20db_d16_bw150_blk0,cascade_lite,0,True,False,0.125,0.06640625,0.09375,0.03125,132.0,40,0.4493000451475382,4,30,60,40,32,0,9,9,"16,32,64,128",6,leakage_accounting=approximate_internal_transcript,16,150,real_data,16,seeded_random,1,91e08c4131b829cd
real_typeii_20db_d16_bw150_blk0,cascade_lite,1,True,True,0.109375,0.03515625,0.0,0.0,131.0,37,0.36159995943307877,4,31,62,37,32,0,9,9,"16,32,64,128",6,leakage_accounting=approximate_internal_transcript,16,150,real_data,16,seeded_random,1,91e08c4131b829cd
real_typeii_20db_d16_bw150_blk0,cascade_lite,2,True,True,0.09375,0.03125,0.0,0.0,128.0,36,4.833500017412007,4,30,60,36,32,0,8,8,"16,32,64,128",6,leakage_accounting=approximate_internal_transcript,16,150,real_data,16,seeded_random,1,91e08c4131b829cd
real_typeii_20db_d16_bw150_blk0,cascade_lite,3,True,True,0.171875,0.06640625,0.0,0.0,171.0,75,36.69179999269545,4,32,64,75,32,0,17,17,"16,32,64,128",6,leakage_accounting=approximate_internal_transcript,16,150,real_data,16,seeded_random,1,91e08c4131b829cd
real_typeii_20db_d1024_bw20_blk0,cascade_lite,0,True,False,0.71875,0.225,0.53125,0.190625,270.0,88,22.272299975156784,4,75,150,88,32,0,22,22,"16,32,64,128",6,leakage_accounting=approximate_internal_transcript,1024,20,real_data,16,identity,0,2bc34cb99845dc99
real_typeii_20db_d1024_bw20_blk0,cascade_lite,1,True,False,0.671875,0.1984375,0.421875,0.159375,282.0,100,19.843999994918704,4,75,150,100,32,0,25,25,"16,32,64,128",6,leakage_accounting=approximate_internal_transcript,1024,20,real_data,16,identity,0,2bc34cb99845dc99
real_typeii_20db_d1024_bw20_blk0,cascade_lite,2,True,False,0.578125,0.1796875,0.5,0.15625,242.0,60,36.878100014291704,4,75,150,60,32,0,15,15,"16,32,64,128",6,leakage_accounting=approximate_internal_transcript,1024,20,real_data,16,identity,0,2bc34cb99845dc99
real_typeii_20db_d1024_bw20_blk0,cascade_lite,3,True,False,0.703125,0.228125,0.609375,0.209375,230.0,48,21.074599935673177,4,75,150,48,32,0,12,12,"16,32,64,128",6,leakage_accounting=approximate_internal_transcript,1024,20,real_data,16,identity,0,2bc34cb99845dc99
real_typeii_20db_d1024_bw20_blk0,cascade_lite,4,True,False,0.734375,0.1734375,0.515625,0.134375,282.0,100,17.79860001988709,4,75,150,100,32,0,25,25,"16,32,64,128",6,leakage_accounting=approximate_internal_transcript,1024,20,real_data,16,identity,0,2bc34cb99845dc99
real_typeii_20db_d1024_bw20_blk0,cascade_lite,5,True,False,0.609375,0.1703125,0.375,0.13125,282.0,100,32.6080999802798,4,75,150,100,32,0,25,25,"16,32,64,128",6,leakage_accounting=approximate_internal_transcript,1024,20,real_data,16,identity,0,2bc34cb99845dc99
real_typeii_20db_d1024_bw20_blk0,cascade_lite,6,True,False,0.546875,0.1484375,0.453125,0.13125,226.0,44,43.80490002222359,4,75,150,44,32,0,11,11,"16,32,64,128",6,leakage_accounting=approximate_internal_transcript,1024,20,real_data,16,identity,0,2bc34cb99845dc99
real_typeii_20db_d1024_bw20_blk0,cascade_lite,7,True,False,0.625,0.175,0.453125,0.140625,270.0,88,48.66900003980845,4,75,150,88,32,0,22,22,"16,32,64,128",6,leakage_accounting=approximate_internal_transcript,1024,20,real_data,16,identity,0,2bc34cb99845dc99
real_typeii_20db_d1024_bw20_blk0,cascade_lite,8,True,False,0.6875,0.1890625,0.5,0.1625,250.0,68,45.37419998086989,4,75,150,68,32,0,17,17,"16,32,64,128",6,leakage_accounting=approximate_internal_transcript,1024,20,real_data,16,identity,0,2bc34cb99845dc99
real_typeii_20db_d1024_bw20_blk0,cascade_lite,9,True,False,0.625,0.1890625,0.421875,0.15625,266.0,84,19.323899992741644,4,75,150,84,32,0,21,21,"16,32,64,128",6,leakage_accounting=approximate_internal_transcript,1024,20,real_data,16,identity,0,2bc34cb99845dc99
real_typeii_20db_d1024_bw20_blk0,cascade_lite,10,True,False,0.640625,0.1859375,0.390625,0.153125,266.0,84,36.85929998755455,4,75,150,84,32,0,21,21,"16,32,64,128",6,leakage_accounting=approximate_internal_transcript,1024,20,real_data,16,identity,0,2bc34cb99845dc99
real_typeii_20db_d1024_bw20_blk0,cascade_lite,11,True,False,0.625,0.1671875,0.453125,0.1375,258.0,76,15.756299952045083,4,75,150,76,32,0,19,19,"16,32,64,128",6,leakage_accounting=approximate_internal_transcript,1024,20,real_data,16,identity,0,2bc34cb99845dc99
real_typeii_20db_d1024_bw20_blk0,cascade_lite,12,True,False,0.546875,0.15625,0.40625,0.125,262.0,80,42.92379994876683,4,75,150,80,32,0,20,20,"16,32,64,128",6,leakage_accounting=approximate_internal_transcript,1024,20,real_data,16,identity,0,2bc34cb99845dc99
real_typeii_20db_d1024_bw20_blk0,cascade_lite,13,True,False,0.765625,0.24375,0.625,0.21875,246.0,64,11.866500019095838,4,75,150,64,32,0,16,16,"16,32,64,128",6,leakage_accounting=approximate_internal_transcript,1024,20,real_data,16,identity,0,2bc34cb99845dc99
real_typeii_20db_d1024_bw20_blk0,cascade_lite,14,True,False,0.609375,0.19375,0.453125,0.16875,246.0,64,60.24480005726218,4,75,150,64,32,0,16,16,"16,32,64,128",6,leakage_accounting=approximate_internal_transcript,1024,20,real_data,16,identity,0,2bc34cb99845dc99
real_typeii_20db_d1024_bw20_blk0,cascade_lite,15,True,False,0.5625,0.165625,0.328125,0.13125,270.0,88,27.92649995535612,4,75,150,88,32,0,22,22,"16,32,64,128",6,leakage_accounting=approximate_internal_transcript,1024,20,real_data,16,identity,0,2bc34cb99845dc99
real_typeii_20db_d2048_bw20_blk0,cascade_lite,0,True,True,0.328125,0.029829545454545456,0.0,0.0,425.0,63,34.378299955278635,4,165,330,63,32,0,21,21,"8,16,32,64",4,leakage_accounting=approximate_internal_transcript,2048,20,real_data,4,identity,1,1f589a8f8fc4f2a6
real_typeii_20db_d2048_bw20_blk0,cascade_lite,1,True,True,0.421875,0.03835227272727273,0.0,0.0,443.0,81,37.43399993982166,4,165,330,81,32,0,27,27,"8,16,32,64",4,leakage_accounting=approximate_internal_transcript,2048,20,real_data,4,identity,1,1f589a8f8fc4f2a6
real_typeii_20db_d2048_bw20_blk0,cascade_lite,2,True,True,0.4375,0.03977272727272727,0.0,0.0,446.0,84,16.46630000323057,4,165,330,84,32,0,28,28,"8,16,32,64",4,leakage_accounting=approximate_internal_transcript,2048,20,real_data,4,identity,1,1f589a8f8fc4f2a6
real_typeii_20db_d2048_bw20_blk0,cascade_lite,3,True,True,0.46875,0.04261363636363636,0.0,0.0,452.0,90,24.968099896796048,4,165,330,90,32,0,30,30,"8,16,32,64",4,leakage_accounting=approximate_internal_transcript,2048,20,real_data,4,identity,1,1f589a8f8fc4f2a6
real_typeii_20db_d1024_bw20_blk0,cascade_lite,0,True,False,0.71875,0.225,0.484375,0.0875,697.0,329,33.24429993517697,4,168,336,329,32,0,88,88,"8,16,32,64",4,leakage_accounting=approximate_internal_transcript,1024,20,real_data,16,seeded_random,0,c28ff99e89e31963
real_typeii_20db_d1024_bw20_blk0,cascade_lite,1,True,False,0.671875,0.1984375,0.40625,0.0578125,699.0,339,29.06149998307228,4,164,328,339,32,0,90,90,"8,16,32,64",4,leakage_accounting=approximate_internal_transcript,1024,20,real_data,16,seeded_random,0,c28ff99e89e31963
real_typeii_20db_d1024_bw20_blk0,cascade_lite,2,True,False,0.578125,0.1796875,0.296875,0.0546875,666.0,306,62.72359995637089,4,164,328,306,32,0,80,80,"8,16,32,64",4,leakage_accounting=approximate_internal_transcript,1024,20,real_data,16,seeded_random,0,c28ff99e89e31963
real_typeii_20db_d1024_bw20_blk0,cascade_lite,3,True,False,0.703125,0.228125,0.4375,0.08125,733.0,353,92.44449995458126,4,174,348,353,32,0,94,94,"8,16,32,64",4,leakage_accounting=approximate_internal_transcript,1024,20,real_data,16,seeded_random,0,c28ff99e89e31963
real_typeii_20db_d1024_bw20_blk0,cascade_lite,4,True,False,0.734375,0.1734375,0.328125,0.053125,649.0,287,32.649299944750965,4,165,330,287,32,0,77,77,"8,16,32,64",4,leakage_accounting=approximate_internal_transcript,1024,20,real_data,16,seeded_random,0,c28ff99e89e31963
real_typeii_20db_d1024_bw20_blk0,cascade_lite,5,True,False,0.609375,0.1703125,0.421875,0.065625,597.0,249,21.69049996882677,4,158,316,249,32,0,67,67,"8,16,32,64",4,leakage_accounting=approximate_internal_transcript,1024,20,real_data,16,seeded_random,0,c28ff99e89e31963
real_typeii_20db_d1024_bw20_blk0,cascade_lite,6,True,False,0.546875,0.1484375,0.25,0.034375,627.0,267,32.375600072555244,4,164,328,267,32,0,73,73,"8,16,32,64",4,leakage_accounting=approximate_internal_transcript,1024,20,real_data,16,seeded_random,0,c28ff99e89e31963
real_typeii_20db_d1024_bw20_blk0,cascade_lite,7,True,False,0.625,0.175,0.1875,0.0265625,725.0,353,57.65860003884882,4,170,340,353,32,0,95,95,"8,16,32,64",4,leakage_accounting=approximate_internal_transcript,1024,20,real_data,16,seeded_random,0,c28ff99e89e31963
real_typeii_20db_d1024_bw20_blk0,cascade_lite,8,True,False,0.6875,0.1890625,0.25,0.04375,712.0,350,46.90059996210039,4,165,330,350,32,0,93,93,"8,16,32,64",4,leakage_accounting=approximate_internal_transcript,1024,20,real_data,16,seeded_random,0,c28ff99e89e31963
real_typeii_20db_d1024_bw20_blk0,cascade_lite,9,True,False,0.625,0.1890625,0.34375,0.05,682.0,320,53.056999924592674,4,165,330,320,32,0,89,89,"8,16,32,64",4,leakage_accounting=approximate_internal_transcript,1024,20,real_data,16,seeded_random,0,c28ff99e89e31963
real_typeii_20db_d1024_bw20_blk0,cascade_lite,10,True,False,0.640625,0.1859375,0.375,0.065625,634.0,284,22.399200010113418,4,159,318,284,32,0,77,77,"8,16,32,64",4,leakage_accounting=approximate_internal_transcript,1024,20,real_data,16,seeded_random,0,c28ff99e89e31963
real_typeii_20db_d1024_bw20_blk0,cascade_lite,11,True,False,0.625,0.1671875,0.328125,0.0625,593.0,241,89.3946000142023,4,160,320,241,32,0,67,67,"8,16,32,64",4,leakage_accounting=approximate_internal_transcript,1024,20,real_data,16,seeded_random,0,c28ff99e89e31963
real_typeii_20db_d1024_bw20_blk0,cascade_lite,12,True,False,0.546875,0.15625,0.125,0.0125,712.0,350,60.78890000935644,4,165,330,350,32,0,92,92,"8,16,32,64",4,leakage_accounting=approximate_internal_transcript,1024,20,real_data,16,seeded_random,0,c28ff99e89e31963
real_typeii_20db_d1024_bw20_blk0,cascade_lite,13,True,False,0.765625,0.24375,0.5625,0.1140625,670.0,308,28.220599982887506,4,165,330,308,32,0,83,83,"8,16,32,64",4,leakage_accounting=approximate_internal_transcript,1024,20,real_data,16,seeded_random,0,c28ff99e89e31963
real_typeii_20db_d1024_bw20_blk0,cascade_lite,14,True,False,0.609375,0.19375,0.453125,0.075,615.0,265,22.95709995087236,4,159,318,265,32,0,76,76,"8,16,32,64",4,leakage_accounting=approximate_internal_transcript,1024,20,real_data,16,seeded_random,0,c28ff99e89e31963
real_typeii_20db_d1024_bw20_blk0,cascade_lite,15,True,False,0.5625,0.165625,0.265625,0.0328125,666.0,310,67.56029999814928,4,162,324,310,32,0,85,85,"8,16,32,64",4,leakage_accounting=approximate_internal_transcript,1024,20,real_data,16,seeded_random,0,c28ff99e89e31963
real_typeii_20db_d1024_bw20_blk0,cascade_lite,0,True,False,0.71875,0.225,0.484375,0.0875,697.0,329,29.276799992658198,4,168,336,329,32,0,88,88,"8,16,32,64",6,leakage_accounting=approximate_internal_transcript,1024,20,real_data,16,seeded_random,0,90e9c5c1c4435fdb
real_typeii_20db_d1024_bw20_blk0,cascade_lite,1,True,False,0.671875,0.1984375,0.40625,0.0578125,699.0,339,8.655300014652312,4,164,328,339,32,0,90,90,"8,16,32,64",6,leakage_accounting=approximate_internal_transcript,1024,20,real_data,16,seeded_random,0,90e9c5c1c4435fdb
real_typeii_20db_d1024_bw20_blk0,cascade_lite,2,True,False,0.578125,0.1796875,0.296875,0.0546875,666.0,306,32.341100042685866,4,164,328,306,32,0,80,80,"8,16,32,64",6,leakage_accounting=approximate_internal_transcript,1024,20,real_data,16,seeded_random,0,90e9c5c1c4435fdb
real_typeii_20db_d1024_bw20_blk0,cascade_lite,3,True,False,0.703125,0.228125,0.4375,0.08125,733.0,353,49.36659999657422,4,174,348,353,32,0,94,94,"8,16,32,64",6,leakage_accounting=approximate_internal_transcript,1024,20,real_data,16,seeded_random,0,90e9c5c1c4435fdb
real_typeii_20db_d1024_bw20_blk0,cascade_lite,4,True,False,0.734375,0.1734375,0.328125,0.053125,649.0,287,26.480400003492832,4,165,330,287,32,0,77,77,"8,16,32,64",6,leakage_accounting=approximate_internal_transcript,1024,20,real_data,16,seeded_random,0,90e9c5c1c4435fdb
real_typeii_20db_d1024_bw20_blk0,cascade_lite,5,True,False,0.609375,0.1703125,0.421875,0.065625,597.0,249,59.6823999658227,4,158,316,249,32,0,67,67,"8,16,32,64",6,leakage_accounting=approximate_internal_transcript,1024,20,real_data,16,seeded_random,0,90e9c5c1c4435fdb
real_typeii_20db_d1024_bw20_blk0,cascade_lite,6,True,False,0.546875,0.1484375,0.25,0.034375,627.0,267,74.21330001670867,4,164,328,267,32,0,73,73,"8,16,32,64",6,leakage_accounting=approximate_internal_transcript,1024,20,real_data,16,seeded_random,0,90e9c5c1c4435fdb
real_typeii_20db_d1024_bw20_blk0,cascade_lite,7,True,False,0.625,0.175,0.1875,0.0265625,725.0,353,65.03350008279085,4,170,340,353,32,0,95,95,"8,16,32,64",6,leakage_accounting=approximate_internal_transcript,1024,20,real_data,16,seeded_random,0,90e9c5c1c4435fdb
real_typeii_20db_d1024_bw20_blk0,cascade_lite,8,True,False,0.6875,0.1890625,0.25,0.04375,712.0,350,80.91910008806735,4,165,330,350,32,0,93,93,"8,16,32,64",6,leakage_accounting=approximate_internal_transcript,1024,20,real_data,16,seeded_random,0,90e9c5c1c4435fdb
real_typeii_20db_d1024_bw20_blk0,cascade_lite,9,True,False,0.625,0.1890625,0.34375,0.05,682.0,320,29.28880008403212,4,165,330,320,32,0,89,89,"8,16,32,64",6,leakage_accounting=approximate_internal_transcript,1024,20,real_data,16,seeded_random,0,90e9c5c1c4435fdb
real_typeii_20db_d1024_bw20_blk0,cascade_lite,10,True,False,0.640625,0.1859375,0.375,0.065625,634.0,284,52.86280007567257,4,159,318,284,32,0,77,77,"8,16,32,64",6,leakage_accounting=approximate_internal_transcript,1024,20,real_data,16,seeded_random,0,90e9c5c1c4435fdb
real_typeii_20db_d1024_bw20_blk0,cascade_lite,11,True,False,0.625,0.1671875,0.328125,0.0625,593.0,241,81.93890005350113,4,160,320,241,32,0,67,67,"8,16,32,64",6,leakage_accounting=approximate_internal_transcript,1024,20,real_data,16,seeded_random,0,90e9c5c1c4435fdb
real_typeii_20db_d1024_bw20_blk0,cascade_lite,12,True,False,0.546875,0.15625,0.125,0.0125,712.0,350,53.03269997239113,4,165,330,350,32,0,92,92,"8,16,32,64",6,leakage_accounting=approximate_internal_transcript,1024,20,real_data,16,seeded_random,0,90e9c5c1c4435fdb
real_typeii_20db_d1024_bw20_blk0,cascade_lite,13,True,False,0.765625,0.24375,0.5625,0.1140625,670.0,308,23.73659994918853,4,165,330,308,32,0,83,83,"8,16,32,64",6,leakage_accounting=approximate_internal_transcript,1024,20,real_data,16,seeded_random,0,90e9c5c1c4435fdb
real_typeii_20db_d1024_bw20_blk0,cascade_lite,14,True,False,0.609375,0.19375,0.453125,0.075,615.0,265,61.88409996684641,4,159,318,265,32,0,76,76,"8,16,32,64",6,leakage_accounting=approximate_internal_transcript,1024,20,real_data,16,seeded_random,0,90e9c5c1c4435fdb
real_typeii_20db_d1024_bw20_blk0,cascade_lite,15,True,False,0.5625,0.165625,0.265625,0.0328125,666.0,310,9.80349991004914,4,162,324,310,32,0,85,85,"8,16,32,64",6,leakage_accounting=approximate_internal_transcript,1024,20,real_data,16,seeded_random,0,90e9c5c1c4435fdb
real_typeii_20db_d2048_bw20_blk0,cascade_lite,0,True,True,0.328125,0.029829545454545456,0.0,0.0,425.0,63,24.4378000497818,4,165,330,63,32,0,21,21,"8,16,32,64",4,leakage_accounting=approximate_internal_transcript,2048,20,real_data,4,identity,0,6c76f6300a2bf603
real_typeii_20db_d2048_bw20_blk0,cascade_lite,1,True,True,0.421875,0.03835227272727273,0.0,0.0,443.0,81,87.05279999412596,4,165,330,81,32,0,27,27,"8,16,32,64",4,leakage_accounting=approximate_internal_transcript,2048,20,real_data,4,identity,0,6c76f6300a2bf603
real_typeii_20db_d2048_bw20_blk0,cascade_lite,2,True,True,0.4375,0.03977272727272727,0.0,0.0,446.0,84,16.990400035865605,4,165,330,84,32,0,28,28,"8,16,32,64",4,leakage_accounting=approximate_internal_transcript,2048,20,real_data,4,identity,0,6c76f6300a2bf603
real_typeii_20db_d2048_bw20_blk0,cascade_lite,3,True,True,0.46875,0.04261363636363636,0.0,0.0,452.0,90,11.392699903808534,4,165,330,90,32,0,30,30,"8,16,32,64",4,leakage_accounting=approximate_internal_transcript,2048,20,real_data,4,identity,0,6c76f6300a2bf603
real_typeii_20db_d2048_bw20_blk0,cascade_lite,0,True,True,0.328125,0.029829545454545456,0.0,0.0,425.0,63,52.92619997635484,4,165,330,63,32,0,21,21,"8,16,32,64",6,leakage_accounting=approximate_internal_transcript,2048,20,real_data,4,identity,0,47bfc7ece074fdaa
real_typeii_20db_d2048_bw20_blk0,cascade_lite,1,True,True,0.421875,0.03835227272727273,0.0,0.0,443.0,81,7.085900055244565,4,165,330,81,32,0,27,27,"8,16,32,64",6,leakage_accounting=approximate_internal_transcript,2048,20,real_data,4,identity,0,47bfc7ece074fdaa
real_typeii_20db_d2048_bw20_blk0,cascade_lite,2,True,True,0.4375,0.03977272727272727,0.0,0.0,446.0,84,38.99020003154874,4,165,330,84,32,0,28,28,"8,16,32,64",6,leakage_accounting=approximate_internal_transcript,2048,20,real_data,4,identity,0,47bfc7ece074fdaa
real_typeii_20db_d2048_bw20_blk0,cascade_lite,3,True,True,0.46875,0.04261363636363636,0.0,0.0,452.0,90,30.325699946843088,4,165,330,90,32,0,30,30,"8,16,32,64",6,leakage_accounting=approximate_internal_transcript,2048,20,real_data,4,identity,0,47bfc7ece074fdaa
real_typeii_20db_d2048_bw20_blk0,cascade_lite,0,True,True,0.328125,0.029829545454545456,0.0,0.0,425.0,63,29.257900081574917,4,165,330,63,32,0,21,21,"8,16,32,64",6,leakage_accounting=approximate_internal_transcript,2048,20,real_data,4,identity,1,d825734b6395c173
real_typeii_20db_d2048_bw20_blk0,cascade_lite,1,True,True,0.421875,0.03835227272727273,0.0,0.0,443.0,81,16.54790004249662,4,165,330,81,32,0,27,27,"8,16,32,64",6,leakage_accounting=approximate_internal_transcript,2048,20,real_data,4,identity,1,d825734b6395c173
real_typeii_20db_d2048_bw20_blk0,cascade_lite,2,True,True,0.4375,0.03977272727272727,0.0,0.0,446.0,84,39.842600002884865,4,165,330,84,32,0,28,28,"8,16,32,64",6,leakage_accounting=approximate_internal_transcript,2048,20,real_data,4,identity,1,d825734b6395c173
real_typeii_20db_d2048_bw20_blk0,cascade_lite,3,True,True,0.46875,0.04261363636363636,0.0,0.0,452.0,90,59.02000004425645,4,165,330,90,32,0,30,30,"8,16,32,64",6,leakage_accounting=approximate_internal_transcript,2048,20,real_data,4,identity,1,d825734b6395c173
real_typeii_20db_d1024_bw20_blk0,cascade_lite,0,True,False,0.71875,0.225,0.609375,0.1609375,394.0,196,31.97290003299713,4,83,166,196,32,0,41,41,"16,32,64,128",4,leakage_accounting=approximate_internal_transcript,1024,20,real_data,16,seeded_random,0,19e9870100f5792b
real_typeii_20db_d1024_bw20_blk0,cascade_lite,1,True,False,0.671875,0.1984375,0.484375,0.11875,436.0,232,28.456500032916665,4,86,172,232,32,0,51,51,"16,32,64,128",4,leakage_accounting=approximate_internal_transcript,1024,20,real_data,16,seeded_random,0,19e9870100f5792b
real_typeii_20db_d1024_bw20_blk0,cascade_lite,2,True,False,0.578125,0.1796875,0.421875,0.103125,425.0,219,26.70129993930459,4,87,174,219,32,0,49,49,"16,32,64,128",4,leakage_accounting=approximate_internal_transcript,1024,20,real_data,16,seeded_random,0,19e9870100f5792b
real_typeii_20db_d1024_bw20_blk0,cascade_lite,3,True,False,0.703125,0.228125,0.609375,0.16875,369.0,171,28.18579995073378,4,83,166,171,32,0,38,38,"16,32,64,128",4,leakage_accounting=approximate_internal_transcript,1024,20,real_data,16,seeded_random,0,19e9870100f5792b
real_typeii_20db_d1024_bw20_blk0,cascade_lite,4,True,False,0.734375,0.1734375,0.53125,0.1171875,361.0,167,37.77980001177639,4,81,162,167,32,0,36,36,"16,32,64,128",4,leakage_accounting=approximate_internal_transcript,1024,20,real_data,16,seeded_random,0,19e9870100f5792b
real_typeii_20db_d1024_bw20_blk0,cascade_lite,5,True,False,0.609375,0.1703125,0.46875,0.1,430.0,226,57.44050000794232,4,86,172,226,32,0,45,45,"16,32,64,128",4,leakage_accounting=approximate_internal_transcript,1024,20,real_data,16,seeded_random,0,19e9870100f5792b
real_typeii_20db_d1024_bw20_blk0,cascade_lite,6,True,False,0.546875,0.1484375,0.359375,0.0703125,450.0,236,45.51910003647208,4,91,182,236,32,0,50,50,"16,32,64,128",4,leakage_accounting=approximate_internal_transcript,1024,20,real_data,16,seeded_random,0,19e9870100f5792b
real_typeii_20db_d1024_bw20_blk0,cascade_lite,7,True,False,0.625,0.175,0.484375,0.109375,391.0,195,32.00739994645119,4,82,164,195,32,0,42,42,"16,32,64,128",4,leakage_accounting=approximate_internal_transcript,1024,20,real_data,16,seeded_random,0,19e9870100f5792b
real_typeii_20db_d1024_bw20_blk0,cascade_lite,8,True,False,0.6875,0.1890625,0.53125,0.1078125,450.0,244,121.7620000243187,4,87,174,244,32,0,52,52,"16,32,64,128",4,leakage_accounting=approximate_internal_transcript,1024,20,real_data,16,seeded_random,0,19e9870100f5792b
real_typeii_20db_d1024_bw20_blk0,cascade_lite,9,True,False,0.625,0.1890625,0.5,0.1171875,422.0,216,12.582299998030066,4,87,174,216,32,0,46,46,"16,32,64,128",4,leakage_accounting=approximate_internal_transcript,1024,20,real_data,16,seeded_random,0,19e9870100f5792b
real_typeii_20db_d1024_bw20_blk0,cascade_lite,10,True,False,0.640625,0.1859375,0.484375,0.1140625,421.0,219,73.20760004222393,4,85,170,219,32,0,46,46,"16,32,64,128",4,leakage_accounting=approximate_internal_transcript,1024,20,real_data,16,seeded_random,0,19e9870100f5792b
real_typeii_20db_d1024_bw20_blk0,cascade_lite,11,True,False,0.625,0.1671875,0.4375,0.09375,423.0,215,45.591300004161894,4,88,176,215,32,0,47,47,"16,32,64,128",4,leakage_accounting=approximate_internal_transcript,1024,20,real_data,16,seeded_random,0,19e9870100f5792b
real_typeii_20db_d1024_bw20_blk0,cascade_lite,12,True,False,0.546875,0.15625,0.34375,0.065625,490.0,276,38.75619999598712,4,91,182,276,32,0,58,58,"16,32,64,128",4,leakage_accounting=approximate_internal_transcript,1024,20,real_data,16,seeded_random,0,19e9870100f5792b
real_typeii_20db_d1024_bw20_blk0,cascade_lite,13,True,False,0.765625,0.24375,0.609375,0.15625,484.0,264,54.23559993505478,4,94,188,264,32,0,56,56,"16,32,64,128",4,leakage_accounting=approximate_internal_transcript,1024,20,real_data,16,seeded_random,0,19e9870100f5792b
real_typeii_20db_d1024_bw20_blk0,cascade_lite,14,True,False,0.609375,0.19375,0.484375,0.11875,423.0,219,26.52990003116429,4,86,172,219,32,0,48,48,"16,32,64,128",4,leakage_accounting=approximate_internal_transcript,1024,20,real_data,16,seeded_random,0,19e9870100f5792b
real_typeii_20db_d1024_bw20_blk0,cascade_lite,15,True,False,0.5625,0.165625,0.421875,0.090625,450.0,244,21.409399923868477,4,87,174,244,32,0,48,48,"16,32,64,128",4,leakage_accounting=approximate_internal_transcript,1024,20,real_data,16,seeded_random,0,19e9870100f5792b
real_typeii_20db_d2048_bw20_blk0,cascade_lite,0,True,False,0.328125,0.029829545454545456,0.03125,0.002840909090909091,274.0,76,12.888199998997152,4,83,166,76,32,0,19,19,"16,32,64,128",4,leakage_accounting=approximate_internal_transcript,2048,20,real_data,4,identity,0,aeacee9a04c960ac
real_typeii_20db_d2048_bw20_blk0,cascade_lite,1,True,False,0.421875,0.03835227272727273,0.125,0.011363636363636364,274.0,76,12.495099916122854,4,83,166,76,32,0,19,19,"16,32,64,128",4,leakage_accounting=approximate_internal_transcript,2048,20,real_data,4,identity,0,aeacee9a04c960ac
real_typeii_20db_d2048_bw20_blk0,cascade_lite,2,True,False,0.4375,0.03977272727272727,0.09375,0.008522727272727272,286.0,88,20.162099972367287,4,83,166,88,32,0,22,22,"16,32,64,128",4,leakage_accounting=approximate_internal_transcript,2048,20,real_data,4,identity,0,aeacee9a04c960ac
real_typeii_20db_d2048_bw20_blk0,cascade_lite,3,True,False,0.46875,0.04261363636363636,0.15625,0.014204545454545454,278.0,80,19.346299930475652,4,83,166,80,32,0,20,20,"16,32,64,128",4,leakage_accounting=approximate_internal_transcript,2048,20,real_data,4,identity,0,aeacee9a04c960ac
real_typeii_20db_d2048_bw20_blk0,cascade_lite,0,True,True,0.328125,0.029829545454545456,0.0,0.0,431.0,69,41.429499979130924,4,165,330,69,32,0,21,21,"8,16,32,64",4,leakage_accounting=approximate_internal_transcript,2048,20,real_data,4,seeded_random,1,b9f654c90a774d3d
real_typeii_20db_d2048_bw20_blk0,cascade_lite,1,True,True,0.421875,0.03835227272727273,0.0,0.0,459.0,97,23.833699990063906,4,165,330,97,32,0,27,27,"8,16,32,64",4,leakage_accounting=approximate_internal_transcript,2048,20,real_data,4,seeded_random,1,b9f654c90a774d3d
real_typeii_20db_d2048_bw20_blk0,cascade_lite,2,True,True,0.4375,0.03977272727272727,0.0,0.0,452.0,90,73.14769993536174,4,165,330,90,32,0,28,28,"8,16,32,64",4,leakage_accounting=approximate_internal_transcript,2048,20,real_data,4,seeded_random,1,b9f654c90a774d3d
real_typeii_20db_d2048_bw20_blk0,cascade_lite,3,True,True,0.46875,0.04261363636363636,0.0,0.0,462.0,100,23.745300015434623,4,165,330,100,32,0,30,30,"8,16,32,64",4,leakage_accounting=approximate_internal_transcript,2048,20,real_data,4,seeded_random,1,b9f654c90a774d3d
real_typeii_20db_d1024_bw20_blk0,cascade_lite,0,True,False,0.71875,0.225,0.328125,0.0625,785.0,403,65.50559995230287,4,175,350,403,32,0,104,104,"8,16,32,64",4,leakage_accounting=approximate_internal_transcript,1024,20,real_data,16,seeded_random,1,7faaaf788b90c25a
real_typeii_20db_d1024_bw20_blk0,cascade_lite,1,True,False,0.671875,0.1984375,0.375,0.0703125,665.0,305,30.61290003824979,4,164,328,305,32,0,82,82,"8,16,32,64",4,leakage_accounting=approximate_internal_transcript,1024,20,real_data,16,seeded_random,1,7faaaf788b90c25a
real_typeii_20db_d1024_bw20_blk0,cascade_lite,2,True,False,0.578125,0.1796875,0.171875,0.0203125,764.0,390,56.55999993905425,4,171,342,390,32,0,102,102,"8,16,32,64",4,leakage_accounting=approximate_internal_transcript,1024,20,real_data,16,seeded_random,1,7faaaf788b90c25a
real_typeii_20db_d1024_bw20_blk0,cascade_lite,3,True,False,0.703125,0.228125,0.453125,0.084375,714.0,344,35.882199998013675,4,169,338,344,32,0,92,92,"8,16,32,64",4,leakage_accounting=approximate_internal_transcript,1024,20,real_data,16,seeded_random,1,7faaaf788b90c25a
real_typeii_20db_d1024_bw20_blk0,cascade_lite,4,True,False,0.734375,0.1734375,0.203125,0.0296875,717.0,351,62.99359991680831,4,167,334,351,32,0,92,92,"8,16,32,64",4,leakage_accounting=approximate_internal_transcript,1024,20,real_data,16,seeded_random,1,7faaaf788b90c25a
real_typeii_20db_d1024_bw20_blk0,cascade_lite,5,True,False,0.609375,0.1703125,0.296875,0.0375,674.0,322,62.79939995147288,4,160,320,322,32,0,85,85,"8,16,32,64",4,leakage_accounting=approximate_internal_transcript,1024,20,real_data,16,seeded_random,1,7faaaf788b90c25a
real_typeii_20db_d1024_bw20_blk0,cascade_lite,6,True,False,0.546875,0.1484375,0.140625,0.015625,676.0,324,63.3177999407053,4,160,320,324,32,0,85,85,"8,16,32,64",4,leakage_accounting=approximate_internal_transcript,1024,20,real_data,16,seeded_random,1,7faaaf788b90c25a
real_typeii_20db_d1024_bw20_blk0,cascade_lite,7,True,False,0.625,0.175,0.25,0.0328125,704.0,342,64.30950004141778,4,165,330,342,32,0,91,91,"8,16,32,64",4,leakage_accounting=approximate_internal_transcript,1024,20,real_data,16,seeded_random,1,7faaaf788b90c25a
real_typeii_20db_d1024_bw20_blk0,cascade_lite,8,True,False,0.6875,0.1890625,0.25,0.034375,730.0,362,98.58170000370592,4,168,336,362,32,0,99,99,"8,16,32,64",4,leakage_accounting=approximate_internal_transcript,1024,20,real_data,16,seeded_random,1,7faaaf788b90c25a
real_typeii_20db_d1024_bw20_blk0,cascade_lite,9,True,False,0.625,0.1890625,0.28125,0.05,680.0,326,51.00249999668449,4,161,322,326,32,0,89,89,"8,16,32,64",4,leakage_accounting=approximate_internal_transcript,1024,20,real_data,16,seeded_random,1,7faaaf788b90c25a
real_typeii_20db_d1024_bw20_blk0,cascade_lite,10,True,False,0.640625,0.1859375,0.40625,0.075,600.0,256,59.46300004143268,4,156,312,256,32,0,71,71,"8,16,32,64",4,leakage_accounting=approximate_internal_transcript,1024,20,real_data,16,seeded_random,1,7faaaf788b90c25a
real_typeii_20db_d1024_bw20_blk0,cascade_lite,11,True,False,0.625,0.1671875,0.140625,0.0140625,727.0,361,50.412300042808056,4,167,334,361,32,0,98,98,"8,16,32,64",4,leakage_accounting=approximate_internal_transcript,1024,20,real_data,16,seeded_random,1,7faaaf788b90c25a
real_typeii_20db_d1024_bw20_blk0,cascade_lite,12,True,False,0.546875,0.15625,0.203125,0.0296875,647.0,297,36.07559995725751,4,159,318,297,32,0,81,81,"8,16,32,64",4,leakage_accounting=approximate_internal_transcript,1024,20,real_data,16,seeded_random,1,7faaaf788b90c25a
real_typeii_20db_d1024_bw20_blk0,cascade_lite,13,True,False,0.765625,0.24375,0.46875,0.1,698.0,332,44.91049994248897,4,167,334,332,32,0,92,92,"8,16,32,64",4,leakage_accounting=approximate_internal_transcript,1024,20,real_data,16,seeded_random,1,7faaaf788b90c25a
real_typeii_20db_d1024_bw20_blk0,cascade_lite,14,True,False,0.609375,0.19375,0.34375,0.0453125,728.0,360,40.14419997110963,4,168,336,360,32,0,95,95,"8,16,32,64",4,leakage_accounting=approximate_internal_transcript,1024,20,real_data,16,seeded_random,1,7faaaf788b90c25a
real_typeii_20db_d1024_bw20_blk0,cascade_lite,15,True,False,0.5625,0.165625,0.328125,0.0546875,605.0,253,17.396699986420572,4,160,320,253,32,0,71,71,"8,16,32,64",4,leakage_accounting=approximate_internal_transcript,1024,20,real_data,16,seeded_random,1,7faaaf788b90c25a
real_typeii_20db_d1024_bw20_blk0,cascade_lite,0,True,False,0.71875,0.225,0.328125,0.0625,785.0,403,75.27369994204491,4,175,350,403,32,0,104,104,"8,16,32,64",6,leakage_accounting=approximate_internal_transcript,1024,20,real_data,16,seeded_random,1,a09833a965a0ddf8
real_typeii_20db_d1024_bw20_blk0,cascade_lite,1,True,False,0.671875,0.1984375,0.375,0.0703125,665.0,305,24.293599999509752,4,164,328,305,32,0,82,82,"8,16,32,64",6,leakage_accounting=approximate_internal_transcript,1024,20,real_data,16,seeded_random,1,a09833a965a0ddf8
real_typeii_20db_d1024_bw20_blk0,cascade_lite,2,True,False,0.578125,0.1796875,0.171875,0.0203125,764.0,390,26.371799991466105,4,171,342,390,32,0,102,102,"8,16,32,64",6,leakage_accounting=approximate_internal_transcript,1024,20,real_data,16,seeded_random,1,a09833a965a0ddf8
real_typeii_20db_d1024_bw20_blk0,cascade_lite,3,True,False,0.703125,0.228125,0.453125,0.084375,714.0,344,40.069099981337786,4,169,338,344,32,0,92,92,"8,16,32,64",6,leakage_accounting=approximate_internal_transcript,1024,20,real_data,16,seeded_random,1,a09833a965a0ddf8
real_typeii_20db_d1024_bw20_blk0,cascade_lite,4,True,False,0.734375,0.1734375,0.203125,0.0296875,717.0,351,56.7269999301061,4,167,334,351,32,0,92,92,"8,16,32,64",6,leakage_accounting=approximate_internal_transcript,1024,20,real_data,16,seeded_random,1,a09833a965a0ddf8
real_typeii_20db_d1024_bw20_blk0,cascade_lite,5,True,False,0.609375,0.1703125,0.296875,0.0375,674.0,322,30.172199942171574,4,160,320,322,32,0,85,85,"8,16,32,64",6,leakage_accounting=approximate_internal_transcript,1024,20,real_data,16,seeded_random,1,a09833a965a0ddf8
real_typeii_20db_d1024_bw20_blk0,cascade_lite,6,True,False,0.546875,0.1484375,0.140625,0.015625,676.0,324,13.29879998229444,4,160,320,324,32,0,85,85,"8,16,32,64",6,leakage_accounting=approximate_internal_transcript,1024,20,real_data,16,seeded_random,1,a09833a965a0ddf8
real_typeii_20db_d1024_bw20_blk0,cascade_lite,7,True,False,0.625,0.175,0.25,0.0328125,704.0,342,74.74890002049506,4,165,330,342,32,0,91,91,"8,16,32,64",6,leakage_accounting=approximate_internal_transcript,1024,20,real_data,16,seeded_random,1,a09833a965a0ddf8
real_typeii_20db_d1024_bw20_blk0,cascade_lite,8,True,False,0.6875,0.1890625,0.25,0.034375,730.0,362,39.23640004359186,4,168,336,362,32,0,99,99,"8,16,32,64",6,leakage_accounting=approximate_internal_transcript,1024,20,real_data,16,seeded_random,1,a09833a965a0ddf8
real_typeii_20db_d1024_bw20_blk0,cascade_lite,9,True,False,0.625,0.1890625,0.28125,0.05,680.0,326,43.84329996537417,4,161,322,326,32,0,89,89,"8,16,32,64",6,leakage_accounting=approximate_internal_transcript,1024,20,real_data,16,seeded_random,1,a09833a965a0ddf8
real_typeii_20db_d1024_bw20_blk0,cascade_lite,10,True,False,0.640625,0.1859375,0.40625,0.075,600.0,256,59.59780002012849,4,156,312,256,32,0,71,71,"8,16,32,64",6,leakage_accounting=approximate_internal_transcript,1024,20,real_data,16,seeded_random,1,a09833a965a0ddf8
real_typeii_20db_d1024_bw20_blk0,cascade_lite,11,True,False,0.625,0.1671875,0.140625,0.0140625,727.0,361,74.24290000926703,4,167,334,361,32,0,98,98,"8,16,32,64",6,leakage_accounting=approximate_internal_transcript,1024,20,real_data,16,seeded_random,1,a09833a965a0ddf8
real_typeii_20db_d1024_bw20_blk0,cascade_lite,12,True,False,0.546875,0.15625,0.203125,0.0296875,647.0,297,75.86860004812479,4,159,318,297,32,0,81,81,"8,16,32,64",6,leakage_accounting=approximate_internal_transcript,1024,20,real_data,16,seeded_random,1,a09833a965a0ddf8
real_typeii_20db_d1024_bw20_blk0,cascade_lite,13,True,False,0.765625,0.24375,0.46875,0.1,698.0,332,65.18740009050816,4,167,334,332,32,0,92,92,"8,16,32,64",6,leakage_accounting=approximate_internal_transcript,1024,20,real_data,16,seeded_random,1,a09833a965a0ddf8
real_typeii_20db_d1024_bw20_blk0,cascade_lite,14,True,False,0.609375,0.19375,0.34375,0.0453125,728.0,360,20.594800007529557,4,168,336,360,32,0,95,95,"8,16,32,64",6,leakage_accounting=approximate_internal_transcript,1024,20,real_data,16,seeded_random,1,a09833a965a0ddf8
real_typeii_20db_d1024_bw20_blk0,cascade_lite,15,True,False,0.5625,0.165625,0.328125,0.0546875,605.0,253,51.90479999873787,4,160,320,253,32,0,71,71,"8,16,32,64",6,leakage_accounting=approximate_internal_transcript,1024,20,real_data,16,seeded_random,1,a09833a965a0ddf8
real_typeii_20db_d2048_bw20_blk0,cascade_lite,0,True,False,0.328125,0.029829545454545456,0.03125,0.002840909090909091,274.0,76,45.85750005207956,4,83,166,76,32,0,19,19,"16,32,64,128",4,leakage_accounting=approximate_internal_transcript,2048,20,real_data,4,identity,1,b274fad8603600d1
real_typeii_20db_d2048_bw20_blk0,cascade_lite,1,True,False,0.421875,0.03835227272727273,0.125,0.011363636363636364,274.0,76,20.491599920205772,4,83,166,76,32,0,19,19,"16,32,64,128",4,leakage_accounting=approximate_internal_transcript,2048,20,real_data,4,identity,1,b274fad8603600d1
real_typeii_20db_d2048_bw20_blk0,cascade_lite,2,True,False,0.4375,0.03977272727272727,0.09375,0.008522727272727272,286.0,88,13.065499952062964,4,83,166,88,32,0,22,22,"16,32,64,128",4,leakage_accounting=approximate_internal_transcript,2048,20,real_data,4,identity,1,b274fad8603600d1
real_typeii_20db_d2048_bw20_blk0,cascade_lite,3,True,False,0.46875,0.04261363636363636,0.15625,0.014204545454545454,278.0,80,7.571600028313696,4,83,166,80,32,0,20,20,"16,32,64,128",4,leakage_accounting=approximate_internal_transcript,2048,20,real_data,4,identity,1,b274fad8603600d1
real_typeii_20db_d2048_bw20_blk0,cascade_lite,0,True,True,0.328125,0.029829545454545456,0.0,0.0,425.0,63,43.189299991354346,4,165,330,63,32,0,21,21,"8,16,32,64",4,leakage_accounting=approximate_internal_transcript,2048,20,real_data,4,seeded_random,0,ef3fd819508ca339
real_typeii_20db_d2048_bw20_blk0,cascade_lite,1,True,True,0.421875,0.03835227272727273,0.0,0.0,447.0,85,74.59560001734644,4,165,330,85,32,0,27,27,"8,16,32,64",4,leakage_accounting=approximate_internal_transcript,2048,20,real_data,4,seeded_random,0,ef3fd819508ca339
real_typeii_20db_d2048_bw20_blk0,cascade_lite,2,True,True,0.4375,0.03977272727272727,0.0,0.0,451.0,87,68.10929998755455,4,166,332,87,32,0,28,28,"8,16,32,64",4,leakage_accounting=approximate_internal_transcript,2048,20,real_data,4,seeded_random,0,ef3fd819508ca339
real_typeii_20db_d2048_bw20_blk0,cascade_lite,3,True,True,0.46875,0.04261363636363636,0.0,0.0,463.0,99,41.05939995497465,4,166,332,99,32,0,30,30,"8,16,32,64",4,leakage_accounting=approximate_internal_transcript,2048,20,real_data,4,seeded_random,0,ef3fd819508ca339
real_typeii_20db_d2048_bw20_blk0,cascade_lite,0,True,True,0.328125,0.029829545454545456,0.0,0.0,282.0,84,58.30829998012632,4,83,166,84,32,0,21,21,"16,32,64,128",4,leakage_accounting=approximate_internal_transcript,2048,20,real_data,4,seeded_random,0,3ddb0e813f8c9fa7
real_typeii_20db_d2048_bw20_blk0,cascade_lite,1,True,True,0.421875,0.03835227272727273,0.0,0.0,321.0,121,25.09829995688051,4,84,168,121,32,0,27,27,"16,32,64,128",4,leakage_accounting=approximate_internal_transcript,2048,20,real_data,4,seeded_random,0,3ddb0e813f8c9fa7
real_typeii_20db_d2048_bw20_blk0,cascade_lite,2,True,True,0.4375,0.03977272727272727,0.0,0.0,318.0,120,13.415499939583242,4,83,166,120,32,0,28,28,"16,32,64,128",4,leakage_accounting=approximate_internal_transcript,2048,20,real_data,4,seeded_random,0,3ddb0e813f8c9fa7
real_typeii_20db_d2048_bw20_blk0,cascade_lite,3,True,True,0.46875,0.04261363636363636,0.0,0.0,346.0,142,5.6662000715732574,4,86,172,142,32,0,30,30,"16,32,64,128",4,leakage_accounting=approximate_internal_transcript,2048,20,real_data,4,seeded_random,0,3ddb0e813f8c9fa7
real_typeii_20db_d2048_bw20_blk0,cascade_lite,0,True,False,0.328125,0.029829545454545456,0.03125,0.002840909090909091,274.0,76,24.5193000882864,4,83,166,76,32,0,19,19,"16,32,64,128",6,leakage_accounting=approximate_internal_transcript,2048,20,real_data,4,identity,0,63bd09359267310c
real_typeii_20db_d2048_bw20_blk0,cascade_lite,1,True,False,0.421875,0.03835227272727273,0.125,0.011363636363636364,274.0,76,26.157299987971783,4,83,166,76,32,0,19,19,"16,32,64,128",6,leakage_accounting=approximate_internal_transcript,2048,20,real_data,4,identity,0,63bd09359267310c
real_typeii_20db_d2048_bw20_blk0,cascade_lite,2,True,False,0.4375,0.03977272727272727,0.09375,0.008522727272727272,286.0,88,11.414699954912066,4,83,166,88,32,0,22,22,"16,32,64,128",6,leakage_accounting=approximate_internal_transcript,2048,20,real_data,4,identity,0,63bd09359267310c
real_typeii_20db_d2048_bw20_blk0,cascade_lite,3,True,False,0.46875,0.04261363636363636,0.15625,0.014204545454545454,278.0,80,23.25369999743998,4,83,166,80,32,0,20,20,"16,32,64,128",6,leakage_accounting=approximate_internal_transcript,2048,20,real_data,4,identity,0,63bd09359267310c
real_typeii_20db_d2048_bw20_blk0,cascade_lite,0,True,True,0.328125,0.029829545454545456,0.0,0.0,431.0,69,40.842499933205545,4,165,330,69,32,0,21,21,"8,16,32,64",6,leakage_accounting=approximate_internal_transcript,2048,20,real_data,4,seeded_random,1,da44be679542d120
real_typeii_20db_d2048_bw20_blk0,cascade_lite,1,True,True,0.421875,0.03835227272727273,0.0,0.0,459.0,97,37.77900000568479,4,165,330,97,32,0,27,27,"8,16,32,64",6,leakage_accounting=approximate_internal_transcript,2048,20,real_data,4,seeded_random,1,da44be679542d120
real_typeii_20db_d2048_bw20_blk0,cascade_lite,2,True,True,0.4375,0.03977272727272727,0.0,0.0,452.0,90,49.638799973763525,4,165,330,90,32,0,28,28,"8,16,32,64",6,leakage_accounting=approximate_internal_transcript,2048,20,real_data,4,seeded_random,1,da44be679542d120
real_typeii_20db_d2048_bw20_blk0,cascade_lite,3,True,True,0.46875,0.04261363636363636,0.0,0.0,462.0,100,20.199800026603043,4,165,330,100,32,0,30,30,"8,16,32,64",6,leakage_accounting=approximate_internal_transcript,2048,20,real_data,4,seeded_random,1,da44be679542d120
real_typeii_20db_d2048_bw20_blk0,cascade_lite,0,True,False,0.328125,0.029829545454545456,0.03125,0.002840909090909091,274.0,76,15.230500022880733,4,83,166,76,32,0,19,19,"16,32,64,128",6,leakage_accounting=approximate_internal_transcript,2048,20,real_data,4,identity,1,86320143d2d78cc2
real_typeii_20db_d2048_bw20_blk0,cascade_lite,1,True,False,0.421875,0.03835227272727273,0.125,0.011363636363636364,274.0,76,19.014700083062053,4,83,166,76,32,0,19,19,"16,32,64,128",6,leakage_accounting=approximate_internal_transcript,2048,20,real_data,4,identity,1,86320143d2d78cc2
real_typeii_20db_d2048_bw20_blk0,cascade_lite,2,True,False,0.4375,0.03977272727272727,0.09375,0.008522727272727272,286.0,88,48.070000018924475,4,83,166,88,32,0,22,22,"16,32,64,128",6,leakage_accounting=approximate_internal_transcript,2048,20,real_data,4,identity,1,86320143d2d78cc2
real_typeii_20db_d2048_bw20_blk0,cascade_lite,3,True,False,0.46875,0.04261363636363636,0.15625,0.014204545454545454,278.0,80,15.458500012755394,4,83,166,80,32,0,20,20,"16,32,64,128",6,leakage_accounting=approximate_internal_transcript,2048,20,real_data,4,identity,1,86320143d2d78cc2
real_typeii_20db_d1024_bw20_blk0,cascade_lite,0,True,False,0.71875,0.225,0.53125,0.190625,270.0,88,39.65379996225238,4,75,150,88,32,0,22,22,"16,32,64,128",6,leakage_accounting=approximate_internal_transcript,1024,20,real_data,16,identity,1,aec586233b5d565e
real_typeii_20db_d1024_bw20_blk0,cascade_lite,1,True,False,0.671875,0.1984375,0.421875,0.159375,282.0,100,79.45710001513362,4,75,150,100,32,0,25,25,"16,32,64,128",6,leakage_accounting=approximate_internal_transcript,1024,20,real_data,16,identity,1,aec586233b5d565e
real_typeii_20db_d1024_bw20_blk0,cascade_lite,2,True,False,0.578125,0.1796875,0.5,0.15625,242.0,60,23.3283000998199,4,75,150,60,32,0,15,15,"16,32,64,128",6,leakage_accounting=approximate_internal_transcript,1024,20,real_data,16,identity,1,aec586233b5d565e
real_typeii_20db_d1024_bw20_blk0,cascade_lite,3,True,False,0.703125,0.228125,0.609375,0.209375,230.0,48,61.811799998395145,4,75,150,48,32,0,12,12,"16,32,64,128",6,leakage_accounting=approximate_internal_transcript,1024,20,real_data,16,identity,1,aec586233b5d565e
real_typeii_20db_d1024_bw20_blk0,cascade_lite,4,True,False,0.734375,0.1734375,0.515625,0.134375,282.0,100,67.51790002454072,4,75,150,100,32,0,25,25,"16,32,64,128",6,leakage_accounting=approximate_internal_transcript,1024,20,real_data,16,identity,1,aec586233b5d565e
real_typeii_20db_d1024_bw20_blk0,cascade_lite,5,True,False,0.609375,0.1703125,0.375,0.13125,282.0,100,29.613299993798137,4,75,150,100,32,0,25,25,"16,32,64,128",6,leakage_accounting=approximate_internal_transcript,1024,20,real_data,16,identity,1,aec586233b5d565e
real_typeii_20db_d1024_bw20_blk0,cascade_lite,6,True,False,0.546875,0.1484375,0.453125,0.13125,226.0,44,53.7144000409171,4,75,150,44,32,0,11,11,"16,32,64,128",6,leakage_accounting=approximate_internal_transcript,1024,20,real_data,16,identity,1,aec586233b5d565e
real_typeii_20db_d1024_bw20_blk0,cascade_lite,7,True,False,0.625,0.175,0.453125,0.140625,270.0,88,5.916399997659028,4,75,150,88,32,0,22,22,"16,32,64,128",6,leakage_accounting=approximate_internal_transcript,1024,20,real_data,16,identity,1,aec586233b5d565e
real_typeii_20db_d1024_bw20_blk0,cascade_lite,8,True,False,0.6875,0.1890625,0.5,0.1625,250.0,68,25.800999952480197,4,75,150,68,32,0,17,17,"16,32,64,128",6,leakage_accounting=approximate_internal_transcript,1024,20,real_data,16,identity,1,aec586233b5d565e
real_typeii_20db_d1024_bw20_blk0,cascade_lite,9,True,False,0.625,0.1890625,0.421875,0.15625,266.0,84,24.671999970450997,4,75,150,84,32,0,21,21,"16,32,64,128",6,leakage_accounting=approximate_internal_transcript,1024,20,real_data,16,identity,1,aec586233b5d565e
real_typeii_20db_d1024_bw20_blk0,cascade_lite,10,True,False,0.640625,0.1859375,0.390625,0.153125,266.0,84,24.648799910210073,4,75,150,84,32,0,21,21,"16,32,64,128",6,leakage_accounting=approximate_internal_transcript,1024,20,real_data,16,identity,1,aec586233b5d565e
real_typeii_20db_d1024_bw20_blk0,cascade_lite,11,True,False,0.625,0.1671875,0.453125,0.1375,258.0,76,27.415000018663704,4,75,150,76,32,0,19,19,"16,32,64,128",6,leakage_accounting=approximate_internal_transcript,1024,20,real_data,16,identity,1,aec586233b5d565e
real_typeii_20db_d1024_bw20_blk0,cascade_lite,12,True,False,0.546875,0.15625,0.40625,0.125,262.0,80,43.95429999567568,4,75,150,80,32,0,20,20,"16,32,64,128",6,leakage_accounting=approximate_internal_transcript,1024,20,real_data,16,identity,1,aec586233b5d565e
real_typeii_20db_d1024_bw20_blk0,cascade_lite,13,True,False,0.765625,0.24375,0.625,0.21875,246.0,64,38.603900000452995,4,75,150,64,32,0,16,16,"16,32,64,128",6,leakage_accounting=approximate_internal_transcript,1024,20,real_data,16,identity,1,aec586233b5d565e
real_typeii_20db_d1024_bw20_blk0,cascade_lite,14,True,False,0.609375,0.19375,0.453125,0.16875,246.0,64,49.88599999342114,4,75,150,64,32,0,16,16,"16,32,64,128",6,leakage_accounting=approximate_internal_transcript,1024,20,real_data,16,identity,1,aec586233b5d565e
real_typeii_20db_d1024_bw20_blk0,cascade_lite,15,True,False,0.5625,0.165625,0.328125,0.13125,270.0,88,22.946099983528256,4,75,150,88,32,0,22,22,"16,32,64,128",6,leakage_accounting=approximate_internal_transcript,1024,20,real_data,16,identity,1,aec586233b5d565e
real_typeii_20db_d2048_bw20_blk0,cascade_lite,0,True,True,0.328125,0.029829545454545456,0.0,0.0,425.0,63,45.3343999106437,4,165,330,63,32,0,21,21,"8,16,32,64",6,leakage_accounting=approximate_internal_transcript,2048,20,real_data,4,seeded_random,0,ab6194c1b8076873
real_typeii_20db_d2048_bw20_blk0,cascade_lite,1,True,True,0.421875,0.03835227272727273,0.0,0.0,447.0,85,52.76310001499951,4,165,330,85,32,0,27,27,"8,16,32,64",6,leakage_accounting=approximate_internal_transcript,2048,20,real_data,4,seeded_random,0,ab6194c1b8076873
real_typeii_20db_d2048_bw20_blk0,cascade_lite,2,True,True,0.4375,0.03977272727272727,0.0,0.0,451.0,87,45.57270009536296,4,166,332,87,32,0,28,28,"8,16,32,64",6,leakage_accounting=approximate_internal_transcript,2048,20,real_data,4,seeded_random,0,ab6194c1b8076873
real_typeii_20db_d2048_bw20_blk0,cascade_lite,3,True,True,0.46875,0.04261363636363636,0.0,0.0,463.0,99,26.773200021125376,4,166,332,99,32,0,30,30,"8,16,32,64",6,leakage_accounting=approximate_internal_transcript,2048,20,real_data,4,seeded_random,0,ab6194c1b8076873
real_typeii_20db_d2048_bw20_blk0,cascade_lite,0,True,False,0.328125,0.029829545454545456,0.03125,0.002840909090909091,290.0,90,34.166900091804564,4,84,168,90,32,0,19,19,"16,32,64,128",4,leakage_accounting=approximate_internal_transcript,2048,20,real_data,4,seeded_random,1,29020ebdb18ce89f
real_typeii_20db_d2048_bw20_blk0,cascade_lite,1,True,True,0.421875,0.03835227272727273,0.0,0.0,332.0,128,45.43340008240193,4,86,172,128,32,0,27,27,"16,32,64,128",4,leakage_accounting=approximate_internal_transcript,2048,20,real_data,4,seeded_random,1,29020ebdb18ce89f
real_typeii_20db_d2048_bw20_blk0,cascade_lite,2,True,True,0.4375,0.03977272727272727,0.0,0.0,329.0,129,40.971499984152615,4,84,168,129,32,0,28,28,"16,32,64,128",4,leakage_accounting=approximate_internal_transcript,2048,20,real_data,4,seeded_random,1,29020ebdb18ce89f
real_typeii_20db_d2048_bw20_blk0,cascade_lite,3,True,True,0.46875,0.04261363636363636,0.0,0.0,341.0,137,20.636700093746185,4,86,172,137,32,0,30,30,"16,32,64,128",4,leakage_accounting=approximate_internal_transcript,2048,20,real_data,4,seeded_random,1,29020ebdb18ce89f
real_typeii_20db_d1024_bw20_blk0,cascade_lite,0,True,False,0.71875,0.225,0.546875,0.1078125,579.0,345,25.681699975393713,4,101,202,345,32,0,75,75,"16,32,64,128",4,leakage_accounting=approximate_internal_transcript,1024,20,real_data,16,seeded_random,1,ad1f4d64f73fcc30
real_typeii_20db_d1024_bw20_blk0,cascade_lite,1,True,False,0.671875,0.1984375,0.546875,0.121875,418.0,218,48.76080004032701,4,84,168,218,32,0,49,49,"16,32,64,128",4,leakage_accounting=approximate_internal_transcript,1024,20,real_data,16,seeded_random,1,ad1f4d64f73fcc30
real_typeii_20db_d1024_bw20_blk0,cascade_lite,2,True,False,0.578125,0.1796875,0.40625,0.103125,438.0,226,40.673900046385825,4,90,180,226,32,0,49,49,"16,32,64,128",4,leakage_accounting=approximate_internal_transcript,1024,20,real_data,16,seeded_random,1,ad1f4d64f73fcc30
real_typeii_20db_d1024_bw20_blk0,cascade_lite,3,True,False,0.703125,0.228125,0.625,0.15625,427.0,221,69.83870000112802,4,87,174,221,32,0,46,46,"16,32,64,128",4,leakage_accounting=approximate_internal_transcript,1024,20,real_data,16,seeded_random,1,ad1f4d64f73fcc30
real_typeii_20db_d1024_bw20_blk0,cascade_lite,4,True,False,0.734375,0.1734375,0.53125,0.1015625,417.0,215,97.81549999024719,4,85,170,215,32,0,46,46,"16,32,64,128",4,leakage_accounting=approximate_internal_transcript,1024,20,real_data,16,seeded_random,1,ad1f4d64f73fcc30
real_typeii_20db_d1024_bw20_blk0,cascade_lite,5,True,False,0.609375,0.1703125,0.46875,0.078125,504.0,288,46.420900034718215,4,92,184,288,32,0,59,59,"16,32,64,128",4,leakage_accounting=approximate_internal_transcript,1024,20,real_data,16,seeded_random,1,ad1f4d64f73fcc30
real_typeii_20db_d1024_bw20_blk0,cascade_lite,6,True,False,0.546875,0.1484375,0.328125,0.0515625,506.0,286,80.04170004278421,4,94,188,286,32,0,62,62,"16,32,64,128",4,leakage_accounting=approximate_internal_transcript,1024,20,real_data,16,seeded_random,1,ad1f4d64f73fcc30
real_typeii_20db_d1024_bw20_blk0,cascade_lite,7,True,False,0.625,0.175,0.5,0.103125,407.0,207,31.47049993276596,4,84,168,207,32,0,46,46,"16,32,64,128",4,leakage_accounting=approximate_internal_transcript,1024,20,real_data,16,seeded_random,1,ad1f4d64f73fcc30
real_typeii_20db_d1024_bw20_blk0,cascade_lite,8,True,False,0.6875,0.1890625,0.59375,0.140625,338.0,146,51.90189997665584,4,80,160,146,32,0,31,31,"16,32,64,128",4,leakage_accounting=approximate_internal_transcript,1024,20,real_data,16,seeded_random,1,ad1f4d64f73fcc30
real_typeii_20db_d1024_bw20_blk0,cascade_lite,9,True,False,0.625,0.1890625,0.484375,0.10625,460.0,246,7.801100029610097,4,91,182,246,32,0,53,53,"16,32,64,128",4,leakage_accounting=approximate_internal_transcript,1024,20,real_data,16,seeded_random,1,ad1f4d64f73fcc30
real_typeii_20db_d1024_bw20_blk0,cascade_lite,10,True,False,0.640625,0.1859375,0.484375,0.1015625,461.0,253,73.82439996581525,4,88,176,253,32,0,54,54,"16,32,64,128",4,leakage_accounting=approximate_internal_transcript,1024,20,real_data,16,seeded_random,1,ad1f4d64f73fcc30
real_typeii_20db_d1024_bw20_blk0,cascade_lite,11,True,False,0.625,0.1671875,0.4375,0.1,411.0,209,54.15099998936057,4,85,170,209,32,0,43,43,"16,32,64,128",4,leakage_accounting=approximate_internal_transcript,1024,20,real_data,16,seeded_random,1,ad1f4d64f73fcc30
real_typeii_20db_d1024_bw20_blk0,cascade_lite,12,True,False,0.546875,0.15625,0.390625,0.08125,427.0,229,69.41090000327677,4,83,166,229,32,0,48,48,"16,32,64,128",4,leakage_accounting=approximate_internal_transcript,1024,20,real_data,16,seeded_random,1,ad1f4d64f73fcc30
real_typeii_20db_d1024_bw20_blk0,cascade_lite,13,True,False,0.765625,0.24375,0.671875,0.18125,392.0,192,16.674700076691806,4,84,168,192,32,0,40,40,"16,32,64,128",4,leakage_accounting=approximate_internal_transcript,1024,20,real_data,16,seeded_random,1,ad1f4d64f73fcc30
real_typeii_20db_d1024_bw20_blk0,cascade_lite,14,True,False,0.609375,0.19375,0.515625,0.115625,443.0,233,69.476000033319,4,89,178,233,32,0,50,50,"16,32,64,128",4,leakage_accounting=approximate_internal_transcript,1024,20,real_data,16,seeded_random,1,ad1f4d64f73fcc30
real_typeii_20db_d1024_bw20_blk0,cascade_lite,15,True,False,0.5625,0.165625,0.421875,0.09375,410.0,208,21.188699989579618,4,85,170,208,32,0,46,46,"16,32,64,128",4,leakage_accounting=approximate_internal_transcript,1024,20,real_data,16,seeded_random,1,ad1f4d64f73fcc30
real_typeii_20db_d2048_bw20_blk0,cascade_lite,0,True,True,0.328125,0.029829545454545456,0.0,0.0,282.0,84,28.953200089745224,4,83,166,84,32,0,21,21,"16,32,64,128",6,leakage_accounting=approximate_internal_transcript,2048,20,real_data,4,seeded_random,0,c8e68be9f13a3ff7
real_typeii_20db_d2048_bw20_blk0,cascade_lite,1,True,True,0.421875,0.03835227272727273,0.0,0.0,321.0,121,33.99450005963445,4,84,168,121,32,0,27,27,"16,32,64,128",6,leakage_accounting=approximate_internal_transcript,2048,20,real_data,4,seeded_random,0,c8e68be9f13a3ff7
real_typeii_20db_d2048_bw20_blk0,cascade_lite,2,True,True,0.4375,0.03977272727272727,0.0,0.0,318.0,120,27.72959996946156,4,83,166,120,32,0,28,28,"16,32,64,128",6,leakage_accounting=approximate_internal_transcript,2048,20,real_data,4,seeded_random,0,c8e68be9f13a3ff7
real_typeii_20db_d2048_bw20_blk0,cascade_lite,3,True,True,0.46875,0.04261363636363636,0.0,0.0,346.0,142,28.224799898453057,4,86,172,142,32,0,30,30,"16,32,64,128",6,leakage_accounting=approximate_internal_transcript,2048,20,real_data,4,seeded_random,0,c8e68be9f13a3ff7
real_typeii_20db_d2048_bw20_blk0,cascade_lite,0,True,False,0.328125,0.029829545454545456,0.03125,0.002840909090909091,290.0,90,38.90150005463511,4,84,168,90,32,0,19,19,"16,32,64,128",6,leakage_accounting=approximate_internal_transcript,2048,20,real_data,4,seeded_random,1,bbcdaabb0f38893b
real_typeii_20db_d2048_bw20_blk0,cascade_lite,1,True,True,0.421875,0.03835227272727273,0.0,0.0,332.0,128,37.534099887125194,4,86,172,128,32,0,27,27,"16,32,64,128",6,leakage_accounting=approximate_internal_transcript,2048,20,real_data,4,seeded_random,1,bbcdaabb0f38893b
real_typeii_20db_d2048_bw20_blk0,cascade_lite,2,True,True,0.4375,0.03977272727272727,0.0,0.0,329.0,129,40.5886999797076,4,84,168,129,32,0,28,28,"16,32,64,128",6,leakage_accounting=approximate_internal_transcript,2048,20,real_data,4,seeded_random,1,bbcdaabb0f38893b
real_typeii_20db_d2048_bw20_blk0,cascade_lite,3,True,True,0.46875,0.04261363636363636,0.0,0.0,341.0,137,57.360999984666705,4,86,172,137,32,0,30,30,"16,32,64,128",6,leakage_accounting=approximate_internal_transcript,2048,20,real_data,4,seeded_random,1,bbcdaabb0f38893b
real_typeii_20db_d1024_bw20_blk0,cascade_lite,0,True,False,0.71875,0.225,0.609375,0.1609375,394.0,196,64.28690010216087,4,83,166,196,32,0,41,41,"16,32,64,128",6,leakage_accounting=approximate_internal_transcript,1024,20,real_data,16,seeded_random,0,f4cc5c3e86519271
real_typeii_20db_d1024_bw20_blk0,cascade_lite,1,True,False,0.671875,0.1984375,0.484375,0.11875,436.0,232,56.663100025616586,4,86,172,232,32,0,51,51,"16,32,64,128",6,leakage_accounting=approximate_internal_transcript,1024,20,real_data,16,seeded_random,0,f4cc5c3e86519271
real_typeii_20db_d1024_bw20_blk0,cascade_lite,2,True,False,0.578125,0.1796875,0.421875,0.103125,425.0,219,82.05019996967167,4,87,174,219,32,0,49,49,"16,32,64,128",6,leakage_accounting=approximate_internal_transcript,1024,20,real_data,16,seeded_random,0,f4cc5c3e86519271
real_typeii_20db_d1024_bw20_blk0,cascade_lite,3,True,False,0.703125,0.228125,0.609375,0.16875,369.0,171,58.863500016741455,4,83,166,171,32,0,38,38,"16,32,64,128",6,leakage_accounting=approximate_internal_transcript,1024,20,real_data,16,seeded_random,0,f4cc5c3e86519271
real_typeii_20db_d1024_bw20_blk0,cascade_lite,4,True,False,0.734375,0.1734375,0.53125,0.1171875,361.0,167,34.21449998859316,4,81,162,167,32,0,36,36,"16,32,64,128",6,leakage_accounting=approximate_internal_transcript,1024,20,real_data,16,seeded_random,0,f4cc5c3e86519271
real_typeii_20db_d1024_bw20_blk0,cascade_lite,5,True,False,0.609375,0.1703125,0.46875,0.1,430.0,226,50.64540007151663,4,86,172,226,32,0,45,45,"16,32,64,128",6,leakage_accounting=approximate_internal_transcript,1024,20,real_data,16,seeded_random,0,f4cc5c3e86519271
real_typeii_20db_d1024_bw20_blk0,cascade_lite,6,True,False,0.546875,0.1484375,0.359375,0.0703125,450.0,236,37.987499963492155,4,91,182,236,32,0,50,50,"16,32,64,128",6,leakage_accounting=approximate_internal_transcript,1024,20,real_data,16,seeded_random,0,f4cc5c3e86519271
real_typeii_20db_d1024_bw20_blk0,cascade_lite,7,True,False,0.625,0.175,0.484375,0.109375,391.0,195,47.253700089640915,4,82,164,195,32,0,42,42,"16,32,64,128",6,leakage_accounting=approximate_internal_transcript,1024,20,real_data,16,seeded_random,0,f4cc5c3e86519271
real_typeii_20db_d1024_bw20_blk0,cascade_lite,8,True,False,0.6875,0.1890625,0.53125,0.1078125,450.0,244,5.843700026161969,4,87,174,244,32,0,52,52,"16,32,64,128",6,leakage_accounting=approximate_internal_transcript,1024,20,real_data,16,seeded_random,0,f4cc5c3e86519271
real_typeii_20db_d1024_bw20_blk0,cascade_lite,9,True,False,0.625,0.1890625,0.5,0.1171875,422.0,216,65.45170000754297,4,87,174,216,32,0,46,46,"16,32,64,128",6,leakage_accounting=approximate_internal_transcript,1024,20,real_data,16,seeded_random,0,f4cc5c3e86519271
real_typeii_20db_d1024_bw20_blk0,cascade_lite,10,True,False,0.640625,0.1859375,0.484375,0.1140625,421.0,219,25.437400094233453,4,85,170,219,32,0,46,46,"16,32,64,128",6,leakage_accounting=approximate_internal_transcript,1024,20,real_data,16,seeded_random,0,f4cc5c3e86519271
real_typeii_20db_d1024_bw20_blk0,cascade_lite,11,True,False,0.625,0.1671875,0.4375,0.09375,423.0,215,30.988599988631904,4,88,176,215,32,0,47,47,"16,32,64,128",6,leakage_accounting=approximate_internal_transcript,1024,20,real_data,16,seeded_random,0,f4cc5c3e86519271
real_typeii_20db_d1024_bw20_blk0,cascade_lite,12,True,False,0.546875,0.15625,0.34375,0.065625,490.0,276,24.794099968858063,4,91,182,276,32,0,58,58,"16,32,64,128",6,leakage_accounting=approximate_internal_transcript,1024,20,real_data,16,seeded_random,0,f4cc5c3e86519271
real_typeii_20db_d1024_bw20_blk0,cascade_lite,13,True,False,0.765625,0.24375,0.609375,0.15625,484.0,264,34.06960004940629,4,94,188,264,32,0,56,56,"16,32,64,128",6,leakage_accounting=approximate_internal_transcript,1024,20,real_data,16,seeded_random,0,f4cc5c3e86519271
real_typeii_20db_d1024_bw20_blk0,cascade_lite,14,True,False,0.609375,0.19375,0.484375,0.11875,423.0,219,69.24640003126115,4,86,172,219,32,0,48,48,"16,32,64,128",6,leakage_accounting=approximate_internal_transcript,1024,20,real_data,16,seeded_random,0,f4cc5c3e86519271
real_typeii_20db_d1024_bw20_blk0,cascade_lite,15,True,False,0.5625,0.165625,0.421875,0.090625,450.0,244,20.37959999870509,4,87,174,244,32,0,48,48,"16,32,64,128",6,leakage_accounting=approximate_internal_transcript,1024,20,real_data,16,seeded_random,0,f4cc5c3e86519271
real_typeii_20db_d1024_bw20_blk0,cascade_lite,0,True,False,0.71875,0.225,0.546875,0.1078125,579.0,345,46.185099985450506,4,101,202,345,32,0,75,75,"16,32,64,128",6,leakage_accounting=approximate_internal_transcript,1024,20,real_data,16,seeded_random,1,91e08c4131b829cd
real_typeii_20db_d1024_bw20_blk0,cascade_lite,1,True,False,0.671875,0.1984375,0.546875,0.121875,418.0,218,64.36720001511276,4,84,168,218,32,0,49,49,"16,32,64,128",6,leakage_accounting=approximate_internal_transcript,1024,20,real_data,16,seeded_random,1,91e08c4131b829cd
real_typeii_20db_d1024_bw20_blk0,cascade_lite,2,True,False,0.578125,0.1796875,0.40625,0.103125,438.0,226,56.549099972471595,4,90,180,226,32,0,49,49,"16,32,64,128",6,leakage_accounting=approximate_internal_transcript,1024,20,real_data,16,seeded_random,1,91e08c4131b829cd
real_typeii_20db_d1024_bw20_blk0,cascade_lite,3,True,False,0.703125,0.228125,0.625,0.15625,427.0,221,84.40880000125617,4,87,174,221,32,0,46,46,"16,32,64,128",6,leakage_accounting=approximate_internal_transcript,1024,20,real_data,16,seeded_random,1,91e08c4131b829cd
real_typeii_20db_d1024_bw20_blk0,cascade_lite,4,True,False,0.734375,0.1734375,0.53125,0.1015625,417.0,215,78.8366999477148,4,85,170,215,32,0,46,46,"16,32,64,128",6,leakage_accounting=approximate_internal_transcript,1024,20,real_data,16,seeded_random,1,91e08c4131b829cd
real_typeii_20db_d1024_bw20_blk0,cascade_lite,5,True,False,0.609375,0.1703125,0.46875,0.078125,504.0,288,42.64110000804067,4,92,184,288,32,0,59,59,"16,32,64,128",6,leakage_accounting=approximate_internal_transcript,1024,20,real_data,16,seeded_random,1,91e08c4131b829cd
real_typeii_20db_d1024_bw20_blk0,cascade_lite,6,True,False,0.546875,0.1484375,0.328125,0.0515625,506.0,286,61.65419996250421,4,94,188,286,32,0,62,62,"16,32,64,128",6,leakage_accounting=approximate_internal_transcript,1024,20,real_data,16,seeded_random,1,91e08c4131b829cd
real_typeii_20db_d1024_bw20_blk0,cascade_lite,7,True,False,0.625,0.175,0.5,0.103125,407.0,207,79.16190009564161,4,84,168,207,32,0,46,46,"16,32,64,128",6,leakage_accounting=approximate_internal_transcript,1024,20,real_data,16,seeded_random,1,91e08c4131b829cd
real_typeii_20db_d1024_bw20_blk0,cascade_lite,8,True,False,0.6875,0.1890625,0.59375,0.140625,338.0,146,32.58460003416985,4,80,160,146,32,0,31,31,"16,32,64,128",6,leakage_accounting=approximate_internal_transcript,1024,20,real_data,16,seeded_random,1,91e08c4131b829cd
real_typeii_20db_d1024_bw20_blk0,cascade_lite,9,True,False,0.625,0.1890625,0.484375,0.10625,460.0,246,17.47979992069304,4,91,182,246,32,0,53,53,"16,32,64,128",6,leakage_accounting=approximate_internal_transcript,1024,20,real_data,16,seeded_random,1,91e08c4131b829cd
real_typeii_20db_d1024_bw20_blk0,cascade_lite,10,True,False,0.640625,0.1859375,0.484375,0.1015625,461.0,253,30.506700044497848,4,88,176,253,32,0,54,54,"16,32,64,128",6,leakage_accounting=approximate_internal_transcript,1024,20,real_data,16,seeded_random,1,91e08c4131b829cd
real_typeii_20db_d1024_bw20_blk0,cascade_lite,11,True,False,0.625,0.1671875,0.4375,0.1,411.0,209,29.532500077039003,4,85,170,209,32,0,43,43,"16,32,64,128",6,leakage_accounting=approximate_internal_transcript,1024,20,real_data,16,seeded_random,1,91e08c4131b829cd
real_typeii_20db_d1024_bw20_blk0,cascade_lite,12,True,False,0.546875,0.15625,0.390625,0.08125,427.0,229,59.59579988848418,4,83,166,229,32,0,48,48,"16,32,64,128",6,leakage_accounting=approximate_internal_transcript,1024,20,real_data,16,seeded_random,1,91e08c4131b829cd
real_typeii_20db_d1024_bw20_blk0,cascade_lite,13,True,False,0.765625,0.24375,0.671875,0.18125,392.0,192,33.25119998771697,4,84,168,192,32,0,40,40,"16,32,64,128",6,leakage_accounting=approximate_internal_transcript,1024,20,real_data,16,seeded_random,1,91e08c4131b829cd
real_typeii_20db_d1024_bw20_blk0,cascade_lite,14,True,False,0.609375,0.19375,0.515625,0.115625,443.0,233,37.30520000681281,4,89,178,233,32,0,50,50,"16,32,64,128",6,leakage_accounting=approximate_internal_transcript,1024,20,real_data,16,seeded_random,1,91e08c4131b829cd
real_typeii_20db_d1024_bw20_blk0,cascade_lite,15,True,False,0.5625,0.165625,0.421875,0.09375,410.0,208,36.99819999746978,4,85,170,208,32,0,46,46,"16,32,64,128",6,leakage_accounting=approximate_internal_transcript,1024,20,real_data,16,seeded_random,1,91e08c4131b829cd
real_typeii_20db_d2048_bw20_blk0,cascade_lite,0,True,True,0.328125,0.029829545454545456,0.0,0.0,425.0,63,10.674500023014843,4,165,330,63,32,0,21,21,"8,16,32,64",4,leakage_accounting=approximate_internal_transcript,2048,20,real_data,16,identity,0,f09d76ded5a6e7d2
real_typeii_20db_d2048_bw20_blk0,cascade_lite,1,True,True,0.421875,0.03835227272727273,0.0,0.0,443.0,81,29.335099970921874,4,165,330,81,32,0,27,27,"8,16,32,64",4,leakage_accounting=approximate_internal_transcript,2048,20,real_data,16,identity,0,f09d76ded5a6e7d2
real_typeii_20db_d2048_bw20_blk0,cascade_lite,2,True,True,0.4375,0.03977272727272727,0.0,0.0,446.0,84,25.069299968890846,4,165,330,84,32,0,28,28,"8,16,32,64",4,leakage_accounting=approximate_internal_transcript,2048,20,real_data,16,identity,0,f09d76ded5a6e7d2
real_typeii_20db_d2048_bw20_blk0,cascade_lite,3,True,True,0.46875,0.04261363636363636,0.0,0.0,452.0,90,14.22779995482415,4,165,330,90,32,0,30,30,"8,16,32,64",4,leakage_accounting=approximate_internal_transcript,2048,20,real_data,16,identity,0,f09d76ded5a6e7d2
real_typeii_20db_d2048_bw20_blk0,cascade_lite,4,True,True,0.34375,0.03125,0.0,0.0,428.0,66,33.90329994726926,4,165,330,66,32,0,22,22,"8,16,32,64",4,leakage_accounting=approximate_internal_transcript,2048,20,real_data,16,identity,0,f09d76ded5a6e7d2
real_typeii_20db_d2048_bw20_blk0,cascade_lite,5,True,True,0.359375,0.032670454545454544,0.0,0.0,431.0,69,21.436500013805926,4,165,330,69,32,0,23,23,"8,16,32,64",4,leakage_accounting=approximate_internal_transcript,2048,20,real_data,16,identity,0,f09d76ded5a6e7d2
real_typeii_20db_d2048_bw20_blk0,cascade_lite,6,True,True,0.5,0.045454545454545456,0.0,0.0,458.0,96,22.853300091810524,4,165,330,96,32,0,32,32,"8,16,32,64",4,leakage_accounting=approximate_internal_transcript,2048,20,real_data,16,identity,0,f09d76ded5a6e7d2
real_typeii_20db_d2048_bw20_blk0,cascade_lite,7,True,True,0.375,0.03409090909090909,0.0,0.0,434.0,72,3.773100092075765,4,165,330,72,32,0,24,24,"8,16,32,64",4,leakage_accounting=approximate_internal_transcript,2048,20,real_data,16,identity,0,f09d76ded5a6e7d2
real_typeii_20db_d2048_bw20_blk0,cascade_lite,8,True,True,0.421875,0.03835227272727273,0.0,0.0,443.0,81,10.164599982090294,4,165,330,81,32,0,27,27,"8,16,32,64",4,leakage_accounting=approximate_internal_transcript,2048,20,real_data,16,identity,0,f09d76ded5a6e7d2
real_typeii_20db_d2048_bw20_blk0,cascade_lite,9,True,True,0.3125,0.028409090909090908,0.0,0.0,422.0,60,9.181000059470534,4,165,330,60,32,0,20,20,"8,16,32,64",4,leakage_accounting=approximate_internal_transcript,2048,20,real_data,16,identity,0,f09d76ded5a6e7d2
real_typeii_20db_d2048_bw20_blk0,cascade_lite,10,True,True,0.375,0.03409090909090909,0.0,0.0,434.0,72,12.308300007134676,4,165,330,72,32,0,24,24,"8,16,32,64",4,leakage_accounting=approximate_internal_transcript,2048,20,real_data,16,identity,0,f09d76ded5a6e7d2
real_typeii_20db_d2048_bw20_blk0,cascade_lite,11,True,True,0.359375,0.032670454545454544,0.0,0.0,431.0,69,11.913400026969612,4,165,330,69,32,0,23,23,"8,16,32,64",4,leakage_accounting=approximate_internal_transcript,2048,20,real_data,16,identity,0,f09d76ded5a6e7d2
real_typeii_20db_d2048_bw20_blk0,cascade_lite,12,True,True,0.421875,0.03835227272727273,0.0,0.0,443.0,81,17.375499941408634,4,165,330,81,32,0,27,27,"8,16,32,64",4,leakage_accounting=approximate_internal_transcript,2048,20,real_data,16,identity,0,f09d76ded5a6e7d2
real_typeii_20db_d2048_bw20_blk0,cascade_lite,13,True,True,0.375,0.03409090909090909,0.0,0.0,434.0,72,12.035900028422475,4,165,330,72,32,0,24,24,"8,16,32,64",4,leakage_accounting=approximate_internal_transcript,2048,20,real_data,16,identity,0,f09d76ded5a6e7d2
real_typeii_20db_d2048_bw20_blk0,cascade_lite,14,True,True,0.46875,0.04261363636363636,0.0,0.0,452.0,90,19.285600050352514,4,165,330,90,32,0,30,30,"8,16,32,64",4,leakage_accounting=approximate_internal_transcript,2048,20,real_data,16,identity,0,f09d76ded5a6e7d2
real_typeii_20db_d2048_bw20_blk0,cascade_lite,15,True,True,0.40625,0.036931818181818184,0.0,0.0,440.0,78,18.830699962563813,4,165,330,78,32,0,26,26,"8,16,32,64",4,leakage_accounting=approximate_internal_transcript,2048,20,real_data,16,identity,0,f09d76ded5a6e7d2
real_typeii_20db_d2048_bw20_blk0,cascade_lite,0,True,False,0.328125,0.029829545454545456,0.03125,0.002840909090909091,274.0,76,14.677300001494586,4,83,166,76,32,0,19,19,"16,32,64,128",4,leakage_accounting=approximate_internal_transcript,2048,20,real_data,16,identity,0,9d423c80473677e6
real_typeii_20db_d2048_bw20_blk0,cascade_lite,1,True,False,0.421875,0.03835227272727273,0.125,0.011363636363636364,274.0,76,16.26629999373108,4,83,166,76,32,0,19,19,"16,32,64,128",4,leakage_accounting=approximate_internal_transcript,2048,20,real_data,16,identity,0,9d423c80473677e6
real_typeii_20db_d2048_bw20_blk0,cascade_lite,2,True,False,0.4375,0.03977272727272727,0.09375,0.008522727272727272,286.0,88,5.260600009933114,4,83,166,88,32,0,22,22,"16,32,64,128",4,leakage_accounting=approximate_internal_transcript,2048,20,real_data,16,identity,0,9d423c80473677e6
real_typeii_20db_d2048_bw20_blk0,cascade_lite,3,True,False,0.46875,0.04261363636363636,0.15625,0.014204545454545454,278.0,80,24.554000003263354,4,83,166,80,32,0,20,20,"16,32,64,128",4,leakage_accounting=approximate_internal_transcript,2048,20,real_data,16,identity,0,9d423c80473677e6
real_typeii_20db_d2048_bw20_blk0,cascade_lite,4,True,False,0.34375,0.03125,0.03125,0.002840909090909091,278.0,80,4.149300046265125,4,83,166,80,32,0,20,20,"16,32,64,128",4,leakage_accounting=approximate_internal_transcript,2048,20,real_data,16,identity,0,9d423c80473677e6
real_typeii_20db_d2048_bw20_blk0,cascade_lite,5,True,False,0.359375,0.032670454545454544,0.0625,0.005681818181818182,274.0,76,12.263799901120365,4,83,166,76,32,0,19,19,"16,32,64,128",4,leakage_accounting=approximate_internal_transcript,2048,20,real_data,16,identity,0,9d423c80473677e6
real_typeii_20db_d2048_bw20_blk0,cascade_lite,6,True,False,0.5,0.045454545454545456,0.15625,0.014204545454545454,286.0,88,11.353100067935884,4,83,166,88,32,0,22,22,"16,32,64,128",4,leakage_accounting=approximate_internal_transcript,2048,20,real_data,16,identity,0,9d423c80473677e6
real_typeii_20db_d2048_bw20_blk0,cascade_lite,7,True,False,0.375,0.03409090909090909,0.03125,0.002840909090909091,286.0,88,11.657700059004128,4,83,166,88,32,0,22,22,"16,32,64,128",4,leakage_accounting=approximate_internal_transcript,2048,20,real_data,16,identity,0,9d423c80473677e6
real_typeii_20db_d2048_bw20_blk0,cascade_lite,8,True,False,0.421875,0.03835227272727273,0.0625,0.005681818181818182,290.0,92,14.013400068506598,4,83,166,92,32,0,23,23,"16,32,64,128",4,leakage_accounting=approximate_internal_transcript,2048,20,real_data,16,identity,0,9d423c80473677e6
real_typeii_20db_d2048_bw20_blk0,cascade_lite,9,True,False,0.3125,0.028409090909090908,0.0625,0.005681818181818182,262.0,64,26.92229999229312,4,83,166,64,32,0,16,16,"16,32,64,128",4,leakage_accounting=approximate_internal_transcript,2048,20,real_data,16,identity,0,9d423c80473677e6
real_typeii_20db_d2048_bw20_blk0,cascade_lite,10,True,False,0.375,0.03409090909090909,0.125,0.011363636363636364,262.0,64,10.840600007213652,4,83,166,64,32,0,16,16,"16,32,64,128",4,leakage_accounting=approximate_internal_transcript,2048,20,real_data,16,identity,0,9d423c80473677e6
real_typeii_20db_d2048_bw20_blk0,cascade_lite,11,True,False,0.359375,0.032670454545454544,0.0625,0.005681818181818182,274.0,76,16.30060002207756,4,83,166,76,32,0,19,19,"16,32,64,128",4,leakage_accounting=approximate_internal_transcript,2048,20,real_data,16,identity,0,9d423c80473677e6
real_typeii_20db_d2048_bw20_blk0,cascade_lite,12,True,False,0.421875,0.03835227272727273,0.09375,0.008522727272727272,282.0,84,11.079499963670969,4,83,166,84,32,0,21,21,"16,32,64,128",4,leakage_accounting=approximate_internal_transcript,2048,20,real_data,16,identity,0,9d423c80473677e6
real_typeii_20db_d2048_bw20_blk0,cascade_lite,13,True,False,0.375,0.03409090909090909,0.125,0.011363636363636364,262.0,64,18.354999949224293,4,83,166,64,32,0,16,16,"16,32,64,128",4,leakage_accounting=approximate_internal_transcript,2048,20,real_data,16,identity,0,9d423c80473677e6
real_typeii_20db_d2048_bw20_blk0,cascade_lite,14,True,False,0.46875,0.04261363636363636,0.09375,0.008522727272727272,294.0,96,6.738599971868098,4,83,166,96,32,0,24,24,"16,32,64,128",4,leakage_accounting=approximate_internal_transcript,2048,20,real_data,16,identity,0,9d423c80473677e6
real_typeii_20db_d2048_bw20_blk0,cascade_lite,15,True,False,0.40625,0.036931818181818184,0.09375,0.008522727272727272,278.0,80,22.119799978099763,4,83,166,80,32,0,20,20,"16,32,64,128",4,leakage_accounting=approximate_internal_transcript,2048,20,real_data,16,identity,0,9d423c80473677e6
real_typeii_20db_d256_bw100_blk0,cascade_lite,0,True,False,0.5625,0.23046875,0.421875,0.1875,338.0,66,7.693900028243661,4,120,240,66,32,0,22,22,"8,16,32,64",4,leakage_accounting=approximate_internal_transcript,256,100,real_data,4,identity,0,6c76f6300a2bf603
real_typeii_20db_d256_bw100_blk0,cascade_lite,1,True,False,0.453125,0.197265625,0.34375,0.16015625,329.0,57,3.557400079444051,4,120,240,57,32,0,19,19,"8,16,32,64",4,leakage_accounting=approximate_internal_transcript,256,100,real_data,4,identity,0,6c76f6300a2bf603
real_typeii_20db_d256_bw100_blk0,cascade_lite,2,True,False,0.375,0.1484375,0.296875,0.12890625,302.0,30,15.810699900612235,4,120,240,30,32,0,10,10,"8,16,32,64",4,leakage_accounting=approximate_internal_transcript,256,100,real_data,4,identity,0,6c76f6300a2bf603
real_typeii_20db_d256_bw100_blk0,cascade_lite,3,True,False,0.484375,0.212890625,0.390625,0.1796875,323.0,51,9.068400016985834,4,120,240,51,32,0,17,17,"8,16,32,64",4,leakage_accounting=approximate_internal_transcript,256,100,real_data,4,identity,0,6c76f6300a2bf603
real_typeii_20db_d2048_bw20_blk0,cascade_lite,0,True,True,0.328125,0.029829545454545456,0.0,0.0,425.0,63,44.496099930256605,4,165,330,63,32,0,21,21,"8,16,32,64",6,leakage_accounting=approximate_internal_transcript,2048,20,real_data,16,identity,0,477ef1fd0ff5ecb2
real_typeii_20db_d2048_bw20_blk0,cascade_lite,1,True,True,0.421875,0.03835227272727273,0.0,0.0,443.0,81,25.452899979427457,4,165,330,81,32,0,27,27,"8,16,32,64",6,leakage_accounting=approximate_internal_transcript,2048,20,real_data,16,identity,0,477ef1fd0ff5ecb2
real_typeii_20db_d2048_bw20_blk0,cascade_lite,2,True,True,0.4375,0.03977272727272727,0.0,0.0,446.0,84,6.180100026540458,4,165,330,84,32,0,28,28,"8,16,32,64",6,leakage_accounting=approximate_internal_transcript,2048,20,real_data,16,identity,0,477ef1fd0ff5ecb2
real_typeii_20db_d2048_bw20_blk0,cascade_lite,3,True,True,0.46875,0.04261363636363636,0.0,0.0,452.0,90,20.23590006865561,4,165,330,90,32,0,30,30,"8,16,32,64",6,leakage_accounting=approximate_internal_transcript,2048,20,real_data,16,identity,0,477ef1fd0ff5ecb2
real_typeii_20db_d2048_bw20_blk0,cascade_lite,4,True,True,0.34375,0.03125,0.0,0.0,428.0,66,17.815600032918155,4,165,330,66,32,0,22,22,"8,16,32,64",6,leakage_accounting=approximate_internal_transcript,2048,20,real_data,16,identity,0,477ef1fd0ff5ecb2
real_typeii_20db_d2048_bw20_blk0,cascade_lite,5,True,True,0.359375,0.032670454545454544,0.0,0.0,431.0,69,2.9600999550893903,4,165,330,69,32,0,23,23,"8,16,32,64",6,leakage_accounting=approximate_internal_transcript,2048,20,real_data,16,identity,0,477ef1fd0ff5ecb2
real_typeii_20db_d2048_bw20_blk0,cascade_lite,6,True,True,0.5,0.045454545454545456,0.0,0.0,458.0,96,22.795299999415874,4,165,330,96,32,0,32,32,"8,16,32,64",6,leakage_accounting=approximate_internal_transcript,2048,20,real_data,16,identity,0,477ef1fd0ff5ecb2
real_typeii_20db_d2048_bw20_blk0,cascade_lite,7,True,True,0.375,0.03409090909090909,0.0,0.0,434.0,72,6.47630007006228,4,165,330,72,32,0,24,24,"8,16,32,64",6,leakage_accounting=approximate_internal_transcript,2048,20,real_data,16,identity,0,477ef1fd0ff5ecb2
real_typeii_20db_d2048_bw20_blk0,cascade_lite,8,True,True,0.421875,0.03835227272727273,0.0,0.0,443.0,81,14.110499992966652,4,165,330,81,32,0,27,27,"8,16,32,64",6,leakage_accounting=approximate_internal_transcript,2048,20,real_data,16,identity,0,477ef1fd0ff5ecb2
real_typeii_20db_d2048_bw20_blk0,cascade_lite,9,True,True,0.3125,0.028409090909090908,0.0,0.0,422.0,60,21.358199999667704,4,165,330,60,32,0,20,20,"8,16,32,64",6,leakage_accounting=approximate_internal_transcript,2048,20,real_data,16,identity,0,477ef1fd0ff5ecb2
real_typeii_20db_d2048_bw20_blk0,cascade_lite,10,True,True,0.375,0.03409090909090909,0.0,0.0,434.0,72,21.068800007924438,4,165,330,72,32,0,24,24,"8,16,32,64",6,leakage_accounting=approximate_internal_transcript,2048,20,real_data,16,identity,0,477ef1fd0ff5ecb2
real_typeii_20db_d2048_bw20_blk0,cascade_lite,11,True,True,0.359375,0.032670454545454544,0.0,0.0,431.0,69,13.871100032702088,4,165,330,69,32,0,23,23,"8,16,32,64",6,leakage_accounting=approximate_internal_transcript,2048,20,real_data,16,identity,0,477ef1fd0ff5ecb2
real_typeii_20db_d2048_bw20_blk0,cascade_lite,12,True,True,0.421875,0.03835227272727273,0.0,0.0,443.0,81,10.69440005812794,4,165,330,81,32,0,27,27,"8,16,32,64",6,leakage_accounting=approximate_internal_transcript,2048,20,real_data,16,identity,0,477ef1fd0ff5ecb2
real_typeii_20db_d2048_bw20_blk0,cascade_lite,13,True,True,0.375,0.03409090909090909,0.0,0.0,434.0,72,8.182000019587576,4,165,330,72,32,0,24,24,"8,16,32,64",6,leakage_accounting=approximate_internal_transcript,2048,20,real_data,16,identity,0,477ef1fd0ff5ecb2
real_typeii_20db_d2048_bw20_blk0,cascade_lite,14,True,True,0.46875,0.04261363636363636,0.0,0.0,452.0,90,24.875800008885562,4,165,330,90,32,0,30,30,"8,16,32,64",6,leakage_accounting=approximate_internal_transcript,2048,20,real_data,16,identity,0,477ef1fd0ff5ecb2
real_typeii_20db_d2048_bw20_blk0,cascade_lite,15,True,True,0.40625,0.036931818181818184,0.0,0.0,440.0,78,40.54099996574223,4,165,330,78,32,0,26,26,"8,16,32,64",6,leakage_accounting=approximate_internal_transcript,2048,20,real_data,16,identity,0,477ef1fd0ff5ecb2
real_typeii_20db_d256_bw100_blk0,cascade_lite,0,True,False,0.5625,0.23046875,0.421875,0.1875,338.0,66,3.180400002747774,4,120,240,66,32,0,22,22,"8,16,32,64",4,leakage_accounting=approximate_internal_transcript,256,100,real_data,4,identity,1,1f589a8f8fc4f2a6
real_typeii_20db_d256_bw100_blk0,cascade_lite,1,True,False,0.453125,0.197265625,0.34375,0.16015625,329.0,57,14.303900068625808,4,120,240,57,32,0,19,19,"8,16,32,64",4,leakage_accounting=approximate_internal_transcript,256,100,real_data,4,identity,1,1f589a8f8fc4f2a6
real_typeii_20db_d256_bw100_blk0,cascade_lite,2,True,False,0.375,0.1484375,0.296875,0.12890625,302.0,30,7.6905000023543835,4,120,240,30,32,0,10,10,"8,16,32,64",4,leakage_accounting=approximate_internal_transcript,256,100,real_data,4,identity,1,1f589a8f8fc4f2a6
real_typeii_20db_d256_bw100_blk0,cascade_lite,3,True,False,0.484375,0.212890625,0.390625,0.1796875,323.0,51,11.223000008612871,4,120,240,51,32,0,17,17,"8,16,32,64",4,leakage_accounting=approximate_internal_transcript,256,100,real_data,4,identity,1,1f589a8f8fc4f2a6
real_typeii_20db_d2048_bw20_blk0,cascade_lite,0,True,False,0.328125,0.029829545454545456,0.03125,0.002840909090909091,274.0,76,16.009399900212884,4,83,166,76,32,0,19,19,"16,32,64,128",4,leakage_accounting=approximate_internal_transcript,2048,20,real_data,16,identity,1,c6a64f370ed39663
real_typeii_20db_d2048_bw20_blk0,cascade_lite,1,True,False,0.421875,0.03835227272727273,0.125,0.011363636363636364,274.0,76,46.583899995312095,4,83,166,76,32,0,19,19,"16,32,64,128",4,leakage_accounting=approximate_internal_transcript,2048,20,real_data,16,identity,1,c6a64f370ed39663
real_typeii_20db_d2048_bw20_blk0,cascade_lite,2,True,False,0.4375,0.03977272727272727,0.09375,0.008522727272727272,286.0,88,17.7539000287652,4,83,166,88,32,0,22,22,"16,32,64,128",4,leakage_accounting=approximate_internal_transcript,2048,20,real_data,16,identity,1,c6a64f370ed39663
real_typeii_20db_d2048_bw20_blk0,cascade_lite,3,True,False,0.46875,0.04261363636363636,0.15625,0.014204545454545454,278.0,80,29.957000049762428,4,83,166,80,32,0,20,20,"16,32,64,128",4,leakage_accounting=approximate_internal_transcript,2048,20,real_data,16,identity,1,c6a64f370ed39663
real_typeii_20db_d2048_bw20_blk0,cascade_lite,4,True,False,0.34375,0.03125,0.03125,0.002840909090909091,278.0,80,26.85829997062683,4,83,166,80,32,0,20,20,"16,32,64,128",4,leakage_accounting=approximate_internal_transcript,2048,20,real_data,16,identity,1,c6a64f370ed39663
real_typeii_20db_d2048_bw20_blk0,cascade_lite,5,True,False,0.359375,0.032670454545454544,0.0625,0.005681818181818182,274.0,76,8.57249996624887,4,83,166,76,32,0,19,19,"16,32,64,128",4,leakage_accounting=approximate_internal_transcript,2048,20,real_data,16,identity,1,c6a64f370ed39663
real_typeii_20db_d2048_bw20_blk0,cascade_lite,6,True,False,0.5,0.045454545454545456,0.15625,0.014204545454545454,286.0,88,8.554299944080412,4,83,166,88,32,0,22,22,"16,32,64,128",4,leakage_accounting=approximate_internal_transcript,2048,20,real_data,16,identity,1,c6a64f370ed39663
real_typeii_20db_d2048_bw20_blk0,cascade_lite,7,True,False,0.375,0.03409090909090909,0.03125,0.002840909090909091,286.0,88,9.293799987062812,4,83,166,88,32,0,22,22,"16,32,64,128",4,leakage_accounting=approximate_internal_transcript,2048,20,real_data,16,identity,1,c6a64f370ed39663
real_typeii_20db_d2048_bw20_blk0,cascade_lite,8,True,False,0.421875,0.03835227272727273,0.0625,0.005681818181818182,290.0,92,25.082699954509735,4,83,166,92,32,0,23,23,"16,32,64,128",4,leakage_accounting=approximate_internal_transcript,2048,20,real_data,16,identity,1,c6a64f370ed39663
real_typeii_20db_d2048_bw20_blk0,cascade_lite,9,True,False,0.3125,0.028409090909090908,0.0625,0.005681818181818182,262.0,64,12.401600019074976,4,83,166,64,32,0,16,16,"16,32,64,128",4,leakage_accounting=approximate_internal_transcript,2048,20,real_data,16,identity,1,c6a64f370ed39663
real_typeii_20db_d2048_bw20_blk0,cascade_lite,10,True,False,0.375,0.03409090909090909,0.125,0.011363636363636364,262.0,64,3.44780005980283,4,83,166,64,32,0,16,16,"16,32,64,128",4,leakage_accounting=approximate_internal_transcript,2048,20,real_data,16,identity,1,c6a64f370ed39663
real_typeii_20db_d2048_bw20_blk0,cascade_lite,11,True,False,0.359375,0.032670454545454544,0.0625,0.005681818181818182,274.0,76,13.105399906635284,4,83,166,76,32,0,19,19,"16,32,64,128",4,leakage_accounting=approximate_internal_transcript,2048,20,real_data,16,identity,1,c6a64f370ed39663
real_typeii_20db_d2048_bw20_blk0,cascade_lite,12,True,False,0.421875,0.03835227272727273,0.09375,0.008522727272727272,282.0,84,20.98659996408969,4,83,166,84,32,0,21,21,"16,32,64,128",4,leakage_accounting=approximate_internal_transcript,2048,20,real_data,16,identity,1,c6a64f370ed39663
real_typeii_20db_d2048_bw20_blk0,cascade_lite,13,True,False,0.375,0.03409090909090909,0.125,0.011363636363636364,262.0,64,11.117700021713972,4,83,166,64,32,0,16,16,"16,32,64,128",4,leakage_accounting=approximate_internal_transcript,2048,20,real_data,16,identity,1,c6a64f370ed39663
real_typeii_20db_d2048_bw20_blk0,cascade_lite,14,True,False,0.46875,0.04261363636363636,0.09375,0.008522727272727272,294.0,96,29.50019994750619,4,83,166,96,32,0,24,24,"16,32,64,128",4,leakage_accounting=approximate_internal_transcript,2048,20,real_data,16,identity,1,c6a64f370ed39663
real_typeii_20db_d2048_bw20_blk0,cascade_lite,15,True,False,0.40625,0.036931818181818184,0.09375,0.008522727272727272,278.0,80,8.88370000757277,4,83,166,80,32,0,20,20,"16,32,64,128",4,leakage_accounting=approximate_internal_transcript,2048,20,real_data,16,identity,1,c6a64f370ed39663
real_typeii_20db_d2048_bw20_blk0,cascade_lite,0,True,True,0.328125,0.029829545454545456,0.0,0.0,425.0,63,21.489900071173906,4,165,330,63,32,0,21,21,"8,16,32,64",6,leakage_accounting=approximate_internal_transcript,2048,20,real_data,16,identity,1,f21d3c73c2c63926
real_typeii_20db_d2048_bw20_blk0,cascade_lite,1,True,True,0.421875,0.03835227272727273,0.0,0.0,443.0,81,23.55169993825257,4,165,330,81,32,0,27,27,"8,16,32,64",6,leakage_accounting=approximate_internal_transcript,2048,20,real_data,16,identity,1,f21d3c73c2c63926
real_typeii_20db_d2048_bw20_blk0,cascade_lite,2,True,True,0.4375,0.03977272727272727,0.0,0.0,446.0,84,22.46270002797246,4,165,330,84,32,0,28,28,"8,16,32,64",6,leakage_accounting=approximate_internal_transcript,2048,20,real_data,16,identity,1,f21d3c73c2c63926
real_typeii_20db_d2048_bw20_blk0,cascade_lite,3,True,True,0.46875,0.04261363636363636,0.0,0.0,452.0,90,3.572600078769028,4,165,330,90,32,0,30,30,"8,16,32,64",6,leakage_accounting=approximate_internal_transcript,2048,20,real_data,16,identity,1,f21d3c73c2c63926
real_typeii_20db_d2048_bw20_blk0,cascade_lite,4,True,True,0.34375,0.03125,0.0,0.0,428.0,66,16.365000046789646,4,165,330,66,32,0,22,22,"8,16,32,64",6,leakage_accounting=approximate_internal_transcript,2048,20,real_data,16,identity,1,f21d3c73c2c63926
real_typeii_20db_d2048_bw20_blk0,cascade_lite,5,True,True,0.359375,0.032670454545454544,0.0,0.0,431.0,69,20.608799997717142,4,165,330,69,32,0,23,23,"8,16,32,64",6,leakage_accounting=approximate_internal_transcript,2048,20,real_data,16,identity,1,f21d3c73c2c63926
real_typeii_20db_d2048_bw20_blk0,cascade_lite,6,True,True,0.5,0.045454545454545456,0.0,0.0,458.0,96,21.82260004337877,4,165,330,96,32,0,32,32,"8,16,32,64",6,leakage_accounting=approximate_internal_transcript,2048,20,real_data,16,identity,1,f21d3c73c2c63926
real_typeii_20db_d2048_bw20_blk0,cascade_lite,7,True,True,0.375,0.03409090909090909,0.0,0.0,434.0,72,35.69769999012351,4,165,330,72,32,0,24,24,"8,16,32,64",6,leakage_accounting=approximate_internal_transcript,2048,20,real_data,16,identity,1,f21d3c73c2c63926
real_typeii_20db_d2048_bw20_blk0,cascade_lite,8,True,True,0.421875,0.03835227272727273,0.0,0.0,443.0,81,15.09770005941391,4,165,330,81,32,0,27,27,"8,16,32,64",6,leakage_accounting=approximate_internal_transcript,2048,20,real_data,16,identity,1,f21d3c73c2c63926
real_typeii_20db_d2048_bw20_blk0,cascade_lite,9,True,True,0.3125,0.028409090909090908,0.0,0.0,422.0,60,24.20189999975264,4,165,330,60,32,0,20,20,"8,16,32,64",6,leakage_accounting=approximate_internal_transcript,2048,20,real_data,16,identity,1,f21d3c73c2c63926
real_typeii_20db_d2048_bw20_blk0,cascade_lite,10,True,True,0.375,0.03409090909090909,0.0,0.0,434.0,72,10.348799987696111,4,165,330,72,32,0,24,24,"8,16,32,64",6,leakage_accounting=approximate_internal_transcript,2048,20,real_data,16,identity,1,f21d3c73c2c63926
real_typeii_20db_d2048_bw20_blk0,cascade_lite,11,True,True,0.359375,0.032670454545454544,0.0,0.0,431.0,69,14.453099924139678,4,165,330,69,32,0,23,23,"8,16,32,64",6,leakage_accounting=approximate_internal_transcript,2048,20,real_data,16,identity,1,f21d3c73c2c63926
real_typeii_20db_d2048_bw20_blk0,cascade_lite,12,True,True,0.421875,0.03835227272727273,0.0,0.0,443.0,81,13.906700070947409,4,165,330,81,32,0,27,27,"8,16,32,64",6,leakage_accounting=approximate_internal_transcript,2048,20,real_data,16,identity,1,f21d3c73c2c63926
real_typeii_20db_d2048_bw20_blk0,cascade_lite,13,True,True,0.375,0.03409090909090909,0.0,0.0,434.0,72,19.146500038914382,4,165,330,72,32,0,24,24,"8,16,32,64",6,leakage_accounting=approximate_internal_transcript,2048,20,real_data,16,identity,1,f21d3c73c2c63926
real_typeii_20db_d2048_bw20_blk0,cascade_lite,14,True,True,0.46875,0.04261363636363636,0.0,0.0,452.0,90,7.064600009471178,4,165,330,90,32,0,30,30,"8,16,32,64",6,leakage_accounting=approximate_internal_transcript,2048,20,real_data,16,identity,1,f21d3c73c2c63926
real_typeii_20db_d2048_bw20_blk0,cascade_lite,15,True,True,0.40625,0.036931818181818184,0.0,0.0,440.0,78,27.863600058481097,4,165,330,78,32,0,26,26,"8,16,32,64",6,leakage_accounting=approximate_internal_transcript,2048,20,real_data,16,identity,1,f21d3c73c2c63926
real_typeii_20db_d2048_bw20_blk0,cascade_lite,0,True,True,0.328125,0.029829545454545456,0.0,0.0,425.0,63,34.88920000381768,4,165,330,63,32,0,21,21,"8,16,32,64",4,leakage_accounting=approximate_internal_transcript,2048,20,real_data,16,identity,1,462a3bc6d744a527
real_typeii_20db_d2048_bw20_blk0,cascade_lite,1,True,True,0.421875,0.03835227272727273,0.0,0.0,443.0,81,15.550000010989606,4,165,330,81,32,0,27,27,"8,16,32,64",4,leakage_accounting=approximate_internal_transcript,2048,20,real_data,16,identity,1,462a3bc6d744a527
real_typeii_20db_d2048_bw20_blk0,cascade_lite,2,True,True,0.4375,0.03977272727272727,0.0,0.0,446.0,84,13.999500079080462,4,165,330,84,32,0,28,28,"8,16,32,64",4,leakage_accounting=approximate_internal_transcript,2048,20,real_data,16,identity,1,462a3bc6d744a527
real_typeii_20db_d2048_bw20_blk0,cascade_lite,3,True,True,0.46875,0.04261363636363636,0.0,0.0,452.0,90,42.41820005699992,4,165,330,90,32,0,30,30,"8,16,32,64",4,leakage_accounting=approximate_internal_transcript,2048,20,real_data,16,identity,1,462a3bc6d744a527
real_typeii_20db_d2048_bw20_blk0,cascade_lite,4,True,True,0.34375,0.03125,0.0,0.0,428.0,66,51.22769996523857,4,165,330,66,32,0,22,22,"8,16,32,64",4,leakage_accounting=approximate_internal_transcript,2048,20,real_data,16,identity,1,462a3bc6d744a527
real_typeii_20db_d2048_bw20_blk0,cascade_lite,5,True,True,0.359375,0.032670454545454544,0.0,0.0,431.0,69,28.95479998551309,4,165,330,69,32,0,23,23,"8,16,32,64",4,leakage_accounting=approximate_internal_transcript,2048,20,real_data,16,identity,1,462a3bc6d744a527
real_typeii_20db_d2048_bw20_blk0,cascade_lite,6,True,True,0.5,0.045454545454545456,0.0,0.0,458.0,96,12.710100039839745,4,165,330,96,32,0,32,32,"8,16,32,64",4,leakage_accounting=approximate_internal_transcript,2048,20,real_data,16,identity,1,462a3bc6d744a527
real_typeii_20db_d2048_bw20_blk0,cascade_lite,7,True,True,0.375,0.03409090909090909,0.0,0.0,434.0,72,6.189799983985722,4,165,330,72,32,0,24,24,"8,16,32,64",4,leakage_accounting=approximate_internal_transcript,2048,20,real_data,16,identity,1,462a3bc6d744a527
real_typeii_20db_d2048_bw20_blk0,cascade_lite,8,True,True,0.421875,0.03835227272727273,0.0,0.0,443.0,81,8.368799928575754,4,165,330,81,32,0,27,27,"8,16,32,64",4,leakage_accounting=approximate_internal_transcript,2048,20,real_data,16,identity,1,462a3bc6d744a527
real_typeii_20db_d2048_bw20_blk0,cascade_lite,9,True,True,0.3125,0.028409090909090908,0.0,0.0,422.0,60,16.038000001572073,4,165,330,60,32,0,20,20,"8,16,32,64",4,leakage_accounting=approximate_internal_transcript,2048,20,real_data,16,identity,1,462a3bc6d744a527
real_typeii_20db_d2048_bw20_blk0,cascade_lite,10,True,True,0.375,0.03409090909090909,0.0,0.0,434.0,72,41.70139995403588,4,165,330,72,32,0,24,24,"8,16,32,64",4,leakage_accounting=approximate_internal_transcript,2048,20,real_data,16,identity,1,462a3bc6d744a527
real_typeii_20db_d2048_bw20_blk0,cascade_lite,11,True,True,0.359375,0.032670454545454544,0.0,0.0,431.0,69,32.12709992658347,4,165,330,69,32,0,23,23,"8,16,32,64",4,leakage_accounting=approximate_internal_transcript,2048,20,real_data,16,identity,1,462a3bc6d744a527
real_typeii_20db_d2048_bw20_blk0,cascade_lite,12,True,True,0.421875,0.03835227272727273,0.0,0.0,443.0,81,8.637199993245304,4,165,330,81,32,0,27,27,"8,16,32,64",4,leakage_accounting=approximate_internal_transcript,2048,20,real_data,16,identity,1,462a3bc6d744a527
real_typeii_20db_d2048_bw20_blk0,cascade_lite,13,True,True,0.375,0.03409090909090909,0.0,0.0,434.0,72,21.081099985167384,4,165,330,72,32,0,24,24,"8,16,32,64",4,leakage_accounting=approximate_internal_transcript,2048,20,real_data,16,identity,1,462a3bc6d744a527
real_typeii_20db_d2048_bw20_blk0,cascade_lite,14,True,True,0.46875,0.04261363636363636,0.0,0.0,452.0,90,28.453300008550286,4,165,330,90,32,0,30,30,"8,16,32,64",4,leakage_accounting=approximate_internal_transcript,2048,20,real_data,16,identity,1,462a3bc6d744a527
real_typeii_20db_d2048_bw20_blk0,cascade_lite,15,True,True,0.40625,0.036931818181818184,0.0,0.0,440.0,78,11.738099972717464,4,165,330,78,32,0,26,26,"8,16,32,64",4,leakage_accounting=approximate_internal_transcript,2048,20,real_data,16,identity,1,462a3bc6d744a527
real_typeii_20db_d2048_bw20_blk0,cascade_lite,0,True,False,0.328125,0.029829545454545456,0.03125,0.002840909090909091,274.0,76,13.161199982278049,4,83,166,76,32,0,19,19,"16,32,64,128",6,leakage_accounting=approximate_internal_transcript,2048,20,real_data,16,identity,0,2bc34cb99845dc99
real_typeii_20db_d2048_bw20_blk0,cascade_lite,1,True,False,0.421875,0.03835227272727273,0.125,0.011363636363636364,274.0,76,12.146800057962537,4,83,166,76,32,0,19,19,"16,32,64,128",6,leakage_accounting=approximate_internal_transcript,2048,20,real_data,16,identity,0,2bc34cb99845dc99
real_typeii_20db_d2048_bw20_blk0,cascade_lite,2,True,False,0.4375,0.03977272727272727,0.09375,0.008522727272727272,286.0,88,8.749399916268885,4,83,166,88,32,0,22,22,"16,32,64,128",6,leakage_accounting=approximate_internal_transcript,2048,20,real_data,16,identity,0,2bc34cb99845dc99
real_typeii_20db_d2048_bw20_blk0,cascade_lite,3,True,False,0.46875,0.04261363636363636,0.15625,0.014204545454545454,278.0,80,17.550199991092086,4,83,166,80,32,0,20,20,"16,32,64,128",6,leakage_accounting=approximate_internal_transcript,2048,20,real_data,16,identity,0,2bc34cb99845dc99
real_typeii_20db_d2048_bw20_blk0,cascade_lite,4,True,False,0.34375,0.03125,0.03125,0.002840909090909091,278.0,80,15.245600021444261,4,83,166,80,32,0,20,20,"16,32,64,128",6,leakage_accounting=approximate_internal_transcript,2048,20,real_data,16,identity,0,2bc34cb99845dc99
real_typeii_20db_d2048_bw20_blk0,cascade_lite,5,True,False,0.359375,0.032670454545454544,0.0625,0.005681818181818182,274.0,76,25.69590008351952,4,83,166,76,32,0,19,19,"16,32,64,128",6,leakage_accounting=approximate_internal_transcript,2048,20,real_data,16,identity,0,2bc34cb99845dc99
real_typeii_20db_d2048_bw20_blk0,cascade_lite,6,True,False,0.5,0.045454545454545456,0.15625,0.014204545454545454,286.0,88,6.718400050885975,4,83,166,88,32,0,22,22,"16,32,64,128",6,leakage_accounting=approximate_internal_transcript,2048,20,real_data,16,identity,0,2bc34cb99845dc99
real_typeii_20db_d2048_bw20_blk0,cascade_lite,7,True,False,0.375,0.03409090909090909,0.03125,0.002840909090909091,286.0,88,14.66619991697371,4,83,166,88,32,0,22,22,"16,32,64,128",6,leakage_accounting=approximate_internal_transcript,2048,20,real_data,16,identity,0,2bc34cb99845dc99
real_typeii_20db_d2048_bw20_blk0,cascade_lite,8,True,False,0.421875,0.03835227272727273,0.0625,0.005681818181818182,290.0,92,9.253600030206144,4,83,166,92,32,0,23,23,"16,32,64,128",6,leakage_accounting=approximate_internal_transcript,2048,20,real_data,16,identity,0,2bc34cb99845dc99
real_typeii_20db_d2048_bw20_blk0,cascade_lite,9,True,False,0.3125,0.028409090909090908,0.0625,0.005681818181818182,262.0,64,21.004600101150572,4,83,166,64,32,0,16,16,"16,32,64,128",6,leakage_accounting=approximate_internal_transcript,2048,20,real_data,16,identity,0,2bc34cb99845dc99
real_typeii_20db_d2048_bw20_blk0,cascade_lite,10,True,False,0.375,0.03409090909090909,0.125,0.011363636363636364,262.0,64,33.06980000343174,4,83,166,64,32,0,16,16,"16,32,64,128",6,leakage_accounting=approximate_internal_transcript,2048,20,real_data,16,identity,0,2bc34cb99845dc99
real_typeii_20db_d2048_bw20_blk0,cascade_lite,11,True,False,0.359375,0.032670454545454544,0.0625,0.005681818181818182,274.0,76,27.587100048549473,4,83,166,76,32,0,19,19,"16,32,64,128",6,leakage_accounting=approximate_internal_transcript,2048,20,real_data,16,identity,0,2bc34cb99845dc99
real_typeii_20db_d2048_bw20_blk0,cascade_lite,12,True,False,0.421875,0.03835227272727273,0.09375,0.008522727272727272,282.0,84,5.284100072458386,4,83,166,84,32,0,21,21,"16,32,64,128",6,leakage_accounting=approximate_internal_transcript,2048,20,real_data,16,identity,0,2bc34cb99845dc99
real_typeii_20db_d2048_bw20_blk0,cascade_lite,13,True,False,0.375,0.03409090909090909,0.125,0.011363636363636364,262.0,64,19.574100035242736,4,83,166,64,32,0,16,16,"16,32,64,128",6,leakage_accounting=approximate_internal_transcript,2048,20,real_data,16,identity,0,2bc34cb99845dc99
real_typeii_20db_d2048_bw20_blk0,cascade_lite,14,True,False,0.46875,0.04261363636363636,0.09375,0.008522727272727272,294.0,96,23.38719996623695,4,83,166,96,32,0,24,24,"16,32,64,128",6,leakage_accounting=approximate_internal_transcript,2048,20,real_data,16,identity,0,2bc34cb99845dc99
real_typeii_20db_d2048_bw20_blk0,cascade_lite,15,True,False,0.40625,0.036931818181818184,0.09375,0.008522727272727272,278.0,80,35.224199993535876,4,83,166,80,32,0,20,20,"16,32,64,128",6,leakage_accounting=approximate_internal_transcript,2048,20,real_data,16,identity,0,2bc34cb99845dc99
real_typeii_20db_d256_bw100_blk0,cascade_lite,0,True,False,0.5625,0.23046875,0.453125,0.1015625,528.0,236,29.869399964809418,4,130,260,236,32,0,66,66,"8,16,32,64",4,leakage_accounting=approximate_internal_transcript,256,100,real_data,4,seeded_random,0,ef3fd819508ca339
real_typeii_20db_d256_bw100_blk0,cascade_lite,1,True,False,0.453125,0.197265625,0.21875,0.046875,575.0,279,13.632000074721873,4,132,264,279,32,0,77,77,"8,16,32,64",4,leakage_accounting=approximate_internal_transcript,256,100,real_data,4,seeded_random,0,ef3fd819508ca339
real_typeii_20db_d256_bw100_blk0,cascade_lite,2,True,False,0.375,0.1484375,0.1875,0.02734375,515.0,231,33.989000017754734,4,126,252,231,32,0,62,62,"8,16,32,64",4,leakage_accounting=approximate_internal_transcript,256,100,real_data,4,seeded_random,0,ef3fd819508ca339
real_typeii_20db_d256_bw100_blk0,cascade_lite,3,True,False,0.484375,0.212890625,0.46875,0.140625,336.0,168,17.705800011754036,4,68,136,168,32,0,37,37,"8,16,32,64",4,leakage_accounting=approximate_internal_transcript,256,100,real_data,4,seeded_random,0,ef3fd819508ca339
real_typeii_20db_d256_bw100_blk0,cascade_lite,0,True,False,0.5625,0.23046875,0.421875,0.1875,338.0,66,6.959500024095178,4,120,240,66,32,0,22,22,"8,16,32,64",6,leakage_accounting=approximate_internal_transcript,256,100,real_data,4,identity,0,47bfc7ece074fdaa
real_typeii_20db_d256_bw100_blk0,cascade_lite,1,True,False,0.453125,0.197265625,0.34375,0.16015625,329.0,57,43.54620003141463,4,120,240,57,32,0,19,19,"8,16,32,64",6,leakage_accounting=approximate_internal_transcript,256,100,real_data,4,identity,0,47bfc7ece074fdaa
real_typeii_20db_d256_bw100_blk0,cascade_lite,2,True,False,0.375,0.1484375,0.296875,0.12890625,192.0,40,26.12649998627603,4,60,120,40,32,0,10,10,"8,16,32,64",6,leakage_accounting=approximate_internal_transcript,256,100,real_data,4,identity,0,47bfc7ece074fdaa
real_typeii_20db_d256_bw100_blk0,cascade_lite,3,True,False,0.484375,0.212890625,0.40625,0.1875,204.0,52,9.299100027419627,4,60,120,52,32,0,13,13,"8,16,32,64",6,leakage_accounting=approximate_internal_transcript,256,100,real_data,4,identity,0,47bfc7ece074fdaa
real_typeii_20db_d256_bw100_blk0,cascade_lite,0,True,False,0.5625,0.23046875,0.421875,0.1875,338.0,66,14.287600060924888,4,120,240,66,32,0,22,22,"8,16,32,64",6,leakage_accounting=approximate_internal_transcript,256,100,real_data,4,identity,1,d825734b6395c173
real_typeii_20db_d256_bw100_blk0,cascade_lite,1,True,False,0.453125,0.197265625,0.34375,0.16015625,329.0,57,18.110200064256787,4,120,240,57,32,0,19,19,"8,16,32,64",6,leakage_accounting=approximate_internal_transcript,256,100,real_data,4,identity,1,d825734b6395c173
real_typeii_20db_d256_bw100_blk0,cascade_lite,2,True,False,0.375,0.1484375,0.296875,0.12890625,192.0,40,10.27220010291785,4,60,120,40,32,0,10,10,"8,16,32,64",6,leakage_accounting=approximate_internal_transcript,256,100,real_data,4,identity,1,d825734b6395c173
real_typeii_20db_d256_bw100_blk0,cascade_lite,3,True,False,0.484375,0.212890625,0.40625,0.1875,204.0,52,25.51609999500215,4,60,120,52,32,0,13,13,"8,16,32,64",6,leakage_accounting=approximate_internal_transcript,256,100,real_data,4,identity,1,d825734b6395c173
real_typeii_20db_d2048_bw20_blk0,cascade_lite,0,True,False,0.328125,0.029829545454545456,0.03125,0.002840909090909091,274.0,76,21.125299972482026,4,83,166,76,32,0,19,19,"16,32,64,128",6,leakage_accounting=approximate_internal_transcript,2048,20,real_data,16,identity,1,aec586233b5d565e
real_typeii_20db_d2048_bw20_blk0,cascade_lite,1,True,False,0.421875,0.03835227272727273,0.125,0.011363636363636364,274.0,76,6.985399988479912,4,83,166,76,32,0,19,19,"16,32,64,128",6,leakage_accounting=approximate_internal_transcript,2048,20,real_data,16,identity,1,aec586233b5d565e
real_typeii_20db_d2048_bw20_blk0,cascade_lite,2,True,False,0.4375,0.03977272727272727,0.09375,0.008522727272727272,286.0,88,13.3714999537915,4,83,166,88,32,0,22,22,"16,32,64,128",6,leakage_accounting=approximate_internal_transcript,2048,20,real_data,16,identity,1,aec586233b5d565e
real_typeii_20db_d2048_bw20_blk0,cascade_lite,3,True,False,0.46875,0.04261363636363636,0.15625,0.014204545454545454,278.0,80,18.303100019693375,4,83,166,80,32,0,20,20,"16,32,64,128",6,leakage_accounting=approximate_internal_transcript,2048,20,real_data,16,identity,1,aec586233b5d565e
real_typeii_20db_d2048_bw20_blk0,cascade_lite,4,True,False,0.34375,0.03125,0.03125,0.002840909090909091,278.0,80,6.650299998000264,4,83,166,80,32,0,20,20,"16,32,64,128",6,leakage_accounting=approximate_internal_transcript,2048,20,real_data,16,identity,1,aec586233b5d565e
real_typeii_20db_d2048_bw20_blk0,cascade_lite,5,True,False,0.359375,0.032670454545454544,0.0625,0.005681818181818182,274.0,76,7.093499996699393,4,83,166,76,32,0,19,19,"16,32,64,128",6,leakage_accounting=approximate_internal_transcript,2048,20,real_data,16,identity,1,aec586233b5d565e
real_typeii_20db_d2048_bw20_blk0,cascade_lite,6,True,False,0.5,0.045454545454545456,0.15625,0.014204545454545454,286.0,88,3.312499960884452,4,83,166,88,32,0,22,22,"16,32,64,128",6,leakage_accounting=approximate_internal_transcript,2048,20,real_data,16,identity,1,aec586233b5d565e
real_typeii_20db_d2048_bw20_blk0,cascade_lite,7,True,False,0.375,0.03409090909090909,0.03125,0.002840909090909091,286.0,88,6.64339994546026,4,83,166,88,32,0,22,22,"16,32,64,128",6,leakage_accounting=approximate_internal_transcript,2048,20,real_data,16,identity,1,aec586233b5d565e
real_typeii_20db_d2048_bw20_blk0,cascade_lite,8,True,False,0.421875,0.03835227272727273,0.0625,0.005681818181818182,290.0,92,32.06800005864352,4,83,166,92,32,0,23,23,"16,32,64,128",6,leakage_accounting=approximate_internal_transcript,2048,20,real_data,16,identity,1,aec586233b5d565e
real_typeii_20db_d2048_bw20_blk0,cascade_lite,9,True,False,0.3125,0.028409090909090908,0.0625,0.005681818181818182,262.0,64,31.73450008034706,4,83,166,64,32,0,16,16,"16,32,64,128",6,leakage_accounting=approximate_internal_transcript,2048,20,real_data,16,identity,1,aec586233b5d565e
real_typeii_20db_d2048_bw20_blk0,cascade_lite,10,True,False,0.375,0.03409090909090909,0.125,0.011363636363636364,262.0,64,18.101599998772144,4,83,166,64,32,0,16,16,"16,32,64,128",6,leakage_accounting=approximate_internal_transcript,2048,20,real_data,16,identity,1,aec586233b5d565e
real_typeii_20db_d2048_bw20_blk0,cascade_lite,11,True,False,0.359375,0.032670454545454544,0.0625,0.005681818181818182,274.0,76,41.353899985551834,4,83,166,76,32,0,19,19,"16,32,64,128",6,leakage_accounting=approximate_internal_transcript,2048,20,real_data,16,identity,1,aec586233b5d565e
real_typeii_20db_d2048_bw20_blk0,cascade_lite,12,True,False,0.421875,0.03835227272727273,0.09375,0.008522727272727272,282.0,84,31.096899998374283,4,83,166,84,32,0,21,21,"16,32,64,128",6,leakage_accounting=approximate_internal_transcript,2048,20,real_data,16,identity,1,aec586233b5d565e
real_typeii_20db_d2048_bw20_blk0,cascade_lite,13,True,False,0.375,0.03409090909090909,0.125,0.011363636363636364,262.0,64,13.997199945151806,4,83,166,64,32,0,16,16,"16,32,64,128",6,leakage_accounting=approximate_internal_transcript,2048,20,real_data,16,identity,1,aec586233b5d565e
real_typeii_20db_d2048_bw20_blk0,cascade_lite,14,True,False,0.46875,0.04261363636363636,0.09375,0.008522727272727272,294.0,96,10.487899999134243,4,83,166,96,32,0,24,24,"16,32,64,128",6,leakage_accounting=approximate_internal_transcript,2048,20,real_data,16,identity,1,aec586233b5d565e
real_typeii_20db_d2048_bw20_blk0,cascade_lite,15,True,False,0.40625,0.036931818181818184,0.09375,0.008522727272727272,278.0,80,18.337999936193228,4,83,166,80,32,0,20,20,"16,32,64,128",6,leakage_accounting=approximate_internal_transcript,2048,20,real_data,16,identity,1,aec586233b5d565e
real_typeii_20db_d2048_bw20_blk0,cascade_lite,0,True,True,0.328125,0.029829545454545456,0.0,0.0,425.0,63,29.22889997716993,4,165,330,63,32,0,21,21,"8,16,32,64",4,leakage_accounting=approximate_internal_transcript,2048,20,real_data,16,seeded_random,0,c28ff99e89e31963
real_typeii_20db_d2048_bw20_blk0,cascade_lite,1,True,True,0.421875,0.03835227272727273,0.0,0.0,447.0,85,34.46379990782589,4,165,330,85,32,0,27,27,"8,16,32,64",4,leakage_accounting=approximate_internal_transcript,2048,20,real_data,16,seeded_random,0,c28ff99e89e31963
real_typeii_20db_d2048_bw20_blk0,cascade_lite,2,True,True,0.4375,0.03977272727272727,0.0,0.0,451.0,87,25.905100046657026,4,166,332,87,32,0,28,28,"8,16,32,64",4,leakage_accounting=approximate_internal_transcript,2048,20,real_data,16,seeded_random,0,c28ff99e89e31963
real_typeii_20db_d2048_bw20_blk0,cascade_lite,3,True,True,0.46875,0.04261363636363636,0.0,0.0,463.0,99,20.397800020873547,4,166,332,99,32,0,30,30,"8,16,32,64",4,leakage_accounting=approximate_internal_transcript,2048,20,real_data,16,seeded_random,0,c28ff99e89e31963
real_typeii_20db_d2048_bw20_blk0,cascade_lite,4,True,True,0.34375,0.03125,0.0,0.0,430.0,68,16.424399917013943,4,165,330,68,32,0,22,22,"8,16,32,64",4,leakage_accounting=approximate_internal_transcript,2048,20,real_data,16,seeded_random,0,c28ff99e89e31963
real_typeii_20db_d2048_bw20_blk0,cascade_lite,5,True,True,0.359375,0.032670454545454544,0.0,0.0,433.0,71,20.33349999692291,4,165,330,71,32,0,23,23,"8,16,32,64",4,leakage_accounting=approximate_internal_transcript,2048,20,real_data,16,seeded_random,0,c28ff99e89e31963
real_typeii_20db_d2048_bw20_blk0,cascade_lite,6,True,True,0.5,0.045454545454545456,0.0,0.0,462.0,100,6.787099991925061,4,165,330,100,32,0,32,32,"8,16,32,64",4,leakage_accounting=approximate_internal_transcript,2048,20,real_data,16,seeded_random,0,c28ff99e89e31963
real_typeii_20db_d2048_bw20_blk0,cascade_lite,7,True,True,0.375,0.03409090909090909,0.0,0.0,441.0,77,28.322499943897128,4,166,332,77,32,0,24,24,"8,16,32,64",4,leakage_accounting=approximate_internal_transcript,2048,20,real_data,16,seeded_random,0,c28ff99e89e31963
real_typeii_20db_d2048_bw20_blk0,cascade_lite,8,True,True,0.421875,0.03835227272727273,0.0,0.0,450.0,86,14.02779994532466,4,166,332,86,32,0,27,27,"8,16,32,64",4,leakage_accounting=approximate_internal_transcript,2048,20,real_data,16,seeded_random,0,c28ff99e89e31963
real_typeii_20db_d2048_bw20_blk0,cascade_lite,9,True,True,0.3125,0.028409090909090908,0.0,0.0,435.0,71,45.309700071811676,4,166,332,71,32,0,20,20,"8,16,32,64",4,leakage_accounting=approximate_internal_transcript,2048,20,real_data,16,seeded_random,0,c28ff99e89e31963
real_typeii_20db_d2048_bw20_blk0,cascade_lite,10,True,True,0.375,0.03409090909090909,0.0,0.0,440.0,78,21.075000055134296,4,165,330,78,32,0,24,24,"8,16,32,64",4,leakage_accounting=approximate_internal_transcript,2048,20,real_data,16,seeded_random,0,c28ff99e89e31963
real_typeii_20db_d2048_bw20_blk0,cascade_lite,11,True,True,0.359375,0.032670454545454544,0.0,0.0,431.0,69,28.73150003142655,4,165,330,69,32,0,23,23,"8,16,32,64",4,leakage_accounting=approximate_internal_transcript,2048,20,real_data,16,seeded_random,0,c28ff99e89e31963
real_typeii_20db_d2048_bw20_blk0,cascade_lite,12,True,True,0.421875,0.03835227272727273,0.0,0.0,450.0,86,24.49099998921156,4,166,332,86,32,0,27,27,"8,16,32,64",4,leakage_accounting=approximate_internal_transcript,2048,20,real_data,16,seeded_random,0,c28ff99e89e31963
real_typeii_20db_d2048_bw20_blk0,cascade_lite,13,True,True,0.375,0.03409090909090909,0.0,0.0,436.0,74,21.36050001718104,4,165,330,74,32,0,24,24,"8,16,32,64",4,leakage_accounting=approximate_internal_transcript,2048,20,real_data,16,seeded_random,0,c28ff99e89e31963
real_typeii_20db_d2048_bw20_blk0,cascade_lite,14,True,True,0.46875,0.04261363636363636,0.0,0.0,456.0,94,46.83080001268536,4,165,330,94,32,0,30,30,"8,16,32,64",4,leakage_accounting=approximate_internal_transcript,2048,20,real_data,16,seeded_random,0,c28ff99e89e31963
real_typeii_20db_d2048_bw20_blk0,cascade_lite,15,True,True,0.40625,0.036931818181818184,0.0,0.0,446.0,82,38.971200003288686,4,166,332,82,32,0,26,26,"8,16,32,64",4,leakage_accounting=approximate_internal_transcript,2048,20,real_data,16,seeded_random,0,c28ff99e89e31963
real_typeii_20db_d256_bw100_blk0,cascade_lite,0,True,False,0.5625,0.23046875,0.453125,0.19921875,216.0,64,7.506800000555813,4,60,120,64,32,0,16,16,"16,32,64,128",4,leakage_accounting=approximate_internal_transcript,256,100,real_data,4,identity,0,aeacee9a04c960ac
real_typeii_20db_d256_bw100_blk0,cascade_lite,1,True,False,0.453125,0.197265625,0.34375,0.16015625,228.0,76,13.639300013892353,4,60,120,76,32,0,19,19,"16,32,64,128",4,leakage_accounting=approximate_internal_transcript,256,100,real_data,4,identity,0,aeacee9a04c960ac
real_typeii_20db_d256_bw100_blk0,cascade_lite,2,True,False,0.375,0.1484375,0.296875,0.12890625,192.0,40,24.785200017504394,4,60,120,40,32,0,10,10,"16,32,64,128",4,leakage_accounting=approximate_internal_transcript,256,100,real_data,4,identity,0,aeacee9a04c960ac
real_typeii_20db_d256_bw100_blk0,cascade_lite,3,True,False,0.484375,0.212890625,0.40625,0.1875,204.0,52,13.506100047379732,4,60,120,52,32,0,13,13,"16,32,64,128",4,leakage_accounting=approximate_internal_transcript,256,100,real_data,4,identity,0,aeacee9a04c960ac
real_typeii_20db_d256_bw100_blk0,cascade_lite,0,True,False,0.5625,0.23046875,0.453125,0.1015625,528.0,236,12.059799977578223,4,130,260,236,32,0,66,66,"8,16,32,64",6,leakage_accounting=approximate_internal_transcript,256,100,real_data,4,seeded_random,0,ab6194c1b8076873
real_typeii_20db_d256_bw100_blk0,cascade_lite,1,True,False,0.453125,0.197265625,0.421875,0.123046875,357.0,183,28.64829997997731,4,71,142,183,32,0,38,38,"8,16,32,64",6,leakage_accounting=approximate_internal_transcript,256,100,real_data,4,seeded_random,0,ab6194c1b8076873
real_typeii_20db_d256_bw100_blk0,cascade_lite,2,True,False,0.375,0.1484375,0.296875,0.06640625,362.0,190,20.15879994723946,4,70,140,190,32,0,42,42,"8,16,32,64",6,leakage_accounting=approximate_internal_transcript,256,100,real_data,4,seeded_random,0,ab6194c1b8076873
real_typeii_20db_d256_bw100_blk0,cascade_lite,3,True,False,0.484375,0.212890625,0.46875,0.140625,336.0,168,28.071500011719763,4,68,136,168,32,0,37,37,"8,16,32,64",6,leakage_accounting=approximate_internal_transcript,256,100,real_data,4,seeded_random,0,ab6194c1b8076873
real_typeii_20db_d256_bw100_blk0,cascade_lite,0,True,False,0.5625,0.23046875,0.453125,0.19921875,216.0,64,13.851099996827543,4,60,120,64,32,0,16,16,"16,32,64,128",6,leakage_accounting=approximate_internal_transcript,256,100,real_data,4,identity,1,86320143d2d78cc2
real_typeii_20db_d256_bw100_blk0,cascade_lite,1,True,False,0.453125,0.197265625,0.34375,0.16015625,228.0,76,5.764700006693602,4,60,120,76,32,0,19,19,"16,32,64,128",6,leakage_accounting=approximate_internal_transcript,256,100,real_data,4,identity,1,86320143d2d78cc2
real_typeii_20db_d256_bw100_blk0,cascade_lite,2,True,False,0.375,0.1484375,0.296875,0.12890625,192.0,40,5.8313999325037,4,60,120,40,32,0,10,10,"16,32,64,128",6,leakage_accounting=approximate_internal_transcript,256,100,real_data,4,identity,1,86320143d2d78cc2
real_typeii_20db_d256_bw100_blk0,cascade_lite,3,True,False,0.484375,0.212890625,0.40625,0.1875,204.0,52,7.994899991899729,4,60,120,52,32,0,13,13,"16,32,64,128",6,leakage_accounting=approximate_internal_transcript,256,100,real_data,4,identity,1,86320143d2d78cc2
real_typeii_20db_d2048_bw20_blk0,cascade_lite,0,True,True,0.328125,0.029829545454545456,0.0,0.0,282.0,84,44.78759993799031,4,83,166,84,32,0,21,21,"16,32,64,128",4,leakage_accounting=approximate_internal_transcript,2048,20,real_data,16,seeded_random,0,19e9870100f5792b
real_typeii_20db_d2048_bw20_blk0,cascade_lite,1,True,True,0.421875,0.03835227272727273,0.0,0.0,321.0,121,40.10250000283122,4,84,168,121,32,0,27,27,"16,32,64,128",4,leakage_accounting=approximate_internal_transcript,2048,20,real_data,16,seeded_random,0,19e9870100f5792b
real_typeii_20db_d2048_bw20_blk0,cascade_lite,2,True,True,0.4375,0.03977272727272727,0.0,0.0,318.0,120,19.5604000473395,4,83,166,120,32,0,28,28,"16,32,64,128",4,leakage_accounting=approximate_internal_transcript,2048,20,real_data,16,seeded_random,0,19e9870100f5792b
real_typeii_20db_d2048_bw20_blk0,cascade_lite,3,True,True,0.46875,0.04261363636363636,0.0,0.0,346.0,142,17.31709996238351,4,86,172,142,32,0,30,30,"16,32,64,128",4,leakage_accounting=approximate_internal_transcript,2048,20,real_data,16,seeded_random,0,19e9870100f5792b
real_typeii_20db_d2048_bw20_blk0,cascade_lite,4,True,True,0.34375,0.03125,0.0,0.0,292.0,94,37.95030002947897,4,83,166,94,32,0,22,22,"16,32,64,128",4,leakage_accounting=approximate_internal_transcript,2048,20,real_data,16,seeded_random,0,19e9870100f5792b
real_typeii_20db_d2048_bw20_blk0,cascade_lite,5,True,True,0.359375,0.032670454545454544,0.0,0.0,295.0,95,20.315300091169775,4,84,168,95,32,0,23,23,"16,32,64,128",4,leakage_accounting=approximate_internal_transcript,2048,20,real_data,16,seeded_random,0,19e9870100f5792b
real_typeii_20db_d2048_bw20_blk0,cascade_lite,6,True,True,0.5,0.045454545454545456,0.0,0.0,338.0,140,23.910399992018938,4,83,166,140,32,0,32,32,"16,32,64,128",4,leakage_accounting=approximate_internal_transcript,2048,20,real_data,16,seeded_random,0,19e9870100f5792b
real_typeii_20db_d2048_bw20_blk0,cascade_lite,7,True,True,0.375,0.03409090909090909,0.0,0.0,308.0,110,19.75099998526275,4,83,166,110,32,0,24,24,"16,32,64,128",4,leakage_accounting=approximate_internal_transcript,2048,20,real_data,16,seeded_random,0,19e9870100f5792b
real_typeii_20db_d2048_bw20_blk0,cascade_lite,8,True,False,0.421875,0.03835227272727273,0.0625,0.005681818181818182,307.0,107,48.49930002819747,4,84,168,107,32,0,23,23,"16,32,64,128",4,leakage_accounting=approximate_internal_transcript,2048,20,real_data,16,seeded_random,0,19e9870100f5792b
real_typeii_20db_d2048_bw20_blk0,cascade_lite,9,True,True,0.3125,0.028409090909090908,0.0,0.0,292.0,90,29.89740006159991,4,85,170,90,32,0,20,20,"16,32,64,128",4,leakage_accounting=approximate_internal_transcript,2048,20,real_data,16,seeded_random,0,19e9870100f5792b
real_typeii_20db_d2048_bw20_blk0,cascade_lite,10,True,True,0.375,0.03409090909090909,0.0,0.0,311.0,107,35.34699999727309,4,86,172,107,32,0,24,24,"16,32,64,128",4,leakage_accounting=approximate_internal_transcript,2048,20,real_data,16,seeded_random,0,19e9870100f5792b
real_typeii_20db_d2048_bw20_blk0,cascade_lite,11,True,True,0.359375,0.032670454545454544,0.0,0.0,296.0,98,9.084800025448203,4,83,166,98,32,0,23,23,"16,32,64,128",4,leakage_accounting=approximate_internal_transcript,2048,20,real_data,16,seeded_random,0,19e9870100f5792b
real_typeii_20db_d2048_bw20_blk0,cascade_lite,12,True,True,0.421875,0.03835227272727273,0.0,0.0,316.0,114,14.237500028684735,4,85,170,114,32,0,27,27,"16,32,64,128",4,leakage_accounting=approximate_internal_transcript,2048,20,real_data,16,seeded_random,0,19e9870100f5792b
real_typeii_20db_d2048_bw20_blk0,cascade_lite,13,True,True,0.375,0.03409090909090909,0.0,0.0,301.0,101,16.132600023411214,4,84,168,101,32,0,24,24,"16,32,64,128",4,leakage_accounting=approximate_internal_transcript,2048,20,real_data,16,seeded_random,0,19e9870100f5792b
real_typeii_20db_d2048_bw20_blk0,cascade_lite,14,True,True,0.46875,0.04261363636363636,0.0,0.0,340.0,142,5.983000039122999,4,83,166,142,32,0,30,30,"16,32,64,128",4,leakage_accounting=approximate_internal_transcript,2048,20,real_data,16,seeded_random,0,19e9870100f5792b
real_typeii_20db_d2048_bw20_blk0,cascade_lite,15,True,True,0.40625,0.036931818181818184,0.0,0.0,319.0,119,21.409800043329597,4,84,168,119,32,0,26,26,"16,32,64,128",4,leakage_accounting=approximate_internal_transcript,2048,20,real_data,16,seeded_random,0,19e9870100f5792b
real_typeii_20db_d256_bw100_blk0,cascade_lite,0,True,False,0.5625,0.23046875,0.5,0.15234375,355.0,183,19.77970008738339,4,70,140,183,32,0,40,40,"8,16,32,64",6,leakage_accounting=approximate_internal_transcript,256,100,real_data,4,seeded_random,1,da44be679542d120
real_typeii_20db_d256_bw100_blk0,cascade_lite,1,True,False,0.453125,0.197265625,0.421875,0.123046875,344.0,180,11.867900029756129,4,66,132,180,32,0,38,38,"8,16,32,64",6,leakage_accounting=approximate_internal_transcript,256,100,real_data,4,seeded_random,1,da44be679542d120
real_typeii_20db_d256_bw100_blk0,cascade_lite,2,True,False,0.375,0.1484375,0.265625,0.0703125,356.0,182,50.52079993765801,4,71,142,182,32,0,40,40,"8,16,32,64",6,leakage_accounting=approximate_internal_transcript,256,100,real_data,4,seeded_random,1,da44be679542d120
real_typeii_20db_d256_bw100_blk0,cascade_lite,3,True,False,0.484375,0.212890625,0.4375,0.146484375,326.0,158,29.16090004146099,4,68,136,158,32,0,34,34,"8,16,32,64",6,leakage_accounting=approximate_internal_transcript,256,100,real_data,4,seeded_random,1,da44be679542d120
real_typeii_20db_d2048_bw20_blk0,cascade_lite,0,True,True,0.328125,0.029829545454545456,0.0,0.0,431.0,69,23.73499993700534,4,165,330,69,32,0,21,21,"8,16,32,64",6,leakage_accounting=approximate_internal_transcript,2048,20,real_data,16,seeded_random,1,a09833a965a0ddf8
real_typeii_20db_d2048_bw20_blk0,cascade_lite,1,True,True,0.421875,0.03835227272727273,0.0,0.0,459.0,97,28.35340006276965,4,165,330,97,32,0,27,27,"8,16,32,64",6,leakage_accounting=approximate_internal_transcript,2048,20,real_data,16,seeded_random,1,a09833a965a0ddf8
real_typeii_20db_d2048_bw20_blk0,cascade_lite,2,True,True,0.4375,0.03977272727272727,0.0,0.0,452.0,90,33.35649997461587,4,165,330,90,32,0,28,28,"8,16,32,64",6,leakage_accounting=approximate_internal_transcript,2048,20,real_data,16,seeded_random,1,a09833a965a0ddf8
real_typeii_20db_d2048_bw20_blk0,cascade_lite,3,True,True,0.46875,0.04261363636363636,0.0,0.0,462.0,100,26.22900006826967,4,165,330,100,32,0,30,30,"8,16,32,64",6,leakage_accounting=approximate_internal_transcript,2048,20,real_data,16,seeded_random,1,a09833a965a0ddf8
real_typeii_20db_d2048_bw20_blk0,cascade_lite,4,True,True,0.34375,0.03125,0.0,0.0,438.0,76,21.348000038415194,4,165,330,76,32,0,22,22,"8,16,32,64",6,leakage_accounting=approximate_internal_transcript,2048,20,real_data,16,seeded_random,1,a09833a965a0ddf8
real_typeii_20db_d2048_bw20_blk0,cascade_lite,5,True,True,0.359375,0.032670454545454544,0.0,0.0,431.0,69,40.28139996808022,4,165,330,69,32,0,23,23,"8,16,32,64",6,leakage_accounting=approximate_internal_transcript,2048,20,real_data,16,seeded_random,1,a09833a965a0ddf8
real_typeii_20db_d2048_bw20_blk0,cascade_lite,6,True,True,0.5,0.045454545454545456,0.0,0.0,462.0,100,24.129599914886057,4,165,330,100,32,0,32,32,"8,16,32,64",6,leakage_accounting=approximate_internal_transcript,2048,20,real_data,16,seeded_random,1,a09833a965a0ddf8
real_typeii_20db_d2048_bw20_blk0,cascade_lite,7,True,True,0.375,0.03409090909090909,0.0,0.0,440.0,78,15.35690005403012,4,165,330,78,32,0,24,24,"8,16,32,64",6,leakage_accounting=approximate_internal_transcript,2048,20,real_data,16,seeded_random,1,a09833a965a0ddf8
real_typeii_20db_d2048_bw20_blk0,cascade_lite,8,True,True,0.421875,0.03835227272727273,0.0,0.0,453.0,91,32.10050007328391,4,165,330,91,32,0,27,27,"8,16,32,64",6,leakage_accounting=approximate_internal_transcript,2048,20,real_data,16,seeded_random,1,a09833a965a0ddf8
real_typeii_20db_d2048_bw20_blk0,cascade_lite,9,True,True,0.3125,0.028409090909090908,0.0,0.0,426.0,64,8.611999917775393,4,165,330,64,32,0,20,20,"8,16,32,64",6,leakage_accounting=approximate_internal_transcript,2048,20,real_data,16,seeded_random,1,a09833a965a0ddf8
real_typeii_20db_d2048_bw20_blk0,cascade_lite,10,True,True,0.375,0.03409090909090909,0.0,0.0,434.0,72,46.523099998012185,4,165,330,72,32,0,24,24,"8,16,32,64",6,leakage_accounting=approximate_internal_transcript,2048,20,real_data,16,seeded_random,1,a09833a965a0ddf8
real_typeii_20db_d2048_bw20_blk0,cascade_lite,11,True,True,0.359375,0.032670454545454544,0.0,0.0,437.0,75,20.156399928964674,4,165,330,75,32,0,23,23,"8,16,32,64",6,leakage_accounting=approximate_internal_transcript,2048,20,real_data,16,seeded_random,1,a09833a965a0ddf8
real_typeii_20db_d2048_bw20_blk0,cascade_lite,12,True,True,0.421875,0.03835227272727273,0.0,0.0,451.0,89,32.16509998310357,4,165,330,89,32,0,27,27,"8,16,32,64",6,leakage_accounting=approximate_internal_transcript,2048,20,real_data,16,seeded_random,1,a09833a965a0ddf8
real_typeii_20db_d2048_bw20_blk0,cascade_lite,13,True,True,0.375,0.03409090909090909,0.0,0.0,440.0,78,29.907300020568073,4,165,330,78,32,0,24,24,"8,16,32,64",6,leakage_accounting=approximate_internal_transcript,2048,20,real_data,16,seeded_random,1,a09833a965a0ddf8
real_typeii_20db_d2048_bw20_blk0,cascade_lite,14,True,True,0.46875,0.04261363636363636,0.0,0.0,468.0,106,26.942399912513793,4,165,330,106,32,0,30,30,"8,16,32,64",6,leakage_accounting=approximate_internal_transcript,2048,20,real_data,16,seeded_random,1,a09833a965a0ddf8
real_typeii_20db_d2048_bw20_blk0,cascade_lite,15,True,True,0.40625,0.036931818181818184,0.0,0.0,452.0,90,16.86840003821999,4,165,330,90,32,0,26,26,"8,16,32,64",6,leakage_accounting=approximate_internal_transcript,2048,20,real_data,16,seeded_random,1,a09833a965a0ddf8
real_typeii_20db_d2048_bw20_blk0,cascade_lite,0,True,False,0.328125,0.029829545454545456,0.03125,0.002840909090909091,290.0,90,10.589999961666763,4,84,168,90,32,0,19,19,"16,32,64,128",4,leakage_accounting=approximate_internal_transcript,2048,20,real_data,16,seeded_random,1,ad1f4d64f73fcc30
real_typeii_20db_d2048_bw20_blk0,cascade_lite,1,True,True,0.421875,0.03835227272727273,0.0,0.0,332.0,128,11.79789996240288,4,86,172,128,32,0,27,27,"16,32,64,128",4,leakage_accounting=approximate_internal_transcript,2048,20,real_data,16,seeded_random,1,ad1f4d64f73fcc30
real_typeii_20db_d2048_bw20_blk0,cascade_lite,2,True,True,0.4375,0.03977272727272727,0.0,0.0,329.0,129,45.99289991892874,4,84,168,129,32,0,28,28,"16,32,64,128",4,leakage_accounting=approximate_internal_transcript,2048,20,real_data,16,seeded_random,1,ad1f4d64f73fcc30
real_typeii_20db_d2048_bw20_blk0,cascade_lite,3,True,True,0.46875,0.04261363636363636,0.0,0.0,341.0,137,20.556400064378977,4,86,172,137,32,0,30,30,"16,32,64,128",4,leakage_accounting=approximate_internal_transcript,2048,20,real_data,16,seeded_random,1,ad1f4d64f73fcc30
real_typeii_20db_d2048_bw20_blk0,cascade_lite,4,True,True,0.34375,0.03125,0.0,0.0,302.0,102,27.426899992860854,4,84,168,102,32,0,22,22,"16,32,64,128",4,leakage_accounting=approximate_internal_transcript,2048,20,real_data,16,seeded_random,1,ad1f4d64f73fcc30
real_typeii_20db_d2048_bw20_blk0,cascade_lite,5,True,True,0.359375,0.032670454545454544,0.0,0.0,294.0,96,23.802199983038008,4,83,166,96,32,0,23,23,"16,32,64,128",4,leakage_accounting=approximate_internal_transcript,2048,20,real_data,16,seeded_random,1,ad1f4d64f73fcc30
real_typeii_20db_d2048_bw20_blk0,cascade_lite,6,True,True,0.5,0.045454545454545456,0.0,0.0,349.0,147,38.29070006031543,4,85,170,147,32,0,32,32,"16,32,64,128",4,leakage_accounting=approximate_internal_transcript,2048,20,real_data,16,seeded_random,1,ad1f4d64f73fcc30
real_typeii_20db_d2048_bw20_blk0,cascade_lite,7,True,True,0.375,0.03409090909090909,0.0,0.0,308.0,106,17.807300086133182,4,85,170,106,32,0,24,24,"16,32,64,128",4,leakage_accounting=approximate_internal_transcript,2048,20,real_data,16,seeded_random,1,ad1f4d64f73fcc30
real_typeii_20db_d2048_bw20_blk0,cascade_lite,8,True,True,0.421875,0.03835227272727273,0.0,0.0,321.0,121,38.653000025078654,4,84,168,121,32,0,27,27,"16,32,64,128",4,leakage_accounting=approximate_internal_transcript,2048,20,real_data,16,seeded_random,1,ad1f4d64f73fcc30
real_typeii_20db_d2048_bw20_blk0,cascade_lite,9,True,True,0.3125,0.028409090909090908,0.0,0.0,288.0,88,22.234799922443926,4,84,168,88,32,0,20,20,"16,32,64,128",4,leakage_accounting=approximate_internal_transcript,2048,20,real_data,16,seeded_random,1,ad1f4d64f73fcc30
real_typeii_20db_d2048_bw20_blk0,cascade_lite,10,True,True,0.375,0.03409090909090909,0.0,0.0,310.0,112,42.36540000420064,4,83,166,112,32,0,24,24,"16,32,64,128",4,leakage_accounting=approximate_internal_transcript,2048,20,real_data,16,seeded_random,1,ad1f4d64f73fcc30
real_typeii_20db_d2048_bw20_blk0,cascade_lite,11,True,True,0.359375,0.032670454545454544,0.0,0.0,305.0,105,13.83079995866865,4,84,168,105,32,0,23,23,"16,32,64,128",4,leakage_accounting=approximate_internal_transcript,2048,20,real_data,16,seeded_random,1,ad1f4d64f73fcc30
real_typeii_20db_d2048_bw20_blk0,cascade_lite,12,True,True,0.421875,0.03835227272727273,0.0,0.0,327.0,125,18.735499936155975,4,85,170,125,32,0,27,27,"16,32,64,128",4,leakage_accounting=approximate_internal_transcript,2048,20,real_data,16,seeded_random,1,ad1f4d64f73fcc30
real_typeii_20db_d2048_bw20_blk0,cascade_lite,13,True,True,0.375,0.03409090909090909,0.0,0.0,310.0,110,12.572000036016107,4,84,168,110,32,0,24,24,"16,32,64,128",4,leakage_accounting=approximate_internal_transcript,2048,20,real_data,16,seeded_random,1,ad1f4d64f73fcc30
real_typeii_20db_d2048_bw20_blk0,cascade_lite,14,True,True,0.46875,0.04261363636363636,0.0,0.0,341.0,139,31.913999933749437,4,85,170,139,32,0,30,30,"16,32,64,128",4,leakage_accounting=approximate_internal_transcript,2048,20,real_data,16,seeded_random,1,ad1f4d64f73fcc30
real_typeii_20db_d2048_bw20_blk0,cascade_lite,15,True,True,0.40625,0.036931818181818184,0.0,0.0,323.0,123,40.069199982099235,4,84,168,123,32,0,26,26,"16,32,64,128",4,leakage_accounting=approximate_internal_transcript,2048,20,real_data,16,seeded_random,1,ad1f4d64f73fcc30
real_typeii_20db_d256_bw100_blk0,cascade_lite,0,True,False,0.5625,0.23046875,0.453125,0.19921875,216.0,64,44.050300028175116,4,60,120,64,32,0,16,16,"16,32,64,128",4,leakage_accounting=approximate_internal_transcript,256,100,real_data,4,identity,1,b274fad8603600d1
real_typeii_20db_d256_bw100_blk0,cascade_lite,1,True,False,0.453125,0.197265625,0.34375,0.16015625,228.0,76,19.09469999372959,4,60,120,76,32,0,19,19,"16,32,64,128",4,leakage_accounting=approximate_internal_transcript,256,100,real_data,4,identity,1,b274fad8603600d1
real_typeii_20db_d256_bw100_blk0,cascade_lite,2,True,False,0.375,0.1484375,0.296875,0.12890625,302.0,30,16.700099920853972,4,120,240,30,32,0,10,10,"16,32,64,128",4,leakage_accounting=approximate_internal_transcript,256,100,real_data,4,identity,1,b274fad8603600d1
real_typeii_20db_d256_bw100_blk0,cascade_lite,3,True,False,0.484375,0.212890625,0.390625,0.1796875,323.0,51,28.609200031496584,4,120,240,51,32,0,17,17,"16,32,64,128",4,leakage_accounting=approximate_internal_transcript,256,100,real_data,4,identity,1,b274fad8603600d1
real_typeii_20db_d256_bw100_blk0,cascade_lite,0,True,False,0.5625,0.23046875,0.421875,0.087890625,573.0,273,61.53110007289797,4,134,268,273,32,0,73,73,"8,16,32,64",4,leakage_accounting=approximate_internal_transcript,256,100,real_data,4,seeded_random,1,b9f654c90a774d3d
real_typeii_20db_d256_bw100_blk0,cascade_lite,1,True,False,0.453125,0.197265625,0.421875,0.123046875,344.0,180,25.368500035256147,4,66,132,180,32,0,38,38,"8,16,32,64",4,leakage_accounting=approximate_internal_transcript,256,100,real_data,4,seeded_random,1,b9f654c90a774d3d
real_typeii_20db_d256_bw100_blk0,cascade_lite,2,True,False,0.375,0.1484375,0.265625,0.0703125,356.0,182,64.02849999722093,4,71,142,182,32,0,40,40,"8,16,32,64",4,leakage_accounting=approximate_internal_transcript,256,100,real_data,4,seeded_random,1,b9f654c90a774d3d
real_typeii_20db_d256_bw100_blk0,cascade_lite,3,True,False,0.484375,0.212890625,0.34375,0.0703125,567.0,271,42.176099959760904,4,132,264,271,32,0,73,73,"8,16,32,64",4,leakage_accounting=approximate_internal_transcript,256,100,real_data,4,seeded_random,1,b9f654c90a774d3d
real_typeii_20db_d256_bw100_blk0,cascade_lite,0,True,False,0.5625,0.23046875,0.453125,0.19921875,216.0,64,3.3682999201118946,4,60,120,64,32,0,16,16,"16,32,64,128",6,leakage_accounting=approximate_internal_transcript,256,100,real_data,4,identity,0,63bd09359267310c
real_typeii_20db_d256_bw100_blk0,cascade_lite,1,True,False,0.453125,0.197265625,0.34375,0.16015625,228.0,76,28.127799974754453,4,60,120,76,32,0,19,19,"16,32,64,128",6,leakage_accounting=approximate_internal_transcript,256,100,real_data,4,identity,0,63bd09359267310c
real_typeii_20db_d256_bw100_blk0,cascade_lite,2,True,False,0.375,0.1484375,0.296875,0.12890625,302.0,30,35.22920003160834,4,120,240,30,32,0,10,10,"16,32,64,128",6,leakage_accounting=approximate_internal_transcript,256,100,real_data,4,identity,0,63bd09359267310c
real_typeii_20db_d256_bw100_blk0,cascade_lite,3,True,False,0.484375,0.212890625,0.390625,0.1796875,323.0,51,19.885700079612434,4,120,240,51,32,0,17,17,"16,32,64,128",6,leakage_accounting=approximate_internal_transcript,256,100,real_data,4,identity,0,63bd09359267310c
real_typeii_20db_d256_bw100_blk0,cascade_lite,0,True,False,0.5625,0.23046875,0.5,0.15234375,355.0,183,30.030999914743006,4,70,140,183,32,0,40,40,"16,32,64,128",4,leakage_accounting=approximate_internal_transcript,256,100,real_data,4,seeded_random,1,29020ebdb18ce89f
real_typeii_20db_d256_bw100_blk0,cascade_lite,1,True,False,0.453125,0.197265625,0.421875,0.123046875,344.0,180,19.27729998715222,4,66,132,180,32,0,38,38,"16,32,64,128",4,leakage_accounting=approximate_internal_transcript,256,100,real_data,4,seeded_random,1,29020ebdb18ce89f
real_typeii_20db_d256_bw100_blk0,cascade_lite,2,True,False,0.375,0.1484375,0.046875,0.009765625,560.0,266,19.726800033822656,4,131,262,266,32,0,71,71,"16,32,64,128",4,leakage_accounting=approximate_internal_transcript,256,100,real_data,4,seeded_random,1,29020ebdb18ce89f
real_typeii_20db_d256_bw100_blk0,cascade_lite,3,True,False,0.484375,0.212890625,0.34375,0.0703125,567.0,271,38.163900026120245,4,132,264,271,32,0,73,73,"16,32,64,128",4,leakage_accounting=approximate_internal_transcript,256,100,real_data,4,seeded_random,1,29020ebdb18ce89f
real_typeii_20db_d2048_bw20_blk0,cascade_lite,0,True,True,0.328125,0.029829545454545456,0.0,0.0,431.0,69,49.22469996381551,4,165,330,69,32,0,21,21,"8,16,32,64",4,leakage_accounting=approximate_internal_transcript,2048,20,real_data,16,seeded_random,1,7faaaf788b90c25a
real_typeii_20db_d2048_bw20_blk0,cascade_lite,1,True,True,0.421875,0.03835227272727273,0.0,0.0,459.0,97,28.129999991506338,4,165,330,97,32,0,27,27,"8,16,32,64",4,leakage_accounting=approximate_internal_transcript,2048,20,real_data,16,seeded_random,1,7faaaf788b90c25a
real_typeii_20db_d2048_bw20_blk0,cascade_lite,2,True,True,0.4375,0.03977272727272727,0.0,0.0,452.0,90,15.520800021477044,4,165,330,90,32,0,28,28,"8,16,32,64",4,leakage_accounting=approximate_internal_transcript,2048,20,real_data,16,seeded_random,1,7faaaf788b90c25a
real_typeii_20db_d2048_bw20_blk0,cascade_lite,3,True,True,0.46875,0.04261363636363636,0.0,0.0,462.0,100,20.18980006687343,4,165,330,100,32,0,30,30,"8,16,32,64",4,leakage_accounting=approximate_internal_transcript,2048,20,real_data,16,seeded_random,1,7faaaf788b90c25a
real_typeii_20db_d2048_bw20_blk0,cascade_lite,4,True,True,0.34375,0.03125,0.0,0.0,438.0,76,27.82890002708882,4,165,330,76,32,0,22,22,"8,16,32,64",4,leakage_accounting=approximate_internal_transcript,2048,20,real_data,16,seeded_random,1,7faaaf788b90c25a
real_typeii_20db_d2048_bw20_blk0,cascade_lite,5,True,True,0.359375,0.032670454545454544,0.0,0.0,431.0,69,31.718799960799515,4,165,330,69,32,0,23,23,"8,16,32,64",4,leakage_accounting=approximate_internal_transcript,2048,20,real_data,16,seeded_random,1,7faaaf788b90c25a
real_typeii_20db_d2048_bw20_blk0,cascade_lite,6,True,True,0.5,0.045454545454545456,0.0,0.0,462.0,100,32.43979997932911,4,165,330,100,32,0,32,32,"8,16,32,64",4,leakage_accounting=approximate_internal_transcript,2048,20,real_data,16,seeded_random,1,7faaaf788b90c25a
real_typeii_20db_d2048_bw20_blk0,cascade_lite,7,True,True,0.375,0.03409090909090909,0.0,0.0,440.0,78,49.496499937959015,4,165,330,78,32,0,24,24,"8,16,32,64",4,leakage_accounting=approximate_internal_transcript,2048,20,real_data,16,seeded_random,1,7faaaf788b90c25a
real_typeii_20db_d2048_bw20_blk0,cascade_lite,8,True,True,0.421875,0.03835227272727273,0.0,0.0,453.0,91,28.7505000596866,4,165,330,91,32,0,27,27,"8,16,32,64",4,leakage_accounting=approximate_internal_transcript,2048,20,real_data,16,seeded_random,1,7faaaf788b90c25a
real_typeii_20db_d2048_bw20_blk0,cascade_lite,9,True,True,0.3125,0.028409090909090908,0.0,0.0,426.0,64,20.78280004207045,4,165,330,64,32,0,20,20,"8,16,32,64",4,leakage_accounting=approximate_internal_transcript,2048,20,real_data,16,seeded_random,1,7faaaf788b90c25a
real_typeii_20db_d2048_bw20_blk0,cascade_lite,10,True,True,0.375,0.03409090909090909,0.0,0.0,434.0,72,46.190899913199246,4,165,330,72,32,0,24,24,"8,16,32,64",4,leakage_accounting=approximate_internal_transcript,2048,20,real_data,16,seeded_random,1,7faaaf788b90c25a
real_typeii_20db_d2048_bw20_blk0,cascade_lite,11,True,True,0.359375,0.032670454545454544,0.0,0.0,437.0,75,26.72680001705885,4,165,330,75,32,0,23,23,"8,16,32,64",4,leakage_accounting=approximate_internal_transcript,2048,20,real_data,16,seeded_random,1,7faaaf788b90c25a
real_typeii_20db_d2048_bw20_blk0,cascade_lite,12,True,True,0.421875,0.03835227272727273,0.0,0.0,451.0,89,28.960999916307628,4,165,330,89,32,0,27,27,"8,16,32,64",4,leakage_accounting=approximate_internal_transcript,2048,20,real_data,16,seeded_random,1,7faaaf788b90c25a
real_typeii_20db_d2048_bw20_blk0,cascade_lite,13,True,True,0.375,0.03409090909090909,0.0,0.0,440.0,78,36.91829997114837,4,165,330,78,32,0,24,24,"8,16,32,64",4,leakage_accounting=approximate_internal_transcript,2048,20,real_data,16,seeded_random,1,7faaaf788b90c25a
real_typeii_20db_d2048_bw20_blk0,cascade_lite,14,True,True,0.46875,0.04261363636363636,0.0,0.0,468.0,106,47.73710004519671,4,165,330,106,32,0,30,30,"8,16,32,64",4,leakage_accounting=approximate_internal_transcript,2048,20,real_data,16,seeded_random,1,7faaaf788b90c25a
real_typeii_20db_d2048_bw20_blk0,cascade_lite,15,True,True,0.40625,0.036931818181818184,0.0,0.0,452.0,90,24.783400003798306,4,165,330,90,32,0,26,26,"8,16,32,64",4,leakage_accounting=approximate_internal_transcript,2048,20,real_data,16,seeded_random,1,7faaaf788b90c25a
real_typeii_20db_d256_bw100_blk0,cascade_lite,0,True,False,0.5625,0.23046875,0.421875,0.1875,338.0,66,20.651400089263916,4,120,240,66,32,0,22,22,"8,16,32,64",4,leakage_accounting=approximate_internal_transcript,256,100,real_data,16,identity,0,f09d76ded5a6e7d2
real_typeii_20db_d256_bw100_blk0,cascade_lite,1,True,False,0.453125,0.197265625,0.34375,0.16015625,329.0,57,5.929799983277917,4,120,240,57,32,0,19,19,"8,16,32,64",4,leakage_accounting=approximate_internal_transcript,256,100,real_data,16,identity,0,f09d76ded5a6e7d2
real_typeii_20db_d256_bw100_blk0,cascade_lite,2,True,False,0.375,0.1484375,0.296875,0.12890625,302.0,30,18.105700029991567,4,120,240,30,32,0,10,10,"8,16,32,64",4,leakage_accounting=approximate_internal_transcript,256,100,real_data,16,identity,0,f09d76ded5a6e7d2
real_typeii_20db_d256_bw100_blk0,cascade_lite,3,True,False,0.484375,0.212890625,0.40625,0.1875,204.0,52,32.612099894322455,4,60,120,52,32,0,13,13,"8,16,32,64",4,leakage_accounting=approximate_internal_transcript,256,100,real_data,16,identity,0,f09d76ded5a6e7d2
real_typeii_20db_d256_bw100_blk0,cascade_lite,0,True,False,0.5625,0.23046875,0.5,0.138671875,399.0,219,30.10319999884814,4,74,148,219,32,0,47,47,"16,32,64,128",4,leakage_accounting=approximate_internal_transcript,256,100,real_data,4,seeded_random,0,3ddb0e813f8c9fa7
real_typeii_20db_d256_bw100_blk0,cascade_lite,1,True,False,0.453125,0.197265625,0.421875,0.123046875,357.0,183,41.80200002156198,4,71,142,183,32,0,38,38,"16,32,64,128",4,leakage_accounting=approximate_internal_transcript,256,100,real_data,4,seeded_random,0,3ddb0e813f8c9fa7
real_typeii_20db_d256_bw100_blk0,cascade_lite,2,True,False,0.375,0.1484375,0.1875,0.02734375,515.0,231,54.85039995983243,4,126,252,231,32,0,62,62,"16,32,64,128",4,leakage_accounting=approximate_internal_transcript,256,100,real_data,4,seeded_random,0,3ddb0e813f8c9fa7
real_typeii_20db_d256_bw100_blk0,cascade_lite,3,True,False,0.484375,0.212890625,0.46875,0.140625,336.0,168,15.498599968850613,4,68,136,168,32,0,37,37,"16,32,64,128",4,leakage_accounting=approximate_internal_transcript,256,100,real_data,4,seeded_random,0,3ddb0e813f8c9fa7
real_typeii_20db_d256_bw100_blk0,cascade_lite,0,True,False,0.5625,0.23046875,0.453125,0.19921875,216.0,64,29.515599948354065,4,60,120,64,32,0,16,16,"8,16,32,64",6,leakage_accounting=approximate_internal_transcript,256,100,real_data,16,identity,0,477ef1fd0ff5ecb2
real_typeii_20db_d256_bw100_blk0,cascade_lite,1,True,False,0.453125,0.197265625,0.34375,0.16015625,228.0,76,1.8014999805018306,4,60,120,76,32,0,19,19,"8,16,32,64",6,leakage_accounting=approximate_internal_transcript,256,100,real_data,16,identity,0,477ef1fd0ff5ecb2
real_typeii_20db_d256_bw100_blk0,cascade_lite,2,True,False,0.375,0.1484375,0.296875,0.12890625,192.0,40,1.8983000190928578,4,60,120,40,32,0,10,10,"8,16,32,64",6,leakage_accounting=approximate_internal_transcript,256,100,real_data,16,identity,0,477ef1fd0ff5ecb2
real_typeii_20db_d256_bw100_blk0,cascade_lite,3,True,False,0.484375,0.212890625,0.40625,0.1875,204.0,52,16.83720003347844,4,60,120,52,32,0,13,13,"8,16,32,64",6,leakage_accounting=approximate_internal_transcript,256,100,real_data,16,identity,0,477ef1fd0ff5ecb2
real_typeii_20db_d256_bw100_blk0,cascade_lite,0,True,False,0.5625,0.23046875,0.421875,0.1875,338.0,66,23.71909993235022,4,120,240,66,32,0,22,22,"8,16,32,64",6,leakage_accounting=approximate_internal_transcript,256,100,real_data,16,identity,1,f21d3c73c2c63926
real_typeii_20db_d256_bw100_blk0,cascade_lite,1,True,False,0.453125,0.197265625,0.34375,0.16015625,228.0,76,13.496399973519146,4,60,120,76,32,0,19,19,"8,16,32,64",6,leakage_accounting=approximate_internal_transcript,256,100,real_data,16,identity,1,f21d3c73c2c63926
real_typeii_20db_d256_bw100_blk0,cascade_lite,2,True,False,0.375,0.1484375,0.296875,0.12890625,192.0,40,2.994899987243116,4,60,120,40,32,0,10,10,"8,16,32,64",6,leakage_accounting=approximate_internal_transcript,256,100,real_data,16,identity,1,f21d3c73c2c63926
real_typeii_20db_d256_bw100_blk0,cascade_lite,3,True,False,0.484375,0.212890625,0.40625,0.1875,204.0,52,6.269100005738437,4,60,120,52,32,0,13,13,"8,16,32,64",6,leakage_accounting=approximate_internal_transcript,256,100,real_data,16,identity,1,f21d3c73c2c63926
real_typeii_20db_d2048_bw20_blk0,cascade_lite,0,True,True,0.328125,0.029829545454545456,0.0,0.0,425.0,63,37.69710008054972,4,165,330,63,32,0,21,21,"8,16,32,64",6,leakage_accounting=approximate_internal_transcript,2048,20,real_data,16,seeded_random,0,90e9c5c1c4435fdb
real_typeii_20db_d2048_bw20_blk0,cascade_lite,1,True,True,0.421875,0.03835227272727273,0.0,0.0,447.0,85,32.662800047546625,4,165,330,85,32,0,27,27,"8,16,32,64",6,leakage_accounting=approximate_internal_transcript,2048,20,real_data,16,seeded_random,0,90e9c5c1c4435fdb
real_typeii_20db_d2048_bw20_blk0,cascade_lite,2,True,True,0.4375,0.03977272727272727,0.0,0.0,451.0,87,33.455299912020564,4,166,332,87,32,0,28,28,"8,16,32,64",6,leakage_accounting=approximate_internal_transcript,2048,20,real_data,16,seeded_random,0,90e9c5c1c4435fdb
real_typeii_20db_d2048_bw20_blk0,cascade_lite,3,True,True,0.46875,0.04261363636363636,0.0,0.0,463.0,99,29.56819999963045,4,166,332,99,32,0,30,30,"8,16,32,64",6,leakage_accounting=approximate_internal_transcript,2048,20,real_data,16,seeded_random,0,90e9c5c1c4435fdb
real_typeii_20db_d2048_bw20_blk0,cascade_lite,4,True,True,0.34375,0.03125,0.0,0.0,430.0,68,26.224599918350577,4,165,330,68,32,0,22,22,"8,16,32,64",6,leakage_accounting=approximate_internal_transcript,2048,20,real_data,16,seeded_random,0,90e9c5c1c4435fdb
real_typeii_20db_d2048_bw20_blk0,cascade_lite,5,True,True,0.359375,0.032670454545454544,0.0,0.0,433.0,71,30.944500002078712,4,165,330,71,32,0,23,23,"8,16,32,64",6,leakage_accounting=approximate_internal_transcript,2048,20,real_data,16,seeded_random,0,90e9c5c1c4435fdb
real_typeii_20db_d2048_bw20_blk0,cascade_lite,6,True,True,0.5,0.045454545454545456,0.0,0.0,462.0,100,21.491799969226122,4,165,330,100,32,0,32,32,"8,16,32,64",6,leakage_accounting=approximate_internal_transcript,2048,20,real_data,16,seeded_random,0,90e9c5c1c4435fdb
real_typeii_20db_d2048_bw20_blk0,cascade_lite,7,True,True,0.375,0.03409090909090909,0.0,0.0,441.0,77,22.028799983672798,4,166,332,77,32,0,24,24,"8,16,32,64",6,leakage_accounting=approximate_internal_transcript,2048,20,real_data,16,seeded_random,0,90e9c5c1c4435fdb
real_typeii_20db_d2048_bw20_blk0,cascade_lite,8,True,True,0.421875,0.03835227272727273,0.0,0.0,450.0,86,29.21289997175336,4,166,332,86,32,0,27,27,"8,16,32,64",6,leakage_accounting=approximate_internal_transcript,2048,20,real_data,16,seeded_random,0,90e9c5c1c4435fdb
real_typeii_20db_d2048_bw20_blk0,cascade_lite,9,True,True,0.3125,0.028409090909090908,0.0,0.0,435.0,71,52.56250000093132,4,166,332,71,32,0,20,20,"8,16,32,64",6,leakage_accounting=approximate_internal_transcript,2048,20,real_data,16,seeded_random,0,90e9c5c1c4435fdb
real_typeii_20db_d2048_bw20_blk0,cascade_lite,10,True,True,0.375,0.03409090909090909,0.0,0.0,440.0,78,29.978000093251467,4,165,330,78,32,0,24,24,"8,16,32,64",6,leakage_accounting=approximate_internal_transcript,2048,20,real_data,16,seeded_random,0,90e9c5c1c4435fdb
real_typeii_20db_d2048_bw20_blk0,cascade_lite,11,True,True,0.359375,0.032670454545454544,0.0,0.0,431.0,69,12.911700061522424,4,165,330,69,32,0,23,23,"8,16,32,64",6,leakage_accounting=approximate_internal_transcript,2048,20,real_data,16,seeded_random,0,90e9c5c1c4435fdb
real_typeii_20db_d2048_bw20_blk0,cascade_lite,12,True,True,0.421875,0.03835227272727273,0.0,0.0,450.0,86,29.4168998952955,4,166,332,86,32,0,27,27,"8,16,32,64",6,leakage_accounting=approximate_internal_transcript,2048,20,real_data,16,seeded_random,0,90e9c5c1c4435fdb
real_typeii_20db_d2048_bw20_blk0,cascade_lite,13,True,True,0.375,0.03409090909090909,0.0,0.0,436.0,74,48.13340003602207,4,165,330,74,32,0,24,24,"8,16,32,64",6,leakage_accounting=approximate_internal_transcript,2048,20,real_data,16,seeded_random,0,90e9c5c1c4435fdb
real_typeii_20db_d2048_bw20_blk0,cascade_lite,14,True,True,0.46875,0.04261363636363636,0.0,0.0,456.0,94,63.127500005066395,4,165,330,94,32,0,30,30,"8,16,32,64",6,leakage_accounting=approximate_internal_transcript,2048,20,real_data,16,seeded_random,0,90e9c5c1c4435fdb
real_typeii_20db_d2048_bw20_blk0,cascade_lite,15,True,True,0.40625,0.036931818181818184,0.0,0.0,446.0,82,27.213299996219575,4,166,332,82,32,0,26,26,"8,16,32,64",6,leakage_accounting=approximate_internal_transcript,2048,20,real_data,16,seeded_random,0,90e9c5c1c4435fdb
real_typeii_20db_d256_bw100_blk0,cascade_lite,0,True,False,0.5625,0.23046875,0.5,0.138671875,399.0,219,18.3617000002414,4,74,148,219,32,0,47,47,"16,32,64,128",6,leakage_accounting=approximate_internal_transcript,256,100,real_data,4,seeded_random,0,c8e68be9f13a3ff7
real_typeii_20db_d256_bw100_blk0,cascade_lite,1,True,False,0.453125,0.197265625,0.21875,0.046875,575.0,279,40.204199962317944,4,132,264,279,32,0,77,77,"16,32,64,128",6,leakage_accounting=approximate_internal_transcript,256,100,real_data,4,seeded_random,0,c8e68be9f13a3ff7
real_typeii_20db_d256_bw100_blk0,cascade_lite,2,True,False,0.375,0.1484375,0.1875,0.02734375,515.0,231,74.9286999925971,4,126,252,231,32,0,62,62,"16,32,64,128",6,leakage_accounting=approximate_internal_transcript,256,100,real_data,4,seeded_random,0,c8e68be9f13a3ff7
real_typeii_20db_d256_bw100_blk0,cascade_lite,3,True,False,0.484375,0.212890625,0.46875,0.140625,336.0,168,9.292999980971217,4,68,136,168,32,0,37,37,"16,32,64,128",6,leakage_accounting=approximate_internal_transcript,256,100,real_data,4,seeded_random,0,c8e68be9f13a3ff7
real_typeii_20db_d256_bw100_blk0,cascade_lite,0,True,False,0.5625,0.23046875,0.453125,0.1015625,528.0,236,45.98709999118,4,130,260,236,32,0,66,66,"8,16,32,64",4,leakage_accounting=approximate_internal_transcript,256,100,real_data,16,seeded_random,0,c28ff99e89e31963
real_typeii_20db_d256_bw100_blk0,cascade_lite,1,True,False,0.453125,0.197265625,0.421875,0.123046875,357.0,183,26.483899913728237,4,71,142,183,32,0,38,38,"8,16,32,64",4,leakage_accounting=approximate_internal_transcript,256,100,real_data,16,seeded_random,0,c28ff99e89e31963
real_typeii_20db_d256_bw100_blk0,cascade_lite,2,True,False,0.375,0.1484375,0.296875,0.06640625,362.0,190,18.892600084654987,4,70,140,190,32,0,42,42,"8,16,32,64",4,leakage_accounting=approximate_internal_transcript,256,100,real_data,16,seeded_random,0,c28ff99e89e31963
real_typeii_20db_d256_bw100_blk0,cascade_lite,3,True,False,0.484375,0.212890625,0.46875,0.140625,336.0,168,14.048299985006452,4,68,136,168,32,0,37,37,"8,16,32,64",4,leakage_accounting=approximate_internal_transcript,256,100,real_data,16,seeded_random,0,c28ff99e89e31963
real_typeii_20db_d256_bw100_blk0,cascade_lite,0,True,False,0.5625,0.23046875,0.421875,0.1875,338.0,66,23.511100094765425,4,120,240,66,32,0,22,22,"8,16,32,64",4,leakage_accounting=approximate_internal_transcript,256,100,real_data,16,identity,1,462a3bc6d744a527
real_typeii_20db_d256_bw100_blk0,cascade_lite,1,True,False,0.453125,0.197265625,0.34375,0.16015625,228.0,76,37.14860009495169,4,60,120,76,32,0,19,19,"8,16,32,64",4,leakage_accounting=approximate_internal_transcript,256,100,real_data,16,identity,1,462a3bc6d744a527
real_typeii_20db_d256_bw100_blk0,cascade_lite,2,True,False,0.375,0.1484375,0.296875,0.12890625,192.0,40,31.05590003542602,4,60,120,40,32,0,10,10,"8,16,32,64",4,leakage_accounting=approximate_internal_transcript,256,100,real_data,16,identity,1,462a3bc6d744a527
real_typeii_20db_d256_bw100_blk0,cascade_lite,3,True,False,0.484375,0.212890625,0.40625,0.1875,204.0,52,24.56499997060746,4,60,120,52,32,0,13,13,"8,16,32,64",4,leakage_accounting=approximate_internal_transcript,256,100,real_data,16,identity,1,462a3bc6d744a527
real_typeii_20db_d256_bw100_blk0,cascade_lite,0,True,False,0.5625,0.23046875,0.5,0.15234375,355.0,183,17.565499991178513,4,70,140,183,32,0,40,40,"16,32,64,128",6,leakage_accounting=approximate_internal_transcript,256,100,real_data,4,seeded_random,1,bbcdaabb0f38893b
real_typeii_20db_d256_bw100_blk0,cascade_lite,1,True,False,0.453125,0.197265625,0.21875,0.037109375,622.0,306,43.854900053702295,4,142,284,306,32,0,82,82,"16,32,64,128",6,leakage_accounting=approximate_internal_transcript,256,100,real_data,4,seeded_random,1,bbcdaabb0f38893b
real_typeii_20db_d256_bw100_blk0,cascade_lite,2,True,False,0.375,0.1484375,0.265625,0.0703125,356.0,182,51.29879992455244,4,71,142,182,32,0,40,40,"16,32,64,128",6,leakage_accounting=approximate_internal_transcript,256,100,real_data,4,seeded_random,1,bbcdaabb0f38893b
real_typeii_20db_d256_bw100_blk0,cascade_lite,3,True,False,0.484375,0.212890625,0.4375,0.146484375,326.0,158,48.85780008044094,4,68,136,158,32,0,34,34,"16,32,64,128",6,leakage_accounting=approximate_internal_transcript,256,100,real_data,4,seeded_random,1,bbcdaabb0f38893b
real_typeii_20db_d256_bw100_blk0,cascade_lite,0,True,False,0.5625,0.23046875,0.453125,0.19921875,216.0,64,9.372900007292628,4,60,120,64,32,0,16,16,"16,32,64,128",4,leakage_accounting=approximate_internal_transcript,256,100,real_data,16,identity,1,c6a64f370ed39663
real_typeii_20db_d256_bw100_blk0,cascade_lite,1,True,False,0.453125,0.197265625,0.34375,0.16015625,228.0,76,20.435399957932532,4,60,120,76,32,0,19,19,"16,32,64,128",4,leakage_accounting=approximate_internal_transcript,256,100,real_data,16,identity,1,c6a64f370ed39663
real_typeii_20db_d256_bw100_blk0,cascade_lite,2,True,False,0.375,0.1484375,0.296875,0.12890625,192.0,40,35.218399949371815,4,60,120,40,32,0,10,10,"16,32,64,128",4,leakage_accounting=approximate_internal_transcript,256,100,real_data,16,identity,1,c6a64f370ed39663
real_typeii_20db_d256_bw100_blk0,cascade_lite,3,True,False,0.484375,0.212890625,0.40625,0.1875,204.0,52,10.232500033453107,4,60,120,52,32,0,13,13,"16,32,64,128",4,leakage_accounting=approximate_internal_transcript,256,100,real_data,16,identity,1,c6a64f370ed39663
real_typeii_20db_d256_bw100_blk0,cascade_lite,0,True,False,0.5625,0.23046875,0.5,0.15234375,355.0,183,44.20720005873591,4,70,140,183,32,0,40,40,"8,16,32,64",4,leakage_accounting=approximate_internal_transcript,256,100,real_data,16,seeded_random,1,7faaaf788b90c25a
real_typeii_20db_d256_bw100_blk0,cascade_lite,1,True,False,0.453125,0.197265625,0.421875,0.123046875,344.0,180,12.798500014469028,4,66,132,180,32,0,38,38,"8,16,32,64",4,leakage_accounting=approximate_internal_transcript,256,100,real_data,16,seeded_random,1,7faaaf788b90c25a
real_typeii_20db_d256_bw100_blk0,cascade_lite,2,True,False,0.375,0.1484375,0.265625,0.0703125,356.0,182,60.05199998617172,4,71,142,182,32,0,40,40,"8,16,32,64",4,leakage_accounting=approximate_internal_transcript,256,100,real_data,16,seeded_random,1,7faaaf788b90c25a
real_typeii_20db_d256_bw100_blk0,cascade_lite,3,True,False,0.484375,0.212890625,0.4375,0.146484375,326.0,158,8.893299964256585,4,68,136,158,32,0,34,34,"8,16,32,64",4,leakage_accounting=approximate_internal_transcript,256,100,real_data,16,seeded_random,1,7faaaf788b90c25a
real_typeii_20db_d256_bw100_blk0,cascade_lite,0,True,False,0.5625,0.23046875,0.453125,0.19921875,216.0,64,10.209899977780879,4,60,120,64,32,0,16,16,"16,32,64,128",6,leakage_accounting=approximate_internal_transcript,256,100,real_data,16,identity,1,aec586233b5d565e
real_typeii_20db_d256_bw100_blk0,cascade_lite,1,True,False,0.453125,0.197265625,0.34375,0.16015625,228.0,76,2.584100002422929,4,60,120,76,32,0,19,19,"16,32,64,128",6,leakage_accounting=approximate_internal_transcript,256,100,real_data,16,identity,1,aec586233b5d565e
real_typeii_20db_d256_bw100_blk0,cascade_lite,2,True,False,0.375,0.1484375,0.296875,0.12890625,192.0,40,34.58250011317432,4,60,120,40,32,0,10,10,"16,32,64,128",6,leakage_accounting=approximate_internal_transcript,256,100,real_data,16,identity,1,aec586233b5d565e
real_typeii_20db_d256_bw100_blk0,cascade_lite,3,True,False,0.484375,0.212890625,0.40625,0.1875,204.0,52,12.348900083452463,4,60,120,52,32,0,13,13,"16,32,64,128",6,leakage_accounting=approximate_internal_transcript,256,100,real_data,16,identity,1,aec586233b5d565e
real_typeii_20db_d4096_bw20_blk0,cascade_lite,0,True,True,0.328125,0.02734375,0.0,0.0,455.0,63,10.01109997741878,4,180,360,63,32,0,21,21,"8,16,32,64",4,leakage_accounting=approximate_internal_transcript,4096,20,real_data,4,identity,0,6c76f6300a2bf603
real_typeii_20db_d4096_bw20_blk0,cascade_lite,1,True,True,0.421875,0.03515625,0.0,0.0,473.0,81,12.036699918098748,4,180,360,81,32,0,27,27,"8,16,32,64",4,leakage_accounting=approximate_internal_transcript,4096,20,real_data,4,identity,0,6c76f6300a2bf603
real_typeii_20db_d4096_bw20_blk0,cascade_lite,2,True,True,0.4375,0.036458333333333336,0.0,0.0,476.0,84,13.285499997437,4,180,360,84,32,0,28,28,"8,16,32,64",4,leakage_accounting=approximate_internal_transcript,4096,20,real_data,4,identity,0,6c76f6300a2bf603
real_typeii_20db_d4096_bw20_blk0,cascade_lite,3,True,True,0.46875,0.0390625,0.0,0.0,482.0,90,10.696599958464503,4,180,360,90,32,0,30,30,"8,16,32,64",4,leakage_accounting=approximate_internal_transcript,4096,20,real_data,4,identity,0,6c76f6300a2bf603
real_typeii_20db_d256_bw100_blk0,cascade_lite,0,True,False,0.5625,0.23046875,0.453125,0.19921875,216.0,64,1.3003000058233738,4,60,120,64,32,0,16,16,"16,32,64,128",4,leakage_accounting=approximate_internal_transcript,256,100,real_data,16,identity,0,9d423c80473677e6
real_typeii_20db_d256_bw100_blk0,cascade_lite,1,True,False,0.453125,0.197265625,0.34375,0.16015625,228.0,76,54.42810000386089,4,60,120,76,32,0,19,19,"16,32,64,128",4,leakage_accounting=approximate_internal_transcript,256,100,real_data,16,identity,0,9d423c80473677e6
real_typeii_20db_d256_bw100_blk0,cascade_lite,2,True,False,0.375,0.1484375,0.296875,0.12890625,192.0,40,27.22729998640716,4,60,120,40,32,0,10,10,"16,32,64,128",4,leakage_accounting=approximate_internal_transcript,256,100,real_data,16,identity,0,9d423c80473677e6
real_typeii_20db_d256_bw100_blk0,cascade_lite,3,True,False,0.484375,0.212890625,0.40625,0.1875,204.0,52,25.726999971084297,4,60,120,52,32,0,13,13,"16,32,64,128",4,leakage_accounting=approximate_internal_transcript,256,100,real_data,16,identity,0,9d423c80473677e6
real_typeii_20db_d256_bw100_blk0,cascade_lite,0,True,False,0.5625,0.23046875,0.453125,0.1015625,528.0,236,30.933499918319285,4,130,260,236,32,0,66,66,"8,16,32,64",6,leakage_accounting=approximate_internal_transcript,256,100,real_data,16,seeded_random,0,90e9c5c1c4435fdb
real_typeii_20db_d256_bw100_blk0,cascade_lite,1,True,False,0.453125,0.197265625,0.421875,0.123046875,357.0,183,24.49560002423823,4,71,142,183,32,0,38,38,"8,16,32,64",6,leakage_accounting=approximate_internal_transcript,256,100,real_data,16,seeded_random,0,90e9c5c1c4435fdb
real_typeii_20db_d256_bw100_blk0,cascade_lite,2,True,False,0.375,0.1484375,0.296875,0.06640625,362.0,190,22.886699996888638,4,70,140,190,32,0,42,42,"8,16,32,64",6,leakage_accounting=approximate_internal_transcript,256,100,real_data,16,seeded_random,0,90e9c5c1c4435fdb
real_typeii_20db_d256_bw100_blk0,cascade_lite,3,True,False,0.484375,0.212890625,0.46875,0.140625,336.0,168,52.54499998409301,4,68,136,168,32,0,37,37,"8,16,32,64",6,leakage_accounting=approximate_internal_transcript,256,100,real_data,16,seeded_random,0,90e9c5c1c4435fdb
real_typeii_20db_d256_bw100_blk0,cascade_lite,0,True,False,0.5625,0.23046875,0.5,0.15234375,355.0,183,31.271499930880964,4,70,140,183,32,0,40,40,"8,16,32,64",6,leakage_accounting=approximate_internal_transcript,256,100,real_data,16,seeded_random,1,a09833a965a0ddf8
real_typeii_20db_d256_bw100_blk0,cascade_lite,1,True,False,0.453125,0.197265625,0.421875,0.123046875,344.0,180,33.72740000486374,4,66,132,180,32,0,38,38,"8,16,32,64",6,leakage_accounting=approximate_internal_transcript,256,100,real_data,16,seeded_random,1,a09833a965a0ddf8
real_typeii_20db_d256_bw100_blk0,cascade_lite,2,True,False,0.375,0.1484375,0.265625,0.0703125,356.0,182,37.95839997474104,4,71,142,182,32,0,40,40,"8,16,32,64",6,leakage_accounting=approximate_internal_transcript,256,100,real_data,16,seeded_random,1,a09833a965a0ddf8
real_typeii_20db_d256_bw100_blk0,cascade_lite,3,True,False,0.484375,0.212890625,0.4375,0.146484375,326.0,158,28.555699973367155,4,68,136,158,32,0,34,34,"8,16,32,64",6,leakage_accounting=approximate_internal_transcript,256,100,real_data,16,seeded_random,1,a09833a965a0ddf8
real_typeii_20db_d256_bw100_blk0,cascade_lite,0,True,False,0.5625,0.23046875,0.5,0.138671875,399.0,219,41.45839996635914,4,74,148,219,32,0,47,47,"16,32,64,128",4,leakage_accounting=approximate_internal_transcript,256,100,real_data,16,seeded_random,0,19e9870100f5792b
real_typeii_20db_d256_bw100_blk0,cascade_lite,1,True,False,0.453125,0.197265625,0.421875,0.123046875,357.0,183,22.727999952621758,4,71,142,183,32,0,38,38,"16,32,64,128",4,leakage_accounting=approximate_internal_transcript,256,100,real_data,16,seeded_random,0,19e9870100f5792b
real_typeii_20db_d256_bw100_blk0,cascade_lite,2,True,False,0.375,0.1484375,0.296875,0.06640625,362.0,190,16.512000001966953,4,70,140,190,32,0,42,42,"16,32,64,128",4,leakage_accounting=approximate_internal_transcript,256,100,real_data,16,seeded_random,0,19e9870100f5792b
real_typeii_20db_d256_bw100_blk0,cascade_lite,3,True,False,0.484375,0.212890625,0.46875,0.140625,336.0,168,36.76909999921918,4,68,136,168,32,0,37,37,"16,32,64,128",4,leakage_accounting=approximate_internal_transcript,256,100,real_data,16,seeded_random,0,19e9870100f5792b
real_typeii_20db_d4096_bw20_blk0,cascade_lite,0,True,True,0.328125,0.02734375,0.0,0.0,455.0,63,7.911199936643243,4,180,360,63,32,0,21,21,"8,16,32,64",4,leakage_accounting=approximate_internal_transcript,4096,20,real_data,4,identity,1,1f589a8f8fc4f2a6
real_typeii_20db_d4096_bw20_blk0,cascade_lite,1,True,True,0.421875,0.03515625,0.0,0.0,473.0,81,18.407900002785027,4,180,360,81,32,0,27,27,"8,16,32,64",4,leakage_accounting=approximate_internal_transcript,4096,20,real_data,4,identity,1,1f589a8f8fc4f2a6
real_typeii_20db_d4096_bw20_blk0,cascade_lite,2,True,True,0.4375,0.036458333333333336,0.0,0.0,476.0,84,33.53070002049208,4,180,360,84,32,0,28,28,"8,16,32,64",4,leakage_accounting=approximate_internal_transcript,4096,20,real_data,4,identity,1,1f589a8f8fc4f2a6
real_typeii_20db_d4096_bw20_blk0,cascade_lite,3,True,True,0.46875,0.0390625,0.0,0.0,482.0,90,11.917900061234832,4,180,360,90,32,0,30,30,"8,16,32,64",4,leakage_accounting=approximate_internal_transcript,4096,20,real_data,4,identity,1,1f589a8f8fc4f2a6
real_typeii_20db_d256_bw100_blk0,cascade_lite,0,True,False,0.5625,0.23046875,0.453125,0.19921875,216.0,64,39.41519989166409,4,60,120,64,32,0,16,16,"16,32,64,128",6,leakage_accounting=approximate_internal_transcript,256,100,real_data,16,identity,0,2bc34cb99845dc99
real_typeii_20db_d256_bw100_blk0,cascade_lite,1,True,False,0.453125,0.197265625,0.34375,0.16015625,228.0,76,37.768600042909384,4,60,120,76,32,0,19,19,"16,32,64,128",6,leakage_accounting=approximate_internal_transcript,256,100,real_data,16,identity,0,2bc34cb99845dc99
real_typeii_20db_d256_bw100_blk0,cascade_lite,2,True,False,0.375,0.1484375,0.296875,0.12890625,192.0,40,14.123899978585541,4,60,120,40,32,0,10,10,"16,32,64,128",6,leakage_accounting=approximate_internal_transcript,256,100,real_data,16,identity,0,2bc34cb99845dc99
real_typeii_20db_d256_bw100_blk0,cascade_lite,3,True,False,0.484375,0.212890625,0.40625,0.1875,204.0,52,18.45350000075996,4,60,120,52,32,0,13,13,"16,32,64,128",6,leakage_accounting=approximate_internal_transcript,256,100,real_data,16,identity,0,2bc34cb99845dc99
real_typeii_20db_d256_bw100_blk0,cascade_lite,0,True,False,0.5625,0.23046875,0.5,0.15234375,355.0,183,2.903799992054701,4,70,140,183,32,0,40,40,"16,32,64,128",6,leakage_accounting=approximate_internal_transcript,256,100,real_data,16,seeded_random,1,91e08c4131b829cd
real_typeii_20db_d256_bw100_blk0,cascade_lite,1,True,False,0.453125,0.197265625,0.421875,0.123046875,344.0,180,35.10830004233867,4,66,132,180,32,0,38,38,"16,32,64,128",6,leakage_accounting=approximate_internal_transcript,256,100,real_data,16,seeded_random,1,91e08c4131b829cd
real_typeii_20db_d256_bw100_blk0,cascade_lite,2,True,False,0.375,0.1484375,0.265625,0.0703125,356.0,182,35.84180003963411,4,71,142,182,32,0,40,40,"16,32,64,128",6,leakage_accounting=approximate_internal_transcript,256,100,real_data,16,seeded_random,1,91e08c4131b829cd
real_typeii_20db_d256_bw100_blk0,cascade_lite,3,True,False,0.484375,0.212890625,0.4375,0.146484375,326.0,158,23.968499968759716,4,68,136,158,32,0,34,34,"16,32,64,128",6,leakage_accounting=approximate_internal_transcript,256,100,real_data,16,seeded_random,1,91e08c4131b829cd
real_typeii_20db_d4096_bw20_blk0,cascade_lite,0,True,True,0.328125,0.02734375,0.0,0.0,455.0,63,7.966800010763109,4,180,360,63,32,0,21,21,"8,16,32,64",6,leakage_accounting=approximate_internal_transcript,4096,20,real_data,4,identity,0,47bfc7ece074fdaa
real_typeii_20db_d4096_bw20_blk0,cascade_lite,1,True,True,0.421875,0.03515625,0.0,0.0,473.0,81,5.490700015798211,4,180,360,81,32,0,27,27,"8,16,32,64",6,leakage_accounting=approximate_internal_transcript,4096,20,real_data,4,identity,0,47bfc7ece074fdaa
real_typeii_20db_d4096_bw20_blk0,cascade_lite,2,True,True,0.4375,0.036458333333333336,0.0,0.0,476.0,84,16.209600027650595,4,180,360,84,32,0,28,28,"8,16,32,64",6,leakage_accounting=approximate_internal_transcript,4096,20,real_data,4,identity,0,47bfc7ece074fdaa
real_typeii_20db_d4096_bw20_blk0,cascade_lite,3,True,True,0.46875,0.0390625,0.0,0.0,482.0,90,27.858300018124282,4,180,360,90,32,0,30,30,"8,16,32,64",6,leakage_accounting=approximate_internal_transcript,4096,20,real_data,4,identity,0,47bfc7ece074fdaa
real_typeii_20db_d256_bw100_blk0,cascade_lite,0,True,False,0.5625,0.23046875,0.5,0.15234375,355.0,183,8.290200028568506,4,70,140,183,32,0,40,40,"16,32,64,128",4,leakage_accounting=approximate_internal_transcript,256,100,real_data,16,seeded_random,1,ad1f4d64f73fcc30
real_typeii_20db_d256_bw100_blk0,cascade_lite,1,True,False,0.453125,0.197265625,0.421875,0.123046875,344.0,180,47.28649999015033,4,66,132,180,32,0,38,38,"16,32,64,128",4,leakage_accounting=approximate_internal_transcript,256,100,real_data,16,seeded_random,1,ad1f4d64f73fcc30
real_typeii_20db_d256_bw100_blk0,cascade_lite,2,True,False,0.375,0.1484375,0.265625,0.0703125,356.0,182,39.36479997355491,4,71,142,182,32,0,40,40,"16,32,64,128",4,leakage_accounting=approximate_internal_transcript,256,100,real_data,16,seeded_random,1,ad1f4d64f73fcc30
real_typeii_20db_d256_bw100_blk0,cascade_lite,3,True,False,0.484375,0.212890625,0.4375,0.146484375,326.0,158,40.12779996264726,4,68,136,158,32,0,34,34,"16,32,64,128",4,leakage_accounting=approximate_internal_transcript,256,100,real_data,16,seeded_random,1,ad1f4d64f73fcc30
real_typeii_20db_d4096_bw20_blk0,cascade_lite,0,True,False,0.328125,0.02734375,0.09375,0.0078125,272.0,60,17.41630001924932,4,90,180,60,32,0,15,15,"16,32,64,128",4,leakage_accounting=approximate_internal_transcript,4096,20,real_data,4,identity,0,aeacee9a04c960ac
real_typeii_20db_d4096_bw20_blk0,cascade_lite,1,True,False,0.421875,0.03515625,0.125,0.010416666666666666,288.0,76,2.0932999905198812,4,90,180,76,32,0,19,19,"16,32,64,128",4,leakage_accounting=approximate_internal_transcript,4096,20,real_data,4,identity,0,aeacee9a04c960ac
real_typeii_20db_d4096_bw20_blk0,cascade_lite,2,True,False,0.4375,0.036458333333333336,0.1875,0.015625,276.0,64,18.421700107865036,4,90,180,64,32,0,16,16,"16,32,64,128",4,leakage_accounting=approximate_internal_transcript,4096,20,real_data,4,identity,0,aeacee9a04c960ac
real_typeii_20db_d4096_bw20_blk0,cascade_lite,3,True,False,0.46875,0.0390625,0.09375,0.0078125,308.0,96,10.46330004464835,4,90,180,96,32,0,24,24,"16,32,64,128",4,leakage_accounting=approximate_internal_transcript,4096,20,real_data,4,identity,0,aeacee9a04c960ac
real_typeii_20db_d256_bw100_blk0,cascade_lite,0,True,False,0.5625,0.23046875,0.5,0.138671875,399.0,219,26.623799931257963,4,74,148,219,32,0,47,47,"16,32,64,128",6,leakage_accounting=approximate_internal_transcript,256,100,real_data,16,seeded_random,0,f4cc5c3e86519271
real_typeii_20db_d256_bw100_blk0,cascade_lite,1,True,False,0.453125,0.197265625,0.421875,0.123046875,357.0,183,17.149899969808757,4,71,142,183,32,0,38,38,"16,32,64,128",6,leakage_accounting=approximate_internal_transcript,256,100,real_data,16,seeded_random,0,f4cc5c3e86519271
real_typeii_20db_d256_bw100_blk0,cascade_lite,2,True,False,0.375,0.1484375,0.296875,0.06640625,362.0,190,55.00769999343902,4,70,140,190,32,0,42,42,"16,32,64,128",6,leakage_accounting=approximate_internal_transcript,256,100,real_data,16,seeded_random,0,f4cc5c3e86519271
real_typeii_20db_d256_bw100_blk0,cascade_lite,3,True,False,0.484375,0.212890625,0.46875,0.140625,336.0,168,27.056699967943132,4,68,136,168,32,0,37,37,"16,32,64,128",6,leakage_accounting=approximate_internal_transcript,256,100,real_data,16,seeded_random,0,f4cc5c3e86519271
real_typeii_20db_d4096_bw20_blk0,cascade_lite,0,True,False,0.328125,0.02734375,0.09375,0.0078125,272.0,60,9.194499929435551,4,90,180,60,32,0,15,15,"16,32,64,128",4,leakage_accounting=approximate_internal_transcript,4096,20,real_data,4,identity,1,b274fad8603600d1
real_typeii_20db_d4096_bw20_blk0,cascade_lite,1,True,False,0.421875,0.03515625,0.125,0.010416666666666666,288.0,76,16.388799995183945,4,90,180,76,32,0,19,19,"16,32,64,128",4,leakage_accounting=approximate_internal_transcript,4096,20,real_data,4,identity,1,b274fad8603600d1
real_typeii_20db_d4096_bw20_blk0,cascade_lite,2,True,False,0.4375,0.036458333333333336,0.1875,0.015625,276.0,64,10.955899953842163,4,90,180,64,32,0,16,16,"16,32,64,128",4,leakage_accounting=approximate_internal_transcript,4096,20,real_data,4,identity,1,b274fad8603600d1
real_typeii_20db_d4096_bw20_blk0,cascade_lite,3,True,False,0.46875,0.0390625,0.09375,0.0078125,308.0,96,19.437900045886636,4,90,180,96,32,0,24,24,"16,32,64,128",4,leakage_accounting=approximate_internal_transcript,4096,20,real_data,4,identity,1,b274fad8603600d1
real_typeii_20db_d4096_bw20_blk0,cascade_lite,0,True,True,0.328125,0.02734375,0.0,0.0,464.0,70,46.87550000380725,4,181,362,70,32,0,21,21,"8,16,32,64",4,leakage_accounting=approximate_internal_transcript,4096,20,real_data,4,seeded_random,0,ef3fd819508ca339
real_typeii_20db_d4096_bw20_blk0,cascade_lite,1,True,True,0.421875,0.03515625,0.0,0.0,483.0,91,34.30509997997433,4,180,360,91,32,0,27,27,"8,16,32,64",4,leakage_accounting=approximate_internal_transcript,4096,20,real_data,4,seeded_random,0,ef3fd819508ca339
real_typeii_20db_d4096_bw20_blk0,cascade_lite,2,True,True,0.4375,0.036458333333333336,0.0,0.0,480.0,88,11.480099987238646,4,180,360,88,32,0,28,28,"8,16,32,64",4,leakage_accounting=approximate_internal_transcript,4096,20,real_data,4,seeded_random,0,ef3fd819508ca339
real_typeii_20db_d4096_bw20_blk0,cascade_lite,3,True,True,0.46875,0.0390625,0.0,0.0,485.0,91,21.008400013670325,4,181,362,91,32,0,30,30,"8,16,32,64",4,leakage_accounting=approximate_internal_transcript,4096,20,real_data,4,seeded_random,0,ef3fd819508ca339
real_typeii_20db_d4096_bw20_blk0,cascade_lite,0,True,True,0.328125,0.02734375,0.0,0.0,455.0,63,19.59849998820573,4,180,360,63,32,0,21,21,"8,16,32,64",6,leakage_accounting=approximate_internal_transcript,4096,20,real_data,4,identity,1,d825734b6395c173
real_typeii_20db_d4096_bw20_blk0,cascade_lite,1,True,True,0.421875,0.03515625,0.0,0.0,473.0,81,36.0412000445649,4,180,360,81,32,0,27,27,"8,16,32,64",6,leakage_accounting=approximate_internal_transcript,4096,20,real_data,4,identity,1,d825734b6395c173
real_typeii_20db_d4096_bw20_blk0,cascade_lite,2,True,True,0.4375,0.036458333333333336,0.0,0.0,476.0,84,26.78429998923093,4,180,360,84,32,0,28,28,"8,16,32,64",6,leakage_accounting=approximate_internal_transcript,4096,20,real_data,4,identity,1,d825734b6395c173
real_typeii_20db_d4096_bw20_blk0,cascade_lite,3,True,True,0.46875,0.0390625,0.0,0.0,482.0,90,11.641500052064657,4,180,360,90,32,0,30,30,"8,16,32,64",6,leakage_accounting=approximate_internal_transcript,4096,20,real_data,4,identity,1,d825734b6395c173
real_typeii_20db_d4096_bw20_blk0,cascade_lite,0,True,True,0.328125,0.02734375,0.0,0.0,461.0,69,25.976600009016693,4,180,360,69,32,0,21,21,"8,16,32,64",6,leakage_accounting=approximate_internal_transcript,4096,20,real_data,4,seeded_random,1,da44be679542d120
real_typeii_20db_d4096_bw20_blk0,cascade_lite,1,True,True,0.421875,0.03515625,0.0,0.0,481.0,89,19.645399996079504,4,180,360,89,32,0,27,27,"8,16,32,64",6,leakage_accounting=approximate_internal_transcript,4096,20,real_data,4,seeded_random,1,da44be679542d120
real_typeii_20db_d4096_bw20_blk0,cascade_lite,2,True,True,0.4375,0.036458333333333336,0.0,0.0,480.0,88,30.23219993337989,4,180,360,88,32,0,28,28,"8,16,32,64",6,leakage_accounting=approximate_internal_transcript,4096,20,real_data,4,seeded_random,1,da44be679542d120
real_typeii_20db_d4096_bw20_blk0,cascade_lite,3,True,True,0.46875,0.0390625,0.0,0.0,492.0,100,16.66490000206977,4,180,360,100,32,0,30,30,"8,16,32,64",6,leakage_accounting=approximate_internal_transcript,4096,20,real_data,4,seeded_random,1,da44be679542d120
real_typeii_20db_d2048_bw20_blk0,cascade_lite,0,True,True,0.328125,0.029829545454545456,0.0,0.0,282.0,84,24.43759993184358,4,83,166,84,32,0,21,21,"16,32,64,128",6,leakage_accounting=approximate_internal_transcript,2048,20,real_data,16,seeded_random,0,f4cc5c3e86519271
real_typeii_20db_d2048_bw20_blk0,cascade_lite,1,True,True,0.421875,0.03835227272727273,0.0,0.0,321.0,121,65.92930003535002,4,84,168,121,32,0,27,27,"16,32,64,128",6,leakage_accounting=approximate_internal_transcript,2048,20,real_data,16,seeded_random,0,f4cc5c3e86519271
real_typeii_20db_d2048_bw20_blk0,cascade_lite,2,True,True,0.4375,0.03977272727272727,0.0,0.0,318.0,120,30.67060001194477,4,83,166,120,32,0,28,28,"16,32,64,128",6,leakage_accounting=approximate_internal_transcript,2048,20,real_data,16,seeded_random,0,f4cc5c3e86519271
real_typeii_20db_d2048_bw20_blk0,cascade_lite,3,True,True,0.46875,0.04261363636363636,0.0,0.0,346.0,142,24.172800011001527,4,86,172,142,32,0,30,30,"16,32,64,128",6,leakage_accounting=approximate_internal_transcript,2048,20,real_data,16,seeded_random,0,f4cc5c3e86519271
real_typeii_20db_d2048_bw20_blk0,cascade_lite,4,True,True,0.34375,0.03125,0.0,0.0,292.0,94,44.231300009414554,4,83,166,94,32,0,22,22,"16,32,64,128",6,leakage_accounting=approximate_internal_transcript,2048,20,real_data,16,seeded_random,0,f4cc5c3e86519271
real_typeii_20db_d2048_bw20_blk0,cascade_lite,5,True,True,0.359375,0.032670454545454544,0.0,0.0,295.0,95,12.481700046919286,4,84,168,95,32,0,23,23,"16,32,64,128",6,leakage_accounting=approximate_internal_transcript,2048,20,real_data,16,seeded_random,0,f4cc5c3e86519271
real_typeii_20db_d2048_bw20_blk0,cascade_lite,6,True,True,0.5,0.045454545454545456,0.0,0.0,338.0,140,39.750800002366304,4,83,166,140,32,0,32,32,"16,32,64,128",6,leakage_accounting=approximate_internal_transcript,2048,20,real_data,16,seeded_random,0,f4cc5c3e86519271
real_typeii_20db_d2048_bw20_blk0,cascade_lite,7,True,True,0.375,0.03409090909090909,0.0,0.0,308.0,110,14.937200001440942,4,83,166,110,32,0,24,24,"16,32,64,128",6,leakage_accounting=approximate_internal_transcript,2048,20,real_data,16,seeded_random,0,f4cc5c3e86519271
real_typeii_20db_d2048_bw20_blk0,cascade_lite,8,True,False,0.421875,0.03835227272727273,0.0625,0.005681818181818182,307.0,107,35.63850000500679,4,84,168,107,32,0,23,23,"16,32,64,128",6,leakage_accounting=approximate_internal_transcript,2048,20,real_data,16,seeded_random,0,f4cc5c3e86519271
real_typeii_20db_d2048_bw20_blk0,cascade_lite,9,True,True,0.3125,0.028409090909090908,0.0,0.0,292.0,90,88.3822999894619,4,85,170,90,32,0,20,20,"16,32,64,128",6,leakage_accounting=approximate_internal_transcript,2048,20,real_data,16,seeded_random,0,f4cc5c3e86519271
real_typeii_20db_d2048_bw20_blk0,cascade_lite,10,True,True,0.375,0.03409090909090909,0.0,0.0,311.0,107,16.732399933971465,4,86,172,107,32,0,24,24,"16,32,64,128",6,leakage_accounting=approximate_internal_transcript,2048,20,real_data,16,seeded_random,0,f4cc5c3e86519271
real_typeii_20db_d2048_bw20_blk0,cascade_lite,11,True,True,0.359375,0.032670454545454544,0.0,0.0,296.0,98,16.548999934457242,4,83,166,98,32,0,23,23,"16,32,64,128",6,leakage_accounting=approximate_internal_transcript,2048,20,real_data,16,seeded_random,0,f4cc5c3e86519271
real_typeii_20db_d2048_bw20_blk0,cascade_lite,12,True,True,0.421875,0.03835227272727273,0.0,0.0,316.0,114,39.54499994870275,4,85,170,114,32,0,27,27,"16,32,64,128",6,leakage_accounting=approximate_internal_transcript,2048,20,real_data,16,seeded_random,0,f4cc5c3e86519271
real_typeii_20db_d2048_bw20_blk0,cascade_lite,13,True,True,0.375,0.03409090909090909,0.0,0.0,301.0,101,36.34970006532967,4,84,168,101,32,0,24,24,"16,32,64,128",6,leakage_accounting=approximate_internal_transcript,2048,20,real_data,16,seeded_random,0,f4cc5c3e86519271
real_typeii_20db_d2048_bw20_blk0,cascade_lite,14,True,True,0.46875,0.04261363636363636,0.0,0.0,340.0,142,38.43200008850545,4,83,166,142,32,0,30,30,"16,32,64,128",6,leakage_accounting=approximate_internal_transcript,2048,20,real_data,16,seeded_random,0,f4cc5c3e86519271
real_typeii_20db_d2048_bw20_blk0,cascade_lite,15,True,True,0.40625,0.036931818181818184,0.0,0.0,319.0,119,50.569700077176094,4,84,168,119,32,0,26,26,"16,32,64,128",6,leakage_accounting=approximate_internal_transcript,2048,20,real_data,16,seeded_random,0,f4cc5c3e86519271
real_typeii_20db_d4096_bw20_blk0,cascade_lite,0,True,False,0.328125,0.02734375,0.09375,0.0078125,272.0,60,18.28309998381883,4,90,180,60,32,0,15,15,"16,32,64,128",6,leakage_accounting=approximate_internal_transcript,4096,20,real_data,4,identity,1,86320143d2d78cc2
real_typeii_20db_d4096_bw20_blk0,cascade_lite,1,True,False,0.421875,0.03515625,0.125,0.010416666666666666,288.0,76,9.666199912317097,4,90,180,76,32,0,19,19,"16,32,64,128",6,leakage_accounting=approximate_internal_transcript,4096,20,real_data,4,identity,1,86320143d2d78cc2
real_typeii_20db_d4096_bw20_blk0,cascade_lite,2,True,False,0.4375,0.036458333333333336,0.1875,0.015625,276.0,64,8.268299978226423,4,90,180,64,32,0,16,16,"16,32,64,128",6,leakage_accounting=approximate_internal_transcript,4096,20,real_data,4,identity,1,86320143d2d78cc2
real_typeii_20db_d4096_bw20_blk0,cascade_lite,3,True,False,0.46875,0.0390625,0.09375,0.0078125,308.0,96,14.640399953350425,4,90,180,96,32,0,24,24,"16,32,64,128",6,leakage_accounting=approximate_internal_transcript,4096,20,real_data,4,identity,1,86320143d2d78cc2
real_typeii_20db_d2048_bw20_blk0,cascade_lite,0,True,False,0.328125,0.029829545454545456,0.03125,0.002840909090909091,290.0,90,11.694099986925721,4,84,168,90,32,0,19,19,"16,32,64,128",6,leakage_accounting=approximate_internal_transcript,2048,20,real_data,16,seeded_random,1,91e08c4131b829cd
real_typeii_20db_d2048_bw20_blk0,cascade_lite,1,True,True,0.421875,0.03835227272727273,0.0,0.0,332.0,128,17.74379995185882,4,86,172,128,32,0,27,27,"16,32,64,128",6,leakage_accounting=approximate_internal_transcript,2048,20,real_data,16,seeded_random,1,91e08c4131b829cd
real_typeii_20db_d2048_bw20_blk0,cascade_lite,2,True,True,0.4375,0.03977272727272727,0.0,0.0,329.0,129,18.28760001808405,4,84,168,129,32,0,28,28,"16,32,64,128",6,leakage_accounting=approximate_internal_transcript,2048,20,real_data,16,seeded_random,1,91e08c4131b829cd
real_typeii_20db_d2048_bw20_blk0,cascade_lite,3,True,True,0.46875,0.04261363636363636,0.0,0.0,341.0,137,54.74669998511672,4,86,172,137,32,0,30,30,"16,32,64,128",6,leakage_accounting=approximate_internal_transcript,2048,20,real_data,16,seeded_random,1,91e08c4131b829cd
real_typeii_20db_d2048_bw20_blk0,cascade_lite,4,True,True,0.34375,0.03125,0.0,0.0,302.0,102,21.113800001330674,4,84,168,102,32,0,22,22,"16,32,64,128",6,leakage_accounting=approximate_internal_transcript,2048,20,real_data,16,seeded_random,1,91e08c4131b829cd
real_typeii_20db_d2048_bw20_blk0,cascade_lite,5,True,True,0.359375,0.032670454545454544,0.0,0.0,294.0,96,21.546300034970045,4,83,166,96,32,0,23,23,"16,32,64,128",6,leakage_accounting=approximate_internal_transcript,2048,20,real_data,16,seeded_random,1,91e08c4131b829cd
real_typeii_20db_d2048_bw20_blk0,cascade_lite,6,True,True,0.5,0.045454545454545456,0.0,0.0,349.0,147,25.64800006803125,4,85,170,147,32,0,32,32,"16,32,64,128",6,leakage_accounting=approximate_internal_transcript,2048,20,real_data,16,seeded_random,1,91e08c4131b829cd
real_typeii_20db_d2048_bw20_blk0,cascade_lite,7,True,True,0.375,0.03409090909090909,0.0,0.0,308.0,106,23.009800002910197,4,85,170,106,32,0,24,24,"16,32,64,128",6,leakage_accounting=approximate_internal_transcript,2048,20,real_data,16,seeded_random,1,91e08c4131b829cd
real_typeii_20db_d2048_bw20_blk0,cascade_lite,8,True,True,0.421875,0.03835227272727273,0.0,0.0,321.0,121,20.26850008405745,4,84,168,121,32,0,27,27,"16,32,64,128",6,leakage_accounting=approximate_internal_transcript,2048,20,real_data,16,seeded_random,1,91e08c4131b829cd
real_typeii_20db_d2048_bw20_blk0,cascade_lite,9,True,True,0.3125,0.028409090909090908,0.0,0.0,288.0,88,32.63860009610653,4,84,168,88,32,0,20,20,"16,32,64,128",6,leakage_accounting=approximate_internal_transcript,2048,20,real_data,16,seeded_random,1,91e08c4131b829cd
real_typeii_20db_d2048_bw20_blk0,cascade_lite,10,True,True,0.375,0.03409090909090909,0.0,0.0,310.0,112,62.533200019970536,4,83,166,112,32,0,24,24,"16,32,64,128",6,leakage_accounting=approximate_internal_transcript,2048,20,real_data,16,seeded_random,1,91e08c4131b829cd
real_typeii_20db_d2048_bw20_blk0,cascade_lite,11,True,True,0.359375,0.032670454545454544,0.0,0.0,305.0,105,37.28869999758899,4,84,168,105,32,0,23,23,"16,32,64,128",6,leakage_accounting=approximate_internal_transcript,2048,20,real_data,16,seeded_random,1,91e08c4131b829cd
real_typeii_20db_d2048_bw20_blk0,cascade_lite,12,True,True,0.421875,0.03835227272727273,0.0,0.0,327.0,125,47.26970009505749,4,85,170,125,32,0,27,27,"16,32,64,128",6,leakage_accounting=approximate_internal_transcript,2048,20,real_data,16,seeded_random,1,91e08c4131b829cd
real_typeii_20db_d2048_bw20_blk0,cascade_lite,13,True,True,0.375,0.03409090909090909,0.0,0.0,310.0,110,29.45320005528629,4,84,168,110,32,0,24,24,"16,32,64,128",6,leakage_accounting=approximate_internal_transcript,2048,20,real_data,16,seeded_random,1,91e08c4131b829cd
real_typeii_20db_d2048_bw20_blk0,cascade_lite,14,True,True,0.46875,0.04261363636363636,0.0,0.0,341.0,139,53.607999929226935,4,85,170,139,32,0,30,30,"16,32,64,128",6,leakage_accounting=approximate_internal_transcript,2048,20,real_data,16,seeded_random,1,91e08c4131b829cd
real_typeii_20db_d2048_bw20_blk0,cascade_lite,15,True,True,0.40625,0.036931818181818184,0.0,0.0,323.0,123,39.85219995956868,4,84,168,123,32,0,26,26,"16,32,64,128",6,leakage_accounting=approximate_internal_transcript,2048,20,real_data,16,seeded_random,1,91e08c4131b829cd
real_typeii_20db_d4096_bw20_blk0,cascade_lite,0,True,True,0.328125,0.02734375,0.0,0.0,461.0,69,25.572699960321188,4,180,360,69,32,0,21,21,"8,16,32,64",4,leakage_accounting=approximate_internal_transcript,4096,20,real_data,4,seeded_random,1,b9f654c90a774d3d
real_typeii_20db_d4096_bw20_blk0,cascade_lite,1,True,True,0.421875,0.03515625,0.0,0.0,481.0,89,44.51799998059869,4,180,360,89,32,0,27,27,"8,16,32,64",4,leakage_accounting=approximate_internal_transcript,4096,20,real_data,4,seeded_random,1,b9f654c90a774d3d
real_typeii_20db_d4096_bw20_blk0,cascade_lite,2,True,True,0.4375,0.036458333333333336,0.0,0.0,480.0,88,37.350700004026294,4,180,360,88,32,0,28,28,"8,16,32,64",4,leakage_accounting=approximate_internal_transcript,4096,20,real_data,4,seeded_random,1,b9f654c90a774d3d
real_typeii_20db_d4096_bw20_blk0,cascade_lite,3,True,True,0.46875,0.0390625,0.0,0.0,492.0,100,41.783499997109175,4,180,360,100,32,0,30,30,"8,16,32,64",4,leakage_accounting=approximate_internal_transcript,4096,20,real_data,4,seeded_random,1,b9f654c90a774d3d
real_typeii_20db_d4096_bw20_blk0,cascade_lite,0,True,True,0.328125,0.02734375,0.0,0.0,464.0,70,35.63960001338273,4,181,362,70,32,0,21,21,"8,16,32,64",6,leakage_accounting=approximate_internal_transcript,4096,20,real_data,4,seeded_random,0,ab6194c1b8076873
real_typeii_20db_d4096_bw20_blk0,cascade_lite,1,True,True,0.421875,0.03515625,0.0,0.0,483.0,91,41.8929000152275,4,180,360,91,32,0,27,27,"8,16,32,64",6,leakage_accounting=approximate_internal_transcript,4096,20,real_data,4,seeded_random,0,ab6194c1b8076873
real_typeii_20db_d4096_bw20_blk0,cascade_lite,2,True,True,0.4375,0.036458333333333336,0.0,0.0,480.0,88,40.31930002383888,4,180,360,88,32,0,28,28,"8,16,32,64",6,leakage_accounting=approximate_internal_transcript,4096,20,real_data,4,seeded_random,0,ab6194c1b8076873
real_typeii_20db_d4096_bw20_blk0,cascade_lite,3,True,True,0.46875,0.0390625,0.0,0.0,485.0,91,14.803200028836727,4,181,362,91,32,0,30,30,"8,16,32,64",6,leakage_accounting=approximate_internal_transcript,4096,20,real_data,4,seeded_random,0,ab6194c1b8076873
real_typeii_20db_d4096_bw20_blk0,cascade_lite,0,True,False,0.328125,0.02734375,0.09375,0.0078125,272.0,60,8.580900030210614,4,90,180,60,32,0,15,15,"16,32,64,128",6,leakage_accounting=approximate_internal_transcript,4096,20,real_data,4,identity,0,63bd09359267310c
real_typeii_20db_d4096_bw20_blk0,cascade_lite,1,True,False,0.421875,0.03515625,0.125,0.010416666666666666,288.0,76,20.980300032533705,4,90,180,76,32,0,19,19,"16,32,64,128",6,leakage_accounting=approximate_internal_transcript,4096,20,real_data,4,identity,0,63bd09359267310c
real_typeii_20db_d4096_bw20_blk0,cascade_lite,2,True,False,0.4375,0.036458333333333336,0.1875,0.015625,276.0,64,12.473799986764789,4,90,180,64,32,0,16,16,"16,32,64,128",6,leakage_accounting=approximate_internal_transcript,4096,20,real_data,4,identity,0,63bd09359267310c
real_typeii_20db_d4096_bw20_blk0,cascade_lite,3,True,False,0.46875,0.0390625,0.09375,0.0078125,308.0,96,56.60510004963726,4,90,180,96,32,0,24,24,"16,32,64,128",6,leakage_accounting=approximate_internal_transcript,4096,20,real_data,4,identity,0,63bd09359267310c
real_typeii_20db_d4096_bw20_blk0,cascade_lite,0,True,True,0.328125,0.02734375,0.0,0.0,308.0,94,33.27200002968311,4,91,182,94,32,0,21,21,"16,32,64,128",4,leakage_accounting=approximate_internal_transcript,4096,20,real_data,4,seeded_random,0,3ddb0e813f8c9fa7
real_typeii_20db_d4096_bw20_blk0,cascade_lite,1,True,True,0.421875,0.03515625,0.0,0.0,334.0,118,40.84810009226203,4,92,184,118,32,0,27,27,"16,32,64,128",4,leakage_accounting=approximate_internal_transcript,4096,20,real_data,4,seeded_random,0,3ddb0e813f8c9fa7
real_typeii_20db_d4096_bw20_blk0,cascade_lite,2,True,True,0.4375,0.036458333333333336,0.0,0.0,346.0,134,40.92040006071329,4,90,180,134,32,0,28,28,"16,32,64,128",4,leakage_accounting=approximate_internal_transcript,4096,20,real_data,4,seeded_random,0,3ddb0e813f8c9fa7
real_typeii_20db_d4096_bw20_blk0,cascade_lite,3,True,True,0.46875,0.0390625,0.0,0.0,352.0,140,18.341399962082505,4,90,180,140,32,0,30,30,"16,32,64,128",4,leakage_accounting=approximate_internal_transcript,4096,20,real_data,4,seeded_random,0,3ddb0e813f8c9fa7
real_typeii_20db_d4096_bw20_blk0,cascade_lite,0,True,True,0.328125,0.02734375,0.0,0.0,302.0,90,51.31200002506375,4,90,180,90,32,0,21,21,"16,32,64,128",4,leakage_accounting=approximate_internal_transcript,4096,20,real_data,4,seeded_random,1,29020ebdb18ce89f
real_typeii_20db_d4096_bw20_blk0,cascade_lite,1,True,True,0.421875,0.03515625,0.0,0.0,348.0,136,10.385999921709299,4,90,180,136,32,0,27,27,"16,32,64,128",4,leakage_accounting=approximate_internal_transcript,4096,20,real_data,4,seeded_random,1,29020ebdb18ce89f
real_typeii_20db_d4096_bw20_blk0,cascade_lite,2,True,True,0.4375,0.036458333333333336,0.0,0.0,350.0,138,48.219499993138015,4,90,180,138,32,0,28,28,"16,32,64,128",4,leakage_accounting=approximate_internal_transcript,4096,20,real_data,4,seeded_random,1,29020ebdb18ce89f
real_typeii_20db_d4096_bw20_blk0,cascade_lite,3,True,False,0.46875,0.0390625,0.03125,0.0026041666666666665,348.0,134,19.90820001810789,4,91,182,134,32,0,28,28,"16,32,64,128",4,leakage_accounting=approximate_internal_transcript,4096,20,real_data,4,seeded_random,1,29020ebdb18ce89f
real_typeii_20db_d4096_bw20_blk0,cascade_lite,0,True,True,0.328125,0.02734375,0.0,0.0,308.0,94,30.625800020061433,4,91,182,94,32,0,21,21,"16,32,64,128",6,leakage_accounting=approximate_internal_transcript,4096,20,real_data,4,seeded_random,0,c8e68be9f13a3ff7
real_typeii_20db_d4096_bw20_blk0,cascade_lite,1,True,True,0.421875,0.03515625,0.0,0.0,334.0,118,31.73739998601377,4,92,184,118,32,0,27,27,"16,32,64,128",6,leakage_accounting=approximate_internal_transcript,4096,20,real_data,4,seeded_random,0,c8e68be9f13a3ff7
real_typeii_20db_d4096_bw20_blk0,cascade_lite,2,True,True,0.4375,0.036458333333333336,0.0,0.0,346.0,134,39.932899991981685,4,90,180,134,32,0,28,28,"16,32,64,128",6,leakage_accounting=approximate_internal_transcript,4096,20,real_data,4,seeded_random,0,c8e68be9f13a3ff7
real_typeii_20db_d4096_bw20_blk0,cascade_lite,3,True,True,0.46875,0.0390625,0.0,0.0,352.0,140,25.620199972763658,4,90,180,140,32,0,30,30,"16,32,64,128",6,leakage_accounting=approximate_internal_transcript,4096,20,real_data,4,seeded_random,0,c8e68be9f13a3ff7
real_typeii_20db_d4096_bw20_blk0,cascade_lite,0,True,True,0.328125,0.02734375,0.0,0.0,302.0,90,20.36460000090301,4,90,180,90,32,0,21,21,"16,32,64,128",6,leakage_accounting=approximate_internal_transcript,4096,20,real_data,4,seeded_random,1,bbcdaabb0f38893b
real_typeii_20db_d4096_bw20_blk0,cascade_lite,1,True,True,0.421875,0.03515625,0.0,0.0,348.0,136,36.845399998128414,4,90,180,136,32,0,27,27,"16,32,64,128",6,leakage_accounting=approximate_internal_transcript,4096,20,real_data,4,seeded_random,1,bbcdaabb0f38893b
real_typeii_20db_d4096_bw20_blk0,cascade_lite,2,True,True,0.4375,0.036458333333333336,0.0,0.0,350.0,138,66.36169995181262,4,90,180,138,32,0,28,28,"16,32,64,128",6,leakage_accounting=approximate_internal_transcript,4096,20,real_data,4,seeded_random,1,bbcdaabb0f38893b
real_typeii_20db_d4096_bw20_blk0,cascade_lite,3,True,False,0.46875,0.0390625,0.03125,0.0026041666666666665,348.0,134,30.348000000230968,4,91,182,134,32,0,28,28,"16,32,64,128",6,leakage_accounting=approximate_internal_transcript,4096,20,real_data,4,seeded_random,1,bbcdaabb0f38893b
real_typeii_20db_d4096_bw20_blk0,cascade_lite,0,True,True,0.328125,0.02734375,0.0,0.0,455.0,63,15.946200001053512,4,180,360,63,32,0,21,21,"8,16,32,64",4,leakage_accounting=approximate_internal_transcript,4096,20,real_data,16,identity,1,462a3bc6d744a527
real_typeii_20db_d4096_bw20_blk0,cascade_lite,1,True,True,0.421875,0.03515625,0.0,0.0,473.0,81,11.701300041750073,4,180,360,81,32,0,27,27,"8,16,32,64",4,leakage_accounting=approximate_internal_transcript,4096,20,real_data,16,identity,1,462a3bc6d744a527
real_typeii_20db_d4096_bw20_blk0,cascade_lite,2,True,True,0.4375,0.036458333333333336,0.0,0.0,476.0,84,14.632100006565452,4,180,360,84,32,0,28,28,"8,16,32,64",4,leakage_accounting=approximate_internal_transcript,4096,20,real_data,16,identity,1,462a3bc6d744a527
real_typeii_20db_d4096_bw20_blk0,cascade_lite,3,True,True,0.46875,0.0390625,0.0,0.0,482.0,90,10.25290007237345,4,180,360,90,32,0,30,30,"8,16,32,64",4,leakage_accounting=approximate_internal_transcript,4096,20,real_data,16,identity,1,462a3bc6d744a527
real_typeii_20db_d4096_bw20_blk0,cascade_lite,4,True,True,0.34375,0.028645833333333332,0.0,0.0,458.0,66,20.503600011579692,4,180,360,66,32,0,22,22,"8,16,32,64",4,leakage_accounting=approximate_internal_transcript,4096,20,real_data,16,identity,1,462a3bc6d744a527
real_typeii_20db_d4096_bw20_blk0,cascade_lite,5,True,True,0.359375,0.029947916666666668,0.0,0.0,461.0,69,14.57300002221018,4,180,360,69,32,0,23,23,"8,16,32,64",4,leakage_accounting=approximate_internal_transcript,4096,20,real_data,16,identity,1,462a3bc6d744a527
real_typeii_20db_d4096_bw20_blk0,cascade_lite,6,True,True,0.5,0.041666666666666664,0.0,0.0,488.0,96,9.178999927826226,4,180,360,96,32,0,32,32,"8,16,32,64",4,leakage_accounting=approximate_internal_transcript,4096,20,real_data,16,identity,1,462a3bc6d744a527
real_typeii_20db_d4096_bw20_blk0,cascade_lite,7,True,True,0.375,0.03125,0.0,0.0,464.0,72,9.143400005996227,4,180,360,72,32,0,24,24,"8,16,32,64",4,leakage_accounting=approximate_internal_transcript,4096,20,real_data,16,identity,1,462a3bc6d744a527
real_typeii_20db_d4096_bw20_blk0,cascade_lite,8,True,True,0.421875,0.03515625,0.0,0.0,473.0,81,24.180299951694906,4,180,360,81,32,0,27,27,"8,16,32,64",4,leakage_accounting=approximate_internal_transcript,4096,20,real_data,16,identity,1,462a3bc6d744a527
real_typeii_20db_d4096_bw20_blk0,cascade_lite,9,True,True,0.3125,0.026041666666666668,0.0,0.0,452.0,60,23.291699937544763,4,180,360,60,32,0,20,20,"8,16,32,64",4,leakage_accounting=approximate_internal_transcript,4096,20,real_data,16,identity,1,462a3bc6d744a527
real_typeii_20db_d4096_bw20_blk0,cascade_lite,10,True,True,0.375,0.03125,0.0,0.0,464.0,72,18.234399962238967,4,180,360,72,32,0,24,24,"8,16,32,64",4,leakage_accounting=approximate_internal_transcript,4096,20,real_data,16,identity,1,462a3bc6d744a527
real_typeii_20db_d4096_bw20_blk0,cascade_lite,11,True,True,0.359375,0.029947916666666668,0.0,0.0,461.0,69,14.966899994760752,4,180,360,69,32,0,23,23,"8,16,32,64",4,leakage_accounting=approximate_internal_transcript,4096,20,real_data,16,identity,1,462a3bc6d744a527
real_typeii_20db_d4096_bw20_blk0,cascade_lite,12,True,True,0.421875,0.03515625,0.0,0.0,473.0,81,28.217399958521128,4,180,360,81,32,0,27,27,"8,16,32,64",4,leakage_accounting=approximate_internal_transcript,4096,20,real_data,16,identity,1,462a3bc6d744a527
real_typeii_20db_d4096_bw20_blk0,cascade_lite,13,True,True,0.375,0.03125,0.0,0.0,464.0,72,6.587899988517165,4,180,360,72,32,0,24,24,"8,16,32,64",4,leakage_accounting=approximate_internal_transcript,4096,20,real_data,16,identity,1,462a3bc6d744a527
real_typeii_20db_d4096_bw20_blk0,cascade_lite,14,True,True,0.46875,0.0390625,0.0,0.0,482.0,90,14.064900111407042,4,180,360,90,32,0,30,30,"8,16,32,64",4,leakage_accounting=approximate_internal_transcript,4096,20,real_data,16,identity,1,462a3bc6d744a527
real_typeii_20db_d4096_bw20_blk0,cascade_lite,15,True,True,0.40625,0.033854166666666664,0.0,0.0,470.0,78,16.28890004940331,4,180,360,78,32,0,26,26,"8,16,32,64",4,leakage_accounting=approximate_internal_transcript,4096,20,real_data,16,identity,1,462a3bc6d744a527
real_typeii_20db_d4096_bw20_blk0,cascade_lite,0,True,True,0.328125,0.02734375,0.0,0.0,455.0,63,25.04789992235601,4,180,360,63,32,0,21,21,"8,16,32,64",4,leakage_accounting=approximate_internal_transcript,4096,20,real_data,16,identity,0,f09d76ded5a6e7d2
real_typeii_20db_d4096_bw20_blk0,cascade_lite,1,True,True,0.421875,0.03515625,0.0,0.0,473.0,81,12.856499990448356,4,180,360,81,32,0,27,27,"8,16,32,64",4,leakage_accounting=approximate_internal_transcript,4096,20,real_data,16,identity,0,f09d76ded5a6e7d2
real_typeii_20db_d4096_bw20_blk0,cascade_lite,2,True,True,0.4375,0.036458333333333336,0.0,0.0,476.0,84,12.191299931146204,4,180,360,84,32,0,28,28,"8,16,32,64",4,leakage_accounting=approximate_internal_transcript,4096,20,real_data,16,identity,0,f09d76ded5a6e7d2
real_typeii_20db_d4096_bw20_blk0,cascade_lite,3,True,True,0.46875,0.0390625,0.0,0.0,482.0,90,6.120000034570694,4,180,360,90,32,0,30,30,"8,16,32,64",4,leakage_accounting=approximate_internal_transcript,4096,20,real_data,16,identity,0,f09d76ded5a6e7d2
real_typeii_20db_d4096_bw20_blk0,cascade_lite,4,True,True,0.34375,0.028645833333333332,0.0,0.0,458.0,66,18.021300085820258,4,180,360,66,32,0,22,22,"8,16,32,64",4,leakage_accounting=approximate_internal_transcript,4096,20,real_data,16,identity,0,f09d76ded5a6e7d2
real_typeii_20db_d4096_bw20_blk0,cascade_lite,5,True,True,0.359375,0.029947916666666668,0.0,0.0,461.0,69,22.356700035743415,4,180,360,69,32,0,23,23,"8,16,32,64",4,leakage_accounting=approximate_internal_transcript,4096,20,real_data,16,identity,0,f09d76ded5a6e7d2
real_typeii_20db_d4096_bw20_blk0,cascade_lite,6,True,True,0.5,0.041666666666666664,0.0,0.0,488.0,96,18.617299967445433,4,180,360,96,32,0,32,32,"8,16,32,64",4,leakage_accounting=approximate_internal_transcript,4096,20,real_data,16,identity,0,f09d76ded5a6e7d2
real_typeii_20db_d4096_bw20_blk0,cascade_lite,7,True,True,0.375,0.03125,0.0,0.0,464.0,72,14.348699944093823,4,180,360,72,32,0,24,24,"8,16,32,64",4,leakage_accounting=approximate_internal_transcript,4096,20,real_data,16,identity,0,f09d76ded5a6e7d2
real_typeii_20db_d4096_bw20_blk0,cascade_lite,8,True,True,0.421875,0.03515625,0.0,0.0,473.0,81,27.396999998018146,4,180,360,81,32,0,27,27,"8,16,32,64",4,leakage_accounting=approximate_internal_transcript,4096,20,real_data,16,identity,0,f09d76ded5a6e7d2
real_typeii_20db_d4096_bw20_blk0,cascade_lite,9,True,True,0.3125,0.026041666666666668,0.0,0.0,452.0,60,15.686300001107156,4,180,360,60,32,0,20,20,"8,16,32,64",4,leakage_accounting=approximate_internal_transcript,4096,20,real_data,16,identity,0,f09d76ded5a6e7d2
real_typeii_20db_d4096_bw20_blk0,cascade_lite,10,True,True,0.375,0.03125,0.0,0.0,464.0,72,12.457799981348217,4,180,360,72,32,0,24,24,"8,16,32,64",4,leakage_accounting=approximate_internal_transcript,4096,20,real_data,16,identity,0,f09d76ded5a6e7d2
real_typeii_20db_d4096_bw20_blk0,cascade_lite,11,True,True,0.359375,0.029947916666666668,0.0,0.0,461.0,69,32.38429990597069,4,180,360,69,32,0,23,23,"8,16,32,64",4,leakage_accounting=approximate_internal_transcript,4096,20,real_data,16,identity,0,f09d76ded5a6e7d2
real_typeii_20db_d4096_bw20_blk0,cascade_lite,12,True,True,0.421875,0.03515625,0.0,0.0,473.0,81,7.63909996021539,4,180,360,81,32,0,27,27,"8,16,32,64",4,leakage_accounting=approximate_internal_transcript,4096,20,real_data,16,identity,0,f09d76ded5a6e7d2
real_typeii_20db_d4096_bw20_blk0,cascade_lite,13,True,True,0.375,0.03125,0.0,0.0,464.0,72,12.04529998358339,4,180,360,72,32,0,24,24,"8,16,32,64",4,leakage_accounting=approximate_internal_transcript,4096,20,real_data,16,identity,0,f09d76ded5a6e7d2
real_typeii_20db_d4096_bw20_blk0,cascade_lite,14,True,True,0.46875,0.0390625,0.0,0.0,482.0,90,14.301800052635372,4,180,360,90,32,0,30,30,"8,16,32,64",4,leakage_accounting=approximate_internal_transcript,4096,20,real_data,16,identity,0,f09d76ded5a6e7d2
real_typeii_20db_d4096_bw20_blk0,cascade_lite,15,True,True,0.40625,0.033854166666666664,0.0,0.0,470.0,78,33.51990005467087,4,180,360,78,32,0,26,26,"8,16,32,64",4,leakage_accounting=approximate_internal_transcript,4096,20,real_data,16,identity,0,f09d76ded5a6e7d2
real_typeii_20db_d4096_bw20_blk0,cascade_lite,0,True,True,0.328125,0.02734375,0.0,0.0,455.0,63,17.7232000278309,4,180,360,63,32,0,21,21,"8,16,32,64",6,leakage_accounting=approximate_internal_transcript,4096,20,real_data,16,identity,0,477ef1fd0ff5ecb2
real_typeii_20db_d4096_bw20_blk0,cascade_lite,1,True,True,0.421875,0.03515625,0.0,0.0,473.0,81,10.976899997331202,4,180,360,81,32,0,27,27,"8,16,32,64",6,leakage_accounting=approximate_internal_transcript,4096,20,real_data,16,identity,0,477ef1fd0ff5ecb2
real_typeii_20db_d4096_bw20_blk0,cascade_lite,2,True,True,0.4375,0.036458333333333336,0.0,0.0,476.0,84,19.786100019700825,4,180,360,84,32,0,28,28,"8,16,32,64",6,leakage_accounting=approximate_internal_transcript,4096,20,real_data,16,identity,0,477ef1fd0ff5ecb2
real_typeii_20db_d4096_bw20_blk0,cascade_lite,3,True,True,0.46875,0.0390625,0.0,0.0,482.0,90,13.262100052088499,4,180,360,90,32,0,30,30,"8,16,32,64",6,leakage_accounting=approximate_internal_transcript,4096,20,real_data,16,identity,0,477ef1fd0ff5ecb2
real_typeii_20db_d4096_bw20_blk0,cascade_lite,4,True,True,0.34375,0.028645833333333332,0.0,0.0,458.0,66,7.626299979165196,4,180,360,66,32,0,22,22,"8,16,32,64",6,leakage_accounting=approximate_internal_transcript,4096,20,real_data,16,identity,0,477ef1fd0ff5ecb2
real_typeii_20db_d4096_bw20_blk0,cascade_lite,5,True,True,0.359375,0.029947916666666668,0.0,0.0,461.0,69,25.628500035963953,4,180,360,69,32,0,23,23,"8,16,32,64",6,leakage_accounting=approximate_internal_transcript,4096,20,real_data,16,identity,0,477ef1fd0ff5ecb2
real_typeii_20db_d4096_bw20_blk0,cascade_lite,6,True,True,0.5,0.041666666666666664,0.0,0.0,488.0,96,5.2686999551951885,4,180,360,96,32,0,32,32,"8,16,32,64",6,leakage_accounting=approximate_internal_transcript,4096,20,real_data,16,identity,0,477ef1fd0ff5ecb2
real_typeii_20db_d4096_bw20_blk0,cascade_lite,7,True,True,0.375,0.03125,0.0,0.0,464.0,72,25.291699916124344,4,180,360,72,32,0,24,24,"8,16,32,64",6,leakage_accounting=approximate_internal_transcript,4096,20,real_data,16,identity,0,477ef1fd0ff5ecb2
real_typeii_20db_d4096_bw20_blk0,cascade_lite,8,True,True,0.421875,0.03515625,0.0,0.0,473.0,81,20.75320004951209,4,180,360,81,32,0,27,27,"8,16,32,64",6,leakage_accounting=approximate_internal_transcript,4096,20,real_data,16,identity,0,477ef1fd0ff5ecb2
real_typeii_20db_d4096_bw20_blk0,cascade_lite,9,True,True,0.3125,0.026041666666666668,0.0,0.0,452.0,60,17.8476000437513,4,180,360,60,32,0,20,20,"8,16,32,64",6,leakage_accounting=approximate_internal_transcript,4096,20,real_data,16,identity,0,477ef1fd0ff5ecb2
real_typeii_20db_d4096_bw20_blk0,cascade_lite,10,True,True,0.375,0.03125,0.0,0.0,464.0,72,25.09959996677935,4,180,360,72,32,0,24,24,"8,16,32,64",6,leakage_accounting=approximate_internal_transcript,4096,20,real_data,16,identity,0,477ef1fd0ff5ecb2
real_typeii_20db_d4096_bw20_blk0,cascade_lite,11,True,True,0.359375,0.029947916666666668,0.0,0.0,461.0,69,17.14819995686412,4,180,360,69,32,0,23,23,"8,16,32,64",6,leakage_accounting=approximate_internal_transcript,4096,20,real_data,16,identity,0,477ef1fd0ff5ecb2
real_typeii_20db_d4096_bw20_blk0,cascade_lite,12,True,True,0.421875,0.03515625,0.0,0.0,473.0,81,8.816699963063002,4,180,360,81,32,0,27,27,"8,16,32,64",6,leakage_accounting=approximate_internal_transcript,4096,20,real_data,16,identity,0,477ef1fd0ff5ecb2
real_typeii_20db_d4096_bw20_blk0,cascade_lite,13,True,True,0.375,0.03125,0.0,0.0,464.0,72,8.788999984972179,4,180,360,72,32,0,24,24,"8,16,32,64",6,leakage_accounting=approximate_internal_transcript,4096,20,real_data,16,identity,0,477ef1fd0ff5ecb2
real_typeii_20db_d4096_bw20_blk0,cascade_lite,14,True,True,0.46875,0.0390625,0.0,0.0,482.0,90,11.822399916127324,4,180,360,90,32,0,30,30,"8,16,32,64",6,leakage_accounting=approximate_internal_transcript,4096,20,real_data,16,identity,0,477ef1fd0ff5ecb2
real_typeii_20db_d4096_bw20_blk0,cascade_lite,15,True,True,0.40625,0.033854166666666664,0.0,0.0,470.0,78,18.732700031250715,4,180,360,78,32,0,26,26,"8,16,32,64",6,leakage_accounting=approximate_internal_transcript,4096,20,real_data,16,identity,0,477ef1fd0ff5ecb2
real_typeii_20db_d4096_bw20_blk0,cascade_lite,0,True,False,0.328125,0.02734375,0.09375,0.0078125,272.0,60,13.166300021111965,4,90,180,60,32,0,15,15,"16,32,64,128",4,leakage_accounting=approximate_internal_transcript,4096,20,real_data,16,identity,0,9d423c80473677e6
real_typeii_20db_d4096_bw20_blk0,cascade_lite,1,True,False,0.421875,0.03515625,0.125,0.010416666666666666,288.0,76,4.759600036777556,4,90,180,76,32,0,19,19,"16,32,64,128",4,leakage_accounting=approximate_internal_transcript,4096,20,real_data,16,identity,0,9d423c80473677e6
real_typeii_20db_d4096_bw20_blk0,cascade_lite,2,True,False,0.4375,0.036458333333333336,0.1875,0.015625,276.0,64,30.718500027433038,4,90,180,64,32,0,16,16,"16,32,64,128",4,leakage_accounting=approximate_internal_transcript,4096,20,real_data,16,identity,0,9d423c80473677e6
real_typeii_20db_d4096_bw20_blk0,cascade_lite,3,True,False,0.46875,0.0390625,0.09375,0.0078125,308.0,96,13.961700024083257,4,90,180,96,32,0,24,24,"16,32,64,128",4,leakage_accounting=approximate_internal_transcript,4096,20,real_data,16,identity,0,9d423c80473677e6
real_typeii_20db_d4096_bw20_blk0,cascade_lite,4,True,False,0.34375,0.028645833333333332,0.03125,0.0026041666666666665,292.0,80,22.449000040069222,4,90,180,80,32,0,20,20,"16,32,64,128",4,leakage_accounting=approximate_internal_transcript,4096,20,real_data,16,identity,0,9d423c80473677e6
real_typeii_20db_d4096_bw20_blk0,cascade_lite,5,True,False,0.359375,0.029947916666666668,0.03125,0.0026041666666666665,296.0,84,7.027299958281219,4,90,180,84,32,0,21,21,"16,32,64,128",4,leakage_accounting=approximate_internal_transcript,4096,20,real_data,16,identity,0,9d423c80473677e6
real_typeii_20db_d4096_bw20_blk0,cascade_lite,6,True,False,0.5,0.041666666666666664,0.09375,0.0078125,316.0,104,22.910799947567284,4,90,180,104,32,0,26,26,"16,32,64,128",4,leakage_accounting=approximate_internal_transcript,4096,20,real_data,16,identity,0,9d423c80473677e6
real_typeii_20db_d4096_bw20_blk0,cascade_lite,7,True,False,0.375,0.03125,0.03125,0.0026041666666666665,300.0,88,4.88929997663945,4,90,180,88,32,0,22,22,"16,32,64,128",4,leakage_accounting=approximate_internal_transcript,4096,20,real_data,16,identity,0,9d423c80473677e6
real_typeii_20db_d4096_bw20_blk0,cascade_lite,8,True,False,0.421875,0.03515625,0.125,0.010416666666666666,288.0,76,5.243099993094802,4,90,180,76,32,0,19,19,"16,32,64,128",4,leakage_accounting=approximate_internal_transcript,4096,20,real_data,16,identity,0,9d423c80473677e6
real_typeii_20db_d4096_bw20_blk0,cascade_lite,9,True,False,0.3125,0.026041666666666668,0.03125,0.0026041666666666665,284.0,72,17.315699951723218,4,90,180,72,32,0,18,18,"16,32,64,128",4,leakage_accounting=approximate_internal_transcript,4096,20,real_data,16,identity,0,9d423c80473677e6
real_typeii_20db_d4096_bw20_blk0,cascade_lite,10,True,False,0.375,0.03125,0.15625,0.013020833333333334,268.0,56,17.0343000208959,4,90,180,56,32,0,14,14,"16,32,64,128",4,leakage_accounting=approximate_internal_transcript,4096,20,real_data,16,identity,0,9d423c80473677e6
real_typeii_20db_d4096_bw20_blk0,cascade_lite,11,True,False,0.359375,0.029947916666666668,0.03125,0.0026041666666666665,296.0,84,20.987899973988533,4,90,180,84,32,0,21,21,"16,32,64,128",4,leakage_accounting=approximate_internal_transcript,4096,20,real_data,16,identity,0,9d423c80473677e6
real_typeii_20db_d4096_bw20_blk0,cascade_lite,12,True,False,0.421875,0.03515625,0.0625,0.005208333333333333,304.0,92,26.51320002041757,4,90,180,92,32,0,23,23,"16,32,64,128",4,leakage_accounting=approximate_internal_transcript,4096,20,real_data,16,identity,0,9d423c80473677e6
real_typeii_20db_d4096_bw20_blk0,cascade_lite,13,True,False,0.375,0.03125,0.0625,0.005208333333333333,292.0,80,1.6156999627128243,4,90,180,80,32,0,20,20,"16,32,64,128",4,leakage_accounting=approximate_internal_transcript,4096,20,real_data,16,identity,0,9d423c80473677e6
real_typeii_20db_d4096_bw20_blk0,cascade_lite,14,True,False,0.46875,0.0390625,0.0625,0.005208333333333333,316.0,104,14.484199928119779,4,90,180,104,32,0,26,26,"16,32,64,128",4,leakage_accounting=approximate_internal_transcript,4096,20,real_data,16,identity,0,9d423c80473677e6
real_typeii_20db_d4096_bw20_blk0,cascade_lite,15,True,False,0.40625,0.033854166666666664,0.0625,0.005208333333333333,300.0,88,12.248000013642013,4,90,180,88,32,0,22,22,"16,32,64,128",4,leakage_accounting=approximate_internal_transcript,4096,20,real_data,16,identity,0,9d423c80473677e6
real_typeii_20db_d512_bw100_blk0,cascade_lite,0,True,False,0.28125,0.03125,0.03125,0.003472222222222222,350.0,48,6.80049997754395,4,135,270,48,32,0,16,16,"8,16,32,64",4,leakage_accounting=approximate_internal_transcript,512,100,real_data,4,identity,0,6c76f6300a2bf603
real_typeii_20db_d512_bw100_blk0,cascade_lite,1,True,True,0.234375,0.026041666666666668,0.0,0.0,347.0,45,5.919199902564287,4,135,270,45,32,0,15,15,"8,16,32,64",4,leakage_accounting=approximate_internal_transcript,512,100,real_data,4,identity,0,6c76f6300a2bf603
real_typeii_20db_d512_bw100_blk0,cascade_lite,2,True,True,0.234375,0.026041666666666668,0.0,0.0,347.0,45,21.039900020696223,4,135,270,45,32,0,15,15,"8,16,32,64",4,leakage_accounting=approximate_internal_transcript,512,100,real_data,4,identity,0,6c76f6300a2bf603
real_typeii_20db_d512_bw100_blk0,cascade_lite,3,True,True,0.21875,0.024305555555555556,0.0,0.0,344.0,42,14.932299964129925,4,135,270,42,32,0,14,14,"8,16,32,64",4,leakage_accounting=approximate_internal_transcript,512,100,real_data,4,identity,0,6c76f6300a2bf603
real_typeii_20db_d4096_bw20_blk0,cascade_lite,0,True,True,0.328125,0.02734375,0.0,0.0,455.0,63,5.78130001667887,4,180,360,63,32,0,21,21,"8,16,32,64",6,leakage_accounting=approximate_internal_transcript,4096,20,real_data,16,identity,1,f21d3c73c2c63926
real_typeii_20db_d4096_bw20_blk0,cascade_lite,1,True,True,0.421875,0.03515625,0.0,0.0,473.0,81,25.284800096414983,4,180,360,81,32,0,27,27,"8,16,32,64",6,leakage_accounting=approximate_internal_transcript,4096,20,real_data,16,identity,1,f21d3c73c2c63926
real_typeii_20db_d4096_bw20_blk0,cascade_lite,2,True,True,0.4375,0.036458333333333336,0.0,0.0,476.0,84,23.404399980790913,4,180,360,84,32,0,28,28,"8,16,32,64",6,leakage_accounting=approximate_internal_transcript,4096,20,real_data,16,identity,1,f21d3c73c2c63926
real_typeii_20db_d4096_bw20_blk0,cascade_lite,3,True,True,0.46875,0.0390625,0.0,0.0,482.0,90,18.09789997059852,4,180,360,90,32,0,30,30,"8,16,32,64",6,leakage_accounting=approximate_internal_transcript,4096,20,real_data,16,identity,1,f21d3c73c2c63926
real_typeii_20db_d4096_bw20_blk0,cascade_lite,4,True,True,0.34375,0.028645833333333332,0.0,0.0,458.0,66,14.245099970139563,4,180,360,66,32,0,22,22,"8,16,32,64",6,leakage_accounting=approximate_internal_transcript,4096,20,real_data,16,identity,1,f21d3c73c2c63926
real_typeii_20db_d4096_bw20_blk0,cascade_lite,5,True,True,0.359375,0.029947916666666668,0.0,0.0,461.0,69,8.51790001615882,4,180,360,69,32,0,23,23,"8,16,32,64",6,leakage_accounting=approximate_internal_transcript,4096,20,real_data,16,identity,1,f21d3c73c2c63926
real_typeii_20db_d4096_bw20_blk0,cascade_lite,6,True,True,0.5,0.041666666666666664,0.0,0.0,488.0,96,16.576899914070964,4,180,360,96,32,0,32,32,"8,16,32,64",6,leakage_accounting=approximate_internal_transcript,4096,20,real_data,16,identity,1,f21d3c73c2c63926
real_typeii_20db_d4096_bw20_blk0,cascade_lite,7,True,True,0.375,0.03125,0.0,0.0,464.0,72,18.142699962481856,4,180,360,72,32,0,24,24,"8,16,32,64",6,leakage_accounting=approximate_internal_transcript,4096,20,real_data,16,identity,1,f21d3c73c2c63926
real_typeii_20db_d4096_bw20_blk0,cascade_lite,8,True,True,0.421875,0.03515625,0.0,0.0,473.0,81,8.736200048588216,4,180,360,81,32,0,27,27,"8,16,32,64",6,leakage_accounting=approximate_internal_transcript,4096,20,real_data,16,identity,1,f21d3c73c2c63926
real_typeii_20db_d4096_bw20_blk0,cascade_lite,9,True,True,0.3125,0.026041666666666668,0.0,0.0,452.0,60,23.15749996341765,4,180,360,60,32,0,20,20,"8,16,32,64",6,leakage_accounting=approximate_internal_transcript,4096,20,real_data,16,identity,1,f21d3c73c2c63926
real_typeii_20db_d4096_bw20_blk0,cascade_lite,10,True,True,0.375,0.03125,0.0,0.0,464.0,72,16.802400001324713,4,180,360,72,32,0,24,24,"8,16,32,64",6,leakage_accounting=approximate_internal_transcript,4096,20,real_data,16,identity,1,f21d3c73c2c63926
real_typeii_20db_d4096_bw20_blk0,cascade_lite,11,True,True,0.359375,0.029947916666666668,0.0,0.0,461.0,69,14.743000036105514,4,180,360,69,32,0,23,23,"8,16,32,64",6,leakage_accounting=approximate_internal_transcript,4096,20,real_data,16,identity,1,f21d3c73c2c63926
real_typeii_20db_d4096_bw20_blk0,cascade_lite,12,True,True,0.421875,0.03515625,0.0,0.0,473.0,81,40.164200006984174,4,180,360,81,32,0,27,27,"8,16,32,64",6,leakage_accounting=approximate_internal_transcript,4096,20,real_data,16,identity,1,f21d3c73c2c63926
real_typeii_20db_d4096_bw20_blk0,cascade_lite,13,True,True,0.375,0.03125,0.0,0.0,464.0,72,19.939800025895238,4,180,360,72,32,0,24,24,"8,16,32,64",6,leakage_accounting=approximate_internal_transcript,4096,20,real_data,16,identity,1,f21d3c73c2c63926
real_typeii_20db_d4096_bw20_blk0,cascade_lite,14,True,True,0.46875,0.0390625,0.0,0.0,482.0,90,6.849099998362362,4,180,360,90,32,0,30,30,"8,16,32,64",6,leakage_accounting=approximate_internal_transcript,4096,20,real_data,16,identity,1,f21d3c73c2c63926
real_typeii_20db_d4096_bw20_blk0,cascade_lite,15,True,True,0.40625,0.033854166666666664,0.0,0.0,470.0,78,19.865799928084016,4,180,360,78,32,0,26,26,"8,16,32,64",6,leakage_accounting=approximate_internal_transcript,4096,20,real_data,16,identity,1,f21d3c73c2c63926
real_typeii_20db_d4096_bw20_blk0,cascade_lite,0,True,False,0.328125,0.02734375,0.09375,0.0078125,272.0,60,26.896200026385486,4,90,180,60,32,0,15,15,"16,32,64,128",4,leakage_accounting=approximate_internal_transcript,4096,20,real_data,16,identity,1,c6a64f370ed39663
real_typeii_20db_d4096_bw20_blk0,cascade_lite,1,True,False,0.421875,0.03515625,0.125,0.010416666666666666,288.0,76,8.122099912725389,4,90,180,76,32,0,19,19,"16,32,64,128",4,leakage_accounting=approximate_internal_transcript,4096,20,real_data,16,identity,1,c6a64f370ed39663
real_typeii_20db_d4096_bw20_blk0,cascade_lite,2,True,False,0.4375,0.036458333333333336,0.1875,0.015625,276.0,64,10.351100005209446,4,90,180,64,32,0,16,16,"16,32,64,128",4,leakage_accounting=approximate_internal_transcript,4096,20,real_data,16,identity,1,c6a64f370ed39663
real_typeii_20db_d4096_bw20_blk0,cascade_lite,3,True,False,0.46875,0.0390625,0.09375,0.0078125,308.0,96,43.18429995328188,4,90,180,96,32,0,24,24,"16,32,64,128",4,leakage_accounting=approximate_internal_transcript,4096,20,real_data,16,identity,1,c6a64f370ed39663
real_typeii_20db_d4096_bw20_blk0,cascade_lite,4,True,False,0.34375,0.028645833333333332,0.03125,0.0026041666666666665,292.0,80,12.349599972367287,4,90,180,80,32,0,20,20,"16,32,64,128",4,leakage_accounting=approximate_internal_transcript,4096,20,real_data,16,identity,1,c6a64f370ed39663
real_typeii_20db_d4096_bw20_blk0,cascade_lite,5,True,False,0.359375,0.029947916666666668,0.03125,0.0026041666666666665,296.0,84,32.758899964392185,4,90,180,84,32,0,21,21,"16,32,64,128",4,leakage_accounting=approximate_internal_transcript,4096,20,real_data,16,identity,1,c6a64f370ed39663
real_typeii_20db_d4096_bw20_blk0,cascade_lite,6,True,False,0.5,0.041666666666666664,0.09375,0.0078125,316.0,104,9.595899959094822,4,90,180,104,32,0,26,26,"16,32,64,128",4,leakage_accounting=approximate_internal_transcript,4096,20,real_data,16,identity,1,c6a64f370ed39663
real_typeii_20db_d4096_bw20_blk0,cascade_lite,7,True,False,0.375,0.03125,0.03125,0.0026041666666666665,300.0,88,13.868900015950203,4,90,180,88,32,0,22,22,"16,32,64,128",4,leakage_accounting=approximate_internal_transcript,4096,20,real_data,16,identity,1,c6a64f370ed39663
real_typeii_20db_d4096_bw20_blk0,cascade_lite,8,True,False,0.421875,0.03515625,0.125,0.010416666666666666,288.0,76,21.405200008302927,4,90,180,76,32,0,19,19,"16,32,64,128",4,leakage_accounting=approximate_internal_transcript,4096,20,real_data,16,identity,1,c6a64f370ed39663
real_typeii_20db_d4096_bw20_blk0,cascade_lite,9,True,False,0.3125,0.026041666666666668,0.03125,0.0026041666666666665,284.0,72,8.310800069011748,4,90,180,72,32,0,18,18,"16,32,64,128",4,leakage_accounting=approximate_internal_transcript,4096,20,real_data,16,identity,1,c6a64f370ed39663
real_typeii_20db_d4096_bw20_blk0,cascade_lite,10,True,False,0.375,0.03125,0.15625,0.013020833333333334,268.0,56,16.969099990092218,4,90,180,56,32,0,14,14,"16,32,64,128",4,leakage_accounting=approximate_internal_transcript,4096,20,real_data,16,identity,1,c6a64f370ed39663
real_typeii_20db_d4096_bw20_blk0,cascade_lite,11,True,False,0.359375,0.029947916666666668,0.03125,0.0026041666666666665,296.0,84,1.8494999967515469,4,90,180,84,32,0,21,21,"16,32,64,128",4,leakage_accounting=approximate_internal_transcript,4096,20,real_data,16,identity,1,c6a64f370ed39663
real_typeii_20db_d4096_bw20_blk0,cascade_lite,12,True,False,0.421875,0.03515625,0.0625,0.005208333333333333,304.0,92,19.959599943831563,4,90,180,92,32,0,23,23,"16,32,64,128",4,leakage_accounting=approximate_internal_transcript,4096,20,real_data,16,identity,1,c6a64f370ed39663
real_typeii_20db_d4096_bw20_blk0,cascade_lite,13,True,False,0.375,0.03125,0.0625,0.005208333333333333,292.0,80,31.27939999103546,4,90,180,80,32,0,20,20,"16,32,64,128",4,leakage_accounting=approximate_internal_transcript,4096,20,real_data,16,identity,1,c6a64f370ed39663
real_typeii_20db_d4096_bw20_blk0,cascade_lite,14,True,False,0.46875,0.0390625,0.0625,0.005208333333333333,316.0,104,1.7819999484345317,4,90,180,104,32,0,26,26,"16,32,64,128",4,leakage_accounting=approximate_internal_transcript,4096,20,real_data,16,identity,1,c6a64f370ed39663
real_typeii_20db_d4096_bw20_blk0,cascade_lite,15,True,False,0.40625,0.033854166666666664,0.0625,0.005208333333333333,300.0,88,6.994400057010353,4,90,180,88,32,0,22,22,"16,32,64,128",4,leakage_accounting=approximate_internal_transcript,4096,20,real_data,16,identity,1,c6a64f370ed39663
real_typeii_20db_d4096_bw20_blk0,cascade_lite,0,True,False,0.328125,0.02734375,0.09375,0.0078125,272.0,60,18.59839993994683,4,90,180,60,32,0,15,15,"16,32,64,128",6,leakage_accounting=approximate_internal_transcript,4096,20,real_data,16,identity,1,aec586233b5d565e
real_typeii_20db_d4096_bw20_blk0,cascade_lite,1,True,False,0.421875,0.03515625,0.125,0.010416666666666666,288.0,76,10.12980006635189,4,90,180,76,32,0,19,19,"16,32,64,128",6,leakage_accounting=approximate_internal_transcript,4096,20,real_data,16,identity,1,aec586233b5d565e
real_typeii_20db_d4096_bw20_blk0,cascade_lite,2,True,False,0.4375,0.036458333333333336,0.1875,0.015625,276.0,64,1.436099992133677,4,90,180,64,32,0,16,16,"16,32,64,128",6,leakage_accounting=approximate_internal_transcript,4096,20,real_data,16,identity,1,aec586233b5d565e
real_typeii_20db_d4096_bw20_blk0,cascade_lite,3,True,False,0.46875,0.0390625,0.09375,0.0078125,308.0,96,19.534500082954764,4,90,180,96,32,0,24,24,"16,32,64,128",6,leakage_accounting=approximate_internal_transcript,4096,20,real_data,16,identity,1,aec586233b5d565e
real_typeii_20db_d4096_bw20_blk0,cascade_lite,4,True,False,0.34375,0.028645833333333332,0.03125,0.0026041666666666665,292.0,80,12.408000067807734,4,90,180,80,32,0,20,20,"16,32,64,128",6,leakage_accounting=approximate_internal_transcript,4096,20,real_data,16,identity,1,aec586233b5d565e
real_typeii_20db_d4096_bw20_blk0,cascade_lite,5,True,False,0.359375,0.029947916666666668,0.03125,0.0026041666666666665,296.0,84,20.15430002938956,4,90,180,84,32,0,21,21,"16,32,64,128",6,leakage_accounting=approximate_internal_transcript,4096,20,real_data,16,identity,1,aec586233b5d565e
real_typeii_20db_d4096_bw20_blk0,cascade_lite,6,True,False,0.5,0.041666666666666664,0.09375,0.0078125,316.0,104,5.748199997469783,4,90,180,104,32,0,26,26,"16,32,64,128",6,leakage_accounting=approximate_internal_transcript,4096,20,real_data,16,identity,1,aec586233b5d565e
real_typeii_20db_d4096_bw20_blk0,cascade_lite,7,True,False,0.375,0.03125,0.03125,0.0026041666666666665,300.0,88,13.179600005969405,4,90,180,88,32,0,22,22,"16,32,64,128",6,leakage_accounting=approximate_internal_transcript,4096,20,real_data,16,identity,1,aec586233b5d565e
real_typeii_20db_d4096_bw20_blk0,cascade_lite,8,True,False,0.421875,0.03515625,0.125,0.010416666666666666,288.0,76,8.569200057536364,4,90,180,76,32,0,19,19,"16,32,64,128",6,leakage_accounting=approximate_internal_transcript,4096,20,real_data,16,identity,1,aec586233b5d565e
real_typeii_20db_d4096_bw20_blk0,cascade_lite,9,True,False,0.3125,0.026041666666666668,0.03125,0.0026041666666666665,284.0,72,20.057599991559982,4,90,180,72,32,0,18,18,"16,32,64,128",6,leakage_accounting=approximate_internal_transcript,4096,20,real_data,16,identity,1,aec586233b5d565e
real_typeii_20db_d4096_bw20_blk0,cascade_lite,10,True,False,0.375,0.03125,0.15625,0.013020833333333334,268.0,56,28.60810002312064,4,90,180,56,32,0,14,14,"16,32,64,128",6,leakage_accounting=approximate_internal_transcript,4096,20,real_data,16,identity,1,aec586233b5d565e
real_typeii_20db_d4096_bw20_blk0,cascade_lite,11,True,False,0.359375,0.029947916666666668,0.03125,0.0026041666666666665,296.0,84,30.899400007911026,4,90,180,84,32,0,21,21,"16,32,64,128",6,leakage_accounting=approximate_internal_transcript,4096,20,real_data,16,identity,1,aec586233b5d565e
real_typeii_20db_d4096_bw20_blk0,cascade_lite,12,True,False,0.421875,0.03515625,0.0625,0.005208333333333333,304.0,92,2.181999967433512,4,90,180,92,32,0,23,23,"16,32,64,128",6,leakage_accounting=approximate_internal_transcript,4096,20,real_data,16,identity,1,aec586233b5d565e
real_typeii_20db_d4096_bw20_blk0,cascade_lite,13,True,False,0.375,0.03125,0.0625,0.005208333333333333,292.0,80,22.731499979272485,4,90,180,80,32,0,20,20,"16,32,64,128",6,leakage_accounting=approximate_internal_transcript,4096,20,real_data,16,identity,1,aec586233b5d565e
real_typeii_20db_d4096_bw20_blk0,cascade_lite,14,True,False,0.46875,0.0390625,0.0625,0.005208333333333333,316.0,104,15.420099953189492,4,90,180,104,32,0,26,26,"16,32,64,128",6,leakage_accounting=approximate_internal_transcript,4096,20,real_data,16,identity,1,aec586233b5d565e
real_typeii_20db_d4096_bw20_blk0,cascade_lite,15,True,False,0.40625,0.033854166666666664,0.0625,0.005208333333333333,300.0,88,11.884699924848974,4,90,180,88,32,0,22,22,"16,32,64,128",6,leakage_accounting=approximate_internal_transcript,4096,20,real_data,16,identity,1,aec586233b5d565e
real_typeii_20db_d512_bw100_blk0,cascade_lite,0,True,False,0.28125,0.03125,0.03125,0.003472222222222222,350.0,48,29.497799929231405,4,135,270,48,32,0,16,16,"8,16,32,64",4,leakage_accounting=approximate_internal_transcript,512,100,real_data,4,identity,1,1f589a8f8fc4f2a6
real_typeii_20db_d512_bw100_blk0,cascade_lite,1,True,True,0.234375,0.026041666666666668,0.0,0.0,347.0,45,14.39959998242557,4,135,270,45,32,0,15,15,"8,16,32,64",4,leakage_accounting=approximate_internal_transcript,512,100,real_data,4,identity,1,1f589a8f8fc4f2a6
real_typeii_20db_d512_bw100_blk0,cascade_lite,2,True,True,0.234375,0.026041666666666668,0.0,0.0,347.0,45,15.224499977193773,4,135,270,45,32,0,15,15,"8,16,32,64",4,leakage_accounting=approximate_internal_transcript,512,100,real_data,4,identity,1,1f589a8f8fc4f2a6
real_typeii_20db_d512_bw100_blk0,cascade_lite,3,True,True,0.21875,0.024305555555555556,0.0,0.0,344.0,42,9.366899961605668,4,135,270,42,32,0,14,14,"8,16,32,64",4,leakage_accounting=approximate_internal_transcript,512,100,real_data,4,identity,1,1f589a8f8fc4f2a6
real_typeii_20db_d512_bw100_blk0,cascade_lite,0,True,False,0.28125,0.03125,0.03125,0.003472222222222222,350.0,48,18.871600041165948,4,135,270,48,32,0,16,16,"8,16,32,64",6,leakage_accounting=approximate_internal_transcript,512,100,real_data,4,identity,0,47bfc7ece074fdaa
real_typeii_20db_d512_bw100_blk0,cascade_lite,1,True,True,0.234375,0.026041666666666668,0.0,0.0,347.0,45,2.6826999383047223,4,135,270,45,32,0,15,15,"8,16,32,64",6,leakage_accounting=approximate_internal_transcript,512,100,real_data,4,identity,0,47bfc7ece074fdaa
real_typeii_20db_d512_bw100_blk0,cascade_lite,2,True,True,0.234375,0.026041666666666668,0.0,0.0,347.0,45,23.70120002888143,4,135,270,45,32,0,15,15,"8,16,32,64",6,leakage_accounting=approximate_internal_transcript,512,100,real_data,4,identity,0,47bfc7ece074fdaa
real_typeii_20db_d512_bw100_blk0,cascade_lite,3,True,False,0.21875,0.024305555555555556,0.03125,0.003472222222222222,216.0,48,13.578500016592443,4,68,136,48,32,0,12,12,"8,16,32,64",6,leakage_accounting=approximate_internal_transcript,512,100,real_data,4,identity,0,47bfc7ece074fdaa
real_typeii_20db_d512_bw100_blk0,cascade_lite,0,True,True,0.28125,0.03125,0.0,0.0,360.0,58,14.450400019995868,4,135,270,58,32,0,18,18,"8,16,32,64",4,leakage_accounting=approximate_internal_transcript,512,100,real_data,4,seeded_random,0,ef3fd819508ca339
real_typeii_20db_d512_bw100_blk0,cascade_lite,1,True,True,0.234375,0.026041666666666668,0.0,0.0,349.0,47,36.16650006733835,4,135,270,47,32,0,15,15,"8,16,32,64",4,leakage_accounting=approximate_internal_transcript,512,100,real_data,4,seeded_random,0,ef3fd819508ca339
real_typeii_20db_d512_bw100_blk0,cascade_lite,2,True,True,0.234375,0.026041666666666668,0.0,0.0,349.0,47,32.1732999291271,4,135,270,47,32,0,15,15,"8,16,32,64",4,leakage_accounting=approximate_internal_transcript,512,100,real_data,4,seeded_random,0,ef3fd819508ca339
real_typeii_20db_d512_bw100_blk0,cascade_lite,3,True,True,0.21875,0.024305555555555556,0.0,0.0,228.0,60,7.990599959157407,4,68,136,60,32,0,14,14,"8,16,32,64",4,leakage_accounting=approximate_internal_transcript,512,100,real_data,4,seeded_random,0,ef3fd819508ca339
real_typeii_20db_d512_bw100_blk0,cascade_lite,0,True,True,0.28125,0.03125,0.0,0.0,356.0,54,22.79019996058196,4,135,270,54,32,0,18,18,"8,16,32,64",4,leakage_accounting=approximate_internal_transcript,512,100,real_data,4,seeded_random,1,b9f654c90a774d3d
real_typeii_20db_d512_bw100_blk0,cascade_lite,1,True,True,0.234375,0.026041666666666668,0.0,0.0,349.0,47,29.92270002141595,4,135,270,47,32,0,15,15,"8,16,32,64",4,leakage_accounting=approximate_internal_transcript,512,100,real_data,4,seeded_random,1,b9f654c90a774d3d
real_typeii_20db_d512_bw100_blk0,cascade_lite,2,True,True,0.234375,0.026041666666666668,0.0,0.0,236.0,68,14.361600042320788,4,68,136,68,32,0,15,15,"8,16,32,64",4,leakage_accounting=approximate_internal_transcript,512,100,real_data,4,seeded_random,1,b9f654c90a774d3d
real_typeii_20db_d512_bw100_blk0,cascade_lite,3,True,True,0.21875,0.024305555555555556,0.0,0.0,226.0,58,20.952999941073358,4,68,136,58,32,0,14,14,"8,16,32,64",4,leakage_accounting=approximate_internal_transcript,512,100,real_data,4,seeded_random,1,b9f654c90a774d3d
real_typeii_20db_d4096_bw20_blk0,cascade_lite,0,True,False,0.328125,0.02734375,0.09375,0.0078125,272.0,60,11.113699991255999,4,90,180,60,32,0,15,15,"16,32,64,128",6,leakage_accounting=approximate_internal_transcript,4096,20,real_data,16,identity,0,2bc34cb99845dc99
real_typeii_20db_d4096_bw20_blk0,cascade_lite,1,True,False,0.421875,0.03515625,0.125,0.010416666666666666,288.0,76,19.07849998679012,4,90,180,76,32,0,19,19,"16,32,64,128",6,leakage_accounting=approximate_internal_transcript,4096,20,real_data,16,identity,0,2bc34cb99845dc99
real_typeii_20db_d4096_bw20_blk0,cascade_lite,2,True,False,0.4375,0.036458333333333336,0.1875,0.015625,276.0,64,20.048300037160516,4,90,180,64,32,0,16,16,"16,32,64,128",6,leakage_accounting=approximate_internal_transcript,4096,20,real_data,16,identity,0,2bc34cb99845dc99
real_typeii_20db_d4096_bw20_blk0,cascade_lite,3,True,False,0.46875,0.0390625,0.09375,0.0078125,308.0,96,10.44540002476424,4,90,180,96,32,0,24,24,"16,32,64,128",6,leakage_accounting=approximate_internal_transcript,4096,20,real_data,16,identity,0,2bc34cb99845dc99
real_typeii_20db_d4096_bw20_blk0,cascade_lite,4,True,False,0.34375,0.028645833333333332,0.03125,0.0026041666666666665,292.0,80,1.455900026485324,4,90,180,80,32,0,20,20,"16,32,64,128",6,leakage_accounting=approximate_internal_transcript,4096,20,real_data,16,identity,0,2bc34cb99845dc99
real_typeii_20db_d4096_bw20_blk0,cascade_lite,5,True,False,0.359375,0.029947916666666668,0.03125,0.0026041666666666665,296.0,84,18.459800048731267,4,90,180,84,32,0,21,21,"16,32,64,128",6,leakage_accounting=approximate_internal_transcript,4096,20,real_data,16,identity,0,2bc34cb99845dc99
real_typeii_20db_d4096_bw20_blk0,cascade_lite,6,True,False,0.5,0.041666666666666664,0.09375,0.0078125,316.0,104,12.9002999747172,4,90,180,104,32,0,26,26,"16,32,64,128",6,leakage_accounting=approximate_internal_transcript,4096,20,real_data,16,identity,0,2bc34cb99845dc99
real_typeii_20db_d4096_bw20_blk0,cascade_lite,7,True,False,0.375,0.03125,0.03125,0.0026041666666666665,300.0,88,32.304199994541705,4,90,180,88,32,0,22,22,"16,32,64,128",6,leakage_accounting=approximate_internal_transcript,4096,20,real_data,16,identity,0,2bc34cb99845dc99
real_typeii_20db_d4096_bw20_blk0,cascade_lite,8,True,False,0.421875,0.03515625,0.125,0.010416666666666666,288.0,76,32.283500069752336,4,90,180,76,32,0,19,19,"16,32,64,128",6,leakage_accounting=approximate_internal_transcript,4096,20,real_data,16,identity,0,2bc34cb99845dc99
real_typeii_20db_d4096_bw20_blk0,cascade_lite,9,True,False,0.3125,0.026041666666666668,0.03125,0.0026041666666666665,284.0,72,15.94070007558912,4,90,180,72,32,0,18,18,"16,32,64,128",6,leakage_accounting=approximate_internal_transcript,4096,20,real_data,16,identity,0,2bc34cb99845dc99
real_typeii_20db_d4096_bw20_blk0,cascade_lite,10,True,False,0.375,0.03125,0.15625,0.013020833333333334,268.0,56,23.545000003650784,4,90,180,56,32,0,14,14,"16,32,64,128",6,leakage_accounting=approximate_internal_transcript,4096,20,real_data,16,identity,0,2bc34cb99845dc99
real_typeii_20db_d4096_bw20_blk0,cascade_lite,11,True,False,0.359375,0.029947916666666668,0.03125,0.0026041666666666665,296.0,84,9.770900011062622,4,90,180,84,32,0,21,21,"16,32,64,128",6,leakage_accounting=approximate_internal_transcript,4096,20,real_data,16,identity,0,2bc34cb99845dc99
real_typeii_20db_d4096_bw20_blk0,cascade_lite,12,True,False,0.421875,0.03515625,0.0625,0.005208333333333333,304.0,92,13.896999997086823,4,90,180,92,32,0,23,23,"16,32,64,128",6,leakage_accounting=approximate_internal_transcript,4096,20,real_data,16,identity,0,2bc34cb99845dc99
real_typeii_20db_d4096_bw20_blk0,cascade_lite,13,True,False,0.375,0.03125,0.0625,0.005208333333333333,292.0,80,32.390599953942,4,90,180,80,32,0,20,20,"16,32,64,128",6,leakage_accounting=approximate_internal_transcript,4096,20,real_data,16,identity,0,2bc34cb99845dc99
real_typeii_20db_d4096_bw20_blk0,cascade_lite,14,True,False,0.46875,0.0390625,0.0625,0.005208333333333333,316.0,104,13.568899943493307,4,90,180,104,32,0,26,26,"16,32,64,128",6,leakage_accounting=approximate_internal_transcript,4096,20,real_data,16,identity,0,2bc34cb99845dc99
real_typeii_20db_d4096_bw20_blk0,cascade_lite,15,True,False,0.40625,0.033854166666666664,0.0625,0.005208333333333333,300.0,88,16.681700013577938,4,90,180,88,32,0,22,22,"16,32,64,128",6,leakage_accounting=approximate_internal_transcript,4096,20,real_data,16,identity,0,2bc34cb99845dc99
real_typeii_20db_d512_bw100_blk0,cascade_lite,0,True,False,0.28125,0.03125,0.09375,0.010416666666666666,216.0,48,5.3316999692469835,4,68,136,48,32,0,12,12,"16,32,64,128",4,leakage_accounting=approximate_internal_transcript,512,100,real_data,4,identity,0,aeacee9a04c960ac
real_typeii_20db_d512_bw100_blk0,cascade_lite,1,True,False,0.234375,0.026041666666666668,0.0625,0.006944444444444444,212.0,44,7.271499955095351,4,68,136,44,32,0,11,11,"16,32,64,128",4,leakage_accounting=approximate_internal_transcript,512,100,real_data,4,identity,0,aeacee9a04c960ac
real_typeii_20db_d512_bw100_blk0,cascade_lite,2,True,True,0.234375,0.026041666666666668,0.0,0.0,228.0,60,15.776399988681078,4,68,136,60,32,0,15,15,"16,32,64,128",4,leakage_accounting=approximate_internal_transcript,512,100,real_data,4,identity,0,aeacee9a04c960ac
real_typeii_20db_d512_bw100_blk0,cascade_lite,3,True,False,0.21875,0.024305555555555556,0.03125,0.003472222222222222,216.0,48,17.479399917647243,4,68,136,48,32,0,12,12,"16,32,64,128",4,leakage_accounting=approximate_internal_transcript,512,100,real_data,4,identity,0,aeacee9a04c960ac
real_typeii_20db_d4096_bw20_blk0,cascade_lite,0,True,True,0.328125,0.02734375,0.0,0.0,464.0,70,33.85980008170009,4,181,362,70,32,0,21,21,"8,16,32,64",6,leakage_accounting=approximate_internal_transcript,4096,20,real_data,16,seeded_random,0,90e9c5c1c4435fdb
real_typeii_20db_d4096_bw20_blk0,cascade_lite,1,True,True,0.421875,0.03515625,0.0,0.0,483.0,91,8.551700040698051,4,180,360,91,32,0,27,27,"8,16,32,64",6,leakage_accounting=approximate_internal_transcript,4096,20,real_data,16,seeded_random,0,90e9c5c1c4435fdb
real_typeii_20db_d4096_bw20_blk0,cascade_lite,2,True,True,0.4375,0.036458333333333336,0.0,0.0,480.0,88,24.268899927847087,4,180,360,88,32,0,28,28,"8,16,32,64",6,leakage_accounting=approximate_internal_transcript,4096,20,real_data,16,seeded_random,0,90e9c5c1c4435fdb
real_typeii_20db_d4096_bw20_blk0,cascade_lite,3,True,True,0.46875,0.0390625,0.0,0.0,485.0,91,14.293599990196526,4,181,362,91,32,0,30,30,"8,16,32,64",6,leakage_accounting=approximate_internal_transcript,4096,20,real_data,16,seeded_random,0,90e9c5c1c4435fdb
real_typeii_20db_d4096_bw20_blk0,cascade_lite,4,True,True,0.34375,0.028645833333333332,0.0,0.0,464.0,72,28.91490003094077,4,180,360,72,32,0,22,22,"8,16,32,64",6,leakage_accounting=approximate_internal_transcript,4096,20,real_data,16,seeded_random,0,90e9c5c1c4435fdb
real_typeii_20db_d4096_bw20_blk0,cascade_lite,5,True,True,0.359375,0.029947916666666668,0.0,0.0,463.0,71,12.675400008447468,4,180,360,71,32,0,23,23,"8,16,32,64",6,leakage_accounting=approximate_internal_transcript,4096,20,real_data,16,seeded_random,0,90e9c5c1c4435fdb
real_typeii_20db_d4096_bw20_blk0,cascade_lite,6,True,True,0.5,0.041666666666666664,0.0,0.0,492.0,100,32.785399933345616,4,180,360,100,32,0,32,32,"8,16,32,64",6,leakage_accounting=approximate_internal_transcript,4096,20,real_data,16,seeded_random,0,90e9c5c1c4435fdb
real_typeii_20db_d4096_bw20_blk0,cascade_lite,7,True,True,0.375,0.03125,0.0,0.0,468.0,76,27.801900054328144,4,180,360,76,32,0,24,24,"8,16,32,64",6,leakage_accounting=approximate_internal_transcript,4096,20,real_data,16,seeded_random,0,90e9c5c1c4435fdb
real_typeii_20db_d4096_bw20_blk0,cascade_lite,8,True,True,0.421875,0.03515625,0.0,0.0,475.0,83,30.576599994674325,4,180,360,83,32,0,27,27,"8,16,32,64",6,leakage_accounting=approximate_internal_transcript,4096,20,real_data,16,seeded_random,0,90e9c5c1c4435fdb
real_typeii_20db_d4096_bw20_blk0,cascade_lite,9,True,True,0.3125,0.026041666666666668,0.0,0.0,456.0,64,22.23300002515316,4,180,360,64,32,0,20,20,"8,16,32,64",6,leakage_accounting=approximate_internal_transcript,4096,20,real_data,16,seeded_random,0,90e9c5c1c4435fdb
real_typeii_20db_d4096_bw20_blk0,cascade_lite,10,True,True,0.375,0.03125,0.0,0.0,466.0,74,18.259799922816455,4,180,360,74,32,0,24,24,"8,16,32,64",6,leakage_accounting=approximate_internal_transcript,4096,20,real_data,16,seeded_random,0,90e9c5c1c4435fdb
real_typeii_20db_d4096_bw20_blk0,cascade_lite,11,True,True,0.359375,0.029947916666666668,0.0,0.0,463.0,71,25.767599930986762,4,180,360,71,32,0,23,23,"8,16,32,64",6,leakage_accounting=approximate_internal_transcript,4096,20,real_data,16,seeded_random,0,90e9c5c1c4435fdb
real_typeii_20db_d4096_bw20_blk0,cascade_lite,12,True,True,0.421875,0.03515625,0.0,0.0,477.0,85,25.994200026616454,4,180,360,85,32,0,27,27,"8,16,32,64",6,leakage_accounting=approximate_internal_transcript,4096,20,real_data,16,seeded_random,0,90e9c5c1c4435fdb
real_typeii_20db_d4096_bw20_blk0,cascade_lite,13,True,True,0.375,0.03125,0.0,0.0,468.0,76,24.319299962371588,4,180,360,76,32,0,24,24,"8,16,32,64",6,leakage_accounting=approximate_internal_transcript,4096,20,real_data,16,seeded_random,0,90e9c5c1c4435fdb
real_typeii_20db_d4096_bw20_blk0,cascade_lite,14,True,True,0.46875,0.0390625,0.0,0.0,486.0,94,22.156700026243925,4,180,360,94,32,0,30,30,"8,16,32,64",6,leakage_accounting=approximate_internal_transcript,4096,20,real_data,16,seeded_random,0,90e9c5c1c4435fdb
real_typeii_20db_d4096_bw20_blk0,cascade_lite,15,True,True,0.40625,0.033854166666666664,0.0,0.0,480.0,88,24.198699975386262,4,180,360,88,32,0,26,26,"8,16,32,64",6,leakage_accounting=approximate_internal_transcript,4096,20,real_data,16,seeded_random,0,90e9c5c1c4435fdb
real_typeii_20db_d512_bw100_blk0,cascade_lite,0,True,False,0.28125,0.03125,0.09375,0.010416666666666666,216.0,48,7.203400018624961,4,68,136,48,32,0,12,12,"16,32,64,128",4,leakage_accounting=approximate_internal_transcript,512,100,real_data,4,identity,1,b274fad8603600d1
real_typeii_20db_d512_bw100_blk0,cascade_lite,1,True,False,0.234375,0.026041666666666668,0.0625,0.006944444444444444,212.0,44,1.7054000636562705,4,68,136,44,32,0,11,11,"16,32,64,128",4,leakage_accounting=approximate_internal_transcript,512,100,real_data,4,identity,1,b274fad8603600d1
real_typeii_20db_d512_bw100_blk0,cascade_lite,2,True,True,0.234375,0.026041666666666668,0.0,0.0,228.0,60,13.899200013838708,4,68,136,60,32,0,15,15,"16,32,64,128",4,leakage_accounting=approximate_internal_transcript,512,100,real_data,4,identity,1,b274fad8603600d1
real_typeii_20db_d512_bw100_blk0,cascade_lite,3,True,False,0.21875,0.024305555555555556,0.03125,0.003472222222222222,216.0,48,29.090299969539046,4,68,136,48,32,0,12,12,"16,32,64,128",4,leakage_accounting=approximate_internal_transcript,512,100,real_data,4,identity,1,b274fad8603600d1
real_typeii_20db_d512_bw100_blk0,cascade_lite,0,True,True,0.28125,0.03125,0.0,0.0,360.0,58,24.389099911786616,4,135,270,58,32,0,18,18,"8,16,32,64",6,leakage_accounting=approximate_internal_transcript,512,100,real_data,4,seeded_random,0,ab6194c1b8076873
real_typeii_20db_d512_bw100_blk0,cascade_lite,1,True,True,0.234375,0.026041666666666668,0.0,0.0,232.0,64,17.790100071579218,4,68,136,64,32,0,15,15,"8,16,32,64",6,leakage_accounting=approximate_internal_transcript,512,100,real_data,4,seeded_random,0,ab6194c1b8076873
real_typeii_20db_d512_bw100_blk0,cascade_lite,2,True,True,0.234375,0.026041666666666668,0.0,0.0,233.0,63,13.877700082957745,4,69,138,63,32,0,15,15,"8,16,32,64",6,leakage_accounting=approximate_internal_transcript,512,100,real_data,4,seeded_random,0,ab6194c1b8076873
real_typeii_20db_d512_bw100_blk0,cascade_lite,3,True,True,0.21875,0.024305555555555556,0.0,0.0,228.0,60,31.76600008737296,4,68,136,60,32,0,14,14,"8,16,32,64",6,leakage_accounting=approximate_internal_transcript,512,100,real_data,4,seeded_random,0,ab6194c1b8076873
real_typeii_20db_d512_bw100_blk0,cascade_lite,0,True,False,0.28125,0.03125,0.03125,0.003472222222222222,350.0,48,12.360099935904145,4,135,270,48,32,0,16,16,"8,16,32,64",6,leakage_accounting=approximate_internal_transcript,512,100,real_data,4,identity,1,d825734b6395c173
real_typeii_20db_d512_bw100_blk0,cascade_lite,1,True,False,0.234375,0.026041666666666668,0.0625,0.006944444444444444,212.0,44,23.644800065085292,4,68,136,44,32,0,11,11,"8,16,32,64",6,leakage_accounting=approximate_internal_transcript,512,100,real_data,4,identity,1,d825734b6395c173
real_typeii_20db_d512_bw100_blk0,cascade_lite,2,True,True,0.234375,0.026041666666666668,0.0,0.0,228.0,60,26.26299997791648,4,68,136,60,32,0,15,15,"8,16,32,64",6,leakage_accounting=approximate_internal_transcript,512,100,real_data,4,identity,1,d825734b6395c173
real_typeii_20db_d512_bw100_blk0,cascade_lite,3,True,False,0.21875,0.024305555555555556,0.03125,0.003472222222222222,216.0,48,31.03840001858771,4,68,136,48,32,0,12,12,"8,16,32,64",6,leakage_accounting=approximate_internal_transcript,512,100,real_data,4,identity,1,d825734b6395c173
real_typeii_20db_d4096_bw20_blk0,cascade_lite,0,True,True,0.328125,0.02734375,0.0,0.0,464.0,70,31.47519996855408,4,181,362,70,32,0,21,21,"8,16,32,64",4,leakage_accounting=approximate_internal_transcript,4096,20,real_data,16,seeded_random,0,c28ff99e89e31963
real_typeii_20db_d4096_bw20_blk0,cascade_lite,1,True,True,0.421875,0.03515625,0.0,0.0,483.0,91,46.50759999640286,4,180,360,91,32,0,27,27,"8,16,32,64",4,leakage_accounting=approximate_internal_transcript,4096,20,real_data,16,seeded_random,0,c28ff99e89e31963
real_typeii_20db_d4096_bw20_blk0,cascade_lite,2,True,True,0.4375,0.036458333333333336,0.0,0.0,480.0,88,32.65879990067333,4,180,360,88,32,0,28,28,"8,16,32,64",4,leakage_accounting=approximate_internal_transcript,4096,20,real_data,16,seeded_random,0,c28ff99e89e31963
real_typeii_20db_d4096_bw20_blk0,cascade_lite,3,True,True,0.46875,0.0390625,0.0,0.0,485.0,91,28.91940006520599,4,181,362,91,32,0,30,30,"8,16,32,64",4,leakage_accounting=approximate_internal_transcript,4096,20,real_data,16,seeded_random,0,c28ff99e89e31963
real_typeii_20db_d4096_bw20_blk0,cascade_lite,4,True,True,0.34375,0.028645833333333332,0.0,0.0,464.0,72,29.053800040856004,4,180,360,72,32,0,22,22,"8,16,32,64",4,leakage_accounting=approximate_internal_transcript,4096,20,real_data,16,seeded_random,0,c28ff99e89e31963
real_typeii_20db_d4096_bw20_blk0,cascade_lite,5,True,True,0.359375,0.029947916666666668,0.0,0.0,463.0,71,25.17999999690801,4,180,360,71,32,0,23,23,"8,16,32,64",4,leakage_accounting=approximate_internal_transcript,4096,20,real_data,16,seeded_random,0,c28ff99e89e31963
real_typeii_20db_d4096_bw20_blk0,cascade_lite,6,True,True,0.5,0.041666666666666664,0.0,0.0,492.0,100,21.30400005262345,4,180,360,100,32,0,32,32,"8,16,32,64",4,leakage_accounting=approximate_internal_transcript,4096,20,real_data,16,seeded_random,0,c28ff99e89e31963
real_typeii_20db_d4096_bw20_blk0,cascade_lite,7,True,True,0.375,0.03125,0.0,0.0,468.0,76,26.282700011506677,4,180,360,76,32,0,24,24,"8,16,32,64",4,leakage_accounting=approximate_internal_transcript,4096,20,real_data,16,seeded_random,0,c28ff99e89e31963
real_typeii_20db_d4096_bw20_blk0,cascade_lite,8,True,True,0.421875,0.03515625,0.0,0.0,475.0,83,37.58530004415661,4,180,360,83,32,0,27,27,"8,16,32,64",4,leakage_accounting=approximate_internal_transcript,4096,20,real_data,16,seeded_random,0,c28ff99e89e31963
real_typeii_20db_d4096_bw20_blk0,cascade_lite,9,True,True,0.3125,0.026041666666666668,0.0,0.0,456.0,64,6.012399913743138,4,180,360,64,32,0,20,20,"8,16,32,64",4,leakage_accounting=approximate_internal_transcript,4096,20,real_data,16,seeded_random,0,c28ff99e89e31963
real_typeii_20db_d4096_bw20_blk0,cascade_lite,10,True,True,0.375,0.03125,0.0,0.0,466.0,74,21.116900024935603,4,180,360,74,32,0,24,24,"8,16,32,64",4,leakage_accounting=approximate_internal_transcript,4096,20,real_data,16,seeded_random,0,c28ff99e89e31963
real_typeii_20db_d4096_bw20_blk0,cascade_lite,11,True,True,0.359375,0.029947916666666668,0.0,0.0,463.0,71,31.502499943599105,4,180,360,71,32,0,23,23,"8,16,32,64",4,leakage_accounting=approximate_internal_transcript,4096,20,real_data,16,seeded_random,0,c28ff99e89e31963
real_typeii_20db_d4096_bw20_blk0,cascade_lite,12,True,True,0.421875,0.03515625,0.0,0.0,477.0,85,33.32429996225983,4,180,360,85,32,0,27,27,"8,16,32,64",4,leakage_accounting=approximate_internal_transcript,4096,20,real_data,16,seeded_random,0,c28ff99e89e31963
real_typeii_20db_d4096_bw20_blk0,cascade_lite,13,True,True,0.375,0.03125,0.0,0.0,468.0,76,21.526500000618398,4,180,360,76,32,0,24,24,"8,16,32,64",4,leakage_accounting=approximate_internal_transcript,4096,20,real_data,16,seeded_random,0,c28ff99e89e31963
real_typeii_20db_d4096_bw20_blk0,cascade_lite,14,True,True,0.46875,0.0390625,0.0,0.0,486.0,94,12.382499990053475,4,180,360,94,32,0,30,30,"8,16,32,64",4,leakage_accounting=approximate_internal_transcript,4096,20,real_data,16,seeded_random,0,c28ff99e89e31963
real_typeii_20db_d4096_bw20_blk0,cascade_lite,15,True,True,0.40625,0.033854166666666664,0.0,0.0,480.0,88,15.388999949209392,4,180,360,88,32,0,26,26,"8,16,32,64",4,leakage_accounting=approximate_internal_transcript,4096,20,real_data,16,seeded_random,0,c28ff99e89e31963
real_typeii_20db_d512_bw100_blk0,cascade_lite,0,True,True,0.28125,0.03125,0.0,0.0,356.0,54,14.474499970674515,4,135,270,54,32,0,18,18,"8,16,32,64",6,leakage_accounting=approximate_internal_transcript,512,100,real_data,4,seeded_random,1,da44be679542d120
real_typeii_20db_d512_bw100_blk0,cascade_lite,1,True,True,0.234375,0.026041666666666668,0.0,0.0,234.0,66,22.5304999621585,4,68,136,66,32,0,15,15,"8,16,32,64",6,leakage_accounting=approximate_internal_transcript,512,100,real_data,4,seeded_random,1,da44be679542d120
real_typeii_20db_d512_bw100_blk0,cascade_lite,2,True,True,0.234375,0.026041666666666668,0.0,0.0,236.0,68,24.599700001999736,4,68,136,68,32,0,15,15,"8,16,32,64",6,leakage_accounting=approximate_internal_transcript,512,100,real_data,4,seeded_random,1,da44be679542d120
real_typeii_20db_d512_bw100_blk0,cascade_lite,3,True,True,0.21875,0.024305555555555556,0.0,0.0,346.0,44,30.727599980309606,4,135,270,44,32,0,14,14,"8,16,32,64",6,leakage_accounting=approximate_internal_transcript,512,100,real_data,4,seeded_random,1,da44be679542d120
real_typeii_20db_d4096_bw20_blk0,cascade_lite,0,True,True,0.328125,0.02734375,0.0,0.0,461.0,69,59.49890008196235,4,180,360,69,32,0,21,21,"8,16,32,64",4,leakage_accounting=approximate_internal_transcript,4096,20,real_data,16,seeded_random,1,7faaaf788b90c25a
real_typeii_20db_d4096_bw20_blk0,cascade_lite,1,True,True,0.421875,0.03515625,0.0,0.0,481.0,89,26.539299986325204,4,180,360,89,32,0,27,27,"8,16,32,64",4,leakage_accounting=approximate_internal_transcript,4096,20,real_data,16,seeded_random,1,7faaaf788b90c25a
real_typeii_20db_d4096_bw20_blk0,cascade_lite,2,True,True,0.4375,0.036458333333333336,0.0,0.0,480.0,88,27.478200034238398,4,180,360,88,32,0,28,28,"8,16,32,64",4,leakage_accounting=approximate_internal_transcript,4096,20,real_data,16,seeded_random,1,7faaaf788b90c25a
real_typeii_20db_d4096_bw20_blk0,cascade_lite,3,True,True,0.46875,0.0390625,0.0,0.0,492.0,100,33.37660001125187,4,180,360,100,32,0,30,30,"8,16,32,64",4,leakage_accounting=approximate_internal_transcript,4096,20,real_data,16,seeded_random,1,7faaaf788b90c25a
real_typeii_20db_d4096_bw20_blk0,cascade_lite,4,True,True,0.34375,0.028645833333333332,0.0,0.0,468.0,76,18.688000040128827,4,180,360,76,32,0,22,22,"8,16,32,64",4,leakage_accounting=approximate_internal_transcript,4096,20,real_data,16,seeded_random,1,7faaaf788b90c25a
real_typeii_20db_d4096_bw20_blk0,cascade_lite,5,True,True,0.359375,0.029947916666666668,0.0,0.0,465.0,73,22.14130002539605,4,180,360,73,32,0,23,23,"8,16,32,64",4,leakage_accounting=approximate_internal_transcript,4096,20,real_data,16,seeded_random,1,7faaaf788b90c25a
real_typeii_20db_d4096_bw20_blk0,cascade_lite,6,True,True,0.5,0.041666666666666664,0.0,0.0,498.0,106,42.380600003525615,4,180,360,106,32,0,32,32,"8,16,32,64",4,leakage_accounting=approximate_internal_transcript,4096,20,real_data,16,seeded_random,1,7faaaf788b90c25a
real_typeii_20db_d4096_bw20_blk0,cascade_lite,7,True,True,0.375,0.03125,0.0,0.0,474.0,82,24.057599948719144,4,180,360,82,32,0,24,24,"8,16,32,64",4,leakage_accounting=approximate_internal_transcript,4096,20,real_data,16,seeded_random,1,7faaaf788b90c25a
real_typeii_20db_d4096_bw20_blk0,cascade_lite,8,True,True,0.421875,0.03515625,0.0,0.0,482.0,88,23.628200055100024,4,181,362,88,32,0,27,27,"8,16,32,64",4,leakage_accounting=approximate_internal_transcript,4096,20,real_data,16,seeded_random,1,7faaaf788b90c25a
real_typeii_20db_d4096_bw20_blk0,cascade_lite,9,True,True,0.3125,0.026041666666666668,0.0,0.0,454.0,62,19.75119998678565,4,180,360,62,32,0,20,20,"8,16,32,64",4,leakage_accounting=approximate_internal_transcript,4096,20,real_data,16,seeded_random,1,7faaaf788b90c25a
real_typeii_20db_d4096_bw20_blk0,cascade_lite,10,True,True,0.375,0.03125,0.0,0.0,472.0,80,17.96890003606677,4,180,360,80,32,0,24,24,"8,16,32,64",4,leakage_accounting=approximate_internal_transcript,4096,20,real_data,16,seeded_random,1,7faaaf788b90c25a
real_typeii_20db_d4096_bw20_blk0,cascade_lite,11,True,True,0.359375,0.029947916666666668,0.0,0.0,467.0,75,15.300899976864457,4,180,360,75,32,0,23,23,"8,16,32,64",4,leakage_accounting=approximate_internal_transcript,4096,20,real_data,16,seeded_random,1,7faaaf788b90c25a
real_typeii_20db_d4096_bw20_blk0,cascade_lite,12,True,True,0.421875,0.03515625,0.0,0.0,477.0,85,23.561100009828806,4,180,360,85,32,0,27,27,"8,16,32,64",4,leakage_accounting=approximate_internal_transcript,4096,20,real_data,16,seeded_random,1,7faaaf788b90c25a
real_typeii_20db_d4096_bw20_blk0,cascade_lite,13,True,True,0.375,0.03125,0.0,0.0,468.0,76,20.878200070001185,4,180,360,76,32,0,24,24,"8,16,32,64",4,leakage_accounting=approximate_internal_transcript,4096,20,real_data,16,seeded_random,1,7faaaf788b90c25a
real_typeii_20db_d4096_bw20_blk0,cascade_lite,14,True,True,0.46875,0.0390625,0.0,0.0,486.0,94,24.027000064961612,4,180,360,94,32,0,30,30,"8,16,32,64",4,leakage_accounting=approximate_internal_transcript,4096,20,real_data,16,seeded_random,1,7faaaf788b90c25a
real_typeii_20db_d4096_bw20_blk0,cascade_lite,15,True,True,0.40625,0.033854166666666664,0.0,0.0,472.0,80,29.19960010331124,4,180,360,80,32,0,26,26,"8,16,32,64",4,leakage_accounting=approximate_internal_transcript,4096,20,real_data,16,seeded_random,1,7faaaf788b90c25a
real_typeii_20db_d512_bw100_blk0,cascade_lite,0,True,False,0.28125,0.03125,0.09375,0.010416666666666666,216.0,48,5.781500018201768,4,68,136,48,32,0,12,12,"16,32,64,128",6,leakage_accounting=approximate_internal_transcript,512,100,real_data,4,identity,1,86320143d2d78cc2
real_typeii_20db_d512_bw100_blk0,cascade_lite,1,True,True,0.234375,0.026041666666666668,0.0,0.0,347.0,45,17.518000095151365,4,135,270,45,32,0,15,15,"16,32,64,128",6,leakage_accounting=approximate_internal_transcript,512,100,real_data,4,identity,1,86320143d2d78cc2
real_typeii_20db_d512_bw100_blk0,cascade_lite,2,True,True,0.234375,0.026041666666666668,0.0,0.0,347.0,45,14.422300038859248,4,135,270,45,32,0,15,15,"16,32,64,128",6,leakage_accounting=approximate_internal_transcript,512,100,real_data,4,identity,1,86320143d2d78cc2
real_typeii_20db_d512_bw100_blk0,cascade_lite,3,True,True,0.21875,0.024305555555555556,0.0,0.0,344.0,42,15.82059997599572,4,135,270,42,32,0,14,14,"16,32,64,128",6,leakage_accounting=approximate_internal_transcript,512,100,real_data,4,identity,1,86320143d2d78cc2
real_typeii_20db_d512_bw100_blk0,cascade_lite,0,True,False,0.28125,0.03125,0.09375,0.010416666666666666,216.0,48,15.198700013570487,4,68,136,48,32,0,12,12,"16,32,64,128",6,leakage_accounting=approximate_internal_transcript,512,100,real_data,4,identity,0,63bd09359267310c
real_typeii_20db_d512_bw100_blk0,cascade_lite,1,True,True,0.234375,0.026041666666666668,0.0,0.0,347.0,45,21.019799984060228,4,135,270,45,32,0,15,15,"16,32,64,128",6,leakage_accounting=approximate_internal_transcript,512,100,real_data,4,identity,0,63bd09359267310c
real_typeii_20db_d512_bw100_blk0,cascade_lite,2,True,True,0.234375,0.026041666666666668,0.0,0.0,347.0,45,16.15359995048493,4,135,270,45,32,0,15,15,"16,32,64,128",6,leakage_accounting=approximate_internal_transcript,512,100,real_data,4,identity,0,63bd09359267310c
real_typeii_20db_d512_bw100_blk0,cascade_lite,3,True,True,0.21875,0.024305555555555556,0.0,0.0,344.0,42,9.78009996470064,4,135,270,42,32,0,14,14,"16,32,64,128",6,leakage_accounting=approximate_internal_transcript,512,100,real_data,4,identity,0,63bd09359267310c
real_typeii_20db_d512_bw100_blk0,cascade_lite,0,True,True,0.28125,0.03125,0.0,0.0,244.0,76,31.528900028206408,4,68,136,76,32,0,18,18,"16,32,64,128",4,leakage_accounting=approximate_internal_transcript,512,100,real_data,4,seeded_random,0,3ddb0e813f8c9fa7
real_typeii_20db_d512_bw100_blk0,cascade_lite,1,True,True,0.234375,0.026041666666666668,0.0,0.0,232.0,64,28.181400033645332,4,68,136,64,32,0,15,15,"16,32,64,128",4,leakage_accounting=approximate_internal_transcript,512,100,real_data,4,seeded_random,0,3ddb0e813f8c9fa7
real_typeii_20db_d512_bw100_blk0,cascade_lite,2,True,True,0.234375,0.026041666666666668,0.0,0.0,349.0,47,27.170800021849573,4,135,270,47,32,0,15,15,"16,32,64,128",4,leakage_accounting=approximate_internal_transcript,512,100,real_data,4,seeded_random,0,3ddb0e813f8c9fa7
real_typeii_20db_d512_bw100_blk0,cascade_lite,3,True,True,0.21875,0.024305555555555556,0.0,0.0,348.0,46,7.4619000079110265,4,135,270,46,32,0,14,14,"16,32,64,128",4,leakage_accounting=approximate_internal_transcript,512,100,real_data,4,seeded_random,0,3ddb0e813f8c9fa7
real_typeii_20db_d4096_bw20_blk0,cascade_lite,0,True,True,0.328125,0.02734375,0.0,0.0,461.0,69,35.962200025096536,4,180,360,69,32,0,21,21,"8,16,32,64",6,leakage_accounting=approximate_internal_transcript,4096,20,real_data,16,seeded_random,1,a09833a965a0ddf8
real_typeii_20db_d4096_bw20_blk0,cascade_lite,1,True,True,0.421875,0.03515625,0.0,0.0,481.0,89,25.730299996212125,4,180,360,89,32,0,27,27,"8,16,32,64",6,leakage_accounting=approximate_internal_transcript,4096,20,real_data,16,seeded_random,1,a09833a965a0ddf8
real_typeii_20db_d4096_bw20_blk0,cascade_lite,2,True,True,0.4375,0.036458333333333336,0.0,0.0,480.0,88,24.377600057050586,4,180,360,88,32,0,28,28,"8,16,32,64",6,leakage_accounting=approximate_internal_transcript,4096,20,real_data,16,seeded_random,1,a09833a965a0ddf8
real_typeii_20db_d4096_bw20_blk0,cascade_lite,3,True,True,0.46875,0.0390625,0.0,0.0,492.0,100,37.91610000189394,4,180,360,100,32,0,30,30,"8,16,32,64",6,leakage_accounting=approximate_internal_transcript,4096,20,real_data,16,seeded_random,1,a09833a965a0ddf8
real_typeii_20db_d4096_bw20_blk0,cascade_lite,4,True,True,0.34375,0.028645833333333332,0.0,0.0,468.0,76,18.102700007148087,4,180,360,76,32,0,22,22,"8,16,32,64",6,leakage_accounting=approximate_internal_transcript,4096,20,real_data,16,seeded_random,1,a09833a965a0ddf8
real_typeii_20db_d4096_bw20_blk0,cascade_lite,5,True,True,0.359375,0.029947916666666668,0.0,0.0,465.0,73,34.17040000203997,4,180,360,73,32,0,23,23,"8,16,32,64",6,leakage_accounting=approximate_internal_transcript,4096,20,real_data,16,seeded_random,1,a09833a965a0ddf8
real_typeii_20db_d4096_bw20_blk0,cascade_lite,6,True,True,0.5,0.041666666666666664,0.0,0.0,498.0,106,34.473299980163574,4,180,360,106,32,0,32,32,"8,16,32,64",6,leakage_accounting=approximate_internal_transcript,4096,20,real_data,16,seeded_random,1,a09833a965a0ddf8
real_typeii_20db_d4096_bw20_blk0,cascade_lite,7,True,True,0.375,0.03125,0.0,0.0,474.0,82,36.24319995287806,4,180,360,82,32,0,24,24,"8,16,32,64",6,leakage_accounting=approximate_internal_transcript,4096,20,real_data,16,seeded_random,1,a09833a965a0ddf8
real_typeii_20db_d4096_bw20_blk0,cascade_lite,8,True,True,0.421875,0.03515625,0.0,0.0,482.0,88,37.97649999614805,4,181,362,88,32,0,27,27,"8,16,32,64",6,leakage_accounting=approximate_internal_transcript,4096,20,real_data,16,seeded_random,1,a09833a965a0ddf8
real_typeii_20db_d4096_bw20_blk0,cascade_lite,9,True,True,0.3125,0.026041666666666668,0.0,0.0,454.0,62,14.241199940443039,4,180,360,62,32,0,20,20,"8,16,32,64",6,leakage_accounting=approximate_internal_transcript,4096,20,real_data,16,seeded_random,1,a09833a965a0ddf8
real_typeii_20db_d4096_bw20_blk0,cascade_lite,10,True,True,0.375,0.03125,0.0,0.0,472.0,80,21.698800032027066,4,180,360,80,32,0,24,24,"8,16,32,64",6,leakage_accounting=approximate_internal_transcript,4096,20,real_data,16,seeded_random,1,a09833a965a0ddf8
real_typeii_20db_d4096_bw20_blk0,cascade_lite,11,True,True,0.359375,0.029947916666666668,0.0,0.0,467.0,75,12.977699982002378,4,180,360,75,32,0,23,23,"8,16,32,64",6,leakage_accounting=approximate_internal_transcript,4096,20,real_data,16,seeded_random,1,a09833a965a0ddf8
real_typeii_20db_d4096_bw20_blk0,cascade_lite,12,True,True,0.421875,0.03515625,0.0,0.0,477.0,85,26.77969995420426,4,180,360,85,32,0,27,27,"8,16,32,64",6,leakage_accounting=approximate_internal_transcript,4096,20,real_data,16,seeded_random,1,a09833a965a0ddf8
real_typeii_20db_d4096_bw20_blk0,cascade_lite,13,True,True,0.375,0.03125,0.0,0.0,468.0,76,33.870200044475496,4,180,360,76,32,0,24,24,"8,16,32,64",6,leakage_accounting=approximate_internal_transcript,4096,20,real_data,16,seeded_random,1,a09833a965a0ddf8
real_typeii_20db_d4096_bw20_blk0,cascade_lite,14,True,True,0.46875,0.0390625,0.0,0.0,486.0,94,19.230299978516996,4,180,360,94,32,0,30,30,"8,16,32,64",6,leakage_accounting=approximate_internal_transcript,4096,20,real_data,16,seeded_random,1,a09833a965a0ddf8
real_typeii_20db_d4096_bw20_blk0,cascade_lite,15,True,True,0.40625,0.033854166666666664,0.0,0.0,472.0,80,21.977400057949126,4,180,360,80,32,0,26,26,"8,16,32,64",6,leakage_accounting=approximate_internal_transcript,4096,20,real_data,16,seeded_random,1,a09833a965a0ddf8
real_typeii_20db_d512_bw100_blk0,cascade_lite,0,True,False,0.28125,0.03125,0.03125,0.003472222222222222,350.0,48,7.243299973197281,4,135,270,48,32,0,16,16,"8,16,32,64",4,leakage_accounting=approximate_internal_transcript,512,100,real_data,16,identity,1,462a3bc6d744a527
real_typeii_20db_d512_bw100_blk0,cascade_lite,1,True,True,0.234375,0.026041666666666668,0.0,0.0,347.0,45,19.51740006916225,4,135,270,45,32,0,15,15,"8,16,32,64",4,leakage_accounting=approximate_internal_transcript,512,100,real_data,16,identity,1,462a3bc6d744a527
real_typeii_20db_d512_bw100_blk0,cascade_lite,2,True,True,0.234375,0.026041666666666668,0.0,0.0,347.0,45,13.253699988126755,4,135,270,45,32,0,15,15,"8,16,32,64",4,leakage_accounting=approximate_internal_transcript,512,100,real_data,16,identity,1,462a3bc6d744a527
real_typeii_20db_d512_bw100_blk0,cascade_lite,3,True,True,0.21875,0.024305555555555556,0.0,0.0,344.0,42,18.011000007390976,4,135,270,42,32,0,14,14,"8,16,32,64",4,leakage_accounting=approximate_internal_transcript,512,100,real_data,16,identity,1,462a3bc6d744a527
real_typeii_20db_d512_bw100_blk0,cascade_lite,0,True,True,0.28125,0.03125,0.0,0.0,360.0,58,20.575899980030954,4,135,270,58,32,0,18,18,"16,32,64,128",6,leakage_accounting=approximate_internal_transcript,512,100,real_data,4,seeded_random,0,c8e68be9f13a3ff7
real_typeii_20db_d512_bw100_blk0,cascade_lite,1,True,True,0.234375,0.026041666666666668,0.0,0.0,349.0,47,11.282899999059737,4,135,270,47,32,0,15,15,"16,32,64,128",6,leakage_accounting=approximate_internal_transcript,512,100,real_data,4,seeded_random,0,c8e68be9f13a3ff7
real_typeii_20db_d512_bw100_blk0,cascade_lite,2,True,True,0.234375,0.026041666666666668,0.0,0.0,349.0,47,11.256900033913553,4,135,270,47,32,0,15,15,"16,32,64,128",6,leakage_accounting=approximate_internal_transcript,512,100,real_data,4,seeded_random,0,c8e68be9f13a3ff7
real_typeii_20db_d512_bw100_blk0,cascade_lite,3,True,True,0.21875,0.024305555555555556,0.0,0.0,348.0,46,25.68919991608709,4,135,270,46,32,0,14,14,"16,32,64,128",6,leakage_accounting=approximate_internal_transcript,512,100,real_data,4,seeded_random,0,c8e68be9f13a3ff7
real_typeii_20db_d512_bw100_blk0,cascade_lite,0,True,True,0.28125,0.03125,0.0,0.0,242.0,74,15.117899980396032,4,68,136,74,32,0,18,18,"16,32,64,128",4,leakage_accounting=approximate_internal_transcript,512,100,real_data,4,seeded_random,1,29020ebdb18ce89f
real_typeii_20db_d512_bw100_blk0,cascade_lite,1,True,True,0.234375,0.026041666666666668,0.0,0.0,349.0,47,31.724800006486475,4,135,270,47,32,0,15,15,"16,32,64,128",4,leakage_accounting=approximate_internal_transcript,512,100,real_data,4,seeded_random,1,29020ebdb18ce89f
real_typeii_20db_d512_bw100_blk0,cascade_lite,2,True,True,0.234375,0.026041666666666668,0.0,0.0,353.0,51,11.330500012263656,4,135,270,51,32,0,15,15,"16,32,64,128",4,leakage_accounting=approximate_internal_transcript,512,100,real_data,4,seeded_random,1,29020ebdb18ce89f
real_typeii_20db_d512_bw100_blk0,cascade_lite,3,True,True,0.21875,0.024305555555555556,0.0,0.0,346.0,44,36.25789994839579,4,135,270,44,32,0,14,14,"16,32,64,128",4,leakage_accounting=approximate_internal_transcript,512,100,real_data,4,seeded_random,1,29020ebdb18ce89f
real_typeii_20db_d512_bw100_blk0,cascade_lite,0,True,False,0.28125,0.03125,0.03125,0.003472222222222222,350.0,48,15.08869999088347,4,135,270,48,32,0,16,16,"8,16,32,64",4,leakage_accounting=approximate_internal_transcript,512,100,real_data,16,identity,0,f09d76ded5a6e7d2
real_typeii_20db_d512_bw100_blk0,cascade_lite,1,True,True,0.234375,0.026041666666666668,0.0,0.0,347.0,45,21.52910002041608,4,135,270,45,32,0,15,15,"8,16,32,64",4,leakage_accounting=approximate_internal_transcript,512,100,real_data,16,identity,0,f09d76ded5a6e7d2
real_typeii_20db_d512_bw100_blk0,cascade_lite,2,True,True,0.234375,0.026041666666666668,0.0,0.0,347.0,45,23.85679993312806,4,135,270,45,32,0,15,15,"8,16,32,64",4,leakage_accounting=approximate_internal_transcript,512,100,real_data,16,identity,0,f09d76ded5a6e7d2
real_typeii_20db_d512_bw100_blk0,cascade_lite,3,True,False,0.21875,0.024305555555555556,0.03125,0.003472222222222222,216.0,48,12.759000062942505,4,68,136,48,32,0,12,12,"8,16,32,64",4,leakage_accounting=approximate_internal_transcript,512,100,real_data,16,identity,0,f09d76ded5a6e7d2
real_typeii_20db_d512_bw100_blk0,cascade_lite,0,True,False,0.28125,0.03125,0.03125,0.003472222222222222,350.0,48,11.464399984106421,4,135,270,48,32,0,16,16,"8,16,32,64",6,leakage_accounting=approximate_internal_transcript,512,100,real_data,16,identity,1,f21d3c73c2c63926
real_typeii_20db_d512_bw100_blk0,cascade_lite,1,True,True,0.234375,0.026041666666666668,0.0,0.0,347.0,45,5.669899983331561,4,135,270,45,32,0,15,15,"8,16,32,64",6,leakage_accounting=approximate_internal_transcript,512,100,real_data,16,identity,1,f21d3c73c2c63926
real_typeii_20db_d512_bw100_blk0,cascade_lite,2,True,True,0.234375,0.026041666666666668,0.0,0.0,228.0,60,12.61430000886321,4,68,136,60,32,0,15,15,"8,16,32,64",6,leakage_accounting=approximate_internal_transcript,512,100,real_data,16,identity,1,f21d3c73c2c63926
real_typeii_20db_d512_bw100_blk0,cascade_lite,3,True,False,0.21875,0.024305555555555556,0.03125,0.003472222222222222,216.0,48,7.910100044682622,4,68,136,48,32,0,12,12,"8,16,32,64",6,leakage_accounting=approximate_internal_transcript,512,100,real_data,16,identity,1,f21d3c73c2c63926
real_typeii_20db_d512_bw100_blk0,cascade_lite,0,True,True,0.28125,0.03125,0.0,0.0,356.0,54,28.260699938982725,4,135,270,54,32,0,18,18,"16,32,64,128",6,leakage_accounting=approximate_internal_transcript,512,100,real_data,4,seeded_random,1,bbcdaabb0f38893b
real_typeii_20db_d512_bw100_blk0,cascade_lite,1,True,True,0.234375,0.026041666666666668,0.0,0.0,349.0,47,32.72729995660484,4,135,270,47,32,0,15,15,"16,32,64,128",6,leakage_accounting=approximate_internal_transcript,512,100,real_data,4,seeded_random,1,bbcdaabb0f38893b
real_typeii_20db_d512_bw100_blk0,cascade_lite,2,True,True,0.234375,0.026041666666666668,0.0,0.0,236.0,68,6.89239997882396,4,68,136,68,32,0,15,15,"16,32,64,128",6,leakage_accounting=approximate_internal_transcript,512,100,real_data,4,seeded_random,1,bbcdaabb0f38893b
real_typeii_20db_d512_bw100_blk0,cascade_lite,3,True,True,0.21875,0.024305555555555556,0.0,0.0,226.0,58,17.03710004221648,4,68,136,58,32,0,14,14,"16,32,64,128",6,leakage_accounting=approximate_internal_transcript,512,100,real_data,4,seeded_random,1,bbcdaabb0f38893b
real_typeii_20db_d512_bw100_blk0,cascade_lite,0,True,False,0.28125,0.03125,0.03125,0.003472222222222222,350.0,48,11.308000073768198,4,135,270,48,32,0,16,16,"8,16,32,64",6,leakage_accounting=approximate_internal_transcript,512,100,real_data,16,identity,0,477ef1fd0ff5ecb2
real_typeii_20db_d512_bw100_blk0,cascade_lite,1,True,True,0.234375,0.026041666666666668,0.0,0.0,347.0,45,23.047600057907403,4,135,270,45,32,0,15,15,"8,16,32,64",6,leakage_accounting=approximate_internal_transcript,512,100,real_data,16,identity,0,477ef1fd0ff5ecb2
real_typeii_20db_d512_bw100_blk0,cascade_lite,2,True,True,0.234375,0.026041666666666668,0.0,0.0,228.0,60,3.387599950656295,4,68,136,60,32,0,15,15,"8,16,32,64",6,leakage_accounting=approximate_internal_transcript,512,100,real_data,16,identity,0,477ef1fd0ff5ecb2
real_typeii_20db_d512_bw100_blk0,cascade_lite,3,True,False,0.21875,0.024305555555555556,0.03125,0.003472222222222222,216.0,48,24.678600020706654,4,68,136,48,32,0,12,12,"8,16,32,64",6,leakage_accounting=approximate_internal_transcript,512,100,real_data,16,identity,0,477ef1fd0ff5ecb2
real_typeii_20db_d4096_bw20_blk0,cascade_lite,0,True,True,0.328125,0.02734375,0.0,0.0,308.0,94,39.262000005692244,4,91,182,94,32,0,21,21,"16,32,64,128",4,leakage_accounting=approximate_internal_transcript,4096,20,real_data,16,seeded_random,0,19e9870100f5792b
real_typeii_20db_d4096_bw20_blk0,cascade_lite,1,True,True,0.421875,0.03515625,0.0,0.0,334.0,118,22.041600081138313,4,92,184,118,32,0,27,27,"16,32,64,128",4,leakage_accounting=approximate_internal_transcript,4096,20,real_data,16,seeded_random,0,19e9870100f5792b
real_typeii_20db_d4096_bw20_blk0,cascade_lite,2,True,True,0.4375,0.036458333333333336,0.0,0.0,346.0,134,23.35780009161681,4,90,180,134,32,0,28,28,"16,32,64,128",4,leakage_accounting=approximate_internal_transcript,4096,20,real_data,16,seeded_random,0,19e9870100f5792b
real_typeii_20db_d4096_bw20_blk0,cascade_lite,3,True,True,0.46875,0.0390625,0.0,0.0,352.0,140,51.823200075887144,4,90,180,140,32,0,30,30,"16,32,64,128",4,leakage_accounting=approximate_internal_transcript,4096,20,real_data,16,seeded_random,0,19e9870100f5792b
real_typeii_20db_d4096_bw20_blk0,cascade_lite,4,True,True,0.34375,0.028645833333333332,0.0,0.0,314.0,102,25.08049993775785,4,90,180,102,32,0,22,22,"16,32,64,128",4,leakage_accounting=approximate_internal_transcript,4096,20,real_data,16,seeded_random,0,19e9870100f5792b
real_typeii_20db_d4096_bw20_blk0,cascade_lite,5,True,True,0.359375,0.029947916666666668,0.0,0.0,316.0,104,36.144400015473366,4,90,180,104,32,0,23,23,"16,32,64,128",4,leakage_accounting=approximate_internal_transcript,4096,20,real_data,16,seeded_random,0,19e9870100f5792b
real_typeii_20db_d4096_bw20_blk0,cascade_lite,6,True,True,0.5,0.041666666666666664,0.0,0.0,356.0,140,22.82720000948757,4,92,184,140,32,0,32,32,"16,32,64,128",4,leakage_accounting=approximate_internal_transcript,4096,20,real_data,16,seeded_random,0,19e9870100f5792b
real_typeii_20db_d4096_bw20_blk0,cascade_lite,7,True,True,0.375,0.03125,0.0,0.0,314.0,102,23.866200004704297,4,90,180,102,32,0,24,24,"16,32,64,128",4,leakage_accounting=approximate_internal_transcript,4096,20,real_data,16,seeded_random,0,19e9870100f5792b
real_typeii_20db_d4096_bw20_blk0,cascade_lite,8,True,True,0.421875,0.03515625,0.0,0.0,324.0,112,10.391399962827563,4,90,180,112,32,0,27,27,"16,32,64,128",4,leakage_accounting=approximate_internal_transcript,4096,20,real_data,16,seeded_random,0,19e9870100f5792b
real_typeii_20db_d4096_bw20_blk0,cascade_lite,9,True,True,0.3125,0.026041666666666668,0.0,0.0,298.0,86,15.229899901896715,4,90,180,86,32,0,20,20,"16,32,64,128",4,leakage_accounting=approximate_internal_transcript,4096,20,real_data,16,seeded_random,0,19e9870100f5792b
real_typeii_20db_d4096_bw20_blk0,cascade_lite,10,True,True,0.375,0.03125,0.0,0.0,324.0,110,52.12240002583712,4,91,182,110,32,0,24,24,"16,32,64,128",4,leakage_accounting=approximate_internal_transcript,4096,20,real_data,16,seeded_random,0,19e9870100f5792b
real_typeii_20db_d4096_bw20_blk0,cascade_lite,11,True,True,0.359375,0.029947916666666668,0.0,0.0,312.0,100,32.07039996050298,4,90,180,100,32,0,23,23,"16,32,64,128",4,leakage_accounting=approximate_internal_transcript,4096,20,real_data,16,seeded_random,0,19e9870100f5792b
real_typeii_20db_d4096_bw20_blk0,cascade_lite,12,True,True,0.421875,0.03515625,0.0,0.0,335.0,121,7.670399965718389,4,91,182,121,32,0,27,27,"16,32,64,128",4,leakage_accounting=approximate_internal_transcript,4096,20,real_data,16,seeded_random,0,19e9870100f5792b
real_typeii_20db_d4096_bw20_blk0,cascade_lite,13,True,True,0.375,0.03125,0.0,0.0,317.0,103,28.702499927021563,4,91,182,103,32,0,24,24,"16,32,64,128",4,leakage_accounting=approximate_internal_transcript,4096,20,real_data,16,seeded_random,0,19e9870100f5792b
real_typeii_20db_d4096_bw20_blk0,cascade_lite,14,True,True,0.46875,0.0390625,0.0,0.0,347.0,133,25.955599965527654,4,91,182,133,32,0,30,30,"16,32,64,128",4,leakage_accounting=approximate_internal_transcript,4096,20,real_data,16,seeded_random,0,19e9870100f5792b
real_typeii_20db_d4096_bw20_blk0,cascade_lite,15,True,True,0.40625,0.033854166666666664,0.0,0.0,334.0,122,27.169000008143485,4,90,180,122,32,0,26,26,"16,32,64,128",4,leakage_accounting=approximate_internal_transcript,4096,20,real_data,16,seeded_random,0,19e9870100f5792b
real_typeii_20db_d64_bw120_blk0,cascade_lite,0,True,False,0.28125,0.07291666666666667,0.140625,0.046875,242.0,30,0.4859999753534794,4,90,180,30,32,0,10,10,"8,16,32,64",4,leakage_accounting=approximate_internal_transcript,64,120,real_data,4,identity,0,6c76f6300a2bf603
real_typeii_20db_d64_bw120_blk0,cascade_lite,1,True,False,0.203125,0.1015625,0.15625,0.078125,239.0,27,0.4259999841451645,4,90,180,27,32,0,9,9,"8,16,32,64",4,leakage_accounting=approximate_internal_transcript,64,120,real_data,4,identity,0,6c76f6300a2bf603
real_typeii_20db_d64_bw120_blk0,cascade_lite,2,True,False,0.203125,0.08854166666666667,0.140625,0.0625,242.0,30,0.4430999979376793,4,90,180,30,32,0,10,10,"8,16,32,64",4,leakage_accounting=approximate_internal_transcript,64,120,real_data,4,identity,0,6c76f6300a2bf603
real_typeii_20db_d64_bw120_blk0,cascade_lite,3,True,False,0.234375,0.078125,0.125,0.052083333333333336,242.0,30,0.43439993169158697,4,90,180,30,32,0,10,10,"8,16,32,64",4,leakage_accounting=approximate_internal_transcript,64,120,real_data,4,identity,0,6c76f6300a2bf603
real_typeii_20db_d64_bw120_blk0,cascade_lite,0,True,False,0.28125,0.07291666666666667,0.140625,0.046875,242.0,30,0.5165999755263329,4,90,180,30,32,0,10,10,"8,16,32,64",4,leakage_accounting=approximate_internal_transcript,64,120,real_data,4,identity,1,1f589a8f8fc4f2a6
real_typeii_20db_d64_bw120_blk0,cascade_lite,1,True,False,0.203125,0.1015625,0.15625,0.078125,239.0,27,0.48019993118941784,4,90,180,27,32,0,9,9,"8,16,32,64",4,leakage_accounting=approximate_internal_transcript,64,120,real_data,4,identity,1,1f589a8f8fc4f2a6
real_typeii_20db_d64_bw120_blk0,cascade_lite,2,True,False,0.203125,0.08854166666666667,0.140625,0.0625,242.0,30,0.4361000610515475,4,90,180,30,32,0,10,10,"8,16,32,64",4,leakage_accounting=approximate_internal_transcript,64,120,real_data,4,identity,1,1f589a8f8fc4f2a6
real_typeii_20db_d64_bw120_blk0,cascade_lite,3,True,False,0.234375,0.078125,0.125,0.052083333333333336,242.0,30,0.4322000313550234,4,90,180,30,32,0,10,10,"8,16,32,64",4,leakage_accounting=approximate_internal_transcript,64,120,real_data,4,identity,1,1f589a8f8fc4f2a6
real_typeii_20db_d4096_bw20_blk0,cascade_lite,0,True,True,0.328125,0.02734375,0.0,0.0,302.0,90,29.937000013887882,4,90,180,90,32,0,21,21,"16,32,64,128",6,leakage_accounting=approximate_internal_transcript,4096,20,real_data,16,seeded_random,1,91e08c4131b829cd
real_typeii_20db_d4096_bw20_blk0,cascade_lite,1,True,True,0.421875,0.03515625,0.0,0.0,348.0,136,25.405799970030785,4,90,180,136,32,0,27,27,"16,32,64,128",6,leakage_accounting=approximate_internal_transcript,4096,20,real_data,16,seeded_random,1,91e08c4131b829cd
real_typeii_20db_d4096_bw20_blk0,cascade_lite,2,True,True,0.4375,0.036458333333333336,0.0,0.0,350.0,138,19.23880004324019,4,90,180,138,32,0,28,28,"16,32,64,128",6,leakage_accounting=approximate_internal_transcript,4096,20,real_data,16,seeded_random,1,91e08c4131b829cd
real_typeii_20db_d4096_bw20_blk0,cascade_lite,3,True,False,0.46875,0.0390625,0.03125,0.0026041666666666665,348.0,134,19.227399956434965,4,91,182,134,32,0,28,28,"16,32,64,128",6,leakage_accounting=approximate_internal_transcript,4096,20,real_data,16,seeded_random,1,91e08c4131b829cd
real_typeii_20db_d4096_bw20_blk0,cascade_lite,4,True,True,0.34375,0.028645833333333332,0.0,0.0,315.0,101,23.29529996495694,4,91,182,101,32,0,22,22,"16,32,64,128",6,leakage_accounting=approximate_internal_transcript,4096,20,real_data,16,seeded_random,1,91e08c4131b829cd
real_typeii_20db_d4096_bw20_blk0,cascade_lite,5,True,True,0.359375,0.029947916666666668,0.0,0.0,311.0,97,31.468500033952296,4,91,182,97,32,0,23,23,"16,32,64,128",6,leakage_accounting=approximate_internal_transcript,4096,20,real_data,16,seeded_random,1,91e08c4131b829cd
real_typeii_20db_d4096_bw20_blk0,cascade_lite,6,True,True,0.5,0.041666666666666664,0.0,0.0,364.0,148,28.284200001507998,4,92,184,148,32,0,32,32,"16,32,64,128",6,leakage_accounting=approximate_internal_transcript,4096,20,real_data,16,seeded_random,1,91e08c4131b829cd
real_typeii_20db_d4096_bw20_blk0,cascade_lite,7,True,True,0.375,0.03125,0.0,0.0,323.0,107,27.33279997482896,4,92,184,107,32,0,24,24,"16,32,64,128",6,leakage_accounting=approximate_internal_transcript,4096,20,real_data,16,seeded_random,1,91e08c4131b829cd
real_typeii_20db_d4096_bw20_blk0,cascade_lite,8,True,True,0.421875,0.03515625,0.0,0.0,334.0,122,17.04710000194609,4,90,180,122,32,0,27,27,"16,32,64,128",6,leakage_accounting=approximate_internal_transcript,4096,20,real_data,16,seeded_random,1,91e08c4131b829cd
real_typeii_20db_d4096_bw20_blk0,cascade_lite,9,True,True,0.3125,0.026041666666666668,0.0,0.0,300.0,88,8.16059997305274,4,90,180,88,32,0,20,20,"16,32,64,128",6,leakage_accounting=approximate_internal_transcript,4096,20,real_data,16,seeded_random,1,91e08c4131b829cd
real_typeii_20db_d4096_bw20_blk0,cascade_lite,10,True,True,0.375,0.03125,0.0,0.0,317.0,103,21.338799968361855,4,91,182,103,32,0,24,24,"16,32,64,128",6,leakage_accounting=approximate_internal_transcript,4096,20,real_data,16,seeded_random,1,91e08c4131b829cd
real_typeii_20db_d4096_bw20_blk0,cascade_lite,11,True,True,0.359375,0.029947916666666668,0.0,0.0,312.0,100,7.974499952979386,4,90,180,100,32,0,23,23,"16,32,64,128",6,leakage_accounting=approximate_internal_transcript,4096,20,real_data,16,seeded_random,1,91e08c4131b829cd
real_typeii_20db_d4096_bw20_blk0,cascade_lite,12,True,True,0.421875,0.03515625,0.0,0.0,338.0,126,22.012899979017675,4,90,180,126,32,0,27,27,"16,32,64,128",6,leakage_accounting=approximate_internal_transcript,4096,20,real_data,16,seeded_random,1,91e08c4131b829cd
real_typeii_20db_d4096_bw20_blk0,cascade_lite,13,True,True,0.375,0.03125,0.0,0.0,318.0,106,38.55920000933111,4,90,180,106,32,0,24,24,"16,32,64,128",6,leakage_accounting=approximate_internal_transcript,4096,20,real_data,16,seeded_random,1,91e08c4131b829cd
real_typeii_20db_d4096_bw20_blk0,cascade_lite,14,True,False,0.46875,0.0390625,0.03125,0.0026041666666666665,349.0,135,35.59240000322461,4,91,182,135,32,0,28,28,"16,32,64,128",6,leakage_accounting=approximate_internal_transcript,4096,20,real_data,16,seeded_random,1,91e08c4131b829cd
real_typeii_20db_d4096_bw20_blk0,cascade_lite,15,True,True,0.40625,0.033854166666666664,0.0,0.0,323.0,109,30.874700052663684,4,91,182,109,32,0,26,26,"16,32,64,128",6,leakage_accounting=approximate_internal_transcript,4096,20,real_data,16,seeded_random,1,91e08c4131b829cd
real_typeii_20db_d512_bw100_blk0,cascade_lite,0,True,True,0.28125,0.03125,0.0,0.0,360.0,58,27.067200047895312,4,135,270,58,32,0,18,18,"8,16,32,64",4,leakage_accounting=approximate_internal_transcript,512,100,real_data,16,seeded_random,0,c28ff99e89e31963
real_typeii_20db_d512_bw100_blk0,cascade_lite,1,True,True,0.234375,0.026041666666666668,0.0,0.0,349.0,47,13.627300038933754,4,135,270,47,32,0,15,15,"8,16,32,64",4,leakage_accounting=approximate_internal_transcript,512,100,real_data,16,seeded_random,0,c28ff99e89e31963
real_typeii_20db_d512_bw100_blk0,cascade_lite,2,True,True,0.234375,0.026041666666666668,0.0,0.0,233.0,63,34.63100001681596,4,69,138,63,32,0,15,15,"8,16,32,64",4,leakage_accounting=approximate_internal_transcript,512,100,real_data,16,seeded_random,0,c28ff99e89e31963
real_typeii_20db_d512_bw100_blk0,cascade_lite,3,True,True,0.21875,0.024305555555555556,0.0,0.0,228.0,60,26.835200027562678,4,68,136,60,32,0,14,14,"8,16,32,64",4,leakage_accounting=approximate_internal_transcript,512,100,real_data,16,seeded_random,0,c28ff99e89e31963
real_typeii_20db_d64_bw120_blk0,cascade_lite,0,True,False,0.28125,0.07291666666666667,0.140625,0.046875,242.0,30,0.48919999971985817,4,90,180,30,32,0,10,10,"8,16,32,64",6,leakage_accounting=approximate_internal_transcript,64,120,real_data,4,identity,0,47bfc7ece074fdaa
real_typeii_20db_d64_bw120_blk0,cascade_lite,1,True,False,0.203125,0.1015625,0.15625,0.078125,239.0,27,0.4309999058023095,4,90,180,27,32,0,9,9,"8,16,32,64",6,leakage_accounting=approximate_internal_transcript,64,120,real_data,4,identity,0,47bfc7ece074fdaa
real_typeii_20db_d64_bw120_blk0,cascade_lite,2,True,False,0.203125,0.08854166666666667,0.140625,0.0625,242.0,30,0.4463000223040581,4,90,180,30,32,0,10,10,"8,16,32,64",6,leakage_accounting=approximate_internal_transcript,64,120,real_data,4,identity,0,47bfc7ece074fdaa
real_typeii_20db_d64_bw120_blk0,cascade_lite,3,True,False,0.234375,0.078125,0.125,0.052083333333333336,242.0,30,0.43949997052550316,4,90,180,30,32,0,10,10,"8,16,32,64",6,leakage_accounting=approximate_internal_transcript,64,120,real_data,4,identity,0,47bfc7ece074fdaa
real_typeii_20db_d64_bw120_blk0,cascade_lite,0,True,False,0.28125,0.07291666666666667,0.140625,0.046875,242.0,30,0.4819999448955059,4,90,180,30,32,0,10,10,"8,16,32,64",6,leakage_accounting=approximate_internal_transcript,64,120,real_data,4,identity,1,d825734b6395c173
real_typeii_20db_d64_bw120_blk0,cascade_lite,1,True,False,0.203125,0.1015625,0.15625,0.078125,239.0,27,0.4627000307664275,4,90,180,27,32,0,9,9,"8,16,32,64",6,leakage_accounting=approximate_internal_transcript,64,120,real_data,4,identity,1,d825734b6395c173
real_typeii_20db_d64_bw120_blk0,cascade_lite,2,True,False,0.203125,0.08854166666666667,0.140625,0.0625,242.0,30,0.4504999378696084,4,90,180,30,32,0,10,10,"8,16,32,64",6,leakage_accounting=approximate_internal_transcript,64,120,real_data,4,identity,1,d825734b6395c173
real_typeii_20db_d64_bw120_blk0,cascade_lite,3,True,False,0.234375,0.078125,0.125,0.052083333333333336,242.0,30,0.4477000329643488,4,90,180,30,32,0,10,10,"8,16,32,64",6,leakage_accounting=approximate_internal_transcript,64,120,real_data,4,identity,1,d825734b6395c173
real_typeii_20db_d512_bw100_blk0,cascade_lite,0,True,False,0.28125,0.03125,0.09375,0.010416666666666666,216.0,48,21.33990009315312,4,68,136,48,32,0,12,12,"16,32,64,128",4,leakage_accounting=approximate_internal_transcript,512,100,real_data,16,identity,1,c6a64f370ed39663
real_typeii_20db_d512_bw100_blk0,cascade_lite,1,True,False,0.234375,0.026041666666666668,0.0625,0.006944444444444444,212.0,44,7.839800091460347,4,68,136,44,32,0,11,11,"16,32,64,128",4,leakage_accounting=approximate_internal_transcript,512,100,real_data,16,identity,1,c6a64f370ed39663
real_typeii_20db_d512_bw100_blk0,cascade_lite,2,True,True,0.234375,0.026041666666666668,0.0,0.0,228.0,60,10.178000084124506,4,68,136,60,32,0,15,15,"16,32,64,128",4,leakage_accounting=approximate_internal_transcript,512,100,real_data,16,identity,1,c6a64f370ed39663
real_typeii_20db_d512_bw100_blk0,cascade_lite,3,True,False,0.21875,0.024305555555555556,0.03125,0.003472222222222222,216.0,48,24.754999903962016,4,68,136,48,32,0,12,12,"16,32,64,128",4,leakage_accounting=approximate_internal_transcript,512,100,real_data,16,identity,1,c6a64f370ed39663
real_typeii_20db_d512_bw100_blk0,cascade_lite,0,True,False,0.28125,0.03125,0.09375,0.010416666666666666,216.0,48,10.069199954159558,4,68,136,48,32,0,12,12,"16,32,64,128",4,leakage_accounting=approximate_internal_transcript,512,100,real_data,16,identity,0,9d423c80473677e6
real_typeii_20db_d512_bw100_blk0,cascade_lite,1,True,False,0.234375,0.026041666666666668,0.0625,0.006944444444444444,212.0,44,7.481300039216876,4,68,136,44,32,0,11,11,"16,32,64,128",4,leakage_accounting=approximate_internal_transcript,512,100,real_data,16,identity,0,9d423c80473677e6
real_typeii_20db_d512_bw100_blk0,cascade_lite,2,True,True,0.234375,0.026041666666666668,0.0,0.0,228.0,60,13.725500088185072,4,68,136,60,32,0,15,15,"16,32,64,128",4,leakage_accounting=approximate_internal_transcript,512,100,real_data,16,identity,0,9d423c80473677e6
real_typeii_20db_d512_bw100_blk0,cascade_lite,3,True,False,0.21875,0.024305555555555556,0.03125,0.003472222222222222,216.0,48,38.82610006257892,4,68,136,48,32,0,12,12,"16,32,64,128",4,leakage_accounting=approximate_internal_transcript,512,100,real_data,16,identity,0,9d423c80473677e6
real_typeii_20db_d64_bw120_blk0,cascade_lite,0,True,False,0.28125,0.07291666666666667,0.140625,0.046875,162.0,40,0.4352000541985035,4,45,90,40,32,0,10,10,"16,32,64,128",4,leakage_accounting=approximate_internal_transcript,64,120,real_data,4,identity,0,aeacee9a04c960ac
real_typeii_20db_d64_bw120_blk0,cascade_lite,1,True,False,0.203125,0.1015625,0.171875,0.08333333333333333,150.0,28,0.3076000139117241,4,45,90,28,32,0,7,7,"16,32,64,128",4,leakage_accounting=approximate_internal_transcript,64,120,real_data,4,identity,0,aeacee9a04c960ac
real_typeii_20db_d64_bw120_blk0,cascade_lite,2,True,False,0.203125,0.08854166666666667,0.15625,0.06770833333333333,154.0,32,0.3200999926775694,4,45,90,32,32,0,8,8,"16,32,64,128",4,leakage_accounting=approximate_internal_transcript,64,120,real_data,4,identity,0,aeacee9a04c960ac
real_typeii_20db_d64_bw120_blk0,cascade_lite,3,True,False,0.234375,0.078125,0.171875,0.0625,146.0,24,0.29280001763254404,4,45,90,24,32,0,6,6,"16,32,64,128",4,leakage_accounting=approximate_internal_transcript,64,120,real_data,4,identity,0,aeacee9a04c960ac
real_typeii_20db_d64_bw120_blk0,cascade_lite,0,True,False,0.28125,0.07291666666666667,0.140625,0.046875,162.0,40,0.4039999330416322,4,45,90,40,32,0,10,10,"16,32,64,128",4,leakage_accounting=approximate_internal_transcript,64,120,real_data,4,identity,1,b274fad8603600d1
real_typeii_20db_d64_bw120_blk0,cascade_lite,1,True,False,0.203125,0.1015625,0.171875,0.08333333333333333,150.0,28,0.30690000858157873,4,45,90,28,32,0,7,7,"16,32,64,128",4,leakage_accounting=approximate_internal_transcript,64,120,real_data,4,identity,1,b274fad8603600d1
real_typeii_20db_d64_bw120_blk0,cascade_lite,2,True,False,0.203125,0.08854166666666667,0.15625,0.06770833333333333,154.0,32,0.3173999721184373,4,45,90,32,32,0,8,8,"16,32,64,128",4,leakage_accounting=approximate_internal_transcript,64,120,real_data,4,identity,1,b274fad8603600d1
real_typeii_20db_d64_bw120_blk0,cascade_lite,3,True,False,0.234375,0.078125,0.171875,0.0625,146.0,24,0.27489999774843454,4,45,90,24,32,0,6,6,"16,32,64,128",4,leakage_accounting=approximate_internal_transcript,64,120,real_data,4,identity,1,b274fad8603600d1
real_typeii_20db_d64_bw120_blk0,cascade_lite,0,True,False,0.28125,0.07291666666666667,0.09375,0.015625,226.0,100,0.8570000063627958,4,47,94,100,32,0,22,22,"16,32,64,128",4,leakage_accounting=approximate_internal_transcript,64,120,real_data,4,seeded_random,0,3ddb0e813f8c9fa7
real_typeii_20db_d64_bw120_blk0,cascade_lite,1,True,False,0.203125,0.1015625,0.078125,0.015625,293.0,155,1.0981999803334475,4,53,106,155,32,0,33,33,"16,32,64,128",4,leakage_accounting=approximate_internal_transcript,64,120,real_data,4,seeded_random,0,3ddb0e813f8c9fa7
real_typeii_20db_d64_bw120_blk0,cascade_lite,2,True,False,0.203125,0.08854166666666667,0.109375,0.0234375,246.0,116,0.8634000550955534,4,49,98,116,32,0,25,25,"16,32,64,128",4,leakage_accounting=approximate_internal_transcript,64,120,real_data,4,seeded_random,0,3ddb0e813f8c9fa7
real_typeii_20db_d64_bw120_blk0,cascade_lite,3,True,False,0.234375,0.078125,0.03125,0.0078125,256.0,126,0.9288000874221325,4,49,98,126,32,0,27,27,"16,32,64,128",4,leakage_accounting=approximate_internal_transcript,64,120,real_data,4,seeded_random,0,3ddb0e813f8c9fa7
real_typeii_20db_d4096_bw20_blk0,cascade_lite,0,True,True,0.328125,0.02734375,0.0,0.0,308.0,94,33.94190000835806,4,91,182,94,32,0,21,21,"16,32,64,128",6,leakage_accounting=approximate_internal_transcript,4096,20,real_data,16,seeded_random,0,f4cc5c3e86519271
real_typeii_20db_d4096_bw20_blk0,cascade_lite,1,True,True,0.421875,0.03515625,0.0,0.0,334.0,118,15.031300019472837,4,92,184,118,32,0,27,27,"16,32,64,128",6,leakage_accounting=approximate_internal_transcript,4096,20,real_data,16,seeded_random,0,f4cc5c3e86519271
real_typeii_20db_d4096_bw20_blk0,cascade_lite,2,True,True,0.4375,0.036458333333333336,0.0,0.0,346.0,134,32.170900027267635,4,90,180,134,32,0,28,28,"16,32,64,128",6,leakage_accounting=approximate_internal_transcript,4096,20,real_data,16,seeded_random,0,f4cc5c3e86519271
real_typeii_20db_d4096_bw20_blk0,cascade_lite,3,True,True,0.46875,0.0390625,0.0,0.0,352.0,140,28.11359998304397,4,90,180,140,32,0,30,30,"16,32,64,128",6,leakage_accounting=approximate_internal_transcript,4096,20,real_data,16,seeded_random,0,f4cc5c3e86519271
real_typeii_20db_d4096_bw20_blk0,cascade_lite,4,True,True,0.34375,0.028645833333333332,0.0,0.0,314.0,102,22.297599934972823,4,90,180,102,32,0,22,22,"16,32,64,128",6,leakage_accounting=approximate_internal_transcript,4096,20,real_data,16,seeded_random,0,f4cc5c3e86519271
real_typeii_20db_d4096_bw20_blk0,cascade_lite,5,True,True,0.359375,0.029947916666666668,0.0,0.0,316.0,104,18.10059999115765,4,90,180,104,32,0,23,23,"16,32,64,128",6,leakage_accounting=approximate_internal_transcript,4096,20,real_data,16,seeded_random,0,f4cc5c3e86519271
real_typeii_20db_d4096_bw20_blk0,cascade_lite,6,True,True,0.5,0.041666666666666664,0.0,0.0,356.0,140,37.19609999097884,4,92,184,140,32,0,32,32,"16,32,64,128",6,leakage_accounting=approximate_internal_transcript,4096,20,real_data,16,seeded_random,0,f4cc5c3e86519271
real_typeii_20db_d4096_bw20_blk0,cascade_lite,7,True,True,0.375,0.03125,0.0,0.0,314.0,102,41.70249996241182,4,90,180,102,32,0,24,24,"16,32,64,128",6,leakage_accounting=approximate_internal_transcript,4096,20,real_data,16,seeded_random,0,f4cc5c3e86519271
real_typeii_20db_d4096_bw20_blk0,cascade_lite,8,True,True,0.421875,0.03515625,0.0,0.0,324.0,112,20.369499921798706,4,90,180,112,32,0,27,27,"16,32,64,128",6,leakage_accounting=approximate_internal_transcript,4096,20,real_data,16,seeded_random,0,f4cc5c3e86519271
real_typeii_20db_d4096_bw20_blk0,cascade_lite,9,True,True,0.3125,0.026041666666666668,0.0,0.0,298.0,86,26.19190001860261,4,90,180,86,32,0,20,20,"16,32,64,128",6,leakage_accounting=approximate_internal_transcript,4096,20,real_data,16,seeded_random,0,f4cc5c3e86519271
real_typeii_20db_d4096_bw20_blk0,cascade_lite,10,True,True,0.375,0.03125,0.0,0.0,324.0,110,19.640700076706707,4,91,182,110,32,0,24,24,"16,32,64,128",6,leakage_accounting=approximate_internal_transcript,4096,20,real_data,16,seeded_random,0,f4cc5c3e86519271
real_typeii_20db_d4096_bw20_blk0,cascade_lite,11,True,True,0.359375,0.029947916666666668,0.0,0.0,312.0,100,24.05980008188635,4,90,180,100,32,0,23,23,"16,32,64,128",6,leakage_accounting=approximate_internal_transcript,4096,20,real_data,16,seeded_random,0,f4cc5c3e86519271
real_typeii_20db_d4096_bw20_blk0,cascade_lite,12,True,True,0.421875,0.03515625,0.0,0.0,335.0,121,34.05970009043813,4,91,182,121,32,0,27,27,"16,32,64,128",6,leakage_accounting=approximate_internal_transcript,4096,20,real_data,16,seeded_random,0,f4cc5c3e86519271
real_typeii_20db_d4096_bw20_blk0,cascade_lite,13,True,True,0.375,0.03125,0.0,0.0,317.0,103,14.218000113032758,4,91,182,103,32,0,24,24,"16,32,64,128",6,leakage_accounting=approximate_internal_transcript,4096,20,real_data,16,seeded_random,0,f4cc5c3e86519271
real_typeii_20db_d4096_bw20_blk0,cascade_lite,14,True,True,0.46875,0.0390625,0.0,0.0,347.0,133,14.577100053429604,4,91,182,133,32,0,30,30,"16,32,64,128",6,leakage_accounting=approximate_internal_transcript,4096,20,real_data,16,seeded_random,0,f4cc5c3e86519271
real_typeii_20db_d4096_bw20_blk0,cascade_lite,15,True,True,0.40625,0.033854166666666664,0.0,0.0,334.0,122,29.57879996392876,4,90,180,122,32,0,26,26,"16,32,64,128",6,leakage_accounting=approximate_internal_transcript,4096,20,real_data,16,seeded_random,0,f4cc5c3e86519271
real_typeii_20db_d64_bw120_blk0,cascade_lite,0,True,False,0.28125,0.07291666666666667,0.140625,0.046875,162.0,40,0.4105999832972884,4,45,90,40,32,0,10,10,"16,32,64,128",6,leakage_accounting=approximate_internal_transcript,64,120,real_data,4,identity,0,63bd09359267310c
real_typeii_20db_d64_bw120_blk0,cascade_lite,1,True,False,0.203125,0.1015625,0.171875,0.08333333333333333,150.0,28,0.3082999028265476,4,45,90,28,32,0,7,7,"16,32,64,128",6,leakage_accounting=approximate_internal_transcript,64,120,real_data,4,identity,0,63bd09359267310c
real_typeii_20db_d64_bw120_blk0,cascade_lite,2,True,False,0.203125,0.08854166666666667,0.15625,0.06770833333333333,154.0,32,0.3176000900566578,4,45,90,32,32,0,8,8,"16,32,64,128",6,leakage_accounting=approximate_internal_transcript,64,120,real_data,4,identity,0,63bd09359267310c
real_typeii_20db_d64_bw120_blk0,cascade_lite,3,True,False,0.234375,0.078125,0.171875,0.0625,146.0,24,0.27130008675158024,4,45,90,24,32,0,6,6,"16,32,64,128",6,leakage_accounting=approximate_internal_transcript,64,120,real_data,4,identity,0,63bd09359267310c
real_typeii_20db_d64_bw120_blk0,cascade_lite,0,True,False,0.28125,0.07291666666666667,0.140625,0.046875,162.0,40,0.39820000529289246,4,45,90,40,32,0,10,10,"16,32,64,128",6,leakage_accounting=approximate_internal_transcript,64,120,real_data,4,identity,1,86320143d2d78cc2
real_typeii_20db_d64_bw120_blk0,cascade_lite,1,True,False,0.203125,0.1015625,0.171875,0.08333333333333333,150.0,28,0.29879994690418243,4,45,90,28,32,0,7,7,"16,32,64,128",6,leakage_accounting=approximate_internal_transcript,64,120,real_data,4,identity,1,86320143d2d78cc2
real_typeii_20db_d64_bw120_blk0,cascade_lite,2,True,False,0.203125,0.08854166666666667,0.15625,0.06770833333333333,154.0,32,0.35069999285042286,4,45,90,32,32,0,8,8,"16,32,64,128",6,leakage_accounting=approximate_internal_transcript,64,120,real_data,4,identity,1,86320143d2d78cc2
real_typeii_20db_d64_bw120_blk0,cascade_lite,3,True,False,0.234375,0.078125,0.171875,0.0625,146.0,24,0.2712999703362584,4,45,90,24,32,0,6,6,"16,32,64,128",6,leakage_accounting=approximate_internal_transcript,64,120,real_data,4,identity,1,86320143d2d78cc2
real_typeii_20db_d64_bw120_blk0,cascade_lite,0,True,False,0.28125,0.07291666666666667,0.03125,0.005208333333333333,303.0,89,28.634199989028275,4,91,182,89,32,0,26,26,"8,16,32,64",4,leakage_accounting=approximate_internal_transcript,64,120,real_data,4,seeded_random,0,ef3fd819508ca339
real_typeii_20db_d64_bw120_blk0,cascade_lite,1,True,False,0.203125,0.1015625,0.078125,0.015625,293.0,155,1.1057000374421477,4,53,106,155,32,0,33,33,"8,16,32,64",4,leakage_accounting=approximate_internal_transcript,64,120,real_data,4,seeded_random,0,ef3fd819508ca339
real_typeii_20db_d64_bw120_blk0,cascade_lite,2,True,False,0.203125,0.08854166666666667,0.109375,0.0234375,246.0,116,0.8815999608486891,4,49,98,116,32,0,25,25,"8,16,32,64",4,leakage_accounting=approximate_internal_transcript,64,120,real_data,4,seeded_random,0,ef3fd819508ca339
real_typeii_20db_d64_bw120_blk0,cascade_lite,3,True,False,0.234375,0.078125,0.03125,0.0078125,256.0,126,18.968399963341653,4,49,98,126,32,0,27,27,"8,16,32,64",4,leakage_accounting=approximate_internal_transcript,64,120,real_data,4,seeded_random,0,ef3fd819508ca339
real_typeii_20db_d512_bw100_blk0,cascade_lite,0,True,True,0.28125,0.03125,0.0,0.0,356.0,54,23.00190005917102,4,135,270,54,32,0,18,18,"8,16,32,64",4,leakage_accounting=approximate_internal_transcript,512,100,real_data,16,seeded_random,1,7faaaf788b90c25a
real_typeii_20db_d512_bw100_blk0,cascade_lite,1,True,True,0.234375,0.026041666666666668,0.0,0.0,349.0,47,41.16930009331554,4,135,270,47,32,0,15,15,"8,16,32,64",4,leakage_accounting=approximate_internal_transcript,512,100,real_data,16,seeded_random,1,7faaaf788b90c25a
real_typeii_20db_d512_bw100_blk0,cascade_lite,2,True,True,0.234375,0.026041666666666668,0.0,0.0,236.0,68,24.398199981078506,4,68,136,68,32,0,15,15,"8,16,32,64",4,leakage_accounting=approximate_internal_transcript,512,100,real_data,16,seeded_random,1,7faaaf788b90c25a
real_typeii_20db_d512_bw100_blk0,cascade_lite,3,True,True,0.21875,0.024305555555555556,0.0,0.0,226.0,58,57.05239996314049,4,68,136,58,32,0,14,14,"8,16,32,64",4,leakage_accounting=approximate_internal_transcript,512,100,real_data,16,seeded_random,1,7faaaf788b90c25a
real_typeii_20db_d64_bw120_blk0,cascade_lite,0,True,False,0.28125,0.07291666666666667,0.140625,0.046875,242.0,30,0.47930004075169563,4,90,180,30,32,0,10,10,"8,16,32,64",4,leakage_accounting=approximate_internal_transcript,64,120,real_data,16,identity,0,f09d76ded5a6e7d2
real_typeii_20db_d64_bw120_blk0,cascade_lite,1,True,False,0.203125,0.1015625,0.15625,0.078125,239.0,27,0.4311999073252082,4,90,180,27,32,0,9,9,"8,16,32,64",4,leakage_accounting=approximate_internal_transcript,64,120,real_data,16,identity,0,f09d76ded5a6e7d2
real_typeii_20db_d64_bw120_blk0,cascade_lite,2,True,False,0.203125,0.08854166666666667,0.140625,0.0625,242.0,30,0.43670006562024355,4,90,180,30,32,0,10,10,"8,16,32,64",4,leakage_accounting=approximate_internal_transcript,64,120,real_data,16,identity,0,f09d76ded5a6e7d2
real_typeii_20db_d64_bw120_blk0,cascade_lite,3,True,False,0.234375,0.078125,0.125,0.052083333333333336,242.0,30,0.44079998042434454,4,90,180,30,32,0,10,10,"8,16,32,64",4,leakage_accounting=approximate_internal_transcript,64,120,real_data,16,identity,0,f09d76ded5a6e7d2
real_typeii_20db_d64_bw120_blk0,cascade_lite,0,True,False,0.28125,0.07291666666666667,0.140625,0.046875,242.0,30,0.4830000689253211,4,90,180,30,32,0,10,10,"8,16,32,64",4,leakage_accounting=approximate_internal_transcript,64,120,real_data,16,identity,1,462a3bc6d744a527
real_typeii_20db_d64_bw120_blk0,cascade_lite,1,True,False,0.203125,0.1015625,0.15625,0.078125,239.0,27,0.43809995986521244,4,90,180,27,32,0,9,9,"8,16,32,64",4,leakage_accounting=approximate_internal_transcript,64,120,real_data,16,identity,1,462a3bc6d744a527
real_typeii_20db_d64_bw120_blk0,cascade_lite,2,True,False,0.203125,0.08854166666666667,0.140625,0.0625,242.0,30,0.44789991807192564,4,90,180,30,32,0,10,10,"8,16,32,64",4,leakage_accounting=approximate_internal_transcript,64,120,real_data,16,identity,1,462a3bc6d744a527
real_typeii_20db_d64_bw120_blk0,cascade_lite,3,True,False,0.234375,0.078125,0.125,0.052083333333333336,242.0,30,0.44159998651593924,4,90,180,30,32,0,10,10,"8,16,32,64",4,leakage_accounting=approximate_internal_transcript,64,120,real_data,16,identity,1,462a3bc6d744a527
real_typeii_20db_d512_bw100_blk0,cascade_lite,0,True,True,0.28125,0.03125,0.0,0.0,242.0,74,26.494399993680418,4,68,136,74,32,0,18,18,"8,16,32,64",6,leakage_accounting=approximate_internal_transcript,512,100,real_data,16,seeded_random,1,a09833a965a0ddf8
real_typeii_20db_d512_bw100_blk0,cascade_lite,1,True,True,0.234375,0.026041666666666668,0.0,0.0,234.0,66,13.439500005915761,4,68,136,66,32,0,15,15,"8,16,32,64",6,leakage_accounting=approximate_internal_transcript,512,100,real_data,16,seeded_random,1,a09833a965a0ddf8
real_typeii_20db_d512_bw100_blk0,cascade_lite,2,True,True,0.234375,0.026041666666666668,0.0,0.0,236.0,68,17.76429999154061,4,68,136,68,32,0,15,15,"8,16,32,64",6,leakage_accounting=approximate_internal_transcript,512,100,real_data,16,seeded_random,1,a09833a965a0ddf8
real_typeii_20db_d512_bw100_blk0,cascade_lite,3,True,True,0.21875,0.024305555555555556,0.0,0.0,226.0,58,70.68459992296994,4,68,136,58,32,0,14,14,"8,16,32,64",6,leakage_accounting=approximate_internal_transcript,512,100,real_data,16,seeded_random,1,a09833a965a0ddf8
real_typeii_20db_d512_bw100_blk0,cascade_lite,0,True,True,0.28125,0.03125,0.0,0.0,360.0,58,11.938199982978404,4,135,270,58,32,0,18,18,"8,16,32,64",6,leakage_accounting=approximate_internal_transcript,512,100,real_data,16,seeded_random,0,90e9c5c1c4435fdb
real_typeii_20db_d512_bw100_blk0,cascade_lite,1,True,True,0.234375,0.026041666666666668,0.0,0.0,232.0,64,39.534499985165894,4,68,136,64,32,0,15,15,"8,16,32,64",6,leakage_accounting=approximate_internal_transcript,512,100,real_data,16,seeded_random,0,90e9c5c1c4435fdb
real_typeii_20db_d512_bw100_blk0,cascade_lite,2,True,True,0.234375,0.026041666666666668,0.0,0.0,233.0,63,40.62280000653118,4,69,138,63,32,0,15,15,"8,16,32,64",6,leakage_accounting=approximate_internal_transcript,512,100,real_data,16,seeded_random,0,90e9c5c1c4435fdb
real_typeii_20db_d512_bw100_blk0,cascade_lite,3,True,True,0.21875,0.024305555555555556,0.0,0.0,228.0,60,49.281599931418896,4,68,136,60,32,0,14,14,"8,16,32,64",6,leakage_accounting=approximate_internal_transcript,512,100,real_data,16,seeded_random,0,90e9c5c1c4435fdb
real_typeii_20db_d512_bw100_blk0,cascade_lite,0,True,False,0.28125,0.03125,0.09375,0.010416666666666666,216.0,48,17.002100008539855,4,68,136,48,32,0,12,12,"16,32,64,128",6,leakage_accounting=approximate_internal_transcript,512,100,real_data,16,identity,0,2bc34cb99845dc99
real_typeii_20db_d512_bw100_blk0,cascade_lite,1,True,False,0.234375,0.026041666666666668,0.0625,0.006944444444444444,212.0,44,17.98939995933324,4,68,136,44,32,0,11,11,"16,32,64,128",6,leakage_accounting=approximate_internal_transcript,512,100,real_data,16,identity,0,2bc34cb99845dc99
real_typeii_20db_d512_bw100_blk0,cascade_lite,2,True,True,0.234375,0.026041666666666668,0.0,0.0,228.0,60,55.17389997839928,4,68,136,60,32,0,15,15,"16,32,64,128",6,leakage_accounting=approximate_internal_transcript,512,100,real_data,16,identity,0,2bc34cb99845dc99
real_typeii_20db_d512_bw100_blk0,cascade_lite,3,True,False,0.21875,0.024305555555555556,0.03125,0.003472222222222222,216.0,48,14.923600014299154,4,68,136,48,32,0,12,12,"16,32,64,128",6,leakage_accounting=approximate_internal_transcript,512,100,real_data,16,identity,0,2bc34cb99845dc99
real_typeii_20db_d64_bw120_blk0,cascade_lite,0,True,False,0.28125,0.07291666666666667,0.140625,0.046875,242.0,30,8.03330005146563,4,90,180,30,32,0,10,10,"8,16,32,64",6,leakage_accounting=approximate_internal_transcript,64,120,real_data,16,identity,0,477ef1fd0ff5ecb2
real_typeii_20db_d64_bw120_blk0,cascade_lite,1,True,False,0.203125,0.1015625,0.15625,0.078125,239.0,27,0.4384000785648823,4,90,180,27,32,0,9,9,"8,16,32,64",6,leakage_accounting=approximate_internal_transcript,64,120,real_data,16,identity,0,477ef1fd0ff5ecb2
real_typeii_20db_d64_bw120_blk0,cascade_lite,2,True,False,0.203125,0.08854166666666667,0.140625,0.0625,242.0,30,0.44020009227097034,4,90,180,30,32,0,10,10,"8,16,32,64",6,leakage_accounting=approximate_internal_transcript,64,120,real_data,16,identity,0,477ef1fd0ff5ecb2
real_typeii_20db_d64_bw120_blk0,cascade_lite,3,True,False,0.234375,0.078125,0.125,0.052083333333333336,242.0,30,0.4309999058023095,4,90,180,30,32,0,10,10,"8,16,32,64",6,leakage_accounting=approximate_internal_transcript,64,120,real_data,16,identity,0,477ef1fd0ff5ecb2
real_typeii_20db_d64_bw120_blk0,cascade_lite,0,True,False,0.28125,0.07291666666666667,0.140625,0.046875,242.0,30,0.4862999776378274,4,90,180,30,32,0,10,10,"8,16,32,64",6,leakage_accounting=approximate_internal_transcript,64,120,real_data,16,identity,1,f21d3c73c2c63926
real_typeii_20db_d64_bw120_blk0,cascade_lite,1,True,False,0.203125,0.1015625,0.15625,0.078125,239.0,27,0.4792000399902463,4,90,180,27,32,0,9,9,"8,16,32,64",6,leakage_accounting=approximate_internal_transcript,64,120,real_data,16,identity,1,f21d3c73c2c63926
real_typeii_20db_d64_bw120_blk0,cascade_lite,2,True,False,0.203125,0.08854166666666667,0.140625,0.0625,242.0,30,0.4472000291571021,4,90,180,30,32,0,10,10,"8,16,32,64",6,leakage_accounting=approximate_internal_transcript,64,120,real_data,16,identity,1,f21d3c73c2c63926
real_typeii_20db_d64_bw120_blk0,cascade_lite,3,True,False,0.234375,0.078125,0.125,0.052083333333333336,242.0,30,0.4374999552965164,4,90,180,30,32,0,10,10,"8,16,32,64",6,leakage_accounting=approximate_internal_transcript,64,120,real_data,16,identity,1,f21d3c73c2c63926
real_typeii_20db_d512_bw100_blk0,cascade_lite,0,True,True,0.28125,0.03125,0.0,0.0,242.0,74,18.932599923573434,4,68,136,74,32,0,18,18,"16,32,64,128",4,leakage_accounting=approximate_internal_transcript,512,100,real_data,16,seeded_random,1,ad1f4d64f73fcc30
real_typeii_20db_d512_bw100_blk0,cascade_lite,1,True,True,0.234375,0.026041666666666668,0.0,0.0,234.0,66,19.037600024603307,4,68,136,66,32,0,15,15,"16,32,64,128",4,leakage_accounting=approximate_internal_transcript,512,100,real_data,16,seeded_random,1,ad1f4d64f73fcc30
real_typeii_20db_d512_bw100_blk0,cascade_lite,2,True,True,0.234375,0.026041666666666668,0.0,0.0,236.0,68,66.77629996556789,4,68,136,68,32,0,15,15,"16,32,64,128",4,leakage_accounting=approximate_internal_transcript,512,100,real_data,16,seeded_random,1,ad1f4d64f73fcc30
real_typeii_20db_d512_bw100_blk0,cascade_lite,3,True,True,0.21875,0.024305555555555556,0.0,0.0,226.0,58,34.55809992738068,4,68,136,58,32,0,14,14,"16,32,64,128",4,leakage_accounting=approximate_internal_transcript,512,100,real_data,16,seeded_random,1,ad1f4d64f73fcc30
real_typeii_20db_d64_bw120_blk0,cascade_lite,0,True,False,0.28125,0.07291666666666667,0.140625,0.046875,162.0,40,0.39659999310970306,4,45,90,40,32,0,10,10,"16,32,64,128",4,leakage_accounting=approximate_internal_transcript,64,120,real_data,16,identity,0,9d423c80473677e6
real_typeii_20db_d64_bw120_blk0,cascade_lite,1,True,False,0.203125,0.1015625,0.171875,0.08333333333333333,150.0,28,0.30360009986907244,4,45,90,28,32,0,7,7,"16,32,64,128",4,leakage_accounting=approximate_internal_transcript,64,120,real_data,16,identity,0,9d423c80473677e6
real_typeii_20db_d64_bw120_blk0,cascade_lite,2,True,False,0.203125,0.08854166666666667,0.15625,0.06770833333333333,154.0,32,0.3195001045241952,4,45,90,32,32,0,8,8,"16,32,64,128",4,leakage_accounting=approximate_internal_transcript,64,120,real_data,16,identity,0,9d423c80473677e6
real_typeii_20db_d64_bw120_blk0,cascade_lite,3,True,False,0.234375,0.078125,0.171875,0.0625,146.0,24,0.27810002211481333,4,45,90,24,32,0,6,6,"16,32,64,128",4,leakage_accounting=approximate_internal_transcript,64,120,real_data,16,identity,0,9d423c80473677e6
real_typeii_20db_d64_bw120_blk0,cascade_lite,0,True,False,0.28125,0.07291666666666667,0.140625,0.046875,162.0,40,0.3999999025836587,4,45,90,40,32,0,10,10,"16,32,64,128",4,leakage_accounting=approximate_internal_transcript,64,120,real_data,16,identity,1,c6a64f370ed39663
real_typeii_20db_d64_bw120_blk0,cascade_lite,1,True,False,0.203125,0.1015625,0.171875,0.08333333333333333,150.0,28,0.3026999766007066,4,45,90,28,32,0,7,7,"16,32,64,128",4,leakage_accounting=approximate_internal_transcript,64,120,real_data,16,identity,1,c6a64f370ed39663
real_typeii_20db_d64_bw120_blk0,cascade_lite,2,True,False,0.203125,0.08854166666666667,0.15625,0.06770833333333333,154.0,32,0.31670008320361376,4,45,90,32,32,0,8,8,"16,32,64,128",4,leakage_accounting=approximate_internal_transcript,64,120,real_data,16,identity,1,c6a64f370ed39663
real_typeii_20db_d64_bw120_blk0,cascade_lite,3,True,False,0.234375,0.078125,0.171875,0.0625,146.0,24,0.27270009741187096,4,45,90,24,32,0,6,6,"16,32,64,128",4,leakage_accounting=approximate_internal_transcript,64,120,real_data,16,identity,1,c6a64f370ed39663
real_typeii_20db_d64_bw120_blk0,cascade_lite,0,True,True,0.28125,0.07291666666666667,0.0,0.0,316.0,104,28.509499970823526,4,90,180,104,32,0,28,28,"8,16,32,64",6,leakage_accounting=approximate_internal_transcript,64,120,real_data,4,seeded_random,1,da44be679542d120
real_typeii_20db_d64_bw120_blk0,cascade_lite,1,True,False,0.203125,0.1015625,0.125,0.0234375,268.0,138,17.78090000152588,4,49,98,138,32,0,30,30,"8,16,32,64",6,leakage_accounting=approximate_internal_transcript,64,120,real_data,4,seeded_random,1,da44be679542d120
real_typeii_20db_d64_bw120_blk0,cascade_lite,2,True,True,0.203125,0.08854166666666667,0.0,0.0,342.0,130,23.983800085261464,4,90,180,130,32,0,34,34,"8,16,32,64",6,leakage_accounting=approximate_internal_transcript,64,120,real_data,4,seeded_random,1,da44be679542d120
real_typeii_20db_d64_bw120_blk0,cascade_lite,3,True,True,0.234375,0.078125,0.0,0.0,320.0,106,18.606600002385676,4,91,182,106,32,0,30,30,"8,16,32,64",6,leakage_accounting=approximate_internal_transcript,64,120,real_data,4,seeded_random,1,da44be679542d120
real_typeii_20db_d64_bw120_blk0,cascade_lite,0,True,False,0.28125,0.07291666666666667,0.03125,0.005208333333333333,303.0,89,29.7164999647066,4,91,182,89,32,0,26,26,"8,16,32,64",6,leakage_accounting=approximate_internal_transcript,64,120,real_data,4,seeded_random,0,ab6194c1b8076873
real_typeii_20db_d64_bw120_blk0,cascade_lite,1,True,False,0.203125,0.1015625,0.078125,0.015625,293.0,155,32.79420000035316,4,53,106,155,32,0,33,33,"8,16,32,64",6,leakage_accounting=approximate_internal_transcript,64,120,real_data,4,seeded_random,0,ab6194c1b8076873
real_typeii_20db_d64_bw120_blk0,cascade_lite,2,True,True,0.203125,0.08854166666666667,0.0,0.0,327.0,113,12.79670000076294,4,91,182,113,32,0,34,34,"8,16,32,64",6,leakage_accounting=approximate_internal_transcript,64,120,real_data,4,seeded_random,0,ab6194c1b8076873
real_typeii_20db_d64_bw120_blk0,cascade_lite,3,True,True,0.234375,0.078125,0.0,0.0,320.0,106,1.18240003939718,4,91,182,106,32,0,30,30,"8,16,32,64",6,leakage_accounting=approximate_internal_transcript,64,120,real_data,4,seeded_random,0,ab6194c1b8076873
real_typeii_20db_d64_bw120_blk0,cascade_lite,0,True,False,0.28125,0.07291666666666667,0.09375,0.015625,226.0,100,8.830499951727688,4,47,94,100,32,0,22,22,"16,32,64,128",4,leakage_accounting=approximate_internal_transcript,64,120,real_data,16,seeded_random,0,19e9870100f5792b
real_typeii_20db_d64_bw120_blk0,cascade_lite,1,True,False,0.203125,0.1015625,0.078125,0.015625,293.0,155,1.0827999794855714,4,53,106,155,32,0,33,33,"16,32,64,128",4,leakage_accounting=approximate_internal_transcript,64,120,real_data,16,seeded_random,0,19e9870100f5792b
real_typeii_20db_d64_bw120_blk0,cascade_lite,2,True,False,0.203125,0.08854166666666667,0.109375,0.0234375,246.0,116,0.8529999759048223,4,49,98,116,32,0,25,25,"16,32,64,128",4,leakage_accounting=approximate_internal_transcript,64,120,real_data,16,seeded_random,0,19e9870100f5792b
real_typeii_20db_d64_bw120_blk0,cascade_lite,3,True,False,0.234375,0.078125,0.03125,0.0078125,256.0,126,0.9283000836148858,4,49,98,126,32,0,27,27,"16,32,64,128",4,leakage_accounting=approximate_internal_transcript,64,120,real_data,16,seeded_random,0,19e9870100f5792b
real_typeii_20db_d64_bw120_blk0,cascade_lite,0,True,False,0.28125,0.07291666666666667,0.140625,0.046875,162.0,40,0.484699965454638,4,45,90,40,32,0,10,10,"16,32,64,128",6,leakage_accounting=approximate_internal_transcript,64,120,real_data,16,identity,1,aec586233b5d565e
real_typeii_20db_d64_bw120_blk0,cascade_lite,1,True,False,0.203125,0.1015625,0.171875,0.08333333333333333,150.0,28,0.3527000080794096,4,45,90,28,32,0,7,7,"16,32,64,128",6,leakage_accounting=approximate_internal_transcript,64,120,real_data,16,identity,1,aec586233b5d565e
real_typeii_20db_d64_bw120_blk0,cascade_lite,2,True,False,0.203125,0.08854166666666667,0.15625,0.06770833333333333,154.0,32,0.3174999728798866,4,45,90,32,32,0,8,8,"16,32,64,128",6,leakage_accounting=approximate_internal_transcript,64,120,real_data,16,identity,1,aec586233b5d565e
real_typeii_20db_d64_bw120_blk0,cascade_lite,3,True,False,0.234375,0.078125,0.171875,0.0625,146.0,24,0.2738999901339412,4,45,90,24,32,0,6,6,"16,32,64,128",6,leakage_accounting=approximate_internal_transcript,64,120,real_data,16,identity,1,aec586233b5d565e
real_typeii_20db_d64_bw120_blk0,cascade_lite,0,True,False,0.28125,0.07291666666666667,0.140625,0.046875,162.0,40,0.4045999376103282,4,45,90,40,32,0,10,10,"16,32,64,128",6,leakage_accounting=approximate_internal_transcript,64,120,real_data,16,identity,0,2bc34cb99845dc99
real_typeii_20db_d64_bw120_blk0,cascade_lite,1,True,False,0.203125,0.1015625,0.171875,0.08333333333333333,150.0,28,0.30289997812360525,4,45,90,28,32,0,7,7,"16,32,64,128",6,leakage_accounting=approximate_internal_transcript,64,120,real_data,16,identity,0,2bc34cb99845dc99
real_typeii_20db_d64_bw120_blk0,cascade_lite,2,True,False,0.203125,0.08854166666666667,0.15625,0.06770833333333333,154.0,32,0.3144999500364065,4,45,90,32,32,0,8,8,"16,32,64,128",6,leakage_accounting=approximate_internal_transcript,64,120,real_data,16,identity,0,2bc34cb99845dc99
real_typeii_20db_d64_bw120_blk0,cascade_lite,3,True,False,0.234375,0.078125,0.171875,0.0625,146.0,24,14.342400012537837,4,45,90,24,32,0,6,6,"16,32,64,128",6,leakage_accounting=approximate_internal_transcript,64,120,real_data,16,identity,0,2bc34cb99845dc99
real_typeii_20db_d64_bw120_blk0,cascade_lite,0,True,False,0.28125,0.07291666666666667,0.0625,0.010416666666666666,237.0,107,26.857299963012338,4,49,98,107,32,0,24,24,"16,32,64,128",4,leakage_accounting=approximate_internal_transcript,64,120,real_data,16,seeded_random,1,ad1f4d64f73fcc30
real_typeii_20db_d64_bw120_blk0,cascade_lite,1,True,False,0.203125,0.1015625,0.125,0.0234375,268.0,138,1.0563000105321407,4,49,98,138,32,0,30,30,"16,32,64,128",4,leakage_accounting=approximate_internal_transcript,64,120,real_data,16,seeded_random,1,ad1f4d64f73fcc30
real_typeii_20db_d64_bw120_blk0,cascade_lite,2,True,False,0.203125,0.08854166666666667,0.078125,0.020833333333333332,256.0,122,0.8852999890223145,4,51,102,122,32,0,26,26,"16,32,64,128",4,leakage_accounting=approximate_internal_transcript,64,120,real_data,16,seeded_random,1,ad1f4d64f73fcc30
real_typeii_20db_d64_bw120_blk0,cascade_lite,3,True,False,0.234375,0.078125,0.0625,0.013020833333333334,248.0,120,0.9264999534934759,4,48,96,120,32,0,25,25,"16,32,64,128",4,leakage_accounting=approximate_internal_transcript,64,120,real_data,16,seeded_random,1,ad1f4d64f73fcc30
real_typeii_20db_d8_bw180_blk0,cascade_lite,0,True,False,0.140625,0.0625,0.078125,0.041666666666666664,134.0,12,0.27169997338205576,4,45,90,12,32,0,4,4,"8,16,32,64",4,leakage_accounting=approximate_internal_transcript,8,180,real_data,4,identity,0,6c76f6300a2bf603
real_typeii_20db_d8_bw180_blk0,cascade_lite,1,True,False,0.046875,0.026041666666666668,0.015625,0.010416666666666666,131.0,9,0.22390007507055998,4,45,90,9,32,0,3,3,"8,16,32,64",4,leakage_accounting=approximate_internal_transcript,8,180,real_data,4,identity,0,6c76f6300a2bf603
real_typeii_20db_d8_bw180_blk0,cascade_lite,2,True,False,0.046875,0.015625,0.03125,0.010416666666666666,125.0,3,0.18390000332146883,4,45,90,3,32,0,1,1,"8,16,32,64",4,leakage_accounting=approximate_internal_transcript,8,180,real_data,4,identity,0,6c76f6300a2bf603
real_typeii_20db_d8_bw180_blk0,cascade_lite,3,True,False,0.109375,0.046875,0.078125,0.03125,131.0,9,0.22400007583200932,4,45,90,9,32,0,3,3,"8,16,32,64",4,leakage_accounting=approximate_internal_transcript,8,180,real_data,4,identity,0,6c76f6300a2bf603
real_typeii_20db_d8_bw180_blk0,cascade_lite,0,True,False,0.140625,0.0625,0.078125,0.041666666666666664,134.0,12,0.2487000310793519,4,45,90,12,32,0,4,4,"8,16,32,64",4,leakage_accounting=approximate_internal_transcript,8,180,real_data,4,identity,1,1f589a8f8fc4f2a6
real_typeii_20db_d8_bw180_blk0,cascade_lite,1,True,False,0.046875,0.026041666666666668,0.015625,0.010416666666666666,131.0,9,0.21080009173601866,4,45,90,9,32,0,3,3,"8,16,32,64",4,leakage_accounting=approximate_internal_transcript,8,180,real_data,4,identity,1,1f589a8f8fc4f2a6
real_typeii_20db_d8_bw180_blk0,cascade_lite,2,True,False,0.046875,0.015625,0.03125,0.010416666666666666,125.0,3,0.19510008860379457,4,45,90,3,32,0,1,1,"8,16,32,64",4,leakage_accounting=approximate_internal_transcript,8,180,real_data,4,identity,1,1f589a8f8fc4f2a6
real_typeii_20db_d8_bw180_blk0,cascade_lite,3,True,False,0.109375,0.046875,0.078125,0.03125,131.0,9,0.21629990078508854,4,45,90,9,32,0,3,3,"8,16,32,64",4,leakage_accounting=approximate_internal_transcript,8,180,real_data,4,identity,1,1f589a8f8fc4f2a6
real_typeii_20db_d64_bw120_blk0,cascade_lite,0,True,False,0.28125,0.07291666666666667,0.0625,0.010416666666666666,237.0,107,0.9129000827670097,4,49,98,107,32,0,24,24,"16,32,64,128",6,leakage_accounting=approximate_internal_transcript,64,120,real_data,16,seeded_random,1,91e08c4131b829cd
real_typeii_20db_d64_bw120_blk0,cascade_lite,1,True,False,0.203125,0.1015625,0.125,0.0234375,268.0,138,1.1082000564783812,4,49,98,138,32,0,30,30,"16,32,64,128",6,leakage_accounting=approximate_internal_transcript,64,120,real_data,16,seeded_random,1,91e08c4131b829cd
real_typeii_20db_d64_bw120_blk0,cascade_lite,2,True,False,0.203125,0.08854166666666667,0.078125,0.020833333333333332,256.0,122,0.8937999373301864,4,51,102,122,32,0,26,26,"16,32,64,128",6,leakage_accounting=approximate_internal_transcript,64,120,real_data,16,seeded_random,1,91e08c4131b829cd
real_typeii_20db_d64_bw120_blk0,cascade_lite,3,True,False,0.234375,0.078125,0.0625,0.013020833333333334,248.0,120,0.8905000286176801,4,48,96,120,32,0,25,25,"16,32,64,128",6,leakage_accounting=approximate_internal_transcript,64,120,real_data,16,seeded_random,1,91e08c4131b829cd
real_typeii_20db_d512_bw100_blk0,cascade_lite,0,True,False,0.28125,0.03125,0.09375,0.010416666666666666,216.0,48,28.449999983422458,4,68,136,48,32,0,12,12,"16,32,64,128",6,leakage_accounting=approximate_internal_transcript,512,100,real_data,16,identity,1,aec586233b5d565e
real_typeii_20db_d512_bw100_blk0,cascade_lite,1,True,False,0.234375,0.026041666666666668,0.0625,0.006944444444444444,212.0,44,38.49669999908656,4,68,136,44,32,0,11,11,"16,32,64,128",6,leakage_accounting=approximate_internal_transcript,512,100,real_data,16,identity,1,aec586233b5d565e
real_typeii_20db_d512_bw100_blk0,cascade_lite,2,True,True,0.234375,0.026041666666666668,0.0,0.0,228.0,60,33.6445999564603,4,68,136,60,32,0,15,15,"16,32,64,128",6,leakage_accounting=approximate_internal_transcript,512,100,real_data,16,identity,1,aec586233b5d565e
real_typeii_20db_d512_bw100_blk0,cascade_lite,3,True,False,0.21875,0.024305555555555556,0.03125,0.003472222222222222,216.0,48,73.98510002531111,4,68,136,48,32,0,12,12,"16,32,64,128",6,leakage_accounting=approximate_internal_transcript,512,100,real_data,16,identity,1,aec586233b5d565e
real_typeii_20db_d8_bw180_blk0,cascade_lite,0,True,False,0.140625,0.0625,0.078125,0.041666666666666664,134.0,12,0.2924000145867467,4,45,90,12,32,0,4,4,"8,16,32,64",6,leakage_accounting=approximate_internal_transcript,8,180,real_data,4,identity,0,47bfc7ece074fdaa
real_typeii_20db_d8_bw180_blk0,cascade_lite,1,True,False,0.046875,0.026041666666666668,0.015625,0.010416666666666666,131.0,9,0.3189999843016267,4,45,90,9,32,0,3,3,"8,16,32,64",6,leakage_accounting=approximate_internal_transcript,8,180,real_data,4,identity,0,47bfc7ece074fdaa
real_typeii_20db_d8_bw180_blk0,cascade_lite,2,True,False,0.046875,0.015625,0.03125,0.010416666666666666,125.0,3,0.24999992456287146,4,45,90,3,32,0,1,1,"8,16,32,64",6,leakage_accounting=approximate_internal_transcript,8,180,real_data,4,identity,0,47bfc7ece074fdaa
real_typeii_20db_d8_bw180_blk0,cascade_lite,3,True,False,0.109375,0.046875,0.078125,0.03125,131.0,9,0.23200002033263445,4,45,90,9,32,0,3,3,"8,16,32,64",6,leakage_accounting=approximate_internal_transcript,8,180,real_data,4,identity,0,47bfc7ece074fdaa
real_typeii_20db_d8_bw180_blk0,cascade_lite,0,True,False,0.140625,0.0625,0.078125,0.041666666666666664,134.0,12,0.2536000683903694,4,45,90,12,32,0,4,4,"8,16,32,64",6,leakage_accounting=approximate_internal_transcript,8,180,real_data,4,identity,1,d825734b6395c173
real_typeii_20db_d8_bw180_blk0,cascade_lite,1,True,False,0.046875,0.026041666666666668,0.015625,0.010416666666666666,131.0,9,0.22160005755722523,4,45,90,9,32,0,3,3,"8,16,32,64",6,leakage_accounting=approximate_internal_transcript,8,180,real_data,4,identity,1,d825734b6395c173
real_typeii_20db_d8_bw180_blk0,cascade_lite,2,True,False,0.046875,0.015625,0.03125,0.010416666666666666,125.0,3,0.179799972102046,4,45,90,3,32,0,1,1,"8,16,32,64",6,leakage_accounting=approximate_internal_transcript,8,180,real_data,4,identity,1,d825734b6395c173
real_typeii_20db_d8_bw180_blk0,cascade_lite,3,True,False,0.109375,0.046875,0.078125,0.03125,131.0,9,0.20599993877112865,4,45,90,9,32,0,3,3,"8,16,32,64",6,leakage_accounting=approximate_internal_transcript,8,180,real_data,4,identity,1,d825734b6395c173
real_typeii_20db_d4096_bw20_blk0,cascade_lite,0,True,True,0.328125,0.02734375,0.0,0.0,302.0,90,31.41000005416572,4,90,180,90,32,0,21,21,"16,32,64,128",4,leakage_accounting=approximate_internal_transcript,4096,20,real_data,16,seeded_random,1,ad1f4d64f73fcc30
real_typeii_20db_d4096_bw20_blk0,cascade_lite,1,True,True,0.421875,0.03515625,0.0,0.0,348.0,136,38.88759994879365,4,90,180,136,32,0,27,27,"16,32,64,128",4,leakage_accounting=approximate_internal_transcript,4096,20,real_data,16,seeded_random,1,ad1f4d64f73fcc30
real_typeii_20db_d4096_bw20_blk0,cascade_lite,2,True,True,0.4375,0.036458333333333336,0.0,0.0,350.0,138,14.743400039151311,4,90,180,138,32,0,28,28,"16,32,64,128",4,leakage_accounting=approximate_internal_transcript,4096,20,real_data,16,seeded_random,1,ad1f4d64f73fcc30
real_typeii_20db_d4096_bw20_blk0,cascade_lite,3,True,False,0.46875,0.0390625,0.03125,0.0026041666666666665,348.0,134,57.28230008389801,4,91,182,134,32,0,28,28,"16,32,64,128",4,leakage_accounting=approximate_internal_transcript,4096,20,real_data,16,seeded_random,1,ad1f4d64f73fcc30
real_typeii_20db_d4096_bw20_blk0,cascade_lite,4,True,True,0.34375,0.028645833333333332,0.0,0.0,315.0,101,24.94460006710142,4,91,182,101,32,0,22,22,"16,32,64,128",4,leakage_accounting=approximate_internal_transcript,4096,20,real_data,16,seeded_random,1,ad1f4d64f73fcc30
real_typeii_20db_d4096_bw20_blk0,cascade_lite,5,True,True,0.359375,0.029947916666666668,0.0,0.0,311.0,97,29.6305000083521,4,91,182,97,32,0,23,23,"16,32,64,128",4,leakage_accounting=approximate_internal_transcript,4096,20,real_data,16,seeded_random,1,ad1f4d64f73fcc30
real_typeii_20db_d4096_bw20_blk0,cascade_lite,6,True,True,0.5,0.041666666666666664,0.0,0.0,364.0,148,33.89870002865791,4,92,184,148,32,0,32,32,"16,32,64,128",4,leakage_accounting=approximate_internal_transcript,4096,20,real_data,16,seeded_random,1,ad1f4d64f73fcc30
real_typeii_20db_d4096_bw20_blk0,cascade_lite,7,True,True,0.375,0.03125,0.0,0.0,323.0,107,35.13279999606311,4,92,184,107,32,0,24,24,"16,32,64,128",4,leakage_accounting=approximate_internal_transcript,4096,20,real_data,16,seeded_random,1,ad1f4d64f73fcc30
real_typeii_20db_d4096_bw20_blk0,cascade_lite,8,True,True,0.421875,0.03515625,0.0,0.0,334.0,122,18.039400107227266,4,90,180,122,32,0,27,27,"16,32,64,128",4,leakage_accounting=approximate_internal_transcript,4096,20,real_data,16,seeded_random,1,ad1f4d64f73fcc30
real_typeii_20db_d4096_bw20_blk0,cascade_lite,9,True,True,0.3125,0.026041666666666668,0.0,0.0,300.0,88,17.93470000848174,4,90,180,88,32,0,20,20,"16,32,64,128",4,leakage_accounting=approximate_internal_transcript,4096,20,real_data,16,seeded_random,1,ad1f4d64f73fcc30
real_typeii_20db_d4096_bw20_blk0,cascade_lite,10,True,True,0.375,0.03125,0.0,0.0,317.0,103,20.29040001798421,4,91,182,103,32,0,24,24,"16,32,64,128",4,leakage_accounting=approximate_internal_transcript,4096,20,real_data,16,seeded_random,1,ad1f4d64f73fcc30
real_typeii_20db_d4096_bw20_blk0,cascade_lite,11,True,True,0.359375,0.029947916666666668,0.0,0.0,312.0,100,19.17650003451854,4,90,180,100,32,0,23,23,"16,32,64,128",4,leakage_accounting=approximate_internal_transcript,4096,20,real_data,16,seeded_random,1,ad1f4d64f73fcc30
real_typeii_20db_d4096_bw20_blk0,cascade_lite,12,True,True,0.421875,0.03515625,0.0,0.0,338.0,126,31.849000020883977,4,90,180,126,32,0,27,27,"16,32,64,128",4,leakage_accounting=approximate_internal_transcript,4096,20,real_data,16,seeded_random,1,ad1f4d64f73fcc30
real_typeii_20db_d4096_bw20_blk0,cascade_lite,13,True,True,0.375,0.03125,0.0,0.0,318.0,106,28.275900054723024,4,90,180,106,32,0,24,24,"16,32,64,128",4,leakage_accounting=approximate_internal_transcript,4096,20,real_data,16,seeded_random,1,ad1f4d64f73fcc30
real_typeii_20db_d4096_bw20_blk0,cascade_lite,14,True,False,0.46875,0.0390625,0.03125,0.0026041666666666665,349.0,135,53.14799991901964,4,91,182,135,32,0,28,28,"16,32,64,128",4,leakage_accounting=approximate_internal_transcript,4096,20,real_data,16,seeded_random,1,ad1f4d64f73fcc30
real_typeii_20db_d4096_bw20_blk0,cascade_lite,15,True,True,0.40625,0.033854166666666664,0.0,0.0,323.0,109,83.25410005636513,4,91,182,109,32,0,26,26,"16,32,64,128",4,leakage_accounting=approximate_internal_transcript,4096,20,real_data,16,seeded_random,1,ad1f4d64f73fcc30
real_typeii_20db_d64_bw120_blk0,cascade_lite,0,True,False,0.28125,0.07291666666666667,0.03125,0.005208333333333333,303.0,89,43.71769994031638,4,91,182,89,32,0,26,26,"8,16,32,64",6,leakage_accounting=approximate_internal_transcript,64,120,real_data,16,seeded_random,0,90e9c5c1c4435fdb
real_typeii_20db_d64_bw120_blk0,cascade_lite,1,True,False,0.203125,0.1015625,0.078125,0.015625,293.0,155,1.1272999690845609,4,53,106,155,32,0,33,33,"8,16,32,64",6,leakage_accounting=approximate_internal_transcript,64,120,real_data,16,seeded_random,0,90e9c5c1c4435fdb
real_typeii_20db_d64_bw120_blk0,cascade_lite,2,True,False,0.203125,0.08854166666666667,0.109375,0.0234375,246.0,116,0.8557999972254038,4,49,98,116,32,0,25,25,"8,16,32,64",6,leakage_accounting=approximate_internal_transcript,64,120,real_data,16,seeded_random,0,90e9c5c1c4435fdb
real_typeii_20db_d64_bw120_blk0,cascade_lite,3,True,False,0.234375,0.078125,0.03125,0.0078125,256.0,126,0.9303999831900001,4,49,98,126,32,0,27,27,"8,16,32,64",6,leakage_accounting=approximate_internal_transcript,64,120,real_data,16,seeded_random,0,90e9c5c1c4435fdb
real_typeii_20db_d8_bw180_blk0,cascade_lite,0,True,False,0.140625,0.0625,0.078125,0.041666666666666664,94.0,16,0.23040000814944506,4,23,46,16,32,0,4,4,"16,32,64,128",4,leakage_accounting=approximate_internal_transcript,8,180,real_data,4,identity,0,aeacee9a04c960ac
real_typeii_20db_d8_bw180_blk0,cascade_lite,1,True,False,0.046875,0.026041666666666668,0.015625,0.010416666666666666,90.0,12,0.1775000710040331,4,23,46,12,32,0,3,3,"16,32,64,128",4,leakage_accounting=approximate_internal_transcript,8,180,real_data,4,identity,0,aeacee9a04c960ac
real_typeii_20db_d8_bw180_blk0,cascade_lite,2,True,False,0.046875,0.015625,0.03125,0.010416666666666666,82.0,4,0.1343999756500125,4,23,46,4,32,0,1,1,"16,32,64,128",4,leakage_accounting=approximate_internal_transcript,8,180,real_data,4,identity,0,aeacee9a04c960ac
real_typeii_20db_d8_bw180_blk0,cascade_lite,3,True,False,0.109375,0.046875,0.078125,0.03125,90.0,12,0.16249995678663254,4,23,46,12,32,0,3,3,"16,32,64,128",4,leakage_accounting=approximate_internal_transcript,8,180,real_data,4,identity,0,aeacee9a04c960ac
real_typeii_20db_d8_bw180_blk0,cascade_lite,0,True,False,0.140625,0.0625,0.078125,0.041666666666666664,94.0,16,0.20880007650703192,4,23,46,16,32,0,4,4,"16,32,64,128",4,leakage_accounting=approximate_internal_transcript,8,180,real_data,4,identity,1,b274fad8603600d1
real_typeii_20db_d8_bw180_blk0,cascade_lite,1,True,False,0.046875,0.026041666666666668,0.015625,0.010416666666666666,90.0,12,0.1656000968068838,4,23,46,12,32,0,3,3,"16,32,64,128",4,leakage_accounting=approximate_internal_transcript,8,180,real_data,4,identity,1,b274fad8603600d1
real_typeii_20db_d8_bw180_blk0,cascade_lite,2,True,False,0.046875,0.015625,0.03125,0.010416666666666666,82.0,4,0.1327000791206956,4,23,46,4,32,0,1,1,"16,32,64,128",4,leakage_accounting=approximate_internal_transcript,8,180,real_data,4,identity,1,b274fad8603600d1
real_typeii_20db_d8_bw180_blk0,cascade_lite,3,True,False,0.109375,0.046875,0.078125,0.03125,90.0,12,0.16559998039156199,4,23,46,12,32,0,3,3,"16,32,64,128",4,leakage_accounting=approximate_internal_transcript,8,180,real_data,4,identity,1,b274fad8603600d1
real_typeii_20db_d64_bw120_blk0,cascade_lite,0,True,False,0.28125,0.07291666666666667,0.09375,0.015625,226.0,100,0.8424000116065145,4,47,94,100,32,0,22,22,"16,32,64,128",6,leakage_accounting=approximate_internal_transcript,64,120,real_data,16,seeded_random,0,f4cc5c3e86519271
real_typeii_20db_d64_bw120_blk0,cascade_lite,1,True,False,0.203125,0.1015625,0.078125,0.015625,293.0,155,1.0943000670522451,4,53,106,155,32,0,33,33,"16,32,64,128",6,leakage_accounting=approximate_internal_transcript,64,120,real_data,16,seeded_random,0,f4cc5c3e86519271
real_typeii_20db_d64_bw120_blk0,cascade_lite,2,True,False,0.203125,0.08854166666666667,0.109375,0.0234375,246.0,116,0.8637000573799014,4,49,98,116,32,0,25,25,"16,32,64,128",6,leakage_accounting=approximate_internal_transcript,64,120,real_data,16,seeded_random,0,f4cc5c3e86519271
real_typeii_20db_d64_bw120_blk0,cascade_lite,3,True,False,0.234375,0.078125,0.03125,0.0078125,256.0,126,41.34140000678599,4,49,98,126,32,0,27,27,"16,32,64,128",6,leakage_accounting=approximate_internal_transcript,64,120,real_data,16,seeded_random,0,f4cc5c3e86519271
real_typeii_20db_d512_bw100_blk0,cascade_lite,0,True,True,0.28125,0.03125,0.0,0.0,244.0,76,17.5790999783203,4,68,136,76,32,0,18,18,"16,32,64,128",6,leakage_accounting=approximate_internal_transcript,512,100,real_data,16,seeded_random,0,f4cc5c3e86519271
real_typeii_20db_d512_bw100_blk0,cascade_lite,1,True,True,0.234375,0.026041666666666668,0.0,0.0,232.0,64,12.924399925395846,4,68,136,64,32,0,15,15,"16,32,64,128",6,leakage_accounting=approximate_internal_transcript,512,100,real_data,16,seeded_random,0,f4cc5c3e86519271
real_typeii_20db_d512_bw100_blk0,cascade_lite,2,True,True,0.234375,0.026041666666666668,0.0,0.0,233.0,63,74.20140004251152,4,69,138,63,32,0,15,15,"16,32,64,128",6,leakage_accounting=approximate_internal_transcript,512,100,real_data,16,seeded_random,0,f4cc5c3e86519271
real_typeii_20db_d512_bw100_blk0,cascade_lite,3,True,True,0.21875,0.024305555555555556,0.0,0.0,228.0,60,90.08430002722889,4,68,136,60,32,0,14,14,"16,32,64,128",6,leakage_accounting=approximate_internal_transcript,512,100,real_data,16,seeded_random,0,f4cc5c3e86519271
real_typeii_20db_d512_bw100_blk0,cascade_lite,0,True,True,0.28125,0.03125,0.0,0.0,244.0,76,40.04069999791682,4,68,136,76,32,0,18,18,"16,32,64,128",4,leakage_accounting=approximate_internal_transcript,512,100,real_data,16,seeded_random,0,19e9870100f5792b
real_typeii_20db_d512_bw100_blk0,cascade_lite,1,True,True,0.234375,0.026041666666666668,0.0,0.0,232.0,64,31.58619999885559,4,68,136,64,32,0,15,15,"16,32,64,128",4,leakage_accounting=approximate_internal_transcript,512,100,real_data,16,seeded_random,0,19e9870100f5792b
real_typeii_20db_d512_bw100_blk0,cascade_lite,2,True,True,0.234375,0.026041666666666668,0.0,0.0,233.0,63,68.55299999006093,4,69,138,63,32,0,15,15,"16,32,64,128",4,leakage_accounting=approximate_internal_transcript,512,100,real_data,16,seeded_random,0,19e9870100f5792b
real_typeii_20db_d512_bw100_blk0,cascade_lite,3,True,True,0.21875,0.024305555555555556,0.0,0.0,228.0,60,74.91159997880459,4,68,136,60,32,0,14,14,"16,32,64,128",4,leakage_accounting=approximate_internal_transcript,512,100,real_data,16,seeded_random,0,19e9870100f5792b
real_typeii_20db_d8_bw180_blk0,cascade_lite,0,True,False,0.140625,0.0625,0.078125,0.041666666666666664,94.0,16,0.21490000654011965,4,23,46,16,32,0,4,4,"16,32,64,128",6,leakage_accounting=approximate_internal_transcript,8,180,real_data,4,identity,1,86320143d2d78cc2
real_typeii_20db_d8_bw180_blk0,cascade_lite,1,True,False,0.046875,0.026041666666666668,0.015625,0.010416666666666666,90.0,12,0.1669999910518527,4,23,46,12,32,0,3,3,"16,32,64,128",6,leakage_accounting=approximate_internal_transcript,8,180,real_data,4,identity,1,86320143d2d78cc2
real_typeii_20db_d8_bw180_blk0,cascade_lite,2,True,False,0.046875,0.015625,0.03125,0.010416666666666666,82.0,4,0.13149995356798172,4,23,46,4,32,0,1,1,"16,32,64,128",6,leakage_accounting=approximate_internal_transcript,8,180,real_data,4,identity,1,86320143d2d78cc2
real_typeii_20db_d8_bw180_blk0,cascade_lite,3,True,False,0.109375,0.046875,0.078125,0.03125,90.0,12,0.15710003208369017,4,23,46,12,32,0,3,3,"16,32,64,128",6,leakage_accounting=approximate_internal_transcript,8,180,real_data,4,identity,1,86320143d2d78cc2
real_typeii_20db_d64_bw120_blk0,cascade_lite,0,True,False,0.28125,0.07291666666666667,0.0625,0.010416666666666666,237.0,107,25.857500033453107,4,49,98,107,32,0,24,24,"16,32,64,128",4,leakage_accounting=approximate_internal_transcript,64,120,real_data,4,seeded_random,1,29020ebdb18ce89f
real_typeii_20db_d64_bw120_blk0,cascade_lite,1,True,True,0.203125,0.1015625,0.0,0.0,353.0,139,41.488700080662966,4,91,182,139,32,0,39,39,"16,32,64,128",4,leakage_accounting=approximate_internal_transcript,64,120,real_data,4,seeded_random,1,29020ebdb18ce89f
real_typeii_20db_d64_bw120_blk0,cascade_lite,2,True,False,0.203125,0.08854166666666667,0.078125,0.020833333333333332,256.0,122,7.044700090773404,4,51,102,122,32,0,26,26,"16,32,64,128",4,leakage_accounting=approximate_internal_transcript,64,120,real_data,4,seeded_random,1,29020ebdb18ce89f
real_typeii_20db_d64_bw120_blk0,cascade_lite,3,True,False,0.234375,0.078125,0.0625,0.013020833333333334,248.0,120,66.05290004517883,4,48,96,120,32,0,25,25,"16,32,64,128",4,leakage_accounting=approximate_internal_transcript,64,120,real_data,4,seeded_random,1,29020ebdb18ce89f
real_typeii_20db_d8_bw180_blk0,cascade_lite,0,True,False,0.140625,0.0625,0.078125,0.041666666666666664,94.0,16,0.23819995112717152,4,23,46,16,32,0,4,4,"16,32,64,128",6,leakage_accounting=approximate_internal_transcript,8,180,real_data,4,identity,0,63bd09359267310c
real_typeii_20db_d8_bw180_blk0,cascade_lite,1,True,False,0.046875,0.026041666666666668,0.015625,0.010416666666666666,90.0,12,0.18049997743219137,4,23,46,12,32,0,3,3,"16,32,64,128",6,leakage_accounting=approximate_internal_transcript,8,180,real_data,4,identity,0,63bd09359267310c
real_typeii_20db_d8_bw180_blk0,cascade_lite,2,True,False,0.046875,0.015625,0.03125,0.010416666666666666,82.0,4,0.13529998250305653,4,23,46,4,32,0,1,1,"16,32,64,128",6,leakage_accounting=approximate_internal_transcript,8,180,real_data,4,identity,0,63bd09359267310c
real_typeii_20db_d8_bw180_blk0,cascade_lite,3,True,False,0.109375,0.046875,0.078125,0.03125,90.0,12,0.16769999638199806,4,23,46,12,32,0,3,3,"16,32,64,128",6,leakage_accounting=approximate_internal_transcript,8,180,real_data,4,identity,0,63bd09359267310c
real_typeii_20db_d8_bw180_blk0,cascade_lite,0,True,False,0.140625,0.0625,0.078125,0.041666666666666664,134.0,12,0.25200005620718,4,45,90,12,32,0,4,4,"8,16,32,64",4,leakage_accounting=approximate_internal_transcript,8,180,real_data,16,identity,0,f09d76ded5a6e7d2
real_typeii_20db_d8_bw180_blk0,cascade_lite,1,True,False,0.046875,0.026041666666666668,0.015625,0.010416666666666666,131.0,9,0.21169998217374086,4,45,90,9,32,0,3,3,"8,16,32,64",4,leakage_accounting=approximate_internal_transcript,8,180,real_data,16,identity,0,f09d76ded5a6e7d2
real_typeii_20db_d8_bw180_blk0,cascade_lite,2,True,False,0.046875,0.015625,0.03125,0.010416666666666666,125.0,3,0.17589994240552187,4,45,90,3,32,0,1,1,"8,16,32,64",4,leakage_accounting=approximate_internal_transcript,8,180,real_data,16,identity,0,f09d76ded5a6e7d2
real_typeii_20db_d8_bw180_blk0,cascade_lite,3,True,False,0.109375,0.046875,0.078125,0.03125,131.0,9,0.23020000662654638,4,45,90,9,32,0,3,3,"8,16,32,64",4,leakage_accounting=approximate_internal_transcript,8,180,real_data,16,identity,0,f09d76ded5a6e7d2
real_typeii_20db_d64_bw120_blk0,cascade_lite,0,True,True,0.28125,0.07291666666666667,0.0,0.0,316.0,104,22.587600047700107,4,90,180,104,32,0,28,28,"8,16,32,64",4,leakage_accounting=approximate_internal_transcript,64,120,real_data,16,seeded_random,1,7faaaf788b90c25a
real_typeii_20db_d64_bw120_blk0,cascade_lite,1,True,True,0.203125,0.1015625,0.0,0.0,353.0,139,60.463299974799156,4,91,182,139,32,0,39,39,"8,16,32,64",4,leakage_accounting=approximate_internal_transcript,64,120,real_data,16,seeded_random,1,7faaaf788b90c25a
real_typeii_20db_d64_bw120_blk0,cascade_lite,2,True,False,0.203125,0.08854166666666667,0.078125,0.020833333333333332,256.0,122,23.106600041501224,4,51,102,122,32,0,26,26,"8,16,32,64",4,leakage_accounting=approximate_internal_transcript,64,120,real_data,16,seeded_random,1,7faaaf788b90c25a
real_typeii_20db_d64_bw120_blk0,cascade_lite,3,True,False,0.234375,0.078125,0.0625,0.013020833333333334,248.0,120,12.212599976919591,4,48,96,120,32,0,25,25,"8,16,32,64",4,leakage_accounting=approximate_internal_transcript,64,120,real_data,16,seeded_random,1,7faaaf788b90c25a
real_typeii_20db_d64_bw120_blk0,cascade_lite,0,True,True,0.28125,0.07291666666666667,0.0,0.0,316.0,104,3.1698000384494662,4,90,180,104,32,0,28,28,"8,16,32,64",4,leakage_accounting=approximate_internal_transcript,64,120,real_data,4,seeded_random,1,b9f654c90a774d3d
real_typeii_20db_d64_bw120_blk0,cascade_lite,1,True,True,0.203125,0.1015625,0.0,0.0,353.0,139,39.27629999816418,4,91,182,139,32,0,39,39,"8,16,32,64",4,leakage_accounting=approximate_internal_transcript,64,120,real_data,4,seeded_random,1,b9f654c90a774d3d
real_typeii_20db_d64_bw120_blk0,cascade_lite,2,True,False,0.203125,0.08854166666666667,0.078125,0.020833333333333332,256.0,122,49.395999987609684,4,51,102,122,32,0,26,26,"8,16,32,64",4,leakage_accounting=approximate_internal_transcript,64,120,real_data,4,seeded_random,1,b9f654c90a774d3d
real_typeii_20db_d64_bw120_blk0,cascade_lite,3,True,True,0.234375,0.078125,0.0,0.0,320.0,106,98.09370001312345,4,91,182,106,32,0,30,30,"8,16,32,64",4,leakage_accounting=approximate_internal_transcript,64,120,real_data,4,seeded_random,1,b9f654c90a774d3d
real_typeii_20db_d8_bw180_blk0,cascade_lite,0,True,False,0.140625,0.0625,0.078125,0.041666666666666664,134.0,12,0.25370006915181875,4,45,90,12,32,0,4,4,"8,16,32,64",4,leakage_accounting=approximate_internal_transcript,8,180,real_data,16,identity,1,462a3bc6d744a527
real_typeii_20db_d8_bw180_blk0,cascade_lite,1,True,False,0.046875,0.026041666666666668,0.015625,0.010416666666666666,131.0,9,0.21810003090649843,4,45,90,9,32,0,3,3,"8,16,32,64",4,leakage_accounting=approximate_internal_transcript,8,180,real_data,16,identity,1,462a3bc6d744a527
real_typeii_20db_d8_bw180_blk0,cascade_lite,2,True,False,0.046875,0.015625,0.03125,0.010416666666666666,125.0,3,0.18229999113827944,4,45,90,3,32,0,1,1,"8,16,32,64",4,leakage_accounting=approximate_internal_transcript,8,180,real_data,16,identity,1,462a3bc6d744a527
real_typeii_20db_d8_bw180_blk0,cascade_lite,3,True,False,0.109375,0.046875,0.078125,0.03125,131.0,9,0.20450004376471043,4,45,90,9,32,0,3,3,"8,16,32,64",4,leakage_accounting=approximate_internal_transcript,8,180,real_data,16,identity,1,462a3bc6d744a527
real_typeii_20db_d8_bw180_blk0,cascade_lite,0,True,False,0.140625,0.0625,0.078125,0.041666666666666664,134.0,12,0.2626000205054879,4,45,90,12,32,0,4,4,"8,16,32,64",6,leakage_accounting=approximate_internal_transcript,8,180,real_data,16,identity,0,477ef1fd0ff5ecb2
real_typeii_20db_d8_bw180_blk0,cascade_lite,1,True,False,0.046875,0.026041666666666668,0.015625,0.010416666666666666,131.0,9,0.20490004681050777,4,45,90,9,32,0,3,3,"8,16,32,64",6,leakage_accounting=approximate_internal_transcript,8,180,real_data,16,identity,0,477ef1fd0ff5ecb2
real_typeii_20db_d8_bw180_blk0,cascade_lite,2,True,False,0.046875,0.015625,0.03125,0.010416666666666666,125.0,3,0.17289991956204176,4,45,90,3,32,0,1,1,"8,16,32,64",6,leakage_accounting=approximate_internal_transcript,8,180,real_data,16,identity,0,477ef1fd0ff5ecb2
real_typeii_20db_d8_bw180_blk0,cascade_lite,3,True,False,0.109375,0.046875,0.078125,0.03125,131.0,9,0.2367000561207533,4,45,90,9,32,0,3,3,"8,16,32,64",6,leakage_accounting=approximate_internal_transcript,8,180,real_data,16,identity,0,477ef1fd0ff5ecb2
real_typeii_20db_d8_bw180_blk0,cascade_lite,0,True,False,0.140625,0.0625,0.078125,0.041666666666666664,134.0,12,0.26210001669824123,4,45,90,12,32,0,4,4,"8,16,32,64",6,leakage_accounting=approximate_internal_transcript,8,180,real_data,16,identity,1,f21d3c73c2c63926
real_typeii_20db_d8_bw180_blk0,cascade_lite,1,True,False,0.046875,0.026041666666666668,0.015625,0.010416666666666666,131.0,9,0.22330007050186396,4,45,90,9,32,0,3,3,"8,16,32,64",6,leakage_accounting=approximate_internal_transcript,8,180,real_data,16,identity,1,f21d3c73c2c63926
real_typeii_20db_d8_bw180_blk0,cascade_lite,2,True,False,0.046875,0.015625,0.03125,0.010416666666666666,125.0,3,0.18789991736412048,4,45,90,3,32,0,1,1,"8,16,32,64",6,leakage_accounting=approximate_internal_transcript,8,180,real_data,16,identity,1,f21d3c73c2c63926
real_typeii_20db_d8_bw180_blk0,cascade_lite,3,True,False,0.109375,0.046875,0.078125,0.03125,131.0,9,0.20240002777427435,4,45,90,9,32,0,3,3,"8,16,32,64",6,leakage_accounting=approximate_internal_transcript,8,180,real_data,16,identity,1,f21d3c73c2c63926
real_typeii_20db_d8_bw180_blk0,cascade_lite,0,True,True,0.140625,0.0625,0.0,0.0,162.0,40,0.5040999967604876,4,45,90,40,32,0,12,12,"8,16,32,64",4,leakage_accounting=approximate_internal_transcript,8,180,real_data,16,seeded_random,0,c28ff99e89e31963
real_typeii_20db_d8_bw180_blk0,cascade_lite,1,True,True,0.046875,0.026041666666666668,0.0,0.0,137.0,15,0.30559999868273735,4,45,90,15,32,0,5,5,"8,16,32,64",4,leakage_accounting=approximate_internal_transcript,8,180,real_data,16,seeded_random,0,c28ff99e89e31963
real_typeii_20db_d8_bw180_blk0,cascade_lite,2,True,True,0.046875,0.015625,0.0,0.0,131.0,9,9.154399973340333,4,45,90,9,32,0,3,3,"8,16,32,64",4,leakage_accounting=approximate_internal_transcript,8,180,real_data,16,seeded_random,0,c28ff99e89e31963
real_typeii_20db_d8_bw180_blk0,cascade_lite,3,True,True,0.109375,0.046875,0.0,0.0,149.0,27,0.9858000557869673,4,45,90,27,32,0,9,9,"8,16,32,64",4,leakage_accounting=approximate_internal_transcript,8,180,real_data,16,seeded_random,0,c28ff99e89e31963
real_typeii_20db_d8_bw180_blk0,cascade_lite,0,True,True,0.140625,0.0625,0.0,0.0,162.0,40,33.90689997468144,4,45,90,40,32,0,12,12,"8,16,32,64",4,leakage_accounting=approximate_internal_transcript,8,180,real_data,4,seeded_random,0,ef3fd819508ca339
real_typeii_20db_d8_bw180_blk0,cascade_lite,1,True,True,0.046875,0.026041666666666668,0.0,0.0,100.0,22,4.645699984394014,4,23,46,22,32,0,5,5,"8,16,32,64",4,leakage_accounting=approximate_internal_transcript,8,180,real_data,4,seeded_random,0,ef3fd819508ca339
real_typeii_20db_d8_bw180_blk0,cascade_lite,2,True,True,0.046875,0.015625,0.0,0.0,92.0,14,22.97359996009618,4,23,46,14,32,0,3,3,"8,16,32,64",4,leakage_accounting=approximate_internal_transcript,8,180,real_data,4,seeded_random,0,ef3fd819508ca339
real_typeii_20db_d8_bw180_blk0,cascade_lite,3,True,True,0.109375,0.046875,0.0,0.0,149.0,27,3.0672999564558268,4,45,90,27,32,0,9,9,"8,16,32,64",4,leakage_accounting=approximate_internal_transcript,8,180,real_data,4,seeded_random,0,ef3fd819508ca339
real_typeii_20db_d8_bw180_blk0,cascade_lite,0,True,True,0.140625,0.0625,0.0,0.0,142.0,58,0.4708999767899513,4,26,52,58,32,0,12,12,"16,32,64,128",6,leakage_accounting=approximate_internal_transcript,8,180,real_data,4,seeded_random,1,bbcdaabb0f38893b
real_typeii_20db_d8_bw180_blk0,cascade_lite,1,True,True,0.046875,0.026041666666666668,0.0,0.0,100.0,22,0.2609000075608492,4,23,46,22,32,0,5,5,"16,32,64,128",6,leakage_accounting=approximate_internal_transcript,8,180,real_data,4,seeded_random,1,bbcdaabb0f38893b
real_typeii_20db_d8_bw180_blk0,cascade_lite,2,True,True,0.046875,0.015625,0.0,0.0,90.0,12,19.678200013004243,4,23,46,12,32,0,3,3,"16,32,64,128",6,leakage_accounting=approximate_internal_transcript,8,180,real_data,4,seeded_random,1,bbcdaabb0f38893b
real_typeii_20db_d8_bw180_blk0,cascade_lite,3,True,True,0.109375,0.046875,0.0,0.0,151.0,29,11.132400017231703,4,45,90,29,32,0,9,9,"16,32,64,128",6,leakage_accounting=approximate_internal_transcript,8,180,real_data,4,seeded_random,1,bbcdaabb0f38893b
real_typeii_20db_d64_bw120_blk0,cascade_lite,0,True,False,0.28125,0.07291666666666667,0.03125,0.005208333333333333,303.0,89,26.72959992196411,4,91,182,89,32,0,26,26,"8,16,32,64",4,leakage_accounting=approximate_internal_transcript,64,120,real_data,16,seeded_random,0,c28ff99e89e31963
real_typeii_20db_d64_bw120_blk0,cascade_lite,1,True,True,0.203125,0.1015625,0.0,0.0,353.0,137,58.666300028562546,4,92,184,137,32,0,39,39,"8,16,32,64",4,leakage_accounting=approximate_internal_transcript,64,120,real_data,16,seeded_random,0,c28ff99e89e31963
real_typeii_20db_d64_bw120_blk0,cascade_lite,2,True,False,0.203125,0.08854166666666667,0.109375,0.0234375,246.0,116,37.54580009263009,4,49,98,116,32,0,25,25,"8,16,32,64",4,leakage_accounting=approximate_internal_transcript,64,120,real_data,16,seeded_random,0,c28ff99e89e31963
real_typeii_20db_d64_bw120_blk0,cascade_lite,3,True,False,0.234375,0.078125,0.03125,0.0078125,256.0,126,27.94160007033497,4,49,98,126,32,0,27,27,"8,16,32,64",4,leakage_accounting=approximate_internal_transcript,64,120,real_data,16,seeded_random,0,c28ff99e89e31963
real_typeii_20db_d8_bw180_blk0,cascade_lite,0,True,False,0.140625,0.0625,0.078125,0.041666666666666664,94.0,16,0.2207000507041812,4,23,46,16,32,0,4,4,"16,32,64,128",4,leakage_accounting=approximate_internal_transcript,8,180,real_data,16,identity,1,c6a64f370ed39663
real_typeii_20db_d8_bw180_blk0,cascade_lite,1,True,False,0.046875,0.026041666666666668,0.015625,0.010416666666666666,90.0,12,0.17469993326812983,4,23,46,12,32,0,3,3,"16,32,64,128",4,leakage_accounting=approximate_internal_transcript,8,180,real_data,16,identity,1,c6a64f370ed39663
real_typeii_20db_d8_bw180_blk0,cascade_lite,2,True,False,0.046875,0.015625,0.03125,0.010416666666666666,82.0,4,0.13649999164044857,4,23,46,4,32,0,1,1,"16,32,64,128",4,leakage_accounting=approximate_internal_transcript,8,180,real_data,16,identity,1,c6a64f370ed39663
real_typeii_20db_d8_bw180_blk0,cascade_lite,3,True,False,0.109375,0.046875,0.078125,0.03125,90.0,12,0.16419996973127127,4,23,46,12,32,0,3,3,"16,32,64,128",4,leakage_accounting=approximate_internal_transcript,8,180,real_data,16,identity,1,c6a64f370ed39663
real_typeii_20db_d64_bw120_blk0,cascade_lite,0,True,False,0.28125,0.07291666666666667,0.0625,0.010416666666666666,237.0,107,105.99139996338636,4,49,98,107,32,0,24,24,"16,32,64,128",6,leakage_accounting=approximate_internal_transcript,64,120,real_data,4,seeded_random,1,bbcdaabb0f38893b
real_typeii_20db_d64_bw120_blk0,cascade_lite,1,True,False,0.203125,0.1015625,0.125,0.0234375,268.0,138,26.032399968244135,4,49,98,138,32,0,30,30,"16,32,64,128",6,leakage_accounting=approximate_internal_transcript,64,120,real_data,4,seeded_random,1,bbcdaabb0f38893b
real_typeii_20db_d64_bw120_blk0,cascade_lite,2,True,False,0.203125,0.08854166666666667,0.078125,0.020833333333333332,256.0,122,27.593699982389808,4,51,102,122,32,0,26,26,"16,32,64,128",6,leakage_accounting=approximate_internal_transcript,64,120,real_data,4,seeded_random,1,bbcdaabb0f38893b
real_typeii_20db_d64_bw120_blk0,cascade_lite,3,True,False,0.234375,0.078125,0.0625,0.013020833333333334,248.0,120,13.7835000641644,4,48,96,120,32,0,25,25,"16,32,64,128",6,leakage_accounting=approximate_internal_transcript,64,120,real_data,4,seeded_random,1,bbcdaabb0f38893b
real_typeii_20db_d8_bw180_blk0,cascade_lite,0,True,False,0.140625,0.0625,0.078125,0.041666666666666664,94.0,16,0.21210010163486004,4,23,46,16,32,0,4,4,"16,32,64,128",4,leakage_accounting=approximate_internal_transcript,8,180,real_data,16,identity,0,9d423c80473677e6
real_typeii_20db_d8_bw180_blk0,cascade_lite,1,True,False,0.046875,0.026041666666666668,0.015625,0.010416666666666666,90.0,12,0.17450004816055298,4,23,46,12,32,0,3,3,"16,32,64,128",4,leakage_accounting=approximate_internal_transcript,8,180,real_data,16,identity,0,9d423c80473677e6
real_typeii_20db_d8_bw180_blk0,cascade_lite,2,True,False,0.046875,0.015625,0.03125,0.010416666666666666,82.0,4,5.649099941365421,4,23,46,4,32,0,1,1,"16,32,64,128",4,leakage_accounting=approximate_internal_transcript,8,180,real_data,16,identity,0,9d423c80473677e6
real_typeii_20db_d8_bw180_blk0,cascade_lite,3,True,False,0.109375,0.046875,0.078125,0.03125,90.0,12,0.16719999257475138,4,23,46,12,32,0,3,3,"16,32,64,128",4,leakage_accounting=approximate_internal_transcript,8,180,real_data,16,identity,0,9d423c80473677e6
real_typeii_20db_d8_bw180_blk0,cascade_lite,0,True,True,0.140625,0.0625,0.0,0.0,132.0,50,0.963800004683435,4,25,50,50,32,0,12,12,"16,32,64,128",6,leakage_accounting=approximate_internal_transcript,8,180,real_data,4,seeded_random,0,c8e68be9f13a3ff7
real_typeii_20db_d8_bw180_blk0,cascade_lite,1,True,True,0.046875,0.026041666666666668,0.0,0.0,100.0,22,25.76340001542121,4,23,46,22,32,0,5,5,"16,32,64,128",6,leakage_accounting=approximate_internal_transcript,8,180,real_data,4,seeded_random,0,c8e68be9f13a3ff7
real_typeii_20db_d8_bw180_blk0,cascade_lite,2,True,True,0.046875,0.015625,0.0,0.0,131.0,9,1.4300000621005893,4,45,90,9,32,0,3,3,"16,32,64,128",6,leakage_accounting=approximate_internal_transcript,8,180,real_data,4,seeded_random,0,c8e68be9f13a3ff7
real_typeii_20db_d8_bw180_blk0,cascade_lite,3,True,True,0.109375,0.046875,0.0,0.0,149.0,27,20.168300019577146,4,45,90,27,32,0,9,9,"16,32,64,128",6,leakage_accounting=approximate_internal_transcript,8,180,real_data,4,seeded_random,0,c8e68be9f13a3ff7
real_typeii_20db_d8_bw180_blk0,cascade_lite,0,True,True,0.140625,0.0625,0.0,0.0,170.0,48,2.785800024867058,4,45,90,48,32,0,12,12,"8,16,32,64",6,leakage_accounting=approximate_internal_transcript,8,180,real_data,4,seeded_random,1,da44be679542d120
real_typeii_20db_d8_bw180_blk0,cascade_lite,1,True,True,0.046875,0.026041666666666668,0.0,0.0,137.0,15,23.230599937960505,4,45,90,15,32,0,5,5,"8,16,32,64",6,leakage_accounting=approximate_internal_transcript,8,180,real_data,4,seeded_random,1,da44be679542d120
real_typeii_20db_d8_bw180_blk0,cascade_lite,2,True,True,0.046875,0.015625,0.0,0.0,90.0,12,24.829400004819036,4,23,46,12,32,0,3,3,"8,16,32,64",6,leakage_accounting=approximate_internal_transcript,8,180,real_data,4,seeded_random,1,da44be679542d120
real_typeii_20db_d8_bw180_blk0,cascade_lite,3,True,True,0.109375,0.046875,0.0,0.0,151.0,29,6.840999936684966,4,45,90,29,32,0,9,9,"8,16,32,64",6,leakage_accounting=approximate_internal_transcript,8,180,real_data,4,seeded_random,1,da44be679542d120
real_typeii_20db_d8_bw180_blk0,cascade_lite,0,True,True,0.140625,0.0625,0.0,0.0,170.0,48,19.537599990144372,4,45,90,48,32,0,12,12,"8,16,32,64",4,leakage_accounting=approximate_internal_transcript,8,180,real_data,4,seeded_random,1,b9f654c90a774d3d
real_typeii_20db_d8_bw180_blk0,cascade_lite,1,True,True,0.046875,0.026041666666666668,0.0,0.0,100.0,22,27.818000060506165,4,23,46,22,32,0,5,5,"8,16,32,64",4,leakage_accounting=approximate_internal_transcript,8,180,real_data,4,seeded_random,1,b9f654c90a774d3d
real_typeii_20db_d8_bw180_blk0,cascade_lite,2,True,True,0.046875,0.015625,0.0,0.0,131.0,9,18.76030000858009,4,45,90,9,32,0,3,3,"8,16,32,64",4,leakage_accounting=approximate_internal_transcript,8,180,real_data,4,seeded_random,1,b9f654c90a774d3d
real_typeii_20db_d8_bw180_blk0,cascade_lite,3,True,True,0.109375,0.046875,0.0,0.0,117.0,37,18.279900075867772,4,24,48,37,32,0,9,9,"8,16,32,64",4,leakage_accounting=approximate_internal_transcript,8,180,real_data,4,seeded_random,1,b9f654c90a774d3d
real_typeii_20db_d8_bw180_blk0,cascade_lite,0,True,True,0.140625,0.0625,0.0,0.0,162.0,40,16.972500015981495,4,45,90,40,32,0,12,12,"8,16,32,64",6,leakage_accounting=approximate_internal_transcript,8,180,real_data,4,seeded_random,0,ab6194c1b8076873
real_typeii_20db_d8_bw180_blk0,cascade_lite,1,True,True,0.046875,0.026041666666666668,0.0,0.0,100.0,22,37.35809994395822,4,23,46,22,32,0,5,5,"8,16,32,64",6,leakage_accounting=approximate_internal_transcript,8,180,real_data,4,seeded_random,0,ab6194c1b8076873
real_typeii_20db_d8_bw180_blk0,cascade_lite,2,True,True,0.046875,0.015625,0.0,0.0,131.0,9,10.869899997487664,4,45,90,9,32,0,3,3,"8,16,32,64",6,leakage_accounting=approximate_internal_transcript,8,180,real_data,4,seeded_random,0,ab6194c1b8076873
real_typeii_20db_d8_bw180_blk0,cascade_lite,3,True,True,0.109375,0.046875,0.0,0.0,120.0,42,2.571800025179982,4,23,46,42,32,0,9,9,"8,16,32,64",6,leakage_accounting=approximate_internal_transcript,8,180,real_data,4,seeded_random,0,ab6194c1b8076873
real_typeii_20db_d8_bw180_blk0,cascade_lite,0,True,False,0.140625,0.0625,0.078125,0.041666666666666664,94.0,16,0.21519989240914583,4,23,46,16,32,0,4,4,"16,32,64,128",6,leakage_accounting=approximate_internal_transcript,8,180,real_data,16,identity,1,aec586233b5d565e
real_typeii_20db_d8_bw180_blk0,cascade_lite,1,True,False,0.046875,0.026041666666666668,0.015625,0.010416666666666666,90.0,12,0.1702000154182315,4,23,46,12,32,0,3,3,"16,32,64,128",6,leakage_accounting=approximate_internal_transcript,8,180,real_data,16,identity,1,aec586233b5d565e
real_typeii_20db_d8_bw180_blk0,cascade_lite,2,True,False,0.046875,0.015625,0.03125,0.010416666666666666,82.0,4,0.13159995432943106,4,23,46,4,32,0,1,1,"16,32,64,128",6,leakage_accounting=approximate_internal_transcript,8,180,real_data,16,identity,1,aec586233b5d565e
real_typeii_20db_d8_bw180_blk0,cascade_lite,3,True,False,0.109375,0.046875,0.078125,0.03125,90.0,12,0.1604000572115183,4,23,46,12,32,0,3,3,"16,32,64,128",6,leakage_accounting=approximate_internal_transcript,8,180,real_data,16,identity,1,aec586233b5d565e
real_typeii_20db_d512_bw100_blk0,cascade_lite,0,True,True,0.28125,0.03125,0.0,0.0,242.0,74,22.396999993361533,4,68,136,74,32,0,18,18,"16,32,64,128",6,leakage_accounting=approximate_internal_transcript,512,100,real_data,16,seeded_random,1,91e08c4131b829cd
real_typeii_20db_d512_bw100_blk0,cascade_lite,1,True,True,0.234375,0.026041666666666668,0.0,0.0,234.0,66,73.10050004161894,4,68,136,66,32,0,15,15,"16,32,64,128",6,leakage_accounting=approximate_internal_transcript,512,100,real_data,16,seeded_random,1,91e08c4131b829cd
real_typeii_20db_d512_bw100_blk0,cascade_lite,2,True,True,0.234375,0.026041666666666668,0.0,0.0,236.0,68,27.68970001488924,4,68,136,68,32,0,15,15,"16,32,64,128",6,leakage_accounting=approximate_internal_transcript,512,100,real_data,16,seeded_random,1,91e08c4131b829cd
real_typeii_20db_d512_bw100_blk0,cascade_lite,3,True,True,0.21875,0.024305555555555556,0.0,0.0,226.0,58,130.03220001701266,4,68,136,58,32,0,14,14,"16,32,64,128",6,leakage_accounting=approximate_internal_transcript,512,100,real_data,16,seeded_random,1,91e08c4131b829cd
real_typeii_20db_d64_bw120_blk0,cascade_lite,0,True,True,0.28125,0.07291666666666667,0.0,0.0,316.0,104,59.13089995738119,4,90,180,104,32,0,28,28,"8,16,32,64",6,leakage_accounting=approximate_internal_transcript,64,120,real_data,16,seeded_random,1,a09833a965a0ddf8
real_typeii_20db_d64_bw120_blk0,cascade_lite,1,True,False,0.203125,0.1015625,0.125,0.0234375,268.0,138,27.17529993969947,4,49,98,138,32,0,30,30,"8,16,32,64",6,leakage_accounting=approximate_internal_transcript,64,120,real_data,16,seeded_random,1,a09833a965a0ddf8
real_typeii_20db_d64_bw120_blk0,cascade_lite,2,True,False,0.203125,0.08854166666666667,0.078125,0.020833333333333332,256.0,122,24.72929994110018,4,51,102,122,32,0,26,26,"8,16,32,64",6,leakage_accounting=approximate_internal_transcript,64,120,real_data,16,seeded_random,1,a09833a965a0ddf8
real_typeii_20db_d64_bw120_blk0,cascade_lite,3,True,False,0.234375,0.078125,0.0625,0.013020833333333334,248.0,120,27.626800001598895,4,48,96,120,32,0,25,25,"8,16,32,64",6,leakage_accounting=approximate_internal_transcript,64,120,real_data,16,seeded_random,1,a09833a965a0ddf8
real_typeii_20db_d8_bw180_blk0,cascade_lite,0,True,False,0.140625,0.0625,0.078125,0.041666666666666664,94.0,16,8.990100002847612,4,23,46,16,32,0,4,4,"16,32,64,128",6,leakage_accounting=approximate_internal_transcript,8,180,real_data,16,identity,0,2bc34cb99845dc99
real_typeii_20db_d8_bw180_blk0,cascade_lite,1,True,False,0.046875,0.026041666666666668,0.015625,0.010416666666666666,90.0,12,0.16759999562054873,4,23,46,12,32,0,3,3,"16,32,64,128",6,leakage_accounting=approximate_internal_transcript,8,180,real_data,16,identity,0,2bc34cb99845dc99
real_typeii_20db_d8_bw180_blk0,cascade_lite,2,True,False,0.046875,0.015625,0.03125,0.010416666666666666,82.0,4,0.13010005932301283,4,23,46,4,32,0,1,1,"16,32,64,128",6,leakage_accounting=approximate_internal_transcript,8,180,real_data,16,identity,0,2bc34cb99845dc99
real_typeii_20db_d8_bw180_blk0,cascade_lite,3,True,False,0.109375,0.046875,0.078125,0.03125,90.0,12,0.15529990196228027,4,23,46,12,32,0,3,3,"16,32,64,128",6,leakage_accounting=approximate_internal_transcript,8,180,real_data,16,identity,0,2bc34cb99845dc99
real_typeii_20db_d8_bw180_blk0,cascade_lite,0,True,True,0.140625,0.0625,0.0,0.0,142.0,58,19.047799985855818,4,26,52,58,32,0,12,12,"16,32,64,128",4,leakage_accounting=approximate_internal_transcript,8,180,real_data,4,seeded_random,1,29020ebdb18ce89f
real_typeii_20db_d8_bw180_blk0,cascade_lite,1,True,True,0.046875,0.026041666666666668,0.0,0.0,137.0,15,18.85039999615401,4,45,90,15,32,0,5,5,"16,32,64,128",4,leakage_accounting=approximate_internal_transcript,8,180,real_data,4,seeded_random,1,29020ebdb18ce89f
real_typeii_20db_d8_bw180_blk0,cascade_lite,2,True,True,0.046875,0.015625,0.0,0.0,131.0,9,35.555999958887696,4,45,90,9,32,0,3,3,"16,32,64,128",4,leakage_accounting=approximate_internal_transcript,8,180,real_data,4,seeded_random,1,29020ebdb18ce89f
real_typeii_20db_d8_bw180_blk0,cascade_lite,3,True,True,0.109375,0.046875,0.0,0.0,117.0,37,2.24309996701777,4,24,48,37,32,0,9,9,"16,32,64,128",4,leakage_accounting=approximate_internal_transcript,8,180,real_data,4,seeded_random,1,29020ebdb18ce89f
real_typeii_20db_d8_bw180_blk0,cascade_lite,0,True,True,0.140625,0.0625,0.0,0.0,132.0,50,28.98890001233667,4,25,50,50,32,0,12,12,"16,32,64,128",4,leakage_accounting=approximate_internal_transcript,8,180,real_data,4,seeded_random,0,3ddb0e813f8c9fa7
real_typeii_20db_d8_bw180_blk0,cascade_lite,1,True,True,0.046875,0.026041666666666668,0.0,0.0,137.0,15,11.479000095278025,4,45,90,15,32,0,5,5,"16,32,64,128",4,leakage_accounting=approximate_internal_transcript,8,180,real_data,4,seeded_random,0,3ddb0e813f8c9fa7
real_typeii_20db_d8_bw180_blk0,cascade_lite,2,True,True,0.046875,0.015625,0.0,0.0,131.0,9,32.37670008093119,4,45,90,9,32,0,3,3,"16,32,64,128",4,leakage_accounting=approximate_internal_transcript,8,180,real_data,4,seeded_random,0,3ddb0e813f8c9fa7
real_typeii_20db_d8_bw180_blk0,cascade_lite,3,True,True,0.109375,0.046875,0.0,0.0,120.0,42,8.168800035491586,4,23,46,42,32,0,9,9,"16,32,64,128",4,leakage_accounting=approximate_internal_transcript,8,180,real_data,4,seeded_random,0,3ddb0e813f8c9fa7
real_typeii_20db_d8_bw180_blk0,cascade_lite,0,True,True,0.140625,0.0625,0.0,0.0,162.0,40,0.5007999716326594,4,45,90,40,32,0,12,12,"8,16,32,64",6,leakage_accounting=approximate_internal_transcript,8,180,real_data,16,seeded_random,0,90e9c5c1c4435fdb
real_typeii_20db_d8_bw180_blk0,cascade_lite,1,True,True,0.046875,0.026041666666666668,0.0,0.0,137.0,15,22.19129994045943,4,45,90,15,32,0,5,5,"8,16,32,64",6,leakage_accounting=approximate_internal_transcript,8,180,real_data,16,seeded_random,0,90e9c5c1c4435fdb
real_typeii_20db_d8_bw180_blk0,cascade_lite,2,True,True,0.046875,0.015625,0.0,0.0,92.0,14,15.016500023193657,4,23,46,14,32,0,3,3,"8,16,32,64",6,leakage_accounting=approximate_internal_transcript,8,180,real_data,16,seeded_random,0,90e9c5c1c4435fdb
real_typeii_20db_d8_bw180_blk0,cascade_lite,3,True,True,0.109375,0.046875,0.0,0.0,120.0,42,5.918800015933812,4,23,46,42,32,0,9,9,"8,16,32,64",6,leakage_accounting=approximate_internal_transcript,8,180,real_data,16,seeded_random,0,90e9c5c1c4435fdb
real_typeii_20db_d8_bw180_blk0,cascade_lite,0,True,True,0.140625,0.0625,0.0,0.0,170.0,48,12.377799954265356,4,45,90,48,32,0,12,12,"8,16,32,64",6,leakage_accounting=approximate_internal_transcript,8,180,real_data,16,seeded_random,1,a09833a965a0ddf8
real_typeii_20db_d8_bw180_blk0,cascade_lite,1,True,True,0.046875,0.026041666666666668,0.0,0.0,100.0,22,19.56919999793172,4,23,46,22,32,0,5,5,"8,16,32,64",6,leakage_accounting=approximate_internal_transcript,8,180,real_data,16,seeded_random,1,a09833a965a0ddf8
real_typeii_20db_d8_bw180_blk0,cascade_lite,2,True,True,0.046875,0.015625,0.0,0.0,90.0,12,4.234599997289479,4,23,46,12,32,0,3,3,"8,16,32,64",6,leakage_accounting=approximate_internal_transcript,8,180,real_data,16,seeded_random,1,a09833a965a0ddf8
real_typeii_20db_d8_bw180_blk0,cascade_lite,3,True,True,0.109375,0.046875,0.0,0.0,117.0,37,11.820100015029311,4,24,48,37,32,0,9,9,"8,16,32,64",6,leakage_accounting=approximate_internal_transcript,8,180,real_data,16,seeded_random,1,a09833a965a0ddf8
real_typeii_20db_d8_bw180_blk0,cascade_lite,0,True,True,0.140625,0.0625,0.0,0.0,142.0,58,0.49640005454421043,4,26,52,58,32,0,12,12,"16,32,64,128",6,leakage_accounting=approximate_internal_transcript,8,180,real_data,16,seeded_random,1,91e08c4131b829cd
real_typeii_20db_d8_bw180_blk0,cascade_lite,1,True,True,0.046875,0.026041666666666668,0.0,0.0,100.0,22,0.2749999985098839,4,23,46,22,32,0,5,5,"16,32,64,128",6,leakage_accounting=approximate_internal_transcript,8,180,real_data,16,seeded_random,1,91e08c4131b829cd
real_typeii_20db_d8_bw180_blk0,cascade_lite,2,True,True,0.046875,0.015625,0.0,0.0,90.0,12,12.933399993926287,4,23,46,12,32,0,3,3,"16,32,64,128",6,leakage_accounting=approximate_internal_transcript,8,180,real_data,16,seeded_random,1,91e08c4131b829cd
real_typeii_20db_d8_bw180_blk0,cascade_lite,3,True,True,0.109375,0.046875,0.0,0.0,117.0,37,8.128900080919266,4,24,48,37,32,0,9,9,"16,32,64,128",6,leakage_accounting=approximate_internal_transcript,8,180,real_data,16,seeded_random,1,91e08c4131b829cd
real_typeii_20db_d8_bw180_blk0,cascade_lite,0,True,True,0.140625,0.0625,0.0,0.0,170.0,48,17.06039998680353,4,45,90,48,32,0,12,12,"8,16,32,64",4,leakage_accounting=approximate_internal_transcript,8,180,real_data,16,seeded_random,1,7faaaf788b90c25a
real_typeii_20db_d8_bw180_blk0,cascade_lite,1,True,True,0.046875,0.026041666666666668,0.0,0.0,100.0,22,0.2866999711841345,4,23,46,22,32,0,5,5,"8,16,32,64",4,leakage_accounting=approximate_internal_transcript,8,180,real_data,16,seeded_random,1,7faaaf788b90c25a
real_typeii_20db_d8_bw180_blk0,cascade_lite,2,True,True,0.046875,0.015625,0.0,0.0,90.0,12,31.292200088500977,4,23,46,12,32,0,3,3,"8,16,32,64",4,leakage_accounting=approximate_internal_transcript,8,180,real_data,16,seeded_random,1,7faaaf788b90c25a
real_typeii_20db_d8_bw180_blk0,cascade_lite,3,True,True,0.109375,0.046875,0.0,0.0,117.0,37,10.823799995705485,4,24,48,37,32,0,9,9,"8,16,32,64",4,leakage_accounting=approximate_internal_transcript,8,180,real_data,16,seeded_random,1,7faaaf788b90c25a
real_typeii_20db_d8_bw180_blk0,cascade_lite,0,True,True,0.140625,0.0625,0.0,0.0,142.0,58,14.547300059348345,4,26,52,58,32,0,12,12,"16,32,64,128",4,leakage_accounting=approximate_internal_transcript,8,180,real_data,16,seeded_random,1,ad1f4d64f73fcc30
real_typeii_20db_d8_bw180_blk0,cascade_lite,1,True,True,0.046875,0.026041666666666668,0.0,0.0,100.0,22,10.279499925673008,4,23,46,22,32,0,5,5,"16,32,64,128",4,leakage_accounting=approximate_internal_transcript,8,180,real_data,16,seeded_random,1,ad1f4d64f73fcc30
real_typeii_20db_d8_bw180_blk0,cascade_lite,2,True,True,0.046875,0.015625,0.0,0.0,90.0,12,3.028700011782348,4,23,46,12,32,0,3,3,"16,32,64,128",4,leakage_accounting=approximate_internal_transcript,8,180,real_data,16,seeded_random,1,ad1f4d64f73fcc30
real_typeii_20db_d8_bw180_blk0,cascade_lite,3,True,True,0.109375,0.046875,0.0,0.0,117.0,37,5.779300001449883,4,24,48,37,32,0,9,9,"16,32,64,128",4,leakage_accounting=approximate_internal_transcript,8,180,real_data,16,seeded_random,1,ad1f4d64f73fcc30
real_typeii_20db_d64_bw120_blk0,cascade_lite,0,True,False,0.28125,0.07291666666666667,0.09375,0.015625,226.0,100,112.80889995396137,4,47,94,100,32,0,22,22,"16,32,64,128",6,leakage_accounting=approximate_internal_transcript,64,120,real_data,4,seeded_random,0,c8e68be9f13a3ff7
real_typeii_20db_d64_bw120_blk0,cascade_lite,1,True,False,0.203125,0.1015625,0.078125,0.015625,293.0,155,79.4902000343427,4,53,106,155,32,0,33,33,"16,32,64,128",6,leakage_accounting=approximate_internal_transcript,64,120,real_data,4,seeded_random,0,c8e68be9f13a3ff7
real_typeii_20db_d64_bw120_blk0,cascade_lite,2,True,False,0.203125,0.08854166666666667,0.109375,0.0234375,246.0,116,8.507699938490987,4,49,98,116,32,0,25,25,"16,32,64,128",6,leakage_accounting=approximate_internal_transcript,64,120,real_data,4,seeded_random,0,c8e68be9f13a3ff7
real_typeii_20db_d64_bw120_blk0,cascade_lite,3,True,False,0.234375,0.078125,0.03125,0.0078125,256.0,126,12.168300105258822,4,49,98,126,32,0,27,27,"16,32,64,128",6,leakage_accounting=approximate_internal_transcript,64,120,real_data,4,seeded_random,0,c8e68be9f13a3ff7
real_typeii_20db_d8_bw180_blk0,cascade_lite,0,True,True,0.140625,0.0625,0.0,0.0,132.0,50,0.46440004371106625,4,25,50,50,32,0,12,12,"16,32,64,128",6,leakage_accounting=approximate_internal_transcript,8,180,real_data,16,seeded_random,0,f4cc5c3e86519271
real_typeii_20db_d8_bw180_blk0,cascade_lite,1,True,True,0.046875,0.026041666666666668,0.0,0.0,100.0,22,14.548999955877662,4,23,46,22,32,0,5,5,"16,32,64,128",6,leakage_accounting=approximate_internal_transcript,8,180,real_data,16,seeded_random,0,f4cc5c3e86519271
real_typeii_20db_d8_bw180_blk0,cascade_lite,2,True,True,0.046875,0.015625,0.0,0.0,92.0,14,15.443800017237663,4,23,46,14,32,0,3,3,"16,32,64,128",6,leakage_accounting=approximate_internal_transcript,8,180,real_data,16,seeded_random,0,f4cc5c3e86519271
real_typeii_20db_d8_bw180_blk0,cascade_lite,3,True,True,0.109375,0.046875,0.0,0.0,120.0,42,2.5180999655276537,4,23,46,42,32,0,9,9,"16,32,64,128",6,leakage_accounting=approximate_internal_transcript,8,180,real_data,16,seeded_random,0,f4cc5c3e86519271
real_typeii_20db_d8_bw180_blk0,cascade_lite,0,True,True,0.140625,0.0625,0.0,0.0,132.0,50,22.84660004079342,4,25,50,50,32,0,12,12,"16,32,64,128",4,leakage_accounting=approximate_internal_transcript,8,180,real_data,16,seeded_random,0,19e9870100f5792b
real_typeii_20db_d8_bw180_blk0,cascade_lite,1,True,True,0.046875,0.026041666666666668,0.0,0.0,100.0,22,6.742099998518825,4,23,46,22,32,0,5,5,"16,32,64,128",4,leakage_accounting=approximate_internal_transcript,8,180,real_data,16,seeded_random,0,19e9870100f5792b
real_typeii_20db_d8_bw180_blk0,cascade_lite,2,True,True,0.046875,0.015625,0.0,0.0,92.0,14,9.618000010959804,4,23,46,14,32,0,3,3,"16,32,64,128",4,leakage_accounting=approximate_internal_transcript,8,180,real_data,16,seeded_random,0,19e9870100f5792b
real_typeii_20db_d8_bw180_blk0,cascade_lite,3,True,True,0.109375,0.046875,0.0,0.0,120.0,42,3.2537999795749784,4,23,46,42,32,0,9,9,"16,32,64,128",4,leakage_accounting=approximate_internal_transcript,8,180,real_data,16,seeded_random,0,19e9870100f5792b
