dataset_id,data_mode,dimension,bin_width_ps,q,frame_len_symbols,frame_cap,frames_used_actual,decoder,channel_model,check_fraction,row_weight,max_iter,method,method_status,backend_status,n_frames_attempted,n_frames_success,n_frames_failed_decode,n_frames_failed_verify,accepted_frame_fraction,raw_ser,post_ir_ser,leak_EC_actual_bits,leak_EC_per_input_bit,runtime_s,notes,param_hash
qldpc_synth_q4_ser0p01_flen64,synthetic,4,,4,64,4,4,qary_hard_syndrome_bf,qary_symmetric,0.33,3,20,qldpc_reference,ok,qary_ldpc_reference_qary_hard_syndrome_bf_internal_gf2m_4,4,4,0,0,1.0,0.01171875,0.0,304.0,0.59375,0.01867740007583052,qLDPC GF(q) syndrome reference decoder executed; not a full industrial qLDPC implementation; q=4; decoder=qary_hard_syndrome_bf; channel_model=qary_symmetric; check_fraction=0.33; row_weight=3; syndrome_symbols=22; syndrome_bits=176; verification_bits=128; success=4/4,0b962a07318c87cc
qldpc_synth_q4_ser0p01_flen128,synthetic,4,,4,128,4,4,qary_hard_syndrome_bf,qary_symmetric,0.33,3,20,qldpc_reference,ok,qary_ldpc_reference_qary_hard_syndrome_bf_internal_gf2m_4,4,3,0,1,0.75,0.009765625,0.00390625,472.0,0.4609375,0.05674839997664094,qLDPC GF(q) syndrome reference decoder executed; not a full industrial qLDPC implementation; q=4; decoder=qary_hard_syndrome_bf; channel_model=qary_symmetric; check_fraction=0.33; row_weight=3; syndrome_symbols=43; syndrome_bits=344; verification_bits=128; success=3/4,0b962a07318c87cc
qldpc_synth_q4_ser0p01_flen64,synthetic,4,,4,64,4,4,qary_hard_syndrome_bf,qary_symmetric,0.33,4,20,qldpc_reference,ok,qary_ldpc_reference_qary_hard_syndrome_bf_internal_gf2m_4,4,3,0,1,0.75,0.01171875,0.0078125,304.0,0.59375,0.10011520003899932,qLDPC GF(q) syndrome reference decoder executed; not a full industrial qLDPC implementation; q=4; decoder=qary_hard_syndrome_bf; channel_model=qary_symmetric; check_fraction=0.33; row_weight=4; syndrome_symbols=22; syndrome_bits=176; verification_bits=128; success=3/4,eb5e714c53e22f14
qldpc_synth_q4_ser0p01_flen64,synthetic,4,,4,64,4,4,qary_hard_syndrome_bf,qary_symmetric,0.5,4,20,qldpc_reference,ok,qary_ldpc_reference_qary_hard_syndrome_bf_internal_gf2m_4,4,3,0,1,0.75,0.01171875,0.0078125,384.0,0.75,0.12386419996619225,qLDPC GF(q) syndrome reference decoder executed; not a full industrial qLDPC implementation; q=4; decoder=qary_hard_syndrome_bf; channel_model=qary_symmetric; check_fraction=0.5; row_weight=4; syndrome_symbols=32; syndrome_bits=256; verification_bits=128; success=3/4,70f03ad2a6815ec3
qldpc_synth_q4_ser0p01_flen128,synthetic,4,,4,128,4,4,qary_hard_syndrome_bf,qary_symmetric,0.33,4,20,qldpc_reference,ok,qary_ldpc_reference_qary_hard_syndrome_bf_internal_gf2m_4,4,4,0,0,1.0,0.009765625,0.0,472.0,0.4609375,0.06426480005029589,qLDPC GF(q) syndrome reference decoder executed; not a full industrial qLDPC implementation; q=4; decoder=qary_hard_syndrome_bf; channel_model=qary_symmetric; check_fraction=0.33; row_weight=4; syndrome_symbols=43; syndrome_bits=344; verification_bits=128; success=4/4,b2c6fbab915c06c2
qldpc_synth_q4_ser0p01_flen128,synthetic,4,,4,128,4,4,qary_hard_syndrome_bf,qary_symmetric,0.5,3,20,qldpc_reference,ok,qary_ldpc_reference_qary_hard_syndrome_bf_internal_gf2m_4,4,4,0,0,1.0,0.009765625,0.0,640.0,0.625,0.044967300025746226,qLDPC GF(q) syndrome reference decoder executed; not a full industrial qLDPC implementation; q=4; decoder=qary_hard_syndrome_bf; channel_model=qary_symmetric; check_fraction=0.5; row_weight=3; syndrome_symbols=64; syndrome_bits=512; verification_bits=128; success=4/4,522f89e80edee7a1
qldpc_synth_q4_ser0p01_flen128,synthetic,4,,4,128,4,4,qary_hard_syndrome_bf,qary_symmetric,0.5,3,20,qldpc_reference,ok,qary_ldpc_reference_qary_hard_syndrome_bf_internal_gf2m_4,4,3,0,1,0.75,0.009765625,0.00390625,640.0,0.625,0.039424799964763224,qLDPC GF(q) syndrome reference decoder executed; not a full industrial qLDPC implementation; q=4; decoder=qary_hard_syndrome_bf; channel_model=qary_symmetric; check_fraction=0.5; row_weight=3; syndrome_symbols=64; syndrome_bits=512; verification_bits=128; success=3/4,d3ef20759633ed3a
qldpc_synth_q4_ser0p01_flen64,synthetic,4,,4,64,4,4,qary_hard_syndrome_bf,qary_symmetric,0.5,3,20,qldpc_reference,ok,qary_ldpc_reference_qary_hard_syndrome_bf_internal_gf2m_4,4,3,0,1,0.75,0.01171875,0.0078125,384.0,0.75,0.2751598000759259,qLDPC GF(q) syndrome reference decoder executed; not a full industrial qLDPC implementation; q=4; decoder=qary_hard_syndrome_bf; channel_model=qary_symmetric; check_fraction=0.5; row_weight=3; syndrome_symbols=32; syndrome_bits=256; verification_bits=128; success=3/4,d3ef20759633ed3a
qldpc_synth_q4_ser0p01_flen64,synthetic,4,,4,64,4,4,qary_hard_syndrome_bf,qary_symmetric,0.33,3,20,qldpc_reference,ok,qary_ldpc_reference_qary_hard_syndrome_bf_internal_gf2m_4,4,4,0,0,1.0,0.01171875,0.0,304.0,0.59375,0.2939540999941528,qLDPC GF(q) syndrome reference decoder executed; not a full industrial qLDPC implementation; q=4; decoder=qary_hard_syndrome_bf; channel_model=qary_symmetric; check_fraction=0.33; row_weight=3; syndrome_symbols=22; syndrome_bits=176; verification_bits=128; success=4/4,ec3c47203d968697
qldpc_synth_q4_ser0p03_flen64,synthetic,4,,4,64,4,4,qary_hard_syndrome_bf,qary_symmetric,0.33,3,20,qldpc_reference,ok,qary_ldpc_reference_qary_hard_syndrome_bf_internal_gf2m_4,4,2,0,2,0.5,0.03515625,0.0234375,304.0,0.59375,0.02512959996238351,qLDPC GF(q) syndrome reference decoder executed; not a full industrial qLDPC implementation; q=4; decoder=qary_hard_syndrome_bf; channel_model=qary_symmetric; check_fraction=0.33; row_weight=3; syndrome_symbols=22; syndrome_bits=176; verification_bits=128; success=2/4,0b962a07318c87cc
qldpc_synth_q4_ser0p01_flen64,synthetic,4,,4,64,4,4,qary_hard_syndrome_bf,qary_symmetric,0.5,4,20,qldpc_reference,ok,qary_ldpc_reference_qary_hard_syndrome_bf_internal_gf2m_4,4,4,0,0,1.0,0.01171875,0.0,384.0,0.75,0.34382569999434054,qLDPC GF(q) syndrome reference decoder executed; not a full industrial qLDPC implementation; q=4; decoder=qary_hard_syndrome_bf; channel_model=qary_symmetric; check_fraction=0.5; row_weight=4; syndrome_symbols=32; syndrome_bits=256; verification_bits=128; success=4/4,43d014f94c106833
qldpc_synth_q4_ser0p03_flen64,synthetic,4,,4,64,4,4,qary_hard_syndrome_bf,qary_symmetric,0.33,4,20,qldpc_reference,ok,qary_ldpc_reference_qary_hard_syndrome_bf_internal_gf2m_4,4,1,0,3,0.25,0.03515625,0.0234375,304.0,0.59375,0.0316122000804171,qLDPC GF(q) syndrome reference decoder executed; not a full industrial qLDPC implementation; q=4; decoder=qary_hard_syndrome_bf; channel_model=qary_symmetric; check_fraction=0.33; row_weight=4; syndrome_symbols=22; syndrome_bits=176; verification_bits=128; success=1/4,b2c6fbab915c06c2
qldpc_synth_q4_ser0p01_flen128,synthetic,4,,4,128,4,4,qary_hard_syndrome_bf,qary_symmetric,0.5,4,20,qldpc_reference,ok,qary_ldpc_reference_qary_hard_syndrome_bf_internal_gf2m_4,4,4,0,0,1.0,0.009765625,0.0,640.0,0.625,0.15335929999127984,qLDPC GF(q) syndrome reference decoder executed; not a full industrial qLDPC implementation; q=4; decoder=qary_hard_syndrome_bf; channel_model=qary_symmetric; check_fraction=0.5; row_weight=4; syndrome_symbols=64; syndrome_bits=512; verification_bits=128; success=4/4,70f03ad2a6815ec3
qldpc_synth_q4_ser0p03_flen64,synthetic,4,,4,64,4,4,qary_hard_syndrome_bf,qary_symmetric,0.33,4,20,qldpc_reference,ok,qary_ldpc_reference_qary_hard_syndrome_bf_internal_gf2m_4,4,1,0,3,0.25,0.03515625,0.02734375,304.0,0.59375,0.0873624999076128,qLDPC GF(q) syndrome reference decoder executed; not a full industrial qLDPC implementation; q=4; decoder=qary_hard_syndrome_bf; channel_model=qary_symmetric; check_fraction=0.33; row_weight=4; syndrome_symbols=22; syndrome_bits=176; verification_bits=128; success=1/4,eb5e714c53e22f14
qldpc_synth_q4_ser0p03_flen64,synthetic,4,,4,64,4,4,qary_hard_syndrome_bf,qary_symmetric,0.5,3,20,qldpc_reference,ok,qary_ldpc_reference_qary_hard_syndrome_bf_internal_gf2m_4,4,1,0,3,0.25,0.03515625,0.0234375,384.0,0.75,0.030661099939607084,qLDPC GF(q) syndrome reference decoder executed; not a full industrial qLDPC implementation; q=4; decoder=qary_hard_syndrome_bf; channel_model=qary_symmetric; check_fraction=0.5; row_weight=3; syndrome_symbols=32; syndrome_bits=256; verification_bits=128; success=1/4,d3ef20759633ed3a
qldpc_synth_q4_ser0p01_flen128,synthetic,4,,4,128,4,4,qary_hard_syndrome_bf,qary_symmetric,0.5,4,20,qldpc_reference,ok,qary_ldpc_reference_qary_hard_syndrome_bf_internal_gf2m_4,4,4,0,0,1.0,0.009765625,0.0,640.0,0.625,0.2965657999739051,qLDPC GF(q) syndrome reference decoder executed; not a full industrial qLDPC implementation; q=4; decoder=qary_hard_syndrome_bf; channel_model=qary_symmetric; check_fraction=0.5; row_weight=4; syndrome_symbols=64; syndrome_bits=512; verification_bits=128; success=4/4,43d014f94c106833
qldpc_synth_q4_ser0p01_flen128,synthetic,4,,4,128,4,4,qary_hard_syndrome_bf,qary_symmetric,0.33,4,20,qldpc_reference,ok,qary_ldpc_reference_qary_hard_syndrome_bf_internal_gf2m_4,4,4,0,0,1.0,0.009765625,0.0,472.0,0.4609375,0.4656443999847397,qLDPC GF(q) syndrome reference decoder executed; not a full industrial qLDPC implementation; q=4; decoder=qary_hard_syndrome_bf; channel_model=qary_symmetric; check_fraction=0.33; row_weight=4; syndrome_symbols=43; syndrome_bits=344; verification_bits=128; success=4/4,eb5e714c53e22f14
qldpc_synth_q4_ser0p03_flen64,synthetic,4,,4,64,4,4,qary_hard_syndrome_bf,qary_symmetric,0.33,3,20,qldpc_reference,ok,qary_ldpc_reference_qary_hard_syndrome_bf_internal_gf2m_4,4,2,0,2,0.5,0.03515625,0.03125,304.0,0.59375,0.29675949993543327,qLDPC GF(q) syndrome reference decoder executed; not a full industrial qLDPC implementation; q=4; decoder=qary_hard_syndrome_bf; channel_model=qary_symmetric; check_fraction=0.33; row_weight=3; syndrome_symbols=22; syndrome_bits=176; verification_bits=128; success=2/4,ec3c47203d968697
qldpc_synth_q4_ser0p03_flen128,synthetic,4,,4,128,4,4,qary_hard_syndrome_bf,qary_symmetric,0.33,3,20,qldpc_reference,ok,qary_ldpc_reference_qary_hard_syndrome_bf_internal_gf2m_4,4,2,0,2,0.5,0.0234375,0.01953125,472.0,0.4609375,0.06721040001139045,qLDPC GF(q) syndrome reference decoder executed; not a full industrial qLDPC implementation; q=4; decoder=qary_hard_syndrome_bf; channel_model=qary_symmetric; check_fraction=0.33; row_weight=3; syndrome_symbols=43; syndrome_bits=344; verification_bits=128; success=2/4,ec3c47203d968697
qldpc_synth_q4_ser0p03_flen64,synthetic,4,,4,64,4,4,qary_hard_syndrome_bf,qary_symmetric,0.5,4,20,qldpc_reference,ok,qary_ldpc_reference_qary_hard_syndrome_bf_internal_gf2m_4,4,3,0,1,0.75,0.03515625,0.0078125,384.0,0.75,0.21915050002280623,qLDPC GF(q) syndrome reference decoder executed; not a full industrial qLDPC implementation; q=4; decoder=qary_hard_syndrome_bf; channel_model=qary_symmetric; check_fraction=0.5; row_weight=4; syndrome_symbols=32; syndrome_bits=256; verification_bits=128; success=3/4,43d014f94c106833
qldpc_synth_q4_ser0p03_flen64,synthetic,4,,4,64,4,4,qary_hard_syndrome_bf,qary_symmetric,0.5,3,20,qldpc_reference,ok,qary_ldpc_reference_qary_hard_syndrome_bf_internal_gf2m_4,4,4,0,0,1.0,0.03515625,0.0,384.0,0.75,0.3186094999546185,qLDPC GF(q) syndrome reference decoder executed; not a full industrial qLDPC implementation; q=4; decoder=qary_hard_syndrome_bf; channel_model=qary_symmetric; check_fraction=0.5; row_weight=3; syndrome_symbols=32; syndrome_bits=256; verification_bits=128; success=4/4,522f89e80edee7a1
qldpc_synth_q4_ser0p03_flen128,synthetic,4,,4,128,4,4,qary_hard_syndrome_bf,qary_symmetric,0.5,3,20,qldpc_reference,ok,qary_ldpc_reference_qary_hard_syndrome_bf_internal_gf2m_4,4,3,0,1,0.75,0.0234375,0.00390625,640.0,0.625,0.06840470002498478,qLDPC GF(q) syndrome reference decoder executed; not a full industrial qLDPC implementation; q=4; decoder=qary_hard_syndrome_bf; channel_model=qary_symmetric; check_fraction=0.5; row_weight=3; syndrome_symbols=64; syndrome_bits=512; verification_bits=128; success=3/4,522f89e80edee7a1
qldpc_synth_q4_ser0p03_flen64,synthetic,4,,4,64,4,4,qary_hard_syndrome_bf,qary_symmetric,0.5,4,20,qldpc_reference,ok,qary_ldpc_reference_qary_hard_syndrome_bf_internal_gf2m_4,4,1,0,3,0.25,0.03515625,0.02734375,384.0,0.75,0.30022430000826716,qLDPC GF(q) syndrome reference decoder executed; not a full industrial qLDPC implementation; q=4; decoder=qary_hard_syndrome_bf; channel_model=qary_symmetric; check_fraction=0.5; row_weight=4; syndrome_symbols=32; syndrome_bits=256; verification_bits=128; success=1/4,70f03ad2a6815ec3
qldpc_synth_q4_ser0p01_flen64,synthetic,4,,4,64,4,4,qary_hard_syndrome_bf,qary_symmetric,0.33,4,20,qldpc_reference,ok,qary_ldpc_reference_qary_hard_syndrome_bf_internal_gf2m_4,4,3,0,1,0.75,0.01171875,0.0078125,304.0,0.59375,0.87556970003061,qLDPC GF(q) syndrome reference decoder executed; not a full industrial qLDPC implementation; q=4; decoder=qary_hard_syndrome_bf; channel_model=qary_symmetric; check_fraction=0.33; row_weight=4; syndrome_symbols=22; syndrome_bits=176; verification_bits=128; success=3/4,b2c6fbab915c06c2
qldpc_synth_q4_ser0p03_flen128,synthetic,4,,4,128,4,4,qary_hard_syndrome_bf,qary_symmetric,0.5,4,20,qldpc_reference,ok,qary_ldpc_reference_qary_hard_syndrome_bf_internal_gf2m_4,4,4,0,0,1.0,0.0234375,0.0,640.0,0.625,0.0811229000100866,qLDPC GF(q) syndrome reference decoder executed; not a full industrial qLDPC implementation; q=4; decoder=qary_hard_syndrome_bf; channel_model=qary_symmetric; check_fraction=0.5; row_weight=4; syndrome_symbols=64; syndrome_bits=512; verification_bits=128; success=4/4,70f03ad2a6815ec3
qldpc_synth_q4_ser0p05_flen64,synthetic,4,,4,64,4,4,qary_hard_syndrome_bf,qary_symmetric,0.33,3,20,qldpc_reference,reference,qary_ldpc_reference_qary_hard_syndrome_bf_internal_gf2m_4,4,1,0,3,0.25,0.0625,0.0703125,304.0,0.59375,0.04368329991120845,qLDPC GF(q) syndrome reference decoder executed; not a full industrial qLDPC implementation; q=4; decoder=qary_hard_syndrome_bf; channel_model=qary_symmetric; check_fraction=0.33; row_weight=3; syndrome_symbols=22; syndrome_bits=176; verification_bits=128; success=1/4,0b962a07318c87cc
qldpc_synth_q4_ser0p03_flen128,synthetic,4,,4,128,4,4,qary_hard_syndrome_bf,qary_symmetric,0.33,3,20,qldpc_reference,ok,qary_ldpc_reference_qary_hard_syndrome_bf_internal_gf2m_4,4,2,0,2,0.5,0.0234375,0.01171875,472.0,0.4609375,0.47255399997811764,qLDPC GF(q) syndrome reference decoder executed; not a full industrial qLDPC implementation; q=4; decoder=qary_hard_syndrome_bf; channel_model=qary_symmetric; check_fraction=0.33; row_weight=3; syndrome_symbols=43; syndrome_bits=344; verification_bits=128; success=2/4,0b962a07318c87cc
qldpc_synth_q4_ser0p05_flen64,synthetic,4,,4,64,4,4,qary_hard_syndrome_bf,qary_symmetric,0.33,4,20,qldpc_reference,reference,qary_ldpc_reference_qary_hard_syndrome_bf_internal_gf2m_4,4,0,0,4,0.0,0.0625,0.046875,304.0,0.59375,0.0418296999996528,qLDPC GF(q) syndrome reference decoder executed; not a full industrial qLDPC implementation; q=4; decoder=qary_hard_syndrome_bf; channel_model=qary_symmetric; check_fraction=0.33; row_weight=4; syndrome_symbols=22; syndrome_bits=176; verification_bits=128; success=0/4,b2c6fbab915c06c2
qldpc_synth_q4_ser0p01_flen64,synthetic,4,,4,64,4,4,qary_hard_syndrome_bf,qary_symmetric,0.5,3,20,qldpc_reference,ok,qary_ldpc_reference_qary_hard_syndrome_bf_internal_gf2m_4,4,4,0,0,1.0,0.01171875,0.0,384.0,0.75,1.1322058999212459,qLDPC GF(q) syndrome reference decoder executed; not a full industrial qLDPC implementation; q=4; decoder=qary_hard_syndrome_bf; channel_model=qary_symmetric; check_fraction=0.5; row_weight=3; syndrome_symbols=32; syndrome_bits=256; verification_bits=128; success=4/4,522f89e80edee7a1
qldpc_synth_q4_ser0p03_flen128,synthetic,4,,4,128,4,4,qary_hard_syndrome_bf,qary_symmetric,0.5,4,20,qldpc_reference,ok,qary_ldpc_reference_qary_hard_syndrome_bf_internal_gf2m_4,4,3,1,0,0.75,0.0234375,0.005859375,640.0,0.625,0.35764579998794943,qLDPC GF(q) syndrome reference decoder executed; not a full industrial qLDPC implementation; q=4; decoder=qary_hard_syndrome_bf; channel_model=qary_symmetric; check_fraction=0.5; row_weight=4; syndrome_symbols=64; syndrome_bits=512; verification_bits=128; success=3/4,43d014f94c106833
qldpc_synth_q4_ser0p05_flen64,synthetic,4,,4,64,4,4,qary_hard_syndrome_bf,qary_symmetric,0.5,3,20,qldpc_reference,ok,qary_ldpc_reference_qary_hard_syndrome_bf_internal_gf2m_4,4,1,0,3,0.25,0.0625,0.03125,384.0,0.75,0.04409400001168251,qLDPC GF(q) syndrome reference decoder executed; not a full industrial qLDPC implementation; q=4; decoder=qary_hard_syndrome_bf; channel_model=qary_symmetric; check_fraction=0.5; row_weight=3; syndrome_symbols=32; syndrome_bits=256; verification_bits=128; success=1/4,d3ef20759633ed3a
qldpc_synth_q4_ser0p03_flen128,synthetic,4,,4,128,4,4,qary_hard_syndrome_bf,qary_symmetric,0.5,3,20,qldpc_reference,ok,qary_ldpc_reference_qary_hard_syndrome_bf_internal_gf2m_4,4,3,0,1,0.75,0.0234375,0.0078125,640.0,0.625,0.5207481000106782,qLDPC GF(q) syndrome reference decoder executed; not a full industrial qLDPC implementation; q=4; decoder=qary_hard_syndrome_bf; channel_model=qary_symmetric; check_fraction=0.5; row_weight=3; syndrome_symbols=64; syndrome_bits=512; verification_bits=128; success=3/4,d3ef20759633ed3a
qldpc_synth_q4_ser0p05_flen64,synthetic,4,,4,64,4,4,qary_hard_syndrome_bf,qary_symmetric,0.33,3,20,qldpc_reference,ok,qary_ldpc_reference_qary_hard_syndrome_bf_internal_gf2m_4,4,1,0,3,0.25,0.0625,0.0625,304.0,0.59375,0.37782559997867793,qLDPC GF(q) syndrome reference decoder executed; not a full industrial qLDPC implementation; q=4; decoder=qary_hard_syndrome_bf; channel_model=qary_symmetric; check_fraction=0.33; row_weight=3; syndrome_symbols=22; syndrome_bits=176; verification_bits=128; success=1/4,ec3c47203d968697
qldpc_synth_q4_ser0p01_flen128,synthetic,4,,4,128,4,4,qary_hard_syndrome_bf,qary_symmetric,0.33,3,20,qldpc_reference,ok,qary_ldpc_reference_qary_hard_syndrome_bf_internal_gf2m_4,4,3,0,1,0.75,0.009765625,0.00390625,472.0,0.4609375,1.338281099917367,qLDPC GF(q) syndrome reference decoder executed; not a full industrial qLDPC implementation; q=4; decoder=qary_hard_syndrome_bf; channel_model=qary_symmetric; check_fraction=0.33; row_weight=3; syndrome_symbols=43; syndrome_bits=344; verification_bits=128; success=3/4,ec3c47203d968697
qldpc_synth_q4_ser0p05_flen128,synthetic,4,,4,128,4,4,qary_hard_syndrome_bf,qary_symmetric,0.33,3,20,qldpc_reference,reference,qary_ldpc_reference_qary_hard_syndrome_bf_internal_gf2m_4,4,0,0,4,0.0,0.046875,0.05078125,472.0,0.4609375,0.1080398999620229,qLDPC GF(q) syndrome reference decoder executed; not a full industrial qLDPC implementation; q=4; decoder=qary_hard_syndrome_bf; channel_model=qary_symmetric; check_fraction=0.33; row_weight=3; syndrome_symbols=43; syndrome_bits=344; verification_bits=128; success=0/4,ec3c47203d968697
qldpc_synth_q4_ser0p05_flen128,synthetic,4,,4,128,4,4,qary_hard_syndrome_bf,qary_symmetric,0.33,3,20,qldpc_reference,reference,qary_ldpc_reference_qary_hard_syndrome_bf_internal_gf2m_4,4,0,0,4,0.0,0.046875,0.041015625,472.0,0.4609375,0.24327690002974123,qLDPC GF(q) syndrome reference decoder executed; not a full industrial qLDPC implementation; q=4; decoder=qary_hard_syndrome_bf; channel_model=qary_symmetric; check_fraction=0.33; row_weight=3; syndrome_symbols=43; syndrome_bits=344; verification_bits=128; success=0/4,0b962a07318c87cc
qldpc_synth_q4_ser0p05_flen128,synthetic,4,,4,128,4,4,qary_hard_syndrome_bf,qary_symmetric,0.33,4,20,qldpc_reference,ok,qary_ldpc_reference_qary_hard_syndrome_bf_internal_gf2m_4,4,1,0,3,0.25,0.046875,0.02734375,472.0,0.4609375,0.11609230004251003,qLDPC GF(q) syndrome reference decoder executed; not a full industrial qLDPC implementation; q=4; decoder=qary_hard_syndrome_bf; channel_model=qary_symmetric; check_fraction=0.33; row_weight=4; syndrome_symbols=43; syndrome_bits=344; verification_bits=128; success=1/4,eb5e714c53e22f14
qldpc_synth_q4_ser0p05_flen64,synthetic,4,,4,64,4,4,qary_hard_syndrome_bf,qary_symmetric,0.5,4,20,qldpc_reference,ok,qary_ldpc_reference_qary_hard_syndrome_bf_internal_gf2m_4,4,2,0,2,0.5,0.0625,0.015625,384.0,0.75,0.5261017999146134,qLDPC GF(q) syndrome reference decoder executed; not a full industrial qLDPC implementation; q=4; decoder=qary_hard_syndrome_bf; channel_model=qary_symmetric; check_fraction=0.5; row_weight=4; syndrome_symbols=32; syndrome_bits=256; verification_bits=128; success=2/4,43d014f94c106833
qldpc_synth_q4_ser0p05_flen128,synthetic,4,,4,128,4,4,qary_hard_syndrome_bf,qary_symmetric,0.33,4,20,qldpc_reference,ok,qary_ldpc_reference_qary_hard_syndrome_bf_internal_gf2m_4,4,1,0,3,0.25,0.046875,0.037109375,472.0,0.4609375,0.38391109998337924,qLDPC GF(q) syndrome reference decoder executed; not a full industrial qLDPC implementation; q=4; decoder=qary_hard_syndrome_bf; channel_model=qary_symmetric; check_fraction=0.33; row_weight=4; syndrome_symbols=43; syndrome_bits=344; verification_bits=128; success=1/4,b2c6fbab915c06c2
qldpc_synth_q4_ser0p05_flen128,synthetic,4,,4,128,4,4,qary_hard_syndrome_bf,qary_symmetric,0.5,3,20,qldpc_reference,ok,qary_ldpc_reference_qary_hard_syndrome_bf_internal_gf2m_4,4,2,0,2,0.5,0.046875,0.013671875,640.0,0.625,0.2915447000414133,qLDPC GF(q) syndrome reference decoder executed; not a full industrial qLDPC implementation; q=4; decoder=qary_hard_syndrome_bf; channel_model=qary_symmetric; check_fraction=0.5; row_weight=3; syndrome_symbols=64; syndrome_bits=512; verification_bits=128; success=2/4,522f89e80edee7a1
qldpc_synth_q4_ser0p05_flen128,synthetic,4,,4,128,4,4,qary_hard_syndrome_bf,qary_symmetric,0.5,4,20,qldpc_reference,ok,qary_ldpc_reference_qary_hard_syndrome_bf_internal_gf2m_4,4,2,0,2,0.5,0.046875,0.017578125,640.0,0.625,0.12411890004295856,qLDPC GF(q) syndrome reference decoder executed; not a full industrial qLDPC implementation; q=4; decoder=qary_hard_syndrome_bf; channel_model=qary_symmetric; check_fraction=0.5; row_weight=4; syndrome_symbols=64; syndrome_bits=512; verification_bits=128; success=2/4,70f03ad2a6815ec3
qldpc_synth_q4_ser0p03_flen128,synthetic,4,,4,128,4,4,qary_hard_syndrome_bf,qary_symmetric,0.33,4,20,qldpc_reference,ok,qary_ldpc_reference_qary_hard_syndrome_bf_internal_gf2m_4,4,2,0,2,0.5,0.0234375,0.01171875,472.0,0.4609375,1.544814100023359,qLDPC GF(q) syndrome reference decoder executed; not a full industrial qLDPC implementation; q=4; decoder=qary_hard_syndrome_bf; channel_model=qary_symmetric; check_fraction=0.33; row_weight=4; syndrome_symbols=43; syndrome_bits=344; verification_bits=128; success=2/4,b2c6fbab915c06c2
qldpc_synth_q4_ser0p05_flen128,synthetic,4,,4,128,4,4,qary_hard_syndrome_bf,qary_symmetric,0.5,4,20,qldpc_reference,ok,qary_ldpc_reference_qary_hard_syndrome_bf_internal_gf2m_4,4,3,0,1,0.75,0.046875,0.00390625,640.0,0.625,0.4444337000604719,qLDPC GF(q) syndrome reference decoder executed; not a full industrial qLDPC implementation; q=4; decoder=qary_hard_syndrome_bf; channel_model=qary_symmetric; check_fraction=0.5; row_weight=4; syndrome_symbols=64; syndrome_bits=512; verification_bits=128; success=3/4,43d014f94c106833
qldpc_synth_q4_ser0p05_flen64,synthetic,4,,4,64,4,4,qary_hard_syndrome_bf,qary_symmetric,0.5,4,20,qldpc_reference,ok,qary_ldpc_reference_qary_hard_syndrome_bf_internal_gf2m_4,4,2,0,2,0.5,0.0625,0.015625,384.0,0.75,1.0631288000149652,qLDPC GF(q) syndrome reference decoder executed; not a full industrial qLDPC implementation; q=4; decoder=qary_hard_syndrome_bf; channel_model=qary_symmetric; check_fraction=0.5; row_weight=4; syndrome_symbols=32; syndrome_bits=256; verification_bits=128; success=2/4,70f03ad2a6815ec3
qldpc_synth_q4_ser0p08_flen64,synthetic,4,,4,64,4,4,qary_hard_syndrome_bf,qary_symmetric,0.33,4,20,qldpc_reference,ok,qary_ldpc_reference_qary_hard_syndrome_bf_internal_gf2m_4,4,1,1,2,0.25,0.09375,0.09375,304.0,0.59375,0.0529748999979347,qLDPC GF(q) syndrome reference decoder executed; not a full industrial qLDPC implementation; q=4; decoder=qary_hard_syndrome_bf; channel_model=qary_symmetric; check_fraction=0.33; row_weight=4; syndrome_symbols=22; syndrome_bits=176; verification_bits=128; success=1/4,eb5e714c53e22f14
qldpc_synth_q4_ser0p08_flen64,synthetic,4,,4,64,4,4,qary_hard_syndrome_bf,qary_symmetric,0.5,3,20,qldpc_reference,ok,qary_ldpc_reference_qary_hard_syndrome_bf_internal_gf2m_4,4,1,0,3,0.25,0.09375,0.046875,384.0,0.75,0.0577356000430882,qLDPC GF(q) syndrome reference decoder executed; not a full industrial qLDPC implementation; q=4; decoder=qary_hard_syndrome_bf; channel_model=qary_symmetric; check_fraction=0.5; row_weight=3; syndrome_symbols=32; syndrome_bits=256; verification_bits=128; success=1/4,522f89e80edee7a1
qldpc_synth_q4_ser0p08_flen64,synthetic,4,,4,64,4,4,qary_hard_syndrome_bf,qary_symmetric,0.33,4,20,qldpc_reference,reference,qary_ldpc_reference_qary_hard_syndrome_bf_internal_gf2m_4,4,0,0,4,0.0,0.09375,0.0703125,304.0,0.59375,0.22052099998109043,qLDPC GF(q) syndrome reference decoder executed; not a full industrial qLDPC implementation; q=4; decoder=qary_hard_syndrome_bf; channel_model=qary_symmetric; check_fraction=0.33; row_weight=4; syndrome_symbols=22; syndrome_bits=176; verification_bits=128; success=0/4,b2c6fbab915c06c2
qldpc_synth_q4_ser0p08_flen64,synthetic,4,,4,64,4,4,qary_hard_syndrome_bf,qary_symmetric,0.5,3,20,qldpc_reference,ok,qary_ldpc_reference_qary_hard_syndrome_bf_internal_gf2m_4,4,1,0,3,0.25,0.09375,0.0546875,384.0,0.75,0.116435999982059,qLDPC GF(q) syndrome reference decoder executed; not a full industrial qLDPC implementation; q=4; decoder=qary_hard_syndrome_bf; channel_model=qary_symmetric; check_fraction=0.5; row_weight=3; syndrome_symbols=32; syndrome_bits=256; verification_bits=128; success=1/4,d3ef20759633ed3a
qldpc_synth_q4_ser0p08_flen64,synthetic,4,,4,64,4,4,qary_hard_syndrome_bf,qary_symmetric,0.5,4,20,qldpc_reference,reference,qary_ldpc_reference_qary_hard_syndrome_bf_internal_gf2m_4,4,0,1,3,0.0,0.09375,0.0703125,384.0,0.75,0.05912490002810955,qLDPC GF(q) syndrome reference decoder executed; not a full industrial qLDPC implementation; q=4; decoder=qary_hard_syndrome_bf; channel_model=qary_symmetric; check_fraction=0.5; row_weight=4; syndrome_symbols=32; syndrome_bits=256; verification_bits=128; success=0/4,70f03ad2a6815ec3
qldpc_synth_q4_ser0p08_flen128,synthetic,4,,4,128,4,4,qary_hard_syndrome_bf,qary_symmetric,0.33,3,20,qldpc_reference,reference,qary_ldpc_reference_qary_hard_syndrome_bf_internal_gf2m_4,4,0,0,4,0.0,0.078125,0.05859375,472.0,0.4609375,0.15293440001551062,qLDPC GF(q) syndrome reference decoder executed; not a full industrial qLDPC implementation; q=4; decoder=qary_hard_syndrome_bf; channel_model=qary_symmetric; check_fraction=0.33; row_weight=3; syndrome_symbols=43; syndrome_bits=344; verification_bits=128; success=0/4,0b962a07318c87cc
qldpc_synth_q4_ser0p08_flen64,synthetic,4,,4,64,4,4,qary_hard_syndrome_bf,qary_symmetric,0.33,3,20,qldpc_reference,reference,qary_ldpc_reference_qary_hard_syndrome_bf_internal_gf2m_4,4,1,0,3,0.25,0.09375,0.109375,304.0,0.59375,0.6836915001040325,qLDPC GF(q) syndrome reference decoder executed; not a full industrial qLDPC implementation; q=4; decoder=qary_hard_syndrome_bf; channel_model=qary_symmetric; check_fraction=0.33; row_weight=3; syndrome_symbols=22; syndrome_bits=176; verification_bits=128; success=1/4,ec3c47203d968697
qldpc_synth_q4_ser0p08_flen128,synthetic,4,,4,128,4,4,qary_hard_syndrome_bf,qary_symmetric,0.33,4,20,qldpc_reference,reference,qary_ldpc_reference_qary_hard_syndrome_bf_internal_gf2m_4,4,0,0,4,0.0,0.078125,0.06640625,472.0,0.4609375,0.17519840004388243,qLDPC GF(q) syndrome reference decoder executed; not a full industrial qLDPC implementation; q=4; decoder=qary_hard_syndrome_bf; channel_model=qary_symmetric; check_fraction=0.33; row_weight=4; syndrome_symbols=43; syndrome_bits=344; verification_bits=128; success=0/4,b2c6fbab915c06c2
qldpc_synth_q4_ser0p05_flen64,synthetic,4,,4,64,4,4,qary_hard_syndrome_bf,qary_symmetric,0.5,3,20,qldpc_reference,ok,qary_ldpc_reference_qary_hard_syndrome_bf_internal_gf2m_4,4,2,1,1,0.5,0.0625,0.03515625,384.0,0.75,2.0115198000567034,qLDPC GF(q) syndrome reference decoder executed; not a full industrial qLDPC implementation; q=4; decoder=qary_hard_syndrome_bf; channel_model=qary_symmetric; check_fraction=0.5; row_weight=3; syndrome_symbols=32; syndrome_bits=256; verification_bits=128; success=2/4,522f89e80edee7a1
qldpc_synth_q4_ser0p05_flen128,synthetic,4,,4,128,4,4,qary_hard_syndrome_bf,qary_symmetric,0.5,3,20,qldpc_reference,reference,qary_ldpc_reference_qary_hard_syndrome_bf_internal_gf2m_4,4,0,0,4,0.0,0.046875,0.029296875,640.0,0.625,1.4789689000463113,qLDPC GF(q) syndrome reference decoder executed; not a full industrial qLDPC implementation; q=4; decoder=qary_hard_syndrome_bf; channel_model=qary_symmetric; check_fraction=0.5; row_weight=3; syndrome_symbols=64; syndrome_bits=512; verification_bits=128; success=0/4,d3ef20759633ed3a
qldpc_synth_q4_ser0p08_flen128,synthetic,4,,4,128,4,4,qary_hard_syndrome_bf,qary_symmetric,0.33,4,20,qldpc_reference,reference,qary_ldpc_reference_qary_hard_syndrome_bf_internal_gf2m_4,4,0,1,3,0.0,0.078125,0.076171875,472.0,0.4609375,0.3469684000592679,qLDPC GF(q) syndrome reference decoder executed; not a full industrial qLDPC implementation; q=4; decoder=qary_hard_syndrome_bf; channel_model=qary_symmetric; check_fraction=0.33; row_weight=4; syndrome_symbols=43; syndrome_bits=344; verification_bits=128; success=0/4,eb5e714c53e22f14
qldpc_synth_q4_ser0p08_flen64,synthetic,4,,4,64,4,4,qary_hard_syndrome_bf,qary_symmetric,0.33,3,20,qldpc_reference,reference,qary_ldpc_reference_qary_hard_syndrome_bf_internal_gf2m_4,4,0,1,3,0.0,0.09375,0.09765625,304.0,0.59375,1.3393816000316292,qLDPC GF(q) syndrome reference decoder executed; not a full industrial qLDPC implementation; q=4; decoder=qary_hard_syndrome_bf; channel_model=qary_symmetric; check_fraction=0.33; row_weight=3; syndrome_symbols=22; syndrome_bits=176; verification_bits=128; success=0/4,0b962a07318c87cc
qldpc_synth_q4_ser0p05_flen64,synthetic,4,,4,64,4,4,qary_hard_syndrome_bf,qary_symmetric,0.33,4,20,qldpc_reference,ok,qary_ldpc_reference_qary_hard_syndrome_bf_internal_gf2m_4,4,1,0,3,0.25,0.0625,0.0390625,304.0,0.59375,2.439684799988754,qLDPC GF(q) syndrome reference decoder executed; not a full industrial qLDPC implementation; q=4; decoder=qary_hard_syndrome_bf; channel_model=qary_symmetric; check_fraction=0.33; row_weight=4; syndrome_symbols=22; syndrome_bits=176; verification_bits=128; success=1/4,eb5e714c53e22f14
qldpc_synth_q8_ser0p01_flen64,synthetic,8,,8,64,4,4,qary_hard_syndrome_bf,qary_symmetric,0.33,3,20,qldpc_reference,ok,qary_ldpc_reference_qary_hard_syndrome_bf_internal_gf2m_8,4,4,0,0,1.0,0.01171875,0.0,392.0,0.5104166666666666,0.018784499960020185,qLDPC GF(q) syndrome reference decoder executed; not a full industrial qLDPC implementation; q=8; decoder=qary_hard_syndrome_bf; channel_model=qary_symmetric; check_fraction=0.33; row_weight=3; syndrome_symbols=22; syndrome_bits=264; verification_bits=128; success=4/4,0b962a07318c87cc
qldpc_synth_q4_ser0p03_flen128,synthetic,4,,4,128,4,4,qary_hard_syndrome_bf,qary_symmetric,0.33,4,20,qldpc_reference,ok,qary_ldpc_reference_qary_hard_syndrome_bf_internal_gf2m_4,4,1,0,3,0.25,0.0234375,0.01171875,472.0,0.4609375,2.9209279000060633,qLDPC GF(q) syndrome reference decoder executed; not a full industrial qLDPC implementation; q=4; decoder=qary_hard_syndrome_bf; channel_model=qary_symmetric; check_fraction=0.33; row_weight=4; syndrome_symbols=43; syndrome_bits=344; verification_bits=128; success=1/4,eb5e714c53e22f14
qldpc_synth_q8_ser0p01_flen64,synthetic,8,,8,64,4,4,qary_hard_syndrome_bf,qary_symmetric,0.33,4,20,qldpc_reference,ok,qary_ldpc_reference_qary_hard_syndrome_bf_internal_gf2m_8,4,3,0,1,0.75,0.01171875,0.0078125,392.0,0.5104166666666666,0.021124299964867532,qLDPC GF(q) syndrome reference decoder executed; not a full industrial qLDPC implementation; q=8; decoder=qary_hard_syndrome_bf; channel_model=qary_symmetric; check_fraction=0.33; row_weight=4; syndrome_symbols=22; syndrome_bits=264; verification_bits=128; success=3/4,b2c6fbab915c06c2
qldpc_synth_q8_ser0p01_flen64,synthetic,8,,8,64,4,4,qary_hard_syndrome_bf,qary_symmetric,0.33,4,20,qldpc_reference,ok,qary_ldpc_reference_qary_hard_syndrome_bf_internal_gf2m_8,4,3,0,1,0.75,0.01171875,0.0078125,392.0,0.5104166666666666,0.02436799998395145,qLDPC GF(q) syndrome reference decoder executed; not a full industrial qLDPC implementation; q=8; decoder=qary_hard_syndrome_bf; channel_model=qary_symmetric; check_fraction=0.33; row_weight=4; syndrome_symbols=22; syndrome_bits=264; verification_bits=128; success=3/4,eb5e714c53e22f14
qldpc_synth_q8_ser0p01_flen64,synthetic,8,,8,64,4,4,qary_hard_syndrome_bf,qary_symmetric,0.33,3,20,qldpc_reference,ok,qary_ldpc_reference_qary_hard_syndrome_bf_internal_gf2m_8,4,4,0,0,1.0,0.01171875,0.0,392.0,0.5104166666666666,0.1410754999378696,qLDPC GF(q) syndrome reference decoder executed; not a full industrial qLDPC implementation; q=8; decoder=qary_hard_syndrome_bf; channel_model=qary_symmetric; check_fraction=0.33; row_weight=3; syndrome_symbols=22; syndrome_bits=264; verification_bits=128; success=4/4,ec3c47203d968697
qldpc_synth_q8_ser0p01_flen64,synthetic,8,,8,64,4,4,qary_hard_syndrome_bf,qary_symmetric,0.5,3,20,qldpc_reference,ok,qary_ldpc_reference_qary_hard_syndrome_bf_internal_gf2m_8,4,3,0,1,0.75,0.01171875,0.0078125,512.0,0.6666666666666666,0.02441270009148866,qLDPC GF(q) syndrome reference decoder executed; not a full industrial qLDPC implementation; q=8; decoder=qary_hard_syndrome_bf; channel_model=qary_symmetric; check_fraction=0.5; row_weight=3; syndrome_symbols=32; syndrome_bits=384; verification_bits=128; success=3/4,d3ef20759633ed3a
qldpc_synth_q4_ser0p08_flen64,synthetic,4,,4,64,4,4,qary_hard_syndrome_bf,qary_symmetric,0.5,4,20,qldpc_reference,ok,qary_ldpc_reference_qary_hard_syndrome_bf_internal_gf2m_4,4,2,2,0,0.5,0.09375,0.05078125,384.0,0.75,1.2186230000806972,qLDPC GF(q) syndrome reference decoder executed; not a full industrial qLDPC implementation; q=4; decoder=qary_hard_syndrome_bf; channel_model=qary_symmetric; check_fraction=0.5; row_weight=4; syndrome_symbols=32; syndrome_bits=256; verification_bits=128; success=2/4,43d014f94c106833
qldpc_synth_q8_ser0p01_flen64,synthetic,8,,8,64,4,4,qary_hard_syndrome_bf,qary_symmetric,0.5,4,20,qldpc_reference,ok,qary_ldpc_reference_qary_hard_syndrome_bf_internal_gf2m_8,4,4,0,0,1.0,0.01171875,0.0,512.0,0.6666666666666666,0.08968130010180175,qLDPC GF(q) syndrome reference decoder executed; not a full industrial qLDPC implementation; q=8; decoder=qary_hard_syndrome_bf; channel_model=qary_symmetric; check_fraction=0.5; row_weight=4; syndrome_symbols=32; syndrome_bits=384; verification_bits=128; success=4/4,43d014f94c106833
qldpc_synth_q8_ser0p01_flen128,synthetic,8,,8,128,4,4,qary_hard_syndrome_bf,qary_symmetric,0.33,3,20,qldpc_reference,ok,qary_ldpc_reference_qary_hard_syndrome_bf_internal_gf2m_8,4,3,0,1,0.75,0.009765625,0.00390625,644.0,0.4192708333333333,0.04160879994742572,qLDPC GF(q) syndrome reference decoder executed; not a full industrial qLDPC implementation; q=8; decoder=qary_hard_syndrome_bf; channel_model=qary_symmetric; check_fraction=0.33; row_weight=3; syndrome_symbols=43; syndrome_bits=516; verification_bits=128; success=3/4,0b962a07318c87cc
qldpc_synth_q4_ser0p08_flen128,synthetic,4,,4,128,4,4,qary_hard_syndrome_bf,qary_symmetric,0.5,4,20,qldpc_reference,reference,qary_ldpc_reference_qary_hard_syndrome_bf_internal_gf2m_4,4,0,4,0,0.0,0.078125,0.064453125,640.0,0.625,0.5861808999907225,qLDPC GF(q) syndrome reference decoder executed; not a full industrial qLDPC implementation; q=4; decoder=qary_hard_syndrome_bf; channel_model=qary_symmetric; check_fraction=0.5; row_weight=4; syndrome_symbols=64; syndrome_bits=512; verification_bits=128; success=0/4,70f03ad2a6815ec3
qldpc_synth_q4_ser0p08_flen128,synthetic,4,,4,128,4,4,qary_hard_syndrome_bf,qary_symmetric,0.33,3,20,qldpc_reference,reference,qary_ldpc_reference_qary_hard_syndrome_bf_internal_gf2m_4,4,0,1,3,0.0,0.078125,0.083984375,472.0,0.4609375,1.3951695000287145,qLDPC GF(q) syndrome reference decoder executed; not a full industrial qLDPC implementation; q=4; decoder=qary_hard_syndrome_bf; channel_model=qary_symmetric; check_fraction=0.33; row_weight=3; syndrome_symbols=43; syndrome_bits=344; verification_bits=128; success=0/4,ec3c47203d968697
qldpc_synth_q8_ser0p01_flen128,synthetic,8,,8,128,4,4,qary_hard_syndrome_bf,qary_symmetric,0.33,4,20,qldpc_reference,ok,qary_ldpc_reference_qary_hard_syndrome_bf_internal_gf2m_8,4,4,0,0,1.0,0.009765625,0.0,644.0,0.4192708333333333,0.21205980004742742,qLDPC GF(q) syndrome reference decoder executed; not a full industrial qLDPC implementation; q=8; decoder=qary_hard_syndrome_bf; channel_model=qary_symmetric; check_fraction=0.33; row_weight=4; syndrome_symbols=43; syndrome_bits=516; verification_bits=128; success=4/4,b2c6fbab915c06c2
qldpc_synth_q8_ser0p01_flen128,synthetic,8,,8,128,4,4,qary_hard_syndrome_bf,qary_symmetric,0.33,4,20,qldpc_reference,ok,qary_ldpc_reference_qary_hard_syndrome_bf_internal_gf2m_8,4,4,0,0,1.0,0.009765625,0.0,644.0,0.4192708333333333,0.10762040002737194,qLDPC GF(q) syndrome reference decoder executed; not a full industrial qLDPC implementation; q=8; decoder=qary_hard_syndrome_bf; channel_model=qary_symmetric; check_fraction=0.33; row_weight=4; syndrome_symbols=43; syndrome_bits=516; verification_bits=128; success=4/4,eb5e714c53e22f14
qldpc_synth_q4_ser0p08_flen128,synthetic,4,,4,128,4,4,qary_hard_syndrome_bf,qary_symmetric,0.5,4,20,qldpc_reference,ok,qary_ldpc_reference_qary_hard_syndrome_bf_internal_gf2m_4,4,2,0,2,0.5,0.078125,0.0078125,640.0,0.625,1.1105229000095278,qLDPC GF(q) syndrome reference decoder executed; not a full industrial qLDPC implementation; q=4; decoder=qary_hard_syndrome_bf; channel_model=qary_symmetric; check_fraction=0.5; row_weight=4; syndrome_symbols=64; syndrome_bits=512; verification_bits=128; success=2/4,43d014f94c106833
qldpc_synth_q8_ser0p01_flen128,synthetic,8,,8,128,4,4,qary_hard_syndrome_bf,qary_symmetric,0.5,4,20,qldpc_reference,ok,qary_ldpc_reference_qary_hard_syndrome_bf_internal_gf2m_8,4,4,0,0,1.0,0.009765625,0.0,896.0,0.5833333333333334,0.07031529990490526,qLDPC GF(q) syndrome reference decoder executed; not a full industrial qLDPC implementation; q=8; decoder=qary_hard_syndrome_bf; channel_model=qary_symmetric; check_fraction=0.5; row_weight=4; syndrome_symbols=64; syndrome_bits=768; verification_bits=128; success=4/4,43d014f94c106833
qldpc_synth_q4_ser0p08_flen128,synthetic,4,,4,128,4,4,qary_hard_syndrome_bf,qary_symmetric,0.5,3,20,qldpc_reference,reference,qary_ldpc_reference_qary_hard_syndrome_bf_internal_gf2m_4,4,0,1,3,0.0,0.078125,0.046875,640.0,0.625,1.545668000006117,qLDPC GF(q) syndrome reference decoder executed; not a full industrial qLDPC implementation; q=4; decoder=qary_hard_syndrome_bf; channel_model=qary_symmetric; check_fraction=0.5; row_weight=3; syndrome_symbols=64; syndrome_bits=512; verification_bits=128; success=0/4,d3ef20759633ed3a
qldpc_synth_q8_ser0p01_flen128,synthetic,8,,8,128,4,4,qary_hard_syndrome_bf,qary_symmetric,0.5,4,20,qldpc_reference,ok,qary_ldpc_reference_qary_hard_syndrome_bf_internal_gf2m_8,4,4,0,0,1.0,0.009765625,0.0,896.0,0.5833333333333334,0.2498528000432998,qLDPC GF(q) syndrome reference decoder executed; not a full industrial qLDPC implementation; q=8; decoder=qary_hard_syndrome_bf; channel_model=qary_symmetric; check_fraction=0.5; row_weight=4; syndrome_symbols=64; syndrome_bits=768; verification_bits=128; success=4/4,70f03ad2a6815ec3
qldpc_synth_q8_ser0p03_flen64,synthetic,8,,8,64,4,4,qary_hard_syndrome_bf,qary_symmetric,0.33,3,20,qldpc_reference,ok,qary_ldpc_reference_qary_hard_syndrome_bf_internal_gf2m_8,4,2,0,2,0.5,0.03515625,0.03125,392.0,0.5104166666666666,0.0434067000169307,qLDPC GF(q) syndrome reference decoder executed; not a full industrial qLDPC implementation; q=8; decoder=qary_hard_syndrome_bf; channel_model=qary_symmetric; check_fraction=0.33; row_weight=3; syndrome_symbols=22; syndrome_bits=264; verification_bits=128; success=2/4,ec3c47203d968697
qldpc_synth_q8_ser0p01_flen64,synthetic,8,,8,64,4,4,qary_hard_syndrome_bf,qary_symmetric,0.5,3,20,qldpc_reference,ok,qary_ldpc_reference_qary_hard_syndrome_bf_internal_gf2m_8,4,4,0,0,1.0,0.01171875,0.0,512.0,0.6666666666666666,1.2577163999667391,qLDPC GF(q) syndrome reference decoder executed; not a full industrial qLDPC implementation; q=8; decoder=qary_hard_syndrome_bf; channel_model=qary_symmetric; check_fraction=0.5; row_weight=3; syndrome_symbols=32; syndrome_bits=384; verification_bits=128; success=4/4,522f89e80edee7a1
qldpc_synth_q8_ser0p03_flen64,synthetic,8,,8,64,4,4,qary_hard_syndrome_bf,qary_symmetric,0.33,4,20,qldpc_reference,ok,qary_ldpc_reference_qary_hard_syndrome_bf_internal_gf2m_8,4,1,0,3,0.25,0.03515625,0.02734375,392.0,0.5104166666666666,0.04678440000861883,qLDPC GF(q) syndrome reference decoder executed; not a full industrial qLDPC implementation; q=8; decoder=qary_hard_syndrome_bf; channel_model=qary_symmetric; check_fraction=0.33; row_weight=4; syndrome_symbols=22; syndrome_bits=264; verification_bits=128; success=1/4,eb5e714c53e22f14
qldpc_synth_q8_ser0p03_flen64,synthetic,8,,8,64,4,4,qary_hard_syndrome_bf,qary_symmetric,0.5,3,20,qldpc_reference,ok,qary_ldpc_reference_qary_hard_syndrome_bf_internal_gf2m_8,4,4,0,0,1.0,0.03515625,0.0,512.0,0.6666666666666666,0.054879399947822094,qLDPC GF(q) syndrome reference decoder executed; not a full industrial qLDPC implementation; q=8; decoder=qary_hard_syndrome_bf; channel_model=qary_symmetric; check_fraction=0.5; row_weight=3; syndrome_symbols=32; syndrome_bits=384; verification_bits=128; success=4/4,522f89e80edee7a1
qldpc_synth_q8_ser0p03_flen64,synthetic,8,,8,64,4,4,qary_hard_syndrome_bf,qary_symmetric,0.33,3,20,qldpc_reference,ok,qary_ldpc_reference_qary_hard_syndrome_bf_internal_gf2m_8,4,2,0,2,0.5,0.03515625,0.0234375,392.0,0.5104166666666666,0.2855230000568554,qLDPC GF(q) syndrome reference decoder executed; not a full industrial qLDPC implementation; q=8; decoder=qary_hard_syndrome_bf; channel_model=qary_symmetric; check_fraction=0.33; row_weight=3; syndrome_symbols=22; syndrome_bits=264; verification_bits=128; success=2/4,0b962a07318c87cc
qldpc_synth_q8_ser0p03_flen64,synthetic,8,,8,64,4,4,qary_hard_syndrome_bf,qary_symmetric,0.5,4,20,qldpc_reference,ok,qary_ldpc_reference_qary_hard_syndrome_bf_internal_gf2m_8,4,3,0,1,0.75,0.03515625,0.0078125,512.0,0.6666666666666666,0.046007400029338896,qLDPC GF(q) syndrome reference decoder executed; not a full industrial qLDPC implementation; q=8; decoder=qary_hard_syndrome_bf; channel_model=qary_symmetric; check_fraction=0.5; row_weight=4; syndrome_symbols=32; syndrome_bits=384; verification_bits=128; success=3/4,43d014f94c106833
qldpc_synth_q4_ser0p08_flen128,synthetic,4,,4,128,4,4,qary_hard_syndrome_bf,qary_symmetric,0.5,3,20,qldpc_reference,ok,qary_ldpc_reference_qary_hard_syndrome_bf_internal_gf2m_4,4,1,0,3,0.25,0.078125,0.021484375,640.0,0.625,2.187846500077285,qLDPC GF(q) syndrome reference decoder executed; not a full industrial qLDPC implementation; q=4; decoder=qary_hard_syndrome_bf; channel_model=qary_symmetric; check_fraction=0.5; row_weight=3; syndrome_symbols=64; syndrome_bits=512; verification_bits=128; success=1/4,522f89e80edee7a1
qldpc_synth_q8_ser0p03_flen64,synthetic,8,,8,64,4,4,qary_hard_syndrome_bf,qary_symmetric,0.5,4,20,qldpc_reference,ok,qary_ldpc_reference_qary_hard_syndrome_bf_internal_gf2m_8,4,1,0,3,0.25,0.03515625,0.02734375,512.0,0.6666666666666666,0.238700499990955,qLDPC GF(q) syndrome reference decoder executed; not a full industrial qLDPC implementation; q=8; decoder=qary_hard_syndrome_bf; channel_model=qary_symmetric; check_fraction=0.5; row_weight=4; syndrome_symbols=32; syndrome_bits=384; verification_bits=128; success=1/4,70f03ad2a6815ec3
qldpc_synth_q8_ser0p03_flen128,synthetic,8,,8,128,4,4,qary_hard_syndrome_bf,qary_symmetric,0.33,3,20,qldpc_reference,ok,qary_ldpc_reference_qary_hard_syndrome_bf_internal_gf2m_8,4,2,0,2,0.5,0.0234375,0.01953125,644.0,0.4192708333333333,0.10488739993888885,qLDPC GF(q) syndrome reference decoder executed; not a full industrial qLDPC implementation; q=8; decoder=qary_hard_syndrome_bf; channel_model=qary_symmetric; check_fraction=0.33; row_weight=3; syndrome_symbols=43; syndrome_bits=516; verification_bits=128; success=2/4,ec3c47203d968697
qldpc_synth_q8_ser0p03_flen128,synthetic,8,,8,128,4,4,qary_hard_syndrome_bf,qary_symmetric,0.33,4,20,qldpc_reference,ok,qary_ldpc_reference_qary_hard_syndrome_bf_internal_gf2m_8,4,2,0,2,0.5,0.0234375,0.013671875,644.0,0.4192708333333333,0.13142570003401488,qLDPC GF(q) syndrome reference decoder executed; not a full industrial qLDPC implementation; q=8; decoder=qary_hard_syndrome_bf; channel_model=qary_symmetric; check_fraction=0.33; row_weight=4; syndrome_symbols=43; syndrome_bits=516; verification_bits=128; success=2/4,b2c6fbab915c06c2
qldpc_synth_q8_ser0p03_flen128,synthetic,8,,8,128,4,4,qary_hard_syndrome_bf,qary_symmetric,0.33,3,20,qldpc_reference,ok,qary_ldpc_reference_qary_hard_syndrome_bf_internal_gf2m_8,4,2,0,2,0.5,0.0234375,0.01171875,644.0,0.4192708333333333,0.40405670006293803,qLDPC GF(q) syndrome reference decoder executed; not a full industrial qLDPC implementation; q=8; decoder=qary_hard_syndrome_bf; channel_model=qary_symmetric; check_fraction=0.33; row_weight=3; syndrome_symbols=43; syndrome_bits=516; verification_bits=128; success=2/4,0b962a07318c87cc
qldpc_synth_q8_ser0p03_flen64,synthetic,8,,8,64,4,4,qary_hard_syndrome_bf,qary_symmetric,0.33,4,20,qldpc_reference,ok,qary_ldpc_reference_qary_hard_syndrome_bf_internal_gf2m_8,4,1,0,3,0.25,0.03515625,0.0234375,392.0,0.5104166666666666,0.8597833999665454,qLDPC GF(q) syndrome reference decoder executed; not a full industrial qLDPC implementation; q=8; decoder=qary_hard_syndrome_bf; channel_model=qary_symmetric; check_fraction=0.33; row_weight=4; syndrome_symbols=22; syndrome_bits=264; verification_bits=128; success=1/4,b2c6fbab915c06c2
qldpc_synth_q8_ser0p03_flen128,synthetic,8,,8,128,4,4,qary_hard_syndrome_bf,qary_symmetric,0.5,3,20,qldpc_reference,ok,qary_ldpc_reference_qary_hard_syndrome_bf_internal_gf2m_8,4,3,0,1,0.75,0.0234375,0.0078125,896.0,0.5833333333333334,0.12841310002841055,qLDPC GF(q) syndrome reference decoder executed; not a full industrial qLDPC implementation; q=8; decoder=qary_hard_syndrome_bf; channel_model=qary_symmetric; check_fraction=0.5; row_weight=3; syndrome_symbols=64; syndrome_bits=768; verification_bits=128; success=3/4,d3ef20759633ed3a
qldpc_synth_q8_ser0p03_flen128,synthetic,8,,8,128,4,4,qary_hard_syndrome_bf,qary_symmetric,0.33,4,20,qldpc_reference,ok,qary_ldpc_reference_qary_hard_syndrome_bf_internal_gf2m_8,4,1,0,3,0.25,0.0234375,0.01171875,644.0,0.4192708333333333,0.4011125999968499,qLDPC GF(q) syndrome reference decoder executed; not a full industrial qLDPC implementation; q=8; decoder=qary_hard_syndrome_bf; channel_model=qary_symmetric; check_fraction=0.33; row_weight=4; syndrome_symbols=43; syndrome_bits=516; verification_bits=128; success=1/4,eb5e714c53e22f14
qldpc_synth_q8_ser0p03_flen128,synthetic,8,,8,128,4,4,qary_hard_syndrome_bf,qary_symmetric,0.5,4,20,qldpc_reference,ok,qary_ldpc_reference_qary_hard_syndrome_bf_internal_gf2m_8,4,4,0,0,1.0,0.0234375,0.0,896.0,0.5833333333333334,0.2440655999816954,qLDPC GF(q) syndrome reference decoder executed; not a full industrial qLDPC implementation; q=8; decoder=qary_hard_syndrome_bf; channel_model=qary_symmetric; check_fraction=0.5; row_weight=4; syndrome_symbols=64; syndrome_bits=768; verification_bits=128; success=4/4,43d014f94c106833
qldpc_synth_q8_ser0p03_flen128,synthetic,8,,8,128,4,4,qary_hard_syndrome_bf,qary_symmetric,0.5,4,20,qldpc_reference,ok,qary_ldpc_reference_qary_hard_syndrome_bf_internal_gf2m_8,4,4,0,0,1.0,0.0234375,0.0,896.0,0.5833333333333334,0.2618377999169752,qLDPC GF(q) syndrome reference decoder executed; not a full industrial qLDPC implementation; q=8; decoder=qary_hard_syndrome_bf; channel_model=qary_symmetric; check_fraction=0.5; row_weight=4; syndrome_symbols=64; syndrome_bits=768; verification_bits=128; success=4/4,70f03ad2a6815ec3
qldpc_synth_q8_ser0p05_flen64,synthetic,8,,8,64,4,4,qary_hard_syndrome_bf,qary_symmetric,0.33,3,20,qldpc_reference,ok,qary_ldpc_reference_qary_hard_syndrome_bf_internal_gf2m_8,4,1,0,3,0.25,0.0625,0.0390625,392.0,0.5104166666666666,0.21136770001612604,qLDPC GF(q) syndrome reference decoder executed; not a full industrial qLDPC implementation; q=8; decoder=qary_hard_syndrome_bf; channel_model=qary_symmetric; check_fraction=0.33; row_weight=3; syndrome_symbols=22; syndrome_bits=264; verification_bits=128; success=1/4,0b962a07318c87cc
qldpc_synth_q8_ser0p05_flen64,synthetic,8,,8,64,4,4,qary_hard_syndrome_bf,qary_symmetric,0.33,4,20,qldpc_reference,reference,qary_ldpc_reference_qary_hard_syndrome_bf_internal_gf2m_8,4,0,0,4,0.0,0.0625,0.05859375,392.0,0.5104166666666666,0.07075029995758086,qLDPC GF(q) syndrome reference decoder executed; not a full industrial qLDPC implementation; q=8; decoder=qary_hard_syndrome_bf; channel_model=qary_symmetric; check_fraction=0.33; row_weight=4; syndrome_symbols=22; syndrome_bits=264; verification_bits=128; success=0/4,b2c6fbab915c06c2
qldpc_synth_q8_ser0p05_flen64,synthetic,8,,8,64,4,4,qary_hard_syndrome_bf,qary_symmetric,0.33,3,20,qldpc_reference,ok,qary_ldpc_reference_qary_hard_syndrome_bf_internal_gf2m_8,4,1,0,3,0.25,0.0625,0.0625,392.0,0.5104166666666666,0.2230118999723345,qLDPC GF(q) syndrome reference decoder executed; not a full industrial qLDPC implementation; q=8; decoder=qary_hard_syndrome_bf; channel_model=qary_symmetric; check_fraction=0.33; row_weight=3; syndrome_symbols=22; syndrome_bits=264; verification_bits=128; success=1/4,ec3c47203d968697
qldpc_synth_q8_ser0p03_flen64,synthetic,8,,8,64,4,4,qary_hard_syndrome_bf,qary_symmetric,0.5,3,20,qldpc_reference,ok,qary_ldpc_reference_qary_hard_syndrome_bf_internal_gf2m_8,4,1,0,3,0.25,0.03515625,0.0234375,512.0,0.6666666666666666,1.5112618999555707,qLDPC GF(q) syndrome reference decoder executed; not a full industrial qLDPC implementation; q=8; decoder=qary_hard_syndrome_bf; channel_model=qary_symmetric; check_fraction=0.5; row_weight=3; syndrome_symbols=32; syndrome_bits=384; verification_bits=128; success=1/4,d3ef20759633ed3a
qldpc_synth_q8_ser0p05_flen64,synthetic,8,,8,64,4,4,qary_hard_syndrome_bf,qary_symmetric,0.5,3,20,qldpc_reference,ok,qary_ldpc_reference_qary_hard_syndrome_bf_internal_gf2m_8,4,3,0,1,0.75,0.0625,0.015625,512.0,0.6666666666666666,0.12206580000929534,qLDPC GF(q) syndrome reference decoder executed; not a full industrial qLDPC implementation; q=8; decoder=qary_hard_syndrome_bf; channel_model=qary_symmetric; check_fraction=0.5; row_weight=3; syndrome_symbols=32; syndrome_bits=384; verification_bits=128; success=3/4,522f89e80edee7a1
qldpc_synth_q8_ser0p05_flen64,synthetic,8,,8,64,4,4,qary_hard_syndrome_bf,qary_symmetric,0.33,4,20,qldpc_reference,ok,qary_ldpc_reference_qary_hard_syndrome_bf_internal_gf2m_8,4,1,0,3,0.25,0.0625,0.046875,392.0,0.5104166666666666,0.2822200999362394,qLDPC GF(q) syndrome reference decoder executed; not a full industrial qLDPC implementation; q=8; decoder=qary_hard_syndrome_bf; channel_model=qary_symmetric; check_fraction=0.33; row_weight=4; syndrome_symbols=22; syndrome_bits=264; verification_bits=128; success=1/4,eb5e714c53e22f14
qldpc_synth_q8_ser0p03_flen128,synthetic,8,,8,128,4,4,qary_hard_syndrome_bf,qary_symmetric,0.5,3,20,qldpc_reference,ok,qary_ldpc_reference_qary_hard_syndrome_bf_internal_gf2m_8,4,3,0,1,0.75,0.0234375,0.00390625,896.0,0.5833333333333334,1.1031497999792919,qLDPC GF(q) syndrome reference decoder executed; not a full industrial qLDPC implementation; q=8; decoder=qary_hard_syndrome_bf; channel_model=qary_symmetric; check_fraction=0.5; row_weight=3; syndrome_symbols=64; syndrome_bits=768; verification_bits=128; success=3/4,522f89e80edee7a1
qldpc_synth_q8_ser0p05_flen128,synthetic,8,,8,128,4,4,qary_hard_syndrome_bf,qary_symmetric,0.33,3,20,qldpc_reference,reference,qary_ldpc_reference_qary_hard_syndrome_bf_internal_gf2m_8,4,0,0,4,0.0,0.046875,0.041015625,644.0,0.4192708333333333,0.20966469997074455,qLDPC GF(q) syndrome reference decoder executed; not a full industrial qLDPC implementation; q=8; decoder=qary_hard_syndrome_bf; channel_model=qary_symmetric; check_fraction=0.33; row_weight=3; syndrome_symbols=43; syndrome_bits=516; verification_bits=128; success=0/4,0b962a07318c87cc
qldpc_synth_q8_ser0p01_flen128,synthetic,8,,8,128,4,4,qary_hard_syndrome_bf,qary_symmetric,0.33,3,20,qldpc_reference,ok,qary_ldpc_reference_qary_hard_syndrome_bf_internal_gf2m_8,4,3,0,1,0.75,0.009765625,0.00390625,644.0,0.4192708333333333,3.2232667000498623,qLDPC GF(q) syndrome reference decoder executed; not a full industrial qLDPC implementation; q=8; decoder=qary_hard_syndrome_bf; channel_model=qary_symmetric; check_fraction=0.33; row_weight=3; syndrome_symbols=43; syndrome_bits=516; verification_bits=128; success=3/4,ec3c47203d968697
qldpc_synth_q8_ser0p01_flen64,synthetic,8,,8,64,4,4,qary_hard_syndrome_bf,qary_symmetric,0.5,4,20,qldpc_reference,ok,qary_ldpc_reference_qary_hard_syndrome_bf_internal_gf2m_8,4,3,0,1,0.75,0.01171875,0.0078125,512.0,0.6666666666666666,3.3254871999379247,qLDPC GF(q) syndrome reference decoder executed; not a full industrial qLDPC implementation; q=8; decoder=qary_hard_syndrome_bf; channel_model=qary_symmetric; check_fraction=0.5; row_weight=4; syndrome_symbols=32; syndrome_bits=384; verification_bits=128; success=3/4,70f03ad2a6815ec3
qldpc_synth_q8_ser0p05_flen128,synthetic,8,,8,128,4,4,qary_hard_syndrome_bf,qary_symmetric,0.33,4,20,qldpc_reference,ok,qary_ldpc_reference_qary_hard_syndrome_bf_internal_gf2m_8,4,1,0,3,0.25,0.046875,0.02734375,644.0,0.4192708333333333,0.20769549999386072,qLDPC GF(q) syndrome reference decoder executed; not a full industrial qLDPC implementation; q=8; decoder=qary_hard_syndrome_bf; channel_model=qary_symmetric; check_fraction=0.33; row_weight=4; syndrome_symbols=43; syndrome_bits=516; verification_bits=128; success=1/4,eb5e714c53e22f14
qldpc_synth_q8_ser0p05_flen64,synthetic,8,,8,64,4,4,qary_hard_syndrome_bf,qary_symmetric,0.5,3,20,qldpc_reference,ok,qary_ldpc_reference_qary_hard_syndrome_bf_internal_gf2m_8,4,1,0,3,0.25,0.0625,0.03125,512.0,0.6666666666666666,0.8468382999999449,qLDPC GF(q) syndrome reference decoder executed; not a full industrial qLDPC implementation; q=8; decoder=qary_hard_syndrome_bf; channel_model=qary_symmetric; check_fraction=0.5; row_weight=3; syndrome_symbols=32; syndrome_bits=384; verification_bits=128; success=1/4,d3ef20759633ed3a
qldpc_synth_q8_ser0p01_flen128,synthetic,8,,8,128,4,4,qary_hard_syndrome_bf,qary_symmetric,0.5,3,20,qldpc_reference,ok,qary_ldpc_reference_qary_hard_syndrome_bf_internal_gf2m_8,4,3,0,1,0.75,0.009765625,0.00390625,896.0,0.5833333333333334,3.10668780002743,qLDPC GF(q) syndrome reference decoder executed; not a full industrial qLDPC implementation; q=8; decoder=qary_hard_syndrome_bf; channel_model=qary_symmetric; check_fraction=0.5; row_weight=3; syndrome_symbols=64; syndrome_bits=768; verification_bits=128; success=3/4,d3ef20759633ed3a
qldpc_synth_q8_ser0p05_flen128,synthetic,8,,8,128,4,4,qary_hard_syndrome_bf,qary_symmetric,0.5,4,20,qldpc_reference,ok,qary_ldpc_reference_qary_hard_syndrome_bf_internal_gf2m_8,4,3,0,1,0.75,0.046875,0.00390625,896.0,0.5833333333333334,0.22543140000198036,qLDPC GF(q) syndrome reference decoder executed; not a full industrial qLDPC implementation; q=8; decoder=qary_hard_syndrome_bf; channel_model=qary_symmetric; check_fraction=0.5; row_weight=4; syndrome_symbols=64; syndrome_bits=768; verification_bits=128; success=3/4,43d014f94c106833
qldpc_synth_q8_ser0p05_flen128,synthetic,8,,8,128,4,4,qary_hard_syndrome_bf,qary_symmetric,0.33,3,20,qldpc_reference,reference,qary_ldpc_reference_qary_hard_syndrome_bf_internal_gf2m_8,4,0,0,4,0.0,0.046875,0.052734375,644.0,0.4192708333333333,0.8864460999611765,qLDPC GF(q) syndrome reference decoder executed; not a full industrial qLDPC implementation; q=8; decoder=qary_hard_syndrome_bf; channel_model=qary_symmetric; check_fraction=0.33; row_weight=3; syndrome_symbols=43; syndrome_bits=516; verification_bits=128; success=0/4,ec3c47203d968697
qldpc_synth_q8_ser0p05_flen64,synthetic,8,,8,64,4,4,qary_hard_syndrome_bf,qary_symmetric,0.5,4,20,qldpc_reference,ok,qary_ldpc_reference_qary_hard_syndrome_bf_internal_gf2m_8,4,2,0,2,0.5,0.0625,0.015625,512.0,0.6666666666666666,1.3350496999919415,qLDPC GF(q) syndrome reference decoder executed; not a full industrial qLDPC implementation; q=8; decoder=qary_hard_syndrome_bf; channel_model=qary_symmetric; check_fraction=0.5; row_weight=4; syndrome_symbols=32; syndrome_bits=384; verification_bits=128; success=2/4,43d014f94c106833
qldpc_synth_q8_ser0p08_flen64,synthetic,8,,8,64,4,4,qary_hard_syndrome_bf,qary_symmetric,0.33,3,20,qldpc_reference,reference,qary_ldpc_reference_qary_hard_syndrome_bf_internal_gf2m_8,4,1,0,3,0.25,0.09375,0.09765625,392.0,0.5104166666666666,0.09451670001726598,qLDPC GF(q) syndrome reference decoder executed; not a full industrial qLDPC implementation; q=8; decoder=qary_hard_syndrome_bf; channel_model=qary_symmetric; check_fraction=0.33; row_weight=3; syndrome_symbols=22; syndrome_bits=264; verification_bits=128; success=1/4,ec3c47203d968697
qldpc_synth_q8_ser0p08_flen64,synthetic,8,,8,64,4,4,qary_hard_syndrome_bf,qary_symmetric,0.33,4,20,qldpc_reference,reference,qary_ldpc_reference_qary_hard_syndrome_bf_internal_gf2m_8,4,0,0,4,0.0,0.09375,0.0625,392.0,0.5104166666666666,0.10465179989114404,qLDPC GF(q) syndrome reference decoder executed; not a full industrial qLDPC implementation; q=8; decoder=qary_hard_syndrome_bf; channel_model=qary_symmetric; check_fraction=0.33; row_weight=4; syndrome_symbols=22; syndrome_bits=264; verification_bits=128; success=0/4,b2c6fbab915c06c2
qldpc_synth_q8_ser0p08_flen64,synthetic,8,,8,64,4,4,qary_hard_syndrome_bf,qary_symmetric,0.33,3,20,qldpc_reference,reference,qary_ldpc_reference_qary_hard_syndrome_bf_internal_gf2m_8,4,0,1,3,0.0,0.09375,0.1015625,392.0,0.5104166666666666,0.35710919997654855,qLDPC GF(q) syndrome reference decoder executed; not a full industrial qLDPC implementation; q=8; decoder=qary_hard_syndrome_bf; channel_model=qary_symmetric; check_fraction=0.33; row_weight=3; syndrome_symbols=22; syndrome_bits=264; verification_bits=128; success=0/4,0b962a07318c87cc
qldpc_synth_q8_ser0p08_flen64,synthetic,8,,8,64,4,4,qary_hard_syndrome_bf,qary_symmetric,0.5,3,20,qldpc_reference,ok,qary_ldpc_reference_qary_hard_syndrome_bf_internal_gf2m_8,4,1,1,2,0.25,0.09375,0.0390625,512.0,0.6666666666666666,0.11150900006759912,qLDPC GF(q) syndrome reference decoder executed; not a full industrial qLDPC implementation; q=8; decoder=qary_hard_syndrome_bf; channel_model=qary_symmetric; check_fraction=0.5; row_weight=3; syndrome_symbols=32; syndrome_bits=384; verification_bits=128; success=1/4,522f89e80edee7a1
qldpc_synth_q8_ser0p05_flen64,synthetic,8,,8,64,4,4,qary_hard_syndrome_bf,qary_symmetric,0.5,4,20,qldpc_reference,ok,qary_ldpc_reference_qary_hard_syndrome_bf_internal_gf2m_8,4,1,0,3,0.25,0.0625,0.02734375,512.0,0.6666666666666666,1.762121899984777,qLDPC GF(q) syndrome reference decoder executed; not a full industrial qLDPC implementation; q=8; decoder=qary_hard_syndrome_bf; channel_model=qary_symmetric; check_fraction=0.5; row_weight=4; syndrome_symbols=32; syndrome_bits=384; verification_bits=128; success=1/4,70f03ad2a6815ec3
qldpc_synth_q8_ser0p08_flen64,synthetic,8,,8,64,4,4,qary_hard_syndrome_bf,qary_symmetric,0.5,4,20,qldpc_reference,ok,qary_ldpc_reference_qary_hard_syndrome_bf_internal_gf2m_8,4,2,2,0,0.5,0.09375,0.0390625,512.0,0.6666666666666666,0.11530469998251647,qLDPC GF(q) syndrome reference decoder executed; not a full industrial qLDPC implementation; q=8; decoder=qary_hard_syndrome_bf; channel_model=qary_symmetric; check_fraction=0.5; row_weight=4; syndrome_symbols=32; syndrome_bits=384; verification_bits=128; success=2/4,43d014f94c106833
qldpc_synth_q8_ser0p08_flen64,synthetic,8,,8,64,4,4,qary_hard_syndrome_bf,qary_symmetric,0.33,4,20,qldpc_reference,ok,qary_ldpc_reference_qary_hard_syndrome_bf_internal_gf2m_8,4,2,1,1,0.5,0.09375,0.078125,392.0,0.5104166666666666,0.5367928999476135,qLDPC GF(q) syndrome reference decoder executed; not a full industrial qLDPC implementation; q=8; decoder=qary_hard_syndrome_bf; channel_model=qary_symmetric; check_fraction=0.33; row_weight=4; syndrome_symbols=22; syndrome_bits=264; verification_bits=128; success=2/4,eb5e714c53e22f14
qldpc_synth_q8_ser0p05_flen128,synthetic,8,,8,128,4,4,qary_hard_syndrome_bf,qary_symmetric,0.33,4,20,qldpc_reference,ok,qary_ldpc_reference_qary_hard_syndrome_bf_internal_gf2m_8,4,1,0,3,0.25,0.046875,0.033203125,644.0,0.4192708333333333,1.8606163000222296,qLDPC GF(q) syndrome reference decoder executed; not a full industrial qLDPC implementation; q=8; decoder=qary_hard_syndrome_bf; channel_model=qary_symmetric; check_fraction=0.33; row_weight=4; syndrome_symbols=43; syndrome_bits=516; verification_bits=128; success=1/4,b2c6fbab915c06c2
qldpc_synth_q8_ser0p05_flen128,synthetic,8,,8,128,4,4,qary_hard_syndrome_bf,qary_symmetric,0.5,3,20,qldpc_reference,reference,qary_ldpc_reference_qary_hard_syndrome_bf_internal_gf2m_8,4,0,0,4,0.0,0.046875,0.029296875,896.0,0.5833333333333334,1.8062507000286132,qLDPC GF(q) syndrome reference decoder executed; not a full industrial qLDPC implementation; q=8; decoder=qary_hard_syndrome_bf; channel_model=qary_symmetric; check_fraction=0.5; row_weight=3; syndrome_symbols=64; syndrome_bits=768; verification_bits=128; success=0/4,d3ef20759633ed3a
qldpc_synth_q8_ser0p08_flen128,synthetic,8,,8,128,4,4,qary_hard_syndrome_bf,qary_symmetric,0.33,3,20,qldpc_reference,reference,qary_ldpc_reference_qary_hard_syndrome_bf_internal_gf2m_8,4,0,0,4,0.0,0.078125,0.0625,644.0,0.4192708333333333,0.8517860999563709,qLDPC GF(q) syndrome reference decoder executed; not a full industrial qLDPC implementation; q=8; decoder=qary_hard_syndrome_bf; channel_model=qary_symmetric; check_fraction=0.33; row_weight=3; syndrome_symbols=43; syndrome_bits=516; verification_bits=128; success=0/4,0b962a07318c87cc
qldpc_synth_q8_ser0p08_flen64,synthetic,8,,8,64,4,4,qary_hard_syndrome_bf,qary_symmetric,0.5,4,20,qldpc_reference,ok,qary_ldpc_reference_qary_hard_syndrome_bf_internal_gf2m_8,4,1,1,2,0.25,0.09375,0.0625,512.0,0.6666666666666666,1.0270617000060156,qLDPC GF(q) syndrome reference decoder executed; not a full industrial qLDPC implementation; q=8; decoder=qary_hard_syndrome_bf; channel_model=qary_symmetric; check_fraction=0.5; row_weight=4; syndrome_symbols=32; syndrome_bits=384; verification_bits=128; success=1/4,70f03ad2a6815ec3
qldpc_synth_q8_ser0p08_flen128,synthetic,8,,8,128,4,4,qary_hard_syndrome_bf,qary_symmetric,0.5,3,20,qldpc_reference,ok,qary_ldpc_reference_qary_hard_syndrome_bf_internal_gf2m_8,4,1,1,2,0.25,0.078125,0.029296875,896.0,0.5833333333333334,0.40587160002905875,qLDPC GF(q) syndrome reference decoder executed; not a full industrial qLDPC implementation; q=8; decoder=qary_hard_syndrome_bf; channel_model=qary_symmetric; check_fraction=0.5; row_weight=3; syndrome_symbols=64; syndrome_bits=768; verification_bits=128; success=1/4,522f89e80edee7a1
qldpc_synth_q8_ser0p05_flen128,synthetic,8,,8,128,4,4,qary_hard_syndrome_bf,qary_symmetric,0.5,3,20,qldpc_reference,ok,qary_ldpc_reference_qary_hard_syndrome_bf_internal_gf2m_8,4,2,0,2,0.5,0.046875,0.013671875,896.0,0.5833333333333334,3.0050648000324145,qLDPC GF(q) syndrome reference decoder executed; not a full industrial qLDPC implementation; q=8; decoder=qary_hard_syndrome_bf; channel_model=qary_symmetric; check_fraction=0.5; row_weight=3; syndrome_symbols=64; syndrome_bits=768; verification_bits=128; success=2/4,522f89e80edee7a1
qldpc_synth_q8_ser0p08_flen128,synthetic,8,,8,128,4,4,qary_hard_syndrome_bf,qary_symmetric,0.33,4,20,qldpc_reference,reference,qary_ldpc_reference_qary_hard_syndrome_bf_internal_gf2m_8,4,0,0,4,0.0,0.078125,0.068359375,644.0,0.4192708333333333,1.020390999969095,qLDPC GF(q) syndrome reference decoder executed; not a full industrial qLDPC implementation; q=8; decoder=qary_hard_syndrome_bf; channel_model=qary_symmetric; check_fraction=0.33; row_weight=4; syndrome_symbols=43; syndrome_bits=516; verification_bits=128; success=0/4,eb5e714c53e22f14
qldpc_synth_q8_ser0p08_flen128,synthetic,8,,8,128,4,4,qary_hard_syndrome_bf,qary_symmetric,0.5,4,20,qldpc_reference,reference,qary_ldpc_reference_qary_hard_syndrome_bf_internal_gf2m_8,4,0,2,2,0.0,0.078125,0.044921875,896.0,0.5833333333333334,0.40208029991481453,qLDPC GF(q) syndrome reference decoder executed; not a full industrial qLDPC implementation; q=8; decoder=qary_hard_syndrome_bf; channel_model=qary_symmetric; check_fraction=0.5; row_weight=4; syndrome_symbols=64; syndrome_bits=768; verification_bits=128; success=0/4,70f03ad2a6815ec3
qldpc_synth_q8_ser0p08_flen64,synthetic,8,,8,64,4,4,qary_hard_syndrome_bf,qary_symmetric,0.5,3,20,qldpc_reference,ok,qary_ldpc_reference_qary_hard_syndrome_bf_internal_gf2m_8,4,1,0,3,0.25,0.09375,0.0546875,512.0,0.6666666666666666,2.700513600022532,qLDPC GF(q) syndrome reference decoder executed; not a full industrial qLDPC implementation; q=8; decoder=qary_hard_syndrome_bf; channel_model=qary_symmetric; check_fraction=0.5; row_weight=3; syndrome_symbols=32; syndrome_bits=384; verification_bits=128; success=1/4,d3ef20759633ed3a
qldpc_synth_q16_ser0p01_flen64,synthetic,16,,16,64,4,4,qary_hard_syndrome_bf,qary_symmetric,0.33,3,20,qldpc_reference,ok,qary_ldpc_reference_qary_hard_syndrome_bf_internal_gf2m_16,4,4,0,0,1.0,0.01171875,0.0,480.0,0.46875,0.16460919997189194,qLDPC GF(q) syndrome reference decoder executed; not a full industrial qLDPC implementation; q=16; decoder=qary_hard_syndrome_bf; channel_model=qary_symmetric; check_fraction=0.33; row_weight=3; syndrome_symbols=22; syndrome_bits=352; verification_bits=128; success=4/4,ec3c47203d968697
qldpc_synth_q8_ser0p08_flen128,synthetic,8,,8,128,4,4,qary_hard_syndrome_bf,qary_symmetric,0.33,4,20,qldpc_reference,reference,qary_ldpc_reference_qary_hard_syndrome_bf_internal_gf2m_8,4,0,0,4,0.0,0.078125,0.05859375,644.0,0.4192708333333333,2.277994400006719,qLDPC GF(q) syndrome reference decoder executed; not a full industrial qLDPC implementation; q=8; decoder=qary_hard_syndrome_bf; channel_model=qary_symmetric; check_fraction=0.33; row_weight=4; syndrome_symbols=43; syndrome_bits=516; verification_bits=128; success=0/4,b2c6fbab915c06c2
qldpc_synth_q8_ser0p01_flen128,synthetic,8,,8,128,4,4,qary_hard_syndrome_bf,qary_symmetric,0.5,3,20,qldpc_reference,ok,qary_ldpc_reference_qary_hard_syndrome_bf_internal_gf2m_8,4,4,0,0,1.0,0.009765625,0.0,896.0,0.5833333333333334,7.255398800014518,qLDPC GF(q) syndrome reference decoder executed; not a full industrial qLDPC implementation; q=8; decoder=qary_hard_syndrome_bf; channel_model=qary_symmetric; check_fraction=0.5; row_weight=3; syndrome_symbols=64; syndrome_bits=768; verification_bits=128; success=4/4,522f89e80edee7a1
qldpc_synth_q8_ser0p08_flen128,synthetic,8,,8,128,4,4,qary_hard_syndrome_bf,qary_symmetric,0.5,4,20,qldpc_reference,ok,qary_ldpc_reference_qary_hard_syndrome_bf_internal_gf2m_8,4,2,1,1,0.5,0.078125,0.0234375,896.0,0.5833333333333334,1.6112461000448093,qLDPC GF(q) syndrome reference decoder executed; not a full industrial qLDPC implementation; q=8; decoder=qary_hard_syndrome_bf; channel_model=qary_symmetric; check_fraction=0.5; row_weight=4; syndrome_symbols=64; syndrome_bits=768; verification_bits=128; success=2/4,43d014f94c106833
qldpc_synth_q8_ser0p08_flen128,synthetic,8,,8,128,4,4,qary_hard_syndrome_bf,qary_symmetric,0.33,3,20,qldpc_reference,reference,qary_ldpc_reference_qary_hard_syndrome_bf_internal_gf2m_8,4,0,1,3,0.0,0.078125,0.08203125,644.0,0.4192708333333333,3.320957100018859,qLDPC GF(q) syndrome reference decoder executed; not a full industrial qLDPC implementation; q=8; decoder=qary_hard_syndrome_bf; channel_model=qary_symmetric; check_fraction=0.33; row_weight=3; syndrome_symbols=43; syndrome_bits=516; verification_bits=128; success=0/4,ec3c47203d968697
qldpc_synth_q16_ser0p01_flen64,synthetic,16,,16,64,4,4,qary_hard_syndrome_bf,qary_symmetric,0.5,3,20,qldpc_reference,ok,qary_ldpc_reference_qary_hard_syndrome_bf_internal_gf2m_16,4,3,0,1,0.75,0.01171875,0.0078125,640.0,0.625,0.35250670008827,qLDPC GF(q) syndrome reference decoder executed; not a full industrial qLDPC implementation; q=16; decoder=qary_hard_syndrome_bf; channel_model=qary_symmetric; check_fraction=0.5; row_weight=3; syndrome_symbols=32; syndrome_bits=512; verification_bits=128; success=3/4,d3ef20759633ed3a
qldpc_synth_q16_ser0p01_flen64,synthetic,16,,16,64,4,4,qary_hard_syndrome_bf,qary_symmetric,0.5,4,20,qldpc_reference,ok,qary_ldpc_reference_qary_hard_syndrome_bf_internal_gf2m_16,4,3,0,1,0.75,0.01171875,0.0078125,640.0,0.625,0.034551699995063245,qLDPC GF(q) syndrome reference decoder executed; not a full industrial qLDPC implementation; q=16; decoder=qary_hard_syndrome_bf; channel_model=qary_symmetric; check_fraction=0.5; row_weight=4; syndrome_symbols=32; syndrome_bits=512; verification_bits=128; success=3/4,70f03ad2a6815ec3
qldpc_synth_q16_ser0p01_flen128,synthetic,16,,16,128,4,4,qary_hard_syndrome_bf,qary_symmetric,0.33,3,20,qldpc_reference,ok,qary_ldpc_reference_qary_hard_syndrome_bf_internal_gf2m_16,4,3,0,1,0.75,0.009765625,0.00390625,816.0,0.3984375,0.06825899996329099,qLDPC GF(q) syndrome reference decoder executed; not a full industrial qLDPC implementation; q=16; decoder=qary_hard_syndrome_bf; channel_model=qary_symmetric; check_fraction=0.33; row_weight=3; syndrome_symbols=43; syndrome_bits=688; verification_bits=128; success=3/4,0b962a07318c87cc
qldpc_synth_q16_ser0p01_flen64,synthetic,16,,16,64,4,4,qary_hard_syndrome_bf,qary_symmetric,0.33,4,20,qldpc_reference,ok,qary_ldpc_reference_qary_hard_syndrome_bf_internal_gf2m_16,4,3,0,1,0.75,0.01171875,0.0078125,480.0,0.46875,0.9412033000262454,qLDPC GF(q) syndrome reference decoder executed; not a full industrial qLDPC implementation; q=16; decoder=qary_hard_syndrome_bf; channel_model=qary_symmetric; check_fraction=0.33; row_weight=4; syndrome_symbols=22; syndrome_bits=352; verification_bits=128; success=3/4,eb5e714c53e22f14
qldpc_synth_q16_ser0p01_flen128,synthetic,16,,16,128,4,4,qary_hard_syndrome_bf,qary_symmetric,0.33,3,20,qldpc_reference,ok,qary_ldpc_reference_qary_hard_syndrome_bf_internal_gf2m_16,4,3,0,1,0.75,0.009765625,0.00390625,816.0,0.3984375,0.09690750006120652,qLDPC GF(q) syndrome reference decoder executed; not a full industrial qLDPC implementation; q=16; decoder=qary_hard_syndrome_bf; channel_model=qary_symmetric; check_fraction=0.33; row_weight=3; syndrome_symbols=43; syndrome_bits=688; verification_bits=128; success=3/4,ec3c47203d968697
qldpc_synth_q16_ser0p01_flen64,synthetic,16,,16,64,4,4,qary_hard_syndrome_bf,qary_symmetric,0.5,4,20,qldpc_reference,ok,qary_ldpc_reference_qary_hard_syndrome_bf_internal_gf2m_16,4,4,0,0,1.0,0.01171875,0.0,640.0,0.625,0.48609760007821023,qLDPC GF(q) syndrome reference decoder executed; not a full industrial qLDPC implementation; q=16; decoder=qary_hard_syndrome_bf; channel_model=qary_symmetric; check_fraction=0.5; row_weight=4; syndrome_symbols=32; syndrome_bits=512; verification_bits=128; success=4/4,43d014f94c106833
qldpc_synth_q8_ser0p05_flen128,synthetic,8,,8,128,4,4,qary_hard_syndrome_bf,qary_symmetric,0.5,4,20,qldpc_reference,ok,qary_ldpc_reference_qary_hard_syndrome_bf_internal_gf2m_8,4,2,0,2,0.5,0.046875,0.017578125,896.0,0.5833333333333334,5.086737200035714,qLDPC GF(q) syndrome reference decoder executed; not a full industrial qLDPC implementation; q=8; decoder=qary_hard_syndrome_bf; channel_model=qary_symmetric; check_fraction=0.5; row_weight=4; syndrome_symbols=64; syndrome_bits=768; verification_bits=128; success=2/4,70f03ad2a6815ec3
qldpc_synth_q16_ser0p01_flen128,synthetic,16,,16,128,4,4,qary_hard_syndrome_bf,qary_symmetric,0.5,3,20,qldpc_reference,ok,qary_ldpc_reference_qary_hard_syndrome_bf_internal_gf2m_16,4,3,0,1,0.75,0.009765625,0.00390625,1152.0,0.5625,0.0659138000337407,qLDPC GF(q) syndrome reference decoder executed; not a full industrial qLDPC implementation; q=16; decoder=qary_hard_syndrome_bf; channel_model=qary_symmetric; check_fraction=0.5; row_weight=3; syndrome_symbols=64; syndrome_bits=1024; verification_bits=128; success=3/4,d3ef20759633ed3a
qldpc_synth_q16_ser0p01_flen128,synthetic,16,,16,128,4,4,qary_hard_syndrome_bf,qary_symmetric,0.33,4,20,qldpc_reference,ok,qary_ldpc_reference_qary_hard_syndrome_bf_internal_gf2m_16,4,4,0,0,1.0,0.009765625,0.0,816.0,0.3984375,0.4184792999876663,qLDPC GF(q) syndrome reference decoder executed; not a full industrial qLDPC implementation; q=16; decoder=qary_hard_syndrome_bf; channel_model=qary_symmetric; check_fraction=0.33; row_weight=4; syndrome_symbols=43; syndrome_bits=688; verification_bits=128; success=4/4,eb5e714c53e22f14
qldpc_synth_q16_ser0p01_flen64,synthetic,16,,16,64,4,4,qary_hard_syndrome_bf,qary_symmetric,0.33,4,20,qldpc_reference,ok,qary_ldpc_reference_qary_hard_syndrome_bf_internal_gf2m_16,4,3,0,1,0.75,0.01171875,0.0078125,480.0,0.46875,1.6781598000088707,qLDPC GF(q) syndrome reference decoder executed; not a full industrial qLDPC implementation; q=16; decoder=qary_hard_syndrome_bf; channel_model=qary_symmetric; check_fraction=0.33; row_weight=4; syndrome_symbols=22; syndrome_bits=352; verification_bits=128; success=3/4,b2c6fbab915c06c2
qldpc_synth_q16_ser0p01_flen128,synthetic,16,,16,128,4,4,qary_hard_syndrome_bf,qary_symmetric,0.5,3,20,qldpc_reference,ok,qary_ldpc_reference_qary_hard_syndrome_bf_internal_gf2m_16,4,4,0,0,1.0,0.009765625,0.0,1152.0,0.5625,0.2795605000574142,qLDPC GF(q) syndrome reference decoder executed; not a full industrial qLDPC implementation; q=16; decoder=qary_hard_syndrome_bf; channel_model=qary_symmetric; check_fraction=0.5; row_weight=3; syndrome_symbols=64; syndrome_bits=1024; verification_bits=128; success=4/4,522f89e80edee7a1
qldpc_synth_q16_ser0p03_flen64,synthetic,16,,16,64,4,4,qary_hard_syndrome_bf,qary_symmetric,0.33,3,20,qldpc_reference,ok,qary_ldpc_reference_qary_hard_syndrome_bf_internal_gf2m_16,4,2,0,2,0.5,0.03515625,0.0234375,480.0,0.46875,0.14691979996860027,qLDPC GF(q) syndrome reference decoder executed; not a full industrial qLDPC implementation; q=16; decoder=qary_hard_syndrome_bf; channel_model=qary_symmetric; check_fraction=0.33; row_weight=3; syndrome_symbols=22; syndrome_bits=352; verification_bits=128; success=2/4,0b962a07318c87cc
qldpc_synth_q16_ser0p03_flen64,synthetic,16,,16,64,4,4,qary_hard_syndrome_bf,qary_symmetric,0.33,4,20,qldpc_reference,ok,qary_ldpc_reference_qary_hard_syndrome_bf_internal_gf2m_16,4,1,0,3,0.25,0.03515625,0.0234375,480.0,0.46875,0.4337011999450624,qLDPC GF(q) syndrome reference decoder executed; not a full industrial qLDPC implementation; q=16; decoder=qary_hard_syndrome_bf; channel_model=qary_symmetric; check_fraction=0.33; row_weight=4; syndrome_symbols=22; syndrome_bits=352; verification_bits=128; success=1/4,b2c6fbab915c06c2
qldpc_synth_q8_ser0p08_flen128,synthetic,8,,8,128,4,4,qary_hard_syndrome_bf,qary_symmetric,0.5,3,20,qldpc_reference,reference,qary_ldpc_reference_qary_hard_syndrome_bf_internal_gf2m_8,4,0,1,3,0.0,0.078125,0.0546875,896.0,0.5833333333333334,3.518723100074567,qLDPC GF(q) syndrome reference decoder executed; not a full industrial qLDPC implementation; q=8; decoder=qary_hard_syndrome_bf; channel_model=qary_symmetric; check_fraction=0.5; row_weight=3; syndrome_symbols=64; syndrome_bits=768; verification_bits=128; success=0/4,d3ef20759633ed3a
qldpc_synth_q16_ser0p03_flen64,synthetic,16,,16,64,4,4,qary_hard_syndrome_bf,qary_symmetric,0.33,4,20,qldpc_reference,ok,qary_ldpc_reference_qary_hard_syndrome_bf_internal_gf2m_16,4,1,0,3,0.25,0.03515625,0.02734375,480.0,0.46875,0.08892730006482452,qLDPC GF(q) syndrome reference decoder executed; not a full industrial qLDPC implementation; q=16; decoder=qary_hard_syndrome_bf; channel_model=qary_symmetric; check_fraction=0.33; row_weight=4; syndrome_symbols=22; syndrome_bits=352; verification_bits=128; success=1/4,eb5e714c53e22f14
qldpc_synth_q16_ser0p03_flen64,synthetic,16,,16,64,4,4,qary_hard_syndrome_bf,qary_symmetric,0.5,3,20,qldpc_reference,ok,qary_ldpc_reference_qary_hard_syndrome_bf_internal_gf2m_16,4,4,0,0,1.0,0.03515625,0.0,640.0,0.625,0.1455036000115797,qLDPC GF(q) syndrome reference decoder executed; not a full industrial qLDPC implementation; q=16; decoder=qary_hard_syndrome_bf; channel_model=qary_symmetric; check_fraction=0.5; row_weight=3; syndrome_symbols=32; syndrome_bits=512; verification_bits=128; success=4/4,522f89e80edee7a1
qldpc_synth_q16_ser0p03_flen64,synthetic,16,,16,64,4,4,qary_hard_syndrome_bf,qary_symmetric,0.5,3,20,qldpc_reference,ok,qary_ldpc_reference_qary_hard_syndrome_bf_internal_gf2m_16,4,1,0,3,0.25,0.03515625,0.0234375,640.0,0.625,0.15402700006961823,qLDPC GF(q) syndrome reference decoder executed; not a full industrial qLDPC implementation; q=16; decoder=qary_hard_syndrome_bf; channel_model=qary_symmetric; check_fraction=0.5; row_weight=3; syndrome_symbols=32; syndrome_bits=512; verification_bits=128; success=1/4,d3ef20759633ed3a
qldpc_synth_q16_ser0p01_flen128,synthetic,16,,16,128,4,4,qary_hard_syndrome_bf,qary_symmetric,0.5,4,20,qldpc_reference,ok,qary_ldpc_reference_qary_hard_syndrome_bf_internal_gf2m_16,4,4,0,0,1.0,0.009765625,0.0,1152.0,0.5625,1.0327000999823213,qLDPC GF(q) syndrome reference decoder executed; not a full industrial qLDPC implementation; q=16; decoder=qary_hard_syndrome_bf; channel_model=qary_symmetric; check_fraction=0.5; row_weight=4; syndrome_symbols=64; syndrome_bits=1024; verification_bits=128; success=4/4,43d014f94c106833
qldpc_synth_q16_ser0p03_flen64,synthetic,16,,16,64,4,4,qary_hard_syndrome_bf,qary_symmetric,0.5,4,20,qldpc_reference,ok,qary_ldpc_reference_qary_hard_syndrome_bf_internal_gf2m_16,4,1,0,3,0.25,0.03515625,0.02734375,640.0,0.625,0.1763039999641478,qLDPC GF(q) syndrome reference decoder executed; not a full industrial qLDPC implementation; q=16; decoder=qary_hard_syndrome_bf; channel_model=qary_symmetric; check_fraction=0.5; row_weight=4; syndrome_symbols=32; syndrome_bits=512; verification_bits=128; success=1/4,70f03ad2a6815ec3
qldpc_synth_q16_ser0p03_flen128,synthetic,16,,16,128,4,4,qary_hard_syndrome_bf,qary_symmetric,0.33,3,20,qldpc_reference,ok,qary_ldpc_reference_qary_hard_syndrome_bf_internal_gf2m_16,4,2,0,2,0.5,0.0234375,0.01171875,816.0,0.3984375,0.29406440001912415,qLDPC GF(q) syndrome reference decoder executed; not a full industrial qLDPC implementation; q=16; decoder=qary_hard_syndrome_bf; channel_model=qary_symmetric; check_fraction=0.33; row_weight=3; syndrome_symbols=43; syndrome_bits=688; verification_bits=128; success=2/4,0b962a07318c87cc
qldpc_synth_q16_ser0p03_flen128,synthetic,16,,16,128,4,4,qary_hard_syndrome_bf,qary_symmetric,0.33,3,20,qldpc_reference,ok,qary_ldpc_reference_qary_hard_syndrome_bf_internal_gf2m_16,4,2,0,2,0.5,0.0234375,0.01953125,816.0,0.3984375,0.4101695000426844,qLDPC GF(q) syndrome reference decoder executed; not a full industrial qLDPC implementation; q=16; decoder=qary_hard_syndrome_bf; channel_model=qary_symmetric; check_fraction=0.33; row_weight=3; syndrome_symbols=43; syndrome_bits=688; verification_bits=128; success=2/4,ec3c47203d968697
qldpc_synth_q16_ser0p03_flen128,synthetic,16,,16,128,4,4,qary_hard_syndrome_bf,qary_symmetric,0.33,4,20,qldpc_reference,ok,qary_ldpc_reference_qary_hard_syndrome_bf_internal_gf2m_16,4,2,0,2,0.5,0.0234375,0.013671875,816.0,0.3984375,0.4348449999233708,qLDPC GF(q) syndrome reference decoder executed; not a full industrial qLDPC implementation; q=16; decoder=qary_hard_syndrome_bf; channel_model=qary_symmetric; check_fraction=0.33; row_weight=4; syndrome_symbols=43; syndrome_bits=688; verification_bits=128; success=2/4,b2c6fbab915c06c2
qldpc_synth_q16_ser0p03_flen64,synthetic,16,,16,64,4,4,qary_hard_syndrome_bf,qary_symmetric,0.33,3,20,qldpc_reference,ok,qary_ldpc_reference_qary_hard_syndrome_bf_internal_gf2m_16,4,2,0,2,0.5,0.03515625,0.03125,480.0,0.46875,1.6429907000856474,qLDPC GF(q) syndrome reference decoder executed; not a full industrial qLDPC implementation; q=16; decoder=qary_hard_syndrome_bf; channel_model=qary_symmetric; check_fraction=0.33; row_weight=3; syndrome_symbols=22; syndrome_bits=352; verification_bits=128; success=2/4,ec3c47203d968697
qldpc_synth_q16_ser0p03_flen128,synthetic,16,,16,128,4,4,qary_hard_syndrome_bf,qary_symmetric,0.5,3,20,qldpc_reference,ok,qary_ldpc_reference_qary_hard_syndrome_bf_internal_gf2m_16,4,3,0,1,0.75,0.0234375,0.0078125,1152.0,0.5625,0.24455309996847063,qLDPC GF(q) syndrome reference decoder executed; not a full industrial qLDPC implementation; q=16; decoder=qary_hard_syndrome_bf; channel_model=qary_symmetric; check_fraction=0.5; row_weight=3; syndrome_symbols=64; syndrome_bits=1024; verification_bits=128; success=3/4,d3ef20759633ed3a
qldpc_synth_q16_ser0p03_flen64,synthetic,16,,16,64,4,4,qary_hard_syndrome_bf,qary_symmetric,0.5,4,20,qldpc_reference,ok,qary_ldpc_reference_qary_hard_syndrome_bf_internal_gf2m_16,4,3,0,1,0.75,0.03515625,0.0078125,640.0,0.625,1.2880163999507204,qLDPC GF(q) syndrome reference decoder executed; not a full industrial qLDPC implementation; q=16; decoder=qary_hard_syndrome_bf; channel_model=qary_symmetric; check_fraction=0.5; row_weight=4; syndrome_symbols=32; syndrome_bits=512; verification_bits=128; success=3/4,43d014f94c106833
qldpc_synth_q16_ser0p01_flen128,synthetic,16,,16,128,4,4,qary_hard_syndrome_bf,qary_symmetric,0.5,4,20,qldpc_reference,ok,qary_ldpc_reference_qary_hard_syndrome_bf_internal_gf2m_16,4,4,0,0,1.0,0.009765625,0.0,1152.0,0.5625,2.164520899998024,qLDPC GF(q) syndrome reference decoder executed; not a full industrial qLDPC implementation; q=16; decoder=qary_hard_syndrome_bf; channel_model=qary_symmetric; check_fraction=0.5; row_weight=4; syndrome_symbols=64; syndrome_bits=1024; verification_bits=128; success=4/4,70f03ad2a6815ec3
qldpc_synth_q16_ser0p03_flen128,synthetic,16,,16,128,4,4,qary_hard_syndrome_bf,qary_symmetric,0.5,4,20,qldpc_reference,ok,qary_ldpc_reference_qary_hard_syndrome_bf_internal_gf2m_16,4,4,0,0,1.0,0.0234375,0.0,1152.0,0.5625,0.34138540003914386,qLDPC GF(q) syndrome reference decoder executed; not a full industrial qLDPC implementation; q=16; decoder=qary_hard_syndrome_bf; channel_model=qary_symmetric; check_fraction=0.5; row_weight=4; syndrome_symbols=64; syndrome_bits=1024; verification_bits=128; success=4/4,70f03ad2a6815ec3
qldpc_synth_q16_ser0p01_flen64,synthetic,16,,16,64,4,4,qary_hard_syndrome_bf,qary_symmetric,0.5,3,20,qldpc_reference,ok,qary_ldpc_reference_qary_hard_syndrome_bf_internal_gf2m_16,4,4,0,0,1.0,0.01171875,0.0,640.0,0.625,3.813775399932638,qLDPC GF(q) syndrome reference decoder executed; not a full industrial qLDPC implementation; q=16; decoder=qary_hard_syndrome_bf; channel_model=qary_symmetric; check_fraction=0.5; row_weight=3; syndrome_symbols=32; syndrome_bits=512; verification_bits=128; success=4/4,522f89e80edee7a1
qldpc_synth_q16_ser0p03_flen128,synthetic,16,,16,128,4,4,qary_hard_syndrome_bf,qary_symmetric,0.5,3,20,qldpc_reference,ok,qary_ldpc_reference_qary_hard_syndrome_bf_internal_gf2m_16,4,3,0,1,0.75,0.0234375,0.00390625,1152.0,0.5625,0.9798239000374451,qLDPC GF(q) syndrome reference decoder executed; not a full industrial qLDPC implementation; q=16; decoder=qary_hard_syndrome_bf; channel_model=qary_symmetric; check_fraction=0.5; row_weight=3; syndrome_symbols=64; syndrome_bits=1024; verification_bits=128; success=3/4,522f89e80edee7a1
qldpc_synth_q16_ser0p01_flen128,synthetic,16,,16,128,4,4,qary_hard_syndrome_bf,qary_symmetric,0.33,4,20,qldpc_reference,ok,qary_ldpc_reference_qary_hard_syndrome_bf_internal_gf2m_16,4,4,0,0,1.0,0.009765625,0.0,816.0,0.3984375,3.2212349000619724,qLDPC GF(q) syndrome reference decoder executed; not a full industrial qLDPC implementation; q=16; decoder=qary_hard_syndrome_bf; channel_model=qary_symmetric; check_fraction=0.33; row_weight=4; syndrome_symbols=43; syndrome_bits=688; verification_bits=128; success=4/4,b2c6fbab915c06c2
qldpc_synth_q16_ser0p05_flen64,synthetic,16,,16,64,4,4,qary_hard_syndrome_bf,qary_symmetric,0.33,4,20,qldpc_reference,ok,qary_ldpc_reference_qary_hard_syndrome_bf_internal_gf2m_16,4,2,0,2,0.5,0.0625,0.02734375,480.0,0.46875,0.20382319996133447,qLDPC GF(q) syndrome reference decoder executed; not a full industrial qLDPC implementation; q=16; decoder=qary_hard_syndrome_bf; channel_model=qary_symmetric; check_fraction=0.33; row_weight=4; syndrome_symbols=22; syndrome_bits=352; verification_bits=128; success=2/4,eb5e714c53e22f14
qldpc_synth_q16_ser0p05_flen64,synthetic,16,,16,64,4,4,qary_hard_syndrome_bf,qary_symmetric,0.5,3,20,qldpc_reference,ok,qary_ldpc_reference_qary_hard_syndrome_bf_internal_gf2m_16,4,4,0,0,1.0,0.0625,0.0,640.0,0.625,0.29147529997862875,qLDPC GF(q) syndrome reference decoder executed; not a full industrial qLDPC implementation; q=16; decoder=qary_hard_syndrome_bf; channel_model=qary_symmetric; check_fraction=0.5; row_weight=3; syndrome_symbols=32; syndrome_bits=512; verification_bits=128; success=4/4,522f89e80edee7a1
qldpc_synth_q16_ser0p05_flen64,synthetic,16,,16,64,4,4,qary_hard_syndrome_bf,qary_symmetric,0.33,4,20,qldpc_reference,reference,qary_ldpc_reference_qary_hard_syndrome_bf_internal_gf2m_16,4,0,0,4,0.0,0.0625,0.046875,480.0,0.46875,0.7353776999516413,qLDPC GF(q) syndrome reference decoder executed; not a full industrial qLDPC implementation; q=16; decoder=qary_hard_syndrome_bf; channel_model=qary_symmetric; check_fraction=0.33; row_weight=4; syndrome_symbols=22; syndrome_bits=352; verification_bits=128; success=0/4,b2c6fbab915c06c2
qldpc_synth_q16_ser0p05_flen64,synthetic,16,,16,64,4,4,qary_hard_syndrome_bf,qary_symmetric,0.33,3,20,qldpc_reference,ok,qary_ldpc_reference_qary_hard_syndrome_bf_internal_gf2m_16,4,1,0,3,0.25,0.0625,0.0390625,480.0,0.46875,1.1854016999714077,qLDPC GF(q) syndrome reference decoder executed; not a full industrial qLDPC implementation; q=16; decoder=qary_hard_syndrome_bf; channel_model=qary_symmetric; check_fraction=0.33; row_weight=3; syndrome_symbols=22; syndrome_bits=352; verification_bits=128; success=1/4,0b962a07318c87cc
qldpc_synth_q16_ser0p03_flen128,synthetic,16,,16,128,4,4,qary_hard_syndrome_bf,qary_symmetric,0.33,4,20,qldpc_reference,ok,qary_ldpc_reference_qary_hard_syndrome_bf_internal_gf2m_16,4,1,0,3,0.25,0.0234375,0.01171875,816.0,0.3984375,2.054618200054392,qLDPC GF(q) syndrome reference decoder executed; not a full industrial qLDPC implementation; q=16; decoder=qary_hard_syndrome_bf; channel_model=qary_symmetric; check_fraction=0.33; row_weight=4; syndrome_symbols=43; syndrome_bits=688; verification_bits=128; success=1/4,eb5e714c53e22f14
qldpc_synth_q16_ser0p01_flen64,synthetic,16,,16,64,4,4,qary_hard_syndrome_bf,qary_symmetric,0.33,3,20,qldpc_reference,ok,qary_ldpc_reference_qary_hard_syndrome_bf_internal_gf2m_16,4,4,0,0,1.0,0.01171875,0.0,480.0,0.46875,5.463016499998048,qLDPC GF(q) syndrome reference decoder executed; not a full industrial qLDPC implementation; q=16; decoder=qary_hard_syndrome_bf; channel_model=qary_symmetric; check_fraction=0.33; row_weight=3; syndrome_symbols=22; syndrome_bits=352; verification_bits=128; success=4/4,0b962a07318c87cc
qldpc_synth_q16_ser0p05_flen64,synthetic,16,,16,64,4,4,qary_hard_syndrome_bf,qary_symmetric,0.5,4,20,qldpc_reference,ok,qary_ldpc_reference_qary_hard_syndrome_bf_internal_gf2m_16,4,2,0,2,0.5,0.0625,0.015625,640.0,0.625,1.0570093999849632,qLDPC GF(q) syndrome reference decoder executed; not a full industrial qLDPC implementation; q=16; decoder=qary_hard_syndrome_bf; channel_model=qary_symmetric; check_fraction=0.5; row_weight=4; syndrome_symbols=32; syndrome_bits=512; verification_bits=128; success=2/4,43d014f94c106833
qldpc_synth_q16_ser0p05_flen128,synthetic,16,,16,128,4,4,qary_hard_syndrome_bf,qary_symmetric,0.33,4,20,qldpc_reference,ok,qary_ldpc_reference_qary_hard_syndrome_bf_internal_gf2m_16,4,1,0,3,0.25,0.046875,0.03125,816.0,0.3984375,0.5955095000099391,qLDPC GF(q) syndrome reference decoder executed; not a full industrial qLDPC implementation; q=16; decoder=qary_hard_syndrome_bf; channel_model=qary_symmetric; check_fraction=0.33; row_weight=4; syndrome_symbols=43; syndrome_bits=688; verification_bits=128; success=1/4,b2c6fbab915c06c2
qldpc_synth_q16_ser0p05_flen128,synthetic,16,,16,128,4,4,qary_hard_syndrome_bf,qary_symmetric,0.33,3,20,qldpc_reference,reference,qary_ldpc_reference_qary_hard_syndrome_bf_internal_gf2m_16,4,0,0,4,0.0,0.046875,0.041015625,816.0,0.3984375,1.1847111999522895,qLDPC GF(q) syndrome reference decoder executed; not a full industrial qLDPC implementation; q=16; decoder=qary_hard_syndrome_bf; channel_model=qary_symmetric; check_fraction=0.33; row_weight=3; syndrome_symbols=43; syndrome_bits=688; verification_bits=128; success=0/4,0b962a07318c87cc
qldpc_synth_q16_ser0p05_flen128,synthetic,16,,16,128,4,4,qary_hard_syndrome_bf,qary_symmetric,0.33,4,20,qldpc_reference,ok,qary_ldpc_reference_qary_hard_syndrome_bf_internal_gf2m_16,4,1,0,3,0.25,0.046875,0.02734375,816.0,0.3984375,0.8457782999612391,qLDPC GF(q) syndrome reference decoder executed; not a full industrial qLDPC implementation; q=16; decoder=qary_hard_syndrome_bf; channel_model=qary_symmetric; check_fraction=0.33; row_weight=4; syndrome_symbols=43; syndrome_bits=688; verification_bits=128; success=1/4,eb5e714c53e22f14
qldpc_synth_q16_ser0p03_flen128,synthetic,16,,16,128,4,4,qary_hard_syndrome_bf,qary_symmetric,0.5,4,20,qldpc_reference,ok,qary_ldpc_reference_qary_hard_syndrome_bf_internal_gf2m_16,4,4,0,0,1.0,0.0234375,0.0,1152.0,0.5625,3.1952831000089645,qLDPC GF(q) syndrome reference decoder executed; not a full industrial qLDPC implementation; q=16; decoder=qary_hard_syndrome_bf; channel_model=qary_symmetric; check_fraction=0.5; row_weight=4; syndrome_symbols=64; syndrome_bits=1024; verification_bits=128; success=4/4,43d014f94c106833
qldpc_synth_q16_ser0p05_flen128,synthetic,16,,16,128,4,4,qary_hard_syndrome_bf,qary_symmetric,0.5,3,20,qldpc_reference,ok,qary_ldpc_reference_qary_hard_syndrome_bf_internal_gf2m_16,4,2,0,2,0.5,0.046875,0.013671875,1152.0,0.5625,1.7657155999913812,qLDPC GF(q) syndrome reference decoder executed; not a full industrial qLDPC implementation; q=16; decoder=qary_hard_syndrome_bf; channel_model=qary_symmetric; check_fraction=0.5; row_weight=3; syndrome_symbols=64; syndrome_bits=1024; verification_bits=128; success=2/4,522f89e80edee7a1
qldpc_synth_q16_ser0p05_flen128,synthetic,16,,16,128,4,4,qary_hard_syndrome_bf,qary_symmetric,0.5,4,20,qldpc_reference,ok,qary_ldpc_reference_qary_hard_syndrome_bf_internal_gf2m_16,4,2,1,1,0.5,0.046875,0.009765625,1152.0,0.5625,1.1352346000494435,qLDPC GF(q) syndrome reference decoder executed; not a full industrial qLDPC implementation; q=16; decoder=qary_hard_syndrome_bf; channel_model=qary_symmetric; check_fraction=0.5; row_weight=4; syndrome_symbols=64; syndrome_bits=1024; verification_bits=128; success=2/4,43d014f94c106833
qldpc_synth_q16_ser0p05_flen128,synthetic,16,,16,128,4,4,qary_hard_syndrome_bf,qary_symmetric,0.5,4,20,qldpc_reference,ok,qary_ldpc_reference_qary_hard_syndrome_bf_internal_gf2m_16,4,2,1,1,0.5,0.046875,0.017578125,1152.0,0.5625,1.3246219999855384,qLDPC GF(q) syndrome reference decoder executed; not a full industrial qLDPC implementation; q=16; decoder=qary_hard_syndrome_bf; channel_model=qary_symmetric; check_fraction=0.5; row_weight=4; syndrome_symbols=64; syndrome_bits=1024; verification_bits=128; success=2/4,70f03ad2a6815ec3
qldpc_synth_q16_ser0p08_flen64,synthetic,16,,16,64,4,4,qary_hard_syndrome_bf,qary_symmetric,0.33,3,20,qldpc_reference,reference,qary_ldpc_reference_qary_hard_syndrome_bf_internal_gf2m_16,4,0,1,3,0.0,0.09375,0.09765625,480.0,0.46875,0.8740997000131756,qLDPC GF(q) syndrome reference decoder executed; not a full industrial qLDPC implementation; q=16; decoder=qary_hard_syndrome_bf; channel_model=qary_symmetric; check_fraction=0.33; row_weight=3; syndrome_symbols=22; syndrome_bits=352; verification_bits=128; success=0/4,0b962a07318c87cc
qldpc_synth_q16_ser0p08_flen64,synthetic,16,,16,64,4,4,qary_hard_syndrome_bf,qary_symmetric,0.33,4,20,qldpc_reference,ok,qary_ldpc_reference_qary_hard_syndrome_bf_internal_gf2m_16,4,2,1,1,0.5,0.09375,0.0625,480.0,0.46875,0.2181853000074625,qLDPC GF(q) syndrome reference decoder executed; not a full industrial qLDPC implementation; q=16; decoder=qary_hard_syndrome_bf; channel_model=qary_symmetric; check_fraction=0.33; row_weight=4; syndrome_symbols=22; syndrome_bits=352; verification_bits=128; success=2/4,eb5e714c53e22f14
qldpc_synth_q16_ser0p05_flen64,synthetic,16,,16,64,4,4,qary_hard_syndrome_bf,qary_symmetric,0.5,4,20,qldpc_reference,ok,qary_ldpc_reference_qary_hard_syndrome_bf_internal_gf2m_16,4,2,0,2,0.5,0.0625,0.015625,640.0,0.625,4.1268707000417635,qLDPC GF(q) syndrome reference decoder executed; not a full industrial qLDPC implementation; q=16; decoder=qary_hard_syndrome_bf; channel_model=qary_symmetric; check_fraction=0.5; row_weight=4; syndrome_symbols=32; syndrome_bits=512; verification_bits=128; success=2/4,70f03ad2a6815ec3
qldpc_synth_q16_ser0p05_flen128,synthetic,16,,16,128,4,4,qary_hard_syndrome_bf,qary_symmetric,0.5,3,20,qldpc_reference,reference,qary_ldpc_reference_qary_hard_syndrome_bf_internal_gf2m_16,4,0,0,4,0.0,0.046875,0.0390625,1152.0,0.5625,3.081408999976702,qLDPC GF(q) syndrome reference decoder executed; not a full industrial qLDPC implementation; q=16; decoder=qary_hard_syndrome_bf; channel_model=qary_symmetric; check_fraction=0.5; row_weight=3; syndrome_symbols=64; syndrome_bits=1024; verification_bits=128; success=0/4,d3ef20759633ed3a
qldpc_synth_q16_ser0p08_flen64,synthetic,16,,16,64,4,4,qary_hard_syndrome_bf,qary_symmetric,0.5,3,20,qldpc_reference,ok,qary_ldpc_reference_qary_hard_syndrome_bf_internal_gf2m_16,4,1,1,2,0.25,0.09375,0.0390625,640.0,0.625,0.8452900999691337,qLDPC GF(q) syndrome reference decoder executed; not a full industrial qLDPC implementation; q=16; decoder=qary_hard_syndrome_bf; channel_model=qary_symmetric; check_fraction=0.5; row_weight=3; syndrome_symbols=32; syndrome_bits=512; verification_bits=128; success=1/4,522f89e80edee7a1
qldpc_synth_q16_ser0p08_flen64,synthetic,16,,16,64,4,4,qary_hard_syndrome_bf,qary_symmetric,0.5,4,20,qldpc_reference,ok,qary_ldpc_reference_qary_hard_syndrome_bf_internal_gf2m_16,4,1,0,3,0.25,0.09375,0.03515625,640.0,0.625,0.21884079999290407,qLDPC GF(q) syndrome reference decoder executed; not a full industrial qLDPC implementation; q=16; decoder=qary_hard_syndrome_bf; channel_model=qary_symmetric; check_fraction=0.5; row_weight=4; syndrome_symbols=32; syndrome_bits=512; verification_bits=128; success=1/4,70f03ad2a6815ec3
qldpc_synth_q16_ser0p05_flen64,synthetic,16,,16,64,4,4,qary_hard_syndrome_bf,qary_symmetric,0.33,3,20,qldpc_reference,ok,qary_ldpc_reference_qary_hard_syndrome_bf_internal_gf2m_16,4,1,0,3,0.25,0.0625,0.0625,480.0,0.46875,6.1765581999206915,qLDPC GF(q) syndrome reference decoder executed; not a full industrial qLDPC implementation; q=16; decoder=qary_hard_syndrome_bf; channel_model=qary_symmetric; check_fraction=0.33; row_weight=3; syndrome_symbols=22; syndrome_bits=352; verification_bits=128; success=1/4,ec3c47203d968697
qldpc_synth_q16_ser0p08_flen64,synthetic,16,,16,64,4,4,qary_hard_syndrome_bf,qary_symmetric,0.33,3,20,qldpc_reference,reference,qary_ldpc_reference_qary_hard_syndrome_bf_internal_gf2m_16,4,1,0,3,0.25,0.09375,0.1015625,480.0,0.46875,3.012446100008674,qLDPC GF(q) syndrome reference decoder executed; not a full industrial qLDPC implementation; q=16; decoder=qary_hard_syndrome_bf; channel_model=qary_symmetric; check_fraction=0.33; row_weight=3; syndrome_symbols=22; syndrome_bits=352; verification_bits=128; success=1/4,ec3c47203d968697
qldpc_synth_q16_ser0p08_flen128,synthetic,16,,16,128,4,4,qary_hard_syndrome_bf,qary_symmetric,0.33,3,20,qldpc_reference,reference,qary_ldpc_reference_qary_hard_syndrome_bf_internal_gf2m_16,4,0,0,4,0.0,0.078125,0.052734375,816.0,0.3984375,1.0258023999631405,qLDPC GF(q) syndrome reference decoder executed; not a full industrial qLDPC implementation; q=16; decoder=qary_hard_syndrome_bf; channel_model=qary_symmetric; check_fraction=0.33; row_weight=3; syndrome_symbols=43; syndrome_bits=688; verification_bits=128; success=0/4,0b962a07318c87cc
qldpc_synth_q16_ser0p08_flen128,synthetic,16,,16,128,4,4,qary_hard_syndrome_bf,qary_symmetric,0.33,3,20,qldpc_reference,reference,qary_ldpc_reference_qary_hard_syndrome_bf_internal_gf2m_16,4,0,1,3,0.0,0.078125,0.080078125,816.0,0.3984375,1.3604737999849021,qLDPC GF(q) syndrome reference decoder executed; not a full industrial qLDPC implementation; q=16; decoder=qary_hard_syndrome_bf; channel_model=qary_symmetric; check_fraction=0.33; row_weight=3; syndrome_symbols=43; syndrome_bits=688; verification_bits=128; success=0/4,ec3c47203d968697
qldpc_synth_q16_ser0p08_flen64,synthetic,16,,16,64,4,4,qary_hard_syndrome_bf,qary_symmetric,0.5,4,20,qldpc_reference,ok,qary_ldpc_reference_qary_hard_syndrome_bf_internal_gf2m_16,4,2,2,0,0.5,0.09375,0.05859375,640.0,0.625,2.7737153000198305,qLDPC GF(q) syndrome reference decoder executed; not a full industrial qLDPC implementation; q=16; decoder=qary_hard_syndrome_bf; channel_model=qary_symmetric; check_fraction=0.5; row_weight=4; syndrome_symbols=32; syndrome_bits=512; verification_bits=128; success=2/4,43d014f94c106833
qldpc_synth_q16_ser0p08_flen128,synthetic,16,,16,128,4,4,qary_hard_syndrome_bf,qary_symmetric,0.33,4,20,qldpc_reference,reference,qary_ldpc_reference_qary_hard_syndrome_bf_internal_gf2m_16,4,0,0,4,0.0,0.078125,0.0703125,816.0,0.3984375,1.5993348999181762,qLDPC GF(q) syndrome reference decoder executed; not a full industrial qLDPC implementation; q=16; decoder=qary_hard_syndrome_bf; channel_model=qary_symmetric; check_fraction=0.33; row_weight=4; syndrome_symbols=43; syndrome_bits=688; verification_bits=128; success=0/4,eb5e714c53e22f14
qldpc_synth_q16_ser0p08_flen128,synthetic,16,,16,128,4,4,qary_hard_syndrome_bf,qary_symmetric,0.5,4,20,qldpc_reference,ok,qary_ldpc_reference_qary_hard_syndrome_bf_internal_gf2m_16,4,2,0,2,0.5,0.078125,0.0078125,1152.0,0.5625,1.0907639000797644,qLDPC GF(q) syndrome reference decoder executed; not a full industrial qLDPC implementation; q=16; decoder=qary_hard_syndrome_bf; channel_model=qary_symmetric; check_fraction=0.5; row_weight=4; syndrome_symbols=64; syndrome_bits=1024; verification_bits=128; success=2/4,43d014f94c106833
qldpc_synth_q16_ser0p08_flen64,synthetic,16,,16,64,4,4,qary_hard_syndrome_bf,qary_symmetric,0.5,3,20,qldpc_reference,ok,qary_ldpc_reference_qary_hard_syndrome_bf_internal_gf2m_16,4,1,0,3,0.25,0.09375,0.0546875,640.0,0.625,5.477324299979955,qLDPC GF(q) syndrome reference decoder executed; not a full industrial qLDPC implementation; q=16; decoder=qary_hard_syndrome_bf; channel_model=qary_symmetric; check_fraction=0.5; row_weight=3; syndrome_symbols=32; syndrome_bits=512; verification_bits=128; success=1/4,d3ef20759633ed3a
qldpc_synth_q16_ser0p08_flen128,synthetic,16,,16,128,4,4,qary_hard_syndrome_bf,qary_symmetric,0.5,3,20,qldpc_reference,reference,qary_ldpc_reference_qary_hard_syndrome_bf_internal_gf2m_16,4,0,1,3,0.0,0.078125,0.0546875,1152.0,0.5625,2.3712718000169843,qLDPC GF(q) syndrome reference decoder executed; not a full industrial qLDPC implementation; q=16; decoder=qary_hard_syndrome_bf; channel_model=qary_symmetric; check_fraction=0.5; row_weight=3; syndrome_symbols=64; syndrome_bits=1024; verification_bits=128; success=0/4,d3ef20759633ed3a
qldpc_synth_q16_ser0p05_flen64,synthetic,16,,16,64,4,4,qary_hard_syndrome_bf,qary_symmetric,0.5,3,20,qldpc_reference,ok,qary_ldpc_reference_qary_hard_syndrome_bf_internal_gf2m_16,4,1,0,3,0.25,0.0625,0.03125,640.0,0.625,10.084538400056772,qLDPC GF(q) syndrome reference decoder executed; not a full industrial qLDPC implementation; q=16; decoder=qary_hard_syndrome_bf; channel_model=qary_symmetric; check_fraction=0.5; row_weight=3; syndrome_symbols=32; syndrome_bits=512; verification_bits=128; success=1/4,d3ef20759633ed3a
qldpc_synth_q16_ser0p08_flen128,synthetic,16,,16,128,4,4,qary_hard_syndrome_bf,qary_symmetric,0.33,4,20,qldpc_reference,reference,qary_ldpc_reference_qary_hard_syndrome_bf_internal_gf2m_16,4,0,0,4,0.0,0.078125,0.064453125,816.0,0.3984375,4.340737199992873,qLDPC GF(q) syndrome reference decoder executed; not a full industrial qLDPC implementation; q=16; decoder=qary_hard_syndrome_bf; channel_model=qary_symmetric; check_fraction=0.33; row_weight=4; syndrome_symbols=43; syndrome_bits=688; verification_bits=128; success=0/4,b2c6fbab915c06c2
qldpc_synth_q16_ser0p05_flen128,synthetic,16,,16,128,4,4,qary_hard_syndrome_bf,qary_symmetric,0.33,3,20,qldpc_reference,reference,qary_ldpc_reference_qary_hard_syndrome_bf_internal_gf2m_16,4,0,0,4,0.0,0.046875,0.05078125,816.0,0.3984375,10.369778800057247,qLDPC GF(q) syndrome reference decoder executed; not a full industrial qLDPC implementation; q=16; decoder=qary_hard_syndrome_bf; channel_model=qary_symmetric; check_fraction=0.33; row_weight=3; syndrome_symbols=43; syndrome_bits=688; verification_bits=128; success=0/4,ec3c47203d968697
qldpc_synth_q32_ser0p01_flen64,synthetic,32,,32,64,4,4,qary_hard_syndrome_bf,qary_symmetric,0.33,4,20,qldpc_reference,ok,qary_ldpc_reference_qary_hard_syndrome_bf_internal_gf2m_32,4,3,0,1,0.75,0.01171875,0.0078125,568.0,0.44375,1.0025822999887168,qLDPC GF(q) syndrome reference decoder executed; not a full industrial qLDPC implementation; q=32; decoder=qary_hard_syndrome_bf; channel_model=qary_symmetric; check_fraction=0.33; row_weight=4; syndrome_symbols=22; syndrome_bits=440; verification_bits=128; success=3/4,b2c6fbab915c06c2
qldpc_synth_q16_ser0p08_flen128,synthetic,16,,16,128,4,4,qary_hard_syndrome_bf,qary_symmetric,0.5,3,20,qldpc_reference,ok,qary_ldpc_reference_qary_hard_syndrome_bf_internal_gf2m_16,4,1,0,3,0.25,0.078125,0.021484375,1152.0,0.5625,4.522812000010163,qLDPC GF(q) syndrome reference decoder executed; not a full industrial qLDPC implementation; q=16; decoder=qary_hard_syndrome_bf; channel_model=qary_symmetric; check_fraction=0.5; row_weight=3; syndrome_symbols=64; syndrome_bits=1024; verification_bits=128; success=1/4,522f89e80edee7a1
qldpc_synth_q16_ser0p08_flen128,synthetic,16,,16,128,4,4,qary_hard_syndrome_bf,qary_symmetric,0.5,4,20,qldpc_reference,reference,qary_ldpc_reference_qary_hard_syndrome_bf_internal_gf2m_16,4,0,2,2,0.0,0.078125,0.037109375,1152.0,0.5625,3.4979036999866366,qLDPC GF(q) syndrome reference decoder executed; not a full industrial qLDPC implementation; q=16; decoder=qary_hard_syndrome_bf; channel_model=qary_symmetric; check_fraction=0.5; row_weight=4; syndrome_symbols=64; syndrome_bits=1024; verification_bits=128; success=0/4,70f03ad2a6815ec3
qldpc_synth_q32_ser0p01_flen64,synthetic,32,,32,64,4,4,qary_hard_syndrome_bf,qary_symmetric,0.5,4,20,qldpc_reference,ok,qary_ldpc_reference_qary_hard_syndrome_bf_internal_gf2m_32,4,4,0,0,1.0,0.01171875,0.0,768.0,0.6,0.887236199923791,qLDPC GF(q) syndrome reference decoder executed; not a full industrial qLDPC implementation; q=32; decoder=qary_hard_syndrome_bf; channel_model=qary_symmetric; check_fraction=0.5; row_weight=4; syndrome_symbols=32; syndrome_bits=640; verification_bits=128; success=4/4,43d014f94c106833
qldpc_synth_q32_ser0p01_flen64,synthetic,32,,32,64,4,4,qary_hard_syndrome_bf,qary_symmetric,0.33,3,20,qldpc_reference,ok,qary_ldpc_reference_qary_hard_syndrome_bf_internal_gf2m_32,4,4,0,0,1.0,0.01171875,0.0,568.0,0.44375,2.5144245999399573,qLDPC GF(q) syndrome reference decoder executed; not a full industrial qLDPC implementation; q=32; decoder=qary_hard_syndrome_bf; channel_model=qary_symmetric; check_fraction=0.33; row_weight=3; syndrome_symbols=22; syndrome_bits=440; verification_bits=128; success=4/4,ec3c47203d968697
qldpc_synth_q16_ser0p08_flen64,synthetic,16,,16,64,4,4,qary_hard_syndrome_bf,qary_symmetric,0.33,4,20,qldpc_reference,reference,qary_ldpc_reference_qary_hard_syndrome_bf_internal_gf2m_16,4,0,0,4,0.0,0.09375,0.0703125,480.0,0.46875,9.032321500009857,qLDPC GF(q) syndrome reference decoder executed; not a full industrial qLDPC implementation; q=16; decoder=qary_hard_syndrome_bf; channel_model=qary_symmetric; check_fraction=0.33; row_weight=4; syndrome_symbols=22; syndrome_bits=352; verification_bits=128; success=0/4,b2c6fbab915c06c2
qldpc_synth_q32_ser0p01_flen64,synthetic,32,,32,64,4,4,qary_hard_syndrome_bf,qary_symmetric,0.33,4,20,qldpc_reference,ok,qary_ldpc_reference_qary_hard_syndrome_bf_internal_gf2m_32,4,3,0,1,0.75,0.01171875,0.0078125,568.0,0.44375,2.2060654000379145,qLDPC GF(q) syndrome reference decoder executed; not a full industrial qLDPC implementation; q=32; decoder=qary_hard_syndrome_bf; channel_model=qary_symmetric; check_fraction=0.33; row_weight=4; syndrome_symbols=22; syndrome_bits=440; verification_bits=128; success=3/4,eb5e714c53e22f14
qldpc_synth_q32_ser0p01_flen128,synthetic,32,,32,128,4,4,qary_hard_syndrome_bf,qary_symmetric,0.33,4,20,qldpc_reference,ok,qary_ldpc_reference_qary_hard_syndrome_bf_internal_gf2m_32,4,4,0,0,1.0,0.009765625,0.0,988.0,0.3859375,0.18024419993162155,qLDPC GF(q) syndrome reference decoder executed; not a full industrial qLDPC implementation; q=32; decoder=qary_hard_syndrome_bf; channel_model=qary_symmetric; check_fraction=0.33; row_weight=4; syndrome_symbols=43; syndrome_bits=860; verification_bits=128; success=4/4,b2c6fbab915c06c2
qldpc_synth_q32_ser0p01_flen128,synthetic,32,,32,128,4,4,qary_hard_syndrome_bf,qary_symmetric,0.33,3,20,qldpc_reference,ok,qary_ldpc_reference_qary_hard_syndrome_bf_internal_gf2m_32,4,3,0,1,0.75,0.009765625,0.00390625,988.0,0.3859375,0.49918739998247474,qLDPC GF(q) syndrome reference decoder executed; not a full industrial qLDPC implementation; q=32; decoder=qary_hard_syndrome_bf; channel_model=qary_symmetric; check_fraction=0.33; row_weight=3; syndrome_symbols=43; syndrome_bits=860; verification_bits=128; success=3/4,ec3c47203d968697
qldpc_synth_q32_ser0p01_flen128,synthetic,32,,32,128,4,4,qary_hard_syndrome_bf,qary_symmetric,0.33,3,20,qldpc_reference,ok,qary_ldpc_reference_qary_hard_syndrome_bf_internal_gf2m_32,4,3,0,1,0.75,0.009765625,0.00390625,988.0,0.3859375,0.5974730000598356,qLDPC GF(q) syndrome reference decoder executed; not a full industrial qLDPC implementation; q=32; decoder=qary_hard_syndrome_bf; channel_model=qary_symmetric; check_fraction=0.33; row_weight=3; syndrome_symbols=43; syndrome_bits=860; verification_bits=128; success=3/4,0b962a07318c87cc
qldpc_synth_q32_ser0p01_flen64,synthetic,32,,32,64,4,4,qary_hard_syndrome_bf,qary_symmetric,0.5,3,20,qldpc_reference,ok,qary_ldpc_reference_qary_hard_syndrome_bf_internal_gf2m_32,4,3,0,1,0.75,0.01171875,0.0078125,768.0,0.6,2.020993100013584,qLDPC GF(q) syndrome reference decoder executed; not a full industrial qLDPC implementation; q=32; decoder=qary_hard_syndrome_bf; channel_model=qary_symmetric; check_fraction=0.5; row_weight=3; syndrome_symbols=32; syndrome_bits=640; verification_bits=128; success=3/4,d3ef20759633ed3a
qldpc_synth_q32_ser0p01_flen128,synthetic,32,,32,128,4,4,qary_hard_syndrome_bf,qary_symmetric,0.5,4,20,qldpc_reference,ok,qary_ldpc_reference_qary_hard_syndrome_bf_internal_gf2m_32,4,4,0,0,1.0,0.009765625,0.0,1408.0,0.55,0.1386767999501899,qLDPC GF(q) syndrome reference decoder executed; not a full industrial qLDPC implementation; q=32; decoder=qary_hard_syndrome_bf; channel_model=qary_symmetric; check_fraction=0.5; row_weight=4; syndrome_symbols=64; syndrome_bits=1280; verification_bits=128; success=4/4,70f03ad2a6815ec3
qldpc_synth_q32_ser0p01_flen64,synthetic,32,,32,64,4,4,qary_hard_syndrome_bf,qary_symmetric,0.33,3,20,qldpc_reference,ok,qary_ldpc_reference_qary_hard_syndrome_bf_internal_gf2m_32,4,4,0,0,1.0,0.01171875,0.0,568.0,0.44375,3.3581077000126243,qLDPC GF(q) syndrome reference decoder executed; not a full industrial qLDPC implementation; q=32; decoder=qary_hard_syndrome_bf; channel_model=qary_symmetric; check_fraction=0.33; row_weight=3; syndrome_symbols=22; syndrome_bits=440; verification_bits=128; success=4/4,0b962a07318c87cc
qldpc_synth_q32_ser0p01_flen64,synthetic,32,,32,64,4,4,qary_hard_syndrome_bf,qary_symmetric,0.5,4,20,qldpc_reference,ok,qary_ldpc_reference_qary_hard_syndrome_bf_internal_gf2m_32,4,3,0,1,0.75,0.01171875,0.0078125,768.0,0.6,0.9600740999449044,qLDPC GF(q) syndrome reference decoder executed; not a full industrial qLDPC implementation; q=32; decoder=qary_hard_syndrome_bf; channel_model=qary_symmetric; check_fraction=0.5; row_weight=4; syndrome_symbols=32; syndrome_bits=640; verification_bits=128; success=3/4,70f03ad2a6815ec3
qldpc_synth_q32_ser0p03_flen64,synthetic,32,,32,64,4,4,qary_hard_syndrome_bf,qary_symmetric,0.33,4,20,qldpc_reference,ok,qary_ldpc_reference_qary_hard_syndrome_bf_internal_gf2m_32,4,1,0,3,0.25,0.03515625,0.0234375,568.0,0.44375,0.14313780004158616,qLDPC GF(q) syndrome reference decoder executed; not a full industrial qLDPC implementation; q=32; decoder=qary_hard_syndrome_bf; channel_model=qary_symmetric; check_fraction=0.33; row_weight=4; syndrome_symbols=22; syndrome_bits=440; verification_bits=128; success=1/4,b2c6fbab915c06c2
qldpc_synth_q32_ser0p01_flen128,synthetic,32,,32,128,4,4,qary_hard_syndrome_bf,qary_symmetric,0.5,3,20,qldpc_reference,ok,qary_ldpc_reference_qary_hard_syndrome_bf_internal_gf2m_32,4,4,0,0,1.0,0.009765625,0.0,1408.0,0.55,0.7376921999966726,qLDPC GF(q) syndrome reference decoder executed; not a full industrial qLDPC implementation; q=32; decoder=qary_hard_syndrome_bf; channel_model=qary_symmetric; check_fraction=0.5; row_weight=3; syndrome_symbols=64; syndrome_bits=1280; verification_bits=128; success=4/4,522f89e80edee7a1
qldpc_synth_q32_ser0p03_flen64,synthetic,32,,32,64,4,4,qary_hard_syndrome_bf,qary_symmetric,0.33,4,20,qldpc_reference,ok,qary_ldpc_reference_qary_hard_syndrome_bf_internal_gf2m_32,4,1,0,3,0.25,0.03515625,0.02734375,568.0,0.44375,0.27761170000303537,qLDPC GF(q) syndrome reference decoder executed; not a full industrial qLDPC implementation; q=32; decoder=qary_hard_syndrome_bf; channel_model=qary_symmetric; check_fraction=0.33; row_weight=4; syndrome_symbols=22; syndrome_bits=440; verification_bits=128; success=1/4,eb5e714c53e22f14
qldpc_synth_q32_ser0p03_flen64,synthetic,32,,32,64,4,4,qary_hard_syndrome_bf,qary_symmetric,0.5,3,20,qldpc_reference,ok,qary_ldpc_reference_qary_hard_syndrome_bf_internal_gf2m_32,4,1,0,3,0.25,0.03515625,0.0234375,768.0,0.6,0.13037330005317926,qLDPC GF(q) syndrome reference decoder executed; not a full industrial qLDPC implementation; q=32; decoder=qary_hard_syndrome_bf; channel_model=qary_symmetric; check_fraction=0.5; row_weight=3; syndrome_symbols=32; syndrome_bits=640; verification_bits=128; success=1/4,d3ef20759633ed3a
qldpc_synth_q32_ser0p01_flen128,synthetic,32,,32,128,4,4,qary_hard_syndrome_bf,qary_symmetric,0.5,4,20,qldpc_reference,ok,qary_ldpc_reference_qary_hard_syndrome_bf_internal_gf2m_32,4,4,0,0,1.0,0.009765625,0.0,1408.0,0.55,0.9607365999836475,qLDPC GF(q) syndrome reference decoder executed; not a full industrial qLDPC implementation; q=32; decoder=qary_hard_syndrome_bf; channel_model=qary_symmetric; check_fraction=0.5; row_weight=4; syndrome_symbols=64; syndrome_bits=1280; verification_bits=128; success=4/4,43d014f94c106833
qldpc_synth_q32_ser0p03_flen64,synthetic,32,,32,64,4,4,qary_hard_syndrome_bf,qary_symmetric,0.5,4,20,qldpc_reference,ok,qary_ldpc_reference_qary_hard_syndrome_bf_internal_gf2m_32,4,3,0,1,0.75,0.03515625,0.0078125,768.0,0.6,0.25351049995515496,qLDPC GF(q) syndrome reference decoder executed; not a full industrial qLDPC implementation; q=32; decoder=qary_hard_syndrome_bf; channel_model=qary_symmetric; check_fraction=0.5; row_weight=4; syndrome_symbols=32; syndrome_bits=640; verification_bits=128; success=3/4,43d014f94c106833
qldpc_synth_q32_ser0p03_flen64,synthetic,32,,32,64,4,4,qary_hard_syndrome_bf,qary_symmetric,0.33,3,20,qldpc_reference,ok,qary_ldpc_reference_qary_hard_syndrome_bf_internal_gf2m_32,4,2,0,2,0.5,0.03515625,0.0234375,568.0,0.44375,1.0132978999754414,qLDPC GF(q) syndrome reference decoder executed; not a full industrial qLDPC implementation; q=32; decoder=qary_hard_syndrome_bf; channel_model=qary_symmetric; check_fraction=0.33; row_weight=3; syndrome_symbols=22; syndrome_bits=440; verification_bits=128; success=2/4,0b962a07318c87cc
qldpc_synth_q32_ser0p03_flen128,synthetic,32,,32,128,4,4,qary_hard_syndrome_bf,qary_symmetric,0.33,3,20,qldpc_reference,ok,qary_ldpc_reference_qary_hard_syndrome_bf_internal_gf2m_32,4,2,0,2,0.5,0.0234375,0.01953125,988.0,0.3859375,0.3802735999925062,qLDPC GF(q) syndrome reference decoder executed; not a full industrial qLDPC implementation; q=32; decoder=qary_hard_syndrome_bf; channel_model=qary_symmetric; check_fraction=0.33; row_weight=3; syndrome_symbols=43; syndrome_bits=860; verification_bits=128; success=2/4,ec3c47203d968697
qldpc_synth_q32_ser0p03_flen64,synthetic,32,,32,64,4,4,qary_hard_syndrome_bf,qary_symmetric,0.5,3,20,qldpc_reference,ok,qary_ldpc_reference_qary_hard_syndrome_bf_internal_gf2m_32,4,4,0,0,1.0,0.03515625,0.0,768.0,0.6,1.2667912000324577,qLDPC GF(q) syndrome reference decoder executed; not a full industrial qLDPC implementation; q=32; decoder=qary_hard_syndrome_bf; channel_model=qary_symmetric; check_fraction=0.5; row_weight=3; syndrome_symbols=32; syndrome_bits=640; verification_bits=128; success=4/4,522f89e80edee7a1
qldpc_synth_q32_ser0p01_flen128,synthetic,32,,32,128,4,4,qary_hard_syndrome_bf,qary_symmetric,0.33,4,20,qldpc_reference,ok,qary_ldpc_reference_qary_hard_syndrome_bf_internal_gf2m_32,4,4,0,0,1.0,0.009765625,0.0,988.0,0.3859375,2.1600179000524804,qLDPC GF(q) syndrome reference decoder executed; not a full industrial qLDPC implementation; q=32; decoder=qary_hard_syndrome_bf; channel_model=qary_symmetric; check_fraction=0.33; row_weight=4; syndrome_symbols=43; syndrome_bits=860; verification_bits=128; success=4/4,eb5e714c53e22f14
qldpc_synth_q32_ser0p03_flen128,synthetic,32,,32,128,4,4,qary_hard_syndrome_bf,qary_symmetric,0.5,3,20,qldpc_reference,ok,qary_ldpc_reference_qary_hard_syndrome_bf_internal_gf2m_32,4,3,0,1,0.75,0.0234375,0.00390625,1408.0,0.55,0.3851877999259159,qLDPC GF(q) syndrome reference decoder executed; not a full industrial qLDPC implementation; q=32; decoder=qary_hard_syndrome_bf; channel_model=qary_symmetric; check_fraction=0.5; row_weight=3; syndrome_symbols=64; syndrome_bits=1280; verification_bits=128; success=3/4,522f89e80edee7a1
qldpc_synth_q32_ser0p03_flen64,synthetic,32,,32,64,4,4,qary_hard_syndrome_bf,qary_symmetric,0.5,4,20,qldpc_reference,ok,qary_ldpc_reference_qary_hard_syndrome_bf_internal_gf2m_32,4,1,0,3,0.25,0.03515625,0.02734375,768.0,0.6,1.4101484999991953,qLDPC GF(q) syndrome reference decoder executed; not a full industrial qLDPC implementation; q=32; decoder=qary_hard_syndrome_bf; channel_model=qary_symmetric; check_fraction=0.5; row_weight=4; syndrome_symbols=32; syndrome_bits=640; verification_bits=128; success=1/4,70f03ad2a6815ec3
qldpc_synth_q32_ser0p03_flen64,synthetic,32,,32,64,4,4,qary_hard_syndrome_bf,qary_symmetric,0.33,3,20,qldpc_reference,ok,qary_ldpc_reference_qary_hard_syndrome_bf_internal_gf2m_32,4,2,0,2,0.5,0.03515625,0.03125,568.0,0.44375,2.292106300010346,qLDPC GF(q) syndrome reference decoder executed; not a full industrial qLDPC implementation; q=32; decoder=qary_hard_syndrome_bf; channel_model=qary_symmetric; check_fraction=0.33; row_weight=3; syndrome_symbols=22; syndrome_bits=440; verification_bits=128; success=2/4,ec3c47203d968697
qldpc_synth_q32_ser0p03_flen128,synthetic,32,,32,128,4,4,qary_hard_syndrome_bf,qary_symmetric,0.5,4,20,qldpc_reference,ok,qary_ldpc_reference_qary_hard_syndrome_bf_internal_gf2m_32,4,4,0,0,1.0,0.0234375,0.0,1408.0,0.55,0.6112881998997182,qLDPC GF(q) syndrome reference decoder executed; not a full industrial qLDPC implementation; q=32; decoder=qary_hard_syndrome_bf; channel_model=qary_symmetric; check_fraction=0.5; row_weight=4; syndrome_symbols=64; syndrome_bits=1280; verification_bits=128; success=4/4,70f03ad2a6815ec3
qldpc_synth_q32_ser0p03_flen128,synthetic,32,,32,128,4,4,qary_hard_syndrome_bf,qary_symmetric,0.5,4,20,qldpc_reference,ok,qary_ldpc_reference_qary_hard_syndrome_bf_internal_gf2m_32,4,4,0,0,1.0,0.0234375,0.0,1408.0,0.55,1.0257869999622926,qLDPC GF(q) syndrome reference decoder executed; not a full industrial qLDPC implementation; q=32; decoder=qary_hard_syndrome_bf; channel_model=qary_symmetric; check_fraction=0.5; row_weight=4; syndrome_symbols=64; syndrome_bits=1280; verification_bits=128; success=4/4,43d014f94c106833
qldpc_synth_q32_ser0p03_flen128,synthetic,32,,32,128,4,4,qary_hard_syndrome_bf,qary_symmetric,0.33,4,20,qldpc_reference,ok,qary_ldpc_reference_qary_hard_syndrome_bf_internal_gf2m_32,4,2,0,2,0.5,0.0234375,0.013671875,988.0,0.3859375,2.2714536000275984,qLDPC GF(q) syndrome reference decoder executed; not a full industrial qLDPC implementation; q=32; decoder=qary_hard_syndrome_bf; channel_model=qary_symmetric; check_fraction=0.33; row_weight=4; syndrome_symbols=43; syndrome_bits=860; verification_bits=128; success=2/4,b2c6fbab915c06c2
qldpc_synth_q32_ser0p05_flen64,synthetic,32,,32,64,4,4,qary_hard_syndrome_bf,qary_symmetric,0.33,3,20,qldpc_reference,ok,qary_ldpc_reference_qary_hard_syndrome_bf_internal_gf2m_32,4,1,0,3,0.25,0.0625,0.0390625,568.0,0.44375,1.0462049000198022,qLDPC GF(q) syndrome reference decoder executed; not a full industrial qLDPC implementation; q=32; decoder=qary_hard_syndrome_bf; channel_model=qary_symmetric; check_fraction=0.33; row_weight=3; syndrome_symbols=22; syndrome_bits=440; verification_bits=128; success=1/4,0b962a07318c87cc
qldpc_synth_q32_ser0p05_flen64,synthetic,32,,32,64,4,4,qary_hard_syndrome_bf,qary_symmetric,0.33,3,20,qldpc_reference,ok,qary_ldpc_reference_qary_hard_syndrome_bf_internal_gf2m_32,4,1,0,3,0.25,0.0625,0.0625,568.0,0.44375,0.8692798999836668,qLDPC GF(q) syndrome reference decoder executed; not a full industrial qLDPC implementation; q=32; decoder=qary_hard_syndrome_bf; channel_model=qary_symmetric; check_fraction=0.33; row_weight=3; syndrome_symbols=22; syndrome_bits=440; verification_bits=128; success=1/4,ec3c47203d968697
qldpc_synth_q32_ser0p01_flen64,synthetic,32,,32,64,4,4,qary_hard_syndrome_bf,qary_symmetric,0.5,3,20,qldpc_reference,ok,qary_ldpc_reference_qary_hard_syndrome_bf_internal_gf2m_32,4,4,0,0,1.0,0.01171875,0.0,768.0,0.6,6.667172300047241,qLDPC GF(q) syndrome reference decoder executed; not a full industrial qLDPC implementation; q=32; decoder=qary_hard_syndrome_bf; channel_model=qary_symmetric; check_fraction=0.5; row_weight=3; syndrome_symbols=32; syndrome_bits=640; verification_bits=128; success=4/4,522f89e80edee7a1
qldpc_synth_q32_ser0p03_flen128,synthetic,32,,32,128,4,4,qary_hard_syndrome_bf,qary_symmetric,0.33,3,20,qldpc_reference,ok,qary_ldpc_reference_qary_hard_syndrome_bf_internal_gf2m_32,4,2,0,2,0.5,0.0234375,0.01171875,988.0,0.3859375,3.631259800051339,qLDPC GF(q) syndrome reference decoder executed; not a full industrial qLDPC implementation; q=32; decoder=qary_hard_syndrome_bf; channel_model=qary_symmetric; check_fraction=0.33; row_weight=3; syndrome_symbols=43; syndrome_bits=860; verification_bits=128; success=2/4,0b962a07318c87cc
qldpc_synth_q32_ser0p05_flen64,synthetic,32,,32,64,4,4,qary_hard_syndrome_bf,qary_symmetric,0.33,4,20,qldpc_reference,reference,qary_ldpc_reference_qary_hard_syndrome_bf_internal_gf2m_32,4,0,0,4,0.0,0.0625,0.046875,568.0,0.44375,1.5780285999644548,qLDPC GF(q) syndrome reference decoder executed; not a full industrial qLDPC implementation; q=32; decoder=qary_hard_syndrome_bf; channel_model=qary_symmetric; check_fraction=0.33; row_weight=4; syndrome_symbols=22; syndrome_bits=440; verification_bits=128; success=0/4,b2c6fbab915c06c2
qldpc_synth_q32_ser0p03_flen128,synthetic,32,,32,128,4,4,qary_hard_syndrome_bf,qary_symmetric,0.5,3,20,qldpc_reference,ok,qary_ldpc_reference_qary_hard_syndrome_bf_internal_gf2m_32,4,3,0,1,0.75,0.0234375,0.0078125,1408.0,0.55,3.2108379000565037,qLDPC GF(q) syndrome reference decoder executed; not a full industrial qLDPC implementation; q=32; decoder=qary_hard_syndrome_bf; channel_model=qary_symmetric; check_fraction=0.5; row_weight=3; syndrome_symbols=64; syndrome_bits=1280; verification_bits=128; success=3/4,d3ef20759633ed3a
qldpc_synth_q32_ser0p05_flen64,synthetic,32,,32,64,4,4,qary_hard_syndrome_bf,qary_symmetric,0.5,3,20,qldpc_reference,ok,qary_ldpc_reference_qary_hard_syndrome_bf_internal_gf2m_32,4,1,0,3,0.25,0.0625,0.03125,768.0,0.6,1.1490582000697032,qLDPC GF(q) syndrome reference decoder executed; not a full industrial qLDPC implementation; q=32; decoder=qary_hard_syndrome_bf; channel_model=qary_symmetric; check_fraction=0.5; row_weight=3; syndrome_symbols=32; syndrome_bits=640; verification_bits=128; success=1/4,d3ef20759633ed3a
qldpc_synth_q32_ser0p05_flen64,synthetic,32,,32,64,4,4,qary_hard_syndrome_bf,qary_symmetric,0.5,3,20,qldpc_reference,ok,qary_ldpc_reference_qary_hard_syndrome_bf_internal_gf2m_32,4,4,0,0,1.0,0.0625,0.0,768.0,0.6,1.6999256999697536,qLDPC GF(q) syndrome reference decoder executed; not a full industrial qLDPC implementation; q=32; decoder=qary_hard_syndrome_bf; channel_model=qary_symmetric; check_fraction=0.5; row_weight=3; syndrome_symbols=32; syndrome_bits=640; verification_bits=128; success=4/4,522f89e80edee7a1
qldpc_synth_q32_ser0p01_flen128,synthetic,32,,32,128,4,4,qary_hard_syndrome_bf,qary_symmetric,0.5,3,20,qldpc_reference,ok,qary_ldpc_reference_qary_hard_syndrome_bf_internal_gf2m_32,4,3,0,1,0.75,0.009765625,0.00390625,1408.0,0.55,6.198370700003579,qLDPC GF(q) syndrome reference decoder executed; not a full industrial qLDPC implementation; q=32; decoder=qary_hard_syndrome_bf; channel_model=qary_symmetric; check_fraction=0.5; row_weight=3; syndrome_symbols=64; syndrome_bits=1280; verification_bits=128; success=3/4,d3ef20759633ed3a
qldpc_synth_q32_ser0p05_flen64,synthetic,32,,32,64,4,4,qary_hard_syndrome_bf,qary_symmetric,0.5,4,20,qldpc_reference,ok,qary_ldpc_reference_qary_hard_syndrome_bf_internal_gf2m_32,4,2,0,2,0.5,0.0625,0.015625,768.0,0.6,0.954013800015673,qLDPC GF(q) syndrome reference decoder executed; not a full industrial qLDPC implementation; q=32; decoder=qary_hard_syndrome_bf; channel_model=qary_symmetric; check_fraction=0.5; row_weight=4; syndrome_symbols=32; syndrome_bits=640; verification_bits=128; success=2/4,70f03ad2a6815ec3
qldpc_synth_q32_ser0p05_flen64,synthetic,32,,32,64,4,4,qary_hard_syndrome_bf,qary_symmetric,0.5,4,20,qldpc_reference,ok,qary_ldpc_reference_qary_hard_syndrome_bf_internal_gf2m_32,4,2,0,2,0.5,0.0625,0.015625,768.0,0.6,2.501796300057322,qLDPC GF(q) syndrome reference decoder executed; not a full industrial qLDPC implementation; q=32; decoder=qary_hard_syndrome_bf; channel_model=qary_symmetric; check_fraction=0.5; row_weight=4; syndrome_symbols=32; syndrome_bits=640; verification_bits=128; success=2/4,43d014f94c106833
qldpc_synth_q32_ser0p05_flen128,synthetic,32,,32,128,4,4,qary_hard_syndrome_bf,qary_symmetric,0.33,3,20,qldpc_reference,reference,qary_ldpc_reference_qary_hard_syndrome_bf_internal_gf2m_32,4,0,0,4,0.0,0.046875,0.041015625,988.0,0.3859375,2.2060381000628695,qLDPC GF(q) syndrome reference decoder executed; not a full industrial qLDPC implementation; q=32; decoder=qary_hard_syndrome_bf; channel_model=qary_symmetric; check_fraction=0.33; row_weight=3; syndrome_symbols=43; syndrome_bits=860; verification_bits=128; success=0/4,0b962a07318c87cc
qldpc_synth_q32_ser0p03_flen128,synthetic,32,,32,128,4,4,qary_hard_syndrome_bf,qary_symmetric,0.33,4,20,qldpc_reference,ok,qary_ldpc_reference_qary_hard_syndrome_bf_internal_gf2m_32,4,1,0,3,0.25,0.0234375,0.01171875,988.0,0.3859375,6.002494000014849,qLDPC GF(q) syndrome reference decoder executed; not a full industrial qLDPC implementation; q=32; decoder=qary_hard_syndrome_bf; channel_model=qary_symmetric; check_fraction=0.33; row_weight=4; syndrome_symbols=43; syndrome_bits=860; verification_bits=128; success=1/4,eb5e714c53e22f14
qldpc_synth_q32_ser0p05_flen64,synthetic,32,,32,64,4,4,qary_hard_syndrome_bf,qary_symmetric,0.33,4,20,qldpc_reference,ok,qary_ldpc_reference_qary_hard_syndrome_bf_internal_gf2m_32,4,2,0,2,0.5,0.0625,0.02734375,568.0,0.44375,4.581730299978517,qLDPC GF(q) syndrome reference decoder executed; not a full industrial qLDPC implementation; q=32; decoder=qary_hard_syndrome_bf; channel_model=qary_symmetric; check_fraction=0.33; row_weight=4; syndrome_symbols=22; syndrome_bits=440; verification_bits=128; success=2/4,eb5e714c53e22f14
qldpc_synth_q32_ser0p05_flen128,synthetic,32,,32,128,4,4,qary_hard_syndrome_bf,qary_symmetric,0.5,3,20,qldpc_reference,reference,qary_ldpc_reference_qary_hard_syndrome_bf_internal_gf2m_32,4,0,0,4,0.0,0.046875,0.029296875,1408.0,0.55,1.783264800091274,qLDPC GF(q) syndrome reference decoder executed; not a full industrial qLDPC implementation; q=32; decoder=qary_hard_syndrome_bf; channel_model=qary_symmetric; check_fraction=0.5; row_weight=3; syndrome_symbols=64; syndrome_bits=1280; verification_bits=128; success=0/4,d3ef20759633ed3a
qldpc_synth_q32_ser0p08_flen64,synthetic,32,,32,64,4,4,qary_hard_syndrome_bf,qary_symmetric,0.33,3,20,qldpc_reference,reference,qary_ldpc_reference_qary_hard_syndrome_bf_internal_gf2m_32,4,1,0,3,0.25,0.09375,0.1015625,568.0,0.44375,0.41412620001938194,qLDPC GF(q) syndrome reference decoder executed; not a full industrial qLDPC implementation; q=32; decoder=qary_hard_syndrome_bf; channel_model=qary_symmetric; check_fraction=0.33; row_weight=3; syndrome_symbols=22; syndrome_bits=440; verification_bits=128; success=1/4,ec3c47203d968697
qldpc_synth_q32_ser0p08_flen64,synthetic,32,,32,64,4,4,qary_hard_syndrome_bf,qary_symmetric,0.33,3,20,qldpc_reference,reference,qary_ldpc_reference_qary_hard_syndrome_bf_internal_gf2m_32,4,0,0,4,0.0,0.09375,0.0859375,568.0,0.44375,2.208443899988197,qLDPC GF(q) syndrome reference decoder executed; not a full industrial qLDPC implementation; q=32; decoder=qary_hard_syndrome_bf; channel_model=qary_symmetric; check_fraction=0.33; row_weight=3; syndrome_symbols=22; syndrome_bits=440; verification_bits=128; success=0/4,0b962a07318c87cc
qldpc_synth_q32_ser0p05_flen128,synthetic,32,,32,128,4,4,qary_hard_syndrome_bf,qary_symmetric,0.5,4,20,qldpc_reference,ok,qary_ldpc_reference_qary_hard_syndrome_bf_internal_gf2m_32,4,2,1,1,0.5,0.046875,0.017578125,1408.0,0.55,3.43669260002207,qLDPC GF(q) syndrome reference decoder executed; not a full industrial qLDPC implementation; q=32; decoder=qary_hard_syndrome_bf; channel_model=qary_symmetric; check_fraction=0.5; row_weight=4; syndrome_symbols=64; syndrome_bits=1280; verification_bits=128; success=2/4,70f03ad2a6815ec3
qldpc_synth_q32_ser0p05_flen128,synthetic,32,,32,128,4,4,qary_hard_syndrome_bf,qary_symmetric,0.33,3,20,qldpc_reference,reference,qary_ldpc_reference_qary_hard_syndrome_bf_internal_gf2m_32,4,0,0,4,0.0,0.046875,0.052734375,988.0,0.3859375,6.418571499991231,qLDPC GF(q) syndrome reference decoder executed; not a full industrial qLDPC implementation; q=32; decoder=qary_hard_syndrome_bf; channel_model=qary_symmetric; check_fraction=0.33; row_weight=3; syndrome_symbols=43; syndrome_bits=860; verification_bits=128; success=0/4,ec3c47203d968697
qldpc_synth_q32_ser0p05_flen128,synthetic,32,,32,128,4,4,qary_hard_syndrome_bf,qary_symmetric,0.33,4,20,qldpc_reference,ok,qary_ldpc_reference_qary_hard_syndrome_bf_internal_gf2m_32,4,1,0,3,0.25,0.046875,0.033203125,988.0,0.3859375,7.4363103999057785,qLDPC GF(q) syndrome reference decoder executed; not a full industrial qLDPC implementation; q=32; decoder=qary_hard_syndrome_bf; channel_model=qary_symmetric; check_fraction=0.33; row_weight=4; syndrome_symbols=43; syndrome_bits=860; verification_bits=128; success=1/4,b2c6fbab915c06c2
qldpc_synth_q32_ser0p05_flen128,synthetic,32,,32,128,4,4,qary_hard_syndrome_bf,qary_symmetric,0.33,4,20,qldpc_reference,ok,qary_ldpc_reference_qary_hard_syndrome_bf_internal_gf2m_32,4,1,0,3,0.25,0.046875,0.02734375,988.0,0.3859375,7.677241199999116,qLDPC GF(q) syndrome reference decoder executed; not a full industrial qLDPC implementation; q=32; decoder=qary_hard_syndrome_bf; channel_model=qary_symmetric; check_fraction=0.33; row_weight=4; syndrome_symbols=43; syndrome_bits=860; verification_bits=128; success=1/4,eb5e714c53e22f14
qldpc_synth_q32_ser0p08_flen64,synthetic,32,,32,64,4,4,qary_hard_syndrome_bf,qary_symmetric,0.33,4,20,qldpc_reference,reference,qary_ldpc_reference_qary_hard_syndrome_bf_internal_gf2m_32,4,0,0,4,0.0,0.09375,0.05078125,568.0,0.44375,4.706030300003476,qLDPC GF(q) syndrome reference decoder executed; not a full industrial qLDPC implementation; q=32; decoder=qary_hard_syndrome_bf; channel_model=qary_symmetric; check_fraction=0.33; row_weight=4; syndrome_symbols=22; syndrome_bits=440; verification_bits=128; success=0/4,b2c6fbab915c06c2
qldpc_synth_q32_ser0p05_flen128,synthetic,32,,32,128,4,4,qary_hard_syndrome_bf,qary_symmetric,0.5,3,20,qldpc_reference,ok,qary_ldpc_reference_qary_hard_syndrome_bf_internal_gf2m_32,4,2,0,2,0.5,0.046875,0.013671875,1408.0,0.55,8.2154902999755,qLDPC GF(q) syndrome reference decoder executed; not a full industrial qLDPC implementation; q=32; decoder=qary_hard_syndrome_bf; channel_model=qary_symmetric; check_fraction=0.5; row_weight=3; syndrome_symbols=64; syndrome_bits=1280; verification_bits=128; success=2/4,522f89e80edee7a1
qldpc_synth_q32_ser0p08_flen64,synthetic,32,,32,64,4,4,qary_hard_syndrome_bf,qary_symmetric,0.5,4,20,qldpc_reference,ok,qary_ldpc_reference_qary_hard_syndrome_bf_internal_gf2m_32,4,2,2,0,0.5,0.09375,0.02734375,768.0,0.6,1.5943167000077665,qLDPC GF(q) syndrome reference decoder executed; not a full industrial qLDPC implementation; q=32; decoder=qary_hard_syndrome_bf; channel_model=qary_symmetric; check_fraction=0.5; row_weight=4; syndrome_symbols=32; syndrome_bits=640; verification_bits=128; success=2/4,43d014f94c106833
qldpc_synth_q32_ser0p08_flen64,synthetic,32,,32,64,4,4,qary_hard_syndrome_bf,qary_symmetric,0.5,3,20,qldpc_reference,ok,qary_ldpc_reference_qary_hard_syndrome_bf_internal_gf2m_32,4,2,0,2,0.5,0.09375,0.03125,768.0,0.6,4.835496799903922,qLDPC GF(q) syndrome reference decoder executed; not a full industrial qLDPC implementation; q=32; decoder=qary_hard_syndrome_bf; channel_model=qary_symmetric; check_fraction=0.5; row_weight=3; syndrome_symbols=32; syndrome_bits=640; verification_bits=128; success=2/4,522f89e80edee7a1
qldpc_synth_q32_ser0p08_flen64,synthetic,32,,32,64,4,4,qary_hard_syndrome_bf,qary_symmetric,0.5,3,20,qldpc_reference,ok,qary_ldpc_reference_qary_hard_syndrome_bf_internal_gf2m_32,4,1,0,3,0.25,0.09375,0.0546875,768.0,0.6,5.638933599926531,qLDPC GF(q) syndrome reference decoder executed; not a full industrial qLDPC implementation; q=32; decoder=qary_hard_syndrome_bf; channel_model=qary_symmetric; check_fraction=0.5; row_weight=3; syndrome_symbols=32; syndrome_bits=640; verification_bits=128; success=1/4,d3ef20759633ed3a
qldpc_synth_q32_ser0p08_flen128,synthetic,32,,32,128,4,4,qary_hard_syndrome_bf,qary_symmetric,0.33,3,20,qldpc_reference,reference,qary_ldpc_reference_qary_hard_syndrome_bf_internal_gf2m_32,4,0,1,3,0.0,0.078125,0.080078125,988.0,0.3859375,3.314695999957621,qLDPC GF(q) syndrome reference decoder executed; not a full industrial qLDPC implementation; q=32; decoder=qary_hard_syndrome_bf; channel_model=qary_symmetric; check_fraction=0.33; row_weight=3; syndrome_symbols=43; syndrome_bits=860; verification_bits=128; success=0/4,ec3c47203d968697
qldpc_synth_q32_ser0p08_flen64,synthetic,32,,32,64,4,4,qary_hard_syndrome_bf,qary_symmetric,0.33,4,20,qldpc_reference,ok,qary_ldpc_reference_qary_hard_syndrome_bf_internal_gf2m_32,4,1,1,2,0.25,0.09375,0.05859375,568.0,0.44375,7.8537818000186235,qLDPC GF(q) syndrome reference decoder executed; not a full industrial qLDPC implementation; q=32; decoder=qary_hard_syndrome_bf; channel_model=qary_symmetric; check_fraction=0.33; row_weight=4; syndrome_symbols=22; syndrome_bits=440; verification_bits=128; success=1/4,eb5e714c53e22f14
qldpc_synth_q32_ser0p08_flen128,synthetic,32,,32,128,4,4,qary_hard_syndrome_bf,qary_symmetric,0.33,3,20,qldpc_reference,reference,qary_ldpc_reference_qary_hard_syndrome_bf_internal_gf2m_32,4,0,0,4,0.0,0.078125,0.052734375,988.0,0.3859375,4.890168100013398,qLDPC GF(q) syndrome reference decoder executed; not a full industrial qLDPC implementation; q=32; decoder=qary_hard_syndrome_bf; channel_model=qary_symmetric; check_fraction=0.33; row_weight=3; syndrome_symbols=43; syndrome_bits=860; verification_bits=128; success=0/4,0b962a07318c87cc
qldpc_synth_q32_ser0p08_flen128,synthetic,32,,32,128,4,4,qary_hard_syndrome_bf,qary_symmetric,0.5,3,20,qldpc_reference,reference,qary_ldpc_reference_qary_hard_syndrome_bf_internal_gf2m_32,4,0,1,3,0.0,0.078125,0.044921875,1408.0,0.55,4.218431300017983,qLDPC GF(q) syndrome reference decoder executed; not a full industrial qLDPC implementation; q=32; decoder=qary_hard_syndrome_bf; channel_model=qary_symmetric; check_fraction=0.5; row_weight=3; syndrome_symbols=64; syndrome_bits=1280; verification_bits=128; success=0/4,d3ef20759633ed3a
qldpc_synth_q32_ser0p08_flen128,synthetic,32,,32,128,4,4,qary_hard_syndrome_bf,qary_symmetric,0.5,4,20,qldpc_reference,ok,qary_ldpc_reference_qary_hard_syndrome_bf_internal_gf2m_32,4,2,1,1,0.5,0.078125,0.013671875,1408.0,0.55,4.604512799996883,qLDPC GF(q) syndrome reference decoder executed; not a full industrial qLDPC implementation; q=32; decoder=qary_hard_syndrome_bf; channel_model=qary_symmetric; check_fraction=0.5; row_weight=4; syndrome_symbols=64; syndrome_bits=1280; verification_bits=128; success=2/4,43d014f94c106833
qldpc_synth_q32_ser0p08_flen128,synthetic,32,,32,128,4,4,qary_hard_syndrome_bf,qary_symmetric,0.33,4,20,qldpc_reference,reference,qary_ldpc_reference_qary_hard_syndrome_bf_internal_gf2m_32,4,0,1,3,0.0,0.078125,0.078125,988.0,0.3859375,8.353493300033733,qLDPC GF(q) syndrome reference decoder executed; not a full industrial qLDPC implementation; q=32; decoder=qary_hard_syndrome_bf; channel_model=qary_symmetric; check_fraction=0.33; row_weight=4; syndrome_symbols=43; syndrome_bits=860; verification_bits=128; success=0/4,eb5e714c53e22f14
qldpc_synth_q32_ser0p08_flen128,synthetic,32,,32,128,4,4,qary_hard_syndrome_bf,qary_symmetric,0.33,4,20,qldpc_reference,reference,qary_ldpc_reference_qary_hard_syndrome_bf_internal_gf2m_32,4,0,0,4,0.0,0.078125,0.064453125,988.0,0.3859375,11.856142799952067,qLDPC GF(q) syndrome reference decoder executed; not a full industrial qLDPC implementation; q=32; decoder=qary_hard_syndrome_bf; channel_model=qary_symmetric; check_fraction=0.33; row_weight=4; syndrome_symbols=43; syndrome_bits=860; verification_bits=128; success=0/4,b2c6fbab915c06c2
qldpc_synth_q32_ser0p08_flen128,synthetic,32,,32,128,4,4,qary_hard_syndrome_bf,qary_symmetric,0.5,4,20,qldpc_reference,reference,qary_ldpc_reference_qary_hard_syndrome_bf_internal_gf2m_32,4,0,2,2,0.0,0.078125,0.037109375,1408.0,0.55,9.071410599979572,qLDPC GF(q) syndrome reference decoder executed; not a full industrial qLDPC implementation; q=32; decoder=qary_hard_syndrome_bf; channel_model=qary_symmetric; check_fraction=0.5; row_weight=4; syndrome_symbols=64; syndrome_bits=1280; verification_bits=128; success=0/4,70f03ad2a6815ec3
real_typeii_20db_d16_bw100_blk0,real_data,16,100,16,64,4,4,qary_hard_syndrome_bf,qary_symmetric,0.33,3,20,qldpc_reference,reference,qary_ldpc_reference_qary_hard_syndrome_bf_internal_gf2m_16,4,0,2,2,0.0,0.19921875,0.234375,480.0,0.46875,4.695333900046535,qLDPC GF(q) syndrome reference decoder executed; not a full industrial qLDPC implementation; q=16; decoder=qary_hard_syndrome_bf; channel_model=qary_symmetric; check_fraction=0.33; row_weight=4; syndrome_symbols=22; syndrome_bits=352; verification_bits=128; success=0/4,ec3c47203d968697
qldpc_synth_q32_ser0p08_flen128,synthetic,32,,32,128,4,4,qary_hard_syndrome_bf,qary_symmetric,0.5,3,20,qldpc_reference,ok,qary_ldpc_reference_qary_hard_syndrome_bf_internal_gf2m_32,4,1,0,3,0.25,0.078125,0.021484375,1408.0,0.55,11.405354799935594,qLDPC GF(q) syndrome reference decoder executed; not a full industrial qLDPC implementation; q=32; decoder=qary_hard_syndrome_bf; channel_model=qary_symmetric; check_fraction=0.5; row_weight=3; syndrome_symbols=64; syndrome_bits=1280; verification_bits=128; success=1/4,522f89e80edee7a1
qldpc_synth_q32_ser0p05_flen128,synthetic,32,,32,128,4,4,qary_hard_syndrome_bf,qary_symmetric,0.5,4,20,qldpc_reference,ok,qary_ldpc_reference_qary_hard_syndrome_bf_internal_gf2m_32,4,3,0,1,0.75,0.046875,0.00390625,1408.0,0.55,21.73700040008407,qLDPC GF(q) syndrome reference decoder executed; not a full industrial qLDPC implementation; q=32; decoder=qary_hard_syndrome_bf; channel_model=qary_symmetric; check_fraction=0.5; row_weight=4; syndrome_symbols=64; syndrome_bits=1280; verification_bits=128; success=3/4,43d014f94c106833
real_typeii_20db_d16_bw100_blk0,real_data,16,100,16,64,4,4,qary_hard_syndrome_bf,qary_symmetric,0.5,3,20,qldpc_reference,reference,qary_ldpc_reference_qary_hard_syndrome_bf_internal_gf2m_16,4,0,2,2,0.0,0.19921875,0.1953125,640.0,0.625,1.6359425000846386,qLDPC GF(q) syndrome reference decoder executed; not a full industrial qLDPC implementation; q=16; decoder=qary_hard_syndrome_bf; channel_model=qary_symmetric; check_fraction=0.5; row_weight=3; syndrome_symbols=32; syndrome_bits=512; verification_bits=128; success=0/4,d3ef20759633ed3a
real_typeii_20db_d16_bw100_blk0,real_data,16,100,16,64,4,4,qary_hard_syndrome_bf,qary_symmetric,0.5,4,20,qldpc_reference,reference,qary_ldpc_reference_qary_hard_syndrome_bf_internal_gf2m_16,4,0,4,0,0.0,0.19921875,0.18359375,640.0,0.625,0.851000800030306,qLDPC GF(q) syndrome reference decoder executed; not a full industrial qLDPC implementation; q=16; decoder=qary_hard_syndrome_bf; channel_model=qary_symmetric; check_fraction=0.5; row_weight=4; syndrome_symbols=32; syndrome_bits=512; verification_bits=128; success=0/4,70f03ad2a6815ec3
real_typeii_20db_d16_bw100_blk0,real_data,16,100,16,64,4,4,qary_hard_syndrome_bf,qary_symmetric,0.33,4,20,qldpc_reference,reference,qary_ldpc_reference_qary_hard_syndrome_bf_internal_gf2m_16,4,0,4,0,0.0,0.19921875,0.18359375,640.0,0.625,6.276315699913539,qLDPC GF(q) syndrome reference decoder executed; not a full industrial qLDPC implementation; q=16; decoder=qary_hard_syndrome_bf; channel_model=qary_symmetric; check_fraction=0.5; row_weight=4; syndrome_symbols=32; syndrome_bits=512; verification_bits=128; success=0/4,b2c6fbab915c06c2
qldpc_synth_q32_ser0p08_flen64,synthetic,32,,32,64,4,4,qary_hard_syndrome_bf,qary_symmetric,0.5,4,20,qldpc_reference,reference,qary_ldpc_reference_qary_hard_syndrome_bf_internal_gf2m_32,4,0,0,4,0.0,0.09375,0.046875,768.0,0.6,17.48982379992958,qLDPC GF(q) syndrome reference decoder executed; not a full industrial qLDPC implementation; q=32; decoder=qary_hard_syndrome_bf; channel_model=qary_symmetric; check_fraction=0.5; row_weight=4; syndrome_symbols=32; syndrome_bits=640; verification_bits=128; success=0/4,70f03ad2a6815ec3
real_typeii_20db_d16_bw120_blk0,real_data,16,120,16,64,4,4,qary_hard_syndrome_bf,qary_symmetric,0.33,3,20,qldpc_reference,reference,qary_ldpc_reference_qary_hard_syndrome_bf_internal_gf2m_16,4,0,1,3,0.0,0.15625,0.17578125,480.0,0.46875,1.2887205999577418,qLDPC GF(q) syndrome reference decoder executed; not a full industrial qLDPC implementation; q=16; decoder=qary_hard_syndrome_bf; channel_model=qary_symmetric; check_fraction=0.33; row_weight=3; syndrome_symbols=22; syndrome_bits=352; verification_bits=128; success=0/4,ec3c47203d968697
real_typeii_20db_d16_bw100_blk0,real_data,16,100,16,64,4,4,qary_hard_syndrome_bf,qary_symmetric,0.5,3,20,qldpc_reference,reference,qary_ldpc_reference_qary_hard_syndrome_bf_internal_gf2m_16,4,0,4,0,0.0,0.19921875,0.18359375,640.0,0.625,3.8009691000916064,qLDPC GF(q) syndrome reference decoder executed; not a full industrial qLDPC implementation; q=16; decoder=qary_hard_syndrome_bf; channel_model=qary_symmetric; check_fraction=0.5; row_weight=4; syndrome_symbols=32; syndrome_bits=512; verification_bits=128; success=0/4,522f89e80edee7a1
real_typeii_20db_d16_bw100_blk0,real_data,16,100,16,64,4,4,qary_hard_syndrome_bf,qary_symmetric,0.33,3,20,qldpc_reference,reference,qary_ldpc_reference_qary_hard_syndrome_bf_internal_gf2m_16,4,0,2,2,0.0,0.19921875,0.1953125,640.0,0.625,10.098131300066598,qLDPC GF(q) syndrome reference decoder executed; not a full industrial qLDPC implementation; q=16; decoder=qary_hard_syndrome_bf; channel_model=qary_symmetric; check_fraction=0.5; row_weight=3; syndrome_symbols=32; syndrome_bits=512; verification_bits=128; success=0/4,0b962a07318c87cc
real_typeii_20db_d16_bw120_blk0,real_data,16,120,16,64,4,4,qary_hard_syndrome_bf,qary_symmetric,0.33,3,20,qldpc_reference,reference,qary_ldpc_reference_qary_hard_syndrome_bf_internal_gf2m_16,4,0,2,2,0.0,0.15625,0.11328125,640.0,0.625,2.776085600024089,qLDPC GF(q) syndrome reference decoder executed; not a full industrial qLDPC implementation; q=16; decoder=qary_hard_syndrome_bf; channel_model=qary_symmetric; check_fraction=0.5; row_weight=3; syndrome_symbols=32; syndrome_bits=512; verification_bits=128; success=0/4,0b962a07318c87cc
real_typeii_20db_d16_bw100_blk0,real_data,16,100,16,64,4,4,qary_hard_syndrome_bf,qary_symmetric,0.33,4,20,qldpc_reference,reference,qary_ldpc_reference_qary_hard_syndrome_bf_internal_gf2m_16,4,0,4,0,0.0,0.19921875,0.18359375,640.0,0.625,6.221902000019327,qLDPC GF(q) syndrome reference decoder executed; not a full industrial qLDPC implementation; q=16; decoder=qary_hard_syndrome_bf; channel_model=qary_symmetric; check_fraction=0.5; row_weight=4; syndrome_symbols=32; syndrome_bits=512; verification_bits=128; success=0/4,eb5e714c53e22f14
real_typeii_20db_d16_bw100_blk0,real_data,16,100,16,64,4,4,qary_hard_syndrome_bf,qary_symmetric,0.5,4,20,qldpc_reference,reference,qary_ldpc_reference_qary_hard_syndrome_bf_internal_gf2m_16,4,0,4,0,0.0,0.19921875,0.18359375,640.0,0.625,4.337732600048184,qLDPC GF(q) syndrome reference decoder executed; not a full industrial qLDPC implementation; q=16; decoder=qary_hard_syndrome_bf; channel_model=qary_symmetric; check_fraction=0.5; row_weight=4; syndrome_symbols=32; syndrome_bits=512; verification_bits=128; success=0/4,43d014f94c106833
real_typeii_20db_d16_bw120_blk0,real_data,16,120,16,64,4,4,qary_hard_syndrome_bf,qary_symmetric,0.33,4,20,qldpc_reference,reference,qary_ldpc_reference_qary_hard_syndrome_bf_internal_gf2m_16,4,0,2,2,0.0,0.15625,0.1015625,640.0,0.625,3.079677600064315,qLDPC GF(q) syndrome reference decoder executed; not a full industrial qLDPC implementation; q=16; decoder=qary_hard_syndrome_bf; channel_model=qary_symmetric; check_fraction=0.5; row_weight=4; syndrome_symbols=32; syndrome_bits=512; verification_bits=128; success=0/4,b2c6fbab915c06c2
real_typeii_20db_d16_bw150_blk0,real_data,16,150,16,64,4,4,qary_hard_syndrome_bf,qary_symmetric,0.33,3,20,qldpc_reference,reference,qary_ldpc_reference_qary_hard_syndrome_bf_internal_gf2m_16,4,0,0,4,0.0,0.125,0.12109375,480.0,0.46875,0.9225375999230891,qLDPC GF(q) syndrome reference decoder executed; not a full industrial qLDPC implementation; q=16; decoder=qary_hard_syndrome_bf; channel_model=qary_symmetric; check_fraction=0.33; row_weight=3; syndrome_symbols=22; syndrome_bits=352; verification_bits=128; success=0/4,0b962a07318c87cc
real_typeii_20db_d16_bw150_blk0,real_data,16,150,16,64,4,4,qary_hard_syndrome_bf,qary_symmetric,0.33,4,20,qldpc_reference,reference,qary_ldpc_reference_qary_hard_syndrome_bf_internal_gf2m_16,4,0,0,4,0.0,0.125,0.09765625,480.0,0.46875,0.5476747999200597,qLDPC GF(q) syndrome reference decoder executed; not a full industrial qLDPC implementation; q=16; decoder=qary_hard_syndrome_bf; channel_model=qary_symmetric; check_fraction=0.33; row_weight=4; syndrome_symbols=22; syndrome_bits=352; verification_bits=128; success=0/4,b2c6fbab915c06c2
real_typeii_20db_d16_bw150_blk0,real_data,16,150,16,64,4,4,qary_hard_syndrome_bf,qary_symmetric,0.33,4,20,qldpc_reference,reference,qary_ldpc_reference_qary_hard_syndrome_bf_internal_gf2m_16,4,0,0,4,0.0,0.125,0.16796875,480.0,0.46875,0.5519172000931576,qLDPC GF(q) syndrome reference decoder executed; not a full industrial qLDPC implementation; q=16; decoder=qary_hard_syndrome_bf; channel_model=qary_symmetric; check_fraction=0.33; row_weight=4; syndrome_symbols=22; syndrome_bits=352; verification_bits=128; success=0/4,eb5e714c53e22f14
real_typeii_20db_d16_bw150_blk0,real_data,16,150,16,64,4,4,qary_hard_syndrome_bf,qary_symmetric,0.5,3,20,qldpc_reference,ok,qary_ldpc_reference_qary_hard_syndrome_bf_internal_gf2m_16,4,2,1,1,0.5,0.125,0.0703125,640.0,0.625,0.5867867999477312,qLDPC GF(q) syndrome reference decoder executed; not a full industrial qLDPC implementation; q=16; decoder=qary_hard_syndrome_bf; channel_model=qary_symmetric; check_fraction=0.5; row_weight=3; syndrome_symbols=32; syndrome_bits=512; verification_bits=128; success=2/4,522f89e80edee7a1
real_typeii_20db_d16_bw120_blk0,real_data,16,120,16,64,4,4,qary_hard_syndrome_bf,qary_symmetric,0.5,4,20,qldpc_reference,reference,qary_ldpc_reference_qary_hard_syndrome_bf_internal_gf2m_16,4,0,2,2,0.0,0.15625,0.1015625,640.0,0.625,2.7103173000505194,qLDPC GF(q) syndrome reference decoder executed; not a full industrial qLDPC implementation; q=16; decoder=qary_hard_syndrome_bf; channel_model=qary_symmetric; check_fraction=0.5; row_weight=4; syndrome_symbols=32; syndrome_bits=512; verification_bits=128; success=0/4,70f03ad2a6815ec3
real_typeii_20db_d16_bw150_blk0,real_data,16,150,16,64,4,4,qary_hard_syndrome_bf,qary_symmetric,0.5,4,20,qldpc_reference,ok,qary_ldpc_reference_qary_hard_syndrome_bf_internal_gf2m_16,4,1,1,2,0.25,0.125,0.0703125,640.0,0.625,0.6627110000699759,qLDPC GF(q) syndrome reference decoder executed; not a full industrial qLDPC implementation; q=16; decoder=qary_hard_syndrome_bf; channel_model=qary_symmetric; check_fraction=0.5; row_weight=4; syndrome_symbols=32; syndrome_bits=512; verification_bits=128; success=1/4,43d014f94c106833
real_typeii_20db_d16_bw180_blk0,real_data,16,180,16,64,4,4,qary_hard_syndrome_bf,qary_symmetric,0.33,3,20,qldpc_reference,reference,qary_ldpc_reference_qary_hard_syndrome_bf_internal_gf2m_16,4,0,0,4,0.0,0.1171875,0.12890625,480.0,0.46875,0.2471089999889955,qLDPC GF(q) syndrome reference decoder executed; not a full industrial qLDPC implementation; q=16; decoder=qary_hard_syndrome_bf; channel_model=qary_symmetric; check_fraction=0.33; row_weight=3; syndrome_symbols=22; syndrome_bits=352; verification_bits=128; success=0/4,0b962a07318c87cc
real_typeii_20db_d16_bw150_blk0,real_data,16,150,16,64,4,4,qary_hard_syndrome_bf,qary_symmetric,0.5,4,20,qldpc_reference,reference,qary_ldpc_reference_qary_hard_syndrome_bf_internal_gf2m_16,4,0,2,2,0.0,0.125,0.1171875,640.0,0.625,0.8784276000224054,qLDPC GF(q) syndrome reference decoder executed; not a full industrial qLDPC implementation; q=16; decoder=qary_hard_syndrome_bf; channel_model=qary_symmetric; check_fraction=0.5; row_weight=4; syndrome_symbols=32; syndrome_bits=512; verification_bits=128; success=0/4,70f03ad2a6815ec3
real_typeii_20db_d16_bw150_blk0,real_data,16,150,16,64,4,4,qary_hard_syndrome_bf,qary_symmetric,0.5,3,20,qldpc_reference,reference,qary_ldpc_reference_qary_hard_syndrome_bf_internal_gf2m_16,4,0,2,2,0.0,0.125,0.1171875,640.0,0.625,1.8288028000388294,qLDPC GF(q) syndrome reference decoder executed; not a full industrial qLDPC implementation; q=16; decoder=qary_hard_syndrome_bf; channel_model=qary_symmetric; check_fraction=0.5; row_weight=4; syndrome_symbols=32; syndrome_bits=512; verification_bits=128; success=0/4,d3ef20759633ed3a
real_typeii_20db_d16_bw180_blk0,real_data,16,180,16,64,4,4,qary_hard_syndrome_bf,qary_symmetric,0.33,4,20,qldpc_reference,ok,qary_ldpc_reference_qary_hard_syndrome_bf_internal_gf2m_16,4,1,2,1,0.25,0.1171875,0.109375,480.0,0.46875,0.6024010999826714,qLDPC GF(q) syndrome reference decoder executed; not a full industrial qLDPC implementation; q=16; decoder=qary_hard_syndrome_bf; channel_model=qary_symmetric; check_fraction=0.33; row_weight=4; syndrome_symbols=22; syndrome_bits=352; verification_bits=128; success=1/4,b2c6fbab915c06c2
real_typeii_20db_d16_bw180_blk0,real_data,16,180,16,64,4,4,qary_hard_syndrome_bf,qary_symmetric,0.33,4,20,qldpc_reference,reference,qary_ldpc_reference_qary_hard_syndrome_bf_internal_gf2m_16,4,1,2,1,0.25,0.1171875,0.12109375,480.0,0.46875,0.5568405999802053,qLDPC GF(q) syndrome reference decoder executed; not a full industrial qLDPC implementation; q=16; decoder=qary_hard_syndrome_bf; channel_model=qary_symmetric; check_fraction=0.33; row_weight=4; syndrome_symbols=22; syndrome_bits=352; verification_bits=128; success=1/4,eb5e714c53e22f14
real_typeii_20db_d16_bw150_blk0,real_data,16,150,16,64,4,4,qary_hard_syndrome_bf,qary_symmetric,0.33,3,20,qldpc_reference,reference,qary_ldpc_reference_qary_hard_syndrome_bf_internal_gf2m_16,4,0,2,2,0.0,0.125,0.1171875,640.0,0.625,3.7314039999619126,qLDPC GF(q) syndrome reference decoder executed; not a full industrial qLDPC implementation; q=16; decoder=qary_hard_syndrome_bf; channel_model=qary_symmetric; check_fraction=0.5; row_weight=4; syndrome_symbols=32; syndrome_bits=512; verification_bits=128; success=0/4,ec3c47203d968697
real_typeii_20db_d16_bw180_blk0,real_data,16,180,16,64,4,4,qary_hard_syndrome_bf,qary_symmetric,0.5,3,20,qldpc_reference,ok,qary_ldpc_reference_qary_hard_syndrome_bf_internal_gf2m_16,4,1,1,2,0.25,0.1171875,0.0546875,640.0,0.625,0.5616030000383034,qLDPC GF(q) syndrome reference decoder executed; not a full industrial qLDPC implementation; q=16; decoder=qary_hard_syndrome_bf; channel_model=qary_symmetric; check_fraction=0.5; row_weight=3; syndrome_symbols=32; syndrome_bits=512; verification_bits=128; success=1/4,d3ef20759633ed3a
real_typeii_20db_d16_bw120_blk0,real_data,16,120,16,64,4,4,qary_hard_syndrome_bf,qary_symmetric,0.5,3,20,qldpc_reference,reference,qary_ldpc_reference_qary_hard_syndrome_bf_internal_gf2m_16,4,0,2,2,0.0,0.15625,0.1015625,640.0,0.625,6.0726619000779465,qLDPC GF(q) syndrome reference decoder executed; not a full industrial qLDPC implementation; q=16; decoder=qary_hard_syndrome_bf; channel_model=qary_symmetric; check_fraction=0.5; row_weight=4; syndrome_symbols=32; syndrome_bits=512; verification_bits=128; success=0/4,d3ef20759633ed3a
real_typeii_20db_d16_bw180_blk0,real_data,16,180,16,64,4,4,qary_hard_syndrome_bf,qary_symmetric,0.5,4,20,qldpc_reference,ok,qary_ldpc_reference_qary_hard_syndrome_bf_internal_gf2m_16,4,1,1,2,0.25,0.1171875,0.03515625,640.0,0.625,0.8680953000439331,qLDPC GF(q) syndrome reference decoder executed; not a full industrial qLDPC implementation; q=16; decoder=qary_hard_syndrome_bf; channel_model=qary_symmetric; check_fraction=0.5; row_weight=4; syndrome_symbols=32; syndrome_bits=512; verification_bits=128; success=1/4,43d014f94c106833
real_typeii_20db_d16_bw120_blk0,real_data,16,120,16,64,4,4,qary_hard_syndrome_bf,qary_symmetric,0.5,3,20,qldpc_reference,reference,qary_ldpc_reference_qary_hard_syndrome_bf_internal_gf2m_16,4,0,2,2,0.0,0.15625,0.1015625,640.0,0.625,7.690342899993993,qLDPC GF(q) syndrome reference decoder executed; not a full industrial qLDPC implementation; q=16; decoder=qary_hard_syndrome_bf; channel_model=qary_symmetric; check_fraction=0.5; row_weight=4; syndrome_symbols=32; syndrome_bits=512; verification_bits=128; success=0/4,522f89e80edee7a1
real_typeii_20db_d32_bw100_blk0,real_data,32,100,32,64,4,4,qary_hard_syndrome_bf,qary_symmetric,0.33,3,20,qldpc_reference,reference,qary_ldpc_reference_qary_hard_syndrome_bf_internal_gf2m_32,4,0,1,3,0.0,0.23046875,0.33203125,568.0,0.44375,1.576122700003907,qLDPC GF(q) syndrome reference decoder executed; not a full industrial qLDPC implementation; q=32; decoder=qary_hard_syndrome_bf; channel_model=qary_symmetric; check_fraction=0.33; row_weight=3; syndrome_symbols=22; syndrome_bits=440; verification_bits=128; success=0/4,ec3c47203d968697
real_typeii_20db_d16_bw120_blk0,real_data,16,120,16,64,4,4,qary_hard_syndrome_bf,qary_symmetric,0.33,4,20,qldpc_reference,reference,qary_ldpc_reference_qary_hard_syndrome_bf_internal_gf2m_16,4,0,2,2,0.0,0.15625,0.1015625,640.0,0.625,8.6767304999521,qLDPC GF(q) syndrome reference decoder executed; not a full industrial qLDPC implementation; q=16; decoder=qary_hard_syndrome_bf; channel_model=qary_symmetric; check_fraction=0.5; row_weight=4; syndrome_symbols=32; syndrome_bits=512; verification_bits=128; success=0/4,eb5e714c53e22f14
real_typeii_20db_d16_bw180_blk0,real_data,16,180,16,64,4,4,qary_hard_syndrome_bf,qary_symmetric,0.33,3,20,qldpc_reference,reference,qary_ldpc_reference_qary_hard_syndrome_bf_internal_gf2m_16,4,0,2,2,0.0,0.1171875,0.078125,640.0,0.625,5.966869800002314,qLDPC GF(q) syndrome reference decoder executed; not a full industrial qLDPC implementation; q=16; decoder=qary_hard_syndrome_bf; channel_model=qary_symmetric; check_fraction=0.5; row_weight=4; syndrome_symbols=32; syndrome_bits=512; verification_bits=128; success=0/4,ec3c47203d968697
real_typeii_20db_d16_bw180_blk0,real_data,16,180,16,64,4,4,qary_hard_syndrome_bf,qary_symmetric,0.5,3,20,qldpc_reference,reference,qary_ldpc_reference_qary_hard_syndrome_bf_internal_gf2m_16,4,0,2,2,0.0,0.1171875,0.078125,640.0,0.625,5.225291099981405,qLDPC GF(q) syndrome reference decoder executed; not a full industrial qLDPC implementation; q=16; decoder=qary_hard_syndrome_bf; channel_model=qary_symmetric; check_fraction=0.5; row_weight=4; syndrome_symbols=32; syndrome_bits=512; verification_bits=128; success=0/4,522f89e80edee7a1
real_typeii_20db_d32_bw100_blk0,real_data,32,100,32,64,4,4,qary_hard_syndrome_bf,qary_symmetric,0.5,3,20,qldpc_reference,reference,qary_ldpc_reference_qary_hard_syndrome_bf_internal_gf2m_32,4,0,3,1,0.0,0.23046875,0.22265625,768.0,0.6,2.369497000006959,qLDPC GF(q) syndrome reference decoder executed; not a full industrial qLDPC implementation; q=32; decoder=qary_hard_syndrome_bf; channel_model=qary_symmetric; check_fraction=0.5; row_weight=3; syndrome_symbols=32; syndrome_bits=640; verification_bits=128; success=0/4,522f89e80edee7a1
real_typeii_20db_d32_bw100_blk0,real_data,32,100,32,64,4,4,qary_hard_syndrome_bf,qary_symmetric,0.33,4,20,qldpc_reference,reference,qary_ldpc_reference_qary_hard_syndrome_bf_internal_gf2m_32,4,0,3,1,0.0,0.23046875,0.296875,568.0,0.44375,3.4159114999929443,qLDPC GF(q) syndrome reference decoder executed; not a full industrial qLDPC implementation; q=32; decoder=qary_hard_syndrome_bf; channel_model=qary_symmetric; check_fraction=0.33; row_weight=4; syndrome_symbols=22; syndrome_bits=440; verification_bits=128; success=0/4,b2c6fbab915c06c2
real_typeii_20db_d16_bw180_blk0,real_data,16,180,16,64,4,4,qary_hard_syndrome_bf,qary_symmetric,0.5,4,20,qldpc_reference,reference,qary_ldpc_reference_qary_hard_syndrome_bf_internal_gf2m_16,4,0,2,2,0.0,0.1171875,0.078125,640.0,0.625,5.198113700025715,qLDPC GF(q) syndrome reference decoder executed; not a full industrial qLDPC implementation; q=16; decoder=qary_hard_syndrome_bf; channel_model=qary_symmetric; check_fraction=0.5; row_weight=4; syndrome_symbols=32; syndrome_bits=512; verification_bits=128; success=0/4,70f03ad2a6815ec3
real_typeii_20db_d32_bw120_blk0,real_data,32,120,32,64,4,4,qary_hard_syndrome_bf,qary_symmetric,0.33,3,20,qldpc_reference,reference,qary_ldpc_reference_qary_hard_syndrome_bf_internal_gf2m_32,4,0,0,4,0.0,0.18359375,0.2421875,568.0,0.44375,1.041600099997595,qLDPC GF(q) syndrome reference decoder executed; not a full industrial qLDPC implementation; q=32; decoder=qary_hard_syndrome_bf; channel_model=qary_symmetric; check_fraction=0.33; row_weight=3; syndrome_symbols=22; syndrome_bits=440; verification_bits=128; success=0/4,ec3c47203d968697
real_typeii_20db_d32_bw120_blk0,real_data,32,120,32,64,4,4,qary_hard_syndrome_bf,qary_symmetric,0.33,3,20,qldpc_reference,reference,qary_ldpc_reference_qary_hard_syndrome_bf_internal_gf2m_32,4,0,0,4,0.0,0.18359375,0.2421875,568.0,0.44375,2.1618080999469385,qLDPC GF(q) syndrome reference decoder executed; not a full industrial qLDPC implementation; q=32; decoder=qary_hard_syndrome_bf; channel_model=qary_symmetric; check_fraction=0.33; row_weight=3; syndrome_symbols=22; syndrome_bits=440; verification_bits=128; success=0/4,0b962a07318c87cc
real_typeii_20db_d32_bw100_blk0,real_data,32,100,32,64,4,4,qary_hard_syndrome_bf,qary_symmetric,0.33,3,20,qldpc_reference,reference,qary_ldpc_reference_qary_hard_syndrome_bf_internal_gf2m_32,4,0,3,1,0.0,0.23046875,0.22265625,768.0,0.6,8.793765899958089,qLDPC GF(q) syndrome reference decoder executed; not a full industrial qLDPC implementation; q=32; decoder=qary_hard_syndrome_bf; channel_model=qary_symmetric; check_fraction=0.5; row_weight=3; syndrome_symbols=32; syndrome_bits=640; verification_bits=128; success=0/4,0b962a07318c87cc
real_typeii_20db_d32_bw100_blk0,real_data,32,100,32,64,4,4,qary_hard_syndrome_bf,qary_symmetric,0.5,3,20,qldpc_reference,reference,qary_ldpc_reference_qary_hard_syndrome_bf_internal_gf2m_32,4,0,3,1,0.0,0.23046875,0.22265625,768.0,0.6,5.315737099968828,qLDPC GF(q) syndrome reference decoder executed; not a full industrial qLDPC implementation; q=32; decoder=qary_hard_syndrome_bf; channel_model=qary_symmetric; check_fraction=0.5; row_weight=4; syndrome_symbols=32; syndrome_bits=640; verification_bits=128; success=0/4,d3ef20759633ed3a
real_typeii_20db_d32_bw100_blk0,real_data,32,100,32,64,4,4,qary_hard_syndrome_bf,qary_symmetric,0.5,4,20,qldpc_reference,reference,qary_ldpc_reference_qary_hard_syndrome_bf_internal_gf2m_32,4,0,3,1,0.0,0.23046875,0.22265625,768.0,0.6,6.022787300054915,qLDPC GF(q) syndrome reference decoder executed; not a full industrial qLDPC implementation; q=32; decoder=qary_hard_syndrome_bf; channel_model=qary_symmetric; check_fraction=0.5; row_weight=4; syndrome_symbols=32; syndrome_bits=640; verification_bits=128; success=0/4,43d014f94c106833
real_typeii_20db_d32_bw120_blk0,real_data,32,120,32,64,4,4,qary_hard_syndrome_bf,qary_symmetric,0.33,4,20,qldpc_reference,reference,qary_ldpc_reference_qary_hard_syndrome_bf_internal_gf2m_32,4,0,1,3,0.0,0.18359375,0.1875,568.0,0.44375,4.250019699917175,qLDPC GF(q) syndrome reference decoder executed; not a full industrial qLDPC implementation; q=32; decoder=qary_hard_syndrome_bf; channel_model=qary_symmetric; check_fraction=0.33; row_weight=4; syndrome_symbols=22; syndrome_bits=440; verification_bits=128; success=0/4,b2c6fbab915c06c2
real_typeii_20db_d32_bw120_blk0,real_data,32,120,32,64,4,4,qary_hard_syndrome_bf,qary_symmetric,0.5,3,20,qldpc_reference,reference,qary_ldpc_reference_qary_hard_syndrome_bf_internal_gf2m_32,4,0,3,1,0.0,0.18359375,0.11328125,768.0,0.6,2.3563715999480337,qLDPC GF(q) syndrome reference decoder executed; not a full industrial qLDPC implementation; q=32; decoder=qary_hard_syndrome_bf; channel_model=qary_symmetric; check_fraction=0.5; row_weight=3; syndrome_symbols=32; syndrome_bits=640; verification_bits=128; success=0/4,522f89e80edee7a1
real_typeii_20db_d32_bw120_blk0,real_data,32,120,32,64,4,4,qary_hard_syndrome_bf,qary_symmetric,0.5,3,20,qldpc_reference,ok,qary_ldpc_reference_qary_hard_syndrome_bf_internal_gf2m_32,4,1,2,1,0.25,0.18359375,0.10546875,768.0,0.6,3.6118222000077367,qLDPC GF(q) syndrome reference decoder executed; not a full industrial qLDPC implementation; q=32; decoder=qary_hard_syndrome_bf; channel_model=qary_symmetric; check_fraction=0.5; row_weight=4; syndrome_symbols=32; syndrome_bits=640; verification_bits=128; success=1/4,d3ef20759633ed3a
real_typeii_20db_d32_bw100_blk0,real_data,32,100,32,64,4,4,qary_hard_syndrome_bf,qary_symmetric,0.33,4,20,qldpc_reference,reference,qary_ldpc_reference_qary_hard_syndrome_bf_internal_gf2m_32,4,0,3,1,0.0,0.23046875,0.22265625,768.0,0.6,11.577179799904115,qLDPC GF(q) syndrome reference decoder executed; not a full industrial qLDPC implementation; q=32; decoder=qary_hard_syndrome_bf; channel_model=qary_symmetric; check_fraction=0.5; row_weight=4; syndrome_symbols=32; syndrome_bits=640; verification_bits=128; success=0/4,eb5e714c53e22f14
real_typeii_20db_d32_bw100_blk0,real_data,32,100,32,64,4,4,qary_hard_syndrome_bf,qary_symmetric,0.5,4,20,qldpc_reference,reference,qary_ldpc_reference_qary_hard_syndrome_bf_internal_gf2m_32,4,0,3,1,0.0,0.23046875,0.22265625,768.0,0.6,10.146785599994473,qLDPC GF(q) syndrome reference decoder executed; not a full industrial qLDPC implementation; q=32; decoder=qary_hard_syndrome_bf; channel_model=qary_symmetric; check_fraction=0.5; row_weight=4; syndrome_symbols=32; syndrome_bits=640; verification_bits=128; success=0/4,70f03ad2a6815ec3
real_typeii_20db_d32_bw120_blk0,real_data,32,120,32,64,4,4,qary_hard_syndrome_bf,qary_symmetric,0.5,4,20,qldpc_reference,ok,qary_ldpc_reference_qary_hard_syndrome_bf_internal_gf2m_32,4,1,2,1,0.25,0.18359375,0.10546875,768.0,0.6,4.93750379991252,qLDPC GF(q) syndrome reference decoder executed; not a full industrial qLDPC implementation; q=32; decoder=qary_hard_syndrome_bf; channel_model=qary_symmetric; check_fraction=0.5; row_weight=4; syndrome_symbols=32; syndrome_bits=640; verification_bits=128; success=1/4,70f03ad2a6815ec3
real_typeii_20db_d32_bw150_blk0,real_data,32,150,32,64,4,4,qary_hard_syndrome_bf,qary_symmetric,0.33,3,20,qldpc_reference,reference,qary_ldpc_reference_qary_hard_syndrome_bf_internal_gf2m_32,4,0,3,1,0.0,0.16015625,0.18359375,568.0,0.44375,3.005188599927351,qLDPC GF(q) syndrome reference decoder executed; not a full industrial qLDPC implementation; q=32; decoder=qary_hard_syndrome_bf; channel_model=qary_symmetric; check_fraction=0.33; row_weight=4; syndrome_symbols=22; syndrome_bits=440; verification_bits=128; success=0/4,ec3c47203d968697
real_typeii_20db_d32_bw120_blk0,real_data,32,120,32,64,4,4,qary_hard_syndrome_bf,qary_symmetric,0.33,4,20,qldpc_reference,ok,qary_ldpc_reference_qary_hard_syndrome_bf_internal_gf2m_32,4,1,2,1,0.25,0.18359375,0.10546875,768.0,0.6,9.849877799977548,qLDPC GF(q) syndrome reference decoder executed; not a full industrial qLDPC implementation; q=32; decoder=qary_hard_syndrome_bf; channel_model=qary_symmetric; check_fraction=0.5; row_weight=4; syndrome_symbols=32; syndrome_bits=640; verification_bits=128; success=1/4,eb5e714c53e22f14
real_typeii_20db_d32_bw150_blk0,real_data,32,150,32,64,4,4,qary_hard_syndrome_bf,qary_symmetric,0.5,3,20,qldpc_reference,reference,qary_ldpc_reference_qary_hard_syndrome_bf_internal_gf2m_32,4,0,1,3,0.0,0.16015625,0.109375,768.0,0.6,2.1955630000447854,qLDPC GF(q) syndrome reference decoder executed; not a full industrial qLDPC implementation; q=32; decoder=qary_hard_syndrome_bf; channel_model=qary_symmetric; check_fraction=0.5; row_weight=3; syndrome_symbols=32; syndrome_bits=640; verification_bits=128; success=0/4,522f89e80edee7a1
real_typeii_20db_d32_bw150_blk0,real_data,32,150,32,64,4,4,qary_hard_syndrome_bf,qary_symmetric,0.33,4,20,qldpc_reference,ok,qary_ldpc_reference_qary_hard_syndrome_bf_internal_gf2m_32,4,1,0,3,0.25,0.16015625,0.08203125,768.0,0.6,4.500464600045234,qLDPC GF(q) syndrome reference decoder executed; not a full industrial qLDPC implementation; q=32; decoder=qary_hard_syndrome_bf; channel_model=qary_symmetric; check_fraction=0.5; row_weight=3; syndrome_symbols=32; syndrome_bits=640; verification_bits=128; success=1/4,b2c6fbab915c06c2
real_typeii_20db_d16_bw120_blk0,real_data,16,120,16,64,4,4,qary_hard_syndrome_bf,qary_symmetric,0.5,4,20,qldpc_reference,reference,qary_ldpc_reference_qary_hard_syndrome_bf_internal_gf2m_16,4,0,2,2,0.0,0.15625,0.1015625,640.0,0.625,24.475438400055282,qLDPC GF(q) syndrome reference decoder executed; not a full industrial qLDPC implementation; q=16; decoder=qary_hard_syndrome_bf; channel_model=qary_symmetric; check_fraction=0.5; row_weight=4; syndrome_symbols=32; syndrome_bits=512; verification_bits=128; success=0/4,43d014f94c106833
real_typeii_20db_d32_bw150_blk0,real_data,32,150,32,64,4,4,qary_hard_syndrome_bf,qary_symmetric,0.5,3,20,qldpc_reference,reference,qary_ldpc_reference_qary_hard_syndrome_bf_internal_gf2m_32,4,0,3,1,0.0,0.16015625,0.0859375,768.0,0.6,3.1380237999837846,qLDPC GF(q) syndrome reference decoder executed; not a full industrial qLDPC implementation; q=32; decoder=qary_hard_syndrome_bf; channel_model=qary_symmetric; check_fraction=0.5; row_weight=4; syndrome_symbols=32; syndrome_bits=640; verification_bits=128; success=0/4,d3ef20759633ed3a
real_typeii_20db_d32_bw180_blk0,real_data,32,180,32,64,4,4,qary_hard_syndrome_bf,qary_symmetric,0.33,4,20,qldpc_reference,reference,qary_ldpc_reference_qary_hard_syndrome_bf_internal_gf2m_32,4,0,2,2,0.0,0.16796875,0.125,568.0,0.44375,1.3579800999723375,qLDPC GF(q) syndrome reference decoder executed; not a full industrial qLDPC implementation; q=32; decoder=qary_hard_syndrome_bf; channel_model=qary_symmetric; check_fraction=0.33; row_weight=4; syndrome_symbols=22; syndrome_bits=440; verification_bits=128; success=0/4,b2c6fbab915c06c2
real_typeii_20db_d32_bw150_blk0,real_data,32,150,32,64,4,4,qary_hard_syndrome_bf,qary_symmetric,0.33,3,20,qldpc_reference,ok,qary_ldpc_reference_qary_hard_syndrome_bf_internal_gf2m_32,4,1,1,2,0.25,0.16015625,0.0390625,768.0,0.6,9.710232599987648,qLDPC GF(q) syndrome reference decoder executed; not a full industrial qLDPC implementation; q=32; decoder=qary_hard_syndrome_bf; channel_model=qary_symmetric; check_fraction=0.5; row_weight=4; syndrome_symbols=32; syndrome_bits=640; verification_bits=128; success=1/4,0b962a07318c87cc
real_typeii_20db_d32_bw180_blk0,real_data,32,180,32,64,4,4,qary_hard_syndrome_bf,qary_symmetric,0.33,3,20,qldpc_reference,reference,qary_ldpc_reference_qary_hard_syndrome_bf_internal_gf2m_32,4,0,2,2,0.0,0.16796875,0.125,568.0,0.44375,2.511047299951315,qLDPC GF(q) syndrome reference decoder executed; not a full industrial qLDPC implementation; q=32; decoder=qary_hard_syndrome_bf; channel_model=qary_symmetric; check_fraction=0.33; row_weight=4; syndrome_symbols=22; syndrome_bits=440; verification_bits=128; success=0/4,ec3c47203d968697
real_typeii_20db_d32_bw180_blk0,real_data,32,180,32,64,4,4,qary_hard_syndrome_bf,qary_symmetric,0.5,3,20,qldpc_reference,reference,qary_ldpc_reference_qary_hard_syndrome_bf_internal_gf2m_32,4,0,1,3,0.0,0.16796875,0.109375,768.0,0.6,1.6239862999645993,qLDPC GF(q) syndrome reference decoder executed; not a full industrial qLDPC implementation; q=32; decoder=qary_hard_syndrome_bf; channel_model=qary_symmetric; check_fraction=0.5; row_weight=3; syndrome_symbols=32; syndrome_bits=640; verification_bits=128; success=0/4,522f89e80edee7a1
real_typeii_20db_d32_bw150_blk0,real_data,32,150,32,64,4,4,qary_hard_syndrome_bf,qary_symmetric,0.5,4,20,qldpc_reference,ok,qary_ldpc_reference_qary_hard_syndrome_bf_internal_gf2m_32,4,1,1,2,0.25,0.16015625,0.0390625,768.0,0.6,6.5571433999575675,qLDPC GF(q) syndrome reference decoder executed; not a full industrial qLDPC implementation; q=32; decoder=qary_hard_syndrome_bf; channel_model=qary_symmetric; check_fraction=0.5; row_weight=4; syndrome_symbols=32; syndrome_bits=640; verification_bits=128; success=1/4,43d014f94c106833
real_typeii_20db_d32_bw120_blk0,real_data,32,120,32,64,4,4,qary_hard_syndrome_bf,qary_symmetric,0.5,4,20,qldpc_reference,ok,qary_ldpc_reference_qary_hard_syndrome_bf_internal_gf2m_32,4,1,2,1,0.25,0.18359375,0.10546875,768.0,0.6,13.989141400088556,qLDPC GF(q) syndrome reference decoder executed; not a full industrial qLDPC implementation; q=32; decoder=qary_hard_syndrome_bf; channel_model=qary_symmetric; check_fraction=0.5; row_weight=4; syndrome_symbols=32; syndrome_bits=640; verification_bits=128; success=1/4,43d014f94c106833
real_typeii_20db_d32_bw180_blk0,real_data,32,180,32,64,4,4,qary_hard_syndrome_bf,qary_symmetric,0.33,3,20,qldpc_reference,reference,qary_ldpc_reference_qary_hard_syndrome_bf_internal_gf2m_32,4,0,0,4,0.0,0.16796875,0.2109375,568.0,0.44375,7.168810599949211,qLDPC GF(q) syndrome reference decoder executed; not a full industrial qLDPC implementation; q=32; decoder=qary_hard_syndrome_bf; channel_model=qary_symmetric; check_fraction=0.33; row_weight=3; syndrome_symbols=22; syndrome_bits=440; verification_bits=128; success=0/4,0b962a07318c87cc
real_typeii_20db_d32_bw150_blk0,real_data,32,150,32,64,4,4,qary_hard_syndrome_bf,qary_symmetric,0.33,4,20,qldpc_reference,ok,qary_ldpc_reference_qary_hard_syndrome_bf_internal_gf2m_32,4,1,1,2,0.25,0.16015625,0.0390625,768.0,0.6,10.854071900015697,qLDPC GF(q) syndrome reference decoder executed; not a full industrial qLDPC implementation; q=32; decoder=qary_hard_syndrome_bf; channel_model=qary_symmetric; check_fraction=0.5; row_weight=4; syndrome_symbols=32; syndrome_bits=640; verification_bits=128; success=1/4,eb5e714c53e22f14
real_typeii_20db_d32_bw180_blk0,real_data,32,180,32,64,4,4,qary_hard_syndrome_bf,qary_symmetric,0.5,4,20,qldpc_reference,ok,qary_ldpc_reference_qary_hard_syndrome_bf_internal_gf2m_32,4,1,1,2,0.25,0.16796875,0.0703125,768.0,0.6,2.821031800005585,qLDPC GF(q) syndrome reference decoder executed; not a full industrial qLDPC implementation; q=32; decoder=qary_hard_syndrome_bf; channel_model=qary_symmetric; check_fraction=0.5; row_weight=4; syndrome_symbols=32; syndrome_bits=640; verification_bits=128; success=1/4,70f03ad2a6815ec3
real_typeii_20db_d4_bw100_blk0,real_data,4,100,4,64,4,4,qary_hard_syndrome_bf,qary_symmetric,0.33,3,20,qldpc_reference,reference,qary_ldpc_reference_qary_hard_syndrome_bf_internal_gf2m_4,4,1,3,0,0.25,0.13671875,0.15234375,304.0,0.59375,2.458214799989946,qLDPC GF(q) syndrome reference decoder executed; not a full industrial qLDPC implementation; q=4; decoder=qary_hard_syndrome_bf; channel_model=qary_symmetric; check_fraction=0.33; row_weight=4; syndrome_symbols=22; syndrome_bits=176; verification_bits=128; success=1/4,0b962a07318c87cc
real_typeii_20db_d32_bw150_blk0,real_data,32,150,32,64,4,4,qary_hard_syndrome_bf,qary_symmetric,0.5,4,20,qldpc_reference,ok,qary_ldpc_reference_qary_hard_syndrome_bf_internal_gf2m_32,4,1,1,2,0.25,0.16015625,0.0390625,768.0,0.6,9.42936309997458,qLDPC GF(q) syndrome reference decoder executed; not a full industrial qLDPC implementation; q=32; decoder=qary_hard_syndrome_bf; channel_model=qary_symmetric; check_fraction=0.5; row_weight=4; syndrome_symbols=32; syndrome_bits=640; verification_bits=128; success=1/4,70f03ad2a6815ec3
real_typeii_20db_d4_bw100_blk0,real_data,4,100,4,64,4,4,qary_hard_syndrome_bf,qary_symmetric,0.5,3,20,qldpc_reference,reference,qary_ldpc_reference_qary_hard_syndrome_bf_internal_gf2m_4,4,0,3,1,0.0,0.13671875,0.10546875,384.0,0.75,0.0886201000539586,qLDPC GF(q) syndrome reference decoder executed; not a full industrial qLDPC implementation; q=4; decoder=qary_hard_syndrome_bf; channel_model=qary_symmetric; check_fraction=0.5; row_weight=3; syndrome_symbols=32; syndrome_bits=256; verification_bits=128; success=0/4,d3ef20759633ed3a
real_typeii_20db_d4_bw100_blk0,real_data,4,100,4,64,4,4,qary_hard_syndrome_bf,qary_symmetric,0.5,4,20,qldpc_reference,ok,qary_ldpc_reference_qary_hard_syndrome_bf_internal_gf2m_4,4,1,3,0,0.25,0.13671875,0.09765625,384.0,0.75,0.08075089997146279,qLDPC GF(q) syndrome reference decoder executed; not a full industrial qLDPC implementation; q=4; decoder=qary_hard_syndrome_bf; channel_model=qary_symmetric; check_fraction=0.5; row_weight=4; syndrome_symbols=32; syndrome_bits=256; verification_bits=128; success=1/4,43d014f94c106833
real_typeii_20db_d4_bw100_blk0,real_data,4,100,4,64,4,4,qary_hard_syndrome_bf,qary_symmetric,0.5,4,20,qldpc_reference,reference,qary_ldpc_reference_qary_hard_syndrome_bf_internal_gf2m_4,4,0,3,1,0.0,0.13671875,0.109375,384.0,0.75,0.10244549997150898,qLDPC GF(q) syndrome reference decoder executed; not a full industrial qLDPC implementation; q=4; decoder=qary_hard_syndrome_bf; channel_model=qary_symmetric; check_fraction=0.5; row_weight=4; syndrome_symbols=32; syndrome_bits=256; verification_bits=128; success=0/4,70f03ad2a6815ec3
real_typeii_20db_d4_bw100_blk0,real_data,4,100,4,64,4,4,qary_hard_syndrome_bf,qary_symmetric,0.33,4,20,qldpc_reference,reference,qary_ldpc_reference_qary_hard_syndrome_bf_internal_gf2m_4,4,0,3,1,0.0,0.13671875,0.109375,384.0,0.75,1.006749799940735,qLDPC GF(q) syndrome reference decoder executed; not a full industrial qLDPC implementation; q=4; decoder=qary_hard_syndrome_bf; channel_model=qary_symmetric; check_fraction=0.5; row_weight=4; syndrome_symbols=32; syndrome_bits=256; verification_bits=128; success=0/4,eb5e714c53e22f14
real_typeii_20db_d4_bw120_blk0,real_data,4,120,4,64,4,4,qary_hard_syndrome_bf,qary_symmetric,0.33,3,20,qldpc_reference,reference,qary_ldpc_reference_qary_hard_syndrome_bf_internal_gf2m_4,4,1,0,3,0.25,0.08984375,0.1171875,304.0,0.59375,0.04963029990904033,qLDPC GF(q) syndrome reference decoder executed; not a full industrial qLDPC implementation; q=4; decoder=qary_hard_syndrome_bf; channel_model=qary_symmetric; check_fraction=0.33; row_weight=3; syndrome_symbols=22; syndrome_bits=176; verification_bits=128; success=1/4,ec3c47203d968697
real_typeii_20db_d4_bw100_blk0,real_data,4,100,4,64,4,4,qary_hard_syndrome_bf,qary_symmetric,0.33,3,20,qldpc_reference,ok,qary_ldpc_reference_qary_hard_syndrome_bf_internal_gf2m_4,4,1,3,0,0.25,0.13671875,0.09765625,384.0,0.75,2.109050399973057,qLDPC GF(q) syndrome reference decoder executed; not a full industrial qLDPC implementation; q=4; decoder=qary_hard_syndrome_bf; channel_model=qary_symmetric; check_fraction=0.5; row_weight=4; syndrome_symbols=32; syndrome_bits=256; verification_bits=128; success=1/4,ec3c47203d968697
real_typeii_20db_d4_bw120_blk0,real_data,4,120,4,64,4,4,qary_hard_syndrome_bf,qary_symmetric,0.33,4,20,qldpc_reference,reference,qary_ldpc_reference_qary_hard_syndrome_bf_internal_gf2m_4,4,1,1,2,0.25,0.08984375,0.1171875,304.0,0.59375,0.5302526999730617,qLDPC GF(q) syndrome reference decoder executed; not a full industrial qLDPC implementation; q=4; decoder=qary_hard_syndrome_bf; channel_model=qary_symmetric; check_fraction=0.33; row_weight=4; syndrome_symbols=22; syndrome_bits=176; verification_bits=128; success=1/4,eb5e714c53e22f14
real_typeii_20db_d32_bw180_blk0,real_data,32,180,32,64,4,4,qary_hard_syndrome_bf,qary_symmetric,0.33,4,20,qldpc_reference,reference,qary_ldpc_reference_qary_hard_syndrome_bf_internal_gf2m_32,4,0,1,3,0.0,0.16796875,0.109375,768.0,0.6,7.758808099897578,qLDPC GF(q) syndrome reference decoder executed; not a full industrial qLDPC implementation; q=32; decoder=qary_hard_syndrome_bf; channel_model=qary_symmetric; check_fraction=0.5; row_weight=3; syndrome_symbols=32; syndrome_bits=640; verification_bits=128; success=0/4,eb5e714c53e22f14
real_typeii_20db_d4_bw120_blk0,real_data,4,120,4,64,4,4,qary_hard_syndrome_bf,qary_symmetric,0.33,3,20,qldpc_reference,reference,qary_ldpc_reference_qary_hard_syndrome_bf_internal_gf2m_4,4,1,1,2,0.25,0.08984375,0.1171875,304.0,0.59375,1.1193504000548273,qLDPC GF(q) syndrome reference decoder executed; not a full industrial qLDPC implementation; q=4; decoder=qary_hard_syndrome_bf; channel_model=qary_symmetric; check_fraction=0.33; row_weight=4; syndrome_symbols=22; syndrome_bits=176; verification_bits=128; success=1/4,0b962a07318c87cc
real_typeii_20db_d4_bw120_blk0,real_data,4,120,4,64,4,4,qary_hard_syndrome_bf,qary_symmetric,0.5,3,20,qldpc_reference,ok,qary_ldpc_reference_qary_hard_syndrome_bf_internal_gf2m_4,4,2,0,2,0.5,0.08984375,0.0546875,384.0,0.75,0.12487820000387728,qLDPC GF(q) syndrome reference decoder executed; not a full industrial qLDPC implementation; q=4; decoder=qary_hard_syndrome_bf; channel_model=qary_symmetric; check_fraction=0.5; row_weight=4; syndrome_symbols=32; syndrome_bits=256; verification_bits=128; success=2/4,d3ef20759633ed3a
real_typeii_20db_d4_bw120_blk0,real_data,4,120,4,64,4,4,qary_hard_syndrome_bf,qary_symmetric,0.5,4,20,qldpc_reference,ok,qary_ldpc_reference_qary_hard_syndrome_bf_internal_gf2m_4,4,1,2,1,0.25,0.08984375,0.0859375,384.0,0.75,0.05943179992027581,qLDPC GF(q) syndrome reference decoder executed; not a full industrial qLDPC implementation; q=4; decoder=qary_hard_syndrome_bf; channel_model=qary_symmetric; check_fraction=0.5; row_weight=4; syndrome_symbols=32; syndrome_bits=256; verification_bits=128; success=1/4,70f03ad2a6815ec3
real_typeii_20db_d4_bw100_blk0,real_data,4,100,4,64,4,4,qary_hard_syndrome_bf,qary_symmetric,0.5,3,20,qldpc_reference,reference,qary_ldpc_reference_qary_hard_syndrome_bf_internal_gf2m_4,4,0,3,1,0.0,0.13671875,0.10546875,384.0,0.75,1.7763727999990806,qLDPC GF(q) syndrome reference decoder executed; not a full industrial qLDPC implementation; q=4; decoder=qary_hard_syndrome_bf; channel_model=qary_symmetric; check_fraction=0.5; row_weight=3; syndrome_symbols=32; syndrome_bits=256; verification_bits=128; success=0/4,522f89e80edee7a1
real_typeii_20db_d4_bw120_blk0,real_data,4,120,4,64,4,4,qary_hard_syndrome_bf,qary_symmetric,0.5,4,20,qldpc_reference,ok,qary_ldpc_reference_qary_hard_syndrome_bf_internal_gf2m_4,4,1,2,1,0.25,0.08984375,0.0859375,384.0,0.75,0.7081358999712393,qLDPC GF(q) syndrome reference decoder executed; not a full industrial qLDPC implementation; q=4; decoder=qary_hard_syndrome_bf; channel_model=qary_symmetric; check_fraction=0.5; row_weight=4; syndrome_symbols=32; syndrome_bits=256; verification_bits=128; success=1/4,43d014f94c106833
real_typeii_20db_d32_bw180_blk0,real_data,32,180,32,64,4,4,qary_hard_syndrome_bf,qary_symmetric,0.5,3,20,qldpc_reference,ok,qary_ldpc_reference_qary_hard_syndrome_bf_internal_gf2m_32,4,1,1,2,0.25,0.16796875,0.0703125,768.0,0.6,7.877910000039265,qLDPC GF(q) syndrome reference decoder executed; not a full industrial qLDPC implementation; q=32; decoder=qary_hard_syndrome_bf; channel_model=qary_symmetric; check_fraction=0.5; row_weight=4; syndrome_symbols=32; syndrome_bits=640; verification_bits=128; success=1/4,d3ef20759633ed3a
real_typeii_20db_d4_bw150_blk0,real_data,4,150,4,64,4,4,qary_hard_syndrome_bf,qary_symmetric,0.33,4,20,qldpc_reference,ok,qary_ldpc_reference_qary_hard_syndrome_bf_internal_gf2m_4,4,1,1,2,0.25,0.0703125,0.05859375,304.0,0.59375,0.3557776000816375,qLDPC GF(q) syndrome reference decoder executed; not a full industrial qLDPC implementation; q=4; decoder=qary_hard_syndrome_bf; channel_model=qary_symmetric; check_fraction=0.33; row_weight=4; syndrome_symbols=22; syndrome_bits=176; verification_bits=128; success=1/4,b2c6fbab915c06c2
real_typeii_20db_d4_bw150_blk0,real_data,4,150,4,64,4,4,qary_hard_syndrome_bf,qary_symmetric,0.5,3,20,qldpc_reference,ok,qary_ldpc_reference_qary_hard_syndrome_bf_internal_gf2m_4,4,1,0,3,0.25,0.0703125,0.03125,384.0,0.75,0.04669420002028346,qLDPC GF(q) syndrome reference decoder executed; not a full industrial qLDPC implementation; q=4; decoder=qary_hard_syndrome_bf; channel_model=qary_symmetric; check_fraction=0.5; row_weight=3; syndrome_symbols=32; syndrome_bits=256; verification_bits=128; success=1/4,522f89e80edee7a1
real_typeii_20db_d4_bw150_blk0,real_data,4,150,4,64,4,4,qary_hard_syndrome_bf,qary_symmetric,0.5,3,20,qldpc_reference,ok,qary_ldpc_reference_qary_hard_syndrome_bf_internal_gf2m_4,4,1,2,1,0.25,0.0703125,0.05859375,384.0,0.75,0.055910399998538196,qLDPC GF(q) syndrome reference decoder executed; not a full industrial qLDPC implementation; q=4; decoder=qary_hard_syndrome_bf; channel_model=qary_symmetric; check_fraction=0.5; row_weight=3; syndrome_symbols=32; syndrome_bits=256; verification_bits=128; success=1/4,d3ef20759633ed3a
real_typeii_20db_d4_bw150_blk0,real_data,4,150,4,64,4,4,qary_hard_syndrome_bf,qary_symmetric,0.33,3,20,qldpc_reference,ok,qary_ldpc_reference_qary_hard_syndrome_bf_internal_gf2m_4,4,1,0,3,0.25,0.0703125,0.0390625,384.0,0.75,1.005384000018239,qLDPC GF(q) syndrome reference decoder executed; not a full industrial qLDPC implementation; q=4; decoder=qary_hard_syndrome_bf; channel_model=qary_symmetric; check_fraction=0.5; row_weight=4; syndrome_symbols=32; syndrome_bits=256; verification_bits=128; success=1/4,ec3c47203d968697
real_typeii_20db_d4_bw120_blk0,real_data,4,120,4,64,4,4,qary_hard_syndrome_bf,qary_symmetric,0.33,4,20,qldpc_reference,ok,qary_ldpc_reference_qary_hard_syndrome_bf_internal_gf2m_4,4,1,2,1,0.25,0.08984375,0.0859375,384.0,0.75,2.265319099999033,qLDPC GF(q) syndrome reference decoder executed; not a full industrial qLDPC implementation; q=4; decoder=qary_hard_syndrome_bf; channel_model=qary_symmetric; check_fraction=0.5; row_weight=4; syndrome_symbols=32; syndrome_bits=256; verification_bits=128; success=1/4,b2c6fbab915c06c2
real_typeii_20db_d4_bw180_blk0,real_data,4,180,4,64,4,4,qary_hard_syndrome_bf,qary_symmetric,0.33,3,20,qldpc_reference,ok,qary_ldpc_reference_qary_hard_syndrome_bf_internal_gf2m_4,4,1,0,3,0.25,0.04296875,0.03125,304.0,0.59375,0.04292599996551871,qLDPC GF(q) syndrome reference decoder executed; not a full industrial qLDPC implementation; q=4; decoder=qary_hard_syndrome_bf; channel_model=qary_symmetric; check_fraction=0.33; row_weight=3; syndrome_symbols=22; syndrome_bits=176; verification_bits=128; success=1/4,0b962a07318c87cc
real_typeii_20db_d4_bw150_blk0,real_data,4,150,4,64,4,4,qary_hard_syndrome_bf,qary_symmetric,0.33,4,20,qldpc_reference,ok,qary_ldpc_reference_qary_hard_syndrome_bf_internal_gf2m_4,4,1,2,1,0.25,0.0703125,0.05859375,384.0,0.75,0.3596354000037536,qLDPC GF(q) syndrome reference decoder executed; not a full industrial qLDPC implementation; q=4; decoder=qary_hard_syndrome_bf; channel_model=qary_symmetric; check_fraction=0.5; row_weight=3; syndrome_symbols=32; syndrome_bits=256; verification_bits=128; success=1/4,eb5e714c53e22f14
real_typeii_20db_d4_bw150_blk0,real_data,4,150,4,64,4,4,qary_hard_syndrome_bf,qary_symmetric,0.5,4,20,qldpc_reference,ok,qary_ldpc_reference_qary_hard_syndrome_bf_internal_gf2m_4,4,2,1,1,0.5,0.0703125,0.0234375,384.0,0.75,0.2223951000487432,qLDPC GF(q) syndrome reference decoder executed; not a full industrial qLDPC implementation; q=4; decoder=qary_hard_syndrome_bf; channel_model=qary_symmetric; check_fraction=0.5; row_weight=4; syndrome_symbols=32; syndrome_bits=256; verification_bits=128; success=2/4,70f03ad2a6815ec3
real_typeii_20db_d4_bw180_blk0,real_data,4,180,4,64,4,4,qary_hard_syndrome_bf,qary_symmetric,0.33,4,20,qldpc_reference,ok,qary_ldpc_reference_qary_hard_syndrome_bf_internal_gf2m_4,4,2,1,1,0.5,0.04296875,0.01953125,304.0,0.59375,0.03229309991002083,qLDPC GF(q) syndrome reference decoder executed; not a full industrial qLDPC implementation; q=4; decoder=qary_hard_syndrome_bf; channel_model=qary_symmetric; check_fraction=0.33; row_weight=4; syndrome_symbols=22; syndrome_bits=176; verification_bits=128; success=2/4,eb5e714c53e22f14
real_typeii_20db_d4_bw180_blk0,real_data,4,180,4,64,4,4,qary_hard_syndrome_bf,qary_symmetric,0.5,3,20,qldpc_reference,ok,qary_ldpc_reference_qary_hard_syndrome_bf_internal_gf2m_4,4,2,1,1,0.5,0.04296875,0.03515625,384.0,0.75,0.037451400072313845,qLDPC GF(q) syndrome reference decoder executed; not a full industrial qLDPC implementation; q=4; decoder=qary_hard_syndrome_bf; channel_model=qary_symmetric; check_fraction=0.5; row_weight=3; syndrome_symbols=32; syndrome_bits=256; verification_bits=128; success=2/4,522f89e80edee7a1
real_typeii_20db_d4_bw100_blk0,real_data,4,100,4,64,4,4,qary_hard_syndrome_bf,qary_symmetric,0.33,4,20,qldpc_reference,reference,qary_ldpc_reference_qary_hard_syndrome_bf_internal_gf2m_4,4,0,3,1,0.0,0.13671875,0.109375,384.0,0.75,4.695081999991089,qLDPC GF(q) syndrome reference decoder executed; not a full industrial qLDPC implementation; q=4; decoder=qary_hard_syndrome_bf; channel_model=qary_symmetric; check_fraction=0.5; row_weight=4; syndrome_symbols=32; syndrome_bits=256; verification_bits=128; success=0/4,b2c6fbab915c06c2
real_typeii_20db_d4_bw120_blk0,real_data,4,120,4,64,4,4,qary_hard_syndrome_bf,qary_symmetric,0.5,3,20,qldpc_reference,ok,qary_ldpc_reference_qary_hard_syndrome_bf_internal_gf2m_4,4,1,2,1,0.25,0.08984375,0.0859375,384.0,0.75,2.7166715000057593,qLDPC GF(q) syndrome reference decoder executed; not a full industrial qLDPC implementation; q=4; decoder=qary_hard_syndrome_bf; channel_model=qary_symmetric; check_fraction=0.5; row_weight=4; syndrome_symbols=32; syndrome_bits=256; verification_bits=128; success=1/4,522f89e80edee7a1
real_typeii_20db_d32_bw180_blk0,real_data,32,180,32,64,4,4,qary_hard_syndrome_bf,qary_symmetric,0.5,4,20,qldpc_reference,ok,qary_ldpc_reference_qary_hard_syndrome_bf_internal_gf2m_32,4,1,1,2,0.25,0.16796875,0.0703125,768.0,0.6,7.998406100086868,qLDPC GF(q) syndrome reference decoder executed; not a full industrial qLDPC implementation; q=32; decoder=qary_hard_syndrome_bf; channel_model=qary_symmetric; check_fraction=0.5; row_weight=4; syndrome_symbols=32; syndrome_bits=640; verification_bits=128; success=1/4,43d014f94c106833
real_typeii_20db_d4_bw180_blk0,real_data,4,180,4,64,4,4,qary_hard_syndrome_bf,qary_symmetric,0.5,4,20,qldpc_reference,ok,qary_ldpc_reference_qary_hard_syndrome_bf_internal_gf2m_4,4,3,1,0,0.75,0.04296875,0.01171875,384.0,0.75,0.4687649999978021,qLDPC GF(q) syndrome reference decoder executed; not a full industrial qLDPC implementation; q=4; decoder=qary_hard_syndrome_bf; channel_model=qary_symmetric; check_fraction=0.5; row_weight=4; syndrome_symbols=32; syndrome_bits=256; verification_bits=128; success=3/4,43d014f94c106833
real_typeii_20db_d4_bw180_blk0,real_data,4,180,4,64,4,4,qary_hard_syndrome_bf,qary_symmetric,0.33,4,20,qldpc_reference,ok,qary_ldpc_reference_qary_hard_syndrome_bf_internal_gf2m_4,4,3,1,0,0.75,0.04296875,0.02734375,384.0,0.75,1.8764876000350341,qLDPC GF(q) syndrome reference decoder executed; not a full industrial qLDPC implementation; q=4; decoder=qary_hard_syndrome_bf; channel_model=qary_symmetric; check_fraction=0.5; row_weight=4; syndrome_symbols=32; syndrome_bits=256; verification_bits=128; success=3/4,b2c6fbab915c06c2
real_typeii_20db_d4_bw180_blk0,real_data,4,180,4,64,4,4,qary_hard_syndrome_bf,qary_symmetric,0.5,4,20,qldpc_reference,ok,qary_ldpc_reference_qary_hard_syndrome_bf_internal_gf2m_4,4,3,1,0,0.75,0.04296875,0.02734375,384.0,0.75,1.303926800028421,qLDPC GF(q) syndrome reference decoder executed; not a full industrial qLDPC implementation; q=4; decoder=qary_hard_syndrome_bf; channel_model=qary_symmetric; check_fraction=0.5; row_weight=4; syndrome_symbols=32; syndrome_bits=256; verification_bits=128; success=3/4,70f03ad2a6815ec3
real_typeii_20db_d4_bw150_blk0,real_data,4,150,4,64,4,4,qary_hard_syndrome_bf,qary_symmetric,0.33,3,20,qldpc_reference,ok,qary_ldpc_reference_qary_hard_syndrome_bf_internal_gf2m_4,4,2,1,1,0.5,0.0703125,0.0234375,384.0,0.75,3.964458200032823,qLDPC GF(q) syndrome reference decoder executed; not a full industrial qLDPC implementation; q=4; decoder=qary_hard_syndrome_bf; channel_model=qary_symmetric; check_fraction=0.5; row_weight=4; syndrome_symbols=32; syndrome_bits=256; verification_bits=128; success=2/4,0b962a07318c87cc
real_typeii_20db_d4_bw180_blk0,real_data,4,180,4,64,4,4,qary_hard_syndrome_bf,qary_symmetric,0.5,3,20,qldpc_reference,ok,qary_ldpc_reference_qary_hard_syndrome_bf_internal_gf2m_4,4,3,1,0,0.75,0.04296875,0.02734375,384.0,0.75,2.877686299965717,qLDPC GF(q) syndrome reference decoder executed; not a full industrial qLDPC implementation; q=4; decoder=qary_hard_syndrome_bf; channel_model=qary_symmetric; check_fraction=0.5; row_weight=4; syndrome_symbols=32; syndrome_bits=256; verification_bits=128; success=3/4,d3ef20759633ed3a
real_typeii_20db_d64_bw100_blk0,real_data,64,100,64,64,4,4,qary_hard_syndrome_bf,qary_symmetric,0.33,3,20,qldpc_reference,reference,qary_ldpc_reference_qary_hard_syndrome_bf_internal_gf2m_64,4,0,0,4,0.0,0.24609375,0.30859375,656.0,0.4270833333333333,2.3399673000676557,qLDPC GF(q) syndrome reference decoder executed; not a full industrial qLDPC implementation; q=64; decoder=qary_hard_syndrome_bf; channel_model=qary_symmetric; check_fraction=0.33; row_weight=3; syndrome_symbols=22; syndrome_bits=528; verification_bits=128; success=0/4,ec3c47203d968697
real_typeii_20db_d64_bw100_blk0,real_data,64,100,64,64,4,4,qary_hard_syndrome_bf,qary_symmetric,0.33,3,20,qldpc_reference,reference,qary_ldpc_reference_qary_hard_syndrome_bf_internal_gf2m_64,4,0,0,4,0.0,0.24609375,0.30859375,656.0,0.4270833333333333,5.847218099981546,qLDPC GF(q) syndrome reference decoder executed; not a full industrial qLDPC implementation; q=64; decoder=qary_hard_syndrome_bf; channel_model=qary_symmetric; check_fraction=0.33; row_weight=3; syndrome_symbols=22; syndrome_bits=528; verification_bits=128; success=0/4,0b962a07318c87cc
real_typeii_20db_d4_bw150_blk0,real_data,4,150,4,64,4,4,qary_hard_syndrome_bf,qary_symmetric,0.5,4,20,qldpc_reference,ok,qary_ldpc_reference_qary_hard_syndrome_bf_internal_gf2m_4,4,2,1,1,0.5,0.0703125,0.0234375,384.0,0.75,7.659301899955608,qLDPC GF(q) syndrome reference decoder executed; not a full industrial qLDPC implementation; q=4; decoder=qary_hard_syndrome_bf; channel_model=qary_symmetric; check_fraction=0.5; row_weight=4; syndrome_symbols=32; syndrome_bits=256; verification_bits=128; success=2/4,43d014f94c106833
real_typeii_20db_d64_bw100_blk0,real_data,64,100,64,64,4,4,qary_hard_syndrome_bf,qary_symmetric,0.5,4,20,qldpc_reference,reference,qary_ldpc_reference_qary_hard_syndrome_bf_internal_gf2m_64,4,0,3,1,0.0,0.24609375,0.21484375,896.0,0.5833333333333334,7.743933599907905,qLDPC GF(q) syndrome reference decoder executed; not a full industrial qLDPC implementation; q=64; decoder=qary_hard_syndrome_bf; channel_model=qary_symmetric; check_fraction=0.5; row_weight=4; syndrome_symbols=32; syndrome_bits=768; verification_bits=128; success=0/4,43d014f94c106833
real_typeii_20db_d64_bw100_blk0,real_data,64,100,64,64,4,4,qary_hard_syndrome_bf,qary_symmetric,0.33,4,20,qldpc_reference,reference,qary_ldpc_reference_qary_hard_syndrome_bf_internal_gf2m_64,4,0,3,1,0.0,0.24609375,0.21484375,896.0,0.5833333333333334,9.615757399937138,qLDPC GF(q) syndrome reference decoder executed; not a full industrial qLDPC implementation; q=64; decoder=qary_hard_syndrome_bf; channel_model=qary_symmetric; check_fraction=0.5; row_weight=4; syndrome_symbols=32; syndrome_bits=768; verification_bits=128; success=0/4,eb5e714c53e22f14
real_typeii_20db_d4_bw180_blk0,real_data,4,180,4,64,4,4,qary_hard_syndrome_bf,qary_symmetric,0.33,3,20,qldpc_reference,ok,qary_ldpc_reference_qary_hard_syndrome_bf_internal_gf2m_4,4,2,1,1,0.5,0.04296875,0.03515625,384.0,0.75,13.72800530004315,qLDPC GF(q) syndrome reference decoder executed; not a full industrial qLDPC implementation; q=4; decoder=qary_hard_syndrome_bf; channel_model=qary_symmetric; check_fraction=0.5; row_weight=3; syndrome_symbols=32; syndrome_bits=256; verification_bits=128; success=2/4,ec3c47203d968697
real_typeii_20db_d64_bw100_blk0,real_data,64,100,64,64,4,4,qary_hard_syndrome_bf,qary_symmetric,0.5,3,20,qldpc_reference,reference,qary_ldpc_reference_qary_hard_syndrome_bf_internal_gf2m_64,4,0,4,0,0.0,0.24609375,0.203125,896.0,0.5833333333333334,12.875708000035957,qLDPC GF(q) syndrome reference decoder executed; not a full industrial qLDPC implementation; q=64; decoder=qary_hard_syndrome_bf; channel_model=qary_symmetric; check_fraction=0.5; row_weight=4; syndrome_symbols=32; syndrome_bits=768; verification_bits=128; success=0/4,d3ef20759633ed3a
real_typeii_20db_d64_bw100_blk0,real_data,64,100,64,64,4,4,qary_hard_syndrome_bf,qary_symmetric,0.5,3,20,qldpc_reference,reference,qary_ldpc_reference_qary_hard_syndrome_bf_internal_gf2m_64,4,0,3,1,0.0,0.24609375,0.21484375,896.0,0.5833333333333334,13.61440180009231,qLDPC GF(q) syndrome reference decoder executed; not a full industrial qLDPC implementation; q=64; decoder=qary_hard_syndrome_bf; channel_model=qary_symmetric; check_fraction=0.5; row_weight=4; syndrome_symbols=32; syndrome_bits=768; verification_bits=128; success=0/4,522f89e80edee7a1
real_typeii_20db_d64_bw100_blk0,real_data,64,100,64,64,4,4,qary_hard_syndrome_bf,qary_symmetric,0.33,4,20,qldpc_reference,reference,qary_ldpc_reference_qary_hard_syndrome_bf_internal_gf2m_64,4,0,4,0,0.0,0.24609375,0.203125,896.0,0.5833333333333334,15.693796399980783,qLDPC GF(q) syndrome reference decoder executed; not a full industrial qLDPC implementation; q=64; decoder=qary_hard_syndrome_bf; channel_model=qary_symmetric; check_fraction=0.5; row_weight=4; syndrome_symbols=32; syndrome_bits=768; verification_bits=128; success=0/4,b2c6fbab915c06c2
real_typeii_20db_d64_bw120_blk0,real_data,64,120,64,64,4,4,qary_hard_syndrome_bf,qary_symmetric,0.33,4,20,qldpc_reference,reference,qary_ldpc_reference_qary_hard_syndrome_bf_internal_gf2m_64,4,0,2,2,0.0,0.23046875,0.24609375,656.0,0.4270833333333333,5.879578400054015,qLDPC GF(q) syndrome reference decoder executed; not a full industrial qLDPC implementation; q=64; decoder=qary_hard_syndrome_bf; channel_model=qary_symmetric; check_fraction=0.33; row_weight=4; syndrome_symbols=22; syndrome_bits=528; verification_bits=128; success=0/4,eb5e714c53e22f14
real_typeii_20db_d64_bw120_blk0,real_data,64,120,64,64,4,4,qary_hard_syndrome_bf,qary_symmetric,0.5,3,20,qldpc_reference,reference,qary_ldpc_reference_qary_hard_syndrome_bf_internal_gf2m_64,4,0,2,2,0.0,0.23046875,0.171875,896.0,0.5833333333333334,9.855884999968112,qLDPC GF(q) syndrome reference decoder executed; not a full industrial qLDPC implementation; q=64; decoder=qary_hard_syndrome_bf; channel_model=qary_symmetric; check_fraction=0.5; row_weight=3; syndrome_symbols=32; syndrome_bits=768; verification_bits=128; success=0/4,d3ef20759633ed3a
real_typeii_20db_d64_bw100_blk0,real_data,64,100,64,64,4,4,qary_hard_syndrome_bf,qary_symmetric,0.5,4,20,qldpc_reference,reference,qary_ldpc_reference_qary_hard_syndrome_bf_internal_gf2m_64,4,0,4,0,0.0,0.24609375,0.203125,896.0,0.5833333333333334,20.907231700024568,qLDPC GF(q) syndrome reference decoder executed; not a full industrial qLDPC implementation; q=64; decoder=qary_hard_syndrome_bf; channel_model=qary_symmetric; check_fraction=0.5; row_weight=4; syndrome_symbols=32; syndrome_bits=768; verification_bits=128; success=0/4,70f03ad2a6815ec3
real_typeii_20db_d64_bw120_blk0,real_data,64,120,64,64,4,4,qary_hard_syndrome_bf,qary_symmetric,0.33,3,20,qldpc_reference,reference,qary_ldpc_reference_qary_hard_syndrome_bf_internal_gf2m_64,4,0,2,2,0.0,0.23046875,0.24609375,656.0,0.4270833333333333,22.617199899978004,qLDPC GF(q) syndrome reference decoder executed; not a full industrial qLDPC implementation; q=64; decoder=qary_hard_syndrome_bf; channel_model=qary_symmetric; check_fraction=0.33; row_weight=4; syndrome_symbols=22; syndrome_bits=528; verification_bits=128; success=0/4,0b962a07318c87cc
real_typeii_20db_d64_bw120_blk0,real_data,64,120,64,64,4,4,qary_hard_syndrome_bf,qary_symmetric,0.33,3,20,qldpc_reference,reference,qary_ldpc_reference_qary_hard_syndrome_bf_internal_gf2m_64,4,0,3,1,0.0,0.23046875,0.1328125,896.0,0.5833333333333334,18.982523199985735,qLDPC GF(q) syndrome reference decoder executed; not a full industrial qLDPC implementation; q=64; decoder=qary_hard_syndrome_bf; channel_model=qary_symmetric; check_fraction=0.5; row_weight=4; syndrome_symbols=32; syndrome_bits=768; verification_bits=128; success=0/4,ec3c47203d968697
real_typeii_20db_d64_bw120_blk0,real_data,64,120,64,64,4,4,qary_hard_syndrome_bf,qary_symmetric,0.5,3,20,qldpc_reference,reference,qary_ldpc_reference_qary_hard_syndrome_bf_internal_gf2m_64,4,0,2,2,0.0,0.23046875,0.171875,896.0,0.5833333333333334,14.951074099983089,qLDPC GF(q) syndrome reference decoder executed; not a full industrial qLDPC implementation; q=64; decoder=qary_hard_syndrome_bf; channel_model=qary_symmetric; check_fraction=0.5; row_weight=3; syndrome_symbols=32; syndrome_bits=768; verification_bits=128; success=0/4,522f89e80edee7a1
real_typeii_20db_d64_bw120_blk0,real_data,64,120,64,64,4,4,qary_hard_syndrome_bf,qary_symmetric,0.33,4,20,qldpc_reference,reference,qary_ldpc_reference_qary_hard_syndrome_bf_internal_gf2m_64,4,0,4,0,0.0,0.23046875,0.11328125,896.0,0.5833333333333334,21.330281500006095,qLDPC GF(q) syndrome reference decoder executed; not a full industrial qLDPC implementation; q=64; decoder=qary_hard_syndrome_bf; channel_model=qary_symmetric; check_fraction=0.5; row_weight=4; syndrome_symbols=32; syndrome_bits=768; verification_bits=128; success=0/4,b2c6fbab915c06c2
real_typeii_20db_d64_bw120_blk0,real_data,64,120,64,64,4,4,qary_hard_syndrome_bf,qary_symmetric,0.5,4,20,qldpc_reference,reference,qary_ldpc_reference_qary_hard_syndrome_bf_internal_gf2m_64,4,0,4,0,0.0,0.23046875,0.11328125,896.0,0.5833333333333334,17.063887999975123,qLDPC GF(q) syndrome reference decoder executed; not a full industrial qLDPC implementation; q=64; decoder=qary_hard_syndrome_bf; channel_model=qary_symmetric; check_fraction=0.5; row_weight=4; syndrome_symbols=32; syndrome_bits=768; verification_bits=128; success=0/4,43d014f94c106833
real_typeii_20db_d64_bw120_blk0,real_data,64,120,64,64,4,4,qary_hard_syndrome_bf,qary_symmetric,0.5,4,20,qldpc_reference,reference,qary_ldpc_reference_qary_hard_syndrome_bf_internal_gf2m_64,4,0,4,0,0.0,0.23046875,0.11328125,896.0,0.5833333333333334,16.516310599981807,qLDPC GF(q) syndrome reference decoder executed; not a full industrial qLDPC implementation; q=64; decoder=qary_hard_syndrome_bf; channel_model=qary_symmetric; check_fraction=0.5; row_weight=4; syndrome_symbols=32; syndrome_bits=768; verification_bits=128; success=0/4,70f03ad2a6815ec3
real_typeii_20db_d64_bw150_blk0,real_data,64,150,64,64,4,4,qary_hard_syndrome_bf,qary_symmetric,0.33,3,20,qldpc_reference,reference,qary_ldpc_reference_qary_hard_syndrome_bf_internal_gf2m_64,4,0,3,1,0.0,0.22265625,0.23046875,896.0,0.5833333333333334,11.844039200106636,qLDPC GF(q) syndrome reference decoder executed; not a full industrial qLDPC implementation; q=64; decoder=qary_hard_syndrome_bf; channel_model=qary_symmetric; check_fraction=0.5; row_weight=3; syndrome_symbols=32; syndrome_bits=768; verification_bits=128; success=0/4,ec3c47203d968697
real_typeii_20db_d64_bw150_blk0,real_data,64,150,64,64,4,4,qary_hard_syndrome_bf,qary_symmetric,0.5,3,20,qldpc_reference,reference,qary_ldpc_reference_qary_hard_syndrome_bf_internal_gf2m_64,4,0,3,1,0.0,0.22265625,0.1796875,896.0,0.5833333333333334,9.295154200051911,qLDPC GF(q) syndrome reference decoder executed; not a full industrial qLDPC implementation; q=64; decoder=qary_hard_syndrome_bf; channel_model=qary_symmetric; check_fraction=0.5; row_weight=3; syndrome_symbols=32; syndrome_bits=768; verification_bits=128; success=0/4,d3ef20759633ed3a
real_typeii_20db_d64_bw150_blk0,real_data,64,150,64,64,4,4,qary_hard_syndrome_bf,qary_symmetric,0.33,3,20,qldpc_reference,reference,qary_ldpc_reference_qary_hard_syndrome_bf_internal_gf2m_64,4,0,3,1,0.0,0.22265625,0.23046875,896.0,0.5833333333333334,18.30274830001872,qLDPC GF(q) syndrome reference decoder executed; not a full industrial qLDPC implementation; q=64; decoder=qary_hard_syndrome_bf; channel_model=qary_symmetric; check_fraction=0.5; row_weight=3; syndrome_symbols=32; syndrome_bits=768; verification_bits=128; success=0/4,0b962a07318c87cc
real_typeii_20db_d64_bw150_blk0,real_data,64,150,64,64,4,4,qary_hard_syndrome_bf,qary_symmetric,0.5,4,20,qldpc_reference,reference,qary_ldpc_reference_qary_hard_syndrome_bf_internal_gf2m_64,4,0,3,1,0.0,0.22265625,0.15625,896.0,0.5833333333333334,11.840543100028299,qLDPC GF(q) syndrome reference decoder executed; not a full industrial qLDPC implementation; q=64; decoder=qary_hard_syndrome_bf; channel_model=qary_symmetric; check_fraction=0.5; row_weight=4; syndrome_symbols=32; syndrome_bits=768; verification_bits=128; success=0/4,70f03ad2a6815ec3
real_typeii_20db_d64_bw150_blk0,real_data,64,150,64,64,4,4,qary_hard_syndrome_bf,qary_symmetric,0.33,4,20,qldpc_reference,reference,qary_ldpc_reference_qary_hard_syndrome_bf_internal_gf2m_64,4,0,3,1,0.0,0.22265625,0.15625,896.0,0.5833333333333334,18.13878120004665,qLDPC GF(q) syndrome reference decoder executed; not a full industrial qLDPC implementation; q=64; decoder=qary_hard_syndrome_bf; channel_model=qary_symmetric; check_fraction=0.5; row_weight=4; syndrome_symbols=32; syndrome_bits=768; verification_bits=128; success=0/4,b2c6fbab915c06c2
real_typeii_20db_d64_bw150_blk0,real_data,64,150,64,64,4,4,qary_hard_syndrome_bf,qary_symmetric,0.5,3,20,qldpc_reference,reference,qary_ldpc_reference_qary_hard_syndrome_bf_internal_gf2m_64,4,0,3,1,0.0,0.22265625,0.1796875,896.0,0.5833333333333334,17.774013000074774,qLDPC GF(q) syndrome reference decoder executed; not a full industrial qLDPC implementation; q=64; decoder=qary_hard_syndrome_bf; channel_model=qary_symmetric; check_fraction=0.5; row_weight=3; syndrome_symbols=32; syndrome_bits=768; verification_bits=128; success=0/4,522f89e80edee7a1
real_typeii_20db_d64_bw150_blk0,real_data,64,150,64,64,4,4,qary_hard_syndrome_bf,qary_symmetric,0.33,4,20,qldpc_reference,reference,qary_ldpc_reference_qary_hard_syndrome_bf_internal_gf2m_64,4,0,3,1,0.0,0.22265625,0.15625,896.0,0.5833333333333334,19.162362200091593,qLDPC GF(q) syndrome reference decoder executed; not a full industrial qLDPC implementation; q=64; decoder=qary_hard_syndrome_bf; channel_model=qary_symmetric; check_fraction=0.5; row_weight=4; syndrome_symbols=32; syndrome_bits=768; verification_bits=128; success=0/4,eb5e714c53e22f14
real_typeii_20db_d64_bw180_blk0,real_data,64,180,64,64,4,4,qary_hard_syndrome_bf,qary_symmetric,0.33,4,20,qldpc_reference,reference,qary_ldpc_reference_qary_hard_syndrome_bf_internal_gf2m_64,4,0,4,0,0.0,0.2578125,0.27734375,656.0,0.4270833333333333,9.790944200009108,qLDPC GF(q) syndrome reference decoder executed; not a full industrial qLDPC implementation; q=64; decoder=qary_hard_syndrome_bf; channel_model=qary_symmetric; check_fraction=0.33; row_weight=4; syndrome_symbols=22; syndrome_bits=528; verification_bits=128; success=0/4,b2c6fbab915c06c2
real_typeii_20db_d64_bw180_blk0,real_data,64,180,64,64,4,4,qary_hard_syndrome_bf,qary_symmetric,0.33,3,20,qldpc_reference,reference,qary_ldpc_reference_qary_hard_syndrome_bf_internal_gf2m_64,4,0,4,0,0.0,0.2578125,0.27734375,656.0,0.4270833333333333,17.068785300012678,qLDPC GF(q) syndrome reference decoder executed; not a full industrial qLDPC implementation; q=64; decoder=qary_hard_syndrome_bf; channel_model=qary_symmetric; check_fraction=0.33; row_weight=4; syndrome_symbols=22; syndrome_bits=528; verification_bits=128; success=0/4,0b962a07318c87cc
real_typeii_20db_d64_bw150_blk0,real_data,64,150,64,64,4,4,qary_hard_syndrome_bf,qary_symmetric,0.5,4,20,qldpc_reference,reference,qary_ldpc_reference_qary_hard_syndrome_bf_internal_gf2m_64,4,0,3,1,0.0,0.22265625,0.15625,896.0,0.5833333333333334,23.240455899969675,qLDPC GF(q) syndrome reference decoder executed; not a full industrial qLDPC implementation; q=64; decoder=qary_hard_syndrome_bf; channel_model=qary_symmetric; check_fraction=0.5; row_weight=4; syndrome_symbols=32; syndrome_bits=768; verification_bits=128; success=0/4,43d014f94c106833
real_typeii_20db_d64_bw180_blk0,real_data,64,180,64,64,4,4,qary_hard_syndrome_bf,qary_symmetric,0.5,4,20,qldpc_reference,reference,qary_ldpc_reference_qary_hard_syndrome_bf_internal_gf2m_64,4,0,4,0,0.0,0.2578125,0.26953125,896.0,0.5833333333333334,10.903313600108959,qLDPC GF(q) syndrome reference decoder executed; not a full industrial qLDPC implementation; q=64; decoder=qary_hard_syndrome_bf; channel_model=qary_symmetric; check_fraction=0.5; row_weight=4; syndrome_symbols=32; syndrome_bits=768; verification_bits=128; success=0/4,43d014f94c106833
real_typeii_20db_d8_bw100_blk0,real_data,8,100,8,64,4,4,qary_hard_syndrome_bf,qary_symmetric,0.33,3,20,qldpc_reference,reference,qary_ldpc_reference_qary_hard_syndrome_bf_internal_gf2m_8,4,0,0,4,0.0,0.15234375,0.16015625,392.0,0.5104166666666666,3.8101805000333115,qLDPC GF(q) syndrome reference decoder executed; not a full industrial qLDPC implementation; q=8; decoder=qary_hard_syndrome_bf; channel_model=qary_symmetric; check_fraction=0.33; row_weight=3; syndrome_symbols=22; syndrome_bits=264; verification_bits=128; success=0/4,ec3c47203d968697
real_typeii_20db_d64_bw180_blk0,real_data,64,180,64,64,4,4,qary_hard_syndrome_bf,qary_symmetric,0.5,3,20,qldpc_reference,reference,qary_ldpc_reference_qary_hard_syndrome_bf_internal_gf2m_64,4,0,4,0,0.0,0.2578125,0.26953125,896.0,0.5833333333333334,13.508629700052552,qLDPC GF(q) syndrome reference decoder executed; not a full industrial qLDPC implementation; q=64; decoder=qary_hard_syndrome_bf; channel_model=qary_symmetric; check_fraction=0.5; row_weight=4; syndrome_symbols=32; syndrome_bits=768; verification_bits=128; success=0/4,d3ef20759633ed3a
real_typeii_20db_d64_bw180_blk0,real_data,64,180,64,64,4,4,qary_hard_syndrome_bf,qary_symmetric,0.5,3,20,qldpc_reference,reference,qary_ldpc_reference_qary_hard_syndrome_bf_internal_gf2m_64,4,0,4,0,0.0,0.2578125,0.26953125,896.0,0.5833333333333334,14.106055099982768,qLDPC GF(q) syndrome reference decoder executed; not a full industrial qLDPC implementation; q=64; decoder=qary_hard_syndrome_bf; channel_model=qary_symmetric; check_fraction=0.5; row_weight=4; syndrome_symbols=32; syndrome_bits=768; verification_bits=128; success=0/4,522f89e80edee7a1
real_typeii_20db_d8_bw100_blk0,real_data,8,100,8,64,4,4,qary_hard_syndrome_bf,qary_symmetric,0.33,3,20,qldpc_reference,reference,qary_ldpc_reference_qary_hard_syndrome_bf_internal_gf2m_8,4,0,0,4,0.0,0.15234375,0.16015625,392.0,0.5104166666666666,5.791316200047731,qLDPC GF(q) syndrome reference decoder executed; not a full industrial qLDPC implementation; q=8; decoder=qary_hard_syndrome_bf; channel_model=qary_symmetric; check_fraction=0.33; row_weight=3; syndrome_symbols=22; syndrome_bits=264; verification_bits=128; success=0/4,0b962a07318c87cc
real_typeii_20db_d64_bw180_blk0,real_data,64,180,64,64,4,4,qary_hard_syndrome_bf,qary_symmetric,0.33,3,20,qldpc_reference,reference,qary_ldpc_reference_qary_hard_syndrome_bf_internal_gf2m_64,4,0,2,2,0.0,0.2578125,0.21875,896.0,0.5833333333333334,21.758566500036977,qLDPC GF(q) syndrome reference decoder executed; not a full industrial qLDPC implementation; q=64; decoder=qary_hard_syndrome_bf; channel_model=qary_symmetric; check_fraction=0.5; row_weight=4; syndrome_symbols=32; syndrome_bits=768; verification_bits=128; success=0/4,ec3c47203d968697
real_typeii_20db_d8_bw100_blk0,real_data,8,100,8,64,4,4,qary_hard_syndrome_bf,qary_symmetric,0.5,3,20,qldpc_reference,ok,qary_ldpc_reference_qary_hard_syndrome_bf_internal_gf2m_8,4,1,2,1,0.25,0.15234375,0.09765625,512.0,0.6666666666666666,2.1451900999527425,qLDPC GF(q) syndrome reference decoder executed; not a full industrial qLDPC implementation; q=8; decoder=qary_hard_syndrome_bf; channel_model=qary_symmetric; check_fraction=0.5; row_weight=4; syndrome_symbols=32; syndrome_bits=384; verification_bits=128; success=1/4,522f89e80edee7a1
real_typeii_20db_d8_bw100_blk0,real_data,8,100,8,64,4,4,qary_hard_syndrome_bf,qary_symmetric,0.33,4,20,qldpc_reference,ok,qary_ldpc_reference_qary_hard_syndrome_bf_internal_gf2m_8,4,1,2,1,0.25,0.15234375,0.09765625,512.0,0.6666666666666666,4.588261800003238,qLDPC GF(q) syndrome reference decoder executed; not a full industrial qLDPC implementation; q=8; decoder=qary_hard_syndrome_bf; channel_model=qary_symmetric; check_fraction=0.5; row_weight=4; syndrome_symbols=32; syndrome_bits=384; verification_bits=128; success=1/4,b2c6fbab915c06c2
real_typeii_20db_d8_bw100_blk0,real_data,8,100,8,64,4,4,qary_hard_syndrome_bf,qary_symmetric,0.5,3,20,qldpc_reference,reference,qary_ldpc_reference_qary_hard_syndrome_bf_internal_gf2m_8,4,0,0,4,0.0,0.15234375,0.06640625,512.0,0.6666666666666666,2.978486999985762,qLDPC GF(q) syndrome reference decoder executed; not a full industrial qLDPC implementation; q=8; decoder=qary_hard_syndrome_bf; channel_model=qary_symmetric; check_fraction=0.5; row_weight=4; syndrome_symbols=32; syndrome_bits=384; verification_bits=128; success=0/4,d3ef20759633ed3a
real_typeii_20db_d8_bw120_blk0,real_data,8,120,8,64,4,4,qary_hard_syndrome_bf,qary_symmetric,0.33,4,20,qldpc_reference,ok,qary_ldpc_reference_qary_hard_syndrome_bf_internal_gf2m_8,4,1,1,2,0.25,0.125,0.12109375,392.0,0.5104166666666666,0.5126909000100568,qLDPC GF(q) syndrome reference decoder executed; not a full industrial qLDPC implementation; q=8; decoder=qary_hard_syndrome_bf; channel_model=qary_symmetric; check_fraction=0.33; row_weight=4; syndrome_symbols=22; syndrome_bits=264; verification_bits=128; success=1/4,b2c6fbab915c06c2
real_typeii_20db_d64_bw180_blk0,real_data,64,180,64,64,4,4,qary_hard_syndrome_bf,qary_symmetric,0.33,4,20,qldpc_reference,reference,qary_ldpc_reference_qary_hard_syndrome_bf_internal_gf2m_64,4,0,2,2,0.0,0.2578125,0.21875,896.0,0.5833333333333334,18.404277099994943,qLDPC GF(q) syndrome reference decoder executed; not a full industrial qLDPC implementation; q=64; decoder=qary_hard_syndrome_bf; channel_model=qary_symmetric; check_fraction=0.5; row_weight=4; syndrome_symbols=32; syndrome_bits=768; verification_bits=128; success=0/4,eb5e714c53e22f14
real_typeii_20db_d8_bw120_blk0,real_data,8,120,8,64,4,4,qary_hard_syndrome_bf,qary_symmetric,0.33,4,20,qldpc_reference,reference,qary_ldpc_reference_qary_hard_syndrome_bf_internal_gf2m_8,4,0,0,4,0.0,0.125,0.11328125,392.0,0.5104166666666666,0.619364200043492,qLDPC GF(q) syndrome reference decoder executed; not a full industrial qLDPC implementation; q=8; decoder=qary_hard_syndrome_bf; channel_model=qary_symmetric; check_fraction=0.33; row_weight=4; syndrome_symbols=22; syndrome_bits=264; verification_bits=128; success=0/4,eb5e714c53e22f14
real_typeii_20db_d8_bw100_blk0,real_data,8,100,8,64,4,4,qary_hard_syndrome_bf,qary_symmetric,0.5,4,20,qldpc_reference,reference,qary_ldpc_reference_qary_hard_syndrome_bf_internal_gf2m_8,4,0,0,4,0.0,0.15234375,0.06640625,512.0,0.6666666666666666,2.3857104000635445,qLDPC GF(q) syndrome reference decoder executed; not a full industrial qLDPC implementation; q=8; decoder=qary_hard_syndrome_bf; channel_model=qary_symmetric; check_fraction=0.5; row_weight=4; syndrome_symbols=32; syndrome_bits=384; verification_bits=128; success=0/4,70f03ad2a6815ec3
real_typeii_20db_d8_bw120_blk0,real_data,8,120,8,64,4,4,qary_hard_syndrome_bf,qary_symmetric,0.33,3,20,qldpc_reference,reference,qary_ldpc_reference_qary_hard_syndrome_bf_internal_gf2m_8,4,0,2,2,0.0,0.125,0.07421875,512.0,0.6666666666666666,2.507183299981989,qLDPC GF(q) syndrome reference decoder executed; not a full industrial qLDPC implementation; q=8; decoder=qary_hard_syndrome_bf; channel_model=qary_symmetric; check_fraction=0.5; row_weight=3; syndrome_symbols=32; syndrome_bits=384; verification_bits=128; success=0/4,0b962a07318c87cc
real_typeii_20db_d8_bw120_blk0,real_data,8,120,8,64,4,4,qary_hard_syndrome_bf,qary_symmetric,0.5,3,20,qldpc_reference,reference,qary_ldpc_reference_qary_hard_syndrome_bf_internal_gf2m_8,4,0,2,2,0.0,0.125,0.07421875,512.0,0.6666666666666666,0.5897847999585792,qLDPC GF(q) syndrome reference decoder executed; not a full industrial qLDPC implementation; q=8; decoder=qary_hard_syndrome_bf; channel_model=qary_symmetric; check_fraction=0.5; row_weight=3; syndrome_symbols=32; syndrome_bits=384; verification_bits=128; success=0/4,522f89e80edee7a1
real_typeii_20db_d8_bw100_blk0,real_data,8,100,8,64,4,4,qary_hard_syndrome_bf,qary_symmetric,0.5,4,20,qldpc_reference,reference,qary_ldpc_reference_qary_hard_syndrome_bf_internal_gf2m_8,4,0,0,4,0.0,0.15234375,0.06640625,512.0,0.6666666666666666,4.520926299970597,qLDPC GF(q) syndrome reference decoder executed; not a full industrial qLDPC implementation; q=8; decoder=qary_hard_syndrome_bf; channel_model=qary_symmetric; check_fraction=0.5; row_weight=4; syndrome_symbols=32; syndrome_bits=384; verification_bits=128; success=0/4,43d014f94c106833
real_typeii_20db_d8_bw120_blk0,real_data,8,120,8,64,4,4,qary_hard_syndrome_bf,qary_symmetric,0.5,4,20,qldpc_reference,ok,qary_ldpc_reference_qary_hard_syndrome_bf_internal_gf2m_8,4,2,1,1,0.5,0.125,0.07421875,512.0,0.6666666666666666,0.597834900021553,qLDPC GF(q) syndrome reference decoder executed; not a full industrial qLDPC implementation; q=8; decoder=qary_hard_syndrome_bf; channel_model=qary_symmetric; check_fraction=0.5; row_weight=4; syndrome_symbols=32; syndrome_bits=384; verification_bits=128; success=2/4,43d014f94c106833
real_typeii_20db_d8_bw150_blk0,real_data,8,150,8,64,4,4,qary_hard_syndrome_bf,qary_symmetric,0.33,4,20,qldpc_reference,ok,qary_ldpc_reference_qary_hard_syndrome_bf_internal_gf2m_8,4,1,0,3,0.25,0.09375,0.08203125,392.0,0.5104166666666666,0.771740399999544,qLDPC GF(q) syndrome reference decoder executed; not a full industrial qLDPC implementation; q=8; decoder=qary_hard_syndrome_bf; channel_model=qary_symmetric; check_fraction=0.33; row_weight=4; syndrome_symbols=22; syndrome_bits=264; verification_bits=128; success=1/4,b2c6fbab915c06c2
real_typeii_20db_d8_bw150_blk0,real_data,8,150,8,64,4,4,qary_hard_syndrome_bf,qary_symmetric,0.33,4,20,qldpc_reference,reference,qary_ldpc_reference_qary_hard_syndrome_bf_internal_gf2m_8,4,0,1,3,0.0,0.09375,0.08984375,392.0,0.5104166666666666,0.8038608999922872,qLDPC GF(q) syndrome reference decoder executed; not a full industrial qLDPC implementation; q=8; decoder=qary_hard_syndrome_bf; channel_model=qary_symmetric; check_fraction=0.33; row_weight=4; syndrome_symbols=22; syndrome_bits=264; verification_bits=128; success=0/4,eb5e714c53e22f14
real_typeii_20db_d8_bw150_blk0,real_data,8,150,8,64,4,4,qary_hard_syndrome_bf,qary_symmetric,0.33,3,20,qldpc_reference,reference,qary_ldpc_reference_qary_hard_syndrome_bf_internal_gf2m_8,4,0,1,3,0.0,0.09375,0.08984375,392.0,0.5104166666666666,1.9777095000026748,qLDPC GF(q) syndrome reference decoder executed; not a full industrial qLDPC implementation; q=8; decoder=qary_hard_syndrome_bf; channel_model=qary_symmetric; check_fraction=0.33; row_weight=4; syndrome_symbols=22; syndrome_bits=264; verification_bits=128; success=0/4,ec3c47203d968697
real_typeii_20db_d64_bw180_blk0,real_data,64,180,64,64,4,4,qary_hard_syndrome_bf,qary_symmetric,0.5,4,20,qldpc_reference,reference,qary_ldpc_reference_qary_hard_syndrome_bf_internal_gf2m_64,4,0,2,2,0.0,0.2578125,0.21875,896.0,0.5833333333333334,15.54651679995004,qLDPC GF(q) syndrome reference decoder executed; not a full industrial qLDPC implementation; q=64; decoder=qary_hard_syndrome_bf; channel_model=qary_symmetric; check_fraction=0.5; row_weight=4; syndrome_symbols=32; syndrome_bits=768; verification_bits=128; success=0/4,70f03ad2a6815ec3
real_typeii_20db_d8_bw150_blk0,real_data,8,150,8,64,4,4,qary_hard_syndrome_bf,qary_symmetric,0.33,3,20,qldpc_reference,reference,qary_ldpc_reference_qary_hard_syndrome_bf_internal_gf2m_8,4,0,1,3,0.0,0.09375,0.08984375,392.0,0.5104166666666666,2.9036058000056073,qLDPC GF(q) syndrome reference decoder executed; not a full industrial qLDPC implementation; q=8; decoder=qary_hard_syndrome_bf; channel_model=qary_symmetric; check_fraction=0.33; row_weight=4; syndrome_symbols=22; syndrome_bits=264; verification_bits=128; success=0/4,0b962a07318c87cc
real_typeii_20db_d8_bw120_blk0,real_data,8,120,8,64,4,4,qary_hard_syndrome_bf,qary_symmetric,0.5,3,20,qldpc_reference,ok,qary_ldpc_reference_qary_hard_syndrome_bf_internal_gf2m_8,4,2,1,1,0.5,0.125,0.07421875,512.0,0.6666666666666666,3.5008246999932453,qLDPC GF(q) syndrome reference decoder executed; not a full industrial qLDPC implementation; q=8; decoder=qary_hard_syndrome_bf; channel_model=qary_symmetric; check_fraction=0.5; row_weight=4; syndrome_symbols=32; syndrome_bits=384; verification_bits=128; success=2/4,d3ef20759633ed3a
real_typeii_20db_d8_bw180_blk0,real_data,8,180,8,64,4,4,qary_hard_syndrome_bf,qary_symmetric,0.33,3,20,qldpc_reference,reference,qary_ldpc_reference_qary_hard_syndrome_bf_internal_gf2m_8,4,0,0,4,0.0,0.0859375,0.078125,392.0,0.5104166666666666,0.0993284999858588,qLDPC GF(q) syndrome reference decoder executed; not a full industrial qLDPC implementation; q=8; decoder=qary_hard_syndrome_bf; channel_model=qary_symmetric; check_fraction=0.33; row_weight=3; syndrome_symbols=22; syndrome_bits=264; verification_bits=128; success=0/4,0b962a07318c87cc
real_typeii_20db_d8_bw120_blk0,real_data,8,120,8,64,4,4,qary_hard_syndrome_bf,qary_symmetric,0.33,3,20,qldpc_reference,ok,qary_ldpc_reference_qary_hard_syndrome_bf_internal_gf2m_8,4,2,1,1,0.5,0.125,0.07421875,512.0,0.6666666666666666,5.3348466999595985,qLDPC GF(q) syndrome reference decoder executed; not a full industrial qLDPC implementation; q=8; decoder=qary_hard_syndrome_bf; channel_model=qary_symmetric; check_fraction=0.5; row_weight=4; syndrome_symbols=32; syndrome_bits=384; verification_bits=128; success=2/4,ec3c47203d968697
real_typeii_20db_d8_bw120_blk0,real_data,8,120,8,64,4,4,qary_hard_syndrome_bf,qary_symmetric,0.5,4,20,qldpc_reference,ok,qary_ldpc_reference_qary_hard_syndrome_bf_internal_gf2m_8,4,2,1,1,0.5,0.125,0.07421875,512.0,0.6666666666666666,3.5344857000745833,qLDPC GF(q) syndrome reference decoder executed; not a full industrial qLDPC implementation; q=8; decoder=qary_hard_syndrome_bf; channel_model=qary_symmetric; check_fraction=0.5; row_weight=4; syndrome_symbols=32; syndrome_bits=384; verification_bits=128; success=2/4,70f03ad2a6815ec3
real_typeii_20db_d8_bw180_blk0,real_data,8,180,8,64,4,4,qary_hard_syndrome_bf,qary_symmetric,0.33,4,20,qldpc_reference,reference,qary_ldpc_reference_qary_hard_syndrome_bf_internal_gf2m_8,4,0,1,3,0.0,0.0859375,0.08203125,392.0,0.5104166666666666,0.22327800001949072,qLDPC GF(q) syndrome reference decoder executed; not a full industrial qLDPC implementation; q=8; decoder=qary_hard_syndrome_bf; channel_model=qary_symmetric; check_fraction=0.33; row_weight=4; syndrome_symbols=22; syndrome_bits=264; verification_bits=128; success=0/4,b2c6fbab915c06c2
real_typeii_20db_d8_bw150_blk0,real_data,8,150,8,64,4,4,qary_hard_syndrome_bf,qary_symmetric,0.5,4,20,qldpc_reference,ok,qary_ldpc_reference_qary_hard_syndrome_bf_internal_gf2m_8,4,1,0,3,0.25,0.09375,0.0234375,512.0,0.6666666666666666,0.7181979999877512,qLDPC GF(q) syndrome reference decoder executed; not a full industrial qLDPC implementation; q=8; decoder=qary_hard_syndrome_bf; channel_model=qary_symmetric; check_fraction=0.5; row_weight=4; syndrome_symbols=32; syndrome_bits=384; verification_bits=128; success=1/4,43d014f94c106833
real_typeii_20db_d8_bw180_blk0,real_data,8,180,8,64,4,4,qary_hard_syndrome_bf,qary_symmetric,0.5,3,20,qldpc_reference,ok,qary_ldpc_reference_qary_hard_syndrome_bf_internal_gf2m_8,4,2,1,1,0.5,0.0859375,0.03515625,512.0,0.6666666666666666,0.10526440001558512,qLDPC GF(q) syndrome reference decoder executed; not a full industrial qLDPC implementation; q=8; decoder=qary_hard_syndrome_bf; channel_model=qary_symmetric; check_fraction=0.5; row_weight=3; syndrome_symbols=32; syndrome_bits=384; verification_bits=128; success=2/4,d3ef20759633ed3a
real_typeii_20db_d8_bw180_blk0,real_data,8,180,8,64,4,4,qary_hard_syndrome_bf,qary_symmetric,0.5,4,20,qldpc_reference,ok,qary_ldpc_reference_qary_hard_syndrome_bf_internal_gf2m_8,4,2,0,2,0.5,0.0859375,0.015625,512.0,0.6666666666666666,0.10667240002658218,qLDPC GF(q) syndrome reference decoder executed; not a full industrial qLDPC implementation; q=8; decoder=qary_hard_syndrome_bf; channel_model=qary_symmetric; check_fraction=0.5; row_weight=4; syndrome_symbols=32; syndrome_bits=384; verification_bits=128; success=2/4,43d014f94c106833
real_typeii_20db_d8_bw100_blk0,real_data,8,100,8,64,4,4,qary_hard_syndrome_bf,qary_symmetric,0.33,4,20,qldpc_reference,reference,qary_ldpc_reference_qary_hard_syndrome_bf_internal_gf2m_8,4,0,0,4,0.0,0.15234375,0.06640625,512.0,0.6666666666666666,9.25934539991431,qLDPC GF(q) syndrome reference decoder executed; not a full industrial qLDPC implementation; q=8; decoder=qary_hard_syndrome_bf; channel_model=qary_symmetric; check_fraction=0.5; row_weight=4; syndrome_symbols=32; syndrome_bits=384; verification_bits=128; success=0/4,eb5e714c53e22f14
real_typeii_20db_d8_bw180_blk0,real_data,8,180,8,64,4,4,qary_hard_syndrome_bf,qary_symmetric,0.5,4,20,qldpc_reference,ok,qary_ldpc_reference_qary_hard_syndrome_bf_internal_gf2m_8,4,1,2,1,0.25,0.0859375,0.05859375,512.0,0.6666666666666666,0.29901820002123713,qLDPC GF(q) syndrome reference decoder executed; not a full industrial qLDPC implementation; q=8; decoder=qary_hard_syndrome_bf; channel_model=qary_symmetric; check_fraction=0.5; row_weight=4; syndrome_symbols=32; syndrome_bits=384; verification_bits=128; success=1/4,70f03ad2a6815ec3
real_typeii_20db_d8_bw150_blk0,real_data,8,150,8,64,4,4,qary_hard_syndrome_bf,qary_symmetric,0.5,3,20,qldpc_reference,ok,qary_ldpc_reference_qary_hard_syndrome_bf_internal_gf2m_8,4,1,0,3,0.25,0.09375,0.0234375,512.0,0.6666666666666666,2.300197699922137,qLDPC GF(q) syndrome reference decoder executed; not a full industrial qLDPC implementation; q=8; decoder=qary_hard_syndrome_bf; channel_model=qary_symmetric; check_fraction=0.5; row_weight=4; syndrome_symbols=32; syndrome_bits=384; verification_bits=128; success=1/4,522f89e80edee7a1
real_typeii_20db_d8_bw180_blk0,real_data,8,180,8,64,4,4,qary_hard_syndrome_bf,qary_symmetric,0.5,3,20,qldpc_reference,ok,qary_ldpc_reference_qary_hard_syndrome_bf_internal_gf2m_8,4,2,1,1,0.5,0.0859375,0.03515625,512.0,0.6666666666666666,0.84555620001629,qLDPC GF(q) syndrome reference decoder executed; not a full industrial qLDPC implementation; q=8; decoder=qary_hard_syndrome_bf; channel_model=qary_symmetric; check_fraction=0.5; row_weight=3; syndrome_symbols=32; syndrome_bits=384; verification_bits=128; success=2/4,522f89e80edee7a1
real_typeii_20db_d8_bw180_blk0,real_data,8,180,8,64,4,4,qary_hard_syndrome_bf,qary_symmetric,0.33,3,20,qldpc_reference,ok,qary_ldpc_reference_qary_hard_syndrome_bf_internal_gf2m_8,4,1,2,1,0.25,0.0859375,0.05859375,512.0,0.6666666666666666,1.31850559997838,qLDPC GF(q) syndrome reference decoder executed; not a full industrial qLDPC implementation; q=8; decoder=qary_hard_syndrome_bf; channel_model=qary_symmetric; check_fraction=0.5; row_weight=4; syndrome_symbols=32; syndrome_bits=384; verification_bits=128; success=1/4,ec3c47203d968697
real_typeii_20db_d8_bw150_blk0,real_data,8,150,8,64,4,4,qary_hard_syndrome_bf,qary_symmetric,0.5,3,20,qldpc_reference,ok,qary_ldpc_reference_qary_hard_syndrome_bf_internal_gf2m_8,4,1,0,3,0.25,0.09375,0.0234375,512.0,0.6666666666666666,2.40322630002629,qLDPC GF(q) syndrome reference decoder executed; not a full industrial qLDPC implementation; q=8; decoder=qary_hard_syndrome_bf; channel_model=qary_symmetric; check_fraction=0.5; row_weight=4; syndrome_symbols=32; syndrome_bits=384; verification_bits=128; success=1/4,d3ef20759633ed3a
real_typeii_20db_d8_bw150_blk0,real_data,8,150,8,64,4,4,qary_hard_syndrome_bf,qary_symmetric,0.5,4,20,qldpc_reference,ok,qary_ldpc_reference_qary_hard_syndrome_bf_internal_gf2m_8,4,1,0,3,0.25,0.09375,0.0234375,512.0,0.6666666666666666,1.7885142000159249,qLDPC GF(q) syndrome reference decoder executed; not a full industrial qLDPC implementation; q=8; decoder=qary_hard_syndrome_bf; channel_model=qary_symmetric; check_fraction=0.5; row_weight=4; syndrome_symbols=32; syndrome_bits=384; verification_bits=128; success=1/4,70f03ad2a6815ec3
real_typeii_20db_d8_bw180_blk0,real_data,8,180,8,64,4,4,qary_hard_syndrome_bf,qary_symmetric,0.33,4,20,qldpc_reference,ok,qary_ldpc_reference_qary_hard_syndrome_bf_internal_gf2m_8,4,1,2,1,0.25,0.0859375,0.05859375,512.0,0.6666666666666666,1.4307983999606222,qLDPC GF(q) syndrome reference decoder executed; not a full industrial qLDPC implementation; q=8; decoder=qary_hard_syndrome_bf; channel_model=qary_symmetric; check_fraction=0.5; row_weight=4; syndrome_symbols=32; syndrome_bits=384; verification_bits=128; success=1/4,eb5e714c53e22f14
