dataset_id,method,frame_idx,decode_success,verify_success,raw_frame_ser,raw_frame_ber,post_frame_ser,post_frame_ber,leak_bits_frame,iterations_used,runtime_ms,failure_reason,unsatisfied_checks_initial,unsatisfied_checks_final,syndrome_weight_initial,syndrome_weight_final,candidate_updates,notes,dimension,bin_width_ps,data_mode,q,frame_cap,decoder,channel_model,check_fraction,row_weight,max_iter,param_hash
qldpc_synth_q4_ser0p01_flen64,qldpc_reference,0,True,True,0.03125,0.0234375,0.0,0.0,76.0,2,3.714499995112419,,3,0,3,0,2,channel_model=qary_symmetric; syndrome_symbols=22,4,,synthetic,4,4,qary_hard_syndrome_bf,qary_symmetric,0.33,3,20,0b962a07318c87cc
qldpc_synth_q4_ser0p01_flen64,qldpc_reference,1,True,True,0.015625,0.015625,0.0,0.0,76.0,1,1.5890999929979444,,1,0,1,0,1,channel_model=qary_symmetric; syndrome_symbols=22,4,,synthetic,4,4,qary_hard_syndrome_bf,qary_symmetric,0.33,3,20,0b962a07318c87cc
qldpc_synth_q4_ser0p01_flen64,qldpc_reference,2,True,True,0.0,0.0,0.0,0.0,76.0,0,1.7202000599354506,,0,0,0,0,0,channel_model=qary_symmetric; syndrome_symbols=22,4,,synthetic,4,4,qary_hard_syndrome_bf,qary_symmetric,0.33,3,20,0b962a07318c87cc
qldpc_synth_q4_ser0p01_flen64,qldpc_reference,3,True,True,0.0,0.0,0.0,0.0,76.0,0,1.7428999999538064,,0,0,0,0,0,channel_model=qary_symmetric; syndrome_symbols=22,4,,synthetic,4,4,qary_hard_syndrome_bf,qary_symmetric,0.33,3,20,0b962a07318c87cc
qldpc_synth_q4_ser0p01_flen128,qldpc_reference,0,True,False,0.015625,0.0078125,0.015625,0.0078125,118.0,2,6.91019999794662,candidate_failed_verification,3,0,3,0,2,channel_model=qary_symmetric; syndrome_symbols=43,4,,synthetic,4,4,qary_hard_syndrome_bf,qary_symmetric,0.33,3,20,0b962a07318c87cc
qldpc_synth_q4_ser0p01_flen128,qldpc_reference,1,True,True,0.0078125,0.00390625,0.0,0.0,118.0,1,3.959599998779595,,2,0,2,0,1,channel_model=qary_symmetric; syndrome_symbols=43,4,,synthetic,4,4,qary_hard_syndrome_bf,qary_symmetric,0.33,3,20,0b962a07318c87cc
qldpc_synth_q4_ser0p01_flen128,qldpc_reference,2,True,True,0.0078125,0.00390625,0.0,0.0,118.0,1,4.834100021980703,,1,0,1,0,1,channel_model=qary_symmetric; syndrome_symbols=43,4,,synthetic,4,4,qary_hard_syndrome_bf,qary_symmetric,0.33,3,20,0b962a07318c87cc
qldpc_synth_q4_ser0p01_flen128,qldpc_reference,3,True,True,0.0078125,0.00390625,0.0,0.0,118.0,1,12.248600018210709,,1,0,1,0,1,channel_model=qary_symmetric; syndrome_symbols=43,4,,synthetic,4,4,qary_hard_syndrome_bf,qary_symmetric,0.33,3,20,0b962a07318c87cc
qldpc_synth_q4_ser0p01_flen64,qldpc_reference,0,True,False,0.03125,0.0234375,0.03125,0.0234375,76.0,2,5.395099986344576,candidate_failed_verification,2,0,2,0,2,channel_model=qary_symmetric; syndrome_symbols=22,4,,synthetic,4,4,qary_hard_syndrome_bf,qary_symmetric,0.33,4,20,eb5e714c53e22f14
qldpc_synth_q4_ser0p01_flen64,qldpc_reference,1,True,True,0.015625,0.015625,0.0,0.0,76.0,1,1.8445999594405293,,2,0,2,0,1,channel_model=qary_symmetric; syndrome_symbols=22,4,,synthetic,4,4,qary_hard_syndrome_bf,qary_symmetric,0.33,4,20,eb5e714c53e22f14
qldpc_synth_q4_ser0p01_flen64,qldpc_reference,2,True,True,0.0,0.0,0.0,0.0,76.0,0,1.844199956394732,,0,0,0,0,0,channel_model=qary_symmetric; syndrome_symbols=22,4,,synthetic,4,4,qary_hard_syndrome_bf,qary_symmetric,0.33,4,20,eb5e714c53e22f14
qldpc_synth_q4_ser0p01_flen64,qldpc_reference,3,True,True,0.0,0.0,0.0,0.0,76.0,0,1.8159999744966626,,0,0,0,0,0,channel_model=qary_symmetric; syndrome_symbols=22,4,,synthetic,4,4,qary_hard_syndrome_bf,qary_symmetric,0.33,4,20,eb5e714c53e22f14
qldpc_synth_q4_ser0p01_flen64,qldpc_reference,0,True,False,0.03125,0.0234375,0.03125,0.0234375,96.0,2,5.4287000093609095,candidate_failed_verification,2,0,2,0,2,channel_model=qary_symmetric; syndrome_symbols=32,4,,synthetic,4,4,qary_hard_syndrome_bf,qary_symmetric,0.5,4,20,70f03ad2a6815ec3
qldpc_synth_q4_ser0p01_flen64,qldpc_reference,1,True,True,0.015625,0.015625,0.0,0.0,96.0,1,2.533899969421327,,2,0,2,0,1,channel_model=qary_symmetric; syndrome_symbols=32,4,,synthetic,4,4,qary_hard_syndrome_bf,qary_symmetric,0.5,4,20,70f03ad2a6815ec3
qldpc_synth_q4_ser0p01_flen64,qldpc_reference,2,True,True,0.0,0.0,0.0,0.0,96.0,0,2.3509999737143517,,0,0,0,0,0,channel_model=qary_symmetric; syndrome_symbols=32,4,,synthetic,4,4,qary_hard_syndrome_bf,qary_symmetric,0.5,4,20,70f03ad2a6815ec3
qldpc_synth_q4_ser0p01_flen64,qldpc_reference,3,True,True,0.0,0.0,0.0,0.0,96.0,0,2.383400104008615,,0,0,0,0,0,channel_model=qary_symmetric; syndrome_symbols=32,4,,synthetic,4,4,qary_hard_syndrome_bf,qary_symmetric,0.5,4,20,70f03ad2a6815ec3
qldpc_synth_q4_ser0p01_flen128,qldpc_reference,0,True,True,0.015625,0.0078125,0.0,0.0,118.0,2,10.334599995985627,,4,0,4,0,2,channel_model=qary_symmetric; syndrome_symbols=43,4,,synthetic,4,4,qary_hard_syndrome_bf,qary_symmetric,0.33,4,20,b2c6fbab915c06c2
qldpc_synth_q4_ser0p01_flen128,qldpc_reference,1,True,True,0.0078125,0.00390625,0.0,0.0,118.0,1,4.479299997910857,,5,0,5,0,1,channel_model=qary_symmetric; syndrome_symbols=43,4,,synthetic,4,4,qary_hard_syndrome_bf,qary_symmetric,0.33,4,20,b2c6fbab915c06c2
qldpc_synth_q4_ser0p01_flen128,qldpc_reference,2,True,True,0.0078125,0.00390625,0.0,0.0,118.0,1,4.227499943226576,,2,0,2,0,1,channel_model=qary_symmetric; syndrome_symbols=43,4,,synthetic,4,4,qary_hard_syndrome_bf,qary_symmetric,0.33,4,20,b2c6fbab915c06c2
qldpc_synth_q4_ser0p01_flen128,qldpc_reference,3,True,True,0.0078125,0.00390625,0.0,0.0,118.0,1,4.737299983389676,,1,0,1,0,1,channel_model=qary_symmetric; syndrome_symbols=43,4,,synthetic,4,4,qary_hard_syndrome_bf,qary_symmetric,0.33,4,20,b2c6fbab915c06c2
qldpc_synth_q4_ser0p01_flen128,qldpc_reference,0,True,True,0.015625,0.0078125,0.0,0.0,160.0,2,10.680499952286482,,5,0,5,0,2,channel_model=qary_symmetric; syndrome_symbols=64,4,,synthetic,4,4,qary_hard_syndrome_bf,qary_symmetric,0.5,3,20,522f89e80edee7a1
qldpc_synth_q4_ser0p01_flen128,qldpc_reference,1,True,True,0.0078125,0.00390625,0.0,0.0,160.0,1,4.807899938896298,,3,0,3,0,1,channel_model=qary_symmetric; syndrome_symbols=64,4,,synthetic,4,4,qary_hard_syndrome_bf,qary_symmetric,0.5,3,20,522f89e80edee7a1
qldpc_synth_q4_ser0p01_flen128,qldpc_reference,2,True,True,0.0078125,0.00390625,0.0,0.0,160.0,1,4.294899990782142,,1,0,1,0,1,channel_model=qary_symmetric; syndrome_symbols=64,4,,synthetic,4,4,qary_hard_syndrome_bf,qary_symmetric,0.5,3,20,522f89e80edee7a1
qldpc_synth_q4_ser0p01_flen128,qldpc_reference,3,True,True,0.0078125,0.00390625,0.0,0.0,160.0,1,4.980299971066415,,1,0,1,0,1,channel_model=qary_symmetric; syndrome_symbols=64,4,,synthetic,4,4,qary_hard_syndrome_bf,qary_symmetric,0.5,3,20,522f89e80edee7a1
qldpc_synth_q4_ser0p01_flen128,qldpc_reference,0,True,False,0.015625,0.0078125,0.015625,0.0078125,160.0,2,7.744900067336857,candidate_failed_verification,5,0,5,0,2,channel_model=qary_symmetric; syndrome_symbols=64,4,,synthetic,4,4,qary_hard_syndrome_bf,qary_symmetric,0.5,3,20,d3ef20759633ed3a
qldpc_synth_q4_ser0p01_flen128,qldpc_reference,1,True,True,0.0078125,0.00390625,0.0,0.0,160.0,1,5.02549996599555,,3,0,3,0,1,channel_model=qary_symmetric; syndrome_symbols=64,4,,synthetic,4,4,qary_hard_syndrome_bf,qary_symmetric,0.5,3,20,d3ef20759633ed3a
qldpc_synth_q4_ser0p01_flen128,qldpc_reference,2,True,True,0.0078125,0.00390625,0.0,0.0,160.0,1,4.318400053307414,,4,0,4,0,1,channel_model=qary_symmetric; syndrome_symbols=64,4,,synthetic,4,4,qary_hard_syndrome_bf,qary_symmetric,0.5,3,20,d3ef20759633ed3a
qldpc_synth_q4_ser0p01_flen128,qldpc_reference,3,True,True,0.0078125,0.00390625,0.0,0.0,160.0,1,5.221499945037067,,3,0,3,0,1,channel_model=qary_symmetric; syndrome_symbols=64,4,,synthetic,4,4,qary_hard_syndrome_bf,qary_symmetric,0.5,3,20,d3ef20759633ed3a
qldpc_synth_q4_ser0p01_flen64,qldpc_reference,0,True,False,0.03125,0.0234375,0.03125,0.0234375,96.0,2,4.112399998120964,candidate_failed_verification,2,0,2,0,2,channel_model=qary_symmetric; syndrome_symbols=32,4,,synthetic,4,4,qary_hard_syndrome_bf,qary_symmetric,0.5,3,20,d3ef20759633ed3a
qldpc_synth_q4_ser0p01_flen64,qldpc_reference,1,True,True,0.015625,0.015625,0.0,0.0,96.0,1,2.0377999171614647,,1,0,1,0,1,channel_model=qary_symmetric; syndrome_symbols=32,4,,synthetic,4,4,qary_hard_syndrome_bf,qary_symmetric,0.5,3,20,d3ef20759633ed3a
qldpc_synth_q4_ser0p01_flen64,qldpc_reference,2,True,True,0.0,0.0,0.0,0.0,96.0,0,1.9107999978587031,,0,0,0,0,0,channel_model=qary_symmetric; syndrome_symbols=32,4,,synthetic,4,4,qary_hard_syndrome_bf,qary_symmetric,0.5,3,20,d3ef20759633ed3a
qldpc_synth_q4_ser0p01_flen64,qldpc_reference,3,True,True,0.0,0.0,0.0,0.0,96.0,0,2.0317999878898263,,0,0,0,0,0,channel_model=qary_symmetric; syndrome_symbols=32,4,,synthetic,4,4,qary_hard_syndrome_bf,qary_symmetric,0.5,3,20,d3ef20759633ed3a
qldpc_synth_q4_ser0p01_flen64,qldpc_reference,0,True,True,0.03125,0.0234375,0.0,0.0,76.0,2,4.592700046487153,,2,0,2,0,2,channel_model=qary_symmetric; syndrome_symbols=22,4,,synthetic,4,4,qary_hard_syndrome_bf,qary_symmetric,0.33,3,20,ec3c47203d968697
qldpc_synth_q4_ser0p01_flen64,qldpc_reference,1,True,True,0.015625,0.015625,0.0,0.0,76.0,1,1.5304998960345984,,1,0,1,0,1,channel_model=qary_symmetric; syndrome_symbols=22,4,,synthetic,4,4,qary_hard_syndrome_bf,qary_symmetric,0.33,3,20,ec3c47203d968697
qldpc_synth_q4_ser0p01_flen64,qldpc_reference,2,True,True,0.0,0.0,0.0,0.0,76.0,0,1.4909000601619482,,0,0,0,0,0,channel_model=qary_symmetric; syndrome_symbols=22,4,,synthetic,4,4,qary_hard_syndrome_bf,qary_symmetric,0.33,3,20,ec3c47203d968697
qldpc_synth_q4_ser0p01_flen64,qldpc_reference,3,True,True,0.0,0.0,0.0,0.0,76.0,0,1.5550999669358134,,0,0,0,0,0,channel_model=qary_symmetric; syndrome_symbols=22,4,,synthetic,4,4,qary_hard_syndrome_bf,qary_symmetric,0.33,3,20,ec3c47203d968697
qldpc_synth_q4_ser0p03_flen64,qldpc_reference,0,True,True,0.03125,0.0234375,0.0,0.0,76.0,2,3.599699935875833,,3,0,3,0,2,channel_model=qary_symmetric; syndrome_symbols=22,4,,synthetic,4,4,qary_hard_syndrome_bf,qary_symmetric,0.33,3,20,0b962a07318c87cc
qldpc_synth_q4_ser0p03_flen64,qldpc_reference,1,True,True,0.046875,0.0390625,0.0,0.0,76.0,3,5.149399978108704,,6,0,6,0,3,channel_model=qary_symmetric; syndrome_symbols=22,4,,synthetic,4,4,qary_hard_syndrome_bf,qary_symmetric,0.33,3,20,0b962a07318c87cc
qldpc_synth_q4_ser0p03_flen64,qldpc_reference,2,True,False,0.015625,0.015625,0.03125,0.0234375,76.0,1,1.7565999878570437,candidate_failed_verification,1,0,1,0,1,channel_model=qary_symmetric; syndrome_symbols=22,4,,synthetic,4,4,qary_hard_syndrome_bf,qary_symmetric,0.33,3,20,0b962a07318c87cc
qldpc_synth_q4_ser0p03_flen64,qldpc_reference,3,True,False,0.046875,0.0234375,0.0625,0.0390625,76.0,3,5.590899963863194,candidate_failed_verification,5,0,5,0,3,channel_model=qary_symmetric; syndrome_symbols=22,4,,synthetic,4,4,qary_hard_syndrome_bf,qary_symmetric,0.33,3,20,0b962a07318c87cc
qldpc_synth_q4_ser0p01_flen64,qldpc_reference,0,True,True,0.03125,0.0234375,0.0,0.0,96.0,2,4.515599925071001,,3,0,3,0,2,channel_model=qary_symmetric; syndrome_symbols=32,4,,synthetic,4,4,qary_hard_syndrome_bf,qary_symmetric,0.5,4,20,43d014f94c106833
qldpc_synth_q4_ser0p01_flen64,qldpc_reference,1,True,True,0.015625,0.015625,0.0,0.0,96.0,1,2.4709999561309814,,3,0,3,0,1,channel_model=qary_symmetric; syndrome_symbols=32,4,,synthetic,4,4,qary_hard_syndrome_bf,qary_symmetric,0.5,4,20,43d014f94c106833
qldpc_synth_q4_ser0p01_flen64,qldpc_reference,2,True,True,0.0,0.0,0.0,0.0,96.0,0,2.3991999914869666,,0,0,0,0,0,channel_model=qary_symmetric; syndrome_symbols=32,4,,synthetic,4,4,qary_hard_syndrome_bf,qary_symmetric,0.5,4,20,43d014f94c106833
qldpc_synth_q4_ser0p01_flen64,qldpc_reference,3,True,True,0.0,0.0,0.0,0.0,96.0,0,2.5194999761879444,,0,0,0,0,0,channel_model=qary_symmetric; syndrome_symbols=32,4,,synthetic,4,4,qary_hard_syndrome_bf,qary_symmetric,0.5,4,20,43d014f94c106833
qldpc_synth_q4_ser0p03_flen64,qldpc_reference,0,True,False,0.03125,0.0234375,0.03125,0.03125,76.0,2,4.24340006429702,candidate_failed_verification,2,0,2,0,2,channel_model=qary_symmetric; syndrome_symbols=22,4,,synthetic,4,4,qary_hard_syndrome_bf,qary_symmetric,0.33,4,20,b2c6fbab915c06c2
qldpc_synth_q4_ser0p03_flen64,qldpc_reference,1,True,False,0.046875,0.0390625,0.03125,0.015625,76.0,3,6.445800070650876,candidate_failed_verification,3,0,3,0,3,channel_model=qary_symmetric; syndrome_symbols=22,4,,synthetic,4,4,qary_hard_syndrome_bf,qary_symmetric,0.33,4,20,b2c6fbab915c06c2
qldpc_synth_q4_ser0p03_flen64,qldpc_reference,2,True,True,0.015625,0.015625,0.0,0.0,76.0,1,2.744699944742024,,2,0,2,0,1,channel_model=qary_symmetric; syndrome_symbols=22,4,,synthetic,4,4,qary_hard_syndrome_bf,qary_symmetric,0.33,4,20,b2c6fbab915c06c2
qldpc_synth_q4_ser0p03_flen64,qldpc_reference,3,True,False,0.046875,0.0234375,0.03125,0.015625,76.0,3,6.3336999155581,candidate_failed_verification,3,0,3,0,3,channel_model=qary_symmetric; syndrome_symbols=22,4,,synthetic,4,4,qary_hard_syndrome_bf,qary_symmetric,0.33,4,20,b2c6fbab915c06c2
qldpc_synth_q4_ser0p01_flen128,qldpc_reference,0,True,True,0.015625,0.0078125,0.0,0.0,160.0,2,12.356900027953088,,6,0,6,0,2,channel_model=qary_symmetric; syndrome_symbols=64,4,,synthetic,4,4,qary_hard_syndrome_bf,qary_symmetric,0.5,4,20,70f03ad2a6815ec3
qldpc_synth_q4_ser0p01_flen128,qldpc_reference,1,True,True,0.0078125,0.00390625,0.0,0.0,160.0,1,5.793599993921816,,4,0,4,0,1,channel_model=qary_symmetric; syndrome_symbols=64,4,,synthetic,4,4,qary_hard_syndrome_bf,qary_symmetric,0.5,4,20,70f03ad2a6815ec3
qldpc_synth_q4_ser0p01_flen128,qldpc_reference,2,True,True,0.0078125,0.00390625,0.0,0.0,160.0,1,5.40200003888458,,4,0,4,0,1,channel_model=qary_symmetric; syndrome_symbols=64,4,,synthetic,4,4,qary_hard_syndrome_bf,qary_symmetric,0.5,4,20,70f03ad2a6815ec3
qldpc_synth_q4_ser0p01_flen128,qldpc_reference,3,True,True,0.0078125,0.00390625,0.0,0.0,160.0,1,5.905899917706847,,2,0,2,0,1,channel_model=qary_symmetric; syndrome_symbols=64,4,,synthetic,4,4,qary_hard_syndrome_bf,qary_symmetric,0.5,4,20,70f03ad2a6815ec3
qldpc_synth_q4_ser0p03_flen64,qldpc_reference,0,True,False,0.03125,0.0234375,0.03125,0.0234375,76.0,2,5.047700018621981,candidate_failed_verification,2,0,2,0,2,channel_model=qary_symmetric; syndrome_symbols=22,4,,synthetic,4,4,qary_hard_syndrome_bf,qary_symmetric,0.33,4,20,eb5e714c53e22f14
qldpc_synth_q4_ser0p03_flen64,qldpc_reference,1,True,False,0.046875,0.0390625,0.046875,0.03125,76.0,2,10.457800002768636,candidate_failed_verification,2,0,2,0,2,channel_model=qary_symmetric; syndrome_symbols=22,4,,synthetic,4,4,qary_hard_syndrome_bf,qary_symmetric,0.33,4,20,eb5e714c53e22f14
qldpc_synth_q4_ser0p03_flen64,qldpc_reference,2,True,True,0.015625,0.015625,0.0,0.0,76.0,1,2.863000030629337,,1,0,1,0,1,channel_model=qary_symmetric; syndrome_symbols=22,4,,synthetic,4,4,qary_hard_syndrome_bf,qary_symmetric,0.33,4,20,eb5e714c53e22f14
qldpc_synth_q4_ser0p03_flen64,qldpc_reference,3,True,False,0.046875,0.0234375,0.03125,0.015625,76.0,3,5.981299909763038,candidate_failed_verification,5,0,5,0,3,channel_model=qary_symmetric; syndrome_symbols=22,4,,synthetic,4,4,qary_hard_syndrome_bf,qary_symmetric,0.33,4,20,eb5e714c53e22f14
qldpc_synth_q4_ser0p03_flen64,qldpc_reference,0,True,False,0.03125,0.0234375,0.03125,0.0234375,96.0,2,4.100400023162365,candidate_failed_verification,2,0,2,0,2,channel_model=qary_symmetric; syndrome_symbols=32,4,,synthetic,4,4,qary_hard_syndrome_bf,qary_symmetric,0.5,3,20,d3ef20759633ed3a
qldpc_synth_q4_ser0p03_flen64,qldpc_reference,1,True,False,0.046875,0.0390625,0.03125,0.015625,96.0,3,6.350899930112064,candidate_failed_verification,3,0,3,0,3,channel_model=qary_symmetric; syndrome_symbols=32,4,,synthetic,4,4,qary_hard_syndrome_bf,qary_symmetric,0.5,3,20,d3ef20759633ed3a
qldpc_synth_q4_ser0p03_flen64,qldpc_reference,2,True,True,0.015625,0.015625,0.0,0.0,96.0,1,2.8996000764891505,,3,0,3,0,1,channel_model=qary_symmetric; syndrome_symbols=32,4,,synthetic,4,4,qary_hard_syndrome_bf,qary_symmetric,0.5,3,20,d3ef20759633ed3a
qldpc_synth_q4_ser0p03_flen64,qldpc_reference,3,True,False,0.046875,0.0234375,0.03125,0.015625,96.0,3,6.577300024218857,candidate_failed_verification,4,0,4,0,3,channel_model=qary_symmetric; syndrome_symbols=32,4,,synthetic,4,4,qary_hard_syndrome_bf,qary_symmetric,0.5,3,20,d3ef20759633ed3a
qldpc_synth_q4_ser0p01_flen128,qldpc_reference,0,True,True,0.015625,0.0078125,0.0,0.0,160.0,2,11.755699990317225,,6,0,6,0,2,channel_model=qary_symmetric; syndrome_symbols=64,4,,synthetic,4,4,qary_hard_syndrome_bf,qary_symmetric,0.5,4,20,43d014f94c106833
qldpc_synth_q4_ser0p01_flen128,qldpc_reference,1,True,True,0.0078125,0.00390625,0.0,0.0,160.0,1,6.021999986842275,,5,0,5,0,1,channel_model=qary_symmetric; syndrome_symbols=64,4,,synthetic,4,4,qary_hard_syndrome_bf,qary_symmetric,0.5,4,20,43d014f94c106833
qldpc_synth_q4_ser0p01_flen128,qldpc_reference,2,True,True,0.0078125,0.00390625,0.0,0.0,160.0,1,6.006499985232949,,2,0,2,0,1,channel_model=qary_symmetric; syndrome_symbols=64,4,,synthetic,4,4,qary_hard_syndrome_bf,qary_symmetric,0.5,4,20,43d014f94c106833
qldpc_synth_q4_ser0p01_flen128,qldpc_reference,3,True,True,0.0078125,0.00390625,0.0,0.0,160.0,1,6.020399974659085,,2,0,2,0,1,channel_model=qary_symmetric; syndrome_symbols=64,4,,synthetic,4,4,qary_hard_syndrome_bf,qary_symmetric,0.5,4,20,43d014f94c106833
qldpc_synth_q4_ser0p01_flen128,qldpc_reference,0,True,True,0.015625,0.0078125,0.0,0.0,118.0,2,10.34480007365346,,5,0,5,0,2,channel_model=qary_symmetric; syndrome_symbols=43,4,,synthetic,4,4,qary_hard_syndrome_bf,qary_symmetric,0.33,4,20,eb5e714c53e22f14
qldpc_synth_q4_ser0p01_flen128,qldpc_reference,1,True,True,0.0078125,0.00390625,0.0,0.0,118.0,1,4.433599999174476,,3,0,3,0,1,channel_model=qary_symmetric; syndrome_symbols=43,4,,synthetic,4,4,qary_hard_syndrome_bf,qary_symmetric,0.33,4,20,eb5e714c53e22f14
qldpc_synth_q4_ser0p01_flen128,qldpc_reference,2,True,True,0.0078125,0.00390625,0.0,0.0,118.0,1,3.9752000011503696,,4,0,4,0,1,channel_model=qary_symmetric; syndrome_symbols=43,4,,synthetic,4,4,qary_hard_syndrome_bf,qary_symmetric,0.33,4,20,eb5e714c53e22f14
qldpc_synth_q4_ser0p01_flen128,qldpc_reference,3,True,True,0.0078125,0.00390625,0.0,0.0,118.0,1,4.496500012464821,,2,0,2,0,1,channel_model=qary_symmetric; syndrome_symbols=43,4,,synthetic,4,4,qary_hard_syndrome_bf,qary_symmetric,0.33,4,20,eb5e714c53e22f14
qldpc_synth_q4_ser0p03_flen64,qldpc_reference,0,True,True,0.03125,0.0234375,0.0,0.0,76.0,2,4.499600036069751,,2,0,2,0,2,channel_model=qary_symmetric; syndrome_symbols=22,4,,synthetic,4,4,qary_hard_syndrome_bf,qary_symmetric,0.33,3,20,ec3c47203d968697
qldpc_synth_q4_ser0p03_flen64,qldpc_reference,1,True,False,0.046875,0.0390625,0.0625,0.0390625,76.0,3,5.423799972049892,candidate_failed_verification,3,0,3,0,3,channel_model=qary_symmetric; syndrome_symbols=22,4,,synthetic,4,4,qary_hard_syndrome_bf,qary_symmetric,0.33,3,20,ec3c47203d968697
qldpc_synth_q4_ser0p03_flen64,qldpc_reference,2,True,True,0.015625,0.015625,0.0,0.0,76.0,1,2.537099993787706,,2,0,2,0,1,channel_model=qary_symmetric; syndrome_symbols=22,4,,synthetic,4,4,qary_hard_syndrome_bf,qary_symmetric,0.33,3,20,ec3c47203d968697
qldpc_synth_q4_ser0p03_flen64,qldpc_reference,3,True,False,0.046875,0.0234375,0.0625,0.0390625,76.0,3,5.802000057883561,candidate_failed_verification,3,0,3,0,3,channel_model=qary_symmetric; syndrome_symbols=22,4,,synthetic,4,4,qary_hard_syndrome_bf,qary_symmetric,0.33,3,20,ec3c47203d968697
qldpc_synth_q4_ser0p03_flen128,qldpc_reference,0,True,False,0.03125,0.015625,0.046875,0.0234375,118.0,4,14.873099979013205,candidate_failed_verification,6,0,6,0,4,channel_model=qary_symmetric; syndrome_symbols=43,4,,synthetic,4,4,qary_hard_syndrome_bf,qary_symmetric,0.33,3,20,ec3c47203d968697
qldpc_synth_q4_ser0p03_flen128,qldpc_reference,1,True,True,0.0234375,0.01171875,0.0,0.0,118.0,3,11.153699946589768,,6,0,6,0,3,channel_model=qary_symmetric; syndrome_symbols=43,4,,synthetic,4,4,qary_hard_syndrome_bf,qary_symmetric,0.33,3,20,ec3c47203d968697
qldpc_synth_q4_ser0p03_flen128,qldpc_reference,2,True,False,0.0234375,0.015625,0.03125,0.01953125,118.0,3,16.08570001553744,candidate_failed_verification,4,0,4,0,3,channel_model=qary_symmetric; syndrome_symbols=43,4,,synthetic,4,4,qary_hard_syndrome_bf,qary_symmetric,0.33,3,20,ec3c47203d968697
qldpc_synth_q4_ser0p03_flen128,qldpc_reference,3,True,True,0.015625,0.0078125,0.0,0.0,118.0,2,10.114199947565794,,3,0,3,0,2,channel_model=qary_symmetric; syndrome_symbols=43,4,,synthetic,4,4,qary_hard_syndrome_bf,qary_symmetric,0.33,3,20,ec3c47203d968697
qldpc_synth_q4_ser0p03_flen64,qldpc_reference,0,True,True,0.03125,0.0234375,0.0,0.0,96.0,2,4.57230000756681,,3,0,3,0,2,channel_model=qary_symmetric; syndrome_symbols=32,4,,synthetic,4,4,qary_hard_syndrome_bf,qary_symmetric,0.5,4,20,43d014f94c106833
qldpc_synth_q4_ser0p03_flen64,qldpc_reference,1,True,True,0.046875,0.0390625,0.0,0.0,96.0,3,7.308100000955164,,7,0,7,0,3,channel_model=qary_symmetric; syndrome_symbols=32,4,,synthetic,4,4,qary_hard_syndrome_bf,qary_symmetric,0.5,4,20,43d014f94c106833
qldpc_synth_q4_ser0p03_flen64,qldpc_reference,2,True,True,0.015625,0.015625,0.0,0.0,96.0,1,3.3475999953225255,,2,0,2,0,1,channel_model=qary_symmetric; syndrome_symbols=32,4,,synthetic,4,4,qary_hard_syndrome_bf,qary_symmetric,0.5,4,20,43d014f94c106833
qldpc_synth_q4_ser0p03_flen64,qldpc_reference,3,True,False,0.046875,0.0234375,0.03125,0.0234375,96.0,2,4.873000085353851,candidate_failed_verification,3,0,3,0,2,channel_model=qary_symmetric; syndrome_symbols=32,4,,synthetic,4,4,qary_hard_syndrome_bf,qary_symmetric,0.5,4,20,43d014f94c106833
qldpc_synth_q4_ser0p03_flen64,qldpc_reference,0,True,True,0.03125,0.0234375,0.0,0.0,96.0,2,3.927999990992248,,4,0,4,0,2,channel_model=qary_symmetric; syndrome_symbols=32,4,,synthetic,4,4,qary_hard_syndrome_bf,qary_symmetric,0.5,3,20,522f89e80edee7a1
qldpc_synth_q4_ser0p03_flen64,qldpc_reference,1,True,True,0.046875,0.0390625,0.0,0.0,96.0,3,6.117700017057359,,7,0,7,0,3,channel_model=qary_symmetric; syndrome_symbols=32,4,,synthetic,4,4,qary_hard_syndrome_bf,qary_symmetric,0.5,3,20,522f89e80edee7a1
qldpc_synth_q4_ser0p03_flen64,qldpc_reference,2,True,True,0.015625,0.015625,0.0,0.0,96.0,1,2.8352999361231923,,1,0,1,0,1,channel_model=qary_symmetric; syndrome_symbols=32,4,,synthetic,4,4,qary_hard_syndrome_bf,qary_symmetric,0.5,3,20,522f89e80edee7a1
qldpc_synth_q4_ser0p03_flen64,qldpc_reference,3,True,True,0.046875,0.0234375,0.0,0.0,96.0,3,6.436600000597537,,6,0,6,0,3,channel_model=qary_symmetric; syndrome_symbols=32,4,,synthetic,4,4,qary_hard_syndrome_bf,qary_symmetric,0.5,3,20,522f89e80edee7a1
qldpc_synth_q4_ser0p03_flen128,qldpc_reference,0,True,False,0.03125,0.015625,0.015625,0.0078125,160.0,4,17.958100070245564,candidate_failed_verification,7,0,7,0,4,channel_model=qary_symmetric; syndrome_symbols=64,4,,synthetic,4,4,qary_hard_syndrome_bf,qary_symmetric,0.5,3,20,522f89e80edee7a1
qldpc_synth_q4_ser0p03_flen128,qldpc_reference,1,True,True,0.0234375,0.01171875,0.0,0.0,160.0,3,11.599599965848029,,5,0,5,0,3,channel_model=qary_symmetric; syndrome_symbols=64,4,,synthetic,4,4,qary_hard_syndrome_bf,qary_symmetric,0.5,3,20,522f89e80edee7a1
qldpc_synth_q4_ser0p03_flen128,qldpc_reference,2,True,True,0.0234375,0.015625,0.0,0.0,160.0,3,11.672800057567656,,6,0,6,0,3,channel_model=qary_symmetric; syndrome_symbols=64,4,,synthetic,4,4,qary_hard_syndrome_bf,qary_symmetric,0.5,3,20,522f89e80edee7a1
qldpc_synth_q4_ser0p03_flen128,qldpc_reference,3,True,True,0.015625,0.0078125,0.0,0.0,160.0,2,9.183399961329997,,3,0,3,0,2,channel_model=qary_symmetric; syndrome_symbols=64,4,,synthetic,4,4,qary_hard_syndrome_bf,qary_symmetric,0.5,3,20,522f89e80edee7a1
qldpc_synth_q4_ser0p03_flen64,qldpc_reference,0,True,False,0.03125,0.0234375,0.03125,0.0234375,96.0,2,5.374999949708581,candidate_failed_verification,2,0,2,0,2,channel_model=qary_symmetric; syndrome_symbols=32,4,,synthetic,4,4,qary_hard_syndrome_bf,qary_symmetric,0.5,4,20,70f03ad2a6815ec3
qldpc_synth_q4_ser0p03_flen64,qldpc_reference,1,True,False,0.046875,0.0390625,0.046875,0.03125,96.0,2,5.728999967686832,candidate_failed_verification,2,0,2,0,2,channel_model=qary_symmetric; syndrome_symbols=32,4,,synthetic,4,4,qary_hard_syndrome_bf,qary_symmetric,0.5,4,20,70f03ad2a6815ec3
qldpc_synth_q4_ser0p03_flen64,qldpc_reference,2,True,False,0.015625,0.015625,0.03125,0.03125,96.0,1,2.6741999899968505,candidate_failed_verification,1,0,1,0,1,channel_model=qary_symmetric; syndrome_symbols=32,4,,synthetic,4,4,qary_hard_syndrome_bf,qary_symmetric,0.5,4,20,70f03ad2a6815ec3
qldpc_synth_q4_ser0p03_flen64,qldpc_reference,3,True,True,0.046875,0.0234375,0.0,0.0,96.0,3,6.982400082051754,,9,0,9,0,3,channel_model=qary_symmetric; syndrome_symbols=32,4,,synthetic,4,4,qary_hard_syndrome_bf,qary_symmetric,0.5,4,20,70f03ad2a6815ec3
qldpc_synth_q4_ser0p01_flen64,qldpc_reference,0,True,False,0.03125,0.0234375,0.03125,0.03125,76.0,2,4.26860002335161,candidate_failed_verification,2,0,2,0,2,channel_model=qary_symmetric; syndrome_symbols=22,4,,synthetic,4,4,qary_hard_syndrome_bf,qary_symmetric,0.33,4,20,b2c6fbab915c06c2
qldpc_synth_q4_ser0p01_flen64,qldpc_reference,1,True,True,0.015625,0.015625,0.0,0.0,76.0,1,1.8432000651955605,,2,0,2,0,1,channel_model=qary_symmetric; syndrome_symbols=22,4,,synthetic,4,4,qary_hard_syndrome_bf,qary_symmetric,0.33,4,20,b2c6fbab915c06c2
qldpc_synth_q4_ser0p01_flen64,qldpc_reference,2,True,True,0.0,0.0,0.0,0.0,76.0,0,1.781199942342937,,0,0,0,0,0,channel_model=qary_symmetric; syndrome_symbols=22,4,,synthetic,4,4,qary_hard_syndrome_bf,qary_symmetric,0.33,4,20,b2c6fbab915c06c2
qldpc_synth_q4_ser0p01_flen64,qldpc_reference,3,True,True,0.0,0.0,0.0,0.0,76.0,0,1.9608000293374062,,0,0,0,0,0,channel_model=qary_symmetric; syndrome_symbols=22,4,,synthetic,4,4,qary_hard_syndrome_bf,qary_symmetric,0.33,4,20,b2c6fbab915c06c2
qldpc_synth_q4_ser0p03_flen128,qldpc_reference,0,True,True,0.03125,0.015625,0.0,0.0,160.0,4,19.399399985559285,,13,0,13,0,4,channel_model=qary_symmetric; syndrome_symbols=64,4,,synthetic,4,4,qary_hard_syndrome_bf,qary_symmetric,0.5,4,20,70f03ad2a6815ec3
qldpc_synth_q4_ser0p03_flen128,qldpc_reference,1,True,True,0.0234375,0.01171875,0.0,0.0,160.0,3,12.504199985414743,,10,0,10,0,3,channel_model=qary_symmetric; syndrome_symbols=64,4,,synthetic,4,4,qary_hard_syndrome_bf,qary_symmetric,0.5,4,20,70f03ad2a6815ec3
qldpc_synth_q4_ser0p03_flen128,qldpc_reference,2,True,True,0.0234375,0.015625,0.0,0.0,160.0,3,15.842400025576353,,9,0,9,0,3,channel_model=qary_symmetric; syndrome_symbols=64,4,,synthetic,4,4,qary_hard_syndrome_bf,qary_symmetric,0.5,4,20,70f03ad2a6815ec3
qldpc_synth_q4_ser0p03_flen128,qldpc_reference,3,True,True,0.015625,0.0078125,0.0,0.0,160.0,2,11.923000100068748,,4,0,4,0,2,channel_model=qary_symmetric; syndrome_symbols=64,4,,synthetic,4,4,qary_hard_syndrome_bf,qary_symmetric,0.5,4,20,70f03ad2a6815ec3
qldpc_synth_q4_ser0p05_flen64,qldpc_reference,0,True,False,0.09375,0.078125,0.09375,0.078125,76.0,6,11.751400073990226,candidate_failed_verification,7,0,7,0,6,channel_model=qary_symmetric; syndrome_symbols=22,4,,synthetic,4,4,qary_hard_syndrome_bf,qary_symmetric,0.33,3,20,0b962a07318c87cc
qldpc_synth_q4_ser0p05_flen64,qldpc_reference,1,True,True,0.046875,0.0234375,0.0,0.0,76.0,3,5.506900022737682,,6,0,6,0,3,channel_model=qary_symmetric; syndrome_symbols=22,4,,synthetic,4,4,qary_hard_syndrome_bf,qary_symmetric,0.33,3,20,0b962a07318c87cc
qldpc_synth_q4_ser0p05_flen64,qldpc_reference,2,True,False,0.03125,0.015625,0.03125,0.0234375,76.0,2,3.4504999639466405,candidate_failed_verification,3,0,3,0,2,channel_model=qary_symmetric; syndrome_symbols=22,4,,synthetic,4,4,qary_hard_syndrome_bf,qary_symmetric,0.33,3,20,0b962a07318c87cc
qldpc_synth_q4_ser0p05_flen64,qldpc_reference,3,True,False,0.078125,0.0625,0.15625,0.125,76.0,7,13.397000031545758,candidate_failed_verification,8,0,8,0,7,channel_model=qary_symmetric; syndrome_symbols=22,4,,synthetic,4,4,qary_hard_syndrome_bf,qary_symmetric,0.33,3,20,0b962a07318c87cc
qldpc_synth_q4_ser0p03_flen128,qldpc_reference,0,True,False,0.03125,0.015625,0.03125,0.015625,118.0,4,16.865399898961186,candidate_failed_verification,5,0,5,0,4,channel_model=qary_symmetric; syndrome_symbols=43,4,,synthetic,4,4,qary_hard_syndrome_bf,qary_symmetric,0.33,3,20,0b962a07318c87cc
qldpc_synth_q4_ser0p03_flen128,qldpc_reference,1,True,True,0.0234375,0.01171875,0.0,0.0,118.0,3,11.09729998279363,,4,0,4,0,3,channel_model=qary_symmetric; syndrome_symbols=43,4,,synthetic,4,4,qary_hard_syndrome_bf,qary_symmetric,0.33,3,20,0b962a07318c87cc
qldpc_synth_q4_ser0p03_flen128,qldpc_reference,2,True,False,0.0234375,0.015625,0.015625,0.01171875,118.0,3,11.842200066894293,candidate_failed_verification,4,0,4,0,3,channel_model=qary_symmetric; syndrome_symbols=43,4,,synthetic,4,4,qary_hard_syndrome_bf,qary_symmetric,0.33,3,20,0b962a07318c87cc
qldpc_synth_q4_ser0p03_flen128,qldpc_reference,3,True,True,0.015625,0.0078125,0.0,0.0,118.0,2,8.093100041151047,,3,0,3,0,2,channel_model=qary_symmetric; syndrome_symbols=43,4,,synthetic,4,4,qary_hard_syndrome_bf,qary_symmetric,0.33,3,20,0b962a07318c87cc
qldpc_synth_q4_ser0p05_flen64,qldpc_reference,0,True,False,0.09375,0.078125,0.0625,0.0390625,76.0,6,11.719400063157082,candidate_failed_verification,7,0,7,0,6,channel_model=qary_symmetric; syndrome_symbols=22,4,,synthetic,4,4,qary_hard_syndrome_bf,qary_symmetric,0.33,4,20,b2c6fbab915c06c2
qldpc_synth_q4_ser0p05_flen64,qldpc_reference,1,True,False,0.046875,0.0234375,0.03125,0.015625,76.0,3,6.37959991581738,candidate_failed_verification,3,0,3,0,3,channel_model=qary_symmetric; syndrome_symbols=22,4,,synthetic,4,4,qary_hard_syndrome_bf,qary_symmetric,0.33,4,20,b2c6fbab915c06c2
qldpc_synth_q4_ser0p05_flen64,qldpc_reference,2,True,False,0.03125,0.015625,0.03125,0.0234375,76.0,2,4.920400097034872,candidate_failed_verification,3,0,3,0,2,channel_model=qary_symmetric; syndrome_symbols=22,4,,synthetic,4,4,qary_hard_syndrome_bf,qary_symmetric,0.33,4,20,b2c6fbab915c06c2
qldpc_synth_q4_ser0p05_flen64,qldpc_reference,3,True,False,0.078125,0.0625,0.0625,0.0546875,76.0,5,10.252000065520406,candidate_failed_verification,5,0,5,0,5,channel_model=qary_symmetric; syndrome_symbols=22,4,,synthetic,4,4,qary_hard_syndrome_bf,qary_symmetric,0.33,4,20,b2c6fbab915c06c2
qldpc_synth_q4_ser0p01_flen64,qldpc_reference,0,True,True,0.03125,0.0234375,0.0,0.0,96.0,2,3.983300062827766,,4,0,4,0,2,channel_model=qary_symmetric; syndrome_symbols=32,4,,synthetic,4,4,qary_hard_syndrome_bf,qary_symmetric,0.5,3,20,522f89e80edee7a1
qldpc_synth_q4_ser0p01_flen64,qldpc_reference,1,True,True,0.015625,0.015625,0.0,0.0,96.0,1,2.6340000331401825,,2,0,2,0,1,channel_model=qary_symmetric; syndrome_symbols=32,4,,synthetic,4,4,qary_hard_syndrome_bf,qary_symmetric,0.5,3,20,522f89e80edee7a1
qldpc_synth_q4_ser0p01_flen64,qldpc_reference,2,True,True,0.0,0.0,0.0,0.0,96.0,0,1.90100003965199,,0,0,0,0,0,channel_model=qary_symmetric; syndrome_symbols=32,4,,synthetic,4,4,qary_hard_syndrome_bf,qary_symmetric,0.5,3,20,522f89e80edee7a1
qldpc_synth_q4_ser0p01_flen64,qldpc_reference,3,True,True,0.0,0.0,0.0,0.0,96.0,0,1.906899968162179,,0,0,0,0,0,channel_model=qary_symmetric; syndrome_symbols=32,4,,synthetic,4,4,qary_hard_syndrome_bf,qary_symmetric,0.5,3,20,522f89e80edee7a1
qldpc_synth_q4_ser0p03_flen128,qldpc_reference,0,True,True,0.03125,0.015625,0.0,0.0,160.0,4,19.583499990403652,,10,0,10,0,4,channel_model=qary_symmetric; syndrome_symbols=64,4,,synthetic,4,4,qary_hard_syndrome_bf,qary_symmetric,0.5,4,20,43d014f94c106833
qldpc_synth_q4_ser0p03_flen128,qldpc_reference,1,True,True,0.0234375,0.01171875,0.0,0.0,160.0,3,13.152100029401481,,8,0,8,0,3,channel_model=qary_symmetric; syndrome_symbols=64,4,,synthetic,4,4,qary_hard_syndrome_bf,qary_symmetric,0.5,4,20,43d014f94c106833
qldpc_synth_q4_ser0p03_flen128,qldpc_reference,2,False,False,0.0234375,0.015625,0.0234375,0.015625,160.0,20,16.067299991846085,syndrome_decode_failed,6,1,6,1,2,channel_model=qary_symmetric; syndrome_symbols=64,4,,synthetic,4,4,qary_hard_syndrome_bf,qary_symmetric,0.5,4,20,43d014f94c106833
qldpc_synth_q4_ser0p03_flen128,qldpc_reference,3,True,True,0.015625,0.0078125,0.0,0.0,160.0,2,11.44679996650666,,5,0,5,0,2,channel_model=qary_symmetric; syndrome_symbols=64,4,,synthetic,4,4,qary_hard_syndrome_bf,qary_symmetric,0.5,4,20,43d014f94c106833
qldpc_synth_q4_ser0p05_flen64,qldpc_reference,0,True,False,0.09375,0.078125,0.03125,0.015625,96.0,6,12.175899930298328,candidate_failed_verification,11,0,11,0,6,channel_model=qary_symmetric; syndrome_symbols=32,4,,synthetic,4,4,qary_hard_syndrome_bf,qary_symmetric,0.5,3,20,d3ef20759633ed3a
qldpc_synth_q4_ser0p05_flen64,qldpc_reference,1,True,False,0.046875,0.0234375,0.03125,0.015625,96.0,3,6.084299995563924,candidate_failed_verification,3,0,3,0,3,channel_model=qary_symmetric; syndrome_symbols=32,4,,synthetic,4,4,qary_hard_syndrome_bf,qary_symmetric,0.5,3,20,d3ef20759633ed3a
qldpc_synth_q4_ser0p05_flen64,qldpc_reference,2,True,True,0.03125,0.015625,0.0,0.0,96.0,2,5.441799992695451,,5,0,5,0,2,channel_model=qary_symmetric; syndrome_symbols=32,4,,synthetic,4,4,qary_hard_syndrome_bf,qary_symmetric,0.5,3,20,d3ef20759633ed3a
qldpc_synth_q4_ser0p05_flen64,qldpc_reference,3,True,False,0.078125,0.0625,0.0625,0.046875,96.0,5,9.785200003534555,candidate_failed_verification,7,0,7,0,5,channel_model=qary_symmetric; syndrome_symbols=32,4,,synthetic,4,4,qary_hard_syndrome_bf,qary_symmetric,0.5,3,20,d3ef20759633ed3a
qldpc_synth_q4_ser0p03_flen128,qldpc_reference,0,True,False,0.03125,0.015625,0.03125,0.015625,160.0,4,17.750800005160272,candidate_failed_verification,7,0,7,0,4,channel_model=qary_symmetric; syndrome_symbols=64,4,,synthetic,4,4,qary_hard_syndrome_bf,qary_symmetric,0.5,3,20,d3ef20759633ed3a
qldpc_synth_q4_ser0p03_flen128,qldpc_reference,1,True,True,0.0234375,0.01171875,0.0,0.0,160.0,3,18.36630003526807,,8,0,8,0,3,channel_model=qary_symmetric; syndrome_symbols=64,4,,synthetic,4,4,qary_hard_syndrome_bf,qary_symmetric,0.5,3,20,d3ef20759633ed3a
qldpc_synth_q4_ser0p03_flen128,qldpc_reference,2,True,True,0.0234375,0.015625,0.0,0.0,160.0,3,14.718699967488647,,9,0,9,0,3,channel_model=qary_symmetric; syndrome_symbols=64,4,,synthetic,4,4,qary_hard_syndrome_bf,qary_symmetric,0.5,3,20,d3ef20759633ed3a
qldpc_synth_q4_ser0p03_flen128,qldpc_reference,3,True,True,0.015625,0.0078125,0.0,0.0,160.0,2,10.579199995845556,,4,0,4,0,2,channel_model=qary_symmetric; syndrome_symbols=64,4,,synthetic,4,4,qary_hard_syndrome_bf,qary_symmetric,0.5,3,20,d3ef20759633ed3a
qldpc_synth_q4_ser0p05_flen64,qldpc_reference,0,True,False,0.09375,0.078125,0.09375,0.0703125,76.0,6,11.800100095570087,candidate_failed_verification,6,0,6,0,6,channel_model=qary_symmetric; syndrome_symbols=22,4,,synthetic,4,4,qary_hard_syndrome_bf,qary_symmetric,0.33,3,20,ec3c47203d968697
qldpc_synth_q4_ser0p05_flen64,qldpc_reference,1,True,False,0.046875,0.0234375,0.0625,0.0390625,76.0,3,5.5068000219762325,candidate_failed_verification,3,0,3,0,3,channel_model=qary_symmetric; syndrome_symbols=22,4,,synthetic,4,4,qary_hard_syndrome_bf,qary_symmetric,0.33,3,20,ec3c47203d968697
qldpc_synth_q4_ser0p05_flen64,qldpc_reference,2,True,True,0.03125,0.015625,0.0,0.0,76.0,2,4.657700075767934,,3,0,3,0,2,channel_model=qary_symmetric; syndrome_symbols=22,4,,synthetic,4,4,qary_hard_syndrome_bf,qary_symmetric,0.33,3,20,ec3c47203d968697
qldpc_synth_q4_ser0p05_flen64,qldpc_reference,3,True,False,0.078125,0.0625,0.09375,0.0703125,76.0,5,9.263099986128509,candidate_failed_verification,6,0,6,0,5,channel_model=qary_symmetric; syndrome_symbols=22,4,,synthetic,4,4,qary_hard_syndrome_bf,qary_symmetric,0.33,3,20,ec3c47203d968697
qldpc_synth_q4_ser0p01_flen128,qldpc_reference,0,True,False,0.015625,0.0078125,0.015625,0.0078125,118.0,2,7.626599981449544,candidate_failed_verification,4,0,4,0,2,channel_model=qary_symmetric; syndrome_symbols=43,4,,synthetic,4,4,qary_hard_syndrome_bf,qary_symmetric,0.33,3,20,ec3c47203d968697
qldpc_synth_q4_ser0p01_flen128,qldpc_reference,1,True,True,0.0078125,0.00390625,0.0,0.0,118.0,1,4.054700024425983,,3,0,3,0,1,channel_model=qary_symmetric; syndrome_symbols=43,4,,synthetic,4,4,qary_hard_syndrome_bf,qary_symmetric,0.33,3,20,ec3c47203d968697
qldpc_synth_q4_ser0p01_flen128,qldpc_reference,2,True,True,0.0078125,0.00390625,0.0,0.0,118.0,1,3.4257000079378486,,2,0,2,0,1,channel_model=qary_symmetric; syndrome_symbols=43,4,,synthetic,4,4,qary_hard_syndrome_bf,qary_symmetric,0.33,3,20,ec3c47203d968697
qldpc_synth_q4_ser0p01_flen128,qldpc_reference,3,True,True,0.0078125,0.00390625,0.0,0.0,118.0,1,4.059599945321679,,2,0,2,0,1,channel_model=qary_symmetric; syndrome_symbols=43,4,,synthetic,4,4,qary_hard_syndrome_bf,qary_symmetric,0.33,3,20,ec3c47203d968697
qldpc_synth_q4_ser0p05_flen128,qldpc_reference,0,True,False,0.03125,0.015625,0.046875,0.0234375,118.0,4,14.99679998960346,candidate_failed_verification,6,0,6,0,4,channel_model=qary_symmetric; syndrome_symbols=43,4,,synthetic,4,4,qary_hard_syndrome_bf,qary_symmetric,0.33,3,20,ec3c47203d968697
qldpc_synth_q4_ser0p05_flen128,qldpc_reference,1,True,False,0.0703125,0.0390625,0.078125,0.05078125,118.0,9,34.85799999907613,candidate_failed_verification,13,0,13,0,9,channel_model=qary_symmetric; syndrome_symbols=43,4,,synthetic,4,4,qary_hard_syndrome_bf,qary_symmetric,0.33,3,20,ec3c47203d968697
qldpc_synth_q4_ser0p05_flen128,qldpc_reference,2,True,False,0.03125,0.0234375,0.046875,0.03515625,118.0,4,14.54210001975298,candidate_failed_verification,5,0,5,0,4,channel_model=qary_symmetric; syndrome_symbols=43,4,,synthetic,4,4,qary_hard_syndrome_bf,qary_symmetric,0.33,3,20,ec3c47203d968697
qldpc_synth_q4_ser0p05_flen128,qldpc_reference,3,True,False,0.0546875,0.04296875,0.03125,0.0234375,118.0,7,30.26170004159212,candidate_failed_verification,8,0,8,0,7,channel_model=qary_symmetric; syndrome_symbols=43,4,,synthetic,4,4,qary_hard_syndrome_bf,qary_symmetric,0.33,3,20,ec3c47203d968697
qldpc_synth_q4_ser0p05_flen128,qldpc_reference,0,True,False,0.03125,0.015625,0.03125,0.015625,118.0,4,17.01220008544624,candidate_failed_verification,5,0,5,0,4,channel_model=qary_symmetric; syndrome_symbols=43,4,,synthetic,4,4,qary_hard_syndrome_bf,qary_symmetric,0.33,3,20,0b962a07318c87cc
qldpc_synth_q4_ser0p05_flen128,qldpc_reference,1,True,False,0.0703125,0.0390625,0.0546875,0.03515625,118.0,8,32.65880001708865,candidate_failed_verification,12,0,12,0,8,channel_model=qary_symmetric; syndrome_symbols=43,4,,synthetic,4,4,qary_hard_syndrome_bf,qary_symmetric,0.33,3,20,0b962a07318c87cc
qldpc_synth_q4_ser0p05_flen128,qldpc_reference,2,True,False,0.03125,0.0234375,0.015625,0.01171875,118.0,4,15.842000022530556,candidate_failed_verification,5,0,5,0,4,channel_model=qary_symmetric; syndrome_symbols=43,4,,synthetic,4,4,qary_hard_syndrome_bf,qary_symmetric,0.33,3,20,0b962a07318c87cc
qldpc_synth_q4_ser0p05_flen128,qldpc_reference,3,True,False,0.0546875,0.04296875,0.0625,0.046875,118.0,5,18.78039992880076,candidate_failed_verification,6,0,6,0,5,channel_model=qary_symmetric; syndrome_symbols=43,4,,synthetic,4,4,qary_hard_syndrome_bf,qary_symmetric,0.33,3,20,0b962a07318c87cc
qldpc_synth_q4_ser0p05_flen128,qldpc_reference,0,True,False,0.03125,0.015625,0.015625,0.0078125,118.0,4,15.53910004440695,candidate_failed_verification,10,0,10,0,4,channel_model=qary_symmetric; syndrome_symbols=43,4,,synthetic,4,4,qary_hard_syndrome_bf,qary_symmetric,0.33,4,20,eb5e714c53e22f14
qldpc_synth_q4_ser0p05_flen128,qldpc_reference,1,True,False,0.0703125,0.0390625,0.046875,0.02734375,118.0,9,42.27490001358092,candidate_failed_verification,14,0,14,0,9,channel_model=qary_symmetric; syndrome_symbols=43,4,,synthetic,4,4,qary_hard_syndrome_bf,qary_symmetric,0.33,4,20,eb5e714c53e22f14
qldpc_synth_q4_ser0p05_flen128,qldpc_reference,2,True,True,0.03125,0.0234375,0.0,0.0,118.0,4,17.744200071319938,,10,0,10,0,4,channel_model=qary_symmetric; syndrome_symbols=43,4,,synthetic,4,4,qary_hard_syndrome_bf,qary_symmetric,0.33,4,20,eb5e714c53e22f14
qldpc_synth_q4_ser0p05_flen128,qldpc_reference,3,True,False,0.0546875,0.04296875,0.046875,0.03515625,118.0,5,22.316099959425628,candidate_failed_verification,8,0,8,0,5,channel_model=qary_symmetric; syndrome_symbols=43,4,,synthetic,4,4,qary_hard_syndrome_bf,qary_symmetric,0.33,4,20,eb5e714c53e22f14
qldpc_synth_q4_ser0p05_flen64,qldpc_reference,0,True,False,0.09375,0.078125,0.03125,0.0234375,96.0,6,11.967699974775314,candidate_failed_verification,11,0,11,0,6,channel_model=qary_symmetric; syndrome_symbols=32,4,,synthetic,4,4,qary_hard_syndrome_bf,qary_symmetric,0.5,4,20,43d014f94c106833
qldpc_synth_q4_ser0p05_flen64,qldpc_reference,1,True,True,0.046875,0.0234375,0.0,0.0,96.0,3,6.615699967369437,,7,0,7,0,3,channel_model=qary_symmetric; syndrome_symbols=32,4,,synthetic,4,4,qary_hard_syndrome_bf,qary_symmetric,0.5,4,20,43d014f94c106833
qldpc_synth_q4_ser0p05_flen64,qldpc_reference,2,True,True,0.03125,0.015625,0.0,0.0,96.0,2,5.935200024396181,,4,0,4,0,2,channel_model=qary_symmetric; syndrome_symbols=32,4,,synthetic,4,4,qary_hard_syndrome_bf,qary_symmetric,0.5,4,20,43d014f94c106833
qldpc_synth_q4_ser0p05_flen64,qldpc_reference,3,True,False,0.078125,0.0625,0.03125,0.0234375,96.0,3,6.39620004221797,candidate_failed_verification,6,0,6,0,3,channel_model=qary_symmetric; syndrome_symbols=32,4,,synthetic,4,4,qary_hard_syndrome_bf,qary_symmetric,0.5,4,20,43d014f94c106833
qldpc_synth_q4_ser0p05_flen128,qldpc_reference,0,True,True,0.03125,0.015625,0.0,0.0,118.0,4,17.711499938741326,,7,0,7,0,4,channel_model=qary_symmetric; syndrome_symbols=43,4,,synthetic,4,4,qary_hard_syndrome_bf,qary_symmetric,0.33,4,20,b2c6fbab915c06c2
qldpc_synth_q4_ser0p05_flen128,qldpc_reference,1,True,False,0.0703125,0.0390625,0.046875,0.03125,118.0,9,34.51300004962832,candidate_failed_verification,15,0,15,0,9,channel_model=qary_symmetric; syndrome_symbols=43,4,,synthetic,4,4,qary_hard_syndrome_bf,qary_symmetric,0.33,4,20,b2c6fbab915c06c2
qldpc_synth_q4_ser0p05_flen128,qldpc_reference,2,True,False,0.03125,0.0234375,0.0546875,0.0390625,118.0,5,27.347899973392487,candidate_failed_verification,8,0,8,0,5,channel_model=qary_symmetric; syndrome_symbols=43,4,,synthetic,4,4,qary_hard_syndrome_bf,qary_symmetric,0.33,4,20,b2c6fbab915c06c2
qldpc_synth_q4_ser0p05_flen128,qldpc_reference,3,True,False,0.0546875,0.04296875,0.046875,0.02734375,118.0,7,26.07899997383356,candidate_failed_verification,10,0,10,0,7,channel_model=qary_symmetric; syndrome_symbols=43,4,,synthetic,4,4,qary_hard_syndrome_bf,qary_symmetric,0.33,4,20,b2c6fbab915c06c2
qldpc_synth_q4_ser0p05_flen128,qldpc_reference,0,True,False,0.03125,0.015625,0.015625,0.0078125,160.0,4,17.911299946717918,candidate_failed_verification,7,0,7,0,4,channel_model=qary_symmetric; syndrome_symbols=64,4,,synthetic,4,4,qary_hard_syndrome_bf,qary_symmetric,0.5,3,20,522f89e80edee7a1
qldpc_synth_q4_ser0p05_flen128,qldpc_reference,1,True,False,0.0703125,0.0390625,0.0390625,0.0234375,160.0,9,36.772700026631355,candidate_failed_verification,16,0,16,0,9,channel_model=qary_symmetric; syndrome_symbols=64,4,,synthetic,4,4,qary_hard_syndrome_bf,qary_symmetric,0.5,3,20,522f89e80edee7a1
qldpc_synth_q4_ser0p05_flen128,qldpc_reference,2,True,True,0.03125,0.0234375,0.0,0.0,160.0,4,24.046999984420836,,8,0,8,0,4,channel_model=qary_symmetric; syndrome_symbols=64,4,,synthetic,4,4,qary_hard_syndrome_bf,qary_symmetric,0.5,3,20,522f89e80edee7a1
qldpc_synth_q4_ser0p05_flen128,qldpc_reference,3,True,True,0.0546875,0.04296875,0.0,0.0,160.0,7,27.293399907648563,,12,0,12,0,7,channel_model=qary_symmetric; syndrome_symbols=64,4,,synthetic,4,4,qary_hard_syndrome_bf,qary_symmetric,0.5,3,20,522f89e80edee7a1
qldpc_synth_q4_ser0p05_flen128,qldpc_reference,0,True,True,0.03125,0.015625,0.0,0.0,160.0,4,18.972599995322526,,13,0,13,0,4,channel_model=qary_symmetric; syndrome_symbols=64,4,,synthetic,4,4,qary_hard_syndrome_bf,qary_symmetric,0.5,4,20,70f03ad2a6815ec3
qldpc_synth_q4_ser0p05_flen128,qldpc_reference,1,True,False,0.0703125,0.0390625,0.015625,0.0078125,160.0,9,36.28140001092106,candidate_failed_verification,21,0,21,0,9,channel_model=qary_symmetric; syndrome_symbols=64,4,,synthetic,4,4,qary_hard_syndrome_bf,qary_symmetric,0.5,4,20,70f03ad2a6815ec3
qldpc_synth_q4_ser0p05_flen128,qldpc_reference,2,True,True,0.03125,0.0234375,0.0,0.0,160.0,4,19.510000012815,,11,0,11,0,4,channel_model=qary_symmetric; syndrome_symbols=64,4,,synthetic,4,4,qary_hard_syndrome_bf,qary_symmetric,0.5,4,20,70f03ad2a6815ec3
qldpc_synth_q4_ser0p05_flen128,qldpc_reference,3,True,False,0.0546875,0.04296875,0.0546875,0.0390625,160.0,7,28.057700023055077,candidate_failed_verification,11,0,11,0,7,channel_model=qary_symmetric; syndrome_symbols=64,4,,synthetic,4,4,qary_hard_syndrome_bf,qary_symmetric,0.5,4,20,70f03ad2a6815ec3
qldpc_synth_q4_ser0p03_flen128,qldpc_reference,0,True,True,0.03125,0.015625,0.0,0.0,118.0,4,17.77459995355457,,7,0,7,0,4,channel_model=qary_symmetric; syndrome_symbols=43,4,,synthetic,4,4,qary_hard_syndrome_bf,qary_symmetric,0.33,4,20,b2c6fbab915c06c2
qldpc_synth_q4_ser0p03_flen128,qldpc_reference,1,True,True,0.0234375,0.01171875,0.0,0.0,118.0,3,12.788500054739416,,8,0,8,0,3,channel_model=qary_symmetric; syndrome_symbols=43,4,,synthetic,4,4,qary_hard_syndrome_bf,qary_symmetric,0.33,4,20,b2c6fbab915c06c2
qldpc_synth_q4_ser0p03_flen128,qldpc_reference,2,True,False,0.0234375,0.015625,0.03125,0.01953125,118.0,3,12.666700058616698,candidate_failed_verification,6,0,6,0,3,channel_model=qary_symmetric; syndrome_symbols=43,4,,synthetic,4,4,qary_hard_syndrome_bf,qary_symmetric,0.33,4,20,b2c6fbab915c06c2
qldpc_synth_q4_ser0p03_flen128,qldpc_reference,3,True,False,0.015625,0.0078125,0.015625,0.01171875,118.0,2,8.406199980527163,candidate_failed_verification,2,0,2,0,2,channel_model=qary_symmetric; syndrome_symbols=43,4,,synthetic,4,4,qary_hard_syndrome_bf,qary_symmetric,0.33,4,20,b2c6fbab915c06c2
qldpc_synth_q4_ser0p05_flen128,qldpc_reference,0,True,True,0.03125,0.015625,0.0,0.0,160.0,4,18.970999983139336,,10,0,10,0,4,channel_model=qary_symmetric; syndrome_symbols=64,4,,synthetic,4,4,qary_hard_syndrome_bf,qary_symmetric,0.5,4,20,43d014f94c106833
qldpc_synth_q4_ser0p05_flen128,qldpc_reference,1,True,False,0.0703125,0.0390625,0.015625,0.01171875,160.0,9,36.008099908940494,candidate_failed_verification,16,0,16,0,9,channel_model=qary_symmetric; syndrome_symbols=64,4,,synthetic,4,4,qary_hard_syndrome_bf,qary_symmetric,0.5,4,20,43d014f94c106833
qldpc_synth_q4_ser0p05_flen128,qldpc_reference,2,True,True,0.03125,0.0234375,0.0,0.0,160.0,4,19.11399990785867,,8,0,8,0,4,channel_model=qary_symmetric; syndrome_symbols=64,4,,synthetic,4,4,qary_hard_syndrome_bf,qary_symmetric,0.5,4,20,43d014f94c106833
qldpc_synth_q4_ser0p05_flen128,qldpc_reference,3,True,True,0.0546875,0.04296875,0.0,0.0,160.0,7,27.105099987238646,,16,0,16,0,7,channel_model=qary_symmetric; syndrome_symbols=64,4,,synthetic,4,4,qary_hard_syndrome_bf,qary_symmetric,0.5,4,20,43d014f94c106833
qldpc_synth_q4_ser0p05_flen64,qldpc_reference,0,True,False,0.09375,0.078125,0.03125,0.0234375,96.0,6,12.964699999429286,candidate_failed_verification,17,0,17,0,6,channel_model=qary_symmetric; syndrome_symbols=32,4,,synthetic,4,4,qary_hard_syndrome_bf,qary_symmetric,0.5,4,20,70f03ad2a6815ec3
qldpc_synth_q4_ser0p05_flen64,qldpc_reference,1,True,True,0.046875,0.0234375,0.0,0.0,96.0,3,7.349399966187775,,3,0,3,0,3,channel_model=qary_symmetric; syndrome_symbols=32,4,,synthetic,4,4,qary_hard_syndrome_bf,qary_symmetric,0.5,4,20,70f03ad2a6815ec3
qldpc_synth_q4_ser0p05_flen64,qldpc_reference,2,True,False,0.03125,0.015625,0.03125,0.015625,96.0,2,4.396700067445636,candidate_failed_verification,4,0,4,0,2,channel_model=qary_symmetric; syndrome_symbols=32,4,,synthetic,4,4,qary_hard_syndrome_bf,qary_symmetric,0.5,4,20,70f03ad2a6815ec3
qldpc_synth_q4_ser0p05_flen64,qldpc_reference,3,True,True,0.078125,0.0625,0.0,0.0,96.0,5,10.891599929891527,,10,0,10,0,5,channel_model=qary_symmetric; syndrome_symbols=32,4,,synthetic,4,4,qary_hard_syndrome_bf,qary_symmetric,0.5,4,20,70f03ad2a6815ec3
qldpc_synth_q4_ser0p08_flen64,qldpc_reference,0,True,False,0.109375,0.0859375,0.109375,0.078125,76.0,6,12.554200016893446,candidate_failed_verification,13,0,13,0,6,channel_model=qary_symmetric; syndrome_symbols=22,4,,synthetic,4,4,qary_hard_syndrome_bf,qary_symmetric,0.33,4,20,eb5e714c53e22f14
qldpc_synth_q4_ser0p08_flen64,qldpc_reference,1,True,False,0.0625,0.03125,0.046875,0.0234375,76.0,3,7.409299956634641,candidate_failed_verification,4,0,4,0,3,channel_model=qary_symmetric; syndrome_symbols=22,4,,synthetic,4,4,qary_hard_syndrome_bf,qary_symmetric,0.33,4,20,eb5e714c53e22f14
qldpc_synth_q4_ser0p08_flen64,qldpc_reference,2,True,True,0.046875,0.03125,0.0,0.0,76.0,3,6.454800022765994,,5,0,5,0,3,channel_model=qary_symmetric; syndrome_symbols=22,4,,synthetic,4,4,qary_hard_syndrome_bf,qary_symmetric,0.33,4,20,eb5e714c53e22f14
qldpc_synth_q4_ser0p08_flen64,qldpc_reference,3,False,False,0.15625,0.09375,0.21875,0.140625,76.0,20,16.292099957354367,syndrome_decode_failed,10,1,10,1,7,channel_model=qary_symmetric; syndrome_symbols=22,4,,synthetic,4,4,qary_hard_syndrome_bf,qary_symmetric,0.33,4,20,eb5e714c53e22f14
qldpc_synth_q4_ser0p08_flen64,qldpc_reference,0,True,False,0.109375,0.0859375,0.0625,0.0546875,96.0,7,14.535399968735874,candidate_failed_verification,10,0,10,0,7,channel_model=qary_symmetric; syndrome_symbols=32,4,,synthetic,4,4,qary_hard_syndrome_bf,qary_symmetric,0.5,3,20,522f89e80edee7a1
qldpc_synth_q4_ser0p08_flen64,qldpc_reference,1,True,False,0.0625,0.03125,0.03125,0.0234375,96.0,4,8.695899974554777,candidate_failed_verification,8,0,8,0,4,channel_model=qary_symmetric; syndrome_symbols=32,4,,synthetic,4,4,qary_hard_syndrome_bf,qary_symmetric,0.5,3,20,522f89e80edee7a1
qldpc_synth_q4_ser0p08_flen64,qldpc_reference,2,True,True,0.046875,0.03125,0.0,0.0,96.0,3,6.607300019823015,,4,0,4,0,3,channel_model=qary_symmetric; syndrome_symbols=32,4,,synthetic,4,4,qary_hard_syndrome_bf,qary_symmetric,0.5,3,20,522f89e80edee7a1
qldpc_synth_q4_ser0p08_flen64,qldpc_reference,3,True,False,0.15625,0.09375,0.09375,0.0546875,96.0,9,18.766499939374626,candidate_failed_verification,14,0,14,0,9,channel_model=qary_symmetric; syndrome_symbols=32,4,,synthetic,4,4,qary_hard_syndrome_bf,qary_symmetric,0.5,3,20,522f89e80edee7a1
qldpc_synth_q4_ser0p08_flen64,qldpc_reference,0,True,False,0.109375,0.0859375,0.0625,0.0546875,76.0,7,13.502900023013353,candidate_failed_verification,9,0,9,0,7,channel_model=qary_symmetric; syndrome_symbols=22,4,,synthetic,4,4,qary_hard_syndrome_bf,qary_symmetric,0.33,4,20,b2c6fbab915c06c2
qldpc_synth_q4_ser0p08_flen64,qldpc_reference,1,True,False,0.0625,0.03125,0.03125,0.015625,76.0,4,8.737999945878983,candidate_failed_verification,6,0,6,0,4,channel_model=qary_symmetric; syndrome_symbols=22,4,,synthetic,4,4,qary_hard_syndrome_bf,qary_symmetric,0.33,4,20,b2c6fbab915c06c2
qldpc_synth_q4_ser0p08_flen64,qldpc_reference,2,True,False,0.046875,0.03125,0.03125,0.0234375,76.0,3,6.531100021675229,candidate_failed_verification,5,0,5,0,3,channel_model=qary_symmetric; syndrome_symbols=22,4,,synthetic,4,4,qary_hard_syndrome_bf,qary_symmetric,0.33,4,20,b2c6fbab915c06c2
qldpc_synth_q4_ser0p08_flen64,qldpc_reference,3,True,False,0.15625,0.09375,0.15625,0.125,76.0,10,19.255599938333035,candidate_failed_verification,14,0,14,0,10,channel_model=qary_symmetric; syndrome_symbols=22,4,,synthetic,4,4,qary_hard_syndrome_bf,qary_symmetric,0.33,4,20,b2c6fbab915c06c2
qldpc_synth_q4_ser0p08_flen64,qldpc_reference,0,True,False,0.109375,0.0859375,0.03125,0.0234375,96.0,7,13.47090001218021,candidate_failed_verification,13,0,13,0,7,channel_model=qary_symmetric; syndrome_symbols=32,4,,synthetic,4,4,qary_hard_syndrome_bf,qary_symmetric,0.5,3,20,d3ef20759633ed3a
qldpc_synth_q4_ser0p08_flen64,qldpc_reference,1,True,False,0.0625,0.03125,0.0625,0.0390625,96.0,4,8.265999960713089,candidate_failed_verification,4,0,4,0,4,channel_model=qary_symmetric; syndrome_symbols=32,4,,synthetic,4,4,qary_hard_syndrome_bf,qary_symmetric,0.5,3,20,d3ef20759633ed3a
qldpc_synth_q4_ser0p08_flen64,qldpc_reference,2,True,True,0.046875,0.03125,0.0,0.0,96.0,3,6.874200073070824,,8,0,8,0,3,channel_model=qary_symmetric; syndrome_symbols=32,4,,synthetic,4,4,qary_hard_syndrome_bf,qary_symmetric,0.5,3,20,d3ef20759633ed3a
qldpc_synth_q4_ser0p08_flen64,qldpc_reference,3,True,False,0.15625,0.09375,0.125,0.078125,96.0,9,17.986300052143633,candidate_failed_verification,13,0,13,0,9,channel_model=qary_symmetric; syndrome_symbols=32,4,,synthetic,4,4,qary_hard_syndrome_bf,qary_symmetric,0.5,3,20,d3ef20759633ed3a
qldpc_synth_q4_ser0p08_flen64,qldpc_reference,0,True,False,0.109375,0.0859375,0.03125,0.0234375,96.0,7,14.550299965776503,candidate_failed_verification,16,0,16,0,7,channel_model=qary_symmetric; syndrome_symbols=32,4,,synthetic,4,4,qary_hard_syndrome_bf,qary_symmetric,0.5,4,20,70f03ad2a6815ec3
qldpc_synth_q4_ser0p08_flen64,qldpc_reference,1,True,False,0.0625,0.03125,0.046875,0.0234375,96.0,3,7.762800087220967,candidate_failed_verification,5,0,5,0,3,channel_model=qary_symmetric; syndrome_symbols=32,4,,synthetic,4,4,qary_hard_syndrome_bf,qary_symmetric,0.5,4,20,70f03ad2a6815ec3
qldpc_synth_q4_ser0p08_flen64,qldpc_reference,2,True,False,0.046875,0.03125,0.03125,0.015625,96.0,3,6.109099951572716,candidate_failed_verification,6,0,6,0,3,channel_model=qary_symmetric; syndrome_symbols=32,4,,synthetic,4,4,qary_hard_syndrome_bf,qary_symmetric,0.5,4,20,70f03ad2a6815ec3
qldpc_synth_q4_ser0p08_flen64,qldpc_reference,3,False,False,0.15625,0.09375,0.171875,0.09375,96.0,20,19.14240000769496,syndrome_decode_failed,13,1,13,1,8,channel_model=qary_symmetric; syndrome_symbols=32,4,,synthetic,4,4,qary_hard_syndrome_bf,qary_symmetric,0.5,4,20,70f03ad2a6815ec3
qldpc_synth_q4_ser0p08_flen128,qldpc_reference,0,True,False,0.0703125,0.03515625,0.0625,0.0390625,118.0,9,35.603799973614514,candidate_failed_verification,12,0,12,0,9,channel_model=qary_symmetric; syndrome_symbols=43,4,,synthetic,4,4,qary_hard_syndrome_bf,qary_symmetric,0.33,3,20,0b962a07318c87cc
qldpc_synth_q4_ser0p08_flen128,qldpc_reference,1,True,False,0.09375,0.06640625,0.0390625,0.02734375,118.0,9,37.12640004232526,candidate_failed_verification,14,0,14,0,9,channel_model=qary_symmetric; syndrome_symbols=43,4,,synthetic,4,4,qary_hard_syndrome_bf,qary_symmetric,0.33,3,20,0b962a07318c87cc
qldpc_synth_q4_ser0p08_flen128,qldpc_reference,2,True,False,0.0625,0.0390625,0.046875,0.02734375,118.0,8,30.622799997217953,candidate_failed_verification,10,0,10,0,8,channel_model=qary_symmetric; syndrome_symbols=43,4,,synthetic,4,4,qary_hard_syndrome_bf,qary_symmetric,0.33,3,20,0b962a07318c87cc
qldpc_synth_q4_ser0p08_flen128,qldpc_reference,3,True,False,0.0859375,0.05859375,0.0859375,0.0546875,118.0,9,35.51439999137074,candidate_failed_verification,11,0,11,0,9,channel_model=qary_symmetric; syndrome_symbols=43,4,,synthetic,4,4,qary_hard_syndrome_bf,qary_symmetric,0.33,3,20,0b962a07318c87cc
qldpc_synth_q4_ser0p08_flen64,qldpc_reference,0,True,False,0.109375,0.0859375,0.09375,0.0546875,76.0,6,11.877099983394146,candidate_failed_verification,7,0,7,0,6,channel_model=qary_symmetric; syndrome_symbols=22,4,,synthetic,4,4,qary_hard_syndrome_bf,qary_symmetric,0.33,3,20,ec3c47203d968697
qldpc_synth_q4_ser0p08_flen64,qldpc_reference,1,True,False,0.0625,0.03125,0.09375,0.0625,76.0,4,8.511600084602833,candidate_failed_verification,4,0,4,0,4,channel_model=qary_symmetric; syndrome_symbols=22,4,,synthetic,4,4,qary_hard_syndrome_bf,qary_symmetric,0.33,3,20,ec3c47203d968697
qldpc_synth_q4_ser0p08_flen64,qldpc_reference,2,True,True,0.046875,0.03125,0.0,0.0,76.0,3,6.604700000025332,,6,0,6,0,3,channel_model=qary_symmetric; syndrome_symbols=22,4,,synthetic,4,4,qary_hard_syndrome_bf,qary_symmetric,0.33,3,20,ec3c47203d968697
qldpc_synth_q4_ser0p08_flen64,qldpc_reference,3,True,False,0.15625,0.09375,0.25,0.1484375,76.0,9,26.55339997727424,candidate_failed_verification,10,0,10,0,9,channel_model=qary_symmetric; syndrome_symbols=22,4,,synthetic,4,4,qary_hard_syndrome_bf,qary_symmetric,0.33,3,20,ec3c47203d968697
qldpc_synth_q4_ser0p08_flen128,qldpc_reference,0,True,False,0.0703125,0.03515625,0.015625,0.0078125,118.0,7,28.352800058200955,candidate_failed_verification,14,0,14,0,7,channel_model=qary_symmetric; syndrome_symbols=43,4,,synthetic,4,4,qary_hard_syndrome_bf,qary_symmetric,0.33,4,20,b2c6fbab915c06c2
qldpc_synth_q4_ser0p08_flen128,qldpc_reference,1,True,False,0.09375,0.06640625,0.0625,0.0390625,118.0,12,47.223799978382885,candidate_failed_verification,21,0,21,0,12,channel_model=qary_symmetric; syndrome_symbols=43,4,,synthetic,4,4,qary_hard_syndrome_bf,qary_symmetric,0.33,4,20,b2c6fbab915c06c2
qldpc_synth_q4_ser0p08_flen128,qldpc_reference,2,True,False,0.0625,0.0390625,0.1171875,0.078125,118.0,10,38.017400074750185,candidate_failed_verification,13,0,13,0,10,channel_model=qary_symmetric; syndrome_symbols=43,4,,synthetic,4,4,qary_hard_syndrome_bf,qary_symmetric,0.33,4,20,b2c6fbab915c06c2
qldpc_synth_q4_ser0p08_flen128,qldpc_reference,3,True,False,0.0859375,0.05859375,0.0703125,0.0546875,118.0,11,43.466700008139014,candidate_failed_verification,17,0,17,0,11,channel_model=qary_symmetric; syndrome_symbols=43,4,,synthetic,4,4,qary_hard_syndrome_bf,qary_symmetric,0.33,4,20,b2c6fbab915c06c2
qldpc_synth_q4_ser0p05_flen64,qldpc_reference,0,True,False,0.09375,0.078125,0.0625,0.0390625,96.0,6,12.910000048577785,candidate_failed_verification,8,0,8,0,6,channel_model=qary_symmetric; syndrome_symbols=32,4,,synthetic,4,4,qary_hard_syndrome_bf,qary_symmetric,0.5,3,20,522f89e80edee7a1
qldpc_synth_q4_ser0p05_flen64,qldpc_reference,1,True,True,0.046875,0.0234375,0.0,0.0,96.0,3,5.953500047326088,,7,0,7,0,3,channel_model=qary_symmetric; syndrome_symbols=32,4,,synthetic,4,4,qary_hard_syndrome_bf,qary_symmetric,0.5,3,20,522f89e80edee7a1
qldpc_synth_q4_ser0p05_flen64,qldpc_reference,2,True,True,0.03125,0.015625,0.0,0.0,96.0,2,4.774400033056736,,3,0,3,0,2,channel_model=qary_symmetric; syndrome_symbols=32,4,,synthetic,4,4,qary_hard_syndrome_bf,qary_symmetric,0.5,3,20,522f89e80edee7a1
qldpc_synth_q4_ser0p05_flen64,qldpc_reference,3,False,False,0.078125,0.0625,0.078125,0.0546875,96.0,20,15.702700009569526,syndrome_decode_failed,9,1,9,1,6,channel_model=qary_symmetric; syndrome_symbols=32,4,,synthetic,4,4,qary_hard_syndrome_bf,qary_symmetric,0.5,3,20,522f89e80edee7a1
qldpc_synth_q4_ser0p05_flen128,qldpc_reference,0,True,False,0.03125,0.015625,0.03125,0.015625,160.0,4,18.67869996931404,candidate_failed_verification,7,0,7,0,4,channel_model=qary_symmetric; syndrome_symbols=64,4,,synthetic,4,4,qary_hard_syndrome_bf,qary_symmetric,0.5,3,20,d3ef20759633ed3a
qldpc_synth_q4_ser0p05_flen128,qldpc_reference,1,True,False,0.0703125,0.0390625,0.015625,0.0078125,160.0,9,35.00989999156445,candidate_failed_verification,17,0,17,0,9,channel_model=qary_symmetric; syndrome_symbols=64,4,,synthetic,4,4,qary_hard_syndrome_bf,qary_symmetric,0.5,3,20,d3ef20759633ed3a
qldpc_synth_q4_ser0p05_flen128,qldpc_reference,2,True,False,0.03125,0.0234375,0.0390625,0.03125,160.0,5,20.99859993904829,candidate_failed_verification,10,0,10,0,5,channel_model=qary_symmetric; syndrome_symbols=64,4,,synthetic,4,4,qary_hard_syndrome_bf,qary_symmetric,0.5,3,20,d3ef20759633ed3a
qldpc_synth_q4_ser0p05_flen128,qldpc_reference,3,True,False,0.0546875,0.04296875,0.03125,0.0234375,160.0,7,29.855299973860383,candidate_failed_verification,11,0,11,0,7,channel_model=qary_symmetric; syndrome_symbols=64,4,,synthetic,4,4,qary_hard_syndrome_bf,qary_symmetric,0.5,3,20,d3ef20759633ed3a
qldpc_synth_q4_ser0p08_flen128,qldpc_reference,0,False,False,0.0703125,0.03515625,0.0859375,0.05078125,118.0,20,32.648100052028894,syndrome_decode_failed,11,1,11,1,7,channel_model=qary_symmetric; syndrome_symbols=43,4,,synthetic,4,4,qary_hard_syndrome_bf,qary_symmetric,0.33,4,20,eb5e714c53e22f14
qldpc_synth_q4_ser0p08_flen128,qldpc_reference,1,True,False,0.09375,0.06640625,0.109375,0.07421875,118.0,12,54.98580005951226,candidate_failed_verification,16,0,16,0,12,channel_model=qary_symmetric; syndrome_symbols=43,4,,synthetic,4,4,qary_hard_syndrome_bf,qary_symmetric,0.33,4,20,eb5e714c53e22f14
qldpc_synth_q4_ser0p08_flen128,qldpc_reference,2,True,False,0.0625,0.0390625,0.046875,0.03125,118.0,8,31.762100057676435,candidate_failed_verification,12,0,12,0,8,channel_model=qary_symmetric; syndrome_symbols=43,4,,synthetic,4,4,qary_hard_syndrome_bf,qary_symmetric,0.33,4,20,eb5e714c53e22f14
qldpc_synth_q4_ser0p08_flen128,qldpc_reference,3,True,False,0.0859375,0.05859375,0.0625,0.0390625,118.0,9,36.86699992977083,candidate_failed_verification,11,0,11,0,9,channel_model=qary_symmetric; syndrome_symbols=43,4,,synthetic,4,4,qary_hard_syndrome_bf,qary_symmetric,0.33,4,20,eb5e714c53e22f14
qldpc_synth_q4_ser0p08_flen64,qldpc_reference,0,False,False,0.109375,0.0859375,0.109375,0.0703125,76.0,20,16.44109992776066,syndrome_decode_failed,8,1,8,1,7,channel_model=qary_symmetric; syndrome_symbols=22,4,,synthetic,4,4,qary_hard_syndrome_bf,qary_symmetric,0.33,3,20,0b962a07318c87cc
qldpc_synth_q4_ser0p08_flen64,qldpc_reference,1,True,False,0.0625,0.03125,0.03125,0.015625,76.0,4,9.43210010882467,candidate_failed_verification,7,0,7,0,4,channel_model=qary_symmetric; syndrome_symbols=22,4,,synthetic,4,4,qary_hard_syndrome_bf,qary_symmetric,0.33,3,20,0b962a07318c87cc
qldpc_synth_q4_ser0p08_flen64,qldpc_reference,2,True,False,0.046875,0.03125,0.0625,0.046875,76.0,3,8.963000029325485,candidate_failed_verification,4,0,4,0,3,channel_model=qary_symmetric; syndrome_symbols=22,4,,synthetic,4,4,qary_hard_syndrome_bf,qary_symmetric,0.33,3,20,0b962a07318c87cc
qldpc_synth_q4_ser0p08_flen64,qldpc_reference,3,True,False,0.15625,0.09375,0.1875,0.1015625,76.0,9,17.78250001370907,candidate_failed_verification,12,0,12,0,9,channel_model=qary_symmetric; syndrome_symbols=22,4,,synthetic,4,4,qary_hard_syndrome_bf,qary_symmetric,0.33,3,20,0b962a07318c87cc
qldpc_synth_q4_ser0p05_flen64,qldpc_reference,0,True,False,0.09375,0.078125,0.03125,0.015625,76.0,6,13.074700022116303,candidate_failed_verification,14,0,14,0,6,channel_model=qary_symmetric; syndrome_symbols=22,4,,synthetic,4,4,qary_hard_syndrome_bf,qary_symmetric,0.33,4,20,eb5e714c53e22f14
qldpc_synth_q4_ser0p05_flen64,qldpc_reference,1,True,False,0.046875,0.0234375,0.046875,0.03125,76.0,2,4.740900010801852,candidate_failed_verification,3,0,3,0,2,channel_model=qary_symmetric; syndrome_symbols=22,4,,synthetic,4,4,qary_hard_syndrome_bf,qary_symmetric,0.33,4,20,eb5e714c53e22f14
qldpc_synth_q4_ser0p05_flen64,qldpc_reference,2,True,True,0.03125,0.015625,0.0,0.0,76.0,2,4.554699989967048,,3,0,3,0,2,channel_model=qary_symmetric; syndrome_symbols=22,4,,synthetic,4,4,qary_hard_syndrome_bf,qary_symmetric,0.33,4,20,eb5e714c53e22f14
qldpc_synth_q4_ser0p05_flen64,qldpc_reference,3,True,False,0.078125,0.0625,0.078125,0.0546875,76.0,5,10.363199980929494,candidate_failed_verification,6,0,6,0,5,channel_model=qary_symmetric; syndrome_symbols=22,4,,synthetic,4,4,qary_hard_syndrome_bf,qary_symmetric,0.33,4,20,eb5e714c53e22f14
qldpc_synth_q8_ser0p01_flen64,qldpc_reference,0,True,True,0.03125,0.015625,0.0,0.0,98.0,2,6.26259995624423,,3,0,3,0,2,channel_model=qary_symmetric; syndrome_symbols=22,8,,synthetic,8,4,qary_hard_syndrome_bf,qary_symmetric,0.33,3,20,0b962a07318c87cc
qldpc_synth_q8_ser0p01_flen64,qldpc_reference,1,True,True,0.015625,0.010416666666666666,0.0,0.0,98.0,1,1.7149000195786357,,1,0,1,0,1,channel_model=qary_symmetric; syndrome_symbols=22,8,,synthetic,8,4,qary_hard_syndrome_bf,qary_symmetric,0.33,3,20,0b962a07318c87cc
qldpc_synth_q8_ser0p01_flen64,qldpc_reference,2,True,True,0.0,0.0,0.0,0.0,98.0,0,1.6159999649971724,,0,0,0,0,0,channel_model=qary_symmetric; syndrome_symbols=22,8,,synthetic,8,4,qary_hard_syndrome_bf,qary_symmetric,0.33,3,20,0b962a07318c87cc
qldpc_synth_q8_ser0p01_flen64,qldpc_reference,3,True,True,0.0,0.0,0.0,0.0,98.0,0,1.5753000043332577,,0,0,0,0,0,channel_model=qary_symmetric; syndrome_symbols=22,8,,synthetic,8,4,qary_hard_syndrome_bf,qary_symmetric,0.33,3,20,0b962a07318c87cc
qldpc_synth_q4_ser0p03_flen128,qldpc_reference,0,True,False,0.03125,0.015625,0.015625,0.0078125,118.0,4,16.148399910889566,candidate_failed_verification,10,0,10,0,4,channel_model=qary_symmetric; syndrome_symbols=43,4,,synthetic,4,4,qary_hard_syndrome_bf,qary_symmetric,0.33,4,20,eb5e714c53e22f14
qldpc_synth_q4_ser0p03_flen128,qldpc_reference,1,True,False,0.0234375,0.01171875,0.015625,0.0078125,118.0,3,10.906499926932156,candidate_failed_verification,8,0,8,0,3,channel_model=qary_symmetric; syndrome_symbols=43,4,,synthetic,4,4,qary_hard_syndrome_bf,qary_symmetric,0.33,4,20,eb5e714c53e22f14
qldpc_synth_q4_ser0p03_flen128,qldpc_reference,2,True,True,0.0234375,0.015625,0.0,0.0,118.0,3,17.375300056301057,,8,0,8,0,3,channel_model=qary_symmetric; syndrome_symbols=43,4,,synthetic,4,4,qary_hard_syndrome_bf,qary_symmetric,0.33,4,20,eb5e714c53e22f14
qldpc_synth_q4_ser0p03_flen128,qldpc_reference,3,True,False,0.015625,0.0078125,0.015625,0.0078125,118.0,2,8.39169998653233,candidate_failed_verification,3,0,3,0,2,channel_model=qary_symmetric; syndrome_symbols=43,4,,synthetic,4,4,qary_hard_syndrome_bf,qary_symmetric,0.33,4,20,eb5e714c53e22f14
qldpc_synth_q8_ser0p01_flen64,qldpc_reference,0,True,False,0.03125,0.015625,0.03125,0.015625,98.0,2,7.206200039945543,candidate_failed_verification,2,0,2,0,2,channel_model=qary_symmetric; syndrome_symbols=22,8,,synthetic,8,4,qary_hard_syndrome_bf,qary_symmetric,0.33,4,20,b2c6fbab915c06c2
qldpc_synth_q8_ser0p01_flen64,qldpc_reference,1,True,True,0.015625,0.010416666666666666,0.0,0.0,98.0,1,1.8703999230638146,,2,0,2,0,1,channel_model=qary_symmetric; syndrome_symbols=22,8,,synthetic,8,4,qary_hard_syndrome_bf,qary_symmetric,0.33,4,20,b2c6fbab915c06c2
qldpc_synth_q8_ser0p01_flen64,qldpc_reference,2,True,True,0.0,0.0,0.0,0.0,98.0,0,1.8073000246658921,,0,0,0,0,0,channel_model=qary_symmetric; syndrome_symbols=22,8,,synthetic,8,4,qary_hard_syndrome_bf,qary_symmetric,0.33,4,20,b2c6fbab915c06c2
qldpc_synth_q8_ser0p01_flen64,qldpc_reference,3,True,True,0.0,0.0,0.0,0.0,98.0,0,1.841799938119948,,0,0,0,0,0,channel_model=qary_symmetric; syndrome_symbols=22,8,,synthetic,8,4,qary_hard_syndrome_bf,qary_symmetric,0.33,4,20,b2c6fbab915c06c2
qldpc_synth_q8_ser0p01_flen64,qldpc_reference,0,True,False,0.03125,0.015625,0.03125,0.020833333333333332,98.0,2,8.798699942417443,candidate_failed_verification,2,0,2,0,2,channel_model=qary_symmetric; syndrome_symbols=22,8,,synthetic,8,4,qary_hard_syndrome_bf,qary_symmetric,0.33,4,20,eb5e714c53e22f14
qldpc_synth_q8_ser0p01_flen64,qldpc_reference,1,True,True,0.015625,0.010416666666666666,0.0,0.0,98.0,1,2.2154999896883965,,2,0,2,0,1,channel_model=qary_symmetric; syndrome_symbols=22,8,,synthetic,8,4,qary_hard_syndrome_bf,qary_symmetric,0.33,4,20,eb5e714c53e22f14
qldpc_synth_q8_ser0p01_flen64,qldpc_reference,2,True,True,0.0,0.0,0.0,0.0,98.0,0,1.9009000388905406,,0,0,0,0,0,channel_model=qary_symmetric; syndrome_symbols=22,8,,synthetic,8,4,qary_hard_syndrome_bf,qary_symmetric,0.33,4,20,eb5e714c53e22f14
qldpc_synth_q8_ser0p01_flen64,qldpc_reference,3,True,True,0.0,0.0,0.0,0.0,98.0,0,1.8776999786496162,,0,0,0,0,0,channel_model=qary_symmetric; syndrome_symbols=22,8,,synthetic,8,4,qary_hard_syndrome_bf,qary_symmetric,0.33,4,20,eb5e714c53e22f14
qldpc_synth_q8_ser0p01_flen64,qldpc_reference,0,True,True,0.03125,0.015625,0.0,0.0,98.0,2,8.839900023303926,,2,0,2,0,2,channel_model=qary_symmetric; syndrome_symbols=22,8,,synthetic,8,4,qary_hard_syndrome_bf,qary_symmetric,0.33,3,20,ec3c47203d968697
qldpc_synth_q8_ser0p01_flen64,qldpc_reference,1,True,True,0.015625,0.010416666666666666,0.0,0.0,98.0,1,1.5792999183759093,,1,0,1,0,1,channel_model=qary_symmetric; syndrome_symbols=22,8,,synthetic,8,4,qary_hard_syndrome_bf,qary_symmetric,0.33,3,20,ec3c47203d968697
qldpc_synth_q8_ser0p01_flen64,qldpc_reference,2,True,True,0.0,0.0,0.0,0.0,98.0,0,1.4965999871492386,,0,0,0,0,0,channel_model=qary_symmetric; syndrome_symbols=22,8,,synthetic,8,4,qary_hard_syndrome_bf,qary_symmetric,0.33,3,20,ec3c47203d968697
qldpc_synth_q8_ser0p01_flen64,qldpc_reference,3,True,True,0.0,0.0,0.0,0.0,98.0,0,1.583700068295002,,0,0,0,0,0,channel_model=qary_symmetric; syndrome_symbols=22,8,,synthetic,8,4,qary_hard_syndrome_bf,qary_symmetric,0.33,3,20,ec3c47203d968697
qldpc_synth_q8_ser0p01_flen64,qldpc_reference,0,True,False,0.03125,0.015625,0.03125,0.015625,128.0,2,6.567100062966347,candidate_failed_verification,2,0,2,0,2,channel_model=qary_symmetric; syndrome_symbols=32,8,,synthetic,8,4,qary_hard_syndrome_bf,qary_symmetric,0.5,3,20,d3ef20759633ed3a
qldpc_synth_q8_ser0p01_flen64,qldpc_reference,1,True,True,0.015625,0.010416666666666666,0.0,0.0,128.0,1,2.4247999535873532,,1,0,1,0,1,channel_model=qary_symmetric; syndrome_symbols=32,8,,synthetic,8,4,qary_hard_syndrome_bf,qary_symmetric,0.5,3,20,d3ef20759633ed3a
qldpc_synth_q8_ser0p01_flen64,qldpc_reference,2,True,True,0.0,0.0,0.0,0.0,128.0,0,2.005400019697845,,0,0,0,0,0,channel_model=qary_symmetric; syndrome_symbols=32,8,,synthetic,8,4,qary_hard_syndrome_bf,qary_symmetric,0.5,3,20,d3ef20759633ed3a
qldpc_synth_q8_ser0p01_flen64,qldpc_reference,3,True,True,0.0,0.0,0.0,0.0,128.0,0,2.2920999908819795,,0,0,0,0,0,channel_model=qary_symmetric; syndrome_symbols=32,8,,synthetic,8,4,qary_hard_syndrome_bf,qary_symmetric,0.5,3,20,d3ef20759633ed3a
qldpc_synth_q4_ser0p08_flen64,qldpc_reference,0,False,False,0.109375,0.0859375,0.03125,0.015625,96.0,20,15.692900051362813,syndrome_decode_failed,12,1,12,1,6,channel_model=qary_symmetric; syndrome_symbols=32,4,,synthetic,4,4,qary_hard_syndrome_bf,qary_symmetric,0.5,4,20,43d014f94c106833
qldpc_synth_q4_ser0p08_flen64,qldpc_reference,1,True,True,0.0625,0.03125,0.0,0.0,96.0,4,9.109699982218444,,10,0,10,0,4,channel_model=qary_symmetric; syndrome_symbols=32,4,,synthetic,4,4,qary_hard_syndrome_bf,qary_symmetric,0.5,4,20,43d014f94c106833
qldpc_synth_q4_ser0p08_flen64,qldpc_reference,2,True,True,0.046875,0.03125,0.0,0.0,96.0,3,7.66740005929023,,6,0,6,0,3,channel_model=qary_symmetric; syndrome_symbols=32,4,,synthetic,4,4,qary_hard_syndrome_bf,qary_symmetric,0.5,4,20,43d014f94c106833
qldpc_synth_q4_ser0p08_flen64,qldpc_reference,3,False,False,0.15625,0.09375,0.171875,0.109375,96.0,20,17.191700055263937,syndrome_decode_failed,17,3,17,3,7,channel_model=qary_symmetric; syndrome_symbols=32,4,,synthetic,4,4,qary_hard_syndrome_bf,qary_symmetric,0.5,4,20,43d014f94c106833
qldpc_synth_q8_ser0p01_flen64,qldpc_reference,0,True,True,0.03125,0.015625,0.0,0.0,128.0,2,7.215899997390807,,3,0,3,0,2,channel_model=qary_symmetric; syndrome_symbols=32,8,,synthetic,8,4,qary_hard_syndrome_bf,qary_symmetric,0.5,4,20,43d014f94c106833
qldpc_synth_q8_ser0p01_flen64,qldpc_reference,1,True,True,0.015625,0.010416666666666666,0.0,0.0,128.0,1,2.437200048007071,,3,0,3,0,1,channel_model=qary_symmetric; syndrome_symbols=32,8,,synthetic,8,4,qary_hard_syndrome_bf,qary_symmetric,0.5,4,20,43d014f94c106833
qldpc_synth_q8_ser0p01_flen64,qldpc_reference,2,True,True,0.0,0.0,0.0,0.0,128.0,0,2.481799921952188,,0,0,0,0,0,channel_model=qary_symmetric; syndrome_symbols=32,8,,synthetic,8,4,qary_hard_syndrome_bf,qary_symmetric,0.5,4,20,43d014f94c106833
qldpc_synth_q8_ser0p01_flen64,qldpc_reference,3,True,True,0.0,0.0,0.0,0.0,128.0,0,2.763299969956279,,0,0,0,0,0,channel_model=qary_symmetric; syndrome_symbols=32,8,,synthetic,8,4,qary_hard_syndrome_bf,qary_symmetric,0.5,4,20,43d014f94c106833
qldpc_synth_q8_ser0p01_flen128,qldpc_reference,0,True,False,0.015625,0.0078125,0.015625,0.005208333333333333,161.0,2,11.655899928882718,candidate_failed_verification,3,0,3,0,2,channel_model=qary_symmetric; syndrome_symbols=43,8,,synthetic,8,4,qary_hard_syndrome_bf,qary_symmetric,0.33,3,20,0b962a07318c87cc
qldpc_synth_q8_ser0p01_flen128,qldpc_reference,1,True,True,0.0078125,0.005208333333333333,0.0,0.0,161.0,1,5.257999990135431,,2,0,2,0,1,channel_model=qary_symmetric; syndrome_symbols=43,8,,synthetic,8,4,qary_hard_syndrome_bf,qary_symmetric,0.33,3,20,0b962a07318c87cc
qldpc_synth_q8_ser0p01_flen128,qldpc_reference,2,True,True,0.0078125,0.005208333333333333,0.0,0.0,161.0,1,4.536499967798591,,1,0,1,0,1,channel_model=qary_symmetric; syndrome_symbols=43,8,,synthetic,8,4,qary_hard_syndrome_bf,qary_symmetric,0.33,3,20,0b962a07318c87cc
qldpc_synth_q8_ser0p01_flen128,qldpc_reference,3,True,True,0.0078125,0.005208333333333333,0.0,0.0,161.0,1,6.071300012990832,,1,0,1,0,1,channel_model=qary_symmetric; syndrome_symbols=43,8,,synthetic,8,4,qary_hard_syndrome_bf,qary_symmetric,0.33,3,20,0b962a07318c87cc
qldpc_synth_q4_ser0p08_flen128,qldpc_reference,0,False,False,0.0703125,0.03515625,0.0703125,0.03515625,160.0,20,45.920300064608455,syndrome_decode_failed,19,2,19,2,8,channel_model=qary_symmetric; syndrome_symbols=64,4,,synthetic,4,4,qary_hard_syndrome_bf,qary_symmetric,0.5,4,20,70f03ad2a6815ec3
qldpc_synth_q4_ser0p08_flen128,qldpc_reference,1,False,False,0.09375,0.06640625,0.0859375,0.0546875,160.0,20,57.23289994057268,syndrome_decode_failed,23,1,23,1,13,channel_model=qary_symmetric; syndrome_symbols=64,4,,synthetic,4,4,qary_hard_syndrome_bf,qary_symmetric,0.5,4,20,70f03ad2a6815ec3
qldpc_synth_q4_ser0p08_flen128,qldpc_reference,2,False,False,0.0625,0.0390625,0.046875,0.03125,160.0,20,37.58570004720241,syndrome_decode_failed,16,1,16,1,8,channel_model=qary_symmetric; syndrome_symbols=64,4,,synthetic,4,4,qary_hard_syndrome_bf,qary_symmetric,0.5,4,20,70f03ad2a6815ec3
qldpc_synth_q4_ser0p08_flen128,qldpc_reference,3,False,False,0.0859375,0.05859375,0.0546875,0.0390625,160.0,20,53.31730004400015,syndrome_decode_failed,17,1,17,1,10,channel_model=qary_symmetric; syndrome_symbols=64,4,,synthetic,4,4,qary_hard_syndrome_bf,qary_symmetric,0.5,4,20,70f03ad2a6815ec3
qldpc_synth_q4_ser0p08_flen128,qldpc_reference,0,True,False,0.0703125,0.03515625,0.0625,0.03125,118.0,8,31.061300076544285,candidate_failed_verification,10,0,10,0,8,channel_model=qary_symmetric; syndrome_symbols=43,4,,synthetic,4,4,qary_hard_syndrome_bf,qary_symmetric,0.33,3,20,ec3c47203d968697
qldpc_synth_q4_ser0p08_flen128,qldpc_reference,1,True,False,0.09375,0.06640625,0.125,0.08203125,118.0,11,43.73889998532832,candidate_failed_verification,14,0,14,0,11,channel_model=qary_symmetric; syndrome_symbols=43,4,,synthetic,4,4,qary_hard_syndrome_bf,qary_symmetric,0.33,3,20,ec3c47203d968697
qldpc_synth_q4_ser0p08_flen128,qldpc_reference,2,False,False,0.0625,0.0390625,0.0859375,0.05078125,118.0,20,36.766699980944395,syndrome_decode_failed,10,2,10,2,7,channel_model=qary_symmetric; syndrome_symbols=43,4,,synthetic,4,4,qary_hard_syndrome_bf,qary_symmetric,0.33,3,20,ec3c47203d968697
qldpc_synth_q4_ser0p08_flen128,qldpc_reference,3,True,False,0.0859375,0.05859375,0.0625,0.046875,118.0,8,31.956999911926687,candidate_failed_verification,11,0,11,0,8,channel_model=qary_symmetric; syndrome_symbols=43,4,,synthetic,4,4,qary_hard_syndrome_bf,qary_symmetric,0.33,3,20,ec3c47203d968697
qldpc_synth_q8_ser0p01_flen128,qldpc_reference,0,True,True,0.015625,0.0078125,0.0,0.0,161.0,2,18.198000034317374,,4,0,4,0,2,channel_model=qary_symmetric; syndrome_symbols=43,8,,synthetic,8,4,qary_hard_syndrome_bf,qary_symmetric,0.33,4,20,b2c6fbab915c06c2
qldpc_synth_q8_ser0p01_flen128,qldpc_reference,1,True,True,0.0078125,0.005208333333333333,0.0,0.0,161.0,1,5.715099978260696,,5,0,5,0,1,channel_model=qary_symmetric; syndrome_symbols=43,8,,synthetic,8,4,qary_hard_syndrome_bf,qary_symmetric,0.33,4,20,b2c6fbab915c06c2
qldpc_synth_q8_ser0p01_flen128,qldpc_reference,2,True,True,0.0078125,0.005208333333333333,0.0,0.0,161.0,1,4.949399968609214,,2,0,2,0,1,channel_model=qary_symmetric; syndrome_symbols=43,8,,synthetic,8,4,qary_hard_syndrome_bf,qary_symmetric,0.33,4,20,b2c6fbab915c06c2
qldpc_synth_q8_ser0p01_flen128,qldpc_reference,3,True,True,0.0078125,0.005208333333333333,0.0,0.0,161.0,1,6.465199985541403,,1,0,1,0,1,channel_model=qary_symmetric; syndrome_symbols=43,8,,synthetic,8,4,qary_hard_syndrome_bf,qary_symmetric,0.33,4,20,b2c6fbab915c06c2
qldpc_synth_q8_ser0p01_flen128,qldpc_reference,0,True,True,0.015625,0.0078125,0.0,0.0,161.0,2,19.988699932582676,,5,0,5,0,2,channel_model=qary_symmetric; syndrome_symbols=43,8,,synthetic,8,4,qary_hard_syndrome_bf,qary_symmetric,0.33,4,20,eb5e714c53e22f14
qldpc_synth_q8_ser0p01_flen128,qldpc_reference,1,True,True,0.0078125,0.005208333333333333,0.0,0.0,161.0,1,5.604699952527881,,3,0,3,0,1,channel_model=qary_symmetric; syndrome_symbols=43,8,,synthetic,8,4,qary_hard_syndrome_bf,qary_symmetric,0.33,4,20,eb5e714c53e22f14
qldpc_synth_q8_ser0p01_flen128,qldpc_reference,2,True,True,0.0078125,0.005208333333333333,0.0,0.0,161.0,1,4.610299947671592,,4,0,4,0,1,channel_model=qary_symmetric; syndrome_symbols=43,8,,synthetic,8,4,qary_hard_syndrome_bf,qary_symmetric,0.33,4,20,eb5e714c53e22f14
qldpc_synth_q8_ser0p01_flen128,qldpc_reference,3,True,True,0.0078125,0.005208333333333333,0.0,0.0,161.0,1,7.600099896080792,,2,0,2,0,1,channel_model=qary_symmetric; syndrome_symbols=43,8,,synthetic,8,4,qary_hard_syndrome_bf,qary_symmetric,0.33,4,20,eb5e714c53e22f14
qldpc_synth_q4_ser0p08_flen128,qldpc_reference,0,True,True,0.0703125,0.03515625,0.0,0.0,160.0,9,40.205699973739684,,24,0,24,0,9,channel_model=qary_symmetric; syndrome_symbols=64,4,,synthetic,4,4,qary_hard_syndrome_bf,qary_symmetric,0.5,4,20,43d014f94c106833
qldpc_synth_q4_ser0p08_flen128,qldpc_reference,1,True,False,0.09375,0.06640625,0.015625,0.01171875,160.0,12,48.626799951307476,candidate_failed_verification,23,0,23,0,12,channel_model=qary_symmetric; syndrome_symbols=64,4,,synthetic,4,4,qary_hard_syndrome_bf,qary_symmetric,0.5,4,20,43d014f94c106833
qldpc_synth_q4_ser0p08_flen128,qldpc_reference,2,True,False,0.0625,0.0390625,0.015625,0.0078125,160.0,8,35.19259998574853,candidate_failed_verification,14,0,14,0,8,channel_model=qary_symmetric; syndrome_symbols=64,4,,synthetic,4,4,qary_hard_syndrome_bf,qary_symmetric,0.5,4,20,43d014f94c106833
qldpc_synth_q4_ser0p08_flen128,qldpc_reference,3,True,True,0.0859375,0.05859375,0.0,0.0,160.0,11,46.87099996954203,,25,0,25,0,11,channel_model=qary_symmetric; syndrome_symbols=64,4,,synthetic,4,4,qary_hard_syndrome_bf,qary_symmetric,0.5,4,20,43d014f94c106833
qldpc_synth_q8_ser0p01_flen128,qldpc_reference,0,True,True,0.015625,0.0078125,0.0,0.0,224.0,2,20.495900069363415,,6,0,6,0,2,channel_model=qary_symmetric; syndrome_symbols=64,8,,synthetic,8,4,qary_hard_syndrome_bf,qary_symmetric,0.5,4,20,43d014f94c106833
qldpc_synth_q8_ser0p01_flen128,qldpc_reference,1,True,True,0.0078125,0.005208333333333333,0.0,0.0,224.0,1,7.599400007165968,,5,0,5,0,1,channel_model=qary_symmetric; syndrome_symbols=64,8,,synthetic,8,4,qary_hard_syndrome_bf,qary_symmetric,0.5,4,20,43d014f94c106833
qldpc_synth_q8_ser0p01_flen128,qldpc_reference,2,True,True,0.0078125,0.005208333333333333,0.0,0.0,224.0,1,7.9023001017048955,,2,0,2,0,1,channel_model=qary_symmetric; syndrome_symbols=64,8,,synthetic,8,4,qary_hard_syndrome_bf,qary_symmetric,0.5,4,20,43d014f94c106833
qldpc_synth_q8_ser0p01_flen128,qldpc_reference,3,True,True,0.0078125,0.005208333333333333,0.0,0.0,224.0,1,7.764299982227385,,2,0,2,0,1,channel_model=qary_symmetric; syndrome_symbols=64,8,,synthetic,8,4,qary_hard_syndrome_bf,qary_symmetric,0.5,4,20,43d014f94c106833
qldpc_synth_q4_ser0p08_flen128,qldpc_reference,0,True,False,0.0703125,0.03515625,0.046875,0.0234375,160.0,8,37.42559999227524,candidate_failed_verification,11,0,11,0,8,channel_model=qary_symmetric; syndrome_symbols=64,4,,synthetic,4,4,qary_hard_syndrome_bf,qary_symmetric,0.5,3,20,d3ef20759633ed3a
qldpc_synth_q4_ser0p08_flen128,qldpc_reference,1,True,False,0.09375,0.06640625,0.046875,0.03515625,160.0,12,49.37999998219311,candidate_failed_verification,20,0,20,0,12,channel_model=qary_symmetric; syndrome_symbols=64,4,,synthetic,4,4,qary_hard_syndrome_bf,qary_symmetric,0.5,3,20,d3ef20759633ed3a
qldpc_synth_q4_ser0p08_flen128,qldpc_reference,2,True,False,0.0625,0.0390625,0.0390625,0.0234375,160.0,9,35.79380002338439,candidate_failed_verification,16,0,16,0,9,channel_model=qary_symmetric; syndrome_symbols=64,4,,synthetic,4,4,qary_hard_syndrome_bf,qary_symmetric,0.5,3,20,d3ef20759633ed3a
qldpc_synth_q4_ser0p08_flen128,qldpc_reference,3,False,False,0.0859375,0.05859375,0.0546875,0.04296875,160.0,20,45.47650006134063,syndrome_decode_failed,17,1,17,1,10,channel_model=qary_symmetric; syndrome_symbols=64,4,,synthetic,4,4,qary_hard_syndrome_bf,qary_symmetric,0.5,3,20,d3ef20759633ed3a
qldpc_synth_q8_ser0p01_flen128,qldpc_reference,0,True,True,0.015625,0.0078125,0.0,0.0,224.0,2,20.590899977833033,,6,0,6,0,2,channel_model=qary_symmetric; syndrome_symbols=64,8,,synthetic,8,4,qary_hard_syndrome_bf,qary_symmetric,0.5,4,20,70f03ad2a6815ec3
qldpc_synth_q8_ser0p01_flen128,qldpc_reference,1,True,True,0.0078125,0.005208333333333333,0.0,0.0,224.0,1,6.993400049395859,,4,0,4,0,1,channel_model=qary_symmetric; syndrome_symbols=64,8,,synthetic,8,4,qary_hard_syndrome_bf,qary_symmetric,0.5,4,20,70f03ad2a6815ec3
qldpc_synth_q8_ser0p01_flen128,qldpc_reference,2,True,True,0.0078125,0.005208333333333333,0.0,0.0,224.0,1,6.241999915800989,,4,0,4,0,1,channel_model=qary_symmetric; syndrome_symbols=64,8,,synthetic,8,4,qary_hard_syndrome_bf,qary_symmetric,0.5,4,20,70f03ad2a6815ec3
qldpc_synth_q8_ser0p01_flen128,qldpc_reference,3,True,True,0.0078125,0.005208333333333333,0.0,0.0,224.0,1,7.725600036792457,,2,0,2,0,1,channel_model=qary_symmetric; syndrome_symbols=64,8,,synthetic,8,4,qary_hard_syndrome_bf,qary_symmetric,0.5,4,20,70f03ad2a6815ec3
qldpc_synth_q8_ser0p03_flen64,qldpc_reference,0,True,True,0.03125,0.015625,0.0,0.0,98.0,2,8.439700002782047,,2,0,2,0,2,channel_model=qary_symmetric; syndrome_symbols=22,8,,synthetic,8,4,qary_hard_syndrome_bf,qary_symmetric,0.33,3,20,ec3c47203d968697
qldpc_synth_q8_ser0p03_flen64,qldpc_reference,1,True,False,0.046875,0.026041666666666668,0.0625,0.03125,98.0,3,10.649999952875078,candidate_failed_verification,3,0,3,0,3,channel_model=qary_symmetric; syndrome_symbols=22,8,,synthetic,8,4,qary_hard_syndrome_bf,qary_symmetric,0.33,3,20,ec3c47203d968697
qldpc_synth_q8_ser0p03_flen64,qldpc_reference,2,True,True,0.015625,0.010416666666666666,0.0,0.0,98.0,1,3.6703000077977777,,2,0,2,0,1,channel_model=qary_symmetric; syndrome_symbols=22,8,,synthetic,8,4,qary_hard_syndrome_bf,qary_symmetric,0.33,3,20,ec3c47203d968697
qldpc_synth_q8_ser0p03_flen64,qldpc_reference,3,True,False,0.046875,0.015625,0.0625,0.026041666666666668,98.0,3,12.68839999102056,candidate_failed_verification,3,0,3,0,3,channel_model=qary_symmetric; syndrome_symbols=22,8,,synthetic,8,4,qary_hard_syndrome_bf,qary_symmetric,0.33,3,20,ec3c47203d968697
qldpc_synth_q8_ser0p01_flen64,qldpc_reference,0,True,True,0.03125,0.015625,0.0,0.0,128.0,2,6.906399969011545,,4,0,4,0,2,channel_model=qary_symmetric; syndrome_symbols=32,8,,synthetic,8,4,qary_hard_syndrome_bf,qary_symmetric,0.5,3,20,522f89e80edee7a1
qldpc_synth_q8_ser0p01_flen64,qldpc_reference,1,True,True,0.015625,0.010416666666666666,0.0,0.0,128.0,1,2.0438000792637467,,2,0,2,0,1,channel_model=qary_symmetric; syndrome_symbols=32,8,,synthetic,8,4,qary_hard_syndrome_bf,qary_symmetric,0.5,3,20,522f89e80edee7a1
qldpc_synth_q8_ser0p01_flen64,qldpc_reference,2,True,True,0.0,0.0,0.0,0.0,128.0,0,1.919299946166575,,0,0,0,0,0,channel_model=qary_symmetric; syndrome_symbols=32,8,,synthetic,8,4,qary_hard_syndrome_bf,qary_symmetric,0.5,3,20,522f89e80edee7a1
qldpc_synth_q8_ser0p01_flen64,qldpc_reference,3,True,True,0.0,0.0,0.0,0.0,128.0,0,1.9378999713808298,,0,0,0,0,0,channel_model=qary_symmetric; syndrome_symbols=32,8,,synthetic,8,4,qary_hard_syndrome_bf,qary_symmetric,0.5,3,20,522f89e80edee7a1
qldpc_synth_q8_ser0p03_flen64,qldpc_reference,0,True,False,0.03125,0.015625,0.03125,0.020833333333333332,98.0,2,8.27180000487715,candidate_failed_verification,2,0,2,0,2,channel_model=qary_symmetric; syndrome_symbols=22,8,,synthetic,8,4,qary_hard_syndrome_bf,qary_symmetric,0.33,4,20,eb5e714c53e22f14
qldpc_synth_q8_ser0p03_flen64,qldpc_reference,1,True,False,0.046875,0.026041666666666668,0.046875,0.036458333333333336,98.0,3,13.464499963447452,candidate_failed_verification,3,0,3,0,3,channel_model=qary_symmetric; syndrome_symbols=22,8,,synthetic,8,4,qary_hard_syndrome_bf,qary_symmetric,0.33,4,20,eb5e714c53e22f14
qldpc_synth_q8_ser0p03_flen64,qldpc_reference,2,True,True,0.015625,0.010416666666666666,0.0,0.0,98.0,1,4.206800018437207,,1,0,1,0,1,channel_model=qary_symmetric; syndrome_symbols=22,8,,synthetic,8,4,qary_hard_syndrome_bf,qary_symmetric,0.33,4,20,eb5e714c53e22f14
qldpc_synth_q8_ser0p03_flen64,qldpc_reference,3,True,False,0.046875,0.015625,0.03125,0.010416666666666666,98.0,3,10.660999920219183,candidate_failed_verification,5,0,5,0,3,channel_model=qary_symmetric; syndrome_symbols=22,8,,synthetic,8,4,qary_hard_syndrome_bf,qary_symmetric,0.33,4,20,eb5e714c53e22f14
qldpc_synth_q8_ser0p03_flen64,qldpc_reference,0,True,True,0.03125,0.015625,0.0,0.0,128.0,2,6.659099948592484,,4,0,4,0,2,channel_model=qary_symmetric; syndrome_symbols=32,8,,synthetic,8,4,qary_hard_syndrome_bf,qary_symmetric,0.5,3,20,522f89e80edee7a1
qldpc_synth_q8_ser0p03_flen64,qldpc_reference,1,True,True,0.046875,0.026041666666666668,0.0,0.0,128.0,3,11.199200060218573,,7,0,7,0,3,channel_model=qary_symmetric; syndrome_symbols=32,8,,synthetic,8,4,qary_hard_syndrome_bf,qary_symmetric,0.5,3,20,522f89e80edee7a1
qldpc_synth_q8_ser0p03_flen64,qldpc_reference,2,True,True,0.015625,0.010416666666666666,0.0,0.0,128.0,1,10.165999992750585,,1,0,1,0,1,channel_model=qary_symmetric; syndrome_symbols=32,8,,synthetic,8,4,qary_hard_syndrome_bf,qary_symmetric,0.5,3,20,522f89e80edee7a1
qldpc_synth_q8_ser0p03_flen64,qldpc_reference,3,True,True,0.046875,0.015625,0.0,0.0,128.0,3,12.510000029578805,,6,0,6,0,3,channel_model=qary_symmetric; syndrome_symbols=32,8,,synthetic,8,4,qary_hard_syndrome_bf,qary_symmetric,0.5,3,20,522f89e80edee7a1
qldpc_synth_q8_ser0p03_flen64,qldpc_reference,0,True,True,0.03125,0.015625,0.0,0.0,98.0,2,6.115800002589822,,3,0,3,0,2,channel_model=qary_symmetric; syndrome_symbols=22,8,,synthetic,8,4,qary_hard_syndrome_bf,qary_symmetric,0.33,3,20,0b962a07318c87cc
qldpc_synth_q8_ser0p03_flen64,qldpc_reference,1,True,True,0.046875,0.026041666666666668,0.0,0.0,98.0,3,9.770900011062622,,6,0,6,0,3,channel_model=qary_symmetric; syndrome_symbols=22,8,,synthetic,8,4,qary_hard_syndrome_bf,qary_symmetric,0.33,3,20,0b962a07318c87cc
qldpc_synth_q8_ser0p03_flen64,qldpc_reference,2,True,False,0.015625,0.010416666666666666,0.03125,0.015625,98.0,1,1.7635999247431755,candidate_failed_verification,1,0,1,0,1,channel_model=qary_symmetric; syndrome_symbols=22,8,,synthetic,8,4,qary_hard_syndrome_bf,qary_symmetric,0.33,3,20,0b962a07318c87cc
qldpc_synth_q8_ser0p03_flen64,qldpc_reference,3,True,False,0.046875,0.015625,0.0625,0.020833333333333332,98.0,3,21.06379996985197,candidate_failed_verification,5,0,5,0,3,channel_model=qary_symmetric; syndrome_symbols=22,8,,synthetic,8,4,qary_hard_syndrome_bf,qary_symmetric,0.33,3,20,0b962a07318c87cc
qldpc_synth_q8_ser0p03_flen64,qldpc_reference,0,True,True,0.03125,0.015625,0.0,0.0,128.0,2,7.221299922093749,,3,0,3,0,2,channel_model=qary_symmetric; syndrome_symbols=32,8,,synthetic,8,4,qary_hard_syndrome_bf,qary_symmetric,0.5,4,20,43d014f94c106833
qldpc_synth_q8_ser0p03_flen64,qldpc_reference,1,True,True,0.046875,0.026041666666666668,0.0,0.0,128.0,3,11.943299905396998,,7,0,7,0,3,channel_model=qary_symmetric; syndrome_symbols=32,8,,synthetic,8,4,qary_hard_syndrome_bf,qary_symmetric,0.5,4,20,43d014f94c106833
qldpc_synth_q8_ser0p03_flen64,qldpc_reference,2,True,True,0.015625,0.010416666666666666,0.0,0.0,128.0,1,4.66410000808537,,2,0,2,0,1,channel_model=qary_symmetric; syndrome_symbols=32,8,,synthetic,8,4,qary_hard_syndrome_bf,qary_symmetric,0.5,4,20,43d014f94c106833
qldpc_synth_q8_ser0p03_flen64,qldpc_reference,3,True,False,0.046875,0.015625,0.03125,0.015625,128.0,2,8.079600054770708,candidate_failed_verification,3,0,3,0,2,channel_model=qary_symmetric; syndrome_symbols=32,8,,synthetic,8,4,qary_hard_syndrome_bf,qary_symmetric,0.5,4,20,43d014f94c106833
qldpc_synth_q4_ser0p08_flen128,qldpc_reference,0,True,False,0.0703125,0.03515625,0.015625,0.0078125,160.0,9,37.40489995107055,candidate_failed_verification,16,0,16,0,9,channel_model=qary_symmetric; syndrome_symbols=64,4,,synthetic,4,4,qary_hard_syndrome_bf,qary_symmetric,0.5,3,20,522f89e80edee7a1
qldpc_synth_q4_ser0p08_flen128,qldpc_reference,1,True,False,0.09375,0.06640625,0.0546875,0.0390625,160.0,12,49.20470004435629,candidate_failed_verification,21,0,21,0,12,channel_model=qary_symmetric; syndrome_symbols=64,4,,synthetic,4,4,qary_hard_syndrome_bf,qary_symmetric,0.5,3,20,522f89e80edee7a1
qldpc_synth_q4_ser0p08_flen128,qldpc_reference,2,True,True,0.0625,0.0390625,0.0,0.0,160.0,8,32.80100005213171,,15,0,15,0,8,channel_model=qary_symmetric; syndrome_symbols=64,4,,synthetic,4,4,qary_hard_syndrome_bf,qary_symmetric,0.5,3,20,522f89e80edee7a1
qldpc_synth_q4_ser0p08_flen128,qldpc_reference,3,True,False,0.0859375,0.05859375,0.015625,0.015625,160.0,11,45.20819999743253,candidate_failed_verification,19,0,19,0,11,channel_model=qary_symmetric; syndrome_symbols=64,4,,synthetic,4,4,qary_hard_syndrome_bf,qary_symmetric,0.5,3,20,522f89e80edee7a1
qldpc_synth_q8_ser0p03_flen64,qldpc_reference,0,True,False,0.03125,0.015625,0.03125,0.020833333333333332,128.0,2,9.503900073468685,candidate_failed_verification,2,0,2,0,2,channel_model=qary_symmetric; syndrome_symbols=32,8,,synthetic,8,4,qary_hard_syndrome_bf,qary_symmetric,0.5,4,20,70f03ad2a6815ec3
qldpc_synth_q8_ser0p03_flen64,qldpc_reference,1,True,False,0.046875,0.026041666666666668,0.046875,0.036458333333333336,128.0,3,14.48280003387481,candidate_failed_verification,3,0,3,0,3,channel_model=qary_symmetric; syndrome_symbols=32,8,,synthetic,8,4,qary_hard_syndrome_bf,qary_symmetric,0.5,4,20,70f03ad2a6815ec3
qldpc_synth_q8_ser0p03_flen64,qldpc_reference,2,True,False,0.015625,0.010416666666666666,0.03125,0.015625,128.0,1,2.819499932229519,candidate_failed_verification,1,0,1,0,1,channel_model=qary_symmetric; syndrome_symbols=32,8,,synthetic,8,4,qary_hard_syndrome_bf,qary_symmetric,0.5,4,20,70f03ad2a6815ec3
qldpc_synth_q8_ser0p03_flen64,qldpc_reference,3,True,True,0.046875,0.015625,0.0,0.0,128.0,3,18.147900002077222,,9,0,9,0,3,channel_model=qary_symmetric; syndrome_symbols=32,8,,synthetic,8,4,qary_hard_syndrome_bf,qary_symmetric,0.5,4,20,70f03ad2a6815ec3
qldpc_synth_q8_ser0p03_flen128,qldpc_reference,0,True,False,0.03125,0.018229166666666668,0.046875,0.026041666666666668,161.0,4,29.22899997793138,candidate_failed_verification,6,0,6,0,4,channel_model=qary_symmetric; syndrome_symbols=43,8,,synthetic,8,4,qary_hard_syndrome_bf,qary_symmetric,0.33,3,20,ec3c47203d968697
qldpc_synth_q8_ser0p03_flen128,qldpc_reference,1,True,True,0.0234375,0.010416666666666666,0.0,0.0,161.0,3,20.932600018568337,,6,0,6,0,3,channel_model=qary_symmetric; syndrome_symbols=43,8,,synthetic,8,4,qary_hard_syndrome_bf,qary_symmetric,0.33,3,20,ec3c47203d968697
qldpc_synth_q8_ser0p03_flen128,qldpc_reference,2,True,False,0.0234375,0.018229166666666668,0.03125,0.0234375,161.0,3,20.722600049339235,candidate_failed_verification,4,0,4,0,3,channel_model=qary_symmetric; syndrome_symbols=43,8,,synthetic,8,4,qary_hard_syndrome_bf,qary_symmetric,0.33,3,20,ec3c47203d968697
qldpc_synth_q8_ser0p03_flen128,qldpc_reference,3,True,True,0.015625,0.0078125,0.0,0.0,161.0,2,19.211400067433715,,3,0,3,0,2,channel_model=qary_symmetric; syndrome_symbols=43,8,,synthetic,8,4,qary_hard_syndrome_bf,qary_symmetric,0.33,3,20,ec3c47203d968697
qldpc_synth_q8_ser0p03_flen128,qldpc_reference,0,True,True,0.03125,0.018229166666666668,0.0,0.0,161.0,4,36.817300016991794,,8,0,8,0,4,channel_model=qary_symmetric; syndrome_symbols=43,8,,synthetic,8,4,qary_hard_syndrome_bf,qary_symmetric,0.33,4,20,b2c6fbab915c06c2
qldpc_synth_q8_ser0p03_flen128,qldpc_reference,1,True,True,0.0234375,0.010416666666666666,0.0,0.0,161.0,3,22.72370003629476,,8,0,8,0,3,channel_model=qary_symmetric; syndrome_symbols=43,8,,synthetic,8,4,qary_hard_syndrome_bf,qary_symmetric,0.33,4,20,b2c6fbab915c06c2
qldpc_synth_q8_ser0p03_flen128,qldpc_reference,2,True,False,0.0234375,0.018229166666666668,0.0390625,0.03125,161.0,4,39.23889994621277,candidate_failed_verification,7,0,7,0,4,channel_model=qary_symmetric; syndrome_symbols=43,8,,synthetic,8,4,qary_hard_syndrome_bf,qary_symmetric,0.33,4,20,b2c6fbab915c06c2
qldpc_synth_q8_ser0p03_flen128,qldpc_reference,3,True,False,0.015625,0.0078125,0.015625,0.010416666666666666,161.0,2,14.640800072811544,candidate_failed_verification,2,0,2,0,2,channel_model=qary_symmetric; syndrome_symbols=43,8,,synthetic,8,4,qary_hard_syndrome_bf,qary_symmetric,0.33,4,20,b2c6fbab915c06c2
qldpc_synth_q8_ser0p03_flen128,qldpc_reference,0,True,False,0.03125,0.018229166666666668,0.03125,0.018229166666666668,161.0,4,34.88739999011159,candidate_failed_verification,5,0,5,0,4,channel_model=qary_symmetric; syndrome_symbols=43,8,,synthetic,8,4,qary_hard_syndrome_bf,qary_symmetric,0.33,3,20,0b962a07318c87cc
qldpc_synth_q8_ser0p03_flen128,qldpc_reference,1,True,True,0.0234375,0.010416666666666666,0.0,0.0,161.0,3,21.193800028413534,,4,0,4,0,3,channel_model=qary_symmetric; syndrome_symbols=43,8,,synthetic,8,4,qary_hard_syndrome_bf,qary_symmetric,0.33,3,20,0b962a07318c87cc
qldpc_synth_q8_ser0p03_flen128,qldpc_reference,2,True,False,0.0234375,0.018229166666666668,0.015625,0.010416666666666666,161.0,3,21.544600022025406,candidate_failed_verification,4,0,4,0,3,channel_model=qary_symmetric; syndrome_symbols=43,8,,synthetic,8,4,qary_hard_syndrome_bf,qary_symmetric,0.33,3,20,0b962a07318c87cc
qldpc_synth_q8_ser0p03_flen128,qldpc_reference,3,True,True,0.015625,0.0078125,0.0,0.0,161.0,2,14.397099963389337,,3,0,3,0,2,channel_model=qary_symmetric; syndrome_symbols=43,8,,synthetic,8,4,qary_hard_syndrome_bf,qary_symmetric,0.33,3,20,0b962a07318c87cc
qldpc_synth_q8_ser0p03_flen64,qldpc_reference,0,True,False,0.03125,0.015625,0.03125,0.015625,98.0,2,7.570700021460652,candidate_failed_verification,2,0,2,0,2,channel_model=qary_symmetric; syndrome_symbols=22,8,,synthetic,8,4,qary_hard_syndrome_bf,qary_symmetric,0.33,4,20,b2c6fbab915c06c2
qldpc_synth_q8_ser0p03_flen64,qldpc_reference,1,True,False,0.046875,0.026041666666666668,0.03125,0.020833333333333332,98.0,3,12.736200005747378,candidate_failed_verification,3,0,3,0,3,channel_model=qary_symmetric; syndrome_symbols=22,8,,synthetic,8,4,qary_hard_syndrome_bf,qary_symmetric,0.33,4,20,b2c6fbab915c06c2
qldpc_synth_q8_ser0p03_flen64,qldpc_reference,2,True,True,0.015625,0.010416666666666666,0.0,0.0,98.0,1,4.2125999461859465,,2,0,2,0,1,channel_model=qary_symmetric; syndrome_symbols=22,8,,synthetic,8,4,qary_hard_syndrome_bf,qary_symmetric,0.33,4,20,b2c6fbab915c06c2
qldpc_synth_q8_ser0p03_flen64,qldpc_reference,3,True,False,0.046875,0.015625,0.03125,0.015625,98.0,3,12.082899920642376,candidate_failed_verification,3,0,3,0,3,channel_model=qary_symmetric; syndrome_symbols=22,8,,synthetic,8,4,qary_hard_syndrome_bf,qary_symmetric,0.33,4,20,b2c6fbab915c06c2
qldpc_synth_q8_ser0p03_flen128,qldpc_reference,0,True,False,0.03125,0.018229166666666668,0.03125,0.013020833333333334,224.0,4,37.00010001193732,candidate_failed_verification,7,0,7,0,4,channel_model=qary_symmetric; syndrome_symbols=64,8,,synthetic,8,4,qary_hard_syndrome_bf,qary_symmetric,0.5,3,20,d3ef20759633ed3a
qldpc_synth_q8_ser0p03_flen128,qldpc_reference,1,True,True,0.0234375,0.010416666666666666,0.0,0.0,224.0,3,22.791100083850324,,8,0,8,0,3,channel_model=qary_symmetric; syndrome_symbols=64,8,,synthetic,8,4,qary_hard_syndrome_bf,qary_symmetric,0.5,3,20,d3ef20759633ed3a
qldpc_synth_q8_ser0p03_flen128,qldpc_reference,2,True,True,0.0234375,0.018229166666666668,0.0,0.0,224.0,3,28.666500002145767,,9,0,9,0,3,channel_model=qary_symmetric; syndrome_symbols=64,8,,synthetic,8,4,qary_hard_syndrome_bf,qary_symmetric,0.5,3,20,d3ef20759633ed3a
qldpc_synth_q8_ser0p03_flen128,qldpc_reference,3,True,True,0.015625,0.0078125,0.0,0.0,224.0,2,19.740000017918646,,4,0,4,0,2,channel_model=qary_symmetric; syndrome_symbols=64,8,,synthetic,8,4,qary_hard_syndrome_bf,qary_symmetric,0.5,3,20,d3ef20759633ed3a
qldpc_synth_q8_ser0p03_flen128,qldpc_reference,0,True,False,0.03125,0.018229166666666668,0.015625,0.010416666666666666,161.0,4,33.113199984654784,candidate_failed_verification,10,0,10,0,4,channel_model=qary_symmetric; syndrome_symbols=43,8,,synthetic,8,4,qary_hard_syndrome_bf,qary_symmetric,0.33,4,20,eb5e714c53e22f14
qldpc_synth_q8_ser0p03_flen128,qldpc_reference,1,True,False,0.0234375,0.010416666666666666,0.015625,0.0078125,161.0,3,22.0168000087142,candidate_failed_verification,8,0,8,0,3,channel_model=qary_symmetric; syndrome_symbols=43,8,,synthetic,8,4,qary_hard_syndrome_bf,qary_symmetric,0.33,4,20,eb5e714c53e22f14
qldpc_synth_q8_ser0p03_flen128,qldpc_reference,2,True,True,0.0234375,0.018229166666666668,0.0,0.0,161.0,3,29.632700025103986,,8,0,8,0,3,channel_model=qary_symmetric; syndrome_symbols=43,8,,synthetic,8,4,qary_hard_syndrome_bf,qary_symmetric,0.33,4,20,eb5e714c53e22f14
qldpc_synth_q8_ser0p03_flen128,qldpc_reference,3,True,False,0.015625,0.0078125,0.015625,0.010416666666666666,161.0,2,14.67069995123893,candidate_failed_verification,3,0,3,0,2,channel_model=qary_symmetric; syndrome_symbols=43,8,,synthetic,8,4,qary_hard_syndrome_bf,qary_symmetric,0.33,4,20,eb5e714c53e22f14
qldpc_synth_q8_ser0p03_flen128,qldpc_reference,0,True,True,0.03125,0.018229166666666668,0.0,0.0,224.0,4,37.06640005111694,,11,0,11,0,4,channel_model=qary_symmetric; syndrome_symbols=64,8,,synthetic,8,4,qary_hard_syndrome_bf,qary_symmetric,0.5,4,20,43d014f94c106833
qldpc_synth_q8_ser0p03_flen128,qldpc_reference,1,True,True,0.0234375,0.010416666666666666,0.0,0.0,224.0,3,23.224600008688867,,8,0,8,0,3,channel_model=qary_symmetric; syndrome_symbols=64,8,,synthetic,8,4,qary_hard_syndrome_bf,qary_symmetric,0.5,4,20,43d014f94c106833
qldpc_synth_q8_ser0p03_flen128,qldpc_reference,2,True,True,0.0234375,0.018229166666666668,0.0,0.0,224.0,3,28.130099992267787,,7,0,7,0,3,channel_model=qary_symmetric; syndrome_symbols=64,8,,synthetic,8,4,qary_hard_syndrome_bf,qary_symmetric,0.5,4,20,43d014f94c106833
qldpc_synth_q8_ser0p03_flen128,qldpc_reference,3,True,True,0.015625,0.0078125,0.0,0.0,224.0,2,15.790299978107214,,5,0,5,0,2,channel_model=qary_symmetric; syndrome_symbols=64,8,,synthetic,8,4,qary_hard_syndrome_bf,qary_symmetric,0.5,4,20,43d014f94c106833
qldpc_synth_q8_ser0p03_flen128,qldpc_reference,0,True,True,0.03125,0.018229166666666668,0.0,0.0,224.0,4,37.45980001986027,,13,0,13,0,4,channel_model=qary_symmetric; syndrome_symbols=64,8,,synthetic,8,4,qary_hard_syndrome_bf,qary_symmetric,0.5,4,20,70f03ad2a6815ec3
qldpc_synth_q8_ser0p03_flen128,qldpc_reference,1,True,True,0.0234375,0.010416666666666666,0.0,0.0,224.0,3,27.377299964427948,,10,0,10,0,3,channel_model=qary_symmetric; syndrome_symbols=64,8,,synthetic,8,4,qary_hard_syndrome_bf,qary_symmetric,0.5,4,20,70f03ad2a6815ec3
qldpc_synth_q8_ser0p03_flen128,qldpc_reference,2,True,True,0.0234375,0.018229166666666668,0.0,0.0,224.0,3,28.69559999089688,,9,0,9,0,3,channel_model=qary_symmetric; syndrome_symbols=64,8,,synthetic,8,4,qary_hard_syndrome_bf,qary_symmetric,0.5,4,20,70f03ad2a6815ec3
qldpc_synth_q8_ser0p03_flen128,qldpc_reference,3,True,True,0.015625,0.0078125,0.0,0.0,224.0,2,19.89830005913973,,4,0,4,0,2,channel_model=qary_symmetric; syndrome_symbols=64,8,,synthetic,8,4,qary_hard_syndrome_bf,qary_symmetric,0.5,4,20,70f03ad2a6815ec3
qldpc_synth_q8_ser0p05_flen64,qldpc_reference,0,True,False,0.09375,0.052083333333333336,0.0625,0.036458333333333336,98.0,6,34.509000019170344,candidate_failed_verification,7,0,7,0,6,channel_model=qary_symmetric; syndrome_symbols=22,8,,synthetic,8,4,qary_hard_syndrome_bf,qary_symmetric,0.33,3,20,0b962a07318c87cc
qldpc_synth_q8_ser0p05_flen64,qldpc_reference,1,True,True,0.046875,0.015625,0.0,0.0,98.0,3,9.60380001924932,,6,0,6,0,3,channel_model=qary_symmetric; syndrome_symbols=22,8,,synthetic,8,4,qary_hard_syndrome_bf,qary_symmetric,0.33,3,20,0b962a07318c87cc
qldpc_synth_q8_ser0p05_flen64,qldpc_reference,2,True,False,0.03125,0.015625,0.03125,0.015625,98.0,2,6.3596999971196055,candidate_failed_verification,3,0,3,0,2,channel_model=qary_symmetric; syndrome_symbols=22,8,,synthetic,8,4,qary_hard_syndrome_bf,qary_symmetric,0.33,3,20,0b962a07318c87cc
qldpc_synth_q8_ser0p05_flen64,qldpc_reference,3,True,False,0.078125,0.052083333333333336,0.0625,0.041666666666666664,98.0,5,18.639500020071864,candidate_failed_verification,9,0,9,0,5,channel_model=qary_symmetric; syndrome_symbols=22,8,,synthetic,8,4,qary_hard_syndrome_bf,qary_symmetric,0.33,3,20,0b962a07318c87cc
qldpc_synth_q8_ser0p05_flen64,qldpc_reference,0,True,False,0.09375,0.052083333333333336,0.0625,0.03125,98.0,6,24.098399910144508,candidate_failed_verification,7,0,7,0,6,channel_model=qary_symmetric; syndrome_symbols=22,8,,synthetic,8,4,qary_hard_syndrome_bf,qary_symmetric,0.33,4,20,b2c6fbab915c06c2
qldpc_synth_q8_ser0p05_flen64,qldpc_reference,1,True,False,0.046875,0.015625,0.078125,0.03125,98.0,2,8.090400020591915,candidate_failed_verification,2,0,2,0,2,channel_model=qary_symmetric; syndrome_symbols=22,8,,synthetic,8,4,qary_hard_syndrome_bf,qary_symmetric,0.33,4,20,b2c6fbab915c06c2
qldpc_synth_q8_ser0p05_flen64,qldpc_reference,2,True,False,0.03125,0.015625,0.03125,0.026041666666666668,98.0,2,8.228700025938451,candidate_failed_verification,3,0,3,0,2,channel_model=qary_symmetric; syndrome_symbols=22,8,,synthetic,8,4,qary_hard_syndrome_bf,qary_symmetric,0.33,4,20,b2c6fbab915c06c2
qldpc_synth_q8_ser0p05_flen64,qldpc_reference,3,True,False,0.078125,0.052083333333333336,0.0625,0.041666666666666664,98.0,5,20.56330000050366,candidate_failed_verification,5,0,5,0,5,channel_model=qary_symmetric; syndrome_symbols=22,8,,synthetic,8,4,qary_hard_syndrome_bf,qary_symmetric,0.33,4,20,b2c6fbab915c06c2
qldpc_synth_q8_ser0p05_flen64,qldpc_reference,0,True,False,0.09375,0.052083333333333336,0.09375,0.046875,98.0,6,25.12540004681796,candidate_failed_verification,6,0,6,0,6,channel_model=qary_symmetric; syndrome_symbols=22,8,,synthetic,8,4,qary_hard_syndrome_bf,qary_symmetric,0.33,3,20,ec3c47203d968697
qldpc_synth_q8_ser0p05_flen64,qldpc_reference,1,True,False,0.046875,0.015625,0.0625,0.036458333333333336,98.0,3,10.664400062523782,candidate_failed_verification,3,0,3,0,3,channel_model=qary_symmetric; syndrome_symbols=22,8,,synthetic,8,4,qary_hard_syndrome_bf,qary_symmetric,0.33,3,20,ec3c47203d968697
qldpc_synth_q8_ser0p05_flen64,qldpc_reference,2,True,True,0.03125,0.015625,0.0,0.0,98.0,2,8.943099994212389,,3,0,3,0,2,channel_model=qary_symmetric; syndrome_symbols=22,8,,synthetic,8,4,qary_hard_syndrome_bf,qary_symmetric,0.33,3,20,ec3c47203d968697
qldpc_synth_q8_ser0p05_flen64,qldpc_reference,3,True,False,0.078125,0.052083333333333336,0.09375,0.07291666666666667,98.0,5,20.26999997906387,candidate_failed_verification,6,0,6,0,5,channel_model=qary_symmetric; syndrome_symbols=22,8,,synthetic,8,4,qary_hard_syndrome_bf,qary_symmetric,0.33,3,20,ec3c47203d968697
qldpc_synth_q8_ser0p03_flen64,qldpc_reference,0,True,False,0.03125,0.015625,0.03125,0.015625,128.0,2,6.5744000021368265,candidate_failed_verification,2,0,2,0,2,channel_model=qary_symmetric; syndrome_symbols=32,8,,synthetic,8,4,qary_hard_syndrome_bf,qary_symmetric,0.5,3,20,d3ef20759633ed3a
qldpc_synth_q8_ser0p03_flen64,qldpc_reference,1,True,False,0.046875,0.026041666666666668,0.03125,0.015625,128.0,3,11.746799922548234,candidate_failed_verification,3,0,3,0,3,channel_model=qary_symmetric; syndrome_symbols=32,8,,synthetic,8,4,qary_hard_syndrome_bf,qary_symmetric,0.5,3,20,d3ef20759633ed3a
qldpc_synth_q8_ser0p03_flen64,qldpc_reference,2,True,True,0.015625,0.010416666666666666,0.0,0.0,128.0,1,4.251799895428121,,3,0,3,0,1,channel_model=qary_symmetric; syndrome_symbols=32,8,,synthetic,8,4,qary_hard_syndrome_bf,qary_symmetric,0.5,3,20,d3ef20759633ed3a
qldpc_synth_q8_ser0p03_flen64,qldpc_reference,3,True,False,0.046875,0.015625,0.03125,0.015625,128.0,3,11.81129994802177,candidate_failed_verification,4,0,4,0,3,channel_model=qary_symmetric; syndrome_symbols=32,8,,synthetic,8,4,qary_hard_syndrome_bf,qary_symmetric,0.5,3,20,d3ef20759633ed3a
qldpc_synth_q8_ser0p05_flen64,qldpc_reference,0,True,False,0.09375,0.052083333333333336,0.0625,0.03125,128.0,6,26.727900025434792,candidate_failed_verification,8,0,8,0,6,channel_model=qary_symmetric; syndrome_symbols=32,8,,synthetic,8,4,qary_hard_syndrome_bf,qary_symmetric,0.5,3,20,522f89e80edee7a1
qldpc_synth_q8_ser0p05_flen64,qldpc_reference,1,True,True,0.046875,0.015625,0.0,0.0,128.0,3,11.268100002780557,,7,0,7,0,3,channel_model=qary_symmetric; syndrome_symbols=32,8,,synthetic,8,4,qary_hard_syndrome_bf,qary_symmetric,0.5,3,20,522f89e80edee7a1
qldpc_synth_q8_ser0p05_flen64,qldpc_reference,2,True,True,0.03125,0.015625,0.0,0.0,128.0,2,9.065599995665252,,3,0,3,0,2,channel_model=qary_symmetric; syndrome_symbols=32,8,,synthetic,8,4,qary_hard_syndrome_bf,qary_symmetric,0.5,3,20,522f89e80edee7a1
qldpc_synth_q8_ser0p05_flen64,qldpc_reference,3,True,True,0.078125,0.052083333333333336,0.0,0.0,128.0,5,20.81469993572682,,10,0,10,0,5,channel_model=qary_symmetric; syndrome_symbols=32,8,,synthetic,8,4,qary_hard_syndrome_bf,qary_symmetric,0.5,3,20,522f89e80edee7a1
qldpc_synth_q8_ser0p05_flen64,qldpc_reference,0,True,False,0.09375,0.052083333333333336,0.03125,0.026041666666666668,98.0,6,26.485399925149977,candidate_failed_verification,14,0,14,0,6,channel_model=qary_symmetric; syndrome_symbols=22,8,,synthetic,8,4,qary_hard_syndrome_bf,qary_symmetric,0.33,4,20,eb5e714c53e22f14
qldpc_synth_q8_ser0p05_flen64,qldpc_reference,1,True,False,0.046875,0.015625,0.078125,0.03125,98.0,2,12.941400054842234,candidate_failed_verification,3,0,3,0,2,channel_model=qary_symmetric; syndrome_symbols=22,8,,synthetic,8,4,qary_hard_syndrome_bf,qary_symmetric,0.33,4,20,eb5e714c53e22f14
qldpc_synth_q8_ser0p05_flen64,qldpc_reference,2,True,True,0.03125,0.015625,0.0,0.0,98.0,2,8.26600007712841,,3,0,3,0,2,channel_model=qary_symmetric; syndrome_symbols=22,8,,synthetic,8,4,qary_hard_syndrome_bf,qary_symmetric,0.33,4,20,eb5e714c53e22f14
qldpc_synth_q8_ser0p05_flen64,qldpc_reference,3,True,False,0.078125,0.052083333333333336,0.078125,0.041666666666666664,98.0,5,26.878500008024275,candidate_failed_verification,6,0,6,0,5,channel_model=qary_symmetric; syndrome_symbols=22,8,,synthetic,8,4,qary_hard_syndrome_bf,qary_symmetric,0.33,4,20,eb5e714c53e22f14
qldpc_synth_q8_ser0p03_flen128,qldpc_reference,0,True,False,0.03125,0.018229166666666668,0.015625,0.0078125,224.0,4,34.8429000005126,candidate_failed_verification,7,0,7,0,4,channel_model=qary_symmetric; syndrome_symbols=64,8,,synthetic,8,4,qary_hard_syndrome_bf,qary_symmetric,0.5,3,20,522f89e80edee7a1
qldpc_synth_q8_ser0p03_flen128,qldpc_reference,1,True,True,0.0234375,0.010416666666666666,0.0,0.0,224.0,3,21.6389000415802,,5,0,5,0,3,channel_model=qary_symmetric; syndrome_symbols=64,8,,synthetic,8,4,qary_hard_syndrome_bf,qary_symmetric,0.5,3,20,522f89e80edee7a1
qldpc_synth_q8_ser0p03_flen128,qldpc_reference,2,True,True,0.0234375,0.018229166666666668,0.0,0.0,224.0,3,21.61329996306449,,6,0,6,0,3,channel_model=qary_symmetric; syndrome_symbols=64,8,,synthetic,8,4,qary_hard_syndrome_bf,qary_symmetric,0.5,3,20,522f89e80edee7a1
qldpc_synth_q8_ser0p03_flen128,qldpc_reference,3,True,True,0.015625,0.0078125,0.0,0.0,224.0,2,14.618600020185113,,3,0,3,0,2,channel_model=qary_symmetric; syndrome_symbols=64,8,,synthetic,8,4,qary_hard_syndrome_bf,qary_symmetric,0.5,3,20,522f89e80edee7a1
qldpc_synth_q8_ser0p05_flen128,qldpc_reference,0,True,False,0.03125,0.018229166666666668,0.03125,0.018229166666666668,161.0,4,45.01540004275739,candidate_failed_verification,5,0,5,0,4,channel_model=qary_symmetric; syndrome_symbols=43,8,,synthetic,8,4,qary_hard_syndrome_bf,qary_symmetric,0.33,3,20,0b962a07318c87cc
qldpc_synth_q8_ser0p05_flen128,qldpc_reference,1,True,False,0.0703125,0.028645833333333332,0.0546875,0.028645833333333332,161.0,8,69.56209999043494,candidate_failed_verification,12,0,12,0,8,channel_model=qary_symmetric; syndrome_symbols=43,8,,synthetic,8,4,qary_hard_syndrome_bf,qary_symmetric,0.33,3,20,0b962a07318c87cc
qldpc_synth_q8_ser0p05_flen128,qldpc_reference,2,True,False,0.03125,0.0234375,0.015625,0.010416666666666666,161.0,4,31.1371999559924,candidate_failed_verification,5,0,5,0,4,channel_model=qary_symmetric; syndrome_symbols=43,8,,synthetic,8,4,qary_hard_syndrome_bf,qary_symmetric,0.33,3,20,0b962a07318c87cc
qldpc_synth_q8_ser0p05_flen128,qldpc_reference,3,True,False,0.0546875,0.041666666666666664,0.0625,0.036458333333333336,161.0,6,47.72879998199642,candidate_failed_verification,7,0,7,0,6,channel_model=qary_symmetric; syndrome_symbols=43,8,,synthetic,8,4,qary_hard_syndrome_bf,qary_symmetric,0.33,3,20,0b962a07318c87cc
qldpc_synth_q8_ser0p01_flen128,qldpc_reference,0,True,False,0.015625,0.0078125,0.015625,0.010416666666666666,161.0,2,13.28409998677671,candidate_failed_verification,4,0,4,0,2,channel_model=qary_symmetric; syndrome_symbols=43,8,,synthetic,8,4,qary_hard_syndrome_bf,qary_symmetric,0.33,3,20,ec3c47203d968697
qldpc_synth_q8_ser0p01_flen128,qldpc_reference,1,True,True,0.0078125,0.005208333333333333,0.0,0.0,161.0,1,5.1914999494329095,,3,0,3,0,1,channel_model=qary_symmetric; syndrome_symbols=43,8,,synthetic,8,4,qary_hard_syndrome_bf,qary_symmetric,0.33,3,20,ec3c47203d968697
qldpc_synth_q8_ser0p01_flen128,qldpc_reference,2,True,True,0.0078125,0.005208333333333333,0.0,0.0,161.0,1,4.207799909636378,,2,0,2,0,1,channel_model=qary_symmetric; syndrome_symbols=43,8,,synthetic,8,4,qary_hard_syndrome_bf,qary_symmetric,0.33,3,20,ec3c47203d968697
qldpc_synth_q8_ser0p01_flen128,qldpc_reference,3,True,True,0.0078125,0.005208333333333333,0.0,0.0,161.0,1,5.641700001433492,,2,0,2,0,1,channel_model=qary_symmetric; syndrome_symbols=43,8,,synthetic,8,4,qary_hard_syndrome_bf,qary_symmetric,0.33,3,20,ec3c47203d968697
qldpc_synth_q8_ser0p01_flen64,qldpc_reference,0,True,False,0.03125,0.015625,0.03125,0.020833333333333332,128.0,2,9.02310002129525,candidate_failed_verification,2,0,2,0,2,channel_model=qary_symmetric; syndrome_symbols=32,8,,synthetic,8,4,qary_hard_syndrome_bf,qary_symmetric,0.5,4,20,70f03ad2a6815ec3
qldpc_synth_q8_ser0p01_flen64,qldpc_reference,1,True,True,0.015625,0.010416666666666666,0.0,0.0,128.0,1,2.5381000014021993,,2,0,2,0,1,channel_model=qary_symmetric; syndrome_symbols=32,8,,synthetic,8,4,qary_hard_syndrome_bf,qary_symmetric,0.5,4,20,70f03ad2a6815ec3
qldpc_synth_q8_ser0p01_flen64,qldpc_reference,2,True,True,0.0,0.0,0.0,0.0,128.0,0,2.7289999416098,,0,0,0,0,0,channel_model=qary_symmetric; syndrome_symbols=32,8,,synthetic,8,4,qary_hard_syndrome_bf,qary_symmetric,0.5,4,20,70f03ad2a6815ec3
qldpc_synth_q8_ser0p01_flen64,qldpc_reference,3,True,True,0.0,0.0,0.0,0.0,128.0,0,2.379499957896769,,0,0,0,0,0,channel_model=qary_symmetric; syndrome_symbols=32,8,,synthetic,8,4,qary_hard_syndrome_bf,qary_symmetric,0.5,4,20,70f03ad2a6815ec3
qldpc_synth_q8_ser0p05_flen128,qldpc_reference,0,True,False,0.03125,0.018229166666666668,0.015625,0.010416666666666666,161.0,4,31.283299904316664,candidate_failed_verification,10,0,10,0,4,channel_model=qary_symmetric; syndrome_symbols=43,8,,synthetic,8,4,qary_hard_syndrome_bf,qary_symmetric,0.33,4,20,eb5e714c53e22f14
qldpc_synth_q8_ser0p05_flen128,qldpc_reference,1,True,False,0.0703125,0.028645833333333332,0.046875,0.03125,161.0,9,74.67300002463162,candidate_failed_verification,14,0,14,0,9,channel_model=qary_symmetric; syndrome_symbols=43,8,,synthetic,8,4,qary_hard_syndrome_bf,qary_symmetric,0.33,4,20,eb5e714c53e22f14
qldpc_synth_q8_ser0p05_flen128,qldpc_reference,2,True,True,0.03125,0.0234375,0.0,0.0,161.0,4,35.018600057810545,,10,0,10,0,4,channel_model=qary_symmetric; syndrome_symbols=43,8,,synthetic,8,4,qary_hard_syndrome_bf,qary_symmetric,0.33,4,20,eb5e714c53e22f14
qldpc_synth_q8_ser0p05_flen128,qldpc_reference,3,True,False,0.0546875,0.041666666666666664,0.046875,0.028645833333333332,161.0,6,49.98200002592057,candidate_failed_verification,8,0,8,0,6,channel_model=qary_symmetric; syndrome_symbols=43,8,,synthetic,8,4,qary_hard_syndrome_bf,qary_symmetric,0.33,4,20,eb5e714c53e22f14
qldpc_synth_q8_ser0p05_flen64,qldpc_reference,0,True,False,0.09375,0.052083333333333336,0.03125,0.020833333333333332,128.0,6,24.09229998011142,candidate_failed_verification,11,0,11,0,6,channel_model=qary_symmetric; syndrome_symbols=32,8,,synthetic,8,4,qary_hard_syndrome_bf,qary_symmetric,0.5,3,20,d3ef20759633ed3a
qldpc_synth_q8_ser0p05_flen64,qldpc_reference,1,True,False,0.046875,0.015625,0.03125,0.015625,128.0,3,15.040199970826507,candidate_failed_verification,3,0,3,0,3,channel_model=qary_symmetric; syndrome_symbols=32,8,,synthetic,8,4,qary_hard_syndrome_bf,qary_symmetric,0.5,3,20,d3ef20759633ed3a
qldpc_synth_q8_ser0p05_flen64,qldpc_reference,2,True,True,0.03125,0.015625,0.0,0.0,128.0,2,9.54310002271086,,5,0,5,0,2,channel_model=qary_symmetric; syndrome_symbols=32,8,,synthetic,8,4,qary_hard_syndrome_bf,qary_symmetric,0.5,3,20,d3ef20759633ed3a
qldpc_synth_q8_ser0p05_flen64,qldpc_reference,3,True,False,0.078125,0.052083333333333336,0.0625,0.036458333333333336,128.0,5,20.547299995087087,candidate_failed_verification,7,0,7,0,5,channel_model=qary_symmetric; syndrome_symbols=32,8,,synthetic,8,4,qary_hard_syndrome_bf,qary_symmetric,0.5,3,20,d3ef20759633ed3a
qldpc_synth_q8_ser0p01_flen128,qldpc_reference,0,True,False,0.015625,0.0078125,0.015625,0.0078125,224.0,2,13.625400024466217,candidate_failed_verification,5,0,5,0,2,channel_model=qary_symmetric; syndrome_symbols=64,8,,synthetic,8,4,qary_hard_syndrome_bf,qary_symmetric,0.5,3,20,d3ef20759633ed3a
qldpc_synth_q8_ser0p01_flen128,qldpc_reference,1,True,True,0.0078125,0.005208333333333333,0.0,0.0,224.0,1,6.139600067399442,,3,0,3,0,1,channel_model=qary_symmetric; syndrome_symbols=64,8,,synthetic,8,4,qary_hard_syndrome_bf,qary_symmetric,0.5,3,20,d3ef20759633ed3a
qldpc_synth_q8_ser0p01_flen128,qldpc_reference,2,True,True,0.0078125,0.005208333333333333,0.0,0.0,224.0,1,5.122800008393824,,4,0,4,0,1,channel_model=qary_symmetric; syndrome_symbols=64,8,,synthetic,8,4,qary_hard_syndrome_bf,qary_symmetric,0.5,3,20,d3ef20759633ed3a
qldpc_synth_q8_ser0p01_flen128,qldpc_reference,3,True,True,0.0078125,0.005208333333333333,0.0,0.0,224.0,1,6.46119995508343,,3,0,3,0,1,channel_model=qary_symmetric; syndrome_symbols=64,8,,synthetic,8,4,qary_hard_syndrome_bf,qary_symmetric,0.5,3,20,d3ef20759633ed3a
qldpc_synth_q8_ser0p05_flen128,qldpc_reference,0,True,True,0.03125,0.018229166666666668,0.0,0.0,224.0,4,36.894300021231174,,11,0,11,0,4,channel_model=qary_symmetric; syndrome_symbols=64,8,,synthetic,8,4,qary_hard_syndrome_bf,qary_symmetric,0.5,4,20,43d014f94c106833
qldpc_synth_q8_ser0p05_flen128,qldpc_reference,1,True,False,0.0703125,0.028645833333333332,0.015625,0.005208333333333333,224.0,9,76.07479998841882,candidate_failed_verification,17,0,17,0,9,channel_model=qary_symmetric; syndrome_symbols=64,8,,synthetic,8,4,qary_hard_syndrome_bf,qary_symmetric,0.5,4,20,43d014f94c106833
qldpc_synth_q8_ser0p05_flen128,qldpc_reference,2,True,True,0.03125,0.0234375,0.0,0.0,224.0,4,32.73619990795851,,8,0,8,0,4,channel_model=qary_symmetric; syndrome_symbols=64,8,,synthetic,8,4,qary_hard_syndrome_bf,qary_symmetric,0.5,4,20,43d014f94c106833
qldpc_synth_q8_ser0p05_flen128,qldpc_reference,3,True,True,0.0546875,0.041666666666666664,0.0,0.0,224.0,7,57.46839998755604,,16,0,16,0,7,channel_model=qary_symmetric; syndrome_symbols=64,8,,synthetic,8,4,qary_hard_syndrome_bf,qary_symmetric,0.5,4,20,43d014f94c106833
qldpc_synth_q8_ser0p05_flen128,qldpc_reference,0,True,False,0.03125,0.018229166666666668,0.046875,0.026041666666666668,161.0,4,29.946599970571697,candidate_failed_verification,6,0,6,0,4,channel_model=qary_symmetric; syndrome_symbols=43,8,,synthetic,8,4,qary_hard_syndrome_bf,qary_symmetric,0.33,3,20,ec3c47203d968697
qldpc_synth_q8_ser0p05_flen128,qldpc_reference,1,True,False,0.0703125,0.028645833333333332,0.0859375,0.046875,161.0,10,82.90839998517185,candidate_failed_verification,13,0,13,0,10,channel_model=qary_symmetric; syndrome_symbols=43,8,,synthetic,8,4,qary_hard_syndrome_bf,qary_symmetric,0.33,3,20,ec3c47203d968697
qldpc_synth_q8_ser0p05_flen128,qldpc_reference,2,True,False,0.03125,0.0234375,0.046875,0.03125,161.0,4,28.484300011768937,candidate_failed_verification,5,0,5,0,4,channel_model=qary_symmetric; syndrome_symbols=43,8,,synthetic,8,4,qary_hard_syndrome_bf,qary_symmetric,0.33,3,20,ec3c47203d968697
qldpc_synth_q8_ser0p05_flen128,qldpc_reference,3,True,False,0.0546875,0.041666666666666664,0.03125,0.026041666666666668,161.0,7,89.51650001108646,candidate_failed_verification,8,0,8,0,7,channel_model=qary_symmetric; syndrome_symbols=43,8,,synthetic,8,4,qary_hard_syndrome_bf,qary_symmetric,0.33,3,20,ec3c47203d968697
qldpc_synth_q8_ser0p05_flen64,qldpc_reference,0,True,False,0.09375,0.052083333333333336,0.03125,0.010416666666666666,128.0,6,39.69960007816553,candidate_failed_verification,10,0,10,0,6,channel_model=qary_symmetric; syndrome_symbols=32,8,,synthetic,8,4,qary_hard_syndrome_bf,qary_symmetric,0.5,4,20,43d014f94c106833
qldpc_synth_q8_ser0p05_flen64,qldpc_reference,1,True,True,0.046875,0.015625,0.0,0.0,128.0,3,23.148200009018183,,7,0,7,0,3,channel_model=qary_symmetric; syndrome_symbols=32,8,,synthetic,8,4,qary_hard_syndrome_bf,qary_symmetric,0.5,4,20,43d014f94c106833
qldpc_synth_q8_ser0p05_flen64,qldpc_reference,2,True,True,0.03125,0.015625,0.0,0.0,128.0,2,10.040999972261488,,4,0,4,0,2,channel_model=qary_symmetric; syndrome_symbols=32,8,,synthetic,8,4,qary_hard_syndrome_bf,qary_symmetric,0.5,4,20,43d014f94c106833
qldpc_synth_q8_ser0p05_flen64,qldpc_reference,3,True,False,0.078125,0.052083333333333336,0.03125,0.020833333333333332,128.0,3,10.878499946556985,candidate_failed_verification,6,0,6,0,3,channel_model=qary_symmetric; syndrome_symbols=32,8,,synthetic,8,4,qary_hard_syndrome_bf,qary_symmetric,0.5,4,20,43d014f94c106833
qldpc_synth_q8_ser0p08_flen64,qldpc_reference,0,True,False,0.109375,0.06770833333333333,0.09375,0.041666666666666664,98.0,7,28.330400004051626,candidate_failed_verification,8,0,8,0,7,channel_model=qary_symmetric; syndrome_symbols=22,8,,synthetic,8,4,qary_hard_syndrome_bf,qary_symmetric,0.33,3,20,ec3c47203d968697
qldpc_synth_q8_ser0p08_flen64,qldpc_reference,1,True,False,0.0625,0.026041666666666668,0.09375,0.057291666666666664,98.0,4,16.931500053033233,candidate_failed_verification,4,0,4,0,4,channel_model=qary_symmetric; syndrome_symbols=22,8,,synthetic,8,4,qary_hard_syndrome_bf,qary_symmetric,0.33,3,20,ec3c47203d968697
qldpc_synth_q8_ser0p08_flen64,qldpc_reference,2,True,True,0.046875,0.020833333333333332,0.0,0.0,98.0,3,13.14309996087104,,6,0,6,0,3,channel_model=qary_symmetric; syndrome_symbols=22,8,,synthetic,8,4,qary_hard_syndrome_bf,qary_symmetric,0.33,3,20,ec3c47203d968697
qldpc_synth_q8_ser0p08_flen64,qldpc_reference,3,True,False,0.15625,0.09895833333333333,0.203125,0.13541666666666666,98.0,7,27.05989999230951,candidate_failed_verification,8,0,8,0,7,channel_model=qary_symmetric; syndrome_symbols=22,8,,synthetic,8,4,qary_hard_syndrome_bf,qary_symmetric,0.33,3,20,ec3c47203d968697
qldpc_synth_q8_ser0p08_flen64,qldpc_reference,0,True,False,0.109375,0.06770833333333333,0.0625,0.041666666666666664,98.0,7,28.753999969922006,candidate_failed_verification,9,0,9,0,7,channel_model=qary_symmetric; syndrome_symbols=22,8,,synthetic,8,4,qary_hard_syndrome_bf,qary_symmetric,0.33,4,20,b2c6fbab915c06c2
qldpc_synth_q8_ser0p08_flen64,qldpc_reference,1,True,False,0.0625,0.026041666666666668,0.078125,0.03125,98.0,3,11.961099924519658,candidate_failed_verification,5,0,5,0,3,channel_model=qary_symmetric; syndrome_symbols=22,8,,synthetic,8,4,qary_hard_syndrome_bf,qary_symmetric,0.33,4,20,b2c6fbab915c06c2
qldpc_synth_q8_ser0p08_flen64,qldpc_reference,2,True,False,0.046875,0.020833333333333332,0.03125,0.010416666666666666,98.0,3,12.613400002010167,candidate_failed_verification,5,0,5,0,3,channel_model=qary_symmetric; syndrome_symbols=22,8,,synthetic,8,4,qary_hard_syndrome_bf,qary_symmetric,0.33,4,20,b2c6fbab915c06c2
qldpc_synth_q8_ser0p08_flen64,qldpc_reference,3,True,False,0.15625,0.09895833333333333,0.078125,0.046875,98.0,9,40.28429999016225,candidate_failed_verification,14,0,14,0,9,channel_model=qary_symmetric; syndrome_symbols=22,8,,synthetic,8,4,qary_hard_syndrome_bf,qary_symmetric,0.33,4,20,b2c6fbab915c06c2
qldpc_synth_q8_ser0p08_flen64,qldpc_reference,0,False,False,0.109375,0.06770833333333333,0.109375,0.057291666666666664,98.0,20,30.303600011393428,syndrome_decode_failed,8,1,8,1,6,channel_model=qary_symmetric; syndrome_symbols=22,8,,synthetic,8,4,qary_hard_syndrome_bf,qary_symmetric,0.33,3,20,0b962a07318c87cc
qldpc_synth_q8_ser0p08_flen64,qldpc_reference,1,True,False,0.0625,0.026041666666666668,0.03125,0.020833333333333332,98.0,4,18.306200043298304,candidate_failed_verification,7,0,7,0,4,channel_model=qary_symmetric; syndrome_symbols=22,8,,synthetic,8,4,qary_hard_syndrome_bf,qary_symmetric,0.33,3,20,0b962a07318c87cc
qldpc_synth_q8_ser0p08_flen64,qldpc_reference,2,True,False,0.046875,0.020833333333333332,0.0625,0.026041666666666668,98.0,3,10.297700064256787,candidate_failed_verification,4,0,4,0,3,channel_model=qary_symmetric; syndrome_symbols=22,8,,synthetic,8,4,qary_hard_syndrome_bf,qary_symmetric,0.33,3,20,0b962a07318c87cc
qldpc_synth_q8_ser0p08_flen64,qldpc_reference,3,True,False,0.15625,0.09895833333333333,0.203125,0.11979166666666667,98.0,10,44.84370001591742,candidate_failed_verification,12,0,12,0,10,channel_model=qary_symmetric; syndrome_symbols=22,8,,synthetic,8,4,qary_hard_syndrome_bf,qary_symmetric,0.33,3,20,0b962a07318c87cc
qldpc_synth_q8_ser0p08_flen64,qldpc_reference,0,False,False,0.109375,0.06770833333333333,0.03125,0.020833333333333332,128.0,20,30.3862999426201,syndrome_decode_failed,10,1,10,1,6,channel_model=qary_symmetric; syndrome_symbols=32,8,,synthetic,8,4,qary_hard_syndrome_bf,qary_symmetric,0.5,3,20,522f89e80edee7a1
qldpc_synth_q8_ser0p08_flen64,qldpc_reference,1,True,False,0.0625,0.026041666666666668,0.03125,0.020833333333333332,128.0,4,16.891600098460913,candidate_failed_verification,8,0,8,0,4,channel_model=qary_symmetric; syndrome_symbols=32,8,,synthetic,8,4,qary_hard_syndrome_bf,qary_symmetric,0.5,3,20,522f89e80edee7a1
qldpc_synth_q8_ser0p08_flen64,qldpc_reference,2,True,True,0.046875,0.020833333333333332,0.0,0.0,128.0,3,12.523400015197694,,4,0,4,0,3,channel_model=qary_symmetric; syndrome_symbols=32,8,,synthetic,8,4,qary_hard_syndrome_bf,qary_symmetric,0.5,3,20,522f89e80edee7a1
qldpc_synth_q8_ser0p08_flen64,qldpc_reference,3,True,False,0.15625,0.09895833333333333,0.09375,0.052083333333333336,128.0,10,42.47169999871403,candidate_failed_verification,14,0,14,0,10,channel_model=qary_symmetric; syndrome_symbols=32,8,,synthetic,8,4,qary_hard_syndrome_bf,qary_symmetric,0.5,3,20,522f89e80edee7a1
qldpc_synth_q8_ser0p05_flen64,qldpc_reference,0,True,False,0.09375,0.052083333333333336,0.03125,0.020833333333333332,128.0,6,25.640000007115304,candidate_failed_verification,17,0,17,0,6,channel_model=qary_symmetric; syndrome_symbols=32,8,,synthetic,8,4,qary_hard_syndrome_bf,qary_symmetric,0.5,4,20,70f03ad2a6815ec3
qldpc_synth_q8_ser0p05_flen64,qldpc_reference,1,True,False,0.046875,0.015625,0.046875,0.03125,128.0,3,13.80399998743087,candidate_failed_verification,3,0,3,0,3,channel_model=qary_symmetric; syndrome_symbols=32,8,,synthetic,8,4,qary_hard_syndrome_bf,qary_symmetric,0.5,4,20,70f03ad2a6815ec3
qldpc_synth_q8_ser0p05_flen64,qldpc_reference,2,True,False,0.03125,0.015625,0.03125,0.015625,128.0,2,6.665099994279444,candidate_failed_verification,4,0,4,0,2,channel_model=qary_symmetric; syndrome_symbols=32,8,,synthetic,8,4,qary_hard_syndrome_bf,qary_symmetric,0.5,4,20,70f03ad2a6815ec3
qldpc_synth_q8_ser0p05_flen64,qldpc_reference,3,True,True,0.078125,0.052083333333333336,0.0,0.0,128.0,5,21.48619992658496,,10,0,10,0,5,channel_model=qary_symmetric; syndrome_symbols=32,8,,synthetic,8,4,qary_hard_syndrome_bf,qary_symmetric,0.5,4,20,70f03ad2a6815ec3
qldpc_synth_q8_ser0p08_flen64,qldpc_reference,0,False,False,0.109375,0.06770833333333333,0.03125,0.026041666666666668,128.0,20,36.37649992015213,syndrome_decode_failed,12,1,12,1,6,channel_model=qary_symmetric; syndrome_symbols=32,8,,synthetic,8,4,qary_hard_syndrome_bf,qary_symmetric,0.5,4,20,43d014f94c106833
qldpc_synth_q8_ser0p08_flen64,qldpc_reference,1,True,True,0.0625,0.026041666666666668,0.0,0.0,128.0,4,15.878899954259396,,10,0,10,0,4,channel_model=qary_symmetric; syndrome_symbols=32,8,,synthetic,8,4,qary_hard_syndrome_bf,qary_symmetric,0.5,4,20,43d014f94c106833
qldpc_synth_q8_ser0p08_flen64,qldpc_reference,2,True,True,0.046875,0.020833333333333332,0.0,0.0,128.0,3,14.62929998524487,,6,0,6,0,3,channel_model=qary_symmetric; syndrome_symbols=32,8,,synthetic,8,4,qary_hard_syndrome_bf,qary_symmetric,0.5,4,20,43d014f94c106833
qldpc_synth_q8_ser0p08_flen64,qldpc_reference,3,False,False,0.15625,0.09895833333333333,0.125,0.08333333333333333,128.0,20,35.1083999266848,syndrome_decode_failed,17,3,17,3,7,channel_model=qary_symmetric; syndrome_symbols=32,8,,synthetic,8,4,qary_hard_syndrome_bf,qary_symmetric,0.5,4,20,43d014f94c106833
qldpc_synth_q8_ser0p08_flen64,qldpc_reference,0,True,False,0.109375,0.06770833333333333,0.109375,0.06770833333333333,98.0,7,31.54929995071143,candidate_failed_verification,14,0,14,0,7,channel_model=qary_symmetric; syndrome_symbols=22,8,,synthetic,8,4,qary_hard_syndrome_bf,qary_symmetric,0.33,4,20,eb5e714c53e22f14
qldpc_synth_q8_ser0p08_flen64,qldpc_reference,1,True,True,0.0625,0.026041666666666668,0.0,0.0,98.0,4,17.464500037021935,,5,0,5,0,4,channel_model=qary_symmetric; syndrome_symbols=22,8,,synthetic,8,4,qary_hard_syndrome_bf,qary_symmetric,0.33,4,20,eb5e714c53e22f14
qldpc_synth_q8_ser0p08_flen64,qldpc_reference,2,True,True,0.046875,0.020833333333333332,0.0,0.0,98.0,3,12.121999985538423,,5,0,5,0,3,channel_model=qary_symmetric; syndrome_symbols=22,8,,synthetic,8,4,qary_hard_syndrome_bf,qary_symmetric,0.33,4,20,eb5e714c53e22f14
qldpc_synth_q8_ser0p08_flen64,qldpc_reference,3,False,False,0.15625,0.09895833333333333,0.203125,0.125,98.0,20,38.29929989296943,syndrome_decode_failed,11,1,11,1,8,channel_model=qary_symmetric; syndrome_symbols=22,8,,synthetic,8,4,qary_hard_syndrome_bf,qary_symmetric,0.33,4,20,eb5e714c53e22f14
qldpc_synth_q8_ser0p05_flen128,qldpc_reference,0,True,True,0.03125,0.018229166666666668,0.0,0.0,161.0,4,34.16419995483011,,8,0,8,0,4,channel_model=qary_symmetric; syndrome_symbols=43,8,,synthetic,8,4,qary_hard_syndrome_bf,qary_symmetric,0.33,4,20,b2c6fbab915c06c2
qldpc_synth_q8_ser0p05_flen128,qldpc_reference,1,True,False,0.0703125,0.028645833333333332,0.03125,0.013020833333333334,161.0,9,83.20650004316121,candidate_failed_verification,16,0,16,0,9,channel_model=qary_symmetric; syndrome_symbols=43,8,,synthetic,8,4,qary_hard_syndrome_bf,qary_symmetric,0.33,4,20,b2c6fbab915c06c2
qldpc_synth_q8_ser0p05_flen128,qldpc_reference,2,True,False,0.03125,0.0234375,0.0546875,0.033854166666666664,161.0,5,40.259000030346215,candidate_failed_verification,8,0,8,0,5,channel_model=qary_symmetric; syndrome_symbols=43,8,,synthetic,8,4,qary_hard_syndrome_bf,qary_symmetric,0.33,4,20,b2c6fbab915c06c2
qldpc_synth_q8_ser0p05_flen128,qldpc_reference,3,True,False,0.0546875,0.041666666666666664,0.046875,0.03125,161.0,7,55.69840001408011,candidate_failed_verification,10,0,10,0,7,channel_model=qary_symmetric; syndrome_symbols=43,8,,synthetic,8,4,qary_hard_syndrome_bf,qary_symmetric,0.33,4,20,b2c6fbab915c06c2
qldpc_synth_q8_ser0p05_flen128,qldpc_reference,0,True,False,0.03125,0.018229166666666668,0.03125,0.013020833333333334,224.0,4,36.24170005787164,candidate_failed_verification,7,0,7,0,4,channel_model=qary_symmetric; syndrome_symbols=64,8,,synthetic,8,4,qary_hard_syndrome_bf,qary_symmetric,0.5,3,20,d3ef20759633ed3a
qldpc_synth_q8_ser0p05_flen128,qldpc_reference,1,True,False,0.0703125,0.028645833333333332,0.015625,0.0078125,224.0,9,73.67559999693185,candidate_failed_verification,17,0,17,0,9,channel_model=qary_symmetric; syndrome_symbols=64,8,,synthetic,8,4,qary_hard_syndrome_bf,qary_symmetric,0.5,3,20,d3ef20759633ed3a
qldpc_synth_q8_ser0p05_flen128,qldpc_reference,2,True,False,0.03125,0.0234375,0.0390625,0.0234375,224.0,5,40.811499929986894,candidate_failed_verification,10,0,10,0,5,channel_model=qary_symmetric; syndrome_symbols=64,8,,synthetic,8,4,qary_hard_syndrome_bf,qary_symmetric,0.5,3,20,d3ef20759633ed3a
qldpc_synth_q8_ser0p05_flen128,qldpc_reference,3,True,False,0.0546875,0.041666666666666664,0.03125,0.0234375,224.0,7,96.02429997175932,candidate_failed_verification,11,0,11,0,7,channel_model=qary_symmetric; syndrome_symbols=64,8,,synthetic,8,4,qary_hard_syndrome_bf,qary_symmetric,0.5,3,20,d3ef20759633ed3a
qldpc_synth_q8_ser0p08_flen128,qldpc_reference,0,True,False,0.0703125,0.0390625,0.0625,0.028645833333333332,161.0,9,107.04430006444454,candidate_failed_verification,12,0,12,0,9,channel_model=qary_symmetric; syndrome_symbols=43,8,,synthetic,8,4,qary_hard_syndrome_bf,qary_symmetric,0.33,3,20,0b962a07318c87cc
qldpc_synth_q8_ser0p08_flen128,qldpc_reference,1,True,False,0.09375,0.0546875,0.0546875,0.03125,161.0,9,85.16219991724938,candidate_failed_verification,14,0,14,0,9,channel_model=qary_symmetric; syndrome_symbols=43,8,,synthetic,8,4,qary_hard_syndrome_bf,qary_symmetric,0.33,3,20,0b962a07318c87cc
qldpc_synth_q8_ser0p08_flen128,qldpc_reference,2,True,False,0.0625,0.03125,0.046875,0.028645833333333332,161.0,8,76.51319995056838,candidate_failed_verification,10,0,10,0,8,channel_model=qary_symmetric; syndrome_symbols=43,8,,synthetic,8,4,qary_hard_syndrome_bf,qary_symmetric,0.33,3,20,0b962a07318c87cc
qldpc_synth_q8_ser0p08_flen128,qldpc_reference,3,True,False,0.0859375,0.046875,0.0859375,0.052083333333333336,161.0,10,133.9925000211224,candidate_failed_verification,12,0,12,0,10,channel_model=qary_symmetric; syndrome_symbols=43,8,,synthetic,8,4,qary_hard_syndrome_bf,qary_symmetric,0.33,3,20,0b962a07318c87cc
qldpc_synth_q8_ser0p08_flen64,qldpc_reference,0,True,False,0.109375,0.06770833333333333,0.03125,0.020833333333333332,128.0,7,29.68809998128563,candidate_failed_verification,17,0,17,0,7,channel_model=qary_symmetric; syndrome_symbols=32,8,,synthetic,8,4,qary_hard_syndrome_bf,qary_symmetric,0.5,4,20,70f03ad2a6815ec3
qldpc_synth_q8_ser0p08_flen64,qldpc_reference,1,True,True,0.0625,0.026041666666666668,0.0,0.0,128.0,4,29.082200024276972,,6,0,6,0,4,channel_model=qary_symmetric; syndrome_symbols=32,8,,synthetic,8,4,qary_hard_syndrome_bf,qary_symmetric,0.5,4,20,70f03ad2a6815ec3
qldpc_synth_q8_ser0p08_flen64,qldpc_reference,2,True,False,0.046875,0.020833333333333332,0.03125,0.015625,128.0,3,10.974999982863665,candidate_failed_verification,6,0,6,0,3,channel_model=qary_symmetric; syndrome_symbols=32,8,,synthetic,8,4,qary_hard_syndrome_bf,qary_symmetric,0.5,4,20,70f03ad2a6815ec3
qldpc_synth_q8_ser0p08_flen64,qldpc_reference,3,False,False,0.15625,0.09895833333333333,0.1875,0.125,128.0,20,38.92429999541491,syndrome_decode_failed,15,2,15,2,8,channel_model=qary_symmetric; syndrome_symbols=32,8,,synthetic,8,4,qary_hard_syndrome_bf,qary_symmetric,0.5,4,20,70f03ad2a6815ec3
qldpc_synth_q8_ser0p08_flen128,qldpc_reference,0,False,False,0.0703125,0.0390625,0.046875,0.018229166666666668,224.0,20,96.5375000378117,syndrome_decode_failed,16,1,16,1,9,channel_model=qary_symmetric; syndrome_symbols=64,8,,synthetic,8,4,qary_hard_syndrome_bf,qary_symmetric,0.5,3,20,522f89e80edee7a1
qldpc_synth_q8_ser0p08_flen128,qldpc_reference,1,True,False,0.09375,0.0546875,0.0546875,0.03125,224.0,14,120.41189998853952,candidate_failed_verification,19,0,19,0,14,channel_model=qary_symmetric; syndrome_symbols=64,8,,synthetic,8,4,qary_hard_syndrome_bf,qary_symmetric,0.5,3,20,522f89e80edee7a1
qldpc_synth_q8_ser0p08_flen128,qldpc_reference,2,True,True,0.0625,0.03125,0.0,0.0,224.0,8,66.76069996319711,,15,0,15,0,8,channel_model=qary_symmetric; syndrome_symbols=64,8,,synthetic,8,4,qary_hard_syndrome_bf,qary_symmetric,0.5,3,20,522f89e80edee7a1
qldpc_synth_q8_ser0p08_flen128,qldpc_reference,3,True,False,0.0859375,0.046875,0.015625,0.010416666666666666,224.0,11,103.39149995706975,candidate_failed_verification,20,0,20,0,11,channel_model=qary_symmetric; syndrome_symbols=64,8,,synthetic,8,4,qary_hard_syndrome_bf,qary_symmetric,0.5,3,20,522f89e80edee7a1
qldpc_synth_q8_ser0p05_flen128,qldpc_reference,0,True,False,0.03125,0.018229166666666668,0.015625,0.0078125,224.0,4,41.29510000348091,candidate_failed_verification,7,0,7,0,4,channel_model=qary_symmetric; syndrome_symbols=64,8,,synthetic,8,4,qary_hard_syndrome_bf,qary_symmetric,0.5,3,20,522f89e80edee7a1
qldpc_synth_q8_ser0p05_flen128,qldpc_reference,1,True,False,0.0703125,0.028645833333333332,0.0390625,0.020833333333333332,224.0,9,78.63680005539209,candidate_failed_verification,16,0,16,0,9,channel_model=qary_symmetric; syndrome_symbols=64,8,,synthetic,8,4,qary_hard_syndrome_bf,qary_symmetric,0.5,3,20,522f89e80edee7a1
qldpc_synth_q8_ser0p05_flen128,qldpc_reference,2,True,True,0.03125,0.0234375,0.0,0.0,224.0,4,29.82029994018376,,8,0,8,0,4,channel_model=qary_symmetric; syndrome_symbols=64,8,,synthetic,8,4,qary_hard_syndrome_bf,qary_symmetric,0.5,3,20,522f89e80edee7a1
qldpc_synth_q8_ser0p05_flen128,qldpc_reference,3,True,True,0.0546875,0.041666666666666664,0.0,0.0,224.0,7,111.06639995705336,,12,0,12,0,7,channel_model=qary_symmetric; syndrome_symbols=64,8,,synthetic,8,4,qary_hard_syndrome_bf,qary_symmetric,0.5,3,20,522f89e80edee7a1
qldpc_synth_q8_ser0p08_flen128,qldpc_reference,0,True,False,0.0703125,0.0390625,0.0546875,0.026041666666666668,161.0,8,135.2991999592632,candidate_failed_verification,12,0,12,0,8,channel_model=qary_symmetric; syndrome_symbols=43,8,,synthetic,8,4,qary_hard_syndrome_bf,qary_symmetric,0.33,4,20,eb5e714c53e22f14
qldpc_synth_q8_ser0p08_flen128,qldpc_reference,1,True,False,0.09375,0.0546875,0.109375,0.07291666666666667,161.0,12,101.37849999591708,candidate_failed_verification,16,0,16,0,12,channel_model=qary_symmetric; syndrome_symbols=43,8,,synthetic,8,4,qary_hard_syndrome_bf,qary_symmetric,0.33,4,20,eb5e714c53e22f14
qldpc_synth_q8_ser0p08_flen128,qldpc_reference,2,True,False,0.0625,0.03125,0.046875,0.0234375,161.0,8,70.33659995067865,candidate_failed_verification,13,0,13,0,8,channel_model=qary_symmetric; syndrome_symbols=43,8,,synthetic,8,4,qary_hard_syndrome_bf,qary_symmetric,0.33,4,20,eb5e714c53e22f14
qldpc_synth_q8_ser0p08_flen128,qldpc_reference,3,True,False,0.0859375,0.046875,0.0625,0.041666666666666664,161.0,8,69.91840002592653,candidate_failed_verification,12,0,12,0,8,channel_model=qary_symmetric; syndrome_symbols=43,8,,synthetic,8,4,qary_hard_syndrome_bf,qary_symmetric,0.33,4,20,eb5e714c53e22f14
qldpc_synth_q8_ser0p08_flen128,qldpc_reference,0,True,False,0.0703125,0.0390625,0.015625,0.0078125,224.0,9,81.35079999919981,candidate_failed_verification,20,0,20,0,9,channel_model=qary_symmetric; syndrome_symbols=64,8,,synthetic,8,4,qary_hard_syndrome_bf,qary_symmetric,0.5,4,20,70f03ad2a6815ec3
qldpc_synth_q8_ser0p08_flen128,qldpc_reference,1,False,False,0.09375,0.0546875,0.0625,0.044270833333333336,224.0,20,112.42390004917979,syndrome_decode_failed,24,1,24,1,12,channel_model=qary_symmetric; syndrome_symbols=64,8,,synthetic,8,4,qary_hard_syndrome_bf,qary_symmetric,0.5,4,20,70f03ad2a6815ec3
qldpc_synth_q8_ser0p08_flen128,qldpc_reference,2,False,False,0.0625,0.03125,0.046875,0.020833333333333332,224.0,20,88.5607999516651,syndrome_decode_failed,16,1,16,1,8,channel_model=qary_symmetric; syndrome_symbols=64,8,,synthetic,8,4,qary_hard_syndrome_bf,qary_symmetric,0.5,4,20,70f03ad2a6815ec3
qldpc_synth_q8_ser0p08_flen128,qldpc_reference,3,True,False,0.0859375,0.046875,0.0546875,0.0390625,224.0,11,95.13569995760918,candidate_failed_verification,17,0,17,0,11,channel_model=qary_symmetric; syndrome_symbols=64,8,,synthetic,8,4,qary_hard_syndrome_bf,qary_symmetric,0.5,4,20,70f03ad2a6815ec3
qldpc_synth_q8_ser0p08_flen64,qldpc_reference,0,True,False,0.109375,0.06770833333333333,0.03125,0.015625,128.0,7,27.433799928985536,candidate_failed_verification,13,0,13,0,7,channel_model=qary_symmetric; syndrome_symbols=32,8,,synthetic,8,4,qary_hard_syndrome_bf,qary_symmetric,0.5,3,20,d3ef20759633ed3a
qldpc_synth_q8_ser0p08_flen64,qldpc_reference,1,True,False,0.0625,0.026041666666666668,0.0625,0.036458333333333336,128.0,4,16.84140006545931,candidate_failed_verification,4,0,4,0,4,channel_model=qary_symmetric; syndrome_symbols=32,8,,synthetic,8,4,qary_hard_syndrome_bf,qary_symmetric,0.5,3,20,d3ef20759633ed3a
qldpc_synth_q8_ser0p08_flen64,qldpc_reference,2,True,True,0.046875,0.020833333333333332,0.0,0.0,128.0,3,13.701200019568205,,8,0,8,0,3,channel_model=qary_symmetric; syndrome_symbols=32,8,,synthetic,8,4,qary_hard_syndrome_bf,qary_symmetric,0.5,3,20,d3ef20759633ed3a
qldpc_synth_q8_ser0p08_flen64,qldpc_reference,3,True,False,0.15625,0.09895833333333333,0.125,0.07291666666666667,128.0,8,42.13220009114593,candidate_failed_verification,12,0,12,0,8,channel_model=qary_symmetric; syndrome_symbols=32,8,,synthetic,8,4,qary_hard_syndrome_bf,qary_symmetric,0.5,3,20,d3ef20759633ed3a
qldpc_synth_q16_ser0p01_flen64,qldpc_reference,0,True,True,0.03125,0.01171875,0.0,0.0,120.0,2,15.503200003877282,,2,0,2,0,2,channel_model=qary_symmetric; syndrome_symbols=22,16,,synthetic,16,4,qary_hard_syndrome_bf,qary_symmetric,0.33,3,20,ec3c47203d968697
qldpc_synth_q16_ser0p01_flen64,qldpc_reference,1,True,True,0.015625,0.01171875,0.0,0.0,120.0,1,1.6141000669449568,,1,0,1,0,1,channel_model=qary_symmetric; syndrome_symbols=22,16,,synthetic,16,4,qary_hard_syndrome_bf,qary_symmetric,0.33,3,20,ec3c47203d968697
qldpc_synth_q16_ser0p01_flen64,qldpc_reference,2,True,True,0.0,0.0,0.0,0.0,120.0,0,1.6254999209195375,,0,0,0,0,0,channel_model=qary_symmetric; syndrome_symbols=22,16,,synthetic,16,4,qary_hard_syndrome_bf,qary_symmetric,0.33,3,20,ec3c47203d968697
qldpc_synth_q16_ser0p01_flen64,qldpc_reference,3,True,True,0.0,0.0,0.0,0.0,120.0,0,1.5117001021280885,,0,0,0,0,0,channel_model=qary_symmetric; syndrome_symbols=22,16,,synthetic,16,4,qary_hard_syndrome_bf,qary_symmetric,0.33,3,20,ec3c47203d968697
qldpc_synth_q8_ser0p08_flen128,qldpc_reference,0,True,False,0.0703125,0.0390625,0.015625,0.0078125,161.0,7,70.22080000024289,candidate_failed_verification,15,0,15,0,7,channel_model=qary_symmetric; syndrome_symbols=43,8,,synthetic,8,4,qary_hard_syndrome_bf,qary_symmetric,0.33,4,20,b2c6fbab915c06c2
qldpc_synth_q8_ser0p08_flen128,qldpc_reference,1,True,False,0.09375,0.0546875,0.046875,0.028645833333333332,161.0,12,132.43070000316948,candidate_failed_verification,22,0,22,0,12,channel_model=qary_symmetric; syndrome_symbols=43,8,,synthetic,8,4,qary_hard_syndrome_bf,qary_symmetric,0.33,4,20,b2c6fbab915c06c2
qldpc_synth_q8_ser0p08_flen128,qldpc_reference,2,True,False,0.0625,0.03125,0.09375,0.0546875,161.0,9,75.76999999582767,candidate_failed_verification,13,0,13,0,9,channel_model=qary_symmetric; syndrome_symbols=43,8,,synthetic,8,4,qary_hard_syndrome_bf,qary_symmetric,0.33,4,20,b2c6fbab915c06c2
qldpc_synth_q8_ser0p08_flen128,qldpc_reference,3,True,False,0.0859375,0.046875,0.078125,0.044270833333333336,161.0,11,91.5420000674203,candidate_failed_verification,17,0,17,0,11,channel_model=qary_symmetric; syndrome_symbols=43,8,,synthetic,8,4,qary_hard_syndrome_bf,qary_symmetric,0.33,4,20,b2c6fbab915c06c2
qldpc_synth_q8_ser0p01_flen128,qldpc_reference,0,True,True,0.015625,0.0078125,0.0,0.0,224.0,2,19.141900003887713,,5,0,5,0,2,channel_model=qary_symmetric; syndrome_symbols=64,8,,synthetic,8,4,qary_hard_syndrome_bf,qary_symmetric,0.5,3,20,522f89e80edee7a1
qldpc_synth_q8_ser0p01_flen128,qldpc_reference,1,True,True,0.0078125,0.005208333333333333,0.0,0.0,224.0,1,6.0803999658674,,3,0,3,0,1,channel_model=qary_symmetric; syndrome_symbols=64,8,,synthetic,8,4,qary_hard_syndrome_bf,qary_symmetric,0.5,3,20,522f89e80edee7a1
qldpc_synth_q8_ser0p01_flen128,qldpc_reference,2,True,True,0.0078125,0.005208333333333333,0.0,0.0,224.0,1,5.034700036048889,,1,0,1,0,1,channel_model=qary_symmetric; syndrome_symbols=64,8,,synthetic,8,4,qary_hard_syndrome_bf,qary_symmetric,0.5,3,20,522f89e80edee7a1
qldpc_synth_q8_ser0p01_flen128,qldpc_reference,3,True,True,0.0078125,0.005208333333333333,0.0,0.0,224.0,1,6.540099973790348,,1,0,1,0,1,channel_model=qary_symmetric; syndrome_symbols=64,8,,synthetic,8,4,qary_hard_syndrome_bf,qary_symmetric,0.5,3,20,522f89e80edee7a1
qldpc_synth_q8_ser0p08_flen128,qldpc_reference,0,True,True,0.0703125,0.0390625,0.0,0.0,224.0,9,71.40549994073808,,25,0,25,0,9,channel_model=qary_symmetric; syndrome_symbols=64,8,,synthetic,8,4,qary_hard_syndrome_bf,qary_symmetric,0.5,4,20,43d014f94c106833
qldpc_synth_q8_ser0p08_flen128,qldpc_reference,1,True,False,0.09375,0.0546875,0.015625,0.010416666666666666,224.0,12,105.17730005085468,candidate_failed_verification,24,0,24,0,12,channel_model=qary_symmetric; syndrome_symbols=64,8,,synthetic,8,4,qary_hard_syndrome_bf,qary_symmetric,0.5,4,20,43d014f94c106833
qldpc_synth_q8_ser0p08_flen128,qldpc_reference,2,False,False,0.0625,0.03125,0.078125,0.044270833333333336,224.0,20,96.88610001467168,syndrome_decode_failed,15,2,15,2,9,channel_model=qary_symmetric; syndrome_symbols=64,8,,synthetic,8,4,qary_hard_syndrome_bf,qary_symmetric,0.5,4,20,43d014f94c106833
qldpc_synth_q8_ser0p08_flen128,qldpc_reference,3,True,True,0.0859375,0.046875,0.0,0.0,224.0,11,96.25469997990876,,26,0,26,0,11,channel_model=qary_symmetric; syndrome_symbols=64,8,,synthetic,8,4,qary_hard_syndrome_bf,qary_symmetric,0.5,4,20,43d014f94c106833
qldpc_synth_q8_ser0p08_flen128,qldpc_reference,0,True,False,0.0703125,0.0390625,0.0625,0.0390625,161.0,8,69.03200002852827,candidate_failed_verification,10,0,10,0,8,channel_model=qary_symmetric; syndrome_symbols=43,8,,synthetic,8,4,qary_hard_syndrome_bf,qary_symmetric,0.33,3,20,ec3c47203d968697
qldpc_synth_q8_ser0p08_flen128,qldpc_reference,1,True,False,0.09375,0.0546875,0.1171875,0.0703125,161.0,10,87.1087999548763,candidate_failed_verification,13,0,13,0,10,channel_model=qary_symmetric; syndrome_symbols=43,8,,synthetic,8,4,qary_hard_syndrome_bf,qary_symmetric,0.33,3,20,ec3c47203d968697
qldpc_synth_q8_ser0p08_flen128,qldpc_reference,2,False,False,0.0625,0.03125,0.0859375,0.046875,161.0,20,76.16459997370839,syndrome_decode_failed,10,2,10,2,7,channel_model=qary_symmetric; syndrome_symbols=43,8,,synthetic,8,4,qary_hard_syndrome_bf,qary_symmetric,0.33,3,20,ec3c47203d968697
qldpc_synth_q8_ser0p08_flen128,qldpc_reference,3,True,False,0.0859375,0.046875,0.0625,0.041666666666666664,161.0,9,79.26299993414432,candidate_failed_verification,12,0,12,0,9,channel_model=qary_symmetric; syndrome_symbols=43,8,,synthetic,8,4,qary_hard_syndrome_bf,qary_symmetric,0.33,3,20,ec3c47203d968697
qldpc_synth_q16_ser0p01_flen64,qldpc_reference,0,True,False,0.03125,0.01171875,0.03125,0.01171875,160.0,2,11.378699913620949,candidate_failed_verification,2,0,2,0,2,channel_model=qary_symmetric; syndrome_symbols=32,16,,synthetic,16,4,qary_hard_syndrome_bf,qary_symmetric,0.5,3,20,d3ef20759633ed3a
qldpc_synth_q16_ser0p01_flen64,qldpc_reference,1,True,True,0.015625,0.01171875,0.0,0.0,160.0,1,2.026399946771562,,1,0,1,0,1,channel_model=qary_symmetric; syndrome_symbols=32,16,,synthetic,16,4,qary_hard_syndrome_bf,qary_symmetric,0.5,3,20,d3ef20759633ed3a
qldpc_synth_q16_ser0p01_flen64,qldpc_reference,2,True,True,0.0,0.0,0.0,0.0,160.0,0,1.94089999422431,,0,0,0,0,0,channel_model=qary_symmetric; syndrome_symbols=32,16,,synthetic,16,4,qary_hard_syndrome_bf,qary_symmetric,0.5,3,20,d3ef20759633ed3a
qldpc_synth_q16_ser0p01_flen64,qldpc_reference,3,True,True,0.0,0.0,0.0,0.0,160.0,0,2.0055000204592943,,0,0,0,0,0,channel_model=qary_symmetric; syndrome_symbols=32,16,,synthetic,16,4,qary_hard_syndrome_bf,qary_symmetric,0.5,3,20,d3ef20759633ed3a
qldpc_synth_q16_ser0p01_flen64,qldpc_reference,0,True,False,0.03125,0.01171875,0.03125,0.01953125,160.0,2,16.566299949772656,candidate_failed_verification,2,0,2,0,2,channel_model=qary_symmetric; syndrome_symbols=32,16,,synthetic,16,4,qary_hard_syndrome_bf,qary_symmetric,0.5,4,20,70f03ad2a6815ec3
qldpc_synth_q16_ser0p01_flen64,qldpc_reference,1,True,True,0.015625,0.01171875,0.0,0.0,160.0,1,2.5565000250935555,,2,0,2,0,1,channel_model=qary_symmetric; syndrome_symbols=32,16,,synthetic,16,4,qary_hard_syndrome_bf,qary_symmetric,0.5,4,20,70f03ad2a6815ec3
qldpc_synth_q16_ser0p01_flen64,qldpc_reference,2,True,True,0.0,0.0,0.0,0.0,160.0,0,2.4222000502049923,,0,0,0,0,0,channel_model=qary_symmetric; syndrome_symbols=32,16,,synthetic,16,4,qary_hard_syndrome_bf,qary_symmetric,0.5,4,20,70f03ad2a6815ec3
qldpc_synth_q16_ser0p01_flen64,qldpc_reference,3,True,True,0.0,0.0,0.0,0.0,160.0,0,2.3882000241428614,,0,0,0,0,0,channel_model=qary_symmetric; syndrome_symbols=32,16,,synthetic,16,4,qary_hard_syndrome_bf,qary_symmetric,0.5,4,20,70f03ad2a6815ec3
qldpc_synth_q16_ser0p01_flen128,qldpc_reference,0,True,False,0.015625,0.009765625,0.015625,0.0078125,204.0,2,21.900300052948296,candidate_failed_verification,3,0,3,0,2,channel_model=qary_symmetric; syndrome_symbols=43,16,,synthetic,16,4,qary_hard_syndrome_bf,qary_symmetric,0.33,3,20,0b962a07318c87cc
qldpc_synth_q16_ser0p01_flen128,qldpc_reference,1,True,True,0.0078125,0.00390625,0.0,0.0,204.0,1,15.140000032261014,,2,0,2,0,1,channel_model=qary_symmetric; syndrome_symbols=43,16,,synthetic,16,4,qary_hard_syndrome_bf,qary_symmetric,0.33,3,20,0b962a07318c87cc
qldpc_synth_q16_ser0p01_flen128,qldpc_reference,2,True,True,0.0078125,0.005859375,0.0,0.0,204.0,1,7.77079991530627,,1,0,1,0,1,channel_model=qary_symmetric; syndrome_symbols=43,16,,synthetic,16,4,qary_hard_syndrome_bf,qary_symmetric,0.33,3,20,0b962a07318c87cc
qldpc_synth_q16_ser0p01_flen128,qldpc_reference,3,True,True,0.0078125,0.00390625,0.0,0.0,204.0,1,8.790799998678267,,1,0,1,0,1,channel_model=qary_symmetric; syndrome_symbols=43,16,,synthetic,16,4,qary_hard_syndrome_bf,qary_symmetric,0.33,3,20,0b962a07318c87cc
qldpc_synth_q16_ser0p01_flen64,qldpc_reference,0,True,False,0.03125,0.01171875,0.03125,0.015625,120.0,2,15.114700072444975,candidate_failed_verification,2,0,2,0,2,channel_model=qary_symmetric; syndrome_symbols=22,16,,synthetic,16,4,qary_hard_syndrome_bf,qary_symmetric,0.33,4,20,eb5e714c53e22f14
qldpc_synth_q16_ser0p01_flen64,qldpc_reference,1,True,True,0.015625,0.01171875,0.0,0.0,120.0,1,1.969899982213974,,2,0,2,0,1,channel_model=qary_symmetric; syndrome_symbols=22,16,,synthetic,16,4,qary_hard_syndrome_bf,qary_symmetric,0.33,4,20,eb5e714c53e22f14
qldpc_synth_q16_ser0p01_flen64,qldpc_reference,2,True,True,0.0,0.0,0.0,0.0,120.0,0,1.842399942688644,,0,0,0,0,0,channel_model=qary_symmetric; syndrome_symbols=22,16,,synthetic,16,4,qary_hard_syndrome_bf,qary_symmetric,0.33,4,20,eb5e714c53e22f14
qldpc_synth_q16_ser0p01_flen64,qldpc_reference,3,True,True,0.0,0.0,0.0,0.0,120.0,0,1.8477999838069081,,0,0,0,0,0,channel_model=qary_symmetric; syndrome_symbols=22,16,,synthetic,16,4,qary_hard_syndrome_bf,qary_symmetric,0.33,4,20,eb5e714c53e22f14
qldpc_synth_q16_ser0p01_flen128,qldpc_reference,0,True,False,0.015625,0.009765625,0.015625,0.0078125,204.0,2,26.129200006835163,candidate_failed_verification,4,0,4,0,2,channel_model=qary_symmetric; syndrome_symbols=43,16,,synthetic,16,4,qary_hard_syndrome_bf,qary_symmetric,0.33,3,20,ec3c47203d968697
qldpc_synth_q16_ser0p01_flen128,qldpc_reference,1,True,True,0.0078125,0.00390625,0.0,0.0,204.0,1,11.06149994302541,,3,0,3,0,1,channel_model=qary_symmetric; syndrome_symbols=43,16,,synthetic,16,4,qary_hard_syndrome_bf,qary_symmetric,0.33,3,20,ec3c47203d968697
qldpc_synth_q16_ser0p01_flen128,qldpc_reference,2,True,True,0.0078125,0.005859375,0.0,0.0,204.0,1,6.590999895706773,,2,0,2,0,1,channel_model=qary_symmetric; syndrome_symbols=43,16,,synthetic,16,4,qary_hard_syndrome_bf,qary_symmetric,0.33,3,20,ec3c47203d968697
qldpc_synth_q16_ser0p01_flen128,qldpc_reference,3,True,True,0.0078125,0.00390625,0.0,0.0,204.0,1,9.398199967108667,,2,0,2,0,1,channel_model=qary_symmetric; syndrome_symbols=43,16,,synthetic,16,4,qary_hard_syndrome_bf,qary_symmetric,0.33,3,20,ec3c47203d968697
qldpc_synth_q16_ser0p01_flen64,qldpc_reference,0,True,True,0.03125,0.01171875,0.0,0.0,160.0,2,12.257399968802929,,3,0,3,0,2,channel_model=qary_symmetric; syndrome_symbols=32,16,,synthetic,16,4,qary_hard_syndrome_bf,qary_symmetric,0.5,4,20,43d014f94c106833
qldpc_synth_q16_ser0p01_flen64,qldpc_reference,1,True,True,0.015625,0.01171875,0.0,0.0,160.0,1,3.0097999842837453,,3,0,3,0,1,channel_model=qary_symmetric; syndrome_symbols=32,16,,synthetic,16,4,qary_hard_syndrome_bf,qary_symmetric,0.5,4,20,43d014f94c106833
qldpc_synth_q16_ser0p01_flen64,qldpc_reference,2,True,True,0.0,0.0,0.0,0.0,160.0,0,2.508800011128187,,0,0,0,0,0,channel_model=qary_symmetric; syndrome_symbols=32,16,,synthetic,16,4,qary_hard_syndrome_bf,qary_symmetric,0.5,4,20,43d014f94c106833
qldpc_synth_q16_ser0p01_flen64,qldpc_reference,3,True,True,0.0,0.0,0.0,0.0,160.0,0,2.7015000814571977,,0,0,0,0,0,channel_model=qary_symmetric; syndrome_symbols=32,16,,synthetic,16,4,qary_hard_syndrome_bf,qary_symmetric,0.5,4,20,43d014f94c106833
qldpc_synth_q8_ser0p05_flen128,qldpc_reference,0,True,True,0.03125,0.018229166666666668,0.0,0.0,224.0,4,37.07560000475496,,13,0,13,0,4,channel_model=qary_symmetric; syndrome_symbols=64,8,,synthetic,8,4,qary_hard_syndrome_bf,qary_symmetric,0.5,4,20,70f03ad2a6815ec3
qldpc_synth_q8_ser0p05_flen128,qldpc_reference,1,True,False,0.0703125,0.028645833333333332,0.015625,0.0078125,224.0,9,80.45999996829778,candidate_failed_verification,20,0,20,0,9,channel_model=qary_symmetric; syndrome_symbols=64,8,,synthetic,8,4,qary_hard_syndrome_bf,qary_symmetric,0.5,4,20,70f03ad2a6815ec3
qldpc_synth_q8_ser0p05_flen128,qldpc_reference,2,True,True,0.03125,0.0234375,0.0,0.0,224.0,4,38.595300051383674,,11,0,11,0,4,channel_model=qary_symmetric; syndrome_symbols=64,8,,synthetic,8,4,qary_hard_syndrome_bf,qary_symmetric,0.5,4,20,70f03ad2a6815ec3
qldpc_synth_q8_ser0p05_flen128,qldpc_reference,3,True,False,0.0546875,0.041666666666666664,0.0546875,0.03125,224.0,7,91.04640001896769,candidate_failed_verification,11,0,11,0,7,channel_model=qary_symmetric; syndrome_symbols=64,8,,synthetic,8,4,qary_hard_syndrome_bf,qary_symmetric,0.5,4,20,70f03ad2a6815ec3
qldpc_synth_q16_ser0p01_flen128,qldpc_reference,0,True,False,0.015625,0.009765625,0.015625,0.009765625,288.0,2,22.68179995007813,candidate_failed_verification,5,0,5,0,2,channel_model=qary_symmetric; syndrome_symbols=64,16,,synthetic,16,4,qary_hard_syndrome_bf,qary_symmetric,0.5,3,20,d3ef20759633ed3a
qldpc_synth_q16_ser0p01_flen128,qldpc_reference,1,True,True,0.0078125,0.00390625,0.0,0.0,288.0,1,9.254699922166765,,3,0,3,0,1,channel_model=qary_symmetric; syndrome_symbols=64,16,,synthetic,16,4,qary_hard_syndrome_bf,qary_symmetric,0.5,3,20,d3ef20759633ed3a
qldpc_synth_q16_ser0p01_flen128,qldpc_reference,2,True,True,0.0078125,0.005859375,0.0,0.0,288.0,1,6.363900029100478,,4,0,4,0,1,channel_model=qary_symmetric; syndrome_symbols=64,16,,synthetic,16,4,qary_hard_syndrome_bf,qary_symmetric,0.5,3,20,d3ef20759633ed3a
qldpc_synth_q16_ser0p01_flen128,qldpc_reference,3,True,True,0.0078125,0.00390625,0.0,0.0,288.0,1,9.509800001978874,,3,0,3,0,1,channel_model=qary_symmetric; syndrome_symbols=64,16,,synthetic,16,4,qary_hard_syndrome_bf,qary_symmetric,0.5,3,20,d3ef20759633ed3a
qldpc_synth_q16_ser0p01_flen128,qldpc_reference,0,True,True,0.015625,0.009765625,0.0,0.0,204.0,2,40.19930004142225,,5,0,5,0,2,channel_model=qary_symmetric; syndrome_symbols=43,16,,synthetic,16,4,qary_hard_syndrome_bf,qary_symmetric,0.33,4,20,eb5e714c53e22f14
qldpc_synth_q16_ser0p01_flen128,qldpc_reference,1,True,True,0.0078125,0.00390625,0.0,0.0,204.0,1,9.270599926821887,,3,0,3,0,1,channel_model=qary_symmetric; syndrome_symbols=43,16,,synthetic,16,4,qary_hard_syndrome_bf,qary_symmetric,0.33,4,20,eb5e714c53e22f14
qldpc_synth_q16_ser0p01_flen128,qldpc_reference,2,True,True,0.0078125,0.005859375,0.0,0.0,204.0,1,6.336399936117232,,4,0,4,0,1,channel_model=qary_symmetric; syndrome_symbols=43,16,,synthetic,16,4,qary_hard_syndrome_bf,qary_symmetric,0.33,4,20,eb5e714c53e22f14
qldpc_synth_q16_ser0p01_flen128,qldpc_reference,3,True,True,0.0078125,0.00390625,0.0,0.0,204.0,1,9.089300059713423,,2,0,2,0,1,channel_model=qary_symmetric; syndrome_symbols=43,16,,synthetic,16,4,qary_hard_syndrome_bf,qary_symmetric,0.33,4,20,eb5e714c53e22f14
qldpc_synth_q16_ser0p01_flen64,qldpc_reference,0,True,False,0.03125,0.01171875,0.03125,0.015625,120.0,2,13.18609993904829,candidate_failed_verification,2,0,2,0,2,channel_model=qary_symmetric; syndrome_symbols=22,16,,synthetic,16,4,qary_hard_syndrome_bf,qary_symmetric,0.33,4,20,b2c6fbab915c06c2
qldpc_synth_q16_ser0p01_flen64,qldpc_reference,1,True,True,0.015625,0.01171875,0.0,0.0,120.0,1,1.9005000358447433,,2,0,2,0,1,channel_model=qary_symmetric; syndrome_symbols=22,16,,synthetic,16,4,qary_hard_syndrome_bf,qary_symmetric,0.33,4,20,b2c6fbab915c06c2
qldpc_synth_q16_ser0p01_flen64,qldpc_reference,2,True,True,0.0,0.0,0.0,0.0,120.0,0,1.8859000410884619,,0,0,0,0,0,channel_model=qary_symmetric; syndrome_symbols=22,16,,synthetic,16,4,qary_hard_syndrome_bf,qary_symmetric,0.33,4,20,b2c6fbab915c06c2
qldpc_synth_q16_ser0p01_flen64,qldpc_reference,3,True,True,0.0,0.0,0.0,0.0,120.0,0,1.8019999843090773,,0,0,0,0,0,channel_model=qary_symmetric; syndrome_symbols=22,16,,synthetic,16,4,qary_hard_syndrome_bf,qary_symmetric,0.33,4,20,b2c6fbab915c06c2
qldpc_synth_q16_ser0p01_flen128,qldpc_reference,0,True,True,0.015625,0.009765625,0.0,0.0,288.0,2,40.26829998474568,,5,0,5,0,2,channel_model=qary_symmetric; syndrome_symbols=64,16,,synthetic,16,4,qary_hard_syndrome_bf,qary_symmetric,0.5,3,20,522f89e80edee7a1
qldpc_synth_q16_ser0p01_flen128,qldpc_reference,1,True,True,0.0078125,0.00390625,0.0,0.0,288.0,1,8.630200056359172,,3,0,3,0,1,channel_model=qary_symmetric; syndrome_symbols=64,16,,synthetic,16,4,qary_hard_syndrome_bf,qary_symmetric,0.5,3,20,522f89e80edee7a1
qldpc_synth_q16_ser0p01_flen128,qldpc_reference,2,True,True,0.0078125,0.005859375,0.0,0.0,288.0,1,7.059500087052584,,1,0,1,0,1,channel_model=qary_symmetric; syndrome_symbols=64,16,,synthetic,16,4,qary_hard_syndrome_bf,qary_symmetric,0.5,3,20,522f89e80edee7a1
qldpc_synth_q16_ser0p01_flen128,qldpc_reference,3,True,True,0.0078125,0.00390625,0.0,0.0,288.0,1,10.85880002938211,,1,0,1,0,1,channel_model=qary_symmetric; syndrome_symbols=64,16,,synthetic,16,4,qary_hard_syndrome_bf,qary_symmetric,0.5,3,20,522f89e80edee7a1
qldpc_synth_q16_ser0p03_flen64,qldpc_reference,0,True,True,0.03125,0.01171875,0.0,0.0,120.0,2,11.036900104954839,,3,0,3,0,2,channel_model=qary_symmetric; syndrome_symbols=22,16,,synthetic,16,4,qary_hard_syndrome_bf,qary_symmetric,0.33,3,20,0b962a07318c87cc
qldpc_synth_q16_ser0p03_flen64,qldpc_reference,1,True,True,0.046875,0.02734375,0.0,0.0,120.0,3,19.122599973343313,,6,0,6,0,3,channel_model=qary_symmetric; syndrome_symbols=22,16,,synthetic,16,4,qary_hard_syndrome_bf,qary_symmetric,0.33,3,20,0b962a07318c87cc
qldpc_synth_q16_ser0p03_flen64,qldpc_reference,2,True,False,0.015625,0.00390625,0.03125,0.0078125,120.0,1,1.9631999311968684,candidate_failed_verification,1,0,1,0,1,channel_model=qary_symmetric; syndrome_symbols=22,16,,synthetic,16,4,qary_hard_syndrome_bf,qary_symmetric,0.33,3,20,0b962a07318c87cc
qldpc_synth_q16_ser0p03_flen64,qldpc_reference,3,True,False,0.046875,0.015625,0.0625,0.015625,120.0,3,21.288399933837354,candidate_failed_verification,5,0,5,0,3,channel_model=qary_symmetric; syndrome_symbols=22,16,,synthetic,16,4,qary_hard_syndrome_bf,qary_symmetric,0.33,3,20,0b962a07318c87cc
qldpc_synth_q16_ser0p03_flen64,qldpc_reference,0,True,False,0.03125,0.01171875,0.03125,0.015625,120.0,2,12.96979992184788,candidate_failed_verification,2,0,2,0,2,channel_model=qary_symmetric; syndrome_symbols=22,16,,synthetic,16,4,qary_hard_syndrome_bf,qary_symmetric,0.33,4,20,b2c6fbab915c06c2
qldpc_synth_q16_ser0p03_flen64,qldpc_reference,1,True,False,0.046875,0.02734375,0.03125,0.01953125,120.0,3,70.76470006722957,candidate_failed_verification,3,0,3,0,3,channel_model=qary_symmetric; syndrome_symbols=22,16,,synthetic,16,4,qary_hard_syndrome_bf,qary_symmetric,0.33,4,20,b2c6fbab915c06c2
qldpc_synth_q16_ser0p03_flen64,qldpc_reference,2,True,True,0.015625,0.00390625,0.0,0.0,120.0,1,22.7988000260666,,2,0,2,0,1,channel_model=qary_symmetric; syndrome_symbols=22,16,,synthetic,16,4,qary_hard_syndrome_bf,qary_symmetric,0.33,4,20,b2c6fbab915c06c2
qldpc_synth_q16_ser0p03_flen64,qldpc_reference,3,True,False,0.046875,0.015625,0.03125,0.01953125,120.0,3,53.88119991403073,candidate_failed_verification,3,0,3,0,3,channel_model=qary_symmetric; syndrome_symbols=22,16,,synthetic,16,4,qary_hard_syndrome_bf,qary_symmetric,0.33,4,20,b2c6fbab915c06c2
qldpc_synth_q8_ser0p08_flen128,qldpc_reference,0,True,False,0.0703125,0.0390625,0.046875,0.028645833333333332,224.0,8,69.36939992010593,candidate_failed_verification,11,0,11,0,8,channel_model=qary_symmetric; syndrome_symbols=64,8,,synthetic,8,4,qary_hard_syndrome_bf,qary_symmetric,0.5,3,20,d3ef20759633ed3a
qldpc_synth_q8_ser0p08_flen128,qldpc_reference,1,True,False,0.09375,0.0546875,0.0859375,0.046875,224.0,13,119.42349991295487,candidate_failed_verification,19,0,19,0,13,channel_model=qary_symmetric; syndrome_symbols=64,8,,synthetic,8,4,qary_hard_syndrome_bf,qary_symmetric,0.5,3,20,d3ef20759633ed3a
qldpc_synth_q8_ser0p08_flen128,qldpc_reference,2,True,False,0.0625,0.03125,0.0390625,0.020833333333333332,224.0,9,91.12949995324016,candidate_failed_verification,16,0,16,0,9,channel_model=qary_symmetric; syndrome_symbols=64,8,,synthetic,8,4,qary_hard_syndrome_bf,qary_symmetric,0.5,3,20,d3ef20759633ed3a
qldpc_synth_q8_ser0p08_flen128,qldpc_reference,3,False,False,0.0859375,0.046875,0.046875,0.036458333333333336,224.0,20,155.8149999473244,syndrome_decode_failed,19,2,19,2,10,channel_model=qary_symmetric; syndrome_symbols=64,8,,synthetic,8,4,qary_hard_syndrome_bf,qary_symmetric,0.5,3,20,d3ef20759633ed3a
qldpc_synth_q16_ser0p03_flen64,qldpc_reference,0,True,False,0.03125,0.01171875,0.03125,0.015625,120.0,2,15.516299987211823,candidate_failed_verification,2,0,2,0,2,channel_model=qary_symmetric; syndrome_symbols=22,16,,synthetic,16,4,qary_hard_syndrome_bf,qary_symmetric,0.33,4,20,eb5e714c53e22f14
qldpc_synth_q16_ser0p03_flen64,qldpc_reference,1,True,False,0.046875,0.02734375,0.046875,0.0234375,120.0,2,17.335699987597764,candidate_failed_verification,2,0,2,0,2,channel_model=qary_symmetric; syndrome_symbols=22,16,,synthetic,16,4,qary_hard_syndrome_bf,qary_symmetric,0.33,4,20,eb5e714c53e22f14
qldpc_synth_q16_ser0p03_flen64,qldpc_reference,2,True,True,0.015625,0.00390625,0.0,0.0,120.0,1,6.592000019736588,,1,0,1,0,1,channel_model=qary_symmetric; syndrome_symbols=22,16,,synthetic,16,4,qary_hard_syndrome_bf,qary_symmetric,0.33,4,20,eb5e714c53e22f14
qldpc_synth_q16_ser0p03_flen64,qldpc_reference,3,True,False,0.046875,0.015625,0.03125,0.0078125,120.0,3,19.87699989695102,candidate_failed_verification,5,0,5,0,3,channel_model=qary_symmetric; syndrome_symbols=22,16,,synthetic,16,4,qary_hard_syndrome_bf,qary_symmetric,0.33,4,20,eb5e714c53e22f14
qldpc_synth_q16_ser0p03_flen64,qldpc_reference,0,True,True,0.03125,0.01171875,0.0,0.0,160.0,2,11.428300058469176,,4,0,4,0,2,channel_model=qary_symmetric; syndrome_symbols=32,16,,synthetic,16,4,qary_hard_syndrome_bf,qary_symmetric,0.5,3,20,522f89e80edee7a1
qldpc_synth_q16_ser0p03_flen64,qldpc_reference,1,True,True,0.046875,0.02734375,0.0,0.0,160.0,3,22.090299986302853,,7,0,7,0,3,channel_model=qary_symmetric; syndrome_symbols=32,16,,synthetic,16,4,qary_hard_syndrome_bf,qary_symmetric,0.5,3,20,522f89e80edee7a1
qldpc_synth_q16_ser0p03_flen64,qldpc_reference,2,True,True,0.015625,0.00390625,0.0,0.0,160.0,1,6.431799964047968,,1,0,1,0,1,channel_model=qary_symmetric; syndrome_symbols=32,16,,synthetic,16,4,qary_hard_syndrome_bf,qary_symmetric,0.5,3,20,522f89e80edee7a1
qldpc_synth_q16_ser0p03_flen64,qldpc_reference,3,True,True,0.046875,0.015625,0.0,0.0,160.0,3,25.252099963836372,,6,0,6,0,3,channel_model=qary_symmetric; syndrome_symbols=32,16,,synthetic,16,4,qary_hard_syndrome_bf,qary_symmetric,0.5,3,20,522f89e80edee7a1
qldpc_synth_q16_ser0p03_flen64,qldpc_reference,0,True,False,0.03125,0.01171875,0.03125,0.01171875,160.0,2,13.979199924506247,candidate_failed_verification,2,0,2,0,2,channel_model=qary_symmetric; syndrome_symbols=32,16,,synthetic,16,4,qary_hard_syndrome_bf,qary_symmetric,0.5,3,20,d3ef20759633ed3a
qldpc_synth_q16_ser0p03_flen64,qldpc_reference,1,True,False,0.046875,0.02734375,0.03125,0.01953125,160.0,3,21.672400063835084,candidate_failed_verification,3,0,3,0,3,channel_model=qary_symmetric; syndrome_symbols=32,16,,synthetic,16,4,qary_hard_syndrome_bf,qary_symmetric,0.5,3,20,d3ef20759633ed3a
qldpc_synth_q16_ser0p03_flen64,qldpc_reference,2,True,True,0.015625,0.00390625,0.0,0.0,160.0,1,6.542399991303682,,3,0,3,0,1,channel_model=qary_symmetric; syndrome_symbols=32,16,,synthetic,16,4,qary_hard_syndrome_bf,qary_symmetric,0.5,3,20,d3ef20759633ed3a
qldpc_synth_q16_ser0p03_flen64,qldpc_reference,3,True,False,0.046875,0.015625,0.03125,0.015625,160.0,3,22.73500000592321,candidate_failed_verification,4,0,4,0,3,channel_model=qary_symmetric; syndrome_symbols=32,16,,synthetic,16,4,qary_hard_syndrome_bf,qary_symmetric,0.5,3,20,d3ef20759633ed3a
qldpc_synth_q16_ser0p01_flen128,qldpc_reference,0,True,True,0.015625,0.009765625,0.0,0.0,288.0,2,38.047200068831444,,6,0,6,0,2,channel_model=qary_symmetric; syndrome_symbols=64,16,,synthetic,16,4,qary_hard_syndrome_bf,qary_symmetric,0.5,4,20,43d014f94c106833
qldpc_synth_q16_ser0p01_flen128,qldpc_reference,1,True,True,0.0078125,0.00390625,0.0,0.0,288.0,1,10.253400076180696,,5,0,5,0,1,channel_model=qary_symmetric; syndrome_symbols=64,16,,synthetic,16,4,qary_hard_syndrome_bf,qary_symmetric,0.5,4,20,43d014f94c106833
qldpc_synth_q16_ser0p01_flen128,qldpc_reference,2,True,True,0.0078125,0.005859375,0.0,0.0,288.0,1,7.570200017653406,,2,0,2,0,1,channel_model=qary_symmetric; syndrome_symbols=64,16,,synthetic,16,4,qary_hard_syndrome_bf,qary_symmetric,0.5,4,20,43d014f94c106833
qldpc_synth_q16_ser0p01_flen128,qldpc_reference,3,True,True,0.0078125,0.00390625,0.0,0.0,288.0,1,11.88710005953908,,2,0,2,0,1,channel_model=qary_symmetric; syndrome_symbols=64,16,,synthetic,16,4,qary_hard_syndrome_bf,qary_symmetric,0.5,4,20,43d014f94c106833
qldpc_synth_q16_ser0p03_flen64,qldpc_reference,0,True,False,0.03125,0.01171875,0.03125,0.01953125,160.0,2,16.310199978761375,candidate_failed_verification,2,0,2,0,2,channel_model=qary_symmetric; syndrome_symbols=32,16,,synthetic,16,4,qary_hard_syndrome_bf,qary_symmetric,0.5,4,20,70f03ad2a6815ec3
qldpc_synth_q16_ser0p03_flen64,qldpc_reference,1,True,False,0.046875,0.02734375,0.046875,0.0234375,160.0,2,22.397099994122982,candidate_failed_verification,2,0,2,0,2,channel_model=qary_symmetric; syndrome_symbols=32,16,,synthetic,16,4,qary_hard_syndrome_bf,qary_symmetric,0.5,4,20,70f03ad2a6815ec3
qldpc_synth_q16_ser0p03_flen64,qldpc_reference,2,True,False,0.015625,0.00390625,0.03125,0.015625,160.0,1,2.79000005684793,candidate_failed_verification,1,0,1,0,1,channel_model=qary_symmetric; syndrome_symbols=32,16,,synthetic,16,4,qary_hard_syndrome_bf,qary_symmetric,0.5,4,20,70f03ad2a6815ec3
qldpc_synth_q16_ser0p03_flen64,qldpc_reference,3,True,True,0.046875,0.015625,0.0,0.0,160.0,3,32.93730004224926,,9,0,9,0,3,channel_model=qary_symmetric; syndrome_symbols=32,16,,synthetic,16,4,qary_hard_syndrome_bf,qary_symmetric,0.5,4,20,70f03ad2a6815ec3
qldpc_synth_q16_ser0p03_flen128,qldpc_reference,0,True,False,0.03125,0.01953125,0.03125,0.013671875,204.0,4,75.80470002721995,candidate_failed_verification,5,0,5,0,4,channel_model=qary_symmetric; syndrome_symbols=43,16,,synthetic,16,4,qary_hard_syndrome_bf,qary_symmetric,0.33,3,20,0b962a07318c87cc
qldpc_synth_q16_ser0p03_flen128,qldpc_reference,1,True,True,0.0234375,0.0078125,0.0,0.0,204.0,3,43.42390003148466,,4,0,4,0,3,channel_model=qary_symmetric; syndrome_symbols=43,16,,synthetic,16,4,qary_hard_syndrome_bf,qary_symmetric,0.33,3,20,0b962a07318c87cc
qldpc_synth_q16_ser0p03_flen128,qldpc_reference,2,True,False,0.0234375,0.013671875,0.015625,0.01171875,204.0,3,46.81700002402067,candidate_failed_verification,4,0,4,0,3,channel_model=qary_symmetric; syndrome_symbols=43,16,,synthetic,16,4,qary_hard_syndrome_bf,qary_symmetric,0.33,3,20,0b962a07318c87cc
qldpc_synth_q16_ser0p03_flen128,qldpc_reference,3,True,True,0.015625,0.005859375,0.0,0.0,204.0,2,26.848500012420118,,3,0,3,0,2,channel_model=qary_symmetric; syndrome_symbols=43,16,,synthetic,16,4,qary_hard_syndrome_bf,qary_symmetric,0.33,3,20,0b962a07318c87cc
qldpc_synth_q16_ser0p03_flen128,qldpc_reference,0,True,False,0.03125,0.01953125,0.046875,0.021484375,204.0,4,59.48179995175451,candidate_failed_verification,6,0,6,0,4,channel_model=qary_symmetric; syndrome_symbols=43,16,,synthetic,16,4,qary_hard_syndrome_bf,qary_symmetric,0.33,3,20,ec3c47203d968697
qldpc_synth_q16_ser0p03_flen128,qldpc_reference,1,True,True,0.0234375,0.0078125,0.0,0.0,204.0,3,48.20650001056492,,6,0,6,0,3,channel_model=qary_symmetric; syndrome_symbols=43,16,,synthetic,16,4,qary_hard_syndrome_bf,qary_symmetric,0.33,3,20,ec3c47203d968697
qldpc_synth_q16_ser0p03_flen128,qldpc_reference,2,True,False,0.0234375,0.013671875,0.03125,0.01953125,204.0,3,40.057400008663535,candidate_failed_verification,4,0,4,0,3,channel_model=qary_symmetric; syndrome_symbols=43,16,,synthetic,16,4,qary_hard_syndrome_bf,qary_symmetric,0.33,3,20,ec3c47203d968697
qldpc_synth_q16_ser0p03_flen128,qldpc_reference,3,True,True,0.015625,0.005859375,0.0,0.0,204.0,2,37.14380005840212,,3,0,3,0,2,channel_model=qary_symmetric; syndrome_symbols=43,16,,synthetic,16,4,qary_hard_syndrome_bf,qary_symmetric,0.33,3,20,ec3c47203d968697
qldpc_synth_q16_ser0p03_flen128,qldpc_reference,0,True,True,0.03125,0.01953125,0.0,0.0,204.0,4,69.20319993514568,,8,0,8,0,4,channel_model=qary_symmetric; syndrome_symbols=43,16,,synthetic,16,4,qary_hard_syndrome_bf,qary_symmetric,0.33,4,20,b2c6fbab915c06c2
qldpc_synth_q16_ser0p03_flen128,qldpc_reference,1,True,True,0.0234375,0.0078125,0.0,0.0,204.0,3,51.53380008414388,,8,0,8,0,3,channel_model=qary_symmetric; syndrome_symbols=43,16,,synthetic,16,4,qary_hard_syndrome_bf,qary_symmetric,0.33,4,20,b2c6fbab915c06c2
qldpc_synth_q16_ser0p03_flen128,qldpc_reference,2,True,False,0.0234375,0.013671875,0.0390625,0.021484375,204.0,4,64.68179996591061,candidate_failed_verification,7,0,7,0,4,channel_model=qary_symmetric; syndrome_symbols=43,16,,synthetic,16,4,qary_hard_syndrome_bf,qary_symmetric,0.33,4,20,b2c6fbab915c06c2
qldpc_synth_q16_ser0p03_flen128,qldpc_reference,3,True,False,0.015625,0.005859375,0.015625,0.0078125,204.0,2,27.531499974429607,candidate_failed_verification,2,0,2,0,2,channel_model=qary_symmetric; syndrome_symbols=43,16,,synthetic,16,4,qary_hard_syndrome_bf,qary_symmetric,0.33,4,20,b2c6fbab915c06c2
qldpc_synth_q16_ser0p03_flen64,qldpc_reference,0,True,True,0.03125,0.01171875,0.0,0.0,120.0,2,15.875300043262541,,2,0,2,0,2,channel_model=qary_symmetric; syndrome_symbols=22,16,,synthetic,16,4,qary_hard_syndrome_bf,qary_symmetric,0.33,3,20,ec3c47203d968697
qldpc_synth_q16_ser0p03_flen64,qldpc_reference,1,True,False,0.046875,0.02734375,0.0625,0.03515625,120.0,3,23.87180004734546,candidate_failed_verification,3,0,3,0,3,channel_model=qary_symmetric; syndrome_symbols=22,16,,synthetic,16,4,qary_hard_syndrome_bf,qary_symmetric,0.33,3,20,ec3c47203d968697
qldpc_synth_q16_ser0p03_flen64,qldpc_reference,2,True,True,0.015625,0.00390625,0.0,0.0,120.0,1,6.215299945324659,,2,0,2,0,1,channel_model=qary_symmetric; syndrome_symbols=22,16,,synthetic,16,4,qary_hard_syndrome_bf,qary_symmetric,0.33,3,20,ec3c47203d968697
qldpc_synth_q16_ser0p03_flen64,qldpc_reference,3,True,False,0.046875,0.015625,0.0625,0.03515625,120.0,3,21.82730007916689,candidate_failed_verification,3,0,3,0,3,channel_model=qary_symmetric; syndrome_symbols=22,16,,synthetic,16,4,qary_hard_syndrome_bf,qary_symmetric,0.33,3,20,ec3c47203d968697
qldpc_synth_q16_ser0p03_flen128,qldpc_reference,0,True,False,0.03125,0.01953125,0.03125,0.015625,288.0,4,73.59440007712692,candidate_failed_verification,7,0,7,0,4,channel_model=qary_symmetric; syndrome_symbols=64,16,,synthetic,16,4,qary_hard_syndrome_bf,qary_symmetric,0.5,3,20,d3ef20759633ed3a
qldpc_synth_q16_ser0p03_flen128,qldpc_reference,1,True,True,0.0234375,0.0078125,0.0,0.0,288.0,3,42.61110001243651,,8,0,8,0,3,channel_model=qary_symmetric; syndrome_symbols=64,16,,synthetic,16,4,qary_hard_syndrome_bf,qary_symmetric,0.5,3,20,d3ef20759633ed3a
qldpc_synth_q16_ser0p03_flen128,qldpc_reference,2,True,True,0.0234375,0.013671875,0.0,0.0,288.0,3,59.13200008217245,,9,0,9,0,3,channel_model=qary_symmetric; syndrome_symbols=64,16,,synthetic,16,4,qary_hard_syndrome_bf,qary_symmetric,0.5,3,20,d3ef20759633ed3a
qldpc_synth_q16_ser0p03_flen128,qldpc_reference,3,True,True,0.015625,0.005859375,0.0,0.0,288.0,2,51.44529999233782,,4,0,4,0,2,channel_model=qary_symmetric; syndrome_symbols=64,16,,synthetic,16,4,qary_hard_syndrome_bf,qary_symmetric,0.5,3,20,d3ef20759633ed3a
qldpc_synth_q16_ser0p03_flen64,qldpc_reference,0,True,True,0.03125,0.01171875,0.0,0.0,160.0,2,11.899300036020577,,3,0,3,0,2,channel_model=qary_symmetric; syndrome_symbols=32,16,,synthetic,16,4,qary_hard_syndrome_bf,qary_symmetric,0.5,4,20,43d014f94c106833
qldpc_synth_q16_ser0p03_flen64,qldpc_reference,1,True,True,0.046875,0.02734375,0.0,0.0,160.0,3,45.85300001781434,,7,0,7,0,3,channel_model=qary_symmetric; syndrome_symbols=32,16,,synthetic,16,4,qary_hard_syndrome_bf,qary_symmetric,0.5,4,20,43d014f94c106833
qldpc_synth_q16_ser0p03_flen64,qldpc_reference,2,True,True,0.015625,0.00390625,0.0,0.0,160.0,1,8.774199988692999,,2,0,2,0,1,channel_model=qary_symmetric; syndrome_symbols=32,16,,synthetic,16,4,qary_hard_syndrome_bf,qary_symmetric,0.5,4,20,43d014f94c106833
qldpc_synth_q16_ser0p03_flen64,qldpc_reference,3,True,False,0.046875,0.015625,0.03125,0.015625,160.0,2,16.584200086072087,candidate_failed_verification,3,0,3,0,2,channel_model=qary_symmetric; syndrome_symbols=32,16,,synthetic,16,4,qary_hard_syndrome_bf,qary_symmetric,0.5,4,20,43d014f94c106833
qldpc_synth_q16_ser0p01_flen128,qldpc_reference,0,True,True,0.015625,0.009765625,0.0,0.0,288.0,2,46.71439994126558,,6,0,6,0,2,channel_model=qary_symmetric; syndrome_symbols=64,16,,synthetic,16,4,qary_hard_syndrome_bf,qary_symmetric,0.5,4,20,70f03ad2a6815ec3
qldpc_synth_q16_ser0p01_flen128,qldpc_reference,1,True,True,0.0078125,0.00390625,0.0,0.0,288.0,1,9.772100020200014,,4,0,4,0,1,channel_model=qary_symmetric; syndrome_symbols=64,16,,synthetic,16,4,qary_hard_syndrome_bf,qary_symmetric,0.5,4,20,70f03ad2a6815ec3
qldpc_synth_q16_ser0p01_flen128,qldpc_reference,2,True,True,0.0078125,0.005859375,0.0,0.0,288.0,1,7.232000003568828,,4,0,4,0,1,channel_model=qary_symmetric; syndrome_symbols=64,16,,synthetic,16,4,qary_hard_syndrome_bf,qary_symmetric,0.5,4,20,70f03ad2a6815ec3
qldpc_synth_q16_ser0p01_flen128,qldpc_reference,3,True,True,0.0078125,0.00390625,0.0,0.0,288.0,1,10.623699985444546,,2,0,2,0,1,channel_model=qary_symmetric; syndrome_symbols=64,16,,synthetic,16,4,qary_hard_syndrome_bf,qary_symmetric,0.5,4,20,70f03ad2a6815ec3
qldpc_synth_q16_ser0p03_flen128,qldpc_reference,0,True,True,0.03125,0.01953125,0.0,0.0,288.0,4,72.8495999937877,,13,0,13,0,4,channel_model=qary_symmetric; syndrome_symbols=64,16,,synthetic,16,4,qary_hard_syndrome_bf,qary_symmetric,0.5,4,20,70f03ad2a6815ec3
qldpc_synth_q16_ser0p03_flen128,qldpc_reference,1,True,True,0.0234375,0.0078125,0.0,0.0,288.0,3,45.869700028561056,,10,0,10,0,3,channel_model=qary_symmetric; syndrome_symbols=64,16,,synthetic,16,4,qary_hard_syndrome_bf,qary_symmetric,0.5,4,20,70f03ad2a6815ec3
qldpc_synth_q16_ser0p03_flen128,qldpc_reference,2,True,True,0.0234375,0.013671875,0.0,0.0,288.0,3,61.23680004384369,,9,0,9,0,3,channel_model=qary_symmetric; syndrome_symbols=64,16,,synthetic,16,4,qary_hard_syndrome_bf,qary_symmetric,0.5,4,20,70f03ad2a6815ec3
qldpc_synth_q16_ser0p03_flen128,qldpc_reference,3,True,True,0.015625,0.005859375,0.0,0.0,288.0,2,37.90639992803335,,4,0,4,0,2,channel_model=qary_symmetric; syndrome_symbols=64,16,,synthetic,16,4,qary_hard_syndrome_bf,qary_symmetric,0.5,4,20,70f03ad2a6815ec3
qldpc_synth_q16_ser0p01_flen64,qldpc_reference,0,True,True,0.03125,0.01171875,0.0,0.0,160.0,2,11.360800010152161,,4,0,4,0,2,channel_model=qary_symmetric; syndrome_symbols=32,16,,synthetic,16,4,qary_hard_syndrome_bf,qary_symmetric,0.5,3,20,522f89e80edee7a1
qldpc_synth_q16_ser0p01_flen64,qldpc_reference,1,True,True,0.015625,0.01171875,0.0,0.0,160.0,1,2.035600016824901,,2,0,2,0,1,channel_model=qary_symmetric; syndrome_symbols=32,16,,synthetic,16,4,qary_hard_syndrome_bf,qary_symmetric,0.5,3,20,522f89e80edee7a1
qldpc_synth_q16_ser0p01_flen64,qldpc_reference,2,True,True,0.0,0.0,0.0,0.0,160.0,0,1.91580003593117,,0,0,0,0,0,channel_model=qary_symmetric; syndrome_symbols=32,16,,synthetic,16,4,qary_hard_syndrome_bf,qary_symmetric,0.5,3,20,522f89e80edee7a1
qldpc_synth_q16_ser0p01_flen64,qldpc_reference,3,True,True,0.0,0.0,0.0,0.0,160.0,0,1.9116000039502978,,0,0,0,0,0,channel_model=qary_symmetric; syndrome_symbols=32,16,,synthetic,16,4,qary_hard_syndrome_bf,qary_symmetric,0.5,3,20,522f89e80edee7a1
qldpc_synth_q16_ser0p03_flen128,qldpc_reference,0,True,False,0.03125,0.01953125,0.015625,0.005859375,288.0,4,71.28909998573363,candidate_failed_verification,7,0,7,0,4,channel_model=qary_symmetric; syndrome_symbols=64,16,,synthetic,16,4,qary_hard_syndrome_bf,qary_symmetric,0.5,3,20,522f89e80edee7a1
qldpc_synth_q16_ser0p03_flen128,qldpc_reference,1,True,True,0.0234375,0.0078125,0.0,0.0,288.0,3,53.89760003890842,,5,0,5,0,3,channel_model=qary_symmetric; syndrome_symbols=64,16,,synthetic,16,4,qary_hard_syndrome_bf,qary_symmetric,0.5,3,20,522f89e80edee7a1
qldpc_synth_q16_ser0p03_flen128,qldpc_reference,2,True,True,0.0234375,0.013671875,0.0,0.0,288.0,3,45.28219997882843,,6,0,6,0,3,channel_model=qary_symmetric; syndrome_symbols=64,16,,synthetic,16,4,qary_hard_syndrome_bf,qary_symmetric,0.5,3,20,522f89e80edee7a1
qldpc_synth_q16_ser0p03_flen128,qldpc_reference,3,True,True,0.015625,0.005859375,0.0,0.0,288.0,2,36.33020003326237,,3,0,3,0,2,channel_model=qary_symmetric; syndrome_symbols=64,16,,synthetic,16,4,qary_hard_syndrome_bf,qary_symmetric,0.5,3,20,522f89e80edee7a1
qldpc_synth_q16_ser0p01_flen128,qldpc_reference,0,True,True,0.015625,0.009765625,0.0,0.0,204.0,2,65.79260004218668,,4,0,4,0,2,channel_model=qary_symmetric; syndrome_symbols=43,16,,synthetic,16,4,qary_hard_syndrome_bf,qary_symmetric,0.33,4,20,b2c6fbab915c06c2
qldpc_synth_q16_ser0p01_flen128,qldpc_reference,1,True,True,0.0078125,0.00390625,0.0,0.0,204.0,1,9.28390002809465,,5,0,5,0,1,channel_model=qary_symmetric; syndrome_symbols=43,16,,synthetic,16,4,qary_hard_syndrome_bf,qary_symmetric,0.33,4,20,b2c6fbab915c06c2
qldpc_synth_q16_ser0p01_flen128,qldpc_reference,2,True,True,0.0078125,0.005859375,0.0,0.0,204.0,1,5.990699981339276,,2,0,2,0,1,channel_model=qary_symmetric; syndrome_symbols=43,16,,synthetic,16,4,qary_hard_syndrome_bf,qary_symmetric,0.33,4,20,b2c6fbab915c06c2
qldpc_synth_q16_ser0p01_flen128,qldpc_reference,3,True,True,0.0078125,0.00390625,0.0,0.0,204.0,1,8.989699999801815,,1,0,1,0,1,channel_model=qary_symmetric; syndrome_symbols=43,16,,synthetic,16,4,qary_hard_syndrome_bf,qary_symmetric,0.33,4,20,b2c6fbab915c06c2
qldpc_synth_q16_ser0p05_flen64,qldpc_reference,0,True,False,0.09375,0.05859375,0.03125,0.01171875,120.0,6,54.60480006877333,candidate_failed_verification,14,0,14,0,6,channel_model=qary_symmetric; syndrome_symbols=22,16,,synthetic,16,4,qary_hard_syndrome_bf,qary_symmetric,0.33,4,20,eb5e714c53e22f14
qldpc_synth_q16_ser0p05_flen64,qldpc_reference,1,True,True,0.046875,0.015625,0.0,0.0,120.0,3,25.298999971710145,,3,0,3,0,3,channel_model=qary_symmetric; syndrome_symbols=22,16,,synthetic,16,4,qary_hard_syndrome_bf,qary_symmetric,0.33,4,20,eb5e714c53e22f14
qldpc_synth_q16_ser0p05_flen64,qldpc_reference,2,True,True,0.03125,0.015625,0.0,0.0,120.0,2,15.561899985186756,,3,0,3,0,2,channel_model=qary_symmetric; syndrome_symbols=22,16,,synthetic,16,4,qary_hard_syndrome_bf,qary_symmetric,0.33,4,20,eb5e714c53e22f14
qldpc_synth_q16_ser0p05_flen64,qldpc_reference,3,True,False,0.078125,0.04296875,0.078125,0.03515625,120.0,5,41.38730000704527,candidate_failed_verification,6,0,6,0,5,channel_model=qary_symmetric; syndrome_symbols=22,16,,synthetic,16,4,qary_hard_syndrome_bf,qary_symmetric,0.33,4,20,eb5e714c53e22f14
qldpc_synth_q16_ser0p05_flen64,qldpc_reference,0,True,True,0.09375,0.05859375,0.0,0.0,160.0,6,51.891100010834634,,9,0,9,0,6,channel_model=qary_symmetric; syndrome_symbols=32,16,,synthetic,16,4,qary_hard_syndrome_bf,qary_symmetric,0.5,3,20,522f89e80edee7a1
qldpc_synth_q16_ser0p05_flen64,qldpc_reference,1,True,True,0.046875,0.015625,0.0,0.0,160.0,3,22.583000012673438,,7,0,7,0,3,channel_model=qary_symmetric; syndrome_symbols=32,16,,synthetic,16,4,qary_hard_syndrome_bf,qary_symmetric,0.5,3,20,522f89e80edee7a1
qldpc_synth_q16_ser0p05_flen64,qldpc_reference,2,True,True,0.03125,0.015625,0.0,0.0,160.0,2,15.737799927592278,,3,0,3,0,2,channel_model=qary_symmetric; syndrome_symbols=32,16,,synthetic,16,4,qary_hard_syndrome_bf,qary_symmetric,0.5,3,20,522f89e80edee7a1
qldpc_synth_q16_ser0p05_flen64,qldpc_reference,3,True,True,0.078125,0.04296875,0.0,0.0,160.0,5,43.00629999488592,,10,0,10,0,5,channel_model=qary_symmetric; syndrome_symbols=32,16,,synthetic,16,4,qary_hard_syndrome_bf,qary_symmetric,0.5,3,20,522f89e80edee7a1
qldpc_synth_q16_ser0p05_flen64,qldpc_reference,0,True,False,0.09375,0.05859375,0.0625,0.0390625,120.0,6,55.371299968101084,candidate_failed_verification,8,0,8,0,6,channel_model=qary_symmetric; syndrome_symbols=22,16,,synthetic,16,4,qary_hard_syndrome_bf,qary_symmetric,0.33,4,20,b2c6fbab915c06c2
qldpc_synth_q16_ser0p05_flen64,qldpc_reference,1,True,False,0.046875,0.015625,0.03125,0.0078125,120.0,3,26.853500050492585,candidate_failed_verification,3,0,3,0,3,channel_model=qary_symmetric; syndrome_symbols=22,16,,synthetic,16,4,qary_hard_syndrome_bf,qary_symmetric,0.33,4,20,b2c6fbab915c06c2
qldpc_synth_q16_ser0p05_flen64,qldpc_reference,2,True,False,0.03125,0.015625,0.03125,0.015625,120.0,2,18.480299971997738,candidate_failed_verification,3,0,3,0,2,channel_model=qary_symmetric; syndrome_symbols=22,16,,synthetic,16,4,qary_hard_syndrome_bf,qary_symmetric,0.33,4,20,b2c6fbab915c06c2
qldpc_synth_q16_ser0p05_flen64,qldpc_reference,3,True,False,0.078125,0.04296875,0.0625,0.015625,120.0,5,39.819200057536364,candidate_failed_verification,5,0,5,0,5,channel_model=qary_symmetric; syndrome_symbols=22,16,,synthetic,16,4,qary_hard_syndrome_bf,qary_symmetric,0.33,4,20,b2c6fbab915c06c2
qldpc_synth_q16_ser0p05_flen64,qldpc_reference,0,True,False,0.09375,0.05859375,0.0625,0.046875,120.0,6,50.57650001253933,candidate_failed_verification,7,0,7,0,6,channel_model=qary_symmetric; syndrome_symbols=22,16,,synthetic,16,4,qary_hard_syndrome_bf,qary_symmetric,0.33,3,20,0b962a07318c87cc
qldpc_synth_q16_ser0p05_flen64,qldpc_reference,1,True,True,0.046875,0.015625,0.0,0.0,120.0,3,18.55450007133186,,6,0,6,0,3,channel_model=qary_symmetric; syndrome_symbols=22,16,,synthetic,16,4,qary_hard_syndrome_bf,qary_symmetric,0.33,3,20,0b962a07318c87cc
qldpc_synth_q16_ser0p05_flen64,qldpc_reference,2,True,False,0.03125,0.015625,0.03125,0.015625,120.0,2,10.17549994867295,candidate_failed_verification,3,0,3,0,2,channel_model=qary_symmetric; syndrome_symbols=22,16,,synthetic,16,4,qary_hard_syndrome_bf,qary_symmetric,0.33,3,20,0b962a07318c87cc
qldpc_synth_q16_ser0p05_flen64,qldpc_reference,3,True,False,0.078125,0.04296875,0.0625,0.02734375,120.0,5,85.8752999920398,candidate_failed_verification,9,0,9,0,5,channel_model=qary_symmetric; syndrome_symbols=22,16,,synthetic,16,4,qary_hard_syndrome_bf,qary_symmetric,0.33,3,20,0b962a07318c87cc
qldpc_synth_q16_ser0p03_flen128,qldpc_reference,0,True,False,0.03125,0.01953125,0.015625,0.009765625,204.0,4,97.27879997808486,candidate_failed_verification,10,0,10,0,4,channel_model=qary_symmetric; syndrome_symbols=43,16,,synthetic,16,4,qary_hard_syndrome_bf,qary_symmetric,0.33,4,20,eb5e714c53e22f14
qldpc_synth_q16_ser0p03_flen128,qldpc_reference,1,True,False,0.0234375,0.0078125,0.015625,0.005859375,204.0,3,45.4347999766469,candidate_failed_verification,8,0,8,0,3,channel_model=qary_symmetric; syndrome_symbols=43,16,,synthetic,16,4,qary_hard_syndrome_bf,qary_symmetric,0.33,4,20,eb5e714c53e22f14
qldpc_synth_q16_ser0p03_flen128,qldpc_reference,2,True,True,0.0234375,0.013671875,0.0,0.0,204.0,3,54.05789997894317,,8,0,8,0,3,channel_model=qary_symmetric; syndrome_symbols=43,16,,synthetic,16,4,qary_hard_syndrome_bf,qary_symmetric,0.33,4,20,eb5e714c53e22f14
qldpc_synth_q16_ser0p03_flen128,qldpc_reference,3,True,False,0.015625,0.005859375,0.015625,0.0078125,204.0,2,25.24680003989488,candidate_failed_verification,3,0,3,0,2,channel_model=qary_symmetric; syndrome_symbols=43,16,,synthetic,16,4,qary_hard_syndrome_bf,qary_symmetric,0.33,4,20,eb5e714c53e22f14
qldpc_synth_q16_ser0p01_flen64,qldpc_reference,0,True,True,0.03125,0.01171875,0.0,0.0,120.0,2,11.16690004710108,,3,0,3,0,2,channel_model=qary_symmetric; syndrome_symbols=22,16,,synthetic,16,4,qary_hard_syndrome_bf,qary_symmetric,0.33,3,20,0b962a07318c87cc
qldpc_synth_q16_ser0p01_flen64,qldpc_reference,1,True,True,0.015625,0.01171875,0.0,0.0,120.0,1,1.799000077880919,,1,0,1,0,1,channel_model=qary_symmetric; syndrome_symbols=22,16,,synthetic,16,4,qary_hard_syndrome_bf,qary_symmetric,0.33,3,20,0b962a07318c87cc
qldpc_synth_q16_ser0p01_flen64,qldpc_reference,2,True,True,0.0,0.0,0.0,0.0,120.0,0,1.740699983201921,,0,0,0,0,0,channel_model=qary_symmetric; syndrome_symbols=22,16,,synthetic,16,4,qary_hard_syndrome_bf,qary_symmetric,0.33,3,20,0b962a07318c87cc
qldpc_synth_q16_ser0p01_flen64,qldpc_reference,3,True,True,0.0,0.0,0.0,0.0,120.0,0,2.1262000082060695,,0,0,0,0,0,channel_model=qary_symmetric; syndrome_symbols=22,16,,synthetic,16,4,qary_hard_syndrome_bf,qary_symmetric,0.33,3,20,0b962a07318c87cc
qldpc_synth_q16_ser0p05_flen64,qldpc_reference,0,True,False,0.09375,0.05859375,0.03125,0.015625,160.0,6,95.14460002537817,candidate_failed_verification,11,0,11,0,6,channel_model=qary_symmetric; syndrome_symbols=32,16,,synthetic,16,4,qary_hard_syndrome_bf,qary_symmetric,0.5,4,20,43d014f94c106833
qldpc_synth_q16_ser0p05_flen64,qldpc_reference,1,True,True,0.046875,0.015625,0.0,0.0,160.0,3,37.95229992829263,,7,0,7,0,3,channel_model=qary_symmetric; syndrome_symbols=32,16,,synthetic,16,4,qary_hard_syndrome_bf,qary_symmetric,0.5,4,20,43d014f94c106833
qldpc_synth_q16_ser0p05_flen64,qldpc_reference,2,True,True,0.03125,0.015625,0.0,0.0,160.0,2,65.16899995040148,,4,0,4,0,2,channel_model=qary_symmetric; syndrome_symbols=32,16,,synthetic,16,4,qary_hard_syndrome_bf,qary_symmetric,0.5,4,20,43d014f94c106833
qldpc_synth_q16_ser0p05_flen64,qldpc_reference,3,True,False,0.078125,0.04296875,0.03125,0.01171875,160.0,4,47.82880004495382,candidate_failed_verification,7,0,7,0,4,channel_model=qary_symmetric; syndrome_symbols=32,16,,synthetic,16,4,qary_hard_syndrome_bf,qary_symmetric,0.5,4,20,43d014f94c106833
qldpc_synth_q16_ser0p05_flen128,qldpc_reference,0,True,True,0.03125,0.01953125,0.0,0.0,204.0,4,69.64550004340708,,8,0,8,0,4,channel_model=qary_symmetric; syndrome_symbols=43,16,,synthetic,16,4,qary_hard_syndrome_bf,qary_symmetric,0.33,4,20,b2c6fbab915c06c2
qldpc_synth_q16_ser0p05_flen128,qldpc_reference,1,True,False,0.0703125,0.02734375,0.03125,0.015625,204.0,9,150.94700001645833,candidate_failed_verification,15,0,15,0,9,channel_model=qary_symmetric; syndrome_symbols=43,16,,synthetic,16,4,qary_hard_syndrome_bf,qary_symmetric,0.33,4,20,b2c6fbab915c06c2
qldpc_synth_q16_ser0p05_flen128,qldpc_reference,2,True,False,0.03125,0.017578125,0.0546875,0.029296875,204.0,5,111.83869990054518,candidate_failed_verification,8,0,8,0,5,channel_model=qary_symmetric; syndrome_symbols=43,16,,synthetic,16,4,qary_hard_syndrome_bf,qary_symmetric,0.33,4,20,b2c6fbab915c06c2
qldpc_synth_q16_ser0p05_flen128,qldpc_reference,3,True,False,0.0546875,0.0390625,0.0390625,0.021484375,204.0,7,246.59180000890046,candidate_failed_verification,10,0,10,0,7,channel_model=qary_symmetric; syndrome_symbols=43,16,,synthetic,16,4,qary_hard_syndrome_bf,qary_symmetric,0.33,4,20,b2c6fbab915c06c2
qldpc_synth_q16_ser0p05_flen128,qldpc_reference,0,True,False,0.03125,0.01953125,0.03125,0.013671875,204.0,4,93.58810004778206,candidate_failed_verification,5,0,5,0,4,channel_model=qary_symmetric; syndrome_symbols=43,16,,synthetic,16,4,qary_hard_syndrome_bf,qary_symmetric,0.33,3,20,0b962a07318c87cc
qldpc_synth_q16_ser0p05_flen128,qldpc_reference,1,True,False,0.0703125,0.02734375,0.0546875,0.025390625,204.0,8,145.15320002101362,candidate_failed_verification,12,0,12,0,8,channel_model=qary_symmetric; syndrome_symbols=43,16,,synthetic,16,4,qary_hard_syndrome_bf,qary_symmetric,0.33,3,20,0b962a07318c87cc
qldpc_synth_q16_ser0p05_flen128,qldpc_reference,2,True,False,0.03125,0.017578125,0.015625,0.005859375,204.0,4,64.3760000821203,candidate_failed_verification,5,0,5,0,4,channel_model=qary_symmetric; syndrome_symbols=43,16,,synthetic,16,4,qary_hard_syndrome_bf,qary_symmetric,0.33,3,20,0b962a07318c87cc
qldpc_synth_q16_ser0p05_flen128,qldpc_reference,3,True,False,0.0546875,0.0390625,0.0625,0.033203125,204.0,6,110.71789998095483,candidate_failed_verification,7,0,7,0,6,channel_model=qary_symmetric; syndrome_symbols=43,16,,synthetic,16,4,qary_hard_syndrome_bf,qary_symmetric,0.33,3,20,0b962a07318c87cc
qldpc_synth_q16_ser0p05_flen128,qldpc_reference,0,True,False,0.03125,0.01953125,0.015625,0.009765625,204.0,4,62.8114000428468,candidate_failed_verification,10,0,10,0,4,channel_model=qary_symmetric; syndrome_symbols=43,16,,synthetic,16,4,qary_hard_syndrome_bf,qary_symmetric,0.33,4,20,eb5e714c53e22f14
qldpc_synth_q16_ser0p05_flen128,qldpc_reference,1,True,False,0.0703125,0.02734375,0.046875,0.02734375,204.0,9,160.71389999706298,candidate_failed_verification,14,0,14,0,9,channel_model=qary_symmetric; syndrome_symbols=43,16,,synthetic,16,4,qary_hard_syndrome_bf,qary_symmetric,0.33,4,20,eb5e714c53e22f14
qldpc_synth_q16_ser0p05_flen128,qldpc_reference,2,True,True,0.03125,0.017578125,0.0,0.0,204.0,4,76.46110001951456,,10,0,10,0,4,channel_model=qary_symmetric; syndrome_symbols=43,16,,synthetic,16,4,qary_hard_syndrome_bf,qary_symmetric,0.33,4,20,eb5e714c53e22f14
qldpc_synth_q16_ser0p05_flen128,qldpc_reference,3,True,False,0.0546875,0.0390625,0.046875,0.03125,204.0,5,76.94389997050166,candidate_failed_verification,8,0,8,0,5,channel_model=qary_symmetric; syndrome_symbols=43,16,,synthetic,16,4,qary_hard_syndrome_bf,qary_symmetric,0.33,4,20,eb5e714c53e22f14
qldpc_synth_q16_ser0p03_flen128,qldpc_reference,0,True,True,0.03125,0.01953125,0.0,0.0,288.0,4,71.21490000281483,,11,0,11,0,4,channel_model=qary_symmetric; syndrome_symbols=64,16,,synthetic,16,4,qary_hard_syndrome_bf,qary_symmetric,0.5,4,20,43d014f94c106833
qldpc_synth_q16_ser0p03_flen128,qldpc_reference,1,True,True,0.0234375,0.0078125,0.0,0.0,288.0,3,42.74569998960942,,8,0,8,0,3,channel_model=qary_symmetric; syndrome_symbols=64,16,,synthetic,16,4,qary_hard_syndrome_bf,qary_symmetric,0.5,4,20,43d014f94c106833
qldpc_synth_q16_ser0p03_flen128,qldpc_reference,2,True,True,0.0234375,0.013671875,0.0,0.0,288.0,3,57.32180003542453,,7,0,7,0,3,channel_model=qary_symmetric; syndrome_symbols=64,16,,synthetic,16,4,qary_hard_syndrome_bf,qary_symmetric,0.5,4,20,43d014f94c106833
qldpc_synth_q16_ser0p03_flen128,qldpc_reference,3,True,True,0.015625,0.005859375,0.0,0.0,288.0,2,77.30619993526489,,5,0,5,0,2,channel_model=qary_symmetric; syndrome_symbols=64,16,,synthetic,16,4,qary_hard_syndrome_bf,qary_symmetric,0.5,4,20,43d014f94c106833
qldpc_synth_q16_ser0p05_flen128,qldpc_reference,0,True,False,0.03125,0.01953125,0.015625,0.005859375,288.0,4,106.40599997714162,candidate_failed_verification,7,0,7,0,4,channel_model=qary_symmetric; syndrome_symbols=64,16,,synthetic,16,4,qary_hard_syndrome_bf,qary_symmetric,0.5,3,20,522f89e80edee7a1
qldpc_synth_q16_ser0p05_flen128,qldpc_reference,1,True,False,0.0703125,0.02734375,0.0390625,0.015625,288.0,9,266.2366000004113,candidate_failed_verification,16,0,16,0,9,channel_model=qary_symmetric; syndrome_symbols=64,16,,synthetic,16,4,qary_hard_syndrome_bf,qary_symmetric,0.5,3,20,522f89e80edee7a1
qldpc_synth_q16_ser0p05_flen128,qldpc_reference,2,True,True,0.03125,0.017578125,0.0,0.0,288.0,4,82.94769993517548,,8,0,8,0,4,channel_model=qary_symmetric; syndrome_symbols=64,16,,synthetic,16,4,qary_hard_syndrome_bf,qary_symmetric,0.5,3,20,522f89e80edee7a1
qldpc_synth_q16_ser0p05_flen128,qldpc_reference,3,True,True,0.0546875,0.0390625,0.0,0.0,288.0,7,304.1553000221029,,12,0,12,0,7,channel_model=qary_symmetric; syndrome_symbols=64,16,,synthetic,16,4,qary_hard_syndrome_bf,qary_symmetric,0.5,3,20,522f89e80edee7a1
qldpc_synth_q16_ser0p05_flen128,qldpc_reference,0,True,True,0.03125,0.01953125,0.0,0.0,288.0,4,102.472799946554,,11,0,11,0,4,channel_model=qary_symmetric; syndrome_symbols=64,16,,synthetic,16,4,qary_hard_syndrome_bf,qary_symmetric,0.5,4,20,43d014f94c106833
qldpc_synth_q16_ser0p05_flen128,qldpc_reference,1,True,False,0.0703125,0.02734375,0.015625,0.005859375,288.0,9,308.67239995859563,candidate_failed_verification,16,0,16,0,9,channel_model=qary_symmetric; syndrome_symbols=64,16,,synthetic,16,4,qary_hard_syndrome_bf,qary_symmetric,0.5,4,20,43d014f94c106833
qldpc_synth_q16_ser0p05_flen128,qldpc_reference,2,False,False,0.03125,0.017578125,0.0234375,0.0078125,288.0,20,130.35920006223023,syndrome_decode_failed,8,1,8,1,3,channel_model=qary_symmetric; syndrome_symbols=64,16,,synthetic,16,4,qary_hard_syndrome_bf,qary_symmetric,0.5,4,20,43d014f94c106833
qldpc_synth_q16_ser0p05_flen128,qldpc_reference,3,True,True,0.0546875,0.0390625,0.0,0.0,288.0,7,123.07019997388124,,16,0,16,0,7,channel_model=qary_symmetric; syndrome_symbols=64,16,,synthetic,16,4,qary_hard_syndrome_bf,qary_symmetric,0.5,4,20,43d014f94c106833
qldpc_synth_q16_ser0p05_flen128,qldpc_reference,0,True,True,0.03125,0.01953125,0.0,0.0,288.0,4,72.67279992811382,,13,0,13,0,4,channel_model=qary_symmetric; syndrome_symbols=64,16,,synthetic,16,4,qary_hard_syndrome_bf,qary_symmetric,0.5,4,20,70f03ad2a6815ec3
qldpc_synth_q16_ser0p05_flen128,qldpc_reference,1,True,False,0.0703125,0.02734375,0.015625,0.0078125,288.0,9,170.23400007747114,candidate_failed_verification,21,0,21,0,9,channel_model=qary_symmetric; syndrome_symbols=64,16,,synthetic,16,4,qary_hard_syndrome_bf,qary_symmetric,0.5,4,20,70f03ad2a6815ec3
qldpc_synth_q16_ser0p05_flen128,qldpc_reference,2,True,True,0.03125,0.017578125,0.0,0.0,288.0,4,73.87300010304898,,11,0,11,0,4,channel_model=qary_symmetric; syndrome_symbols=64,16,,synthetic,16,4,qary_hard_syndrome_bf,qary_symmetric,0.5,4,20,70f03ad2a6815ec3
qldpc_synth_q16_ser0p05_flen128,qldpc_reference,3,False,False,0.0546875,0.0390625,0.0546875,0.041015625,288.0,20,155.15100001357496,syndrome_decode_failed,11,1,11,1,7,channel_model=qary_symmetric; syndrome_symbols=64,16,,synthetic,16,4,qary_hard_syndrome_bf,qary_symmetric,0.5,4,20,70f03ad2a6815ec3
qldpc_synth_q16_ser0p08_flen64,qldpc_reference,0,False,False,0.109375,0.0703125,0.109375,0.046875,120.0,20,70.1262999791652,syndrome_decode_failed,8,1,8,1,7,channel_model=qary_symmetric; syndrome_symbols=22,16,,synthetic,16,4,qary_hard_syndrome_bf,qary_symmetric,0.33,3,20,0b962a07318c87cc
qldpc_synth_q16_ser0p08_flen64,qldpc_reference,1,True,False,0.0625,0.02734375,0.03125,0.015625,120.0,4,32.64760004822165,candidate_failed_verification,7,0,7,0,4,channel_model=qary_symmetric; syndrome_symbols=22,16,,synthetic,16,4,qary_hard_syndrome_bf,qary_symmetric,0.33,3,20,0b962a07318c87cc
qldpc_synth_q16_ser0p08_flen64,qldpc_reference,2,True,False,0.046875,0.01953125,0.0625,0.02734375,120.0,3,20.481200073845685,candidate_failed_verification,4,0,4,0,3,channel_model=qary_symmetric; syndrome_symbols=22,16,,synthetic,16,4,qary_hard_syndrome_bf,qary_symmetric,0.33,3,20,0b962a07318c87cc
qldpc_synth_q16_ser0p08_flen64,qldpc_reference,3,True,False,0.15625,0.078125,0.1875,0.07421875,120.0,9,78.77330004703254,candidate_failed_verification,11,0,11,0,9,channel_model=qary_symmetric; syndrome_symbols=22,16,,synthetic,16,4,qary_hard_syndrome_bf,qary_symmetric,0.33,3,20,0b962a07318c87cc
qldpc_synth_q16_ser0p08_flen64,qldpc_reference,0,True,False,0.109375,0.0703125,0.03125,0.01953125,120.0,7,64.53590001910925,candidate_failed_verification,14,0,14,0,7,channel_model=qary_symmetric; syndrome_symbols=22,16,,synthetic,16,4,qary_hard_syndrome_bf,qary_symmetric,0.33,4,20,eb5e714c53e22f14
qldpc_synth_q16_ser0p08_flen64,qldpc_reference,1,True,True,0.0625,0.02734375,0.0,0.0,120.0,4,31.506699975579977,,5,0,5,0,4,channel_model=qary_symmetric; syndrome_symbols=22,16,,synthetic,16,4,qary_hard_syndrome_bf,qary_symmetric,0.33,4,20,eb5e714c53e22f14
qldpc_synth_q16_ser0p08_flen64,qldpc_reference,2,True,True,0.046875,0.01953125,0.0,0.0,120.0,3,23.18399993237108,,5,0,5,0,3,channel_model=qary_symmetric; syndrome_symbols=22,16,,synthetic,16,4,qary_hard_syndrome_bf,qary_symmetric,0.33,4,20,eb5e714c53e22f14
qldpc_synth_q16_ser0p08_flen64,qldpc_reference,3,False,False,0.15625,0.078125,0.21875,0.10546875,120.0,20,88.4833000600338,syndrome_decode_failed,11,1,11,1,9,channel_model=qary_symmetric; syndrome_symbols=22,16,,synthetic,16,4,qary_hard_syndrome_bf,qary_symmetric,0.33,4,20,eb5e714c53e22f14
qldpc_synth_q16_ser0p05_flen64,qldpc_reference,0,True,False,0.09375,0.05859375,0.03125,0.015625,160.0,6,60.808700043708086,candidate_failed_verification,17,0,17,0,6,channel_model=qary_symmetric; syndrome_symbols=32,16,,synthetic,16,4,qary_hard_syndrome_bf,qary_symmetric,0.5,4,20,70f03ad2a6815ec3
qldpc_synth_q16_ser0p05_flen64,qldpc_reference,1,True,True,0.046875,0.015625,0.0,0.0,160.0,3,46.937800012528896,,3,0,3,0,3,channel_model=qary_symmetric; syndrome_symbols=32,16,,synthetic,16,4,qary_hard_syndrome_bf,qary_symmetric,0.5,4,20,70f03ad2a6815ec3
qldpc_synth_q16_ser0p05_flen64,qldpc_reference,2,True,False,0.03125,0.015625,0.03125,0.01171875,160.0,2,26.536299963481724,candidate_failed_verification,4,0,4,0,2,channel_model=qary_symmetric; syndrome_symbols=32,16,,synthetic,16,4,qary_hard_syndrome_bf,qary_symmetric,0.5,4,20,70f03ad2a6815ec3
qldpc_synth_q16_ser0p05_flen64,qldpc_reference,3,True,True,0.078125,0.04296875,0.0,0.0,160.0,5,88.99459999520332,,10,0,10,0,5,channel_model=qary_symmetric; syndrome_symbols=32,16,,synthetic,16,4,qary_hard_syndrome_bf,qary_symmetric,0.5,4,20,70f03ad2a6815ec3
qldpc_synth_q16_ser0p05_flen128,qldpc_reference,0,True,False,0.03125,0.01953125,0.03125,0.015625,288.0,4,81.67890005279332,candidate_failed_verification,7,0,7,0,4,channel_model=qary_symmetric; syndrome_symbols=64,16,,synthetic,16,4,qary_hard_syndrome_bf,qary_symmetric,0.5,3,20,d3ef20759633ed3a
qldpc_synth_q16_ser0p05_flen128,qldpc_reference,1,True,False,0.0703125,0.02734375,0.0546875,0.029296875,288.0,10,312.5550999538973,candidate_failed_verification,16,0,16,0,10,channel_model=qary_symmetric; syndrome_symbols=64,16,,synthetic,16,4,qary_hard_syndrome_bf,qary_symmetric,0.5,3,20,d3ef20759633ed3a
qldpc_synth_q16_ser0p05_flen128,qldpc_reference,2,True,False,0.03125,0.017578125,0.0390625,0.017578125,288.0,5,81.59169997088611,candidate_failed_verification,10,0,10,0,5,channel_model=qary_symmetric; syndrome_symbols=64,16,,synthetic,16,4,qary_hard_syndrome_bf,qary_symmetric,0.5,3,20,d3ef20759633ed3a
qldpc_synth_q16_ser0p05_flen128,qldpc_reference,3,True,False,0.0546875,0.0390625,0.03125,0.0234375,288.0,7,132.44279997888952,candidate_failed_verification,11,0,11,0,7,channel_model=qary_symmetric; syndrome_symbols=64,16,,synthetic,16,4,qary_hard_syndrome_bf,qary_symmetric,0.5,3,20,d3ef20759633ed3a
qldpc_synth_q16_ser0p08_flen64,qldpc_reference,0,False,False,0.109375,0.0703125,0.03125,0.01171875,160.0,20,68.71329993009567,syndrome_decode_failed,10,1,10,1,6,channel_model=qary_symmetric; syndrome_symbols=32,16,,synthetic,16,4,qary_hard_syndrome_bf,qary_symmetric,0.5,3,20,522f89e80edee7a1
qldpc_synth_q16_ser0p08_flen64,qldpc_reference,1,True,False,0.0625,0.02734375,0.03125,0.01953125,160.0,4,35.59799992945045,candidate_failed_verification,8,0,8,0,4,channel_model=qary_symmetric; syndrome_symbols=32,16,,synthetic,16,4,qary_hard_syndrome_bf,qary_symmetric,0.5,3,20,522f89e80edee7a1
qldpc_synth_q16_ser0p08_flen64,qldpc_reference,2,True,True,0.046875,0.01953125,0.0,0.0,160.0,3,24.196799960918725,,4,0,4,0,3,channel_model=qary_symmetric; syndrome_symbols=32,16,,synthetic,16,4,qary_hard_syndrome_bf,qary_symmetric,0.5,3,20,522f89e80edee7a1
qldpc_synth_q16_ser0p08_flen64,qldpc_reference,3,True,False,0.15625,0.078125,0.09375,0.03515625,160.0,9,81.80380007252097,candidate_failed_verification,13,0,13,0,9,channel_model=qary_symmetric; syndrome_symbols=32,16,,synthetic,16,4,qary_hard_syndrome_bf,qary_symmetric,0.5,3,20,522f89e80edee7a1
qldpc_synth_q16_ser0p08_flen64,qldpc_reference,0,True,False,0.109375,0.0703125,0.03125,0.015625,160.0,7,61.46270001772791,candidate_failed_verification,17,0,17,0,7,channel_model=qary_symmetric; syndrome_symbols=32,16,,synthetic,16,4,qary_hard_syndrome_bf,qary_symmetric,0.5,4,20,70f03ad2a6815ec3
qldpc_synth_q16_ser0p08_flen64,qldpc_reference,1,True,True,0.0625,0.02734375,0.0,0.0,160.0,4,37.23920008633286,,6,0,6,0,4,channel_model=qary_symmetric; syndrome_symbols=32,16,,synthetic,16,4,qary_hard_syndrome_bf,qary_symmetric,0.5,4,20,70f03ad2a6815ec3
qldpc_synth_q16_ser0p08_flen64,qldpc_reference,2,True,False,0.046875,0.01953125,0.03125,0.01171875,160.0,3,20.38380003068596,candidate_failed_verification,6,0,6,0,3,channel_model=qary_symmetric; syndrome_symbols=32,16,,synthetic,16,4,qary_hard_syndrome_bf,qary_symmetric,0.5,4,20,70f03ad2a6815ec3
qldpc_synth_q16_ser0p08_flen64,qldpc_reference,3,True,False,0.15625,0.078125,0.078125,0.0390625,160.0,10,85.37780004553497,candidate_failed_verification,15,0,15,0,10,channel_model=qary_symmetric; syndrome_symbols=32,16,,synthetic,16,4,qary_hard_syndrome_bf,qary_symmetric,0.5,4,20,70f03ad2a6815ec3
qldpc_synth_q16_ser0p05_flen64,qldpc_reference,0,True,False,0.09375,0.05859375,0.09375,0.05078125,120.0,6,111.99509992729872,candidate_failed_verification,6,0,6,0,6,channel_model=qary_symmetric; syndrome_symbols=22,16,,synthetic,16,4,qary_hard_syndrome_bf,qary_symmetric,0.33,3,20,ec3c47203d968697
qldpc_synth_q16_ser0p05_flen64,qldpc_reference,1,True,False,0.046875,0.015625,0.0625,0.03515625,120.0,3,47.48470010235906,candidate_failed_verification,3,0,3,0,3,channel_model=qary_symmetric; syndrome_symbols=22,16,,synthetic,16,4,qary_hard_syndrome_bf,qary_symmetric,0.33,3,20,ec3c47203d968697
qldpc_synth_q16_ser0p05_flen64,qldpc_reference,2,True,True,0.03125,0.015625,0.0,0.0,120.0,2,17.111400025896728,,3,0,3,0,2,channel_model=qary_symmetric; syndrome_symbols=22,16,,synthetic,16,4,qary_hard_syndrome_bf,qary_symmetric,0.33,3,20,ec3c47203d968697
qldpc_synth_q16_ser0p05_flen64,qldpc_reference,3,True,False,0.078125,0.04296875,0.09375,0.04296875,120.0,5,54.10680000204593,candidate_failed_verification,6,0,6,0,5,channel_model=qary_symmetric; syndrome_symbols=22,16,,synthetic,16,4,qary_hard_syndrome_bf,qary_symmetric,0.33,3,20,ec3c47203d968697
qldpc_synth_q16_ser0p08_flen64,qldpc_reference,0,True,False,0.109375,0.0703125,0.09375,0.046875,120.0,7,136.59230002667755,candidate_failed_verification,8,0,8,0,7,channel_model=qary_symmetric; syndrome_symbols=22,16,,synthetic,16,4,qary_hard_syndrome_bf,qary_symmetric,0.33,3,20,ec3c47203d968697
qldpc_synth_q16_ser0p08_flen64,qldpc_reference,1,True,False,0.0625,0.02734375,0.09375,0.04296875,120.0,4,80.89510002173483,candidate_failed_verification,4,0,4,0,4,channel_model=qary_symmetric; syndrome_symbols=22,16,,synthetic,16,4,qary_hard_syndrome_bf,qary_symmetric,0.33,3,20,ec3c47203d968697
qldpc_synth_q16_ser0p08_flen64,qldpc_reference,2,True,True,0.046875,0.01953125,0.0,0.0,120.0,3,25.40199994109571,,6,0,6,0,3,channel_model=qary_symmetric; syndrome_symbols=22,16,,synthetic,16,4,qary_hard_syndrome_bf,qary_symmetric,0.33,3,20,ec3c47203d968697
qldpc_synth_q16_ser0p08_flen64,qldpc_reference,3,True,False,0.15625,0.078125,0.21875,0.11328125,120.0,9,92.676299973391,candidate_failed_verification,10,0,10,0,9,channel_model=qary_symmetric; syndrome_symbols=22,16,,synthetic,16,4,qary_hard_syndrome_bf,qary_symmetric,0.33,3,20,ec3c47203d968697
qldpc_synth_q16_ser0p08_flen128,qldpc_reference,0,True,False,0.0703125,0.03515625,0.0625,0.03125,204.0,9,157.88790001533926,candidate_failed_verification,12,0,12,0,9,channel_model=qary_symmetric; syndrome_symbols=43,16,,synthetic,16,4,qary_hard_syndrome_bf,qary_symmetric,0.33,3,20,0b962a07318c87cc
qldpc_synth_q16_ser0p08_flen128,qldpc_reference,1,True,False,0.09375,0.04296875,0.0390625,0.017578125,204.0,10,250.40809996426105,candidate_failed_verification,15,0,15,0,10,channel_model=qary_symmetric; syndrome_symbols=43,16,,synthetic,16,4,qary_hard_syndrome_bf,qary_symmetric,0.33,3,20,0b962a07318c87cc
qldpc_synth_q16_ser0p08_flen128,qldpc_reference,2,True,False,0.0625,0.03125,0.046875,0.01953125,204.0,8,212.32479996979237,candidate_failed_verification,10,0,10,0,8,channel_model=qary_symmetric; syndrome_symbols=43,16,,synthetic,16,4,qary_hard_syndrome_bf,qary_symmetric,0.33,3,20,0b962a07318c87cc
qldpc_synth_q16_ser0p08_flen128,qldpc_reference,3,True,False,0.0859375,0.046875,0.0625,0.037109375,204.0,10,390.24189999327064,candidate_failed_verification,12,0,12,0,10,channel_model=qary_symmetric; syndrome_symbols=43,16,,synthetic,16,4,qary_hard_syndrome_bf,qary_symmetric,0.33,3,20,0b962a07318c87cc
qldpc_synth_q16_ser0p08_flen128,qldpc_reference,0,True,False,0.0703125,0.03515625,0.0625,0.037109375,204.0,8,138.06769996881485,candidate_failed_verification,10,0,10,0,8,channel_model=qary_symmetric; syndrome_symbols=43,16,,synthetic,16,4,qary_hard_syndrome_bf,qary_symmetric,0.33,3,20,ec3c47203d968697
qldpc_synth_q16_ser0p08_flen128,qldpc_reference,1,True,False,0.09375,0.04296875,0.109375,0.056640625,204.0,12,219.0128000220284,candidate_failed_verification,15,0,15,0,12,channel_model=qary_symmetric; syndrome_symbols=43,16,,synthetic,16,4,qary_hard_syndrome_bf,qary_symmetric,0.33,3,20,ec3c47203d968697
qldpc_synth_q16_ser0p08_flen128,qldpc_reference,2,False,False,0.0625,0.03125,0.0859375,0.04296875,204.0,20,155.48989991657436,syndrome_decode_failed,10,2,10,2,7,channel_model=qary_symmetric; syndrome_symbols=43,16,,synthetic,16,4,qary_hard_syndrome_bf,qary_symmetric,0.33,3,20,ec3c47203d968697
qldpc_synth_q16_ser0p08_flen128,qldpc_reference,3,True,False,0.0859375,0.046875,0.0625,0.037109375,204.0,9,347.62030001729727,candidate_failed_verification,12,0,12,0,9,channel_model=qary_symmetric; syndrome_symbols=43,16,,synthetic,16,4,qary_hard_syndrome_bf,qary_symmetric,0.33,3,20,ec3c47203d968697
qldpc_synth_q16_ser0p08_flen64,qldpc_reference,0,False,False,0.109375,0.0703125,0.03125,0.015625,160.0,20,109.55009993631393,syndrome_decode_failed,12,1,12,1,6,channel_model=qary_symmetric; syndrome_symbols=32,16,,synthetic,16,4,qary_hard_syndrome_bf,qary_symmetric,0.5,4,20,43d014f94c106833
qldpc_synth_q16_ser0p08_flen64,qldpc_reference,1,True,True,0.0625,0.02734375,0.0,0.0,160.0,4,52.40010004490614,,10,0,10,0,4,channel_model=qary_symmetric; syndrome_symbols=32,16,,synthetic,16,4,qary_hard_syndrome_bf,qary_symmetric,0.5,4,20,43d014f94c106833
qldpc_synth_q16_ser0p08_flen64,qldpc_reference,2,True,True,0.046875,0.01953125,0.0,0.0,160.0,3,58.31739993300289,,6,0,6,0,3,channel_model=qary_symmetric; syndrome_symbols=32,16,,synthetic,16,4,qary_hard_syndrome_bf,qary_symmetric,0.5,4,20,43d014f94c106833
qldpc_synth_q16_ser0p08_flen64,qldpc_reference,3,False,False,0.15625,0.078125,0.203125,0.1015625,160.0,20,194.63570008520037,syndrome_decode_failed,18,2,18,2,9,channel_model=qary_symmetric; syndrome_symbols=32,16,,synthetic,16,4,qary_hard_syndrome_bf,qary_symmetric,0.5,4,20,43d014f94c106833
qldpc_synth_q16_ser0p08_flen128,qldpc_reference,0,True,False,0.0703125,0.03515625,0.0546875,0.029296875,204.0,8,234.4936999725178,candidate_failed_verification,12,0,12,0,8,channel_model=qary_symmetric; syndrome_symbols=43,16,,synthetic,16,4,qary_hard_syndrome_bf,qary_symmetric,0.33,4,20,eb5e714c53e22f14
qldpc_synth_q16_ser0p08_flen128,qldpc_reference,1,True,False,0.09375,0.04296875,0.1171875,0.0625,204.0,13,542.9265999700874,candidate_failed_verification,17,0,17,0,13,channel_model=qary_symmetric; syndrome_symbols=43,16,,synthetic,16,4,qary_hard_syndrome_bf,qary_symmetric,0.33,4,20,eb5e714c53e22f14
qldpc_synth_q16_ser0p08_flen128,qldpc_reference,2,True,False,0.0625,0.03125,0.046875,0.0234375,204.0,8,160.64970009028912,candidate_failed_verification,13,0,13,0,8,channel_model=qary_symmetric; syndrome_symbols=43,16,,synthetic,16,4,qary_hard_syndrome_bf,qary_symmetric,0.33,4,20,eb5e714c53e22f14
qldpc_synth_q16_ser0p08_flen128,qldpc_reference,3,True,False,0.0859375,0.046875,0.0625,0.03515625,204.0,8,136.78990001790226,candidate_failed_verification,11,0,11,0,8,channel_model=qary_symmetric; syndrome_symbols=43,16,,synthetic,16,4,qary_hard_syndrome_bf,qary_symmetric,0.33,4,20,eb5e714c53e22f14
qldpc_synth_q16_ser0p08_flen128,qldpc_reference,0,True,True,0.0703125,0.03515625,0.0,0.0,288.0,9,153.76020001713187,,25,0,25,0,9,channel_model=qary_symmetric; syndrome_symbols=64,16,,synthetic,16,4,qary_hard_syndrome_bf,qary_symmetric,0.5,4,20,43d014f94c106833
qldpc_synth_q16_ser0p08_flen128,qldpc_reference,1,True,False,0.09375,0.04296875,0.015625,0.0078125,288.0,12,214.26060004159808,candidate_failed_verification,24,0,24,0,12,channel_model=qary_symmetric; syndrome_symbols=64,16,,synthetic,16,4,qary_hard_syndrome_bf,qary_symmetric,0.5,4,20,43d014f94c106833
qldpc_synth_q16_ser0p08_flen128,qldpc_reference,2,True,False,0.0625,0.03125,0.015625,0.0078125,288.0,8,292.0847999630496,candidate_failed_verification,15,0,15,0,8,channel_model=qary_symmetric; syndrome_symbols=64,16,,synthetic,16,4,qary_hard_syndrome_bf,qary_symmetric,0.5,4,20,43d014f94c106833
qldpc_synth_q16_ser0p08_flen128,qldpc_reference,3,True,True,0.0859375,0.046875,0.0,0.0,288.0,11,407.94239996466786,,26,0,26,0,11,channel_model=qary_symmetric; syndrome_symbols=64,16,,synthetic,16,4,qary_hard_syndrome_bf,qary_symmetric,0.5,4,20,43d014f94c106833
qldpc_synth_q16_ser0p08_flen64,qldpc_reference,0,True,False,0.109375,0.0703125,0.03125,0.02734375,160.0,7,161.2033999990672,candidate_failed_verification,13,0,13,0,7,channel_model=qary_symmetric; syndrome_symbols=32,16,,synthetic,16,4,qary_hard_syndrome_bf,qary_symmetric,0.5,3,20,d3ef20759633ed3a
qldpc_synth_q16_ser0p08_flen64,qldpc_reference,1,True,False,0.0625,0.02734375,0.0625,0.03515625,160.0,4,123.18959995172918,candidate_failed_verification,4,0,4,0,4,channel_model=qary_symmetric; syndrome_symbols=32,16,,synthetic,16,4,qary_hard_syndrome_bf,qary_symmetric,0.5,3,20,d3ef20759633ed3a
qldpc_synth_q16_ser0p08_flen64,qldpc_reference,2,True,True,0.046875,0.01953125,0.0,0.0,160.0,3,41.54889995697886,,8,0,8,0,3,channel_model=qary_symmetric; syndrome_symbols=32,16,,synthetic,16,4,qary_hard_syndrome_bf,qary_symmetric,0.5,3,20,d3ef20759633ed3a
qldpc_synth_q16_ser0p08_flen64,qldpc_reference,3,True,False,0.15625,0.078125,0.125,0.078125,160.0,9,306.25709996093065,candidate_failed_verification,13,0,13,0,9,channel_model=qary_symmetric; syndrome_symbols=32,16,,synthetic,16,4,qary_hard_syndrome_bf,qary_symmetric,0.5,3,20,d3ef20759633ed3a
qldpc_synth_q16_ser0p08_flen128,qldpc_reference,0,True,False,0.0703125,0.03515625,0.078125,0.052734375,288.0,8,276.45689994096756,candidate_failed_verification,11,0,11,0,8,channel_model=qary_symmetric; syndrome_symbols=64,16,,synthetic,16,4,qary_hard_syndrome_bf,qary_symmetric,0.5,3,20,d3ef20759633ed3a
qldpc_synth_q16_ser0p08_flen128,qldpc_reference,1,True,False,0.09375,0.04296875,0.046875,0.0234375,288.0,12,397.2584999864921,candidate_failed_verification,20,0,20,0,12,channel_model=qary_symmetric; syndrome_symbols=64,16,,synthetic,16,4,qary_hard_syndrome_bf,qary_symmetric,0.5,3,20,d3ef20759633ed3a
qldpc_synth_q16_ser0p08_flen128,qldpc_reference,2,True,False,0.0625,0.03125,0.0390625,0.0234375,288.0,9,245.78210001345724,candidate_failed_verification,16,0,16,0,9,channel_model=qary_symmetric; syndrome_symbols=64,16,,synthetic,16,4,qary_hard_syndrome_bf,qary_symmetric,0.5,3,20,d3ef20759633ed3a
qldpc_synth_q16_ser0p08_flen128,qldpc_reference,3,False,False,0.0859375,0.046875,0.0546875,0.03515625,288.0,20,746.7820999445394,syndrome_decode_failed,19,1,19,1,11,channel_model=qary_symmetric; syndrome_symbols=64,16,,synthetic,16,4,qary_hard_syndrome_bf,qary_symmetric,0.5,3,20,d3ef20759633ed3a
qldpc_synth_q16_ser0p05_flen64,qldpc_reference,0,True,False,0.09375,0.05859375,0.03125,0.015625,160.0,6,171.49619990959764,candidate_failed_verification,11,0,11,0,6,channel_model=qary_symmetric; syndrome_symbols=32,16,,synthetic,16,4,qary_hard_syndrome_bf,qary_symmetric,0.5,3,20,d3ef20759633ed3a
qldpc_synth_q16_ser0p05_flen64,qldpc_reference,1,True,False,0.046875,0.015625,0.03125,0.015625,160.0,3,21.500000031664968,candidate_failed_verification,3,0,3,0,3,channel_model=qary_symmetric; syndrome_symbols=32,16,,synthetic,16,4,qary_hard_syndrome_bf,qary_symmetric,0.5,3,20,d3ef20759633ed3a
qldpc_synth_q16_ser0p05_flen64,qldpc_reference,2,True,True,0.03125,0.015625,0.0,0.0,160.0,2,33.73450005892664,,5,0,5,0,2,channel_model=qary_symmetric; syndrome_symbols=32,16,,synthetic,16,4,qary_hard_syndrome_bf,qary_symmetric,0.5,3,20,d3ef20759633ed3a
qldpc_synth_q16_ser0p05_flen64,qldpc_reference,3,True,False,0.078125,0.04296875,0.0625,0.02734375,160.0,5,106.09150002710521,candidate_failed_verification,7,0,7,0,5,channel_model=qary_symmetric; syndrome_symbols=32,16,,synthetic,16,4,qary_hard_syndrome_bf,qary_symmetric,0.5,3,20,d3ef20759633ed3a
qldpc_synth_q16_ser0p08_flen128,qldpc_reference,0,True,False,0.0703125,0.03515625,0.015625,0.0078125,204.0,7,355.8221000712365,candidate_failed_verification,15,0,15,0,7,channel_model=qary_symmetric; syndrome_symbols=43,16,,synthetic,16,4,qary_hard_syndrome_bf,qary_symmetric,0.33,4,20,b2c6fbab915c06c2
qldpc_synth_q16_ser0p08_flen128,qldpc_reference,1,True,False,0.09375,0.04296875,0.046875,0.0234375,204.0,12,611.3619999960065,candidate_failed_verification,22,0,22,0,12,channel_model=qary_symmetric; syndrome_symbols=43,16,,synthetic,16,4,qary_hard_syndrome_bf,qary_symmetric,0.33,4,20,b2c6fbab915c06c2
qldpc_synth_q16_ser0p08_flen128,qldpc_reference,2,True,False,0.0625,0.03125,0.125,0.06640625,204.0,10,317.63079995289445,candidate_failed_verification,13,0,13,0,10,channel_model=qary_symmetric; syndrome_symbols=43,16,,synthetic,16,4,qary_hard_syndrome_bf,qary_symmetric,0.33,4,20,b2c6fbab915c06c2
qldpc_synth_q16_ser0p08_flen128,qldpc_reference,3,True,False,0.0859375,0.046875,0.0703125,0.046875,204.0,11,308.05609992239624,candidate_failed_verification,17,0,17,0,11,channel_model=qary_symmetric; syndrome_symbols=43,16,,synthetic,16,4,qary_hard_syndrome_bf,qary_symmetric,0.33,4,20,b2c6fbab915c06c2
qldpc_synth_q16_ser0p05_flen128,qldpc_reference,0,True,False,0.03125,0.01953125,0.046875,0.021484375,204.0,4,170.06649996619672,candidate_failed_verification,6,0,6,0,4,channel_model=qary_symmetric; syndrome_symbols=43,16,,synthetic,16,4,qary_hard_syndrome_bf,qary_symmetric,0.33,3,20,ec3c47203d968697
qldpc_synth_q16_ser0p05_flen128,qldpc_reference,1,True,False,0.0703125,0.02734375,0.078125,0.0390625,204.0,9,268.31019995734096,candidate_failed_verification,12,0,12,0,9,channel_model=qary_symmetric; syndrome_symbols=43,16,,synthetic,16,4,qary_hard_syndrome_bf,qary_symmetric,0.33,3,20,ec3c47203d968697
qldpc_synth_q16_ser0p05_flen128,qldpc_reference,2,True,False,0.03125,0.017578125,0.046875,0.0234375,204.0,4,109.81009993702173,candidate_failed_verification,5,0,5,0,4,channel_model=qary_symmetric; syndrome_symbols=43,16,,synthetic,16,4,qary_hard_syndrome_bf,qary_symmetric,0.33,3,20,ec3c47203d968697
qldpc_synth_q16_ser0p05_flen128,qldpc_reference,3,True,False,0.0546875,0.0390625,0.03125,0.0234375,204.0,7,253.4544001100585,candidate_failed_verification,8,0,8,0,7,channel_model=qary_symmetric; syndrome_symbols=43,16,,synthetic,16,4,qary_hard_syndrome_bf,qary_symmetric,0.33,3,20,ec3c47203d968697
qldpc_synth_q32_ser0p01_flen64,qldpc_reference,0,True,False,0.03125,0.0125,0.03125,0.015625,142.0,2,25.680199963971972,candidate_failed_verification,2,0,2,0,2,channel_model=qary_symmetric; syndrome_symbols=22,32,,synthetic,32,4,qary_hard_syndrome_bf,qary_symmetric,0.33,4,20,b2c6fbab915c06c2
qldpc_synth_q32_ser0p01_flen64,qldpc_reference,1,True,True,0.015625,0.0125,0.0,0.0,142.0,1,2.0191000076010823,,2,0,2,0,1,channel_model=qary_symmetric; syndrome_symbols=22,32,,synthetic,32,4,qary_hard_syndrome_bf,qary_symmetric,0.33,4,20,b2c6fbab915c06c2
qldpc_synth_q32_ser0p01_flen64,qldpc_reference,2,True,True,0.0,0.0,0.0,0.0,142.0,0,1.8486999906599522,,0,0,0,0,0,channel_model=qary_symmetric; syndrome_symbols=22,32,,synthetic,32,4,qary_hard_syndrome_bf,qary_symmetric,0.33,4,20,b2c6fbab915c06c2
qldpc_synth_q32_ser0p01_flen64,qldpc_reference,3,True,True,0.0,0.0,0.0,0.0,142.0,0,1.8059000140056014,,0,0,0,0,0,channel_model=qary_symmetric; syndrome_symbols=22,32,,synthetic,32,4,qary_hard_syndrome_bf,qary_symmetric,0.33,4,20,b2c6fbab915c06c2
qldpc_synth_q16_ser0p08_flen128,qldpc_reference,0,True,False,0.0703125,0.03515625,0.015625,0.01171875,288.0,9,329.3800000101328,candidate_failed_verification,16,0,16,0,9,channel_model=qary_symmetric; syndrome_symbols=64,16,,synthetic,16,4,qary_hard_syndrome_bf,qary_symmetric,0.5,3,20,522f89e80edee7a1
qldpc_synth_q16_ser0p08_flen128,qldpc_reference,1,True,False,0.09375,0.04296875,0.0546875,0.03125,288.0,12,291.00209998432547,candidate_failed_verification,21,0,21,0,12,channel_model=qary_symmetric; syndrome_symbols=64,16,,synthetic,16,4,qary_hard_syndrome_bf,qary_symmetric,0.5,3,20,522f89e80edee7a1
qldpc_synth_q16_ser0p08_flen128,qldpc_reference,2,True,True,0.0625,0.03125,0.0,0.0,288.0,8,138.24010000098497,,15,0,15,0,8,channel_model=qary_symmetric; syndrome_symbols=64,16,,synthetic,16,4,qary_hard_syndrome_bf,qary_symmetric,0.5,3,20,522f89e80edee7a1
qldpc_synth_q16_ser0p08_flen128,qldpc_reference,3,True,False,0.0859375,0.046875,0.015625,0.009765625,288.0,11,198.4344000229612,candidate_failed_verification,20,0,20,0,11,channel_model=qary_symmetric; syndrome_symbols=64,16,,synthetic,16,4,qary_hard_syndrome_bf,qary_symmetric,0.5,3,20,522f89e80edee7a1
qldpc_synth_q16_ser0p08_flen128,qldpc_reference,0,True,False,0.0703125,0.03515625,0.015625,0.00390625,288.0,9,166.0255000460893,candidate_failed_verification,20,0,20,0,9,channel_model=qary_symmetric; syndrome_symbols=64,16,,synthetic,16,4,qary_hard_syndrome_bf,qary_symmetric,0.5,4,20,70f03ad2a6815ec3
qldpc_synth_q16_ser0p08_flen128,qldpc_reference,1,True,False,0.09375,0.04296875,0.03125,0.021484375,288.0,12,206.705900025554,candidate_failed_verification,25,0,25,0,12,channel_model=qary_symmetric; syndrome_symbols=64,16,,synthetic,16,4,qary_hard_syndrome_bf,qary_symmetric,0.5,4,20,70f03ad2a6815ec3
qldpc_synth_q16_ser0p08_flen128,qldpc_reference,2,False,False,0.0625,0.03125,0.046875,0.021484375,288.0,20,167.83679998479784,syndrome_decode_failed,16,1,16,1,8,channel_model=qary_symmetric; syndrome_symbols=64,16,,synthetic,16,4,qary_hard_syndrome_bf,qary_symmetric,0.5,4,20,70f03ad2a6815ec3
qldpc_synth_q16_ser0p08_flen128,qldpc_reference,3,False,False,0.0859375,0.046875,0.0546875,0.03515625,288.0,20,231.88269999809563,syndrome_decode_failed,17,1,17,1,11,channel_model=qary_symmetric; syndrome_symbols=64,16,,synthetic,16,4,qary_hard_syndrome_bf,qary_symmetric,0.5,4,20,70f03ad2a6815ec3
qldpc_synth_q32_ser0p01_flen64,qldpc_reference,0,True,True,0.03125,0.0125,0.0,0.0,192.0,2,53.378500044345856,,3,0,3,0,2,channel_model=qary_symmetric; syndrome_symbols=32,32,,synthetic,32,4,qary_hard_syndrome_bf,qary_symmetric,0.5,4,20,43d014f94c106833
qldpc_synth_q32_ser0p01_flen64,qldpc_reference,1,True,True,0.015625,0.0125,0.0,0.0,192.0,1,2.7089000213891268,,3,0,3,0,1,channel_model=qary_symmetric; syndrome_symbols=32,32,,synthetic,32,4,qary_hard_syndrome_bf,qary_symmetric,0.5,4,20,43d014f94c106833
qldpc_synth_q32_ser0p01_flen64,qldpc_reference,2,True,True,0.0,0.0,0.0,0.0,192.0,0,7.491800002753735,,0,0,0,0,0,channel_model=qary_symmetric; syndrome_symbols=32,32,,synthetic,32,4,qary_hard_syndrome_bf,qary_symmetric,0.5,4,20,43d014f94c106833
qldpc_synth_q32_ser0p01_flen64,qldpc_reference,3,True,True,0.0,0.0,0.0,0.0,192.0,0,2.715799957513809,,0,0,0,0,0,channel_model=qary_symmetric; syndrome_symbols=32,32,,synthetic,32,4,qary_hard_syndrome_bf,qary_symmetric,0.5,4,20,43d014f94c106833
qldpc_synth_q32_ser0p01_flen64,qldpc_reference,0,True,True,0.03125,0.0125,0.0,0.0,142.0,2,29.490899993106723,,2,0,2,0,2,channel_model=qary_symmetric; syndrome_symbols=22,32,,synthetic,32,4,qary_hard_syndrome_bf,qary_symmetric,0.33,3,20,ec3c47203d968697
qldpc_synth_q32_ser0p01_flen64,qldpc_reference,1,True,True,0.015625,0.0125,0.0,0.0,142.0,1,1.7117999959737062,,1,0,1,0,1,channel_model=qary_symmetric; syndrome_symbols=22,32,,synthetic,32,4,qary_hard_syndrome_bf,qary_symmetric,0.33,3,20,ec3c47203d968697
qldpc_synth_q32_ser0p01_flen64,qldpc_reference,2,True,True,0.0,0.0,0.0,0.0,142.0,0,1.5063000610098243,,0,0,0,0,0,channel_model=qary_symmetric; syndrome_symbols=22,32,,synthetic,32,4,qary_hard_syndrome_bf,qary_symmetric,0.33,3,20,ec3c47203d968697
qldpc_synth_q32_ser0p01_flen64,qldpc_reference,3,True,True,0.0,0.0,0.0,0.0,142.0,0,1.5104999765753746,,0,0,0,0,0,channel_model=qary_symmetric; syndrome_symbols=22,32,,synthetic,32,4,qary_hard_syndrome_bf,qary_symmetric,0.33,3,20,ec3c47203d968697
qldpc_synth_q16_ser0p08_flen64,qldpc_reference,0,True,False,0.109375,0.0703125,0.0625,0.04296875,120.0,7,58.7904000421986,candidate_failed_verification,9,0,9,0,7,channel_model=qary_symmetric; syndrome_symbols=22,16,,synthetic,16,4,qary_hard_syndrome_bf,qary_symmetric,0.33,4,20,b2c6fbab915c06c2
qldpc_synth_q16_ser0p08_flen64,qldpc_reference,1,True,False,0.0625,0.02734375,0.03125,0.015625,120.0,4,30.616699950769544,candidate_failed_verification,6,0,6,0,4,channel_model=qary_symmetric; syndrome_symbols=22,16,,synthetic,16,4,qary_hard_syndrome_bf,qary_symmetric,0.33,4,20,b2c6fbab915c06c2
qldpc_synth_q16_ser0p08_flen64,qldpc_reference,2,True,False,0.046875,0.01953125,0.03125,0.01171875,120.0,3,24.20619991607964,candidate_failed_verification,5,0,5,0,3,channel_model=qary_symmetric; syndrome_symbols=22,16,,synthetic,16,4,qary_hard_syndrome_bf,qary_symmetric,0.33,4,20,b2c6fbab915c06c2
qldpc_synth_q16_ser0p08_flen64,qldpc_reference,3,True,False,0.15625,0.078125,0.15625,0.07421875,120.0,10,92.64449996408075,candidate_failed_verification,14,0,14,0,10,channel_model=qary_symmetric; syndrome_symbols=22,16,,synthetic,16,4,qary_hard_syndrome_bf,qary_symmetric,0.33,4,20,b2c6fbab915c06c2
qldpc_synth_q32_ser0p01_flen64,qldpc_reference,0,True,False,0.03125,0.0125,0.03125,0.0125,142.0,2,29.912699945271015,candidate_failed_verification,2,0,2,0,2,channel_model=qary_symmetric; syndrome_symbols=22,32,,synthetic,32,4,qary_hard_syndrome_bf,qary_symmetric,0.33,4,20,eb5e714c53e22f14
qldpc_synth_q32_ser0p01_flen64,qldpc_reference,1,True,True,0.015625,0.0125,0.0,0.0,142.0,1,2.0453999750316143,,2,0,2,0,1,channel_model=qary_symmetric; syndrome_symbols=22,32,,synthetic,32,4,qary_hard_syndrome_bf,qary_symmetric,0.33,4,20,eb5e714c53e22f14
qldpc_synth_q32_ser0p01_flen64,qldpc_reference,2,True,True,0.0,0.0,0.0,0.0,142.0,0,1.9097999902442098,,0,0,0,0,0,channel_model=qary_symmetric; syndrome_symbols=22,32,,synthetic,32,4,qary_hard_syndrome_bf,qary_symmetric,0.33,4,20,eb5e714c53e22f14
qldpc_synth_q32_ser0p01_flen64,qldpc_reference,3,True,True,0.0,0.0,0.0,0.0,142.0,0,2.1969000808894634,,0,0,0,0,0,channel_model=qary_symmetric; syndrome_symbols=22,32,,synthetic,32,4,qary_hard_syndrome_bf,qary_symmetric,0.33,4,20,eb5e714c53e22f14
qldpc_synth_q32_ser0p01_flen128,qldpc_reference,0,True,True,0.015625,0.0109375,0.0,0.0,247.0,2,70.27899997774512,,4,0,4,0,2,channel_model=qary_symmetric; syndrome_symbols=43,32,,synthetic,32,4,qary_hard_syndrome_bf,qary_symmetric,0.33,4,20,b2c6fbab915c06c2
qldpc_synth_q32_ser0p01_flen128,qldpc_reference,1,True,True,0.0078125,0.0046875,0.0,0.0,247.0,1,13.590399990789592,,5,0,5,0,1,channel_model=qary_symmetric; syndrome_symbols=43,32,,synthetic,32,4,qary_hard_syndrome_bf,qary_symmetric,0.33,4,20,b2c6fbab915c06c2
qldpc_synth_q32_ser0p01_flen128,qldpc_reference,2,True,True,0.0078125,0.0046875,0.0,0.0,247.0,1,8.87779996264726,,2,0,2,0,1,channel_model=qary_symmetric; syndrome_symbols=43,32,,synthetic,32,4,qary_hard_syndrome_bf,qary_symmetric,0.33,4,20,b2c6fbab915c06c2
qldpc_synth_q32_ser0p01_flen128,qldpc_reference,3,True,True,0.0078125,0.0046875,0.0,0.0,247.0,1,15.84140001796186,,1,0,1,0,1,channel_model=qary_symmetric; syndrome_symbols=43,32,,synthetic,32,4,qary_hard_syndrome_bf,qary_symmetric,0.33,4,20,b2c6fbab915c06c2
qldpc_synth_q32_ser0p01_flen128,qldpc_reference,0,True,False,0.015625,0.0109375,0.015625,0.009375,247.0,2,48.92740002833307,candidate_failed_verification,4,0,4,0,2,channel_model=qary_symmetric; syndrome_symbols=43,32,,synthetic,32,4,qary_hard_syndrome_bf,qary_symmetric,0.33,3,20,ec3c47203d968697
qldpc_synth_q32_ser0p01_flen128,qldpc_reference,1,True,True,0.0078125,0.0046875,0.0,0.0,247.0,1,12.353900005109608,,3,0,3,0,1,channel_model=qary_symmetric; syndrome_symbols=43,32,,synthetic,32,4,qary_hard_syndrome_bf,qary_symmetric,0.33,3,20,ec3c47203d968697
qldpc_synth_q32_ser0p01_flen128,qldpc_reference,2,True,True,0.0078125,0.0046875,0.0,0.0,247.0,1,8.689799928106368,,2,0,2,0,1,channel_model=qary_symmetric; syndrome_symbols=43,32,,synthetic,32,4,qary_hard_syndrome_bf,qary_symmetric,0.33,3,20,ec3c47203d968697
qldpc_synth_q32_ser0p01_flen128,qldpc_reference,3,True,True,0.0078125,0.0046875,0.0,0.0,247.0,1,14.548700070008636,,2,0,2,0,1,channel_model=qary_symmetric; syndrome_symbols=43,32,,synthetic,32,4,qary_hard_syndrome_bf,qary_symmetric,0.33,3,20,ec3c47203d968697
qldpc_synth_q32_ser0p01_flen128,qldpc_reference,0,True,False,0.015625,0.0109375,0.015625,0.00625,247.0,2,41.36979999020696,candidate_failed_verification,3,0,3,0,2,channel_model=qary_symmetric; syndrome_symbols=43,32,,synthetic,32,4,qary_hard_syndrome_bf,qary_symmetric,0.33,3,20,0b962a07318c87cc
qldpc_synth_q32_ser0p01_flen128,qldpc_reference,1,True,True,0.0078125,0.0046875,0.0,0.0,247.0,1,13.836300000548363,,2,0,2,0,1,channel_model=qary_symmetric; syndrome_symbols=43,32,,synthetic,32,4,qary_hard_syndrome_bf,qary_symmetric,0.33,3,20,0b962a07318c87cc
qldpc_synth_q32_ser0p01_flen128,qldpc_reference,2,True,True,0.0078125,0.0046875,0.0,0.0,247.0,1,9.872900089249015,,1,0,1,0,1,channel_model=qary_symmetric; syndrome_symbols=43,32,,synthetic,32,4,qary_hard_syndrome_bf,qary_symmetric,0.33,3,20,0b962a07318c87cc
qldpc_synth_q32_ser0p01_flen128,qldpc_reference,3,True,True,0.0078125,0.0046875,0.0,0.0,247.0,1,15.00730006955564,,1,0,1,0,1,channel_model=qary_symmetric; syndrome_symbols=43,32,,synthetic,32,4,qary_hard_syndrome_bf,qary_symmetric,0.33,3,20,0b962a07318c87cc
qldpc_synth_q32_ser0p01_flen64,qldpc_reference,0,True,False,0.03125,0.0125,0.03125,0.009375,192.0,2,21.709199994802475,candidate_failed_verification,2,0,2,0,2,channel_model=qary_symmetric; syndrome_symbols=32,32,,synthetic,32,4,qary_hard_syndrome_bf,qary_symmetric,0.5,3,20,d3ef20759633ed3a
qldpc_synth_q32_ser0p01_flen64,qldpc_reference,1,True,True,0.015625,0.0125,0.0,0.0,192.0,1,2.0975000225007534,,1,0,1,0,1,channel_model=qary_symmetric; syndrome_symbols=32,32,,synthetic,32,4,qary_hard_syndrome_bf,qary_symmetric,0.5,3,20,d3ef20759633ed3a
qldpc_synth_q32_ser0p01_flen64,qldpc_reference,2,True,True,0.0,0.0,0.0,0.0,192.0,0,1.9311000360175967,,0,0,0,0,0,channel_model=qary_symmetric; syndrome_symbols=32,32,,synthetic,32,4,qary_hard_syndrome_bf,qary_symmetric,0.5,3,20,d3ef20759633ed3a
qldpc_synth_q32_ser0p01_flen64,qldpc_reference,3,True,True,0.0,0.0,0.0,0.0,192.0,0,1.9616999197751284,,0,0,0,0,0,channel_model=qary_symmetric; syndrome_symbols=32,32,,synthetic,32,4,qary_hard_syndrome_bf,qary_symmetric,0.5,3,20,d3ef20759633ed3a
qldpc_synth_q32_ser0p01_flen128,qldpc_reference,0,True,True,0.015625,0.0109375,0.0,0.0,352.0,2,71.72919996082783,,6,0,6,0,2,channel_model=qary_symmetric; syndrome_symbols=64,32,,synthetic,32,4,qary_hard_syndrome_bf,qary_symmetric,0.5,4,20,70f03ad2a6815ec3
qldpc_synth_q32_ser0p01_flen128,qldpc_reference,1,True,True,0.0078125,0.0046875,0.0,0.0,352.0,1,14.219900011084974,,4,0,4,0,1,channel_model=qary_symmetric; syndrome_symbols=64,32,,synthetic,32,4,qary_hard_syndrome_bf,qary_symmetric,0.5,4,20,70f03ad2a6815ec3
qldpc_synth_q32_ser0p01_flen128,qldpc_reference,2,True,True,0.0078125,0.0046875,0.0,0.0,352.0,1,10.298299952410161,,4,0,4,0,1,channel_model=qary_symmetric; syndrome_symbols=64,32,,synthetic,32,4,qary_hard_syndrome_bf,qary_symmetric,0.5,4,20,70f03ad2a6815ec3
qldpc_synth_q32_ser0p01_flen128,qldpc_reference,3,True,True,0.0078125,0.0046875,0.0,0.0,352.0,1,20.725799957290292,,2,0,2,0,1,channel_model=qary_symmetric; syndrome_symbols=64,32,,synthetic,32,4,qary_hard_syndrome_bf,qary_symmetric,0.5,4,20,70f03ad2a6815ec3
qldpc_synth_q32_ser0p01_flen64,qldpc_reference,0,True,True,0.03125,0.0125,0.0,0.0,142.0,2,20.88490000460297,,3,0,3,0,2,channel_model=qary_symmetric; syndrome_symbols=22,32,,synthetic,32,4,qary_hard_syndrome_bf,qary_symmetric,0.33,3,20,0b962a07318c87cc
qldpc_synth_q32_ser0p01_flen64,qldpc_reference,1,True,True,0.015625,0.0125,0.0,0.0,142.0,1,1.8325999844819307,,1,0,1,0,1,channel_model=qary_symmetric; syndrome_symbols=22,32,,synthetic,32,4,qary_hard_syndrome_bf,qary_symmetric,0.33,3,20,0b962a07318c87cc
qldpc_synth_q32_ser0p01_flen64,qldpc_reference,2,True,True,0.0,0.0,0.0,0.0,142.0,0,1.572699984535575,,0,0,0,0,0,channel_model=qary_symmetric; syndrome_symbols=22,32,,synthetic,32,4,qary_hard_syndrome_bf,qary_symmetric,0.33,3,20,0b962a07318c87cc
qldpc_synth_q32_ser0p01_flen64,qldpc_reference,3,True,True,0.0,0.0,0.0,0.0,142.0,0,1.5763998962938786,,0,0,0,0,0,channel_model=qary_symmetric; syndrome_symbols=22,32,,synthetic,32,4,qary_hard_syndrome_bf,qary_symmetric,0.33,3,20,0b962a07318c87cc
qldpc_synth_q32_ser0p01_flen64,qldpc_reference,0,True,False,0.03125,0.0125,0.03125,0.015625,192.0,2,31.571800005622208,candidate_failed_verification,2,0,2,0,2,channel_model=qary_symmetric; syndrome_symbols=32,32,,synthetic,32,4,qary_hard_syndrome_bf,qary_symmetric,0.5,4,20,70f03ad2a6815ec3
qldpc_synth_q32_ser0p01_flen64,qldpc_reference,1,True,True,0.015625,0.0125,0.0,0.0,192.0,1,2.599200000986457,,2,0,2,0,1,channel_model=qary_symmetric; syndrome_symbols=32,32,,synthetic,32,4,qary_hard_syndrome_bf,qary_symmetric,0.5,4,20,70f03ad2a6815ec3
qldpc_synth_q32_ser0p01_flen64,qldpc_reference,2,True,True,0.0,0.0,0.0,0.0,192.0,0,2.4022000143304467,,0,0,0,0,0,channel_model=qary_symmetric; syndrome_symbols=32,32,,synthetic,32,4,qary_hard_syndrome_bf,qary_symmetric,0.5,4,20,70f03ad2a6815ec3
qldpc_synth_q32_ser0p01_flen64,qldpc_reference,3,True,True,0.0,0.0,0.0,0.0,192.0,0,2.459099981933832,,0,0,0,0,0,channel_model=qary_symmetric; syndrome_symbols=32,32,,synthetic,32,4,qary_hard_syndrome_bf,qary_symmetric,0.5,4,20,70f03ad2a6815ec3
qldpc_synth_q32_ser0p03_flen64,qldpc_reference,0,True,False,0.03125,0.0125,0.03125,0.015625,142.0,2,32.69779996480793,candidate_failed_verification,2,0,2,0,2,channel_model=qary_symmetric; syndrome_symbols=22,32,,synthetic,32,4,qary_hard_syndrome_bf,qary_symmetric,0.33,4,20,b2c6fbab915c06c2
qldpc_synth_q32_ser0p03_flen64,qldpc_reference,1,True,False,0.046875,0.025,0.03125,0.021875,142.0,3,45.854900032281876,candidate_failed_verification,3,0,3,0,3,channel_model=qary_symmetric; syndrome_symbols=22,32,,synthetic,32,4,qary_hard_syndrome_bf,qary_symmetric,0.33,4,20,b2c6fbab915c06c2
qldpc_synth_q32_ser0p03_flen64,qldpc_reference,2,True,True,0.015625,0.00625,0.0,0.0,142.0,1,11.401300085708499,,2,0,2,0,1,channel_model=qary_symmetric; syndrome_symbols=22,32,,synthetic,32,4,qary_hard_syndrome_bf,qary_symmetric,0.33,4,20,b2c6fbab915c06c2
qldpc_synth_q32_ser0p03_flen64,qldpc_reference,3,True,False,0.046875,0.01875,0.03125,0.015625,142.0,3,44.23709993716329,candidate_failed_verification,3,0,3,0,3,channel_model=qary_symmetric; syndrome_symbols=22,32,,synthetic,32,4,qary_hard_syndrome_bf,qary_symmetric,0.33,4,20,b2c6fbab915c06c2
qldpc_synth_q32_ser0p01_flen128,qldpc_reference,0,True,True,0.015625,0.0109375,0.0,0.0,352.0,2,70.53610007278621,,5,0,5,0,2,channel_model=qary_symmetric; syndrome_symbols=64,32,,synthetic,32,4,qary_hard_syndrome_bf,qary_symmetric,0.5,3,20,522f89e80edee7a1
qldpc_synth_q32_ser0p01_flen128,qldpc_reference,1,True,True,0.0078125,0.0046875,0.0,0.0,352.0,1,13.606900000013411,,3,0,3,0,1,channel_model=qary_symmetric; syndrome_symbols=64,32,,synthetic,32,4,qary_hard_syndrome_bf,qary_symmetric,0.5,3,20,522f89e80edee7a1
qldpc_synth_q32_ser0p01_flen128,qldpc_reference,2,True,True,0.0078125,0.0046875,0.0,0.0,352.0,1,9.575500036589801,,1,0,1,0,1,channel_model=qary_symmetric; syndrome_symbols=64,32,,synthetic,32,4,qary_hard_syndrome_bf,qary_symmetric,0.5,3,20,522f89e80edee7a1
qldpc_synth_q32_ser0p01_flen128,qldpc_reference,3,True,True,0.0078125,0.0046875,0.0,0.0,352.0,1,14.940400025807321,,1,0,1,0,1,channel_model=qary_symmetric; syndrome_symbols=64,32,,synthetic,32,4,qary_hard_syndrome_bf,qary_symmetric,0.5,3,20,522f89e80edee7a1
qldpc_synth_q32_ser0p03_flen64,qldpc_reference,0,True,False,0.03125,0.0125,0.03125,0.0125,142.0,2,29.003000003285706,candidate_failed_verification,2,0,2,0,2,channel_model=qary_symmetric; syndrome_symbols=22,32,,synthetic,32,4,qary_hard_syndrome_bf,qary_symmetric,0.33,4,20,eb5e714c53e22f14
qldpc_synth_q32_ser0p03_flen64,qldpc_reference,1,True,False,0.046875,0.025,0.046875,0.028125,142.0,3,60.83329999819398,candidate_failed_verification,3,0,3,0,3,channel_model=qary_symmetric; syndrome_symbols=22,32,,synthetic,32,4,qary_hard_syndrome_bf,qary_symmetric,0.33,4,20,eb5e714c53e22f14
qldpc_synth_q32_ser0p03_flen64,qldpc_reference,2,True,True,0.015625,0.00625,0.0,0.0,142.0,1,11.06139994226396,,1,0,1,0,1,channel_model=qary_symmetric; syndrome_symbols=22,32,,synthetic,32,4,qary_hard_syndrome_bf,qary_symmetric,0.33,4,20,eb5e714c53e22f14
qldpc_synth_q32_ser0p03_flen64,qldpc_reference,3,True,False,0.046875,0.01875,0.03125,0.0125,142.0,3,39.49350002221763,candidate_failed_verification,5,0,5,0,3,channel_model=qary_symmetric; syndrome_symbols=22,32,,synthetic,32,4,qary_hard_syndrome_bf,qary_symmetric,0.33,4,20,eb5e714c53e22f14
qldpc_synth_q32_ser0p03_flen64,qldpc_reference,0,True,False,0.03125,0.0125,0.03125,0.009375,192.0,2,21.38819999527186,candidate_failed_verification,2,0,2,0,2,channel_model=qary_symmetric; syndrome_symbols=32,32,,synthetic,32,4,qary_hard_syndrome_bf,qary_symmetric,0.5,3,20,d3ef20759633ed3a
qldpc_synth_q32_ser0p03_flen64,qldpc_reference,1,True,False,0.046875,0.025,0.03125,0.0125,192.0,3,41.46890004631132,candidate_failed_verification,3,0,3,0,3,channel_model=qary_symmetric; syndrome_symbols=32,32,,synthetic,32,4,qary_hard_syndrome_bf,qary_symmetric,0.5,3,20,d3ef20759633ed3a
qldpc_synth_q32_ser0p03_flen64,qldpc_reference,2,True,True,0.015625,0.00625,0.0,0.0,192.0,1,11.428100056946278,,3,0,3,0,1,channel_model=qary_symmetric; syndrome_symbols=32,32,,synthetic,32,4,qary_hard_syndrome_bf,qary_symmetric,0.5,3,20,d3ef20759633ed3a
qldpc_synth_q32_ser0p03_flen64,qldpc_reference,3,True,False,0.046875,0.01875,0.03125,0.01875,192.0,3,44.58930005785078,candidate_failed_verification,4,0,4,0,3,channel_model=qary_symmetric; syndrome_symbols=32,32,,synthetic,32,4,qary_hard_syndrome_bf,qary_symmetric,0.5,3,20,d3ef20759633ed3a
qldpc_synth_q32_ser0p01_flen128,qldpc_reference,0,True,True,0.015625,0.0109375,0.0,0.0,352.0,2,69.38610004726797,,6,0,6,0,2,channel_model=qary_symmetric; syndrome_symbols=64,32,,synthetic,32,4,qary_hard_syndrome_bf,qary_symmetric,0.5,4,20,43d014f94c106833
qldpc_synth_q32_ser0p01_flen128,qldpc_reference,1,True,True,0.0078125,0.0046875,0.0,0.0,352.0,1,15.035700052976608,,5,0,5,0,1,channel_model=qary_symmetric; syndrome_symbols=64,32,,synthetic,32,4,qary_hard_syndrome_bf,qary_symmetric,0.5,4,20,43d014f94c106833
qldpc_synth_q32_ser0p01_flen128,qldpc_reference,2,True,True,0.0078125,0.0046875,0.0,0.0,352.0,1,10.257099987939,,2,0,2,0,1,channel_model=qary_symmetric; syndrome_symbols=64,32,,synthetic,32,4,qary_hard_syndrome_bf,qary_symmetric,0.5,4,20,43d014f94c106833
qldpc_synth_q32_ser0p01_flen128,qldpc_reference,3,True,True,0.0078125,0.0046875,0.0,0.0,352.0,1,17.452899948693812,,2,0,2,0,1,channel_model=qary_symmetric; syndrome_symbols=64,32,,synthetic,32,4,qary_hard_syndrome_bf,qary_symmetric,0.5,4,20,43d014f94c106833
qldpc_synth_q32_ser0p03_flen64,qldpc_reference,0,True,True,0.03125,0.0125,0.0,0.0,192.0,2,24.55610001925379,,3,0,3,0,2,channel_model=qary_symmetric; syndrome_symbols=32,32,,synthetic,32,4,qary_hard_syndrome_bf,qary_symmetric,0.5,4,20,43d014f94c106833
qldpc_synth_q32_ser0p03_flen64,qldpc_reference,1,True,True,0.046875,0.025,0.0,0.0,192.0,3,43.066699989140034,,7,0,7,0,3,channel_model=qary_symmetric; syndrome_symbols=32,32,,synthetic,32,4,qary_hard_syndrome_bf,qary_symmetric,0.5,4,20,43d014f94c106833
qldpc_synth_q32_ser0p03_flen64,qldpc_reference,2,True,True,0.015625,0.00625,0.0,0.0,192.0,1,12.233300018124282,,2,0,2,0,1,channel_model=qary_symmetric; syndrome_symbols=32,32,,synthetic,32,4,qary_hard_syndrome_bf,qary_symmetric,0.5,4,20,43d014f94c106833
qldpc_synth_q32_ser0p03_flen64,qldpc_reference,3,True,False,0.046875,0.01875,0.03125,0.015625,192.0,2,25.48820001538843,candidate_failed_verification,3,0,3,0,2,channel_model=qary_symmetric; syndrome_symbols=32,32,,synthetic,32,4,qary_hard_syndrome_bf,qary_symmetric,0.5,4,20,43d014f94c106833
qldpc_synth_q32_ser0p03_flen64,qldpc_reference,0,True,True,0.03125,0.0125,0.0,0.0,142.0,2,20.650400081649423,,3,0,3,0,2,channel_model=qary_symmetric; syndrome_symbols=22,32,,synthetic,32,4,qary_hard_syndrome_bf,qary_symmetric,0.33,3,20,0b962a07318c87cc
qldpc_synth_q32_ser0p03_flen64,qldpc_reference,1,True,True,0.046875,0.025,0.0,0.0,142.0,3,37.4426000053063,,6,0,6,0,3,channel_model=qary_symmetric; syndrome_symbols=22,32,,synthetic,32,4,qary_hard_syndrome_bf,qary_symmetric,0.33,3,20,0b962a07318c87cc
qldpc_synth_q32_ser0p03_flen64,qldpc_reference,2,True,False,0.015625,0.00625,0.03125,0.0125,142.0,1,2.1701999939978123,candidate_failed_verification,1,0,1,0,1,channel_model=qary_symmetric; syndrome_symbols=22,32,,synthetic,32,4,qary_hard_syndrome_bf,qary_symmetric,0.33,3,20,0b962a07318c87cc
qldpc_synth_q32_ser0p03_flen64,qldpc_reference,3,True,False,0.046875,0.01875,0.0625,0.025,142.0,3,41.030699969269335,candidate_failed_verification,5,0,5,0,3,channel_model=qary_symmetric; syndrome_symbols=22,32,,synthetic,32,4,qary_hard_syndrome_bf,qary_symmetric,0.33,3,20,0b962a07318c87cc
qldpc_synth_q32_ser0p03_flen128,qldpc_reference,0,True,False,0.03125,0.0203125,0.046875,0.028125,247.0,4,121.80740002077073,candidate_failed_verification,6,0,6,0,4,channel_model=qary_symmetric; syndrome_symbols=43,32,,synthetic,32,4,qary_hard_syndrome_bf,qary_symmetric,0.33,3,20,ec3c47203d968697
qldpc_synth_q32_ser0p03_flen128,qldpc_reference,1,True,True,0.0234375,0.009375,0.0,0.0,247.0,3,80.21359995473176,,6,0,6,0,3,channel_model=qary_symmetric; syndrome_symbols=43,32,,synthetic,32,4,qary_hard_syndrome_bf,qary_symmetric,0.33,3,20,ec3c47203d968697
qldpc_synth_q32_ser0p03_flen128,qldpc_reference,2,True,False,0.0234375,0.0171875,0.03125,0.01875,247.0,3,78.93670001067221,candidate_failed_verification,4,0,4,0,3,channel_model=qary_symmetric; syndrome_symbols=43,32,,synthetic,32,4,qary_hard_syndrome_bf,qary_symmetric,0.33,3,20,ec3c47203d968697
qldpc_synth_q32_ser0p03_flen128,qldpc_reference,3,True,True,0.015625,0.00625,0.0,0.0,247.0,2,80.10719995945692,,3,0,3,0,2,channel_model=qary_symmetric; syndrome_symbols=43,32,,synthetic,32,4,qary_hard_syndrome_bf,qary_symmetric,0.33,3,20,ec3c47203d968697
qldpc_synth_q32_ser0p03_flen64,qldpc_reference,0,True,True,0.03125,0.0125,0.0,0.0,192.0,2,21.51130000129342,,4,0,4,0,2,channel_model=qary_symmetric; syndrome_symbols=32,32,,synthetic,32,4,qary_hard_syndrome_bf,qary_symmetric,0.5,3,20,522f89e80edee7a1
qldpc_synth_q32_ser0p03_flen64,qldpc_reference,1,True,True,0.046875,0.025,0.0,0.0,192.0,3,49.471700098365545,,7,0,7,0,3,channel_model=qary_symmetric; syndrome_symbols=32,32,,synthetic,32,4,qary_hard_syndrome_bf,qary_symmetric,0.5,3,20,522f89e80edee7a1
qldpc_synth_q32_ser0p03_flen64,qldpc_reference,2,True,True,0.015625,0.00625,0.0,0.0,192.0,1,11.1017000162974,,1,0,1,0,1,channel_model=qary_symmetric; syndrome_symbols=32,32,,synthetic,32,4,qary_hard_syndrome_bf,qary_symmetric,0.5,3,20,522f89e80edee7a1
qldpc_synth_q32_ser0p03_flen64,qldpc_reference,3,True,True,0.046875,0.01875,0.0,0.0,192.0,3,68.308399990201,,6,0,6,0,3,channel_model=qary_symmetric; syndrome_symbols=32,32,,synthetic,32,4,qary_hard_syndrome_bf,qary_symmetric,0.5,3,20,522f89e80edee7a1
qldpc_synth_q32_ser0p01_flen128,qldpc_reference,0,True,True,0.015625,0.0109375,0.0,0.0,247.0,2,105.63060001004487,,5,0,5,0,2,channel_model=qary_symmetric; syndrome_symbols=43,32,,synthetic,32,4,qary_hard_syndrome_bf,qary_symmetric,0.33,4,20,eb5e714c53e22f14
qldpc_synth_q32_ser0p01_flen128,qldpc_reference,1,True,True,0.0078125,0.0046875,0.0,0.0,247.0,1,67.4660000950098,,3,0,3,0,1,channel_model=qary_symmetric; syndrome_symbols=43,32,,synthetic,32,4,qary_hard_syndrome_bf,qary_symmetric,0.33,4,20,eb5e714c53e22f14
qldpc_synth_q32_ser0p01_flen128,qldpc_reference,2,True,True,0.0078125,0.0046875,0.0,0.0,247.0,1,54.621800081804395,,4,0,4,0,1,channel_model=qary_symmetric; syndrome_symbols=43,32,,synthetic,32,4,qary_hard_syndrome_bf,qary_symmetric,0.33,4,20,eb5e714c53e22f14
qldpc_synth_q32_ser0p01_flen128,qldpc_reference,3,True,True,0.0078125,0.0046875,0.0,0.0,247.0,1,15.19229996483773,,2,0,2,0,1,channel_model=qary_symmetric; syndrome_symbols=43,32,,synthetic,32,4,qary_hard_syndrome_bf,qary_symmetric,0.33,4,20,eb5e714c53e22f14
qldpc_synth_q32_ser0p03_flen128,qldpc_reference,0,True,False,0.03125,0.0203125,0.015625,0.0078125,352.0,4,150.42660001199692,candidate_failed_verification,7,0,7,0,4,channel_model=qary_symmetric; syndrome_symbols=64,32,,synthetic,32,4,qary_hard_syndrome_bf,qary_symmetric,0.5,3,20,522f89e80edee7a1
qldpc_synth_q32_ser0p03_flen128,qldpc_reference,1,True,True,0.0234375,0.009375,0.0,0.0,352.0,3,81.2032000394538,,5,0,5,0,3,channel_model=qary_symmetric; syndrome_symbols=64,32,,synthetic,32,4,qary_hard_syndrome_bf,qary_symmetric,0.5,3,20,522f89e80edee7a1
qldpc_synth_q32_ser0p03_flen128,qldpc_reference,2,True,True,0.0234375,0.0171875,0.0,0.0,352.0,3,80.18669998273253,,6,0,6,0,3,channel_model=qary_symmetric; syndrome_symbols=64,32,,synthetic,32,4,qary_hard_syndrome_bf,qary_symmetric,0.5,3,20,522f89e80edee7a1
qldpc_synth_q32_ser0p03_flen128,qldpc_reference,3,True,True,0.015625,0.00625,0.0,0.0,352.0,2,55.53220002911985,,3,0,3,0,2,channel_model=qary_symmetric; syndrome_symbols=64,32,,synthetic,32,4,qary_hard_syndrome_bf,qary_symmetric,0.5,3,20,522f89e80edee7a1
qldpc_synth_q32_ser0p03_flen64,qldpc_reference,0,True,False,0.03125,0.0125,0.03125,0.015625,192.0,2,30.540100065991282,candidate_failed_verification,2,0,2,0,2,channel_model=qary_symmetric; syndrome_symbols=32,32,,synthetic,32,4,qary_hard_syndrome_bf,qary_symmetric,0.5,4,20,70f03ad2a6815ec3
qldpc_synth_q32_ser0p03_flen64,qldpc_reference,1,True,False,0.046875,0.025,0.046875,0.028125,192.0,3,52.26599995512515,candidate_failed_verification,3,0,3,0,3,channel_model=qary_symmetric; syndrome_symbols=32,32,,synthetic,32,4,qary_hard_syndrome_bf,qary_symmetric,0.5,4,20,70f03ad2a6815ec3
qldpc_synth_q32_ser0p03_flen64,qldpc_reference,2,True,False,0.015625,0.00625,0.03125,0.015625,192.0,1,3.185899928212166,candidate_failed_verification,1,0,1,0,1,channel_model=qary_symmetric; syndrome_symbols=32,32,,synthetic,32,4,qary_hard_syndrome_bf,qary_symmetric,0.5,4,20,70f03ad2a6815ec3
qldpc_synth_q32_ser0p03_flen64,qldpc_reference,3,True,True,0.046875,0.01875,0.0,0.0,192.0,3,55.80129998270422,,9,0,9,0,3,channel_model=qary_symmetric; syndrome_symbols=32,32,,synthetic,32,4,qary_hard_syndrome_bf,qary_symmetric,0.5,4,20,70f03ad2a6815ec3
qldpc_synth_q32_ser0p03_flen64,qldpc_reference,0,True,True,0.03125,0.0125,0.0,0.0,142.0,2,29.988600057549775,,2,0,2,0,2,channel_model=qary_symmetric; syndrome_symbols=22,32,,synthetic,32,4,qary_hard_syndrome_bf,qary_symmetric,0.33,3,20,ec3c47203d968697
qldpc_synth_q32_ser0p03_flen64,qldpc_reference,1,True,False,0.046875,0.025,0.0625,0.025,142.0,3,39.90550001617521,candidate_failed_verification,3,0,3,0,3,channel_model=qary_symmetric; syndrome_symbols=22,32,,synthetic,32,4,qary_hard_syndrome_bf,qary_symmetric,0.33,3,20,ec3c47203d968697
qldpc_synth_q32_ser0p03_flen64,qldpc_reference,2,True,True,0.015625,0.00625,0.0,0.0,142.0,1,11.345100007019937,,2,0,2,0,1,channel_model=qary_symmetric; syndrome_symbols=22,32,,synthetic,32,4,qary_hard_syndrome_bf,qary_symmetric,0.33,3,20,ec3c47203d968697
qldpc_synth_q32_ser0p03_flen64,qldpc_reference,3,True,False,0.046875,0.01875,0.0625,0.03125,142.0,3,44.132999959401786,candidate_failed_verification,3,0,3,0,3,channel_model=qary_symmetric; syndrome_symbols=22,32,,synthetic,32,4,qary_hard_syndrome_bf,qary_symmetric,0.33,3,20,ec3c47203d968697
qldpc_synth_q32_ser0p03_flen128,qldpc_reference,0,True,True,0.03125,0.0203125,0.0,0.0,352.0,4,142.87410001270473,,13,0,13,0,4,channel_model=qary_symmetric; syndrome_symbols=64,32,,synthetic,32,4,qary_hard_syndrome_bf,qary_symmetric,0.5,4,20,70f03ad2a6815ec3
qldpc_synth_q32_ser0p03_flen128,qldpc_reference,1,True,True,0.0234375,0.009375,0.0,0.0,352.0,3,80.8431999757886,,10,0,10,0,3,channel_model=qary_symmetric; syndrome_symbols=64,32,,synthetic,32,4,qary_hard_syndrome_bf,qary_symmetric,0.5,4,20,70f03ad2a6815ec3
qldpc_synth_q32_ser0p03_flen128,qldpc_reference,2,True,True,0.0234375,0.0171875,0.0,0.0,352.0,3,163.0062999902293,,9,0,9,0,3,channel_model=qary_symmetric; syndrome_symbols=64,32,,synthetic,32,4,qary_hard_syndrome_bf,qary_symmetric,0.5,4,20,70f03ad2a6815ec3
qldpc_synth_q32_ser0p03_flen128,qldpc_reference,3,True,True,0.015625,0.00625,0.0,0.0,352.0,2,201.8893000204116,,4,0,4,0,2,channel_model=qary_symmetric; syndrome_symbols=64,32,,synthetic,32,4,qary_hard_syndrome_bf,qary_symmetric,0.5,4,20,70f03ad2a6815ec3
qldpc_synth_q32_ser0p03_flen128,qldpc_reference,0,True,True,0.03125,0.0203125,0.0,0.0,352.0,4,260.21109998691827,,11,0,11,0,4,channel_model=qary_symmetric; syndrome_symbols=64,32,,synthetic,32,4,qary_hard_syndrome_bf,qary_symmetric,0.5,4,20,43d014f94c106833
qldpc_synth_q32_ser0p03_flen128,qldpc_reference,1,True,True,0.0234375,0.009375,0.0,0.0,352.0,3,87.86400000099093,,8,0,8,0,3,channel_model=qary_symmetric; syndrome_symbols=64,32,,synthetic,32,4,qary_hard_syndrome_bf,qary_symmetric,0.5,4,20,43d014f94c106833
qldpc_synth_q32_ser0p03_flen128,qldpc_reference,2,True,True,0.0234375,0.0171875,0.0,0.0,352.0,3,126.09799997881055,,7,0,7,0,3,channel_model=qary_symmetric; syndrome_symbols=64,32,,synthetic,32,4,qary_hard_syndrome_bf,qary_symmetric,0.5,4,20,43d014f94c106833
qldpc_synth_q32_ser0p03_flen128,qldpc_reference,3,True,True,0.015625,0.00625,0.0,0.0,352.0,2,89.83800001442432,,5,0,5,0,2,channel_model=qary_symmetric; syndrome_symbols=64,32,,synthetic,32,4,qary_hard_syndrome_bf,qary_symmetric,0.5,4,20,43d014f94c106833
qldpc_synth_q32_ser0p03_flen128,qldpc_reference,0,True,True,0.03125,0.0203125,0.0,0.0,247.0,4,243.0303000146523,,8,0,8,0,4,channel_model=qary_symmetric; syndrome_symbols=43,32,,synthetic,32,4,qary_hard_syndrome_bf,qary_symmetric,0.33,4,20,b2c6fbab915c06c2
qldpc_synth_q32_ser0p03_flen128,qldpc_reference,1,True,True,0.0234375,0.009375,0.0,0.0,247.0,3,82.99699996132404,,8,0,8,0,3,channel_model=qary_symmetric; syndrome_symbols=43,32,,synthetic,32,4,qary_hard_syndrome_bf,qary_symmetric,0.33,4,20,b2c6fbab915c06c2
qldpc_synth_q32_ser0p03_flen128,qldpc_reference,2,True,False,0.0234375,0.0171875,0.0390625,0.0203125,247.0,4,130.6155000347644,candidate_failed_verification,7,0,7,0,4,channel_model=qary_symmetric; syndrome_symbols=43,32,,synthetic,32,4,qary_hard_syndrome_bf,qary_symmetric,0.33,4,20,b2c6fbab915c06c2
qldpc_synth_q32_ser0p03_flen128,qldpc_reference,3,True,False,0.015625,0.00625,0.015625,0.0046875,247.0,2,119.77670004125684,candidate_failed_verification,2,0,2,0,2,channel_model=qary_symmetric; syndrome_symbols=43,32,,synthetic,32,4,qary_hard_syndrome_bf,qary_symmetric,0.33,4,20,b2c6fbab915c06c2
qldpc_synth_q32_ser0p05_flen64,qldpc_reference,0,True,False,0.09375,0.05625,0.0625,0.0375,142.0,6,233.14789996948093,candidate_failed_verification,7,0,7,0,6,channel_model=qary_symmetric; syndrome_symbols=22,32,,synthetic,32,4,qary_hard_syndrome_bf,qary_symmetric,0.33,3,20,0b962a07318c87cc
qldpc_synth_q32_ser0p05_flen64,qldpc_reference,1,True,True,0.046875,0.0125,0.0,0.0,142.0,3,70.04979997873306,,6,0,6,0,3,channel_model=qary_symmetric; syndrome_symbols=22,32,,synthetic,32,4,qary_hard_syndrome_bf,qary_symmetric,0.33,3,20,0b962a07318c87cc
qldpc_synth_q32_ser0p05_flen64,qldpc_reference,2,True,False,0.03125,0.01875,0.03125,0.021875,142.0,2,20.095999934710562,candidate_failed_verification,3,0,3,0,2,channel_model=qary_symmetric; syndrome_symbols=22,32,,synthetic,32,4,qary_hard_syndrome_bf,qary_symmetric,0.33,3,20,0b962a07318c87cc
qldpc_synth_q32_ser0p05_flen64,qldpc_reference,3,True,False,0.078125,0.04375,0.0625,0.034375,142.0,5,111.2292999168858,candidate_failed_verification,9,0,9,0,5,channel_model=qary_symmetric; syndrome_symbols=22,32,,synthetic,32,4,qary_hard_syndrome_bf,qary_symmetric,0.33,3,20,0b962a07318c87cc
qldpc_synth_q32_ser0p05_flen64,qldpc_reference,0,True,False,0.09375,0.05625,0.09375,0.05625,142.0,6,162.00979996938258,candidate_failed_verification,6,0,6,0,6,channel_model=qary_symmetric; syndrome_symbols=22,32,,synthetic,32,4,qary_hard_syndrome_bf,qary_symmetric,0.33,3,20,ec3c47203d968697
qldpc_synth_q32_ser0p05_flen64,qldpc_reference,1,True,False,0.046875,0.0125,0.0625,0.03125,142.0,3,148.7968999426812,candidate_failed_verification,3,0,3,0,3,channel_model=qary_symmetric; syndrome_symbols=22,32,,synthetic,32,4,qary_hard_syndrome_bf,qary_symmetric,0.33,3,20,ec3c47203d968697
qldpc_synth_q32_ser0p05_flen64,qldpc_reference,2,True,True,0.03125,0.01875,0.0,0.0,142.0,2,41.76949989050627,,3,0,3,0,2,channel_model=qary_symmetric; syndrome_symbols=22,32,,synthetic,32,4,qary_hard_syndrome_bf,qary_symmetric,0.33,3,20,ec3c47203d968697
qldpc_synth_q32_ser0p05_flen64,qldpc_reference,3,True,False,0.078125,0.04375,0.09375,0.0375,142.0,5,77.19280000310391,candidate_failed_verification,6,0,6,0,5,channel_model=qary_symmetric; syndrome_symbols=22,32,,synthetic,32,4,qary_hard_syndrome_bf,qary_symmetric,0.33,3,20,ec3c47203d968697
qldpc_synth_q32_ser0p01_flen64,qldpc_reference,0,True,True,0.03125,0.0125,0.0,0.0,192.0,2,21.433399990200996,,4,0,4,0,2,channel_model=qary_symmetric; syndrome_symbols=32,32,,synthetic,32,4,qary_hard_syndrome_bf,qary_symmetric,0.5,3,20,522f89e80edee7a1
qldpc_synth_q32_ser0p01_flen64,qldpc_reference,1,True,True,0.015625,0.0125,0.0,0.0,192.0,1,2.16180004645139,,2,0,2,0,1,channel_model=qary_symmetric; syndrome_symbols=32,32,,synthetic,32,4,qary_hard_syndrome_bf,qary_symmetric,0.5,3,20,522f89e80edee7a1
qldpc_synth_q32_ser0p01_flen64,qldpc_reference,2,True,True,0.0,0.0,0.0,0.0,192.0,0,1.9390000961720943,,0,0,0,0,0,channel_model=qary_symmetric; syndrome_symbols=32,32,,synthetic,32,4,qary_hard_syndrome_bf,qary_symmetric,0.5,3,20,522f89e80edee7a1
qldpc_synth_q32_ser0p01_flen64,qldpc_reference,3,True,True,0.0,0.0,0.0,0.0,192.0,0,1.9229999743402004,,0,0,0,0,0,channel_model=qary_symmetric; syndrome_symbols=32,32,,synthetic,32,4,qary_hard_syndrome_bf,qary_symmetric,0.5,3,20,522f89e80edee7a1
qldpc_synth_q32_ser0p03_flen128,qldpc_reference,0,True,False,0.03125,0.0203125,0.03125,0.0171875,247.0,4,145.2479000436142,candidate_failed_verification,5,0,5,0,4,channel_model=qary_symmetric; syndrome_symbols=43,32,,synthetic,32,4,qary_hard_syndrome_bf,qary_symmetric,0.33,3,20,0b962a07318c87cc
qldpc_synth_q32_ser0p03_flen128,qldpc_reference,1,True,True,0.0234375,0.009375,0.0,0.0,247.0,3,80.7907999260351,,4,0,4,0,3,channel_model=qary_symmetric; syndrome_symbols=43,32,,synthetic,32,4,qary_hard_syndrome_bf,qary_symmetric,0.33,3,20,0b962a07318c87cc
qldpc_synth_q32_ser0p03_flen128,qldpc_reference,2,True,False,0.0234375,0.0171875,0.015625,0.009375,247.0,3,122.79129994567484,candidate_failed_verification,4,0,4,0,3,channel_model=qary_symmetric; syndrome_symbols=43,32,,synthetic,32,4,qary_hard_syndrome_bf,qary_symmetric,0.33,3,20,0b962a07318c87cc
qldpc_synth_q32_ser0p03_flen128,qldpc_reference,3,True,True,0.015625,0.00625,0.0,0.0,247.0,2,50.87339994497597,,3,0,3,0,2,channel_model=qary_symmetric; syndrome_symbols=43,32,,synthetic,32,4,qary_hard_syndrome_bf,qary_symmetric,0.33,3,20,0b962a07318c87cc
qldpc_synth_q32_ser0p05_flen64,qldpc_reference,0,True,False,0.09375,0.05625,0.0625,0.04375,142.0,6,175.35479995422065,candidate_failed_verification,8,0,8,0,6,channel_model=qary_symmetric; syndrome_symbols=22,32,,synthetic,32,4,qary_hard_syndrome_bf,qary_symmetric,0.33,4,20,b2c6fbab915c06c2
qldpc_synth_q32_ser0p05_flen64,qldpc_reference,1,True,False,0.046875,0.0125,0.03125,0.00625,142.0,3,104.62009999901056,candidate_failed_verification,3,0,3,0,3,channel_model=qary_symmetric; syndrome_symbols=22,32,,synthetic,32,4,qary_hard_syndrome_bf,qary_symmetric,0.33,4,20,b2c6fbab915c06c2
qldpc_synth_q32_ser0p05_flen64,qldpc_reference,2,True,False,0.03125,0.01875,0.03125,0.01875,142.0,2,31.59390005748719,candidate_failed_verification,3,0,3,0,2,channel_model=qary_symmetric; syndrome_symbols=22,32,,synthetic,32,4,qary_hard_syndrome_bf,qary_symmetric,0.33,4,20,b2c6fbab915c06c2
qldpc_synth_q32_ser0p05_flen64,qldpc_reference,3,True,False,0.078125,0.04375,0.0625,0.03125,142.0,5,157.85369998775423,candidate_failed_verification,5,0,5,0,5,channel_model=qary_symmetric; syndrome_symbols=22,32,,synthetic,32,4,qary_hard_syndrome_bf,qary_symmetric,0.33,4,20,b2c6fbab915c06c2
qldpc_synth_q32_ser0p03_flen128,qldpc_reference,0,True,False,0.03125,0.0203125,0.03125,0.0171875,352.0,4,149.4912999914959,candidate_failed_verification,7,0,7,0,4,channel_model=qary_symmetric; syndrome_symbols=64,32,,synthetic,32,4,qary_hard_syndrome_bf,qary_symmetric,0.5,3,20,d3ef20759633ed3a
qldpc_synth_q32_ser0p03_flen128,qldpc_reference,1,True,True,0.0234375,0.009375,0.0,0.0,352.0,3,163.79480005707592,,8,0,8,0,3,channel_model=qary_symmetric; syndrome_symbols=64,32,,synthetic,32,4,qary_hard_syndrome_bf,qary_symmetric,0.5,3,20,d3ef20759633ed3a
qldpc_synth_q32_ser0p03_flen128,qldpc_reference,2,True,True,0.0234375,0.0171875,0.0,0.0,352.0,3,153.81980000529438,,9,0,9,0,3,channel_model=qary_symmetric; syndrome_symbols=64,32,,synthetic,32,4,qary_hard_syndrome_bf,qary_symmetric,0.5,3,20,d3ef20759633ed3a
qldpc_synth_q32_ser0p03_flen128,qldpc_reference,3,True,True,0.015625,0.00625,0.0,0.0,352.0,2,231.49949999060482,,4,0,4,0,2,channel_model=qary_symmetric; syndrome_symbols=64,32,,synthetic,32,4,qary_hard_syndrome_bf,qary_symmetric,0.5,3,20,d3ef20759633ed3a
qldpc_synth_q32_ser0p05_flen64,qldpc_reference,0,True,False,0.09375,0.05625,0.03125,0.0125,192.0,6,98.85190008208156,candidate_failed_verification,11,0,11,0,6,channel_model=qary_symmetric; syndrome_symbols=32,32,,synthetic,32,4,qary_hard_syndrome_bf,qary_symmetric,0.5,3,20,d3ef20759633ed3a
qldpc_synth_q32_ser0p05_flen64,qldpc_reference,1,True,False,0.046875,0.0125,0.03125,0.01875,192.0,3,55.63120008446276,candidate_failed_verification,3,0,3,0,3,channel_model=qary_symmetric; syndrome_symbols=32,32,,synthetic,32,4,qary_hard_syndrome_bf,qary_symmetric,0.5,3,20,d3ef20759633ed3a
qldpc_synth_q32_ser0p05_flen64,qldpc_reference,2,True,True,0.03125,0.01875,0.0,0.0,192.0,2,33.2778999581933,,5,0,5,0,2,channel_model=qary_symmetric; syndrome_symbols=32,32,,synthetic,32,4,qary_hard_syndrome_bf,qary_symmetric,0.5,3,20,d3ef20759633ed3a
qldpc_synth_q32_ser0p05_flen64,qldpc_reference,3,True,False,0.078125,0.04375,0.0625,0.025,192.0,5,90.76199994888157,candidate_failed_verification,7,0,7,0,5,channel_model=qary_symmetric; syndrome_symbols=32,32,,synthetic,32,4,qary_hard_syndrome_bf,qary_symmetric,0.5,3,20,d3ef20759633ed3a
qldpc_synth_q32_ser0p05_flen64,qldpc_reference,0,True,True,0.09375,0.05625,0.0,0.0,192.0,6,99.98659999109805,,9,0,9,0,6,channel_model=qary_symmetric; syndrome_symbols=32,32,,synthetic,32,4,qary_hard_syndrome_bf,qary_symmetric,0.5,3,20,522f89e80edee7a1
qldpc_synth_q32_ser0p05_flen64,qldpc_reference,1,True,True,0.046875,0.0125,0.0,0.0,192.0,3,41.80640005506575,,7,0,7,0,3,channel_model=qary_symmetric; syndrome_symbols=32,32,,synthetic,32,4,qary_hard_syndrome_bf,qary_symmetric,0.5,3,20,522f89e80edee7a1
qldpc_synth_q32_ser0p05_flen64,qldpc_reference,2,True,True,0.03125,0.01875,0.0,0.0,192.0,2,28.757099993526936,,3,0,3,0,2,channel_model=qary_symmetric; syndrome_symbols=32,32,,synthetic,32,4,qary_hard_syndrome_bf,qary_symmetric,0.5,3,20,522f89e80edee7a1
qldpc_synth_q32_ser0p05_flen64,qldpc_reference,3,True,True,0.078125,0.04375,0.0,0.0,192.0,5,91.96639992296696,,10,0,10,0,5,channel_model=qary_symmetric; syndrome_symbols=32,32,,synthetic,32,4,qary_hard_syndrome_bf,qary_symmetric,0.5,3,20,522f89e80edee7a1
qldpc_synth_q32_ser0p01_flen128,qldpc_reference,0,True,False,0.015625,0.0109375,0.015625,0.0109375,352.0,2,45.10560003109276,candidate_failed_verification,5,0,5,0,2,channel_model=qary_symmetric; syndrome_symbols=64,32,,synthetic,32,4,qary_hard_syndrome_bf,qary_symmetric,0.5,3,20,d3ef20759633ed3a
qldpc_synth_q32_ser0p01_flen128,qldpc_reference,1,True,True,0.0078125,0.0046875,0.0,0.0,352.0,1,13.90800008084625,,3,0,3,0,1,channel_model=qary_symmetric; syndrome_symbols=64,32,,synthetic,32,4,qary_hard_syndrome_bf,qary_symmetric,0.5,3,20,d3ef20759633ed3a
qldpc_synth_q32_ser0p01_flen128,qldpc_reference,2,True,True,0.0078125,0.0046875,0.0,0.0,352.0,1,9.322200086899102,,4,0,4,0,1,channel_model=qary_symmetric; syndrome_symbols=64,32,,synthetic,32,4,qary_hard_syndrome_bf,qary_symmetric,0.5,3,20,d3ef20759633ed3a
qldpc_synth_q32_ser0p01_flen128,qldpc_reference,3,True,True,0.0078125,0.0046875,0.0,0.0,352.0,1,15.267999959178269,,3,0,3,0,1,channel_model=qary_symmetric; syndrome_symbols=64,32,,synthetic,32,4,qary_hard_syndrome_bf,qary_symmetric,0.5,3,20,d3ef20759633ed3a
qldpc_synth_q32_ser0p05_flen64,qldpc_reference,0,True,False,0.09375,0.05625,0.03125,0.01875,192.0,6,110.41730002034456,candidate_failed_verification,17,0,17,0,6,channel_model=qary_symmetric; syndrome_symbols=32,32,,synthetic,32,4,qary_hard_syndrome_bf,qary_symmetric,0.5,4,20,70f03ad2a6815ec3
qldpc_synth_q32_ser0p05_flen64,qldpc_reference,1,True,True,0.046875,0.0125,0.0,0.0,192.0,3,48.63650002516806,,3,0,3,0,3,channel_model=qary_symmetric; syndrome_symbols=32,32,,synthetic,32,4,qary_hard_syndrome_bf,qary_symmetric,0.5,4,20,70f03ad2a6815ec3
qldpc_synth_q32_ser0p05_flen64,qldpc_reference,2,True,False,0.03125,0.01875,0.03125,0.015625,192.0,2,21.944499923847616,candidate_failed_verification,4,0,4,0,2,channel_model=qary_symmetric; syndrome_symbols=32,32,,synthetic,32,4,qary_hard_syndrome_bf,qary_symmetric,0.5,4,20,70f03ad2a6815ec3
qldpc_synth_q32_ser0p05_flen64,qldpc_reference,3,True,True,0.078125,0.04375,0.0,0.0,192.0,5,83.63380003720522,,10,0,10,0,5,channel_model=qary_symmetric; syndrome_symbols=32,32,,synthetic,32,4,qary_hard_syndrome_bf,qary_symmetric,0.5,4,20,70f03ad2a6815ec3
qldpc_synth_q32_ser0p05_flen64,qldpc_reference,0,True,False,0.09375,0.05625,0.03125,0.015625,192.0,6,132.8043999383226,candidate_failed_verification,11,0,11,0,6,channel_model=qary_symmetric; syndrome_symbols=32,32,,synthetic,32,4,qary_hard_syndrome_bf,qary_symmetric,0.5,4,20,43d014f94c106833
qldpc_synth_q32_ser0p05_flen64,qldpc_reference,1,True,True,0.046875,0.0125,0.0,0.0,192.0,3,59.272299986332655,,7,0,7,0,3,channel_model=qary_symmetric; syndrome_symbols=32,32,,synthetic,32,4,qary_hard_syndrome_bf,qary_symmetric,0.5,4,20,43d014f94c106833
qldpc_synth_q32_ser0p05_flen64,qldpc_reference,2,True,True,0.03125,0.01875,0.0,0.0,192.0,2,49.89789996761829,,4,0,4,0,2,channel_model=qary_symmetric; syndrome_symbols=32,32,,synthetic,32,4,qary_hard_syndrome_bf,qary_symmetric,0.5,4,20,43d014f94c106833
qldpc_synth_q32_ser0p05_flen64,qldpc_reference,3,True,False,0.078125,0.04375,0.03125,0.01875,192.0,4,122.83250002656132,candidate_failed_verification,7,0,7,0,4,channel_model=qary_symmetric; syndrome_symbols=32,32,,synthetic,32,4,qary_hard_syndrome_bf,qary_symmetric,0.5,4,20,43d014f94c106833
qldpc_synth_q32_ser0p05_flen128,qldpc_reference,0,True,False,0.03125,0.0203125,0.03125,0.0171875,247.0,4,146.15119993686676,candidate_failed_verification,5,0,5,0,4,channel_model=qary_symmetric; syndrome_symbols=43,32,,synthetic,32,4,qary_hard_syndrome_bf,qary_symmetric,0.33,3,20,0b962a07318c87cc
qldpc_synth_q32_ser0p05_flen128,qldpc_reference,1,True,False,0.0703125,0.0265625,0.0546875,0.025,247.0,8,315.0472000706941,candidate_failed_verification,12,0,12,0,8,channel_model=qary_symmetric; syndrome_symbols=43,32,,synthetic,32,4,qary_hard_syndrome_bf,qary_symmetric,0.33,3,20,0b962a07318c87cc
qldpc_synth_q32_ser0p05_flen128,qldpc_reference,2,True,False,0.03125,0.0171875,0.015625,0.0046875,247.0,4,377.11480003781617,candidate_failed_verification,5,0,5,0,4,channel_model=qary_symmetric; syndrome_symbols=43,32,,synthetic,32,4,qary_hard_syndrome_bf,qary_symmetric,0.33,3,20,0b962a07318c87cc
qldpc_synth_q32_ser0p05_flen128,qldpc_reference,3,True,False,0.0546875,0.03125,0.0625,0.03125,247.0,6,403.2883000327274,candidate_failed_verification,7,0,7,0,6,channel_model=qary_symmetric; syndrome_symbols=43,32,,synthetic,32,4,qary_hard_syndrome_bf,qary_symmetric,0.33,3,20,0b962a07318c87cc
qldpc_synth_q32_ser0p03_flen128,qldpc_reference,0,True,False,0.03125,0.0203125,0.015625,0.0078125,247.0,4,247.2559999441728,candidate_failed_verification,10,0,10,0,4,channel_model=qary_symmetric; syndrome_symbols=43,32,,synthetic,32,4,qary_hard_syndrome_bf,qary_symmetric,0.33,4,20,eb5e714c53e22f14
qldpc_synth_q32_ser0p03_flen128,qldpc_reference,1,True,False,0.0234375,0.009375,0.015625,0.009375,247.0,3,132.62719998601824,candidate_failed_verification,8,0,8,0,3,channel_model=qary_symmetric; syndrome_symbols=43,32,,synthetic,32,4,qary_hard_syndrome_bf,qary_symmetric,0.33,4,20,eb5e714c53e22f14
qldpc_synth_q32_ser0p03_flen128,qldpc_reference,2,True,True,0.0234375,0.0171875,0.0,0.0,247.0,3,109.004000085406,,8,0,8,0,3,channel_model=qary_symmetric; syndrome_symbols=43,32,,synthetic,32,4,qary_hard_syndrome_bf,qary_symmetric,0.33,4,20,eb5e714c53e22f14
qldpc_synth_q32_ser0p03_flen128,qldpc_reference,3,True,False,0.015625,0.00625,0.015625,0.00625,247.0,2,51.81780003476888,candidate_failed_verification,3,0,3,0,2,channel_model=qary_symmetric; syndrome_symbols=43,32,,synthetic,32,4,qary_hard_syndrome_bf,qary_symmetric,0.33,4,20,eb5e714c53e22f14
qldpc_synth_q32_ser0p05_flen64,qldpc_reference,0,True,False,0.09375,0.05625,0.03125,0.015625,142.0,6,195.2365000033751,candidate_failed_verification,14,0,14,0,6,channel_model=qary_symmetric; syndrome_symbols=22,32,,synthetic,32,4,qary_hard_syndrome_bf,qary_symmetric,0.33,4,20,eb5e714c53e22f14
qldpc_synth_q32_ser0p05_flen64,qldpc_reference,1,True,True,0.046875,0.0125,0.0,0.0,142.0,3,114.8402999388054,,3,0,3,0,3,channel_model=qary_symmetric; syndrome_symbols=22,32,,synthetic,32,4,qary_hard_syndrome_bf,qary_symmetric,0.33,4,20,eb5e714c53e22f14
qldpc_synth_q32_ser0p05_flen64,qldpc_reference,2,True,True,0.03125,0.01875,0.0,0.0,142.0,2,75.28950006235391,,3,0,3,0,2,channel_model=qary_symmetric; syndrome_symbols=22,32,,synthetic,32,4,qary_hard_syndrome_bf,qary_symmetric,0.33,4,20,eb5e714c53e22f14
qldpc_synth_q32_ser0p05_flen64,qldpc_reference,3,True,False,0.078125,0.04375,0.078125,0.040625,142.0,5,121.89219996798784,candidate_failed_verification,6,0,6,0,5,channel_model=qary_symmetric; syndrome_symbols=22,32,,synthetic,32,4,qary_hard_syndrome_bf,qary_symmetric,0.33,4,20,eb5e714c53e22f14
qldpc_synth_q32_ser0p05_flen128,qldpc_reference,0,True,False,0.03125,0.0203125,0.03125,0.0171875,352.0,4,151.95400000084192,candidate_failed_verification,7,0,7,0,4,channel_model=qary_symmetric; syndrome_symbols=64,32,,synthetic,32,4,qary_hard_syndrome_bf,qary_symmetric,0.5,3,20,d3ef20759633ed3a
qldpc_synth_q32_ser0p05_flen128,qldpc_reference,1,True,False,0.0703125,0.0265625,0.015625,0.00625,352.0,9,392.95969996601343,candidate_failed_verification,17,0,17,0,9,channel_model=qary_symmetric; syndrome_symbols=64,32,,synthetic,32,4,qary_hard_syndrome_bf,qary_symmetric,0.5,3,20,d3ef20759633ed3a
qldpc_synth_q32_ser0p05_flen128,qldpc_reference,2,True,False,0.03125,0.0171875,0.0390625,0.021875,352.0,5,354.9584000138566,candidate_failed_verification,10,0,10,0,5,channel_model=qary_symmetric; syndrome_symbols=64,32,,synthetic,32,4,qary_hard_syndrome_bf,qary_symmetric,0.5,3,20,d3ef20759633ed3a
qldpc_synth_q32_ser0p05_flen128,qldpc_reference,3,True,False,0.0546875,0.03125,0.03125,0.01875,352.0,7,267.7395000355318,candidate_failed_verification,11,0,11,0,7,channel_model=qary_symmetric; syndrome_symbols=64,32,,synthetic,32,4,qary_hard_syndrome_bf,qary_symmetric,0.5,3,20,d3ef20759633ed3a
qldpc_synth_q32_ser0p08_flen64,qldpc_reference,0,True,False,0.109375,0.0625,0.09375,0.04375,142.0,7,123.4116000123322,candidate_failed_verification,8,0,8,0,7,channel_model=qary_symmetric; syndrome_symbols=22,32,,synthetic,32,4,qary_hard_syndrome_bf,qary_symmetric,0.33,3,20,ec3c47203d968697
qldpc_synth_q32_ser0p08_flen64,qldpc_reference,1,True,False,0.0625,0.025,0.09375,0.034375,142.0,4,76.2632000260055,candidate_failed_verification,4,0,4,0,4,channel_model=qary_symmetric; syndrome_symbols=22,32,,synthetic,32,4,qary_hard_syndrome_bf,qary_symmetric,0.33,3,20,ec3c47203d968697
qldpc_synth_q32_ser0p08_flen64,qldpc_reference,2,True,True,0.046875,0.028125,0.0,0.0,142.0,3,49.91719999816269,,6,0,6,0,3,channel_model=qary_symmetric; syndrome_symbols=22,32,,synthetic,32,4,qary_hard_syndrome_bf,qary_symmetric,0.33,3,20,ec3c47203d968697
qldpc_synth_q32_ser0p08_flen64,qldpc_reference,3,True,False,0.15625,0.08125,0.21875,0.121875,142.0,9,155.0189999397844,candidate_failed_verification,10,0,10,0,9,channel_model=qary_symmetric; syndrome_symbols=22,32,,synthetic,32,4,qary_hard_syndrome_bf,qary_symmetric,0.33,3,20,ec3c47203d968697
qldpc_synth_q32_ser0p08_flen64,qldpc_reference,0,True,False,0.109375,0.0625,0.0625,0.025,142.0,7,256.2389000086114,candidate_failed_verification,8,0,8,0,7,channel_model=qary_symmetric; syndrome_symbols=22,32,,synthetic,32,4,qary_hard_syndrome_bf,qary_symmetric,0.33,3,20,0b962a07318c87cc
qldpc_synth_q32_ser0p08_flen64,qldpc_reference,1,True,False,0.0625,0.025,0.03125,0.009375,142.0,4,218.98759994655848,candidate_failed_verification,7,0,7,0,4,channel_model=qary_symmetric; syndrome_symbols=22,32,,synthetic,32,4,qary_hard_syndrome_bf,qary_symmetric,0.33,3,20,0b962a07318c87cc
qldpc_synth_q32_ser0p08_flen64,qldpc_reference,2,True,False,0.046875,0.028125,0.0625,0.025,142.0,3,86.5127999568358,candidate_failed_verification,4,0,4,0,3,channel_model=qary_symmetric; syndrome_symbols=22,32,,synthetic,32,4,qary_hard_syndrome_bf,qary_symmetric,0.33,3,20,0b962a07318c87cc
qldpc_synth_q32_ser0p08_flen64,qldpc_reference,3,True,False,0.15625,0.08125,0.1875,0.08125,142.0,9,335.0351999979466,candidate_failed_verification,12,0,12,0,9,channel_model=qary_symmetric; syndrome_symbols=22,32,,synthetic,32,4,qary_hard_syndrome_bf,qary_symmetric,0.33,3,20,0b962a07318c87cc
qldpc_synth_q32_ser0p05_flen128,qldpc_reference,0,True,True,0.03125,0.0203125,0.0,0.0,352.0,4,142.71420007571578,,13,0,13,0,4,channel_model=qary_symmetric; syndrome_symbols=64,32,,synthetic,32,4,qary_hard_syndrome_bf,qary_symmetric,0.5,4,20,70f03ad2a6815ec3
qldpc_synth_q32_ser0p05_flen128,qldpc_reference,1,True,False,0.0703125,0.0265625,0.015625,0.0046875,352.0,9,332.0784999523312,candidate_failed_verification,21,0,21,0,9,channel_model=qary_symmetric; syndrome_symbols=64,32,,synthetic,32,4,qary_hard_syndrome_bf,qary_symmetric,0.5,4,20,70f03ad2a6815ec3
qldpc_synth_q32_ser0p05_flen128,qldpc_reference,2,True,True,0.03125,0.0171875,0.0,0.0,352.0,4,468.74279994517565,,11,0,11,0,4,channel_model=qary_symmetric; syndrome_symbols=64,32,,synthetic,32,4,qary_hard_syndrome_bf,qary_symmetric,0.5,4,20,70f03ad2a6815ec3
qldpc_synth_q32_ser0p05_flen128,qldpc_reference,3,False,False,0.0546875,0.03125,0.0546875,0.0421875,352.0,20,868.0579999927431,syndrome_decode_failed,11,1,11,1,7,channel_model=qary_symmetric; syndrome_symbols=64,32,,synthetic,32,4,qary_hard_syndrome_bf,qary_symmetric,0.5,4,20,70f03ad2a6815ec3
qldpc_synth_q32_ser0p05_flen128,qldpc_reference,0,True,False,0.03125,0.0203125,0.046875,0.028125,247.0,4,231.3146999804303,candidate_failed_verification,6,0,6,0,4,channel_model=qary_symmetric; syndrome_symbols=43,32,,synthetic,32,4,qary_hard_syndrome_bf,qary_symmetric,0.33,3,20,ec3c47203d968697
qldpc_synth_q32_ser0p05_flen128,qldpc_reference,1,True,False,0.0703125,0.0265625,0.0859375,0.0484375,247.0,10,1134.4312999863178,candidate_failed_verification,13,0,13,0,10,channel_model=qary_symmetric; syndrome_symbols=43,32,,synthetic,32,4,qary_hard_syndrome_bf,qary_symmetric,0.33,3,20,ec3c47203d968697
qldpc_synth_q32_ser0p05_flen128,qldpc_reference,2,True,False,0.03125,0.0171875,0.046875,0.025,247.0,4,179.9911999842152,candidate_failed_verification,5,0,5,0,4,channel_model=qary_symmetric; syndrome_symbols=43,32,,synthetic,32,4,qary_hard_syndrome_bf,qary_symmetric,0.33,3,20,ec3c47203d968697
qldpc_synth_q32_ser0p05_flen128,qldpc_reference,3,True,False,0.0546875,0.03125,0.03125,0.01875,247.0,7,673.0030999751762,candidate_failed_verification,8,0,8,0,7,channel_model=qary_symmetric; syndrome_symbols=43,32,,synthetic,32,4,qary_hard_syndrome_bf,qary_symmetric,0.33,3,20,ec3c47203d968697
qldpc_synth_q32_ser0p05_flen128,qldpc_reference,0,True,True,0.03125,0.0203125,0.0,0.0,247.0,4,322.5279999896884,,8,0,8,0,4,channel_model=qary_symmetric; syndrome_symbols=43,32,,synthetic,32,4,qary_hard_syndrome_bf,qary_symmetric,0.33,4,20,b2c6fbab915c06c2
qldpc_synth_q32_ser0p05_flen128,qldpc_reference,1,True,False,0.0703125,0.0265625,0.03125,0.01875,247.0,9,771.3824999518692,candidate_failed_verification,16,0,16,0,9,channel_model=qary_symmetric; syndrome_symbols=43,32,,synthetic,32,4,qary_hard_syndrome_bf,qary_symmetric,0.33,4,20,b2c6fbab915c06c2
qldpc_synth_q32_ser0p05_flen128,qldpc_reference,2,True,False,0.03125,0.0171875,0.0546875,0.03125,247.0,5,345.33709997776896,candidate_failed_verification,8,0,8,0,5,channel_model=qary_symmetric; syndrome_symbols=43,32,,synthetic,32,4,qary_hard_syndrome_bf,qary_symmetric,0.33,4,20,b2c6fbab915c06c2
qldpc_synth_q32_ser0p05_flen128,qldpc_reference,3,True,False,0.0546875,0.03125,0.046875,0.0265625,247.0,7,696.9828999135643,candidate_failed_verification,10,0,10,0,7,channel_model=qary_symmetric; syndrome_symbols=43,32,,synthetic,32,4,qary_hard_syndrome_bf,qary_symmetric,0.33,4,20,b2c6fbab915c06c2
qldpc_synth_q32_ser0p05_flen128,qldpc_reference,0,True,False,0.03125,0.0203125,0.015625,0.0078125,247.0,4,514.763200073503,candidate_failed_verification,10,0,10,0,4,channel_model=qary_symmetric; syndrome_symbols=43,32,,synthetic,32,4,qary_hard_syndrome_bf,qary_symmetric,0.33,4,20,eb5e714c53e22f14
qldpc_synth_q32_ser0p05_flen128,qldpc_reference,1,True,False,0.0703125,0.0265625,0.046875,0.0203125,247.0,9,701.1755000567064,candidate_failed_verification,14,0,14,0,9,channel_model=qary_symmetric; syndrome_symbols=43,32,,synthetic,32,4,qary_hard_syndrome_bf,qary_symmetric,0.33,4,20,eb5e714c53e22f14
qldpc_synth_q32_ser0p05_flen128,qldpc_reference,2,True,True,0.03125,0.0171875,0.0,0.0,247.0,4,425.3938999027014,,10,0,10,0,4,channel_model=qary_symmetric; syndrome_symbols=43,32,,synthetic,32,4,qary_hard_syndrome_bf,qary_symmetric,0.33,4,20,eb5e714c53e22f14
qldpc_synth_q32_ser0p05_flen128,qldpc_reference,3,True,False,0.0546875,0.03125,0.046875,0.0234375,247.0,6,658.1890999805182,candidate_failed_verification,8,0,8,0,6,channel_model=qary_symmetric; syndrome_symbols=43,32,,synthetic,32,4,qary_hard_syndrome_bf,qary_symmetric,0.33,4,20,eb5e714c53e22f14
qldpc_synth_q32_ser0p08_flen64,qldpc_reference,0,True,False,0.109375,0.0625,0.0625,0.04375,142.0,7,317.39869993180037,candidate_failed_verification,9,0,9,0,7,channel_model=qary_symmetric; syndrome_symbols=22,32,,synthetic,32,4,qary_hard_syndrome_bf,qary_symmetric,0.33,4,20,b2c6fbab915c06c2
qldpc_synth_q32_ser0p08_flen64,qldpc_reference,1,True,False,0.0625,0.025,0.03125,0.015625,142.0,4,205.15199995134026,candidate_failed_verification,6,0,6,0,4,channel_model=qary_symmetric; syndrome_symbols=22,32,,synthetic,32,4,qary_hard_syndrome_bf,qary_symmetric,0.33,4,20,b2c6fbab915c06c2
qldpc_synth_q32_ser0p08_flen64,qldpc_reference,2,True,False,0.046875,0.028125,0.03125,0.015625,142.0,3,119.66570001095533,candidate_failed_verification,5,0,5,0,3,channel_model=qary_symmetric; syndrome_symbols=22,32,,synthetic,32,4,qary_hard_syndrome_bf,qary_symmetric,0.33,4,20,b2c6fbab915c06c2
qldpc_synth_q32_ser0p08_flen64,qldpc_reference,3,True,False,0.15625,0.08125,0.078125,0.034375,142.0,9,274.94430006481707,candidate_failed_verification,14,0,14,0,9,channel_model=qary_symmetric; syndrome_symbols=22,32,,synthetic,32,4,qary_hard_syndrome_bf,qary_symmetric,0.33,4,20,b2c6fbab915c06c2
qldpc_synth_q32_ser0p05_flen128,qldpc_reference,0,True,False,0.03125,0.0203125,0.015625,0.0078125,352.0,4,766.2184999790043,candidate_failed_verification,7,0,7,0,4,channel_model=qary_symmetric; syndrome_symbols=64,32,,synthetic,32,4,qary_hard_syndrome_bf,qary_symmetric,0.5,3,20,522f89e80edee7a1
qldpc_synth_q32_ser0p05_flen128,qldpc_reference,1,True,False,0.0703125,0.0265625,0.0390625,0.0171875,352.0,9,790.6805999809876,candidate_failed_verification,16,0,16,0,9,channel_model=qary_symmetric; syndrome_symbols=64,32,,synthetic,32,4,qary_hard_syndrome_bf,qary_symmetric,0.5,3,20,522f89e80edee7a1
qldpc_synth_q32_ser0p05_flen128,qldpc_reference,2,True,True,0.03125,0.0171875,0.0,0.0,352.0,4,120.33360009081662,,8,0,8,0,4,channel_model=qary_symmetric; syndrome_symbols=64,32,,synthetic,32,4,qary_hard_syndrome_bf,qary_symmetric,0.5,3,20,522f89e80edee7a1
qldpc_synth_q32_ser0p05_flen128,qldpc_reference,3,True,True,0.0546875,0.03125,0.0,0.0,352.0,7,235.6670000590384,,12,0,12,0,7,channel_model=qary_symmetric; syndrome_symbols=64,32,,synthetic,32,4,qary_hard_syndrome_bf,qary_symmetric,0.5,3,20,522f89e80edee7a1
qldpc_synth_q32_ser0p08_flen64,qldpc_reference,0,False,False,0.109375,0.0625,0.03125,0.009375,192.0,20,131.088100024499,syndrome_decode_failed,12,1,12,1,6,channel_model=qary_symmetric; syndrome_symbols=32,32,,synthetic,32,4,qary_hard_syndrome_bf,qary_symmetric,0.5,4,20,43d014f94c106833
qldpc_synth_q32_ser0p08_flen64,qldpc_reference,1,True,True,0.0625,0.025,0.0,0.0,192.0,4,60.46409998089075,,10,0,10,0,4,channel_model=qary_symmetric; syndrome_symbols=32,32,,synthetic,32,4,qary_hard_syndrome_bf,qary_symmetric,0.5,4,20,43d014f94c106833
qldpc_synth_q32_ser0p08_flen64,qldpc_reference,2,True,True,0.046875,0.028125,0.0,0.0,192.0,3,53.15900000277907,,6,0,6,0,3,channel_model=qary_symmetric; syndrome_symbols=32,32,,synthetic,32,4,qary_hard_syndrome_bf,qary_symmetric,0.5,4,20,43d014f94c106833
qldpc_synth_q32_ser0p08_flen64,qldpc_reference,3,False,False,0.15625,0.08125,0.078125,0.028125,192.0,20,174.52790006063879,syndrome_decode_failed,18,2,18,2,8,channel_model=qary_symmetric; syndrome_symbols=32,32,,synthetic,32,4,qary_hard_syndrome_bf,qary_symmetric,0.5,4,20,43d014f94c106833
qldpc_synth_q32_ser0p08_flen64,qldpc_reference,0,True,True,0.109375,0.0625,0.0,0.0,192.0,7,276.93859999999404,,10,0,10,0,7,channel_model=qary_symmetric; syndrome_symbols=32,32,,synthetic,32,4,qary_hard_syndrome_bf,qary_symmetric,0.5,3,20,522f89e80edee7a1
qldpc_synth_q32_ser0p08_flen64,qldpc_reference,1,True,False,0.0625,0.025,0.03125,0.0125,192.0,4,105.20700004417449,candidate_failed_verification,8,0,8,0,4,channel_model=qary_symmetric; syndrome_symbols=32,32,,synthetic,32,4,qary_hard_syndrome_bf,qary_symmetric,0.5,3,20,522f89e80edee7a1
qldpc_synth_q32_ser0p08_flen64,qldpc_reference,2,True,True,0.046875,0.028125,0.0,0.0,192.0,3,124.4672000175342,,4,0,4,0,3,channel_model=qary_symmetric; syndrome_symbols=32,32,,synthetic,32,4,qary_hard_syndrome_bf,qary_symmetric,0.5,3,20,522f89e80edee7a1
qldpc_synth_q32_ser0p08_flen64,qldpc_reference,3,True,False,0.15625,0.08125,0.09375,0.040625,192.0,10,415.4337999643758,candidate_failed_verification,14,0,14,0,10,channel_model=qary_symmetric; syndrome_symbols=32,32,,synthetic,32,4,qary_hard_syndrome_bf,qary_symmetric,0.5,3,20,522f89e80edee7a1
qldpc_synth_q32_ser0p08_flen64,qldpc_reference,0,True,False,0.109375,0.0625,0.03125,0.025,192.0,7,364.6207000128925,candidate_failed_verification,13,0,13,0,7,channel_model=qary_symmetric; syndrome_symbols=32,32,,synthetic,32,4,qary_hard_syndrome_bf,qary_symmetric,0.5,3,20,d3ef20759633ed3a
qldpc_synth_q32_ser0p08_flen64,qldpc_reference,1,True,False,0.0625,0.025,0.0625,0.03125,192.0,4,167.8968999767676,candidate_failed_verification,4,0,4,0,4,channel_model=qary_symmetric; syndrome_symbols=32,32,,synthetic,32,4,qary_hard_syndrome_bf,qary_symmetric,0.5,3,20,d3ef20759633ed3a
qldpc_synth_q32_ser0p08_flen64,qldpc_reference,2,True,True,0.046875,0.028125,0.0,0.0,192.0,3,144.72209999803454,,8,0,8,0,3,channel_model=qary_symmetric; syndrome_symbols=32,32,,synthetic,32,4,qary_hard_syndrome_bf,qary_symmetric,0.5,3,20,d3ef20759633ed3a
qldpc_synth_q32_ser0p08_flen64,qldpc_reference,3,True,False,0.15625,0.08125,0.125,0.075,192.0,9,367.85210005473346,candidate_failed_verification,13,0,13,0,9,channel_model=qary_symmetric; syndrome_symbols=32,32,,synthetic,32,4,qary_hard_syndrome_bf,qary_symmetric,0.5,3,20,d3ef20759633ed3a
qldpc_synth_q32_ser0p08_flen128,qldpc_reference,0,True,False,0.0703125,0.0390625,0.0625,0.03125,247.0,8,402.32830005697906,candidate_failed_verification,10,0,10,0,8,channel_model=qary_symmetric; syndrome_symbols=43,32,,synthetic,32,4,qary_hard_syndrome_bf,qary_symmetric,0.33,3,20,ec3c47203d968697
qldpc_synth_q32_ser0p08_flen128,qldpc_reference,1,True,False,0.09375,0.0453125,0.109375,0.0625,247.0,12,758.8162999600172,candidate_failed_verification,15,0,15,0,12,channel_model=qary_symmetric; syndrome_symbols=43,32,,synthetic,32,4,qary_hard_syndrome_bf,qary_symmetric,0.33,3,20,ec3c47203d968697
qldpc_synth_q32_ser0p08_flen128,qldpc_reference,2,False,False,0.0625,0.028125,0.0859375,0.0421875,247.0,20,588.8670000713319,syndrome_decode_failed,10,2,10,2,7,channel_model=qary_symmetric; syndrome_symbols=43,32,,synthetic,32,4,qary_hard_syndrome_bf,qary_symmetric,0.33,3,20,ec3c47203d968697
qldpc_synth_q32_ser0p08_flen128,qldpc_reference,3,True,False,0.0859375,0.040625,0.0625,0.0359375,247.0,9,1118.1893000612035,candidate_failed_verification,12,0,12,0,9,channel_model=qary_symmetric; syndrome_symbols=43,32,,synthetic,32,4,qary_hard_syndrome_bf,qary_symmetric,0.33,3,20,ec3c47203d968697
qldpc_synth_q32_ser0p08_flen64,qldpc_reference,0,True,False,0.109375,0.0625,0.03125,0.021875,142.0,7,185.98750000819564,candidate_failed_verification,14,0,14,0,7,channel_model=qary_symmetric; syndrome_symbols=22,32,,synthetic,32,4,qary_hard_syndrome_bf,qary_symmetric,0.33,4,20,eb5e714c53e22f14
qldpc_synth_q32_ser0p08_flen64,qldpc_reference,1,True,False,0.0625,0.025,0.046875,0.028125,142.0,4,146.9619000563398,candidate_failed_verification,5,0,5,0,4,channel_model=qary_symmetric; syndrome_symbols=22,32,,synthetic,32,4,qary_hard_syndrome_bf,qary_symmetric,0.33,4,20,eb5e714c53e22f14
qldpc_synth_q32_ser0p08_flen64,qldpc_reference,2,True,True,0.046875,0.028125,0.0,0.0,142.0,3,109.87100005149841,,5,0,5,0,3,channel_model=qary_symmetric; syndrome_symbols=22,32,,synthetic,32,4,qary_hard_syndrome_bf,qary_symmetric,0.33,4,20,eb5e714c53e22f14
qldpc_synth_q32_ser0p08_flen64,qldpc_reference,3,False,False,0.15625,0.08125,0.15625,0.084375,142.0,20,377.26009998004884,syndrome_decode_failed,11,1,11,1,10,channel_model=qary_symmetric; syndrome_symbols=22,32,,synthetic,32,4,qary_hard_syndrome_bf,qary_symmetric,0.33,4,20,eb5e714c53e22f14
qldpc_synth_q32_ser0p08_flen128,qldpc_reference,0,True,False,0.0703125,0.0390625,0.0625,0.0296875,247.0,9,687.6870999112725,candidate_failed_verification,12,0,12,0,9,channel_model=qary_symmetric; syndrome_symbols=43,32,,synthetic,32,4,qary_hard_syndrome_bf,qary_symmetric,0.33,3,20,0b962a07318c87cc
qldpc_synth_q32_ser0p08_flen128,qldpc_reference,1,True,False,0.09375,0.0453125,0.0390625,0.0265625,247.0,10,1035.5376999359578,candidate_failed_verification,15,0,15,0,10,channel_model=qary_symmetric; syndrome_symbols=43,32,,synthetic,32,4,qary_hard_syndrome_bf,qary_symmetric,0.33,3,20,0b962a07318c87cc
qldpc_synth_q32_ser0p08_flen128,qldpc_reference,2,True,False,0.0625,0.028125,0.046875,0.01875,247.0,8,563.8239000691101,candidate_failed_verification,10,0,10,0,8,channel_model=qary_symmetric; syndrome_symbols=43,32,,synthetic,32,4,qary_hard_syndrome_bf,qary_symmetric,0.33,3,20,0b962a07318c87cc
qldpc_synth_q32_ser0p08_flen128,qldpc_reference,3,True,False,0.0859375,0.040625,0.0625,0.028125,247.0,9,520.259500015527,candidate_failed_verification,11,0,11,0,9,channel_model=qary_symmetric; syndrome_symbols=43,32,,synthetic,32,4,qary_hard_syndrome_bf,qary_symmetric,0.33,3,20,0b962a07318c87cc
qldpc_synth_q32_ser0p08_flen128,qldpc_reference,0,True,False,0.0703125,0.0390625,0.046875,0.028125,352.0,8,292.04219998791814,candidate_failed_verification,11,0,11,0,8,channel_model=qary_symmetric; syndrome_symbols=64,32,,synthetic,32,4,qary_hard_syndrome_bf,qary_symmetric,0.5,3,20,d3ef20759633ed3a
qldpc_synth_q32_ser0p08_flen128,qldpc_reference,1,True,False,0.09375,0.0453125,0.046875,0.0265625,352.0,12,452.8597000753507,candidate_failed_verification,20,0,20,0,12,channel_model=qary_symmetric; syndrome_symbols=64,32,,synthetic,32,4,qary_hard_syndrome_bf,qary_symmetric,0.5,3,20,d3ef20759633ed3a
qldpc_synth_q32_ser0p08_flen128,qldpc_reference,2,True,False,0.0625,0.028125,0.0390625,0.0140625,352.0,9,646.2715000379831,candidate_failed_verification,16,0,16,0,9,channel_model=qary_symmetric; syndrome_symbols=64,32,,synthetic,32,4,qary_hard_syndrome_bf,qary_symmetric,0.5,3,20,d3ef20759633ed3a
qldpc_synth_q32_ser0p08_flen128,qldpc_reference,3,False,False,0.0859375,0.040625,0.046875,0.0296875,352.0,20,1708.4114000899717,syndrome_decode_failed,19,2,19,2,10,channel_model=qary_symmetric; syndrome_symbols=64,32,,synthetic,32,4,qary_hard_syndrome_bf,qary_symmetric,0.5,3,20,d3ef20759633ed3a
qldpc_synth_q32_ser0p08_flen128,qldpc_reference,0,True,True,0.0703125,0.0390625,0.0,0.0,352.0,9,593.2250999612734,,25,0,25,0,9,channel_model=qary_symmetric; syndrome_symbols=64,32,,synthetic,32,4,qary_hard_syndrome_bf,qary_symmetric,0.5,4,20,43d014f94c106833
qldpc_synth_q32_ser0p08_flen128,qldpc_reference,1,True,False,0.09375,0.0453125,0.015625,0.0078125,352.0,12,1207.4317999649793,candidate_failed_verification,23,0,23,0,12,channel_model=qary_symmetric; syndrome_symbols=64,32,,synthetic,32,4,qary_hard_syndrome_bf,qary_symmetric,0.5,4,20,43d014f94c106833
qldpc_synth_q32_ser0p08_flen128,qldpc_reference,2,False,False,0.0625,0.028125,0.0390625,0.021875,352.0,20,743.2628000387922,syndrome_decode_failed,15,1,15,1,8,channel_model=qary_symmetric; syndrome_symbols=64,32,,synthetic,32,4,qary_hard_syndrome_bf,qary_symmetric,0.5,4,20,43d014f94c106833
qldpc_synth_q32_ser0p08_flen128,qldpc_reference,3,True,True,0.0859375,0.040625,0.0,0.0,352.0,11,1140.1900999480858,,26,0,26,0,11,channel_model=qary_symmetric; syndrome_symbols=64,32,,synthetic,32,4,qary_hard_syndrome_bf,qary_symmetric,0.5,4,20,43d014f94c106833
qldpc_synth_q32_ser0p08_flen128,qldpc_reference,0,False,False,0.0703125,0.0390625,0.0859375,0.040625,247.0,20,1048.258600058034,syndrome_decode_failed,12,1,12,1,8,channel_model=qary_symmetric; syndrome_symbols=43,32,,synthetic,32,4,qary_hard_syndrome_bf,qary_symmetric,0.33,4,20,eb5e714c53e22f14
qldpc_synth_q32_ser0p08_flen128,qldpc_reference,1,True,False,0.09375,0.0453125,0.1171875,0.0578125,247.0,13,1354.5723999850452,candidate_failed_verification,17,0,17,0,13,channel_model=qary_symmetric; syndrome_symbols=43,32,,synthetic,32,4,qary_hard_syndrome_bf,qary_symmetric,0.33,4,20,eb5e714c53e22f14
qldpc_synth_q32_ser0p08_flen128,qldpc_reference,2,True,False,0.0625,0.028125,0.046875,0.021875,247.0,8,737.1358999516815,candidate_failed_verification,13,0,13,0,8,channel_model=qary_symmetric; syndrome_symbols=43,32,,synthetic,32,4,qary_hard_syndrome_bf,qary_symmetric,0.33,4,20,eb5e714c53e22f14
qldpc_synth_q32_ser0p08_flen128,qldpc_reference,3,True,False,0.0859375,0.040625,0.0625,0.0296875,247.0,9,1041.139499982819,candidate_failed_verification,12,0,12,0,9,channel_model=qary_symmetric; syndrome_symbols=43,32,,synthetic,32,4,qary_hard_syndrome_bf,qary_symmetric,0.33,4,20,eb5e714c53e22f14
qldpc_synth_q32_ser0p08_flen128,qldpc_reference,0,True,False,0.0703125,0.0390625,0.015625,0.0109375,247.0,8,924.5105000445619,candidate_failed_verification,16,0,16,0,8,channel_model=qary_symmetric; syndrome_symbols=43,32,,synthetic,32,4,qary_hard_syndrome_bf,qary_symmetric,0.33,4,20,b2c6fbab915c06c2
qldpc_synth_q32_ser0p08_flen128,qldpc_reference,1,True,False,0.09375,0.0453125,0.046875,0.0265625,247.0,12,999.9634999549016,candidate_failed_verification,21,0,21,0,12,channel_model=qary_symmetric; syndrome_symbols=43,32,,synthetic,32,4,qary_hard_syndrome_bf,qary_symmetric,0.33,4,20,b2c6fbab915c06c2
qldpc_synth_q32_ser0p08_flen128,qldpc_reference,2,True,False,0.0625,0.028125,0.125,0.0640625,247.0,10,783.3821999374777,candidate_failed_verification,13,0,13,0,10,channel_model=qary_symmetric; syndrome_symbols=43,32,,synthetic,32,4,qary_hard_syndrome_bf,qary_symmetric,0.33,4,20,b2c6fbab915c06c2
qldpc_synth_q32_ser0p08_flen128,qldpc_reference,3,True,False,0.0859375,0.040625,0.0703125,0.0359375,247.0,11,1352.7536999899894,candidate_failed_verification,17,0,17,0,11,channel_model=qary_symmetric; syndrome_symbols=43,32,,synthetic,32,4,qary_hard_syndrome_bf,qary_symmetric,0.33,4,20,b2c6fbab915c06c2
qldpc_synth_q32_ser0p08_flen128,qldpc_reference,0,True,False,0.0703125,0.0390625,0.015625,0.0078125,352.0,9,1410.513999988325,candidate_failed_verification,20,0,20,0,9,channel_model=qary_symmetric; syndrome_symbols=64,32,,synthetic,32,4,qary_hard_syndrome_bf,qary_symmetric,0.5,4,20,70f03ad2a6815ec3
qldpc_synth_q32_ser0p08_flen128,qldpc_reference,1,True,False,0.09375,0.0453125,0.03125,0.015625,352.0,12,973.952200030908,candidate_failed_verification,25,0,25,0,12,channel_model=qary_symmetric; syndrome_symbols=64,32,,synthetic,32,4,qary_hard_syndrome_bf,qary_symmetric,0.5,4,20,70f03ad2a6815ec3
qldpc_synth_q32_ser0p08_flen128,qldpc_reference,2,False,False,0.0625,0.028125,0.046875,0.0234375,352.0,20,1010.2967000566423,syndrome_decode_failed,16,1,16,1,8,channel_model=qary_symmetric; syndrome_symbols=64,32,,synthetic,32,4,qary_hard_syndrome_bf,qary_symmetric,0.5,4,20,70f03ad2a6815ec3
qldpc_synth_q32_ser0p08_flen128,qldpc_reference,3,False,False,0.0859375,0.040625,0.0546875,0.034375,352.0,20,1753.9193999255076,syndrome_decode_failed,17,1,17,1,11,channel_model=qary_symmetric; syndrome_symbols=64,32,,synthetic,32,4,qary_hard_syndrome_bf,qary_symmetric,0.5,4,20,70f03ad2a6815ec3
real_typeii_20db_d16_bw100_blk0,qldpc_reference,0,False,False,0.265625,0.09765625,0.3125,0.1328125,120.0,20,333.1904000369832,syndrome_decode_failed,19,1,19,1,13,channel_model=qary_symmetric; syndrome_symbols=22,16,100,real_data,16,4,qary_hard_syndrome_bf,qary_symmetric,0.33,3,20,ec3c47203d968697
real_typeii_20db_d16_bw100_blk0,qldpc_reference,1,True,False,0.140625,0.0546875,0.15625,0.07421875,120.0,8,147.56710000801831,candidate_failed_verification,12,0,12,0,8,channel_model=qary_symmetric; syndrome_symbols=22,16,100,real_data,16,4,qary_hard_syndrome_bf,qary_symmetric,0.33,3,20,ec3c47203d968697
real_typeii_20db_d16_bw100_blk0,qldpc_reference,2,True,False,0.171875,0.04296875,0.171875,0.05859375,120.0,11,489.2719999188557,candidate_failed_verification,16,0,16,0,11,channel_model=qary_symmetric; syndrome_symbols=22,16,100,real_data,16,4,qary_hard_syndrome_bf,qary_symmetric,0.33,3,20,ec3c47203d968697
real_typeii_20db_d16_bw100_blk0,qldpc_reference,3,False,False,0.21875,0.0625,0.296875,0.125,120.0,20,484.5887999981642,syndrome_decode_failed,13,1,13,1,11,channel_model=qary_symmetric; syndrome_symbols=22,16,100,real_data,16,4,qary_hard_syndrome_bf,qary_symmetric,0.33,3,20,ec3c47203d968697
qldpc_synth_q32_ser0p08_flen128,qldpc_reference,0,True,False,0.0703125,0.0390625,0.015625,0.0125,352.0,9,1032.948200008832,candidate_failed_verification,16,0,16,0,9,channel_model=qary_symmetric; syndrome_symbols=64,32,,synthetic,32,4,qary_hard_syndrome_bf,qary_symmetric,0.5,3,20,522f89e80edee7a1
qldpc_synth_q32_ser0p08_flen128,qldpc_reference,1,True,False,0.09375,0.0453125,0.0546875,0.03125,352.0,12,1648.1246000621468,candidate_failed_verification,21,0,21,0,12,channel_model=qary_symmetric; syndrome_symbols=64,32,,synthetic,32,4,qary_hard_syndrome_bf,qary_symmetric,0.5,3,20,522f89e80edee7a1
qldpc_synth_q32_ser0p08_flen128,qldpc_reference,2,True,True,0.0625,0.028125,0.0,0.0,352.0,8,646.9732000259683,,15,0,15,0,8,channel_model=qary_symmetric; syndrome_symbols=64,32,,synthetic,32,4,qary_hard_syndrome_bf,qary_symmetric,0.5,3,20,522f89e80edee7a1
qldpc_synth_q32_ser0p08_flen128,qldpc_reference,3,True,False,0.0859375,0.040625,0.015625,0.0078125,352.0,11,854.129399987869,candidate_failed_verification,20,0,20,0,11,channel_model=qary_symmetric; syndrome_symbols=64,32,,synthetic,32,4,qary_hard_syndrome_bf,qary_symmetric,0.5,3,20,522f89e80edee7a1
qldpc_synth_q32_ser0p05_flen128,qldpc_reference,0,True,True,0.03125,0.0203125,0.0,0.0,352.0,4,759.5473999390379,,11,0,11,0,4,channel_model=qary_symmetric; syndrome_symbols=64,32,,synthetic,32,4,qary_hard_syndrome_bf,qary_symmetric,0.5,4,20,43d014f94c106833
qldpc_synth_q32_ser0p05_flen128,qldpc_reference,1,True,False,0.0703125,0.0265625,0.015625,0.0046875,352.0,9,681.9691999116912,candidate_failed_verification,17,0,17,0,9,channel_model=qary_symmetric; syndrome_symbols=64,32,,synthetic,32,4,qary_hard_syndrome_bf,qary_symmetric,0.5,4,20,43d014f94c106833
qldpc_synth_q32_ser0p05_flen128,qldpc_reference,2,True,True,0.03125,0.0171875,0.0,0.0,352.0,4,212.1018999023363,,8,0,8,0,4,channel_model=qary_symmetric; syndrome_symbols=64,32,,synthetic,32,4,qary_hard_syndrome_bf,qary_symmetric,0.5,4,20,43d014f94c106833
qldpc_synth_q32_ser0p05_flen128,qldpc_reference,3,True,True,0.0546875,0.03125,0.0,0.0,352.0,7,325.07590006571263,,16,0,16,0,7,channel_model=qary_symmetric; syndrome_symbols=64,32,,synthetic,32,4,qary_hard_syndrome_bf,qary_symmetric,0.5,4,20,43d014f94c106833
real_typeii_20db_d16_bw100_blk0,qldpc_reference,0,False,False,0.265625,0.09765625,0.28125,0.11328125,160.0,20,145.9418999729678,syndrome_decode_failed,22,2,22,2,14,channel_model=qary_symmetric; syndrome_symbols=32,16,100,real_data,16,4,qary_hard_syndrome_bf,qary_symmetric,0.5,3,20,d3ef20759633ed3a
real_typeii_20db_d16_bw100_blk0,qldpc_reference,1,False,False,0.140625,0.0546875,0.125,0.07421875,160.0,20,70.68699994124472,syndrome_decode_failed,11,2,11,2,7,channel_model=qary_symmetric; syndrome_symbols=32,16,100,real_data,16,4,qary_hard_syndrome_bf,qary_symmetric,0.5,3,20,d3ef20759633ed3a
real_typeii_20db_d16_bw100_blk0,qldpc_reference,2,True,False,0.171875,0.04296875,0.125,0.05078125,160.0,10,95.42939998209476,candidate_failed_verification,13,0,13,0,10,channel_model=qary_symmetric; syndrome_symbols=32,16,100,real_data,16,4,qary_hard_syndrome_bf,qary_symmetric,0.5,3,20,d3ef20759633ed3a
real_typeii_20db_d16_bw100_blk0,qldpc_reference,3,True,False,0.21875,0.0625,0.25,0.109375,160.0,11,98.97099994122982,candidate_failed_verification,14,0,14,0,11,channel_model=qary_symmetric; syndrome_symbols=32,16,100,real_data,16,4,qary_hard_syndrome_bf,qary_symmetric,0.5,3,20,d3ef20759633ed3a
real_typeii_20db_d16_bw100_blk0,qldpc_reference,0,False,False,0.265625,0.09765625,0.1875,0.078125,160.0,20,146.77909994497895,syndrome_decode_failed,21,1,21,1,14,channel_model=qary_symmetric; syndrome_symbols=32,16,100,real_data,16,4,qary_hard_syndrome_bf,qary_symmetric,0.5,4,20,70f03ad2a6815ec3
real_typeii_20db_d16_bw100_blk0,qldpc_reference,1,False,False,0.140625,0.0546875,0.171875,0.0859375,160.0,20,80.40540001820773,syndrome_decode_failed,14,3,14,3,8,channel_model=qary_symmetric; syndrome_symbols=32,16,100,real_data,16,4,qary_hard_syndrome_bf,qary_symmetric,0.5,4,20,70f03ad2a6815ec3
real_typeii_20db_d16_bw100_blk0,qldpc_reference,2,False,False,0.171875,0.04296875,0.140625,0.046875,160.0,20,89.00059992447495,syndrome_decode_failed,14,3,14,3,8,channel_model=qary_symmetric; syndrome_symbols=32,16,100,real_data,16,4,qary_hard_syndrome_bf,qary_symmetric,0.5,4,20,70f03ad2a6815ec3
real_typeii_20db_d16_bw100_blk0,qldpc_reference,3,False,False,0.21875,0.0625,0.234375,0.09765625,160.0,20,101.4877000125125,syndrome_decode_failed,20,5,20,5,10,channel_model=qary_symmetric; syndrome_symbols=32,16,100,real_data,16,4,qary_hard_syndrome_bf,qary_symmetric,0.5,4,20,70f03ad2a6815ec3
real_typeii_20db_d16_bw100_blk0,qldpc_reference,0,False,False,0.265625,0.09765625,0.1875,0.078125,160.0,20,133.65289999637753,syndrome_decode_failed,21,1,21,1,14,channel_model=qary_symmetric; syndrome_symbols=32,16,100,real_data,16,4,qary_hard_syndrome_bf,qary_symmetric,0.33,4,20,b2c6fbab915c06c2
real_typeii_20db_d16_bw100_blk0,qldpc_reference,1,False,False,0.140625,0.0546875,0.171875,0.0859375,160.0,20,87.56970008835196,syndrome_decode_failed,14,3,14,3,8,channel_model=qary_symmetric; syndrome_symbols=32,16,100,real_data,16,4,qary_hard_syndrome_bf,qary_symmetric,0.33,4,20,b2c6fbab915c06c2
real_typeii_20db_d16_bw100_blk0,qldpc_reference,2,False,False,0.171875,0.04296875,0.140625,0.046875,160.0,20,83.6833999492228,syndrome_decode_failed,14,3,14,3,8,channel_model=qary_symmetric; syndrome_symbols=32,16,100,real_data,16,4,qary_hard_syndrome_bf,qary_symmetric,0.33,4,20,b2c6fbab915c06c2
real_typeii_20db_d16_bw100_blk0,qldpc_reference,3,False,False,0.21875,0.0625,0.234375,0.09765625,160.0,20,169.4991000695154,syndrome_decode_failed,20,5,20,5,10,channel_model=qary_symmetric; syndrome_symbols=32,16,100,real_data,16,4,qary_hard_syndrome_bf,qary_symmetric,0.33,4,20,b2c6fbab915c06c2
qldpc_synth_q32_ser0p08_flen64,qldpc_reference,0,True,False,0.109375,0.0625,0.03125,0.01875,192.0,7,185.211900039576,candidate_failed_verification,17,0,17,0,7,channel_model=qary_symmetric; syndrome_symbols=32,32,,synthetic,32,4,qary_hard_syndrome_bf,qary_symmetric,0.5,4,20,70f03ad2a6815ec3
qldpc_synth_q32_ser0p08_flen64,qldpc_reference,1,True,False,0.0625,0.025,0.046875,0.028125,192.0,4,70.66339999437332,candidate_failed_verification,6,0,6,0,4,channel_model=qary_symmetric; syndrome_symbols=32,32,,synthetic,32,4,qary_hard_syndrome_bf,qary_symmetric,0.5,4,20,70f03ad2a6815ec3
qldpc_synth_q32_ser0p08_flen64,qldpc_reference,2,True,False,0.046875,0.028125,0.03125,0.021875,192.0,3,40.991000016219914,candidate_failed_verification,6,0,6,0,3,channel_model=qary_symmetric; syndrome_symbols=32,32,,synthetic,32,4,qary_hard_syndrome_bf,qary_symmetric,0.5,4,20,70f03ad2a6815ec3
qldpc_synth_q32_ser0p08_flen64,qldpc_reference,3,True,False,0.15625,0.08125,0.078125,0.03125,192.0,10,366.35339993517846,candidate_failed_verification,15,0,15,0,10,channel_model=qary_symmetric; syndrome_symbols=32,32,,synthetic,32,4,qary_hard_syndrome_bf,qary_symmetric,0.5,4,20,70f03ad2a6815ec3
real_typeii_20db_d16_bw120_blk0,qldpc_reference,0,False,False,0.25,0.08984375,0.34375,0.15234375,120.0,20,133.4957000799477,syndrome_decode_failed,12,1,12,1,9,channel_model=qary_symmetric; syndrome_symbols=22,16,120,real_data,16,4,qary_hard_syndrome_bf,qary_symmetric,0.33,3,20,ec3c47203d968697
real_typeii_20db_d16_bw120_blk0,qldpc_reference,1,True,False,0.078125,0.03125,0.09375,0.0390625,120.0,5,101.82949993759394,candidate_failed_verification,5,0,5,0,5,channel_model=qary_symmetric; syndrome_symbols=22,16,120,real_data,16,4,qary_hard_syndrome_bf,qary_symmetric,0.33,3,20,ec3c47203d968697
real_typeii_20db_d16_bw120_blk0,qldpc_reference,2,True,False,0.09375,0.03125,0.09375,0.05078125,120.0,6,142.92219991330057,candidate_failed_verification,9,0,9,0,6,channel_model=qary_symmetric; syndrome_symbols=22,16,120,real_data,16,4,qary_hard_syndrome_bf,qary_symmetric,0.33,3,20,ec3c47203d968697
real_typeii_20db_d16_bw120_blk0,qldpc_reference,3,True,False,0.203125,0.07421875,0.171875,0.09765625,120.0,12,232.94979997444898,candidate_failed_verification,13,0,13,0,12,channel_model=qary_symmetric; syndrome_symbols=22,16,120,real_data,16,4,qary_hard_syndrome_bf,qary_symmetric,0.33,3,20,ec3c47203d968697
real_typeii_20db_d16_bw100_blk0,qldpc_reference,0,False,False,0.265625,0.09765625,0.1875,0.078125,160.0,20,203.2219999236986,syndrome_decode_failed,21,1,21,1,14,channel_model=qary_symmetric; syndrome_symbols=32,16,100,real_data,16,4,qary_hard_syndrome_bf,qary_symmetric,0.5,3,20,522f89e80edee7a1
real_typeii_20db_d16_bw100_blk0,qldpc_reference,1,False,False,0.140625,0.0546875,0.171875,0.0859375,160.0,20,101.12949996255338,syndrome_decode_failed,14,3,14,3,8,channel_model=qary_symmetric; syndrome_symbols=32,16,100,real_data,16,4,qary_hard_syndrome_bf,qary_symmetric,0.5,3,20,522f89e80edee7a1
real_typeii_20db_d16_bw100_blk0,qldpc_reference,2,False,False,0.171875,0.04296875,0.140625,0.046875,160.0,20,84.65940004680306,syndrome_decode_failed,14,3,14,3,8,channel_model=qary_symmetric; syndrome_symbols=32,16,100,real_data,16,4,qary_hard_syndrome_bf,qary_symmetric,0.5,3,20,522f89e80edee7a1
real_typeii_20db_d16_bw100_blk0,qldpc_reference,3,False,False,0.21875,0.0625,0.234375,0.09765625,160.0,20,172.69759997725487,syndrome_decode_failed,20,5,20,5,10,channel_model=qary_symmetric; syndrome_symbols=32,16,100,real_data,16,4,qary_hard_syndrome_bf,qary_symmetric,0.5,3,20,522f89e80edee7a1
real_typeii_20db_d16_bw100_blk0,qldpc_reference,0,False,False,0.265625,0.09765625,0.28125,0.11328125,160.0,20,205.71880007628351,syndrome_decode_failed,22,2,22,2,14,channel_model=qary_symmetric; syndrome_symbols=32,16,100,real_data,16,4,qary_hard_syndrome_bf,qary_symmetric,0.33,3,20,0b962a07318c87cc
real_typeii_20db_d16_bw100_blk0,qldpc_reference,1,False,False,0.140625,0.0546875,0.125,0.07421875,160.0,20,78.48199992440641,syndrome_decode_failed,11,2,11,2,7,channel_model=qary_symmetric; syndrome_symbols=32,16,100,real_data,16,4,qary_hard_syndrome_bf,qary_symmetric,0.33,3,20,0b962a07318c87cc
real_typeii_20db_d16_bw100_blk0,qldpc_reference,2,True,False,0.171875,0.04296875,0.125,0.05078125,160.0,10,84.99320002738386,candidate_failed_verification,13,0,13,0,10,channel_model=qary_symmetric; syndrome_symbols=32,16,100,real_data,16,4,qary_hard_syndrome_bf,qary_symmetric,0.33,3,20,0b962a07318c87cc
real_typeii_20db_d16_bw100_blk0,qldpc_reference,3,True,False,0.21875,0.0625,0.25,0.109375,160.0,11,104.57750002387911,candidate_failed_verification,14,0,14,0,11,channel_model=qary_symmetric; syndrome_symbols=32,16,100,real_data,16,4,qary_hard_syndrome_bf,qary_symmetric,0.33,3,20,0b962a07318c87cc
real_typeii_20db_d16_bw120_blk0,qldpc_reference,0,False,False,0.25,0.08984375,0.203125,0.07421875,160.0,20,120.9619001019746,syndrome_decode_failed,21,3,21,3,12,channel_model=qary_symmetric; syndrome_symbols=32,16,120,real_data,16,4,qary_hard_syndrome_bf,qary_symmetric,0.33,3,20,0b962a07318c87cc
real_typeii_20db_d16_bw120_blk0,qldpc_reference,1,True,False,0.078125,0.03125,0.03125,0.0078125,160.0,5,40.02349998336285,candidate_failed_verification,7,0,7,0,5,channel_model=qary_symmetric; syndrome_symbols=32,16,120,real_data,16,4,qary_hard_syndrome_bf,qary_symmetric,0.33,3,20,0b962a07318c87cc
real_typeii_20db_d16_bw120_blk0,qldpc_reference,2,True,False,0.09375,0.03125,0.0625,0.03515625,160.0,6,48.70070004835725,candidate_failed_verification,12,0,12,0,6,channel_model=qary_symmetric; syndrome_symbols=32,16,120,real_data,16,4,qary_hard_syndrome_bf,qary_symmetric,0.33,3,20,0b962a07318c87cc
real_typeii_20db_d16_bw120_blk0,qldpc_reference,3,False,False,0.203125,0.07421875,0.15625,0.06640625,160.0,20,124.50530007481575,syndrome_decode_failed,19,2,19,2,12,channel_model=qary_symmetric; syndrome_symbols=32,16,120,real_data,16,4,qary_hard_syndrome_bf,qary_symmetric,0.33,3,20,0b962a07318c87cc
real_typeii_20db_d16_bw100_blk0,qldpc_reference,0,False,False,0.265625,0.09765625,0.1875,0.078125,160.0,20,138.5491999099031,syndrome_decode_failed,21,1,21,1,14,channel_model=qary_symmetric; syndrome_symbols=32,16,100,real_data,16,4,qary_hard_syndrome_bf,qary_symmetric,0.33,4,20,eb5e714c53e22f14
real_typeii_20db_d16_bw100_blk0,qldpc_reference,1,False,False,0.140625,0.0546875,0.171875,0.0859375,160.0,20,82.26379996631294,syndrome_decode_failed,14,3,14,3,8,channel_model=qary_symmetric; syndrome_symbols=32,16,100,real_data,16,4,qary_hard_syndrome_bf,qary_symmetric,0.33,4,20,eb5e714c53e22f14
real_typeii_20db_d16_bw100_blk0,qldpc_reference,2,False,False,0.171875,0.04296875,0.140625,0.046875,160.0,20,89.2153000459075,syndrome_decode_failed,14,3,14,3,8,channel_model=qary_symmetric; syndrome_symbols=32,16,100,real_data,16,4,qary_hard_syndrome_bf,qary_symmetric,0.33,4,20,eb5e714c53e22f14
real_typeii_20db_d16_bw100_blk0,qldpc_reference,3,False,False,0.21875,0.0625,0.234375,0.09765625,160.0,20,209.69879999756813,syndrome_decode_failed,20,5,20,5,10,channel_model=qary_symmetric; syndrome_symbols=32,16,100,real_data,16,4,qary_hard_syndrome_bf,qary_symmetric,0.33,4,20,eb5e714c53e22f14
real_typeii_20db_d16_bw100_blk0,qldpc_reference,0,False,False,0.265625,0.09765625,0.1875,0.078125,160.0,20,228.35599991958588,syndrome_decode_failed,21,1,21,1,14,channel_model=qary_symmetric; syndrome_symbols=32,16,100,real_data,16,4,qary_hard_syndrome_bf,qary_symmetric,0.5,4,20,43d014f94c106833
real_typeii_20db_d16_bw100_blk0,qldpc_reference,1,False,False,0.140625,0.0546875,0.171875,0.0859375,160.0,20,88.42859999276698,syndrome_decode_failed,14,3,14,3,8,channel_model=qary_symmetric; syndrome_symbols=32,16,100,real_data,16,4,qary_hard_syndrome_bf,qary_symmetric,0.5,4,20,43d014f94c106833
real_typeii_20db_d16_bw100_blk0,qldpc_reference,2,False,False,0.171875,0.04296875,0.140625,0.046875,160.0,20,156.9797999691218,syndrome_decode_failed,14,3,14,3,8,channel_model=qary_symmetric; syndrome_symbols=32,16,100,real_data,16,4,qary_hard_syndrome_bf,qary_symmetric,0.5,4,20,43d014f94c106833
real_typeii_20db_d16_bw100_blk0,qldpc_reference,3,False,False,0.21875,0.0625,0.234375,0.09765625,160.0,20,222.02390001621097,syndrome_decode_failed,20,5,20,5,10,channel_model=qary_symmetric; syndrome_symbols=32,16,100,real_data,16,4,qary_hard_syndrome_bf,qary_symmetric,0.5,4,20,43d014f94c106833
real_typeii_20db_d16_bw120_blk0,qldpc_reference,0,False,False,0.25,0.08984375,0.203125,0.09765625,160.0,20,145.48649999778718,syndrome_decode_failed,22,3,22,3,12,channel_model=qary_symmetric; syndrome_symbols=32,16,120,real_data,16,4,qary_hard_syndrome_bf,qary_symmetric,0.33,4,20,b2c6fbab915c06c2
real_typeii_20db_d16_bw120_blk0,qldpc_reference,1,False,False,0.078125,0.03125,0.03125,0.0234375,160.0,20,65.56879996787757,syndrome_decode_failed,10,1,10,1,4,channel_model=qary_symmetric; syndrome_symbols=32,16,120,real_data,16,4,qary_hard_syndrome_bf,qary_symmetric,0.33,4,20,b2c6fbab915c06c2
real_typeii_20db_d16_bw120_blk0,qldpc_reference,2,True,False,0.09375,0.03125,0.03125,0.01953125,160.0,6,51.137899979949,candidate_failed_verification,15,0,15,0,6,channel_model=qary_symmetric; syndrome_symbols=32,16,120,real_data,16,4,qary_hard_syndrome_bf,qary_symmetric,0.33,4,20,b2c6fbab915c06c2
real_typeii_20db_d16_bw120_blk0,qldpc_reference,3,True,False,0.203125,0.07421875,0.140625,0.0703125,160.0,14,140.15899994410574,candidate_failed_verification,23,0,23,0,14,channel_model=qary_symmetric; syndrome_symbols=32,16,120,real_data,16,4,qary_hard_syndrome_bf,qary_symmetric,0.33,4,20,b2c6fbab915c06c2
real_typeii_20db_d16_bw150_blk0,qldpc_reference,0,True,False,0.125,0.06640625,0.125,0.0703125,120.0,8,62.84490006510168,candidate_failed_verification,14,0,14,0,8,channel_model=qary_symmetric; syndrome_symbols=22,16,150,real_data,16,4,qary_hard_syndrome_bf,qary_symmetric,0.33,3,20,0b962a07318c87cc
real_typeii_20db_d16_bw150_blk0,qldpc_reference,1,True,False,0.109375,0.03515625,0.09375,0.046875,120.0,7,59.86579996533692,candidate_failed_verification,10,0,10,0,7,channel_model=qary_symmetric; syndrome_symbols=22,16,150,real_data,16,4,qary_hard_syndrome_bf,qary_symmetric,0.33,3,20,0b962a07318c87cc
real_typeii_20db_d16_bw150_blk0,qldpc_reference,2,True,False,0.09375,0.03125,0.09375,0.05078125,120.0,6,58.99439996574074,candidate_failed_verification,10,0,10,0,6,channel_model=qary_symmetric; syndrome_symbols=22,16,150,real_data,16,4,qary_hard_syndrome_bf,qary_symmetric,0.33,3,20,0b962a07318c87cc
real_typeii_20db_d16_bw150_blk0,qldpc_reference,3,True,False,0.171875,0.06640625,0.171875,0.07421875,120.0,8,66.99999992270023,candidate_failed_verification,9,0,9,0,8,channel_model=qary_symmetric; syndrome_symbols=22,16,150,real_data,16,4,qary_hard_syndrome_bf,qary_symmetric,0.33,3,20,0b962a07318c87cc
real_typeii_20db_d16_bw150_blk0,qldpc_reference,0,True,False,0.125,0.06640625,0.0625,0.03125,120.0,8,72.86359998397529,candidate_failed_verification,12,0,12,0,8,channel_model=qary_symmetric; syndrome_symbols=22,16,150,real_data,16,4,qary_hard_syndrome_bf,qary_symmetric,0.33,4,20,b2c6fbab915c06c2
real_typeii_20db_d16_bw150_blk0,qldpc_reference,1,True,False,0.109375,0.03515625,0.140625,0.06640625,120.0,7,59.63810009416193,candidate_failed_verification,8,0,8,0,7,channel_model=qary_symmetric; syndrome_symbols=22,16,150,real_data,16,4,qary_hard_syndrome_bf,qary_symmetric,0.33,4,20,b2c6fbab915c06c2
real_typeii_20db_d16_bw150_blk0,qldpc_reference,2,True,False,0.09375,0.03125,0.0625,0.01953125,120.0,6,58.64920001477003,candidate_failed_verification,11,0,11,0,6,channel_model=qary_symmetric; syndrome_symbols=22,16,150,real_data,16,4,qary_hard_syndrome_bf,qary_symmetric,0.33,4,20,b2c6fbab915c06c2
real_typeii_20db_d16_bw150_blk0,qldpc_reference,3,True,False,0.171875,0.06640625,0.125,0.05859375,120.0,10,88.87069998309016,candidate_failed_verification,16,0,16,0,10,channel_model=qary_symmetric; syndrome_symbols=22,16,150,real_data,16,4,qary_hard_syndrome_bf,qary_symmetric,0.33,4,20,b2c6fbab915c06c2
real_typeii_20db_d16_bw150_blk0,qldpc_reference,0,True,False,0.125,0.06640625,0.109375,0.05859375,120.0,7,60.91299990657717,candidate_failed_verification,10,0,10,0,7,channel_model=qary_symmetric; syndrome_symbols=22,16,150,real_data,16,4,qary_hard_syndrome_bf,qary_symmetric,0.33,4,20,eb5e714c53e22f14
real_typeii_20db_d16_bw150_blk0,qldpc_reference,1,True,False,0.109375,0.03515625,0.09375,0.05078125,120.0,7,64.20599995180964,candidate_failed_verification,10,0,10,0,7,channel_model=qary_symmetric; syndrome_symbols=22,16,150,real_data,16,4,qary_hard_syndrome_bf,qary_symmetric,0.33,4,20,eb5e714c53e22f14
real_typeii_20db_d16_bw150_blk0,qldpc_reference,2,True,False,0.09375,0.03125,0.171875,0.0703125,120.0,5,38.78139995504171,candidate_failed_verification,6,0,6,0,5,channel_model=qary_symmetric; syndrome_symbols=22,16,150,real_data,16,4,qary_hard_syndrome_bf,qary_symmetric,0.33,4,20,eb5e714c53e22f14
real_typeii_20db_d16_bw150_blk0,qldpc_reference,3,True,False,0.171875,0.06640625,0.296875,0.14453125,120.0,10,89.38989997841418,candidate_failed_verification,11,0,11,0,10,channel_model=qary_symmetric; syndrome_symbols=22,16,150,real_data,16,4,qary_hard_syndrome_bf,qary_symmetric,0.33,4,20,eb5e714c53e22f14
real_typeii_20db_d16_bw150_blk0,qldpc_reference,0,False,False,0.125,0.06640625,0.0625,0.0390625,160.0,20,85.7077999971807,syndrome_decode_failed,15,1,15,1,8,channel_model=qary_symmetric; syndrome_symbols=32,16,150,real_data,16,4,qary_hard_syndrome_bf,qary_symmetric,0.5,3,20,522f89e80edee7a1
real_typeii_20db_d16_bw150_blk0,qldpc_reference,1,True,True,0.109375,0.03515625,0.0,0.0,160.0,7,71.52929995208979,,12,0,12,0,7,channel_model=qary_symmetric; syndrome_symbols=32,16,150,real_data,16,4,qary_hard_syndrome_bf,qary_symmetric,0.5,3,20,522f89e80edee7a1
real_typeii_20db_d16_bw150_blk0,qldpc_reference,2,True,True,0.09375,0.03125,0.0,0.0,160.0,6,48.741000005975366,,12,0,12,0,6,channel_model=qary_symmetric; syndrome_symbols=32,16,150,real_data,16,4,qary_hard_syndrome_bf,qary_symmetric,0.5,3,20,522f89e80edee7a1
real_typeii_20db_d16_bw150_blk0,qldpc_reference,3,True,False,0.171875,0.06640625,0.21875,0.08203125,160.0,12,110.87390000466257,candidate_failed_verification,14,0,14,0,12,channel_model=qary_symmetric; syndrome_symbols=32,16,150,real_data,16,4,qary_hard_syndrome_bf,qary_symmetric,0.5,3,20,522f89e80edee7a1
real_typeii_20db_d16_bw120_blk0,qldpc_reference,0,False,False,0.25,0.08984375,0.203125,0.09765625,160.0,20,115.48250005580485,syndrome_decode_failed,22,3,22,3,12,channel_model=qary_symmetric; syndrome_symbols=32,16,120,real_data,16,4,qary_hard_syndrome_bf,qary_symmetric,0.5,4,20,70f03ad2a6815ec3
real_typeii_20db_d16_bw120_blk0,qldpc_reference,1,False,False,0.078125,0.03125,0.03125,0.0234375,160.0,20,46.43949994351715,syndrome_decode_failed,10,1,10,1,4,channel_model=qary_symmetric; syndrome_symbols=32,16,120,real_data,16,4,qary_hard_syndrome_bf,qary_symmetric,0.5,4,20,70f03ad2a6815ec3
real_typeii_20db_d16_bw120_blk0,qldpc_reference,2,True,False,0.09375,0.03125,0.03125,0.01953125,160.0,6,47.658000024966896,candidate_failed_verification,15,0,15,0,6,channel_model=qary_symmetric; syndrome_symbols=32,16,120,real_data,16,4,qary_hard_syndrome_bf,qary_symmetric,0.5,4,20,70f03ad2a6815ec3
real_typeii_20db_d16_bw120_blk0,qldpc_reference,3,True,False,0.203125,0.07421875,0.140625,0.0703125,160.0,14,127.0782999927178,candidate_failed_verification,23,0,23,0,14,channel_model=qary_symmetric; syndrome_symbols=32,16,120,real_data,16,4,qary_hard_syndrome_bf,qary_symmetric,0.5,4,20,70f03ad2a6815ec3
real_typeii_20db_d16_bw150_blk0,qldpc_reference,0,True,False,0.125,0.06640625,0.046875,0.03125,160.0,7,66.44959992263466,candidate_failed_verification,16,0,16,0,7,channel_model=qary_symmetric; syndrome_symbols=32,16,150,real_data,16,4,qary_hard_syndrome_bf,qary_symmetric,0.5,4,20,43d014f94c106833
real_typeii_20db_d16_bw150_blk0,qldpc_reference,1,False,False,0.109375,0.03515625,0.046875,0.01953125,160.0,20,73.54860007762909,syndrome_decode_failed,10,1,10,1,6,channel_model=qary_symmetric; syndrome_symbols=32,16,150,real_data,16,4,qary_hard_syndrome_bf,qary_symmetric,0.5,4,20,43d014f94c106833
real_typeii_20db_d16_bw150_blk0,qldpc_reference,2,True,True,0.09375,0.03125,0.0,0.0,160.0,6,48.280299990437925,,13,0,13,0,6,channel_model=qary_symmetric; syndrome_symbols=32,16,150,real_data,16,4,qary_hard_syndrome_bf,qary_symmetric,0.5,4,20,43d014f94c106833
real_typeii_20db_d16_bw150_blk0,qldpc_reference,3,True,False,0.171875,0.06640625,0.1875,0.109375,160.0,13,112.43460001423955,candidate_failed_verification,20,0,20,0,13,channel_model=qary_symmetric; syndrome_symbols=32,16,150,real_data,16,4,qary_hard_syndrome_bf,qary_symmetric,0.5,4,20,43d014f94c106833
real_typeii_20db_d16_bw180_blk0,qldpc_reference,0,True,False,0.15625,0.05859375,0.140625,0.07421875,120.0,10,84.12260003387928,candidate_failed_verification,17,0,17,0,10,channel_model=qary_symmetric; syndrome_symbols=22,16,180,real_data,16,4,qary_hard_syndrome_bf,qary_symmetric,0.33,3,20,0b962a07318c87cc
real_typeii_20db_d16_bw180_blk0,qldpc_reference,1,True,False,0.09375,0.046875,0.125,0.05859375,120.0,6,52.705499925650656,candidate_failed_verification,8,0,8,0,6,channel_model=qary_symmetric; syndrome_symbols=22,16,180,real_data,16,4,qary_hard_syndrome_bf,qary_symmetric,0.33,3,20,0b962a07318c87cc
real_typeii_20db_d16_bw180_blk0,qldpc_reference,2,True,False,0.03125,0.01171875,0.0625,0.01953125,120.0,2,15.860899933613837,candidate_failed_verification,2,0,2,0,2,channel_model=qary_symmetric; syndrome_symbols=22,16,180,real_data,16,4,qary_hard_syndrome_bf,qary_symmetric,0.33,3,20,0b962a07318c87cc
real_typeii_20db_d16_bw180_blk0,qldpc_reference,3,True,False,0.1875,0.06640625,0.1875,0.08203125,120.0,9,86.86939999461174,candidate_failed_verification,10,0,10,0,9,channel_model=qary_symmetric; syndrome_symbols=22,16,180,real_data,16,4,qary_hard_syndrome_bf,qary_symmetric,0.33,3,20,0b962a07318c87cc
real_typeii_20db_d16_bw150_blk0,qldpc_reference,0,True,False,0.125,0.06640625,0.09375,0.046875,160.0,8,69.91620000917464,candidate_failed_verification,13,0,13,0,8,channel_model=qary_symmetric; syndrome_symbols=32,16,150,real_data,16,4,qary_hard_syndrome_bf,qary_symmetric,0.5,4,20,70f03ad2a6815ec3
real_typeii_20db_d16_bw150_blk0,qldpc_reference,1,True,False,0.109375,0.03515625,0.03125,0.015625,160.0,7,54.29749994073063,candidate_failed_verification,15,0,15,0,7,channel_model=qary_symmetric; syndrome_symbols=32,16,150,real_data,16,4,qary_hard_syndrome_bf,qary_symmetric,0.5,4,20,70f03ad2a6815ec3
real_typeii_20db_d16_bw150_blk0,qldpc_reference,2,False,False,0.09375,0.03125,0.109375,0.04296875,160.0,20,71.86779996845871,syndrome_decode_failed,10,1,10,1,7,channel_model=qary_symmetric; syndrome_symbols=32,16,150,real_data,16,4,qary_hard_syndrome_bf,qary_symmetric,0.5,4,20,70f03ad2a6815ec3
real_typeii_20db_d16_bw150_blk0,qldpc_reference,3,False,False,0.171875,0.06640625,0.234375,0.12109375,160.0,20,107.22349991556257,syndrome_decode_failed,16,3,16,3,10,channel_model=qary_symmetric; syndrome_symbols=32,16,150,real_data,16,4,qary_hard_syndrome_bf,qary_symmetric,0.5,4,20,70f03ad2a6815ec3
real_typeii_20db_d16_bw150_blk0,qldpc_reference,0,True,False,0.125,0.06640625,0.09375,0.046875,160.0,8,66.77189993206412,candidate_failed_verification,13,0,13,0,8,channel_model=qary_symmetric; syndrome_symbols=32,16,150,real_data,16,4,qary_hard_syndrome_bf,qary_symmetric,0.5,3,20,d3ef20759633ed3a
real_typeii_20db_d16_bw150_blk0,qldpc_reference,1,True,False,0.109375,0.03515625,0.03125,0.015625,160.0,7,55.55389996152371,candidate_failed_verification,15,0,15,0,7,channel_model=qary_symmetric; syndrome_symbols=32,16,150,real_data,16,4,qary_hard_syndrome_bf,qary_symmetric,0.5,3,20,d3ef20759633ed3a
real_typeii_20db_d16_bw150_blk0,qldpc_reference,2,False,False,0.09375,0.03125,0.109375,0.04296875,160.0,20,84.83419998083264,syndrome_decode_failed,10,1,10,1,7,channel_model=qary_symmetric; syndrome_symbols=32,16,150,real_data,16,4,qary_hard_syndrome_bf,qary_symmetric,0.5,3,20,d3ef20759633ed3a
real_typeii_20db_d16_bw150_blk0,qldpc_reference,3,False,False,0.171875,0.06640625,0.234375,0.12109375,160.0,20,101.53300000820309,syndrome_decode_failed,16,3,16,3,10,channel_model=qary_symmetric; syndrome_symbols=32,16,150,real_data,16,4,qary_hard_syndrome_bf,qary_symmetric,0.5,3,20,d3ef20759633ed3a
real_typeii_20db_d16_bw180_blk0,qldpc_reference,0,True,False,0.15625,0.05859375,0.140625,0.07421875,120.0,9,73.7068000016734,candidate_failed_verification,13,0,13,0,9,channel_model=qary_symmetric; syndrome_symbols=22,16,180,real_data,16,4,qary_hard_syndrome_bf,qary_symmetric,0.33,4,20,b2c6fbab915c06c2
real_typeii_20db_d16_bw180_blk0,qldpc_reference,1,False,False,0.09375,0.046875,0.15625,0.078125,120.0,20,81.17840008344501,syndrome_decode_failed,9,1,9,1,7,channel_model=qary_symmetric; syndrome_symbols=22,16,180,real_data,16,4,qary_hard_syndrome_bf,qary_symmetric,0.33,4,20,b2c6fbab915c06c2
real_typeii_20db_d16_bw180_blk0,qldpc_reference,2,True,True,0.03125,0.01171875,0.0,0.0,120.0,2,19.367899978533387,,5,0,5,0,2,channel_model=qary_symmetric; syndrome_symbols=22,16,180,real_data,16,4,qary_hard_syndrome_bf,qary_symmetric,0.33,4,20,b2c6fbab915c06c2
real_typeii_20db_d16_bw180_blk0,qldpc_reference,3,False,False,0.1875,0.06640625,0.140625,0.0625,120.0,20,98.17879996262491,syndrome_decode_failed,15,2,15,2,9,channel_model=qary_symmetric; syndrome_symbols=22,16,180,real_data,16,4,qary_hard_syndrome_bf,qary_symmetric,0.33,4,20,b2c6fbab915c06c2
real_typeii_20db_d16_bw180_blk0,qldpc_reference,0,False,False,0.15625,0.05859375,0.1875,0.08984375,120.0,20,87.92620000895113,syndrome_decode_failed,11,1,11,1,9,channel_model=qary_symmetric; syndrome_symbols=22,16,180,real_data,16,4,qary_hard_syndrome_bf,qary_symmetric,0.33,4,20,eb5e714c53e22f14
real_typeii_20db_d16_bw180_blk0,qldpc_reference,1,True,False,0.09375,0.046875,0.125,0.0625,120.0,6,58.70389996562153,candidate_failed_verification,7,0,7,0,6,channel_model=qary_symmetric; syndrome_symbols=22,16,180,real_data,16,4,qary_hard_syndrome_bf,qary_symmetric,0.33,4,20,eb5e714c53e22f14
real_typeii_20db_d16_bw180_blk0,qldpc_reference,2,True,True,0.03125,0.01171875,0.0,0.0,120.0,2,17.647900036536157,,3,0,3,0,2,channel_model=qary_symmetric; syndrome_symbols=22,16,180,real_data,16,4,qary_hard_syndrome_bf,qary_symmetric,0.33,4,20,eb5e714c53e22f14
real_typeii_20db_d16_bw180_blk0,qldpc_reference,3,False,False,0.1875,0.06640625,0.171875,0.0703125,120.0,20,98.54319994337857,syndrome_decode_failed,11,1,11,1,10,channel_model=qary_symmetric; syndrome_symbols=22,16,180,real_data,16,4,qary_hard_syndrome_bf,qary_symmetric,0.33,4,20,eb5e714c53e22f14
real_typeii_20db_d16_bw150_blk0,qldpc_reference,0,True,False,0.125,0.06640625,0.09375,0.046875,160.0,8,67.30699993204325,candidate_failed_verification,13,0,13,0,8,channel_model=qary_symmetric; syndrome_symbols=32,16,150,real_data,16,4,qary_hard_syndrome_bf,qary_symmetric,0.33,3,20,ec3c47203d968697
real_typeii_20db_d16_bw150_blk0,qldpc_reference,1,True,False,0.109375,0.03515625,0.03125,0.015625,160.0,7,55.16180000267923,candidate_failed_verification,15,0,15,0,7,channel_model=qary_symmetric; syndrome_symbols=32,16,150,real_data,16,4,qary_hard_syndrome_bf,qary_symmetric,0.33,3,20,ec3c47203d968697
real_typeii_20db_d16_bw150_blk0,qldpc_reference,2,False,False,0.09375,0.03125,0.109375,0.04296875,160.0,20,71.54949998948723,syndrome_decode_failed,10,1,10,1,7,channel_model=qary_symmetric; syndrome_symbols=32,16,150,real_data,16,4,qary_hard_syndrome_bf,qary_symmetric,0.33,3,20,ec3c47203d968697
real_typeii_20db_d16_bw150_blk0,qldpc_reference,3,False,False,0.171875,0.06640625,0.234375,0.12109375,160.0,20,109.38889998942614,syndrome_decode_failed,16,3,16,3,10,channel_model=qary_symmetric; syndrome_symbols=32,16,150,real_data,16,4,qary_hard_syndrome_bf,qary_symmetric,0.33,3,20,ec3c47203d968697
real_typeii_20db_d16_bw180_blk0,qldpc_reference,0,True,True,0.15625,0.05859375,0.0,0.0,160.0,10,83.0460999859497,,19,0,19,0,10,channel_model=qary_symmetric; syndrome_symbols=32,16,180,real_data,16,4,qary_hard_syndrome_bf,qary_symmetric,0.5,3,20,d3ef20759633ed3a
real_typeii_20db_d16_bw180_blk0,qldpc_reference,1,False,False,0.09375,0.046875,0.09375,0.0390625,160.0,20,36.664700019173324,syndrome_decode_failed,5,2,5,2,3,channel_model=qary_symmetric; syndrome_symbols=32,16,180,real_data,16,4,qary_hard_syndrome_bf,qary_symmetric,0.5,3,20,d3ef20759633ed3a
real_typeii_20db_d16_bw180_blk0,qldpc_reference,2,True,False,0.03125,0.01171875,0.03125,0.0078125,160.0,2,12.6470000250265,candidate_failed_verification,3,0,3,0,2,channel_model=qary_symmetric; syndrome_symbols=32,16,180,real_data,16,4,qary_hard_syndrome_bf,qary_symmetric,0.5,3,20,d3ef20759633ed3a
real_typeii_20db_d16_bw180_blk0,qldpc_reference,3,True,False,0.1875,0.06640625,0.09375,0.0546875,160.0,11,101.51019995100796,candidate_failed_verification,15,0,15,0,11,channel_model=qary_symmetric; syndrome_symbols=32,16,180,real_data,16,4,qary_hard_syndrome_bf,qary_symmetric,0.5,3,20,d3ef20759633ed3a
real_typeii_20db_d16_bw120_blk0,qldpc_reference,0,False,False,0.25,0.08984375,0.203125,0.09765625,160.0,20,119.10050001461059,syndrome_decode_failed,22,3,22,3,12,channel_model=qary_symmetric; syndrome_symbols=32,16,120,real_data,16,4,qary_hard_syndrome_bf,qary_symmetric,0.5,3,20,d3ef20759633ed3a
real_typeii_20db_d16_bw120_blk0,qldpc_reference,1,False,False,0.078125,0.03125,0.03125,0.0234375,160.0,20,48.102400032803416,syndrome_decode_failed,10,1,10,1,4,channel_model=qary_symmetric; syndrome_symbols=32,16,120,real_data,16,4,qary_hard_syndrome_bf,qary_symmetric,0.5,3,20,d3ef20759633ed3a
real_typeii_20db_d16_bw120_blk0,qldpc_reference,2,True,False,0.09375,0.03125,0.03125,0.01953125,160.0,6,47.19680000562221,candidate_failed_verification,15,0,15,0,6,channel_model=qary_symmetric; syndrome_symbols=32,16,120,real_data,16,4,qary_hard_syndrome_bf,qary_symmetric,0.5,3,20,d3ef20759633ed3a
real_typeii_20db_d16_bw120_blk0,qldpc_reference,3,True,False,0.203125,0.07421875,0.140625,0.0703125,160.0,14,133.68379999883473,candidate_failed_verification,23,0,23,0,14,channel_model=qary_symmetric; syndrome_symbols=32,16,120,real_data,16,4,qary_hard_syndrome_bf,qary_symmetric,0.5,3,20,d3ef20759633ed3a
real_typeii_20db_d16_bw180_blk0,qldpc_reference,0,True,False,0.15625,0.05859375,0.0625,0.03125,160.0,8,66.39960000757128,candidate_failed_verification,18,0,18,0,8,channel_model=qary_symmetric; syndrome_symbols=32,16,180,real_data,16,4,qary_hard_syndrome_bf,qary_symmetric,0.5,4,20,43d014f94c106833
real_typeii_20db_d16_bw180_blk0,qldpc_reference,1,True,False,0.09375,0.046875,0.03125,0.01171875,160.0,7,59.16439997963607,candidate_failed_verification,14,0,14,0,7,channel_model=qary_symmetric; syndrome_symbols=32,16,180,real_data,16,4,qary_hard_syndrome_bf,qary_symmetric,0.5,4,20,43d014f94c106833
real_typeii_20db_d16_bw180_blk0,qldpc_reference,2,True,True,0.03125,0.01171875,0.0,0.0,160.0,2,19.364999956451356,,6,0,6,0,2,channel_model=qary_symmetric; syndrome_symbols=32,16,180,real_data,16,4,qary_hard_syndrome_bf,qary_symmetric,0.5,4,20,43d014f94c106833
real_typeii_20db_d16_bw180_blk0,qldpc_reference,3,False,False,0.1875,0.06640625,0.046875,0.0234375,160.0,20,106.73869994934648,syndrome_decode_failed,20,1,20,1,11,channel_model=qary_symmetric; syndrome_symbols=32,16,180,real_data,16,4,qary_hard_syndrome_bf,qary_symmetric,0.5,4,20,43d014f94c106833
real_typeii_20db_d16_bw120_blk0,qldpc_reference,0,False,False,0.25,0.08984375,0.203125,0.09765625,160.0,20,161.5449000382796,syndrome_decode_failed,22,3,22,3,12,channel_model=qary_symmetric; syndrome_symbols=32,16,120,real_data,16,4,qary_hard_syndrome_bf,qary_symmetric,0.5,3,20,522f89e80edee7a1
real_typeii_20db_d16_bw120_blk0,qldpc_reference,1,False,False,0.078125,0.03125,0.03125,0.0234375,160.0,20,79.55579995177686,syndrome_decode_failed,10,1,10,1,4,channel_model=qary_symmetric; syndrome_symbols=32,16,120,real_data,16,4,qary_hard_syndrome_bf,qary_symmetric,0.5,3,20,522f89e80edee7a1
real_typeii_20db_d16_bw120_blk0,qldpc_reference,2,True,False,0.09375,0.03125,0.03125,0.01953125,160.0,6,109.48709992226213,candidate_failed_verification,15,0,15,0,6,channel_model=qary_symmetric; syndrome_symbols=32,16,120,real_data,16,4,qary_hard_syndrome_bf,qary_symmetric,0.5,3,20,522f89e80edee7a1
real_typeii_20db_d16_bw120_blk0,qldpc_reference,3,True,False,0.203125,0.07421875,0.140625,0.0703125,160.0,14,343.1807999731973,candidate_failed_verification,23,0,23,0,14,channel_model=qary_symmetric; syndrome_symbols=32,16,120,real_data,16,4,qary_hard_syndrome_bf,qary_symmetric,0.5,3,20,522f89e80edee7a1
real_typeii_20db_d32_bw100_blk0,qldpc_reference,0,True,False,0.3125,0.1,0.46875,0.1875,142.0,17,499.0665999939665,candidate_failed_verification,17,0,17,0,17,channel_model=qary_symmetric; syndrome_symbols=22,32,100,real_data,32,4,qary_hard_syndrome_bf,qary_symmetric,0.33,3,20,ec3c47203d968697
real_typeii_20db_d32_bw100_blk0,qldpc_reference,1,True,False,0.1875,0.06875,0.234375,0.090625,142.0,10,307.7356000430882,candidate_failed_verification,11,0,11,0,10,channel_model=qary_symmetric; syndrome_symbols=22,32,100,real_data,32,4,qary_hard_syndrome_bf,qary_symmetric,0.33,3,20,ec3c47203d968697
real_typeii_20db_d32_bw100_blk0,qldpc_reference,2,True,False,0.171875,0.04375,0.203125,0.084375,142.0,9,245.61479990370572,candidate_failed_verification,10,0,10,0,9,channel_model=qary_symmetric; syndrome_symbols=22,32,100,real_data,32,4,qary_hard_syndrome_bf,qary_symmetric,0.33,3,20,ec3c47203d968697
real_typeii_20db_d32_bw100_blk0,qldpc_reference,3,False,False,0.25,0.06875,0.421875,0.171875,142.0,20,514.3425000132993,syndrome_decode_failed,16,1,16,1,15,channel_model=qary_symmetric; syndrome_symbols=22,32,100,real_data,32,4,qary_hard_syndrome_bf,qary_symmetric,0.33,3,20,ec3c47203d968697
real_typeii_20db_d16_bw120_blk0,qldpc_reference,0,False,False,0.25,0.08984375,0.203125,0.09765625,160.0,20,208.3124000346288,syndrome_decode_failed,22,3,22,3,12,channel_model=qary_symmetric; syndrome_symbols=32,16,120,real_data,16,4,qary_hard_syndrome_bf,qary_symmetric,0.33,4,20,eb5e714c53e22f14
real_typeii_20db_d16_bw120_blk0,qldpc_reference,1,False,False,0.078125,0.03125,0.03125,0.0234375,160.0,20,83.83100002538413,syndrome_decode_failed,10,1,10,1,4,channel_model=qary_symmetric; syndrome_symbols=32,16,120,real_data,16,4,qary_hard_syndrome_bf,qary_symmetric,0.33,4,20,eb5e714c53e22f14
real_typeii_20db_d16_bw120_blk0,qldpc_reference,2,True,False,0.09375,0.03125,0.03125,0.01953125,160.0,6,81.13359997514635,candidate_failed_verification,15,0,15,0,6,channel_model=qary_symmetric; syndrome_symbols=32,16,120,real_data,16,4,qary_hard_syndrome_bf,qary_symmetric,0.33,4,20,eb5e714c53e22f14
real_typeii_20db_d16_bw120_blk0,qldpc_reference,3,True,False,0.203125,0.07421875,0.140625,0.0703125,160.0,14,123.23700007982552,candidate_failed_verification,23,0,23,0,14,channel_model=qary_symmetric; syndrome_symbols=32,16,120,real_data,16,4,qary_hard_syndrome_bf,qary_symmetric,0.33,4,20,eb5e714c53e22f14
real_typeii_20db_d16_bw180_blk0,qldpc_reference,0,False,False,0.15625,0.05859375,0.09375,0.04296875,160.0,20,256.5858999732882,syndrome_decode_failed,17,1,17,1,9,channel_model=qary_symmetric; syndrome_symbols=32,16,180,real_data,16,4,qary_hard_syndrome_bf,qary_symmetric,0.33,3,20,ec3c47203d968697
real_typeii_20db_d16_bw180_blk0,qldpc_reference,1,True,False,0.09375,0.046875,0.09375,0.05078125,160.0,6,159.92550004739314,candidate_failed_verification,9,0,9,0,6,channel_model=qary_symmetric; syndrome_symbols=32,16,180,real_data,16,4,qary_hard_syndrome_bf,qary_symmetric,0.33,3,20,ec3c47203d968697
real_typeii_20db_d16_bw180_blk0,qldpc_reference,2,True,False,0.03125,0.01171875,0.03125,0.01171875,160.0,2,66.92339992150664,candidate_failed_verification,4,0,4,0,2,channel_model=qary_symmetric; syndrome_symbols=32,16,180,real_data,16,4,qary_hard_syndrome_bf,qary_symmetric,0.33,3,20,ec3c47203d968697
real_typeii_20db_d16_bw180_blk0,qldpc_reference,3,False,False,0.1875,0.06640625,0.09375,0.04296875,160.0,20,348.38129999116063,syndrome_decode_failed,16,1,16,1,10,channel_model=qary_symmetric; syndrome_symbols=32,16,180,real_data,16,4,qary_hard_syndrome_bf,qary_symmetric,0.33,3,20,ec3c47203d968697
real_typeii_20db_d16_bw180_blk0,qldpc_reference,0,False,False,0.15625,0.05859375,0.09375,0.04296875,160.0,20,274.4827999267727,syndrome_decode_failed,17,1,17,1,9,channel_model=qary_symmetric; syndrome_symbols=32,16,180,real_data,16,4,qary_hard_syndrome_bf,qary_symmetric,0.5,3,20,522f89e80edee7a1
real_typeii_20db_d16_bw180_blk0,qldpc_reference,1,True,False,0.09375,0.046875,0.09375,0.05078125,160.0,6,302.8037000913173,candidate_failed_verification,9,0,9,0,6,channel_model=qary_symmetric; syndrome_symbols=32,16,180,real_data,16,4,qary_hard_syndrome_bf,qary_symmetric,0.5,3,20,522f89e80edee7a1
real_typeii_20db_d16_bw180_blk0,qldpc_reference,2,True,False,0.03125,0.01171875,0.03125,0.01171875,160.0,2,91.81689994875342,candidate_failed_verification,4,0,4,0,2,channel_model=qary_symmetric; syndrome_symbols=32,16,180,real_data,16,4,qary_hard_syndrome_bf,qary_symmetric,0.5,3,20,522f89e80edee7a1
real_typeii_20db_d16_bw180_blk0,qldpc_reference,3,False,False,0.1875,0.06640625,0.09375,0.04296875,160.0,20,233.37579995859414,syndrome_decode_failed,16,1,16,1,10,channel_model=qary_symmetric; syndrome_symbols=32,16,180,real_data,16,4,qary_hard_syndrome_bf,qary_symmetric,0.5,3,20,522f89e80edee7a1
real_typeii_20db_d32_bw100_blk0,qldpc_reference,0,False,False,0.3125,0.1,0.40625,0.16875,192.0,20,449.4035999523476,syndrome_decode_failed,22,2,22,2,17,channel_model=qary_symmetric; syndrome_symbols=32,32,100,real_data,32,4,qary_hard_syndrome_bf,qary_symmetric,0.5,3,20,522f89e80edee7a1
real_typeii_20db_d32_bw100_blk0,qldpc_reference,1,True,False,0.1875,0.06875,0.125,0.053125,192.0,10,337.4047999968752,candidate_failed_verification,13,0,13,0,10,channel_model=qary_symmetric; syndrome_symbols=32,32,100,real_data,32,4,qary_hard_syndrome_bf,qary_symmetric,0.5,3,20,522f89e80edee7a1
real_typeii_20db_d32_bw100_blk0,qldpc_reference,2,False,False,0.171875,0.04375,0.125,0.071875,192.0,20,868.6366999754682,syndrome_decode_failed,14,2,14,2,10,channel_model=qary_symmetric; syndrome_symbols=32,32,100,real_data,32,4,qary_hard_syndrome_bf,qary_symmetric,0.5,3,20,522f89e80edee7a1
real_typeii_20db_d32_bw100_blk0,qldpc_reference,3,False,False,0.25,0.06875,0.234375,0.09375,192.0,20,704.6959999715909,syndrome_decode_failed,18,2,18,2,15,channel_model=qary_symmetric; syndrome_symbols=32,32,100,real_data,32,4,qary_hard_syndrome_bf,qary_symmetric,0.5,3,20,522f89e80edee7a1
real_typeii_20db_d32_bw100_blk0,qldpc_reference,0,False,False,0.3125,0.1,0.421875,0.16875,142.0,20,663.8161999871954,syndrome_decode_failed,20,1,20,1,15,channel_model=qary_symmetric; syndrome_symbols=22,32,100,real_data,32,4,qary_hard_syndrome_bf,qary_symmetric,0.33,4,20,b2c6fbab915c06c2
real_typeii_20db_d32_bw100_blk0,qldpc_reference,1,True,False,0.1875,0.06875,0.234375,0.10625,142.0,10,419.1520999884233,candidate_failed_verification,11,0,11,0,10,channel_model=qary_symmetric; syndrome_symbols=22,32,100,real_data,32,4,qary_hard_syndrome_bf,qary_symmetric,0.33,4,20,b2c6fbab915c06c2
real_typeii_20db_d32_bw100_blk0,qldpc_reference,2,False,False,0.171875,0.04375,0.140625,0.059375,142.0,20,827.1300999913365,syndrome_decode_failed,14,1,14,1,10,channel_model=qary_symmetric; syndrome_symbols=22,32,100,real_data,32,4,qary_hard_syndrome_bf,qary_symmetric,0.33,4,20,b2c6fbab915c06c2
real_typeii_20db_d32_bw100_blk0,qldpc_reference,3,False,False,0.25,0.06875,0.390625,0.15,142.0,20,544.164799968712,syndrome_decode_failed,18,1,18,1,15,channel_model=qary_symmetric; syndrome_symbols=22,32,100,real_data,32,4,qary_hard_syndrome_bf,qary_symmetric,0.33,4,20,b2c6fbab915c06c2
real_typeii_20db_d16_bw180_blk0,qldpc_reference,0,False,False,0.15625,0.05859375,0.09375,0.04296875,160.0,20,243.14180004876107,syndrome_decode_failed,17,1,17,1,9,channel_model=qary_symmetric; syndrome_symbols=32,16,180,real_data,16,4,qary_hard_syndrome_bf,qary_symmetric,0.5,4,20,70f03ad2a6815ec3
real_typeii_20db_d16_bw180_blk0,qldpc_reference,1,True,False,0.09375,0.046875,0.09375,0.05078125,160.0,6,70.542800007388,candidate_failed_verification,9,0,9,0,6,channel_model=qary_symmetric; syndrome_symbols=32,16,180,real_data,16,4,qary_hard_syndrome_bf,qary_symmetric,0.5,4,20,70f03ad2a6815ec3
real_typeii_20db_d16_bw180_blk0,qldpc_reference,2,True,False,0.03125,0.01171875,0.03125,0.01171875,160.0,2,13.30800005234778,candidate_failed_verification,4,0,4,0,2,channel_model=qary_symmetric; syndrome_symbols=32,16,180,real_data,16,4,qary_hard_syndrome_bf,qary_symmetric,0.5,4,20,70f03ad2a6815ec3
real_typeii_20db_d16_bw180_blk0,qldpc_reference,3,False,False,0.1875,0.06640625,0.09375,0.04296875,160.0,20,103.5355000058189,syndrome_decode_failed,16,1,16,1,10,channel_model=qary_symmetric; syndrome_symbols=32,16,180,real_data,16,4,qary_hard_syndrome_bf,qary_symmetric,0.5,4,20,70f03ad2a6815ec3
real_typeii_20db_d32_bw120_blk0,qldpc_reference,0,True,False,0.265625,0.08125,0.34375,0.15625,142.0,13,251.05089996941388,candidate_failed_verification,13,0,13,0,13,channel_model=qary_symmetric; syndrome_symbols=22,32,120,real_data,32,4,qary_hard_syndrome_bf,qary_symmetric,0.33,3,20,ec3c47203d968697
real_typeii_20db_d32_bw120_blk0,qldpc_reference,1,True,False,0.125,0.05625,0.21875,0.109375,142.0,7,173.11159998644143,candidate_failed_verification,7,0,7,0,7,channel_model=qary_symmetric; syndrome_symbols=22,32,120,real_data,32,4,qary_hard_syndrome_bf,qary_symmetric,0.33,3,20,ec3c47203d968697
real_typeii_20db_d32_bw120_blk0,qldpc_reference,2,True,False,0.140625,0.0625,0.171875,0.103125,142.0,8,278.14850001595914,candidate_failed_verification,13,0,13,0,8,channel_model=qary_symmetric; syndrome_symbols=22,32,120,real_data,32,4,qary_hard_syndrome_bf,qary_symmetric,0.33,3,20,ec3c47203d968697
real_typeii_20db_d32_bw120_blk0,qldpc_reference,3,True,False,0.203125,0.05625,0.234375,0.096875,142.0,12,331.9707999471575,candidate_failed_verification,13,0,13,0,12,channel_model=qary_symmetric; syndrome_symbols=22,32,120,real_data,32,4,qary_hard_syndrome_bf,qary_symmetric,0.33,3,20,ec3c47203d968697
real_typeii_20db_d32_bw120_blk0,qldpc_reference,0,True,False,0.265625,0.08125,0.34375,0.15625,142.0,13,596.0708999773487,candidate_failed_verification,13,0,13,0,13,channel_model=qary_symmetric; syndrome_symbols=22,32,120,real_data,32,4,qary_hard_syndrome_bf,qary_symmetric,0.33,3,20,0b962a07318c87cc
real_typeii_20db_d32_bw120_blk0,qldpc_reference,1,True,False,0.125,0.05625,0.21875,0.109375,142.0,7,249.0129000507295,candidate_failed_verification,7,0,7,0,7,channel_model=qary_symmetric; syndrome_symbols=22,32,120,real_data,32,4,qary_hard_syndrome_bf,qary_symmetric,0.33,3,20,0b962a07318c87cc
real_typeii_20db_d32_bw120_blk0,qldpc_reference,2,True,False,0.140625,0.0625,0.171875,0.103125,142.0,8,247.19249992631376,candidate_failed_verification,13,0,13,0,8,channel_model=qary_symmetric; syndrome_symbols=22,32,120,real_data,32,4,qary_hard_syndrome_bf,qary_symmetric,0.33,3,20,0b962a07318c87cc
real_typeii_20db_d32_bw120_blk0,qldpc_reference,3,True,False,0.203125,0.05625,0.234375,0.096875,142.0,12,655.4428999079391,candidate_failed_verification,13,0,13,0,12,channel_model=qary_symmetric; syndrome_symbols=22,32,120,real_data,32,4,qary_hard_syndrome_bf,qary_symmetric,0.33,3,20,0b962a07318c87cc
real_typeii_20db_d32_bw100_blk0,qldpc_reference,0,False,False,0.3125,0.1,0.40625,0.16875,192.0,20,716.7687000473961,syndrome_decode_failed,22,2,22,2,17,channel_model=qary_symmetric; syndrome_symbols=32,32,100,real_data,32,4,qary_hard_syndrome_bf,qary_symmetric,0.33,3,20,0b962a07318c87cc
real_typeii_20db_d32_bw100_blk0,qldpc_reference,1,True,False,0.1875,0.06875,0.125,0.053125,192.0,10,392.42329995613545,candidate_failed_verification,13,0,13,0,10,channel_model=qary_symmetric; syndrome_symbols=32,32,100,real_data,32,4,qary_hard_syndrome_bf,qary_symmetric,0.33,3,20,0b962a07318c87cc
real_typeii_20db_d32_bw100_blk0,qldpc_reference,2,False,False,0.171875,0.04375,0.125,0.071875,192.0,20,630.8505999622867,syndrome_decode_failed,14,2,14,2,10,channel_model=qary_symmetric; syndrome_symbols=32,32,100,real_data,32,4,qary_hard_syndrome_bf,qary_symmetric,0.33,3,20,0b962a07318c87cc
real_typeii_20db_d32_bw100_blk0,qldpc_reference,3,False,False,0.25,0.06875,0.234375,0.09375,192.0,20,771.798999980092,syndrome_decode_failed,18,2,18,2,15,channel_model=qary_symmetric; syndrome_symbols=32,32,100,real_data,32,4,qary_hard_syndrome_bf,qary_symmetric,0.33,3,20,0b962a07318c87cc
real_typeii_20db_d32_bw100_blk0,qldpc_reference,0,False,False,0.3125,0.1,0.28125,0.134375,192.0,20,1019.5432000327855,syndrome_decode_failed,28,1,28,1,19,channel_model=qary_symmetric; syndrome_symbols=32,32,100,real_data,32,4,qary_hard_syndrome_bf,qary_symmetric,0.5,3,20,d3ef20759633ed3a
real_typeii_20db_d32_bw100_blk0,qldpc_reference,1,False,False,0.1875,0.06875,0.140625,0.075,192.0,20,419.76710001472384,syndrome_decode_failed,17,1,17,1,10,channel_model=qary_symmetric; syndrome_symbols=32,32,100,real_data,32,4,qary_hard_syndrome_bf,qary_symmetric,0.5,3,20,d3ef20759633ed3a
real_typeii_20db_d32_bw100_blk0,qldpc_reference,2,True,False,0.171875,0.04375,0.140625,0.04375,192.0,10,658.1158000044525,candidate_failed_verification,16,0,16,0,10,channel_model=qary_symmetric; syndrome_symbols=32,32,100,real_data,32,4,qary_hard_syndrome_bf,qary_symmetric,0.5,3,20,d3ef20759633ed3a
real_typeii_20db_d32_bw100_blk0,qldpc_reference,3,False,False,0.25,0.06875,0.328125,0.134375,192.0,20,1104.0703000035137,syndrome_decode_failed,26,6,26,6,13,channel_model=qary_symmetric; syndrome_symbols=32,32,100,real_data,32,4,qary_hard_syndrome_bf,qary_symmetric,0.5,3,20,d3ef20759633ed3a
real_typeii_20db_d32_bw100_blk0,qldpc_reference,0,False,False,0.3125,0.1,0.28125,0.134375,192.0,20,1064.3775999778882,syndrome_decode_failed,28,1,28,1,19,channel_model=qary_symmetric; syndrome_symbols=32,32,100,real_data,32,4,qary_hard_syndrome_bf,qary_symmetric,0.5,4,20,43d014f94c106833
real_typeii_20db_d32_bw100_blk0,qldpc_reference,1,False,False,0.1875,0.06875,0.140625,0.075,192.0,20,560.4568999260664,syndrome_decode_failed,17,1,17,1,10,channel_model=qary_symmetric; syndrome_symbols=32,32,100,real_data,32,4,qary_hard_syndrome_bf,qary_symmetric,0.5,4,20,43d014f94c106833
real_typeii_20db_d32_bw100_blk0,qldpc_reference,2,True,False,0.171875,0.04375,0.140625,0.04375,192.0,10,415.00419995281845,candidate_failed_verification,16,0,16,0,10,channel_model=qary_symmetric; syndrome_symbols=32,32,100,real_data,32,4,qary_hard_syndrome_bf,qary_symmetric,0.5,4,20,43d014f94c106833
real_typeii_20db_d32_bw100_blk0,qldpc_reference,3,False,False,0.25,0.06875,0.328125,0.134375,192.0,20,561.3454000558704,syndrome_decode_failed,26,6,26,6,13,channel_model=qary_symmetric; syndrome_symbols=32,32,100,real_data,32,4,qary_hard_syndrome_bf,qary_symmetric,0.5,4,20,43d014f94c106833
real_typeii_20db_d32_bw120_blk0,qldpc_reference,0,False,False,0.265625,0.08125,0.28125,0.13125,142.0,20,645.9539999486879,syndrome_decode_failed,15,1,15,1,13,channel_model=qary_symmetric; syndrome_symbols=22,32,120,real_data,32,4,qary_hard_syndrome_bf,qary_symmetric,0.33,4,20,b2c6fbab915c06c2
real_typeii_20db_d32_bw120_blk0,qldpc_reference,1,True,False,0.125,0.05625,0.15625,0.06875,142.0,4,170.15829996671528,candidate_failed_verification,5,0,5,0,4,channel_model=qary_symmetric; syndrome_symbols=22,32,120,real_data,32,4,qary_hard_syndrome_bf,qary_symmetric,0.33,4,20,b2c6fbab915c06c2
real_typeii_20db_d32_bw120_blk0,qldpc_reference,2,True,False,0.140625,0.0625,0.109375,0.065625,142.0,10,352.8744999784976,candidate_failed_verification,15,0,15,0,10,channel_model=qary_symmetric; syndrome_symbols=22,32,120,real_data,32,4,qary_hard_syndrome_bf,qary_symmetric,0.33,4,20,b2c6fbab915c06c2
real_typeii_20db_d32_bw120_blk0,qldpc_reference,3,True,False,0.203125,0.05625,0.203125,0.078125,142.0,8,224.30130001157522,candidate_failed_verification,13,0,13,0,8,channel_model=qary_symmetric; syndrome_symbols=22,32,120,real_data,32,4,qary_hard_syndrome_bf,qary_symmetric,0.33,4,20,b2c6fbab915c06c2
real_typeii_20db_d32_bw120_blk0,qldpc_reference,0,False,False,0.265625,0.08125,0.203125,0.090625,192.0,20,313.2549999281764,syndrome_decode_failed,23,2,23,2,16,channel_model=qary_symmetric; syndrome_symbols=32,32,120,real_data,32,4,qary_hard_syndrome_bf,qary_symmetric,0.5,3,20,522f89e80edee7a1
real_typeii_20db_d32_bw120_blk0,qldpc_reference,1,False,False,0.125,0.05625,0.09375,0.03125,192.0,20,131.24519994016737,syndrome_decode_failed,9,2,9,2,6,channel_model=qary_symmetric; syndrome_symbols=32,32,120,real_data,32,4,qary_hard_syndrome_bf,qary_symmetric,0.5,3,20,522f89e80edee7a1
real_typeii_20db_d32_bw120_blk0,qldpc_reference,2,True,False,0.140625,0.0625,0.0625,0.0375,192.0,9,151.48390003014356,candidate_failed_verification,20,0,20,0,9,channel_model=qary_symmetric; syndrome_symbols=32,32,120,real_data,32,4,qary_hard_syndrome_bf,qary_symmetric,0.5,3,20,522f89e80edee7a1
real_typeii_20db_d32_bw120_blk0,qldpc_reference,3,False,False,0.203125,0.05625,0.09375,0.04375,192.0,20,409.5713999122381,syndrome_decode_failed,16,1,16,1,11,channel_model=qary_symmetric; syndrome_symbols=32,32,120,real_data,32,4,qary_hard_syndrome_bf,qary_symmetric,0.5,3,20,522f89e80edee7a1
real_typeii_20db_d32_bw120_blk0,qldpc_reference,0,False,False,0.265625,0.08125,0.25,0.109375,192.0,20,565.7479000510648,syndrome_decode_failed,23,5,23,5,14,channel_model=qary_symmetric; syndrome_symbols=32,32,120,real_data,32,4,qary_hard_syndrome_bf,qary_symmetric,0.5,3,20,d3ef20759633ed3a
real_typeii_20db_d32_bw120_blk0,qldpc_reference,1,True,False,0.125,0.05625,0.109375,0.04375,192.0,8,298.3930999180302,candidate_failed_verification,12,0,12,0,8,channel_model=qary_symmetric; syndrome_symbols=32,32,120,real_data,32,4,qary_hard_syndrome_bf,qary_symmetric,0.5,3,20,d3ef20759633ed3a
real_typeii_20db_d32_bw120_blk0,qldpc_reference,2,True,True,0.140625,0.0625,0.0,0.0,192.0,9,335.7867000158876,,18,0,18,0,9,channel_model=qary_symmetric; syndrome_symbols=32,32,120,real_data,32,4,qary_hard_syndrome_bf,qary_symmetric,0.5,3,20,d3ef20759633ed3a
real_typeii_20db_d32_bw120_blk0,qldpc_reference,3,False,False,0.203125,0.05625,0.0625,0.028125,192.0,20,749.2287000641227,syndrome_decode_failed,21,1,21,1,12,channel_model=qary_symmetric; syndrome_symbols=32,32,120,real_data,32,4,qary_hard_syndrome_bf,qary_symmetric,0.5,3,20,d3ef20759633ed3a
real_typeii_20db_d32_bw100_blk0,qldpc_reference,0,False,False,0.3125,0.1,0.28125,0.134375,192.0,20,745.820099953562,syndrome_decode_failed,28,1,28,1,19,channel_model=qary_symmetric; syndrome_symbols=32,32,100,real_data,32,4,qary_hard_syndrome_bf,qary_symmetric,0.33,4,20,eb5e714c53e22f14
real_typeii_20db_d32_bw100_blk0,qldpc_reference,1,False,False,0.1875,0.06875,0.140625,0.075,192.0,20,461.67899994179606,syndrome_decode_failed,17,1,17,1,10,channel_model=qary_symmetric; syndrome_symbols=32,32,100,real_data,32,4,qary_hard_syndrome_bf,qary_symmetric,0.33,4,20,eb5e714c53e22f14
real_typeii_20db_d32_bw100_blk0,qldpc_reference,2,True,False,0.171875,0.04375,0.140625,0.04375,192.0,10,482.0837000152096,candidate_failed_verification,16,0,16,0,10,channel_model=qary_symmetric; syndrome_symbols=32,32,100,real_data,32,4,qary_hard_syndrome_bf,qary_symmetric,0.33,4,20,eb5e714c53e22f14
real_typeii_20db_d32_bw100_blk0,qldpc_reference,3,False,False,0.25,0.06875,0.328125,0.134375,192.0,20,545.8040999947116,syndrome_decode_failed,26,6,26,6,13,channel_model=qary_symmetric; syndrome_symbols=32,32,100,real_data,32,4,qary_hard_syndrome_bf,qary_symmetric,0.33,4,20,eb5e714c53e22f14
real_typeii_20db_d32_bw100_blk0,qldpc_reference,0,False,False,0.3125,0.1,0.28125,0.134375,192.0,20,1034.2966000316665,syndrome_decode_failed,28,1,28,1,19,channel_model=qary_symmetric; syndrome_symbols=32,32,100,real_data,32,4,qary_hard_syndrome_bf,qary_symmetric,0.5,4,20,70f03ad2a6815ec3
real_typeii_20db_d32_bw100_blk0,qldpc_reference,1,False,False,0.1875,0.06875,0.140625,0.075,192.0,20,383.1934999907389,syndrome_decode_failed,17,1,17,1,10,channel_model=qary_symmetric; syndrome_symbols=32,32,100,real_data,32,4,qary_hard_syndrome_bf,qary_symmetric,0.5,4,20,70f03ad2a6815ec3
real_typeii_20db_d32_bw100_blk0,qldpc_reference,2,True,False,0.171875,0.04375,0.140625,0.04375,192.0,10,385.71619999129325,candidate_failed_verification,16,0,16,0,10,channel_model=qary_symmetric; syndrome_symbols=32,32,100,real_data,32,4,qary_hard_syndrome_bf,qary_symmetric,0.5,4,20,70f03ad2a6815ec3
real_typeii_20db_d32_bw100_blk0,qldpc_reference,3,False,False,0.25,0.06875,0.328125,0.134375,192.0,20,608.7863000575453,syndrome_decode_failed,26,6,26,6,13,channel_model=qary_symmetric; syndrome_symbols=32,32,100,real_data,32,4,qary_hard_syndrome_bf,qary_symmetric,0.5,4,20,70f03ad2a6815ec3
real_typeii_20db_d32_bw120_blk0,qldpc_reference,0,False,False,0.265625,0.08125,0.25,0.109375,192.0,20,509.7825999837369,syndrome_decode_failed,23,5,23,5,14,channel_model=qary_symmetric; syndrome_symbols=32,32,120,real_data,32,4,qary_hard_syndrome_bf,qary_symmetric,0.5,4,20,70f03ad2a6815ec3
real_typeii_20db_d32_bw120_blk0,qldpc_reference,1,True,False,0.125,0.05625,0.109375,0.04375,192.0,8,270.22259996738285,candidate_failed_verification,12,0,12,0,8,channel_model=qary_symmetric; syndrome_symbols=32,32,120,real_data,32,4,qary_hard_syndrome_bf,qary_symmetric,0.5,4,20,70f03ad2a6815ec3
real_typeii_20db_d32_bw120_blk0,qldpc_reference,2,True,True,0.140625,0.0625,0.0,0.0,192.0,9,338.7937000952661,,18,0,18,0,9,channel_model=qary_symmetric; syndrome_symbols=32,32,120,real_data,32,4,qary_hard_syndrome_bf,qary_symmetric,0.5,4,20,70f03ad2a6815ec3
real_typeii_20db_d32_bw120_blk0,qldpc_reference,3,False,False,0.203125,0.05625,0.0625,0.028125,192.0,20,502.07859999500215,syndrome_decode_failed,21,1,21,1,12,channel_model=qary_symmetric; syndrome_symbols=32,32,120,real_data,32,4,qary_hard_syndrome_bf,qary_symmetric,0.5,4,20,70f03ad2a6815ec3
real_typeii_20db_d32_bw150_blk0,qldpc_reference,0,True,False,0.140625,0.053125,0.0625,0.021875,142.0,7,331.68810000643134,candidate_failed_verification,13,0,13,0,7,channel_model=qary_symmetric; syndrome_symbols=22,32,150,real_data,32,4,qary_hard_syndrome_bf,qary_symmetric,0.33,3,20,ec3c47203d968697
real_typeii_20db_d32_bw150_blk0,qldpc_reference,1,False,False,0.140625,0.05,0.09375,0.0375,142.0,20,281.52509999927133,syndrome_decode_failed,11,1,11,1,8,channel_model=qary_symmetric; syndrome_symbols=22,32,150,real_data,32,4,qary_hard_syndrome_bf,qary_symmetric,0.33,3,20,ec3c47203d968697
real_typeii_20db_d32_bw150_blk0,qldpc_reference,2,False,False,0.171875,0.065625,0.21875,0.0875,142.0,20,234.55500009004027,syndrome_decode_failed,10,1,10,1,8,channel_model=qary_symmetric; syndrome_symbols=22,32,150,real_data,32,4,qary_hard_syndrome_bf,qary_symmetric,0.33,3,20,ec3c47203d968697
real_typeii_20db_d32_bw150_blk0,qldpc_reference,3,False,False,0.1875,0.05625,0.359375,0.153125,142.0,20,544.6322000352666,syndrome_decode_failed,16,3,16,3,12,channel_model=qary_symmetric; syndrome_symbols=22,32,150,real_data,32,4,qary_hard_syndrome_bf,qary_symmetric,0.33,3,20,ec3c47203d968697
real_typeii_20db_d32_bw120_blk0,qldpc_reference,0,False,False,0.265625,0.08125,0.25,0.109375,192.0,20,530.2973999641836,syndrome_decode_failed,23,5,23,5,14,channel_model=qary_symmetric; syndrome_symbols=32,32,120,real_data,32,4,qary_hard_syndrome_bf,qary_symmetric,0.33,4,20,eb5e714c53e22f14
real_typeii_20db_d32_bw120_blk0,qldpc_reference,1,True,False,0.125,0.05625,0.109375,0.04375,192.0,8,172.15280001983047,candidate_failed_verification,12,0,12,0,8,channel_model=qary_symmetric; syndrome_symbols=32,32,120,real_data,32,4,qary_hard_syndrome_bf,qary_symmetric,0.33,4,20,eb5e714c53e22f14
real_typeii_20db_d32_bw120_blk0,qldpc_reference,2,True,True,0.140625,0.0625,0.0,0.0,192.0,9,199.56780003849417,,18,0,18,0,9,channel_model=qary_symmetric; syndrome_symbols=32,32,120,real_data,32,4,qary_hard_syndrome_bf,qary_symmetric,0.33,4,20,eb5e714c53e22f14
real_typeii_20db_d32_bw120_blk0,qldpc_reference,3,False,False,0.203125,0.05625,0.0625,0.028125,192.0,20,537.2918000211939,syndrome_decode_failed,21,1,21,1,12,channel_model=qary_symmetric; syndrome_symbols=32,32,120,real_data,32,4,qary_hard_syndrome_bf,qary_symmetric,0.33,4,20,eb5e714c53e22f14
real_typeii_20db_d32_bw150_blk0,qldpc_reference,0,True,False,0.140625,0.053125,0.109375,0.065625,192.0,10,304.67499990481883,candidate_failed_verification,17,0,17,0,10,channel_model=qary_symmetric; syndrome_symbols=32,32,150,real_data,32,4,qary_hard_syndrome_bf,qary_symmetric,0.5,3,20,522f89e80edee7a1
real_typeii_20db_d32_bw150_blk0,qldpc_reference,1,False,False,0.140625,0.05,0.109375,0.046875,192.0,20,343.14759995322675,syndrome_decode_failed,11,1,11,1,9,channel_model=qary_symmetric; syndrome_symbols=32,32,150,real_data,32,4,qary_hard_syndrome_bf,qary_symmetric,0.5,3,20,522f89e80edee7a1
real_typeii_20db_d32_bw150_blk0,qldpc_reference,2,True,False,0.171875,0.065625,0.078125,0.046875,192.0,11,207.06530008465052,candidate_failed_verification,17,0,17,0,11,channel_model=qary_symmetric; syndrome_symbols=32,32,150,real_data,32,4,qary_hard_syndrome_bf,qary_symmetric,0.5,3,20,522f89e80edee7a1
real_typeii_20db_d32_bw150_blk0,qldpc_reference,3,True,False,0.1875,0.05625,0.140625,0.05625,192.0,12,375.3459000727162,candidate_failed_verification,18,0,18,0,12,channel_model=qary_symmetric; syndrome_symbols=32,32,150,real_data,32,4,qary_hard_syndrome_bf,qary_symmetric,0.5,3,20,522f89e80edee7a1
real_typeii_20db_d32_bw150_blk0,qldpc_reference,0,True,False,0.140625,0.053125,0.09375,0.0375,192.0,9,324.153000023216,candidate_failed_verification,11,0,11,0,9,channel_model=qary_symmetric; syndrome_symbols=32,32,150,real_data,32,4,qary_hard_syndrome_bf,qary_symmetric,0.33,4,20,b2c6fbab915c06c2
real_typeii_20db_d32_bw150_blk0,qldpc_reference,1,True,True,0.140625,0.05,0.0,0.0,192.0,9,169.13040005601943,,15,0,15,0,9,channel_model=qary_symmetric; syndrome_symbols=32,32,150,real_data,32,4,qary_hard_syndrome_bf,qary_symmetric,0.33,4,20,b2c6fbab915c06c2
real_typeii_20db_d32_bw150_blk0,qldpc_reference,2,True,False,0.171875,0.065625,0.140625,0.0625,192.0,10,195.09920000564307,candidate_failed_verification,12,0,12,0,10,channel_model=qary_symmetric; syndrome_symbols=32,32,150,real_data,32,4,qary_hard_syndrome_bf,qary_symmetric,0.33,4,20,b2c6fbab915c06c2
real_typeii_20db_d32_bw150_blk0,qldpc_reference,3,True,False,0.1875,0.05625,0.09375,0.034375,192.0,12,274.38570000231266,candidate_failed_verification,17,0,17,0,12,channel_model=qary_symmetric; syndrome_symbols=32,32,150,real_data,32,4,qary_hard_syndrome_bf,qary_symmetric,0.33,4,20,b2c6fbab915c06c2
real_typeii_20db_d16_bw120_blk0,qldpc_reference,0,False,False,0.25,0.08984375,0.203125,0.09765625,160.0,20,192.61439994443208,syndrome_decode_failed,22,3,22,3,12,channel_model=qary_symmetric; syndrome_symbols=32,16,120,real_data,16,4,qary_hard_syndrome_bf,qary_symmetric,0.5,4,20,43d014f94c106833
real_typeii_20db_d16_bw120_blk0,qldpc_reference,1,False,False,0.078125,0.03125,0.03125,0.0234375,160.0,20,91.49960009381175,syndrome_decode_failed,10,1,10,1,4,channel_model=qary_symmetric; syndrome_symbols=32,16,120,real_data,16,4,qary_hard_syndrome_bf,qary_symmetric,0.5,4,20,43d014f94c106833
real_typeii_20db_d16_bw120_blk0,qldpc_reference,2,True,False,0.09375,0.03125,0.03125,0.01953125,160.0,6,78.1060999725014,candidate_failed_verification,15,0,15,0,6,channel_model=qary_symmetric; syndrome_symbols=32,16,120,real_data,16,4,qary_hard_syndrome_bf,qary_symmetric,0.5,4,20,43d014f94c106833
real_typeii_20db_d16_bw120_blk0,qldpc_reference,3,True,False,0.203125,0.07421875,0.140625,0.0703125,160.0,14,326.79140008985996,candidate_failed_verification,23,0,23,0,14,channel_model=qary_symmetric; syndrome_symbols=32,16,120,real_data,16,4,qary_hard_syndrome_bf,qary_symmetric,0.5,4,20,43d014f94c106833
real_typeii_20db_d32_bw150_blk0,qldpc_reference,0,False,False,0.140625,0.053125,0.09375,0.04375,192.0,20,334.9799000425264,syndrome_decode_failed,19,1,19,1,9,channel_model=qary_symmetric; syndrome_symbols=32,32,150,real_data,32,4,qary_hard_syndrome_bf,qary_symmetric,0.5,3,20,d3ef20759633ed3a
real_typeii_20db_d32_bw150_blk0,qldpc_reference,1,True,False,0.140625,0.05,0.03125,0.0125,192.0,8,294.55670004244894,candidate_failed_verification,13,0,13,0,8,channel_model=qary_symmetric; syndrome_symbols=32,32,150,real_data,32,4,qary_hard_syndrome_bf,qary_symmetric,0.5,3,20,d3ef20759633ed3a
real_typeii_20db_d32_bw150_blk0,qldpc_reference,2,False,False,0.171875,0.065625,0.0625,0.025,192.0,20,299.078100011684,syndrome_decode_failed,14,1,14,1,9,channel_model=qary_symmetric; syndrome_symbols=32,32,150,real_data,32,4,qary_hard_syndrome_bf,qary_symmetric,0.5,3,20,d3ef20759633ed3a
real_typeii_20db_d32_bw150_blk0,qldpc_reference,3,False,False,0.1875,0.05625,0.15625,0.0625,192.0,20,211.18379989638925,syndrome_decode_failed,21,4,21,4,9,channel_model=qary_symmetric; syndrome_symbols=32,32,150,real_data,32,4,qary_hard_syndrome_bf,qary_symmetric,0.5,3,20,d3ef20759633ed3a
real_typeii_20db_d32_bw180_blk0,qldpc_reference,0,False,False,0.203125,0.078125,0.1875,0.08125,142.0,20,220.17159999813884,syndrome_decode_failed,15,1,15,1,11,channel_model=qary_symmetric; syndrome_symbols=22,32,180,real_data,32,4,qary_hard_syndrome_bf,qary_symmetric,0.33,4,20,b2c6fbab915c06c2
real_typeii_20db_d32_bw180_blk0,qldpc_reference,1,True,False,0.140625,0.075,0.140625,0.065625,142.0,8,145.56790003553033,candidate_failed_verification,10,0,10,0,8,channel_model=qary_symmetric; syndrome_symbols=22,32,180,real_data,32,4,qary_hard_syndrome_bf,qary_symmetric,0.33,4,20,b2c6fbab915c06c2
real_typeii_20db_d32_bw180_blk0,qldpc_reference,2,True,False,0.125,0.075,0.0625,0.046875,142.0,8,319.30580001790076,candidate_failed_verification,14,0,14,0,8,channel_model=qary_symmetric; syndrome_symbols=22,32,180,real_data,32,4,qary_hard_syndrome_bf,qary_symmetric,0.33,4,20,b2c6fbab915c06c2
real_typeii_20db_d32_bw180_blk0,qldpc_reference,3,False,False,0.203125,0.071875,0.109375,0.03125,142.0,20,663.0844000028446,syndrome_decode_failed,18,1,18,1,12,channel_model=qary_symmetric; syndrome_symbols=22,32,180,real_data,32,4,qary_hard_syndrome_bf,qary_symmetric,0.33,4,20,b2c6fbab915c06c2
real_typeii_20db_d32_bw150_blk0,qldpc_reference,0,True,True,0.140625,0.053125,0.0,0.0,192.0,9,255.53000008221716,,17,0,17,0,9,channel_model=qary_symmetric; syndrome_symbols=32,32,150,real_data,32,4,qary_hard_syndrome_bf,qary_symmetric,0.33,3,20,0b962a07318c87cc
real_typeii_20db_d32_bw150_blk0,qldpc_reference,1,True,False,0.140625,0.05,0.0625,0.028125,192.0,10,322.47710006777197,candidate_failed_verification,16,0,16,0,10,channel_model=qary_symmetric; syndrome_symbols=32,32,150,real_data,32,4,qary_hard_syndrome_bf,qary_symmetric,0.33,3,20,0b962a07318c87cc
real_typeii_20db_d32_bw150_blk0,qldpc_reference,2,True,False,0.171875,0.065625,0.03125,0.009375,192.0,11,438.1075999699533,candidate_failed_verification,20,0,20,0,11,channel_model=qary_symmetric; syndrome_symbols=32,32,150,real_data,32,4,qary_hard_syndrome_bf,qary_symmetric,0.33,3,20,0b962a07318c87cc
real_typeii_20db_d32_bw150_blk0,qldpc_reference,3,False,False,0.1875,0.05625,0.0625,0.025,192.0,20,492.55309998989105,syndrome_decode_failed,22,1,22,1,11,channel_model=qary_symmetric; syndrome_symbols=32,32,150,real_data,32,4,qary_hard_syndrome_bf,qary_symmetric,0.33,3,20,0b962a07318c87cc
real_typeii_20db_d32_bw180_blk0,qldpc_reference,0,False,False,0.203125,0.078125,0.1875,0.08125,142.0,20,586.3180999876931,syndrome_decode_failed,15,1,15,1,11,channel_model=qary_symmetric; syndrome_symbols=22,32,180,real_data,32,4,qary_hard_syndrome_bf,qary_symmetric,0.33,3,20,ec3c47203d968697
real_typeii_20db_d32_bw180_blk0,qldpc_reference,1,True,False,0.140625,0.075,0.140625,0.065625,142.0,8,257.07350007724017,candidate_failed_verification,10,0,10,0,8,channel_model=qary_symmetric; syndrome_symbols=22,32,180,real_data,32,4,qary_hard_syndrome_bf,qary_symmetric,0.33,3,20,ec3c47203d968697
real_typeii_20db_d32_bw180_blk0,qldpc_reference,2,True,False,0.125,0.075,0.0625,0.046875,142.0,8,175.9254999924451,candidate_failed_verification,14,0,14,0,8,channel_model=qary_symmetric; syndrome_symbols=22,32,180,real_data,32,4,qary_hard_syndrome_bf,qary_symmetric,0.33,3,20,ec3c47203d968697
real_typeii_20db_d32_bw180_blk0,qldpc_reference,3,False,False,0.203125,0.071875,0.109375,0.03125,142.0,20,239.10530004650354,syndrome_decode_failed,18,1,18,1,12,channel_model=qary_symmetric; syndrome_symbols=22,32,180,real_data,32,4,qary_hard_syndrome_bf,qary_symmetric,0.33,3,20,ec3c47203d968697
real_typeii_20db_d32_bw180_blk0,qldpc_reference,0,False,False,0.203125,0.078125,0.21875,0.084375,192.0,20,251.97840004693717,syndrome_decode_failed,17,3,17,3,13,channel_model=qary_symmetric; syndrome_symbols=32,32,180,real_data,32,4,qary_hard_syndrome_bf,qary_symmetric,0.5,3,20,522f89e80edee7a1
real_typeii_20db_d32_bw180_blk0,qldpc_reference,1,True,False,0.140625,0.075,0.03125,0.0125,192.0,9,175.6108000408858,candidate_failed_verification,13,0,13,0,9,channel_model=qary_symmetric; syndrome_symbols=32,32,180,real_data,32,4,qary_hard_syndrome_bf,qary_symmetric,0.5,3,20,522f89e80edee7a1
real_typeii_20db_d32_bw180_blk0,qldpc_reference,2,True,False,0.125,0.075,0.09375,0.046875,192.0,8,269.6809000335634,candidate_failed_verification,9,0,9,0,8,channel_model=qary_symmetric; syndrome_symbols=32,32,180,real_data,32,4,qary_hard_syndrome_bf,qary_symmetric,0.5,3,20,522f89e80edee7a1
real_typeii_20db_d32_bw180_blk0,qldpc_reference,3,True,False,0.203125,0.071875,0.09375,0.040625,192.0,12,566.4136999985203,candidate_failed_verification,20,0,20,0,12,channel_model=qary_symmetric; syndrome_symbols=32,32,180,real_data,32,4,qary_hard_syndrome_bf,qary_symmetric,0.5,3,20,522f89e80edee7a1
real_typeii_20db_d32_bw150_blk0,qldpc_reference,0,True,True,0.140625,0.053125,0.0,0.0,192.0,9,361.6889000404626,,17,0,17,0,9,channel_model=qary_symmetric; syndrome_symbols=32,32,150,real_data,32,4,qary_hard_syndrome_bf,qary_symmetric,0.5,4,20,43d014f94c106833
real_typeii_20db_d32_bw150_blk0,qldpc_reference,1,True,False,0.140625,0.05,0.0625,0.028125,192.0,10,365.0122000835836,candidate_failed_verification,16,0,16,0,10,channel_model=qary_symmetric; syndrome_symbols=32,32,150,real_data,32,4,qary_hard_syndrome_bf,qary_symmetric,0.5,4,20,43d014f94c106833
real_typeii_20db_d32_bw150_blk0,qldpc_reference,2,True,False,0.171875,0.065625,0.03125,0.009375,192.0,11,417.3848000355065,candidate_failed_verification,20,0,20,0,11,channel_model=qary_symmetric; syndrome_symbols=32,32,150,real_data,32,4,qary_hard_syndrome_bf,qary_symmetric,0.5,4,20,43d014f94c106833
real_typeii_20db_d32_bw150_blk0,qldpc_reference,3,False,False,0.1875,0.05625,0.0625,0.025,192.0,20,446.16920000407845,syndrome_decode_failed,22,1,22,1,11,channel_model=qary_symmetric; syndrome_symbols=32,32,150,real_data,32,4,qary_hard_syndrome_bf,qary_symmetric,0.5,4,20,43d014f94c106833
real_typeii_20db_d32_bw120_blk0,qldpc_reference,0,False,False,0.265625,0.08125,0.25,0.109375,192.0,20,694.2762000253424,syndrome_decode_failed,23,5,23,5,14,channel_model=qary_symmetric; syndrome_symbols=32,32,120,real_data,32,4,qary_hard_syndrome_bf,qary_symmetric,0.5,4,20,43d014f94c106833
real_typeii_20db_d32_bw120_blk0,qldpc_reference,1,True,False,0.125,0.05625,0.109375,0.04375,192.0,8,267.6981999538839,candidate_failed_verification,12,0,12,0,8,channel_model=qary_symmetric; syndrome_symbols=32,32,120,real_data,32,4,qary_hard_syndrome_bf,qary_symmetric,0.5,4,20,43d014f94c106833
real_typeii_20db_d32_bw120_blk0,qldpc_reference,2,True,True,0.140625,0.0625,0.0,0.0,192.0,9,199.51960002072155,,18,0,18,0,9,channel_model=qary_symmetric; syndrome_symbols=32,32,120,real_data,32,4,qary_hard_syndrome_bf,qary_symmetric,0.5,4,20,43d014f94c106833
real_typeii_20db_d32_bw120_blk0,qldpc_reference,3,False,False,0.203125,0.05625,0.0625,0.028125,192.0,20,602.3021000437438,syndrome_decode_failed,21,1,21,1,12,channel_model=qary_symmetric; syndrome_symbols=32,32,120,real_data,32,4,qary_hard_syndrome_bf,qary_symmetric,0.5,4,20,43d014f94c106833
real_typeii_20db_d32_bw180_blk0,qldpc_reference,0,True,False,0.203125,0.078125,0.265625,0.128125,142.0,10,565.8922999864444,candidate_failed_verification,11,0,11,0,10,channel_model=qary_symmetric; syndrome_symbols=22,32,180,real_data,32,4,qary_hard_syndrome_bf,qary_symmetric,0.33,3,20,0b962a07318c87cc
real_typeii_20db_d32_bw180_blk0,qldpc_reference,1,True,False,0.140625,0.075,0.1875,0.096875,142.0,9,420.97250011283904,candidate_failed_verification,9,0,9,0,9,channel_model=qary_symmetric; syndrome_symbols=22,32,180,real_data,32,4,qary_hard_syndrome_bf,qary_symmetric,0.33,3,20,0b962a07318c87cc
real_typeii_20db_d32_bw180_blk0,qldpc_reference,2,True,False,0.125,0.075,0.15625,0.090625,142.0,8,234.93180004879832,candidate_failed_verification,10,0,10,0,8,channel_model=qary_symmetric; syndrome_symbols=22,32,180,real_data,32,4,qary_hard_syndrome_bf,qary_symmetric,0.33,3,20,0b962a07318c87cc
real_typeii_20db_d32_bw180_blk0,qldpc_reference,3,True,False,0.203125,0.071875,0.234375,0.125,142.0,12,492.0974000124261,candidate_failed_verification,15,0,15,0,12,channel_model=qary_symmetric; syndrome_symbols=22,32,180,real_data,32,4,qary_hard_syndrome_bf,qary_symmetric,0.33,3,20,0b962a07318c87cc
real_typeii_20db_d32_bw150_blk0,qldpc_reference,0,True,True,0.140625,0.053125,0.0,0.0,192.0,9,358.2767000189051,,17,0,17,0,9,channel_model=qary_symmetric; syndrome_symbols=32,32,150,real_data,32,4,qary_hard_syndrome_bf,qary_symmetric,0.33,4,20,eb5e714c53e22f14
real_typeii_20db_d32_bw150_blk0,qldpc_reference,1,True,False,0.140625,0.05,0.0625,0.028125,192.0,10,414.98340002726763,candidate_failed_verification,16,0,16,0,10,channel_model=qary_symmetric; syndrome_symbols=32,32,150,real_data,32,4,qary_hard_syndrome_bf,qary_symmetric,0.33,4,20,eb5e714c53e22f14
real_typeii_20db_d32_bw150_blk0,qldpc_reference,2,True,False,0.171875,0.065625,0.03125,0.009375,192.0,11,477.1530000725761,candidate_failed_verification,20,0,20,0,11,channel_model=qary_symmetric; syndrome_symbols=32,32,150,real_data,32,4,qary_hard_syndrome_bf,qary_symmetric,0.33,4,20,eb5e714c53e22f14
real_typeii_20db_d32_bw150_blk0,qldpc_reference,3,False,False,0.1875,0.05625,0.0625,0.025,192.0,20,606.4371999818832,syndrome_decode_failed,22,1,22,1,11,channel_model=qary_symmetric; syndrome_symbols=32,32,150,real_data,32,4,qary_hard_syndrome_bf,qary_symmetric,0.33,4,20,eb5e714c53e22f14
real_typeii_20db_d32_bw180_blk0,qldpc_reference,0,False,False,0.203125,0.078125,0.1875,0.075,192.0,20,416.23400000389665,syndrome_decode_failed,15,1,15,1,11,channel_model=qary_symmetric; syndrome_symbols=32,32,180,real_data,32,4,qary_hard_syndrome_bf,qary_symmetric,0.5,4,20,70f03ad2a6815ec3
real_typeii_20db_d32_bw180_blk0,qldpc_reference,1,True,True,0.140625,0.075,0.0,0.0,192.0,9,295.44060002081096,,21,0,21,0,9,channel_model=qary_symmetric; syndrome_symbols=32,32,180,real_data,32,4,qary_hard_syndrome_bf,qary_symmetric,0.5,4,20,70f03ad2a6815ec3
real_typeii_20db_d32_bw180_blk0,qldpc_reference,2,True,False,0.125,0.075,0.03125,0.015625,192.0,8,146.1841999553144,candidate_failed_verification,15,0,15,0,8,channel_model=qary_symmetric; syndrome_symbols=32,32,180,real_data,32,4,qary_hard_syndrome_bf,qary_symmetric,0.5,4,20,70f03ad2a6815ec3
real_typeii_20db_d32_bw180_blk0,qldpc_reference,3,True,False,0.203125,0.071875,0.0625,0.028125,192.0,11,369.46169997099787,candidate_failed_verification,23,0,23,0,11,channel_model=qary_symmetric; syndrome_symbols=32,32,180,real_data,32,4,qary_hard_syndrome_bf,qary_symmetric,0.5,4,20,70f03ad2a6815ec3
real_typeii_20db_d4_bw100_blk0,qldpc_reference,0,False,False,0.171875,0.09375,0.25,0.1484375,76.0,20,14.31830006185919,syndrome_decode_failed,9,2,9,2,6,channel_model=qary_symmetric; syndrome_symbols=22,4,100,real_data,4,4,qary_hard_syndrome_bf,qary_symmetric,0.33,3,20,0b962a07318c87cc
real_typeii_20db_d4_bw100_blk0,qldpc_reference,1,True,True,0.0625,0.03125,0.0,0.0,76.0,4,7.522300002165139,,8,0,8,0,4,channel_model=qary_symmetric; syndrome_symbols=22,4,100,real_data,4,4,qary_hard_syndrome_bf,qary_symmetric,0.33,3,20,0b962a07318c87cc
real_typeii_20db_d4_bw100_blk0,qldpc_reference,2,False,False,0.15625,0.078125,0.1875,0.1015625,76.0,20,27.315499959513545,syndrome_decode_failed,7,1,7,1,4,channel_model=qary_symmetric; syndrome_symbols=22,4,100,real_data,4,4,qary_hard_syndrome_bf,qary_symmetric,0.33,3,20,0b962a07318c87cc
real_typeii_20db_d4_bw100_blk0,qldpc_reference,3,False,False,0.15625,0.078125,0.171875,0.0859375,76.0,20,35.49499996006489,syndrome_decode_failed,15,3,15,3,9,channel_model=qary_symmetric; syndrome_symbols=22,4,100,real_data,4,4,qary_hard_syndrome_bf,qary_symmetric,0.33,3,20,0b962a07318c87cc
real_typeii_20db_d32_bw150_blk0,qldpc_reference,0,True,True,0.140625,0.053125,0.0,0.0,192.0,9,274.6904999949038,,17,0,17,0,9,channel_model=qary_symmetric; syndrome_symbols=32,32,150,real_data,32,4,qary_hard_syndrome_bf,qary_symmetric,0.5,4,20,70f03ad2a6815ec3
real_typeii_20db_d32_bw150_blk0,qldpc_reference,1,True,False,0.140625,0.05,0.0625,0.028125,192.0,10,191.13450008444488,candidate_failed_verification,16,0,16,0,10,channel_model=qary_symmetric; syndrome_symbols=32,32,150,real_data,32,4,qary_hard_syndrome_bf,qary_symmetric,0.5,4,20,70f03ad2a6815ec3
real_typeii_20db_d32_bw150_blk0,qldpc_reference,2,True,False,0.171875,0.065625,0.03125,0.009375,192.0,11,192.3532000510022,candidate_failed_verification,20,0,20,0,11,channel_model=qary_symmetric; syndrome_symbols=32,32,150,real_data,32,4,qary_hard_syndrome_bf,qary_symmetric,0.5,4,20,70f03ad2a6815ec3
real_typeii_20db_d32_bw150_blk0,qldpc_reference,3,False,False,0.1875,0.05625,0.0625,0.025,192.0,20,289.27930002100766,syndrome_decode_failed,22,1,22,1,11,channel_model=qary_symmetric; syndrome_symbols=32,32,150,real_data,32,4,qary_hard_syndrome_bf,qary_symmetric,0.5,4,20,70f03ad2a6815ec3
real_typeii_20db_d4_bw100_blk0,qldpc_reference,0,False,False,0.171875,0.09375,0.125,0.0703125,96.0,20,21.879900014027953,syndrome_decode_failed,15,1,15,1,10,channel_model=qary_symmetric; syndrome_symbols=32,4,100,real_data,4,4,qary_hard_syndrome_bf,qary_symmetric,0.5,3,20,d3ef20759633ed3a
real_typeii_20db_d4_bw100_blk0,qldpc_reference,1,True,False,0.0625,0.03125,0.03125,0.015625,96.0,4,8.387200068682432,candidate_failed_verification,4,0,4,0,4,channel_model=qary_symmetric; syndrome_symbols=32,4,100,real_data,4,4,qary_hard_syndrome_bf,qary_symmetric,0.5,3,20,d3ef20759633ed3a
real_typeii_20db_d4_bw100_blk0,qldpc_reference,2,False,False,0.15625,0.078125,0.140625,0.078125,96.0,20,26.67319995816797,syndrome_decode_failed,12,1,12,1,8,channel_model=qary_symmetric; syndrome_symbols=32,4,100,real_data,4,4,qary_hard_syndrome_bf,qary_symmetric,0.5,3,20,d3ef20759633ed3a
real_typeii_20db_d4_bw100_blk0,qldpc_reference,3,False,False,0.15625,0.078125,0.125,0.0703125,96.0,20,21.81359997484833,syndrome_decode_failed,15,1,15,1,10,channel_model=qary_symmetric; syndrome_symbols=32,4,100,real_data,4,4,qary_hard_syndrome_bf,qary_symmetric,0.5,3,20,d3ef20759633ed3a
real_typeii_20db_d4_bw100_blk0,qldpc_reference,0,False,False,0.171875,0.09375,0.171875,0.109375,96.0,20,19.017499987967312,syndrome_decode_failed,13,4,13,4,7,channel_model=qary_symmetric; syndrome_symbols=32,4,100,real_data,4,4,qary_hard_syndrome_bf,qary_symmetric,0.5,4,20,43d014f94c106833
real_typeii_20db_d4_bw100_blk0,qldpc_reference,1,True,True,0.0625,0.03125,0.0,0.0,96.0,4,8.069399977102876,,9,0,9,0,4,channel_model=qary_symmetric; syndrome_symbols=32,4,100,real_data,4,4,qary_hard_syndrome_bf,qary_symmetric,0.5,4,20,43d014f94c106833
real_typeii_20db_d4_bw100_blk0,qldpc_reference,2,False,False,0.15625,0.078125,0.140625,0.078125,96.0,20,16.591800027526915,syndrome_decode_failed,16,3,16,3,7,channel_model=qary_symmetric; syndrome_symbols=32,4,100,real_data,4,4,qary_hard_syndrome_bf,qary_symmetric,0.5,4,20,43d014f94c106833
real_typeii_20db_d4_bw100_blk0,qldpc_reference,3,False,False,0.15625,0.078125,0.078125,0.046875,96.0,20,21.56749996356666,syndrome_decode_failed,22,2,22,2,9,channel_model=qary_symmetric; syndrome_symbols=32,4,100,real_data,4,4,qary_hard_syndrome_bf,qary_symmetric,0.5,4,20,43d014f94c106833
real_typeii_20db_d4_bw100_blk0,qldpc_reference,0,False,False,0.171875,0.09375,0.140625,0.0703125,96.0,20,29.93880002759397,syndrome_decode_failed,20,1,20,1,10,channel_model=qary_symmetric; syndrome_symbols=32,4,100,real_data,4,4,qary_hard_syndrome_bf,qary_symmetric,0.5,4,20,70f03ad2a6815ec3
real_typeii_20db_d4_bw100_blk0,qldpc_reference,1,True,False,0.0625,0.03125,0.03125,0.0234375,96.0,4,8.959500002674758,candidate_failed_verification,5,0,5,0,4,channel_model=qary_symmetric; syndrome_symbols=32,4,100,real_data,4,4,qary_hard_syndrome_bf,qary_symmetric,0.5,4,20,70f03ad2a6815ec3
real_typeii_20db_d4_bw100_blk0,qldpc_reference,2,False,False,0.15625,0.078125,0.09375,0.0546875,96.0,20,22.21800002735108,syndrome_decode_failed,11,1,11,1,9,channel_model=qary_symmetric; syndrome_symbols=32,4,100,real_data,4,4,qary_hard_syndrome_bf,qary_symmetric,0.5,4,20,70f03ad2a6815ec3
real_typeii_20db_d4_bw100_blk0,qldpc_reference,3,False,False,0.15625,0.078125,0.171875,0.1015625,96.0,20,20.749400020577013,syndrome_decode_failed,17,3,17,3,9,channel_model=qary_symmetric; syndrome_symbols=32,4,100,real_data,4,4,qary_hard_syndrome_bf,qary_symmetric,0.5,4,20,70f03ad2a6815ec3
real_typeii_20db_d4_bw100_blk0,qldpc_reference,0,False,False,0.171875,0.09375,0.140625,0.0703125,96.0,20,22.23000000230968,syndrome_decode_failed,20,1,20,1,10,channel_model=qary_symmetric; syndrome_symbols=32,4,100,real_data,4,4,qary_hard_syndrome_bf,qary_symmetric,0.33,4,20,eb5e714c53e22f14
real_typeii_20db_d4_bw100_blk0,qldpc_reference,1,True,False,0.0625,0.03125,0.03125,0.0234375,96.0,4,8.863899973221123,candidate_failed_verification,5,0,5,0,4,channel_model=qary_symmetric; syndrome_symbols=32,4,100,real_data,4,4,qary_hard_syndrome_bf,qary_symmetric,0.33,4,20,eb5e714c53e22f14
real_typeii_20db_d4_bw100_blk0,qldpc_reference,2,False,False,0.15625,0.078125,0.09375,0.0546875,96.0,20,20.931200007908046,syndrome_decode_failed,11,1,11,1,9,channel_model=qary_symmetric; syndrome_symbols=32,4,100,real_data,4,4,qary_hard_syndrome_bf,qary_symmetric,0.33,4,20,eb5e714c53e22f14
real_typeii_20db_d4_bw100_blk0,qldpc_reference,3,False,False,0.15625,0.078125,0.171875,0.1015625,96.0,20,21.034699981100857,syndrome_decode_failed,17,3,17,3,9,channel_model=qary_symmetric; syndrome_symbols=32,4,100,real_data,4,4,qary_hard_syndrome_bf,qary_symmetric,0.33,4,20,eb5e714c53e22f14
real_typeii_20db_d4_bw120_blk0,qldpc_reference,0,True,False,0.140625,0.0703125,0.21875,0.109375,76.0,7,16.456699930131435,candidate_failed_verification,8,0,8,0,7,channel_model=qary_symmetric; syndrome_symbols=22,4,120,real_data,4,4,qary_hard_syndrome_bf,qary_symmetric,0.33,3,20,ec3c47203d968697
real_typeii_20db_d4_bw120_blk0,qldpc_reference,1,True,False,0.046875,0.0234375,0.0625,0.046875,76.0,3,6.104800035245717,candidate_failed_verification,3,0,3,0,3,channel_model=qary_symmetric; syndrome_symbols=22,4,120,real_data,4,4,qary_hard_syndrome_bf,qary_symmetric,0.33,3,20,ec3c47203d968697
real_typeii_20db_d4_bw120_blk0,qldpc_reference,2,True,False,0.140625,0.0703125,0.1875,0.1015625,76.0,7,14.337999979034066,candidate_failed_verification,12,0,12,0,7,channel_model=qary_symmetric; syndrome_symbols=22,4,120,real_data,4,4,qary_hard_syndrome_bf,qary_symmetric,0.33,3,20,ec3c47203d968697
real_typeii_20db_d4_bw120_blk0,qldpc_reference,3,True,True,0.03125,0.015625,0.0,0.0,76.0,2,3.655300009995699,,3,0,3,0,2,channel_model=qary_symmetric; syndrome_symbols=22,4,120,real_data,4,4,qary_hard_syndrome_bf,qary_symmetric,0.33,3,20,ec3c47203d968697
real_typeii_20db_d4_bw100_blk0,qldpc_reference,0,False,False,0.171875,0.09375,0.171875,0.109375,96.0,20,17.086899955756962,syndrome_decode_failed,13,4,13,4,7,channel_model=qary_symmetric; syndrome_symbols=32,4,100,real_data,4,4,qary_hard_syndrome_bf,qary_symmetric,0.33,3,20,ec3c47203d968697
real_typeii_20db_d4_bw100_blk0,qldpc_reference,1,True,True,0.0625,0.03125,0.0,0.0,96.0,4,8.256000000983477,,9,0,9,0,4,channel_model=qary_symmetric; syndrome_symbols=32,4,100,real_data,4,4,qary_hard_syndrome_bf,qary_symmetric,0.33,3,20,ec3c47203d968697
real_typeii_20db_d4_bw100_blk0,qldpc_reference,2,False,False,0.15625,0.078125,0.140625,0.078125,96.0,20,16.839700052514672,syndrome_decode_failed,16,3,16,3,7,channel_model=qary_symmetric; syndrome_symbols=32,4,100,real_data,4,4,qary_hard_syndrome_bf,qary_symmetric,0.33,3,20,ec3c47203d968697
real_typeii_20db_d4_bw100_blk0,qldpc_reference,3,False,False,0.15625,0.078125,0.078125,0.046875,96.0,20,26.506199967116117,syndrome_decode_failed,22,2,22,2,9,channel_model=qary_symmetric; syndrome_symbols=32,4,100,real_data,4,4,qary_hard_syndrome_bf,qary_symmetric,0.33,3,20,ec3c47203d968697
real_typeii_20db_d4_bw120_blk0,qldpc_reference,0,True,False,0.140625,0.0703125,0.21875,0.1171875,76.0,7,14.4027000060305,candidate_failed_verification,9,0,9,0,7,channel_model=qary_symmetric; syndrome_symbols=22,4,120,real_data,4,4,qary_hard_syndrome_bf,qary_symmetric,0.33,4,20,eb5e714c53e22f14
real_typeii_20db_d4_bw120_blk0,qldpc_reference,1,True,False,0.046875,0.0234375,0.03125,0.015625,76.0,3,6.121200043708086,candidate_failed_verification,6,0,6,0,3,channel_model=qary_symmetric; syndrome_symbols=22,4,120,real_data,4,4,qary_hard_syndrome_bf,qary_symmetric,0.33,4,20,eb5e714c53e22f14
real_typeii_20db_d4_bw120_blk0,qldpc_reference,2,False,False,0.140625,0.0703125,0.21875,0.1328125,76.0,20,15.985000063665211,syndrome_decode_failed,11,1,11,1,7,channel_model=qary_symmetric; syndrome_symbols=22,4,120,real_data,4,4,qary_hard_syndrome_bf,qary_symmetric,0.33,4,20,eb5e714c53e22f14
real_typeii_20db_d4_bw120_blk0,qldpc_reference,3,True,True,0.03125,0.015625,0.0,0.0,76.0,2,4.93540009483695,,5,0,5,0,2,channel_model=qary_symmetric; syndrome_symbols=22,4,120,real_data,4,4,qary_hard_syndrome_bf,qary_symmetric,0.33,4,20,eb5e714c53e22f14
real_typeii_20db_d32_bw180_blk0,qldpc_reference,0,False,False,0.203125,0.078125,0.21875,0.084375,192.0,20,258.6814999813214,syndrome_decode_failed,17,3,17,3,13,channel_model=qary_symmetric; syndrome_symbols=32,32,180,real_data,32,4,qary_hard_syndrome_bf,qary_symmetric,0.33,4,20,eb5e714c53e22f14
real_typeii_20db_d32_bw180_blk0,qldpc_reference,1,True,False,0.140625,0.075,0.03125,0.0125,192.0,9,159.84410000965,candidate_failed_verification,13,0,13,0,9,channel_model=qary_symmetric; syndrome_symbols=32,32,180,real_data,32,4,qary_hard_syndrome_bf,qary_symmetric,0.33,4,20,eb5e714c53e22f14
real_typeii_20db_d32_bw180_blk0,qldpc_reference,2,True,False,0.125,0.075,0.09375,0.046875,192.0,8,210.21080005448312,candidate_failed_verification,9,0,9,0,8,channel_model=qary_symmetric; syndrome_symbols=32,32,180,real_data,32,4,qary_hard_syndrome_bf,qary_symmetric,0.33,4,20,eb5e714c53e22f14
real_typeii_20db_d32_bw180_blk0,qldpc_reference,3,True,False,0.203125,0.071875,0.09375,0.040625,192.0,12,208.60809995792806,candidate_failed_verification,20,0,20,0,12,channel_model=qary_symmetric; syndrome_symbols=32,32,180,real_data,32,4,qary_hard_syndrome_bf,qary_symmetric,0.33,4,20,eb5e714c53e22f14
real_typeii_20db_d4_bw120_blk0,qldpc_reference,0,True,False,0.140625,0.0703125,0.21875,0.1171875,76.0,7,14.309799997135997,candidate_failed_verification,9,0,9,0,7,channel_model=qary_symmetric; syndrome_symbols=22,4,120,real_data,4,4,qary_hard_syndrome_bf,qary_symmetric,0.33,3,20,0b962a07318c87cc
real_typeii_20db_d4_bw120_blk0,qldpc_reference,1,True,False,0.046875,0.0234375,0.03125,0.015625,76.0,3,6.715099909342825,candidate_failed_verification,6,0,6,0,3,channel_model=qary_symmetric; syndrome_symbols=22,4,120,real_data,4,4,qary_hard_syndrome_bf,qary_symmetric,0.33,3,20,0b962a07318c87cc
real_typeii_20db_d4_bw120_blk0,qldpc_reference,2,False,False,0.140625,0.0703125,0.21875,0.1328125,76.0,20,16.72180008608848,syndrome_decode_failed,11,1,11,1,7,channel_model=qary_symmetric; syndrome_symbols=22,4,120,real_data,4,4,qary_hard_syndrome_bf,qary_symmetric,0.33,3,20,0b962a07318c87cc
real_typeii_20db_d4_bw120_blk0,qldpc_reference,3,True,True,0.03125,0.015625,0.0,0.0,76.0,2,4.669300047680736,,5,0,5,0,2,channel_model=qary_symmetric; syndrome_symbols=22,4,120,real_data,4,4,qary_hard_syndrome_bf,qary_symmetric,0.33,3,20,0b962a07318c87cc
real_typeii_20db_d4_bw120_blk0,qldpc_reference,0,True,False,0.140625,0.0703125,0.125,0.0859375,96.0,9,18.642299924977124,candidate_failed_verification,19,0,19,0,9,channel_model=qary_symmetric; syndrome_symbols=32,4,120,real_data,4,4,qary_hard_syndrome_bf,qary_symmetric,0.5,3,20,d3ef20759633ed3a
real_typeii_20db_d4_bw120_blk0,qldpc_reference,1,True,True,0.046875,0.0234375,0.0,0.0,96.0,3,8.251999970525503,,8,0,8,0,3,channel_model=qary_symmetric; syndrome_symbols=32,4,120,real_data,4,4,qary_hard_syndrome_bf,qary_symmetric,0.5,3,20,d3ef20759633ed3a
real_typeii_20db_d4_bw120_blk0,qldpc_reference,2,True,False,0.140625,0.0703125,0.09375,0.0546875,96.0,9,26.46419999655336,candidate_failed_verification,19,0,19,0,9,channel_model=qary_symmetric; syndrome_symbols=32,4,120,real_data,4,4,qary_hard_syndrome_bf,qary_symmetric,0.5,3,20,d3ef20759633ed3a
real_typeii_20db_d4_bw120_blk0,qldpc_reference,3,True,True,0.03125,0.015625,0.0,0.0,96.0,2,5.388600053265691,,4,0,4,0,2,channel_model=qary_symmetric; syndrome_symbols=32,4,120,real_data,4,4,qary_hard_syndrome_bf,qary_symmetric,0.5,3,20,d3ef20759633ed3a
real_typeii_20db_d4_bw120_blk0,qldpc_reference,0,False,False,0.140625,0.0703125,0.125,0.078125,96.0,20,15.120399999432266,syndrome_decode_failed,14,3,14,3,6,channel_model=qary_symmetric; syndrome_symbols=32,4,120,real_data,4,4,qary_hard_syndrome_bf,qary_symmetric,0.5,4,20,70f03ad2a6815ec3
real_typeii_20db_d4_bw120_blk0,qldpc_reference,1,True,True,0.046875,0.0234375,0.0,0.0,96.0,3,6.853800034150481,,7,0,7,0,3,channel_model=qary_symmetric; syndrome_symbols=32,4,120,real_data,4,4,qary_hard_syndrome_bf,qary_symmetric,0.5,4,20,70f03ad2a6815ec3
real_typeii_20db_d4_bw120_blk0,qldpc_reference,2,False,False,0.140625,0.0703125,0.1875,0.109375,96.0,20,19.324099994264543,syndrome_decode_failed,16,3,16,3,8,channel_model=qary_symmetric; syndrome_symbols=32,4,120,real_data,4,4,qary_hard_syndrome_bf,qary_symmetric,0.5,4,20,70f03ad2a6815ec3
real_typeii_20db_d4_bw120_blk0,qldpc_reference,3,True,False,0.03125,0.015625,0.03125,0.015625,96.0,2,4.285399918444455,candidate_failed_verification,7,0,7,0,2,channel_model=qary_symmetric; syndrome_symbols=32,4,120,real_data,4,4,qary_hard_syndrome_bf,qary_symmetric,0.5,4,20,70f03ad2a6815ec3
real_typeii_20db_d4_bw100_blk0,qldpc_reference,0,False,False,0.171875,0.09375,0.125,0.0703125,96.0,20,22.112200036644936,syndrome_decode_failed,15,1,15,1,10,channel_model=qary_symmetric; syndrome_symbols=32,4,100,real_data,4,4,qary_hard_syndrome_bf,qary_symmetric,0.5,3,20,522f89e80edee7a1
real_typeii_20db_d4_bw100_blk0,qldpc_reference,1,True,False,0.0625,0.03125,0.03125,0.015625,96.0,4,8.545399992726743,candidate_failed_verification,4,0,4,0,4,channel_model=qary_symmetric; syndrome_symbols=32,4,100,real_data,4,4,qary_hard_syndrome_bf,qary_symmetric,0.5,3,20,522f89e80edee7a1
real_typeii_20db_d4_bw100_blk0,qldpc_reference,2,False,False,0.15625,0.078125,0.140625,0.078125,96.0,20,18.812400056049228,syndrome_decode_failed,12,1,12,1,8,channel_model=qary_symmetric; syndrome_symbols=32,4,100,real_data,4,4,qary_hard_syndrome_bf,qary_symmetric,0.5,3,20,522f89e80edee7a1
real_typeii_20db_d4_bw100_blk0,qldpc_reference,3,False,False,0.15625,0.078125,0.125,0.0703125,96.0,20,22.2034000325948,syndrome_decode_failed,15,1,15,1,10,channel_model=qary_symmetric; syndrome_symbols=32,4,100,real_data,4,4,qary_hard_syndrome_bf,qary_symmetric,0.5,3,20,522f89e80edee7a1
real_typeii_20db_d4_bw120_blk0,qldpc_reference,0,False,False,0.140625,0.0703125,0.125,0.078125,96.0,20,31.877200002782047,syndrome_decode_failed,14,3,14,3,6,channel_model=qary_symmetric; syndrome_symbols=32,4,120,real_data,4,4,qary_hard_syndrome_bf,qary_symmetric,0.5,4,20,43d014f94c106833
real_typeii_20db_d4_bw120_blk0,qldpc_reference,1,True,True,0.046875,0.0234375,0.0,0.0,96.0,3,6.919999956153333,,7,0,7,0,3,channel_model=qary_symmetric; syndrome_symbols=32,4,120,real_data,4,4,qary_hard_syndrome_bf,qary_symmetric,0.5,4,20,43d014f94c106833
real_typeii_20db_d4_bw120_blk0,qldpc_reference,2,False,False,0.140625,0.0703125,0.1875,0.109375,96.0,20,34.37879995908588,syndrome_decode_failed,16,3,16,3,8,channel_model=qary_symmetric; syndrome_symbols=32,4,120,real_data,4,4,qary_hard_syndrome_bf,qary_symmetric,0.5,4,20,43d014f94c106833
real_typeii_20db_d4_bw120_blk0,qldpc_reference,3,True,False,0.03125,0.015625,0.03125,0.015625,96.0,2,4.530899925157428,candidate_failed_verification,7,0,7,0,2,channel_model=qary_symmetric; syndrome_symbols=32,4,120,real_data,4,4,qary_hard_syndrome_bf,qary_symmetric,0.5,4,20,43d014f94c106833
real_typeii_20db_d32_bw180_blk0,qldpc_reference,0,False,False,0.203125,0.078125,0.1875,0.075,192.0,20,228.47079997882247,syndrome_decode_failed,15,1,15,1,11,channel_model=qary_symmetric; syndrome_symbols=32,32,180,real_data,32,4,qary_hard_syndrome_bf,qary_symmetric,0.5,3,20,d3ef20759633ed3a
real_typeii_20db_d32_bw180_blk0,qldpc_reference,1,True,True,0.140625,0.075,0.0,0.0,192.0,9,173.62330004107207,,21,0,21,0,9,channel_model=qary_symmetric; syndrome_symbols=32,32,180,real_data,32,4,qary_hard_syndrome_bf,qary_symmetric,0.5,3,20,d3ef20759633ed3a
real_typeii_20db_d32_bw180_blk0,qldpc_reference,2,True,False,0.125,0.075,0.03125,0.015625,192.0,8,191.82729988824576,candidate_failed_verification,15,0,15,0,8,channel_model=qary_symmetric; syndrome_symbols=32,32,180,real_data,32,4,qary_hard_syndrome_bf,qary_symmetric,0.5,3,20,d3ef20759633ed3a
real_typeii_20db_d32_bw180_blk0,qldpc_reference,3,True,False,0.203125,0.071875,0.0625,0.028125,192.0,11,197.12360005360097,candidate_failed_verification,23,0,23,0,11,channel_model=qary_symmetric; syndrome_symbols=32,32,180,real_data,32,4,qary_hard_syndrome_bf,qary_symmetric,0.5,3,20,d3ef20759633ed3a
real_typeii_20db_d4_bw150_blk0,qldpc_reference,0,True,True,0.046875,0.03125,0.0,0.0,76.0,3,7.263400009833276,,4,0,4,0,3,channel_model=qary_symmetric; syndrome_symbols=22,4,150,real_data,4,4,qary_hard_syndrome_bf,qary_symmetric,0.33,4,20,b2c6fbab915c06c2
real_typeii_20db_d4_bw150_blk0,qldpc_reference,1,True,False,0.0625,0.03125,0.03125,0.0234375,76.0,4,8.605299983173609,candidate_failed_verification,5,0,5,0,4,channel_model=qary_symmetric; syndrome_symbols=22,4,150,real_data,4,4,qary_hard_syndrome_bf,qary_symmetric,0.33,4,20,b2c6fbab915c06c2
real_typeii_20db_d4_bw150_blk0,qldpc_reference,2,True,False,0.0625,0.03125,0.09375,0.046875,76.0,4,7.699699955992401,candidate_failed_verification,4,0,4,0,4,channel_model=qary_symmetric; syndrome_symbols=22,4,150,real_data,4,4,qary_hard_syndrome_bf,qary_symmetric,0.33,4,20,b2c6fbab915c06c2
real_typeii_20db_d4_bw150_blk0,qldpc_reference,3,False,False,0.109375,0.0546875,0.109375,0.0625,76.0,20,11.165300034917891,syndrome_decode_failed,10,1,10,1,4,channel_model=qary_symmetric; syndrome_symbols=22,4,150,real_data,4,4,qary_hard_syndrome_bf,qary_symmetric,0.33,4,20,b2c6fbab915c06c2
real_typeii_20db_d4_bw150_blk0,qldpc_reference,0,True,False,0.046875,0.03125,0.03125,0.0234375,96.0,3,7.348299957811832,candidate_failed_verification,5,0,5,0,3,channel_model=qary_symmetric; syndrome_symbols=32,4,150,real_data,4,4,qary_hard_syndrome_bf,qary_symmetric,0.5,3,20,522f89e80edee7a1
real_typeii_20db_d4_bw150_blk0,qldpc_reference,1,True,True,0.0625,0.03125,0.0,0.0,96.0,4,8.09829996433109,,7,0,7,0,4,channel_model=qary_symmetric; syndrome_symbols=32,4,150,real_data,4,4,qary_hard_syndrome_bf,qary_symmetric,0.5,3,20,522f89e80edee7a1
real_typeii_20db_d4_bw150_blk0,qldpc_reference,2,True,False,0.0625,0.03125,0.03125,0.0234375,96.0,4,7.784800021909177,candidate_failed_verification,8,0,8,0,4,channel_model=qary_symmetric; syndrome_symbols=32,4,150,real_data,4,4,qary_hard_syndrome_bf,qary_symmetric,0.5,3,20,522f89e80edee7a1
real_typeii_20db_d4_bw150_blk0,qldpc_reference,3,True,False,0.109375,0.0546875,0.0625,0.03125,96.0,7,14.166300068609416,candidate_failed_verification,10,0,10,0,7,channel_model=qary_symmetric; syndrome_symbols=32,4,150,real_data,4,4,qary_hard_syndrome_bf,qary_symmetric,0.5,3,20,522f89e80edee7a1
real_typeii_20db_d4_bw150_blk0,qldpc_reference,0,True,True,0.046875,0.03125,0.0,0.0,96.0,3,13.202300062403083,,6,0,6,0,3,channel_model=qary_symmetric; syndrome_symbols=32,4,150,real_data,4,4,qary_hard_syndrome_bf,qary_symmetric,0.5,3,20,d3ef20759633ed3a
real_typeii_20db_d4_bw150_blk0,qldpc_reference,1,True,False,0.0625,0.03125,0.0625,0.03125,96.0,4,7.805699948221445,candidate_failed_verification,6,0,6,0,4,channel_model=qary_symmetric; syndrome_symbols=32,4,150,real_data,4,4,qary_hard_syndrome_bf,qary_symmetric,0.5,3,20,d3ef20759633ed3a
real_typeii_20db_d4_bw150_blk0,qldpc_reference,2,False,False,0.0625,0.03125,0.0625,0.0390625,96.0,20,10.912700090557337,syndrome_decode_failed,9,1,9,1,4,channel_model=qary_symmetric; syndrome_symbols=32,4,150,real_data,4,4,qary_hard_syndrome_bf,qary_symmetric,0.5,3,20,d3ef20759633ed3a
real_typeii_20db_d4_bw150_blk0,qldpc_reference,3,False,False,0.109375,0.0546875,0.109375,0.0625,96.0,20,12.641199980862439,syndrome_decode_failed,10,1,10,1,5,channel_model=qary_symmetric; syndrome_symbols=32,4,150,real_data,4,4,qary_hard_syndrome_bf,qary_symmetric,0.5,3,20,d3ef20759633ed3a
real_typeii_20db_d4_bw150_blk0,qldpc_reference,0,True,True,0.046875,0.03125,0.0,0.0,96.0,3,7.728499942459166,,6,0,6,0,3,channel_model=qary_symmetric; syndrome_symbols=32,4,150,real_data,4,4,qary_hard_syndrome_bf,qary_symmetric,0.33,3,20,ec3c47203d968697
real_typeii_20db_d4_bw150_blk0,qldpc_reference,1,True,False,0.0625,0.03125,0.03125,0.0234375,96.0,4,8.253399981185794,candidate_failed_verification,8,0,8,0,4,channel_model=qary_symmetric; syndrome_symbols=32,4,150,real_data,4,4,qary_hard_syndrome_bf,qary_symmetric,0.33,3,20,ec3c47203d968697
real_typeii_20db_d4_bw150_blk0,qldpc_reference,2,True,False,0.0625,0.03125,0.0625,0.0390625,96.0,4,8.936400059610605,candidate_failed_verification,8,0,8,0,4,channel_model=qary_symmetric; syndrome_symbols=32,4,150,real_data,4,4,qary_hard_syndrome_bf,qary_symmetric,0.33,3,20,ec3c47203d968697
real_typeii_20db_d4_bw150_blk0,qldpc_reference,3,True,False,0.109375,0.0546875,0.0625,0.0390625,96.0,7,14.23380000051111,candidate_failed_verification,12,0,12,0,7,channel_model=qary_symmetric; syndrome_symbols=32,4,150,real_data,4,4,qary_hard_syndrome_bf,qary_symmetric,0.33,3,20,ec3c47203d968697
real_typeii_20db_d4_bw120_blk0,qldpc_reference,0,False,False,0.140625,0.0703125,0.125,0.078125,96.0,20,14.84560000244528,syndrome_decode_failed,14,3,14,3,6,channel_model=qary_symmetric; syndrome_symbols=32,4,120,real_data,4,4,qary_hard_syndrome_bf,qary_symmetric,0.33,4,20,b2c6fbab915c06c2
real_typeii_20db_d4_bw120_blk0,qldpc_reference,1,True,True,0.046875,0.0234375,0.0,0.0,96.0,3,6.613299949094653,,7,0,7,0,3,channel_model=qary_symmetric; syndrome_symbols=32,4,120,real_data,4,4,qary_hard_syndrome_bf,qary_symmetric,0.33,4,20,b2c6fbab915c06c2
real_typeii_20db_d4_bw120_blk0,qldpc_reference,2,False,False,0.140625,0.0703125,0.1875,0.109375,96.0,20,18.386199953965843,syndrome_decode_failed,16,3,16,3,8,channel_model=qary_symmetric; syndrome_symbols=32,4,120,real_data,4,4,qary_hard_syndrome_bf,qary_symmetric,0.33,4,20,b2c6fbab915c06c2
real_typeii_20db_d4_bw120_blk0,qldpc_reference,3,True,False,0.03125,0.015625,0.03125,0.015625,96.0,2,4.76929999422282,candidate_failed_verification,7,0,7,0,2,channel_model=qary_symmetric; syndrome_symbols=32,4,120,real_data,4,4,qary_hard_syndrome_bf,qary_symmetric,0.33,4,20,b2c6fbab915c06c2
real_typeii_20db_d4_bw180_blk0,qldpc_reference,0,True,False,0.09375,0.0546875,0.0625,0.0546875,76.0,6,22.016000002622604,candidate_failed_verification,10,0,10,0,6,channel_model=qary_symmetric; syndrome_symbols=22,4,180,real_data,4,4,qary_hard_syndrome_bf,qary_symmetric,0.33,3,20,0b962a07318c87cc
real_typeii_20db_d4_bw180_blk0,qldpc_reference,1,True,False,0.015625,0.0078125,0.03125,0.0234375,76.0,1,1.8786999862641096,candidate_failed_verification,1,0,1,0,1,channel_model=qary_symmetric; syndrome_symbols=22,4,180,real_data,4,4,qary_hard_syndrome_bf,qary_symmetric,0.33,3,20,0b962a07318c87cc
real_typeii_20db_d4_bw180_blk0,qldpc_reference,2,True,False,0.0625,0.03125,0.03125,0.015625,76.0,3,7.0911000948399305,candidate_failed_verification,4,0,4,0,3,channel_model=qary_symmetric; syndrome_symbols=22,4,180,real_data,4,4,qary_hard_syndrome_bf,qary_symmetric,0.33,3,20,0b962a07318c87cc
real_typeii_20db_d4_bw180_blk0,qldpc_reference,3,True,True,0.0,0.0,0.0,0.0,76.0,0,1.639000023715198,,0,0,0,0,0,channel_model=qary_symmetric; syndrome_symbols=22,4,180,real_data,4,4,qary_hard_syndrome_bf,qary_symmetric,0.33,3,20,0b962a07318c87cc
real_typeii_20db_d4_bw150_blk0,qldpc_reference,0,True,True,0.046875,0.03125,0.0,0.0,96.0,3,7.127399905584753,,6,0,6,0,3,channel_model=qary_symmetric; syndrome_symbols=32,4,150,real_data,4,4,qary_hard_syndrome_bf,qary_symmetric,0.33,4,20,eb5e714c53e22f14
real_typeii_20db_d4_bw150_blk0,qldpc_reference,1,True,False,0.0625,0.03125,0.0625,0.03125,96.0,4,7.658099988475442,candidate_failed_verification,6,0,6,0,4,channel_model=qary_symmetric; syndrome_symbols=32,4,150,real_data,4,4,qary_hard_syndrome_bf,qary_symmetric,0.33,4,20,eb5e714c53e22f14
real_typeii_20db_d4_bw150_blk0,qldpc_reference,2,False,False,0.0625,0.03125,0.0625,0.0390625,96.0,20,11.189899989403784,syndrome_decode_failed,9,1,9,1,4,channel_model=qary_symmetric; syndrome_symbols=32,4,150,real_data,4,4,qary_hard_syndrome_bf,qary_symmetric,0.33,4,20,eb5e714c53e22f14
real_typeii_20db_d4_bw150_blk0,qldpc_reference,3,False,False,0.109375,0.0546875,0.109375,0.0625,96.0,20,17.723000026308,syndrome_decode_failed,10,1,10,1,5,channel_model=qary_symmetric; syndrome_symbols=32,4,150,real_data,4,4,qary_hard_syndrome_bf,qary_symmetric,0.33,4,20,eb5e714c53e22f14
real_typeii_20db_d4_bw150_blk0,qldpc_reference,0,True,True,0.046875,0.03125,0.0,0.0,96.0,3,7.70880002528429,,6,0,6,0,3,channel_model=qary_symmetric; syndrome_symbols=32,4,150,real_data,4,4,qary_hard_syndrome_bf,qary_symmetric,0.5,4,20,70f03ad2a6815ec3
real_typeii_20db_d4_bw150_blk0,qldpc_reference,1,True,True,0.0625,0.03125,0.0,0.0,96.0,4,9.266900015063584,,6,0,6,0,4,channel_model=qary_symmetric; syndrome_symbols=32,4,150,real_data,4,4,qary_hard_syndrome_bf,qary_symmetric,0.5,4,20,70f03ad2a6815ec3
real_typeii_20db_d4_bw150_blk0,qldpc_reference,2,True,False,0.0625,0.03125,0.0625,0.03125,96.0,4,8.740500081330538,candidate_failed_verification,5,0,5,0,4,channel_model=qary_symmetric; syndrome_symbols=32,4,150,real_data,4,4,qary_hard_syndrome_bf,qary_symmetric,0.5,4,20,70f03ad2a6815ec3
real_typeii_20db_d4_bw150_blk0,qldpc_reference,3,False,False,0.109375,0.0546875,0.03125,0.015625,96.0,20,21.796299959532917,syndrome_decode_failed,15,2,15,2,7,channel_model=qary_symmetric; syndrome_symbols=32,4,150,real_data,4,4,qary_hard_syndrome_bf,qary_symmetric,0.5,4,20,70f03ad2a6815ec3
real_typeii_20db_d4_bw180_blk0,qldpc_reference,0,True,False,0.09375,0.0546875,0.03125,0.015625,76.0,4,8.169800043106079,candidate_failed_verification,7,0,7,0,4,channel_model=qary_symmetric; syndrome_symbols=22,4,180,real_data,4,4,qary_hard_syndrome_bf,qary_symmetric,0.33,4,20,eb5e714c53e22f14
real_typeii_20db_d4_bw180_blk0,qldpc_reference,1,True,True,0.015625,0.0078125,0.0,0.0,76.0,1,3.317900002002716,,3,0,3,0,1,channel_model=qary_symmetric; syndrome_symbols=22,4,180,real_data,4,4,qary_hard_syndrome_bf,qary_symmetric,0.33,4,20,eb5e714c53e22f14
real_typeii_20db_d4_bw180_blk0,qldpc_reference,2,False,False,0.0625,0.03125,0.046875,0.03125,76.0,20,8.880499983206391,syndrome_decode_failed,6,1,6,1,3,channel_model=qary_symmetric; syndrome_symbols=22,4,180,real_data,4,4,qary_hard_syndrome_bf,qary_symmetric,0.33,4,20,eb5e714c53e22f14
real_typeii_20db_d4_bw180_blk0,qldpc_reference,3,True,True,0.0,0.0,0.0,0.0,76.0,0,2.228699973784387,,0,0,0,0,0,channel_model=qary_symmetric; syndrome_symbols=22,4,180,real_data,4,4,qary_hard_syndrome_bf,qary_symmetric,0.33,4,20,eb5e714c53e22f14
real_typeii_20db_d4_bw180_blk0,qldpc_reference,0,False,False,0.09375,0.0546875,0.078125,0.046875,96.0,20,13.106700032949448,syndrome_decode_failed,10,2,10,2,5,channel_model=qary_symmetric; syndrome_symbols=32,4,180,real_data,4,4,qary_hard_syndrome_bf,qary_symmetric,0.5,3,20,522f89e80edee7a1
real_typeii_20db_d4_bw180_blk0,qldpc_reference,1,True,True,0.015625,0.0078125,0.0,0.0,96.0,1,3.356600063852966,,2,0,2,0,1,channel_model=qary_symmetric; syndrome_symbols=32,4,180,real_data,4,4,qary_hard_syndrome_bf,qary_symmetric,0.5,3,20,522f89e80edee7a1
real_typeii_20db_d4_bw180_blk0,qldpc_reference,2,True,False,0.0625,0.03125,0.0625,0.03125,96.0,4,8.971699979156256,candidate_failed_verification,6,0,6,0,4,channel_model=qary_symmetric; syndrome_symbols=32,4,180,real_data,4,4,qary_hard_syndrome_bf,qary_symmetric,0.5,3,20,522f89e80edee7a1
real_typeii_20db_d4_bw180_blk0,qldpc_reference,3,True,True,0.0,0.0,0.0,0.0,96.0,0,1.8739999504759908,,0,0,0,0,0,channel_model=qary_symmetric; syndrome_symbols=32,4,180,real_data,4,4,qary_hard_syndrome_bf,qary_symmetric,0.5,3,20,522f89e80edee7a1
real_typeii_20db_d4_bw100_blk0,qldpc_reference,0,False,False,0.171875,0.09375,0.140625,0.0703125,96.0,20,38.941600010730326,syndrome_decode_failed,20,1,20,1,10,channel_model=qary_symmetric; syndrome_symbols=32,4,100,real_data,4,4,qary_hard_syndrome_bf,qary_symmetric,0.33,4,20,b2c6fbab915c06c2
real_typeii_20db_d4_bw100_blk0,qldpc_reference,1,True,False,0.0625,0.03125,0.03125,0.0234375,96.0,4,24.792599957436323,candidate_failed_verification,5,0,5,0,4,channel_model=qary_symmetric; syndrome_symbols=32,4,100,real_data,4,4,qary_hard_syndrome_bf,qary_symmetric,0.33,4,20,b2c6fbab915c06c2
real_typeii_20db_d4_bw100_blk0,qldpc_reference,2,False,False,0.15625,0.078125,0.09375,0.0546875,96.0,20,36.52169997803867,syndrome_decode_failed,11,1,11,1,9,channel_model=qary_symmetric; syndrome_symbols=32,4,100,real_data,4,4,qary_hard_syndrome_bf,qary_symmetric,0.33,4,20,b2c6fbab915c06c2
real_typeii_20db_d4_bw100_blk0,qldpc_reference,3,False,False,0.15625,0.078125,0.171875,0.1015625,96.0,20,66.89900008495897,syndrome_decode_failed,17,3,17,3,9,channel_model=qary_symmetric; syndrome_symbols=32,4,100,real_data,4,4,qary_hard_syndrome_bf,qary_symmetric,0.33,4,20,b2c6fbab915c06c2
real_typeii_20db_d4_bw120_blk0,qldpc_reference,0,False,False,0.140625,0.0703125,0.125,0.078125,96.0,20,15.010700095444918,syndrome_decode_failed,14,3,14,3,6,channel_model=qary_symmetric; syndrome_symbols=32,4,120,real_data,4,4,qary_hard_syndrome_bf,qary_symmetric,0.5,3,20,522f89e80edee7a1
real_typeii_20db_d4_bw120_blk0,qldpc_reference,1,True,True,0.046875,0.0234375,0.0,0.0,96.0,3,6.63920002989471,,7,0,7,0,3,channel_model=qary_symmetric; syndrome_symbols=32,4,120,real_data,4,4,qary_hard_syndrome_bf,qary_symmetric,0.5,3,20,522f89e80edee7a1
real_typeii_20db_d4_bw120_blk0,qldpc_reference,2,False,False,0.140625,0.0703125,0.1875,0.109375,96.0,20,18.954699975438416,syndrome_decode_failed,16,3,16,3,8,channel_model=qary_symmetric; syndrome_symbols=32,4,120,real_data,4,4,qary_hard_syndrome_bf,qary_symmetric,0.5,3,20,522f89e80edee7a1
real_typeii_20db_d4_bw120_blk0,qldpc_reference,3,True,False,0.03125,0.015625,0.03125,0.015625,96.0,2,4.289699951186776,candidate_failed_verification,7,0,7,0,2,channel_model=qary_symmetric; syndrome_symbols=32,4,120,real_data,4,4,qary_hard_syndrome_bf,qary_symmetric,0.5,3,20,522f89e80edee7a1
real_typeii_20db_d32_bw180_blk0,qldpc_reference,0,False,False,0.203125,0.078125,0.1875,0.075,192.0,20,228.3863000338897,syndrome_decode_failed,15,1,15,1,11,channel_model=qary_symmetric; syndrome_symbols=32,32,180,real_data,32,4,qary_hard_syndrome_bf,qary_symmetric,0.5,4,20,43d014f94c106833
real_typeii_20db_d32_bw180_blk0,qldpc_reference,1,True,True,0.140625,0.075,0.0,0.0,192.0,9,255.79690001904964,,21,0,21,0,9,channel_model=qary_symmetric; syndrome_symbols=32,32,180,real_data,32,4,qary_hard_syndrome_bf,qary_symmetric,0.5,4,20,43d014f94c106833
real_typeii_20db_d32_bw180_blk0,qldpc_reference,2,True,False,0.125,0.075,0.03125,0.015625,192.0,8,151.2343999929726,candidate_failed_verification,15,0,15,0,8,channel_model=qary_symmetric; syndrome_symbols=32,32,180,real_data,32,4,qary_hard_syndrome_bf,qary_symmetric,0.5,4,20,43d014f94c106833
real_typeii_20db_d32_bw180_blk0,qldpc_reference,3,True,False,0.203125,0.071875,0.0625,0.028125,192.0,11,252.93580000288785,candidate_failed_verification,23,0,23,0,11,channel_model=qary_symmetric; syndrome_symbols=32,32,180,real_data,32,4,qary_hard_syndrome_bf,qary_symmetric,0.5,4,20,43d014f94c106833
real_typeii_20db_d4_bw180_blk0,qldpc_reference,0,False,False,0.09375,0.0546875,0.046875,0.03125,96.0,20,13.402699958533049,syndrome_decode_failed,14,1,14,1,5,channel_model=qary_symmetric; syndrome_symbols=32,4,180,real_data,4,4,qary_hard_syndrome_bf,qary_symmetric,0.5,4,20,43d014f94c106833
real_typeii_20db_d4_bw180_blk0,qldpc_reference,1,True,True,0.015625,0.0078125,0.0,0.0,96.0,1,4.103400046005845,,3,0,3,0,1,channel_model=qary_symmetric; syndrome_symbols=32,4,180,real_data,4,4,qary_hard_syndrome_bf,qary_symmetric,0.5,4,20,43d014f94c106833
real_typeii_20db_d4_bw180_blk0,qldpc_reference,2,True,True,0.0625,0.03125,0.0,0.0,96.0,4,9.381300071254373,,8,0,8,0,4,channel_model=qary_symmetric; syndrome_symbols=32,4,180,real_data,4,4,qary_hard_syndrome_bf,qary_symmetric,0.5,4,20,43d014f94c106833
real_typeii_20db_d4_bw180_blk0,qldpc_reference,3,True,True,0.0,0.0,0.0,0.0,96.0,0,2.455300069414079,,0,0,0,0,0,channel_model=qary_symmetric; syndrome_symbols=32,4,180,real_data,4,4,qary_hard_syndrome_bf,qary_symmetric,0.5,4,20,43d014f94c106833
real_typeii_20db_d4_bw180_blk0,qldpc_reference,0,False,False,0.09375,0.0546875,0.109375,0.0703125,96.0,20,13.729099999181926,syndrome_decode_failed,8,1,8,1,5,channel_model=qary_symmetric; syndrome_symbols=32,4,180,real_data,4,4,qary_hard_syndrome_bf,qary_symmetric,0.33,4,20,b2c6fbab915c06c2
real_typeii_20db_d4_bw180_blk0,qldpc_reference,1,True,True,0.015625,0.0078125,0.0,0.0,96.0,1,3.909299965016544,,4,0,4,0,1,channel_model=qary_symmetric; syndrome_symbols=32,4,180,real_data,4,4,qary_hard_syndrome_bf,qary_symmetric,0.33,4,20,b2c6fbab915c06c2
real_typeii_20db_d4_bw180_blk0,qldpc_reference,2,True,True,0.0625,0.03125,0.0,0.0,96.0,4,40.790600003674626,,11,0,11,0,4,channel_model=qary_symmetric; syndrome_symbols=32,4,180,real_data,4,4,qary_hard_syndrome_bf,qary_symmetric,0.33,4,20,b2c6fbab915c06c2
real_typeii_20db_d4_bw180_blk0,qldpc_reference,3,True,True,0.0,0.0,0.0,0.0,96.0,0,2.5504000950604677,,0,0,0,0,0,channel_model=qary_symmetric; syndrome_symbols=32,4,180,real_data,4,4,qary_hard_syndrome_bf,qary_symmetric,0.33,4,20,b2c6fbab915c06c2
real_typeii_20db_d4_bw180_blk0,qldpc_reference,0,False,False,0.09375,0.0546875,0.109375,0.0703125,96.0,20,13.875200063921511,syndrome_decode_failed,8,1,8,1,5,channel_model=qary_symmetric; syndrome_symbols=32,4,180,real_data,4,4,qary_hard_syndrome_bf,qary_symmetric,0.5,4,20,70f03ad2a6815ec3
real_typeii_20db_d4_bw180_blk0,qldpc_reference,1,True,True,0.015625,0.0078125,0.0,0.0,96.0,1,4.063699976541102,,4,0,4,0,1,channel_model=qary_symmetric; syndrome_symbols=32,4,180,real_data,4,4,qary_hard_syndrome_bf,qary_symmetric,0.5,4,20,70f03ad2a6815ec3
real_typeii_20db_d4_bw180_blk0,qldpc_reference,2,True,True,0.0625,0.03125,0.0,0.0,96.0,4,41.934499982744455,,11,0,11,0,4,channel_model=qary_symmetric; syndrome_symbols=32,4,180,real_data,4,4,qary_hard_syndrome_bf,qary_symmetric,0.5,4,20,70f03ad2a6815ec3
real_typeii_20db_d4_bw180_blk0,qldpc_reference,3,True,True,0.0,0.0,0.0,0.0,96.0,0,2.39569996483624,,0,0,0,0,0,channel_model=qary_symmetric; syndrome_symbols=32,4,180,real_data,4,4,qary_hard_syndrome_bf,qary_symmetric,0.5,4,20,70f03ad2a6815ec3
real_typeii_20db_d4_bw150_blk0,qldpc_reference,0,True,True,0.046875,0.03125,0.0,0.0,96.0,3,7.6255000894889235,,6,0,6,0,3,channel_model=qary_symmetric; syndrome_symbols=32,4,150,real_data,4,4,qary_hard_syndrome_bf,qary_symmetric,0.33,3,20,0b962a07318c87cc
real_typeii_20db_d4_bw150_blk0,qldpc_reference,1,True,True,0.0625,0.03125,0.0,0.0,96.0,4,25.12959996238351,,6,0,6,0,4,channel_model=qary_symmetric; syndrome_symbols=32,4,150,real_data,4,4,qary_hard_syndrome_bf,qary_symmetric,0.33,3,20,0b962a07318c87cc
real_typeii_20db_d4_bw150_blk0,qldpc_reference,2,True,False,0.0625,0.03125,0.0625,0.03125,96.0,4,8.483799989335239,candidate_failed_verification,5,0,5,0,4,channel_model=qary_symmetric; syndrome_symbols=32,4,150,real_data,4,4,qary_hard_syndrome_bf,qary_symmetric,0.33,3,20,0b962a07318c87cc
real_typeii_20db_d4_bw150_blk0,qldpc_reference,3,False,False,0.109375,0.0546875,0.03125,0.015625,96.0,20,32.991499989293516,syndrome_decode_failed,15,2,15,2,7,channel_model=qary_symmetric; syndrome_symbols=32,4,150,real_data,4,4,qary_hard_syndrome_bf,qary_symmetric,0.33,3,20,0b962a07318c87cc
real_typeii_20db_d4_bw180_blk0,qldpc_reference,0,False,False,0.09375,0.0546875,0.109375,0.0703125,96.0,20,13.232799945399165,syndrome_decode_failed,8,1,8,1,5,channel_model=qary_symmetric; syndrome_symbols=32,4,180,real_data,4,4,qary_hard_syndrome_bf,qary_symmetric,0.5,3,20,d3ef20759633ed3a
real_typeii_20db_d4_bw180_blk0,qldpc_reference,1,True,True,0.015625,0.0078125,0.0,0.0,96.0,1,3.8943999679759145,,4,0,4,0,1,channel_model=qary_symmetric; syndrome_symbols=32,4,180,real_data,4,4,qary_hard_syndrome_bf,qary_symmetric,0.5,3,20,d3ef20759633ed3a
real_typeii_20db_d4_bw180_blk0,qldpc_reference,2,True,True,0.0625,0.03125,0.0,0.0,96.0,4,10.570800048299134,,11,0,11,0,4,channel_model=qary_symmetric; syndrome_symbols=32,4,180,real_data,4,4,qary_hard_syndrome_bf,qary_symmetric,0.5,3,20,d3ef20759633ed3a
real_typeii_20db_d4_bw180_blk0,qldpc_reference,3,True,True,0.0,0.0,0.0,0.0,96.0,0,2.4277999764308333,,0,0,0,0,0,channel_model=qary_symmetric; syndrome_symbols=32,4,180,real_data,4,4,qary_hard_syndrome_bf,qary_symmetric,0.5,3,20,d3ef20759633ed3a
real_typeii_20db_d64_bw100_blk0,qldpc_reference,0,True,False,0.328125,0.09375,0.4375,0.16666666666666666,164.0,17,619.7529999772087,candidate_failed_verification,17,0,17,0,17,channel_model=qary_symmetric; syndrome_symbols=22,64,100,real_data,64,4,qary_hard_syndrome_bf,qary_symmetric,0.33,3,20,ec3c47203d968697
real_typeii_20db_d64_bw100_blk0,qldpc_reference,1,True,False,0.21875,0.078125,0.296875,0.11979166666666667,164.0,12,496.14339997060597,candidate_failed_verification,13,0,13,0,12,channel_model=qary_symmetric; syndrome_symbols=22,64,100,real_data,64,4,qary_hard_syndrome_bf,qary_symmetric,0.33,3,20,ec3c47203d968697
real_typeii_20db_d64_bw100_blk0,qldpc_reference,2,True,False,0.1875,0.07291666666666667,0.21875,0.09895833333333333,164.0,11,418.0749000515789,candidate_failed_verification,12,0,12,0,11,channel_model=qary_symmetric; syndrome_symbols=22,64,100,real_data,64,4,qary_hard_syndrome_bf,qary_symmetric,0.33,3,20,ec3c47203d968697
real_typeii_20db_d64_bw100_blk0,qldpc_reference,3,True,False,0.25,0.0546875,0.28125,0.10416666666666667,164.0,16,798.5230999765918,candidate_failed_verification,16,0,16,0,16,channel_model=qary_symmetric; syndrome_symbols=22,64,100,real_data,64,4,qary_hard_syndrome_bf,qary_symmetric,0.33,3,20,ec3c47203d968697
real_typeii_20db_d64_bw100_blk0,qldpc_reference,0,True,False,0.328125,0.09375,0.4375,0.16666666666666666,164.0,17,726.817199960351,candidate_failed_verification,17,0,17,0,17,channel_model=qary_symmetric; syndrome_symbols=22,64,100,real_data,64,4,qary_hard_syndrome_bf,qary_symmetric,0.33,3,20,0b962a07318c87cc
real_typeii_20db_d64_bw100_blk0,qldpc_reference,1,True,False,0.21875,0.078125,0.296875,0.11979166666666667,164.0,12,532.0175000233576,candidate_failed_verification,13,0,13,0,12,channel_model=qary_symmetric; syndrome_symbols=22,64,100,real_data,64,4,qary_hard_syndrome_bf,qary_symmetric,0.33,3,20,0b962a07318c87cc
real_typeii_20db_d64_bw100_blk0,qldpc_reference,2,True,False,0.1875,0.07291666666666667,0.21875,0.09895833333333333,164.0,11,866.6262000333518,candidate_failed_verification,12,0,12,0,11,channel_model=qary_symmetric; syndrome_symbols=22,64,100,real_data,64,4,qary_hard_syndrome_bf,qary_symmetric,0.33,3,20,0b962a07318c87cc
real_typeii_20db_d64_bw100_blk0,qldpc_reference,3,True,False,0.25,0.0546875,0.28125,0.10416666666666667,164.0,16,1531.9988001137972,candidate_failed_verification,16,0,16,0,16,channel_model=qary_symmetric; syndrome_symbols=22,64,100,real_data,64,4,qary_hard_syndrome_bf,qary_symmetric,0.33,3,20,0b962a07318c87cc
real_typeii_20db_d4_bw150_blk0,qldpc_reference,0,True,True,0.046875,0.03125,0.0,0.0,96.0,3,7.637200062163174,,6,0,6,0,3,channel_model=qary_symmetric; syndrome_symbols=32,4,150,real_data,4,4,qary_hard_syndrome_bf,qary_symmetric,0.5,4,20,43d014f94c106833
real_typeii_20db_d4_bw150_blk0,qldpc_reference,1,True,True,0.0625,0.03125,0.0,0.0,96.0,4,132.1868000086397,,6,0,6,0,4,channel_model=qary_symmetric; syndrome_symbols=32,4,150,real_data,4,4,qary_hard_syndrome_bf,qary_symmetric,0.5,4,20,43d014f94c106833
real_typeii_20db_d4_bw150_blk0,qldpc_reference,2,True,False,0.0625,0.03125,0.0625,0.03125,96.0,4,26.435700012370944,candidate_failed_verification,5,0,5,0,4,channel_model=qary_symmetric; syndrome_symbols=32,4,150,real_data,4,4,qary_hard_syndrome_bf,qary_symmetric,0.5,4,20,43d014f94c106833
real_typeii_20db_d4_bw150_blk0,qldpc_reference,3,False,False,0.109375,0.0546875,0.03125,0.015625,96.0,20,17.04439998138696,syndrome_decode_failed,15,2,15,2,7,channel_model=qary_symmetric; syndrome_symbols=32,4,150,real_data,4,4,qary_hard_syndrome_bf,qary_symmetric,0.5,4,20,43d014f94c106833
real_typeii_20db_d64_bw100_blk0,qldpc_reference,0,False,False,0.328125,0.09375,0.390625,0.14583333333333334,224.0,20,1320.3129000030458,syndrome_decode_failed,28,7,28,7,17,channel_model=qary_symmetric; syndrome_symbols=32,64,100,real_data,64,4,qary_hard_syndrome_bf,qary_symmetric,0.5,4,20,43d014f94c106833
real_typeii_20db_d64_bw100_blk0,qldpc_reference,1,False,False,0.21875,0.078125,0.21875,0.09895833333333333,224.0,20,1928.5341000650078,syndrome_decode_failed,22,2,22,2,15,channel_model=qary_symmetric; syndrome_symbols=32,64,100,real_data,64,4,qary_hard_syndrome_bf,qary_symmetric,0.5,4,20,43d014f94c106833
real_typeii_20db_d64_bw100_blk0,qldpc_reference,2,True,False,0.1875,0.07291666666666667,0.078125,0.044270833333333336,224.0,12,1362.163099925965,candidate_failed_verification,22,0,22,0,12,channel_model=qary_symmetric; syndrome_symbols=32,64,100,real_data,64,4,qary_hard_syndrome_bf,qary_symmetric,0.5,4,20,43d014f94c106833
real_typeii_20db_d64_bw100_blk0,qldpc_reference,3,False,False,0.25,0.0546875,0.171875,0.057291666666666664,224.0,20,2238.819400081411,syndrome_decode_failed,23,2,23,2,14,channel_model=qary_symmetric; syndrome_symbols=32,64,100,real_data,64,4,qary_hard_syndrome_bf,qary_symmetric,0.5,4,20,43d014f94c106833
real_typeii_20db_d64_bw100_blk0,qldpc_reference,0,False,False,0.328125,0.09375,0.390625,0.14583333333333334,224.0,20,1697.406000108458,syndrome_decode_failed,28,7,28,7,17,channel_model=qary_symmetric; syndrome_symbols=32,64,100,real_data,64,4,qary_hard_syndrome_bf,qary_symmetric,0.33,4,20,eb5e714c53e22f14
real_typeii_20db_d64_bw100_blk0,qldpc_reference,1,False,False,0.21875,0.078125,0.21875,0.09895833333333333,224.0,20,1260.1056001149118,syndrome_decode_failed,22,2,22,2,15,channel_model=qary_symmetric; syndrome_symbols=32,64,100,real_data,64,4,qary_hard_syndrome_bf,qary_symmetric,0.33,4,20,eb5e714c53e22f14
real_typeii_20db_d64_bw100_blk0,qldpc_reference,2,True,False,0.1875,0.07291666666666667,0.078125,0.044270833333333336,224.0,12,1754.098100005649,candidate_failed_verification,22,0,22,0,12,channel_model=qary_symmetric; syndrome_symbols=32,64,100,real_data,64,4,qary_hard_syndrome_bf,qary_symmetric,0.33,4,20,eb5e714c53e22f14
real_typeii_20db_d64_bw100_blk0,qldpc_reference,3,False,False,0.25,0.0546875,0.171875,0.057291666666666664,224.0,20,1694.8662999784574,syndrome_decode_failed,23,2,23,2,14,channel_model=qary_symmetric; syndrome_symbols=32,64,100,real_data,64,4,qary_hard_syndrome_bf,qary_symmetric,0.33,4,20,eb5e714c53e22f14
real_typeii_20db_d4_bw180_blk0,qldpc_reference,0,False,False,0.09375,0.0546875,0.078125,0.046875,96.0,20,12.847599922679365,syndrome_decode_failed,10,2,10,2,5,channel_model=qary_symmetric; syndrome_symbols=32,4,180,real_data,4,4,qary_hard_syndrome_bf,qary_symmetric,0.33,3,20,ec3c47203d968697
real_typeii_20db_d4_bw180_blk0,qldpc_reference,1,True,True,0.015625,0.0078125,0.0,0.0,96.0,1,34.861400024965405,,2,0,2,0,1,channel_model=qary_symmetric; syndrome_symbols=32,4,180,real_data,4,4,qary_hard_syndrome_bf,qary_symmetric,0.33,3,20,ec3c47203d968697
real_typeii_20db_d4_bw180_blk0,qldpc_reference,2,True,False,0.0625,0.03125,0.0625,0.03125,96.0,4,9.183399961329997,candidate_failed_verification,6,0,6,0,4,channel_model=qary_symmetric; syndrome_symbols=32,4,180,real_data,4,4,qary_hard_syndrome_bf,qary_symmetric,0.33,3,20,ec3c47203d968697
real_typeii_20db_d4_bw180_blk0,qldpc_reference,3,True,True,0.0,0.0,0.0,0.0,96.0,0,2.0867999410256743,,0,0,0,0,0,channel_model=qary_symmetric; syndrome_symbols=32,4,180,real_data,4,4,qary_hard_syndrome_bf,qary_symmetric,0.33,3,20,ec3c47203d968697
real_typeii_20db_d64_bw100_blk0,qldpc_reference,0,False,False,0.328125,0.09375,0.28125,0.10677083333333333,224.0,20,2771.3073999620974,syndrome_decode_failed,27,3,27,3,19,channel_model=qary_symmetric; syndrome_symbols=32,64,100,real_data,64,4,qary_hard_syndrome_bf,qary_symmetric,0.5,3,20,d3ef20759633ed3a
real_typeii_20db_d64_bw100_blk0,qldpc_reference,1,False,False,0.21875,0.078125,0.1875,0.08854166666666667,224.0,20,2017.359699937515,syndrome_decode_failed,20,3,20,3,14,channel_model=qary_symmetric; syndrome_symbols=32,64,100,real_data,64,4,qary_hard_syndrome_bf,qary_symmetric,0.5,3,20,d3ef20759633ed3a
real_typeii_20db_d64_bw100_blk0,qldpc_reference,2,False,False,0.1875,0.07291666666666667,0.171875,0.0859375,224.0,20,1495.9203000180423,syndrome_decode_failed,18,2,18,2,12,channel_model=qary_symmetric; syndrome_symbols=32,64,100,real_data,64,4,qary_hard_syndrome_bf,qary_symmetric,0.5,3,20,d3ef20759633ed3a
real_typeii_20db_d64_bw100_blk0,qldpc_reference,3,False,False,0.25,0.0546875,0.171875,0.06770833333333333,224.0,20,1425.8014999795705,syndrome_decode_failed,18,2,18,2,11,channel_model=qary_symmetric; syndrome_symbols=32,64,100,real_data,64,4,qary_hard_syndrome_bf,qary_symmetric,0.5,3,20,d3ef20759633ed3a
real_typeii_20db_d64_bw100_blk0,qldpc_reference,0,False,False,0.328125,0.09375,0.390625,0.14583333333333334,224.0,20,2314.0406999737024,syndrome_decode_failed,28,7,28,7,17,channel_model=qary_symmetric; syndrome_symbols=32,64,100,real_data,64,4,qary_hard_syndrome_bf,qary_symmetric,0.5,3,20,522f89e80edee7a1
real_typeii_20db_d64_bw100_blk0,qldpc_reference,1,False,False,0.21875,0.078125,0.21875,0.09895833333333333,224.0,20,2002.471899962984,syndrome_decode_failed,22,2,22,2,15,channel_model=qary_symmetric; syndrome_symbols=32,64,100,real_data,64,4,qary_hard_syndrome_bf,qary_symmetric,0.5,3,20,522f89e80edee7a1
real_typeii_20db_d64_bw100_blk0,qldpc_reference,2,True,False,0.1875,0.07291666666666667,0.078125,0.044270833333333336,224.0,12,1382.7130000572652,candidate_failed_verification,22,0,22,0,12,channel_model=qary_symmetric; syndrome_symbols=32,64,100,real_data,64,4,qary_hard_syndrome_bf,qary_symmetric,0.5,3,20,522f89e80edee7a1
real_typeii_20db_d64_bw100_blk0,qldpc_reference,3,False,False,0.25,0.0546875,0.171875,0.057291666666666664,224.0,20,1436.370600014925,syndrome_decode_failed,23,2,23,2,14,channel_model=qary_symmetric; syndrome_symbols=32,64,100,real_data,64,4,qary_hard_syndrome_bf,qary_symmetric,0.5,3,20,522f89e80edee7a1
real_typeii_20db_d64_bw100_blk0,qldpc_reference,0,False,False,0.328125,0.09375,0.28125,0.10677083333333333,224.0,20,1965.7233000034466,syndrome_decode_failed,27,3,27,3,19,channel_model=qary_symmetric; syndrome_symbols=32,64,100,real_data,64,4,qary_hard_syndrome_bf,qary_symmetric,0.33,4,20,b2c6fbab915c06c2
real_typeii_20db_d64_bw100_blk0,qldpc_reference,1,False,False,0.21875,0.078125,0.1875,0.08854166666666667,224.0,20,1673.8333000103012,syndrome_decode_failed,20,3,20,3,14,channel_model=qary_symmetric; syndrome_symbols=32,64,100,real_data,64,4,qary_hard_syndrome_bf,qary_symmetric,0.33,4,20,b2c6fbab915c06c2
real_typeii_20db_d64_bw100_blk0,qldpc_reference,2,False,False,0.1875,0.07291666666666667,0.171875,0.0859375,224.0,20,1357.2390000335872,syndrome_decode_failed,18,2,18,2,12,channel_model=qary_symmetric; syndrome_symbols=32,64,100,real_data,64,4,qary_hard_syndrome_bf,qary_symmetric,0.33,4,20,b2c6fbab915c06c2
real_typeii_20db_d64_bw100_blk0,qldpc_reference,3,False,False,0.25,0.0546875,0.171875,0.06770833333333333,224.0,20,904.5282000442967,syndrome_decode_failed,18,2,18,2,11,channel_model=qary_symmetric; syndrome_symbols=32,64,100,real_data,64,4,qary_hard_syndrome_bf,qary_symmetric,0.33,4,20,b2c6fbab915c06c2
real_typeii_20db_d64_bw120_blk0,qldpc_reference,0,True,False,0.28125,0.07291666666666667,0.28125,0.10677083333333333,164.0,15,1056.8293000105768,candidate_failed_verification,19,0,19,0,15,channel_model=qary_symmetric; syndrome_symbols=22,64,120,real_data,64,4,qary_hard_syndrome_bf,qary_symmetric,0.33,4,20,eb5e714c53e22f14
real_typeii_20db_d64_bw120_blk0,qldpc_reference,1,False,False,0.203125,0.1015625,0.1875,0.09114583333333333,164.0,20,606.4388999948278,syndrome_decode_failed,12,1,12,1,9,channel_model=qary_symmetric; syndrome_symbols=22,64,120,real_data,64,4,qary_hard_syndrome_bf,qary_symmetric,0.33,4,20,eb5e714c53e22f14
real_typeii_20db_d64_bw120_blk0,qldpc_reference,2,False,False,0.203125,0.08854166666666667,0.25,0.11197916666666667,164.0,20,737.4880999559537,syndrome_decode_failed,14,1,14,1,11,channel_model=qary_symmetric; syndrome_symbols=22,64,120,real_data,64,4,qary_hard_syndrome_bf,qary_symmetric,0.33,4,20,eb5e714c53e22f14
real_typeii_20db_d64_bw120_blk0,qldpc_reference,3,True,False,0.234375,0.078125,0.265625,0.09895833333333333,164.0,12,1034.0053000254557,candidate_failed_verification,16,0,16,0,12,channel_model=qary_symmetric; syndrome_symbols=22,64,120,real_data,64,4,qary_hard_syndrome_bf,qary_symmetric,0.33,4,20,eb5e714c53e22f14
real_typeii_20db_d64_bw120_blk0,qldpc_reference,0,False,False,0.28125,0.07291666666666667,0.1875,0.08333333333333333,224.0,20,1688.178800046444,syndrome_decode_failed,24,1,24,1,16,channel_model=qary_symmetric; syndrome_symbols=32,64,120,real_data,64,4,qary_hard_syndrome_bf,qary_symmetric,0.5,3,20,d3ef20759633ed3a
real_typeii_20db_d64_bw120_blk0,qldpc_reference,1,False,False,0.203125,0.1015625,0.234375,0.109375,224.0,20,1018.2654000818729,syndrome_decode_failed,14,3,14,3,10,channel_model=qary_symmetric; syndrome_symbols=32,64,120,real_data,64,4,qary_hard_syndrome_bf,qary_symmetric,0.5,3,20,d3ef20759633ed3a
real_typeii_20db_d64_bw120_blk0,qldpc_reference,2,True,False,0.203125,0.08854166666666667,0.125,0.0703125,224.0,13,2788.745200028643,candidate_failed_verification,18,0,18,0,13,channel_model=qary_symmetric; syndrome_symbols=32,64,120,real_data,64,4,qary_hard_syndrome_bf,qary_symmetric,0.5,3,20,d3ef20759633ed3a
real_typeii_20db_d64_bw120_blk0,qldpc_reference,3,True,False,0.234375,0.078125,0.140625,0.07291666666666667,224.0,15,2783.097399980761,candidate_failed_verification,23,0,23,0,15,channel_model=qary_symmetric; syndrome_symbols=32,64,120,real_data,64,4,qary_hard_syndrome_bf,qary_symmetric,0.5,3,20,d3ef20759633ed3a
real_typeii_20db_d64_bw100_blk0,qldpc_reference,0,False,False,0.328125,0.09375,0.28125,0.10677083333333333,224.0,20,2247.4608999909833,syndrome_decode_failed,27,3,27,3,19,channel_model=qary_symmetric; syndrome_symbols=32,64,100,real_data,64,4,qary_hard_syndrome_bf,qary_symmetric,0.5,4,20,70f03ad2a6815ec3
real_typeii_20db_d64_bw100_blk0,qldpc_reference,1,False,False,0.21875,0.078125,0.1875,0.08854166666666667,224.0,20,2721.665000077337,syndrome_decode_failed,20,3,20,3,14,channel_model=qary_symmetric; syndrome_symbols=32,64,100,real_data,64,4,qary_hard_syndrome_bf,qary_symmetric,0.5,4,20,70f03ad2a6815ec3
real_typeii_20db_d64_bw100_blk0,qldpc_reference,2,False,False,0.1875,0.07291666666666667,0.171875,0.0859375,224.0,20,2337.98279997427,syndrome_decode_failed,18,2,18,2,12,channel_model=qary_symmetric; syndrome_symbols=32,64,100,real_data,64,4,qary_hard_syndrome_bf,qary_symmetric,0.5,4,20,70f03ad2a6815ec3
real_typeii_20db_d64_bw100_blk0,qldpc_reference,3,False,False,0.25,0.0546875,0.171875,0.06770833333333333,224.0,20,1952.8983000200242,syndrome_decode_failed,18,2,18,2,11,channel_model=qary_symmetric; syndrome_symbols=32,64,100,real_data,64,4,qary_hard_syndrome_bf,qary_symmetric,0.5,4,20,70f03ad2a6815ec3
real_typeii_20db_d64_bw120_blk0,qldpc_reference,0,True,False,0.28125,0.07291666666666667,0.28125,0.10677083333333333,164.0,15,2815.887700067833,candidate_failed_verification,19,0,19,0,15,channel_model=qary_symmetric; syndrome_symbols=22,64,120,real_data,64,4,qary_hard_syndrome_bf,qary_symmetric,0.33,3,20,0b962a07318c87cc
real_typeii_20db_d64_bw120_blk0,qldpc_reference,1,False,False,0.203125,0.1015625,0.1875,0.09114583333333333,164.0,20,2245.9244000492617,syndrome_decode_failed,12,1,12,1,9,channel_model=qary_symmetric; syndrome_symbols=22,64,120,real_data,64,4,qary_hard_syndrome_bf,qary_symmetric,0.33,3,20,0b962a07318c87cc
real_typeii_20db_d64_bw120_blk0,qldpc_reference,2,False,False,0.203125,0.08854166666666667,0.25,0.11197916666666667,164.0,20,2092.1071999473497,syndrome_decode_failed,14,1,14,1,11,channel_model=qary_symmetric; syndrome_symbols=22,64,120,real_data,64,4,qary_hard_syndrome_bf,qary_symmetric,0.33,3,20,0b962a07318c87cc
real_typeii_20db_d64_bw120_blk0,qldpc_reference,3,True,False,0.234375,0.078125,0.265625,0.09895833333333333,164.0,12,2072.5584999891,candidate_failed_verification,16,0,16,0,12,channel_model=qary_symmetric; syndrome_symbols=22,64,120,real_data,64,4,qary_hard_syndrome_bf,qary_symmetric,0.33,3,20,0b962a07318c87cc
real_typeii_20db_d64_bw120_blk0,qldpc_reference,0,False,False,0.28125,0.07291666666666667,0.140625,0.059895833333333336,224.0,20,2549.713199958205,syndrome_decode_failed,25,2,25,2,16,channel_model=qary_symmetric; syndrome_symbols=32,64,120,real_data,64,4,qary_hard_syndrome_bf,qary_symmetric,0.33,3,20,ec3c47203d968697
real_typeii_20db_d64_bw120_blk0,qldpc_reference,1,True,False,0.203125,0.1015625,0.03125,0.010416666666666666,224.0,12,2054.83570008073,candidate_failed_verification,24,0,24,0,12,channel_model=qary_symmetric; syndrome_symbols=32,64,120,real_data,64,4,qary_hard_syndrome_bf,qary_symmetric,0.33,3,20,ec3c47203d968697
real_typeii_20db_d64_bw120_blk0,qldpc_reference,2,False,False,0.203125,0.08854166666666667,0.15625,0.08854166666666667,224.0,20,2405.9974999399856,syndrome_decode_failed,20,2,20,2,11,channel_model=qary_symmetric; syndrome_symbols=32,64,120,real_data,64,4,qary_hard_syndrome_bf,qary_symmetric,0.33,3,20,ec3c47203d968697
real_typeii_20db_d64_bw120_blk0,qldpc_reference,3,False,False,0.234375,0.078125,0.203125,0.07552083333333333,224.0,20,3297.175099956803,syndrome_decode_failed,20,5,20,5,14,channel_model=qary_symmetric; syndrome_symbols=32,64,120,real_data,64,4,qary_hard_syndrome_bf,qary_symmetric,0.33,3,20,ec3c47203d968697
real_typeii_20db_d64_bw120_blk0,qldpc_reference,0,False,False,0.28125,0.07291666666666667,0.1875,0.08333333333333333,224.0,20,3474.2053999798372,syndrome_decode_failed,24,1,24,1,16,channel_model=qary_symmetric; syndrome_symbols=32,64,120,real_data,64,4,qary_hard_syndrome_bf,qary_symmetric,0.5,3,20,522f89e80edee7a1
real_typeii_20db_d64_bw120_blk0,qldpc_reference,1,False,False,0.203125,0.1015625,0.234375,0.109375,224.0,20,2226.978400023654,syndrome_decode_failed,14,3,14,3,10,channel_model=qary_symmetric; syndrome_symbols=32,64,120,real_data,64,4,qary_hard_syndrome_bf,qary_symmetric,0.5,3,20,522f89e80edee7a1
real_typeii_20db_d64_bw120_blk0,qldpc_reference,2,True,False,0.203125,0.08854166666666667,0.125,0.0703125,224.0,13,2294.6760000195354,candidate_failed_verification,18,0,18,0,13,channel_model=qary_symmetric; syndrome_symbols=32,64,120,real_data,64,4,qary_hard_syndrome_bf,qary_symmetric,0.5,3,20,522f89e80edee7a1
real_typeii_20db_d64_bw120_blk0,qldpc_reference,3,True,False,0.234375,0.078125,0.140625,0.07291666666666667,224.0,15,1900.1717999344692,candidate_failed_verification,23,0,23,0,15,channel_model=qary_symmetric; syndrome_symbols=32,64,120,real_data,64,4,qary_hard_syndrome_bf,qary_symmetric,0.5,3,20,522f89e80edee7a1
real_typeii_20db_d64_bw120_blk0,qldpc_reference,0,False,False,0.28125,0.07291666666666667,0.1875,0.059895833333333336,224.0,20,3246.17199995555,syndrome_decode_failed,24,2,24,2,15,channel_model=qary_symmetric; syndrome_symbols=32,64,120,real_data,64,4,qary_hard_syndrome_bf,qary_symmetric,0.33,4,20,b2c6fbab915c06c2
real_typeii_20db_d64_bw120_blk0,qldpc_reference,1,False,False,0.203125,0.1015625,0.09375,0.03125,224.0,20,1993.6210999730974,syndrome_decode_failed,19,2,19,2,10,channel_model=qary_symmetric; syndrome_symbols=32,64,120,real_data,64,4,qary_hard_syndrome_bf,qary_symmetric,0.33,4,20,b2c6fbab915c06c2
real_typeii_20db_d64_bw120_blk0,qldpc_reference,2,False,False,0.203125,0.08854166666666667,0.046875,0.018229166666666668,224.0,20,1464.6162999561056,syndrome_decode_failed,18,1,18,1,11,channel_model=qary_symmetric; syndrome_symbols=32,64,120,real_data,64,4,qary_hard_syndrome_bf,qary_symmetric,0.33,4,20,b2c6fbab915c06c2
real_typeii_20db_d64_bw120_blk0,qldpc_reference,3,False,False,0.234375,0.078125,0.125,0.046875,224.0,20,1743.9013000112027,syndrome_decode_failed,21,1,21,1,13,channel_model=qary_symmetric; syndrome_symbols=32,64,120,real_data,64,4,qary_hard_syndrome_bf,qary_symmetric,0.33,4,20,b2c6fbab915c06c2
real_typeii_20db_d64_bw120_blk0,qldpc_reference,0,False,False,0.28125,0.07291666666666667,0.1875,0.059895833333333336,224.0,20,2946.8138999072835,syndrome_decode_failed,24,2,24,2,15,channel_model=qary_symmetric; syndrome_symbols=32,64,120,real_data,64,4,qary_hard_syndrome_bf,qary_symmetric,0.5,4,20,43d014f94c106833
real_typeii_20db_d64_bw120_blk0,qldpc_reference,1,False,False,0.203125,0.1015625,0.09375,0.03125,224.0,20,1204.5016000047326,syndrome_decode_failed,19,2,19,2,10,channel_model=qary_symmetric; syndrome_symbols=32,64,120,real_data,64,4,qary_hard_syndrome_bf,qary_symmetric,0.5,4,20,43d014f94c106833
real_typeii_20db_d64_bw120_blk0,qldpc_reference,2,False,False,0.203125,0.08854166666666667,0.046875,0.018229166666666668,224.0,20,990.99349998869,syndrome_decode_failed,18,1,18,1,11,channel_model=qary_symmetric; syndrome_symbols=32,64,120,real_data,64,4,qary_hard_syndrome_bf,qary_symmetric,0.5,4,20,43d014f94c106833
real_typeii_20db_d64_bw120_blk0,qldpc_reference,3,False,False,0.234375,0.078125,0.125,0.046875,224.0,20,1548.1616000179201,syndrome_decode_failed,21,1,21,1,13,channel_model=qary_symmetric; syndrome_symbols=32,64,120,real_data,64,4,qary_hard_syndrome_bf,qary_symmetric,0.5,4,20,43d014f94c106833
real_typeii_20db_d64_bw120_blk0,qldpc_reference,0,False,False,0.28125,0.07291666666666667,0.1875,0.059895833333333336,224.0,20,1734.1542000649497,syndrome_decode_failed,24,2,24,2,15,channel_model=qary_symmetric; syndrome_symbols=32,64,120,real_data,64,4,qary_hard_syndrome_bf,qary_symmetric,0.5,4,20,70f03ad2a6815ec3
real_typeii_20db_d64_bw120_blk0,qldpc_reference,1,False,False,0.203125,0.1015625,0.09375,0.03125,224.0,20,1159.207799937576,syndrome_decode_failed,19,2,19,2,10,channel_model=qary_symmetric; syndrome_symbols=32,64,120,real_data,64,4,qary_hard_syndrome_bf,qary_symmetric,0.5,4,20,70f03ad2a6815ec3
real_typeii_20db_d64_bw120_blk0,qldpc_reference,2,False,False,0.203125,0.08854166666666667,0.046875,0.018229166666666668,224.0,20,1312.5186000252143,syndrome_decode_failed,18,1,18,1,11,channel_model=qary_symmetric; syndrome_symbols=32,64,120,real_data,64,4,qary_hard_syndrome_bf,qary_symmetric,0.5,4,20,70f03ad2a6815ec3
real_typeii_20db_d64_bw120_blk0,qldpc_reference,3,False,False,0.234375,0.078125,0.125,0.046875,224.0,20,1037.2919000219554,syndrome_decode_failed,21,1,21,1,13,channel_model=qary_symmetric; syndrome_symbols=32,64,120,real_data,64,4,qary_hard_syndrome_bf,qary_symmetric,0.5,4,20,70f03ad2a6815ec3
real_typeii_20db_d64_bw150_blk0,qldpc_reference,0,False,False,0.21875,0.08854166666666667,0.3125,0.11979166666666667,224.0,20,1649.7789999702945,syndrome_decode_failed,19,2,19,2,15,channel_model=qary_symmetric; syndrome_symbols=32,64,150,real_data,64,4,qary_hard_syndrome_bf,qary_symmetric,0.33,3,20,ec3c47203d968697
real_typeii_20db_d64_bw150_blk0,qldpc_reference,1,False,False,0.265625,0.11458333333333333,0.25,0.12760416666666666,224.0,20,1681.1920000473037,syndrome_decode_failed,23,2,23,2,17,channel_model=qary_symmetric; syndrome_symbols=32,64,150,real_data,64,4,qary_hard_syndrome_bf,qary_symmetric,0.33,3,20,ec3c47203d968697
real_typeii_20db_d64_bw150_blk0,qldpc_reference,2,True,False,0.15625,0.0703125,0.125,0.057291666666666664,224.0,10,1370.6132000079378,candidate_failed_verification,13,0,13,0,10,channel_model=qary_symmetric; syndrome_symbols=32,64,150,real_data,64,4,qary_hard_syndrome_bf,qary_symmetric,0.33,3,20,ec3c47203d968697
real_typeii_20db_d64_bw150_blk0,qldpc_reference,3,False,False,0.25,0.09375,0.234375,0.09375,224.0,20,1639.0851000323892,syndrome_decode_failed,18,1,18,1,15,channel_model=qary_symmetric; syndrome_symbols=32,64,150,real_data,64,4,qary_hard_syndrome_bf,qary_symmetric,0.33,3,20,ec3c47203d968697
real_typeii_20db_d64_bw150_blk0,qldpc_reference,0,False,False,0.21875,0.08854166666666667,0.109375,0.0625,224.0,20,1605.31620006077,syndrome_decode_failed,21,2,21,2,13,channel_model=qary_symmetric; syndrome_symbols=32,64,150,real_data,64,4,qary_hard_syndrome_bf,qary_symmetric,0.5,3,20,d3ef20759633ed3a
real_typeii_20db_d64_bw150_blk0,qldpc_reference,1,False,False,0.265625,0.11458333333333333,0.203125,0.09375,224.0,20,1094.9342000531033,syndrome_decode_failed,20,4,20,4,11,channel_model=qary_symmetric; syndrome_symbols=32,64,150,real_data,64,4,qary_hard_syndrome_bf,qary_symmetric,0.5,3,20,d3ef20759633ed3a
real_typeii_20db_d64_bw150_blk0,qldpc_reference,2,True,False,0.15625,0.0703125,0.09375,0.049479166666666664,224.0,11,1625.875199912116,candidate_failed_verification,15,0,15,0,11,channel_model=qary_symmetric; syndrome_symbols=32,64,150,real_data,64,4,qary_hard_syndrome_bf,qary_symmetric,0.5,3,20,d3ef20759633ed3a
real_typeii_20db_d64_bw150_blk0,qldpc_reference,3,False,False,0.25,0.09375,0.3125,0.1171875,224.0,20,2445.6750999670476,syndrome_decode_failed,18,2,18,2,14,channel_model=qary_symmetric; syndrome_symbols=32,64,150,real_data,64,4,qary_hard_syndrome_bf,qary_symmetric,0.5,3,20,d3ef20759633ed3a
real_typeii_20db_d64_bw150_blk0,qldpc_reference,0,False,False,0.21875,0.08854166666666667,0.3125,0.11979166666666667,224.0,20,1673.0149999493733,syndrome_decode_failed,19,2,19,2,15,channel_model=qary_symmetric; syndrome_symbols=32,64,150,real_data,64,4,qary_hard_syndrome_bf,qary_symmetric,0.33,3,20,0b962a07318c87cc
real_typeii_20db_d64_bw150_blk0,qldpc_reference,1,False,False,0.265625,0.11458333333333333,0.25,0.12760416666666666,224.0,20,2355.7537000160664,syndrome_decode_failed,23,2,23,2,17,channel_model=qary_symmetric; syndrome_symbols=32,64,150,real_data,64,4,qary_hard_syndrome_bf,qary_symmetric,0.33,3,20,0b962a07318c87cc
real_typeii_20db_d64_bw150_blk0,qldpc_reference,2,True,False,0.15625,0.0703125,0.125,0.057291666666666664,224.0,10,1221.8313999474049,candidate_failed_verification,13,0,13,0,10,channel_model=qary_symmetric; syndrome_symbols=32,64,150,real_data,64,4,qary_hard_syndrome_bf,qary_symmetric,0.33,3,20,0b962a07318c87cc
real_typeii_20db_d64_bw150_blk0,qldpc_reference,3,False,False,0.25,0.09375,0.234375,0.09375,224.0,20,3003.213799907826,syndrome_decode_failed,18,1,18,1,15,channel_model=qary_symmetric; syndrome_symbols=32,64,150,real_data,64,4,qary_hard_syndrome_bf,qary_symmetric,0.33,3,20,0b962a07318c87cc
real_typeii_20db_d64_bw150_blk0,qldpc_reference,0,False,False,0.21875,0.08854166666666667,0.203125,0.08854166666666667,224.0,20,1669.67079997994,syndrome_decode_failed,21,2,21,2,12,channel_model=qary_symmetric; syndrome_symbols=32,64,150,real_data,64,4,qary_hard_syndrome_bf,qary_symmetric,0.5,4,20,70f03ad2a6815ec3
real_typeii_20db_d64_bw150_blk0,qldpc_reference,1,False,False,0.265625,0.11458333333333333,0.1875,0.07291666666666667,224.0,20,3026.5941000543535,syndrome_decode_failed,23,3,23,3,13,channel_model=qary_symmetric; syndrome_symbols=32,64,150,real_data,64,4,qary_hard_syndrome_bf,qary_symmetric,0.5,4,20,70f03ad2a6815ec3
real_typeii_20db_d64_bw150_blk0,qldpc_reference,2,True,False,0.15625,0.0703125,0.0625,0.03125,224.0,10,1646.544300019741,candidate_failed_verification,23,0,23,0,10,channel_model=qary_symmetric; syndrome_symbols=32,64,150,real_data,64,4,qary_hard_syndrome_bf,qary_symmetric,0.5,4,20,70f03ad2a6815ec3
real_typeii_20db_d64_bw150_blk0,qldpc_reference,3,False,False,0.25,0.09375,0.171875,0.0703125,224.0,20,2274.183100089431,syndrome_decode_failed,19,2,19,2,12,channel_model=qary_symmetric; syndrome_symbols=32,64,150,real_data,64,4,qary_hard_syndrome_bf,qary_symmetric,0.5,4,20,70f03ad2a6815ec3
real_typeii_20db_d64_bw150_blk0,qldpc_reference,0,False,False,0.21875,0.08854166666666667,0.203125,0.08854166666666667,224.0,20,2189.4623999251053,syndrome_decode_failed,21,2,21,2,12,channel_model=qary_symmetric; syndrome_symbols=32,64,150,real_data,64,4,qary_hard_syndrome_bf,qary_symmetric,0.33,4,20,b2c6fbab915c06c2
real_typeii_20db_d64_bw150_blk0,qldpc_reference,1,False,False,0.265625,0.11458333333333333,0.1875,0.07291666666666667,224.0,20,2721.637299982831,syndrome_decode_failed,23,3,23,3,13,channel_model=qary_symmetric; syndrome_symbols=32,64,150,real_data,64,4,qary_hard_syndrome_bf,qary_symmetric,0.33,4,20,b2c6fbab915c06c2
real_typeii_20db_d64_bw150_blk0,qldpc_reference,2,True,False,0.15625,0.0703125,0.0625,0.03125,224.0,10,1390.7592999748886,candidate_failed_verification,23,0,23,0,10,channel_model=qary_symmetric; syndrome_symbols=32,64,150,real_data,64,4,qary_hard_syndrome_bf,qary_symmetric,0.33,4,20,b2c6fbab915c06c2
real_typeii_20db_d64_bw150_blk0,qldpc_reference,3,False,False,0.25,0.09375,0.171875,0.0703125,224.0,20,1669.5870999246836,syndrome_decode_failed,19,2,19,2,12,channel_model=qary_symmetric; syndrome_symbols=32,64,150,real_data,64,4,qary_hard_syndrome_bf,qary_symmetric,0.33,4,20,b2c6fbab915c06c2
real_typeii_20db_d64_bw150_blk0,qldpc_reference,0,False,False,0.21875,0.08854166666666667,0.109375,0.0625,224.0,20,2216.6020999429747,syndrome_decode_failed,21,2,21,2,13,channel_model=qary_symmetric; syndrome_symbols=32,64,150,real_data,64,4,qary_hard_syndrome_bf,qary_symmetric,0.5,3,20,522f89e80edee7a1
real_typeii_20db_d64_bw150_blk0,qldpc_reference,1,False,False,0.265625,0.11458333333333333,0.203125,0.09375,224.0,20,1651.7931000562385,syndrome_decode_failed,20,4,20,4,11,channel_model=qary_symmetric; syndrome_symbols=32,64,150,real_data,64,4,qary_hard_syndrome_bf,qary_symmetric,0.5,3,20,522f89e80edee7a1
real_typeii_20db_d64_bw150_blk0,qldpc_reference,2,True,False,0.15625,0.0703125,0.09375,0.049479166666666664,224.0,11,1355.4946000222117,candidate_failed_verification,15,0,15,0,11,channel_model=qary_symmetric; syndrome_symbols=32,64,150,real_data,64,4,qary_hard_syndrome_bf,qary_symmetric,0.5,3,20,522f89e80edee7a1
real_typeii_20db_d64_bw150_blk0,qldpc_reference,3,False,False,0.25,0.09375,0.3125,0.1171875,224.0,20,1834.4439000356942,syndrome_decode_failed,18,2,18,2,14,channel_model=qary_symmetric; syndrome_symbols=32,64,150,real_data,64,4,qary_hard_syndrome_bf,qary_symmetric,0.5,3,20,522f89e80edee7a1
real_typeii_20db_d64_bw150_blk0,qldpc_reference,0,False,False,0.21875,0.08854166666666667,0.203125,0.08854166666666667,224.0,20,2008.3262000698596,syndrome_decode_failed,21,2,21,2,12,channel_model=qary_symmetric; syndrome_symbols=32,64,150,real_data,64,4,qary_hard_syndrome_bf,qary_symmetric,0.33,4,20,eb5e714c53e22f14
real_typeii_20db_d64_bw150_blk0,qldpc_reference,1,False,False,0.265625,0.11458333333333333,0.1875,0.07291666666666667,224.0,20,2029.430300113745,syndrome_decode_failed,23,3,23,3,13,channel_model=qary_symmetric; syndrome_symbols=32,64,150,real_data,64,4,qary_hard_syndrome_bf,qary_symmetric,0.33,4,20,eb5e714c53e22f14
real_typeii_20db_d64_bw150_blk0,qldpc_reference,2,True,False,0.15625,0.0703125,0.0625,0.03125,224.0,10,1379.166099941358,candidate_failed_verification,23,0,23,0,10,channel_model=qary_symmetric; syndrome_symbols=32,64,150,real_data,64,4,qary_hard_syndrome_bf,qary_symmetric,0.33,4,20,eb5e714c53e22f14
real_typeii_20db_d64_bw150_blk0,qldpc_reference,3,False,False,0.25,0.09375,0.171875,0.0703125,224.0,20,1281.9245000137016,syndrome_decode_failed,19,2,19,2,12,channel_model=qary_symmetric; syndrome_symbols=32,64,150,real_data,64,4,qary_hard_syndrome_bf,qary_symmetric,0.33,4,20,eb5e714c53e22f14
real_typeii_20db_d64_bw180_blk0,qldpc_reference,0,False,False,0.28125,0.12239583333333333,0.3125,0.1484375,164.0,20,1156.7231999943033,syndrome_decode_failed,17,1,17,1,13,channel_model=qary_symmetric; syndrome_symbols=22,64,180,real_data,64,4,qary_hard_syndrome_bf,qary_symmetric,0.33,4,20,b2c6fbab915c06c2
real_typeii_20db_d64_bw180_blk0,qldpc_reference,1,False,False,0.21875,0.10677083333333333,0.21875,0.12239583333333333,164.0,20,946.9598999712616,syndrome_decode_failed,14,2,14,2,9,channel_model=qary_symmetric; syndrome_symbols=22,64,180,real_data,64,4,qary_hard_syndrome_bf,qary_symmetric,0.33,4,20,b2c6fbab915c06c2
real_typeii_20db_d64_bw180_blk0,qldpc_reference,2,False,False,0.234375,0.13541666666666666,0.21875,0.1171875,164.0,20,1712.519699940458,syndrome_decode_failed,15,1,15,1,12,channel_model=qary_symmetric; syndrome_symbols=22,64,180,real_data,64,4,qary_hard_syndrome_bf,qary_symmetric,0.33,4,20,b2c6fbab915c06c2
real_typeii_20db_d64_bw180_blk0,qldpc_reference,3,False,False,0.296875,0.11979166666666667,0.359375,0.19270833333333334,164.0,20,2234.0388000011444,syndrome_decode_failed,14,1,14,1,12,channel_model=qary_symmetric; syndrome_symbols=22,64,180,real_data,64,4,qary_hard_syndrome_bf,qary_symmetric,0.33,4,20,b2c6fbab915c06c2
real_typeii_20db_d64_bw180_blk0,qldpc_reference,0,False,False,0.28125,0.12239583333333333,0.3125,0.1484375,164.0,20,1296.2788000004366,syndrome_decode_failed,17,1,17,1,13,channel_model=qary_symmetric; syndrome_symbols=22,64,180,real_data,64,4,qary_hard_syndrome_bf,qary_symmetric,0.33,3,20,0b962a07318c87cc
real_typeii_20db_d64_bw180_blk0,qldpc_reference,1,False,False,0.21875,0.10677083333333333,0.21875,0.12239583333333333,164.0,20,1551.8072000704706,syndrome_decode_failed,14,2,14,2,9,channel_model=qary_symmetric; syndrome_symbols=22,64,180,real_data,64,4,qary_hard_syndrome_bf,qary_symmetric,0.33,3,20,0b962a07318c87cc
real_typeii_20db_d64_bw180_blk0,qldpc_reference,2,False,False,0.234375,0.13541666666666666,0.21875,0.1171875,164.0,20,2322.7884999942034,syndrome_decode_failed,15,1,15,1,12,channel_model=qary_symmetric; syndrome_symbols=22,64,180,real_data,64,4,qary_hard_syndrome_bf,qary_symmetric,0.33,3,20,0b962a07318c87cc
real_typeii_20db_d64_bw180_blk0,qldpc_reference,3,False,False,0.296875,0.11979166666666667,0.359375,0.19270833333333334,164.0,20,2185.5478000361472,syndrome_decode_failed,14,1,14,1,12,channel_model=qary_symmetric; syndrome_symbols=22,64,180,real_data,64,4,qary_hard_syndrome_bf,qary_symmetric,0.33,3,20,0b962a07318c87cc
real_typeii_20db_d64_bw150_blk0,qldpc_reference,0,False,False,0.21875,0.08854166666666667,0.203125,0.08854166666666667,224.0,20,1546.4815999148414,syndrome_decode_failed,21,2,21,2,12,channel_model=qary_symmetric; syndrome_symbols=32,64,150,real_data,64,4,qary_hard_syndrome_bf,qary_symmetric,0.5,4,20,43d014f94c106833
real_typeii_20db_d64_bw150_blk0,qldpc_reference,1,False,False,0.265625,0.11458333333333333,0.1875,0.07291666666666667,224.0,20,2433.6833999259397,syndrome_decode_failed,23,3,23,3,13,channel_model=qary_symmetric; syndrome_symbols=32,64,150,real_data,64,4,qary_hard_syndrome_bf,qary_symmetric,0.5,4,20,43d014f94c106833
real_typeii_20db_d64_bw150_blk0,qldpc_reference,2,True,False,0.15625,0.0703125,0.0625,0.03125,224.0,10,1538.8196000130847,candidate_failed_verification,23,0,23,0,10,channel_model=qary_symmetric; syndrome_symbols=32,64,150,real_data,64,4,qary_hard_syndrome_bf,qary_symmetric,0.5,4,20,43d014f94c106833
real_typeii_20db_d64_bw150_blk0,qldpc_reference,3,False,False,0.25,0.09375,0.171875,0.0703125,224.0,20,2753.3372999168932,syndrome_decode_failed,19,2,19,2,12,channel_model=qary_symmetric; syndrome_symbols=32,64,150,real_data,64,4,qary_hard_syndrome_bf,qary_symmetric,0.5,4,20,43d014f94c106833
real_typeii_20db_d64_bw180_blk0,qldpc_reference,0,False,False,0.28125,0.12239583333333333,0.25,0.1328125,224.0,20,2258.8557000271976,syndrome_decode_failed,24,4,24,4,16,channel_model=qary_symmetric; syndrome_symbols=32,64,180,real_data,64,4,qary_hard_syndrome_bf,qary_symmetric,0.5,4,20,43d014f94c106833
real_typeii_20db_d64_bw180_blk0,qldpc_reference,1,False,False,0.21875,0.10677083333333333,0.171875,0.0703125,224.0,20,2398.0995999881998,syndrome_decode_failed,21,4,21,4,11,channel_model=qary_symmetric; syndrome_symbols=32,64,180,real_data,64,4,qary_hard_syndrome_bf,qary_symmetric,0.5,4,20,43d014f94c106833
real_typeii_20db_d64_bw180_blk0,qldpc_reference,2,False,False,0.234375,0.13541666666666666,0.234375,0.12239583333333333,224.0,20,1967.7234999835491,syndrome_decode_failed,19,4,19,4,10,channel_model=qary_symmetric; syndrome_symbols=32,64,180,real_data,64,4,qary_hard_syndrome_bf,qary_symmetric,0.5,4,20,43d014f94c106833
real_typeii_20db_d64_bw180_blk0,qldpc_reference,3,False,False,0.296875,0.11979166666666667,0.421875,0.19010416666666666,224.0,20,2290.833199978806,syndrome_decode_failed,23,6,23,6,16,channel_model=qary_symmetric; syndrome_symbols=32,64,180,real_data,64,4,qary_hard_syndrome_bf,qary_symmetric,0.5,4,20,43d014f94c106833
real_typeii_20db_d8_bw100_blk0,qldpc_reference,0,True,False,0.203125,0.08333333333333333,0.265625,0.11458333333333333,98.0,12,220.5754000460729,candidate_failed_verification,18,0,18,0,12,channel_model=qary_symmetric; syndrome_symbols=22,8,100,real_data,8,4,qary_hard_syndrome_bf,qary_symmetric,0.33,3,20,ec3c47203d968697
real_typeii_20db_d8_bw100_blk0,qldpc_reference,1,True,False,0.09375,0.041666666666666664,0.046875,0.015625,98.0,6,38.648399990051985,candidate_failed_verification,9,0,9,0,6,channel_model=qary_symmetric; syndrome_symbols=22,8,100,real_data,8,4,qary_hard_syndrome_bf,qary_symmetric,0.33,3,20,ec3c47203d968697
real_typeii_20db_d8_bw100_blk0,qldpc_reference,2,True,False,0.171875,0.057291666666666664,0.171875,0.07291666666666667,98.0,10,164.7641999879852,candidate_failed_verification,11,0,11,0,10,channel_model=qary_symmetric; syndrome_symbols=22,8,100,real_data,8,4,qary_hard_syndrome_bf,qary_symmetric,0.33,3,20,ec3c47203d968697
real_typeii_20db_d8_bw100_blk0,qldpc_reference,3,True,False,0.140625,0.046875,0.15625,0.078125,98.0,7,184.27249998785555,candidate_failed_verification,8,0,8,0,7,channel_model=qary_symmetric; syndrome_symbols=22,8,100,real_data,8,4,qary_hard_syndrome_bf,qary_symmetric,0.33,3,20,ec3c47203d968697
real_typeii_20db_d64_bw180_blk0,qldpc_reference,0,False,False,0.28125,0.12239583333333333,0.25,0.1328125,224.0,20,2977.763000060804,syndrome_decode_failed,24,4,24,4,16,channel_model=qary_symmetric; syndrome_symbols=32,64,180,real_data,64,4,qary_hard_syndrome_bf,qary_symmetric,0.5,3,20,d3ef20759633ed3a
real_typeii_20db_d64_bw180_blk0,qldpc_reference,1,False,False,0.21875,0.10677083333333333,0.171875,0.0703125,224.0,20,1535.7636000262573,syndrome_decode_failed,21,4,21,4,11,channel_model=qary_symmetric; syndrome_symbols=32,64,180,real_data,64,4,qary_hard_syndrome_bf,qary_symmetric,0.5,3,20,d3ef20759633ed3a
real_typeii_20db_d64_bw180_blk0,qldpc_reference,2,False,False,0.234375,0.13541666666666666,0.234375,0.12239583333333333,224.0,20,1734.742800006643,syndrome_decode_failed,19,4,19,4,10,channel_model=qary_symmetric; syndrome_symbols=32,64,180,real_data,64,4,qary_hard_syndrome_bf,qary_symmetric,0.5,3,20,d3ef20759633ed3a
real_typeii_20db_d64_bw180_blk0,qldpc_reference,3,False,False,0.296875,0.11979166666666667,0.421875,0.19010416666666666,224.0,20,2208.4796999115497,syndrome_decode_failed,23,6,23,6,16,channel_model=qary_symmetric; syndrome_symbols=32,64,180,real_data,64,4,qary_hard_syndrome_bf,qary_symmetric,0.5,3,20,d3ef20759633ed3a
real_typeii_20db_d64_bw180_blk0,qldpc_reference,0,False,False,0.28125,0.12239583333333333,0.25,0.1328125,224.0,20,2793.3315999107435,syndrome_decode_failed,24,4,24,4,16,channel_model=qary_symmetric; syndrome_symbols=32,64,180,real_data,64,4,qary_hard_syndrome_bf,qary_symmetric,0.5,3,20,522f89e80edee7a1
real_typeii_20db_d64_bw180_blk0,qldpc_reference,1,False,False,0.21875,0.10677083333333333,0.171875,0.0703125,224.0,20,1588.7386000249535,syndrome_decode_failed,21,4,21,4,11,channel_model=qary_symmetric; syndrome_symbols=32,64,180,real_data,64,4,qary_hard_syndrome_bf,qary_symmetric,0.5,3,20,522f89e80edee7a1
real_typeii_20db_d64_bw180_blk0,qldpc_reference,2,False,False,0.234375,0.13541666666666666,0.234375,0.12239583333333333,224.0,20,1840.7858000136912,syndrome_decode_failed,19,4,19,4,10,channel_model=qary_symmetric; syndrome_symbols=32,64,180,real_data,64,4,qary_hard_syndrome_bf,qary_symmetric,0.5,3,20,522f89e80edee7a1
real_typeii_20db_d64_bw180_blk0,qldpc_reference,3,False,False,0.296875,0.11979166666666667,0.421875,0.19010416666666666,224.0,20,1981.1155999777839,syndrome_decode_failed,23,6,23,6,16,channel_model=qary_symmetric; syndrome_symbols=32,64,180,real_data,64,4,qary_hard_syndrome_bf,qary_symmetric,0.5,3,20,522f89e80edee7a1
real_typeii_20db_d8_bw100_blk0,qldpc_reference,0,True,False,0.203125,0.08333333333333333,0.265625,0.11458333333333333,98.0,12,49.152999999932945,candidate_failed_verification,18,0,18,0,12,channel_model=qary_symmetric; syndrome_symbols=22,8,100,real_data,8,4,qary_hard_syndrome_bf,qary_symmetric,0.33,3,20,0b962a07318c87cc
real_typeii_20db_d8_bw100_blk0,qldpc_reference,1,True,False,0.09375,0.041666666666666664,0.046875,0.015625,98.0,6,49.145500059239566,candidate_failed_verification,9,0,9,0,6,channel_model=qary_symmetric; syndrome_symbols=22,8,100,real_data,8,4,qary_hard_syndrome_bf,qary_symmetric,0.33,3,20,0b962a07318c87cc
real_typeii_20db_d8_bw100_blk0,qldpc_reference,2,True,False,0.171875,0.057291666666666664,0.171875,0.07291666666666667,98.0,10,74.70070000272244,candidate_failed_verification,11,0,11,0,10,channel_model=qary_symmetric; syndrome_symbols=22,8,100,real_data,8,4,qary_hard_syndrome_bf,qary_symmetric,0.33,3,20,0b962a07318c87cc
real_typeii_20db_d8_bw100_blk0,qldpc_reference,3,True,False,0.140625,0.046875,0.15625,0.078125,98.0,7,62.8032999811694,candidate_failed_verification,8,0,8,0,7,channel_model=qary_symmetric; syndrome_symbols=22,8,100,real_data,8,4,qary_hard_syndrome_bf,qary_symmetric,0.33,3,20,0b962a07318c87cc
real_typeii_20db_d64_bw180_blk0,qldpc_reference,0,False,False,0.28125,0.12239583333333333,0.234375,0.10677083333333333,224.0,20,2186.1005999380723,syndrome_decode_failed,24,3,24,3,16,channel_model=qary_symmetric; syndrome_symbols=32,64,180,real_data,64,4,qary_hard_syndrome_bf,qary_symmetric,0.33,3,20,ec3c47203d968697
real_typeii_20db_d64_bw180_blk0,qldpc_reference,1,True,False,0.21875,0.10677083333333333,0.09375,0.041666666666666664,224.0,12,1258.748000022024,candidate_failed_verification,17,0,17,0,12,channel_model=qary_symmetric; syndrome_symbols=32,64,180,real_data,64,4,qary_hard_syndrome_bf,qary_symmetric,0.33,3,20,ec3c47203d968697
real_typeii_20db_d64_bw180_blk0,qldpc_reference,2,True,False,0.234375,0.13541666666666666,0.171875,0.09635416666666667,224.0,12,678.9247000124305,candidate_failed_verification,21,0,21,0,12,channel_model=qary_symmetric; syndrome_symbols=32,64,180,real_data,64,4,qary_hard_syndrome_bf,qary_symmetric,0.33,3,20,ec3c47203d968697
real_typeii_20db_d64_bw180_blk0,qldpc_reference,3,False,False,0.296875,0.11979166666666667,0.375,0.15885416666666666,224.0,20,1394.744399935007,syndrome_decode_failed,22,5,22,5,16,channel_model=qary_symmetric; syndrome_symbols=32,64,180,real_data,64,4,qary_hard_syndrome_bf,qary_symmetric,0.33,3,20,ec3c47203d968697
real_typeii_20db_d8_bw100_blk0,qldpc_reference,0,False,False,0.203125,0.08333333333333333,0.171875,0.08333333333333333,128.0,20,141.50549995247275,syndrome_decode_failed,22,3,22,3,10,channel_model=qary_symmetric; syndrome_symbols=32,8,100,real_data,8,4,qary_hard_syndrome_bf,qary_symmetric,0.5,3,20,522f89e80edee7a1
real_typeii_20db_d8_bw100_blk0,qldpc_reference,1,True,True,0.09375,0.041666666666666664,0.0,0.0,128.0,6,24.897300056181848,,10,0,10,0,6,channel_model=qary_symmetric; syndrome_symbols=32,8,100,real_data,8,4,qary_hard_syndrome_bf,qary_symmetric,0.5,3,20,522f89e80edee7a1
real_typeii_20db_d8_bw100_blk0,qldpc_reference,2,False,False,0.171875,0.057291666666666664,0.1875,0.08333333333333333,128.0,20,206.52490004431456,syndrome_decode_failed,18,2,18,2,11,channel_model=qary_symmetric; syndrome_symbols=32,8,100,real_data,8,4,qary_hard_syndrome_bf,qary_symmetric,0.5,3,20,522f89e80edee7a1
real_typeii_20db_d8_bw100_blk0,qldpc_reference,3,True,False,0.140625,0.046875,0.03125,0.010416666666666666,128.0,9,113.21130010765046,candidate_failed_verification,17,0,17,0,9,channel_model=qary_symmetric; syndrome_symbols=32,8,100,real_data,8,4,qary_hard_syndrome_bf,qary_symmetric,0.5,3,20,522f89e80edee7a1
real_typeii_20db_d8_bw100_blk0,qldpc_reference,0,False,False,0.203125,0.08333333333333333,0.171875,0.08333333333333333,128.0,20,46.77400004584342,syndrome_decode_failed,22,3,22,3,10,channel_model=qary_symmetric; syndrome_symbols=32,8,100,real_data,8,4,qary_hard_syndrome_bf,qary_symmetric,0.33,4,20,b2c6fbab915c06c2
real_typeii_20db_d8_bw100_blk0,qldpc_reference,1,True,True,0.09375,0.041666666666666664,0.0,0.0,128.0,6,43.65240002516657,,10,0,10,0,6,channel_model=qary_symmetric; syndrome_symbols=32,8,100,real_data,8,4,qary_hard_syndrome_bf,qary_symmetric,0.33,4,20,b2c6fbab915c06c2
real_typeii_20db_d8_bw100_blk0,qldpc_reference,2,False,False,0.171875,0.057291666666666664,0.1875,0.08333333333333333,128.0,20,66.75480003468692,syndrome_decode_failed,18,2,18,2,11,channel_model=qary_symmetric; syndrome_symbols=32,8,100,real_data,8,4,qary_hard_syndrome_bf,qary_symmetric,0.33,4,20,b2c6fbab915c06c2
real_typeii_20db_d8_bw100_blk0,qldpc_reference,3,True,False,0.140625,0.046875,0.03125,0.010416666666666666,128.0,9,37.654099985957146,candidate_failed_verification,17,0,17,0,9,channel_model=qary_symmetric; syndrome_symbols=32,8,100,real_data,8,4,qary_hard_syndrome_bf,qary_symmetric,0.33,4,20,b2c6fbab915c06c2
real_typeii_20db_d8_bw100_blk0,qldpc_reference,0,True,False,0.203125,0.08333333333333333,0.15625,0.0625,128.0,13,103.82519999984652,candidate_failed_verification,18,0,18,0,13,channel_model=qary_symmetric; syndrome_symbols=32,8,100,real_data,8,4,qary_hard_syndrome_bf,qary_symmetric,0.5,3,20,d3ef20759633ed3a
real_typeii_20db_d8_bw100_blk0,qldpc_reference,1,True,False,0.09375,0.041666666666666664,0.03125,0.010416666666666666,128.0,5,68.9468999626115,candidate_failed_verification,7,0,7,0,5,channel_model=qary_symmetric; syndrome_symbols=32,8,100,real_data,8,4,qary_hard_syndrome_bf,qary_symmetric,0.5,3,20,d3ef20759633ed3a
real_typeii_20db_d8_bw100_blk0,qldpc_reference,2,True,False,0.171875,0.057291666666666664,0.03125,0.015625,128.0,11,95.86589992977679,candidate_failed_verification,21,0,21,0,11,channel_model=qary_symmetric; syndrome_symbols=32,8,100,real_data,8,4,qary_hard_syndrome_bf,qary_symmetric,0.5,3,20,d3ef20759633ed3a
real_typeii_20db_d8_bw100_blk0,qldpc_reference,3,True,False,0.140625,0.046875,0.046875,0.026041666666666668,128.0,9,71.48809998761863,candidate_failed_verification,16,0,16,0,9,channel_model=qary_symmetric; syndrome_symbols=32,8,100,real_data,8,4,qary_hard_syndrome_bf,qary_symmetric,0.5,3,20,d3ef20759633ed3a
real_typeii_20db_d8_bw120_blk0,qldpc_reference,0,False,False,0.21875,0.09375,0.25,0.13020833333333334,98.0,20,42.57960000541061,syndrome_decode_failed,15,1,15,1,9,channel_model=qary_symmetric; syndrome_symbols=22,8,120,real_data,8,4,qary_hard_syndrome_bf,qary_symmetric,0.33,4,20,b2c6fbab915c06c2
real_typeii_20db_d8_bw120_blk0,qldpc_reference,1,True,True,0.046875,0.020833333333333332,0.0,0.0,98.0,3,11.264299973845482,,4,0,4,0,3,channel_model=qary_symmetric; syndrome_symbols=22,8,120,real_data,8,4,qary_hard_syndrome_bf,qary_symmetric,0.33,4,20,b2c6fbab915c06c2
real_typeii_20db_d8_bw120_blk0,qldpc_reference,2,True,False,0.109375,0.036458333333333336,0.140625,0.07291666666666667,98.0,8,65.11950003914535,candidate_failed_verification,9,0,9,0,8,channel_model=qary_symmetric; syndrome_symbols=22,8,120,real_data,8,4,qary_hard_syndrome_bf,qary_symmetric,0.33,4,20,b2c6fbab915c06c2
real_typeii_20db_d8_bw120_blk0,qldpc_reference,3,True,False,0.125,0.046875,0.09375,0.046875,98.0,7,44.803100056014955,candidate_failed_verification,8,0,8,0,7,channel_model=qary_symmetric; syndrome_symbols=22,8,120,real_data,8,4,qary_hard_syndrome_bf,qary_symmetric,0.33,4,20,b2c6fbab915c06c2
real_typeii_20db_d64_bw180_blk0,qldpc_reference,0,False,False,0.28125,0.12239583333333333,0.234375,0.10677083333333333,224.0,20,1495.6284000072628,syndrome_decode_failed,24,3,24,3,16,channel_model=qary_symmetric; syndrome_symbols=32,64,180,real_data,64,4,qary_hard_syndrome_bf,qary_symmetric,0.33,4,20,eb5e714c53e22f14
real_typeii_20db_d64_bw180_blk0,qldpc_reference,1,True,False,0.21875,0.10677083333333333,0.09375,0.041666666666666664,224.0,12,620.9644000045955,candidate_failed_verification,17,0,17,0,12,channel_model=qary_symmetric; syndrome_symbols=32,64,180,real_data,64,4,qary_hard_syndrome_bf,qary_symmetric,0.33,4,20,eb5e714c53e22f14
real_typeii_20db_d64_bw180_blk0,qldpc_reference,2,True,False,0.234375,0.13541666666666666,0.171875,0.09635416666666667,224.0,12,592.4208000069484,candidate_failed_verification,21,0,21,0,12,channel_model=qary_symmetric; syndrome_symbols=32,64,180,real_data,64,4,qary_hard_syndrome_bf,qary_symmetric,0.33,4,20,eb5e714c53e22f14
real_typeii_20db_d64_bw180_blk0,qldpc_reference,3,False,False,0.296875,0.11979166666666667,0.375,0.15885416666666666,224.0,20,752.7612999547273,syndrome_decode_failed,22,5,22,5,16,channel_model=qary_symmetric; syndrome_symbols=32,64,180,real_data,64,4,qary_hard_syndrome_bf,qary_symmetric,0.33,4,20,eb5e714c53e22f14
real_typeii_20db_d8_bw120_blk0,qldpc_reference,0,True,False,0.21875,0.09375,0.3125,0.140625,98.0,9,38.07840007357299,candidate_failed_verification,12,0,12,0,9,channel_model=qary_symmetric; syndrome_symbols=22,8,120,real_data,8,4,qary_hard_syndrome_bf,qary_symmetric,0.33,4,20,eb5e714c53e22f14
real_typeii_20db_d8_bw120_blk0,qldpc_reference,1,True,False,0.046875,0.020833333333333332,0.03125,0.010416666666666666,98.0,3,11.311599984765053,candidate_failed_verification,7,0,7,0,3,channel_model=qary_symmetric; syndrome_symbols=22,8,120,real_data,8,4,qary_hard_syndrome_bf,qary_symmetric,0.33,4,20,eb5e714c53e22f14
real_typeii_20db_d8_bw120_blk0,qldpc_reference,2,True,False,0.109375,0.036458333333333336,0.078125,0.036458333333333336,98.0,7,30.085699982009828,candidate_failed_verification,10,0,10,0,7,channel_model=qary_symmetric; syndrome_symbols=22,8,120,real_data,8,4,qary_hard_syndrome_bf,qary_symmetric,0.33,4,20,eb5e714c53e22f14
real_typeii_20db_d8_bw120_blk0,qldpc_reference,3,True,False,0.125,0.046875,0.03125,0.010416666666666666,98.0,8,33.1071000546217,candidate_failed_verification,12,0,12,0,8,channel_model=qary_symmetric; syndrome_symbols=22,8,120,real_data,8,4,qary_hard_syndrome_bf,qary_symmetric,0.33,4,20,eb5e714c53e22f14
real_typeii_20db_d8_bw100_blk0,qldpc_reference,0,True,False,0.203125,0.08333333333333333,0.15625,0.0625,128.0,13,55.937400087714195,candidate_failed_verification,18,0,18,0,13,channel_model=qary_symmetric; syndrome_symbols=32,8,100,real_data,8,4,qary_hard_syndrome_bf,qary_symmetric,0.5,4,20,70f03ad2a6815ec3
real_typeii_20db_d8_bw100_blk0,qldpc_reference,1,True,False,0.09375,0.041666666666666664,0.03125,0.010416666666666666,128.0,5,22.624699980951846,candidate_failed_verification,7,0,7,0,5,channel_model=qary_symmetric; syndrome_symbols=32,8,100,real_data,8,4,qary_hard_syndrome_bf,qary_symmetric,0.5,4,20,70f03ad2a6815ec3
real_typeii_20db_d8_bw100_blk0,qldpc_reference,2,True,False,0.171875,0.057291666666666664,0.03125,0.015625,128.0,11,46.919999993406236,candidate_failed_verification,21,0,21,0,11,channel_model=qary_symmetric; syndrome_symbols=32,8,100,real_data,8,4,qary_hard_syndrome_bf,qary_symmetric,0.5,4,20,70f03ad2a6815ec3
real_typeii_20db_d8_bw100_blk0,qldpc_reference,3,True,False,0.140625,0.046875,0.046875,0.026041666666666668,128.0,9,46.75780003890395,candidate_failed_verification,16,0,16,0,9,channel_model=qary_symmetric; syndrome_symbols=32,8,100,real_data,8,4,qary_hard_syndrome_bf,qary_symmetric,0.5,4,20,70f03ad2a6815ec3
real_typeii_20db_d8_bw120_blk0,qldpc_reference,0,False,False,0.21875,0.09375,0.15625,0.08854166666666667,128.0,20,55.17649999819696,syndrome_decode_failed,21,2,21,2,12,channel_model=qary_symmetric; syndrome_symbols=32,8,120,real_data,8,4,qary_hard_syndrome_bf,qary_symmetric,0.33,3,20,0b962a07318c87cc
real_typeii_20db_d8_bw120_blk0,qldpc_reference,1,True,False,0.046875,0.020833333333333332,0.03125,0.015625,128.0,3,11.962400050833821,candidate_failed_verification,4,0,4,0,3,channel_model=qary_symmetric; syndrome_symbols=32,8,120,real_data,8,4,qary_hard_syndrome_bf,qary_symmetric,0.33,3,20,0b962a07318c87cc
real_typeii_20db_d8_bw120_blk0,qldpc_reference,2,True,False,0.109375,0.036458333333333336,0.0625,0.020833333333333332,128.0,7,27.95330004300922,candidate_failed_verification,14,0,14,0,7,channel_model=qary_symmetric; syndrome_symbols=32,8,120,real_data,8,4,qary_hard_syndrome_bf,qary_symmetric,0.33,3,20,0b962a07318c87cc
real_typeii_20db_d8_bw120_blk0,qldpc_reference,3,False,False,0.125,0.046875,0.046875,0.020833333333333332,128.0,20,35.175399971194565,syndrome_decode_failed,14,2,14,2,7,channel_model=qary_symmetric; syndrome_symbols=32,8,120,real_data,8,4,qary_hard_syndrome_bf,qary_symmetric,0.33,3,20,0b962a07318c87cc
real_typeii_20db_d8_bw120_blk0,qldpc_reference,0,False,False,0.21875,0.09375,0.15625,0.08854166666666667,128.0,20,55.012800032272935,syndrome_decode_failed,21,2,21,2,12,channel_model=qary_symmetric; syndrome_symbols=32,8,120,real_data,8,4,qary_hard_syndrome_bf,qary_symmetric,0.5,3,20,522f89e80edee7a1
real_typeii_20db_d8_bw120_blk0,qldpc_reference,1,True,False,0.046875,0.020833333333333332,0.03125,0.015625,128.0,3,12.004599906504154,candidate_failed_verification,4,0,4,0,3,channel_model=qary_symmetric; syndrome_symbols=32,8,120,real_data,8,4,qary_hard_syndrome_bf,qary_symmetric,0.5,3,20,522f89e80edee7a1
real_typeii_20db_d8_bw120_blk0,qldpc_reference,2,True,False,0.109375,0.036458333333333336,0.0625,0.020833333333333332,128.0,7,30.64100001938641,candidate_failed_verification,14,0,14,0,7,channel_model=qary_symmetric; syndrome_symbols=32,8,120,real_data,8,4,qary_hard_syndrome_bf,qary_symmetric,0.5,3,20,522f89e80edee7a1
real_typeii_20db_d8_bw120_blk0,qldpc_reference,3,False,False,0.125,0.046875,0.046875,0.020833333333333332,128.0,20,34.565099980682135,syndrome_decode_failed,14,2,14,2,7,channel_model=qary_symmetric; syndrome_symbols=32,8,120,real_data,8,4,qary_hard_syndrome_bf,qary_symmetric,0.5,3,20,522f89e80edee7a1
real_typeii_20db_d8_bw100_blk0,qldpc_reference,0,True,False,0.203125,0.08333333333333333,0.15625,0.0625,128.0,13,54.5078000286594,candidate_failed_verification,18,0,18,0,13,channel_model=qary_symmetric; syndrome_symbols=32,8,100,real_data,8,4,qary_hard_syndrome_bf,qary_symmetric,0.5,4,20,43d014f94c106833
real_typeii_20db_d8_bw100_blk0,qldpc_reference,1,True,False,0.09375,0.041666666666666664,0.03125,0.010416666666666666,128.0,5,21.917799953371286,candidate_failed_verification,7,0,7,0,5,channel_model=qary_symmetric; syndrome_symbols=32,8,100,real_data,8,4,qary_hard_syndrome_bf,qary_symmetric,0.5,4,20,43d014f94c106833
real_typeii_20db_d8_bw100_blk0,qldpc_reference,2,True,False,0.171875,0.057291666666666664,0.03125,0.015625,128.0,11,47.64509992673993,candidate_failed_verification,21,0,21,0,11,channel_model=qary_symmetric; syndrome_symbols=32,8,100,real_data,8,4,qary_hard_syndrome_bf,qary_symmetric,0.5,4,20,43d014f94c106833
real_typeii_20db_d8_bw100_blk0,qldpc_reference,3,True,False,0.140625,0.046875,0.046875,0.026041666666666668,128.0,9,48.006199998781085,candidate_failed_verification,16,0,16,0,9,channel_model=qary_symmetric; syndrome_symbols=32,8,100,real_data,8,4,qary_hard_syndrome_bf,qary_symmetric,0.5,4,20,43d014f94c106833
real_typeii_20db_d8_bw120_blk0,qldpc_reference,0,False,False,0.21875,0.09375,0.265625,0.125,128.0,20,39.26360001787543,syndrome_decode_failed,20,5,20,5,8,channel_model=qary_symmetric; syndrome_symbols=32,8,120,real_data,8,4,qary_hard_syndrome_bf,qary_symmetric,0.5,4,20,43d014f94c106833
real_typeii_20db_d8_bw120_blk0,qldpc_reference,1,True,True,0.046875,0.020833333333333332,0.0,0.0,128.0,3,12.373100034892559,,9,0,9,0,3,channel_model=qary_symmetric; syndrome_symbols=32,8,120,real_data,8,4,qary_hard_syndrome_bf,qary_symmetric,0.5,4,20,43d014f94c106833
real_typeii_20db_d8_bw120_blk0,qldpc_reference,2,True,False,0.109375,0.036458333333333336,0.03125,0.010416666666666666,128.0,7,29.96219997294247,candidate_failed_verification,13,0,13,0,7,channel_model=qary_symmetric; syndrome_symbols=32,8,120,real_data,8,4,qary_hard_syndrome_bf,qary_symmetric,0.5,4,20,43d014f94c106833
real_typeii_20db_d8_bw120_blk0,qldpc_reference,3,True,True,0.125,0.046875,0.0,0.0,128.0,8,37.28940000291914,,16,0,16,0,8,channel_model=qary_symmetric; syndrome_symbols=32,8,120,real_data,8,4,qary_hard_syndrome_bf,qary_symmetric,0.5,4,20,43d014f94c106833
real_typeii_20db_d8_bw150_blk0,qldpc_reference,0,True,True,0.0625,0.036458333333333336,0.0,0.0,98.0,4,33.153300057165325,,10,0,10,0,4,channel_model=qary_symmetric; syndrome_symbols=22,8,150,real_data,8,4,qary_hard_syndrome_bf,qary_symmetric,0.33,4,20,b2c6fbab915c06c2
real_typeii_20db_d8_bw150_blk0,qldpc_reference,1,True,False,0.09375,0.03125,0.0625,0.036458333333333336,98.0,5,34.4034000299871,candidate_failed_verification,8,0,8,0,5,channel_model=qary_symmetric; syndrome_symbols=22,8,150,real_data,8,4,qary_hard_syndrome_bf,qary_symmetric,0.33,4,20,b2c6fbab915c06c2
real_typeii_20db_d8_bw150_blk0,qldpc_reference,2,True,False,0.078125,0.03125,0.0625,0.026041666666666668,98.0,5,52.12280002888292,candidate_failed_verification,6,0,6,0,5,channel_model=qary_symmetric; syndrome_symbols=22,8,150,real_data,8,4,qary_hard_syndrome_bf,qary_symmetric,0.33,4,20,b2c6fbab915c06c2
real_typeii_20db_d8_bw150_blk0,qldpc_reference,3,True,False,0.140625,0.06770833333333333,0.203125,0.08854166666666667,98.0,9,81.7445000866428,candidate_failed_verification,10,0,10,0,9,channel_model=qary_symmetric; syndrome_symbols=22,8,150,real_data,8,4,qary_hard_syndrome_bf,qary_symmetric,0.33,4,20,b2c6fbab915c06c2
real_typeii_20db_d8_bw150_blk0,qldpc_reference,0,True,False,0.0625,0.036458333333333336,0.0625,0.041666666666666664,98.0,4,15.10950003284961,candidate_failed_verification,6,0,6,0,4,channel_model=qary_symmetric; syndrome_symbols=22,8,150,real_data,8,4,qary_hard_syndrome_bf,qary_symmetric,0.33,4,20,eb5e714c53e22f14
real_typeii_20db_d8_bw150_blk0,qldpc_reference,1,True,False,0.09375,0.03125,0.078125,0.041666666666666664,98.0,6,56.61219998728484,candidate_failed_verification,9,0,9,0,6,channel_model=qary_symmetric; syndrome_symbols=22,8,150,real_data,8,4,qary_hard_syndrome_bf,qary_symmetric,0.33,4,20,eb5e714c53e22f14
real_typeii_20db_d8_bw150_blk0,qldpc_reference,2,True,False,0.078125,0.03125,0.03125,0.010416666666666666,98.0,5,66.06989994179457,candidate_failed_verification,11,0,11,0,5,channel_model=qary_symmetric; syndrome_symbols=22,8,150,real_data,8,4,qary_hard_syndrome_bf,qary_symmetric,0.33,4,20,eb5e714c53e22f14
real_typeii_20db_d8_bw150_blk0,qldpc_reference,3,False,False,0.140625,0.06770833333333333,0.1875,0.08854166666666667,98.0,20,57.71159997675568,syndrome_decode_failed,14,1,14,1,9,channel_model=qary_symmetric; syndrome_symbols=22,8,150,real_data,8,4,qary_hard_syndrome_bf,qary_symmetric,0.33,4,20,eb5e714c53e22f14
real_typeii_20db_d8_bw150_blk0,qldpc_reference,0,True,False,0.0625,0.036458333333333336,0.0625,0.041666666666666664,98.0,4,31.57480002846569,candidate_failed_verification,6,0,6,0,4,channel_model=qary_symmetric; syndrome_symbols=22,8,150,real_data,8,4,qary_hard_syndrome_bf,qary_symmetric,0.33,3,20,ec3c47203d968697
real_typeii_20db_d8_bw150_blk0,qldpc_reference,1,True,False,0.09375,0.03125,0.078125,0.041666666666666664,98.0,6,40.816000080667436,candidate_failed_verification,9,0,9,0,6,channel_model=qary_symmetric; syndrome_symbols=22,8,150,real_data,8,4,qary_hard_syndrome_bf,qary_symmetric,0.33,3,20,ec3c47203d968697
real_typeii_20db_d8_bw150_blk0,qldpc_reference,2,True,False,0.078125,0.03125,0.03125,0.010416666666666666,98.0,5,36.17970005143434,candidate_failed_verification,11,0,11,0,5,channel_model=qary_symmetric; syndrome_symbols=22,8,150,real_data,8,4,qary_hard_syndrome_bf,qary_symmetric,0.33,3,20,ec3c47203d968697
real_typeii_20db_d8_bw150_blk0,qldpc_reference,3,False,False,0.140625,0.06770833333333333,0.1875,0.08854166666666667,98.0,20,74.72430006600916,syndrome_decode_failed,14,1,14,1,9,channel_model=qary_symmetric; syndrome_symbols=22,8,150,real_data,8,4,qary_hard_syndrome_bf,qary_symmetric,0.33,3,20,ec3c47203d968697
real_typeii_20db_d64_bw180_blk0,qldpc_reference,0,False,False,0.28125,0.12239583333333333,0.234375,0.10677083333333333,224.0,20,712.6747999573126,syndrome_decode_failed,24,3,24,3,16,channel_model=qary_symmetric; syndrome_symbols=32,64,180,real_data,64,4,qary_hard_syndrome_bf,qary_symmetric,0.5,4,20,70f03ad2a6815ec3
real_typeii_20db_d64_bw180_blk0,qldpc_reference,1,True,False,0.21875,0.10677083333333333,0.09375,0.041666666666666664,224.0,12,450.5356999579817,candidate_failed_verification,17,0,17,0,12,channel_model=qary_symmetric; syndrome_symbols=32,64,180,real_data,64,4,qary_hard_syndrome_bf,qary_symmetric,0.5,4,20,70f03ad2a6815ec3
real_typeii_20db_d64_bw180_blk0,qldpc_reference,2,True,False,0.234375,0.13541666666666666,0.171875,0.09635416666666667,224.0,12,641.9515999732539,candidate_failed_verification,21,0,21,0,12,channel_model=qary_symmetric; syndrome_symbols=32,64,180,real_data,64,4,qary_hard_syndrome_bf,qary_symmetric,0.5,4,20,70f03ad2a6815ec3
real_typeii_20db_d64_bw180_blk0,qldpc_reference,3,False,False,0.296875,0.11979166666666667,0.375,0.15885416666666666,224.0,20,754.6614999882877,syndrome_decode_failed,22,5,22,5,16,channel_model=qary_symmetric; syndrome_symbols=32,64,180,real_data,64,4,qary_hard_syndrome_bf,qary_symmetric,0.5,4,20,70f03ad2a6815ec3
real_typeii_20db_d8_bw150_blk0,qldpc_reference,0,True,False,0.0625,0.036458333333333336,0.0625,0.041666666666666664,98.0,4,14.959999942220747,candidate_failed_verification,6,0,6,0,4,channel_model=qary_symmetric; syndrome_symbols=22,8,150,real_data,8,4,qary_hard_syndrome_bf,qary_symmetric,0.33,3,20,0b962a07318c87cc
real_typeii_20db_d8_bw150_blk0,qldpc_reference,1,True,False,0.09375,0.03125,0.078125,0.041666666666666664,98.0,6,40.956699987873435,candidate_failed_verification,9,0,9,0,6,channel_model=qary_symmetric; syndrome_symbols=22,8,150,real_data,8,4,qary_hard_syndrome_bf,qary_symmetric,0.33,3,20,0b962a07318c87cc
real_typeii_20db_d8_bw150_blk0,qldpc_reference,2,True,False,0.078125,0.03125,0.03125,0.010416666666666666,98.0,5,34.0533999260515,candidate_failed_verification,11,0,11,0,5,channel_model=qary_symmetric; syndrome_symbols=22,8,150,real_data,8,4,qary_hard_syndrome_bf,qary_symmetric,0.33,3,20,0b962a07318c87cc
real_typeii_20db_d8_bw150_blk0,qldpc_reference,3,False,False,0.140625,0.06770833333333333,0.1875,0.08854166666666667,98.0,20,101.49839997757226,syndrome_decode_failed,14,1,14,1,9,channel_model=qary_symmetric; syndrome_symbols=22,8,150,real_data,8,4,qary_hard_syndrome_bf,qary_symmetric,0.33,3,20,0b962a07318c87cc
real_typeii_20db_d8_bw120_blk0,qldpc_reference,0,False,False,0.21875,0.09375,0.265625,0.125,128.0,20,39.62649998720735,syndrome_decode_failed,20,5,20,5,8,channel_model=qary_symmetric; syndrome_symbols=32,8,120,real_data,8,4,qary_hard_syndrome_bf,qary_symmetric,0.5,3,20,d3ef20759633ed3a
real_typeii_20db_d8_bw120_blk0,qldpc_reference,1,True,True,0.046875,0.020833333333333332,0.0,0.0,128.0,3,12.9818000132218,,9,0,9,0,3,channel_model=qary_symmetric; syndrome_symbols=32,8,120,real_data,8,4,qary_hard_syndrome_bf,qary_symmetric,0.5,3,20,d3ef20759633ed3a
real_typeii_20db_d8_bw120_blk0,qldpc_reference,2,True,False,0.109375,0.036458333333333336,0.03125,0.010416666666666666,128.0,7,29.981300001963973,candidate_failed_verification,13,0,13,0,7,channel_model=qary_symmetric; syndrome_symbols=32,8,120,real_data,8,4,qary_hard_syndrome_bf,qary_symmetric,0.5,3,20,d3ef20759633ed3a
real_typeii_20db_d8_bw120_blk0,qldpc_reference,3,True,True,0.125,0.046875,0.0,0.0,128.0,8,33.19079999346286,,16,0,16,0,8,channel_model=qary_symmetric; syndrome_symbols=32,8,120,real_data,8,4,qary_hard_syndrome_bf,qary_symmetric,0.5,3,20,d3ef20759633ed3a
real_typeii_20db_d8_bw180_blk0,qldpc_reference,0,True,False,0.140625,0.0625,0.125,0.09375,98.0,10,45.31159996986389,candidate_failed_verification,16,0,16,0,10,channel_model=qary_symmetric; syndrome_symbols=22,8,180,real_data,8,4,qary_hard_syndrome_bf,qary_symmetric,0.33,3,20,0b962a07318c87cc
real_typeii_20db_d8_bw180_blk0,qldpc_reference,1,True,False,0.046875,0.026041666666666668,0.03125,0.020833333333333332,98.0,3,10.544199962168932,candidate_failed_verification,6,0,6,0,3,channel_model=qary_symmetric; syndrome_symbols=22,8,180,real_data,8,4,qary_hard_syndrome_bf,qary_symmetric,0.33,3,20,0b962a07318c87cc
real_typeii_20db_d8_bw180_blk0,qldpc_reference,2,True,False,0.046875,0.015625,0.0625,0.03125,98.0,3,10.31050004530698,candidate_failed_verification,4,0,4,0,3,channel_model=qary_symmetric; syndrome_symbols=22,8,180,real_data,8,4,qary_hard_syndrome_bf,qary_symmetric,0.33,3,20,0b962a07318c87cc
real_typeii_20db_d8_bw180_blk0,qldpc_reference,3,True,False,0.109375,0.046875,0.09375,0.052083333333333336,98.0,6,23.21250003296882,candidate_failed_verification,7,0,7,0,6,channel_model=qary_symmetric; syndrome_symbols=22,8,180,real_data,8,4,qary_hard_syndrome_bf,qary_symmetric,0.33,3,20,0b962a07318c87cc
real_typeii_20db_d8_bw120_blk0,qldpc_reference,0,False,False,0.21875,0.09375,0.265625,0.125,128.0,20,39.70259998459369,syndrome_decode_failed,20,5,20,5,8,channel_model=qary_symmetric; syndrome_symbols=32,8,120,real_data,8,4,qary_hard_syndrome_bf,qary_symmetric,0.33,3,20,ec3c47203d968697
real_typeii_20db_d8_bw120_blk0,qldpc_reference,1,True,True,0.046875,0.020833333333333332,0.0,0.0,128.0,3,13.132399995811284,,9,0,9,0,3,channel_model=qary_symmetric; syndrome_symbols=32,8,120,real_data,8,4,qary_hard_syndrome_bf,qary_symmetric,0.33,3,20,ec3c47203d968697
real_typeii_20db_d8_bw120_blk0,qldpc_reference,2,True,False,0.109375,0.036458333333333336,0.03125,0.010416666666666666,128.0,7,30.336500029079616,candidate_failed_verification,13,0,13,0,7,channel_model=qary_symmetric; syndrome_symbols=32,8,120,real_data,8,4,qary_hard_syndrome_bf,qary_symmetric,0.33,3,20,ec3c47203d968697
real_typeii_20db_d8_bw120_blk0,qldpc_reference,3,True,True,0.125,0.046875,0.0,0.0,128.0,8,34.42819998599589,,16,0,16,0,8,channel_model=qary_symmetric; syndrome_symbols=32,8,120,real_data,8,4,qary_hard_syndrome_bf,qary_symmetric,0.33,3,20,ec3c47203d968697
real_typeii_20db_d8_bw120_blk0,qldpc_reference,0,False,False,0.21875,0.09375,0.265625,0.125,128.0,20,39.107799995690584,syndrome_decode_failed,20,5,20,5,8,channel_model=qary_symmetric; syndrome_symbols=32,8,120,real_data,8,4,qary_hard_syndrome_bf,qary_symmetric,0.5,4,20,70f03ad2a6815ec3
real_typeii_20db_d8_bw120_blk0,qldpc_reference,1,True,True,0.046875,0.020833333333333332,0.0,0.0,128.0,3,12.442699982784688,,9,0,9,0,3,channel_model=qary_symmetric; syndrome_symbols=32,8,120,real_data,8,4,qary_hard_syndrome_bf,qary_symmetric,0.5,4,20,70f03ad2a6815ec3
real_typeii_20db_d8_bw120_blk0,qldpc_reference,2,True,False,0.109375,0.036458333333333336,0.03125,0.010416666666666666,128.0,7,29.76079995278269,candidate_failed_verification,13,0,13,0,7,channel_model=qary_symmetric; syndrome_symbols=32,8,120,real_data,8,4,qary_hard_syndrome_bf,qary_symmetric,0.5,4,20,70f03ad2a6815ec3
real_typeii_20db_d8_bw120_blk0,qldpc_reference,3,True,True,0.125,0.046875,0.0,0.0,128.0,8,34.55149999354035,,16,0,16,0,8,channel_model=qary_symmetric; syndrome_symbols=32,8,120,real_data,8,4,qary_hard_syndrome_bf,qary_symmetric,0.5,4,20,70f03ad2a6815ec3
real_typeii_20db_d8_bw180_blk0,qldpc_reference,0,True,False,0.140625,0.0625,0.140625,0.08333333333333333,98.0,8,34.31069990620017,candidate_failed_verification,11,0,11,0,8,channel_model=qary_symmetric; syndrome_symbols=22,8,180,real_data,8,4,qary_hard_syndrome_bf,qary_symmetric,0.33,4,20,b2c6fbab915c06c2
real_typeii_20db_d8_bw180_blk0,qldpc_reference,1,True,False,0.046875,0.026041666666666668,0.03125,0.020833333333333332,98.0,3,12.740000034682453,candidate_failed_verification,4,0,4,0,3,channel_model=qary_symmetric; syndrome_symbols=22,8,180,real_data,8,4,qary_hard_syndrome_bf,qary_symmetric,0.33,4,20,b2c6fbab915c06c2
real_typeii_20db_d8_bw180_blk0,qldpc_reference,2,False,False,0.046875,0.015625,0.0625,0.020833333333333332,98.0,20,14.24109993968159,syndrome_decode_failed,4,1,4,1,2,channel_model=qary_symmetric; syndrome_symbols=22,8,180,real_data,8,4,qary_hard_syndrome_bf,qary_symmetric,0.33,4,20,b2c6fbab915c06c2
real_typeii_20db_d8_bw180_blk0,qldpc_reference,3,True,False,0.109375,0.046875,0.09375,0.046875,98.0,6,25.562599999830127,candidate_failed_verification,6,0,6,0,6,channel_model=qary_symmetric; syndrome_symbols=22,8,180,real_data,8,4,qary_hard_syndrome_bf,qary_symmetric,0.33,4,20,b2c6fbab915c06c2
real_typeii_20db_d8_bw150_blk0,qldpc_reference,0,True,True,0.0625,0.036458333333333336,0.0,0.0,128.0,4,16.981500084511936,,10,0,10,0,4,channel_model=qary_symmetric; syndrome_symbols=32,8,150,real_data,8,4,qary_hard_syndrome_bf,qary_symmetric,0.5,4,20,43d014f94c106833
real_typeii_20db_d8_bw150_blk0,qldpc_reference,1,True,False,0.09375,0.03125,0.03125,0.015625,128.0,6,29.785099904984236,candidate_failed_verification,11,0,11,0,6,channel_model=qary_symmetric; syndrome_symbols=32,8,150,real_data,8,4,qary_hard_syndrome_bf,qary_symmetric,0.5,4,20,43d014f94c106833
real_typeii_20db_d8_bw150_blk0,qldpc_reference,2,True,False,0.078125,0.03125,0.03125,0.010416666666666666,128.0,5,20.002800039947033,candidate_failed_verification,12,0,12,0,5,channel_model=qary_symmetric; syndrome_symbols=32,8,150,real_data,8,4,qary_hard_syndrome_bf,qary_symmetric,0.5,4,20,43d014f94c106833
real_typeii_20db_d8_bw150_blk0,qldpc_reference,3,True,False,0.140625,0.06770833333333333,0.03125,0.010416666666666666,128.0,9,37.89240005426109,candidate_failed_verification,19,0,19,0,9,channel_model=qary_symmetric; syndrome_symbols=32,8,150,real_data,8,4,qary_hard_syndrome_bf,qary_symmetric,0.5,4,20,43d014f94c106833
real_typeii_20db_d8_bw180_blk0,qldpc_reference,0,True,False,0.140625,0.0625,0.0625,0.036458333333333336,128.0,8,41.10480006784201,candidate_failed_verification,16,0,16,0,8,channel_model=qary_symmetric; syndrome_symbols=32,8,180,real_data,8,4,qary_hard_syndrome_bf,qary_symmetric,0.5,3,20,d3ef20759633ed3a
real_typeii_20db_d8_bw180_blk0,qldpc_reference,1,True,True,0.046875,0.026041666666666668,0.0,0.0,128.0,3,13.540699961595237,,5,0,5,0,3,channel_model=qary_symmetric; syndrome_symbols=32,8,180,real_data,8,4,qary_hard_syndrome_bf,qary_symmetric,0.5,3,20,d3ef20759633ed3a
real_typeii_20db_d8_bw180_blk0,qldpc_reference,2,True,True,0.046875,0.015625,0.0,0.0,128.0,3,13.915600022301078,,5,0,5,0,3,channel_model=qary_symmetric; syndrome_symbols=32,8,180,real_data,8,4,qary_hard_syndrome_bf,qary_symmetric,0.5,3,20,d3ef20759633ed3a
real_typeii_20db_d8_bw180_blk0,qldpc_reference,3,False,False,0.109375,0.046875,0.078125,0.03125,128.0,20,26.062200078740716,syndrome_decode_failed,8,2,8,2,5,channel_model=qary_symmetric; syndrome_symbols=32,8,180,real_data,8,4,qary_hard_syndrome_bf,qary_symmetric,0.5,3,20,d3ef20759633ed3a
real_typeii_20db_d8_bw180_blk0,qldpc_reference,0,True,False,0.140625,0.0625,0.03125,0.010416666666666666,128.0,9,37.06800006330013,candidate_failed_verification,18,0,18,0,9,channel_model=qary_symmetric; syndrome_symbols=32,8,180,real_data,8,4,qary_hard_syndrome_bf,qary_symmetric,0.5,4,20,43d014f94c106833
real_typeii_20db_d8_bw180_blk0,qldpc_reference,1,True,True,0.046875,0.026041666666666668,0.0,0.0,128.0,3,17.904300009831786,,6,0,6,0,3,channel_model=qary_symmetric; syndrome_symbols=32,8,180,real_data,8,4,qary_hard_syndrome_bf,qary_symmetric,0.5,4,20,43d014f94c106833
real_typeii_20db_d8_bw180_blk0,qldpc_reference,2,True,True,0.046875,0.015625,0.0,0.0,128.0,3,14.58489999640733,,9,0,9,0,3,channel_model=qary_symmetric; syndrome_symbols=32,8,180,real_data,8,4,qary_hard_syndrome_bf,qary_symmetric,0.5,4,20,43d014f94c106833
real_typeii_20db_d8_bw180_blk0,qldpc_reference,3,True,False,0.109375,0.046875,0.03125,0.015625,128.0,6,25.031500030308962,candidate_failed_verification,11,0,11,0,6,channel_model=qary_symmetric; syndrome_symbols=32,8,180,real_data,8,4,qary_hard_syndrome_bf,qary_symmetric,0.5,4,20,43d014f94c106833
real_typeii_20db_d8_bw100_blk0,qldpc_reference,0,True,False,0.203125,0.08333333333333333,0.15625,0.0625,128.0,13,55.03160005901009,candidate_failed_verification,18,0,18,0,13,channel_model=qary_symmetric; syndrome_symbols=32,8,100,real_data,8,4,qary_hard_syndrome_bf,qary_symmetric,0.33,4,20,eb5e714c53e22f14
real_typeii_20db_d8_bw100_blk0,qldpc_reference,1,True,False,0.09375,0.041666666666666664,0.03125,0.010416666666666666,128.0,5,32.253499957732856,candidate_failed_verification,7,0,7,0,5,channel_model=qary_symmetric; syndrome_symbols=32,8,100,real_data,8,4,qary_hard_syndrome_bf,qary_symmetric,0.33,4,20,eb5e714c53e22f14
real_typeii_20db_d8_bw100_blk0,qldpc_reference,2,True,False,0.171875,0.057291666666666664,0.03125,0.015625,128.0,11,46.15480010397732,candidate_failed_verification,21,0,21,0,11,channel_model=qary_symmetric; syndrome_symbols=32,8,100,real_data,8,4,qary_hard_syndrome_bf,qary_symmetric,0.33,4,20,eb5e714c53e22f14
real_typeii_20db_d8_bw100_blk0,qldpc_reference,3,True,False,0.140625,0.046875,0.046875,0.026041666666666668,128.0,9,37.03430003952235,candidate_failed_verification,16,0,16,0,9,channel_model=qary_symmetric; syndrome_symbols=32,8,100,real_data,8,4,qary_hard_syndrome_bf,qary_symmetric,0.33,4,20,eb5e714c53e22f14
real_typeii_20db_d8_bw180_blk0,qldpc_reference,0,False,False,0.140625,0.0625,0.09375,0.046875,128.0,20,39.96490000281483,syndrome_decode_failed,14,1,14,1,8,channel_model=qary_symmetric; syndrome_symbols=32,8,180,real_data,8,4,qary_hard_syndrome_bf,qary_symmetric,0.5,4,20,70f03ad2a6815ec3
real_typeii_20db_d8_bw180_blk0,qldpc_reference,1,True,True,0.046875,0.026041666666666668,0.0,0.0,128.0,3,13.436899986118078,,5,0,5,0,3,channel_model=qary_symmetric; syndrome_symbols=32,8,180,real_data,8,4,qary_hard_syndrome_bf,qary_symmetric,0.5,4,20,70f03ad2a6815ec3
real_typeii_20db_d8_bw180_blk0,qldpc_reference,2,False,False,0.046875,0.015625,0.078125,0.041666666666666664,128.0,20,23.603999987244606,syndrome_decode_failed,6,1,6,1,4,channel_model=qary_symmetric; syndrome_symbols=32,8,180,real_data,8,4,qary_hard_syndrome_bf,qary_symmetric,0.5,4,20,70f03ad2a6815ec3
real_typeii_20db_d8_bw180_blk0,qldpc_reference,3,True,False,0.109375,0.046875,0.0625,0.03125,128.0,6,26.6878999536857,candidate_failed_verification,8,0,8,0,6,channel_model=qary_symmetric; syndrome_symbols=32,8,180,real_data,8,4,qary_hard_syndrome_bf,qary_symmetric,0.5,4,20,70f03ad2a6815ec3
real_typeii_20db_d8_bw150_blk0,qldpc_reference,0,True,True,0.0625,0.036458333333333336,0.0,0.0,128.0,4,17.121999990195036,,10,0,10,0,4,channel_model=qary_symmetric; syndrome_symbols=32,8,150,real_data,8,4,qary_hard_syndrome_bf,qary_symmetric,0.5,3,20,522f89e80edee7a1
real_typeii_20db_d8_bw150_blk0,qldpc_reference,1,True,False,0.09375,0.03125,0.03125,0.015625,128.0,6,24.87299998756498,candidate_failed_verification,11,0,11,0,6,channel_model=qary_symmetric; syndrome_symbols=32,8,150,real_data,8,4,qary_hard_syndrome_bf,qary_symmetric,0.5,3,20,522f89e80edee7a1
real_typeii_20db_d8_bw150_blk0,qldpc_reference,2,True,False,0.078125,0.03125,0.03125,0.010416666666666666,128.0,5,21.193200023844838,candidate_failed_verification,12,0,12,0,5,channel_model=qary_symmetric; syndrome_symbols=32,8,150,real_data,8,4,qary_hard_syndrome_bf,qary_symmetric,0.5,3,20,522f89e80edee7a1
real_typeii_20db_d8_bw150_blk0,qldpc_reference,3,True,False,0.140625,0.06770833333333333,0.03125,0.010416666666666666,128.0,9,39.541799924336374,candidate_failed_verification,19,0,19,0,9,channel_model=qary_symmetric; syndrome_symbols=32,8,150,real_data,8,4,qary_hard_syndrome_bf,qary_symmetric,0.5,3,20,522f89e80edee7a1
real_typeii_20db_d8_bw180_blk0,qldpc_reference,0,True,False,0.140625,0.0625,0.0625,0.036458333333333336,128.0,8,31.984300003387034,candidate_failed_verification,16,0,16,0,8,channel_model=qary_symmetric; syndrome_symbols=32,8,180,real_data,8,4,qary_hard_syndrome_bf,qary_symmetric,0.5,3,20,522f89e80edee7a1
real_typeii_20db_d8_bw180_blk0,qldpc_reference,1,True,True,0.046875,0.026041666666666668,0.0,0.0,128.0,3,13.914000010117888,,5,0,5,0,3,channel_model=qary_symmetric; syndrome_symbols=32,8,180,real_data,8,4,qary_hard_syndrome_bf,qary_symmetric,0.5,3,20,522f89e80edee7a1
real_typeii_20db_d8_bw180_blk0,qldpc_reference,2,True,True,0.046875,0.015625,0.0,0.0,128.0,3,14.442899962887168,,5,0,5,0,3,channel_model=qary_symmetric; syndrome_symbols=32,8,180,real_data,8,4,qary_hard_syndrome_bf,qary_symmetric,0.5,3,20,522f89e80edee7a1
real_typeii_20db_d8_bw180_blk0,qldpc_reference,3,False,False,0.109375,0.046875,0.078125,0.03125,128.0,20,26.0493999812752,syndrome_decode_failed,8,2,8,2,5,channel_model=qary_symmetric; syndrome_symbols=32,8,180,real_data,8,4,qary_hard_syndrome_bf,qary_symmetric,0.5,3,20,522f89e80edee7a1
real_typeii_20db_d8_bw180_blk0,qldpc_reference,0,False,False,0.140625,0.0625,0.09375,0.046875,128.0,20,41.170199983753264,syndrome_decode_failed,14,1,14,1,8,channel_model=qary_symmetric; syndrome_symbols=32,8,180,real_data,8,4,qary_hard_syndrome_bf,qary_symmetric,0.33,3,20,ec3c47203d968697
real_typeii_20db_d8_bw180_blk0,qldpc_reference,1,True,True,0.046875,0.026041666666666668,0.0,0.0,128.0,3,13.060600031167269,,5,0,5,0,3,channel_model=qary_symmetric; syndrome_symbols=32,8,180,real_data,8,4,qary_hard_syndrome_bf,qary_symmetric,0.33,3,20,ec3c47203d968697
real_typeii_20db_d8_bw180_blk0,qldpc_reference,2,False,False,0.046875,0.015625,0.078125,0.041666666666666664,128.0,20,22.58099999744445,syndrome_decode_failed,6,1,6,1,4,channel_model=qary_symmetric; syndrome_symbols=32,8,180,real_data,8,4,qary_hard_syndrome_bf,qary_symmetric,0.33,3,20,ec3c47203d968697
real_typeii_20db_d8_bw180_blk0,qldpc_reference,3,True,False,0.109375,0.046875,0.0625,0.03125,128.0,6,28.422800009138882,candidate_failed_verification,8,0,8,0,6,channel_model=qary_symmetric; syndrome_symbols=32,8,180,real_data,8,4,qary_hard_syndrome_bf,qary_symmetric,0.33,3,20,ec3c47203d968697
real_typeii_20db_d8_bw150_blk0,qldpc_reference,0,True,True,0.0625,0.036458333333333336,0.0,0.0,128.0,4,16.512200003489852,,10,0,10,0,4,channel_model=qary_symmetric; syndrome_symbols=32,8,150,real_data,8,4,qary_hard_syndrome_bf,qary_symmetric,0.5,3,20,d3ef20759633ed3a
real_typeii_20db_d8_bw150_blk0,qldpc_reference,1,True,False,0.09375,0.03125,0.03125,0.015625,128.0,6,25.110700051300228,candidate_failed_verification,11,0,11,0,6,channel_model=qary_symmetric; syndrome_symbols=32,8,150,real_data,8,4,qary_hard_syndrome_bf,qary_symmetric,0.5,3,20,d3ef20759633ed3a
real_typeii_20db_d8_bw150_blk0,qldpc_reference,2,True,False,0.078125,0.03125,0.03125,0.010416666666666666,128.0,5,20.215500029735267,candidate_failed_verification,12,0,12,0,5,channel_model=qary_symmetric; syndrome_symbols=32,8,150,real_data,8,4,qary_hard_syndrome_bf,qary_symmetric,0.5,3,20,d3ef20759633ed3a
real_typeii_20db_d8_bw150_blk0,qldpc_reference,3,True,False,0.140625,0.06770833333333333,0.03125,0.010416666666666666,128.0,9,38.049799972213805,candidate_failed_verification,19,0,19,0,9,channel_model=qary_symmetric; syndrome_symbols=32,8,150,real_data,8,4,qary_hard_syndrome_bf,qary_symmetric,0.5,3,20,d3ef20759633ed3a
real_typeii_20db_d8_bw150_blk0,qldpc_reference,0,True,True,0.0625,0.036458333333333336,0.0,0.0,128.0,4,16.40119997318834,,10,0,10,0,4,channel_model=qary_symmetric; syndrome_symbols=32,8,150,real_data,8,4,qary_hard_syndrome_bf,qary_symmetric,0.5,4,20,70f03ad2a6815ec3
real_typeii_20db_d8_bw150_blk0,qldpc_reference,1,True,False,0.09375,0.03125,0.03125,0.015625,128.0,6,25.330300093628466,candidate_failed_verification,11,0,11,0,6,channel_model=qary_symmetric; syndrome_symbols=32,8,150,real_data,8,4,qary_hard_syndrome_bf,qary_symmetric,0.5,4,20,70f03ad2a6815ec3
real_typeii_20db_d8_bw150_blk0,qldpc_reference,2,True,False,0.078125,0.03125,0.03125,0.010416666666666666,128.0,5,20.16920002643019,candidate_failed_verification,12,0,12,0,5,channel_model=qary_symmetric; syndrome_symbols=32,8,150,real_data,8,4,qary_hard_syndrome_bf,qary_symmetric,0.5,4,20,70f03ad2a6815ec3
real_typeii_20db_d8_bw150_blk0,qldpc_reference,3,True,False,0.140625,0.06770833333333333,0.03125,0.010416666666666666,128.0,9,51.08420003671199,candidate_failed_verification,19,0,19,0,9,channel_model=qary_symmetric; syndrome_symbols=32,8,150,real_data,8,4,qary_hard_syndrome_bf,qary_symmetric,0.5,4,20,70f03ad2a6815ec3
real_typeii_20db_d8_bw180_blk0,qldpc_reference,0,False,False,0.140625,0.0625,0.09375,0.046875,128.0,20,47.98799997661263,syndrome_decode_failed,14,1,14,1,8,channel_model=qary_symmetric; syndrome_symbols=32,8,180,real_data,8,4,qary_hard_syndrome_bf,qary_symmetric,0.33,4,20,eb5e714c53e22f14
real_typeii_20db_d8_bw180_blk0,qldpc_reference,1,True,True,0.046875,0.026041666666666668,0.0,0.0,128.0,3,12.821100070141256,,5,0,5,0,3,channel_model=qary_symmetric; syndrome_symbols=32,8,180,real_data,8,4,qary_hard_syndrome_bf,qary_symmetric,0.33,4,20,eb5e714c53e22f14
real_typeii_20db_d8_bw180_blk0,qldpc_reference,2,False,False,0.046875,0.015625,0.078125,0.041666666666666664,128.0,20,27.62609999626875,syndrome_decode_failed,6,1,6,1,4,channel_model=qary_symmetric; syndrome_symbols=32,8,180,real_data,8,4,qary_hard_syndrome_bf,qary_symmetric,0.33,4,20,eb5e714c53e22f14
real_typeii_20db_d8_bw180_blk0,qldpc_reference,3,True,False,0.109375,0.046875,0.0625,0.03125,128.0,6,27.08949998486787,candidate_failed_verification,8,0,8,0,6,channel_model=qary_symmetric; syndrome_symbols=32,8,180,real_data,8,4,qary_hard_syndrome_bf,qary_symmetric,0.33,4,20,eb5e714c53e22f14
