"change"	"disposition"	"evidence"	"merge_delta"	"execution_review_acceptance"	"evidence_state"	"blocker_status"	"next_action"	"ambiguity"
"accel-48h-plan"	"superseded-before-execution"	"proposal.md:L5,L19,L33: this is a doc-only planning increment that expressly issues no execution grant; tasks.md:L3,L9,L37,L56 assigns six downstream steps, all unchecked, with P-1/P-4 requiring separate grants+Pre-EXECUTE. The planning artifact did not perform those steps; no grant/result/acceptance record found."	"no"	"No scientific execution/grant; downstream P-1..P-6 not executed. The plan itself is not being treated as the delivered implementation of its six steps."	"verified_plan_only_no_grant_no_execution"	"none_under_sbe"	"archive as superseded-before-execution; preserve the six downstream tasks as historical plan; no delta merge"	"Per parent ruling, this change denotes the planned six-step work, not the mere existence of proposal/design/tasks. This archive grants no science decision."
"add-nbldpc-l1-degree2-layout"	"completed"	"docs/archive/AGENT_PROJECT_MEMORY-to-20261004.md:L4438-L4442 records Stage-1 implementation/review; docs/archive/decision-log-to-20261004.md:L5303-L5310 records acceptance. Stage-2 is separate at L5316-L5331."	"yes, accepted Stage-1 layout only"	"Stage-1 implementation/review and main acceptance are located; no scientific run was in this implementation-only scope."	"verified_implemented_reviewed_accepted"	"none_under_evidenced_scope"	"Archive completed Stage-1 scope; keep Stage-2 in its separate change."	"Do not merge or imply separate Stage-2 work."
"amend-openspec-archive-superseded-before-execution"	"completed"	"`tasks.md:L7-L16` includes AE-T2 implementation and the later checked AE-T3 main-thread acceptance (2026-09-21); `AGENTS.md` §6 contains the implemented two-disposition rule; delta remains in this change"	"yes, merge only the accepted archive rule delta"	"First pass cites implementation/execution/review/acceptance source."	"first_pass_accepted_scope_cited"	"none_identified"	"archive within cited accepted scope"	"Proposal's “no execution” means no scientific execution; it does not mean the docs rule was never implemented. Earlier unchecked AE-T3 row is stale; later explicit acceptance controls."
"astra-g1g8-deep-review-prep"	"superseded-before-execution"	"openspec/changes/astra-g1g8-deep-review-prep/proposal.md:L1-L3 says docs-only/no execution/data/claim; tasks.md:L3-L13 leaves the first-chat, verbatim return and independent review undone; no research or decoder authorization is part of this draft."	"no"	"Unexecuted planning document only; no data/result."	"verified_docs_plan_no_execution"	"none_under_evidenced_scope"	"Archive superseded-before-execution and preserve the incomplete checklist."	"Do not treat the unperformed Astra review as a scientific conclusion."
"audit-gf32-train-source-mapping"	"completed"	"docs/research_cycles/_closed/nbldpc_gf32_microprobes_20260930_1004/NBLDPC-GF32-SOURCE-MAPPING-DRAFT/RESULT.md and INDEPENDENT_ACCEPTANCE.md record mapping/review; docs/archive/decision-log-to-20261004.md:L5343 records accepted scope."	"no; preserve bounded descriptive result only"	"Descriptive mapping artifact and independent acceptance exist; not a decoder-efficacy result."	"verified_result_independent_review_main_acceptance"	"none_under_evidenced_scope"	"Archive accepted mapping without performance promotion."	"Do not infer general source performance or authorize another probe."
"binary-ldpc-adjacent-channel-v4"	"completed"	"docs/archive/AGENT_PROJECT_MEMORY-to-20261004.md:L2281-L2298 records independent review and exact failure classification."	"only reviewed decoder_error/adjacent-channel engineering scope"	"Executed and reviewed; decoder_error is not FER or code-quality evidence."	"verified_failure_classification_and_review"	"none_for_scoped_archive"	"Archive bounded failure/engineering record and preserve claim ceiling."	"Do not relabel decoder_error as FER or route-wide code quality."
"binary-ldpc-long-frame-and-ir-v3"	"completed"	"docs/archive/decision-log-to-20261004.md:L1211 and docs/archive/AGENT_PROJECT_MEMORY-to-20261004.md:L2084-L2155 record bounded implementation/execution and review."	"only accepted engineering and executed synthetic scope"	"Partial work has an explicit bounded record; broader transfer/qualification is excluded."	"verified_partial_execution_reviewed_scope"	"none_for_scoped_archive"	"Record exact completed scope and unmet items; do not promote."	"Open tasks do not erase recorded partial completion; broader claims remain out of scope."
"binary-ldpc-v4-10db-transfer-qualification-v1"	"completed"	"docs/archive/AGENT_PROJECT_MEMORY-to-20261004.md:L2409-L2431 records invalid v1, corrected v2 review, and exact non-promoted outcome."	"only corrected v2 reviewed scope; retain invalid v1 history"	"Invalid v1 is retained; corrected v2 is independently reviewed and non-promoted."	"verified_corrected_result_with_invalid_attempt_retained"	"none_for_scoped_archive"	"Archive both attempts truthfully, with delta limited to corrected v2 scope."	"Do not erase invalid v1 or upgrade non-promotion."
"binary-ldpc-v4-16db-transfer-qualification-v1"	"completed"	"docs/archive/AGENT_PROJECT_MEMORY-to-20261004.md:L2392-L2407 records execution, independent review, and non-promotion."	"no scientific promotion delta; retain accepted bounded result record"	"Exact non-promoted outcome is reviewed and recorded."	"verified_bounded_nonpromoted_result"	"none_for_scoped_archive"	"Archive exact result as non-promoted; no transfer expansion."	"The reviewed result does not authorize new transfer work."
"binary-ldpc-v4-backend-correction-v1"	"completed"	"docs/archive/AGENT_PROJECT_MEMORY-to-20261004.md:L2302-L2320 records corrected implementation and review."	"only accepted corrected development implementation"	"Corrected development scope is reviewed and accepted; no broader qualification follows."	"verified_corrected_development_reviewed"	"none_for_scoped_archive"	"Archive corrected development scope; keep downstream qualification separate."	"Do not merge downstream qualification or transfer claims."
"binary-ldpc-v4-corrected-qualification-v2"	"completed"	"docs/archive/AGENT_PROJECT_MEMORY-to-20261004.md:L2322-L2358 records review and readiness boundary."	"only reviewed synthetic and source-intake readiness scope"	"Synthetic and source-intake readiness are accepted; real qualification was not run."	"verified_synthetic_and_intake_readiness"	"none_for_scoped_archive"	"Archive reviewed readiness scope; state real qualification not run."	"Readiness does not imply real-data qualification."
"binary-ldpc-v5-audit-remediation-plan"	"excluded-exogenous"	"`.gitignore:L42-L48`; `docs/H0_3_ISOLATION.md:L15-L20,L61` identifies this ignored directory as exogenous and explicitly excluded from this branch's commit scope"	"no"	"not rechecked in second pass"	"exogenous_boundary_verified"	"not_in_scope"	"do not stage or archive in this branch"	"Do not stage or archive it in this line. Preserve the existing ignore/isolation policy."
"binary-ldpc-v5-incremental-redundancy"	"completed"	"docs/archive/AGENT_PROJECT_MEMORY-to-20261004.md:L2478-L2515 records accepted execution/review and narrow promoted domain."	"only accepted exact 10 dB, q=1024, Gray, 256-symbol domain"	"Execution and independent review support only the specified domain."	"verified_narrow_domain_acceptance"	"none_for_scoped_archive"	"Archive with exact domain stated; exclude broader claims."	"Promotion is restricted to the recorded domain."
"binary-ldpc-v5-transfer-to-qrl"	"excluded-exogenous"	"`.gitignore:L42-L48`; `docs/H0_3_ISOLATION.md:L15-L20,L61` identifies this ignored directory as exogenous and explicitly excluded from this branch's commit scope"	"no"	"not rechecked in second pass"	"exogenous_boundary_verified"	"not_in_scope"	"do not stage or archive in this branch"	"Do not stage or archive it in this line. Preserve the existing ignore/isolation policy."
"cascade-beta-optimal-path"	"retired-history-no-delta"	"openspec/changes/cascade-beta-optimal-path/FINAL_GATE.md:L1-L5 defines the frozen DECIDE gate; proposal.md:L3 marks packet frozen. Bounded searches found no exact grant, execution/result, independent review, or retirement receipt in this change or current decision/memory pointers. Open task boxes are not proof of non-execution."	"no"	"Lifecycle remains unresolved: frozen DECIDE gate exists, but no exact grant or result/review/retirement receipt was located."	"frozen_decide_plan_lifecycle_unlocated"	"resolved_by_user_approved_archival_disposition"	"目前不推进 / Currently not advanced: available records do not establish the reviewed scope required by completed or an explicit never-granted/never-executed disposition. Change-specific known stage and gap: Lifecycle remains unresolved: frozen DECIDE gate exists, but no exact grant or result/review/retirement receipt was located.; The tasks do not establish never-granted or never-executed; lifecycle receipt is absent from bounded sources reviewed.. Current priority is S1-S8 organization. This is not permanent rejection or scientific KILL; reconsideration needs a successor and applicable user authorization."	"The tasks do not establish never-granted or never-executed; lifecycle receipt is absent from bounded sources reviewed."
"consolidate-real-ir-evidence-package"	"completed"	"docs/archive/historical_2026/openspec-phase0-reconciliation-20260725.md:L23 records reconciliation; docs/archive/handoffs/AGENT_HANDOFF.md records AC8 direct-pytest and AC9 before/after no-source-mod proof unmet; change specs/spec.md:L65-L66 enumerates criteria."	"yes, AC1-7 and AC10 only; exclude AC8-9"	"Reconciliation supports AC1-7/10; AC8/9 remain explicitly unmet."	"verified_partial_criteria_accepted"	"none_for_scoped_archive"	"Archive supported ACs only and preserve AC8/9 as unmet."	"Do not treat partial criteria as the full package contract."
"expand-real-ir-optimized-evidence"	"completed"	"docs/archive/historical_2026/openspec-phase0-reconciliation-20260725.md:L22; docs/archive/handoffs/AGENT_HANDOFF.md:L1188-L1189; change tasks.md:L31."	"yes, only accepted 19/20 scope"	"Reconciled execution/review supports 19/20; dependent direct CLI pytest is deferred."	"verified_partial_criteria_accepted"	"none_for_scoped_archive"	"Archive supported 19/20 scope; leave direct CLI pytest unmet."	"Do not describe the full 20-item contract as complete."
"explore-gf32-batched-fwht"	"executed-exploration-closed"	"proposal.md:L1 # EXPLORE — batch outgoing FWHT; tasks.md:L3..L6 (4 checked/0 open); cycle evidence: tasks.md T4/T5 execution + independent batch-end/main acceptance"	"no"	"First pass cites execution, independent batch-end review and main acceptance/accepted STOP."	"first_pass_cycle_review_main_acceptance_cited"	"none_identified"	"archive only with linked EXPLORE cycle and batch-end/main acceptance; no new review required"	"Use only where linked cycle confirms the checked execution + independent batch-end review + main acceptance/accepted STOP; no delta merge. M3D acceptance is limited to the narrow mechanical statement."
"explore-gf32-construction-canary"	"executed-exploration-closed"	"proposal.md:L1 # EXPLORE first-feasible constructor canary; tasks.md:L3..L6 (4 checked/0 open); cycle evidence: tasks.md T4/T5 execution + independent batch-end/main acceptance"	"no"	"First pass cites execution, independent batch-end review and main acceptance/accepted STOP."	"first_pass_cycle_review_main_acceptance_cited"	"none_identified"	"archive only with linked EXPLORE cycle and batch-end/main acceptance; no new review required"	"Use only where linked cycle confirms the checked execution + independent batch-end review + main acceptance/accepted STOP; no delta merge. M3D acceptance is limited to the narrow mechanical statement."
"explore-gf32-cycle-source-overlap"	"executed-exploration-closed"	"proposal.md:L1 # Cycle/source overlap — EXPLORE; tasks.md:L3..L7 (5 checked/0 open); cycle evidence: tasks.md T4/T5 execution + independent batch-end/main acceptance"	"no"	"First pass cites execution, independent batch-end review and main acceptance/accepted STOP."	"first_pass_cycle_review_main_acceptance_cited"	"none_identified"	"archive only with linked EXPLORE cycle and batch-end/main acceptance; no new review required"	"Use only where linked cycle confirms the checked execution + independent batch-end review + main acceptance/accepted STOP; no delta merge. M3D acceptance is limited to the narrow mechanical statement."
"explore-gf32-degree-admitted"	"executed-exploration-closed"	"proposal.md:L1 # EXPLORE fixed admitted-matrix degree comparison; tasks.md:L3..L7 (5 checked/0 open); cycle evidence: tasks.md T4/T5 execution + independent batch-end/main acceptance"	"no"	"First pass cites execution, independent batch-end review and main acceptance/accepted STOP."	"first_pass_cycle_review_main_acceptance_cited"	"none_identified"	"archive only with linked EXPLORE cycle and batch-end/main acceptance; no new review required"	"Use only where linked cycle confirms the checked execution + independent batch-end review + main acceptance/accepted STOP; no delta merge. M3D acceptance is limited to the narrow mechanical statement."
"explore-gf32-degree-profile"	"executed-exploration-closed"	"proposal.md:L1 # EXPLORE matched degree-profile diagnostic; tasks.md:L3..L10 (5 checked/0 open); cycle evidence: tasks.md T4/T5 execution + independent batch-end/main acceptance"	"no"	"First pass cites execution, independent batch-end review and main acceptance/accepted STOP."	"first_pass_cycle_review_main_acceptance_cited"	"none_identified"	"archive only with linked EXPLORE cycle and batch-end/main acceptance; no new review required"	"Use only where linked cycle confirms the checked execution + independent batch-end review + main acceptance/accepted STOP; no delta merge. M3D acceptance is limited to the narrow mechanical statement."
"explore-gf32-edge-label-update"	"executed-exploration-closed"	"proposal.md:L1 # GF32 edge-label update — EXPLORE; tasks.md:L3..L7 (5 checked/0 open); cycle evidence: tasks.md T4/T5 execution + independent batch-end/main acceptance"	"no"	"First pass cites execution, independent batch-end review and main acceptance/accepted STOP."	"first_pass_cycle_review_main_acceptance_cited"	"none_identified"	"archive only with linked EXPLORE cycle and batch-end/main acceptance; no new review required"	"Use only where linked cycle confirms the checked execution + independent batch-end review + main acceptance/accepted STOP; no delta merge. M3D acceptance is limited to the narrow mechanical statement."
"explore-gf32-edge-state"	"executed-exploration-closed"	"proposal.md:L1 # EXPLORE GF32 edge-state prior swap; tasks.md:L3..L6 (4 checked/0 open); cycle evidence: tasks.md T4/T5 execution + independent batch-end/main acceptance"	"no"	"First pass cites execution, independent batch-end review and main acceptance/accepted STOP."	"first_pass_cycle_review_main_acceptance_cited"	"none_identified"	"archive only with linked EXPLORE cycle and batch-end/main acceptance; no new review required"	"Use only where linked cycle confirms the checked execution + independent batch-end review + main acceptance/accepted STOP; no delta merge. M3D acceptance is limited to the narrow mechanical statement."
"explore-gf32-endpoint-ablation"	"executed-exploration-closed"	"proposal.md:L1 # DV3 GF32 endpoint diagnostic; tasks.md:L3..L7 (5 checked/0 open); cycle evidence: tasks.md T4/T5 execution + independent batch-end/main acceptance"	"no"	"First pass cites execution, independent batch-end review and main acceptance/accepted STOP."	"first_pass_cycle_review_main_acceptance_cited"	"none_identified"	"archive only with linked EXPLORE cycle and batch-end/main acceptance; no new review required"	"Use only where linked cycle confirms the checked execution + independent batch-end review + main acceptance/accepted STOP; no delta merge. M3D acceptance is limited to the narrow mechanical statement."
"explore-gf32-fixed-damping"	"executed-exploration-closed"	"proposal.md:L1 # Fixed-code damping mechanism — EXPLORE; tasks.md:L3..L7 (5 checked/0 open); cycle evidence: tasks.md T4/T5 execution + independent batch-end/main acceptance"	"no"	"First pass cites execution, independent batch-end review and main acceptance/accepted STOP."	"first_pass_cycle_review_main_acceptance_cited"	"none_identified"	"archive only with linked EXPLORE cycle and batch-end/main acceptance; no new review required"	"Use only where linked cycle confirms the checked execution + independent batch-end review + main acceptance/accepted STOP; no delta merge. M3D acceptance is limited to the narrow mechanical statement."
"explore-gf32-full-softprior-efficiency"	"executed-exploration-closed"	"proposal.md:L1 # Complete NB-LDPC recovery/efficiency validation — EXPLORE; tasks.md:L3..L6 (4 checked/0 open); cycle evidence: tasks.md T4/T5 execution + independent batch-end/main acceptance"	"no"	"First pass cites execution, independent batch-end review and main acceptance/accepted STOP."	"first_pass_cycle_review_main_acceptance_cited"	"none_identified"	"archive only with linked EXPLORE cycle and batch-end/main acceptance; no new review required"	"Use only where linked cycle confirms the checked execution + independent batch-end review + main acceptance/accepted STOP; no delta merge. M3D acceptance is limited to the narrow mechanical statement."
"explore-gf32-global-census"	"executed-exploration-closed"	"proposal.md:L1 # Global check-support census; tasks.md:L3..L7 (5 checked/0 open); cycle evidence: tasks.md T4/T5 execution + independent batch-end/main acceptance"	"no"	"First pass cites execution, independent batch-end review and main acceptance/accepted STOP."	"first_pass_cycle_review_main_acceptance_cited"	"none_identified"	"archive only with linked EXPLORE cycle and batch-end/main acceptance; no new review required"	"Use only where linked cycle confirms the checked execution + independent batch-end review + main acceptance/accepted STOP; no delta merge. M3D acceptance is limited to the narrow mechanical statement."
"explore-gf32-incremental-syndrome"	"retain-current"	"Reboot handoff §4 P3 identifies this draft as rewrite input for mainline block length and expected-yield f; proposal/tasks remain unexecuted."	"no"	"Retained as rewrite input only; no probe authorization."	"verified_rewrite_input"	"none"	"retain-current for rewrite; do not continue 128-symbol/six-figure probe"	"Expected-yield f and real-histogram calibrated channel remain governing constraints."
"explore-gf32-independent-label-replica"	"executed-exploration-closed"	"proposal.md:L1 # Fixed-PMF independent new-graph label experiment; tasks.md:L3..L7 (5 checked/0 open); cycle evidence: tasks.md T4/T5 execution + independent batch-end/main acceptance"	"no"	"First pass cites execution, independent batch-end review and main acceptance/accepted STOP."	"first_pass_cycle_review_main_acceptance_cited"	"none_identified"	"archive only with linked EXPLORE cycle and batch-end/main acceptance; no new review required"	"Use only where linked cycle confirms the checked execution + independent batch-end review + main acceptance/accepted STOP; no delta merge. M3D acceptance is limited to the narrow mechanical statement."
"explore-gf32-iter-cap"	"executed-exploration-closed"	"proposal.md:L1 # BP stopping-cap comparison — EXPLORE; tasks.md:L3..L7 (5 checked/0 open); cycle evidence: tasks.md T4/T5 execution + independent batch-end/main acceptance"	"no"	"First pass cites execution, independent batch-end review and main acceptance/accepted STOP."	"first_pass_cycle_review_main_acceptance_cited"	"none_identified"	"archive only with linked EXPLORE cycle and batch-end/main acceptance; no new review required"	"Use only where linked cycle confirms the checked execution + independent batch-end review + main acceptance/accepted STOP; no delta merge. M3D acceptance is limited to the narrow mechanical statement."
"explore-gf32-joint-check2"	"executed-exploration-closed"	"proposal.md:L1 # EXPLORE selector-only joint rescue comparison; tasks.md:L3..L6 (4 checked/0 open); cycle evidence: tasks.md T4/T5 execution + independent batch-end/main acceptance"	"no"	"First pass cites execution, independent batch-end review and main acceptance/accepted STOP."	"first_pass_cycle_review_main_acceptance_cited"	"none_identified"	"archive only with linked EXPLORE cycle and batch-end/main acceptance; no new review required"	"Use only where linked cycle confirms the checked execution + independent batch-end review + main acceptance/accepted STOP; no delta merge. M3D acceptance is limited to the narrow mechanical statement."
"explore-gf32-joint-top2"	"executed-exploration-closed"	"proposal.md:L1 # Four-branch joint rescue — prepared EXPLORE successor; tasks.md:L3..L6 (4 checked/0 open); cycle evidence: tasks.md T4/T5 execution + independent batch-end/main acceptance"	"no"	"First pass cites execution, independent batch-end review and main acceptance/accepted STOP."	"first_pass_cycle_review_main_acceptance_cited"	"none_identified"	"archive only with linked EXPLORE cycle and batch-end/main acceptance; no new review required"	"Use only where linked cycle confirms the checked execution + independent batch-end review + main acceptance/accepted STOP; no delta merge. M3D acceptance is limited to the narrow mechanical statement."
"explore-gf32-joint-top3"	"executed-exploration-closed"	"proposal.md:L1 # Joint rescue top3 coverage — EXPLORE; tasks.md:L1..L4 (4 checked/0 open); cycle evidence: tasks.md T4/T5 execution + independent batch-end/main acceptance"	"no"	"First pass cites execution, independent batch-end review and main acceptance/accepted STOP."	"first_pass_cycle_review_main_acceptance_cited"	"none_identified"	"archive only with linked EXPLORE cycle and batch-end/main acceptance; no new review required"	"Use only where linked cycle confirms the checked execution + independent batch-end review + main acceptance/accepted STOP; no delta merge. M3D acceptance is limited to the narrow mechanical statement."
"explore-gf32-kernel-hotspots"	"executed-exploration-closed"	"proposal.md:L1 # Fixed GF32 decoder hotspot diagnosis — EXPLORE; tasks.md:L3..L6 (4 checked/0 open); cycle evidence: tasks.md T4/T5 execution + independent batch-end/main acceptance"	"no"	"First pass cites execution, independent batch-end review and main acceptance/accepted STOP."	"first_pass_cycle_review_main_acceptance_cited"	"none_identified"	"archive only with linked EXPLORE cycle and batch-end/main acceptance; no new review required"	"Use only where linked cycle confirms the checked execution + independent batch-end review + main acceptance/accepted STOP; no delta merge. M3D acceptance is limited to the narrow mechanical statement."
"explore-gf32-label-alignment"	"executed-exploration-closed"	"proposal.md:L1 # GF32 label alignment EXPLORE; tasks.md:L3..L10 (5 checked/0 open); cycle evidence: tasks.md T4/T5 execution + independent batch-end/main acceptance"	"no"	"First pass cites execution, independent batch-end review and main acceptance/accepted STOP."	"first_pass_cycle_review_main_acceptance_cited"	"none_identified"	"archive only with linked EXPLORE cycle and batch-end/main acceptance; no new review required"	"Use only where linked cycle confirms the checked execution + independent batch-end review + main acceptance/accepted STOP; no delta merge. M3D acceptance is limited to the narrow mechanical statement."
"explore-gf32-label-search-depth"	"executed-exploration-closed"	"proposal.md:L1 # Fixed-graph GF32 label-search depth — EXPLORE; tasks.md:L3..L7 (5 checked/0 open); cycle evidence: tasks.md T4/T5 execution + independent batch-end/main acceptance"	"no"	"First pass cites execution, independent batch-end review and main acceptance/accepted STOP."	"first_pass_cycle_review_main_acceptance_cited"	"none_identified"	"archive only with linked EXPLORE cycle and batch-end/main acceptance; no new review required"	"Use only where linked cycle confirms the checked execution + independent batch-end review + main acceptance/accepted STOP; no delta merge. M3D acceptance is limited to the narrow mechanical statement."
"explore-gf32-mrb-reachability"	"executed-exploration-closed"	"proposal.md:L1 # MRB order-1 reachability — EXPLORE; tasks.md:L3..L7 (5 checked/0 open); cycle evidence: tasks.md T4/T5 execution + independent batch-end/main acceptance"	"no"	"First pass cites execution, independent batch-end review and main acceptance/accepted STOP."	"first_pass_cycle_review_main_acceptance_cited"	"none_identified"	"archive only with linked EXPLORE cycle and batch-end/main acceptance; no new review required"	"Use only where linked cycle confirms the checked execution + independent batch-end review + main acceptance/accepted STOP; no delta merge. M3D acceptance is limited to the narrow mechanical statement."
"explore-gf32-mrb-reaggregate"	"executed-exploration-closed"	"proposal.md:L1 # Additive MRB aggregation correction — EXPLORE; tasks.md:L3..L7 (5 checked/0 open); cycle evidence: tasks.md T4/T5 execution + independent batch-end/main acceptance"	"no"	"First pass cites execution, independent batch-end review and main acceptance/accepted STOP."	"first_pass_cycle_review_main_acceptance_cited"	"none_identified"	"archive only with linked EXPLORE cycle and batch-end/main acceptance; no new review required"	"Use only where linked cycle confirms the checked execution + independent batch-end review + main acceptance/accepted STOP; no delta merge. M3D acceptance is limited to the narrow mechanical statement."
"explore-gf32-mrb-rescue"	"executed-exploration-closed"	"proposal.md:L1 # Bounded MRB rescue — EXPLORE; tasks.md:L3..L7 (5 checked/0 open); cycle evidence: tasks.md T4/T5 execution + independent batch-end/main acceptance"	"no"	"First pass cites execution, independent batch-end review and main acceptance/accepted STOP."	"first_pass_cycle_review_main_acceptance_cited"	"none_identified"	"archive only with linked EXPLORE cycle and batch-end/main acceptance; no new review required"	"Use only where linked cycle confirms the checked execution + independent batch-end review + main acceptance/accepted STOP; no delta merge. M3D acceptance is limited to the narrow mechanical statement."
"explore-gf32-mrb-top6"	"executed-exploration-closed"	"proposal.md:L1 # Fixed-budget belief-ranked symbols — EXPLORE; tasks.md:L3..L7 (5 checked/0 open); cycle evidence: tasks.md T4/T5 execution + independent batch-end/main acceptance"	"no"	"First pass cites execution, independent batch-end review and main acceptance/accepted STOP."	"first_pass_cycle_review_main_acceptance_cited"	"none_identified"	"archive only with linked EXPLORE cycle and batch-end/main acceptance; no new review required"	"Use only where linked cycle confirms the checked execution + independent batch-end review + main acceptance/accepted STOP; no delta merge. M3D acceptance is limited to the narrow mechanical statement."
"explore-gf32-rank2-mixed05"	"executed-exploration-closed"	"proposal.md:L1 # Two independent correction mechanisms — EXPLORE; tasks.md:L3..L7 (5 checked/0 open); cycle evidence: tasks.md T4/T5 execution + independent batch-end/main acceptance"	"no"	"First pass cites execution, independent batch-end review and main acceptance/accepted STOP."	"first_pass_cycle_review_main_acceptance_cited"	"none_identified"	"archive only with linked EXPLORE cycle and batch-end/main acceptance; no new review required"	"Use only where linked cycle confirms the checked execution + independent batch-end review + main acceptance/accepted STOP; no delta merge. M3D acceptance is limited to the narrow mechanical statement."
"explore-gf32-residual-sweep"	"executed-exploration-closed"	"proposal.md:L1 # Residual-ranked whole-sweep correction — EXPLORE; tasks.md:L1..L4 (4 checked/0 open); cycle evidence: tasks.md T4/T5 execution + independent batch-end/main acceptance"	"no"	"First pass cites execution, independent batch-end review and main acceptance/accepted STOP."	"first_pass_cycle_review_main_acceptance_cited"	"none_identified"	"archive only with linked EXPLORE cycle and batch-end/main acceptance; no new review required"	"Use only where linked cycle confirms the checked execution + independent batch-end review + main acceptance/accepted STOP; no delta merge. M3D acceptance is limited to the narrow mechanical statement."
"explore-gf32-row-order"	"executed-exploration-closed"	"proposal.md:L1 # EXPLORE fixed within-degree GF32 row-order mechanism; tasks.md:L3..L7 (5 checked/0 open); cycle evidence: tasks.md T4/T5 execution + independent batch-end/main acceptance"	"no"	"First pass cites execution, independent batch-end review and main acceptance/accepted STOP."	"first_pass_cycle_review_main_acceptance_cited"	"none_identified"	"archive only with linked EXPLORE cycle and batch-end/main acceptance; no new review required"	"Use only where linked cycle confirms the checked execution + independent batch-end review + main acceptance/accepted STOP; no delta merge. M3D acceptance is limited to the narrow mechanical statement."
"explore-gf32-shape-fine-grid"	"executed-exploration-closed"	"proposal.md:L1 # Fine CONTROL calibration for fixed-shape GF32 label mechanism; tasks.md:L3..L8 (5 checked/0 open); cycle evidence: tasks.md T4/T5 execution + independent batch-end/main acceptance"	"no"	"First pass cites execution, independent batch-end review and main acceptance/accepted STOP."	"first_pass_cycle_review_main_acceptance_cited"	"none_identified"	"archive only with linked EXPLORE cycle and batch-end/main acceptance; no new review required"	"Use only where linked cycle confirms the checked execution + independent batch-end review + main acceptance/accepted STOP; no delta merge. M3D acceptance is limited to the narrow mechanical statement."
"explore-gf32-short-cycle-census"	"executed-exploration-closed"	"proposal.md:L1 # Decoder-free GF32 short-cycle census — EXPLORE; tasks.md:L3..L7 (5 checked/0 open); cycle evidence: tasks.md T4/T5 execution + independent batch-end/main acceptance"	"no"	"First pass cites execution, independent batch-end review and main acceptance/accepted STOP."	"first_pass_cycle_review_main_acceptance_cited"	"none_identified"	"archive only with linked EXPLORE cycle and batch-end/main acceptance; no new review required"	"Use only where linked cycle confirms the checked execution + independent batch-end review + main acceptance/accepted STOP; no delta merge. M3D acceptance is limited to the narrow mechanical statement."
"explore-gf32-softprior-cost-profile"	"executed-exploration-closed"	"proposal.md:L1 # POSTHOC soft-prior branch-cost profile; tasks.md:L3..L6 (4 checked/0 open); cycle evidence: tasks.md T4/T5 execution + independent batch-end/main acceptance"	"no"	"First pass cites execution, independent batch-end review and main acceptance/accepted STOP."	"first_pass_cycle_review_main_acceptance_cited"	"none_identified"	"archive only with linked EXPLORE cycle and batch-end/main acceptance; no new review required"	"Use only where linked cycle confirms the checked execution + independent batch-end review + main acceptance/accepted STOP; no delta merge. M3D acceptance is limited to the narrow mechanical statement."
"explore-gf32-softprior-replica"	"executed-exploration-closed"	"proposal.md:L1 # Same-condition GF32 soft-prior replica; tasks.md:L3..L7 (5 checked/0 open); cycle evidence: tasks.md T4/T5 execution + independent batch-end/main acceptance"	"no"	"First pass cites execution, independent batch-end review and main acceptance/accepted STOP."	"first_pass_cycle_review_main_acceptance_cited"	"none_identified"	"archive only with linked EXPLORE cycle and batch-end/main acceptance; no new review required"	"Use only where linked cycle confirms the checked execution + independent batch-end review + main acceptance/accepted STOP; no delta merge. M3D acceptance is limited to the narrow mechanical statement."
"explore-gf32-softprior-rescue"	"executed-exploration-closed"	"proposal.md:L1 # Single-symbol soft-prior BP rescue; tasks.md:L3..L7 (5 checked/0 open); cycle evidence: tasks.md T4/T5 execution + independent batch-end/main acceptance"	"no"	"First pass cites execution, independent batch-end review and main acceptance/accepted STOP."	"first_pass_cycle_review_main_acceptance_cited"	"none_identified"	"archive only with linked EXPLORE cycle and batch-end/main acceptance; no new review required"	"Use only where linked cycle confirms the checked execution + independent batch-end review + main acceptance/accepted STOP; no delta merge. M3D acceptance is limited to the narrow mechanical statement."
"explore-gf32-source-aware-label"	"executed-exploration-closed"	"proposal.md:L1 # Source-aware labels — EXPLORE; tasks.md:L3..L7 (5 checked/0 open); cycle evidence: tasks.md T4/T5 execution + independent batch-end/main acceptance"	"no"	"First pass cites execution, independent batch-end review and main acceptance/accepted STOP."	"first_pass_cycle_review_main_acceptance_cited"	"none_identified"	"archive only with linked EXPLORE cycle and batch-end/main acceptance; no new review required"	"Use only where linked cycle confirms the checked execution + independent batch-end review + main acceptance/accepted STOP; no delta merge. M3D acceptance is limited to the narrow mechanical statement."
"explore-gf32-source-aware-label-r2"	"executed-exploration-closed"	"proposal.md:L1 # Source-aware label R2 — EXPLORE; tasks.md:L3..L7 (5 checked/0 open); cycle evidence: tasks.md T4/T5 execution + independent batch-end/main acceptance"	"no"	"First pass cites execution, independent batch-end review and main acceptance/accepted STOP."	"first_pass_cycle_review_main_acceptance_cited"	"none_identified"	"archive only with linked EXPLORE cycle and batch-end/main acceptance; no new review required"	"Use only where linked cycle confirms the checked execution + independent batch-end review + main acceptance/accepted STOP; no delta merge. M3D acceptance is limited to the narrow mechanical statement."
"explore-gf32-source-shape-labels"	"executed-exploration-closed"	"proposal.md:L1 # Source-inspired marginal GF32 label mechanism; tasks.md:L3..L7 (5 checked/0 open); cycle evidence: tasks.md T4/T5 execution + independent batch-end/main acceptance"	"no"	"First pass cites execution, independent batch-end review and main acceptance/accepted STOP."	"first_pass_cycle_review_main_acceptance_cited"	"none_identified"	"archive only with linked EXPLORE cycle and batch-end/main acceptance; no new review required"	"Use only where linked cycle confirms the checked execution + independent batch-end review + main acceptance/accepted STOP; no delta merge. M3D acceptance is limited to the narrow mechanical statement."
"explore-gf32-top3-runtime"	"executed-exploration-closed"	"proposal.md:L1 # EXPLORE synthetic actual-execution top-3 tradeoff; tasks.md:L3..L6 (4 checked/0 open); cycle evidence: tasks.md T4/T5 execution + independent batch-end/main acceptance"	"no"	"First pass cites execution, independent batch-end review and main acceptance/accepted STOP."	"first_pass_cycle_review_main_acceptance_cited"	"none_identified"	"archive only with linked EXPLORE cycle and batch-end/main acceptance; no new review required"	"Use only where linked cycle confirms the checked execution + independent batch-end review + main acceptance/accepted STOP; no delta merge. M3D acceptance is limited to the narrow mechanical statement."
"fix-gf32-edge-state-prior-delegation"	"executed-exploration-closed"	"proposal.md:L1 # Correct reference prior delegation — EXPLORE successor; tasks.md:L3..L6 (4 checked/0 open)"	"no"	"First pass cites execution, independent batch-end review and main acceptance/accepted STOP."	"first_pass_cycle_review_main_acceptance_cited"	"none_identified"	"archive only with linked EXPLORE cycle and batch-end/main acceptance; no new review required"	"Use only where linked cycle confirms the checked execution + independent batch-end review + main acceptance/accepted STOP; no delta merge. M3D acceptance is limited to the narrow mechanical statement."
"fix-nbldpc-l1d2-chain-wall-accounting"	"completed"	"openspec/changes/fix-nbldpc-l1d2-chain-wall-accounting/tasks.md:L5-L22 records W1-W4 complete and independent review PASS after fixing the exact-7200s pre-chain boundary."	"Merge only reviewed wall-time accounting and stop-before-unattempted-arm contract."	"Implementation and fake-test acceptance only; explicitly no batch execution."	"verified_implementation_fake_tests_independent_review"	"none_under_evidenced_scope"	"Archive completed with no-science-execution boundary."	"The implementation review authorizes no batch."
"formal-ir-comparison-owned-end-to-end-roadmap"	"completed"	"openspec/changes/formal-ir-comparison-owned-end-to-end-roadmap/tasks.md:L3-L11 marks R1-R4 complete; proposal.md:L16-L24 explicitly excludes decoder/data execution and authorization. The canonical roadmap was delivered as docs."	"Merge only the reviewed ownership and roadmap clauses; no implementation or execution clauses."	"Completed documentation/ownership/ordered-milestone scope only."	"verified_docs_deliverable_no_research_execution"	"none_under_evidenced_scope"	"Archive completed as a docs-only roadmap."	"Roadmap text does not authorize P0/G1/G2, data or scans."
"formal-ir-d7-root-cause-and-route-reset"	"completed"	"docs/research_cycles/V72P2D7-ROOT-CAUSE-RESET/cycle_state.yaml and X1-X4 operator-return/Pre-RESULT review records show X1-X4 execution/review; main-thread adjudication bounds archive scope to these phases."	"only implemented/executed/reviewed X1-X4 remediation and records"	"X1-X4 implemented, executed, and reviewed. Route decision remains pending; D7-H is unauthorized."	"verified_partial_execution_and_review_scope"	"none_for_scoped_archive"	"Archive X1-X4 scope; state route pending, D7-H unauthorized, and no solidification/promotion."	"Technical/execution completion is not a route decision or scientific promotion."
"formal-ir-future-nbpolar-app-transfer"	"superseded-before-execution"	"docs/archive/AGENT_PROJECT_MEMORY-to-20261004.md:L3701-L3703 says never implemented/executed and already archived at openspec/changes/archive/2026-09-11-formal-ir-future-nbpolar-app-transfer-superseded/; docs/archive/decision-log-to-20261004.md:L3979-L3989 records disposition."	"no; already archived with archive.md"	"Never implemented/executed; prior superseded archive exists."	"verified_never_executed_already_archived"	"none_for_tracked_scope"	"no tracked move; leave existing archive untouched"	"Direct physical child is empty residue: no tracked file under that path; do not create duplicate archive."
"formal-ir-future-power-of-two-dimension-generalization"	"superseded-before-execution"	"openspec/changes/formal-ir-future-power-of-two-dimension-generalization/proposal.md:L1-L5 explicitly labels BACKLOG_PLAN / IMPLEMENTATION_NOT_AUTHORIZED / EXECUTE_NOT_AUTHORIZED; tasks.md:L7-L40 are unstarted."	"no"	"Frozen future-plan only; no implementation or execution authorization."	"verified_backlog_unexecuted_unauthed"	"none_under_evidenced_scope"	"Archive superseded-before-execution."	"This records an unstarted generalization; it does not reject future dimension work."
"formal-ir-occam-failure-ablation"	"completed"	"openspec/changes/formal-ir-occam-failure-ablation/tasks.md:L3-L10 records retrospective analysis, independent luna numerical/scientific review and memory triage PASS; no formal decoder run or qualification."	"Merge only the reviewed retrospective-analysis contract; no new decoder-run clauses."	"Accepted retrospective analysis of existing V64 records only."	"verified_retrospective_analysis_independent_review"	"none_under_evidenced_scope"	"Archive completed with its retrospective-only limit."	"No decoder execution, qualification or promotion occurred in this change."
"formal-ir-v35-performance-algorithm-development"	"completed"	"spec.md:L10-L14 requires A4 after failed A3. proposal.md:L3,L19 and tasks.md:L28-L36 state A1-A3 ran; post-run review found A4 required but not run; P5 records PROTOCOL_PARTIAL_A4_NOT_EXECUTED and SCIENTIFIC_PROMOTION_NOT_GRANTED. docs/archive/AGENT_PROJECT_MEMORY-to-20261004.md:L408-L418 confirms corrected status."	"no; unmet/unsupported delta clauses stay unmerged"	"A1-A3 executed; post-run review/synthesis recorded; science promotion withheld. Completed only for implemented/executed/reviewed partial scope per parent ruling."	"verified_partial_execution_and_review"	"resolved_by_partial_execution_clause_and_parent_ruling"	"archive completed partial scope; state A4 REQUIRED_NOT_EXECUTED and overall contract incomplete"	"Old report docs/archive/v19_v72/v35-algorithm-development-report.md:L8-L10,L50-L55 retains the earlier NB_CANDIDATE_DEVELOPMENT_READY wording. Preserve body; archive.md points to later correction and PATH_MAP."
"formal-ir-v36-empirical-p-irregular-source-native-graph"	"completed"	"tasks.md:L28-L37 says executed; post-run review says A1 same-setting/per-source DE requirement not met, A2 zero-degree-2/zero-4-cycle gates failed, A3 exploratory only; P5 records NO_FINITE_GRAPH_ADVANCE. proposal.md:L3; docs/archive/AGENT_PROJECT_MEMORY-to-20261004.md:L395-L405; docs/archive/handoffs/AGENT_HANDOFF.md:L41-L55."	"no; unmet A1/A2 clauses and unsupported A3 advancement stay unmerged"	"Executed; post-run review and bounded terminal attribution recorded; scientific advancement not accepted."	"verified_partial_execution_and_review"	"resolved_by_partial_execution_clause_and_parent_ruling"	"archive completed partial scope; preserve gate failures and no-promotion boundary"	"Historical diagnostic scope only; do not accept A1, A2, or finite-graph advancement."
"formal-ir-v37-finite-feasible-empirical-p-de-screening"	"superseded-before-execution"	"proposal.md:L3-L7 says PLAN_CANDIDATE and Execution Authorization NOT_GRANTED (plan documents only); tasks.md:L3-L4 confirms pending review/no execution; all task matrix items unchecked. Separate docs/research_cycles/V37R1 artifacts belong to a prior pipeline cycle and do not grant this named change."	"no"	"No execution grant or execution under this change; unrelated V37R1 review/result is not evidence for this change."	"verified_plan_only_not_granted"	"none_under_sbe"	"archive superseded-before-execution with explicit no delta merge"	"Do not conflate this change with prior V37R1 cycle in docs/research_cycles/V37R1."
"formal-ir-v38r1-posterior-binding-correction"	"completed"	"tasks.md:L3-L6 says the single authorized run_02 completed and no further execution; docs/research_cycles/V38R1/REVIEW_VERDICT.md:L1-L18 records independent ACCEPT and implementation scope; docs/archive/AGENT_PROJECT_MEMORY-to-20261004.md:L303-L321 records accepted bounded terminal V38_MULTIPLE_ROUTE_SIGNALS and main acceptance commit c8c5cd2e."	"yes, merge the full R1.1-R1.6 delta, with evidence per titles: Invalid predecessor evidence; Posterior binding; Tests; V38R1 successor freeze; Lifecycle; Guarded runner and writer. These clauses are covered by the accepted implementation/result receipt."	"One authorized run_02 completed; independent implementation/result review and main acceptance recorded; formal qualification not authorized."	"verified_execution_review_main_acceptance_bounded"	"none_identified"	"archive completed; merge only accepted V38R1 scope"	"Earlier stale task text at L323-L341 says run_02 absent; later current result lines L303-L321 supersede it."
"formal-ir-v39-lanec-robustness-laneb-control"	"superseded-before-execution"	"proposal.md:L3 says PLAN_CANDIDATE / EXECUTE_NOT_AUTHORIZED; tasks.md:L3-L6 explicitly says nothing started or authorized and requires independent plan ACCEPT plus new explicit EXECUTE_AUTH; task matrix remains unchecked."	"no"	"No implementation/execution grant in this change; V40 proposal identifies only accepted V39 predecessor evidence, not V39 execution of this change."	"verified_plan_only_not_authorized"	"none_under_sbe"	"archive superseded-before-execution; no delta merge"	"None found in the named change record."
"formal-ir-v40-decoder-cap-diagnostic"	"completed"	"openspec/changes/formal-ir-v41-fresh-block-confirm/proposal.md:L7-L24 identifies V40P0 terminal V40_PROBE_CONFIRM_ALLOWED, exact result SHA a546d43c..., execution SHA 80d605..., and the 6-call probe outcome; V41 tasks.md:L7-L11 explicitly calls V40 run_01 accepted. V40 OpenSpec tasks status at L3-L10 is stale relative to this successor acceptance."	"yes, merge the full R1-R17 delta as the accepted V40 diagnostic contract: Predecessor binding; Diagnostic question and shape; Frozen instance set; Representative matrices; Probe blocks and seed disjointness; Posterior-binding preflight; Decoder contract per phase; Phase A protocol and judgments; Residual-improvement definition; Phase B protocol and judgments; Probe protocol and judgments; Budget and stop rules; Signals and terminal machine; Records and evidence outputs; Integrity-first invalidation; Lifecycle and authorization; Claim boundary."	"V40 run_01 result accepted and used as V41 predecessor; no V41 execution authorization is inferred."	"verified_successor_receipt_for_accepted_result"	"none_identified"	"archive completed based on later V41 durable receipt; merge accepted V40 result scope only"	"Own V40 task matrix still says PLAN_CANDIDATE / not started (tasks.md:L3-L10); successor explicit accepted receipt controls."
"formal-ir-v41-fresh-block-confirm"	"retired-history-no-delta"	"openspec/changes/formal-ir-v42-conditional-realism-diagnostic/proposal.md:L6-L13; tasks.md:L8-L10 identify V41P0 run_01 execution/candidate"	"no"	"Successor records execution and candidate status of same V41P0; independently reviewed technical/result scope not established."	"executed_candidate_cover_stale"	"resolved_by_user_approved_archival_disposition"	"目前不推进 / Currently not advanced: available records do not establish the reviewed scope required by completed or an explicit never-granted/never-executed disposition. Change-specific known stage and gap: Successor records execution and candidate status of same V41P0; independently reviewed technical/result scope not established.; Old plan-only cover does not override subsequent same-cycle execution records. Review not located does not mean never reviewed.. Current priority is S1-S8 organization. This is not permanent rejection or scientific KILL; reconsideration needs a successor and applicable user authorization."	"Old plan-only cover does not override subsequent same-cycle execution records. Review not located does not mean never reviewed."
"formal-ir-v42-conditional-realism-diagnostic"	"completed"	"openspec/changes/formal-ir-v43-soft-marginal-diagnostic/tasks.md:L3-L4 records V42 durable terminal V42_GO_STRUCTURE / BOTH_ARMS_GATES_FAILED, accepted plan SHA, implementation/execution SHA, and result SHA 19209392...; V43 is explicitly the successor. This later durable record supersedes V42 tasks.md:L3-L10 plan-candidate header."	"yes, merge the full R1-R15 delta as accepted V42 contract: Predecessor binding; Question and shape; Frozen sample set and pairing; Seed-registry disjointness; Representative matrices; Dual posterior-binding preflight; Decoder contract and composed dual-condition path; Frozen workload and call order; Per-condition gates; Terminal machine; Integrity-first invalidation, guard ordering, and evidence tiers; Budget and stop rules; Records and evidence outputs; Lifecycle, authorization, and O1 precondition; Claim boundary."	"V42 result marked durable in successor record; no V43/V44 authorization inferred."	"verified_successor_receipt_for_durable_result"	"none_identified"	"archive completed; merge only V42 accepted implementation/execution/review clauses"	"Own V42 task matrix is stale; successor V43 task header is the durable receipt."
"formal-ir-v43-soft-marginal-diagnostic"	"completed"	"openspec/changes/formal-ir-v44-soft-prior-conditioning/proposal.md:L2,L8-L9 records V43 18-call paired diagnostic complete, terminal V43_ORACLE_ONLY_SOFT_MARGINAL_BOTTLENECK and result SHA 4e2ed4db; V44 tasks.md:L3-L4 repeats V43 durable terminal/result. The V43 tasks header is an earlier plan-candidate snapshot."	"yes, merge the full R1-R15 delta as accepted V43 contract: Predecessor binding; Question and shape; Frozen sample set and pairing; Seed-registry disjointness; Representative matrices; Dual posterior-binding preflight; Decoder contract and composed dual-condition path; Frozen workload and call order; Per-condition gates; Terminal machine; Integrity-first invalidation, guard ordering, and evidence tiers; Budget and stop rules; Records and evidence outputs; Lifecycle and authorization; Claim boundary."	"V43 result marked durable by successor; V44 is not thereby authorized."	"verified_successor_receipt_for_durable_result"	"none_identified"	"archive completed; merge only V43 accepted result scope"	"Own V43 task header is stale relative to V44 successor receipt."
"formal-ir-v44-soft-prior-conditioning"	"superseded-before-execution"	"proposal.md:L2-L3 and tasks.md:L3-L4 mark PLAN_REVISE_REQUIRED / EXECUTE_NOT_AUTHORIZED, explicitly stop the 18-call plan before implementation/execution, and retain the frozen definition as a rejected reference; all execution tasks unchecked."	"no"	"No implementation/execution occurred; no EXECUTE_AUTH requested. The proposed mechanism was stopped at plan revision."	"verified_stopped_before_implementation_and_execution"	"none_under_sbe"	"archive superseded-before-execution; preserve original plan text and add disposition record; no delta merge"	"Do not infer a route-wide conclusion from the rejected V44 mechanism."
"formal-ir-v45-l1-app-soft-transfer"	"retired-history-no-delta"	"openspec/changes/formal-ir-v45-l1-app-soft-transfer/proposal.md:L3,L12,L59,L75,L83; tasks.md:L4 says no implementation/execution; outputs_comparison/formal_ir_methods/v45_l1_app_soft_transfer/run_01 filenames present (records/summary; presence only)."	"No delta merge; preserve the cited material as history under current non-pursuit disposition."	"Recorded stage: run_artifacts_present_lifecycle_conflict. Specific unresolved gap: authorization_provenance_and_review_receipt_unlocated. Current handling: currently not pursuing this historical item during repository organization; no accepted route or claim is inferred."	"run_artifacts_present_lifecycle_conflict"	"authorization_provenance_and_review_receipt_unlocated"	"Preserve the cited historical record with no delta merge; any future scientific work needs separate user authorization and its own lifecycle."	"This disposition means currently not pursued during repository organization. It is not a claim of never-executed or never-authorized where receipts are missing, and it is not a permanent route closure or scientific KILL; preserve the recorded unknowns and artifacts."
"formal-ir-v46-verification-semantics"	"retired-history-no-delta"	"openspec/changes/formal-ir-v46-verification-semantics/proposal.md:L3,L10,L55,L72; tasks.md:L3-L4 state PLAN_REVISE_REQUIRED/EXECUTE_NOT_AUTHORIZED and no run; outputs_comparison/formal_ir_methods/v46_verification_semantics/run_01 filenames present (records/summary; presence only)."	"No delta merge; preserve the cited material as history under current non-pursuit disposition."	"Recorded stage: run_artifacts_present_lifecycle_conflict. Specific unresolved gap: authorization_provenance_and_review_receipt_unlocated. Current handling: currently not pursuing this historical item during repository organization; no accepted route or claim is inferred."	"run_artifacts_present_lifecycle_conflict"	"authorization_provenance_and_review_receipt_unlocated"	"Preserve the cited historical record with no delta merge; any future scientific work needs separate user authorization and its own lifecycle."	"This disposition means currently not pursued during repository organization. It is not a claim of never-executed or never-authorized where receipts are missing, and it is not a permanent route closure or scientific KILL; preserve the recorded unknowns and artifacts."
"formal-ir-v47-h1-redundancy-compression"	"retired-history-no-delta"	"openspec/changes/formal-ir-v47-h1-redundancy-compression/proposal.md:L3,L7,L9,L57,L74 states PLAN_CANDIDATE/EXECUTE_NOT_AUTHORIZED; outputs_comparison/formal_ir_methods/v47_h1_redundancy_compression/run_01 filenames present (records/summary; presence only)."	"No delta merge; preserve the cited material as history under current non-pursuit disposition."	"Recorded stage: run_artifacts_present_lifecycle_conflict. Specific unresolved gap: authorization_provenance_and_review_receipt_unlocated. Current handling: currently not pursuing this historical item during repository organization; no accepted route or claim is inferred."	"run_artifacts_present_lifecycle_conflict"	"authorization_provenance_and_review_receipt_unlocated"	"Preserve the cited historical record with no delta merge; any future scientific work needs separate user authorization and its own lifecycle."	"This disposition means currently not pursued during repository organization. It is not a claim of never-executed or never-authorized where receipts are missing, and it is not a permanent route closure or scientific KILL; preserve the recorded unknowns and artifacts."
"formal-ir-v48-heldout-confirm"	"retired-history-no-delta"	"openspec/changes/formal-ir-v48-heldout-confirm/proposal.md:L3,L9,L47 says PLAN_REVISE_REQUIRED/EXECUTE_NOT_AUTHORIZED and no output; docs/archive/v19_v72/v49-distribution-shift-diagnosis-20260827.md:L5-L8,L227 records V48 run_01 and terminal V48_HELDOUT_FAIL."	"No delta merge; preserve the cited material as history under current non-pursuit disposition."	"Recorded stage: executed_failure_review_missing. Specific unresolved gap: independent_result_review_receipt_unlocated. Current handling: currently not pursuing this historical item during repository organization; no accepted route or claim is inferred."	"executed_failure_review_missing"	"independent_result_review_receipt_unlocated"	"Preserve the cited historical record with no delta merge; any future scientific work needs separate user authorization and its own lifecycle."	"This disposition means currently not pursued during repository organization. It is not a claim of never-executed or never-authorized where receipts are missing, and it is not a permanent route closure or scientific KILL; preserve the recorded unknowns and artifacts."
"formal-ir-v50-l2-structure-factorial"	"retired-history-no-delta"	"openspec/changes/formal-ir-v50-l2-structure-factorial/spike_report.md:L1,L5-L7,L51+ records decoder-free construction spike; outputs_comparison/formal_ir_methods/v50_l2_structure_factorial/run_01 filenames present (records/summary; presence only)."	"No delta merge; preserve the cited material as history under current non-pursuit disposition."	"Recorded stage: spike_result_and_run_artifacts_review_missing. Specific unresolved gap: run_scope_and_independent_review_unlocated. Current handling: currently not pursuing this historical item during repository organization; no accepted route or claim is inferred."	"spike_result_and_run_artifacts_review_missing"	"run_scope_and_independent_review_unlocated"	"Preserve the cited historical record with no delta merge; any future scientific work needs separate user authorization and its own lifecycle."	"This disposition means currently not pursued during repository organization. It is not a claim of never-executed or never-authorized where receipts are missing, and it is not a permanent route closure or scientific KILL; preserve the recorded unknowns and artifacts."
"formal-ir-v51-lane-c-label-nbace"	"retired-history-no-delta"	"openspec/changes/formal-ir-v51-lane-c-label-nbace/spike_report.md:L1,L5-L7 and §4-5 records decoder-free label-optimizer spike and gate verdict; outputs_comparison/formal_ir_methods/v51_lane_c_label_nbace/run_01 filenames present (presence only)."	"No delta merge; preserve the cited material as history under current non-pursuit disposition."	"Recorded stage: spike_result_review_missing. Specific unresolved gap: independent_result_review_receipt_unlocated. Current handling: currently not pursuing this historical item during repository organization; no accepted route or claim is inferred."	"spike_result_review_missing"	"independent_result_review_receipt_unlocated"	"Preserve the cited historical record with no delta merge; any future scientific work needs separate user authorization and its own lifecycle."	"This disposition means currently not pursued during repository organization. It is not a claim of never-executed or never-authorized where receipts are missing, and it is not a permanent route closure or scientific KILL; preserve the recorded unknowns and artifacts."
"formal-ir-v52-rate-adaptive-l2-rescue"	"retired-history-no-delta"	"openspec/changes/formal-ir-v52-rate-adaptive-l2-rescue/spike_report.md:L1,L5-L7,L92-L94; outputs_comparison/formal_ir_methods/v52_rate_adaptive_l2_rescue/run_01/EXECUTION_DEVIATION_NOTE.md:L1,L11,L15-L21,L40-L47 records candidate with exactly-once protocol deviation."	"No delta merge; preserve the cited material as history under current non-pursuit disposition."	"Recorded stage: executed_deviation_independent_review_missing. Specific unresolved gap: independent_result_review_receipt_unlocated. Current handling: currently not pursuing this historical item during repository organization; no accepted route or claim is inferred."	"executed_deviation_independent_review_missing"	"independent_result_review_receipt_unlocated"	"Preserve the cited historical record with no delta merge; any future scientific work needs separate user authorization and its own lifecycle."	"This disposition means currently not pursued during repository organization. It is not a claim of never-executed or never-authorized where receipts are missing, and it is not a permanent route closure or scientific KILL; preserve the recorded unknowns and artifacts."
"formal-ir-v53-rate-adaptive-l2-heldout-confirm"	"retired-history-no-delta"	"openspec/changes/formal-ir-v53-rate-adaptive-l2-heldout-confirm/spike_report.md:L1,L3,L5,L7,L160,L167; outputs_comparison/formal_ir_methods/v53_rate_adaptive_l2_heldout_confirm/run_01/PROVENANCE_DEVIATION_NOTE.md:L1,L7,L9-L13,L22-L36 records accepted plan/authorization linkage plus deviation."	"No delta merge; preserve the cited material as history under current non-pursuit disposition."	"Recorded stage: executed_result_review_missing. Specific unresolved gap: independent_result_review_receipt_unlocated. Current handling: currently not pursuing this historical item during repository organization; no accepted route or claim is inferred."	"executed_result_review_missing"	"independent_result_review_receipt_unlocated"	"Preserve the cited historical record with no delta merge; any future scientific work needs separate user authorization and its own lifecycle."	"This disposition means currently not pursued during repository organization. It is not a claim of never-executed or never-authorized where receipts are missing, and it is not a permanent route closure or scientific KILL; preserve the recorded unknowns and artifacts."
"formal-ir-v54-two-stage-incremental-l2-rescue"	"retired-history-no-delta"	"openspec/changes/formal-ir-v54-two-stage-incremental-l2-rescue/spike_report.md:L1,L3,L5,L7,L207,L214 records decoder-free spike lifecycle; outputs_comparison/formal_ir_methods/v54_two_stage_incremental_l2_rescue/run_01 filenames present (records/summary; presence only)."	"No delta merge; preserve the cited material as history under current non-pursuit disposition."	"Recorded stage: run_artifacts_present_lifecycle_conflict. Specific unresolved gap: run_scope_and_independent_review_unlocated. Current handling: currently not pursuing this historical item during repository organization; no accepted route or claim is inferred."	"run_artifacts_present_lifecycle_conflict"	"run_scope_and_independent_review_unlocated"	"Preserve the cited historical record with no delta merge; any future scientific work needs separate user authorization and its own lifecycle."	"This disposition means currently not pursued during repository organization. It is not a claim of never-executed or never-authorized where receipts are missing, and it is not a permanent route closure or scientific KILL; preserve the recorded unknowns and artifacts."
"formal-ir-v55-two-stage-rescue-independent-test-qualification-preparation"	"completed"	"openspec/changes/formal-ir-v55-two-stage-rescue-independent-test-qualification-preparation/specs/spec.md: R1-R2,R4,R6-R9,R11-R15; comparison_bench/outputs_comparison/formal_ir_methods/v55_two_stage_rescue_independent_test/run_01/PRE_RESULT_REVIEW.md:L5,L19-L20,L30 records QUALIFICATION_RESULT_ACCEPTED_FAIL / V55_INDEPENDENT_TEST_FAIL and Pre-RESULT PASS."	"Limited accepted-fail report scope: R1-R2, R4, R6-R9, R11-R15 only; exclude R3/R5 readiness-only clauses, qualification PASS, route promotion, and decoder qualification."	"Independent Pre-RESULT review PASS for a truthful accepted-fail result; this records a failed independent TEST outcome, not qualification PASS or promotion."	"executed_result_independently_reviewed_accepted_fail_limited_scope"	"none_for_bounded_failure_result"	"Archive completed limited-scope result clauses; keep qualification-pass and promotion claims excluded."	"Proposal/readiness documents retain a pre-execution lifecycle, but the later run_01 review is the explicit executed-result terminal."
"formal-ir-v56-input-contract-reconstruction"	"completed"	"openspec/changes/formal-ir-v56-input-contract-reconstruction/FINAL_REVIEW_NOTE.md:L1-L35 (V56_DIAGNOSIS_RESULT_ACCEPTED; decoder-free true session domain-shift result); openspec/changes/formal-ir-v57-channel-recharacterization/design.md:L4 cites V56 DIAGNOSIS_RESULT_ACCEPTED as predecessor; own proposal/tasks remain PLAN_CANDIDATE and 0/26 checked."	"limited only: spec Requirement V56 Phase A — Function-by-Function V13 Contract Replay; Phase B — Single-Point Fix From V13 Authoritative Contract; Phase C — Decoder-Free Calibration Acceptance on New Frames; Phase D — 5-Way Terminal; Boundary — V55 90 Permanent Ban and Freshness Scope; Decoder-Forbidden Until C Passes and Wrapper-Only Fix; Wording and I32 Auxiliary Freeze; V13 Implementation Reuse; V56R2 Authoritative Seven-Stage Semantics and Lineage. Exclude Phase 0 V56D4 Independent Pre-RESULT Review Consolidation because its distinct independent receipt is not cited in the final note; exclude decoder TEST, qualification, and promotion."	"Final review note explicitly records accepted V56 terminal and the bounded decoder-free contract/domain result; V57 design independently cites the predecessor terminal. No separate V56D4 Phase-0 independent Pre-RESULT receipt was located."	"bounded_decoder_free_result_accepted; proposal/tasks lifecycle stale"	"no_blocker_for_bounded_result; Phase0_excluded_from_merge"	"Archive completed limited-scope; merge only the named accepted decoder-free diagnostic clauses and preserve all downstream decoder/qualification gates."	"FINAL_REVIEW_NOTE is the later accepted result receipt while proposal/tasks remain plan-candidate/0-of-26. The accepted scope is the recorded V56 decoder-free domain-shift terminal only; Phase 0 independent V56D4 consolidation and every decoder successor remain outside merge."
"formal-ir-v56-input-domain-diagnosis"	"retired-history-no-delta"	"openspec/changes/formal-ir-v56-input-domain-diagnosis/DIAGNOSIS_REPORT.md:L3,L6,L177-L178; proposal.md:L3,L9-L10,L94; tasks.md:L3,L46,L53-L67."	"No delta merge; preserve the cited material as history under current non-pursuit disposition."	"Recorded stage: needs_receipt_locator. Specific unresolved gap: pending_source_review_not_confirmed_blocker. Current handling: currently not pursuing this historical item during repository organization; no accepted route or claim is inferred."	"DIAGNOSIS_PLAN_READY / EXECUTE_NOT_AUTHORIZED; diagnostic report exists with incomplete terminal fields; independent review/main acceptance not located."	"No independent diagnostic result-review or main-acceptance receipt located; report presence does not establish accepted execution."	"Preserve the cited historical record with no delta merge; any future scientific work needs separate user authorization and its own lifecycle."	"This disposition means currently not pursued during repository organization. It is not a claim of never-executed or never-authorized where receipts are missing, and it is not a permanent route closure or scientific KILL; preserve the recorded unknowns and artifacts."
"formal-ir-v56d1-raw-a2-diagnosis"	"retired-history-no-delta"	"openspec/changes/formal-ir-v56d1-raw-a2-diagnosis/tasks.md:L3,L41,L48-L49 records DIAGNOSIS_PLAN_READY/DECODE_FORBIDDEN and no formal run_01; REPORT.md exists; successor V56D2 tasks.md:L5 cites D1 terminal MIXED_BY_SOURCE."	"No delta merge; preserve the cited material as history under current non-pursuit disposition."	"Recorded stage: decoder_free_diagnostic_review_missing. Specific unresolved gap: independent_result_review_receipt_unlocated. Current handling: currently not pursuing this historical item during repository organization; no accepted route or claim is inferred."	"decoder_free_diagnostic_review_missing"	"independent_result_review_receipt_unlocated"	"Preserve the cited historical record with no delta merge; any future scientific work needs separate user authorization and its own lifecycle."	"This disposition means currently not pursued during repository organization. It is not a claim of never-executed or never-authorized where receipts are missing, and it is not a permanent route closure or scientific KILL; preserve the recorded unknowns and artifacts."
"formal-ir-v56d2-calibration"	"retired-history-no-delta"	"openspec/changes/formal-ir-v56d2-calibration/CALIBRATION_REPORT.md:L1,L6-L7,L60,L87,L95 records R1-corrected CALIBRATION_EVIDENCE_INCOMPLETE / ENVIRONMENT_AND_CONTRACT_NOT_REPRODUCED; tasks.md:L3,L46 keeps decoder-free plan lifecycle."	"No delta merge; preserve the cited material as history under current non-pursuit disposition."	"Recorded stage: executed_incomplete_diagnostic_review_missing. Specific unresolved gap: independent_result_review_receipt_unlocated. Current handling: currently not pursuing this historical item during repository organization; no accepted route or claim is inferred."	"executed_incomplete_diagnostic_review_missing"	"independent_result_review_receipt_unlocated"	"Preserve the cited historical record with no delta merge; any future scientific work needs separate user authorization and its own lifecycle."	"This disposition means currently not pursued during repository organization. It is not a claim of never-executed or never-authorized where receipts are missing, and it is not a permanent route closure or scientific KILL; preserve the recorded unknowns and artifacts."
"formal-ir-v56d3-symbol-decomposition"	"retired-history-no-delta"	"openspec/changes/formal-ir-v56d3-symbol-decomposition/SYMBOL_DECOMPOSITION_REPORT.md:L1,L3,L8,L79 records EXECUTED, decoder-free and revised terminal INCONCLUSIVE_PAIRING_FRAME_ANCHOR_OR_DOMAIN_SHIFT; tasks.md:L3,L49 preserves DIAGNOSIS_PLAN_READY."	"No delta merge; preserve the cited material as history under current non-pursuit disposition."	"Recorded stage: executed_inconclusive_diagnostic_review_missing. Specific unresolved gap: independent_result_review_receipt_unlocated. Current handling: currently not pursuing this historical item during repository organization; no accepted route or claim is inferred."	"executed_inconclusive_diagnostic_review_missing"	"independent_result_review_receipt_unlocated"	"Preserve the cited historical record with no delta merge; any future scientific work needs separate user authorization and its own lifecycle."	"This disposition means currently not pursued during repository organization. It is not a claim of never-executed or never-authorized where receipts are missing, and it is not a permanent route closure or scientific KILL; preserve the recorded unknowns and artifacts."
"formal-ir-v56d4-low-dim-decomposition"	"retired-history-no-delta"	"openspec/changes/formal-ir-v56d4-low-dim-decomposition/LOW_DIM_DECOMPOSITION_REPORT.md:L1,L5,L47,L64 records decoder-free INCONCLUSIVE_MIXED_SIGNAL and missing raw-coincidence fields; tasks.md:L3,L53,L55 keeps DIAGNOSIS_PLAN_READY."	"No delta merge; preserve the cited material as history under current non-pursuit disposition."	"Recorded stage: executed_inconclusive_diagnostic_review_missing. Specific unresolved gap: independent_result_review_receipt_unlocated. Current handling: currently not pursuing this historical item during repository organization; no accepted route or claim is inferred."	"executed_inconclusive_diagnostic_review_missing"	"independent_result_review_receipt_unlocated"	"Preserve the cited historical record with no delta merge; any future scientific work needs separate user authorization and its own lifecycle."	"This disposition means currently not pursued during repository organization. It is not a claim of never-executed or never-authorized where receipts are missing, and it is not a permanent route closure or scientific KILL; preserve the recorded unknowns and artifacts."
"formal-ir-v57-channel-recharacterization"	"completed"	"openspec/changes/formal-ir-v57-channel-recharacterization/V57_R5_HIERARCHICAL_PER_LAYER_REPORT.md:L1-L6 records RESULT_ACCEPTED_FAIL/PREDICTIVE_MODEL_NOT_STABLE/DECODE_FORBIDDEN; FINAL_REVIEW_NOTE.md:L1-L10 records R5 re-review passed; specs/spec.md:L5-L70 names the six R5 requirements."	"Limited R5 accepted-fail scope only: V57 Calibration/Validation Pre-Registration with Zero Overlap; Calibration Smoothed Joint Count and Conditional Entropy and Leakage Recomputation; Validation Estimator Gates Per Source; Three-Source Independent Verdict and V58 Gate; Decoder-Forbidden Guard; Original 90 Permanent Ban and Freshness Boundary. No V58 decoder TEST, qualification, promotion, or route advancement."	"R5 report records executed result and FINAL_REVIEW_NOTE records passed R5 re-review. Parent ruling accepts this result-review pair without a separate main-terminal receipt. V58 remains blocked; no decoder TEST was authorized."	"R5_result_and_review_present; limited_failure_report_only; no_promotion"	"none_for_scoped_completion"	"Archive completed limited-scope using the six named R5 requirements; exclude V58 execution and qualification clauses."	"OpenSpec proposal/design/tasks retain stale PENDING_REVISED/0-of-20 metadata. The later R5 report and passed re-review define this limited disposition; it does not promote science or close a broader route."
"formal-ir-v58-secret-key-budget-stoploss"	"retired-history-no-delta"	"openspec/changes/formal-ir-v58-secret-key-budget-stoploss/proposal.md:L3,L10,L64,L90 states decoder-free budget diagnosis; successor openspec/changes/formal-ir-v59-security-budget-authority-closure/tasks.md:L5 records predecessor SECURITY_INPUTS_INCOMPLETE/DECODE_FORBIDDEN; docs/research_cycles/V58P0 is absent."	"No delta merge; preserve the cited material as history under current non-pursuit disposition."	"Recorded stage: successor_terminal_cited_original_result_review_unlocated. Specific unresolved gap: original_result_and_independent_review_unlocated. Current handling: currently not pursuing this historical item during repository organization; no accepted route or claim is inferred."	"successor_terminal_cited_original_result_review_unlocated"	"original_result_and_independent_review_unlocated"	"Preserve the cited historical record with no delta merge; any future scientific work needs separate user authorization and its own lifecycle."	"This disposition means currently not pursued during repository organization. It is not a claim of never-executed or never-authorized where receipts are missing, and it is not a permanent route closure or scientific KILL; preserve the recorded unknowns and artifacts."
"formal-ir-v59-security-budget-authority-closure"	"retired-history-no-delta"	"docs/research_cycles/V59P0/SECRET_KEY_BUDGET_AUTHORITY_REPORT.md:L1,L38 records AUTHORITY_INPUTS_ACTIONABLE; openspec/changes/formal-ir-v59-security-budget-authority-closure/proposal.md:L3,L48,L66 and tasks.md:L80-L98 keep decoder-free/await independent review."	"No delta merge; preserve the cited material as history under current non-pursuit disposition."	"Recorded stage: decoder_free_result_review_missing. Specific unresolved gap: independent_result_review_receipt_unlocated. Current handling: currently not pursuing this historical item during repository organization; no accepted route or claim is inferred."	"decoder_free_result_review_missing"	"independent_result_review_receipt_unlocated"	"Preserve the cited historical record with no delta merge; any future scientific work needs separate user authorization and its own lifecycle."	"This disposition means currently not pursued during repository organization. It is not a claim of never-executed or never-authorized where receipts are missing, and it is not a permanent route closure or scientific KILL; preserve the recorded unknowns and artifacts."
"formal-ir-v60-composable-security-input-readiness"	"retired-history-no-delta"	"docs/research_cycles/V60P0/V60_COMPOSABLE_SECURITY_INPUT_READINESS_REPORT.md:L1-L2,L48-L49 records V60_DATA_NOT_READY; proposal.md:L3,L10,L24,L62 and tasks.md:L3,L92 keep PLAN_CANDIDATE/DECODE_FORBIDDEN and V61 pending."	"No delta merge; preserve the cited material as history under current non-pursuit disposition."	"Recorded stage: decoder_free_readiness_result_review_missing. Specific unresolved gap: independent_result_review_receipt_unlocated. Current handling: currently not pursuing this historical item during repository organization; no accepted route or claim is inferred."	"decoder_free_readiness_result_review_missing"	"independent_result_review_receipt_unlocated"	"Preserve the cited historical record with no delta merge; any future scientific work needs separate user authorization and its own lifecycle."	"This disposition means currently not pursued during repository organization. It is not a claim of never-executed or never-authorized where receipts are missing, and it is not a permanent route closure or scientific KILL; preserve the recorded unknowns and artifacts."
"formal-ir-v61-security-measurement-specification"	"superseded-before-execution"	"openspec/changes/formal-ir-v61-security-measurement-specification/proposal.md:L3,L10,L59,L75,L83 and tasks.md:L3,L69-L82 specify MEASUREMENT_SPEC_ONLY/PLAN_CANDIDATE/DECODE_FORBIDDEN, no run_01 and no automatic V62; docs/research_cycles/V61P0/V61_SECURITY_MEASUREMENT_SPEC_REPORT.md:L2,L34 keeps V62 pending."	"No delta merge (superseded-before-execution); retain the frozen measurement-spec draft only."	"Plan/spec deliverables and decoder-free template validation are recorded; no authorized measurement/decoder execution or result-review receipt is claimed."	"unexecuted_plan_and_measurement_spec"	"none_for_superseded_before_execution"	"Archive as superseded-before-execution with no spec merge; V62 remains separately gated by new data and authorization."	"This is a specification package and readiness report, not a measurement result or authorization."
"formal-ir-v62-nbldpc-polar-reference-benchmark"	"retired-history-no-delta"	"openspec/changes/formal-ir-v62-nbldpc-polar-reference-benchmark/tasks.md:L3,L70-L71,L81-L87,L95-L100 records PLAN_CANDIDATE/DEVELOPMENT_BENCHMARK/EXECUTE_NOT_AUTHORIZED and alignment spike done; docs/research_cycles/V62P0 contains alignment-spike JSON/CSV filenames only, no Markdown review."	"No delta merge; preserve the cited material as history under current non-pursuit disposition."	"Recorded stage: decoder_free_alignment_spike_review_missing. Specific unresolved gap: independent_spike_review_receipt_unlocated. Current handling: currently not pursuing this historical item during repository organization; no accepted route or claim is inferred."	"decoder_free_alignment_spike_review_missing"	"independent_spike_review_receipt_unlocated"	"Preserve the cited historical record with no delta merge; any future scientific work needs separate user authorization and its own lifecycle."	"This disposition means currently not pursued during repository organization. It is not a claim of never-executed or never-authorized where receipts are missing, and it is not a permanent route closure or scientific KILL; preserve the recorded unknowns and artifacts."
"formal-ir-v62r1-polar-per-frame-replay-export"	"superseded-before-execution"	"openspec/changes/formal-ir-v62r1-polar-per-frame-replay-export/proposal.md:L3,L11,L64,L67,L78,L84 and tasks.md:L3,L53,L59,L71 specify API probe/plan only, EXECUTE_NOT_AUTHORIZED, no run_01 and waiting independent plan review."	"No delta merge (superseded-before-execution); retain the plan-only Polar replay preparation as historical."	"Formal Polar replay was not authorized or run; plan says readiness probe only and no production output root."	"unexecuted_plan_execute_not_authorized"	"none_for_superseded_before_execution"	"Archive as superseded-before-execution without delta merge; any replay requires a new authorized successor."	"The decoder-free API probe is preparation evidence, not Polar replay execution or a result."
"formal-ir-v63-nbldpc-polar-shell-integration"	"completed"	"docs/research_cycles/V63P0/REVIEW_VERDICT.md:L1-L55 is an independent implementation review covering R63-01..R63-04, fake adapter, guards, and tests; DELIVERY.md:L1-L20,L94-L98 records implementation complete and EXECUTE_NOT_AUTHORIZED."	"Implementation-only R63-01..R63-04: 32*u1+u2 full-symbol exact mapping; frozen IRRunResult with ShellResult wrapper; smoke/fresh registries and zero-overlap guard; DOMAIN_CALIBRATION_REQUIRED guard. Also reviewed fail-closed loader, disclosure accounting, decoder-call accounting, and fake-runner wiring. Exclude real decoder, formal PA, 90-block execution, run_01, qualification, and promotion."	"Independent read-only implementation review PASS; report records 12 fake/unit tests PASS (historical record, not rerun here). Review explicitly says no real decoder, formal PA, or 90-block execution; EXECUTE_NOT_AUTHORIZED remains."	"implementation_independently_reviewed; production_execution_not_authorized"	"none_for_implementation_scope"	"Archive the reviewed implementation clauses only; keep all production execution and qualification requirements unmerged."	"Spec lifecycle text remains plan/spike oriented while later REVIEW_VERDICT and DELIVERY document production implementation. This disposition is limited to reviewed implementation, not a result or scientific acceptance."
"formal-ir-v64-full-symbol-verification-correction"	"retired-history-no-delta"	"docs/research_cycles/V64P0/PRE_EXECUTE_CHECKLIST.md:L8; docs/research_cycles/V64P0/V64_BLOCK_LEVEL_TAG_AUDIT.md:L1,L17-L18,L104,L132-L133; comparison_bench/outputs_comparison/formal_ir_methods/v64_full_symbol_verification/run_01 filenames (presence only)."	"No delta merge; preserve the cited material as history under current non-pursuit disposition."	"Recorded stage: needs_receipt_locator. Specific unresolved gap: pending_source_review_not_confirmed_blocker. Current handling: currently not pursuing this historical item during repository organization; no accepted route or claim is inferred."	"Block-level audit report and run_01 filenames are present; pre-execute checklist is plan-stage; no separate independent Pre-RESULT/main acceptance located."	"Artifact/checklist lifecycle conflict remains unresolved; independent review and provenance scope are not established."	"Preserve the cited historical record with no delta merge; any future scientific work needs separate user authorization and its own lifecycle."	"This disposition means currently not pursued during repository organization. It is not a claim of never-executed or never-authorized where receipts are missing, and it is not a permanent route closure or scientific KILL; preserve the recorded unknowns and artifacts."
"formal-ir-v65-new-session-channel-compatibility"	"retired-history-no-delta"	"openspec/changes/formal-ir-v65-new-session-channel-compatibility/proposal.md:L3,L10; tasks.md:L3-L4,L67-L73; archive/v65_v72p0/v65/V65_CHANNEL_COMPATIBILITY_REPORT.md:L1,L3."	"No delta merge; preserve the cited material as history under current non-pursuit disposition."	"Recorded stage: needs_receipt_locator. Specific unresolved gap: pending_source_review_not_confirmed_blocker. Current handling: currently not pursuing this historical item during repository organization; no accepted route or claim is inferred."	"Plan records PLAN_REVISE_REQUIRED / DECODER_FREE / EXECUTE_NOT_AUTHORIZED; later report records V65_DATA_NOT_READY; no independent final review/acceptance located."	"Report and plan lifecycle are not reconciled by an independent result review; no accepted full change scope is established."	"Preserve the cited historical record with no delta merge; any future scientific work needs separate user authorization and its own lifecycle."	"This disposition means currently not pursued during repository organization. It is not a claim of never-executed or never-authorized where receipts are missing, and it is not a permanent route closure or scientific KILL; preserve the recorded unknowns and artifacts."
"formal-ir-v65a-alternative-typeii-working-point-scout"	"retired-history-no-delta"	"docs/research_cycles/V65AR1/V65A_SCOUT_STAGE0_REPORT.md:L1-L4; openspec/changes/formal-ir-v65a-alternative-typeii-working-point-scout/proposal.md:L3,L10,L38,L88-L103; tasks.md:L3,L30,L32,L45-L49."	"No delta merge; preserve the cited material as history under current non-pursuit disposition."	"Recorded stage: needs_receipt_locator. Specific unresolved gap: pending_source_review_not_confirmed_blocker. Current handling: currently not pursuing this historical item during repository organization; no accepted route or claim is inferred."	"Stage0 report records V65A_NO_CANDIDATE_PASSED_VERIFICATION; named change remains PLAN_CANDIDATE / EXECUTE_NOT_AUTHORIZED; no independent Stage0 result-review receipt located."	"Historical Stage0 outcome is not an accepted route or independently reviewed change closeout; scope remains no-delta."	"Preserve the cited historical record with no delta merge; any future scientific work needs separate user authorization and its own lifecycle."	"This disposition means currently not pursued during repository organization. It is not a claim of never-executed or never-authorized where receipts are missing, and it is not a permanent route closure or scientific KILL; preserve the recorded unknowns and artifacts."
"formal-ir-v65ar2-first-match-pipeline"	"completed"	"docs/research_cycles/V65AR2/PRE_EXECUTE_VERDICT.md:L1-L68 identifies the independent reviewer and reviewed implementation SHA, independent 15-test rerun, 20-test suite, and execution authorization boundary; specs/spec.md:§§2-11 define the implementation contract."	"Implementation-only: frozen candidate/tier and processing point (§2); additive metadata Phase R (§3); first-match and UNREACHABLE state machine (§4, §9); materialization-only Stage0 and fake-tested Stage1 estimator/rate semantics (§5-6); TEST identity-only/report guards (§7-8); decoder-free, additive no-overwrite, and run_01 guards (§10-11). Exclude raw production execution, Stage2/TEST32 result claims, qualification, and promotion."	"Independent read-only code/scientific review PASS; historical record reports 15/15 independent rerun and 20/20 total tests. Verdict says no decoder invocation and no EXECUTE_AUTH; this supports implementation scope only."	"implementation_independently_reviewed; pipeline_not_executed"	"none_for_implementation_scope"	"Archive reviewed implementation clauses only; exclude production pipeline results and all decoder/qualification clauses."	"Old implementation 3a6c4fa is explicitly ENGINEERING_INVALID and excluded. The accepted implementation SHA is ffe40e66; plan and tasks still contain execution-gated future phases."
"formal-ir-v66-single-segment-adaptive-nbldpc"	"retired-history-no-delta"	"openspec/changes/formal-ir-v66-single-segment-adaptive-nbldpc/V66_ADAPTIVE_REPORT.md:L1-L8,L67,L74; review/V66_REVIEW_PACKET.md:L1,L86,L92; tasks.md:L3,L40-L41."	"No delta merge; preserve the cited material as history under current non-pursuit disposition."	"Recorded stage: needs_receipt_locator. Specific unresolved gap: pending_source_review_not_confirmed_blocker. Current handling: currently not pursuing this historical item during repository organization; no accepted route or claim is inferred."	"Decoder-free report records MATRIX_NOT_CONSTRUCTIBLE and PLAN_CANDIDATE / EXECUTE_NOT_AUTHORIZED; a review packet exists, but no independent final verdict/acceptance receipt is established."	"No completed independent review/acceptance of the bounded report located; EVAL decoder execution remains unauthorized."	"Preserve the cited historical record with no delta merge; any future scientific work needs separate user authorization and its own lifecycle."	"This disposition means currently not pursued during repository organization. It is not a claim of never-executed or never-authorized where receipts are missing, and it is not a permanent route closure or scientific KILL; preserve the recorded unknowns and artifacts."
"formal-ir-v67-multisession-feasibility-map"	"completed"	"openspec/changes/formal-ir-v67-multisession-feasibility-map/V67_FEASIBILITY_REPORT.md:L1-L85 records the decoder-free map run and guards; V67_FEASIBILITY_MAP_ACCEPTED.md:L1-L16 records the explicit accepted-map/mechanical-cleanup terminal; tasks.md:L54,L71,L86 records map completion and lifecycle boundary."	"Bounded decoder-free multisession feasibility map only: spec §§3-10, including acquisition/session registry, strict V56 input, Stage0/Stage1/Stage2 CAL/VAL map, five-way classifications, report/table, and R67-01..R67-10 guards. No decoder execution, qualification, promotion, or broader route conclusion."	"Report and tasks record a completed decoder-free map; V67_FEASIBILITY_MAP_ACCEPTED explicitly records the accepted map terminal. No separate independent-review artifact was found in the change directory or archived project memory; do not describe this as independently reviewed."	"decoder_free_map_executed_and_explicitly_accepted; separate_independent_review_unlocated"	"none_for_accepted_map_scope"	"Archive only the accepted decoder-free map requirements; retain no decoder, qualification, or promotion scope."	"The map report and acceptance note coexist with proposal/spec lifecycle wording EXECUTE_NOT_AUTHORIZED; that wording governs decoder execution, while this disposition records only the completed decoder-free map."
"formal-ir-v68-balanced-gf32-bit-partition"	"completed"	"openspec/changes/formal-ir-v68-balanced-gf32-bit-partition/V68_RESULT_ACCEPTED.md:L1-L9 records V68_OVERALL_STILL_HEAVY and freeze/no-rerun; archive/v65_v72p0/v68/V68_BALANCED_REPORT.md:L1-L60 records bounded decoder-free report and result artifacts; specs/spec.md:L150-L163 lists R68-01..R68-10."	"Bounded decoder-free balanced partition map and accepted V68_OVERALL_STILL_HEAVY outcome only: R68-01..R68-10 and spec §§3,5-8. Exclude matrix construction, decoder execution, qualification, promotion, and any successor GF32 route."	"V68_RESULT_ACCEPTED explicitly records the bounded terminal result; report and task checklist record decoder-free enumeration and tests. No separate independent-review artifact was found in the change directory or archived project memory; do not label it independently reviewed."	"bounded_decoder_free_result_explicitly_accepted; separate_independent_review_unlocated"	"none_for_accepted_bounded_result"	"Archive the bounded accepted V68 map only; keep future decoder/qualification and route claims out of the merged delta."	"Proposal/tasks retain PLAN_CANDIDATE/EXECUTE_NOT_AUTHORIZED and two administrative tasks open; V68_RESULT_ACCEPTED is the later terminal. The result is bounded and does not qualify or promote a GF32 decoder route."
"formal-ir-v69-three-layer-representation-feasibility"	"retired-history-no-delta"	"archive/v65_v72p0/v69/V69_THREE_LAYER_REPORT.md:L1-L3,L54,L59-L61,L68-L79."	"No delta merge; preserve the cited material as history under current non-pursuit disposition."	"Recorded stage: needs_receipt_locator. Specific unresolved gap: pending_source_review_not_confirmed_blocker. Current handling: currently not pursuing this historical item during repository organization; no accepted route or claim is inferred."	"Decoder-free feasibility report records V69_PARTIAL_FEASIBLE / V69_STILL_HEAVY and V70_NOT_STARTED; no independent result-review receipt located."	"Historical partial feasibility report has no located independent review/acceptance; no route-level acceptance is established."	"Preserve the cited historical record with no delta merge; any future scientific work needs separate user authorization and its own lifecycle."	"This disposition means currently not pursued during repository organization. It is not a claim of never-executed or never-authorized where receipts are missing, and it is not a permanent route closure or scientific KILL; preserve the recorded unknowns and artifacts."
"formal-ir-v70-binary-soft-joint-feasibility"	"retired-history-no-delta"	"archive/v65_v72p0/v70/V70_BINARY_SOFT_JOINT_REPORT.md:L3,L26,L36-L46."	"No delta merge; preserve the cited material as history under current non-pursuit disposition."	"Recorded stage: needs_receipt_locator. Specific unresolved gap: pending_source_review_not_confirmed_blocker. Current handling: currently not pursuing this historical item during repository organization; no accepted route or claim is inferred."	"Decoder-free report records V70_OVERALL_PARTIAL_SESSIONS_FEASIBLE, V70_SOFT_JOINT_NO_INFORMATION_MARGIN, and V70_EVIDENCE_INCOMPLETE; no independent review receipt located."	"Partial/incomplete report is not an accepted route result; independent result-review/acceptance is not established."	"Preserve the cited historical record with no delta merge; any future scientific work needs separate user authorization and its own lifecycle."	"This disposition means currently not pursued during repository organization. It is not a claim of never-executed or never-authorized where receipts are missing, and it is not a permanent route closure or scientific KILL; preserve the recorded unknowns and artifacts."
"formal-ir-v70r1-parametric-channel-model-check"	"retired-history-no-delta"	"openspec/changes/formal-ir-v70r1-parametric-channel-model-check/proposal.md:L9; tasks.md:L3; archive/v65_v72p0/v70r1/V70R1_PARAMETRIC_CHANNEL_REPORT.md:L1-L3,L65-L67"	"No delta merge; preserve the cited material as history under current non-pursuit disposition."	"Source records a decoder-free execution candidate with PRE_RESULT_ORDERING_DEVIATION; independent technical/result review is not established. Current handling: currently not pursued during repository organization under the user-approved no-delta disposition; no accepted route or claim is inferred."	"DEVELOPMENT_RESULT_CANDIDATE / DECODER_FREE_EXECUTION_COMPLETE; PRE_RESULT_ORDERING_DEVIATION"	"Independent technical/result review is not established; user-approved retired-history-no-delta disposition records current non-pursuit only."	"Preserve the cited historical record with no delta merge; any future scientific work needs separate user authorization and its own lifecycle."	"This disposition means currently not pursued during repository organization. It is not a claim of never-executed or never-authorized where receipts are missing, and it is not a permanent route closure or scientific KILL; preserve the recorded unknowns and artifacts."
"formal-ir-v71-soft-joint-factor-kernel"	"retired-history-no-delta"	"archive/v65_v72p0/v71/V71_AUDIT_REPORT.md:L2,L11,L17; V71_KERNEL_REPORT.md:L2,L30-L39."	"No delta merge; preserve the cited material as history under current non-pursuit disposition."	"Recorded stage: needs_receipt_locator. Specific unresolved gap: pending_source_review_not_confirmed_blocker. Current handling: currently not pursuing this historical item during repository organization; no accepted route or claim is inferred."	"Reports record PLAN_CANDIDATE / DECODER_FREE / EXECUTE_NOT_AUTHORIZED and NOT_STARTED; no decoder execution or independent result acceptance is established."	"Historical candidate/design record has no completed independent review/acceptance for a merged delta."	"Preserve the cited historical record with no delta merge; any future scientific work needs separate user authorization and its own lifecycle."	"This disposition means currently not pursued during repository organization. It is not a claim of never-executed or never-authorized where receipts are missing, and it is not a permanent route closure or scientific KILL; preserve the recorded unknowns and artifacts."
"formal-ir-v72p0-soft-joint-binary-synthetic"	"retired-history-no-delta"	"archive/v65_v72p0/v72p0/V72P0_BACKEND_AUDIT_REPORT.md:L3; V72P0_SYN_REPORT.md:L3,L11,L13; openspec/changes/formal-ir-v72p0-soft-joint-binary-synthetic/tasks.md:L3."	"No delta merge; preserve the cited material as history under current non-pursuit disposition."	"Recorded stage: needs_receipt_locator. Specific unresolved gap: pending_source_review_not_confirmed_blocker. Current handling: currently not pursuing this historical item during repository organization; no accepted route or claim is inferred."	"Backend audit and synthetic report record NOT_STARTED / V72P0_ADAPTER_PLAN_READY; task checklist completion does not establish an executed result or acceptance."	"No synthetic execution/result-review/main-acceptance receipt located; plan/report remain historical."	"Preserve the cited historical record with no delta merge; any future scientific work needs separate user authorization and its own lifecycle."	"This disposition means currently not pursued during repository organization. It is not a claim of never-executed or never-authorized where receipts are missing, and it is not a permanent route closure or scientific KILL; preserve the recorded unknowns and artifacts."
"formal-ir-v72p1-soft-joint-binary-adapter"	"retired-history-no-delta"	"docs/research_cycles/V72P1-ADP/ADDENDUM_REVIEW_VERDICT.md:L1,L5,L10,L18,L23-L26; SYNTHETIC_ACCEPTANCE_RECORD_20260903_h90q.md:L1,L6,L17-L18,L69-L73; openspec/changes/formal-ir-v72p1-soft-joint-binary-adapter/specs/spec.md:L135-L157; tasks.md:L3."	"No delta merge; preserve the cited material as history under current non-pursuit disposition."	"Historical synthetic-only acceptance is documented; this inventory does not extend it to the full adapter spec or production/real-data claims. Current handling is history-only with no delta merge while the full spec remains incomplete."	"Historical synthetic-qualification acceptance and addendum PASS are recorded for synthetic-only scope; the OpenSpec spec labels semantic tests future-implementation and §§11-12 incomplete, and its task record remains open."	"The synthetic-only acceptance does not establish completion of the full adapter spec or production/real-data scope; no full-delta merge scope is established."	"Preserve the cited historical record with no delta merge; any future scientific work needs separate user authorization and its own lifecycle."	"This disposition means currently not pursued during repository organization. It is not a claim of never-executed or never-authorized where receipts are missing, and it is not a permanent route closure or scientific KILL; preserve the recorded unknowns and artifacts."
"formal-ir-v72p2-val-descriptive-smoke"	"completed"	"docs/research_cycles/V72P2-VAL/REVIEW_VERDICT.md:L24-L50 records amended-plan acceptance, Pre-EXECUTE PASS, independent Pre-RESULT PASS, and main acceptance of the bounded negative descriptive result; REVIEW_ENTRYPOINT.md:L11-L13 and RESULT_SUMMARY.md:L1,L29 say accepted/authority consumed; tasks.md has all 14 items checked."	"full bounded smoke delta only, by exact requirements: fixed non-fresh smoke (Scenario: missing seventh frame); actual incremental budget (Scenario: remaining two iterations); current readout (Scenario: nonzero incoming c2v); protocol versus oracle; monotonic public accounting; bounded additive execution; explicit historical timing regression. No algorithm qualification, information-limit, FER/SKR, independent-holdout, or promotion claim."	"One authorized invocation and all assigned blocks are recorded; main Pre-EXECUTE and independent Pre-RESULT PASS are in REVIEW_VERDICT.md; main verdict accepts validity/accounting of this negative descriptive result only."	"verified_execution_independent_review_and_main_result_acceptance_bounded"	"none_for_bounded_smoke"	"Archive completed limited-scope and merge the seven named descriptive-smoke requirements only; retain the explicit no-qualification claim boundary."	"The proposal's PLAN_REVISED_FOR_MAIN_ACCEPTANCE header is pre-run/stale; later REVIEW_VERDICT, REVIEW_ENTRYPOINT, and RESULT_SUMMARY record the completed accepted negative result."
"formal-ir-v72p2d1-parity-layout-diagnostic"	"completed"	"docs/research_cycles/V72P2D1-PARITY/cycle_state.yaml:L1-L24 records CLOSED_ACCEPTED, Pre-EXECUTE PASS, Pre-RESULT PASS, RESULT_ACCEPTED, one invocation, descriptive-only scope, and corrigendum pointer; archived AGENT_PROJECT_MEMORY-to-20261004.md:L258-L268 records the accepted close; RESULT_SUMMARY.md:L1-L5,L56-L68 and CORRIGENDUM.md:L1-L18 bound/correct the result."	"limited: merge Requirements shared CAL-only prior; frozen decoder and ladder; budget and A-gate-B; scalar-only D1-D8; additive four-file output; S8 baseline and S9 regression boundary. Do not merge Requirement fixed A/B parity layout as written: it embeds the superseded column-permutation graph-isomorphic statement (spec.md:L14-L16), corrected by CORRIGENDUM.md:L13-L20. Result scope stays one non-fresh block, descriptive only."	"cycle_state explicitly records CLOSED_ACCEPTED, Pre-EXECUTE PASS, Pre-RESULT PASS, RESULT_ACCEPTED; archived memory records main accepted descriptive close. Later corrigendum corrects the graph-isomorphism overclaim without rewriting historical results."	"accepted_oneblock_descriptive_close_with_later_scope_correction"	"exclude_fixed_A_B_parity_layout_requirement_until_corrected"	"Archive completed limited-scope; merge the six exact requirements listed, and leave fixed A/B parity layout out of merge until its graph-isomorphism sentence is corrected in a successor delta."	"The accepted result is only a single non-fresh A/B diagnostic. The fixed-layout requirement contains an explicit overclaim superseded by the corrigendum; archive placement must not carry that sentence into current specs."
"formal-ir-v72p2d2-orthogonal-oneblock-triage"	"completed"	"docs/research_cycles/V72P2D2-TRIAGE/RESULT_SUMMARY.md:L1-L62 records BLOCKED PREP_FAILED and Pre-RESULT PASS; RESULT_SUMMARY_R1.md:L1-L91 records BLOCKED RESOURCE_BLOCKED and Pre-RESULT PASS; IMPLEMENTATION_REVIEW.md:L1-L74 records independent implementation review PASS."	"Limited D2/R1 terminal cases only: S-STOP PREP_FAILED and RESOURCE_BLOCKED states plus S-CLAIM descriptive-only/non-fresh/no-promotion boundary. Do not merge successful-arm behavior or any schedule/interleaver/prior route conclusion."	"Two bounded invocations are recorded with Pre-RESULT PASS; independent implementation review is also present. Parent ruling says no separate main terminal is required for archiving reviewed blocked results. Both records explicitly limit claims and do not promote a route."	"two_blocked_terminal_records_with_pre_result_pass; no_route_acceptance"	"none_for_limited_blocked_records"	"Archive only the two blocked terminal scenarios and descriptive-only boundary."	"Results are one non-fresh diagnostic block and do not establish an algorithm or route outcome; preserve PREP_FAILED and RESOURCE_BLOCKED as distinct states."
"formal-ir-v72p2d3-gf32-contrast"	"completed"	"docs/research_cycles/V72P2D3-GF32/R2_IMPLEMENTATION_REVIEW.md:L1-L49 records independent R2 prep-only implementation acceptance; OPERATOR_RETURN.md:L1-L10, OPERATOR_RETURN_R2.md:L1-L8, and OPERATOR_RETURN_R4.md:L1-L7 record blocked fail-closed attempts; R5_MATH_INTERFACE_AND_RATE_AUDIT.md:L1-L16,L142-L177 records plan-revision-required/blocked audit boundary."	"Implementation-only prepare-only adapter scope: S-R2 real-input prepare contract and its fail-closed/zero-output stop boundary. Exclude S-GF32 decoder/kernel, production execution, FER/SKR, qualification, and any scientific route conclusion."	"Independent implementation review accepts R2 prepare-only adapter and tests; no decoder or real execution is recorded. Operator returns preserve blocked attempts; R1/R4 include Pre-RESULT status statements, but no separate reviewer identity/document was located for those attempts, so they are retained as history, not accepted scientific results."	"prep_only_implementation_independently_reviewed; blocked_attempts_retained; no_decoder_result"	"none_for_prep_only_scope"	"Archive the reviewed prepare-only implementation scope under the user-stopped GF32 line; preserve all blocked attempts without scientific interpretation."	"R5 remains PLAN_REVISE_REQUIRED/EXECUTE_NOT_AUTHORIZED and blocks any successor execution; no GF32 result or route closure is inferred from the fail-closed attempts."
"formal-ir-v72p2d4-cal-gf32-model-rate-audit"	"completed"	"docs/research_cycles/V72P2D4-CAL-RATE/IMPLEMENTATION_REVIEW.md:L1-L35 and IMPLEMENTATION_REVIEW_R2.md:L1-L36 record R1/R2 independent implementation acceptance; RESULT_SUMMARY.md:L1-L35 and RESULT_SUMMARY_R2.md:L1-L35 record descriptive CAL-only outputs and no decoder/promotion; ATTEMPT_0_INVALID.md:L1-L38 excludes the invalid attempt."	"Implementation-only audited CAL-only model/rate code and guards: S-COMMON, S-COUNTS, S-MODEL, S-METRIC, S-REPRO, S-SELECT, S-BUDGET, S-ROUTE, and S-STOP as covered by R1/R2 implementation reviews. Do not merge or promote the R1/R2 result interpretation; exclude decoder, qualification, and route claims."	"R1/R2 implementation reviews independently accept the implementation; the corresponding result summaries are descriptive and explicitly state decoder_executed=false and scientific_promotion=false. No separate Pre-RESULT/result-review receipt was found, so result interpretation is not included in the completed scope."	"implementation_independently_reviewed; descriptive_results_unreviewed_for_result_acceptance"	"none_for_implementation_scope"	"Archive the reviewed implementation clauses only; preserve descriptive result summaries as historical records without merging result claims."	"An invalid Attempt-0 remains non-evidence. R1/R2 results were run and summarized, but the located review records accept implementation only; the result claims remain outside this scope."
"formal-ir-v72p2d5-gf32-rate-mother-plan"	"retain-current"	"openspec/changes/formal-ir-v72p2d5-gf32-rate-mother-plan/proposal.md:L6 marks R2 PLAN_REVISE_REQUIRED; tasks.md:L18-L82 has remaining P0/G1/G2 gates; PLAN_FREEZE.md and later D7 references maintain this as a live dependency."	"no merge now; keep the current R2 plan/spec and its accepted structural/G0 records in place. P0/G1/G2 production clauses remain unexecuted/unaccepted and are not mergeable."	"R1 plan acceptance is superseded by R2 corrigendum; structural/G0 subrecords are accepted separately, but the full current plan has open production gates and no completed terminal."	"current_route_plan_with_open_gates"	"active_dependency_not_closed"	"Retain in place as current route; do not archive or merge until the remaining R2/P0/G1/G2 lifecycle receives its own terminal decision."	"This row is an active plan/dependency, not an archived result. The accepted structure/G0 evidence does not close the later P0/G1/G2 clauses."
"formal-ir-v72p2d5-model-f-input-preparation"	"completed"	"docs/research_cycles/V72P2D5-GF32-RATE-MOTHER/MODEL_F_INPUT_RESULT_ACCEPTANCE_R1.md:L1-L6,L22-L34,L52-L90 records user-authorized MODEL_F_INPUT_RESULT_ACCEPTED, Pre-EXECUTE R2 PASS, Pre-RESULT R2 PASS, C01-C11 PASS, and no promotion/authorization; MODEL_F_INPUT_PRE_RESULT_REVIEW_R2.md:L79-L168 supplies the independent review; specs/spec.md:L5-L62 defines exact clauses."	"limited implementation/readiness scope: S-MODEL-F-INPUT (S-MF-01..04); S-MODEL-F-BUILD (S-MB-01..03); S-MODEL-F-WRITE (S-MW-01..02); S-MODEL-F-LOAD (S-ML-01..02); S-MODEL-F-RUN (S-MR-01 and only the CAL-only/no-VAL/no-decoder prepare/verify behavior of S-MR-02); S-PATH-01..05; S-MODEL-F-CONSUME S-MC-01..02 and S-TEST-ISOLATION TS01..TS10 only as reviewed implementation-readiness contracts, not production execution. Exclude P0/G1/G2 decoder/performance results and authorization. Do not merge S-SP-01 or the no-real-prepare prohibition in S-MR-02 as written: an authorized CAL prepare+verify was later executed and accepted; amend that lifecycle text before merge."	"One authorized prepare and one read-only verify completed; independent Pre-RESULT R2 PASS with C01-C11; user-authorized main result acceptance is explicit. Acceptance covers Model-F CAL input only; all production authorization/promotion flags remain false."	"accepted_model_f_input_and_reviewed_readiness; production_gates_unrun"	"delta_lifecycle_text_needs_amendment_before_merge"	"Archive completed limited-scope after recording the contradiction; merge only the named input/readiness clauses after revising the no-execution wording, and leave all P0/G1/G2 scientific/production clauses unmerged."	"Proposal, tasks, S-SP-01 and S-MR-02 say no real prepare in this change, but the later authorized prepare/verify and result acceptance are explicit. The accepted artifact is a CAL-only Model-F input, not a decoder, P0, G1, G2, FER, leakage, or key result."
"formal-nonbinary-ldpc-v11-sc-de-gate"	"completed"	"docs/archive/decision-log-to-20261004.md:L2538-L2546 records final failed_coupling and 60/60 runs; docs/archive/AGENT_PROJECT_MEMORY-to-20261004.md:L1392-L1398 records reviewer-go independent final acceptance, 16/16 checks."	"yes, bounded gate/terminal semantics implemented and reviewed"	"60/60 runs; independent final acceptance; main termination recorded."	"verified_execution_independent_review_main_terminal"	"none_identified"	"archive completed as bounded failed_coupling"	"Negative result only for frozen spatial-coupling configuration."
"formal-nonbinary-ldpc-v13-existing-data-diagnostics"	"completed"	"tasks.md:L3-L12 records COMPLETE, P01-P08/D01-D05/E01-E02/A01-A02, independent D05/C01 acceptance and maximum state ready_for_fresh_confirmation; old decision-log:L2652-L2679 and L2713-L2730 record authorized D04/D05 execution, strict verification, and the no-promotion boundary."	"yes, merge all named ADDED requirements in spec.md: Retrospective evidence is not fresh evidence; Historical facts remain immutable controls; Role ledger and primary stratum are frozen before decode; Alice information is offline-only; Diagnostics must separate channel, interface, and root cause; Diagnostic and candidate test tiers are distinct; Telemetry hook is behavior-equivalent; Candidate routes are one-factor and post-diagnosis only; Development and retrospective gates are diagnostic gates; Outputs and lifecycle are additive and explicit; Declared state set and fresh-acquisition boundary."	"C01 independent acceptance ACCEPT, zero blockers; bounded readiness only, fresh confirmation separate."	"verified_complete_bounded_diagnostic_acceptance"	"none_identified"	"archive completed; merge the listed accepted requirements only"	"R1/R2/R4 alternatives are explicitly locked/not applicable after D05=code, not missing work."
"formal-nonbinary-ldpc-v13-r3-fresh-acquisition"	"completed"	"tasks.md:L3-L7 records freeze review ACCEPT and preparation eligibility; L68-L82 records production prepare package with terminal no_eligible_frames and main review ACCEPT; L84-L109 records EX/verify not run and C01 frozen-failure decision; spec.md header explicitly says frozen failure is not merged."	"no; explicit spec.md header says merge only for fresh-confirmed and “frozen failure” MUST NOT merge"	"Limited implemented/executed/reviewed scope only. Prepare-only no_eligible_frames package independently accepted as a valid frozen stop; no fresh decoder execute or verify occurred."	"verified_partial_prepare_only_reviewed_stop"	"none_for_partial_archive"	"archive partial with no delta merge; preserve no_eligible_frames and unexecuted EX/verify stages"	"Do not present the accepted prepare stop as fresh confirmation, decoder execution, or qualification."
"formal-nonbinary-ldpc-v13-r3-legacy-drift-audit"	"completed"	"proposal.md:L3 says COMPLETE; tasks.md:L3,L30-L35 records the 64-frame plus full-data execution, read-only verify, log/memory closeout and local commit. Old decision-log:L3060 and L3071 identify the 192-frame and full 8412-frame audit records."	"yes, merge LDA-1 through LDA-6 in spec.md: legacy-drift-only claim; unchanged R3 codebook/prior/decoder; pre-registered first-64-per-source once; Alice truth restriction; additive output; read-only verification."	"Production legacy audit completed and read-only verifier passed; no fresh-confirmed, promotion, or qualification state."	"verified_complete_legacy_audit"	"none_identified"	"archive completed; merge LDA-1..LDA-6 only"	"The audited legacy data do not satisfy or imply the separate fresh-acquisition route."
"formal-nonbinary-ldpc-v14-efficiency-gate"	"completed"	"tasks.md:L3-L8 says COMPLETE/gate_state=fail with independent implementation verifier, one production execute, independent gate review ACCEPT and strict replay; old decision-log:L2871-L2904 records freeze/implementation and L2908-L2925 records the reviewed terminal."	"yes, merge all four spec requirements: Structured channel model is frozen and cross-fitted; Gate decides before construction; Mechanism regression gate Stage 0; Claim boundary."	"Single frozen gate run, independent E02 review ACCEPT, strict replay; failure terminal accepted and route bounded."	"verified_complete_reviewed_fail_terminal"	"none_identified"	"archive completed; merge the four listed requirements and retain the fail boundary"	"Gate failure is a completed result; it does not establish information-theoretic impossibility."
"formal-nonbinary-ldpc-v17-multibit-structured-de-gate"	"completed"	"tasks.md:L3-L8 records CLOSED terminal mechanism_unverified, one production gate run, strict replay, independent E02 review ACCEPT and C01 closeout; old decision-log:L2989-L3010 records the gate terminal and diagnostic boundary."	"no; spec.md header explicitly says gate_state=fail SHALL NOT merge; preserve the six frozen V17 requirements as archived evidence only."	"Failed gate result and strict replay were independently reviewed and accepted as a bounded diagnostic; no finite code or qualification."	"verified_complete_reviewed_fail_terminal_spec_forbids_merge"	"none_identified"	"archive completed with gate failure; no delta merge under the spec header"	"Do not generalize the unverified mechanism terminal to all structured/nonbinary LDPC."
"formal-nonbinary-ldpc-v18-b1-smallq-de-reproduction"	"completed"	"proposal.md:L3-L8 limits this change to a gate harness and excludes finite code/q=1024; tasks.md:L3-L10 records M0 COMPLETE, implementation/CLI/tests and q4/q8 smoke."	"no; no specs/ directory or delta exists; zero delta because this packet delivered only the M0 gate-harness engineering scope."	"M0 engineering smoke recorded; no production DE reproduction, finite code, or q=1024 run is claimed."	"verified_m0_engineering_smoke_only"	"none_identified"	"archive completed M0 engineering scope with zero delta merge"	"Do not describe smoke as a small-q production DE reproduction."
"formal-nonbinary-ldpc-v19-channel-aware-de-gate"	"completed"	"tasks.md:L3-L20 records only I00/I01 (channel scoping CLI + binary-MLC prototype) complete; gate freeze P0/P1, v19 gate implementation, tests, execution, and closeout are unchecked. docs/v19-binary-mlc-prototype-result-20260816.md records the prototype; docs/archive/v19_v72/nbldpc-v19-v23-review-summary-20260816.md:L1-L8 narrows later V19→V23 interpretation; old memory:L1286-L1296 records prototype and that DE gate remained user-gated."	"no; this named change has no specs/ delta; zero merge because only I00/I01 prototype scope is evidenced."	"Limited implemented/executed/reviewed scope only. I00/I01 technical/prototype record can be retired at that limited scope; the later summary supplies interpretation limits, not an independent result-acceptance receipt for this named DE gate. T0/DE gate were not executed; no scope-specific scientific acceptance."	"verified_partial_implementation_and_prototype_no_de_gate"	"none_for_partial_archive"	"archive partial with zero delta; state explicitly that this is not completion/acceptance of the V19 DE gate"	"Do not count the 500 plane-frame prototype as the named channel-aware DE gate execution."
"formal-nonbinary-ldpc-v25-empirical-timestamp-channel-and-multilevel-factorization-gate"	"completed"	"tasks.md:L3 records P102 ACCEPT and M0-M4 implementation authorized; L55-L76 records M0-M4, independent verifier, decision-log closeout and no-push boundary; old decision-log:L3260-L3278 records complete result and verifier."	"yes, merge full spec feature “empirical timestamp channel + multilevel factorization gate” and its Requirements section; V25 closeout only authorizes proposing V26."	"M0-M4 completed; independent read-only verifier ok=true; main decision records pass_ready_for_de_change."	"verified_complete_reviewed_gate"	"none_identified"	"archive completed; merge the named V25 feature requirements"	"No finite-code/FER/qualification/promotion claim is part of the accepted V25 scope."
"formal-nonbinary-ldpc-v27-finite-leakage-margin-de-gate"	"completed"	"Old decision-log:L3328-L3355 records one V27 execution, terminal pass_finite_budget_ready, candidate-delivery review, verifier and evidence root; old memory:L675-L684 independently records the execution/review/verifier. Proposal/tasks freeze headers and checkbox matrix are earlier/stale (proposal L3-L6; tasks L3-L5, later execution rows unchecked)."	"yes, merge complete V27R delta requirements R1 Architecture & channel, R2 Finite leakage budget, R3 Fixed ensemble, R4 Screen & confirmation, R5 Terminal states, R6 Resource gate & V26 relation, R7 Prohibitions, limited to the recorded gate implementation/execution/review."	"V27R review ACCEPT/P102 recorded; execution completed once; candidate-delivery review ACCEPT after correction; read-only verifier ok=true."	"verified_successor_and_main_log_acceptance_despite_stale_checkboxes"	"none_identified"	"archive completed and merge R1-R7 within the finite-DE gate claim boundary"	"Do not treat earlier “not executed” freeze entry or unchecked boxes as superseding the later execution/acceptance record."
"formal-nonbinary-ldpc-v3-covered-layered"	"completed"	"tasks.md:L25-L31 records accepted implementation/review before data; L39-L49 records one plan/execute/strict replay, confirmation result and verified non-promotion. Old decision-log:L1680-L1700 records immutable non-promotion status and boundary."	"yes, merge all four spec requirements: Covered deterministic prefixes; Bounded layered decoder; Fresh isolated qualification; Promotion and boundary."	"Independent reviewer NO_FINDINGS; strict verifier true/completed; main decision retained evidence with promoted=false."	"verified_complete_reviewed_nonpromotion"	"none_identified"	"archive completed; merge four bounded v3 requirements"	"The synthetic confirmation missed its frozen floor; archive does not imply promotion."
"formal-nonbinary-ldpc-v32-finite-de-bridge-diagnostic"	"completed"	"Old decision-log:L3541-L3549 records durable closeout ACCEPTED: V32 raw run retained as valid evidence but persisted attribution rejected; main review verdict EVIDENCE_VALID_BUT_ATTRIBUTION_INCONCLUSIVE is cited. tasks.md:L97-L112 leaves P4/P5 checkboxes open; spec SHALL-E2 requires B2/B3/B4 not be skipped due to bad B1, while the recorded run has B1-B4 0/60 and the accepted closeout does not accept the terminal attribution."	"no; zero merge because this accepted closeout is limited to technical evidence/record retention and expressly rejects the run attribution; the SHALL-E2 execution contract was not met/accepted."	"Main accepted the validity/retention of the raw run and the inconclusive review record, not the persisted scientific attribution."	"reviewed_partial_run_with_attribution_rejected"	"none_for_bounded_record_archive"	"archive completed only as partial technical/record scope; add archive note preserving rejected attribution; no delta merge"	"Do not merge the failed arm-sequencing/attribution clause or treat finite_graph_decoder_mismatch as accepted."
"formal-nonbinary-ldpc-v32-operating-point-consistency-audit"	"retired-history-no-delta"	"docs/archive/decision-log-to-20261004.md:L3543-L3552 closes V32 arc; original audit is explicitly post_hoc_exploratory_only / not_formal_pre_registered_gate; numerical outputs retained and attribution superseded pending correction."	"no"	"Executed and main-thread closeout documented; original attribution not accepted."	"verified_execution_attribution_superseded"	"resolved_by_user_approved_archival_disposition"	"目前不推进 / Currently not advanced: available records do not establish the reviewed scope required by completed or an explicit never-granted/never-executed disposition. Change-specific known stage and gap: Executed and main-thread closeout documented; original attribution not accepted.; Accepted correction is a separate change; keep the two changes distinct.. Current priority is S1-S8 organization. This is not permanent rejection or scientific KILL; reconsideration needs a successor and applicable user authorization."	"Accepted correction is a separate change; keep the two changes distinct."
"formal-nonbinary-ldpc-v34-corrected-matched-empirical-p-finite-control"	"completed"	"`docs/archive/decision-log-to-20261004.md:L613-L635` explicitly accepts the one authorized run as `matched_empirical_finite_control_fail` and prohibits rerun/tuning; proposal records `RUN_COMPLETE / BOUNDED_FAIL / ER1_ACCEPTED`; `tasks.md:L65` P7 checkbox is stale against that later decision"	"yes, after spec-delta merge check"	"First pass cites implementation/execution/review/acceptance source."	"first_pass_accepted_scope_cited"	"none_identified"	"archive within cited accepted scope"	"The accepted object is only this bounded finite-control failure. Do not generalize to a method-family or route-wide conclusion."
"formal-nonbinary-ldpc-v4-incremental-redundancy"	"completed"	"tasks.md:L54-L69 records focused/fake tests, independent final review NO_FINDINGS and scoped acceptance; L71-L91 records one execute/strict replay and terminal promoted=false; old decision-log:L1703-L1724 retains the verified non-promotion result."	"yes, merge all six spec requirements: Immutable codebook reuse; Fixed two-stage decoder; Auditable interaction and leakage; Fresh isolated qualification; Promotion and stop boundary."	"Independent final review NO_FINDINGS; read-only verifier true/completed; main record retains gate failure and no-promotion boundary."	"verified_complete_reviewed_nonpromotion"	"none_identified"	"archive completed; merge all six bounded v4 requirements"	"V4-A2 readiness-below branch was not applicable; confirmation result below the frozen floor remains non-promotion."
"formal-nonbinary-ldpc-v5-multistage-ir"	"completed"	"docs/archive/AGENT_PROJECT_MEMORY-to-20261004.md:L2531-L2538 records four preregistered routes each planned/run/replay-verified once; all promoted=false; terminated per task 7.4 as four immutable non-promoted packages."	"yes, only implemented/executed/reviewed multistage contract"	"Four routes executed and strictly replay-verified; terminal recorded."	"verified_execution_review_terminal"	"none_identified"	"archive completed with exact four-route non-promotion statement"	"Negative result is limited to frozen routes/configuration."
"formal-nonbinary-ldpc-v6-long-block"	"completed"	"tasks.md:L5-L20 records accepted T0-T3 engineering; L106-L122 records independent review ACCEPT, canary plan READY, one canary execution/strict replay and 0/4 success in each stratum; L123-L136 records the pre-registered stop and memory triage."	"yes, merge all seven named requirements in spec.md: Additive Development Identity; Frozen Field and Frame Domain; Deterministic Fixed-Rate Codebooks; Bounded Layered FFT-QSPA; Verification and Accounting; Engineering Acceptance; Scientific Stop Boundary."	"Independent engineering review and canary-plan review ACCEPT/READY; exact-once canary replayed; pre-registered STOP fired and successor requires a new change."	"verified_complete_reviewed_failed_canary"	"none_identified"	"archive completed; merge the seven v6 requirements within the canary scope"	"No large-scale development, n=4096, qualification, or real-data result is implied."
"formal-nonbinary-ldpc-v7-successor-ladder"	"completed"	"tasks.md:L122-L155 records exact-once R3 canary/replay, all four routes failed_canary, ladder_exhausted, and V7-41 independent acceptance PASS 7/7; old decision-log:L2079-L2100 records the closeout and claim boundary."	"yes, merge all named requirements in spec.md: Ordered Development Routes; Immutable Two-Stage Development; Readiness Gate; R1 Construction; R2 Scientific Identity; R3 Multilevel Accounting; Confirmation Boundary."	"Independent review 7/7 PASS with zero blocking findings; main closeout accepts ladder_exhausted with no route ready."	"verified_complete_reviewed_ladder_closeout"	"none_identified"	"archive completed; merge the seven v7 ladder requirements only"	"No fourth route, qualification, promotion, or real-data inference."
"formal-nonbinary-ldpc-v8-reference-reproduction"	"completed"	"docs/archive/decision-log-to-20261004.md:L2124-L2134 explicitly accepts implementation and independent reviewer-go review; V8-A01..A11 pass and A12 is satisfied by review."	"yes, reference/engineering scope only"	"Independent review and main acceptance recorded."	"verified_independent_acceptance"	"none_identified"	"archive completed within reference-only scope"	"No FER/readiness/qualification/promotion/comparison claim."
"g6-minimum-decide-design"	"completed"	"openspec/changes/g6-minimum-decide-design/tasks.md:L3-L10 marks the documentation freeze complete; future population/accounting/cutoff tasks remain explicitly open, and the packet states no execution/data access."	"No behavioral delta to merge; preserve the draft and unknowns as historical readiness input."	"Completed documentation design-freeze only; future DECIDE packet remains unfinished and unauthorized."	"verified_docs_freeze_future_tasks_unstarted"	"none_under_evidenced_scope"	"Archive completed with the five open future items recorded."	"The completed deliverable is the design freeze, not the later DECIDE run packet."
"group-meeting-ir-large-comparison"	"completed"	"docs/archive/historical_2026/openspec-phase0-reconciliation-20260725.md:L24 and docs/archive/handoffs/AGENT_HANDOFF.md:L1190-L1192 record delivery and remaining criteria."	"yes, only delivered 9 CSVs, manifest, and report scope"	"AC3-8 are evidenced; sample size, configs, test, and 39-test result remain unmet."	"verified_partial_deliverable_accepted"	"none_for_scoped_archive"	"Archive delivered report package and enumerate unmet criteria."	"Complete only within the recorded partial scope."
"implement-formal-nonbinary-ldpc"	"completed"	"docs/archive/decision-log-to-20261004.md:L1461-L1477 and docs/archive/handoffs/AGENT_HANDOFF.md:L1053-L1075 record N3 execution/review, official strict-verifier failure/unverifiable status, and that test-only replay is not official verification."	"no delta merge; archive implemented/executed/reviewed engineering and truthful failed-verification record only"	"N3 execution and Phase 11 review are recorded. Official strict verification did not pass; test-only replay is not official verification."	"verified_execution_and_review_with_official_verify_failure"	"none_for_bounded_archive"	"Archive zero delta; preserve seven original outputs; state strict verification incomplete/failed, no N4, no real-data grant, qualification, or promotion."	"Do not merge qualification/result clauses or represent test-only replay as official verification."
"improve-formal-ldpc-v2"	"not-actionable-empty-directory"	"openspec/changes/improve-formal-ldpc-v2 has no tracked files; git ls-files returns no entries. The canonical historical change already exists at openspec/changes/archive/2026-07-26-improve-formal-ldpc-v2/."	"no files/delta"	"No active change content to move."	"verified_empty_untracked_duplicate_canonical_already_archived"	"none_no_tracked_content"	"No S6 move; leave the already archived canonical record untouched."	"This is a zero-file directory, not an active change requiring a fourth archive disposition."
"improve-formal-nonbinary-ldpc-v2"	"completed"	"openspec/changes/improve-formal-nonbinary-ldpc-v2/tasks.md records the frozen v2 synthetic run, full deterministic replay and the explicit N4-not-applicable STOP; docs/archive/decision-log-to-20261004.md:L1481-L1496 says the package is strictly verified non_promoted_development with no N4/real-data execution."	"Merge only reviewed implementation/strict-verification/negative-development scope; exclude N4 or real-data clauses."	"Archive the executed, strictly verified synthetic development failure/non-readiness; no confirmation or real-data work."	"verified_execution_strict_replay_nonpromotion"	"none_under_evidenced_scope"	"Archive completed with the exact non-readiness ceiling."	"The N4 open checklist item is explicitly not applicable after the reviewed stop, not an unrecorded run."
"m2-honest-baselines"	"completed"	"docs/archive/decision-log-to-20261004.md:L5000-L5013 records executed baseline work and earlier independent Pre-RESULT PASS-with-comments; docs/archive/decision-log-to-20261004.md:L16 records later science WITHHELD."	"no M2 science/result delta; only separately accepted engineering/process clauses if any"	"Execution and independent review exist; later main decision withholds the scientific comparison."	"verified_execution_reviewed_science_withheld"	"none_for_scoped_archive"	"Archive engineering/execution evidence with science WITHHELD; no ranking/comparison claims."	"Scientific withholding does not erase reviewed execution or reverse the later withholding."
"m2-honest-baselines-impl"	"completed"	"docs/archive/decision-log-to-20261004.md:L5000-L5013 records implementation/execution and independent Pre-RESULT PASS-with-comments; docs/archive/decision-log-to-20261004.md:L16 records later M2 scientific withholding."	"no M2 science/result delta; only separately accepted implementation clauses if any"	"Implementation/execution and review are recorded; later main adjudication withholds M2 science."	"verified_implementation_execution_review_science_withheld"	"none_for_scoped_archive"	"Archive reviewed technical/process record only; no scientific comparison claims."	"The scientific result remains WITHHELD."
"m2real-accounting-correction"	"completed"	"`docs/archive/decision-log-to-20261004.md:L5102-L5107` records T0-T4 completion, accepted T3 PASS_WITH_FINDINGS and signed T4; `docs/research_cycles/M2-REALCOMP/CORRECTION_INDEPENDENT_ACCEPTANCE.md` Part B is the acceptance record; `CORRECTION_RESULT.md` and `CORRECTION_RECOMPUTE_CHECK.md` preserve T1/T2"	"yes, merge the accepted accounting-correction delta only"	"First pass cites implementation/execution/review/acceptance source."	"first_pass_accepted_scope_cited"	"none_identified"	"archive within cited accepted scope"	"The accepted object is corrected stored-disclosure arithmetic and its honest labels. Original `M2-REALCOMP` scientific comparison remains WITHHELD; D-1 remains deferred. Stale task checkboxes do not override the later signed T4."
"m2real-accounting-replay"	"completed"	"docs/archive/decision-log-to-20261004.md:L5023 and docs/archive/AGENT_PROJECT_MEMORY-to-20261004.md:L4411-L4415 record accepted replay scope."	"only accepted stored-disclosure arithmetic; no method ranking"	"Independent replay acceptance covers stored disclosure arithmetic and one-tag counterfactual only."	"verified_accounting_replay_accepted"	"none_for_scoped_archive"	"Archive accepted arithmetic without restoring M2 scientific comparison."	"Accounting acceptance is separate from M2 science WITHHELD."
"m2real-runner"	"completed"	"docs/archive/decision-log-to-20261004.md:L5000-L5013 records execution and independent Pre-RESULT PASS-with-comments; docs/archive/decision-log-to-20261004.md:L16 preserves later science withholding."	"no scientific comparison delta; only reviewed runner/process scope"	"Runner execution and process review are recorded; scientific comparison remains withheld."	"verified_runner_execution_review_science_withheld"	"none_for_scoped_archive"	"Archive runner/execution-process evidence only; keep science WITHHELD."	"Do not conflate runner/process acceptance with scientific acceptance."
"m3a-nested-200-plus-8"	"executed-exploration-closed"	"proposal.md:L3 Track: implementation-only for this change; first synthetic construction is a separate EXPLORE batch. Thi…; tasks.md:L3..L5 (0 checked/3 open)"	"no"	"First pass cites execution, independent batch-end review and main acceptance/accepted STOP."	"first_pass_cycle_review_main_acceptance_cited"	"none_identified"	"archive only with linked EXPLORE cycle and batch-end/main acceptance; no new review required"	"Use only where linked cycle confirms the checked execution + independent batch-end review + main acceptance/accepted STOP; no delta merge. M3D acceptance is limited to the narrow mechanical statement."
"m3b-nested-paired-synth"	"executed-exploration-closed"	"proposal.md:L1 # M3-b paired synthetic test of nested 200+8 graphs; tasks.md:L3..L7 (5 checked/0 open)"	"no"	"First pass cites execution, independent batch-end review and main acceptance/accepted STOP."	"first_pass_cycle_review_main_acceptance_cited"	"none_identified"	"archive only with linked EXPLORE cycle and batch-end/main acceptance; no new review required"	"Use only where linked cycle confirms the checked execution + independent batch-end review + main acceptance/accepted STOP; no delta merge. M3D acceptance is limited to the narrow mechanical statement."
"m3c-real-u2-2m"	"completed"	"`tasks.md:L3-L6` M3C-01..04 implemented, fake-tested, Pre-EXECUTE-reviewed and executed; `STOP_RECORD.md:L3,L20` records R1 complete, R2 `INCOMPLETE-wall`, and independent PASS for truthful STOP retention; `specs/real-u2-diagnostic/spec.md:L3-L13` is limited to runner/report/safety requirements"	"yes, only the executed technical runner/report/STOP scope"	"First pass cites implementation/execution/review/acceptance source."	"first_pass_accepted_scope_cited"	"none_identified"	"archive within cited accepted scope"	"This is partial DECIDE execution, not disposition 2 and not EXPLORE. `archive.md` must state R1 complete, R2 incomplete-wall, M3C-05 Pre-RESULT not reached; merge no scientific acceptance, two-arm conclusion, FER, or result promotion. The terminal audit PASS is not Pre-RESULT."
"m3d-iter250-synth"	"executed-exploration-closed"	"proposal.md:L3 Track: `EXPLORE` (bounded synthetic diagnostic). M3C's stopped real 2M rows generated a runtime hypothesi…; tasks.md:L3..L7 (2 checked/3 open)"	"no"	"First pass cites execution, independent batch-end review and main acceptance/accepted STOP."	"first_pass_cycle_review_main_acceptance_cited"	"none_identified"	"archive only with linked EXPLORE cycle and batch-end/main acceptance; no new review required"	"Use only where linked cycle confirms the checked execution + independent batch-end review + main acceptance/accepted STOP; no delta merge. M3D acceptance is limited to the narrow mechanical statement."
"manual-codex-opencode-handoff"	"completed"	"tasks.md:L3-L6 records SOP/prompt/decision entries and global bridge untouched; old decision-log:L546-L561 records the main decision to return to manual copy-paste; AGENTS.md:L403-L424 and docs/research-cycle-sop.md:L1-L33 implement that boundary."	"yes, merge both exact requirements in spec.md: Cross-agent handoff SHALL be manual (including its continuation scenario); Global bridge components SHALL remain untouched."	"Documentation-only change is implemented in current SOP/rules and the main decision is recorded; no bridge change or scientific execution."	"verified_documentation_implementation_and_main_decision"	"none_identified"	"archive completed; merge the two named workflow requirements"	"Manual handoff remains the project process boundary; this is not a scientific authorization."
"optimize-real-ir-methods-after-success"	"completed"	"docs/archive/historical_2026/openspec-phase0-reconciliation-20260725.md:L21 and docs/archive/handoffs/AGENT_HANDOFF.md:L1185-L1187 record reconciled acceptance."	"yes, limited to measured 14/14 scope"	"Measured scope is reviewed as 14/14 with exact coverage; broader length claims are unsupported."	"verified_measured_scope_accepted"	"none_for_scoped_archive"	"Archive measured scope and state exact length coverage."	"Do not generalize beyond measured points."
"p4-feas-construct-runner"	"completed"	"docs/archive/AGENT_PROJECT_MEMORY-to-20261004.md:L4405 and Packet5 R2 review record the docs-only closeout."	"yes, docs-only retroactive behavior record"	"Docs-only behavior record is reviewed; P4 itself was not executed."	"verified_docs_only_closeout"	"none_for_scoped_archive"	"Archive documentation closeout without implying P4 execution."	"Docs acceptance is not evidence that P4 behavior ran."
"perf-v38-triage-test-cost"	"retired-history-no-delta"	"openspec/changes/perf-v38-triage-test-cost/results.md:L1-L56 contains timing/test output. docs/research_cycles/V38R1/REVIEW_VERDICT.md reviews the separate V38R1 decoder posterior correction, not this test-cost change. No independent review of this change’s timing/result report was located in this change or decision/memory records."	"no"	"Implementation and final timing/test output are recorded, but this specific change lacks a located independent review of its performance-result scope; the unrelated V38R1 review does not cover it."	"executed_test_cost_result_review_not_located"	"resolved_by_user_approved_archival_disposition"	"目前不推进 / Currently not advanced: available records do not establish the reviewed scope required by completed or an explicit never-granted/never-executed disposition. Change-specific known stage and gap: Implementation and final timing/test output are recorded, but this specific change lacks a located independent review of its performance-result scope; the unrelated V38R1 review does not cover it.; Historical output is not itself independent review; absence from bounded sources is not proof that no review ever occurred.. Current priority is S1-S8 organization. This is not permanent rejection or scientific KILL; reconsideration needs a successor and applicable user authorization."	"Historical output is not itself independent review; absence from bounded sources is not proof that no review ever occurred."
"plan-parallel-binary-nonbinary-ldpc"	"completed"	"openspec/changes/plan-parallel-binary-nonbinary-ldpc/tasks.md:L3-L15 marks the lane identities, stop conditions, handoff and separate implementation changes complete; docs/archive/decision-log-to-20261004.md:L1173 records the parallel-lane decision."	"Merge only lane-boundary/handoff clauses; no method result or execution authority."	"Completed documentation/coordination decision only."	"verified_docs_decision_delivered"	"none_under_evidenced_scope"	"Archive completed as a planning change."	"The downstream binary and nonbinary changes retain their own dispositions."
"prioritize-nbldpc-correction-20261003"	"completed"	"docs/archive/AGENT_PROJECT_MEMORY-to-20261004.md:L4674-L4678 and docs/archive/decision-log-to-20261004.md:L5592 record accepted prioritization decision."	"yes, decision-record scope only"	"Planning/decision record is delivered and accepted; it does not authorize execution."	"verified_accepted_decision_record"	"none_for_scoped_archive"	"Archive accepted decision record; use newer 2026-10-04 handoff where they conflict."	"Historical priorities do not override current handoff or grant work."
"real-ir-success-first"	"completed"	"docs/archive/historical_2026/openspec-phase0-reconciliation-20260725.md:L20 and docs/archive/handoffs/AGENT_HANDOFF.md:L1193 record the 32/34 partial state."	"yes, only supported 32/34 artifacts and audit scope"	"Actual package/audit artifacts are recorded; immutable-baseline/no-overwrite review items remain open."	"verified_partial_execution_scope"	"none_for_scoped_archive"	"Archive actual 32/34 scope and preserve two open review items."	"Do not call the entire 34-item contract complete."
"reboot-repository-organization-20261004"	"retain-current"	"Current S1-S8 organization change introduced in this task; parent reports S1/S2 committed and S3 is in progress. Keep as current cleanup authority."	"no"	"Current active docs-only cleanup change."	"verified_current"	"none"	"retain-current through S8"	"S6 amendment belongs in this same change."
"repo-remote-decoupling"	"completed"	"proposal.md:L4-L5 says EXECUTED-PARTIAL and T7/archive incomplete; proposal.md:L135-L150 records T0-T7 execution states and remaining tag-selection/dirty-evidence boundary; old decision-log:L3553-L3562 records the main A-solution decision and audit-chain pointer."	"no; no specs/ delta exists, and the remote operation was executed only partially."	"Limited implemented/executed/reviewed scope only. Partial execution is documented; T4 tags not pushed and T7 archive not eligible/complete; targeted remote settings and PR#1 terminal were recorded without asserting migration of all history/settings."	"verified_partial_external_operation_with_frozen_receipt"	"none_for_partial_archive"	"archive partial with no delta merge; preserve the exact T4/T7 omissions in archive record"	"Historical remote records are not a current remote-state assertion; no follow-up push is authorized here."
"repository-wide-two-tier-research-workflow"	"completed"	"tasks.md:L3-L15 records W01-W13 completion and W10 independent review; old memory:L193-L209 records main acceptance TWO_TIER_WORKFLOW_ACCEPTED_REPOSITORY_WIDE, reviewer PASS_WITH_FINDINGS, and supersession/extension decisions; old decision-log:L512-L544 records the accepted terminal; current AGENTS.md §1.2/10.3 contains applicability matrix and matching contract."	"yes, merge full accepted delta requirements: Every packet declares exactly one track; Two-tier policy is repository-wide default; Track eligibility follows concrete risk; EXPLORE artifact contract; DECIDE gate contract; Escalation from EXPLORE to DECIDE; Review scoping follows the track; Protected semantics are not weakened; Commits stay scoped and provenance-only; Machine terminal labels are scoped classifications; Track classification is decidable from the matrix."	"Independent WORKFLOW-TWO-TIER-R1 PASS_WITH_FINDINGS; main accepted repository-wide terminal; no scientific execution authorized."	"verified_independent_review_and_main_acceptance"	"none_identified"	"archive completed; merge the eleven accepted requirement titles listed"	"This change supersedes the per-task review-frequency reading of standardize-task-packet-review-loop and extends the single-user SOP; preserve those relationships."
"research-code-engineering-policy"	"completed"	"tasks.md:L9-L43 defines AGENTS policy insertion and structural checks; old memory:L1527 records the change as implemented via OpenSpec; current AGENTS.md:L35-L55 and L195-L229 contain correction-first and minimal engineering policy; local implementation commit 9e21023e."	"yes, merge the two exact requirements in spec.md: Research Code Engineering Policy in AGENTS.md; High-performance correction algorithms are the strict first principle."	"Documentation implementation exists in current agent rules; no code or scientific execution."	"verified_documentation_implementation"	"none_identified"	"archive completed; merge the two named policy requirements"	"Do not add policy beyond the approved delta; current AGENTS content is evidence of implementation."
"research-cycle-github-chatgpt-opencode-handoff"	"completed"	"tasks.md:L3-L7 records SOP/prompts, Git/PR/data contract, entry links, V35/V36 state and focused verification complete; T6 at L8 remains unchecked. Local history contains implementation commit ed0adfca; current AGENTS.md §10.2 and docs/research-cycle-sop.md implement the handoff contract. No publication receipt was located in the named change."	"yes, merge implemented RC-01..RC-06 requirement titles: Durable review target; Copy-paste contracts; Role separation; Git evidence contract; Scientific priority; GitHub safety; retain the outstanding T6 publication task as partial."	"Limited implemented/executed/reviewed scope only. Docs and focused checks are recorded as complete; local implementation commit exists; completion of the non-force publish task is not recorded."	"verified_local_docs_and_commit_publish_unverified"	"none_for_partial_archive"	"archive partial, retaining T6 as outstanding; do not push in this task"	"No claim is made about whether the historical commit reached GitHub; publication receipt is absent from the reviewed record."
"research-cycle-sop-single-user-simplification"	"completed"	"tasks.md:L3-L7 records all five changes; proposal.md:L10-L20 states scoped-cleanliness/frozen-science checks and exceptional revision locking; old memory:L199-L209 says the accepted two-tier successor extends this SOP and preserves safety gates; current AGENTS.md §10.3/docs/research-cycle-sop.md reflect simplified gates."	"yes, merge Git as provenance rather than default execution gate; scientific/non-overwrite Pre-EXECUTE checks; exceptional stronger revision locks; existing-packet inheritance; protected result semantics. Constrain review-frequency clause by accepted repository-wide two-tier successor."	"Documentation rule implemented and later explicitly extended by independently reviewed/main-accepted two-tier change."	"verified_implementation_and_successor_acceptance"	"none_identified"	"archive completed; merge the five named non-conflicting/limited requirements"	"Do not reintroduce per-arm review or SHA-equality defaults superseded by the successor."
"same-data-comparison-metrics"	"completed"	"docs/archive/AGENT_PROJECT_MEMORY-to-20261004.md:L4405 records Packet E delivery and PACKET5 R2 PASS WITH COMMENTS."	"yes, only accepted documentation/spec package"	"Docs/spec delivery has independent review; no experiment or metric execution occurred."	"verified_docs_package_reviewed"	"none_for_scoped_archive"	"Archive reviewed docs/spec package; do not treat it as measured comparison evidence."	"No experiment or metric result is established."
"speed-up-nbldpc-v5-runtime-wrapper"	"completed"	"openspec/changes/speed-up-nbldpc-v5-runtime-wrapper/evidence/wrapper_acceptance_t0_t3.json records T0-T3 and 16/16 wrapper suite PASS, v5a/v5b regression, frozen-file and official-output checks; tasks.md:L30-L43,L72-L83 records acceptance and route-C handoff."	"Merge only wrapper execution/resume and strict replay behavior."	"Reviewed wrapper implementation/fake-qualification/replay only; route-C scientific execution is separately scoped."	"verified_wrapper_T0_T3_independent_mechanical_acceptance"	"none_under_evidenced_scope"	"Archive completed and preserve the Route C successor pointer."	"The wrapper acceptance does not imply a new v5 scientific result."
"standardize-agent-delivery-workflow-v1"	"completed"	"tasks.md:L3-L10 records complete packet, return conditions, review cadence, evidence tiers, fake-runner, writable-root, process and handoff requirements; current AGENTS.md §10.1 contains these rules."	"yes, merge all seven requirement titles in spec.md: Complete frozen task packet; Difference-first reuse; Operator return conditions; Bounded review cadence; Layered evidence testing; Safe efficient operation; Compact handoff."	"Documentation-only workflow requirements are implemented in authoritative current AGENTS.md; no scientific execution."	"verified_documentation_implementation"	"none_identified"	"archive completed and merge seven named coordination requirements"	"Apply later accepted two-tier policy to cadence; do not expand review ceremony."
"standardize-task-packet-review-loop"	"completed"	"tasks.md:L3-L9 records all seven items; current docs/research-cycle-sop.md and reusable prompts implement paired handoffs/location/authority; old decision-log:L538-L544 and old memory:L199-L209 explicitly record that the later accepted two-tier workflow supersedes per-task review-frequency reading and extends this change."	"yes, merge requirements next handoffs are paired; standard location and naming; authority remains external to prompts; retain completed-return review only under successor track-scoped proportional cadence, not unconditional per-arm review."	"Documentation change implemented; relationship was resolved by independent workflow review and main acceptance of its two-tier successor."	"verified_implementation_with_accepted_successor_scope"	"none_identified"	"archive completed with successor-constrained review requirement; merge the three supported clauses"	"Obsolete unconditional per-task/per-arm cadence reading is superseded and must not be merged as current."
"v72p2d10-mixed-degree-l1-finite-discriminator"	"completed"	"docs/archive/AGENT_PROJECT_MEMORY-to-20261004.md:L113-L123 records batch execution, reviewer-go VERIFIED PASS, then main acceptance of bounded ambiguous result and route to R3."	"yes, only frozen diagnostic/terminal contract"	"Batch executed, independently reviewed, main accepted bounded terminal."	"verified_execution_review_main_acceptance"	"none_identified"	"archive completed within accepted diagnostic scope"	"Evidence-only; no FER, qualification, or wider route claim."
"v72p2d10-r3-fresh-graph-scaling"	"completed"	"docs/archive/AGENT_PROJECT_MEMORY-to-20261004.md:L75-L110 records readiness review and R3 execution/reviewer-go VERIFIED PASS; main accepted wide-L1 signal to D11."	"yes, accepted readiness + bounded diagnostic scope only"	"Readiness and batch reviewed; bounded route accepted."	"verified_execution_review_main_acceptance"	"none_identified"	"archive completed within accepted diagnostic scope"	"No general route or real-data claim."
"v72p2d11-forward-app"	"completed"	"docs/archive/AGENT_PROJECT_MEMORY-to-20261004.md:L29-L38 records authorized 720/720-call batch, VERIFIED PASS review, and main acceptance route to D12."	"yes, bounded synthetic diagnostic scope"	"Batch executed, independently reviewed, main accepted bounded route."	"verified_execution_review_main_acceptance"	"none_identified"	"archive completed within accepted diagnostic scope"	"Evidence-only."
"v72p2d12-finite-l1-degree"	"completed"	"docs/archive/AGENT_PROJECT_MEMORY-to-20261004.md:L16-L25 records 432/432-call batch, VERIFIED PASS review, and main L055 route acceptance to D13."	"yes, bounded synthetic diagnostic scope"	"Batch executed, independently reviewed, main accepted bounded route."	"verified_execution_review_main_acceptance"	"none_identified"	"archive completed within accepted diagnostic scope"	"Evidence-only."
"v72p2d13-l055-decoder-ladder"	"completed"	"docs/archive/AGENT_PROJECT_MEMORY-to-20261004.md:L3-L12 records authorized batch, VERIFIED PASS_WITH_FINDINGS review, and D13 MODEST acceptance; ladder closed and no arm selected."	"yes, accepted evidence/STOP contract only"	"Batch executed, independently reviewed, bounded result accepted."	"verified_execution_review_main_acceptance"	"none_identified"	"archive completed with ladder closed/no arm selection"	"No decoder-arm selection or promotion."
"v72p2d14-scientific-validity-reset"	"completed"	"docs/archive/AGENT_PROJECT_MEMORY-to-20261004.md:L3851-L3864 records D14-FINAL VERIFIED PASS_WITH_FINDINGS, calibrated-batch readiness, and explicit no-execution/no-route-claim boundary; OpenSpec proposal.md:L7 declares EXPLORE no-write synthetic calibration and the task set closes the reset/readiness work."	"yes, only reviewed validity-reset/readiness clauses; no N-batch execution delta"	"D14 validity-reset closeout independently reviewed; follow-on N batch remained unauthorized."	"verified_reviewed_docs_readiness_closeout"	"none_identified"	"archive completed readiness scope with execution boundary preserved"	"No scientific batch or route decision is implied."
"v72p2d14n-calibrated-l1-l2-discriminator"	"executed-exploration-closed"	"proposal.md:L5 declares EXPLORE readiness; docs/archive/AGENT_PROJECT_MEMORY-to-20261004.md:L3866-L3914 records R2 readiness/re-review followed by authorized Batch A1, VERIFIED PASS review, and main route-deferred adjudication; cycle docs: docs/research_cycles/D14_VALIDITY_RESET/EXPLORATION_LOG.md."	"no, third disposition"	"Executed bounded synthetic EXPLORE batch; reviewer PASS; main terminal margin-confounded/route-deferred. Record exact ceiling; no new acceptance."	"verified_explore_execution_review_main_adjudication"	"none_under_third_disposition"	"archive executed exploration with exact results/review/evidence ceiling; no delta merge"	"Readiness acceptance and batch scientific result remain separate; do not promote route."
"v72p2d15-finite-length-margin-curve"	"executed-exploration-closed"	"proposal.md:L5 declares EXPLORE readiness/future batch; docs/archive/AGENT_PROJECT_MEMORY-to-20261004.md:L3915-L3939 records accepted readiness and executed A1 with PASS_WITH_FINDINGS batch-end review; cycle docs: docs/research_cycles/V72P2D15-MARGIN-CURVE/EXPLORATION_LOG.md."	"no, third disposition"	"Executed EXPLORE batch and reviewed; main accepted AMBIGUOUS only. Preserve any unknown/incomplete arm state explicitly."	"verified_explore_execution_and_review"	"none_under_third_disposition"	"archive executed exploration with no delta merge and bounded AMBIGUOUS ceiling"	"No route/qualification/promotion claim."
"v72p2d16-matched-backoff-discriminator"	"executed-exploration-closed"	"proposal.md:L5 declares EXPLORE readiness/future batch; docs/archive/AGENT_PROJECT_MEMORY-to-20261004.md:L3940-L3964 records readiness, B1 held-out execution and VERIFIED PASS, then main route adjudication; cycle docs: docs/research_cycles/V72P2D16-MATCHED-BACKOFF/EXPLORATION_LOG.md."	"no, third disposition"	"Executed held-out EXPLORE batch; review PASS; main accepted partial falsification as evidence only."	"verified_explore_execution_review_main_adjudication"	"none_under_third_disposition"	"archive with exact partial-falsification ceiling and no delta merge"	"No general scaling/route or promotion claim."
"v72p2d17-asymptotic-finite-scaling"	"executed-exploration-closed"	"proposal.md:L4-L5 declares future DE/scaling/D16 work EXPLORE; docs/archive/AGENT_PROJECT_MEMORY-to-20261004.md:L3965-L4002 records A1 engineering-blocked, repaired A2, A3 fit, D16 held-out validation, and reviews/terminals; cycle docs: docs/research_cycles/V72P2D17-DESCALING/EXPLORATION_LOG.md."	"no, third disposition"	"Executed EXPLORE sequence with retained A1 failure, rework, and later reviewed arms; preserve each review state as recorded."	"verified_explore_partial_runs_and_reviews"	"none_under_third_disposition"	"archive with A1/A2/A3/D16 ran/did-not-run and review states explicit; no delta merge"	"No fit/prediction/route promotion outside stated diagnostic scope."
"v72p2d18-current-channel-l2-ensemble-de"	"executed-exploration-closed"	"proposal.md:L9-L10 declares EXPLORE readiness and future EXPLORE_HEAVY; docs/archive/AGENT_PROJECT_MEMORY-to-20261004.md:L4003-L4024 records readiness and 456-call DE sweep with VERIFIED PASS_WITH_FINDINGS; main accepted only candidate selection; cycle docs: docs/research_cycles/V72P2D18-L2ENSEMBLE/EXPLORATION_LOG.md."	"no, third disposition"	"Executed EXPLORE sweep, independently reviewed, main accepted candidate selection only."	"verified_explore_execution_review_main_acceptance"	"none_under_third_disposition"	"archive with candidate-only claim ceiling; no delta merge"	"Do not claim ensemble optimality or promotion."
"v72p2d19-l2-finite-ensemble-validation"	"executed-exploration-closed"	"proposal.md:L8-L9 declares EXPLORE readiness and future batch; docs/archive/AGENT_PROJECT_MEMORY-to-20261004.md:L4025-L4034 records readiness STOP at frozen seed 4408, then n128-only execution, n256 0 calls, reviewer PASS B1-B7; cycle docs: docs/research_cycles/V72P2D19-L2FINITE/EXPLORATION_LOG.md."	"no, third disposition"	"Partial EXPLORE execution and review recorded; retain that n256 was not run and no route/qualification claim follows."	"verified_partial_explore_execution_review"	"none_under_third_disposition"	"archive exact partial scope including n256 not dispatched; no delta merge"	"No FER/leakage/SKR/route/qualification/promotion claim."
"v72p2d5-g1-information-recovery-r2"	"completed"	"docs/archive/AGENT_PROJECT_MEMORY-to-20261004.md:L3589 and docs/archive/decision-log-to-20261004.md:L3820 record additive candidate and terminal LAMBDA_APPLICATION_CONTRACT_DEFECT."	"no scientific promotion delta; preserve bounded failure/stop record"	"Reviewed execution terminates on the named contract defect; no route advancement is supported."	"verified_reviewed_negative_terminal"	"none_for_scoped_archive"	"Archive bounded diagnostic stop without deriving f or promoting."	"A reviewed negative terminal is a completed history, not route KILL or promotion."
"v72p2d5-g1-readiness-rework"	"completed"	"docs/archive/decision-log-to-20261004.md:L3781-L3783 records readiness implementation and review scope."	"only reviewed implementation/readiness clauses"	"Implementation/readiness review accepted; no G1 science result follows."	"verified_readiness_only"	"none_for_scoped_archive"	"Archive readiness rework only; leave scientific execution separate."	"Readiness grants no decoder or G1 execution."
"v72p2d5-p0-g1-g2-production-path"	"completed"	"docs/archive/decision-log-to-20261004.md:L3720 and L3781-L3783 record accepted P0 implementation/readiness scope."	"only P0 readiness/cost and production-path implementation scope"	"Reviewed P0 readiness/cost scope; no G1/G2 result is implied."	"verified_p0_readiness_scope"	"none_for_scoped_archive"	"Archive P0 implementation/readiness only."	"Does not authorize G1/G2 execution."
"v72p2d5-p0-model-f-consumer-path-fix"	"completed"	"docs/archive/AGENT_PROJECT_MEMORY-to-20261004.md:L3560-L3589 records loader correction, review, and P0 boundary."	"only reviewed loader correction and P0 scope"	"Reviewed loader correction supports P0-only scope; no broader science result."	"verified_loader_fix_reviewed"	"none_for_scoped_archive"	"Archive reviewed loader correction with P0-only boundary."	"Do not extend to later G1/G2 results."
"v72p2d6-gf32-graph-mother-r1d-option-c"	"completed"	"docs/archive/AGENT_PROJECT_MEMORY-to-20261004.md:L3622-L3630 records reviewed implementation and Pre-EXECUTE PASS awaiting explicit authorization."	"only implementation/readiness delta; no R1d execution delta"	"Implementation/readiness reviewed; R1d remains unexecuted and unauthorized."	"verified_implementation_readiness_no_execution"	"none_for_scoped_archive"	"Archive implementation/readiness only; preserve awaiting authorization."	"Pre-EXECUTE PASS is not an execution grant."
"v72p2d6-gf32-graph-mother-successor"	"completed"	"docs/archive/AGENT_PROJECT_MEMORY-to-20261004.md:L3606-L3621 records diagnostics, invalid-structure states, and review."	"no route conclusion; only reviewed diagnostics and blocked/invalid-structure terminal records"	"Reviewed diagnostics preserve blocked/invalid structure states; no topology inference was accepted."	"verified_reviewed_blocked_diagnostic"	"none_for_scoped_archive"	"Archive diagnostic/blocked state; do not infer topology route performance."	"This attempt does not establish that all topologies fail."
"v72p2d6-r1d-bp-provenance-compat"	"completed"	"docs/archive/decision-log-to-20261004.md:L3719-L3724 records reviewed compatibility/readiness result and no-run boundary."	"only reviewed compatibility/readiness scope"	"Compatibility/readiness review accepted; no R1d run is recorded."	"verified_reviewed_readiness_no_run"	"none_for_scoped_archive"	"Archive reviewed readiness/compatibility scope only."	"No execution authorization or scientific outcome follows."
"v72p2d7-alternating-discriminator"	"superseded-before-execution"	"docs/research_cycles/V72P2D7-GF32-ALTERNATING-DISCRIMINATOR/cycle_state.yaml and D7_H prereg/packet review record a frozen, unauthorized, unexecuted packet; the 2026-10-04 handoff stops the GF32 probe line."	"no"	"No D7-H execution grant or run is recorded; packet review is not execution."	"verified_unexecuted_unauthed_superseded"	"none_under_sbe"	"Archive as superseded-before-execution with no delta merge."	"Do not continue the stopped probe line or infer a result."
"v72p2d7-code-factor-extrinsic-contract"	"completed"	"docs/archive/AGENT_PROJECT_MEMORY-to-20261004.md:L3751-L3753 records two independent PASS reviews and integration readiness."	"only interface/certification contract accepted by both reviews"	"Dual independent reviews accepted the interface/certification contract; no science outcome is implied."	"verified_dual_review_readiness"	"none_for_scoped_archive"	"Archive accepted interface/readiness contract."	"No execution or route promotion follows."
"v72p2d7-gf32-bidirectional-oracle"	"completed"	"docs/archive/AGENT_PROJECT_MEMORY-to-20261004.md:L3660-L3668 and docs/archive/decision-log-to-20261004.md:L3948-L3952 record execution, review, and main acceptance."	"no promotion delta; only accepted bounded D7-C diagnostic"	"Bounded D7-C diagnostic is accepted with its stated ceiling."	"verified_bounded_diagnostic_accepted"	"none_for_scoped_archive"	"Archive exact D7-C diagnostic; do not extend claims or authorize work."	"Acceptance is limited to recorded diagnostic."
"v72p2d7-gf32-decoder-certification"	"completed"	"docs/archive/AGENT_PROJECT_MEMORY-to-20261004.md:L3632-L3636 and docs/archive/decision-log-to-20261004.md:L3898-L3904 record reviewed certification scope."	"only tiny synthetic oracle certification contract"	"Tiny synthetic oracle certification is reviewed; no production or route result follows."	"verified_tiny_synthetic_certification"	"none_for_scoped_archive"	"Archive tiny synthetic certification only."	"Do not label this formal decoder qualification."
"v72p2d7-gf32-easy-regime"	"completed"	"docs/archive/AGENT_PROJECT_MEMORY-to-20261004.md:L3640-L3651 records retained R1 failure and corrected R2 review."	"only reviewed corrected R2; retain R1 failure"	"R1 failure remains immutable; corrected R2 has review/acceptance within its narrow scope."	"verified_corrected_result_with_failure_retained"	"none_for_scoped_archive"	"Archive both attempts truthfully and bound claims to corrected R2."	"Do not delete or rewrite failed R1."
"v72p2d7-gf32-schedule-discriminator"	"completed"	"docs/archive/AGENT_PROJECT_MEMORY-to-20261004.md:L3673-L3678 and docs/archive/decision-log-to-20261004.md:L3958-L3968 record execution, independent review, and main acceptance."	"no promotion delta; preserve accepted D7-D inconclusive outcome"	"D7-D inconclusive result is accepted as bounded evidence."	"verified_inconclusive_diagnostic_accepted"	"none_for_scoped_archive"	"Archive accepted inconclusive result without deriving route decision."	"Inconclusive is a recorded terminal, not positive or negative route conclusion."
"v72p2d7-layer-interface-belief-provenance"	"completed"	"docs/archive/AGENT_PROJECT_MEMORY-to-20261004.md:L3653-L3660 records accepted interface/provenance scope."	"only accepted fail-closed interface proposal/review"	"Fail-closed interface proposal/review accepted; no decoder result is implied."	"verified_interface_review_accepted"	"none_for_scoped_archive"	"Archive reviewed interface contract."	"No cross-layer efficacy conclusion follows."
"v72p2d7-provenance-safe-cross-layer-discriminator"	"completed"	"docs/archive/AGENT_PROJECT_MEMORY-to-20261004.md:L3732-L3739 records accepted D7-E directional diagnostic and verifier provenance gap."	"no promotion delta; only accepted directional diagnostic"	"Directional diagnostic was reviewed/accepted with the provenance limitation stated."	"verified_directional_diagnostic_with_limiter"	"none_for_scoped_archive"	"Archive bounded diagnostic and preserve provenance gap."	"Do not convert directional evidence into route result."
"v72p2d7-reverse-order-cross-layer-discriminator"	"completed"	"docs/archive/AGENT_PROJECT_MEMORY-to-20261004.md:L3745-L3747 records accepted regression scope."	"only accepted D7-F regression record"	"D7-F regression execution and review are accepted within recorded scope."	"verified_regression_accepted"	"none_for_scoped_archive"	"Archive exact regression record; no further route inference."	"Regression acceptance does not authorize new tests."
"v72p2d8-rate-aligned-gf32-ensemble-feasibility"	"completed"	"docs/archive/AGENT_PROJECT_MEMORY-to-20261004.md:L166-L178 records independent readiness review PASS_WITH_FINDINGS, main accepted D8 rate-aligned feasibility/readiness, and explicit no DE sweep authorization."	"yes, reviewed readiness contract only"	"Readiness/implementation review accepted; scientific sweep was not authorized."	"verified_reviewed_readiness_no_science_execution"	"none_identified"	"archive completed readiness scope without implying a DE result"	"Readiness acceptance is not execution authorization or scientific result."
"v72p2d9-gf32-de-decoder-calibration"	"completed"	"docs/archive/AGENT_PROJECT_MEMORY-to-20261004.md:L152-L157 records D9 readiness accepted; readiness/freeze review and no scientific DE run, finite decoder, D7-H, or real-data authorization."	"yes, reviewed calibration-readiness scope only"	"Readiness acceptance recorded; calibration batch not executed."	"verified_reviewed_readiness_no_science_execution"	"none_identified"	"archive completed readiness scope; preserve separate authorization boundary"	"No DE/finite-length result follows."
"v80-nbldpc-jan21"	"retain-current"	"proposal.md:L8-L9 says S1 needs explicit grant+Pre-EXECUTE and S3 separate DECIDE prereg; tasks.md:L1-L16 are planning tasks; docs/archive/AGENT_PROJECT_MEMORY-to-20261004.md:L4194 says planning only, no execution authorization."	"no"	"Current macro planning authority; no execution grant."	"verified_current_plan_no_execution_authority"	"none"	"retain-current; Reboot handoff takes precedence and historic numeric gates grant nothing"	"Keep only as historical/planning input until separately authorized."
"v80-prior-cost-accounting"	"retain-current"	"docs/archive/AGENT_PROJECT_MEMORY-to-20261004.md:L4242 and docs/archive/decision-log-to-20261004.md:L4825 identify this as current V80 accounting input."	"not applicable"	"Retain as current-route planning/accounting input; it does not grant new execution."	"verified_current_input_no_execution_authority"	"none"	"Keep in place as V80 input, subject to the 2026-10-04 handoff."	"Historical thresholds or numbers do not grant execution authority."
"workspace-hygiene-result-archival"	"superseded-before-execution"	"proposal.md:L3-L9 says planner specification freeze only, no production code, experiment, deletion, or git write; tasks.md:L33-L40 shows P1 freeze then T0 quiet-period gate, while T3/T4/T5 at L58-L90 are unchecked; no selective archive/untracking execution receipt is cited."	"no; drafted plan never reached gated implementation/archival stage, so delta does not become live policy."	"Plan/freeze artifact exists; no user-authorized implementation or result-archival execution is recorded."	"verified_plan_only_execution_gate_not_entered"	"none_under_sbe"	"archive superseded-before-execution and preserve the original plan; no delta merge"	"This classification does not untrack, delete, summarize, or move any output."
