array_sha256,denominator_included,extension_used,final_prefix,frame_id,initial_prefix,key_dependent_disclosure_bits_total,outcome_epsilon_ec,policy_id,policy_sha256,protocol_epsilon_ec_bound,public_control_bits_total,qualification_role,stage1_iterations,stage2_iterations,stage3_iterations,status,stratum_p,transcript_event_count,transcript_sha256,verification_attempts
ee0f9f7b8253860bf6fbe9e6a0c0a36db293bd9e1efdbc3ef1d70a8c15d16f10,True,False,32,nbldpc_formal_v5a_multistage_q1024_p20_development_000,32,384,5.421010862427522e-20,nbldpc_v5a_ir56,dccb378a454dfb0d9b0830da64c6bfa188566032c09803ddbd2a0e76fca12245,2.168404344971009e-19,705,development,2,0,0,verified_success,0.2,4,9fdce1ff4a54caf37b1031b9b38eabb72615e71750f1255e1b324a28b1d865e9,1
61a904c186b517b25626b9a95a365d334c3c03b3041be523a19898055f0ce45d,True,False,32,nbldpc_formal_v5a_multistage_q1024_p20_development_001,32,384,5.421010862427522e-20,nbldpc_v5a_ir56,dccb378a454dfb0d9b0830da64c6bfa188566032c09803ddbd2a0e76fca12245,2.168404344971009e-19,705,development,2,0,0,verified_success,0.2,4,3d11eec7d069efdc85d07815dbbac11027ca25cac91b6130b4e4ccbce49a8146,1
34fb06374bfaf5fa372dc131841bd5b8e402554dd9fa60f5085860b9138742b6,True,False,32,nbldpc_formal_v5a_multistage_q1024_p20_development_002,32,384,5.421010862427522e-20,nbldpc_v5a_ir56,dccb378a454dfb0d9b0830da64c6bfa188566032c09803ddbd2a0e76fca12245,2.168404344971009e-19,705,development,3,0,0,verified_success,0.2,4,3c17d8398bdef744f4f29c2080a831e53d3bb01f60132f7ac8fc4101acaf312e,1
12c2a65f3db266834d6f11f7f83cf12c134a12c6848502a5fa27a5f6bf67be85,True,False,32,nbldpc_formal_v5a_multistage_q1024_p20_development_003,32,384,5.421010862427522e-20,nbldpc_v5a_ir56,dccb378a454dfb0d9b0830da64c6bfa188566032c09803ddbd2a0e76fca12245,2.168404344971009e-19,705,development,2,0,0,verified_success,0.2,4,91fb6432a399dc771ca77e49db879152020de5c0804f684ab62cbe24bf5daa1b,1
e008562d0208998f60bdedd9e26d709ddbed67ae0b449d2e4d53032aeb3e7ad4,True,False,32,nbldpc_formal_v5a_multistage_q1024_p20_development_004,32,384,5.421010862427522e-20,nbldpc_v5a_ir56,dccb378a454dfb0d9b0830da64c6bfa188566032c09803ddbd2a0e76fca12245,2.168404344971009e-19,705,development,3,0,0,verified_success,0.2,4,22a131f74eedb1f45061c3a51dd24bb72607ae5f7073d1f334c552eea5bf48cd,1
791f5fd9739411aeb1f330802e997873d256fe7326650019e511fe16e2bf875a,True,False,32,nbldpc_formal_v5a_multistage_q1024_p20_development_005,32,384,5.421010862427522e-20,nbldpc_v5a_ir56,dccb378a454dfb0d9b0830da64c6bfa188566032c09803ddbd2a0e76fca12245,2.168404344971009e-19,705,development,5,0,0,verified_success,0.2,4,248bf128a99ce58ade182b736c03e697cc3c766e32341db00e14ca44da36762a,1
71e205e10171c2edc09172c1d60f1931ab069bbb5be49c0e5ab0f5191f8bcfb6,True,False,32,nbldpc_formal_v5a_multistage_q1024_p20_development_006,32,384,5.421010862427522e-20,nbldpc_v5a_ir56,dccb378a454dfb0d9b0830da64c6bfa188566032c09803ddbd2a0e76fca12245,2.168404344971009e-19,705,development,2,0,0,verified_success,0.2,4,71a4abebb4b3e6be6804d1f9a42958238f7a4c6b313bc37b3349360497eede9e,1
360e579c19eded56415f9361e8a2dc526966b778826e5ecb54a1f7fb2d59b9f2,True,False,32,nbldpc_formal_v5a_multistage_q1024_p20_development_007,32,384,5.421010862427522e-20,nbldpc_v5a_ir56,dccb378a454dfb0d9b0830da64c6bfa188566032c09803ddbd2a0e76fca12245,2.168404344971009e-19,705,development,4,0,0,verified_success,0.2,4,c3fab0243c68f55c16f2e104986fbb8e76f1d6068d32d3321b2021800df86d01,1
3ad3ee73d9a8d375a5a57a0c502919b9bf1768fb68fed32a89a32699d0401b7a,True,False,32,nbldpc_formal_v5a_multistage_q1024_p20_development_008,32,384,5.421010862427522e-20,nbldpc_v5a_ir56,dccb378a454dfb0d9b0830da64c6bfa188566032c09803ddbd2a0e76fca12245,2.168404344971009e-19,705,development,4,0,0,verified_success,0.2,4,c4941af0a71d701f1d0b866893a02ded8c805a2492f9bdf7208aa412bba7f606,1
e9834c5cd5d5c9422ce034bf22d14e680f510db76cef5941de1c931cdb06d909,True,False,32,nbldpc_formal_v5a_multistage_q1024_p20_development_009,32,384,5.421010862427522e-20,nbldpc_v5a_ir56,dccb378a454dfb0d9b0830da64c6bfa188566032c09803ddbd2a0e76fca12245,2.168404344971009e-19,705,development,2,0,0,verified_success,0.2,4,59470122af544cd8b309d60efe9308228d0c34227b6261464296d8bae9d0678a,1
5a605f1302a1f6bbe19a16213203f74ff24afbc009d339a23772fdb5fdd5f676,True,False,32,nbldpc_formal_v5a_multistage_q1024_p20_development_010,32,384,5.421010862427522e-20,nbldpc_v5a_ir56,dccb378a454dfb0d9b0830da64c6bfa188566032c09803ddbd2a0e76fca12245,2.168404344971009e-19,705,development,2,0,0,verified_success,0.2,4,f8226bfc78b59a8fd01901d236f0d10363292947b0dd634a2dc7490ed0e5df24,1
9fefbe3e8f0478ce3dd607619415033daf56f1280c0b931d8d3730eab3f769e0,True,False,32,nbldpc_formal_v5a_multistage_q1024_p20_development_011,32,384,5.421010862427522e-20,nbldpc_v5a_ir56,dccb378a454dfb0d9b0830da64c6bfa188566032c09803ddbd2a0e76fca12245,2.168404344971009e-19,705,development,2,0,0,verified_success,0.2,4,03c9fe15dbb5f503959b5a8da41882ed0c6bd9414d596d4f1200f5417ab92329,1
e65240c21475efd6da81cf6c8dcbe2563fd9367be0cbc5757b70cd0abb0cd2e1,True,False,32,nbldpc_formal_v5a_multistage_q1024_p20_development_012,32,384,5.421010862427522e-20,nbldpc_v5a_ir56,dccb378a454dfb0d9b0830da64c6bfa188566032c09803ddbd2a0e76fca12245,2.168404344971009e-19,705,development,3,0,0,verified_success,0.2,4,3e052106e6d5dccbd451cf337b79ddd0b1d92d1519b6712a080bc6d8f54eb60b,1
07a1d22e231b9a9db10b51587927fd9c157cd6addf9e2314b9ba8594b6bc13a9,True,False,32,nbldpc_formal_v5a_multistage_q1024_p20_development_013,32,384,5.421010862427522e-20,nbldpc_v5a_ir56,dccb378a454dfb0d9b0830da64c6bfa188566032c09803ddbd2a0e76fca12245,2.168404344971009e-19,705,development,2,0,0,verified_success,0.2,4,898d3e86c5ae65a8bf8508148008715044d9e318a8280a262a224fb7c222cb32,1
2bf2acdeac1d17231b4d6acf122211ead35aaf9628cc17a182492332e40b06b6,True,False,32,nbldpc_formal_v5a_multistage_q1024_p20_development_014,32,384,5.421010862427522e-20,nbldpc_v5a_ir56,dccb378a454dfb0d9b0830da64c6bfa188566032c09803ddbd2a0e76fca12245,2.168404344971009e-19,705,development,3,0,0,verified_success,0.2,4,e7f09bfbc2f824f522ea665a647c0455982ddb64735c2575148935046cf10dd8,1
3234d13198accd3a2228440d28ff5c4d6daea5ce9777ae2f1f8885fbaefe7279,True,False,32,nbldpc_formal_v5a_multistage_q1024_p20_development_015,32,384,5.421010862427522e-20,nbldpc_v5a_ir56,dccb378a454dfb0d9b0830da64c6bfa188566032c09803ddbd2a0e76fca12245,2.168404344971009e-19,705,development,3,0,0,verified_success,0.2,4,32a378d96b78c6774b9608c6164821e4b6751d0d2c91a626209a9a7786b95f10,1
0aec703439cc49addd8101c84fa83b7435be4ab5d983c20da5418b9fda9a8d87,True,False,32,nbldpc_formal_v5a_multistage_q1024_p20_development_016,32,384,5.421010862427522e-20,nbldpc_v5a_ir56,dccb378a454dfb0d9b0830da64c6bfa188566032c09803ddbd2a0e76fca12245,2.168404344971009e-19,705,development,2,0,0,verified_success,0.2,4,9ffbeb02386dfc82cf67d815b6df6477e50bac47435a83dcb8a14cced52d2f3b,1
bb3c505f92f33dbfaeae8fc48d79653dcf656f3c2bbadb031386f3377bf245f4,True,False,32,nbldpc_formal_v5a_multistage_q1024_p20_development_017,32,384,5.421010862427522e-20,nbldpc_v5a_ir56,dccb378a454dfb0d9b0830da64c6bfa188566032c09803ddbd2a0e76fca12245,2.168404344971009e-19,705,development,3,0,0,verified_success,0.2,4,f0a52824307eb09ca9058f702ab66fa7ecd48818a882a8119c54dbd3f1a3d58d,1
c216185cd3bcee344f61c041b4d6f97db0d8889bcf7a8d0c41e3b95b4515eeb8,True,False,32,nbldpc_formal_v5a_multistage_q1024_p20_development_018,32,384,5.421010862427522e-20,nbldpc_v5a_ir56,dccb378a454dfb0d9b0830da64c6bfa188566032c09803ddbd2a0e76fca12245,2.168404344971009e-19,705,development,3,0,0,verified_success,0.2,4,8d93c20620d140f338d39f32f4fa7895e09aadd77e35355217120f9bd6febf44,1
918e88a1cfa006970617bed37c2185df8341f8f570679c1bddc33294cde42189,True,False,32,nbldpc_formal_v5a_multistage_q1024_p20_development_019,32,384,5.421010862427522e-20,nbldpc_v5a_ir56,dccb378a454dfb0d9b0830da64c6bfa188566032c09803ddbd2a0e76fca12245,2.168404344971009e-19,705,development,3,0,0,verified_success,0.2,4,0f83bd7c2aa21b9fa307ce783fb6838ca5ae50213540fcafd02aed08fe0dd54b,1
f21092152ade723e917c5ad82c4c5a9b179b7f450d405a75c038b323f3169975,True,False,32,nbldpc_formal_v5a_multistage_q1024_p20_development_020,32,384,5.421010862427522e-20,nbldpc_v5a_ir56,dccb378a454dfb0d9b0830da64c6bfa188566032c09803ddbd2a0e76fca12245,2.168404344971009e-19,705,development,4,0,0,verified_success,0.2,4,174003ae9f663c725cbdd84d0d1a73ddf2717af8d14114cbc527dabb941f4da1,1
86c07c4c0d2903ca7ec5c9b9a198bc3164582b74ba6aa51dd034e1d3d40895be,True,False,32,nbldpc_formal_v5a_multistage_q1024_p20_development_021,32,384,5.421010862427522e-20,nbldpc_v5a_ir56,dccb378a454dfb0d9b0830da64c6bfa188566032c09803ddbd2a0e76fca12245,2.168404344971009e-19,705,development,8,0,0,verified_success,0.2,4,ecd4afe8c0d4b3be8c76363cd9d4cdebe7b004e27f41bbcab706ee5a9dac1df7,1
96aa4191d8badb99a6355e6ec22a1fc9289c3a87316bfbc4af71e15cc2cdb33b,True,True,40,nbldpc_formal_v5a_multistage_q1024_p20_development_022,32,464,5.421010862427522e-20,nbldpc_v5a_ir56,dccb378a454dfb0d9b0830da64c6bfa188566032c09803ddbd2a0e76fca12245,2.168404344971009e-19,707,development,12,2,0,verified_success,0.2,7,246308d5ff3eb439271a155d86f13e4be912f95a570ec5351b189bb85163c4ff,1
d1c150fba37cbd5771880e8bf94d2948ec6a6872adc24e6665ee0daa30fab9e2,True,False,32,nbldpc_formal_v5a_multistage_q1024_p20_development_023,32,384,5.421010862427522e-20,nbldpc_v5a_ir56,dccb378a454dfb0d9b0830da64c6bfa188566032c09803ddbd2a0e76fca12245,2.168404344971009e-19,705,development,2,0,0,verified_success,0.2,4,b9956e7785685168fe6d17f2d97f957c6ba0acc3102b3cea0ba5a35337a44b41,1
aadbca6cee028754fbf8f1666a630b9a1b997c9b3cbc8a9e13505467f954aefd,True,False,32,nbldpc_formal_v5a_multistage_q1024_p20_development_024,32,384,5.421010862427522e-20,nbldpc_v5a_ir56,dccb378a454dfb0d9b0830da64c6bfa188566032c09803ddbd2a0e76fca12245,2.168404344971009e-19,705,development,8,0,0,verified_success,0.2,4,3ad9816fb549a661e2af39333bdeda318a5162a0ba056418f13a1a8691d63d23,1
eed5ec86c71ca49d39d28ed50357a73cc2b498f7fea6ef9d17d95f7cb0a48332,True,False,32,nbldpc_formal_v5a_multistage_q1024_p20_development_025,32,384,5.421010862427522e-20,nbldpc_v5a_ir56,dccb378a454dfb0d9b0830da64c6bfa188566032c09803ddbd2a0e76fca12245,2.168404344971009e-19,705,development,2,0,0,verified_success,0.2,4,70914aa7d96964e1ff4b8128065ca22e40d04557572f87101586222b69c747d9,1
070a22eb2c895feacb06fa07b77a53beda8ffb04b4d21087de085e15aa6a4a3b,True,False,32,nbldpc_formal_v5a_multistage_q1024_p20_development_026,32,384,5.421010862427522e-20,nbldpc_v5a_ir56,dccb378a454dfb0d9b0830da64c6bfa188566032c09803ddbd2a0e76fca12245,2.168404344971009e-19,705,development,2,0,0,verified_success,0.2,4,422f24df491528abb12a444b717056797c307e5a412ad9a821b6f83cdb83702a,1
69672e913859cf5a64462b1674e6e805496ff1ae5d4bf9f5420b07ffe14c1890,True,False,32,nbldpc_formal_v5a_multistage_q1024_p20_development_027,32,384,5.421010862427522e-20,nbldpc_v5a_ir56,dccb378a454dfb0d9b0830da64c6bfa188566032c09803ddbd2a0e76fca12245,2.168404344971009e-19,705,development,3,0,0,verified_success,0.2,4,6fc105b6514d8a126f07815ca9db1906a510306f170bb3d35f50ef3ab406da50,1
8439b2453f5457812c44d1b73799bb81bdd4bc58bffb117c04b790667c9ff024,True,True,40,nbldpc_formal_v5a_multistage_q1024_p20_development_028,32,464,5.421010862427522e-20,nbldpc_v5a_ir56,dccb378a454dfb0d9b0830da64c6bfa188566032c09803ddbd2a0e76fca12245,2.168404344971009e-19,707,development,12,3,0,verified_success,0.2,7,692df2049e9f78a3e76d235524089a728dcf505290d78b71cc7865c6ab7d85a1,1
bc19b8d80459b9634ecab3c486a9b1756786ca442f7d08609d4131a0a5161746,True,False,32,nbldpc_formal_v5a_multistage_q1024_p20_development_029,32,384,5.421010862427522e-20,nbldpc_v5a_ir56,dccb378a454dfb0d9b0830da64c6bfa188566032c09803ddbd2a0e76fca12245,2.168404344971009e-19,705,development,2,0,0,verified_success,0.2,4,d3866b6adb90dd35fe8b0f00ef5296453a28a909dd27c93cf9add1c0323d8ddf,1
ba15ae9f8706f2989a41382eceed37bf568768ac5923f44c4a7d7f1b24e5261e,True,False,32,nbldpc_formal_v5a_multistage_q1024_p20_development_030,32,384,5.421010862427522e-20,nbldpc_v5a_ir56,dccb378a454dfb0d9b0830da64c6bfa188566032c09803ddbd2a0e76fca12245,2.168404344971009e-19,705,development,4,0,0,verified_success,0.2,4,73bce9e662e4de9791f7bed4c397d0079dd39d980745ed466d4975a63842587f,1
4943fb4c0379e8f8813a104dad7fd6ed96f6befc81b8ecae43f7f6d5e8aa8620,True,False,32,nbldpc_formal_v5a_multistage_q1024_p20_development_031,32,384,5.421010862427522e-20,nbldpc_v5a_ir56,dccb378a454dfb0d9b0830da64c6bfa188566032c09803ddbd2a0e76fca12245,2.168404344971009e-19,705,development,3,0,0,verified_success,0.2,4,905124e469dda1747e9259108fe53c742f343ebb9596734098aed2d8b2c81d93,1
4c71bfce3e5d8284630b4513fba866af164bc3f73c70b6abbba18b196e6aa16a,True,False,32,nbldpc_formal_v5a_multistage_q1024_p20_development_032,32,384,5.421010862427522e-20,nbldpc_v5a_ir56,dccb378a454dfb0d9b0830da64c6bfa188566032c09803ddbd2a0e76fca12245,2.168404344971009e-19,705,development,2,0,0,verified_success,0.2,4,67c314c3c5a8e41308d92bd3d41e041e5a360fe49992a43e8cd8db5d73459085,1
c5e594167c8f1d17bac96d51db44e5c7f6cb865ebe57d954118a839345bedd91,True,False,32,nbldpc_formal_v5a_multistage_q1024_p20_development_033,32,384,5.421010862427522e-20,nbldpc_v5a_ir56,dccb378a454dfb0d9b0830da64c6bfa188566032c09803ddbd2a0e76fca12245,2.168404344971009e-19,705,development,3,0,0,verified_success,0.2,4,1ee3433687da7f09ab03f006915d88bd083484c9a70867fa8955a13436dcc1c0,1
9404e9ff069a39868d8110342a3f64d2b772246974222bd614195dc534b50ac5,True,False,32,nbldpc_formal_v5a_multistage_q1024_p20_development_034,32,384,5.421010862427522e-20,nbldpc_v5a_ir56,dccb378a454dfb0d9b0830da64c6bfa188566032c09803ddbd2a0e76fca12245,2.168404344971009e-19,705,development,3,0,0,verified_success,0.2,4,cd50531fe9cbaf5c2df8f42886e7c5280355e4f665f4ad7d25134ed28b06c3f9,1
dc326afb6d16784785455b4550ed3eaf34e354990a4c31b2531b7f0b320e2e61,True,False,32,nbldpc_formal_v5a_multistage_q1024_p20_development_035,32,384,5.421010862427522e-20,nbldpc_v5a_ir56,dccb378a454dfb0d9b0830da64c6bfa188566032c09803ddbd2a0e76fca12245,2.168404344971009e-19,705,development,2,0,0,verified_success,0.2,4,2b2057eeaad4a40cba9b59f4668816d074ecd085b97f78d7a42d21c7404a3508,1
f309cd6d85ba73f8e8700d85f385903b6c54cfdbc984de2760197d9565167067,True,False,32,nbldpc_formal_v5a_multistage_q1024_p20_development_036,32,384,5.421010862427522e-20,nbldpc_v5a_ir56,dccb378a454dfb0d9b0830da64c6bfa188566032c09803ddbd2a0e76fca12245,2.168404344971009e-19,705,development,4,0,0,verified_success,0.2,4,5aa6d373ca13a4995f6fea938922c5f8d82820d6678b2472cde3f366245fcd37,1
90b2f4db4dbfb0687f3a53486de53346121193a916f42c9cca82313be1333a06,True,False,32,nbldpc_formal_v5a_multistage_q1024_p20_development_037,32,384,5.421010862427522e-20,nbldpc_v5a_ir56,dccb378a454dfb0d9b0830da64c6bfa188566032c09803ddbd2a0e76fca12245,2.168404344971009e-19,705,development,2,0,0,verified_success,0.2,4,a80d143e506447a6ee3b5a42151e74fa131443c7975d5a8e66f219e568bf697d,1
76302821cd7c74248ccc9d7015b907254e5da53422d0b3a53923cd29440f73da,True,False,32,nbldpc_formal_v5a_multistage_q1024_p20_development_038,32,384,5.421010862427522e-20,nbldpc_v5a_ir56,dccb378a454dfb0d9b0830da64c6bfa188566032c09803ddbd2a0e76fca12245,2.168404344971009e-19,705,development,5,0,0,verified_success,0.2,4,5cd5b647f87105e0fa5940d04acf3cf397b0a404c4b8d8d0ffd847d9dff5188a,1
0ca136c9b4f2fc547c1facdfd59e457bb339664b7ac9be08c11d090ad3aa9ff4,True,False,32,nbldpc_formal_v5a_multistage_q1024_p20_development_039,32,384,5.421010862427522e-20,nbldpc_v5a_ir56,dccb378a454dfb0d9b0830da64c6bfa188566032c09803ddbd2a0e76fca12245,2.168404344971009e-19,705,development,2,0,0,verified_success,0.2,4,fad23e9d29100c4ddf50310aa2e136bdbd289bb27488ef69944bdfa1c225879a,1
3fc79e9c7c5baf0bdc46c5a706ed19adb5346322151dda5ebc34ab7e2e1e3ae7,True,False,32,nbldpc_formal_v5a_multistage_q1024_p20_development_040,32,384,5.421010862427522e-20,nbldpc_v5a_ir56,dccb378a454dfb0d9b0830da64c6bfa188566032c09803ddbd2a0e76fca12245,2.168404344971009e-19,705,development,2,0,0,verified_success,0.2,4,d1ed25088f464f1f927fa093ab822d14757b2df7883a50fc74237d999fb9feb6,1
493901b8ce8be62933fbfbec89c964efef79cc6ca25122c2a05b67daea78c2b9,True,False,32,nbldpc_formal_v5a_multistage_q1024_p20_development_041,32,384,5.421010862427522e-20,nbldpc_v5a_ir56,dccb378a454dfb0d9b0830da64c6bfa188566032c09803ddbd2a0e76fca12245,2.168404344971009e-19,705,development,3,0,0,verified_success,0.2,4,fddf46f1a2acdfb05b1970479863ee70e248884c6d5ce7c10fffae2afa82637d,1
95b6698a3bbe395e30540da701ba583a045993471cca95e8dc9c486fb94e63b1,True,False,32,nbldpc_formal_v5a_multistage_q1024_p20_development_042,32,384,5.421010862427522e-20,nbldpc_v5a_ir56,dccb378a454dfb0d9b0830da64c6bfa188566032c09803ddbd2a0e76fca12245,2.168404344971009e-19,705,development,2,0,0,verified_success,0.2,4,52c275643caf22f373c2c99b0db5320b5954a64d03a90deb2e89bd731c4f6fb2,1
e32b633c3048d636dbd4346c2cda004f13a320e91dc1f5a88d9a506d32465837,True,False,32,nbldpc_formal_v5a_multistage_q1024_p20_development_043,32,384,5.421010862427522e-20,nbldpc_v5a_ir56,dccb378a454dfb0d9b0830da64c6bfa188566032c09803ddbd2a0e76fca12245,2.168404344971009e-19,705,development,3,0,0,verified_success,0.2,4,8361b31e4c244ffdd76bbe8638a8003539d10a988e1046836b672d3d6af05e8e,1
750eb6d68c78279d70674476140368eed2e07ff0bd56a2db9e5d312957479f2d,True,False,32,nbldpc_formal_v5a_multistage_q1024_p20_development_044,32,384,5.421010862427522e-20,nbldpc_v5a_ir56,dccb378a454dfb0d9b0830da64c6bfa188566032c09803ddbd2a0e76fca12245,2.168404344971009e-19,705,development,3,0,0,verified_success,0.2,4,ac60ea9602d827114e073bffadf4a366cc5c2afe5904fa73bb25ac18d8786be0,1
a33fad6fab438dd15b994a602d4a7830333cda80992d1a151b7932d4bccef221,True,False,32,nbldpc_formal_v5a_multistage_q1024_p20_development_045,32,384,5.421010862427522e-20,nbldpc_v5a_ir56,dccb378a454dfb0d9b0830da64c6bfa188566032c09803ddbd2a0e76fca12245,2.168404344971009e-19,705,development,3,0,0,verified_success,0.2,4,24112d81f95190e5146f8712199f4763311f13e9d27d975af90fcf2b69fa9b5a,1
c7d2800ca7bc30ecb4abc762b6b4d448d2d23f5171ae6bfe4c81e25103b0a7fc,True,False,32,nbldpc_formal_v5a_multistage_q1024_p20_development_046,32,384,5.421010862427522e-20,nbldpc_v5a_ir56,dccb378a454dfb0d9b0830da64c6bfa188566032c09803ddbd2a0e76fca12245,2.168404344971009e-19,705,development,2,0,0,verified_success,0.2,4,bf1850cdd864628486a9c82472694eab94d4dcc581c2e29849c7fdf55441c65a,1
c7b4851f1bf707aa5935e79e1a06a3cc3a2cd35d07750b9636a0f62850cc452c,True,False,32,nbldpc_formal_v5a_multistage_q1024_p20_development_047,32,384,5.421010862427522e-20,nbldpc_v5a_ir56,dccb378a454dfb0d9b0830da64c6bfa188566032c09803ddbd2a0e76fca12245,2.168404344971009e-19,705,development,2,0,0,verified_success,0.2,4,ce9759bc8ad296a123272ced7c90ba7abc16abaa719446775a98b05fbc4636ae,1
1393d68a44a8def6a194fa9a1fa578bfc58528851fd5c56dd6cfec578cd382f0,True,False,32,nbldpc_formal_v5a_multistage_q1024_p20_development_048,32,384,5.421010862427522e-20,nbldpc_v5a_ir56,dccb378a454dfb0d9b0830da64c6bfa188566032c09803ddbd2a0e76fca12245,2.168404344971009e-19,705,development,2,0,0,verified_success,0.2,4,4e290cdec0f4c249b236ebe03632cc712e1ffbdc09ae2407862926ec02bae227,1
19b4bdcc4323853101690b692bbf8bfcbeac7be7c28e06d0cbfbf1a554637261,True,False,32,nbldpc_formal_v5a_multistage_q1024_p20_development_049,32,384,5.421010862427522e-20,nbldpc_v5a_ir56,dccb378a454dfb0d9b0830da64c6bfa188566032c09803ddbd2a0e76fca12245,2.168404344971009e-19,705,development,2,0,0,verified_success,0.2,4,6844935e22b7d6d20ad18c3c1b3df24c7e38543008d50e75c8674409c95184c6,1
f953f69ddbb12850351f70ee3b3d406035eee7d9f94ca898bfbf23d13c1d08d5,True,True,40,nbldpc_formal_v5a_multistage_q1024_p20_development_050,32,464,5.421010862427522e-20,nbldpc_v5a_ir56,dccb378a454dfb0d9b0830da64c6bfa188566032c09803ddbd2a0e76fca12245,2.168404344971009e-19,707,development,12,1,0,verified_success,0.2,7,80cce79127cc4530d098fd25d21fccfd5fdd3d27fc751b9c880a7a65b49910ef,1
5fe3ce2364356c0da5264eba82ef5b98184fa4f7912fc2399bfbef63360016ac,True,False,32,nbldpc_formal_v5a_multistage_q1024_p20_development_051,32,384,5.421010862427522e-20,nbldpc_v5a_ir56,dccb378a454dfb0d9b0830da64c6bfa188566032c09803ddbd2a0e76fca12245,2.168404344971009e-19,705,development,3,0,0,verified_success,0.2,4,5a45095de7e40db1e8c1b427b94824c663abbb5e31a77200920ba42a0a6eb8e2,1
23e22208ee88f6e698349a205563a364c2af4e18650b29c32d47c087dca99e91,True,False,32,nbldpc_formal_v5a_multistage_q1024_p20_development_052,32,384,5.421010862427522e-20,nbldpc_v5a_ir56,dccb378a454dfb0d9b0830da64c6bfa188566032c09803ddbd2a0e76fca12245,2.168404344971009e-19,705,development,2,0,0,verified_success,0.2,4,2b6c07dbeb90f7121ecd66fdfa0e0c6ceb1ee5ce7963c56a1fed6e73f9a2d614,1
a1ad71ece3f3c3fdb45d6acd2c3d17bc711fdc7d46a54d63e3ea4c648b2128ce,True,False,32,nbldpc_formal_v5a_multistage_q1024_p20_development_053,32,384,5.421010862427522e-20,nbldpc_v5a_ir56,dccb378a454dfb0d9b0830da64c6bfa188566032c09803ddbd2a0e76fca12245,2.168404344971009e-19,705,development,3,0,0,verified_success,0.2,4,69ae524a46c6464b32006074f35514792c827946332c1c3803f4ae70fa83353f,1
4001879b9a533d38c4ed7953d78637bf64aac2ee50d33b0c797d279c4b095768,True,False,32,nbldpc_formal_v5a_multistage_q1024_p20_development_054,32,384,5.421010862427522e-20,nbldpc_v5a_ir56,dccb378a454dfb0d9b0830da64c6bfa188566032c09803ddbd2a0e76fca12245,2.168404344971009e-19,705,development,2,0,0,verified_success,0.2,4,93e74c1b4b60445028b0727ed1ed8b0d14ba3c64e06ca1efb98e50c1dfd55a75,1
a5a838388b252e569b6b5bf111b29ccf7b684e05b7da84d79dd1184ea8489575,True,False,32,nbldpc_formal_v5a_multistage_q1024_p20_development_055,32,384,5.421010862427522e-20,nbldpc_v5a_ir56,dccb378a454dfb0d9b0830da64c6bfa188566032c09803ddbd2a0e76fca12245,2.168404344971009e-19,705,development,2,0,0,verified_success,0.2,4,8ae30ef8125f0f265b0637aba624b3131af728f6b68e02313e017ec926591e87,1
15644e817e407c7cfc201809123f39a77bf58e971ddfa416bd581cc333fe812f,True,False,32,nbldpc_formal_v5a_multistage_q1024_p20_development_056,32,384,5.421010862427522e-20,nbldpc_v5a_ir56,dccb378a454dfb0d9b0830da64c6bfa188566032c09803ddbd2a0e76fca12245,2.168404344971009e-19,705,development,2,0,0,verified_success,0.2,4,6faec7efd2c8c6480536d63fa0dcdee2d64a756c09a48024fd840f21f4ef66d5,1
766cb547319cd8fdd59e3bfd875d4b337dacf6d4522a0117219014e73c1ef0c5,True,False,32,nbldpc_formal_v5a_multistage_q1024_p20_development_057,32,384,5.421010862427522e-20,nbldpc_v5a_ir56,dccb378a454dfb0d9b0830da64c6bfa188566032c09803ddbd2a0e76fca12245,2.168404344971009e-19,705,development,3,0,0,verified_success,0.2,4,4763b36133229b992c6a9188dfd892438e7e44e5fad694b55cba672492543296,1
e602c60da8a11111e4ae73443228588fdebc59d8b99eb9fe8946cfca85fcf29e,True,False,32,nbldpc_formal_v5a_multistage_q1024_p20_development_058,32,384,5.421010862427522e-20,nbldpc_v5a_ir56,dccb378a454dfb0d9b0830da64c6bfa188566032c09803ddbd2a0e76fca12245,2.168404344971009e-19,705,development,2,0,0,verified_success,0.2,4,98a5dbc6003b00ad8574845e31cf1002b023d11a66cff5e582f39e76abc5eb29,1
a21aebe462d88ff56741f5aa850bfeee42783c1170144bec2758820e4db71e5e,True,True,40,nbldpc_formal_v5a_multistage_q1024_p20_development_059,32,464,5.421010862427522e-20,nbldpc_v5a_ir56,dccb378a454dfb0d9b0830da64c6bfa188566032c09803ddbd2a0e76fca12245,2.168404344971009e-19,707,development,12,2,0,verified_success,0.2,7,ddef54da7848ad842c0277be48de1ac80177143baa96b6cca22bc2bf8b2a5853,1
9078d3607235273cb7d0617dc4b0fb7db7574a5b029fa73b24c624db3d71f6e8,True,False,32,nbldpc_formal_v5a_multistage_q1024_p20_development_060,32,384,5.421010862427522e-20,nbldpc_v5a_ir56,dccb378a454dfb0d9b0830da64c6bfa188566032c09803ddbd2a0e76fca12245,2.168404344971009e-19,705,development,2,0,0,verified_success,0.2,4,2ecc1d50718b756abf6332a1ca6837911745124c4efc583c3952b6d6e4c8d2df,1
4e10caa03aa1574c9a2308782866d122c60f2e92f52a533694e0b1506dd2f46a,True,False,32,nbldpc_formal_v5a_multistage_q1024_p20_development_061,32,384,5.421010862427522e-20,nbldpc_v5a_ir56,dccb378a454dfb0d9b0830da64c6bfa188566032c09803ddbd2a0e76fca12245,2.168404344971009e-19,705,development,2,0,0,verified_success,0.2,4,145138d3e7dbebaedc39a0bf615f276814876a81e8aa23ec9b03cb1b86745930,1
df9a75b6c4a07114a3fc1f599ed48bdcddc901de7172d414267a18a50faf6db9,True,False,32,nbldpc_formal_v5a_multistage_q1024_p20_development_062,32,384,5.421010862427522e-20,nbldpc_v5a_ir56,dccb378a454dfb0d9b0830da64c6bfa188566032c09803ddbd2a0e76fca12245,2.168404344971009e-19,705,development,2,0,0,verified_success,0.2,4,837fb1cf1bbe01c7d81e5bc469ce433e624d1901314ed2f9ac5e8155d989919a,1
56b99f45610defa6770f795393035164c7c7f62e0d020c494c1d5109045bdc6d,True,False,32,nbldpc_formal_v5a_multistage_q1024_p20_development_063,32,384,5.421010862427522e-20,nbldpc_v5a_ir56,dccb378a454dfb0d9b0830da64c6bfa188566032c09803ddbd2a0e76fca12245,2.168404344971009e-19,705,development,2,0,0,verified_success,0.2,4,417c198d8aff1f730de2de24178fdd5f41555ee3dee21f92ec438702e8bb036c,1
6fcaad6b90668511be4bb516402f1a1edec117a6643379cf96e37079103ef324,True,True,48,nbldpc_formal_v5a_multistage_q1024_p30_development_000,40,544,5.421010862427522e-20,nbldpc_v5a_ir56,dccb378a454dfb0d9b0830da64c6bfa188566032c09803ddbd2a0e76fca12245,2.168404344971009e-19,707,development,12,6,0,verified_success,0.3,7,9410991d5f54c672187350c2a5ca3ca47eba0252782f15217ff4c502d7c844cf,1
94bd120119f12a41658d418d3e9e0297a8e5782bd0db17833a6a636d2e666ecf,True,False,40,nbldpc_formal_v5a_multistage_q1024_p30_development_001,40,464,5.421010862427522e-20,nbldpc_v5a_ir56,dccb378a454dfb0d9b0830da64c6bfa188566032c09803ddbd2a0e76fca12245,2.168404344971009e-19,705,development,2,0,0,verified_success,0.3,4,18fc26e5e76151e82c236d2d23a76cb33fb0fbc7fd733c6f69d2653bd9c2ea75,1
d25d0877ee78205ffedbb32bc833e2ed7c0a71ac22dce7f06efb8056a73bc046,True,False,40,nbldpc_formal_v5a_multistage_q1024_p30_development_002,40,464,5.421010862427522e-20,nbldpc_v5a_ir56,dccb378a454dfb0d9b0830da64c6bfa188566032c09803ddbd2a0e76fca12245,2.168404344971009e-19,705,development,3,0,0,verified_success,0.3,4,9ca961926d443981628efeb3c7c95e2810b92dba74b9809182f5f53799abb2d1,1
c3ebeeb99a032eba06aa149bd9e0727573b02eb96d4e29d1b5d88e0842d7ab00,True,False,40,nbldpc_formal_v5a_multistage_q1024_p30_development_003,40,464,5.421010862427522e-20,nbldpc_v5a_ir56,dccb378a454dfb0d9b0830da64c6bfa188566032c09803ddbd2a0e76fca12245,2.168404344971009e-19,705,development,6,0,0,verified_success,0.3,4,9076c10041632ba3ff9d74cf62fca0789a08dd63fe86d95b2c43833187bee7e5,1
6fc202e38b05ae5ad127c15770d5d5b1059f2fe043aad4c0e2848c2c92317139,True,False,40,nbldpc_formal_v5a_multistage_q1024_p30_development_004,40,464,5.421010862427522e-20,nbldpc_v5a_ir56,dccb378a454dfb0d9b0830da64c6bfa188566032c09803ddbd2a0e76fca12245,2.168404344971009e-19,705,development,3,0,0,verified_success,0.3,4,1993a664b64faa7245ef5f3ca1edd271616f4ab2ffdceb2cb6fa5c8c7f3d8ead,1
543a1a8ea1bf6118f2df350a473bea6a2eb206e733edf9cecd052ad4b705e7a6,True,False,40,nbldpc_formal_v5a_multistage_q1024_p30_development_005,40,464,5.421010862427522e-20,nbldpc_v5a_ir56,dccb378a454dfb0d9b0830da64c6bfa188566032c09803ddbd2a0e76fca12245,2.168404344971009e-19,705,development,2,0,0,verified_success,0.3,4,0481bb5da9b85a236f1ba1c34f4668bc703ddb20336a98c65a895f81b345638f,1
2259e955f6b9bdcfadce23f50e4fff95517315dbc2318c79a1d35b119474a584,True,False,40,nbldpc_formal_v5a_multistage_q1024_p30_development_006,40,464,5.421010862427522e-20,nbldpc_v5a_ir56,dccb378a454dfb0d9b0830da64c6bfa188566032c09803ddbd2a0e76fca12245,2.168404344971009e-19,705,development,4,0,0,verified_success,0.3,4,a5d85ffd9d4daceb7480758cf94368c9b48900c579fd80bcbf2e7bb5c26de5f8,1
ba0cdb549d649c363428a33500d0161521b37a93cbea3d43ca1e44bad61540f2,True,False,40,nbldpc_formal_v5a_multistage_q1024_p30_development_007,40,464,5.421010862427522e-20,nbldpc_v5a_ir56,dccb378a454dfb0d9b0830da64c6bfa188566032c09803ddbd2a0e76fca12245,2.168404344971009e-19,705,development,4,0,0,verified_success,0.3,4,7ff0896dea0af3f357c34b8d856e1c032f4303b555f30eb5fa3009433cf20492,1
6aaeb0974a202fb51827c53e7459c52bb8c1d48c975b27a94475be1dbda98da3,True,True,56,nbldpc_formal_v5a_multistage_q1024_p30_development_008,40,624,5.421010862427522e-20,nbldpc_v5a_ir56,dccb378a454dfb0d9b0830da64c6bfa188566032c09803ddbd2a0e76fca12245,2.168404344971009e-19,709,development,12,12,4,verified_success,0.3,10,6e0ae83e0728a4abba4727a987d10dff9a45edbae712693f250bff3dce5c1615,1
7d34b5f65a7174012194002f5a2ebbd4ba0a58942a9307573d3af0f0eaedb95c,True,False,40,nbldpc_formal_v5a_multistage_q1024_p30_development_009,40,464,5.421010862427522e-20,nbldpc_v5a_ir56,dccb378a454dfb0d9b0830da64c6bfa188566032c09803ddbd2a0e76fca12245,2.168404344971009e-19,705,development,3,0,0,verified_success,0.3,4,561ad49a41af39ca566d07d8680f70e3ad7dbab07aceee394730792cf2d5ebd7,1
08249e749a54651c9337686f51e797710115b6e9b3eb71833a441ca088413504,True,False,40,nbldpc_formal_v5a_multistage_q1024_p30_development_010,40,464,5.421010862427522e-20,nbldpc_v5a_ir56,dccb378a454dfb0d9b0830da64c6bfa188566032c09803ddbd2a0e76fca12245,2.168404344971009e-19,705,development,4,0,0,verified_success,0.3,4,f8f7bc7ef556dd5173faf23fb7125879a4f5f24bfeb31454e7f9a30565ba73f9,1
b2da708cb865cd005106399e61862cfc375efcc9f7d1ed5bdabe58aad3002376,True,False,40,nbldpc_formal_v5a_multistage_q1024_p30_development_011,40,464,5.421010862427522e-20,nbldpc_v5a_ir56,dccb378a454dfb0d9b0830da64c6bfa188566032c09803ddbd2a0e76fca12245,2.168404344971009e-19,705,development,2,0,0,verified_success,0.3,4,edf25c32380960c2337047b1f4f89d0b1608f61aaf3358afabd55235ee7668a8,1
b69c597b4c863ba12c924c38f140ff9e0fc26bde174d029ee947db979913865c,True,False,40,nbldpc_formal_v5a_multistage_q1024_p30_development_012,40,464,5.421010862427522e-20,nbldpc_v5a_ir56,dccb378a454dfb0d9b0830da64c6bfa188566032c09803ddbd2a0e76fca12245,2.168404344971009e-19,705,development,2,0,0,verified_success,0.3,4,4c03656f741090242a58f9c61e38758ce0494449b38843330e752c51d27f7ac4,1
30aff16956036dc672135ea267dec2b9de8e74275e91238d02c87b6f23bb95a6,True,False,40,nbldpc_formal_v5a_multistage_q1024_p30_development_013,40,464,5.421010862427522e-20,nbldpc_v5a_ir56,dccb378a454dfb0d9b0830da64c6bfa188566032c09803ddbd2a0e76fca12245,2.168404344971009e-19,705,development,2,0,0,verified_success,0.3,4,16ed71a49485a625f963c291ec9361c349030fb8608b67e819c63004d686c378,1
d8cd39496bd51b42deb9aaf216762128c8f472ec5434488cd0fdec28f4f34e08,True,False,40,nbldpc_formal_v5a_multistage_q1024_p30_development_014,40,464,5.421010862427522e-20,nbldpc_v5a_ir56,dccb378a454dfb0d9b0830da64c6bfa188566032c09803ddbd2a0e76fca12245,2.168404344971009e-19,705,development,2,0,0,verified_success,0.3,4,b15cea7e8b0055f99e6f9c4210755f38890764872e18adb73c889d7d014dd16c,1
7ca50ae725826b58341c984a07b1831852244114ada447c90141c677118ee568,True,False,40,nbldpc_formal_v5a_multistage_q1024_p30_development_015,40,464,5.421010862427522e-20,nbldpc_v5a_ir56,dccb378a454dfb0d9b0830da64c6bfa188566032c09803ddbd2a0e76fca12245,2.168404344971009e-19,705,development,3,0,0,verified_success,0.3,4,68c7426f784d8f48a552ea4fd3d08476f8280c719c8c86be03e6b9f259ab81bb,1
43a8f6ff27ac1320621131cfcfee033ced9ab1e0b59c97bef51da705db060cb2,True,False,40,nbldpc_formal_v5a_multistage_q1024_p30_development_016,40,464,5.421010862427522e-20,nbldpc_v5a_ir56,dccb378a454dfb0d9b0830da64c6bfa188566032c09803ddbd2a0e76fca12245,2.168404344971009e-19,705,development,3,0,0,verified_success,0.3,4,cc37e26c6f55604804e7deb8d4cf63436829c65ac0462d0e7fe99e06255b3a24,1
521b83f4ede8a696960d2631bb553adcb281a19b3cbb4bf941f6d43d37a6f310,True,False,40,nbldpc_formal_v5a_multistage_q1024_p30_development_017,40,464,5.421010862427522e-20,nbldpc_v5a_ir56,dccb378a454dfb0d9b0830da64c6bfa188566032c09803ddbd2a0e76fca12245,2.168404344971009e-19,705,development,3,0,0,verified_success,0.3,4,c9834911a1571179168284021a48b80d4f029821cb994f5afdb8216d08ea44e7,1
b21a9ce10398aa1750eb5ce71f90c75ed6221678de46fbc639ce76ad3e97f45d,True,False,40,nbldpc_formal_v5a_multistage_q1024_p30_development_018,40,464,5.421010862427522e-20,nbldpc_v5a_ir56,dccb378a454dfb0d9b0830da64c6bfa188566032c09803ddbd2a0e76fca12245,2.168404344971009e-19,705,development,2,0,0,verified_success,0.3,4,31e346d2f6e550c4cefcf05594d03700ddd2946bf63bf7334e518e93263dbd8c,1
8be313d8576ab27c7586cfac83845e39d2b6408d4f7ce074ec47e7de520e7232,True,False,40,nbldpc_formal_v5a_multistage_q1024_p30_development_019,40,464,5.421010862427522e-20,nbldpc_v5a_ir56,dccb378a454dfb0d9b0830da64c6bfa188566032c09803ddbd2a0e76fca12245,2.168404344971009e-19,705,development,4,0,0,verified_success,0.3,4,d358aa7f6ed150b7d6e0fbfa166ed0827da69ab1384f67f9410203b742cce1b7,1
c16778522880c888c4bb6f97fa0b7730d404e22306d11d696f805acf6cc68bdc,True,False,40,nbldpc_formal_v5a_multistage_q1024_p30_development_020,40,464,5.421010862427522e-20,nbldpc_v5a_ir56,dccb378a454dfb0d9b0830da64c6bfa188566032c09803ddbd2a0e76fca12245,2.168404344971009e-19,705,development,3,0,0,verified_success,0.3,4,25875545053da65a8d111dc8d69993c6eff858133d660c3e417279dfaa364ddb,1
69cc6ee1f07af670f18d10f343051db864fc6d2ea7cc0c0b187696f525d552a6,True,False,40,nbldpc_formal_v5a_multistage_q1024_p30_development_021,40,464,5.421010862427522e-20,nbldpc_v5a_ir56,dccb378a454dfb0d9b0830da64c6bfa188566032c09803ddbd2a0e76fca12245,2.168404344971009e-19,705,development,2,0,0,verified_success,0.3,4,6dae4867bb0e5f11e53bcb4a7de60e013ec6ce3824abd31c79fafef369669dba,1
270a8cd7f32033f1e2c7fee4a26237fabe1dd3e7edf19e5e8e06bba899fb3442,True,False,40,nbldpc_formal_v5a_multistage_q1024_p30_development_022,40,464,5.421010862427522e-20,nbldpc_v5a_ir56,dccb378a454dfb0d9b0830da64c6bfa188566032c09803ddbd2a0e76fca12245,2.168404344971009e-19,705,development,3,0,0,verified_success,0.3,4,5f26b0f51f35c7295e5d37b8c697ef976654cf97ac9a05a44406bf557fcd6558,1
a29ad6c6cdbf05996d691d93d0513ef5199d71a2fb91234d6c6d80f12698c4b5,True,False,40,nbldpc_formal_v5a_multistage_q1024_p30_development_023,40,464,5.421010862427522e-20,nbldpc_v5a_ir56,dccb378a454dfb0d9b0830da64c6bfa188566032c09803ddbd2a0e76fca12245,2.168404344971009e-19,705,development,2,0,0,verified_success,0.3,4,d4885e934bd559ac8d8a5cc0301eb4f4c43dca5e02949904edd1f118f547998d,1
e1b7bf05bd0928719c7d91621891d76a9fd9b41238db59c3c94b13144d504843,True,False,40,nbldpc_formal_v5a_multistage_q1024_p30_development_024,40,464,5.421010862427522e-20,nbldpc_v5a_ir56,dccb378a454dfb0d9b0830da64c6bfa188566032c09803ddbd2a0e76fca12245,2.168404344971009e-19,705,development,2,0,0,verified_success,0.3,4,0da767720a73baee9b6875061771c019d8723501743fc472b6272544290e0a72,1
584a1d44645e8f0c9537ea3a701dffb68bd36e21de50f77b0a06148f1d623eae,True,False,40,nbldpc_formal_v5a_multistage_q1024_p30_development_025,40,464,5.421010862427522e-20,nbldpc_v5a_ir56,dccb378a454dfb0d9b0830da64c6bfa188566032c09803ddbd2a0e76fca12245,2.168404344971009e-19,705,development,3,0,0,verified_success,0.3,4,ba23f8b8785ee654e0c2a6769032fb612c57ce92e3b9851e883bb3f2c0381839,1
7263270483c639c0888d26e935e131e134fa885e9f655464c2747b31fb211770,True,False,40,nbldpc_formal_v5a_multistage_q1024_p30_development_026,40,464,5.421010862427522e-20,nbldpc_v5a_ir56,dccb378a454dfb0d9b0830da64c6bfa188566032c09803ddbd2a0e76fca12245,2.168404344971009e-19,705,development,2,0,0,verified_success,0.3,4,4d00194e1ae10cebebf98696b9adf51bab6ec37d6cc84e92cd26d214c8ee4ee5,1
9d678554384380bb0e35f95dbe3650f8f5248d3e655b4c1cf7290bc2c0d7f447,True,False,40,nbldpc_formal_v5a_multistage_q1024_p30_development_027,40,464,5.421010862427522e-20,nbldpc_v5a_ir56,dccb378a454dfb0d9b0830da64c6bfa188566032c09803ddbd2a0e76fca12245,2.168404344971009e-19,705,development,7,0,0,verified_success,0.3,4,bc514247d9fc459649bab0587cb1d68f54b7dc3221e1b9749135c9edbf2974c5,1
7d02e9d7e205027571df4437a7ffadd7e6b39effa7b0e2c8d0bb75199e4f474e,True,False,40,nbldpc_formal_v5a_multistage_q1024_p30_development_028,40,464,5.421010862427522e-20,nbldpc_v5a_ir56,dccb378a454dfb0d9b0830da64c6bfa188566032c09803ddbd2a0e76fca12245,2.168404344971009e-19,705,development,2,0,0,verified_success,0.3,4,21f1d97fd606f406d54f3e62dacb9c5939bb3f191e8e424102e2acba0596cc95,1
959a52c2ca97a34e2fbf44176629076a1249573b0285a00931eac85094586a58,True,False,40,nbldpc_formal_v5a_multistage_q1024_p30_development_029,40,464,5.421010862427522e-20,nbldpc_v5a_ir56,dccb378a454dfb0d9b0830da64c6bfa188566032c09803ddbd2a0e76fca12245,2.168404344971009e-19,705,development,2,0,0,verified_success,0.3,4,7a7ee836ab1a272cf52cb5fcdc9fe9c6c98656e569ae39b8de282a04d4209747,1
1ac555f695e6122272bd61038c96d9e60bac009e8964f22b3e19bb94c47e6558,True,False,40,nbldpc_formal_v5a_multistage_q1024_p30_development_030,40,464,5.421010862427522e-20,nbldpc_v5a_ir56,dccb378a454dfb0d9b0830da64c6bfa188566032c09803ddbd2a0e76fca12245,2.168404344971009e-19,705,development,2,0,0,verified_success,0.3,4,a0ea3d42ba6d3558831ae54c85ce6abf6ac22143bbeb7da2cc1d05d2662d6006,1
012668fc23e018bab54b40c39aa7f56e4b36db93954135c98cf88fd04d070859,True,False,40,nbldpc_formal_v5a_multistage_q1024_p30_development_031,40,464,5.421010862427522e-20,nbldpc_v5a_ir56,dccb378a454dfb0d9b0830da64c6bfa188566032c09803ddbd2a0e76fca12245,2.168404344971009e-19,705,development,2,0,0,verified_success,0.3,4,fc1f783f0d2a6b12f7181f60bbeca33e1d78b9b46e37e6b1dbd72f9ec928fc3f,1
aa20a68ad708c1013bc6438492492853ee8451e4b517ffaaff52a16fccae75f4,True,True,48,nbldpc_formal_v5a_multistage_q1024_p30_development_032,40,544,5.421010862427522e-20,nbldpc_v5a_ir56,dccb378a454dfb0d9b0830da64c6bfa188566032c09803ddbd2a0e76fca12245,2.168404344971009e-19,707,development,12,3,0,verified_success,0.3,7,3bebe182bbd2d84d60199f03079bb90c90be5845d510faf2fc38ea2c60027075,1
fecd864ee13d5eed3d4cf1057dbf12190e8b828d11d47d1e929ce894a54d8147,True,False,40,nbldpc_formal_v5a_multistage_q1024_p30_development_033,40,464,5.421010862427522e-20,nbldpc_v5a_ir56,dccb378a454dfb0d9b0830da64c6bfa188566032c09803ddbd2a0e76fca12245,2.168404344971009e-19,705,development,5,0,0,verified_success,0.3,4,34828cae75e5e3fcdb5cced6c7851019123e620c9d678a1cea23e703d5c9f411,1
40a6c0789020886d3deb730fe4aec9412e59994175f00c5c7c375e28f883c3ea,True,False,40,nbldpc_formal_v5a_multistage_q1024_p30_development_034,40,464,5.421010862427522e-20,nbldpc_v5a_ir56,dccb378a454dfb0d9b0830da64c6bfa188566032c09803ddbd2a0e76fca12245,2.168404344971009e-19,705,development,2,0,0,verified_success,0.3,4,12ff8232079a26f2084747589ebd9ab97b4e2babe87923f8798fe1d9b8689ddd,1
6ee5c95d08edf0eee90aef62e7ef806fe2c4c55f0221a98cdc584ecbe531cd08,True,False,40,nbldpc_formal_v5a_multistage_q1024_p30_development_035,40,464,5.421010862427522e-20,nbldpc_v5a_ir56,dccb378a454dfb0d9b0830da64c6bfa188566032c09803ddbd2a0e76fca12245,2.168404344971009e-19,705,development,7,0,0,verified_success,0.3,4,26571a435c0e84ae2ba4f55fd7bb545c1f62875678ef59b0002f43430525fbaa,1
eab874ff233febf138baa00e58ad9ffa94b9fc599e32b821d76e65ed94c0d9e5,True,False,40,nbldpc_formal_v5a_multistage_q1024_p30_development_036,40,464,5.421010862427522e-20,nbldpc_v5a_ir56,dccb378a454dfb0d9b0830da64c6bfa188566032c09803ddbd2a0e76fca12245,2.168404344971009e-19,705,development,3,0,0,verified_success,0.3,4,e290b8ca87824400dc314f2f4324d8b0e8dfeef50f3675aa932cacda8e38c097,1
a0cab02aac49489e19b405bc6cf2940fbae02b63c3c0df211ba97d88ab9b5de5,True,False,40,nbldpc_formal_v5a_multistage_q1024_p30_development_037,40,464,5.421010862427522e-20,nbldpc_v5a_ir56,dccb378a454dfb0d9b0830da64c6bfa188566032c09803ddbd2a0e76fca12245,2.168404344971009e-19,705,development,3,0,0,verified_success,0.3,4,c767d0dba63b23797f172e662322345e5a4ed8167ac6796f7aa747262fc0123d,1
c9527090173e67a4b13ec5d3b13fd528dfc7902bbf587034c8f47e23f8d90e72,True,False,40,nbldpc_formal_v5a_multistage_q1024_p30_development_038,40,464,5.421010862427522e-20,nbldpc_v5a_ir56,dccb378a454dfb0d9b0830da64c6bfa188566032c09803ddbd2a0e76fca12245,2.168404344971009e-19,705,development,3,0,0,verified_success,0.3,4,28ca9532db9c22667385a6ceba611811bed0388a3c8540d440f5a8484bca3d02,1
c2423d854281e818414bdc0e380d10e09b647c45f73f7b0f56b614a49fd66219,True,False,40,nbldpc_formal_v5a_multistage_q1024_p30_development_039,40,464,5.421010862427522e-20,nbldpc_v5a_ir56,dccb378a454dfb0d9b0830da64c6bfa188566032c09803ddbd2a0e76fca12245,2.168404344971009e-19,705,development,4,0,0,verified_success,0.3,4,45adc4712c87c5a1fe2426106493b5316cd4c09cb19d5eab17eecac7efdc38b8,1
c5da304948d5e01fca1780768daac225b41fe0ec06a872d364cb07cc6f711f41,True,False,40,nbldpc_formal_v5a_multistage_q1024_p30_development_040,40,464,5.421010862427522e-20,nbldpc_v5a_ir56,dccb378a454dfb0d9b0830da64c6bfa188566032c09803ddbd2a0e76fca12245,2.168404344971009e-19,705,development,4,0,0,verified_success,0.3,4,7b8abceab4c48bf875932cc29ea06ad1c3530eb524a91a09f316af183325e01c,1
855f1d2c87b4f876e3597db9f8546510277bf0e3b952fe7e71fb8c3d6e1b8b15,True,False,40,nbldpc_formal_v5a_multistage_q1024_p30_development_041,40,464,5.421010862427522e-20,nbldpc_v5a_ir56,dccb378a454dfb0d9b0830da64c6bfa188566032c09803ddbd2a0e76fca12245,2.168404344971009e-19,705,development,2,0,0,verified_success,0.3,4,074369f5e190e61273a98ab3f8e452bc5b3e833b435da6aeff50b356ed20356b,1
3b535184bef876db2f21a02bcef9f29bad2f7d6368462bb797f08172302fbd7d,True,False,40,nbldpc_formal_v5a_multistage_q1024_p30_development_042,40,464,5.421010862427522e-20,nbldpc_v5a_ir56,dccb378a454dfb0d9b0830da64c6bfa188566032c09803ddbd2a0e76fca12245,2.168404344971009e-19,705,development,2,0,0,verified_success,0.3,4,e5879f467cdd3c90f006da2f6e5aaaf069f26ebdd22748d657b7d8b1ecdbe438,1
3e3bc543628e72170cbd74df770aa33765cf5d185d600a2b6bccfd3e7bd06e77,True,False,40,nbldpc_formal_v5a_multistage_q1024_p30_development_043,40,464,5.421010862427522e-20,nbldpc_v5a_ir56,dccb378a454dfb0d9b0830da64c6bfa188566032c09803ddbd2a0e76fca12245,2.168404344971009e-19,705,development,2,0,0,verified_success,0.3,4,71f23ce4296ee48136452edaa19d3e83f19b1d25d94e4527888c0d69d828859a,1
80c5b615448e89adf77fe34d895839aea915b7c0f1d6022abcae4b696a5482b8,True,False,40,nbldpc_formal_v5a_multistage_q1024_p30_development_044,40,464,5.421010862427522e-20,nbldpc_v5a_ir56,dccb378a454dfb0d9b0830da64c6bfa188566032c09803ddbd2a0e76fca12245,2.168404344971009e-19,705,development,2,0,0,verified_success,0.3,4,1327c14e7f5403989d2eb6ea2c90bfb1eac30ab8e2be649da5b18d8524ad7a74,1
c4d817592ccc107050ac601db0762c342c6331a89d3894f8629b24d53a5f0ddb,True,True,48,nbldpc_formal_v5a_multistage_q1024_p30_development_045,40,544,5.421010862427522e-20,nbldpc_v5a_ir56,dccb378a454dfb0d9b0830da64c6bfa188566032c09803ddbd2a0e76fca12245,2.168404344971009e-19,707,development,12,7,0,verified_success,0.3,7,a41bcafa38af3e6e1bcdede6185ec6a8369fb762ca139a8e9926551bef86d807,1
a2d8577ff45e96a4932f1205ade80b8583a76b9343fd7a4f234e42b3942b44b8,True,False,40,nbldpc_formal_v5a_multistage_q1024_p30_development_046,40,464,5.421010862427522e-20,nbldpc_v5a_ir56,dccb378a454dfb0d9b0830da64c6bfa188566032c09803ddbd2a0e76fca12245,2.168404344971009e-19,705,development,2,0,0,verified_success,0.3,4,a6dc1b0570e881cd093a0ca5b16418b39547b08ad23f59b448441c8fbdfa3c97,1
30f1ff32981ba49bfdc6ad2b95c5ee9d93ec96f74cad9e1234bd37664635ef4a,True,True,56,nbldpc_formal_v5a_multistage_q1024_p30_development_047,40,560,,nbldpc_v5a_ir56,dccb378a454dfb0d9b0830da64c6bfa188566032c09803ddbd2a0e76fca12245,2.168404344971009e-19,6,development,12,12,12,decode_failed,0.3,9,ac5de22ba3b0ea2354b03eaf7fd5e8f9f265cc27fd4898aef4505b1cbec8ceac,0
0980946267ad974f3c8f12264d47f3bbcf8d218d072e9c99d9eb70d1ea5017b1,True,False,40,nbldpc_formal_v5a_multistage_q1024_p30_development_048,40,464,5.421010862427522e-20,nbldpc_v5a_ir56,dccb378a454dfb0d9b0830da64c6bfa188566032c09803ddbd2a0e76fca12245,2.168404344971009e-19,705,development,2,0,0,verified_success,0.3,4,cc81ac3264987687f308c2589b2938296c3c7f8ad09dc4e4dd20a0e45ff350be,1
4b76fc5986c62ac42af988440b449525de9971d94165cbe49906bdbbf6bac25e,True,False,40,nbldpc_formal_v5a_multistage_q1024_p30_development_049,40,464,5.421010862427522e-20,nbldpc_v5a_ir56,dccb378a454dfb0d9b0830da64c6bfa188566032c09803ddbd2a0e76fca12245,2.168404344971009e-19,705,development,2,0,0,verified_success,0.3,4,dd53da04374de4ae8a49bbe382dbd378da9fd21173b8eb70cfdd168b26aec8b2,1
ac25eb4fe8328805a621c2c58f611079583f3ff6b02e18eaeafc75d71dcc5d3e,True,False,40,nbldpc_formal_v5a_multistage_q1024_p30_development_050,40,464,5.421010862427522e-20,nbldpc_v5a_ir56,dccb378a454dfb0d9b0830da64c6bfa188566032c09803ddbd2a0e76fca12245,2.168404344971009e-19,705,development,3,0,0,verified_success,0.3,4,94735d5dbf997c2fc21ea12bd1b906b808a39a730e7a42333e1c649c85596a3a,1
6105749062e7d50da9c73cfac16dc43d8a08df4d01e017518d6c34685fc338f4,True,False,40,nbldpc_formal_v5a_multistage_q1024_p30_development_051,40,464,5.421010862427522e-20,nbldpc_v5a_ir56,dccb378a454dfb0d9b0830da64c6bfa188566032c09803ddbd2a0e76fca12245,2.168404344971009e-19,705,development,3,0,0,verified_success,0.3,4,01c5705fc54b2740e82334d45c3ebc3553e92df3b7bc3484b56b67aca946ef9d,1
448481b71612694ea63be2972d921bc00d30f064008d993f72f55c11f6b02644,True,False,40,nbldpc_formal_v5a_multistage_q1024_p30_development_052,40,464,5.421010862427522e-20,nbldpc_v5a_ir56,dccb378a454dfb0d9b0830da64c6bfa188566032c09803ddbd2a0e76fca12245,2.168404344971009e-19,705,development,3,0,0,verified_success,0.3,4,876b457dc70db36cf77044665a6b7bca9d852c4054bd4c6b79cf2b3f7da8e013,1
c0cf837b0cd12c1a936eb30b66f1c232249d884236cd0e1f171818df869944c1,True,True,56,nbldpc_formal_v5a_multistage_q1024_p30_development_053,40,624,5.421010862427522e-20,nbldpc_v5a_ir56,dccb378a454dfb0d9b0830da64c6bfa188566032c09803ddbd2a0e76fca12245,2.168404344971009e-19,709,development,12,12,6,verified_success,0.3,10,16ba0709ab5c19e8fffafddebdec46ed26f3938482290cc8dd0d81f3a3b84875,1
14171de931fbc8dfd4d787a9a8d80f2711c266ee9760900bd8d8cf519533d8ee,True,True,56,nbldpc_formal_v5a_multistage_q1024_p30_development_054,40,624,5.421010862427522e-20,nbldpc_v5a_ir56,dccb378a454dfb0d9b0830da64c6bfa188566032c09803ddbd2a0e76fca12245,2.168404344971009e-19,709,development,12,12,4,verified_success,0.3,10,0feb64caa6cc0a0796ca4b2850c274efd7eedc56451a697d51cccd3543bbe722,1
bee6f8f4f5f50fae081decd816da05fe9dfb9e5973fe5db478572a4c141e86c0,True,False,40,nbldpc_formal_v5a_multistage_q1024_p30_development_055,40,464,5.421010862427522e-20,nbldpc_v5a_ir56,dccb378a454dfb0d9b0830da64c6bfa188566032c09803ddbd2a0e76fca12245,2.168404344971009e-19,705,development,2,0,0,verified_success,0.3,4,f045f896f5902ebd44257a4a17000b4ca1f8196c2f1e54b08dd5849af2307351,1
3331742950793e13fb93d5baf07f3ba682411ff373840df056c64a36d686bd34,True,False,40,nbldpc_formal_v5a_multistage_q1024_p30_development_056,40,464,5.421010862427522e-20,nbldpc_v5a_ir56,dccb378a454dfb0d9b0830da64c6bfa188566032c09803ddbd2a0e76fca12245,2.168404344971009e-19,705,development,2,0,0,verified_success,0.3,4,a4ac7a65a0e88a0036186dc97bdbff18575a0fd1a5f9446a512362b2fa42ffbe,1
08f034901f85e3e44d213514098663d2b52acacc35d7055751c4589cc9cef7e7,True,False,40,nbldpc_formal_v5a_multistage_q1024_p30_development_057,40,464,5.421010862427522e-20,nbldpc_v5a_ir56,dccb378a454dfb0d9b0830da64c6bfa188566032c09803ddbd2a0e76fca12245,2.168404344971009e-19,705,development,2,0,0,verified_success,0.3,4,6f999fdde0e0f5b0194072111f333f1126b45da3b2ae499affbdca40180ed28f,1
5b02b970bf444066039d0eb2e858cdd923e8f9b33fcf432a4116b729b49255db,True,False,40,nbldpc_formal_v5a_multistage_q1024_p30_development_058,40,464,5.421010862427522e-20,nbldpc_v5a_ir56,dccb378a454dfb0d9b0830da64c6bfa188566032c09803ddbd2a0e76fca12245,2.168404344971009e-19,705,development,3,0,0,verified_success,0.3,4,d9cc179a03fb8f42f84ff69e9443f6fee4d77612361b788269e35a08fae8770a,1
fd6dd1e470438cc4898d858fcace81ca6d534c992ed11f0fcb54baefee7052ef,True,False,40,nbldpc_formal_v5a_multistage_q1024_p30_development_059,40,464,5.421010862427522e-20,nbldpc_v5a_ir56,dccb378a454dfb0d9b0830da64c6bfa188566032c09803ddbd2a0e76fca12245,2.168404344971009e-19,705,development,2,0,0,verified_success,0.3,4,99f7fd229dccd38274eb5b37ef50dcca6ad6185aa0849de36038c4c7459c824c,1
f0312fe8d6245e808584d04fbb52c5637990ae9912ef7c98c80ff1a08c662f7d,True,False,40,nbldpc_formal_v5a_multistage_q1024_p30_development_060,40,464,5.421010862427522e-20,nbldpc_v5a_ir56,dccb378a454dfb0d9b0830da64c6bfa188566032c09803ddbd2a0e76fca12245,2.168404344971009e-19,705,development,4,0,0,verified_success,0.3,4,bd933c8de603868d201c9c01881947a55012cff6da0d0ac09d95557fb9656557,1
38ed0f7dc7d40c95bc6a821ead8e16a2fc82f52284929297a3e213481cfcaf6f,True,False,40,nbldpc_formal_v5a_multistage_q1024_p30_development_061,40,464,5.421010862427522e-20,nbldpc_v5a_ir56,dccb378a454dfb0d9b0830da64c6bfa188566032c09803ddbd2a0e76fca12245,2.168404344971009e-19,705,development,2,0,0,verified_success,0.3,4,d5d3942623019b213f89dd47bef33c0e22a43a16634f126e72378f807cce8bab,1
25a290cb00b6c78b9ddadc47159d8b5b6395d139cd3426a490a2c0a47e102d7a,True,True,48,nbldpc_formal_v5a_multistage_q1024_p30_development_062,40,544,5.421010862427522e-20,nbldpc_v5a_ir56,dccb378a454dfb0d9b0830da64c6bfa188566032c09803ddbd2a0e76fca12245,2.168404344971009e-19,707,development,12,7,0,verified_success,0.3,7,a498f01321e0d4d5e2c29ea9616eb50714f175661e45f29f9efb83f5812a4604,1
a85eba2bdb3385276ad2066c5d26f5f54c46d96bb9a9f188723b38bd38d31cbc,True,False,40,nbldpc_formal_v5a_multistage_q1024_p30_development_063,40,464,5.421010862427522e-20,nbldpc_v5a_ir56,dccb378a454dfb0d9b0830da64c6bfa188566032c09803ddbd2a0e76fca12245,2.168404344971009e-19,705,development,2,0,0,verified_success,0.3,4,3bca9c47abf1ccd6c16144b1bf29a9b45831b90744607d3b0c0e76f4c657947c,1
ee0f9f7b8253860bf6fbe9e6a0c0a36db293bd9e1efdbc3ef1d70a8c15d16f10,True,False,32,nbldpc_formal_v5a_multistage_q1024_p20_development_000,32,384,5.421010862427522e-20,nbldpc_v5a_ir48,203b110a205f9faa900ea9172856e8805c75769e99974fef805dcf6af2e07300,1.0842021724855044e-19,705,development,2,0,0,verified_success,0.2,4,a0847a61295f631fab67b251ec0f46d21684fbd55fadfd026e8e8bc749ec90c3,1
61a904c186b517b25626b9a95a365d334c3c03b3041be523a19898055f0ce45d,True,False,32,nbldpc_formal_v5a_multistage_q1024_p20_development_001,32,384,5.421010862427522e-20,nbldpc_v5a_ir48,203b110a205f9faa900ea9172856e8805c75769e99974fef805dcf6af2e07300,1.0842021724855044e-19,705,development,2,0,0,verified_success,0.2,4,0c852722d586fdcad39a591193a6cf511c9d766004c0f28511dfb5059c670bda,1
34fb06374bfaf5fa372dc131841bd5b8e402554dd9fa60f5085860b9138742b6,True,False,32,nbldpc_formal_v5a_multistage_q1024_p20_development_002,32,384,5.421010862427522e-20,nbldpc_v5a_ir48,203b110a205f9faa900ea9172856e8805c75769e99974fef805dcf6af2e07300,1.0842021724855044e-19,705,development,3,0,0,verified_success,0.2,4,6885d1be3d44ee6d80087fc93c69f2a144b7cc2650612866764dc921cdb24404,1
12c2a65f3db266834d6f11f7f83cf12c134a12c6848502a5fa27a5f6bf67be85,True,False,32,nbldpc_formal_v5a_multistage_q1024_p20_development_003,32,384,5.421010862427522e-20,nbldpc_v5a_ir48,203b110a205f9faa900ea9172856e8805c75769e99974fef805dcf6af2e07300,1.0842021724855044e-19,705,development,2,0,0,verified_success,0.2,4,4b244afa1b416161fffdf4f97dc5f3453bcdd0665ecdce7432245ec6709b6883,1
e008562d0208998f60bdedd9e26d709ddbed67ae0b449d2e4d53032aeb3e7ad4,True,False,32,nbldpc_formal_v5a_multistage_q1024_p20_development_004,32,384,5.421010862427522e-20,nbldpc_v5a_ir48,203b110a205f9faa900ea9172856e8805c75769e99974fef805dcf6af2e07300,1.0842021724855044e-19,705,development,3,0,0,verified_success,0.2,4,44a1147ebd1797f01895bac261dc4cd7106e15f34d39d8c03f39babe3d01e371,1
791f5fd9739411aeb1f330802e997873d256fe7326650019e511fe16e2bf875a,True,False,32,nbldpc_formal_v5a_multistage_q1024_p20_development_005,32,384,5.421010862427522e-20,nbldpc_v5a_ir48,203b110a205f9faa900ea9172856e8805c75769e99974fef805dcf6af2e07300,1.0842021724855044e-19,705,development,5,0,0,verified_success,0.2,4,6215fbf3ed70984f454a3cc7732ebf78b1a5034da284419fbdc0fb29040dd92e,1
71e205e10171c2edc09172c1d60f1931ab069bbb5be49c0e5ab0f5191f8bcfb6,True,False,32,nbldpc_formal_v5a_multistage_q1024_p20_development_006,32,384,5.421010862427522e-20,nbldpc_v5a_ir48,203b110a205f9faa900ea9172856e8805c75769e99974fef805dcf6af2e07300,1.0842021724855044e-19,705,development,2,0,0,verified_success,0.2,4,a1fa097991bd1af45fc8af72501c82b511d10b56a7ed96702586673ca38a19c7,1
360e579c19eded56415f9361e8a2dc526966b778826e5ecb54a1f7fb2d59b9f2,True,False,32,nbldpc_formal_v5a_multistage_q1024_p20_development_007,32,384,5.421010862427522e-20,nbldpc_v5a_ir48,203b110a205f9faa900ea9172856e8805c75769e99974fef805dcf6af2e07300,1.0842021724855044e-19,705,development,4,0,0,verified_success,0.2,4,e9a0785b2e5cd91a96d649b5d8e0e52d3ffd5520fd3ce92017ce2541fe4bccca,1
3ad3ee73d9a8d375a5a57a0c502919b9bf1768fb68fed32a89a32699d0401b7a,True,False,32,nbldpc_formal_v5a_multistage_q1024_p20_development_008,32,384,5.421010862427522e-20,nbldpc_v5a_ir48,203b110a205f9faa900ea9172856e8805c75769e99974fef805dcf6af2e07300,1.0842021724855044e-19,705,development,4,0,0,verified_success,0.2,4,e9abb6a0e5667ace1c727576c7537b27d6f1029f2a0553dd3b3b51fc0370258a,1
e9834c5cd5d5c9422ce034bf22d14e680f510db76cef5941de1c931cdb06d909,True,False,32,nbldpc_formal_v5a_multistage_q1024_p20_development_009,32,384,5.421010862427522e-20,nbldpc_v5a_ir48,203b110a205f9faa900ea9172856e8805c75769e99974fef805dcf6af2e07300,1.0842021724855044e-19,705,development,2,0,0,verified_success,0.2,4,17106829d4f520761cde44e58ad7664e1b73be7a97a91d6bf3b22493d75552cf,1
5a605f1302a1f6bbe19a16213203f74ff24afbc009d339a23772fdb5fdd5f676,True,False,32,nbldpc_formal_v5a_multistage_q1024_p20_development_010,32,384,5.421010862427522e-20,nbldpc_v5a_ir48,203b110a205f9faa900ea9172856e8805c75769e99974fef805dcf6af2e07300,1.0842021724855044e-19,705,development,2,0,0,verified_success,0.2,4,c3299c6bcca7a04e77d2351449058d3dddbf0bb50d73dcec48058b7a160d3fb2,1
9fefbe3e8f0478ce3dd607619415033daf56f1280c0b931d8d3730eab3f769e0,True,False,32,nbldpc_formal_v5a_multistage_q1024_p20_development_011,32,384,5.421010862427522e-20,nbldpc_v5a_ir48,203b110a205f9faa900ea9172856e8805c75769e99974fef805dcf6af2e07300,1.0842021724855044e-19,705,development,2,0,0,verified_success,0.2,4,7385f1d1291ba753bba769dee9e340d6394e4985169ae89da8beaba46f196444,1
e65240c21475efd6da81cf6c8dcbe2563fd9367be0cbc5757b70cd0abb0cd2e1,True,False,32,nbldpc_formal_v5a_multistage_q1024_p20_development_012,32,384,5.421010862427522e-20,nbldpc_v5a_ir48,203b110a205f9faa900ea9172856e8805c75769e99974fef805dcf6af2e07300,1.0842021724855044e-19,705,development,3,0,0,verified_success,0.2,4,c322ae6887e67ba07cdde8fd2a065b0262caf3a824628849f7b237c6fc844798,1
07a1d22e231b9a9db10b51587927fd9c157cd6addf9e2314b9ba8594b6bc13a9,True,False,32,nbldpc_formal_v5a_multistage_q1024_p20_development_013,32,384,5.421010862427522e-20,nbldpc_v5a_ir48,203b110a205f9faa900ea9172856e8805c75769e99974fef805dcf6af2e07300,1.0842021724855044e-19,705,development,2,0,0,verified_success,0.2,4,b2f62347bc005d45f613aa84aff2a7ae627eea2f71a2a4492fc1f97b11e198fc,1
2bf2acdeac1d17231b4d6acf122211ead35aaf9628cc17a182492332e40b06b6,True,False,32,nbldpc_formal_v5a_multistage_q1024_p20_development_014,32,384,5.421010862427522e-20,nbldpc_v5a_ir48,203b110a205f9faa900ea9172856e8805c75769e99974fef805dcf6af2e07300,1.0842021724855044e-19,705,development,3,0,0,verified_success,0.2,4,e6dd872635495f23a7365527e8df550493cd2c370f0b31abbf390640fc64af74,1
3234d13198accd3a2228440d28ff5c4d6daea5ce9777ae2f1f8885fbaefe7279,True,False,32,nbldpc_formal_v5a_multistage_q1024_p20_development_015,32,384,5.421010862427522e-20,nbldpc_v5a_ir48,203b110a205f9faa900ea9172856e8805c75769e99974fef805dcf6af2e07300,1.0842021724855044e-19,705,development,3,0,0,verified_success,0.2,4,76199d3603f8290fbd00cf7ad76ec8888eff6946fabea7e57a418e729844fed2,1
0aec703439cc49addd8101c84fa83b7435be4ab5d983c20da5418b9fda9a8d87,True,False,32,nbldpc_formal_v5a_multistage_q1024_p20_development_016,32,384,5.421010862427522e-20,nbldpc_v5a_ir48,203b110a205f9faa900ea9172856e8805c75769e99974fef805dcf6af2e07300,1.0842021724855044e-19,705,development,2,0,0,verified_success,0.2,4,9f184f794967b5d74374ad39a6af8c2a65b23698c04c11b1c46f33c285e90bd3,1
bb3c505f92f33dbfaeae8fc48d79653dcf656f3c2bbadb031386f3377bf245f4,True,False,32,nbldpc_formal_v5a_multistage_q1024_p20_development_017,32,384,5.421010862427522e-20,nbldpc_v5a_ir48,203b110a205f9faa900ea9172856e8805c75769e99974fef805dcf6af2e07300,1.0842021724855044e-19,705,development,3,0,0,verified_success,0.2,4,db35ecea9d3d7dc9b19837b5680d55ebaa5978c8060bdfa0b3c16e7d58f6e474,1
c216185cd3bcee344f61c041b4d6f97db0d8889bcf7a8d0c41e3b95b4515eeb8,True,False,32,nbldpc_formal_v5a_multistage_q1024_p20_development_018,32,384,5.421010862427522e-20,nbldpc_v5a_ir48,203b110a205f9faa900ea9172856e8805c75769e99974fef805dcf6af2e07300,1.0842021724855044e-19,705,development,3,0,0,verified_success,0.2,4,e712938ac402d89dc3654f0a70ec7853e13f8cbde827ea391121ac4eb93d7837,1
918e88a1cfa006970617bed37c2185df8341f8f570679c1bddc33294cde42189,True,False,32,nbldpc_formal_v5a_multistage_q1024_p20_development_019,32,384,5.421010862427522e-20,nbldpc_v5a_ir48,203b110a205f9faa900ea9172856e8805c75769e99974fef805dcf6af2e07300,1.0842021724855044e-19,705,development,3,0,0,verified_success,0.2,4,6f46c0f7481cade7a8a4c5736342e5130d64e5e1431d818d5e8d1c3ed6cfcdaa,1
f21092152ade723e917c5ad82c4c5a9b179b7f450d405a75c038b323f3169975,True,False,32,nbldpc_formal_v5a_multistage_q1024_p20_development_020,32,384,5.421010862427522e-20,nbldpc_v5a_ir48,203b110a205f9faa900ea9172856e8805c75769e99974fef805dcf6af2e07300,1.0842021724855044e-19,705,development,4,0,0,verified_success,0.2,4,62833a02777cea243cd9dd49e3a52b227f00276eb7689a8043533833a27a2abc,1
86c07c4c0d2903ca7ec5c9b9a198bc3164582b74ba6aa51dd034e1d3d40895be,True,False,32,nbldpc_formal_v5a_multistage_q1024_p20_development_021,32,384,5.421010862427522e-20,nbldpc_v5a_ir48,203b110a205f9faa900ea9172856e8805c75769e99974fef805dcf6af2e07300,1.0842021724855044e-19,705,development,8,0,0,verified_success,0.2,4,03368efc9a5c8b8f07e1cddfca5410e69adaa79207012329fa19be8e7ab58cbf,1
96aa4191d8badb99a6355e6ec22a1fc9289c3a87316bfbc4af71e15cc2cdb33b,True,True,40,nbldpc_formal_v5a_multistage_q1024_p20_development_022,32,464,5.421010862427522e-20,nbldpc_v5a_ir48,203b110a205f9faa900ea9172856e8805c75769e99974fef805dcf6af2e07300,1.0842021724855044e-19,707,development,12,2,0,verified_success,0.2,7,1027ebbd04e411213b9d66b38a894311f650f13d97d7605e97ec89e8bd1c1f03,1
d1c150fba37cbd5771880e8bf94d2948ec6a6872adc24e6665ee0daa30fab9e2,True,False,32,nbldpc_formal_v5a_multistage_q1024_p20_development_023,32,384,5.421010862427522e-20,nbldpc_v5a_ir48,203b110a205f9faa900ea9172856e8805c75769e99974fef805dcf6af2e07300,1.0842021724855044e-19,705,development,2,0,0,verified_success,0.2,4,57b867dc8465e82c482c979660051261ad5408ca558823b25a707d542bf864b1,1
aadbca6cee028754fbf8f1666a630b9a1b997c9b3cbc8a9e13505467f954aefd,True,False,32,nbldpc_formal_v5a_multistage_q1024_p20_development_024,32,384,5.421010862427522e-20,nbldpc_v5a_ir48,203b110a205f9faa900ea9172856e8805c75769e99974fef805dcf6af2e07300,1.0842021724855044e-19,705,development,8,0,0,verified_success,0.2,4,09d151b642b44af951aea74bed9fd963a767815f0e39f11e31778a96dc3b4bbe,1
eed5ec86c71ca49d39d28ed50357a73cc2b498f7fea6ef9d17d95f7cb0a48332,True,False,32,nbldpc_formal_v5a_multistage_q1024_p20_development_025,32,384,5.421010862427522e-20,nbldpc_v5a_ir48,203b110a205f9faa900ea9172856e8805c75769e99974fef805dcf6af2e07300,1.0842021724855044e-19,705,development,2,0,0,verified_success,0.2,4,2cb20f06c43a0928054da1f9c80dc2f6188e43066cc8302555c9b4d756e1bbc1,1
070a22eb2c895feacb06fa07b77a53beda8ffb04b4d21087de085e15aa6a4a3b,True,False,32,nbldpc_formal_v5a_multistage_q1024_p20_development_026,32,384,5.421010862427522e-20,nbldpc_v5a_ir48,203b110a205f9faa900ea9172856e8805c75769e99974fef805dcf6af2e07300,1.0842021724855044e-19,705,development,2,0,0,verified_success,0.2,4,35068f4ff65b3b0514b6df24600ef322f7d4399094f480b03d901abe5ffb9bf2,1
69672e913859cf5a64462b1674e6e805496ff1ae5d4bf9f5420b07ffe14c1890,True,False,32,nbldpc_formal_v5a_multistage_q1024_p20_development_027,32,384,5.421010862427522e-20,nbldpc_v5a_ir48,203b110a205f9faa900ea9172856e8805c75769e99974fef805dcf6af2e07300,1.0842021724855044e-19,705,development,3,0,0,verified_success,0.2,4,71204b885e65c841e63a98768cab821853112acee3059ec161ff0f4f307a679a,1
8439b2453f5457812c44d1b73799bb81bdd4bc58bffb117c04b790667c9ff024,True,True,40,nbldpc_formal_v5a_multistage_q1024_p20_development_028,32,464,5.421010862427522e-20,nbldpc_v5a_ir48,203b110a205f9faa900ea9172856e8805c75769e99974fef805dcf6af2e07300,1.0842021724855044e-19,707,development,12,3,0,verified_success,0.2,7,6ffaf2b376b6a04cee2cb3076bc24d7782718ad60726e2d6c6885773ebee206d,1
bc19b8d80459b9634ecab3c486a9b1756786ca442f7d08609d4131a0a5161746,True,False,32,nbldpc_formal_v5a_multistage_q1024_p20_development_029,32,384,5.421010862427522e-20,nbldpc_v5a_ir48,203b110a205f9faa900ea9172856e8805c75769e99974fef805dcf6af2e07300,1.0842021724855044e-19,705,development,2,0,0,verified_success,0.2,4,8c420243c01de2627e463bb5252ff42613fa86a7431a7fa62effd1ab146f63c0,1
ba15ae9f8706f2989a41382eceed37bf568768ac5923f44c4a7d7f1b24e5261e,True,False,32,nbldpc_formal_v5a_multistage_q1024_p20_development_030,32,384,5.421010862427522e-20,nbldpc_v5a_ir48,203b110a205f9faa900ea9172856e8805c75769e99974fef805dcf6af2e07300,1.0842021724855044e-19,705,development,4,0,0,verified_success,0.2,4,597fd68c637feebe173ac1cffd302784286fbd9facfb43f4c0c94bdee7f42aee,1
4943fb4c0379e8f8813a104dad7fd6ed96f6befc81b8ecae43f7f6d5e8aa8620,True,False,32,nbldpc_formal_v5a_multistage_q1024_p20_development_031,32,384,5.421010862427522e-20,nbldpc_v5a_ir48,203b110a205f9faa900ea9172856e8805c75769e99974fef805dcf6af2e07300,1.0842021724855044e-19,705,development,3,0,0,verified_success,0.2,4,6cf67497d8e0953649c45a8323ef89aaab16e1b1e6ba788696cf1112acc5762e,1
4c71bfce3e5d8284630b4513fba866af164bc3f73c70b6abbba18b196e6aa16a,True,False,32,nbldpc_formal_v5a_multistage_q1024_p20_development_032,32,384,5.421010862427522e-20,nbldpc_v5a_ir48,203b110a205f9faa900ea9172856e8805c75769e99974fef805dcf6af2e07300,1.0842021724855044e-19,705,development,2,0,0,verified_success,0.2,4,0d2c21f5f6ddac8623ce3b7c3fac2b17186eb5efd36010393064f45bac690909,1
c5e594167c8f1d17bac96d51db44e5c7f6cb865ebe57d954118a839345bedd91,True,False,32,nbldpc_formal_v5a_multistage_q1024_p20_development_033,32,384,5.421010862427522e-20,nbldpc_v5a_ir48,203b110a205f9faa900ea9172856e8805c75769e99974fef805dcf6af2e07300,1.0842021724855044e-19,705,development,3,0,0,verified_success,0.2,4,0a89d9e97cba17aa2617a44b8fbd63adbc5ca0e1ec40099e82e33d7334ab53c2,1
9404e9ff069a39868d8110342a3f64d2b772246974222bd614195dc534b50ac5,True,False,32,nbldpc_formal_v5a_multistage_q1024_p20_development_034,32,384,5.421010862427522e-20,nbldpc_v5a_ir48,203b110a205f9faa900ea9172856e8805c75769e99974fef805dcf6af2e07300,1.0842021724855044e-19,705,development,3,0,0,verified_success,0.2,4,ab5a8edf880348ad4b384b6499ed7912fb641f87cbd409119cae9464de774327,1
dc326afb6d16784785455b4550ed3eaf34e354990a4c31b2531b7f0b320e2e61,True,False,32,nbldpc_formal_v5a_multistage_q1024_p20_development_035,32,384,5.421010862427522e-20,nbldpc_v5a_ir48,203b110a205f9faa900ea9172856e8805c75769e99974fef805dcf6af2e07300,1.0842021724855044e-19,705,development,2,0,0,verified_success,0.2,4,94a19930104fdf0c3e341aa7e7f884c3b991d0ff75c74b0948013a0464ece8c7,1
f309cd6d85ba73f8e8700d85f385903b6c54cfdbc984de2760197d9565167067,True,False,32,nbldpc_formal_v5a_multistage_q1024_p20_development_036,32,384,5.421010862427522e-20,nbldpc_v5a_ir48,203b110a205f9faa900ea9172856e8805c75769e99974fef805dcf6af2e07300,1.0842021724855044e-19,705,development,4,0,0,verified_success,0.2,4,3778f3e844e29960975c84aabacb793dc538798ed3d40e650c851fb10f06b4ab,1
90b2f4db4dbfb0687f3a53486de53346121193a916f42c9cca82313be1333a06,True,False,32,nbldpc_formal_v5a_multistage_q1024_p20_development_037,32,384,5.421010862427522e-20,nbldpc_v5a_ir48,203b110a205f9faa900ea9172856e8805c75769e99974fef805dcf6af2e07300,1.0842021724855044e-19,705,development,2,0,0,verified_success,0.2,4,196924dd5c2d0fef137071c721a55911fd87f462e87023193e9ca81d9608d696,1
76302821cd7c74248ccc9d7015b907254e5da53422d0b3a53923cd29440f73da,True,False,32,nbldpc_formal_v5a_multistage_q1024_p20_development_038,32,384,5.421010862427522e-20,nbldpc_v5a_ir48,203b110a205f9faa900ea9172856e8805c75769e99974fef805dcf6af2e07300,1.0842021724855044e-19,705,development,5,0,0,verified_success,0.2,4,1be87237b7c3f2bcf652f3f7bab849337b77b9586094c6f67a43ca9567100be0,1
0ca136c9b4f2fc547c1facdfd59e457bb339664b7ac9be08c11d090ad3aa9ff4,True,False,32,nbldpc_formal_v5a_multistage_q1024_p20_development_039,32,384,5.421010862427522e-20,nbldpc_v5a_ir48,203b110a205f9faa900ea9172856e8805c75769e99974fef805dcf6af2e07300,1.0842021724855044e-19,705,development,2,0,0,verified_success,0.2,4,e68e20ab819dfad5b512363eca90bb894774e49b027ec827640d419fc7a037c5,1
3fc79e9c7c5baf0bdc46c5a706ed19adb5346322151dda5ebc34ab7e2e1e3ae7,True,False,32,nbldpc_formal_v5a_multistage_q1024_p20_development_040,32,384,5.421010862427522e-20,nbldpc_v5a_ir48,203b110a205f9faa900ea9172856e8805c75769e99974fef805dcf6af2e07300,1.0842021724855044e-19,705,development,2,0,0,verified_success,0.2,4,23388bc699aec3c821b6bc7318567f479d381e4df46028b0af9ec43ea846a7e5,1
493901b8ce8be62933fbfbec89c964efef79cc6ca25122c2a05b67daea78c2b9,True,False,32,nbldpc_formal_v5a_multistage_q1024_p20_development_041,32,384,5.421010862427522e-20,nbldpc_v5a_ir48,203b110a205f9faa900ea9172856e8805c75769e99974fef805dcf6af2e07300,1.0842021724855044e-19,705,development,3,0,0,verified_success,0.2,4,014c8ac089c5c152336cbbaed1150526cdeb916b5654550b9a85147a03c953ab,1
95b6698a3bbe395e30540da701ba583a045993471cca95e8dc9c486fb94e63b1,True,False,32,nbldpc_formal_v5a_multistage_q1024_p20_development_042,32,384,5.421010862427522e-20,nbldpc_v5a_ir48,203b110a205f9faa900ea9172856e8805c75769e99974fef805dcf6af2e07300,1.0842021724855044e-19,705,development,2,0,0,verified_success,0.2,4,fdd6771e4971f172127304b38fb93c4dc1ec625ad10e8378e0ec76e66d9e398e,1
e32b633c3048d636dbd4346c2cda004f13a320e91dc1f5a88d9a506d32465837,True,False,32,nbldpc_formal_v5a_multistage_q1024_p20_development_043,32,384,5.421010862427522e-20,nbldpc_v5a_ir48,203b110a205f9faa900ea9172856e8805c75769e99974fef805dcf6af2e07300,1.0842021724855044e-19,705,development,3,0,0,verified_success,0.2,4,9473edde05d1b0db90c36df4ae28278c4b672513c14b2b3185dc5af19f5c403f,1
750eb6d68c78279d70674476140368eed2e07ff0bd56a2db9e5d312957479f2d,True,False,32,nbldpc_formal_v5a_multistage_q1024_p20_development_044,32,384,5.421010862427522e-20,nbldpc_v5a_ir48,203b110a205f9faa900ea9172856e8805c75769e99974fef805dcf6af2e07300,1.0842021724855044e-19,705,development,3,0,0,verified_success,0.2,4,0a82386e197467031286d0ee89d857d4074437965e1a39f535a65a65d2535a60,1
a33fad6fab438dd15b994a602d4a7830333cda80992d1a151b7932d4bccef221,True,False,32,nbldpc_formal_v5a_multistage_q1024_p20_development_045,32,384,5.421010862427522e-20,nbldpc_v5a_ir48,203b110a205f9faa900ea9172856e8805c75769e99974fef805dcf6af2e07300,1.0842021724855044e-19,705,development,3,0,0,verified_success,0.2,4,522250eae7c28b14243dad4cb3b304c4bd5358cb925fcf9fd97a4d16e36f38a2,1
c7d2800ca7bc30ecb4abc762b6b4d448d2d23f5171ae6bfe4c81e25103b0a7fc,True,False,32,nbldpc_formal_v5a_multistage_q1024_p20_development_046,32,384,5.421010862427522e-20,nbldpc_v5a_ir48,203b110a205f9faa900ea9172856e8805c75769e99974fef805dcf6af2e07300,1.0842021724855044e-19,705,development,2,0,0,verified_success,0.2,4,c32f7c2236f7a43ce6803493b29c99c4526de17b16db60bd83ccead67ac0f81a,1
c7b4851f1bf707aa5935e79e1a06a3cc3a2cd35d07750b9636a0f62850cc452c,True,False,32,nbldpc_formal_v5a_multistage_q1024_p20_development_047,32,384,5.421010862427522e-20,nbldpc_v5a_ir48,203b110a205f9faa900ea9172856e8805c75769e99974fef805dcf6af2e07300,1.0842021724855044e-19,705,development,2,0,0,verified_success,0.2,4,00820a0cb6de9191e5921e3d2de34ae06adb05be73e16c0d7f2454186d81b18a,1
1393d68a44a8def6a194fa9a1fa578bfc58528851fd5c56dd6cfec578cd382f0,True,False,32,nbldpc_formal_v5a_multistage_q1024_p20_development_048,32,384,5.421010862427522e-20,nbldpc_v5a_ir48,203b110a205f9faa900ea9172856e8805c75769e99974fef805dcf6af2e07300,1.0842021724855044e-19,705,development,2,0,0,verified_success,0.2,4,72c4030b414190c67e7fde840b5beb687ac7f3d43fc66387b08242b9964f9b15,1
19b4bdcc4323853101690b692bbf8bfcbeac7be7c28e06d0cbfbf1a554637261,True,False,32,nbldpc_formal_v5a_multistage_q1024_p20_development_049,32,384,5.421010862427522e-20,nbldpc_v5a_ir48,203b110a205f9faa900ea9172856e8805c75769e99974fef805dcf6af2e07300,1.0842021724855044e-19,705,development,2,0,0,verified_success,0.2,4,80008bd6883360633c462832cbc1945d6e0ed20c46031d4955e2ca71e553a464,1
f953f69ddbb12850351f70ee3b3d406035eee7d9f94ca898bfbf23d13c1d08d5,True,True,40,nbldpc_formal_v5a_multistage_q1024_p20_development_050,32,464,5.421010862427522e-20,nbldpc_v5a_ir48,203b110a205f9faa900ea9172856e8805c75769e99974fef805dcf6af2e07300,1.0842021724855044e-19,707,development,12,1,0,verified_success,0.2,7,7909d15643198b503fe578046bfa8e839fcdb81bfa15eaf186b67f040294a072,1
5fe3ce2364356c0da5264eba82ef5b98184fa4f7912fc2399bfbef63360016ac,True,False,32,nbldpc_formal_v5a_multistage_q1024_p20_development_051,32,384,5.421010862427522e-20,nbldpc_v5a_ir48,203b110a205f9faa900ea9172856e8805c75769e99974fef805dcf6af2e07300,1.0842021724855044e-19,705,development,3,0,0,verified_success,0.2,4,0ace64961648ab8797c1890c0b2dd1c4a6d2e080e24d48ad7c97184091b59297,1
23e22208ee88f6e698349a205563a364c2af4e18650b29c32d47c087dca99e91,True,False,32,nbldpc_formal_v5a_multistage_q1024_p20_development_052,32,384,5.421010862427522e-20,nbldpc_v5a_ir48,203b110a205f9faa900ea9172856e8805c75769e99974fef805dcf6af2e07300,1.0842021724855044e-19,705,development,2,0,0,verified_success,0.2,4,5d87370698943db2961db3efbf4cf9771646bf306d5b7eb50a317b1a79864e0b,1
a1ad71ece3f3c3fdb45d6acd2c3d17bc711fdc7d46a54d63e3ea4c648b2128ce,True,False,32,nbldpc_formal_v5a_multistage_q1024_p20_development_053,32,384,5.421010862427522e-20,nbldpc_v5a_ir48,203b110a205f9faa900ea9172856e8805c75769e99974fef805dcf6af2e07300,1.0842021724855044e-19,705,development,3,0,0,verified_success,0.2,4,32dc3e60a7846555ae8e1b95650c3d933a858ba261db8370754bc981e76cf04d,1
4001879b9a533d38c4ed7953d78637bf64aac2ee50d33b0c797d279c4b095768,True,False,32,nbldpc_formal_v5a_multistage_q1024_p20_development_054,32,384,5.421010862427522e-20,nbldpc_v5a_ir48,203b110a205f9faa900ea9172856e8805c75769e99974fef805dcf6af2e07300,1.0842021724855044e-19,705,development,2,0,0,verified_success,0.2,4,950682c810b48813e5c015c7a6341cc1eb9cdd6b072ac1fc11d4ebb195f766c4,1
a5a838388b252e569b6b5bf111b29ccf7b684e05b7da84d79dd1184ea8489575,True,False,32,nbldpc_formal_v5a_multistage_q1024_p20_development_055,32,384,5.421010862427522e-20,nbldpc_v5a_ir48,203b110a205f9faa900ea9172856e8805c75769e99974fef805dcf6af2e07300,1.0842021724855044e-19,705,development,2,0,0,verified_success,0.2,4,4600ac3daeefca48e49be1f8e73046ed42097b9b5fe5ffd1892843ad5d514253,1
15644e817e407c7cfc201809123f39a77bf58e971ddfa416bd581cc333fe812f,True,False,32,nbldpc_formal_v5a_multistage_q1024_p20_development_056,32,384,5.421010862427522e-20,nbldpc_v5a_ir48,203b110a205f9faa900ea9172856e8805c75769e99974fef805dcf6af2e07300,1.0842021724855044e-19,705,development,2,0,0,verified_success,0.2,4,5f82718ccbe1e036b2ee15165e4a99a02a3f083489a5d64df0ea64bc8e42493f,1
766cb547319cd8fdd59e3bfd875d4b337dacf6d4522a0117219014e73c1ef0c5,True,False,32,nbldpc_formal_v5a_multistage_q1024_p20_development_057,32,384,5.421010862427522e-20,nbldpc_v5a_ir48,203b110a205f9faa900ea9172856e8805c75769e99974fef805dcf6af2e07300,1.0842021724855044e-19,705,development,3,0,0,verified_success,0.2,4,ade6a41b06596fa02ef1d7f246cae20d25bfe8c4ccf36b0d11961194d055f7f5,1
e602c60da8a11111e4ae73443228588fdebc59d8b99eb9fe8946cfca85fcf29e,True,False,32,nbldpc_formal_v5a_multistage_q1024_p20_development_058,32,384,5.421010862427522e-20,nbldpc_v5a_ir48,203b110a205f9faa900ea9172856e8805c75769e99974fef805dcf6af2e07300,1.0842021724855044e-19,705,development,2,0,0,verified_success,0.2,4,498111c437b45264f8f4138bd5e8d5193c8253478f5e5fcfe7692022accada95,1
a21aebe462d88ff56741f5aa850bfeee42783c1170144bec2758820e4db71e5e,True,True,40,nbldpc_formal_v5a_multistage_q1024_p20_development_059,32,464,5.421010862427522e-20,nbldpc_v5a_ir48,203b110a205f9faa900ea9172856e8805c75769e99974fef805dcf6af2e07300,1.0842021724855044e-19,707,development,12,2,0,verified_success,0.2,7,13a286f4dd39842c53dfbd8b43be7f0b91795e21668435a052fca19ab2316850,1
9078d3607235273cb7d0617dc4b0fb7db7574a5b029fa73b24c624db3d71f6e8,True,False,32,nbldpc_formal_v5a_multistage_q1024_p20_development_060,32,384,5.421010862427522e-20,nbldpc_v5a_ir48,203b110a205f9faa900ea9172856e8805c75769e99974fef805dcf6af2e07300,1.0842021724855044e-19,705,development,2,0,0,verified_success,0.2,4,122d10e8fab22d05d73e1ccbe9c66fdb982e635ab2dae2f118ba1f23cbfeade1,1
4e10caa03aa1574c9a2308782866d122c60f2e92f52a533694e0b1506dd2f46a,True,False,32,nbldpc_formal_v5a_multistage_q1024_p20_development_061,32,384,5.421010862427522e-20,nbldpc_v5a_ir48,203b110a205f9faa900ea9172856e8805c75769e99974fef805dcf6af2e07300,1.0842021724855044e-19,705,development,2,0,0,verified_success,0.2,4,1ee72792980ea0a67ccb3f34f131dfd145ebe5a3007223604ff1262a0f031853,1
df9a75b6c4a07114a3fc1f599ed48bdcddc901de7172d414267a18a50faf6db9,True,False,32,nbldpc_formal_v5a_multistage_q1024_p20_development_062,32,384,5.421010862427522e-20,nbldpc_v5a_ir48,203b110a205f9faa900ea9172856e8805c75769e99974fef805dcf6af2e07300,1.0842021724855044e-19,705,development,2,0,0,verified_success,0.2,4,168317c2a0d0ab06e799203a45c05feb184092c7a7888670ebf3773aec913914,1
56b99f45610defa6770f795393035164c7c7f62e0d020c494c1d5109045bdc6d,True,False,32,nbldpc_formal_v5a_multistage_q1024_p20_development_063,32,384,5.421010862427522e-20,nbldpc_v5a_ir48,203b110a205f9faa900ea9172856e8805c75769e99974fef805dcf6af2e07300,1.0842021724855044e-19,705,development,2,0,0,verified_success,0.2,4,67393f1cb63a10ca628cc0fce44085301b8133df89da8d3fd5d1f477889f924e,1
6fcaad6b90668511be4bb516402f1a1edec117a6643379cf96e37079103ef324,True,True,48,nbldpc_formal_v5a_multistage_q1024_p30_development_000,40,544,5.421010862427522e-20,nbldpc_v5a_ir48,203b110a205f9faa900ea9172856e8805c75769e99974fef805dcf6af2e07300,1.0842021724855044e-19,707,development,12,6,0,verified_success,0.3,7,8e5182cb33765375215da8399294027f76ae3d3d4e588fecf14e38474c726a26,1
94bd120119f12a41658d418d3e9e0297a8e5782bd0db17833a6a636d2e666ecf,True,False,40,nbldpc_formal_v5a_multistage_q1024_p30_development_001,40,464,5.421010862427522e-20,nbldpc_v5a_ir48,203b110a205f9faa900ea9172856e8805c75769e99974fef805dcf6af2e07300,1.0842021724855044e-19,705,development,2,0,0,verified_success,0.3,4,12156999fa0b6ce99b819f64f14e282c376887c32b012fd4a511e5b170d86ab6,1
d25d0877ee78205ffedbb32bc833e2ed7c0a71ac22dce7f06efb8056a73bc046,True,False,40,nbldpc_formal_v5a_multistage_q1024_p30_development_002,40,464,5.421010862427522e-20,nbldpc_v5a_ir48,203b110a205f9faa900ea9172856e8805c75769e99974fef805dcf6af2e07300,1.0842021724855044e-19,705,development,3,0,0,verified_success,0.3,4,ea830e2fbbfa3322daf6f79941c20bdb970b2e880459d5f53936f10e3228edaa,1
c3ebeeb99a032eba06aa149bd9e0727573b02eb96d4e29d1b5d88e0842d7ab00,True,False,40,nbldpc_formal_v5a_multistage_q1024_p30_development_003,40,464,5.421010862427522e-20,nbldpc_v5a_ir48,203b110a205f9faa900ea9172856e8805c75769e99974fef805dcf6af2e07300,1.0842021724855044e-19,705,development,6,0,0,verified_success,0.3,4,97a78f171e97071897851403c3e25fff15cc1dcd2204b5c0462914f9687a961a,1
6fc202e38b05ae5ad127c15770d5d5b1059f2fe043aad4c0e2848c2c92317139,True,False,40,nbldpc_formal_v5a_multistage_q1024_p30_development_004,40,464,5.421010862427522e-20,nbldpc_v5a_ir48,203b110a205f9faa900ea9172856e8805c75769e99974fef805dcf6af2e07300,1.0842021724855044e-19,705,development,3,0,0,verified_success,0.3,4,e2b915021c67cf1fab69056960ae40c04499dd2ea5ac34686cf70d9a553fbe4a,1
543a1a8ea1bf6118f2df350a473bea6a2eb206e733edf9cecd052ad4b705e7a6,True,False,40,nbldpc_formal_v5a_multistage_q1024_p30_development_005,40,464,5.421010862427522e-20,nbldpc_v5a_ir48,203b110a205f9faa900ea9172856e8805c75769e99974fef805dcf6af2e07300,1.0842021724855044e-19,705,development,2,0,0,verified_success,0.3,4,46b9ba279d47915683ff455092cfeecbaa5412b2bc7896d11a7e6bca10a94d01,1
2259e955f6b9bdcfadce23f50e4fff95517315dbc2318c79a1d35b119474a584,True,False,40,nbldpc_formal_v5a_multistage_q1024_p30_development_006,40,464,5.421010862427522e-20,nbldpc_v5a_ir48,203b110a205f9faa900ea9172856e8805c75769e99974fef805dcf6af2e07300,1.0842021724855044e-19,705,development,4,0,0,verified_success,0.3,4,c5386ce22ffb40c948e27cdd3e15fa188d1f12bf3f8120cd144d1c8207bce82b,1
ba0cdb549d649c363428a33500d0161521b37a93cbea3d43ca1e44bad61540f2,True,False,40,nbldpc_formal_v5a_multistage_q1024_p30_development_007,40,464,5.421010862427522e-20,nbldpc_v5a_ir48,203b110a205f9faa900ea9172856e8805c75769e99974fef805dcf6af2e07300,1.0842021724855044e-19,705,development,4,0,0,verified_success,0.3,4,712389d670c933edfbcd439369426104493e7e57846329473e85e525a0e5644b,1
6aaeb0974a202fb51827c53e7459c52bb8c1d48c975b27a94475be1dbda98da3,True,True,48,nbldpc_formal_v5a_multistage_q1024_p30_development_008,40,480,,nbldpc_v5a_ir48,203b110a205f9faa900ea9172856e8805c75769e99974fef805dcf6af2e07300,1.0842021724855044e-19,4,development,12,12,0,decode_failed,0.3,6,13efe57dc2ac7a6f9452fb11933b140555ffd69aaf76c326ad2d018672ac40f2,0
7d34b5f65a7174012194002f5a2ebbd4ba0a58942a9307573d3af0f0eaedb95c,True,False,40,nbldpc_formal_v5a_multistage_q1024_p30_development_009,40,464,5.421010862427522e-20,nbldpc_v5a_ir48,203b110a205f9faa900ea9172856e8805c75769e99974fef805dcf6af2e07300,1.0842021724855044e-19,705,development,3,0,0,verified_success,0.3,4,7cadd853dd5ba437b684dbb251c039e97b20e0dc65bf29aacdd47788b861e87e,1
08249e749a54651c9337686f51e797710115b6e9b3eb71833a441ca088413504,True,False,40,nbldpc_formal_v5a_multistage_q1024_p30_development_010,40,464,5.421010862427522e-20,nbldpc_v5a_ir48,203b110a205f9faa900ea9172856e8805c75769e99974fef805dcf6af2e07300,1.0842021724855044e-19,705,development,4,0,0,verified_success,0.3,4,c9404ae42902a6d04ed339e31af7648ab9e52a3c59a66b618892613702b2223c,1
b2da708cb865cd005106399e61862cfc375efcc9f7d1ed5bdabe58aad3002376,True,False,40,nbldpc_formal_v5a_multistage_q1024_p30_development_011,40,464,5.421010862427522e-20,nbldpc_v5a_ir48,203b110a205f9faa900ea9172856e8805c75769e99974fef805dcf6af2e07300,1.0842021724855044e-19,705,development,2,0,0,verified_success,0.3,4,26e1bdbc6754b41101f3c03301dedef4ec2d53fe175f2b25349e6d60a765e9f9,1
b69c597b4c863ba12c924c38f140ff9e0fc26bde174d029ee947db979913865c,True,False,40,nbldpc_formal_v5a_multistage_q1024_p30_development_012,40,464,5.421010862427522e-20,nbldpc_v5a_ir48,203b110a205f9faa900ea9172856e8805c75769e99974fef805dcf6af2e07300,1.0842021724855044e-19,705,development,2,0,0,verified_success,0.3,4,1d4677607165e625f87f1c1c9454f55eafa192d95ee8ea330f1c448ac5559460,1
30aff16956036dc672135ea267dec2b9de8e74275e91238d02c87b6f23bb95a6,True,False,40,nbldpc_formal_v5a_multistage_q1024_p30_development_013,40,464,5.421010862427522e-20,nbldpc_v5a_ir48,203b110a205f9faa900ea9172856e8805c75769e99974fef805dcf6af2e07300,1.0842021724855044e-19,705,development,2,0,0,verified_success,0.3,4,4a13b31b20815a3cbc199490e3fdc3994b7fef8150584d4c41a1bf100866c4af,1
d8cd39496bd51b42deb9aaf216762128c8f472ec5434488cd0fdec28f4f34e08,True,False,40,nbldpc_formal_v5a_multistage_q1024_p30_development_014,40,464,5.421010862427522e-20,nbldpc_v5a_ir48,203b110a205f9faa900ea9172856e8805c75769e99974fef805dcf6af2e07300,1.0842021724855044e-19,705,development,2,0,0,verified_success,0.3,4,67fa58fcb515377c44db9354257aec7271b39045a70bb47e3b0116b5d781b7a7,1
7ca50ae725826b58341c984a07b1831852244114ada447c90141c677118ee568,True,False,40,nbldpc_formal_v5a_multistage_q1024_p30_development_015,40,464,5.421010862427522e-20,nbldpc_v5a_ir48,203b110a205f9faa900ea9172856e8805c75769e99974fef805dcf6af2e07300,1.0842021724855044e-19,705,development,3,0,0,verified_success,0.3,4,63bb014bb2e7a0ff5a0f6c920b8b447f175c638ea15e7da6001a2cf8620699e8,1
43a8f6ff27ac1320621131cfcfee033ced9ab1e0b59c97bef51da705db060cb2,True,False,40,nbldpc_formal_v5a_multistage_q1024_p30_development_016,40,464,5.421010862427522e-20,nbldpc_v5a_ir48,203b110a205f9faa900ea9172856e8805c75769e99974fef805dcf6af2e07300,1.0842021724855044e-19,705,development,3,0,0,verified_success,0.3,4,1b0f3062e364671f57170b4901c48ae38cfa5a50fe42c231eb45f96bd80ec646,1
521b83f4ede8a696960d2631bb553adcb281a19b3cbb4bf941f6d43d37a6f310,True,False,40,nbldpc_formal_v5a_multistage_q1024_p30_development_017,40,464,5.421010862427522e-20,nbldpc_v5a_ir48,203b110a205f9faa900ea9172856e8805c75769e99974fef805dcf6af2e07300,1.0842021724855044e-19,705,development,3,0,0,verified_success,0.3,4,c4209e4d04109c7e63eff18e29abfa25bf8d719827e0a36f659ba8a6393e5dad,1
b21a9ce10398aa1750eb5ce71f90c75ed6221678de46fbc639ce76ad3e97f45d,True,False,40,nbldpc_formal_v5a_multistage_q1024_p30_development_018,40,464,5.421010862427522e-20,nbldpc_v5a_ir48,203b110a205f9faa900ea9172856e8805c75769e99974fef805dcf6af2e07300,1.0842021724855044e-19,705,development,2,0,0,verified_success,0.3,4,a95ae3b54d318770e6aa0fff736a6ce4ff5ca34e7f58c28154e18db2c2a65012,1
8be313d8576ab27c7586cfac83845e39d2b6408d4f7ce074ec47e7de520e7232,True,False,40,nbldpc_formal_v5a_multistage_q1024_p30_development_019,40,464,5.421010862427522e-20,nbldpc_v5a_ir48,203b110a205f9faa900ea9172856e8805c75769e99974fef805dcf6af2e07300,1.0842021724855044e-19,705,development,4,0,0,verified_success,0.3,4,e9f18429a891b391c7de6ffaebb0ef7a404c1cda580468ff01e8ee46c6bf0388,1
c16778522880c888c4bb6f97fa0b7730d404e22306d11d696f805acf6cc68bdc,True,False,40,nbldpc_formal_v5a_multistage_q1024_p30_development_020,40,464,5.421010862427522e-20,nbldpc_v5a_ir48,203b110a205f9faa900ea9172856e8805c75769e99974fef805dcf6af2e07300,1.0842021724855044e-19,705,development,3,0,0,verified_success,0.3,4,203a247492d629ecebe56dac25d01500d32d4aac97e984650c87135fd4347f2d,1
69cc6ee1f07af670f18d10f343051db864fc6d2ea7cc0c0b187696f525d552a6,True,False,40,nbldpc_formal_v5a_multistage_q1024_p30_development_021,40,464,5.421010862427522e-20,nbldpc_v5a_ir48,203b110a205f9faa900ea9172856e8805c75769e99974fef805dcf6af2e07300,1.0842021724855044e-19,705,development,2,0,0,verified_success,0.3,4,faeb9038f736e6da16ab992fa7f013524153c10f5d39848deb4e149b86efb81f,1
270a8cd7f32033f1e2c7fee4a26237fabe1dd3e7edf19e5e8e06bba899fb3442,True,False,40,nbldpc_formal_v5a_multistage_q1024_p30_development_022,40,464,5.421010862427522e-20,nbldpc_v5a_ir48,203b110a205f9faa900ea9172856e8805c75769e99974fef805dcf6af2e07300,1.0842021724855044e-19,705,development,3,0,0,verified_success,0.3,4,c25f8f48e1bcabee9cc78b80362dd238906a1e6630a6b79f1a4f0872f05af4df,1
a29ad6c6cdbf05996d691d93d0513ef5199d71a2fb91234d6c6d80f12698c4b5,True,False,40,nbldpc_formal_v5a_multistage_q1024_p30_development_023,40,464,5.421010862427522e-20,nbldpc_v5a_ir48,203b110a205f9faa900ea9172856e8805c75769e99974fef805dcf6af2e07300,1.0842021724855044e-19,705,development,2,0,0,verified_success,0.3,4,452c802744dd747ea5b697ae4dcf7de7eaa107a433d1fd24f3e9238cc40164bf,1
e1b7bf05bd0928719c7d91621891d76a9fd9b41238db59c3c94b13144d504843,True,False,40,nbldpc_formal_v5a_multistage_q1024_p30_development_024,40,464,5.421010862427522e-20,nbldpc_v5a_ir48,203b110a205f9faa900ea9172856e8805c75769e99974fef805dcf6af2e07300,1.0842021724855044e-19,705,development,2,0,0,verified_success,0.3,4,9ec9374fb82229e1755041ee0c3c4c7193c0283a0f2cb99968b29a145a7cfc7e,1
584a1d44645e8f0c9537ea3a701dffb68bd36e21de50f77b0a06148f1d623eae,True,False,40,nbldpc_formal_v5a_multistage_q1024_p30_development_025,40,464,5.421010862427522e-20,nbldpc_v5a_ir48,203b110a205f9faa900ea9172856e8805c75769e99974fef805dcf6af2e07300,1.0842021724855044e-19,705,development,3,0,0,verified_success,0.3,4,a95a4cb9bbaed00921fe2f22b46ed5cd06c3be53b7f08df194a1a71588ab626a,1
7263270483c639c0888d26e935e131e134fa885e9f655464c2747b31fb211770,True,False,40,nbldpc_formal_v5a_multistage_q1024_p30_development_026,40,464,5.421010862427522e-20,nbldpc_v5a_ir48,203b110a205f9faa900ea9172856e8805c75769e99974fef805dcf6af2e07300,1.0842021724855044e-19,705,development,2,0,0,verified_success,0.3,4,42dbc00e85a09cc079389d1fd8fe706cc67d01f3e692ce231171e6de10cfce8b,1
9d678554384380bb0e35f95dbe3650f8f5248d3e655b4c1cf7290bc2c0d7f447,True,False,40,nbldpc_formal_v5a_multistage_q1024_p30_development_027,40,464,5.421010862427522e-20,nbldpc_v5a_ir48,203b110a205f9faa900ea9172856e8805c75769e99974fef805dcf6af2e07300,1.0842021724855044e-19,705,development,7,0,0,verified_success,0.3,4,4c34fbbdf0bffccb2d830908780d5f2d66218cf1bb972e42584e91d743ed1f9b,1
7d02e9d7e205027571df4437a7ffadd7e6b39effa7b0e2c8d0bb75199e4f474e,True,False,40,nbldpc_formal_v5a_multistage_q1024_p30_development_028,40,464,5.421010862427522e-20,nbldpc_v5a_ir48,203b110a205f9faa900ea9172856e8805c75769e99974fef805dcf6af2e07300,1.0842021724855044e-19,705,development,2,0,0,verified_success,0.3,4,00cfacc24a21209213caef6a0cd076577b995188c32933ba5022d2e862c556f0,1
959a52c2ca97a34e2fbf44176629076a1249573b0285a00931eac85094586a58,True,False,40,nbldpc_formal_v5a_multistage_q1024_p30_development_029,40,464,5.421010862427522e-20,nbldpc_v5a_ir48,203b110a205f9faa900ea9172856e8805c75769e99974fef805dcf6af2e07300,1.0842021724855044e-19,705,development,2,0,0,verified_success,0.3,4,ed8cbd8a32af016a5e083e1ef15171c1f31903fa446fdf7403fd75664255d1cc,1
1ac555f695e6122272bd61038c96d9e60bac009e8964f22b3e19bb94c47e6558,True,False,40,nbldpc_formal_v5a_multistage_q1024_p30_development_030,40,464,5.421010862427522e-20,nbldpc_v5a_ir48,203b110a205f9faa900ea9172856e8805c75769e99974fef805dcf6af2e07300,1.0842021724855044e-19,705,development,2,0,0,verified_success,0.3,4,acad5c5a387d2c42870bf07eea0129b8e9b60f317235ae935cac17d3c45b0418,1
012668fc23e018bab54b40c39aa7f56e4b36db93954135c98cf88fd04d070859,True,False,40,nbldpc_formal_v5a_multistage_q1024_p30_development_031,40,464,5.421010862427522e-20,nbldpc_v5a_ir48,203b110a205f9faa900ea9172856e8805c75769e99974fef805dcf6af2e07300,1.0842021724855044e-19,705,development,2,0,0,verified_success,0.3,4,4295325f04df4a659fb71d6b7f2cc5813101d7202eec9a23c679b73d103f9975,1
aa20a68ad708c1013bc6438492492853ee8451e4b517ffaaff52a16fccae75f4,True,True,48,nbldpc_formal_v5a_multistage_q1024_p30_development_032,40,544,5.421010862427522e-20,nbldpc_v5a_ir48,203b110a205f9faa900ea9172856e8805c75769e99974fef805dcf6af2e07300,1.0842021724855044e-19,707,development,12,3,0,verified_success,0.3,7,a4afea7aef7d4d1b93dc8a7899476efaed33dfea3176ae46754b5c9933c7eacb,1
fecd864ee13d5eed3d4cf1057dbf12190e8b828d11d47d1e929ce894a54d8147,True,False,40,nbldpc_formal_v5a_multistage_q1024_p30_development_033,40,464,5.421010862427522e-20,nbldpc_v5a_ir48,203b110a205f9faa900ea9172856e8805c75769e99974fef805dcf6af2e07300,1.0842021724855044e-19,705,development,5,0,0,verified_success,0.3,4,de68b701b27a0a8288c7cf9a89313c3eff2020eb890a8520fa904979b08ff31a,1
40a6c0789020886d3deb730fe4aec9412e59994175f00c5c7c375e28f883c3ea,True,False,40,nbldpc_formal_v5a_multistage_q1024_p30_development_034,40,464,5.421010862427522e-20,nbldpc_v5a_ir48,203b110a205f9faa900ea9172856e8805c75769e99974fef805dcf6af2e07300,1.0842021724855044e-19,705,development,2,0,0,verified_success,0.3,4,4f2be8187e77a281c2096e2a3ba214047b8c078b5d50551352e8545076d8b6af,1
6ee5c95d08edf0eee90aef62e7ef806fe2c4c55f0221a98cdc584ecbe531cd08,True,False,40,nbldpc_formal_v5a_multistage_q1024_p30_development_035,40,464,5.421010862427522e-20,nbldpc_v5a_ir48,203b110a205f9faa900ea9172856e8805c75769e99974fef805dcf6af2e07300,1.0842021724855044e-19,705,development,7,0,0,verified_success,0.3,4,a766efab4b84b16d23d2bf8304aa6f4f0c565cde2d4e589908e90ed33ab9c9a1,1
eab874ff233febf138baa00e58ad9ffa94b9fc599e32b821d76e65ed94c0d9e5,True,False,40,nbldpc_formal_v5a_multistage_q1024_p30_development_036,40,464,5.421010862427522e-20,nbldpc_v5a_ir48,203b110a205f9faa900ea9172856e8805c75769e99974fef805dcf6af2e07300,1.0842021724855044e-19,705,development,3,0,0,verified_success,0.3,4,332ecff4fc48c9835dfb5f8cd88e305105cc0a4c4daebbaded2b9ebb64f4cae9,1
a0cab02aac49489e19b405bc6cf2940fbae02b63c3c0df211ba97d88ab9b5de5,True,False,40,nbldpc_formal_v5a_multistage_q1024_p30_development_037,40,464,5.421010862427522e-20,nbldpc_v5a_ir48,203b110a205f9faa900ea9172856e8805c75769e99974fef805dcf6af2e07300,1.0842021724855044e-19,705,development,3,0,0,verified_success,0.3,4,31d0a2d3e1676ba6d11205f0a5db72a98588abad34bb9c864c03b2db1ce7391e,1
c9527090173e67a4b13ec5d3b13fd528dfc7902bbf587034c8f47e23f8d90e72,True,False,40,nbldpc_formal_v5a_multistage_q1024_p30_development_038,40,464,5.421010862427522e-20,nbldpc_v5a_ir48,203b110a205f9faa900ea9172856e8805c75769e99974fef805dcf6af2e07300,1.0842021724855044e-19,705,development,3,0,0,verified_success,0.3,4,be7c71304869908ebdb2b7ca18d9e0d9e51e74c6c5df35403f45d0cbcd36ea1a,1
c2423d854281e818414bdc0e380d10e09b647c45f73f7b0f56b614a49fd66219,True,False,40,nbldpc_formal_v5a_multistage_q1024_p30_development_039,40,464,5.421010862427522e-20,nbldpc_v5a_ir48,203b110a205f9faa900ea9172856e8805c75769e99974fef805dcf6af2e07300,1.0842021724855044e-19,705,development,4,0,0,verified_success,0.3,4,2440058744ca8f77266d4a45dce67f685341db4eb9c1a8c8539a0b12d80b7e8c,1
c5da304948d5e01fca1780768daac225b41fe0ec06a872d364cb07cc6f711f41,True,False,40,nbldpc_formal_v5a_multistage_q1024_p30_development_040,40,464,5.421010862427522e-20,nbldpc_v5a_ir48,203b110a205f9faa900ea9172856e8805c75769e99974fef805dcf6af2e07300,1.0842021724855044e-19,705,development,4,0,0,verified_success,0.3,4,ae6bdaad532e412e16e25f86137ecaf7ab5c41567af76f45d546bb130508327b,1
855f1d2c87b4f876e3597db9f8546510277bf0e3b952fe7e71fb8c3d6e1b8b15,True,False,40,nbldpc_formal_v5a_multistage_q1024_p30_development_041,40,464,5.421010862427522e-20,nbldpc_v5a_ir48,203b110a205f9faa900ea9172856e8805c75769e99974fef805dcf6af2e07300,1.0842021724855044e-19,705,development,2,0,0,verified_success,0.3,4,fea217414d46bc53447bbe9b402f0c8ac5db52ab1112ac712f632966d8414642,1
3b535184bef876db2f21a02bcef9f29bad2f7d6368462bb797f08172302fbd7d,True,False,40,nbldpc_formal_v5a_multistage_q1024_p30_development_042,40,464,5.421010862427522e-20,nbldpc_v5a_ir48,203b110a205f9faa900ea9172856e8805c75769e99974fef805dcf6af2e07300,1.0842021724855044e-19,705,development,2,0,0,verified_success,0.3,4,13f999c606a7bde6ca61ee65e4baa7ce7d9f2be773752dfb2164d55a3384c15c,1
3e3bc543628e72170cbd74df770aa33765cf5d185d600a2b6bccfd3e7bd06e77,True,False,40,nbldpc_formal_v5a_multistage_q1024_p30_development_043,40,464,5.421010862427522e-20,nbldpc_v5a_ir48,203b110a205f9faa900ea9172856e8805c75769e99974fef805dcf6af2e07300,1.0842021724855044e-19,705,development,2,0,0,verified_success,0.3,4,ccd986eda95c5411aff30b780c831024fd75601d53b70fdb71f0186c6f0682e9,1
80c5b615448e89adf77fe34d895839aea915b7c0f1d6022abcae4b696a5482b8,True,False,40,nbldpc_formal_v5a_multistage_q1024_p30_development_044,40,464,5.421010862427522e-20,nbldpc_v5a_ir48,203b110a205f9faa900ea9172856e8805c75769e99974fef805dcf6af2e07300,1.0842021724855044e-19,705,development,2,0,0,verified_success,0.3,4,2930ca76b8307f93b8d0f1657d11c9aee3d5dcc2d79d27910d8e692f0715fcf1,1
c4d817592ccc107050ac601db0762c342c6331a89d3894f8629b24d53a5f0ddb,True,True,48,nbldpc_formal_v5a_multistage_q1024_p30_development_045,40,544,5.421010862427522e-20,nbldpc_v5a_ir48,203b110a205f9faa900ea9172856e8805c75769e99974fef805dcf6af2e07300,1.0842021724855044e-19,707,development,12,7,0,verified_success,0.3,7,cbe06bc0edc8cfbeba56d4040b7dae388c7fc89d473662f9e6e69057fcb79695,1
a2d8577ff45e96a4932f1205ade80b8583a76b9343fd7a4f234e42b3942b44b8,True,False,40,nbldpc_formal_v5a_multistage_q1024_p30_development_046,40,464,5.421010862427522e-20,nbldpc_v5a_ir48,203b110a205f9faa900ea9172856e8805c75769e99974fef805dcf6af2e07300,1.0842021724855044e-19,705,development,2,0,0,verified_success,0.3,4,da9ff8e77d58f7ee011db62b3da76d24cdf7e17b5bd0964a9eb3d97f1536ce4b,1
30f1ff32981ba49bfdc6ad2b95c5ee9d93ec96f74cad9e1234bd37664635ef4a,True,True,48,nbldpc_formal_v5a_multistage_q1024_p30_development_047,40,480,,nbldpc_v5a_ir48,203b110a205f9faa900ea9172856e8805c75769e99974fef805dcf6af2e07300,1.0842021724855044e-19,4,development,12,12,0,decode_failed,0.3,6,ad9b4eac6f47d7fa30d5af4ad047098c89e6e8b05577794d38c604d6c1aa0f6f,0
0980946267ad974f3c8f12264d47f3bbcf8d218d072e9c99d9eb70d1ea5017b1,True,False,40,nbldpc_formal_v5a_multistage_q1024_p30_development_048,40,464,5.421010862427522e-20,nbldpc_v5a_ir48,203b110a205f9faa900ea9172856e8805c75769e99974fef805dcf6af2e07300,1.0842021724855044e-19,705,development,2,0,0,verified_success,0.3,4,290e3b98293c519b8e793402a24dcdad205d0b546d279f64debfd0b541de38ae,1
4b76fc5986c62ac42af988440b449525de9971d94165cbe49906bdbbf6bac25e,True,False,40,nbldpc_formal_v5a_multistage_q1024_p30_development_049,40,464,5.421010862427522e-20,nbldpc_v5a_ir48,203b110a205f9faa900ea9172856e8805c75769e99974fef805dcf6af2e07300,1.0842021724855044e-19,705,development,2,0,0,verified_success,0.3,4,fca89736da0400df427843f027993a6f7c9b56b8dff8094c707153fb909a0eaa,1
ac25eb4fe8328805a621c2c58f611079583f3ff6b02e18eaeafc75d71dcc5d3e,True,False,40,nbldpc_formal_v5a_multistage_q1024_p30_development_050,40,464,5.421010862427522e-20,nbldpc_v5a_ir48,203b110a205f9faa900ea9172856e8805c75769e99974fef805dcf6af2e07300,1.0842021724855044e-19,705,development,3,0,0,verified_success,0.3,4,7615efcfa92a3283110e186edc3486c5855d353bb94f76450cc112f46cfdf5a2,1
6105749062e7d50da9c73cfac16dc43d8a08df4d01e017518d6c34685fc338f4,True,False,40,nbldpc_formal_v5a_multistage_q1024_p30_development_051,40,464,5.421010862427522e-20,nbldpc_v5a_ir48,203b110a205f9faa900ea9172856e8805c75769e99974fef805dcf6af2e07300,1.0842021724855044e-19,705,development,3,0,0,verified_success,0.3,4,4c379e04d9a9eb363335335900e1cc711f2169d0f4fc520ceaa88a51a2c717b6,1
448481b71612694ea63be2972d921bc00d30f064008d993f72f55c11f6b02644,True,False,40,nbldpc_formal_v5a_multistage_q1024_p30_development_052,40,464,5.421010862427522e-20,nbldpc_v5a_ir48,203b110a205f9faa900ea9172856e8805c75769e99974fef805dcf6af2e07300,1.0842021724855044e-19,705,development,3,0,0,verified_success,0.3,4,b73bce9ff04f531f4ff51a5e4814eb8247befe9c1eb257df7515a48acc633042,1
c0cf837b0cd12c1a936eb30b66f1c232249d884236cd0e1f171818df869944c1,True,True,48,nbldpc_formal_v5a_multistage_q1024_p30_development_053,40,480,,nbldpc_v5a_ir48,203b110a205f9faa900ea9172856e8805c75769e99974fef805dcf6af2e07300,1.0842021724855044e-19,4,development,12,12,0,decode_failed,0.3,6,c801ddfea46dc42e1eedc1fe6cc04c1350c4a7e828cd6c7d7489760530fe7266,0
14171de931fbc8dfd4d787a9a8d80f2711c266ee9760900bd8d8cf519533d8ee,True,True,48,nbldpc_formal_v5a_multistage_q1024_p30_development_054,40,480,,nbldpc_v5a_ir48,203b110a205f9faa900ea9172856e8805c75769e99974fef805dcf6af2e07300,1.0842021724855044e-19,4,development,12,12,0,decode_failed,0.3,6,95873bb0b27dd646199ce7d2da40f01ed04cb9f3849eb08595528d80d157fb7a,0
bee6f8f4f5f50fae081decd816da05fe9dfb9e5973fe5db478572a4c141e86c0,True,False,40,nbldpc_formal_v5a_multistage_q1024_p30_development_055,40,464,5.421010862427522e-20,nbldpc_v5a_ir48,203b110a205f9faa900ea9172856e8805c75769e99974fef805dcf6af2e07300,1.0842021724855044e-19,705,development,2,0,0,verified_success,0.3,4,a4979ed9f785ca066b166e7d09edb7e60d23973bffd9d5a7952bca63030cb977,1
3331742950793e13fb93d5baf07f3ba682411ff373840df056c64a36d686bd34,True,False,40,nbldpc_formal_v5a_multistage_q1024_p30_development_056,40,464,5.421010862427522e-20,nbldpc_v5a_ir48,203b110a205f9faa900ea9172856e8805c75769e99974fef805dcf6af2e07300,1.0842021724855044e-19,705,development,2,0,0,verified_success,0.3,4,f54f176b1a504622dbfefc69322b2475b96e85db7b9c253f1ea222551ae23488,1
08f034901f85e3e44d213514098663d2b52acacc35d7055751c4589cc9cef7e7,True,False,40,nbldpc_formal_v5a_multistage_q1024_p30_development_057,40,464,5.421010862427522e-20,nbldpc_v5a_ir48,203b110a205f9faa900ea9172856e8805c75769e99974fef805dcf6af2e07300,1.0842021724855044e-19,705,development,2,0,0,verified_success,0.3,4,0d5e211c473ce4dd8288793a527cb9f1cedd85a9c75fc1af4fe989350a8a2608,1
5b02b970bf444066039d0eb2e858cdd923e8f9b33fcf432a4116b729b49255db,True,False,40,nbldpc_formal_v5a_multistage_q1024_p30_development_058,40,464,5.421010862427522e-20,nbldpc_v5a_ir48,203b110a205f9faa900ea9172856e8805c75769e99974fef805dcf6af2e07300,1.0842021724855044e-19,705,development,3,0,0,verified_success,0.3,4,1ff11c65140c51d0db5d1dadffc1f27682f8076861a57376bc75126d5a859681,1
fd6dd1e470438cc4898d858fcace81ca6d534c992ed11f0fcb54baefee7052ef,True,False,40,nbldpc_formal_v5a_multistage_q1024_p30_development_059,40,464,5.421010862427522e-20,nbldpc_v5a_ir48,203b110a205f9faa900ea9172856e8805c75769e99974fef805dcf6af2e07300,1.0842021724855044e-19,705,development,2,0,0,verified_success,0.3,4,83c10c68e556b83442a7e036efb10e0cc00b610f87e63c78e5ac866ce525794a,1
f0312fe8d6245e808584d04fbb52c5637990ae9912ef7c98c80ff1a08c662f7d,True,False,40,nbldpc_formal_v5a_multistage_q1024_p30_development_060,40,464,5.421010862427522e-20,nbldpc_v5a_ir48,203b110a205f9faa900ea9172856e8805c75769e99974fef805dcf6af2e07300,1.0842021724855044e-19,705,development,4,0,0,verified_success,0.3,4,3f27791db307fc90c6c8efbade808655938ad0bfeebca39fa118324113f26419,1
38ed0f7dc7d40c95bc6a821ead8e16a2fc82f52284929297a3e213481cfcaf6f,True,False,40,nbldpc_formal_v5a_multistage_q1024_p30_development_061,40,464,5.421010862427522e-20,nbldpc_v5a_ir48,203b110a205f9faa900ea9172856e8805c75769e99974fef805dcf6af2e07300,1.0842021724855044e-19,705,development,2,0,0,verified_success,0.3,4,2790b14bbed130b287ba9d4ab9b483ca68cfb6500f0dd26fec38fb3ba9e991e0,1
25a290cb00b6c78b9ddadc47159d8b5b6395d139cd3426a490a2c0a47e102d7a,True,True,48,nbldpc_formal_v5a_multistage_q1024_p30_development_062,40,544,5.421010862427522e-20,nbldpc_v5a_ir48,203b110a205f9faa900ea9172856e8805c75769e99974fef805dcf6af2e07300,1.0842021724855044e-19,707,development,12,7,0,verified_success,0.3,7,d78ac342d36f14aac9fe3624831eab1f18a69439f5ebbc89e3f25a6a08e0829b,1
a85eba2bdb3385276ad2066c5d26f5f54c46d96bb9a9f188723b38bd38d31cbc,True,False,40,nbldpc_formal_v5a_multistage_q1024_p30_development_063,40,464,5.421010862427522e-20,nbldpc_v5a_ir48,203b110a205f9faa900ea9172856e8805c75769e99974fef805dcf6af2e07300,1.0842021724855044e-19,705,development,2,0,0,verified_success,0.3,4,03d007de0e7dc4826377093f268791f4300ea45a36ca51264531cbeeeff73ba1,1
bd3b6042d76d61e395718debe88852567137550490dda5bd440d4b5786aa773c,True,False,32,nbldpc_formal_v5a_multistage_q1024_p20_confirmation_000,32,384,5.421010862427522e-20,nbldpc_v5a_ir56,dccb378a454dfb0d9b0830da64c6bfa188566032c09803ddbd2a0e76fca12245,2.168404344971009e-19,705,confirmation,2,0,0,verified_success,0.2,4,88ab6fca5a6bc9ec03dcede395a3d7a19e7fffc46c124df206470faad29f0045,1
4bc4957e74ad7ae381f3ff3233b912780d201fef6f096ed3192733ef71e7e83d,True,False,32,nbldpc_formal_v5a_multistage_q1024_p20_confirmation_001,32,384,5.421010862427522e-20,nbldpc_v5a_ir56,dccb378a454dfb0d9b0830da64c6bfa188566032c09803ddbd2a0e76fca12245,2.168404344971009e-19,705,confirmation,3,0,0,verified_success,0.2,4,fd29ad47621574aa37b774e7da8f697ee53e7837e29f83ccade01e17a28c70a7,1
290116e436112b44791ca5e8bcc603b67afd0268ba471af4b4cc0a9e9086e0fe,True,False,32,nbldpc_formal_v5a_multistage_q1024_p20_confirmation_002,32,384,5.421010862427522e-20,nbldpc_v5a_ir56,dccb378a454dfb0d9b0830da64c6bfa188566032c09803ddbd2a0e76fca12245,2.168404344971009e-19,705,confirmation,3,0,0,verified_success,0.2,4,c47ef7c46eb54936c0f6ee9ab6ae8419761dcd27727d7ebd30e987217af018b7,1
73c680c107d9e9ced6f4104818658dc4424e7a7588515b95ea38bad13db21f62,True,False,32,nbldpc_formal_v5a_multistage_q1024_p20_confirmation_003,32,384,5.421010862427522e-20,nbldpc_v5a_ir56,dccb378a454dfb0d9b0830da64c6bfa188566032c09803ddbd2a0e76fca12245,2.168404344971009e-19,705,confirmation,3,0,0,verified_success,0.2,4,871ee9c79f6f58ca407def0d27356ec349e87ad31548fd9c678e7d7dd5eba081,1
59d5bc681bcd0fcf9b0b56c7c9f90a89e46530432a9c0cc10db535aee01cd34a,True,False,32,nbldpc_formal_v5a_multistage_q1024_p20_confirmation_004,32,384,5.421010862427522e-20,nbldpc_v5a_ir56,dccb378a454dfb0d9b0830da64c6bfa188566032c09803ddbd2a0e76fca12245,2.168404344971009e-19,705,confirmation,3,0,0,verified_success,0.2,4,acb41d449d7ff0bbffa969c7ca137a827a8a2fc7285b6aa3869a358e545938b8,1
91913078bad4aac52ca55fe6bbd710314fdfd464f9fc78aba42ea72a80bb96e7,True,False,32,nbldpc_formal_v5a_multistage_q1024_p20_confirmation_005,32,384,5.421010862427522e-20,nbldpc_v5a_ir56,dccb378a454dfb0d9b0830da64c6bfa188566032c09803ddbd2a0e76fca12245,2.168404344971009e-19,705,confirmation,2,0,0,verified_success,0.2,4,fe69e3d5d87b04e149d097dd5d6a6618d5b0027ed59c1e6bf81bfc7661ba7a10,1
0f016f7ec781854def708ffc08c35a4281428951e72b344de8b6dd68c958ef2d,True,False,32,nbldpc_formal_v5a_multistage_q1024_p20_confirmation_006,32,384,5.421010862427522e-20,nbldpc_v5a_ir56,dccb378a454dfb0d9b0830da64c6bfa188566032c09803ddbd2a0e76fca12245,2.168404344971009e-19,705,confirmation,2,0,0,verified_success,0.2,4,2ed8874ea4d1e14401018d1818276e2cbdc5a9680c3ca2e9ca45b5863787075b,1
1b644d81a9d9ce1fe300aa63c2902fb60bbbcf0c2a21435f709d89b4e2b72eb2,True,False,32,nbldpc_formal_v5a_multistage_q1024_p20_confirmation_007,32,384,5.421010862427522e-20,nbldpc_v5a_ir56,dccb378a454dfb0d9b0830da64c6bfa188566032c09803ddbd2a0e76fca12245,2.168404344971009e-19,705,confirmation,3,0,0,verified_success,0.2,4,bc1779e35ed18d8865a42673aa068449010adfe6ad577c55511f323ed5d7d753,1
93d1b20548b455bac9668028d064e53832ec5fda254bec851173f400c740ef04,True,False,32,nbldpc_formal_v5a_multistage_q1024_p20_confirmation_008,32,384,5.421010862427522e-20,nbldpc_v5a_ir56,dccb378a454dfb0d9b0830da64c6bfa188566032c09803ddbd2a0e76fca12245,2.168404344971009e-19,705,confirmation,3,0,0,verified_success,0.2,4,e647a79404e532c33bd165f869650b85083d9497ab00046e6164bd7d781800da,1
a09b613dbf9fd70fe24d2679466717d86d997f605d7cd3d1fa064c223b52f5a7,True,True,40,nbldpc_formal_v5a_multistage_q1024_p20_confirmation_009,32,464,5.421010862427522e-20,nbldpc_v5a_ir56,dccb378a454dfb0d9b0830da64c6bfa188566032c09803ddbd2a0e76fca12245,2.168404344971009e-19,707,confirmation,12,2,0,verified_success,0.2,7,1bca56a709f971b4eee1a463e65e21022f3426870dde78b23e326b4fb44908e4,1
6978008d73b9fc312fe3aac2a8fb8ba05b8c6b95281d3f03b47c21f7419189ef,True,True,40,nbldpc_formal_v5a_multistage_q1024_p20_confirmation_010,32,464,5.421010862427522e-20,nbldpc_v5a_ir56,dccb378a454dfb0d9b0830da64c6bfa188566032c09803ddbd2a0e76fca12245,2.168404344971009e-19,707,confirmation,12,2,0,verified_success,0.2,7,8fffc2def8584351e0821a484358c36d10a052b03d23e8b51cc49fc563fe5ea1,1
050eef04eb67447fea007f51b24ce07e35a6d98f60431133971024eb9dee8ff3,True,False,32,nbldpc_formal_v5a_multistage_q1024_p20_confirmation_011,32,384,5.421010862427522e-20,nbldpc_v5a_ir56,dccb378a454dfb0d9b0830da64c6bfa188566032c09803ddbd2a0e76fca12245,2.168404344971009e-19,705,confirmation,3,0,0,verified_success,0.2,4,c1b850c6b5ba036e9bd87134b1f93adc6f10df6aee09123f8294fa610ecb43ea,1
d2709aaef33f261245a1fd0bd7ae5502bf6e3f55b8c10cd76739b3688868db97,True,False,32,nbldpc_formal_v5a_multistage_q1024_p20_confirmation_012,32,384,5.421010862427522e-20,nbldpc_v5a_ir56,dccb378a454dfb0d9b0830da64c6bfa188566032c09803ddbd2a0e76fca12245,2.168404344971009e-19,705,confirmation,2,0,0,verified_success,0.2,4,ddba178153193bdea50683afa5fafdb69486059fc75ecc898a791e1e971be4e6,1
0089051a31423bbadd910e6302e46539a0a910494673a2ff11b5e43131dd8bc8,True,False,32,nbldpc_formal_v5a_multistage_q1024_p20_confirmation_013,32,384,5.421010862427522e-20,nbldpc_v5a_ir56,dccb378a454dfb0d9b0830da64c6bfa188566032c09803ddbd2a0e76fca12245,2.168404344971009e-19,705,confirmation,2,0,0,verified_success,0.2,4,93be3de924f7ce2b18ed0f5977d7fbca75269a690e2144bb1680caaf72a45302,1
42a471a8df726f3cdf0b9796dfd5c0dac13262492c7e65821c3c9ba7acddf446,True,False,32,nbldpc_formal_v5a_multistage_q1024_p20_confirmation_014,32,384,5.421010862427522e-20,nbldpc_v5a_ir56,dccb378a454dfb0d9b0830da64c6bfa188566032c09803ddbd2a0e76fca12245,2.168404344971009e-19,705,confirmation,3,0,0,verified_success,0.2,4,3e8c4c7d249c240bc438a73838bcaa38912d29e5335751e58e9733432e564723,1
310fcb7af0376a53ab998f4339b4024bc54ed1c5859f641d69cfb7cc24bcef2b,True,False,32,nbldpc_formal_v5a_multistage_q1024_p20_confirmation_015,32,384,5.421010862427522e-20,nbldpc_v5a_ir56,dccb378a454dfb0d9b0830da64c6bfa188566032c09803ddbd2a0e76fca12245,2.168404344971009e-19,705,confirmation,2,0,0,verified_success,0.2,4,a8381bb8c91c295b7acca92035de917a77cee3dcbcb99470832f10527be1fabb,1
31d9b48dc78107f76e9f08c593db694f35f69327a3efa59e6e3046e27c54c337,True,True,40,nbldpc_formal_v5a_multistage_q1024_p20_confirmation_016,32,464,5.421010862427522e-20,nbldpc_v5a_ir56,dccb378a454dfb0d9b0830da64c6bfa188566032c09803ddbd2a0e76fca12245,2.168404344971009e-19,707,confirmation,12,1,0,verified_success,0.2,7,02ac27e7045927de2037a54d591127fb7041c3496dc1f23539d7d2f880da7a01,1
a28e119478f7acca0ecb8cc0aa2e0158167648d7ba141c787c045d09dac4c1fe,True,False,32,nbldpc_formal_v5a_multistage_q1024_p20_confirmation_017,32,384,5.421010862427522e-20,nbldpc_v5a_ir56,dccb378a454dfb0d9b0830da64c6bfa188566032c09803ddbd2a0e76fca12245,2.168404344971009e-19,705,confirmation,2,0,0,verified_success,0.2,4,e45b5fb9cd12311516cd2b0f37d498f8cf238e3927d61a1eca477a757408a0fd,1
3ad42ca461d465ffacfe3540b31b3769e28a227c5c840f23c5dd477d7b117b0d,True,True,40,nbldpc_formal_v5a_multistage_q1024_p20_confirmation_018,32,464,5.421010862427522e-20,nbldpc_v5a_ir56,dccb378a454dfb0d9b0830da64c6bfa188566032c09803ddbd2a0e76fca12245,2.168404344971009e-19,707,confirmation,12,2,0,verified_success,0.2,7,de57be7528af10d7f07178c64cc34ffe48578b96be22a3bf27c7fc94166dcf6d,1
6796ff1e5d8cf051555def71d326519f366690b26dda5552b64f1433ffdda207,True,True,40,nbldpc_formal_v5a_multistage_q1024_p20_confirmation_019,32,464,5.421010862427522e-20,nbldpc_v5a_ir56,dccb378a454dfb0d9b0830da64c6bfa188566032c09803ddbd2a0e76fca12245,2.168404344971009e-19,707,confirmation,12,2,0,verified_success,0.2,7,bcde641bf68fae9e4b02b2069985d820149a585909537b9a53e198f0a3f37af1,1
72a3f2fdce4623c32d67c9b7990f11a70e1dc41cf4074cd05ae82ae30777ca41,True,False,32,nbldpc_formal_v5a_multistage_q1024_p20_confirmation_020,32,384,5.421010862427522e-20,nbldpc_v5a_ir56,dccb378a454dfb0d9b0830da64c6bfa188566032c09803ddbd2a0e76fca12245,2.168404344971009e-19,705,confirmation,2,0,0,verified_success,0.2,4,3f8b1896e6144c15695ac94790c8010087d0d0440e56fafb37d5747165ce0755,1
91286df30c091808dff21a7ff7c72fb262ce59520ad997200afec1c807d95db5,True,False,32,nbldpc_formal_v5a_multistage_q1024_p20_confirmation_021,32,384,5.421010862427522e-20,nbldpc_v5a_ir56,dccb378a454dfb0d9b0830da64c6bfa188566032c09803ddbd2a0e76fca12245,2.168404344971009e-19,705,confirmation,2,0,0,verified_success,0.2,4,ff160a8842cf1ae9d634357b678afedd5a15c457dad30918239b39d989ff1cf3,1
7d258ee72bafdda87d7d1a05984d047e550f7976f2c091ee1c6f6b0f12b66508,True,False,32,nbldpc_formal_v5a_multistage_q1024_p20_confirmation_022,32,384,5.421010862427522e-20,nbldpc_v5a_ir56,dccb378a454dfb0d9b0830da64c6bfa188566032c09803ddbd2a0e76fca12245,2.168404344971009e-19,705,confirmation,2,0,0,verified_success,0.2,4,72d601b223472ef3f5e415149489ed9e4f8e447ae0684819168b349dc36ed225,1
3dfa9203ed7223cdb887cacb5dbe6c46d0525c9c065a57c6fb0b812f7a2edc2f,True,False,32,nbldpc_formal_v5a_multistage_q1024_p20_confirmation_023,32,384,5.421010862427522e-20,nbldpc_v5a_ir56,dccb378a454dfb0d9b0830da64c6bfa188566032c09803ddbd2a0e76fca12245,2.168404344971009e-19,705,confirmation,2,0,0,verified_success,0.2,4,136abe6de61f4a236115f8353fdb29a3754e04cd11b0e4ac01b32921e437fc01,1
f1dfabc5055c19af31712c16d2dec4ccfa36dc369edc98ca7c4b0a9086f76fc0,True,False,32,nbldpc_formal_v5a_multistage_q1024_p20_confirmation_024,32,384,5.421010862427522e-20,nbldpc_v5a_ir56,dccb378a454dfb0d9b0830da64c6bfa188566032c09803ddbd2a0e76fca12245,2.168404344971009e-19,705,confirmation,3,0,0,verified_success,0.2,4,700532a903bd5436a92248c34325017166af7b46521ed6ada8d6d4f9133e5053,1
a95af885244190d1f3a75cb6ff04927430d67724c6d5b88beb15d78edaba2fd3,True,False,32,nbldpc_formal_v5a_multistage_q1024_p20_confirmation_025,32,384,5.421010862427522e-20,nbldpc_v5a_ir56,dccb378a454dfb0d9b0830da64c6bfa188566032c09803ddbd2a0e76fca12245,2.168404344971009e-19,705,confirmation,2,0,0,verified_success,0.2,4,d6f0497a22d62585e9e88179319bb5e3d3280e546a9e1b58347e3b9442dd9a6a,1
89af013838fbb94fc090281dfffb18815410b4b4e29a762ecaf75d9ed7e1a6a1,True,False,32,nbldpc_formal_v5a_multistage_q1024_p20_confirmation_026,32,384,5.421010862427522e-20,nbldpc_v5a_ir56,dccb378a454dfb0d9b0830da64c6bfa188566032c09803ddbd2a0e76fca12245,2.168404344971009e-19,705,confirmation,2,0,0,verified_success,0.2,4,e168fa7e0d9cb4811d5854236cba7a64e7f471f15b11f66703db2835746ac0c6,1
6daab28a9d4cd4992e130442e5565f9778625d83b1ad0b739f2084df81c93bdb,True,False,32,nbldpc_formal_v5a_multistage_q1024_p20_confirmation_027,32,384,5.421010862427522e-20,nbldpc_v5a_ir56,dccb378a454dfb0d9b0830da64c6bfa188566032c09803ddbd2a0e76fca12245,2.168404344971009e-19,705,confirmation,4,0,0,verified_success,0.2,4,4a2733f598549213dff8e817ed1cd30d85353939ac6ed11991318d956b1693b0,1
51e8e39082f7ae42905e55377cbc922a5a3d4ab166b0eab7d7fd46aeded3926d,True,False,32,nbldpc_formal_v5a_multistage_q1024_p20_confirmation_028,32,384,5.421010862427522e-20,nbldpc_v5a_ir56,dccb378a454dfb0d9b0830da64c6bfa188566032c09803ddbd2a0e76fca12245,2.168404344971009e-19,705,confirmation,3,0,0,verified_success,0.2,4,ae029e2947f808585bb7f8f05c19da1355d7fb8259cb99f1813236b66fb67582,1
bbad4aa7db7395842a0406def3f4f1469f492b529a32b82f503ba822f5fcd7b4,True,False,32,nbldpc_formal_v5a_multistage_q1024_p20_confirmation_029,32,384,5.421010862427522e-20,nbldpc_v5a_ir56,dccb378a454dfb0d9b0830da64c6bfa188566032c09803ddbd2a0e76fca12245,2.168404344971009e-19,705,confirmation,2,0,0,verified_success,0.2,4,4d10cba35a582c6469408200d06abaafb980a08a0fce4bfd29428c476ee156d4,1
113b7abca397913f91d6d1e69157a2772486449f1d20e6cf4c13da12f5ec9ff0,True,False,32,nbldpc_formal_v5a_multistage_q1024_p20_confirmation_030,32,384,5.421010862427522e-20,nbldpc_v5a_ir56,dccb378a454dfb0d9b0830da64c6bfa188566032c09803ddbd2a0e76fca12245,2.168404344971009e-19,705,confirmation,2,0,0,verified_success,0.2,4,e631ed1f0f8904eb28a3dd9b5790f5739703c88270e97003b1bcfd7777ed5019,1
79de582adc5692050e98d8d3bf382e1abf1dc91b3dfc651d31bdfbaf75191993,True,False,32,nbldpc_formal_v5a_multistage_q1024_p20_confirmation_031,32,384,5.421010862427522e-20,nbldpc_v5a_ir56,dccb378a454dfb0d9b0830da64c6bfa188566032c09803ddbd2a0e76fca12245,2.168404344971009e-19,705,confirmation,2,0,0,verified_success,0.2,4,af669de5e66335da508431cc068834fdb371a3a7ce4b398a7e7a7e5a8aeb0a43,1
f2ddbd1b002b39cf07abedc1f08736c5e65b7f2ab40a545ef4925a98fef2b28b,True,False,32,nbldpc_formal_v5a_multistage_q1024_p20_confirmation_032,32,384,5.421010862427522e-20,nbldpc_v5a_ir56,dccb378a454dfb0d9b0830da64c6bfa188566032c09803ddbd2a0e76fca12245,2.168404344971009e-19,705,confirmation,2,0,0,verified_success,0.2,4,6927521d6744c126b47f24624d6b98b372af662fd1b74b34a52a649986881de4,1
5f801f95ae484d4bf95aecf3beb252b733be8317111d0699a074ec689ffe9c05,True,False,32,nbldpc_formal_v5a_multistage_q1024_p20_confirmation_033,32,384,5.421010862427522e-20,nbldpc_v5a_ir56,dccb378a454dfb0d9b0830da64c6bfa188566032c09803ddbd2a0e76fca12245,2.168404344971009e-19,705,confirmation,3,0,0,verified_success,0.2,4,dfa4b66aae35f54c1f6f9ebb182862ca4cfce7e0d8cec9f6caa7772635020dc2,1
1927f419a4f3a3adf366a4b3324276de83ad780b9922c172bd843db5075cda8b,True,False,32,nbldpc_formal_v5a_multistage_q1024_p20_confirmation_034,32,384,5.421010862427522e-20,nbldpc_v5a_ir56,dccb378a454dfb0d9b0830da64c6bfa188566032c09803ddbd2a0e76fca12245,2.168404344971009e-19,705,confirmation,3,0,0,verified_success,0.2,4,776b51a3379d3639480e19ce33d8d4155808e85b5e393d16c181731c2fb86de1,1
3ab349370a02d30f6b9095a442c198502832c1031cbde2677ac0e746c4fea1f4,True,False,32,nbldpc_formal_v5a_multistage_q1024_p20_confirmation_035,32,384,5.421010862427522e-20,nbldpc_v5a_ir56,dccb378a454dfb0d9b0830da64c6bfa188566032c09803ddbd2a0e76fca12245,2.168404344971009e-19,705,confirmation,5,0,0,verified_success,0.2,4,ee74f716c451cbb343bf33dfff2c979b6efd7e20841a5f94fbb678d3ca36ebf0,1
947615575389311649360e7a02541db355714aef8cbf156e86a49f55c1c12305,True,False,32,nbldpc_formal_v5a_multistage_q1024_p20_confirmation_036,32,384,5.421010862427522e-20,nbldpc_v5a_ir56,dccb378a454dfb0d9b0830da64c6bfa188566032c09803ddbd2a0e76fca12245,2.168404344971009e-19,705,confirmation,7,0,0,verified_success,0.2,4,cdd1e3d0f132b9e5094398978bf5b28328d89d3dcb4175150a8d64cb66369f60,1
3ddd7e3e6ce1a42e94a6cc87e5940bb0c1f3a1e80d4b98bdc95865643df0e7d3,True,False,32,nbldpc_formal_v5a_multistage_q1024_p20_confirmation_037,32,384,5.421010862427522e-20,nbldpc_v5a_ir56,dccb378a454dfb0d9b0830da64c6bfa188566032c09803ddbd2a0e76fca12245,2.168404344971009e-19,705,confirmation,2,0,0,verified_success,0.2,4,109af4a8ef78e4a7d6dc42c60103ef70053eaf89a0258f705810daf5e99e8255,1
4a77cac9a018d0cbb4609317315b457351f55a8cc3477584be86972de72c85cf,True,False,32,nbldpc_formal_v5a_multistage_q1024_p20_confirmation_038,32,384,5.421010862427522e-20,nbldpc_v5a_ir56,dccb378a454dfb0d9b0830da64c6bfa188566032c09803ddbd2a0e76fca12245,2.168404344971009e-19,705,confirmation,2,0,0,verified_success,0.2,4,dd95f32920324fc6e5c67544fad25b6d6b07d79d9d1ac5bb2339d137a209bfa6,1
10c103c1d37ecb0bc18e0ac0dd5c2d1b5d620302226b199833fe8a6d69c59b52,True,False,32,nbldpc_formal_v5a_multistage_q1024_p20_confirmation_039,32,384,5.421010862427522e-20,nbldpc_v5a_ir56,dccb378a454dfb0d9b0830da64c6bfa188566032c09803ddbd2a0e76fca12245,2.168404344971009e-19,705,confirmation,3,0,0,verified_success,0.2,4,85410236cd1dae3063d275f0f53e09b75821d5ea36e37ca28cdad5a738d0fc15,1
59e5d0789c56b98c1a881904f2998ffafa325eb84c0d10dfa318fb1195cd0f1e,True,False,32,nbldpc_formal_v5a_multistage_q1024_p20_confirmation_040,32,384,5.421010862427522e-20,nbldpc_v5a_ir56,dccb378a454dfb0d9b0830da64c6bfa188566032c09803ddbd2a0e76fca12245,2.168404344971009e-19,705,confirmation,2,0,0,verified_success,0.2,4,c44d387e91c234a47c3cfebcf28f9e636ec9d2d94cd5dd71318f46edb2079846,1
dad4ca679b18068ed5098886a0113425598240f92e90d2a5c5e2d9481dd056c1,True,False,32,nbldpc_formal_v5a_multistage_q1024_p20_confirmation_041,32,384,5.421010862427522e-20,nbldpc_v5a_ir56,dccb378a454dfb0d9b0830da64c6bfa188566032c09803ddbd2a0e76fca12245,2.168404344971009e-19,705,confirmation,3,0,0,verified_success,0.2,4,1c9c20267c53cc23fada9fe1f24212949fe8601062152a57a6adbaf7366006f5,1
6d831ab83fa1313bdb68070cae50c4c99914cbf9d400dcb566944d522a5631ae,True,False,32,nbldpc_formal_v5a_multistage_q1024_p20_confirmation_042,32,384,5.421010862427522e-20,nbldpc_v5a_ir56,dccb378a454dfb0d9b0830da64c6bfa188566032c09803ddbd2a0e76fca12245,2.168404344971009e-19,705,confirmation,3,0,0,verified_success,0.2,4,e683afbee949d50b111c58510215cde2ad86876c6d793cf187c7fc8015e807fb,1
5a457c25546948c547f23ff3781a7dfbcda316c38e09b1db0a14257417f6d67f,True,False,32,nbldpc_formal_v5a_multistage_q1024_p20_confirmation_043,32,384,5.421010862427522e-20,nbldpc_v5a_ir56,dccb378a454dfb0d9b0830da64c6bfa188566032c09803ddbd2a0e76fca12245,2.168404344971009e-19,705,confirmation,11,0,0,verified_success,0.2,4,6bcb2d9e2a3abbdbf2b29221a85a22dd03f8c25440f26d2b325393869fa5f9f8,1
02955edfe14b66822f85a6246945ea2c7c8f233e225d80bac923afdf4ab30229,True,False,32,nbldpc_formal_v5a_multistage_q1024_p20_confirmation_044,32,384,5.421010862427522e-20,nbldpc_v5a_ir56,dccb378a454dfb0d9b0830da64c6bfa188566032c09803ddbd2a0e76fca12245,2.168404344971009e-19,705,confirmation,3,0,0,verified_success,0.2,4,3780bf8771acbc994a1523cf66a92affb117695be2143778dedb0f4c730faa23,1
65d58f0a9a2dc3c675476e1bdd69f2225d653e75aae85b1be5ee9fdba2a15360,True,False,32,nbldpc_formal_v5a_multistage_q1024_p20_confirmation_045,32,384,5.421010862427522e-20,nbldpc_v5a_ir56,dccb378a454dfb0d9b0830da64c6bfa188566032c09803ddbd2a0e76fca12245,2.168404344971009e-19,705,confirmation,4,0,0,verified_success,0.2,4,8e5b2f6aa1f2849bb03b06815df52b10cfb9a3c06a8640697c4735d747ae9c42,1
acb83023df86ee1cd5132bcafc8a6c73e1e0385ad652e404b12e1cd57576ef72,True,False,32,nbldpc_formal_v5a_multistage_q1024_p20_confirmation_046,32,384,5.421010862427522e-20,nbldpc_v5a_ir56,dccb378a454dfb0d9b0830da64c6bfa188566032c09803ddbd2a0e76fca12245,2.168404344971009e-19,705,confirmation,2,0,0,verified_success,0.2,4,837c25cead9c980776271948342350d44720ae9352cfd4e83039b65258b5825c,1
520a300293c820cc824b26a377b89cd2b957da5ab904e5e5c51769bd67cf22ac,True,True,40,nbldpc_formal_v5a_multistage_q1024_p20_confirmation_047,32,464,5.421010862427522e-20,nbldpc_v5a_ir56,dccb378a454dfb0d9b0830da64c6bfa188566032c09803ddbd2a0e76fca12245,2.168404344971009e-19,707,confirmation,12,2,0,verified_success,0.2,7,d40b071c646f619db9a73178dbe2b6a904a585ebc9856322c41631f145cde7a7,1
332426f6cb3f2115c4b35c3810e11fd3d15867997cfb48bea8a6e2ac8c376bfe,True,False,32,nbldpc_formal_v5a_multistage_q1024_p20_confirmation_048,32,384,5.421010862427522e-20,nbldpc_v5a_ir56,dccb378a454dfb0d9b0830da64c6bfa188566032c09803ddbd2a0e76fca12245,2.168404344971009e-19,705,confirmation,3,0,0,verified_success,0.2,4,e566e1c58f5a995c27310f5db01ddbea1e70d90ef53f551776829f7af4d43ea3,1
8c63bb32953fbea363aa667c1a751a6d93afb6b7551310595a33e0dd079988c3,True,False,32,nbldpc_formal_v5a_multistage_q1024_p20_confirmation_049,32,384,5.421010862427522e-20,nbldpc_v5a_ir56,dccb378a454dfb0d9b0830da64c6bfa188566032c09803ddbd2a0e76fca12245,2.168404344971009e-19,705,confirmation,3,0,0,verified_success,0.2,4,dbc818df82a3525fcd135abcbebece1a1e3f9b284917bb6a0bb63e1c4e9b1b57,1
d4546600daf86bf6e9602780c18c732662436798645e22cf1827c95d91af55fe,True,False,32,nbldpc_formal_v5a_multistage_q1024_p20_confirmation_050,32,384,5.421010862427522e-20,nbldpc_v5a_ir56,dccb378a454dfb0d9b0830da64c6bfa188566032c09803ddbd2a0e76fca12245,2.168404344971009e-19,705,confirmation,2,0,0,verified_success,0.2,4,2de10d77060d2d97cdaabba5a8bdacb6eb327180d673a51d7355baaf0997344c,1
3f7c5d94ec327964f79998e996417de2b366db1ff61ee5537374e45e4860a2b8,True,False,32,nbldpc_formal_v5a_multistage_q1024_p20_confirmation_051,32,384,5.421010862427522e-20,nbldpc_v5a_ir56,dccb378a454dfb0d9b0830da64c6bfa188566032c09803ddbd2a0e76fca12245,2.168404344971009e-19,705,confirmation,3,0,0,verified_success,0.2,4,85395325ac7d17ba39376eb26738949c2019227d2df8dfd8c586f6e50f669e03,1
58a3ae78a6e3af4a040d6574cdc5d5b0db3b38ccd1c5bae869bffc97a0c0a28d,True,False,32,nbldpc_formal_v5a_multistage_q1024_p20_confirmation_052,32,384,5.421010862427522e-20,nbldpc_v5a_ir56,dccb378a454dfb0d9b0830da64c6bfa188566032c09803ddbd2a0e76fca12245,2.168404344971009e-19,705,confirmation,2,0,0,verified_success,0.2,4,b1ce6bff6587bd426b058550570c2ed5abe0b81bba6f50bda5a892f2d203cf71,1
d973abfed7deebbf2b94d7a3ca17cd311ed036e19f67cf34e05d57910eecd965,True,False,32,nbldpc_formal_v5a_multistage_q1024_p20_confirmation_053,32,384,5.421010862427522e-20,nbldpc_v5a_ir56,dccb378a454dfb0d9b0830da64c6bfa188566032c09803ddbd2a0e76fca12245,2.168404344971009e-19,705,confirmation,2,0,0,verified_success,0.2,4,6f7bfa5a8c499ef71dde7029645c06061e2f2ca858875f27e3a01a338a9b5589,1
41f7b67896bef181d903f27a0aa172dfb7596a213196fb348d49fdc194be61a1,True,False,32,nbldpc_formal_v5a_multistage_q1024_p20_confirmation_054,32,384,5.421010862427522e-20,nbldpc_v5a_ir56,dccb378a454dfb0d9b0830da64c6bfa188566032c09803ddbd2a0e76fca12245,2.168404344971009e-19,705,confirmation,2,0,0,verified_success,0.2,4,11d5e948ebc793912eca748383735b6b57127cde0245019538ffb30064758cf6,1
23e9bf37da59c943f488e7a0adb8338858d729e82d24626c9de927b04e99319d,True,False,32,nbldpc_formal_v5a_multistage_q1024_p20_confirmation_055,32,384,5.421010862427522e-20,nbldpc_v5a_ir56,dccb378a454dfb0d9b0830da64c6bfa188566032c09803ddbd2a0e76fca12245,2.168404344971009e-19,705,confirmation,5,0,0,verified_success,0.2,4,70159f9184dcd4200af18c198661de7ce4e7f379a6be6d96a06471d26931ac6f,1
c0acd822bd0cdcb0bd116abdf9825581f74855c5d357b0531495e34e249e2748,True,False,32,nbldpc_formal_v5a_multistage_q1024_p20_confirmation_056,32,384,5.421010862427522e-20,nbldpc_v5a_ir56,dccb378a454dfb0d9b0830da64c6bfa188566032c09803ddbd2a0e76fca12245,2.168404344971009e-19,705,confirmation,2,0,0,verified_success,0.2,4,7f960ab3bcd0e415f76391ec442835f314ce802219105f144ad71d4697dcf179,1
ee7cf496835c465da45b02c18536fabec25250688a3b01d1db1264c956a0d343,True,False,32,nbldpc_formal_v5a_multistage_q1024_p20_confirmation_057,32,384,5.421010862427522e-20,nbldpc_v5a_ir56,dccb378a454dfb0d9b0830da64c6bfa188566032c09803ddbd2a0e76fca12245,2.168404344971009e-19,705,confirmation,3,0,0,verified_success,0.2,4,54e6319afbd197e12763ccb2cae800814c08dd8c957af81b0f3b2d829334e1a0,1
d1c89a882ebe0967f503ffda1297c02fd316eb6a84fad786f2ee493a714233a4,True,False,32,nbldpc_formal_v5a_multistage_q1024_p20_confirmation_058,32,384,5.421010862427522e-20,nbldpc_v5a_ir56,dccb378a454dfb0d9b0830da64c6bfa188566032c09803ddbd2a0e76fca12245,2.168404344971009e-19,705,confirmation,2,0,0,verified_success,0.2,4,3cd261acc6c746201963a7a77f67e5de8e81811eaf2d46b200a187a096b22396,1
8fd7978396a320c5d6ced518d3397f06742c9ec620a44fab8f7a6dd8612f8808,True,False,32,nbldpc_formal_v5a_multistage_q1024_p20_confirmation_059,32,384,5.421010862427522e-20,nbldpc_v5a_ir56,dccb378a454dfb0d9b0830da64c6bfa188566032c09803ddbd2a0e76fca12245,2.168404344971009e-19,705,confirmation,3,0,0,verified_success,0.2,4,c4e30a59d1d08bed6d115c9fbd5266cc150c2c7fd318cdde3c137fa3072265aa,1
788ef493cb50c850cce602bfb20545e83fe4db52eee349c125dd5bcb398dcf8e,True,False,32,nbldpc_formal_v5a_multistage_q1024_p20_confirmation_060,32,384,5.421010862427522e-20,nbldpc_v5a_ir56,dccb378a454dfb0d9b0830da64c6bfa188566032c09803ddbd2a0e76fca12245,2.168404344971009e-19,705,confirmation,2,0,0,verified_success,0.2,4,614dcdd23c3ef9e5ea50287d68e8f6a009d5394ced405713fdc8453da5324b0a,1
949f6eb426d961080da6d51b32b238f0d7bd2f49c19afdee7a5589d251307f82,True,False,32,nbldpc_formal_v5a_multistage_q1024_p20_confirmation_061,32,384,5.421010862427522e-20,nbldpc_v5a_ir56,dccb378a454dfb0d9b0830da64c6bfa188566032c09803ddbd2a0e76fca12245,2.168404344971009e-19,705,confirmation,2,0,0,verified_success,0.2,4,cda6ca6becc5bcf0e9db7c3c1d9f3f9964bfc608774cfa7ef3ea06d8faf2b6bf,1
0d56a4e48d60c657b3a6f6da804433639597c669ce1b80cb9284b09c67765f85,True,False,32,nbldpc_formal_v5a_multistage_q1024_p20_confirmation_062,32,384,5.421010862427522e-20,nbldpc_v5a_ir56,dccb378a454dfb0d9b0830da64c6bfa188566032c09803ddbd2a0e76fca12245,2.168404344971009e-19,705,confirmation,4,0,0,verified_success,0.2,4,bc6e2ae36ad4280cab1fe97e1059e275d6c5900bd32a863976ca1795ac4c8890,1
bd12364acf6d2c97aa18dd4c7734ff77bef0cd492f52e15132b3e87957200589,True,False,32,nbldpc_formal_v5a_multistage_q1024_p20_confirmation_063,32,384,5.421010862427522e-20,nbldpc_v5a_ir56,dccb378a454dfb0d9b0830da64c6bfa188566032c09803ddbd2a0e76fca12245,2.168404344971009e-19,705,confirmation,2,0,0,verified_success,0.2,4,a50ebb0d4854c46669fb669b1fd5b965b525ff113faebe22c5e79d581e556ed7,1
782ac3db392dcfa24d59ae75b529c363afe8741c3540e850c012590408b25359,True,False,32,nbldpc_formal_v5a_multistage_q1024_p20_confirmation_064,32,384,5.421010862427522e-20,nbldpc_v5a_ir56,dccb378a454dfb0d9b0830da64c6bfa188566032c09803ddbd2a0e76fca12245,2.168404344971009e-19,705,confirmation,2,0,0,verified_success,0.2,4,53cbe7c3ab16c58b359171bdbbab52c529b2df03134d1145c5c3295271f925c3,1
2fba72d80ab05d13fb0aef97dbfc869dbc6994697962810b36135b71a8b7fc2a,True,False,32,nbldpc_formal_v5a_multistage_q1024_p20_confirmation_065,32,384,5.421010862427522e-20,nbldpc_v5a_ir56,dccb378a454dfb0d9b0830da64c6bfa188566032c09803ddbd2a0e76fca12245,2.168404344971009e-19,705,confirmation,2,0,0,verified_success,0.2,4,258f38beae3e04b1e5ee836ebee1431c4985a28c51b2ec66c27906bc1cc5080f,1
19a6f771cab632fa76669729705c4eea9c874ec26d6c015ce3b626f7225c9a50,True,False,32,nbldpc_formal_v5a_multistage_q1024_p20_confirmation_066,32,384,5.421010862427522e-20,nbldpc_v5a_ir56,dccb378a454dfb0d9b0830da64c6bfa188566032c09803ddbd2a0e76fca12245,2.168404344971009e-19,705,confirmation,2,0,0,verified_success,0.2,4,b951b171f05126cd6db465c4eeb3c997f5de8ce4d65b32a7d4a562ab9ed8362e,1
672ddf9ca25ecb6ca1a61af99418918d788f276747f09a7c3720df6e872eec10,True,False,32,nbldpc_formal_v5a_multistage_q1024_p20_confirmation_067,32,384,5.421010862427522e-20,nbldpc_v5a_ir56,dccb378a454dfb0d9b0830da64c6bfa188566032c09803ddbd2a0e76fca12245,2.168404344971009e-19,705,confirmation,2,0,0,verified_success,0.2,4,4d224ed5eae9b2e7dc27fce0137ee751972e93e4321a8aa2442912530b56be80,1
e50325c2e822233fe377eb31c47a6e5bb2df9762d5edba4a9b899e3db9cdb503,True,False,32,nbldpc_formal_v5a_multistage_q1024_p20_confirmation_068,32,384,5.421010862427522e-20,nbldpc_v5a_ir56,dccb378a454dfb0d9b0830da64c6bfa188566032c09803ddbd2a0e76fca12245,2.168404344971009e-19,705,confirmation,3,0,0,verified_success,0.2,4,e74e9a78bdae5cfe53c382234c1ba71ee5991cf5a69fd172a545fa4d98775dac,1
857d291278e0caafededa1ab936f2b9c2721e033104925f2d3972e36c1afc8ff,True,False,32,nbldpc_formal_v5a_multistage_q1024_p20_confirmation_069,32,384,5.421010862427522e-20,nbldpc_v5a_ir56,dccb378a454dfb0d9b0830da64c6bfa188566032c09803ddbd2a0e76fca12245,2.168404344971009e-19,705,confirmation,3,0,0,verified_success,0.2,4,dbb63457b7b1b3e559e218994dfad0b65048e4c29a9922026617b30734fd4d6c,1
0d9b9c362f7aa49f9531444d653e86df56d9afafd163a3fa90ea792f5d08493b,True,False,32,nbldpc_formal_v5a_multistage_q1024_p20_confirmation_070,32,384,5.421010862427522e-20,nbldpc_v5a_ir56,dccb378a454dfb0d9b0830da64c6bfa188566032c09803ddbd2a0e76fca12245,2.168404344971009e-19,705,confirmation,2,0,0,verified_success,0.2,4,8e671ba60e88597f46ab77ef84ad3492c121f61151d2dd144e323d0620fe6ecf,1
cd3c6a62447d2b84dc19d9a4c6d29b105d1efe07a6a7c2fc8fe812fd9410bc0a,True,False,32,nbldpc_formal_v5a_multistage_q1024_p20_confirmation_071,32,384,5.421010862427522e-20,nbldpc_v5a_ir56,dccb378a454dfb0d9b0830da64c6bfa188566032c09803ddbd2a0e76fca12245,2.168404344971009e-19,705,confirmation,2,0,0,verified_success,0.2,4,4c304a5c0563ad717cb1d0f4b6733711fb32744e533249083d082ad9cec93670,1
aeac2a0ad9e94460893a101f20a7ed8b2c96f2265f636ea40df9b19de938551f,True,True,40,nbldpc_formal_v5a_multistage_q1024_p20_confirmation_072,32,464,5.421010862427522e-20,nbldpc_v5a_ir56,dccb378a454dfb0d9b0830da64c6bfa188566032c09803ddbd2a0e76fca12245,2.168404344971009e-19,707,confirmation,12,2,0,verified_success,0.2,7,b1a1bf9357772741205e5e6ce972f92b623e1f2e3d79d82771152075166a3395,1
a55c1e67076ac7afa5d264f06c56e5094029e4034e69b230b24d8f5ba23cd509,True,True,40,nbldpc_formal_v5a_multistage_q1024_p20_confirmation_073,32,464,5.421010862427522e-20,nbldpc_v5a_ir56,dccb378a454dfb0d9b0830da64c6bfa188566032c09803ddbd2a0e76fca12245,2.168404344971009e-19,707,confirmation,12,2,0,verified_success,0.2,7,62127e805a5a0f27b0266048e607722b7efa5bea4658ccef301ce1102bf99914,1
387f7a2c15933f678b9e97626bf2bc10077990fffa0f009a32b27cc8ead1fc6f,True,False,32,nbldpc_formal_v5a_multistage_q1024_p20_confirmation_074,32,384,5.421010862427522e-20,nbldpc_v5a_ir56,dccb378a454dfb0d9b0830da64c6bfa188566032c09803ddbd2a0e76fca12245,2.168404344971009e-19,705,confirmation,2,0,0,verified_success,0.2,4,a586d674054971d7a0c0163e601992ec984ddddc77386abb21a3c8d45e895fc7,1
4fd421b029b5def18989e4c4085cf2c0d8d8e5ce1b4d975bc220e6f6b3488c36,True,False,32,nbldpc_formal_v5a_multistage_q1024_p20_confirmation_075,32,384,5.421010862427522e-20,nbldpc_v5a_ir56,dccb378a454dfb0d9b0830da64c6bfa188566032c09803ddbd2a0e76fca12245,2.168404344971009e-19,705,confirmation,4,0,0,verified_success,0.2,4,6c302743c915acd54e4144101218c15f996a8fc2db66b162579918ed2676d542,1
bcedeb47df6da503ed1b60f2afc3f48bc06c6423a05f774e898511876b13679f,True,True,40,nbldpc_formal_v5a_multistage_q1024_p20_confirmation_076,32,464,5.421010862427522e-20,nbldpc_v5a_ir56,dccb378a454dfb0d9b0830da64c6bfa188566032c09803ddbd2a0e76fca12245,2.168404344971009e-19,707,confirmation,12,3,0,verified_success,0.2,7,9bd7e4bf930ffe971458f9900ff1327e34299745c5b16d51f556c394beb5c9da,1
631c36780fd5ee7c8e2005bde3721732fc8cfe7ac826ae48b3d28b3dfc05428c,True,False,32,nbldpc_formal_v5a_multistage_q1024_p20_confirmation_077,32,384,5.421010862427522e-20,nbldpc_v5a_ir56,dccb378a454dfb0d9b0830da64c6bfa188566032c09803ddbd2a0e76fca12245,2.168404344971009e-19,705,confirmation,2,0,0,verified_success,0.2,4,166fc0d7e53665b58c262304024f5b60ae5e2420d9148f0efd70637aa489d46b,1
2a017c203671b500e94a3bd79122b9ef7e5b355d5634476b94b4327ebceb5490,True,False,32,nbldpc_formal_v5a_multistage_q1024_p20_confirmation_078,32,384,5.421010862427522e-20,nbldpc_v5a_ir56,dccb378a454dfb0d9b0830da64c6bfa188566032c09803ddbd2a0e76fca12245,2.168404344971009e-19,705,confirmation,2,0,0,verified_success,0.2,4,d2a7e1e2869ac1111ea8ab0b7a07b9059638846990c33d382fcb0a9185fb47eb,1
165d1e2b2667cd2b63878c248f42cc6e91fcc02df3ea6e608750854ccec6af48,True,False,32,nbldpc_formal_v5a_multistage_q1024_p20_confirmation_079,32,384,5.421010862427522e-20,nbldpc_v5a_ir56,dccb378a454dfb0d9b0830da64c6bfa188566032c09803ddbd2a0e76fca12245,2.168404344971009e-19,705,confirmation,2,0,0,verified_success,0.2,4,b16842a661326e3ad4563d5f8b44b3ec024de48aa8fa0bdef8b12bbef235f717,1
92d3fe982483dddc730d8bd5f78dae7651fe2de9ee62224dcf408d7617375cda,True,False,32,nbldpc_formal_v5a_multistage_q1024_p20_confirmation_080,32,384,5.421010862427522e-20,nbldpc_v5a_ir56,dccb378a454dfb0d9b0830da64c6bfa188566032c09803ddbd2a0e76fca12245,2.168404344971009e-19,705,confirmation,2,0,0,verified_success,0.2,4,f005b4899487e8b034c140c8806e0199ee36e3e5b51ee337021514a357ef1d43,1
cf1a37ed4e76f88ccb05044c5186562a2050cfe30d5fd607e427aef01f17a2c5,True,False,32,nbldpc_formal_v5a_multistage_q1024_p20_confirmation_081,32,384,5.421010862427522e-20,nbldpc_v5a_ir56,dccb378a454dfb0d9b0830da64c6bfa188566032c09803ddbd2a0e76fca12245,2.168404344971009e-19,705,confirmation,2,0,0,verified_success,0.2,4,a7bf115b9f3edd3b9188cd31bedf2845c4225d9be1f118f328a8345ec0a2ab65,1
30f0bcab7c3545916d75a114ebc144806781a74c0b8c9bf2874246cc3cedb271,True,False,32,nbldpc_formal_v5a_multistage_q1024_p20_confirmation_082,32,384,5.421010862427522e-20,nbldpc_v5a_ir56,dccb378a454dfb0d9b0830da64c6bfa188566032c09803ddbd2a0e76fca12245,2.168404344971009e-19,705,confirmation,4,0,0,verified_success,0.2,4,5419c45ab2626a8d67e963611040497fa39f8d9cca4592821c5036678ced7e69,1
1ec060f0597361e07c5aa0e3fcc41cc4c22950b6068bf6557342ae7597d65547,True,False,32,nbldpc_formal_v5a_multistage_q1024_p20_confirmation_083,32,384,5.421010862427522e-20,nbldpc_v5a_ir56,dccb378a454dfb0d9b0830da64c6bfa188566032c09803ddbd2a0e76fca12245,2.168404344971009e-19,705,confirmation,2,0,0,verified_success,0.2,4,8052295dfa1875efea62baae69a0f7dd0c04b7943cd68768e140446e9a65021a,1
a035f777826ffd059cb2a8de0422b61042937bfb245ad4cc4122f267ff4e49a1,True,True,40,nbldpc_formal_v5a_multistage_q1024_p20_confirmation_084,32,464,5.421010862427522e-20,nbldpc_v5a_ir56,dccb378a454dfb0d9b0830da64c6bfa188566032c09803ddbd2a0e76fca12245,2.168404344971009e-19,707,confirmation,12,2,0,verified_success,0.2,7,4a580424fef61f141cda0caa992d9a509693660d5a8201e16514807cf804dcc1,1
8153048fe5ed62a3b97d779d4be80aa07d6d7c525e1d392b805e02c6b68329a8,True,False,32,nbldpc_formal_v5a_multistage_q1024_p20_confirmation_085,32,384,5.421010862427522e-20,nbldpc_v5a_ir56,dccb378a454dfb0d9b0830da64c6bfa188566032c09803ddbd2a0e76fca12245,2.168404344971009e-19,705,confirmation,3,0,0,verified_success,0.2,4,2175c9465ab15bdd6f2becfb9ff0b1519ca4ccb8b09bd2bedf09d159d6cde9e2,1
bc0012739e477e31fd50abc19608c844e7373d521c194c59f0fbaca7af91b11d,True,False,32,nbldpc_formal_v5a_multistage_q1024_p20_confirmation_086,32,384,5.421010862427522e-20,nbldpc_v5a_ir56,dccb378a454dfb0d9b0830da64c6bfa188566032c09803ddbd2a0e76fca12245,2.168404344971009e-19,705,confirmation,3,0,0,verified_success,0.2,4,19bfd362548c8a5f50cb8ae55cbce061c161cccb41f8f679bdfa5ca09ca6bcd4,1
30e42486be07ba8b42c1f8f6b752b680763175a429b2f6dab0f8ab26d04f6cad,True,False,32,nbldpc_formal_v5a_multistage_q1024_p20_confirmation_087,32,384,5.421010862427522e-20,nbldpc_v5a_ir56,dccb378a454dfb0d9b0830da64c6bfa188566032c09803ddbd2a0e76fca12245,2.168404344971009e-19,705,confirmation,2,0,0,verified_success,0.2,4,2f78bad35cd857cfe556cf4417beb02c8c32d281d0ba619f13562b80506fd4ee,1
3e8b128152d924f404b81129783062f7d493666fddfd7bbe1f8cd44e45a1fbe6,True,False,32,nbldpc_formal_v5a_multistage_q1024_p20_confirmation_088,32,384,5.421010862427522e-20,nbldpc_v5a_ir56,dccb378a454dfb0d9b0830da64c6bfa188566032c09803ddbd2a0e76fca12245,2.168404344971009e-19,705,confirmation,3,0,0,verified_success,0.2,4,6fc49c5217acd849391f72d8eb75c924b0fa135c1a59e74588c61afac5375352,1
243c6662ec6a815bcdde0d29203159856ab60f4f011c25fdd3798387b863c8bd,True,False,32,nbldpc_formal_v5a_multistage_q1024_p20_confirmation_089,32,384,5.421010862427522e-20,nbldpc_v5a_ir56,dccb378a454dfb0d9b0830da64c6bfa188566032c09803ddbd2a0e76fca12245,2.168404344971009e-19,705,confirmation,3,0,0,verified_success,0.2,4,8df053569366d4be2b27586abaa7bbfb9bc75055690b1a06610cbe1943cacdda,1
5b632ecd51f1871cadb42fba0981bb67d3cb8ad348b4b424af48e1aa93cc5a67,True,False,32,nbldpc_formal_v5a_multistage_q1024_p20_confirmation_090,32,384,5.421010862427522e-20,nbldpc_v5a_ir56,dccb378a454dfb0d9b0830da64c6bfa188566032c09803ddbd2a0e76fca12245,2.168404344971009e-19,705,confirmation,2,0,0,verified_success,0.2,4,40978a1d2793851a7d036f3bdba630dcdcf5f34784ca2ab30c305c59fd822c5b,1
d202154c2d548c5b324b085f9bfbcbbfa3342a567d24f6010c77f88b460f49a3,True,False,32,nbldpc_formal_v5a_multistage_q1024_p20_confirmation_091,32,384,5.421010862427522e-20,nbldpc_v5a_ir56,dccb378a454dfb0d9b0830da64c6bfa188566032c09803ddbd2a0e76fca12245,2.168404344971009e-19,705,confirmation,3,0,0,verified_success,0.2,4,e57d4b28d6739dc90ebe62f3927ef5e430171138d2f4944660af3c1c48cc2e08,1
da02b6483568741a972c61ce71fe0b2dbd11f2742656f678184886e5260b1a6c,True,False,32,nbldpc_formal_v5a_multistage_q1024_p20_confirmation_092,32,384,5.421010862427522e-20,nbldpc_v5a_ir56,dccb378a454dfb0d9b0830da64c6bfa188566032c09803ddbd2a0e76fca12245,2.168404344971009e-19,705,confirmation,2,0,0,verified_success,0.2,4,c809cf9bd1ceb966fa74950efdd81de2fcb66334b1dcf2fbf21db840c6b483cb,1
2fd267855f9e8d756b950bb979387d1340b834a5626eaccd09e45a0d06309ed0,True,False,32,nbldpc_formal_v5a_multistage_q1024_p20_confirmation_093,32,384,5.421010862427522e-20,nbldpc_v5a_ir56,dccb378a454dfb0d9b0830da64c6bfa188566032c09803ddbd2a0e76fca12245,2.168404344971009e-19,705,confirmation,2,0,0,verified_success,0.2,4,5cbf3712ad1bd31659d3b9ac85f84f066f560f5ecc804431197e66dcb4ac2c38,1
381fa1095c0a43472cc381882982ea50857d7d8639a456c010aaa55fa9f6060f,True,False,32,nbldpc_formal_v5a_multistage_q1024_p20_confirmation_094,32,384,5.421010862427522e-20,nbldpc_v5a_ir56,dccb378a454dfb0d9b0830da64c6bfa188566032c09803ddbd2a0e76fca12245,2.168404344971009e-19,705,confirmation,2,0,0,verified_success,0.2,4,4d56aff7fd26e5d0d85f26803dccbb323c2677cd1753e1a9e2987e66bc02b2d5,1
bfe8accdf0d08ad5dbc1d831ea64edd0bf2716cbf0bf2e7af33f434c7ff67cd1,True,False,32,nbldpc_formal_v5a_multistage_q1024_p20_confirmation_095,32,384,5.421010862427522e-20,nbldpc_v5a_ir56,dccb378a454dfb0d9b0830da64c6bfa188566032c09803ddbd2a0e76fca12245,2.168404344971009e-19,705,confirmation,6,0,0,verified_success,0.2,4,0e8d7cfec2a2968e070182f7c0df43310e8e368b9e85f33d50b76a0e8415f3e1,1
76de429ce6e8ab206a53feaadae99e867a06d75e76e5f3215730f611e3bb6cdb,True,False,32,nbldpc_formal_v5a_multistage_q1024_p20_confirmation_096,32,384,5.421010862427522e-20,nbldpc_v5a_ir56,dccb378a454dfb0d9b0830da64c6bfa188566032c09803ddbd2a0e76fca12245,2.168404344971009e-19,705,confirmation,3,0,0,verified_success,0.2,4,17720178f61ca93edc8bb4a7a37fe22dee2d87595f15123b7709acbacf76eee5,1
9e0766e8fd7ce76da4ce8785feec48d8bcfb54f20db329588f34e359832d800c,True,False,32,nbldpc_formal_v5a_multistage_q1024_p20_confirmation_097,32,384,5.421010862427522e-20,nbldpc_v5a_ir56,dccb378a454dfb0d9b0830da64c6bfa188566032c09803ddbd2a0e76fca12245,2.168404344971009e-19,705,confirmation,3,0,0,verified_success,0.2,4,7a6533e777456308718862f6563accaa1ac8ae7f2803de6a50a4e16e351d8b32,1
2ef38d7f1a96803b6fbe9e8a56cce303eecf54ae3e8dfe72d480ebfb990f0b29,True,False,32,nbldpc_formal_v5a_multistage_q1024_p20_confirmation_098,32,384,5.421010862427522e-20,nbldpc_v5a_ir56,dccb378a454dfb0d9b0830da64c6bfa188566032c09803ddbd2a0e76fca12245,2.168404344971009e-19,705,confirmation,2,0,0,verified_success,0.2,4,8bf6e9d6d10f665f68e96f502ca8db68f0b331f853edf33196bbfc3a3bef47df,1
a7b3d06d694b7b6df07c3626bf2e9caa5419c1974a3ab5c74723ae032791736b,True,False,32,nbldpc_formal_v5a_multistage_q1024_p20_confirmation_099,32,384,5.421010862427522e-20,nbldpc_v5a_ir56,dccb378a454dfb0d9b0830da64c6bfa188566032c09803ddbd2a0e76fca12245,2.168404344971009e-19,705,confirmation,8,0,0,verified_success,0.2,4,c98443a01d39f5601c0f5143a3ef8553daf2113a5bf4eac355c173f8337822f0,1
3ff8d05a2a304525cff0baa94829c0204fbdcf692c19575692b054a7c90f8fa4,True,False,32,nbldpc_formal_v5a_multistage_q1024_p20_confirmation_100,32,384,5.421010862427522e-20,nbldpc_v5a_ir56,dccb378a454dfb0d9b0830da64c6bfa188566032c09803ddbd2a0e76fca12245,2.168404344971009e-19,705,confirmation,2,0,0,verified_success,0.2,4,37b692b5c779d079256ddba4a968d6105585a4e7ad7a5d8beca0526f4aeebc11,1
ea0f017544c3dcef4cd0bec48237156a56122b2c17d13b99fe95e616e819662e,True,False,32,nbldpc_formal_v5a_multistage_q1024_p20_confirmation_101,32,384,5.421010862427522e-20,nbldpc_v5a_ir56,dccb378a454dfb0d9b0830da64c6bfa188566032c09803ddbd2a0e76fca12245,2.168404344971009e-19,705,confirmation,2,0,0,verified_success,0.2,4,cc15092e5ad2c552244a767db4bcca5e3cd983011050547379806189672b5998,1
80c58d0929821b349c80a49e7ab889ba32a6cb3bfb3abecd7d5f3bc6b506df75,True,False,32,nbldpc_formal_v5a_multistage_q1024_p20_confirmation_102,32,384,5.421010862427522e-20,nbldpc_v5a_ir56,dccb378a454dfb0d9b0830da64c6bfa188566032c09803ddbd2a0e76fca12245,2.168404344971009e-19,705,confirmation,3,0,0,verified_success,0.2,4,0a72720dc50e6651c4c4747b7df6d61bac86defd14d50c132e2d5d78611393c8,1
30020df2ad4a2162c23e90d498f4272e6505b3467d5c378cd5ec167a333fc939,True,False,32,nbldpc_formal_v5a_multistage_q1024_p20_confirmation_103,32,384,5.421010862427522e-20,nbldpc_v5a_ir56,dccb378a454dfb0d9b0830da64c6bfa188566032c09803ddbd2a0e76fca12245,2.168404344971009e-19,705,confirmation,4,0,0,verified_success,0.2,4,fccfb9f5636d0b85acea57473e38d957e38e93d8cadaecd14e41b24bd82c96be,1
de1d02e2de8e856f2a86a3a30b9c93b2123df53a335c2aa9383da9c4c73bfebb,True,False,32,nbldpc_formal_v5a_multistage_q1024_p20_confirmation_104,32,384,5.421010862427522e-20,nbldpc_v5a_ir56,dccb378a454dfb0d9b0830da64c6bfa188566032c09803ddbd2a0e76fca12245,2.168404344971009e-19,705,confirmation,2,0,0,verified_success,0.2,4,2d057798d56decde7e6abea693229bbbd024809a23b2084fd7517dc52d016370,1
831b516ec350f2a6480918ab8be6b142b941cfd420b8e90dc5c9b57a5332d004,True,False,32,nbldpc_formal_v5a_multistage_q1024_p20_confirmation_105,32,384,5.421010862427522e-20,nbldpc_v5a_ir56,dccb378a454dfb0d9b0830da64c6bfa188566032c09803ddbd2a0e76fca12245,2.168404344971009e-19,705,confirmation,2,0,0,verified_success,0.2,4,97f0c6770e292f9b594a16b126c27c3e4b4d8560677b335adfa1098763d8697d,1
5a60b72c0b12b5b21ca5baa3132aaa06401b2092f29bbab004c090ac2b17601d,True,False,32,nbldpc_formal_v5a_multistage_q1024_p20_confirmation_106,32,384,5.421010862427522e-20,nbldpc_v5a_ir56,dccb378a454dfb0d9b0830da64c6bfa188566032c09803ddbd2a0e76fca12245,2.168404344971009e-19,705,confirmation,1,0,0,verified_success,0.2,4,d2a35ffe00000c8b9a394039affef6968dc00be4552c165df29cdb5d0974df52,1
7c5dc8c8ee4e7c8776ebfecd0ba9eb889c45b76358ac9a656c63de7a1e0f06fe,True,False,32,nbldpc_formal_v5a_multistage_q1024_p20_confirmation_107,32,384,5.421010862427522e-20,nbldpc_v5a_ir56,dccb378a454dfb0d9b0830da64c6bfa188566032c09803ddbd2a0e76fca12245,2.168404344971009e-19,705,confirmation,2,0,0,verified_success,0.2,4,a44ec0055fef1993046491cc35844084ae4ee39b494c24f27e80b8f6c64f3ad5,1
7d951782e55341f8f075e369e5d785fffb542a558fc35d32591647245eacdd2c,True,False,32,nbldpc_formal_v5a_multistage_q1024_p20_confirmation_108,32,384,5.421010862427522e-20,nbldpc_v5a_ir56,dccb378a454dfb0d9b0830da64c6bfa188566032c09803ddbd2a0e76fca12245,2.168404344971009e-19,705,confirmation,3,0,0,verified_success,0.2,4,d52fc3794c56e0499f880415ce91adafc8715cfc7c725319d227aa302aabe0d6,1
d8e4c646a8e7b9d038503cb697622756c78386340104d54a33193aff0c0a4f6b,True,False,32,nbldpc_formal_v5a_multistage_q1024_p20_confirmation_109,32,384,5.421010862427522e-20,nbldpc_v5a_ir56,dccb378a454dfb0d9b0830da64c6bfa188566032c09803ddbd2a0e76fca12245,2.168404344971009e-19,705,confirmation,2,0,0,verified_success,0.2,4,884e1283046ea1d7a8ed2987ae03c1beaf9ff366b086fa8d56500c5d3f2fd549,1
c560c54ded20281e71c752c0bbb3dce6af547c8c81fc744299b088e28fbad5eb,True,False,32,nbldpc_formal_v5a_multistage_q1024_p20_confirmation_110,32,384,5.421010862427522e-20,nbldpc_v5a_ir56,dccb378a454dfb0d9b0830da64c6bfa188566032c09803ddbd2a0e76fca12245,2.168404344971009e-19,705,confirmation,2,0,0,verified_success,0.2,4,b2d90fb675506108a05cc7e0d569cfb62bffb77809e55f90a223275804528b2a,1
0e2b4840d8971661da712d4cceea02fa3ce95528df05cf01827b87a00848d5a8,True,False,32,nbldpc_formal_v5a_multistage_q1024_p20_confirmation_111,32,384,5.421010862427522e-20,nbldpc_v5a_ir56,dccb378a454dfb0d9b0830da64c6bfa188566032c09803ddbd2a0e76fca12245,2.168404344971009e-19,705,confirmation,2,0,0,verified_success,0.2,4,5062b418e224268cce1acb14253fd516ce65905f6678d2164d202c4e97d74fc7,1
98c88d28b4b25d1850ae761712a669a368d9205e2861b7004287809d753abf84,True,False,32,nbldpc_formal_v5a_multistage_q1024_p20_confirmation_112,32,384,5.421010862427522e-20,nbldpc_v5a_ir56,dccb378a454dfb0d9b0830da64c6bfa188566032c09803ddbd2a0e76fca12245,2.168404344971009e-19,705,confirmation,2,0,0,verified_success,0.2,4,888efbd6d21af6732e901df10ebc1012fd22ba0a5c95e0f42d9931d781c820a4,1
6bb47ed0d5865d4cea0843fd197bf3f0a8fad30235ef7218247abef20cd34b26,True,False,32,nbldpc_formal_v5a_multistage_q1024_p20_confirmation_113,32,384,5.421010862427522e-20,nbldpc_v5a_ir56,dccb378a454dfb0d9b0830da64c6bfa188566032c09803ddbd2a0e76fca12245,2.168404344971009e-19,705,confirmation,3,0,0,verified_success,0.2,4,a4a838e12d19386cb21289bc8c1dd1646424a52716f565ebdaec507a8ac35a2b,1
69de49f28e70937eb72bf91c190e923f609d72a0c0c43e6a6fcd6d4d8c3007e0,True,False,32,nbldpc_formal_v5a_multistage_q1024_p20_confirmation_114,32,384,5.421010862427522e-20,nbldpc_v5a_ir56,dccb378a454dfb0d9b0830da64c6bfa188566032c09803ddbd2a0e76fca12245,2.168404344971009e-19,705,confirmation,2,0,0,verified_success,0.2,4,9072ff492126694a6dee42d48811e233cfc87112d345c2f3ecff627704657dac,1
ff29e4c5f12927d9ab4fd2c6c04f4162c6719fa063809af0ef17ca137b53a5b7,True,False,32,nbldpc_formal_v5a_multistage_q1024_p20_confirmation_115,32,384,5.421010862427522e-20,nbldpc_v5a_ir56,dccb378a454dfb0d9b0830da64c6bfa188566032c09803ddbd2a0e76fca12245,2.168404344971009e-19,705,confirmation,2,0,0,verified_success,0.2,4,5288f982ee4354e62f990a51e0c6f1568fcadc597495fb8702194b037d47f08e,1
1b592dad296f066e7389573a02f71f0c61fa2f73692195b01baae00288871a3b,True,False,32,nbldpc_formal_v5a_multistage_q1024_p20_confirmation_116,32,384,5.421010862427522e-20,nbldpc_v5a_ir56,dccb378a454dfb0d9b0830da64c6bfa188566032c09803ddbd2a0e76fca12245,2.168404344971009e-19,705,confirmation,2,0,0,verified_success,0.2,4,3563441327a41286ef5c09b772a5d46d3fd828ef8755d9a8aecb0490e0e9ec29,1
8150274057380f3b32f9e7859e77d32867724d3a84861fb3acf3aea225ccffdb,True,False,32,nbldpc_formal_v5a_multistage_q1024_p20_confirmation_117,32,384,5.421010862427522e-20,nbldpc_v5a_ir56,dccb378a454dfb0d9b0830da64c6bfa188566032c09803ddbd2a0e76fca12245,2.168404344971009e-19,705,confirmation,2,0,0,verified_success,0.2,4,afb203a69b0d5ba096942608960cb54a22ac3e128833dc68e3742a3f393968c8,1
0f2f850088f3965950f15989bf2ad52b8c4766ae1b851f6958916a6a4ab6b333,True,False,32,nbldpc_formal_v5a_multistage_q1024_p20_confirmation_118,32,384,5.421010862427522e-20,nbldpc_v5a_ir56,dccb378a454dfb0d9b0830da64c6bfa188566032c09803ddbd2a0e76fca12245,2.168404344971009e-19,705,confirmation,3,0,0,verified_success,0.2,4,13769c5ba39123ce5ce614141f26c21747af1e9586e6bd94d7a23d1cf3cd8e67,1
8096305bdc58740648c85193bbadc47d4ce8d329ae48a2bc95cdc26acdb94410,True,False,32,nbldpc_formal_v5a_multistage_q1024_p20_confirmation_119,32,384,5.421010862427522e-20,nbldpc_v5a_ir56,dccb378a454dfb0d9b0830da64c6bfa188566032c09803ddbd2a0e76fca12245,2.168404344971009e-19,705,confirmation,3,0,0,verified_success,0.2,4,c5146fdcb31f0791518d14dd65ab63ba495dd0b424a51c7b3b0435d04b675f82,1
11733a17847f47599d47470739d19aa837f533b882d75ce1a4b109939c87bf52,True,False,32,nbldpc_formal_v5a_multistage_q1024_p20_confirmation_120,32,384,5.421010862427522e-20,nbldpc_v5a_ir56,dccb378a454dfb0d9b0830da64c6bfa188566032c09803ddbd2a0e76fca12245,2.168404344971009e-19,705,confirmation,2,0,0,verified_success,0.2,4,d6b3df8e597b53e5e67eed8787978ff8908cfe9f2b1aface18ab44b55458a2d1,1
634c26859adb3e4957b58e0cd78d88e90f651ef1cc3d944e25246ab61859f43e,True,False,32,nbldpc_formal_v5a_multistage_q1024_p20_confirmation_121,32,384,5.421010862427522e-20,nbldpc_v5a_ir56,dccb378a454dfb0d9b0830da64c6bfa188566032c09803ddbd2a0e76fca12245,2.168404344971009e-19,705,confirmation,4,0,0,verified_success,0.2,4,5a23d2e75f4382b2f473047a1e700482752b4a2d4813d1afc4dd880effe12c2c,1
ddc40ef56af7ef2a7c0dfa3a93eee438c9b147a4c2df798d4f962bf3d0251ac6,True,True,40,nbldpc_formal_v5a_multistage_q1024_p20_confirmation_122,32,464,5.421010862427522e-20,nbldpc_v5a_ir56,dccb378a454dfb0d9b0830da64c6bfa188566032c09803ddbd2a0e76fca12245,2.168404344971009e-19,707,confirmation,12,2,0,verified_success,0.2,7,bdc3fa1d92c273db3a2314651db0ec01f69311fc23fc215e0ae13c73d7c79268,1
f00758f9a755dc3347b058834223fe122ac5a2b285198acb8fd861f503b0cfe9,True,False,32,nbldpc_formal_v5a_multistage_q1024_p20_confirmation_123,32,384,5.421010862427522e-20,nbldpc_v5a_ir56,dccb378a454dfb0d9b0830da64c6bfa188566032c09803ddbd2a0e76fca12245,2.168404344971009e-19,705,confirmation,2,0,0,verified_success,0.2,4,483edb8eadd880fa7bc6f92630ef992351abbfb4bfe36fb762361408b167dce1,1
9af89797a22cfe605f2b909ec205fcad377584f4ec866d190127c6daff168cfe,True,False,32,nbldpc_formal_v5a_multistage_q1024_p20_confirmation_124,32,384,5.421010862427522e-20,nbldpc_v5a_ir56,dccb378a454dfb0d9b0830da64c6bfa188566032c09803ddbd2a0e76fca12245,2.168404344971009e-19,705,confirmation,2,0,0,verified_success,0.2,4,fe5692151c11de85321031a224e785d69835d62856044d9554ab0ec68c09a723,1
1f338c5f5de7c5dbc332025eacf64520f60381615bd039be944e799efbf3f8be,True,True,40,nbldpc_formal_v5a_multistage_q1024_p20_confirmation_125,32,464,5.421010862427522e-20,nbldpc_v5a_ir56,dccb378a454dfb0d9b0830da64c6bfa188566032c09803ddbd2a0e76fca12245,2.168404344971009e-19,707,confirmation,12,2,0,verified_success,0.2,7,48833c72104e734df42af5e1da6405ef3e4c5498710f43fb0965a763b506d2d4,1
9101ee282fdfa474d8c35c6a95df3ecfc4652d190b6621042b3d7829e03714bf,True,False,32,nbldpc_formal_v5a_multistage_q1024_p20_confirmation_126,32,384,5.421010862427522e-20,nbldpc_v5a_ir56,dccb378a454dfb0d9b0830da64c6bfa188566032c09803ddbd2a0e76fca12245,2.168404344971009e-19,705,confirmation,2,0,0,verified_success,0.2,4,a95f119c562a177b865ce9a113d01064039bdc97a185ff18fa3895e0971d323a,1
25c8792cdd0edeebfa3c946cd664dc00f852c96285fc83dd8034dd3a1b3adfa2,True,False,32,nbldpc_formal_v5a_multistage_q1024_p20_confirmation_127,32,384,5.421010862427522e-20,nbldpc_v5a_ir56,dccb378a454dfb0d9b0830da64c6bfa188566032c09803ddbd2a0e76fca12245,2.168404344971009e-19,705,confirmation,3,0,0,verified_success,0.2,4,6ca1e378bbb59b1fa5c21d665dbc5346955fe7609ccee75b54aa00c1498540c5,1
98c91df9868d222e2b86e50b8cfa8ca7a7e858c534c31ad90c70218150e153fa,True,False,40,nbldpc_formal_v5a_multistage_q1024_p30_confirmation_000,40,464,5.421010862427522e-20,nbldpc_v5a_ir56,dccb378a454dfb0d9b0830da64c6bfa188566032c09803ddbd2a0e76fca12245,2.168404344971009e-19,705,confirmation,2,0,0,verified_success,0.3,4,454c8c583b2f623ffe94aae71c11b08e27613d21f80ec21eff3f58d656810be2,1
d2016bc1a8fe981c31c355081d7496f9a60c3f59456ffcd145dc6b211f11567c,True,False,40,nbldpc_formal_v5a_multistage_q1024_p30_confirmation_001,40,464,5.421010862427522e-20,nbldpc_v5a_ir56,dccb378a454dfb0d9b0830da64c6bfa188566032c09803ddbd2a0e76fca12245,2.168404344971009e-19,705,confirmation,6,0,0,verified_success,0.3,4,35195f68a56c52fc6901312132aac8e89f7b5f3c3b5558e5913b4bc8c5433492,1
9bcb38d5420f9213a38421fbde7d4b74a1c2bd227b41975eb53cc8649576cf31,True,True,48,nbldpc_formal_v5a_multistage_q1024_p30_confirmation_002,40,544,5.421010862427522e-20,nbldpc_v5a_ir56,dccb378a454dfb0d9b0830da64c6bfa188566032c09803ddbd2a0e76fca12245,2.168404344971009e-19,707,confirmation,12,2,0,verified_success,0.3,7,98ad2aa626bf5ae959567c66731aa6103ebf14a2aab989ae862cd89e7d2a2c42,1
e36f2ae28c71408b690d2abedd198ea36ada4fd87ff8919ea21002674a9e314a,True,False,40,nbldpc_formal_v5a_multistage_q1024_p30_confirmation_003,40,464,5.421010862427522e-20,nbldpc_v5a_ir56,dccb378a454dfb0d9b0830da64c6bfa188566032c09803ddbd2a0e76fca12245,2.168404344971009e-19,705,confirmation,3,0,0,verified_success,0.3,4,7f783b96acb723167f08a088861e9f7f6f0e93ad58d383e00cdb3ef6f0a95fb7,1
dd131ada56d58d67284b182caf4309751f94cdcf48b55a469507f67333d5f807,True,False,40,nbldpc_formal_v5a_multistage_q1024_p30_confirmation_004,40,464,5.421010862427522e-20,nbldpc_v5a_ir56,dccb378a454dfb0d9b0830da64c6bfa188566032c09803ddbd2a0e76fca12245,2.168404344971009e-19,705,confirmation,2,0,0,verified_success,0.3,4,e15d85a9771f628b57ac0bb171e596873daccf9ccdfe2409e470307e0c05d183,1
da5a95afc1971e0deb29e033b2126e041390696c91b243af8dcc11d814068887,True,False,40,nbldpc_formal_v5a_multistage_q1024_p30_confirmation_005,40,464,5.421010862427522e-20,nbldpc_v5a_ir56,dccb378a454dfb0d9b0830da64c6bfa188566032c09803ddbd2a0e76fca12245,2.168404344971009e-19,705,confirmation,2,0,0,verified_success,0.3,4,388f66fc7c43d8401f0c35722582da2f07105a5044b24f8a1e202820785ad065,1
28c8b6f1a94b288c35e4d241290622df06d771fa5a07ab734a8c386ffbd298b1,True,False,40,nbldpc_formal_v5a_multistage_q1024_p30_confirmation_006,40,464,5.421010862427522e-20,nbldpc_v5a_ir56,dccb378a454dfb0d9b0830da64c6bfa188566032c09803ddbd2a0e76fca12245,2.168404344971009e-19,705,confirmation,2,0,0,verified_success,0.3,4,1702c4f958822732ddde04bc19536dd91837154a246b01dff11cde23e2954d35,1
2907f4e2bf468c6f19c82b818480d53dbaa9380f9358c0c061dbef259f5c3d15,True,False,40,nbldpc_formal_v5a_multistage_q1024_p30_confirmation_007,40,464,5.421010862427522e-20,nbldpc_v5a_ir56,dccb378a454dfb0d9b0830da64c6bfa188566032c09803ddbd2a0e76fca12245,2.168404344971009e-19,705,confirmation,2,0,0,verified_success,0.3,4,7158ce777f6ef8e38c743f895aceee6709efb7a2aa079e3bec55401d38224504,1
380534a3d3b587f6182e33be2d569621381b2482bf6315051184966e0a9410ca,True,False,40,nbldpc_formal_v5a_multistage_q1024_p30_confirmation_008,40,464,5.421010862427522e-20,nbldpc_v5a_ir56,dccb378a454dfb0d9b0830da64c6bfa188566032c09803ddbd2a0e76fca12245,2.168404344971009e-19,705,confirmation,2,0,0,verified_success,0.3,4,3f8283398360bc873665f1ebf2b9c1392a405984a62aa012c43720b2bd5a2d7f,1
fa23bd5fd3ca1c37f10fca9e358c5d2cffb13c00864b36fb1d3964ef661f11e1,True,False,40,nbldpc_formal_v5a_multistage_q1024_p30_confirmation_009,40,464,5.421010862427522e-20,nbldpc_v5a_ir56,dccb378a454dfb0d9b0830da64c6bfa188566032c09803ddbd2a0e76fca12245,2.168404344971009e-19,705,confirmation,2,0,0,verified_success,0.3,4,995129f441f5e6f2a56351c43902a2d8c0cd7cde7f74f31a60987aef56d6b1ac,1
51fbc775425a5a4b0d39779a89a470a71b0f56b1be723441036187dbc0f6e5fd,True,False,40,nbldpc_formal_v5a_multistage_q1024_p30_confirmation_010,40,464,5.421010862427522e-20,nbldpc_v5a_ir56,dccb378a454dfb0d9b0830da64c6bfa188566032c09803ddbd2a0e76fca12245,2.168404344971009e-19,705,confirmation,3,0,0,verified_success,0.3,4,991261d45515d2f731b42ef2e6ae1d85f10fce061308c23506393baf60370ee6,1
486f1d5aef2b12b6781700dd61f3fe8c128e37cfc24249aac1cd5a7f10ff3026,True,False,40,nbldpc_formal_v5a_multistage_q1024_p30_confirmation_011,40,464,5.421010862427522e-20,nbldpc_v5a_ir56,dccb378a454dfb0d9b0830da64c6bfa188566032c09803ddbd2a0e76fca12245,2.168404344971009e-19,705,confirmation,2,0,0,verified_success,0.3,4,a2bf685311b8edcddb69589511ac381cd2f6a68c5a7a4d433def48faf0940585,1
b11f47d10a7e6ec0e861eb8dfe5976c46fdd47d514e33859b25d4a4449f8b799,True,False,40,nbldpc_formal_v5a_multistage_q1024_p30_confirmation_012,40,464,5.421010862427522e-20,nbldpc_v5a_ir56,dccb378a454dfb0d9b0830da64c6bfa188566032c09803ddbd2a0e76fca12245,2.168404344971009e-19,705,confirmation,2,0,0,verified_success,0.3,4,603266051bfdd48e5c43c2583266c2f53f0ecbab61eda229463403dc6a6d4467,1
0bb3c145d3317607ee79c750b17a506724e3bdecbb9a483b66f48d673ba0f977,True,False,40,nbldpc_formal_v5a_multistage_q1024_p30_confirmation_013,40,464,5.421010862427522e-20,nbldpc_v5a_ir56,dccb378a454dfb0d9b0830da64c6bfa188566032c09803ddbd2a0e76fca12245,2.168404344971009e-19,705,confirmation,8,0,0,verified_success,0.3,4,5c2d17303342cff6a624420f164e7943c9d4c0ddb7381c4084405cdda2f311ae,1
da41f634665eb36b8ceea62f5d60bf60bcf737733c913f267acf290f37e6c9f3,True,True,48,nbldpc_formal_v5a_multistage_q1024_p30_confirmation_014,40,544,5.421010862427522e-20,nbldpc_v5a_ir56,dccb378a454dfb0d9b0830da64c6bfa188566032c09803ddbd2a0e76fca12245,2.168404344971009e-19,707,confirmation,12,7,0,verified_success,0.3,7,87400c735dab9a069ecba76d64dedd53817038b039dee63357637fbd3f811ab5,1
5f350d16c5bde130482e365c16b930845a160f85ec162029c4c8476f13254b27,True,False,40,nbldpc_formal_v5a_multistage_q1024_p30_confirmation_015,40,464,5.421010862427522e-20,nbldpc_v5a_ir56,dccb378a454dfb0d9b0830da64c6bfa188566032c09803ddbd2a0e76fca12245,2.168404344971009e-19,705,confirmation,3,0,0,verified_success,0.3,4,42c2c8aa8900290c1c46ab8e8dc3abfb0397f44819ab7226bcfa4d885cf1c6c5,1
09aef92d11a7f1c3179974e99208ad160e520c9afa5aeb39d2fc0b9473b1905b,True,False,40,nbldpc_formal_v5a_multistage_q1024_p30_confirmation_016,40,464,5.421010862427522e-20,nbldpc_v5a_ir56,dccb378a454dfb0d9b0830da64c6bfa188566032c09803ddbd2a0e76fca12245,2.168404344971009e-19,705,confirmation,3,0,0,verified_success,0.3,4,81da495e8a3f5a6f81eafe97820cd31027b52b22058a06c659b96e346861e0a0,1
cc0bbe2081c5aa0b31cbb8abd897fe55b9e21e2c45def2e5657eee4e2995c90f,True,False,40,nbldpc_formal_v5a_multistage_q1024_p30_confirmation_017,40,464,5.421010862427522e-20,nbldpc_v5a_ir56,dccb378a454dfb0d9b0830da64c6bfa188566032c09803ddbd2a0e76fca12245,2.168404344971009e-19,705,confirmation,2,0,0,verified_success,0.3,4,a479bd6b09a0a6ee1ffeadf7e0bf765c4c87862895c8006417283fe810f42e47,1
e2375c3f845fba580d64c6107d32da7e83118de983dcc0ab6423dfddac937143,True,False,40,nbldpc_formal_v5a_multistage_q1024_p30_confirmation_018,40,464,5.421010862427522e-20,nbldpc_v5a_ir56,dccb378a454dfb0d9b0830da64c6bfa188566032c09803ddbd2a0e76fca12245,2.168404344971009e-19,705,confirmation,4,0,0,verified_success,0.3,4,645b5c1307222cd90c404b70963c1b18279295bdb559f4354a4f7b418ef15505,1
38282fd7aa2760975eb2ced5a65eb2b75e3df8f47ff148f2eb14062b9b9de9e9,True,False,40,nbldpc_formal_v5a_multistage_q1024_p30_confirmation_019,40,464,5.421010862427522e-20,nbldpc_v5a_ir56,dccb378a454dfb0d9b0830da64c6bfa188566032c09803ddbd2a0e76fca12245,2.168404344971009e-19,705,confirmation,2,0,0,verified_success,0.3,4,5d6449523b7dd21aaad1a30df6a9c95a752704a3fd09536cb5b8496fc2a541b7,1
4b0919723b578f353aaf1a3afe3c0793fd1d90bc10c3cd51b139c18f12a22f90,True,False,40,nbldpc_formal_v5a_multistage_q1024_p30_confirmation_020,40,464,5.421010862427522e-20,nbldpc_v5a_ir56,dccb378a454dfb0d9b0830da64c6bfa188566032c09803ddbd2a0e76fca12245,2.168404344971009e-19,705,confirmation,6,0,0,verified_success,0.3,4,0835b7193bb3f86e7c592563b67d1f2b77fee03cd2e00f3cf93ac54c2f98583a,1
6df5aefd5dbf6deba90faad2066e78ba3da0e99ae76a50f7106273891109c06c,True,False,40,nbldpc_formal_v5a_multistage_q1024_p30_confirmation_021,40,464,5.421010862427522e-20,nbldpc_v5a_ir56,dccb378a454dfb0d9b0830da64c6bfa188566032c09803ddbd2a0e76fca12245,2.168404344971009e-19,705,confirmation,4,0,0,verified_success,0.3,4,6d2e1f53edc89f76b3186b873bc72bf6a5610eb4b452eec86a8f9c98b212a475,1
37565095cece21f02e633f2f69756b14ef62d771def40f40c7202572a46548b4,True,False,40,nbldpc_formal_v5a_multistage_q1024_p30_confirmation_022,40,464,5.421010862427522e-20,nbldpc_v5a_ir56,dccb378a454dfb0d9b0830da64c6bfa188566032c09803ddbd2a0e76fca12245,2.168404344971009e-19,705,confirmation,2,0,0,verified_success,0.3,4,28005e7f1f09f0b4d7354f83b5adf78fa189db44631e90c34c12fbc0970f9b71,1
a4a13d702eb56579331e9939aa08eedbac6741cc9ac33642631b0a23ccc0e5d3,True,False,40,nbldpc_formal_v5a_multistage_q1024_p30_confirmation_023,40,464,5.421010862427522e-20,nbldpc_v5a_ir56,dccb378a454dfb0d9b0830da64c6bfa188566032c09803ddbd2a0e76fca12245,2.168404344971009e-19,705,confirmation,3,0,0,verified_success,0.3,4,8fb40a10125aa7b224366e8f2c54a4bb70913b5221d28a7db2aa270543b89fb1,1
fc49634a416fd3a63d15466ccf9a756a333cf305f3a05df35d22df4aeda5e630,True,False,40,nbldpc_formal_v5a_multistage_q1024_p30_confirmation_024,40,464,5.421010862427522e-20,nbldpc_v5a_ir56,dccb378a454dfb0d9b0830da64c6bfa188566032c09803ddbd2a0e76fca12245,2.168404344971009e-19,705,confirmation,2,0,0,verified_success,0.3,4,357b7ffeaa75a4a83c56fecfda0937752b2fa27c8dbe83bb57a7e45efc04ae37,1
d19e12b4b7255f7d5987063339f3f0f1ec5a77fdf53f80300e3c25c71e22bef4,True,False,40,nbldpc_formal_v5a_multistage_q1024_p30_confirmation_025,40,464,5.421010862427522e-20,nbldpc_v5a_ir56,dccb378a454dfb0d9b0830da64c6bfa188566032c09803ddbd2a0e76fca12245,2.168404344971009e-19,705,confirmation,5,0,0,verified_success,0.3,4,2dcf517e5ec2cf461aca88471b4680dac4c2e6d47a7cc279e328643a2e8b5201,1
139306591ec18c394762328db69d2d99f77cbb14a1c65d02e36b66f752981b7a,True,False,40,nbldpc_formal_v5a_multistage_q1024_p30_confirmation_026,40,464,5.421010862427522e-20,nbldpc_v5a_ir56,dccb378a454dfb0d9b0830da64c6bfa188566032c09803ddbd2a0e76fca12245,2.168404344971009e-19,705,confirmation,3,0,0,verified_success,0.3,4,ab68ca464417083354549b9904d51c5c79593537daefdd0d9eb1a32fdf5a62b1,1
6b2a19021302e597fb8e37cce4e01b71f097bbe65ae929f02038a0b5bb6d4607,True,False,40,nbldpc_formal_v5a_multistage_q1024_p30_confirmation_027,40,464,5.421010862427522e-20,nbldpc_v5a_ir56,dccb378a454dfb0d9b0830da64c6bfa188566032c09803ddbd2a0e76fca12245,2.168404344971009e-19,705,confirmation,5,0,0,verified_success,0.3,4,03d99a84504fe26778075c8741cd1dda54c17f779344b06a3f575389cdb0d783,1
b541296f764f3994f5ee3311f016bcd18cdc45992a64c7b6cd71bb7da6cc78ce,True,False,40,nbldpc_formal_v5a_multistage_q1024_p30_confirmation_028,40,464,5.421010862427522e-20,nbldpc_v5a_ir56,dccb378a454dfb0d9b0830da64c6bfa188566032c09803ddbd2a0e76fca12245,2.168404344971009e-19,705,confirmation,3,0,0,verified_success,0.3,4,58613a1f9a15d839513e04ff9c4d4f445aca174837c3da7abf9d7fcd40ebafff,1
7a2e3d16753443c530d764b87e3d2a0a20879d635609144e1ecc22d4dfe53484,True,False,40,nbldpc_formal_v5a_multistage_q1024_p30_confirmation_029,40,464,5.421010862427522e-20,nbldpc_v5a_ir56,dccb378a454dfb0d9b0830da64c6bfa188566032c09803ddbd2a0e76fca12245,2.168404344971009e-19,705,confirmation,2,0,0,verified_success,0.3,4,3b4bcf1d3fe0f758e8128c652b77bc1e5f51e4e75ddbff99b33538d1f6d95195,1
10fe722ef7e606ac59203aa8e088f39d4bc9f078eb47a117d396981ef67ed570,True,False,40,nbldpc_formal_v5a_multistage_q1024_p30_confirmation_030,40,464,5.421010862427522e-20,nbldpc_v5a_ir56,dccb378a454dfb0d9b0830da64c6bfa188566032c09803ddbd2a0e76fca12245,2.168404344971009e-19,705,confirmation,3,0,0,verified_success,0.3,4,bd5dca553182b767858f4337a8be27c0d0d6b0df288332998224f10253648628,1
3aca3ca7acb2f70458047f75861d4a9572d7cf1c889836f636c7fe32104237b8,True,False,40,nbldpc_formal_v5a_multistage_q1024_p30_confirmation_031,40,464,5.421010862427522e-20,nbldpc_v5a_ir56,dccb378a454dfb0d9b0830da64c6bfa188566032c09803ddbd2a0e76fca12245,2.168404344971009e-19,705,confirmation,3,0,0,verified_success,0.3,4,28caa033e7ea9e4b6cba5b2adaba500fdb852d813226625d62798ca045877aa9,1
0483835f5a2dc3de19b00413f0fe7eb9617b3bae6758156a93a1c0c40cc0dac5,True,False,40,nbldpc_formal_v5a_multistage_q1024_p30_confirmation_032,40,464,5.421010862427522e-20,nbldpc_v5a_ir56,dccb378a454dfb0d9b0830da64c6bfa188566032c09803ddbd2a0e76fca12245,2.168404344971009e-19,705,confirmation,2,0,0,verified_success,0.3,4,8401b46201920c05810564d034b2c700218ee53c0ca86e80afd14ce76865f4f9,1
650c4ee93fe855632313243d8924465c8101b0b12ef012faefd0336a367905ef,True,False,40,nbldpc_formal_v5a_multistage_q1024_p30_confirmation_033,40,464,5.421010862427522e-20,nbldpc_v5a_ir56,dccb378a454dfb0d9b0830da64c6bfa188566032c09803ddbd2a0e76fca12245,2.168404344971009e-19,705,confirmation,2,0,0,verified_success,0.3,4,a1878a84b1170ff517c4752f0efd1d3acd57de7ec636094e81f596d049c5818e,1
288dbc087dc726de299aa6a65d0633e80cdf18c0b9e0a8f225394aebf4cfb715,True,False,40,nbldpc_formal_v5a_multistage_q1024_p30_confirmation_034,40,464,5.421010862427522e-20,nbldpc_v5a_ir56,dccb378a454dfb0d9b0830da64c6bfa188566032c09803ddbd2a0e76fca12245,2.168404344971009e-19,705,confirmation,2,0,0,verified_success,0.3,4,04cba863d55be109dd708a5edd28ea73c7e1f9c93b7586762aee1934ac7a16bd,1
ef0952a9effe07017fad9f68b2c3b1745e0bebb0dd65ce45e35b4f7408343813,True,False,40,nbldpc_formal_v5a_multistage_q1024_p30_confirmation_035,40,464,5.421010862427522e-20,nbldpc_v5a_ir56,dccb378a454dfb0d9b0830da64c6bfa188566032c09803ddbd2a0e76fca12245,2.168404344971009e-19,705,confirmation,2,0,0,verified_success,0.3,4,d8c4cb33071c00dd3574055fef7465e53b7ae055a47ca831a037fa594d13f128,1
876b9f0746a61fc54bddec2b84ee11a2340d932496682f309d93231eb3974332,True,False,40,nbldpc_formal_v5a_multistage_q1024_p30_confirmation_036,40,464,5.421010862427522e-20,nbldpc_v5a_ir56,dccb378a454dfb0d9b0830da64c6bfa188566032c09803ddbd2a0e76fca12245,2.168404344971009e-19,705,confirmation,2,0,0,verified_success,0.3,4,816d0f7057b8748e0460932f05b64d9f6e1f4e269b918646e12dd4d99ace0740,1
82fc42b7a1f95ee693c3488bd92aac09836daaa55d9801a3775710d9c40d3a92,True,False,40,nbldpc_formal_v5a_multistage_q1024_p30_confirmation_037,40,464,5.421010862427522e-20,nbldpc_v5a_ir56,dccb378a454dfb0d9b0830da64c6bfa188566032c09803ddbd2a0e76fca12245,2.168404344971009e-19,705,confirmation,3,0,0,verified_success,0.3,4,b6f127b7de5a58b2c1e4fe9dd9189ede7ea0f40f0b3bd575537f86b6b7aa0b6d,1
a7dd4d7d712a771ae70a5dab6088fa7fc4a1d95f8ac147529082bca456aded93,True,True,56,nbldpc_formal_v5a_multistage_q1024_p30_confirmation_038,40,624,5.421010862427522e-20,nbldpc_v5a_ir56,dccb378a454dfb0d9b0830da64c6bfa188566032c09803ddbd2a0e76fca12245,2.168404344971009e-19,709,confirmation,12,12,3,verified_success,0.3,10,c3ea1e88dca85fbaa02c6fb0f48a8a8c937d9b09cecdc4b5fc8f948ddf7e7a61,1
ec34f26757742a53ce734aaab9e7283527291d33dd5050ee37ebd482fc5cc041,True,False,40,nbldpc_formal_v5a_multistage_q1024_p30_confirmation_039,40,464,5.421010862427522e-20,nbldpc_v5a_ir56,dccb378a454dfb0d9b0830da64c6bfa188566032c09803ddbd2a0e76fca12245,2.168404344971009e-19,705,confirmation,3,0,0,verified_success,0.3,4,52e121974f4365ce692d4bb9e03684bf3bc8862ce5ae87116db6f1716ba77ae0,1
7803bf0b28c430a3d343799fc87c876bf9c73f7a54a1d644b693934225a82c5c,True,True,48,nbldpc_formal_v5a_multistage_q1024_p30_confirmation_040,40,544,5.421010862427522e-20,nbldpc_v5a_ir56,dccb378a454dfb0d9b0830da64c6bfa188566032c09803ddbd2a0e76fca12245,2.168404344971009e-19,707,confirmation,12,2,0,verified_success,0.3,7,0e194fc8f646602e957df0121c6f82d2badb4cbe54aeb7605b61a01d509b7e7f,1
dd18b7e644992959cdde3cde4922084503c1d7ea608e5bc4841c88220a9ba894,True,False,40,nbldpc_formal_v5a_multistage_q1024_p30_confirmation_041,40,464,5.421010862427522e-20,nbldpc_v5a_ir56,dccb378a454dfb0d9b0830da64c6bfa188566032c09803ddbd2a0e76fca12245,2.168404344971009e-19,705,confirmation,2,0,0,verified_success,0.3,4,2a3afdf867de1f4c2243242a10ad813b0dd455396fa377dc8806b268504015a4,1
e884e28f10c34b2af9a980317f2579b52360ee70ac58f6154a053e86f8c8c241,True,False,40,nbldpc_formal_v5a_multistage_q1024_p30_confirmation_042,40,464,5.421010862427522e-20,nbldpc_v5a_ir56,dccb378a454dfb0d9b0830da64c6bfa188566032c09803ddbd2a0e76fca12245,2.168404344971009e-19,705,confirmation,4,0,0,verified_success,0.3,4,b660aa7cd04f21f8cab7aa81035dd69fd7111f53f02e22e361522f4cbd5119e9,1
984297fc82cc8b76b62c68fc880ea466eb9a3cdcd24d42e39f4fad2b978ae03c,True,False,40,nbldpc_formal_v5a_multistage_q1024_p30_confirmation_043,40,464,5.421010862427522e-20,nbldpc_v5a_ir56,dccb378a454dfb0d9b0830da64c6bfa188566032c09803ddbd2a0e76fca12245,2.168404344971009e-19,705,confirmation,7,0,0,verified_success,0.3,4,c47afef13e8a7d41e6365e20428b5dc452e43285fa52a3e1ae23389c7d9cd319,1
6f9445a3b5ac52f9bca707f6eb99f4888c2e29db612fe3ab5de504a10bbaed36,True,False,40,nbldpc_formal_v5a_multistage_q1024_p30_confirmation_044,40,464,5.421010862427522e-20,nbldpc_v5a_ir56,dccb378a454dfb0d9b0830da64c6bfa188566032c09803ddbd2a0e76fca12245,2.168404344971009e-19,705,confirmation,3,0,0,verified_success,0.3,4,9e0cda990dec08cfca05a39189a7713e5af158d025a297e9a461d566068fe63f,1
3bdd0de90f8ccd576f447e34438b37c019238521dc5a910435590d8d56025c22,True,False,40,nbldpc_formal_v5a_multistage_q1024_p30_confirmation_045,40,464,5.421010862427522e-20,nbldpc_v5a_ir56,dccb378a454dfb0d9b0830da64c6bfa188566032c09803ddbd2a0e76fca12245,2.168404344971009e-19,705,confirmation,2,0,0,verified_success,0.3,4,0726fe3f2efa4c36e003ca79836564781d1fbfff061d01fe10b18551f0973665,1
96e2058b3e33b34c72581ea045154aff3e120d808c642614ad1d61c87ea135cb,True,False,40,nbldpc_formal_v5a_multistage_q1024_p30_confirmation_046,40,464,5.421010862427522e-20,nbldpc_v5a_ir56,dccb378a454dfb0d9b0830da64c6bfa188566032c09803ddbd2a0e76fca12245,2.168404344971009e-19,705,confirmation,3,0,0,verified_success,0.3,4,a58ad60822de556cdf9f48a3ab39ea5057f2e3d8f41c79560468f16da0de26fd,1
34574ec8a67ed24a14704e7ee4c07871f07c3a61852768274504c09ee1858753,True,False,40,nbldpc_formal_v5a_multistage_q1024_p30_confirmation_047,40,464,5.421010862427522e-20,nbldpc_v5a_ir56,dccb378a454dfb0d9b0830da64c6bfa188566032c09803ddbd2a0e76fca12245,2.168404344971009e-19,705,confirmation,3,0,0,verified_success,0.3,4,4e61c24cd4a605e03b0d9062689977ac6ef01536f38a4e98e5585ebd82569b4b,1
f1765f516865d915b4f9692806bd06983801a801bd17cad0a6d6e9676fc4d1d0,True,False,40,nbldpc_formal_v5a_multistage_q1024_p30_confirmation_048,40,464,5.421010862427522e-20,nbldpc_v5a_ir56,dccb378a454dfb0d9b0830da64c6bfa188566032c09803ddbd2a0e76fca12245,2.168404344971009e-19,705,confirmation,2,0,0,verified_success,0.3,4,097c28a41966ef60ccc77d49684110574c844ecea084eadd88f643278026d275,1
5f7ed6c600d96f90736002f0146d9ebe0b38bbc039d32d60dbee7195d753eb54,True,False,40,nbldpc_formal_v5a_multistage_q1024_p30_confirmation_049,40,464,5.421010862427522e-20,nbldpc_v5a_ir56,dccb378a454dfb0d9b0830da64c6bfa188566032c09803ddbd2a0e76fca12245,2.168404344971009e-19,705,confirmation,2,0,0,verified_success,0.3,4,739596a2b3736f85a346fa4a5be2f956391a5c30c69ef7edf72b0228c84aa8fd,1
2f60dc2eb5cbe6f9591b8b9be5cbb86fbe863797d12187ec805bc37e94928d7f,True,False,40,nbldpc_formal_v5a_multistage_q1024_p30_confirmation_050,40,464,5.421010862427522e-20,nbldpc_v5a_ir56,dccb378a454dfb0d9b0830da64c6bfa188566032c09803ddbd2a0e76fca12245,2.168404344971009e-19,705,confirmation,2,0,0,verified_success,0.3,4,0a103ba3569965d9b4be75b4da7d9dcd9ca9cb128eee86685b7464f919518110,1
845d2676e5778368a43d843667586b5c551f683d3a01571b49731f07d30b2b57,True,False,40,nbldpc_formal_v5a_multistage_q1024_p30_confirmation_051,40,464,5.421010862427522e-20,nbldpc_v5a_ir56,dccb378a454dfb0d9b0830da64c6bfa188566032c09803ddbd2a0e76fca12245,2.168404344971009e-19,705,confirmation,2,0,0,verified_success,0.3,4,c65b11f25967e8c0406fc293a7907f081765563e495c208f21000f5161c18f46,1
31cb98997d73bdd417327c51ddb57398bcb10e17b8bfcb533f8d0f653a9c16dd,True,False,40,nbldpc_formal_v5a_multistage_q1024_p30_confirmation_052,40,464,5.421010862427522e-20,nbldpc_v5a_ir56,dccb378a454dfb0d9b0830da64c6bfa188566032c09803ddbd2a0e76fca12245,2.168404344971009e-19,705,confirmation,3,0,0,verified_success,0.3,4,55ab1574a48320998d783bc1c4130d1b7ff0d4a2fbcc45caca40c75d68079dc3,1
e43deea61ade0c3527001d6b4a7a64401aa278a5520ae9cc7ea37dee99d278de,True,False,40,nbldpc_formal_v5a_multistage_q1024_p30_confirmation_053,40,464,5.421010862427522e-20,nbldpc_v5a_ir56,dccb378a454dfb0d9b0830da64c6bfa188566032c09803ddbd2a0e76fca12245,2.168404344971009e-19,705,confirmation,2,0,0,verified_success,0.3,4,e32f180657fbeda738fa8eed64d1e58af493e554a24a70be44566dc35214afaa,1
6f477166202534727eebeac1381c53edd94d6ef84f9866b8a07968d55c019621,True,False,40,nbldpc_formal_v5a_multistage_q1024_p30_confirmation_054,40,464,5.421010862427522e-20,nbldpc_v5a_ir56,dccb378a454dfb0d9b0830da64c6bfa188566032c09803ddbd2a0e76fca12245,2.168404344971009e-19,705,confirmation,4,0,0,verified_success,0.3,4,a0cf712100792c62ce7861d44e4d466812cc01e5f7cc6ceb7d76571cbf578fbe,1
3dba776935a0d79561515e72c1f6f0e38b586dc5d4973746eff2b6a4a8965a20,True,False,40,nbldpc_formal_v5a_multistage_q1024_p30_confirmation_055,40,464,5.421010862427522e-20,nbldpc_v5a_ir56,dccb378a454dfb0d9b0830da64c6bfa188566032c09803ddbd2a0e76fca12245,2.168404344971009e-19,705,confirmation,3,0,0,verified_success,0.3,4,97ebb4c1a1d36b05e74474febfbfb578d9edba6a35ef360bcadd8b33d81a8c68,1
ee319300f9dfcf1e50444a6d122c3450ddb65d4cc9225919c4a643f339cc6fce,True,False,40,nbldpc_formal_v5a_multistage_q1024_p30_confirmation_056,40,464,5.421010862427522e-20,nbldpc_v5a_ir56,dccb378a454dfb0d9b0830da64c6bfa188566032c09803ddbd2a0e76fca12245,2.168404344971009e-19,705,confirmation,3,0,0,verified_success,0.3,4,0b476a544a22717c175e21ebf2736e21ce41945a35bb99a0a627aba6942c1b29,1
ca07d0be3cdcca351d12cc9500b713f6411bc7cb9b33701178b834b6603fda4d,True,False,40,nbldpc_formal_v5a_multistage_q1024_p30_confirmation_057,40,464,5.421010862427522e-20,nbldpc_v5a_ir56,dccb378a454dfb0d9b0830da64c6bfa188566032c09803ddbd2a0e76fca12245,2.168404344971009e-19,705,confirmation,2,0,0,verified_success,0.3,4,b396d4020a7bb470f90152519564b34486d60fca33b1a1caf5a592ad4e61cb88,1
1281d61984741c6e0f85919f35675a2e9094e9f542726898b25ab3ce7417123f,True,False,40,nbldpc_formal_v5a_multistage_q1024_p30_confirmation_058,40,464,5.421010862427522e-20,nbldpc_v5a_ir56,dccb378a454dfb0d9b0830da64c6bfa188566032c09803ddbd2a0e76fca12245,2.168404344971009e-19,705,confirmation,2,0,0,verified_success,0.3,4,8eab47921f9acb4e216018fba2724449eee55095b23cdf67265e6a1ec8d725aa,1
1e3595a30f49ed606e169b8ea82239a09112e3487db93f459dddc40729487225,True,False,40,nbldpc_formal_v5a_multistage_q1024_p30_confirmation_059,40,464,5.421010862427522e-20,nbldpc_v5a_ir56,dccb378a454dfb0d9b0830da64c6bfa188566032c09803ddbd2a0e76fca12245,2.168404344971009e-19,705,confirmation,2,0,0,verified_success,0.3,4,dac8237257bc1c83a8b2f9ec35014fec8ff76f5fc9a529b34c11708036903150,1
2411156fafa9f79c6f386103138c7f306f554b5be7d005bbba630a32003c7a6c,True,False,40,nbldpc_formal_v5a_multistage_q1024_p30_confirmation_060,40,464,5.421010862427522e-20,nbldpc_v5a_ir56,dccb378a454dfb0d9b0830da64c6bfa188566032c09803ddbd2a0e76fca12245,2.168404344971009e-19,705,confirmation,2,0,0,verified_success,0.3,4,dac929ac7e749a9814cda22aaaecf74627686836660c069e8fa6f8a148b45e8f,1
5c5b95a8c1738d01a176601b61ffd5074070762243c668d447fd53ad0852caa7,True,False,40,nbldpc_formal_v5a_multistage_q1024_p30_confirmation_061,40,464,5.421010862427522e-20,nbldpc_v5a_ir56,dccb378a454dfb0d9b0830da64c6bfa188566032c09803ddbd2a0e76fca12245,2.168404344971009e-19,705,confirmation,2,0,0,verified_success,0.3,4,667f5fb9f6a1f70e3b7d3f627b83029a64fa775609e80fe7f48740af093fbe4a,1
9e312c654bc688372c569b5ac1166a4d1ceadea19810566dc1f5405fe0fb3729,True,False,40,nbldpc_formal_v5a_multistage_q1024_p30_confirmation_062,40,464,5.421010862427522e-20,nbldpc_v5a_ir56,dccb378a454dfb0d9b0830da64c6bfa188566032c09803ddbd2a0e76fca12245,2.168404344971009e-19,705,confirmation,2,0,0,verified_success,0.3,4,e5513b4a5e053155274e2b0d3a8313ff9427a05acec9b3fd73beab65ec87dd4d,1
6050b5a1bd98897c903f0215d0422dadeaf490d05460328436f83367d1ee750b,True,False,40,nbldpc_formal_v5a_multistage_q1024_p30_confirmation_063,40,464,5.421010862427522e-20,nbldpc_v5a_ir56,dccb378a454dfb0d9b0830da64c6bfa188566032c09803ddbd2a0e76fca12245,2.168404344971009e-19,705,confirmation,5,0,0,verified_success,0.3,4,eaf9ec56041f7d82fd25b77720194035d29ea961d42ae4ab8c3d95ea8046c526,1
175a32fbc2bdacaf49f638364db5c2cf2a200230cb22c60ee27b8ca6f3ccea0e,True,False,40,nbldpc_formal_v5a_multistage_q1024_p30_confirmation_064,40,464,5.421010862427522e-20,nbldpc_v5a_ir56,dccb378a454dfb0d9b0830da64c6bfa188566032c09803ddbd2a0e76fca12245,2.168404344971009e-19,705,confirmation,2,0,0,verified_success,0.3,4,ad62c3c031486767570ab937bf8b15588c40fc1cddabadc934b2405b5f5ade5f,1
2cb4b448322ed92396acab2a88a4ccae9686b18478c1a1ed364febcdecfc8613,True,False,40,nbldpc_formal_v5a_multistage_q1024_p30_confirmation_065,40,464,5.421010862427522e-20,nbldpc_v5a_ir56,dccb378a454dfb0d9b0830da64c6bfa188566032c09803ddbd2a0e76fca12245,2.168404344971009e-19,705,confirmation,3,0,0,verified_success,0.3,4,0e33a13e47567c3217dc326f9aa87ff85c2826fa3a712d456b8cecd017ac26a4,1
7f41ec3d9160546ba8d1bac6863e5af097e706dc0bcf9d10c3c5fc40a46ba9e5,True,False,40,nbldpc_formal_v5a_multistage_q1024_p30_confirmation_066,40,464,5.421010862427522e-20,nbldpc_v5a_ir56,dccb378a454dfb0d9b0830da64c6bfa188566032c09803ddbd2a0e76fca12245,2.168404344971009e-19,705,confirmation,3,0,0,verified_success,0.3,4,9830879251d689a5d582a59c841d3408b44379d10a232342cd071e821dd567f5,1
0176d0b3c9a40b568d55e1a8dab6db7ae6afb7857d4bb65da7de602f31e3be91,True,False,40,nbldpc_formal_v5a_multistage_q1024_p30_confirmation_067,40,464,5.421010862427522e-20,nbldpc_v5a_ir56,dccb378a454dfb0d9b0830da64c6bfa188566032c09803ddbd2a0e76fca12245,2.168404344971009e-19,705,confirmation,2,0,0,verified_success,0.3,4,df5ec26e85a9728039a73edc863775fae4b8ffddb726d4e04cf803ca8b4d542b,1
909eb5acbf7926f8e73b303e06b7e21cdfbf7106059b1ae5dc6b64688da17ece,True,False,40,nbldpc_formal_v5a_multistage_q1024_p30_confirmation_068,40,464,5.421010862427522e-20,nbldpc_v5a_ir56,dccb378a454dfb0d9b0830da64c6bfa188566032c09803ddbd2a0e76fca12245,2.168404344971009e-19,705,confirmation,3,0,0,verified_success,0.3,4,9a21ec97c4d5525ed2e7000e7a05d61d73aa0d8d82193100c2159b557e58b616,1
c88761cd15a645db291e5396da6a950eb9d53b97459712f5d2e0d29ce74ea3bf,True,False,40,nbldpc_formal_v5a_multistage_q1024_p30_confirmation_069,40,464,5.421010862427522e-20,nbldpc_v5a_ir56,dccb378a454dfb0d9b0830da64c6bfa188566032c09803ddbd2a0e76fca12245,2.168404344971009e-19,705,confirmation,3,0,0,verified_success,0.3,4,ab4163ed9467b653323b69811d34f8759476d02de2eaa23b3d82ce119f03345a,1
83b228a6bccd730f8c7d6e31958ea957f2fa46e090bb0b0b1b21ea68ed86bf37,True,False,40,nbldpc_formal_v5a_multistage_q1024_p30_confirmation_070,40,464,5.421010862427522e-20,nbldpc_v5a_ir56,dccb378a454dfb0d9b0830da64c6bfa188566032c09803ddbd2a0e76fca12245,2.168404344971009e-19,705,confirmation,3,0,0,verified_success,0.3,4,e677eee2c2d8bb5dc3f26aff42f15730c7baaa3c7f00812929f3f4d3cbfc1f19,1
d0dbb01da2d30d0b74dbf5a4395a26fe95db34a87c004963a11d630fedddb770,True,False,40,nbldpc_formal_v5a_multistage_q1024_p30_confirmation_071,40,464,5.421010862427522e-20,nbldpc_v5a_ir56,dccb378a454dfb0d9b0830da64c6bfa188566032c09803ddbd2a0e76fca12245,2.168404344971009e-19,705,confirmation,2,0,0,verified_success,0.3,4,7d0853173c7787f6484562a7f9545c952b3b2d8347b3b04cedf5e3df3d9508d2,1
06f4da7bb3cdd2a3f2236bc2d851364d1ebcfef7b0c52296cbe36a0b65ec6e0b,True,False,40,nbldpc_formal_v5a_multistage_q1024_p30_confirmation_072,40,464,5.421010862427522e-20,nbldpc_v5a_ir56,dccb378a454dfb0d9b0830da64c6bfa188566032c09803ddbd2a0e76fca12245,2.168404344971009e-19,705,confirmation,2,0,0,verified_success,0.3,4,138a3e65503a77cd26b0e469fa709757ae5307ad373308c9fd96cb6e0b47135a,1
8f786ab5afaf2ca722c130caf0a55e8c8171c29df35df1543b08286dca16bf7b,True,True,48,nbldpc_formal_v5a_multistage_q1024_p30_confirmation_073,40,544,5.421010862427522e-20,nbldpc_v5a_ir56,dccb378a454dfb0d9b0830da64c6bfa188566032c09803ddbd2a0e76fca12245,2.168404344971009e-19,707,confirmation,12,2,0,verified_success,0.3,7,089510f46104fcb76fc298631c7d797ad7522c3713d9a5bb6569b03f4edd7721,1
3b42251a18945f606b2b4db14f79fb589043faea95adb23c9dd2f61b65aba3e2,True,False,40,nbldpc_formal_v5a_multistage_q1024_p30_confirmation_074,40,464,5.421010862427522e-20,nbldpc_v5a_ir56,dccb378a454dfb0d9b0830da64c6bfa188566032c09803ddbd2a0e76fca12245,2.168404344971009e-19,705,confirmation,3,0,0,verified_success,0.3,4,ebf5a0543414b6cd237db04962bbd9df129444ef7a8c5cf566d61c18c37609aa,1
9c1706ef5d9befc1547ead57f84389c18fd47d80074c999b107d97e269015993,True,False,40,nbldpc_formal_v5a_multistage_q1024_p30_confirmation_075,40,464,5.421010862427522e-20,nbldpc_v5a_ir56,dccb378a454dfb0d9b0830da64c6bfa188566032c09803ddbd2a0e76fca12245,2.168404344971009e-19,705,confirmation,3,0,0,verified_success,0.3,4,d42cd239b70ef7ac6935f94419cd5d1c1f7c3fc14bd119082f16e48b6ddc6e5e,1
66cac4381d3cc8d60fc7c2c0218a96ff8015d81f55d8281ffdebe5e6ae9ce45f,True,False,40,nbldpc_formal_v5a_multistage_q1024_p30_confirmation_076,40,464,5.421010862427522e-20,nbldpc_v5a_ir56,dccb378a454dfb0d9b0830da64c6bfa188566032c09803ddbd2a0e76fca12245,2.168404344971009e-19,705,confirmation,2,0,0,verified_success,0.3,4,f3803af6abfd277907fa0309d15403f3ebdcde023bd80d63bb5d54f77816f10a,1
5e750fe93019a1e98feece99b6c460e4e7c72fc272b8da033950c88c5090c642,True,False,40,nbldpc_formal_v5a_multistage_q1024_p30_confirmation_077,40,464,5.421010862427522e-20,nbldpc_v5a_ir56,dccb378a454dfb0d9b0830da64c6bfa188566032c09803ddbd2a0e76fca12245,2.168404344971009e-19,705,confirmation,3,0,0,verified_success,0.3,4,a0cd02e139a56a0df31e9f9d60eb0ea714a7461d25ca414252e9b6cd142987f9,1
940cfe9407f05579b78637c5e74b84d72299303715328d13e79b99ddb68c4982,True,False,40,nbldpc_formal_v5a_multistage_q1024_p30_confirmation_078,40,464,5.421010862427522e-20,nbldpc_v5a_ir56,dccb378a454dfb0d9b0830da64c6bfa188566032c09803ddbd2a0e76fca12245,2.168404344971009e-19,705,confirmation,4,0,0,verified_success,0.3,4,e61d7553c9ae15cd893f262e905f15f6392f2da9446aec5a5c85a88745da071d,1
19a87f24a60b35703a8b8653446dc31dcd8c1b5882520625510aad743f230f49,True,False,40,nbldpc_formal_v5a_multistage_q1024_p30_confirmation_079,40,464,5.421010862427522e-20,nbldpc_v5a_ir56,dccb378a454dfb0d9b0830da64c6bfa188566032c09803ddbd2a0e76fca12245,2.168404344971009e-19,705,confirmation,2,0,0,verified_success,0.3,4,511477257e5f2dff760bc0edc639d50e83ab56d877c9727e8a41f90bea4169d8,1
05791d635dbf26f671b2f1a8a9fc5678aceb73bb4c8c9c6ec75b14835137bbcb,True,False,40,nbldpc_formal_v5a_multistage_q1024_p30_confirmation_080,40,464,5.421010862427522e-20,nbldpc_v5a_ir56,dccb378a454dfb0d9b0830da64c6bfa188566032c09803ddbd2a0e76fca12245,2.168404344971009e-19,705,confirmation,4,0,0,verified_success,0.3,4,bfb698f013056e4563d04aeb46b378655076f974f2bcf4ac1ff42e5b720863d3,1
c73e35df07998f2f3dfa8946f5227877b5bd4f6196b7b37b94f3368b09e5a3ca,True,False,40,nbldpc_formal_v5a_multistage_q1024_p30_confirmation_081,40,464,5.421010862427522e-20,nbldpc_v5a_ir56,dccb378a454dfb0d9b0830da64c6bfa188566032c09803ddbd2a0e76fca12245,2.168404344971009e-19,705,confirmation,2,0,0,verified_success,0.3,4,3e44d73015eaeb7a2d5b608c5158534aa1c0ca69f0fb7c471625443a3345f6fe,1
8ede2236dd4c3f79754d5c833445bb1d8a85a1d6048df0c506656ea019cb1623,True,False,40,nbldpc_formal_v5a_multistage_q1024_p30_confirmation_082,40,464,5.421010862427522e-20,nbldpc_v5a_ir56,dccb378a454dfb0d9b0830da64c6bfa188566032c09803ddbd2a0e76fca12245,2.168404344971009e-19,705,confirmation,7,0,0,verified_success,0.3,4,71a02e15331a7e297001b542b5cd4cac3ca71897eaea02998360285b798321bb,1
94756387c35ce54403d2531afee70b66c21d93da34dbd46415ff8baa7c794496,True,False,40,nbldpc_formal_v5a_multistage_q1024_p30_confirmation_083,40,464,5.421010862427522e-20,nbldpc_v5a_ir56,dccb378a454dfb0d9b0830da64c6bfa188566032c09803ddbd2a0e76fca12245,2.168404344971009e-19,705,confirmation,3,0,0,verified_success,0.3,4,8bb83f4a460b8d7a46f9dfb4ef81df419daf0967ae85ee38a18140e455653641,1
0b16fee0b26ed0867805ee8c4bcb5fe6e2b0789f61219b9d4f34c0b46c727e56,True,False,40,nbldpc_formal_v5a_multistage_q1024_p30_confirmation_084,40,464,5.421010862427522e-20,nbldpc_v5a_ir56,dccb378a454dfb0d9b0830da64c6bfa188566032c09803ddbd2a0e76fca12245,2.168404344971009e-19,705,confirmation,4,0,0,verified_success,0.3,4,0f506feb64959fe4c1374350db51beafec2a0c59e9c8d615ec3a3e2756cc0155,1
020ff83d161f4ced3a04de7bed5cc719a0d27bfcb12729c28dffe89bd348bcf3,True,False,40,nbldpc_formal_v5a_multistage_q1024_p30_confirmation_085,40,464,5.421010862427522e-20,nbldpc_v5a_ir56,dccb378a454dfb0d9b0830da64c6bfa188566032c09803ddbd2a0e76fca12245,2.168404344971009e-19,705,confirmation,4,0,0,verified_success,0.3,4,fc330e369a4037e864534c8db66ad54578b5447afacdfe2aea06e7a32fe86707,1
e8e15cb41778cf21bc53793a559fa34270077eb61024fbc8536bb3aaf9463c17,True,False,40,nbldpc_formal_v5a_multistage_q1024_p30_confirmation_086,40,464,5.421010862427522e-20,nbldpc_v5a_ir56,dccb378a454dfb0d9b0830da64c6bfa188566032c09803ddbd2a0e76fca12245,2.168404344971009e-19,705,confirmation,4,0,0,verified_success,0.3,4,d0cfb2cca50ed09cff151964a83db982012434d467e8541f2720a8671ac95107,1
0457839a1a6aabe90473444efe5f7605cf9a5d3315e711efa6ede68175819191,True,False,40,nbldpc_formal_v5a_multistage_q1024_p30_confirmation_087,40,464,5.421010862427522e-20,nbldpc_v5a_ir56,dccb378a454dfb0d9b0830da64c6bfa188566032c09803ddbd2a0e76fca12245,2.168404344971009e-19,705,confirmation,2,0,0,verified_success,0.3,4,9f003468194c9f1603b68eb971f19831e5f2bf5c2d584c100842f7aa0502c2f9,1
d39d8a29eabace7b49f2b84357211cae1106e666df663a88a2a8e38ee3141e5b,True,False,40,nbldpc_formal_v5a_multistage_q1024_p30_confirmation_088,40,464,5.421010862427522e-20,nbldpc_v5a_ir56,dccb378a454dfb0d9b0830da64c6bfa188566032c09803ddbd2a0e76fca12245,2.168404344971009e-19,705,confirmation,2,0,0,verified_success,0.3,4,87852f7194d4270c9614872f1bc4c3b8b539eed52370625957e06d5eebd174a7,1
20c01287f36cce3c371edc9db5681685992df8401928ab5bd4d6f5b1cb900414,True,False,40,nbldpc_formal_v5a_multistage_q1024_p30_confirmation_089,40,464,5.421010862427522e-20,nbldpc_v5a_ir56,dccb378a454dfb0d9b0830da64c6bfa188566032c09803ddbd2a0e76fca12245,2.168404344971009e-19,705,confirmation,3,0,0,verified_success,0.3,4,44334d2745257bad286fc173844672a8c02dec9639a29c6022ae4edd06565bab,1
edfbce77d5a739cb60418390d033afa1358ca64d684e7ead639abd17168d4689,True,False,40,nbldpc_formal_v5a_multistage_q1024_p30_confirmation_090,40,464,5.421010862427522e-20,nbldpc_v5a_ir56,dccb378a454dfb0d9b0830da64c6bfa188566032c09803ddbd2a0e76fca12245,2.168404344971009e-19,705,confirmation,2,0,0,verified_success,0.3,4,467c1e2dd5cf16c288b900c34240b79e6cea4925a64162a38cc1fd793f143b46,1
227b34384dd739a4691f1ddddfbf37537fabfee62f5427fa64a37f07a9051b86,True,False,40,nbldpc_formal_v5a_multistage_q1024_p30_confirmation_091,40,464,5.421010862427522e-20,nbldpc_v5a_ir56,dccb378a454dfb0d9b0830da64c6bfa188566032c09803ddbd2a0e76fca12245,2.168404344971009e-19,705,confirmation,2,0,0,verified_success,0.3,4,7d5e85c41f327c273ea45afd6469cd410e0b74e1ab910b53f63d81bde83738ac,1
7828dc9688022641da2132c1d13fe9ebd25369ccf6175fe354c02d281ffc6e9d,True,False,40,nbldpc_formal_v5a_multistage_q1024_p30_confirmation_092,40,464,5.421010862427522e-20,nbldpc_v5a_ir56,dccb378a454dfb0d9b0830da64c6bfa188566032c09803ddbd2a0e76fca12245,2.168404344971009e-19,705,confirmation,3,0,0,verified_success,0.3,4,48d4ca4a1ddba603a77d1001733f82b8933a70796cd953c030ad9dbdbaf5a521,1
0ddd035a3d2658f1159f9bacb52b2ed9b32c4e7be285dae00db98f30508d8c9e,True,False,40,nbldpc_formal_v5a_multistage_q1024_p30_confirmation_093,40,464,5.421010862427522e-20,nbldpc_v5a_ir56,dccb378a454dfb0d9b0830da64c6bfa188566032c09803ddbd2a0e76fca12245,2.168404344971009e-19,705,confirmation,3,0,0,verified_success,0.3,4,5050210566b18c5a2bab0aab41d360b27bdbd19e40c1ad46c90b4ca7491a4e02,1
d99d8891966a1bf721d233f041e6963fbc58f15f919b54f4cedca7c36f178188,True,False,40,nbldpc_formal_v5a_multistage_q1024_p30_confirmation_094,40,464,5.421010862427522e-20,nbldpc_v5a_ir56,dccb378a454dfb0d9b0830da64c6bfa188566032c09803ddbd2a0e76fca12245,2.168404344971009e-19,705,confirmation,3,0,0,verified_success,0.3,4,da04d7dc76b1086666844a904f6a40bbb23f5bbbf7842b6948c3b62f3a498d73,1
c4c352768979fe43d713e1b934ea3efaacbf58764b6dc87defd11c4e8b349a40,True,False,40,nbldpc_formal_v5a_multistage_q1024_p30_confirmation_095,40,464,5.421010862427522e-20,nbldpc_v5a_ir56,dccb378a454dfb0d9b0830da64c6bfa188566032c09803ddbd2a0e76fca12245,2.168404344971009e-19,705,confirmation,3,0,0,verified_success,0.3,4,2104da92ef7c65db98650873175db8d0b93af8130685ebca47545fda2a0e1b40,1
59ed24daf6138b860ffb4501d284c790beee6661621f2b0d53bbaa56cc182f83,True,False,40,nbldpc_formal_v5a_multistage_q1024_p30_confirmation_096,40,464,5.421010862427522e-20,nbldpc_v5a_ir56,dccb378a454dfb0d9b0830da64c6bfa188566032c09803ddbd2a0e76fca12245,2.168404344971009e-19,705,confirmation,4,0,0,verified_success,0.3,4,c746e044c1162868f85cb82afe51a96bc21feae69d6e82cdf67066acefd7594b,1
b9db4994caa42799a99ac48b59daaf5f0595ba615d567661b17ff5e1c810dd90,True,False,40,nbldpc_formal_v5a_multistage_q1024_p30_confirmation_097,40,464,5.421010862427522e-20,nbldpc_v5a_ir56,dccb378a454dfb0d9b0830da64c6bfa188566032c09803ddbd2a0e76fca12245,2.168404344971009e-19,705,confirmation,4,0,0,verified_success,0.3,4,44a183ff0d2d85fa6c8ffb61c554a64fc98aa6fd79c13dc3c9009182448c77b6,1
af7e8be50ecc26f9f5a9f0c38700b961b909aa87a6914fcc28a8c20c3b0a408c,True,False,40,nbldpc_formal_v5a_multistage_q1024_p30_confirmation_098,40,464,5.421010862427522e-20,nbldpc_v5a_ir56,dccb378a454dfb0d9b0830da64c6bfa188566032c09803ddbd2a0e76fca12245,2.168404344971009e-19,705,confirmation,4,0,0,verified_success,0.3,4,c6ccac23656733af9aeb812854258c20c06301193828af68c7419ad1b2c44add,1
9bbd0e24b4baca42d2b67290ce0556d734edde09c6bf218aad1f6017454b5790,True,False,40,nbldpc_formal_v5a_multistage_q1024_p30_confirmation_099,40,464,5.421010862427522e-20,nbldpc_v5a_ir56,dccb378a454dfb0d9b0830da64c6bfa188566032c09803ddbd2a0e76fca12245,2.168404344971009e-19,705,confirmation,2,0,0,verified_success,0.3,4,ea02f043de13a8212fef51fb05a832e5a1a57f27421739e5dc1c9b71bbe8e924,1
5ffb9bc7926369e50d86f0761aa7770cf3b55733d7623ec7d24a91521e0b692f,True,False,40,nbldpc_formal_v5a_multistage_q1024_p30_confirmation_100,40,464,5.421010862427522e-20,nbldpc_v5a_ir56,dccb378a454dfb0d9b0830da64c6bfa188566032c09803ddbd2a0e76fca12245,2.168404344971009e-19,705,confirmation,3,0,0,verified_success,0.3,4,a6c9f3bb014e89459fb24d935d850c06054d9da13a28bdde8716ad9ce99bb5ff,1
b2d246feb16c4e3530f648daececda32c53e417c804536ea3dff003806beebe7,True,False,40,nbldpc_formal_v5a_multistage_q1024_p30_confirmation_101,40,464,5.421010862427522e-20,nbldpc_v5a_ir56,dccb378a454dfb0d9b0830da64c6bfa188566032c09803ddbd2a0e76fca12245,2.168404344971009e-19,705,confirmation,2,0,0,verified_success,0.3,4,eea7d4e021ad223d9e06475ed8b50bde72e765629e0935a3d0628a312ebe13ca,1
2ee912efbb81cae4c2d0bca8ab8b30a63d0153492e1651dda5889818d529446a,True,False,40,nbldpc_formal_v5a_multistage_q1024_p30_confirmation_102,40,464,5.421010862427522e-20,nbldpc_v5a_ir56,dccb378a454dfb0d9b0830da64c6bfa188566032c09803ddbd2a0e76fca12245,2.168404344971009e-19,705,confirmation,2,0,0,verified_success,0.3,4,a61b9949286eb5a09542ab8fc889869d6e6e5d4a6a322cb656a22dcf2c1ccfd5,1
d2b28015363ff751e4538ab4cbbdcd90d80935961bacc1db43753538fbae909f,True,False,40,nbldpc_formal_v5a_multistage_q1024_p30_confirmation_103,40,464,5.421010862427522e-20,nbldpc_v5a_ir56,dccb378a454dfb0d9b0830da64c6bfa188566032c09803ddbd2a0e76fca12245,2.168404344971009e-19,705,confirmation,2,0,0,verified_success,0.3,4,2e56d18e3db3d1cdc4a19552521fe4913f407db7c28f11eb9f208327d5f78e60,1
d70a68fb773eba4e66f1f54a9ffe8f94e0e9caa72476e0cf9fe0daeed368e5a6,True,False,40,nbldpc_formal_v5a_multistage_q1024_p30_confirmation_104,40,464,5.421010862427522e-20,nbldpc_v5a_ir56,dccb378a454dfb0d9b0830da64c6bfa188566032c09803ddbd2a0e76fca12245,2.168404344971009e-19,705,confirmation,5,0,0,verified_success,0.3,4,7ff21d5fecc8435d94fc4c8ed4693e3577a4e63664e39bf856b7826c5c51f9a8,1
aa11e4c58a2361dc4760c7de7aa6886e3dcf669163526cedd89d60a7e4a8c378,True,False,40,nbldpc_formal_v5a_multistage_q1024_p30_confirmation_105,40,464,5.421010862427522e-20,nbldpc_v5a_ir56,dccb378a454dfb0d9b0830da64c6bfa188566032c09803ddbd2a0e76fca12245,2.168404344971009e-19,705,confirmation,3,0,0,verified_success,0.3,4,1ee7242e569a11cbda1983dd9c417638cb27fad482fe7e0652edd7eb3189d779,1
393061b6a2df9cd468b9d9fe290d327118b8b37822d1f45f23084b8a80ee7965,True,False,40,nbldpc_formal_v5a_multistage_q1024_p30_confirmation_106,40,464,5.421010862427522e-20,nbldpc_v5a_ir56,dccb378a454dfb0d9b0830da64c6bfa188566032c09803ddbd2a0e76fca12245,2.168404344971009e-19,705,confirmation,3,0,0,verified_success,0.3,4,14a83afe788a87c809d76d61b13f66c329e02c6a97de7c8aa6adc3ad9ccac5f0,1
99101d0e6a12058cfe897411d202fa301c1f170bbe65b77d38f247b2c1f5b2c9,True,False,40,nbldpc_formal_v5a_multistage_q1024_p30_confirmation_107,40,464,5.421010862427522e-20,nbldpc_v5a_ir56,dccb378a454dfb0d9b0830da64c6bfa188566032c09803ddbd2a0e76fca12245,2.168404344971009e-19,705,confirmation,3,0,0,verified_success,0.3,4,6a8070a6d38c256a6e600e91243ed7078334c9e0871ff43a1c53b5d0fe41c6d3,1
6c4c759e97a5d11519970d07cc092cb00d16cf52c032b04297f8032a5eecdbf5,True,False,40,nbldpc_formal_v5a_multistage_q1024_p30_confirmation_108,40,464,5.421010862427522e-20,nbldpc_v5a_ir56,dccb378a454dfb0d9b0830da64c6bfa188566032c09803ddbd2a0e76fca12245,2.168404344971009e-19,705,confirmation,2,0,0,verified_success,0.3,4,1e4544d3a43ec349c0d0c7e9a5f7419d6a6886deed2c76bcd23b63e4ca2e502a,1
90fe2d9e1b124c424b62f155e8f7bf3c1acdb204d747aca6850cfba5e77d1ca6,True,False,40,nbldpc_formal_v5a_multistage_q1024_p30_confirmation_109,40,464,5.421010862427522e-20,nbldpc_v5a_ir56,dccb378a454dfb0d9b0830da64c6bfa188566032c09803ddbd2a0e76fca12245,2.168404344971009e-19,705,confirmation,3,0,0,verified_success,0.3,4,55f5d62e404852a271949571f357e8f543e319950f03e2f5d45ea6c67d8e2151,1
7a903e01365fbd6aa7adc5aa3dcff48f547af9e49844aca517878f051dfcf6b9,True,True,48,nbldpc_formal_v5a_multistage_q1024_p30_confirmation_110,40,544,5.421010862427522e-20,nbldpc_v5a_ir56,dccb378a454dfb0d9b0830da64c6bfa188566032c09803ddbd2a0e76fca12245,2.168404344971009e-19,707,confirmation,12,2,0,verified_success,0.3,7,f836ea99d092ee55b36fc07adadbbbfff2356f376cdc6d9849498f2cfd02e0b3,1
b9d1e89b72741b5c5bcc706a6df62dd5e46cd164d620cbbc81d54a78fa241f13,True,False,40,nbldpc_formal_v5a_multistage_q1024_p30_confirmation_111,40,464,5.421010862427522e-20,nbldpc_v5a_ir56,dccb378a454dfb0d9b0830da64c6bfa188566032c09803ddbd2a0e76fca12245,2.168404344971009e-19,705,confirmation,3,0,0,verified_success,0.3,4,e87efac181c516050c71c1bec3f0dafabe38bfba3c950ef1f9f437ec5ea1be5f,1
af28f8ac95ace061628ee75625e380ecad7e2a97a7c968ba16e04b692eda7066,True,False,40,nbldpc_formal_v5a_multistage_q1024_p30_confirmation_112,40,464,5.421010862427522e-20,nbldpc_v5a_ir56,dccb378a454dfb0d9b0830da64c6bfa188566032c09803ddbd2a0e76fca12245,2.168404344971009e-19,705,confirmation,4,0,0,verified_success,0.3,4,0db288643e7a97d28a6700e6795d4fff1bae569ab905623d88ea6eb84867e95b,1
6a792b026e6ed868fb8a4581fae246093cf0703c63f50fded7745d9392dd637c,True,False,40,nbldpc_formal_v5a_multistage_q1024_p30_confirmation_113,40,464,5.421010862427522e-20,nbldpc_v5a_ir56,dccb378a454dfb0d9b0830da64c6bfa188566032c09803ddbd2a0e76fca12245,2.168404344971009e-19,705,confirmation,3,0,0,verified_success,0.3,4,6b0894e047496c973e2cd4506f253017ed73f7a87094b5226b3d8580afb28117,1
169af1f62b25391794f6acac50114f7318efbf59e473e729cf01d06ac6207731,True,False,40,nbldpc_formal_v5a_multistage_q1024_p30_confirmation_114,40,464,5.421010862427522e-20,nbldpc_v5a_ir56,dccb378a454dfb0d9b0830da64c6bfa188566032c09803ddbd2a0e76fca12245,2.168404344971009e-19,705,confirmation,3,0,0,verified_success,0.3,4,f5479cd9dfb360db8ee30484fc1d0780c7db8fc73755dfe027abae22e45d2385,1
fbe3d3ca8191d1b02ac839722cf07ec4a2b0096ba336bb2746cc3a39c7174482,True,False,40,nbldpc_formal_v5a_multistage_q1024_p30_confirmation_115,40,464,5.421010862427522e-20,nbldpc_v5a_ir56,dccb378a454dfb0d9b0830da64c6bfa188566032c09803ddbd2a0e76fca12245,2.168404344971009e-19,705,confirmation,4,0,0,verified_success,0.3,4,45120a810c39af8ab4eb2343d301696463295eeafc7bfc57f80635d601c61095,1
c5d793452bee49e6c799bc9902e5e6d74c70972d2b8c885475ed5bdb622afc56,True,True,48,nbldpc_formal_v5a_multistage_q1024_p30_confirmation_116,40,544,5.421010862427522e-20,nbldpc_v5a_ir56,dccb378a454dfb0d9b0830da64c6bfa188566032c09803ddbd2a0e76fca12245,2.168404344971009e-19,707,confirmation,12,4,0,verified_success,0.3,7,8234a87ff3d161659dc2428123f349e5c2c5c96cc0b84f931d3471713df6cc3b,1
0c55d94d00ec526a8702815f6a910712c6a778de20480cc36382a2056c015515,True,False,40,nbldpc_formal_v5a_multistage_q1024_p30_confirmation_117,40,464,5.421010862427522e-20,nbldpc_v5a_ir56,dccb378a454dfb0d9b0830da64c6bfa188566032c09803ddbd2a0e76fca12245,2.168404344971009e-19,705,confirmation,2,0,0,verified_success,0.3,4,c51818d9461ada0080bb885a09149a7269b5ae09c7b6c348578ea40b651c04d6,1
21a5e32a8b01d268e8d7046ebfd67672dcfdadaf4bc94907c3e9f6b61b69f094,True,False,40,nbldpc_formal_v5a_multistage_q1024_p30_confirmation_118,40,464,5.421010862427522e-20,nbldpc_v5a_ir56,dccb378a454dfb0d9b0830da64c6bfa188566032c09803ddbd2a0e76fca12245,2.168404344971009e-19,705,confirmation,2,0,0,verified_success,0.3,4,1d98e1e4bd10dfc82ff06e74d06c90c2440be5b737977be542f9cf89bb01a0f8,1
3b0a34267b302d4f638ccf6038a49fb2c5aee27499b67343337990578936215a,True,False,40,nbldpc_formal_v5a_multistage_q1024_p30_confirmation_119,40,464,5.421010862427522e-20,nbldpc_v5a_ir56,dccb378a454dfb0d9b0830da64c6bfa188566032c09803ddbd2a0e76fca12245,2.168404344971009e-19,705,confirmation,2,0,0,verified_success,0.3,4,9495e7ba9ea86270dd28fa66f4c3201f26282409997f9d045517a121d95ff41f,1
6248fc644be21e31ee29adf44fd5d3f75e390592baf4598aecff4586b1710648,True,False,40,nbldpc_formal_v5a_multistage_q1024_p30_confirmation_120,40,464,5.421010862427522e-20,nbldpc_v5a_ir56,dccb378a454dfb0d9b0830da64c6bfa188566032c09803ddbd2a0e76fca12245,2.168404344971009e-19,705,confirmation,2,0,0,verified_success,0.3,4,609277f07e35b6397524936f630993c2a3e9aead9e7f0d358d87b806a1714f93,1
907a061e43456be6685554023118998db1b1ac37d17de70e3c19a237cf28cfa0,True,False,40,nbldpc_formal_v5a_multistage_q1024_p30_confirmation_121,40,464,5.421010862427522e-20,nbldpc_v5a_ir56,dccb378a454dfb0d9b0830da64c6bfa188566032c09803ddbd2a0e76fca12245,2.168404344971009e-19,705,confirmation,2,0,0,verified_success,0.3,4,156288ef05f7dfbba0dce7623ef2134c23f494554fdb6b1f961baa09e1fe3f2f,1
b4d1705b49bb041a6b76115e022d0f7771825ec9fde4e62ad3a2b8733b4a3ac5,True,False,40,nbldpc_formal_v5a_multistage_q1024_p30_confirmation_122,40,464,5.421010862427522e-20,nbldpc_v5a_ir56,dccb378a454dfb0d9b0830da64c6bfa188566032c09803ddbd2a0e76fca12245,2.168404344971009e-19,705,confirmation,3,0,0,verified_success,0.3,4,eabe1317342f2a9852b904eb9458b2cd27e3b6a5ed8d4049d57dafab7bad2d09,1
b62d9a54ea3680db650af8214c40cd96dee3586fc827564e6c3c78b1059d0200,True,False,40,nbldpc_formal_v5a_multistage_q1024_p30_confirmation_123,40,464,5.421010862427522e-20,nbldpc_v5a_ir56,dccb378a454dfb0d9b0830da64c6bfa188566032c09803ddbd2a0e76fca12245,2.168404344971009e-19,705,confirmation,2,0,0,verified_success,0.3,4,4bc20493cc7e74929deeb0683423f5405666a1c73501e5f45857f340cf77a7bb,1
0b25655a0f7e5e915ae902c3eadaa0344eba5ced75e2718b408daffb71a1b8da,True,False,40,nbldpc_formal_v5a_multistage_q1024_p30_confirmation_124,40,464,5.421010862427522e-20,nbldpc_v5a_ir56,dccb378a454dfb0d9b0830da64c6bfa188566032c09803ddbd2a0e76fca12245,2.168404344971009e-19,705,confirmation,2,0,0,verified_success,0.3,4,345280cb311e8ed1de7058322f08e9acf1ae4a50b1c6c6b112f182feb9879e42,1
5d48f9cb392abf573a3c62308a578089ba9d37e184d54660c760ddb949b73967,True,False,40,nbldpc_formal_v5a_multistage_q1024_p30_confirmation_125,40,464,5.421010862427522e-20,nbldpc_v5a_ir56,dccb378a454dfb0d9b0830da64c6bfa188566032c09803ddbd2a0e76fca12245,2.168404344971009e-19,705,confirmation,2,0,0,verified_success,0.3,4,80c1fe282d9bf2460e1b983432a1896adec764e29b4f5d7ddb5ef6f8ff201414,1
e0db1c559456b4134684b7821caf0413e3dee02f8836ad6c7f1d0c033773f14c,True,False,40,nbldpc_formal_v5a_multistage_q1024_p30_confirmation_126,40,464,5.421010862427522e-20,nbldpc_v5a_ir56,dccb378a454dfb0d9b0830da64c6bfa188566032c09803ddbd2a0e76fca12245,2.168404344971009e-19,705,confirmation,3,0,0,verified_success,0.3,4,a2b42e4193137a5499cae2a2bb2157950a2b8637ce668e4e035595558f4bd1d4,1
ad2d4c5562e9c6bbf7f6fd67dcd8f645d4d0b12ad3d58f41c07857c1435bcb84,True,True,56,nbldpc_formal_v5a_multistage_q1024_p30_confirmation_127,40,560,,nbldpc_v5a_ir56,dccb378a454dfb0d9b0830da64c6bfa188566032c09803ddbd2a0e76fca12245,2.168404344971009e-19,6,confirmation,12,12,12,decode_failed,0.3,9,41b41f6c02195df54feeaa51344b0492e122bcb907f242f9398babe2ee813df3,0
