dataset_id,method,frame_idx,decode_success,verify_success,raw_frame_ser,raw_frame_ber,post_frame_ser,post_frame_ber,leak_bits_frame,iterations_used,runtime_ms,passes_used,total_blocks_checked,parity_disclosures_bits,bisection_disclosures_bits,verification_bits,other_disclosures_bits,candidate_flips,verified_flips,block_size_schedule,num_passes,notes,dimension,bin_width_ps,data_mode,frame_cap,permutation_mode,seed,param_hash
real_typeii_20db_d16_bw100_blk0,cascade_lite,0,True,True,0.265625,0.09765625,0.0,0.0,362.0,64,10.399899998446926,4,133,266,64,32,0,25,25,"8,4,16,13",4,leakage_accounting=exact_internal_transcript,16,100,real_data,4,seeded_random,0,d8c9e97fcf2fa52f
real_typeii_20db_d16_bw100_blk0,cascade_lite,1,True,True,0.140625,0.0546875,0.0,0.0,268.0,44,13.058500015176833,4,96,192,44,32,0,14,14,"8,4,16,13",4,leakage_accounting=exact_internal_transcript,16,100,real_data,4,seeded_random,0,d8c9e97fcf2fa52f
real_typeii_20db_d16_bw100_blk0,cascade_lite,2,True,True,0.171875,0.04296875,0.0,0.0,260.0,36,26.99770001345314,4,96,192,36,32,0,11,11,"8,4,16,13",4,leakage_accounting=exact_internal_transcript,16,100,real_data,4,seeded_random,0,d8c9e97fcf2fa52f
real_typeii_20db_d16_bw100_blk0,cascade_lite,3,True,True,0.21875,0.0625,0.0,0.0,166.0,70,8.837500005029142,4,32,64,70,32,0,16,16,"8,4,16,13",4,leakage_accounting=exact_internal_transcript,16,100,real_data,4,seeded_random,0,d8c9e97fcf2fa52f
real_typeii_20db_d16_bw100_blk0,cascade_lite,0,True,True,0.265625,0.09765625,0.0,0.0,290.0,64,1.7084999999497086,2,97,194,64,32,0,25,25,"8,4,16,13",2,leakage_accounting=exact_internal_transcript,16,100,real_data,4,seeded_random,1,7354d2046d247234
real_typeii_20db_d16_bw100_blk0,cascade_lite,1,True,True,0.140625,0.0546875,0.0,0.0,260.0,36,11.7344000027515,2,96,192,36,32,0,14,14,"8,4,16,13",2,leakage_accounting=exact_internal_transcript,16,100,real_data,4,seeded_random,1,7354d2046d247234
real_typeii_20db_d16_bw100_blk0,cascade_lite,2,True,True,0.171875,0.04296875,0.0,0.0,255.0,31,0.5541999998968095,2,96,192,31,32,0,11,11,"8,4,16,13",2,leakage_accounting=exact_internal_transcript,16,100,real_data,4,seeded_random,1,7354d2046d247234
real_typeii_20db_d16_bw100_blk0,cascade_lite,3,True,True,0.21875,0.0625,0.0,0.0,264.0,40,1.7133000073954463,2,96,192,40,32,0,16,16,"8,4,16,13",2,leakage_accounting=exact_internal_transcript,16,100,real_data,4,seeded_random,1,7354d2046d247234
real_typeii_20db_d16_bw100_blk0,cascade_lite,0,True,True,0.265625,0.09765625,0.0,0.0,242.0,76,1.813299983041361,2,67,134,76,32,0,25,25,"12,6,24,13",2,leakage_accounting=exact_internal_transcript,16,100,real_data,4,seeded_random,1,624abde0af86ab7f
real_typeii_20db_d16_bw100_blk0,cascade_lite,1,True,True,0.140625,0.0546875,0.0,0.0,206.0,44,6.633999990299344,2,65,130,44,32,0,14,14,"12,6,24,13",2,leakage_accounting=exact_internal_transcript,16,100,real_data,4,seeded_random,1,624abde0af86ab7f
real_typeii_20db_d16_bw100_blk0,cascade_lite,2,True,False,0.171875,0.04296875,0.03125,0.0078125,195.0,33,6.390499998815358,2,65,130,33,32,0,9,9,"12,6,24,13",2,leakage_accounting=exact_internal_transcript,16,100,real_data,4,seeded_random,1,624abde0af86ab7f
real_typeii_20db_d16_bw100_blk0,cascade_lite,3,True,False,0.21875,0.0625,0.03125,0.0078125,208.0,46,0.621499988483265,2,65,130,46,32,0,14,14,"12,6,24,13",2,leakage_accounting=exact_internal_transcript,16,100,real_data,4,seeded_random,1,624abde0af86ab7f
real_typeii_20db_d16_bw100_blk0,cascade_lite,0,True,False,0.265625,0.09765625,0.15625,0.0625,116.0,36,0.36700000055134296,2,24,48,36,32,0,9,9,"16,32,64,128",2,leakage_accounting=exact_internal_transcript,16,100,real_data,4,identity,1,b97861b5bfb007df
real_typeii_20db_d16_bw100_blk0,cascade_lite,1,True,False,0.140625,0.0546875,0.046875,0.03125,104.0,24,0.25270000332966447,2,24,48,24,32,0,6,6,"16,32,64,128",2,leakage_accounting=exact_internal_transcript,16,100,real_data,4,identity,1,b97861b5bfb007df
real_typeii_20db_d16_bw100_blk0,cascade_lite,2,True,False,0.171875,0.04296875,0.09375,0.0234375,100.0,20,0.20969999604858458,2,24,48,20,32,0,5,5,"16,32,64,128",2,leakage_accounting=exact_internal_transcript,16,100,real_data,4,identity,1,b97861b5bfb007df
real_typeii_20db_d16_bw100_blk0,cascade_lite,3,True,False,0.21875,0.0625,0.125,0.0390625,104.0,24,0.22840002202428877,2,24,48,24,32,0,6,6,"16,32,64,128",2,leakage_accounting=exact_internal_transcript,16,100,real_data,4,identity,1,b97861b5bfb007df
real_typeii_20db_d16_bw100_blk0,cascade_lite,0,True,False,0.265625,0.09765625,0.078125,0.0390625,267.0,43,0.8769999840296805,2,96,192,43,32,0,15,15,"8,4,16,13",2,leakage_accounting=exact_internal_transcript,16,100,real_data,4,identity,0,a13ee2a8e214a2c1
real_typeii_20db_d16_bw100_blk0,cascade_lite,1,True,False,0.140625,0.0546875,0.03125,0.0234375,248.0,24,0.4317999992053956,2,96,192,24,32,0,8,8,"8,4,16,13",2,leakage_accounting=exact_internal_transcript,16,100,real_data,4,identity,0,a13ee2a8e214a2c1
real_typeii_20db_d16_bw100_blk0,cascade_lite,2,True,True,0.171875,0.04296875,0.0,0.0,253.0,29,0.4726999904960394,2,96,192,29,32,0,11,11,"8,4,16,13",2,leakage_accounting=exact_internal_transcript,16,100,real_data,4,identity,0,a13ee2a8e214a2c1
real_typeii_20db_d16_bw100_blk0,cascade_lite,3,True,False,0.21875,0.0625,0.03125,0.015625,254.0,30,0.7140999950934201,2,96,192,30,32,0,12,12,"8,4,16,13",2,leakage_accounting=exact_internal_transcript,16,100,real_data,4,identity,0,a13ee2a8e214a2c1
real_typeii_20db_d16_bw100_blk0,cascade_lite,0,True,False,0.265625,0.09765625,0.109375,0.0390625,160.0,68,0.6361000123433769,3,30,60,68,32,0,15,15,"16,32,64,128",3,leakage_accounting=exact_internal_transcript,16,100,real_data,4,seeded_random,0,7bb66119b31ce8cd
real_typeii_20db_d16_bw100_blk0,cascade_lite,1,True,False,0.140625,0.0546875,0.03125,0.0078125,142.0,54,0.4935000033583492,3,28,56,54,32,0,12,12,"16,32,64,128",3,leakage_accounting=exact_internal_transcript,16,100,real_data,4,seeded_random,0,7bb66119b31ce8cd
real_typeii_20db_d16_bw100_blk0,cascade_lite,2,True,True,0.171875,0.04296875,0.0,0.0,140.0,50,1.1242000036872923,3,29,58,50,32,0,11,11,"16,32,64,128",3,leakage_accounting=exact_internal_transcript,16,100,real_data,4,seeded_random,0,7bb66119b31ce8cd
real_typeii_20db_d16_bw100_blk0,cascade_lite,3,True,True,0.21875,0.0625,0.0,0.0,162.0,70,5.00040000770241,3,30,60,70,32,0,16,16,"16,32,64,128",3,leakage_accounting=exact_internal_transcript,16,100,real_data,4,seeded_random,0,7bb66119b31ce8cd
real_typeii_20db_d16_bw100_blk0,cascade_lite,0,True,False,0.265625,0.09765625,0.078125,0.0390625,299.0,43,0.753700005589053,3,112,224,43,32,0,15,15,"8,4,16,13",3,leakage_accounting=exact_internal_transcript,16,100,real_data,4,identity,1,980002d4a26462ee
real_typeii_20db_d16_bw100_blk0,cascade_lite,1,True,False,0.140625,0.0546875,0.03125,0.0234375,280.0,24,0.47149998135864735,3,112,224,24,32,0,8,8,"8,4,16,13",3,leakage_accounting=exact_internal_transcript,16,100,real_data,4,identity,1,980002d4a26462ee
real_typeii_20db_d16_bw100_blk0,cascade_lite,2,True,True,0.171875,0.04296875,0.0,0.0,285.0,29,0.5002999969292432,3,112,224,29,32,0,11,11,"8,4,16,13",3,leakage_accounting=exact_internal_transcript,16,100,real_data,4,identity,1,980002d4a26462ee
real_typeii_20db_d16_bw100_blk0,cascade_lite,3,True,False,0.21875,0.0625,0.03125,0.015625,286.0,30,0.525799987372011,3,112,224,30,32,0,12,12,"8,4,16,13",3,leakage_accounting=exact_internal_transcript,16,100,real_data,4,identity,1,980002d4a26462ee
real_typeii_20db_d16_bw100_blk0,cascade_lite,0,True,False,0.265625,0.09765625,0.125,0.0546875,223.0,39,0.5326999817043543,3,76,152,39,32,0,11,11,"12,6,24,13",3,leakage_accounting=exact_internal_transcript,16,100,real_data,4,identity,0,d6871fb94730b51d
real_typeii_20db_d16_bw100_blk0,cascade_lite,1,True,False,0.140625,0.0546875,0.03125,0.0234375,213.0,29,0.4068999842274934,3,76,152,29,32,0,8,8,"12,6,24,13",3,leakage_accounting=exact_internal_transcript,16,100,real_data,4,identity,0,d6871fb94730b51d
real_typeii_20db_d16_bw100_blk0,cascade_lite,2,True,False,0.171875,0.04296875,0.03125,0.0078125,214.0,30,0.40869999793358147,3,76,152,30,32,0,9,9,"12,6,24,13",3,leakage_accounting=exact_internal_transcript,16,100,real_data,4,identity,0,d6871fb94730b51d
real_typeii_20db_d16_bw100_blk0,cascade_lite,3,True,False,0.21875,0.0625,0.125,0.0390625,204.0,20,0.3440000000409782,3,76,152,20,32,0,6,6,"12,6,24,13",3,leakage_accounting=exact_internal_transcript,16,100,real_data,4,identity,0,d6871fb94730b51d
real_typeii_20db_d16_bw100_blk0,cascade_lite,0,True,True,0.265625,0.09765625,0.0,0.0,322.0,64,1.2802999990526587,3,113,226,64,32,0,25,25,"8,4,16,13",3,leakage_accounting=exact_internal_transcript,16,100,real_data,4,seeded_random,0,1cdb1b55b06d0718
real_typeii_20db_d16_bw100_blk0,cascade_lite,1,True,True,0.140625,0.0546875,0.0,0.0,292.0,36,1.9356999837327749,3,112,224,36,32,0,14,14,"8,4,16,13",3,leakage_accounting=exact_internal_transcript,16,100,real_data,4,seeded_random,0,1cdb1b55b06d0718
real_typeii_20db_d16_bw100_blk0,cascade_lite,2,True,True,0.171875,0.04296875,0.0,0.0,285.0,29,10.460000019520521,3,112,224,29,32,0,11,11,"8,4,16,13",3,leakage_accounting=exact_internal_transcript,16,100,real_data,4,seeded_random,0,1cdb1b55b06d0718
real_typeii_20db_d16_bw100_blk0,cascade_lite,3,True,True,0.21875,0.0625,0.0,0.0,300.0,44,12.884800002211705,3,112,224,44,32,0,16,16,"8,4,16,13",3,leakage_accounting=exact_internal_transcript,16,100,real_data,4,seeded_random,0,1cdb1b55b06d0718
real_typeii_20db_d16_bw100_blk0,cascade_lite,0,True,True,0.265625,0.09765625,0.0,0.0,362.0,64,12.914399994770065,4,133,266,64,32,0,25,25,"8,4,16,13",4,leakage_accounting=exact_internal_transcript,16,100,real_data,4,seeded_random,1,06922f5b1549a72b
real_typeii_20db_d16_bw100_blk0,cascade_lite,1,True,True,0.140625,0.0546875,0.0,0.0,268.0,44,13.48250001319684,4,96,192,44,32,0,14,14,"8,4,16,13",4,leakage_accounting=exact_internal_transcript,16,100,real_data,4,seeded_random,1,06922f5b1549a72b
real_typeii_20db_d16_bw100_blk0,cascade_lite,2,True,True,0.171875,0.04296875,0.0,0.0,266.0,42,21.628999995300546,4,96,192,42,32,0,11,11,"8,4,16,13",4,leakage_accounting=exact_internal_transcript,16,100,real_data,4,seeded_random,1,06922f5b1549a72b
real_typeii_20db_d16_bw100_blk0,cascade_lite,3,True,False,0.21875,0.0625,0.03125,0.0078125,160.0,66,11.422000010497868,4,31,62,66,32,0,14,14,"8,4,16,13",4,leakage_accounting=exact_internal_transcript,16,100,real_data,4,seeded_random,1,06922f5b1549a72b
real_typeii_20db_d16_bw100_blk0,cascade_lite,0,True,False,0.265625,0.09765625,0.125,0.0546875,201.0,39,0.49950001994147897,2,65,130,39,32,0,11,11,"12,6,24,13",2,leakage_accounting=exact_internal_transcript,16,100,real_data,4,identity,0,979209ff46816fd4
real_typeii_20db_d16_bw100_blk0,cascade_lite,1,True,False,0.140625,0.0546875,0.03125,0.0234375,191.0,29,0.38430001586675644,2,65,130,29,32,0,8,8,"12,6,24,13",2,leakage_accounting=exact_internal_transcript,16,100,real_data,4,identity,0,979209ff46816fd4
real_typeii_20db_d16_bw100_blk0,cascade_lite,2,True,False,0.171875,0.04296875,0.03125,0.0078125,192.0,30,0.4386999935377389,2,65,130,30,32,0,9,9,"12,6,24,13",2,leakage_accounting=exact_internal_transcript,16,100,real_data,4,identity,0,979209ff46816fd4
real_typeii_20db_d16_bw100_blk0,cascade_lite,3,True,False,0.21875,0.0625,0.125,0.0390625,182.0,20,0.36860001273453236,2,65,130,20,32,0,6,6,"12,6,24,13",2,leakage_accounting=exact_internal_transcript,16,100,real_data,4,identity,0,979209ff46816fd4
real_typeii_20db_d16_bw100_blk0,cascade_lite,0,True,False,0.265625,0.09765625,0.125,0.0546875,201.0,39,0.4938000056426972,2,65,130,39,32,0,11,11,"12,6,24,13",2,leakage_accounting=exact_internal_transcript,16,100,real_data,4,identity,1,2cca18232a17d99f
real_typeii_20db_d16_bw100_blk0,cascade_lite,1,True,False,0.140625,0.0546875,0.03125,0.0234375,191.0,29,0.36040000850334764,2,65,130,29,32,0,8,8,"12,6,24,13",2,leakage_accounting=exact_internal_transcript,16,100,real_data,4,identity,1,2cca18232a17d99f
real_typeii_20db_d16_bw100_blk0,cascade_lite,2,True,False,0.171875,0.04296875,0.03125,0.0078125,192.0,30,0.3690000157803297,2,65,130,30,32,0,9,9,"12,6,24,13",2,leakage_accounting=exact_internal_transcript,16,100,real_data,4,identity,1,2cca18232a17d99f
real_typeii_20db_d16_bw100_blk0,cascade_lite,3,True,False,0.21875,0.0625,0.125,0.0390625,182.0,20,0.307999987853691,2,65,130,20,32,0,6,6,"12,6,24,13",2,leakage_accounting=exact_internal_transcript,16,100,real_data,4,identity,1,2cca18232a17d99f
real_typeii_20db_d16_bw100_blk0,cascade_lite,0,True,False,0.265625,0.09765625,0.078125,0.0390625,339.0,43,0.7236000092234462,4,132,264,43,32,0,15,15,"8,4,16,13",4,leakage_accounting=exact_internal_transcript,16,100,real_data,4,identity,0,de9542c356f237d9
real_typeii_20db_d16_bw100_blk0,cascade_lite,1,True,False,0.140625,0.0546875,0.03125,0.0234375,320.0,24,0.9174000006169081,4,132,264,24,32,0,8,8,"8,4,16,13",4,leakage_accounting=exact_internal_transcript,16,100,real_data,4,identity,0,de9542c356f237d9
real_typeii_20db_d16_bw100_blk0,cascade_lite,2,True,True,0.171875,0.04296875,0.0,0.0,325.0,29,0.717900024028495,4,132,264,29,32,0,11,11,"8,4,16,13",4,leakage_accounting=exact_internal_transcript,16,100,real_data,4,identity,0,de9542c356f237d9
real_typeii_20db_d16_bw100_blk0,cascade_lite,3,True,False,0.21875,0.0625,0.03125,0.015625,326.0,30,0.7577000069431961,4,132,264,30,32,0,12,12,"8,4,16,13",4,leakage_accounting=exact_internal_transcript,16,100,real_data,4,identity,0,de9542c356f237d9
real_typeii_20db_d16_bw100_blk0,cascade_lite,0,True,False,0.265625,0.09765625,0.15625,0.0625,124.0,36,0.368500011973083,3,28,56,36,32,0,9,9,"16,32,64,128",3,leakage_accounting=exact_internal_transcript,16,100,real_data,4,identity,0,4e9da68e0f171e1f
real_typeii_20db_d16_bw100_blk0,cascade_lite,1,True,False,0.140625,0.0546875,0.046875,0.03125,112.0,24,0.25060001644305885,3,28,56,24,32,0,6,6,"16,32,64,128",3,leakage_accounting=exact_internal_transcript,16,100,real_data,4,identity,0,4e9da68e0f171e1f
real_typeii_20db_d16_bw100_blk0,cascade_lite,2,True,False,0.171875,0.04296875,0.09375,0.0234375,108.0,20,0.22029998945072293,3,28,56,20,32,0,5,5,"16,32,64,128",3,leakage_accounting=exact_internal_transcript,16,100,real_data,4,identity,0,4e9da68e0f171e1f
real_typeii_20db_d16_bw100_blk0,cascade_lite,3,True,False,0.21875,0.0625,0.125,0.0390625,112.0,24,0.23889998556114733,3,28,56,24,32,0,6,6,"16,32,64,128",3,leakage_accounting=exact_internal_transcript,16,100,real_data,4,identity,0,4e9da68e0f171e1f
real_typeii_20db_d16_bw100_blk0,cascade_lite,0,True,True,0.265625,0.09765625,0.0,0.0,322.0,64,9.411700011696666,3,113,226,64,32,0,25,25,"8,4,16,13",3,leakage_accounting=exact_internal_transcript,16,100,real_data,4,seeded_random,1,8c14481b3b13ba97
real_typeii_20db_d16_bw100_blk0,cascade_lite,1,True,True,0.140625,0.0546875,0.0,0.0,292.0,36,12.20710002235137,3,112,224,36,32,0,14,14,"8,4,16,13",3,leakage_accounting=exact_internal_transcript,16,100,real_data,4,seeded_random,1,8c14481b3b13ba97
real_typeii_20db_d16_bw100_blk0,cascade_lite,2,True,True,0.171875,0.04296875,0.0,0.0,226.0,42,3.5675000108312815,3,76,152,42,32,0,11,11,"8,4,16,13",3,leakage_accounting=exact_internal_transcript,16,100,real_data,4,seeded_random,1,8c14481b3b13ba97
real_typeii_20db_d16_bw100_blk0,cascade_lite,3,True,True,0.21875,0.0625,0.0,0.0,239.0,55,16.14200000767596,3,76,152,55,32,0,16,16,"8,4,16,13",3,leakage_accounting=exact_internal_transcript,16,100,real_data,4,seeded_random,1,8c14481b3b13ba97
real_typeii_20db_d16_bw100_blk0,cascade_lite,0,True,False,0.265625,0.09765625,0.15625,0.0625,124.0,36,0.3525000065565109,3,28,56,36,32,0,9,9,"16,32,64,128",3,leakage_accounting=exact_internal_transcript,16,100,real_data,4,identity,1,12e60a79b80aac28
real_typeii_20db_d16_bw100_blk0,cascade_lite,1,True,False,0.140625,0.0546875,0.046875,0.03125,112.0,24,0.2584999892860651,3,28,56,24,32,0,6,6,"16,32,64,128",3,leakage_accounting=exact_internal_transcript,16,100,real_data,4,identity,1,12e60a79b80aac28
real_typeii_20db_d16_bw100_blk0,cascade_lite,2,True,False,0.171875,0.04296875,0.09375,0.0234375,108.0,20,0.21880000713281333,3,28,56,20,32,0,5,5,"16,32,64,128",3,leakage_accounting=exact_internal_transcript,16,100,real_data,4,identity,1,12e60a79b80aac28
real_typeii_20db_d16_bw100_blk0,cascade_lite,3,True,False,0.21875,0.0625,0.125,0.0390625,112.0,24,0.2348999842070043,3,28,56,24,32,0,6,6,"16,32,64,128",3,leakage_accounting=exact_internal_transcript,16,100,real_data,4,identity,1,12e60a79b80aac28
real_typeii_20db_d16_bw100_blk0,cascade_lite,0,True,False,0.265625,0.09765625,0.078125,0.0390625,339.0,43,0.732100015738979,4,132,264,43,32,0,15,15,"8,4,16,13",4,leakage_accounting=exact_internal_transcript,16,100,real_data,4,identity,1,9d564316fde14cb8
real_typeii_20db_d16_bw100_blk0,cascade_lite,1,True,False,0.140625,0.0546875,0.03125,0.0234375,320.0,24,0.5138999840710312,4,132,264,24,32,0,8,8,"8,4,16,13",4,leakage_accounting=exact_internal_transcript,16,100,real_data,4,identity,1,9d564316fde14cb8
real_typeii_20db_d16_bw100_blk0,cascade_lite,2,True,True,0.171875,0.04296875,0.0,0.0,325.0,29,0.5599000141955912,4,132,264,29,32,0,11,11,"8,4,16,13",4,leakage_accounting=exact_internal_transcript,16,100,real_data,4,identity,1,9d564316fde14cb8
real_typeii_20db_d16_bw100_blk0,cascade_lite,3,True,False,0.21875,0.0625,0.03125,0.015625,326.0,30,0.575200014282018,4,132,264,30,32,0,12,12,"8,4,16,13",4,leakage_accounting=exact_internal_transcript,16,100,real_data,4,identity,1,9d564316fde14cb8
real_typeii_20db_d16_bw100_blk0,cascade_lite,0,True,False,0.265625,0.09765625,0.140625,0.046875,140.0,56,0.6207999831531197,2,26,52,56,32,0,13,13,"16,32,64,128",2,leakage_accounting=exact_internal_transcript,16,100,real_data,4,seeded_random,0,dd7816676bf6e07b
real_typeii_20db_d16_bw100_blk0,cascade_lite,1,True,False,0.140625,0.0546875,0.046875,0.015625,122.0,42,3.1436999852303416,2,24,48,42,32,0,10,10,"16,32,64,128",2,leakage_accounting=exact_internal_transcript,16,100,real_data,4,seeded_random,0,dd7816676bf6e07b
real_typeii_20db_d16_bw100_blk0,cascade_lite,2,True,False,0.171875,0.04296875,0.015625,0.00390625,126.0,44,3.4035999851766974,2,25,50,44,32,0,10,10,"16,32,64,128",2,leakage_accounting=exact_internal_transcript,16,100,real_data,4,seeded_random,0,dd7816676bf6e07b
real_typeii_20db_d16_bw100_blk0,cascade_lite,3,True,False,0.21875,0.0625,0.015625,0.00390625,146.0,64,11.652599991066381,2,25,50,64,32,0,15,15,"16,32,64,128",2,leakage_accounting=exact_internal_transcript,16,100,real_data,4,seeded_random,0,dd7816676bf6e07b
real_typeii_20db_d16_bw100_blk0,cascade_lite,0,True,False,0.265625,0.09765625,0.09375,0.046875,271.0,47,0.6141999911051244,4,96,192,47,32,0,13,13,"12,6,24,13",4,leakage_accounting=exact_internal_transcript,16,100,real_data,4,identity,0,2faaaa245957cec2
real_typeii_20db_d16_bw100_blk0,cascade_lite,1,True,False,0.140625,0.0546875,0.03125,0.0234375,253.0,29,0.43899999582208693,4,96,192,29,32,0,8,8,"12,6,24,13",4,leakage_accounting=exact_internal_transcript,16,100,real_data,4,identity,0,2faaaa245957cec2
real_typeii_20db_d16_bw100_blk0,cascade_lite,2,True,False,0.171875,0.04296875,0.03125,0.0078125,254.0,30,0.4487000114750117,4,96,192,30,32,0,9,9,"12,6,24,13",4,leakage_accounting=exact_internal_transcript,16,100,real_data,4,identity,0,2faaaa245957cec2
real_typeii_20db_d16_bw100_blk0,cascade_lite,3,True,False,0.21875,0.0625,0.125,0.0390625,244.0,20,0.3930999955628067,4,96,192,20,32,0,6,6,"12,6,24,13",4,leakage_accounting=exact_internal_transcript,16,100,real_data,4,identity,0,2faaaa245957cec2
real_typeii_20db_d16_bw100_blk0,cascade_lite,0,True,True,0.265625,0.09765625,0.0,0.0,264.0,76,8.965899993199855,3,78,156,76,32,0,25,25,"12,6,24,13",3,leakage_accounting=exact_internal_transcript,16,100,real_data,4,seeded_random,1,8423d62fa77f89d5
real_typeii_20db_d16_bw100_blk0,cascade_lite,1,True,True,0.140625,0.0546875,0.0,0.0,228.0,44,8.860699977958575,3,76,152,44,32,0,14,14,"12,6,24,13",3,leakage_accounting=exact_internal_transcript,16,100,real_data,4,seeded_random,1,8423d62fa77f89d5
real_typeii_20db_d16_bw100_blk0,cascade_lite,2,True,False,0.171875,0.04296875,0.03125,0.0078125,126.0,38,2.506699995137751,3,28,56,38,32,0,9,9,"12,6,24,13",3,leakage_accounting=exact_internal_transcript,16,100,real_data,4,seeded_random,1,8423d62fa77f89d5
real_typeii_20db_d16_bw100_blk0,cascade_lite,3,True,False,0.21875,0.0625,0.0625,0.015625,142.0,54,7.5600999989546835,3,28,56,54,32,0,12,12,"12,6,24,13",3,leakage_accounting=exact_internal_transcript,16,100,real_data,4,seeded_random,1,8423d62fa77f89d5
real_typeii_20db_d16_bw100_blk0,cascade_lite,0,True,False,0.265625,0.09765625,0.09375,0.046875,271.0,47,0.6196000031195581,4,96,192,47,32,0,13,13,"12,6,24,13",4,leakage_accounting=exact_internal_transcript,16,100,real_data,4,identity,1,e94e37ca4f54ec26
real_typeii_20db_d16_bw100_blk0,cascade_lite,1,True,False,0.140625,0.0546875,0.03125,0.0234375,253.0,29,0.443900004029274,4,96,192,29,32,0,8,8,"12,6,24,13",4,leakage_accounting=exact_internal_transcript,16,100,real_data,4,identity,1,e94e37ca4f54ec26
real_typeii_20db_d16_bw100_blk0,cascade_lite,2,True,False,0.171875,0.04296875,0.03125,0.0078125,254.0,30,0.4453000146895647,4,96,192,30,32,0,9,9,"12,6,24,13",4,leakage_accounting=exact_internal_transcript,16,100,real_data,4,identity,1,e94e37ca4f54ec26
real_typeii_20db_d16_bw100_blk0,cascade_lite,3,True,False,0.21875,0.0625,0.125,0.0390625,244.0,20,0.38949999725446105,4,96,192,20,32,0,6,6,"12,6,24,13",4,leakage_accounting=exact_internal_transcript,16,100,real_data,4,identity,1,e94e37ca4f54ec26
real_typeii_20db_d16_bw100_blk0,cascade_lite,0,True,False,0.265625,0.09765625,0.15625,0.0625,116.0,36,0.4020000051241368,2,24,48,36,32,0,9,9,"16,32,64,128",2,leakage_accounting=exact_internal_transcript,16,100,real_data,4,identity,0,7f633f44f9b66e3b
real_typeii_20db_d16_bw100_blk0,cascade_lite,1,True,False,0.140625,0.0546875,0.046875,0.03125,104.0,24,0.24759999359957874,2,24,48,24,32,0,6,6,"16,32,64,128",2,leakage_accounting=exact_internal_transcript,16,100,real_data,4,identity,0,7f633f44f9b66e3b
real_typeii_20db_d16_bw100_blk0,cascade_lite,2,True,False,0.171875,0.04296875,0.09375,0.0234375,100.0,20,0.21009999909438193,2,24,48,20,32,0,5,5,"16,32,64,128",2,leakage_accounting=exact_internal_transcript,16,100,real_data,4,identity,0,7f633f44f9b66e3b
real_typeii_20db_d16_bw100_blk0,cascade_lite,3,True,False,0.21875,0.0625,0.125,0.0390625,104.0,24,0.22449999232776463,2,24,48,24,32,0,6,6,"16,32,64,128",2,leakage_accounting=exact_internal_transcript,16,100,real_data,4,identity,0,7f633f44f9b66e3b
real_typeii_20db_d16_bw100_blk0,cascade_lite,0,True,False,0.265625,0.09765625,0.03125,0.0078125,237.0,73,11.556899989955127,2,66,132,73,32,0,23,23,"12,6,24,13",2,leakage_accounting=exact_internal_transcript,16,100,real_data,4,seeded_random,0,a8b77a06b4a8c66b
real_typeii_20db_d16_bw100_blk0,cascade_lite,1,True,True,0.140625,0.0546875,0.0,0.0,206.0,44,3.078599984291941,2,65,130,44,32,0,14,14,"12,6,24,13",2,leakage_accounting=exact_internal_transcript,16,100,real_data,4,seeded_random,0,a8b77a06b4a8c66b
real_typeii_20db_d16_bw100_blk0,cascade_lite,2,True,True,0.171875,0.04296875,0.0,0.0,198.0,36,4.585200018482283,2,65,130,36,32,0,11,11,"12,6,24,13",2,leakage_accounting=exact_internal_transcript,16,100,real_data,4,seeded_random,0,a8b77a06b4a8c66b
real_typeii_20db_d16_bw100_blk0,cascade_lite,3,True,True,0.21875,0.0625,0.0,0.0,212.0,50,10.229900013655424,2,65,130,50,32,0,16,16,"12,6,24,13",2,leakage_accounting=exact_internal_transcript,16,100,real_data,4,seeded_random,0,a8b77a06b4a8c66b
real_typeii_20db_d16_bw100_blk0,cascade_lite,0,True,False,0.265625,0.09765625,0.125,0.0546875,223.0,39,0.5407999851740897,3,76,152,39,32,0,11,11,"12,6,24,13",3,leakage_accounting=exact_internal_transcript,16,100,real_data,4,identity,1,7db1c271a29cbcbd
real_typeii_20db_d16_bw100_blk0,cascade_lite,1,True,False,0.140625,0.0546875,0.03125,0.0234375,213.0,29,0.4172000044491142,3,76,152,29,32,0,8,8,"12,6,24,13",3,leakage_accounting=exact_internal_transcript,16,100,real_data,4,identity,1,7db1c271a29cbcbd
real_typeii_20db_d16_bw100_blk0,cascade_lite,2,True,False,0.171875,0.04296875,0.03125,0.0078125,214.0,30,0.4288000054657459,3,76,152,30,32,0,9,9,"12,6,24,13",3,leakage_accounting=exact_internal_transcript,16,100,real_data,4,identity,1,7db1c271a29cbcbd
real_typeii_20db_d16_bw100_blk0,cascade_lite,3,True,False,0.21875,0.0625,0.125,0.0390625,204.0,20,0.47350002569146454,3,76,152,20,32,0,6,6,"12,6,24,13",3,leakage_accounting=exact_internal_transcript,16,100,real_data,4,identity,1,7db1c271a29cbcbd
real_typeii_20db_d16_bw100_blk0,cascade_lite,0,True,True,0.265625,0.09765625,0.0,0.0,290.0,64,1.9070999987889081,2,97,194,64,32,0,25,25,"8,4,16,13",2,leakage_accounting=exact_internal_transcript,16,100,real_data,4,seeded_random,0,eb6b9d5df31d86f8
real_typeii_20db_d16_bw100_blk0,cascade_lite,1,True,True,0.140625,0.0546875,0.0,0.0,260.0,36,0.6059999868739396,2,96,192,36,32,0,14,14,"8,4,16,13",2,leakage_accounting=exact_internal_transcript,16,100,real_data,4,seeded_random,0,eb6b9d5df31d86f8
real_typeii_20db_d16_bw100_blk0,cascade_lite,2,True,True,0.171875,0.04296875,0.0,0.0,253.0,29,4.766900005051866,2,96,192,29,32,0,11,11,"8,4,16,13",2,leakage_accounting=exact_internal_transcript,16,100,real_data,4,seeded_random,0,eb6b9d5df31d86f8
real_typeii_20db_d16_bw100_blk0,cascade_lite,3,True,True,0.21875,0.0625,0.0,0.0,268.0,44,18.848500010790303,2,96,192,44,32,0,16,16,"8,4,16,13",2,leakage_accounting=exact_internal_transcript,16,100,real_data,4,seeded_random,0,eb6b9d5df31d86f8
real_typeii_20db_d16_bw100_blk0,cascade_lite,0,True,False,0.265625,0.09765625,0.078125,0.0390625,299.0,43,0.679899996612221,3,112,224,43,32,0,15,15,"8,4,16,13",3,leakage_accounting=exact_internal_transcript,16,100,real_data,4,identity,0,3126004ba81eb888
real_typeii_20db_d16_bw100_blk0,cascade_lite,1,True,False,0.140625,0.0546875,0.03125,0.0234375,280.0,24,0.4569999873638153,3,112,224,24,32,0,8,8,"8,4,16,13",3,leakage_accounting=exact_internal_transcript,16,100,real_data,4,identity,0,3126004ba81eb888
real_typeii_20db_d16_bw100_blk0,cascade_lite,2,True,True,0.171875,0.04296875,0.0,0.0,285.0,29,0.5261999904178083,3,112,224,29,32,0,11,11,"8,4,16,13",3,leakage_accounting=exact_internal_transcript,16,100,real_data,4,identity,0,3126004ba81eb888
real_typeii_20db_d16_bw100_blk0,cascade_lite,3,True,False,0.21875,0.0625,0.03125,0.015625,286.0,30,0.5275000003166497,3,112,224,30,32,0,12,12,"8,4,16,13",3,leakage_accounting=exact_internal_transcript,16,100,real_data,4,identity,0,3126004ba81eb888
real_typeii_20db_d16_bw100_blk0,cascade_lite,0,True,False,0.265625,0.09765625,0.078125,0.0390625,267.0,43,0.6606999959331006,2,96,192,43,32,0,15,15,"8,4,16,13",2,leakage_accounting=exact_internal_transcript,16,100,real_data,4,identity,1,3f252f07ce424b12
real_typeii_20db_d16_bw100_blk0,cascade_lite,1,True,False,0.140625,0.0546875,0.03125,0.0234375,248.0,24,0.4234999942127615,2,96,192,24,32,0,8,8,"8,4,16,13",2,leakage_accounting=exact_internal_transcript,16,100,real_data,4,identity,1,3f252f07ce424b12
real_typeii_20db_d16_bw100_blk0,cascade_lite,2,True,True,0.171875,0.04296875,0.0,0.0,253.0,29,0.4778000002261251,2,96,192,29,32,0,11,11,"8,4,16,13",2,leakage_accounting=exact_internal_transcript,16,100,real_data,4,identity,1,3f252f07ce424b12
real_typeii_20db_d16_bw100_blk0,cascade_lite,3,True,False,0.21875,0.0625,0.03125,0.015625,254.0,30,0.4839999892283231,2,96,192,30,32,0,12,12,"8,4,16,13",2,leakage_accounting=exact_internal_transcript,16,100,real_data,4,identity,1,3f252f07ce424b12
real_typeii_20db_d16_bw100_blk0,cascade_lite,0,True,True,0.265625,0.09765625,0.0,0.0,309.0,83,13.787200005026534,4,97,194,83,32,0,25,25,"12,6,24,13",4,leakage_accounting=exact_internal_transcript,16,100,real_data,4,seeded_random,0,7ee822c7f60512c0
real_typeii_20db_d16_bw100_blk0,cascade_lite,1,True,False,0.140625,0.0546875,0.03125,0.0078125,146.0,54,9.055300004547462,4,30,60,54,32,0,12,12,"12,6,24,13",4,leakage_accounting=exact_internal_transcript,16,100,real_data,4,seeded_random,0,7ee822c7f60512c0
real_typeii_20db_d16_bw100_blk0,cascade_lite,2,True,True,0.171875,0.04296875,0.0,0.0,144.0,50,15.076700015924871,4,31,62,50,32,0,11,11,"12,6,24,13",4,leakage_accounting=exact_internal_transcript,16,100,real_data,4,seeded_random,0,7ee822c7f60512c0
real_typeii_20db_d16_bw100_blk0,cascade_lite,3,True,True,0.21875,0.0625,0.0,0.0,166.0,70,1.9746000180020928,4,32,64,70,32,0,16,16,"12,6,24,13",4,leakage_accounting=exact_internal_transcript,16,100,real_data,4,seeded_random,0,7ee822c7f60512c0
real_typeii_20db_d16_bw100_blk0,cascade_lite,0,True,False,0.265625,0.09765625,0.15625,0.05078125,134.0,52,2.2689999896101654,2,25,50,52,32,0,12,12,"16,32,64,128",2,leakage_accounting=exact_internal_transcript,16,100,real_data,4,seeded_random,1,681ccb6691fc7891
real_typeii_20db_d16_bw100_blk0,cascade_lite,1,True,False,0.140625,0.0546875,0.0625,0.015625,124.0,44,0.6833999941591173,2,24,48,44,32,0,10,10,"16,32,64,128",2,leakage_accounting=exact_internal_transcript,16,100,real_data,4,seeded_random,1,681ccb6691fc7891
real_typeii_20db_d16_bw100_blk0,cascade_lite,2,True,False,0.171875,0.04296875,0.03125,0.0078125,118.0,38,7.740200002444908,2,24,48,38,32,0,9,9,"16,32,64,128",2,leakage_accounting=exact_internal_transcript,16,100,real_data,4,seeded_random,1,681ccb6691fc7891
real_typeii_20db_d16_bw100_blk0,cascade_lite,3,True,False,0.21875,0.0625,0.09375,0.0234375,122.0,42,9.107799996854737,2,24,48,42,32,0,10,10,"16,32,64,128",2,leakage_accounting=exact_internal_transcript,16,100,real_data,4,seeded_random,1,681ccb6691fc7891
real_typeii_20db_d16_bw100_blk0,cascade_lite,0,True,False,0.265625,0.09765625,0.15625,0.0625,128.0,36,0.8491000044159591,4,30,60,36,32,0,9,9,"16,32,64,128",4,leakage_accounting=exact_internal_transcript,16,100,real_data,4,identity,1,b274fad8603600d1
real_typeii_20db_d16_bw100_blk0,cascade_lite,1,True,False,0.140625,0.0546875,0.046875,0.03125,116.0,24,0.3102000046055764,4,30,60,24,32,0,6,6,"16,32,64,128",4,leakage_accounting=exact_internal_transcript,16,100,real_data,4,identity,1,b274fad8603600d1
real_typeii_20db_d16_bw100_blk0,cascade_lite,2,True,False,0.171875,0.04296875,0.09375,0.0234375,112.0,20,1.195199991343543,4,30,60,20,32,0,5,5,"16,32,64,128",4,leakage_accounting=exact_internal_transcript,16,100,real_data,4,identity,1,b274fad8603600d1
real_typeii_20db_d16_bw100_blk0,cascade_lite,3,True,False,0.21875,0.0625,0.125,0.0390625,116.0,24,1.034899993101135,4,30,60,24,32,0,6,6,"16,32,64,128",4,leakage_accounting=exact_internal_transcript,16,100,real_data,4,identity,1,b274fad8603600d1
real_typeii_20db_d16_bw100_blk0,cascade_lite,0,True,False,0.265625,0.09765625,0.15625,0.0625,128.0,36,0.40480002644471824,4,30,60,36,32,0,9,9,"16,32,64,128",4,leakage_accounting=exact_internal_transcript,16,100,real_data,4,identity,0,aeacee9a04c960ac
real_typeii_20db_d16_bw100_blk0,cascade_lite,1,True,False,0.140625,0.0546875,0.046875,0.03125,116.0,24,9.105699980864301,4,30,60,24,32,0,6,6,"16,32,64,128",4,leakage_accounting=exact_internal_transcript,16,100,real_data,4,identity,0,aeacee9a04c960ac
real_typeii_20db_d16_bw100_blk0,cascade_lite,2,True,False,0.171875,0.04296875,0.09375,0.0234375,112.0,20,0.2657999866642058,4,30,60,20,32,0,5,5,"16,32,64,128",4,leakage_accounting=exact_internal_transcript,16,100,real_data,4,identity,0,aeacee9a04c960ac
real_typeii_20db_d16_bw100_blk0,cascade_lite,3,True,False,0.21875,0.0625,0.125,0.0390625,116.0,24,0.26169998454861343,4,30,60,24,32,0,6,6,"16,32,64,128",4,leakage_accounting=exact_internal_transcript,16,100,real_data,4,identity,0,aeacee9a04c960ac
real_typeii_20db_d16_bw180_blk0,cascade_lite,0,True,False,0.15625,0.05859375,0.0625,0.03125,243.0,19,0.4800999886356294,2,96,192,19,32,0,7,7,"8,4,16,13",2,leakage_accounting=exact_internal_transcript,16,180,real_data,4,identity,1,3f252f07ce424b12
real_typeii_20db_d16_bw180_blk0,cascade_lite,1,True,False,0.09375,0.046875,0.078125,0.0390625,230.0,6,0.33980002626776695,2,96,192,6,32,0,2,2,"8,4,16,13",2,leakage_accounting=exact_internal_transcript,16,180,real_data,4,identity,1,3f252f07ce424b12
real_typeii_20db_d16_bw180_blk0,cascade_lite,2,True,False,0.03125,0.01171875,0.015625,0.0078125,227.0,3,0.30849999166093767,2,96,192,3,32,0,1,1,"8,4,16,13",2,leakage_accounting=exact_internal_transcript,16,180,real_data,4,identity,1,3f252f07ce424b12
real_typeii_20db_d16_bw180_blk0,cascade_lite,3,True,False,0.1875,0.06640625,0.0625,0.03125,247.0,23,0.45089999912306666,2,96,192,23,32,0,9,9,"8,4,16,13",2,leakage_accounting=exact_internal_transcript,16,180,real_data,4,identity,1,3f252f07ce424b12
real_typeii_20db_d16_bw100_blk0,cascade_lite,0,True,True,0.265625,0.09765625,0.0,0.0,269.0,83,19.71289998618886,3,77,154,83,32,0,25,25,"12,6,24,13",3,leakage_accounting=exact_internal_transcript,16,100,real_data,4,seeded_random,0,e41b94e22127bc2a
real_typeii_20db_d16_bw100_blk0,cascade_lite,1,True,False,0.140625,0.0546875,0.03125,0.0078125,142.0,54,2.1979000011924654,3,28,56,54,32,0,12,12,"12,6,24,13",3,leakage_accounting=exact_internal_transcript,16,100,real_data,4,seeded_random,0,e41b94e22127bc2a
real_typeii_20db_d16_bw100_blk0,cascade_lite,2,True,True,0.171875,0.04296875,0.0,0.0,140.0,50,11.59939999342896,3,29,58,50,32,0,11,11,"12,6,24,13",3,leakage_accounting=exact_internal_transcript,16,100,real_data,4,seeded_random,0,e41b94e22127bc2a
real_typeii_20db_d16_bw100_blk0,cascade_lite,3,True,True,0.21875,0.0625,0.0,0.0,162.0,70,37.13059998699464,3,30,60,70,32,0,16,16,"12,6,24,13",3,leakage_accounting=exact_internal_transcript,16,100,real_data,4,seeded_random,0,e41b94e22127bc2a
real_typeii_20db_d16_bw180_blk0,cascade_lite,0,True,False,0.15625,0.05859375,0.0625,0.03125,275.0,19,0.5001999961677939,3,112,224,19,32,0,7,7,"8,4,16,13",3,leakage_accounting=exact_internal_transcript,16,180,real_data,4,identity,0,3126004ba81eb888
real_typeii_20db_d16_bw180_blk0,cascade_lite,1,True,False,0.09375,0.046875,0.078125,0.0390625,262.0,6,0.3607999824453145,3,112,224,6,32,0,2,2,"8,4,16,13",3,leakage_accounting=exact_internal_transcript,16,180,real_data,4,identity,0,3126004ba81eb888
real_typeii_20db_d16_bw180_blk0,cascade_lite,2,True,False,0.03125,0.01171875,0.015625,0.0078125,259.0,3,0.33859998802654445,3,112,224,3,32,0,1,1,"8,4,16,13",3,leakage_accounting=exact_internal_transcript,16,180,real_data,4,identity,0,3126004ba81eb888
real_typeii_20db_d16_bw180_blk0,cascade_lite,3,True,False,0.1875,0.06640625,0.0625,0.03125,279.0,23,0.45780002255924046,3,112,224,23,32,0,9,9,"8,4,16,13",3,leakage_accounting=exact_internal_transcript,16,180,real_data,4,identity,0,3126004ba81eb888
real_typeii_20db_d16_bw180_blk0,cascade_lite,0,True,False,0.15625,0.05859375,0.0625,0.03125,275.0,19,0.5436000064946711,3,112,224,19,32,0,7,7,"8,4,16,13",3,leakage_accounting=exact_internal_transcript,16,180,real_data,4,identity,1,980002d4a26462ee
real_typeii_20db_d16_bw180_blk0,cascade_lite,1,True,False,0.09375,0.046875,0.078125,0.0390625,262.0,6,0.3724000125657767,3,112,224,6,32,0,2,2,"8,4,16,13",3,leakage_accounting=exact_internal_transcript,16,180,real_data,4,identity,1,980002d4a26462ee
real_typeii_20db_d16_bw180_blk0,cascade_lite,2,True,False,0.03125,0.01171875,0.015625,0.0078125,259.0,3,0.3895999980159104,3,112,224,3,32,0,1,1,"8,4,16,13",3,leakage_accounting=exact_internal_transcript,16,180,real_data,4,identity,1,980002d4a26462ee
real_typeii_20db_d16_bw180_blk0,cascade_lite,3,True,False,0.1875,0.06640625,0.0625,0.03125,279.0,23,0.4873000143561512,3,112,224,23,32,0,9,9,"8,4,16,13",3,leakage_accounting=exact_internal_transcript,16,180,real_data,4,identity,1,980002d4a26462ee
real_typeii_20db_d16_bw100_blk0,cascade_lite,0,True,True,0.265625,0.09765625,0.0,0.0,304.0,76,4.329699993832037,4,98,196,76,32,0,25,25,"12,6,24,13",4,leakage_accounting=exact_internal_transcript,16,100,real_data,4,seeded_random,1,9b5934726b7a6d94
real_typeii_20db_d16_bw100_blk0,cascade_lite,1,True,False,0.140625,0.0546875,0.03125,0.0078125,148.0,56,9.70289998804219,4,30,60,56,32,0,12,12,"12,6,24,13",4,leakage_accounting=exact_internal_transcript,16,100,real_data,4,seeded_random,1,9b5934726b7a6d94
real_typeii_20db_d16_bw100_blk0,cascade_lite,2,True,True,0.171875,0.04296875,0.0,0.0,144.0,52,46.55920001096092,4,30,60,52,32,0,11,11,"12,6,24,13",4,leakage_accounting=exact_internal_transcript,16,100,real_data,4,seeded_random,1,9b5934726b7a6d94
real_typeii_20db_d16_bw100_blk0,cascade_lite,3,True,False,0.21875,0.0625,0.03125,0.0078125,160.0,66,10.894400009419769,4,31,62,66,32,0,14,14,"12,6,24,13",4,leakage_accounting=exact_internal_transcript,16,100,real_data,4,seeded_random,1,9b5934726b7a6d94
real_typeii_20db_d16_bw180_blk0,cascade_lite,0,True,False,0.15625,0.05859375,0.0625,0.03125,243.0,19,0.43769998592324555,2,96,192,19,32,0,7,7,"8,4,16,13",2,leakage_accounting=exact_internal_transcript,16,180,real_data,4,identity,0,a13ee2a8e214a2c1
real_typeii_20db_d16_bw180_blk0,cascade_lite,1,True,False,0.09375,0.046875,0.078125,0.0390625,230.0,6,0.3330000035930425,2,96,192,6,32,0,2,2,"8,4,16,13",2,leakage_accounting=exact_internal_transcript,16,180,real_data,4,identity,0,a13ee2a8e214a2c1
real_typeii_20db_d16_bw180_blk0,cascade_lite,2,True,False,0.03125,0.01171875,0.015625,0.0078125,227.0,3,0.31189998844638467,2,96,192,3,32,0,1,1,"8,4,16,13",2,leakage_accounting=exact_internal_transcript,16,180,real_data,4,identity,0,a13ee2a8e214a2c1
real_typeii_20db_d16_bw180_blk0,cascade_lite,3,True,False,0.1875,0.06640625,0.0625,0.03125,247.0,23,0.44180001714266837,2,96,192,23,32,0,9,9,"8,4,16,13",2,leakage_accounting=exact_internal_transcript,16,180,real_data,4,identity,0,a13ee2a8e214a2c1
real_typeii_20db_d16_bw180_blk0,cascade_lite,0,True,False,0.15625,0.05859375,0.0625,0.03125,315.0,19,0.586600013775751,4,132,264,19,32,0,7,7,"8,4,16,13",4,leakage_accounting=exact_internal_transcript,16,180,real_data,4,identity,0,de9542c356f237d9
real_typeii_20db_d16_bw180_blk0,cascade_lite,1,True,False,0.09375,0.046875,0.078125,0.0390625,302.0,6,0.4440000047907233,4,132,264,6,32,0,2,2,"8,4,16,13",4,leakage_accounting=exact_internal_transcript,16,180,real_data,4,identity,0,de9542c356f237d9
real_typeii_20db_d16_bw180_blk0,cascade_lite,2,True,False,0.03125,0.01171875,0.015625,0.0078125,299.0,3,0.4345000197645277,4,132,264,3,32,0,1,1,"8,4,16,13",4,leakage_accounting=exact_internal_transcript,16,180,real_data,4,identity,0,de9542c356f237d9
real_typeii_20db_d16_bw180_blk0,cascade_lite,3,True,False,0.1875,0.06640625,0.0625,0.03125,319.0,23,0.5447999865282327,4,132,264,23,32,0,9,9,"8,4,16,13",4,leakage_accounting=exact_internal_transcript,16,180,real_data,4,identity,0,de9542c356f237d9
real_typeii_20db_d16_bw180_blk0,cascade_lite,0,True,False,0.15625,0.05859375,0.0625,0.03125,315.0,19,0.6052000098861754,4,132,264,19,32,0,7,7,"8,4,16,13",4,leakage_accounting=exact_internal_transcript,16,180,real_data,4,identity,1,9d564316fde14cb8
real_typeii_20db_d16_bw180_blk0,cascade_lite,1,True,False,0.09375,0.046875,0.078125,0.0390625,302.0,6,0.6041000015102327,4,132,264,6,32,0,2,2,"8,4,16,13",4,leakage_accounting=exact_internal_transcript,16,180,real_data,4,identity,1,9d564316fde14cb8
real_typeii_20db_d16_bw180_blk0,cascade_lite,2,True,False,0.03125,0.01171875,0.015625,0.0078125,299.0,3,0.7405000214930624,4,132,264,3,32,0,1,1,"8,4,16,13",4,leakage_accounting=exact_internal_transcript,16,180,real_data,4,identity,1,9d564316fde14cb8
real_typeii_20db_d16_bw180_blk0,cascade_lite,3,True,False,0.1875,0.06640625,0.0625,0.03125,319.0,23,0.5616999987978488,4,132,264,23,32,0,9,9,"8,4,16,13",4,leakage_accounting=exact_internal_transcript,16,180,real_data,4,identity,1,9d564316fde14cb8
real_typeii_20db_d16_bw180_blk0,cascade_lite,0,True,False,0.15625,0.05859375,0.09375,0.0390625,177.0,15,0.382099999114871,2,65,130,15,32,0,5,5,"12,6,24,13",2,leakage_accounting=exact_internal_transcript,16,180,real_data,4,identity,0,979209ff46816fd4
real_typeii_20db_d16_bw180_blk0,cascade_lite,1,True,False,0.09375,0.046875,0.078125,0.0390625,169.0,7,0.25889999233186245,2,65,130,7,32,0,2,2,"12,6,24,13",2,leakage_accounting=exact_internal_transcript,16,180,real_data,4,identity,0,979209ff46816fd4
real_typeii_20db_d16_bw180_blk0,cascade_lite,2,True,False,0.03125,0.01171875,0.015625,0.0078125,166.0,4,0.2373000024817884,2,65,130,4,32,0,1,1,"12,6,24,13",2,leakage_accounting=exact_internal_transcript,16,180,real_data,4,identity,0,979209ff46816fd4
real_typeii_20db_d16_bw180_blk0,cascade_lite,3,True,False,0.1875,0.06640625,0.09375,0.0390625,186.0,24,0.33859998802654445,2,65,130,24,32,0,7,7,"12,6,24,13",2,leakage_accounting=exact_internal_transcript,16,180,real_data,4,identity,0,979209ff46816fd4
real_typeii_20db_d16_bw180_blk0,cascade_lite,0,True,False,0.15625,0.05859375,0.09375,0.0390625,177.0,15,0.443900004029274,2,65,130,15,32,0,5,5,"12,6,24,13",2,leakage_accounting=exact_internal_transcript,16,180,real_data,4,identity,1,2cca18232a17d99f
real_typeii_20db_d16_bw180_blk0,cascade_lite,1,True,False,0.09375,0.046875,0.078125,0.0390625,169.0,7,0.2587999915704131,2,65,130,7,32,0,2,2,"12,6,24,13",2,leakage_accounting=exact_internal_transcript,16,180,real_data,4,identity,1,2cca18232a17d99f
real_typeii_20db_d16_bw180_blk0,cascade_lite,2,True,False,0.03125,0.01171875,0.015625,0.0078125,166.0,4,0.23980002151802182,2,65,130,4,32,0,1,1,"12,6,24,13",2,leakage_accounting=exact_internal_transcript,16,180,real_data,4,identity,1,2cca18232a17d99f
real_typeii_20db_d16_bw180_blk0,cascade_lite,3,True,False,0.1875,0.06640625,0.09375,0.0390625,186.0,24,0.3299000090919435,2,65,130,24,32,0,7,7,"12,6,24,13",2,leakage_accounting=exact_internal_transcript,16,180,real_data,4,identity,1,2cca18232a17d99f
real_typeii_20db_d16_bw180_blk0,cascade_lite,0,True,False,0.15625,0.05859375,0.09375,0.0390625,199.0,15,0.40690001333132386,3,76,152,15,32,0,5,5,"12,6,24,13",3,leakage_accounting=exact_internal_transcript,16,180,real_data,4,identity,0,d6871fb94730b51d
real_typeii_20db_d16_bw180_blk0,cascade_lite,1,True,False,0.09375,0.046875,0.078125,0.0390625,191.0,7,0.298700004350394,3,76,152,7,32,0,2,2,"12,6,24,13",3,leakage_accounting=exact_internal_transcript,16,180,real_data,4,identity,0,d6871fb94730b51d
real_typeii_20db_d16_bw180_blk0,cascade_lite,2,True,False,0.03125,0.01171875,0.015625,0.0078125,188.0,4,0.28029998065903783,3,76,152,4,32,0,1,1,"12,6,24,13",3,leakage_accounting=exact_internal_transcript,16,180,real_data,4,identity,0,d6871fb94730b51d
real_typeii_20db_d16_bw180_blk0,cascade_lite,3,True,False,0.1875,0.06640625,0.09375,0.0390625,208.0,24,0.468299986096099,3,76,152,24,32,0,7,7,"12,6,24,13",3,leakage_accounting=exact_internal_transcript,16,180,real_data,4,identity,0,d6871fb94730b51d
real_typeii_20db_d16_bw180_blk0,cascade_lite,0,True,False,0.15625,0.05859375,0.015625,0.0078125,253.0,29,0.6150999979581684,2,96,192,29,32,0,13,13,"8,4,16,13",2,leakage_accounting=exact_internal_transcript,16,180,real_data,4,seeded_random,1,7354d2046d247234
real_typeii_20db_d16_bw180_blk0,cascade_lite,1,True,True,0.09375,0.046875,0.0,0.0,258.0,34,2.871599979698658,2,96,192,34,32,0,12,12,"8,4,16,13",2,leakage_accounting=exact_internal_transcript,16,180,real_data,4,seeded_random,1,7354d2046d247234
real_typeii_20db_d16_bw180_blk0,cascade_lite,2,True,True,0.03125,0.01171875,0.0,0.0,233.0,9,27.500700001837686,2,96,192,9,32,0,3,3,"8,4,16,13",2,leakage_accounting=exact_internal_transcript,16,180,real_data,4,seeded_random,1,7354d2046d247234
real_typeii_20db_d16_bw180_blk0,cascade_lite,3,True,False,0.1875,0.06640625,0.046875,0.015625,201.0,39,17.585900000995025,2,65,130,39,32,0,13,13,"8,4,16,13",2,leakage_accounting=exact_internal_transcript,16,180,real_data,4,seeded_random,1,7354d2046d247234
real_typeii_20db_d16_bw100_blk0,cascade_lite,0,True,False,0.265625,0.09765625,0.09375,0.03125,180.0,82,15.905400010524318,4,33,66,82,32,0,17,17,"16,32,64,128",4,leakage_accounting=exact_internal_transcript,16,100,real_data,4,seeded_random,1,29020ebdb18ce89f
real_typeii_20db_d16_bw100_blk0,cascade_lite,1,True,False,0.140625,0.0546875,0.03125,0.0078125,148.0,56,29.318800021428615,4,30,60,56,32,0,12,12,"16,32,64,128",4,leakage_accounting=exact_internal_transcript,16,100,real_data,4,seeded_random,1,29020ebdb18ce89f
real_typeii_20db_d16_bw100_blk0,cascade_lite,2,True,True,0.171875,0.04296875,0.0,0.0,144.0,52,11.009599984390661,4,30,60,52,32,0,11,11,"16,32,64,128",4,leakage_accounting=exact_internal_transcript,16,100,real_data,4,seeded_random,1,29020ebdb18ce89f
real_typeii_20db_d16_bw100_blk0,cascade_lite,3,True,False,0.21875,0.0625,0.03125,0.0078125,160.0,66,11.085200007073581,4,31,62,66,32,0,14,14,"16,32,64,128",4,leakage_accounting=exact_internal_transcript,16,100,real_data,4,seeded_random,1,29020ebdb18ce89f
real_typeii_20db_d16_bw180_blk0,cascade_lite,0,True,False,0.15625,0.05859375,0.09375,0.0390625,199.0,15,0.42719999328255653,3,76,152,15,32,0,5,5,"12,6,24,13",3,leakage_accounting=exact_internal_transcript,16,180,real_data,4,identity,1,7db1c271a29cbcbd
real_typeii_20db_d16_bw180_blk0,cascade_lite,1,True,False,0.09375,0.046875,0.078125,0.0390625,191.0,7,0.3133999998681247,3,76,152,7,32,0,2,2,"12,6,24,13",3,leakage_accounting=exact_internal_transcript,16,180,real_data,4,identity,1,7db1c271a29cbcbd
real_typeii_20db_d16_bw180_blk0,cascade_lite,2,True,False,0.03125,0.01171875,0.015625,0.0078125,188.0,4,0.36830001045018435,3,76,152,4,32,0,1,1,"12,6,24,13",3,leakage_accounting=exact_internal_transcript,16,180,real_data,4,identity,1,7db1c271a29cbcbd
real_typeii_20db_d16_bw180_blk0,cascade_lite,3,True,False,0.1875,0.06640625,0.09375,0.0390625,208.0,24,4.670499998610467,3,76,152,24,32,0,7,7,"12,6,24,13",3,leakage_accounting=exact_internal_transcript,16,180,real_data,4,identity,1,7db1c271a29cbcbd
real_typeii_20db_d16_bw180_blk0,cascade_lite,0,True,False,0.15625,0.05859375,0.0625,0.03125,247.0,23,0.45510000200010836,4,96,192,23,32,0,7,7,"12,6,24,13",4,leakage_accounting=exact_internal_transcript,16,180,real_data,4,identity,0,2faaaa245957cec2
real_typeii_20db_d16_bw180_blk0,cascade_lite,1,True,False,0.09375,0.046875,0.078125,0.0390625,231.0,7,0.34410000080242753,4,96,192,7,32,0,2,2,"12,6,24,13",4,leakage_accounting=exact_internal_transcript,16,180,real_data,4,identity,0,2faaaa245957cec2
real_typeii_20db_d16_bw180_blk0,cascade_lite,2,True,False,0.03125,0.01171875,0.015625,0.0078125,228.0,4,0.3139000036753714,4,96,192,4,32,0,1,1,"12,6,24,13",4,leakage_accounting=exact_internal_transcript,16,180,real_data,4,identity,0,2faaaa245957cec2
real_typeii_20db_d16_bw180_blk0,cascade_lite,3,True,False,0.1875,0.06640625,0.0625,0.03125,255.0,31,0.45190000673756003,4,96,192,31,32,0,9,9,"12,6,24,13",4,leakage_accounting=exact_internal_transcript,16,180,real_data,4,identity,0,2faaaa245957cec2
real_typeii_20db_d16_bw180_blk0,cascade_lite,0,True,False,0.15625,0.05859375,0.0625,0.03125,247.0,23,0.5551000067498535,4,96,192,23,32,0,7,7,"12,6,24,13",4,leakage_accounting=exact_internal_transcript,16,180,real_data,4,identity,1,e94e37ca4f54ec26
real_typeii_20db_d16_bw180_blk0,cascade_lite,1,True,False,0.09375,0.046875,0.078125,0.0390625,231.0,7,0.37850000080652535,4,96,192,7,32,0,2,2,"12,6,24,13",4,leakage_accounting=exact_internal_transcript,16,180,real_data,4,identity,1,e94e37ca4f54ec26
real_typeii_20db_d16_bw180_blk0,cascade_lite,2,True,False,0.03125,0.01171875,0.015625,0.0078125,228.0,4,0.33340000663883984,4,96,192,4,32,0,1,1,"12,6,24,13",4,leakage_accounting=exact_internal_transcript,16,180,real_data,4,identity,1,e94e37ca4f54ec26
real_typeii_20db_d16_bw180_blk0,cascade_lite,3,True,False,0.1875,0.06640625,0.0625,0.03125,255.0,31,0.4849000251851976,4,96,192,31,32,0,9,9,"12,6,24,13",4,leakage_accounting=exact_internal_transcript,16,180,real_data,4,identity,1,e94e37ca4f54ec26
real_typeii_20db_d16_bw180_blk0,cascade_lite,0,True,True,0.15625,0.05859375,0.0,0.0,267.0,43,20.183499989798293,2,96,192,43,32,0,15,15,"8,4,16,13",2,leakage_accounting=exact_internal_transcript,16,180,real_data,4,seeded_random,0,eb6b9d5df31d86f8
real_typeii_20db_d16_bw180_blk0,cascade_lite,1,True,True,0.09375,0.046875,0.0,0.0,256.0,32,6.838900008006021,2,96,192,32,32,0,12,12,"8,4,16,13",2,leakage_accounting=exact_internal_transcript,16,180,real_data,4,seeded_random,0,eb6b9d5df31d86f8
real_typeii_20db_d16_bw180_blk0,cascade_lite,2,True,True,0.03125,0.01171875,0.0,0.0,233.0,9,16.19860000209883,2,96,192,9,32,0,3,3,"8,4,16,13",2,leakage_accounting=exact_internal_transcript,16,180,real_data,4,seeded_random,0,eb6b9d5df31d86f8
real_typeii_20db_d16_bw180_blk0,cascade_lite,3,True,True,0.1875,0.06640625,0.0,0.0,219.0,55,23.459000018192455,2,66,132,55,32,0,17,17,"8,4,16,13",2,leakage_accounting=exact_internal_transcript,16,180,real_data,4,seeded_random,0,eb6b9d5df31d86f8
real_typeii_20db_d16_bw100_blk0,cascade_lite,0,True,False,0.265625,0.09765625,0.125,0.0390625,162.0,68,16.05460001155734,3,31,62,68,32,0,15,15,"16,32,64,128",3,leakage_accounting=exact_internal_transcript,16,100,real_data,4,seeded_random,1,29af1beb670bdf02
real_typeii_20db_d16_bw100_blk0,cascade_lite,1,True,False,0.140625,0.0546875,0.03125,0.0078125,144.0,56,6.444700004067272,3,28,56,56,32,0,12,12,"16,32,64,128",3,leakage_accounting=exact_internal_transcript,16,100,real_data,4,seeded_random,1,29af1beb670bdf02
real_typeii_20db_d16_bw100_blk0,cascade_lite,2,True,False,0.171875,0.04296875,0.03125,0.0078125,126.0,38,4.545300005702302,3,28,56,38,32,0,9,9,"16,32,64,128",3,leakage_accounting=exact_internal_transcript,16,100,real_data,4,seeded_random,1,29af1beb670bdf02
real_typeii_20db_d16_bw100_blk0,cascade_lite,3,True,False,0.21875,0.0625,0.0625,0.015625,142.0,54,27.260800008662045,3,28,56,54,32,0,12,12,"16,32,64,128",3,leakage_accounting=exact_internal_transcript,16,100,real_data,4,seeded_random,1,29af1beb670bdf02
real_typeii_20db_d16_bw180_blk0,cascade_lite,0,True,False,0.15625,0.05859375,0.109375,0.046875,92.0,12,0.22829999215900898,2,24,48,12,32,0,3,3,"16,32,64,128",2,leakage_accounting=exact_internal_transcript,16,180,real_data,4,identity,1,b97861b5bfb007df
real_typeii_20db_d16_bw180_blk0,cascade_lite,1,True,False,0.09375,0.046875,0.078125,0.0390625,88.0,8,0.16999998479150236,2,24,48,8,32,0,2,2,"16,32,64,128",2,leakage_accounting=exact_internal_transcript,16,180,real_data,4,identity,1,b97861b5bfb007df
real_typeii_20db_d16_bw180_blk0,cascade_lite,2,True,False,0.03125,0.01171875,0.015625,0.0078125,84.0,4,0.14439999358728528,2,24,48,4,32,0,1,1,"16,32,64,128",2,leakage_accounting=exact_internal_transcript,16,180,real_data,4,identity,1,b97861b5bfb007df
real_typeii_20db_d16_bw180_blk0,cascade_lite,3,True,False,0.1875,0.06640625,0.125,0.046875,100.0,20,0.2060999977402389,2,24,48,20,32,0,5,5,"16,32,64,128",2,leakage_accounting=exact_internal_transcript,16,180,real_data,4,identity,1,b97861b5bfb007df
real_typeii_20db_d16_bw180_blk0,cascade_lite,0,True,False,0.15625,0.05859375,0.109375,0.046875,100.0,12,0.3858999989461154,3,28,56,12,32,0,3,3,"16,32,64,128",3,leakage_accounting=exact_internal_transcript,16,180,real_data,4,identity,0,4e9da68e0f171e1f
real_typeii_20db_d16_bw180_blk0,cascade_lite,1,True,False,0.09375,0.046875,0.078125,0.0390625,96.0,8,0.18679999629966915,3,28,56,8,32,0,2,2,"16,32,64,128",3,leakage_accounting=exact_internal_transcript,16,180,real_data,4,identity,0,4e9da68e0f171e1f
real_typeii_20db_d16_bw180_blk0,cascade_lite,2,True,False,0.03125,0.01171875,0.015625,0.0078125,92.0,4,0.1568000006955117,3,28,56,4,32,0,1,1,"16,32,64,128",3,leakage_accounting=exact_internal_transcript,16,180,real_data,4,identity,0,4e9da68e0f171e1f
real_typeii_20db_d16_bw180_blk0,cascade_lite,3,True,False,0.1875,0.06640625,0.125,0.046875,108.0,20,0.24700001813471317,3,28,56,20,32,0,5,5,"16,32,64,128",3,leakage_accounting=exact_internal_transcript,16,180,real_data,4,identity,0,4e9da68e0f171e1f
real_typeii_20db_d16_bw180_blk0,cascade_lite,0,True,False,0.15625,0.05859375,0.109375,0.046875,100.0,12,0.24809999740682542,3,28,56,12,32,0,3,3,"16,32,64,128",3,leakage_accounting=exact_internal_transcript,16,180,real_data,4,identity,1,12e60a79b80aac28
real_typeii_20db_d16_bw180_blk0,cascade_lite,1,True,False,0.09375,0.046875,0.078125,0.0390625,96.0,8,0.1776000135578215,3,28,56,8,32,0,2,2,"16,32,64,128",3,leakage_accounting=exact_internal_transcript,16,180,real_data,4,identity,1,12e60a79b80aac28
real_typeii_20db_d16_bw180_blk0,cascade_lite,2,True,False,0.03125,0.01171875,0.015625,0.0078125,92.0,4,0.1531000016257167,3,28,56,4,32,0,1,1,"16,32,64,128",3,leakage_accounting=exact_internal_transcript,16,180,real_data,4,identity,1,12e60a79b80aac28
real_typeii_20db_d16_bw180_blk0,cascade_lite,3,True,False,0.1875,0.06640625,0.125,0.046875,108.0,20,0.21719999494962394,3,28,56,20,32,0,5,5,"16,32,64,128",3,leakage_accounting=exact_internal_transcript,16,180,real_data,4,identity,1,12e60a79b80aac28
real_typeii_20db_d16_bw180_blk0,cascade_lite,0,True,False,0.15625,0.05859375,0.109375,0.046875,92.0,12,0.2083999861497432,2,24,48,12,32,0,3,3,"16,32,64,128",2,leakage_accounting=exact_internal_transcript,16,180,real_data,4,identity,0,7f633f44f9b66e3b
real_typeii_20db_d16_bw180_blk0,cascade_lite,1,True,False,0.09375,0.046875,0.078125,0.0390625,88.0,8,5.628300015814602,2,24,48,8,32,0,2,2,"16,32,64,128",2,leakage_accounting=exact_internal_transcript,16,180,real_data,4,identity,0,7f633f44f9b66e3b
real_typeii_20db_d16_bw180_blk0,cascade_lite,2,True,False,0.03125,0.01171875,0.015625,0.0078125,84.0,4,0.145500001963228,2,24,48,4,32,0,1,1,"16,32,64,128",2,leakage_accounting=exact_internal_transcript,16,180,real_data,4,identity,0,7f633f44f9b66e3b
real_typeii_20db_d16_bw180_blk0,cascade_lite,3,True,False,0.1875,0.06640625,0.125,0.046875,100.0,20,0.21100000594742596,2,24,48,20,32,0,5,5,"16,32,64,128",2,leakage_accounting=exact_internal_transcript,16,180,real_data,4,identity,0,7f633f44f9b66e3b
real_typeii_20db_d16_bw180_blk0,cascade_lite,0,True,True,0.15625,0.05859375,0.0,0.0,299.0,43,1.5878000122029334,3,112,224,43,32,0,15,15,"8,4,16,13",3,leakage_accounting=exact_internal_transcript,16,180,real_data,4,seeded_random,0,1cdb1b55b06d0718
real_typeii_20db_d16_bw180_blk0,cascade_lite,1,True,True,0.09375,0.046875,0.0,0.0,288.0,32,13.013699994189665,3,112,224,32,32,0,12,12,"8,4,16,13",3,leakage_accounting=exact_internal_transcript,16,180,real_data,4,seeded_random,0,1cdb1b55b06d0718
real_typeii_20db_d16_bw180_blk0,cascade_lite,2,True,True,0.03125,0.01171875,0.0,0.0,196.0,12,16.240800003288314,3,76,152,12,32,0,3,3,"8,4,16,13",3,leakage_accounting=exact_internal_transcript,16,180,real_data,4,seeded_random,0,1cdb1b55b06d0718
real_typeii_20db_d16_bw180_blk0,cascade_lite,3,True,True,0.1875,0.06640625,0.0,0.0,241.0,55,39.08970000338741,3,77,154,55,32,0,17,17,"8,4,16,13",3,leakage_accounting=exact_internal_transcript,16,180,real_data,4,seeded_random,0,1cdb1b55b06d0718
real_typeii_20db_d16_bw180_blk0,cascade_lite,0,True,False,0.15625,0.05859375,0.015625,0.0078125,204.0,40,12.32539999182336,2,66,132,40,32,0,13,13,"12,6,24,13",2,leakage_accounting=exact_internal_transcript,16,180,real_data,4,seeded_random,1,624abde0af86ab7f
real_typeii_20db_d16_bw180_blk0,cascade_lite,1,True,False,0.09375,0.046875,0.015625,0.0078125,196.0,34,3.2801000052131712,2,65,130,34,32,0,10,10,"12,6,24,13",2,leakage_accounting=exact_internal_transcript,16,180,real_data,4,seeded_random,1,624abde0af86ab7f
real_typeii_20db_d16_bw180_blk0,cascade_lite,2,True,True,0.03125,0.01171875,0.0,0.0,173.0,11,28.589599998667836,2,65,130,11,32,0,3,3,"12,6,24,13",2,leakage_accounting=exact_internal_transcript,16,180,real_data,4,seeded_random,1,624abde0af86ab7f
real_typeii_20db_d16_bw180_blk0,cascade_lite,3,True,False,0.1875,0.06640625,0.109375,0.03125,120.0,40,0.3566000086721033,2,24,48,40,32,0,9,9,"12,6,24,13",2,leakage_accounting=exact_internal_transcript,16,180,real_data,4,seeded_random,1,624abde0af86ab7f
real_typeii_20db_d16_bw180_blk0,cascade_lite,0,True,True,0.15625,0.05859375,0.0,0.0,333.0,37,6.034199992427602,4,132,264,37,32,0,15,15,"8,4,16,13",4,leakage_accounting=exact_internal_transcript,16,180,real_data,4,seeded_random,1,06922f5b1549a72b
real_typeii_20db_d16_bw180_blk0,cascade_lite,1,True,True,0.09375,0.046875,0.0,0.0,267.0,43,7.381000003078952,4,96,192,43,32,0,12,12,"8,4,16,13",4,leakage_accounting=exact_internal_transcript,16,180,real_data,4,seeded_random,1,06922f5b1549a72b
real_typeii_20db_d16_bw180_blk0,cascade_lite,2,True,True,0.03125,0.01171875,0.0,0.0,235.0,11,44.98410000815056,4,96,192,11,32,0,3,3,"8,4,16,13",4,leakage_accounting=exact_internal_transcript,16,180,real_data,4,seeded_random,1,06922f5b1549a72b
real_typeii_20db_d16_bw180_blk0,cascade_lite,3,True,False,0.1875,0.06640625,0.09375,0.0234375,144.0,52,17.23130000755191,4,30,60,52,32,0,11,11,"8,4,16,13",4,leakage_accounting=exact_internal_transcript,16,180,real_data,4,seeded_random,1,06922f5b1549a72b
real_typeii_20db_d16_bw180_blk0,cascade_lite,0,True,False,0.15625,0.05859375,0.109375,0.046875,104.0,12,0.41489998693577945,4,30,60,12,32,0,3,3,"16,32,64,128",4,leakage_accounting=exact_internal_transcript,16,180,real_data,4,identity,1,b274fad8603600d1
real_typeii_20db_d16_bw180_blk0,cascade_lite,1,True,False,0.09375,0.046875,0.078125,0.0390625,100.0,8,0.20479998784139752,4,30,60,8,32,0,2,2,"16,32,64,128",4,leakage_accounting=exact_internal_transcript,16,180,real_data,4,identity,1,b274fad8603600d1
real_typeii_20db_d16_bw180_blk0,cascade_lite,2,True,False,0.03125,0.01171875,0.015625,0.0078125,96.0,4,0.16820000018924475,4,30,60,4,32,0,1,1,"16,32,64,128",4,leakage_accounting=exact_internal_transcript,16,180,real_data,4,identity,1,b274fad8603600d1
real_typeii_20db_d16_bw180_blk0,cascade_lite,3,True,False,0.1875,0.06640625,0.125,0.046875,112.0,20,0.2327999973203987,4,30,60,20,32,0,5,5,"16,32,64,128",4,leakage_accounting=exact_internal_transcript,16,180,real_data,4,identity,1,b274fad8603600d1
real_typeii_20db_d16_bw180_blk0,cascade_lite,0,True,True,0.15625,0.05859375,0.0,0.0,239.0,53,21.006499999202788,3,77,154,53,32,0,15,15,"12,6,24,13",3,leakage_accounting=exact_internal_transcript,16,180,real_data,4,seeded_random,0,e41b94e22127bc2a
real_typeii_20db_d16_bw180_blk0,cascade_lite,1,True,True,0.09375,0.046875,0.0,0.0,140.0,52,6.167000014102086,3,28,56,52,32,0,12,12,"12,6,24,13",3,leakage_accounting=exact_internal_transcript,16,180,real_data,4,seeded_random,0,e41b94e22127bc2a
real_typeii_20db_d16_bw180_blk0,cascade_lite,2,True,True,0.03125,0.01171875,0.0,0.0,100.0,12,7.172099984018132,3,28,56,12,32,0,3,3,"12,6,24,13",3,leakage_accounting=exact_internal_transcript,16,180,real_data,4,seeded_random,0,e41b94e22127bc2a
real_typeii_20db_d16_bw180_blk0,cascade_lite,3,True,True,0.1875,0.06640625,0.0,0.0,171.0,81,10.912400000961497,3,29,58,81,32,0,17,17,"12,6,24,13",3,leakage_accounting=exact_internal_transcript,16,180,real_data,4,seeded_random,0,e41b94e22127bc2a
real_typeii_20db_d16_bw180_blk0,cascade_lite,0,True,False,0.15625,0.05859375,0.109375,0.046875,104.0,12,0.24449999909847975,4,30,60,12,32,0,3,3,"16,32,64,128",4,leakage_accounting=exact_internal_transcript,16,180,real_data,4,identity,0,aeacee9a04c960ac
real_typeii_20db_d16_bw180_blk0,cascade_lite,1,True,False,0.09375,0.046875,0.078125,0.0390625,100.0,8,26.32540001650341,4,30,60,8,32,0,2,2,"16,32,64,128",4,leakage_accounting=exact_internal_transcript,16,180,real_data,4,identity,0,aeacee9a04c960ac
real_typeii_20db_d16_bw180_blk0,cascade_lite,2,True,False,0.03125,0.01171875,0.015625,0.0078125,96.0,4,0.17129999469034374,4,30,60,4,32,0,1,1,"16,32,64,128",4,leakage_accounting=exact_internal_transcript,16,180,real_data,4,identity,0,aeacee9a04c960ac
real_typeii_20db_d16_bw180_blk0,cascade_lite,3,True,False,0.1875,0.06640625,0.125,0.046875,112.0,20,0.2652000111993402,4,30,60,20,32,0,5,5,"16,32,64,128",4,leakage_accounting=exact_internal_transcript,16,180,real_data,4,identity,0,aeacee9a04c960ac
real_typeii_20db_d16_bw60_blk0,cascade_lite,0,True,False,0.296875,0.09375,0.0625,0.03125,268.0,44,0.6690000009257346,2,96,192,44,32,0,16,16,"8,4,16,13",2,leakage_accounting=exact_internal_transcript,16,60,real_data,4,identity,1,3f252f07ce424b12
real_typeii_20db_d16_bw60_blk0,cascade_lite,1,True,False,0.171875,0.046875,0.015625,0.0078125,254.0,30,0.5788999842479825,2,96,192,30,32,0,10,10,"8,4,16,13",2,leakage_accounting=exact_internal_transcript,16,60,real_data,4,identity,1,3f252f07ce424b12
real_typeii_20db_d16_bw60_blk0,cascade_lite,2,True,True,0.21875,0.0546875,0.0,0.0,258.0,34,0.5582000012509525,2,96,192,34,32,0,14,14,"8,4,16,13",2,leakage_accounting=exact_internal_transcript,16,60,real_data,4,identity,1,3f252f07ce424b12
real_typeii_20db_d16_bw60_blk0,cascade_lite,3,True,False,0.265625,0.0703125,0.015625,0.0078125,266.0,42,0.6084000051487237,2,96,192,42,32,0,16,16,"8,4,16,13",2,leakage_accounting=exact_internal_transcript,16,60,real_data,4,identity,1,3f252f07ce424b12
real_typeii_20db_d16_bw180_blk0,cascade_lite,0,True,True,0.15625,0.05859375,0.0,0.0,217.0,53,0.8886999858077615,2,66,132,53,32,0,15,15,"12,6,24,13",2,leakage_accounting=exact_internal_transcript,16,180,real_data,4,seeded_random,0,a8b77a06b4a8c66b
real_typeii_20db_d16_bw180_blk0,cascade_lite,1,True,True,0.09375,0.046875,0.0,0.0,204.0,40,9.714199986774474,2,66,132,40,32,0,12,12,"12,6,24,13",2,leakage_accounting=exact_internal_transcript,16,180,real_data,4,seeded_random,0,a8b77a06b4a8c66b
real_typeii_20db_d16_bw180_blk0,cascade_lite,2,True,True,0.03125,0.01171875,0.0,0.0,174.0,12,5.005700018955395,2,65,130,12,32,0,3,3,"12,6,24,13",2,leakage_accounting=exact_internal_transcript,16,180,real_data,4,seeded_random,0,a8b77a06b4a8c66b
real_typeii_20db_d16_bw180_blk0,cascade_lite,3,True,True,0.1875,0.06640625,0.0,0.0,219.0,55,40.10270000435412,2,66,132,55,32,0,17,17,"12,6,24,13",2,leakage_accounting=exact_internal_transcript,16,180,real_data,4,seeded_random,0,a8b77a06b4a8c66b
real_typeii_20db_d16_bw180_blk0,cascade_lite,0,True,False,0.15625,0.05859375,0.015625,0.00390625,144.0,62,10.07779999054037,2,25,50,62,32,0,14,14,"16,32,64,128",2,leakage_accounting=exact_internal_transcript,16,180,real_data,4,seeded_random,0,dd7816676bf6e07b
real_typeii_20db_d16_bw180_blk0,cascade_lite,1,True,True,0.09375,0.046875,0.0,0.0,132.0,52,10.548099991865456,2,24,48,52,32,0,12,12,"16,32,64,128",2,leakage_accounting=exact_internal_transcript,16,180,real_data,4,seeded_random,0,dd7816676bf6e07b
real_typeii_20db_d16_bw180_blk0,cascade_lite,2,True,True,0.03125,0.01171875,0.0,0.0,92.0,12,1.2058000138495117,2,24,48,12,32,0,3,3,"16,32,64,128",2,leakage_accounting=exact_internal_transcript,16,180,real_data,4,seeded_random,0,dd7816676bf6e07b
real_typeii_20db_d16_bw180_blk0,cascade_lite,3,True,False,0.1875,0.06640625,0.0625,0.015625,139.0,57,8.043400011956692,2,25,50,57,32,0,13,13,"16,32,64,128",2,leakage_accounting=exact_internal_transcript,16,180,real_data,4,seeded_random,0,dd7816676bf6e07b
real_typeii_20db_d16_bw180_blk0,cascade_lite,0,True,True,0.15625,0.05859375,0.0,0.0,236.0,50,24.637199996504933,3,77,154,50,32,0,15,15,"12,6,24,13",3,leakage_accounting=exact_internal_transcript,16,180,real_data,4,seeded_random,1,8423d62fa77f89d5
real_typeii_20db_d16_bw180_blk0,cascade_lite,1,True,False,0.09375,0.046875,0.03125,0.0078125,135.0,45,10.462099977303296,3,29,58,45,32,0,10,10,"12,6,24,13",3,leakage_accounting=exact_internal_transcript,16,180,real_data,4,seeded_random,1,8423d62fa77f89d5
real_typeii_20db_d16_bw180_blk0,cascade_lite,2,True,True,0.03125,0.01171875,0.0,0.0,100.0,12,2.042600011918694,3,28,56,12,32,0,3,3,"12,6,24,13",3,leakage_accounting=exact_internal_transcript,16,180,real_data,4,seeded_random,1,8423d62fa77f89d5
real_typeii_20db_d16_bw180_blk0,cascade_lite,3,True,False,0.1875,0.06640625,0.09375,0.0234375,140.0,52,34.32830001111142,3,28,56,52,32,0,11,11,"12,6,24,13",3,leakage_accounting=exact_internal_transcript,16,180,real_data,4,seeded_random,1,8423d62fa77f89d5
real_typeii_20db_d16_bw60_blk0,cascade_lite,0,True,False,0.296875,0.09375,0.0625,0.03125,268.0,44,0.6584999791812152,2,96,192,44,32,0,16,16,"8,4,16,13",2,leakage_accounting=exact_internal_transcript,16,60,real_data,4,identity,0,a13ee2a8e214a2c1
real_typeii_20db_d16_bw60_blk0,cascade_lite,1,True,False,0.171875,0.046875,0.015625,0.0078125,254.0,30,25.67920001456514,2,96,192,30,32,0,10,10,"8,4,16,13",2,leakage_accounting=exact_internal_transcript,16,60,real_data,4,identity,0,a13ee2a8e214a2c1
real_typeii_20db_d16_bw60_blk0,cascade_lite,2,True,True,0.21875,0.0546875,0.0,0.0,258.0,34,0.548299984075129,2,96,192,34,32,0,14,14,"8,4,16,13",2,leakage_accounting=exact_internal_transcript,16,60,real_data,4,identity,0,a13ee2a8e214a2c1
real_typeii_20db_d16_bw60_blk0,cascade_lite,3,True,False,0.265625,0.0703125,0.015625,0.0078125,266.0,42,0.5994999955873936,2,96,192,42,32,0,16,16,"8,4,16,13",2,leakage_accounting=exact_internal_transcript,16,60,real_data,4,identity,0,a13ee2a8e214a2c1
real_typeii_20db_d16_bw60_blk0,cascade_lite,0,True,True,0.296875,0.09375,0.0,0.0,297.0,67,1.0485999810043722,2,99,198,67,32,0,24,24,"8,4,16,13",2,leakage_accounting=exact_internal_transcript,16,60,real_data,4,seeded_random,1,7354d2046d247234
real_typeii_20db_d16_bw60_blk0,cascade_lite,1,True,True,0.171875,0.046875,0.0,0.0,258.0,34,4.173099994659424,2,96,192,34,32,0,12,12,"8,4,16,13",2,leakage_accounting=exact_internal_transcript,16,60,real_data,4,seeded_random,1,7354d2046d247234
real_typeii_20db_d16_bw60_blk0,cascade_lite,2,True,False,0.21875,0.0546875,0.03125,0.0078125,256.0,32,17.288300005020574,2,96,192,32,32,0,12,12,"8,4,16,13",2,leakage_accounting=exact_internal_transcript,16,60,real_data,4,seeded_random,1,7354d2046d247234
real_typeii_20db_d16_bw60_blk0,cascade_lite,3,True,True,0.265625,0.0703125,0.0,0.0,273.0,47,0.7048999832477421,2,97,194,47,32,0,18,18,"8,4,16,13",2,leakage_accounting=exact_internal_transcript,16,60,real_data,4,seeded_random,1,7354d2046d247234
real_typeii_20db_d16_bw60_blk0,cascade_lite,0,True,False,0.296875,0.09375,0.0625,0.03125,340.0,44,0.7970000151544809,4,132,264,44,32,0,16,16,"8,4,16,13",4,leakage_accounting=exact_internal_transcript,16,60,real_data,4,identity,0,de9542c356f237d9
real_typeii_20db_d16_bw60_blk0,cascade_lite,1,True,False,0.171875,0.046875,0.015625,0.0078125,326.0,30,0.5651999963447452,4,132,264,30,32,0,10,10,"8,4,16,13",4,leakage_accounting=exact_internal_transcript,16,60,real_data,4,identity,0,de9542c356f237d9
real_typeii_20db_d16_bw60_blk0,cascade_lite,2,True,True,0.21875,0.0546875,0.0,0.0,330.0,34,0.6364000146277249,4,132,264,34,32,0,14,14,"8,4,16,13",4,leakage_accounting=exact_internal_transcript,16,60,real_data,4,identity,0,de9542c356f237d9
real_typeii_20db_d16_bw60_blk0,cascade_lite,3,True,False,0.265625,0.0703125,0.015625,0.0078125,338.0,42,0.7981999951880425,4,132,264,42,32,0,16,16,"8,4,16,13",4,leakage_accounting=exact_internal_transcript,16,60,real_data,4,identity,0,de9542c356f237d9
real_typeii_20db_d16_bw60_blk0,cascade_lite,0,True,False,0.296875,0.09375,0.0625,0.03125,340.0,44,0.8513999928254634,4,132,264,44,32,0,16,16,"8,4,16,13",4,leakage_accounting=exact_internal_transcript,16,60,real_data,4,identity,1,9d564316fde14cb8
real_typeii_20db_d16_bw60_blk0,cascade_lite,1,True,False,0.171875,0.046875,0.015625,0.0078125,326.0,30,0.5742000066675246,4,132,264,30,32,0,10,10,"8,4,16,13",4,leakage_accounting=exact_internal_transcript,16,60,real_data,4,identity,1,9d564316fde14cb8
real_typeii_20db_d16_bw60_blk0,cascade_lite,2,True,True,0.21875,0.0546875,0.0,0.0,330.0,34,0.6316000071819872,4,132,264,34,32,0,14,14,"8,4,16,13",4,leakage_accounting=exact_internal_transcript,16,60,real_data,4,identity,1,9d564316fde14cb8
real_typeii_20db_d16_bw60_blk0,cascade_lite,3,True,False,0.265625,0.0703125,0.015625,0.0078125,338.0,42,0.8211999956984073,4,132,264,42,32,0,16,16,"8,4,16,13",4,leakage_accounting=exact_internal_transcript,16,60,real_data,4,identity,1,9d564316fde14cb8
real_typeii_20db_d16_bw60_blk0,cascade_lite,0,True,False,0.296875,0.09375,0.0625,0.03125,300.0,44,0.7577000069431961,3,112,224,44,32,0,16,16,"8,4,16,13",3,leakage_accounting=exact_internal_transcript,16,60,real_data,4,identity,0,3126004ba81eb888
real_typeii_20db_d16_bw60_blk0,cascade_lite,1,True,False,0.171875,0.046875,0.015625,0.0078125,286.0,30,10.731899994425476,3,112,224,30,32,0,10,10,"8,4,16,13",3,leakage_accounting=exact_internal_transcript,16,60,real_data,4,identity,0,3126004ba81eb888
real_typeii_20db_d16_bw60_blk0,cascade_lite,2,True,True,0.21875,0.0546875,0.0,0.0,290.0,34,0.5978000117465854,3,112,224,34,32,0,14,14,"8,4,16,13",3,leakage_accounting=exact_internal_transcript,16,60,real_data,4,identity,0,3126004ba81eb888
real_typeii_20db_d16_bw60_blk0,cascade_lite,3,True,False,0.265625,0.0703125,0.015625,0.0078125,298.0,42,0.6786000158172101,3,112,224,42,32,0,16,16,"8,4,16,13",3,leakage_accounting=exact_internal_transcript,16,60,real_data,4,identity,0,3126004ba81eb888
real_typeii_20db_d16_bw60_blk0,cascade_lite,0,True,False,0.296875,0.09375,0.0625,0.03125,300.0,44,0.731800013454631,3,112,224,44,32,0,16,16,"8,4,16,13",3,leakage_accounting=exact_internal_transcript,16,60,real_data,4,identity,1,980002d4a26462ee
real_typeii_20db_d16_bw60_blk0,cascade_lite,1,True,False,0.171875,0.046875,0.015625,0.0078125,286.0,30,0.5224999913480133,3,112,224,30,32,0,10,10,"8,4,16,13",3,leakage_accounting=exact_internal_transcript,16,60,real_data,4,identity,1,980002d4a26462ee
real_typeii_20db_d16_bw60_blk0,cascade_lite,2,True,True,0.21875,0.0546875,0.0,0.0,290.0,34,0.5910999898333102,3,112,224,34,32,0,14,14,"8,4,16,13",3,leakage_accounting=exact_internal_transcript,16,60,real_data,4,identity,1,980002d4a26462ee
real_typeii_20db_d16_bw60_blk0,cascade_lite,3,True,False,0.265625,0.0703125,0.015625,0.0078125,298.0,42,0.6483000179287046,3,112,224,42,32,0,16,16,"8,4,16,13",3,leakage_accounting=exact_internal_transcript,16,60,real_data,4,identity,1,980002d4a26462ee
real_typeii_20db_d16_bw180_blk0,cascade_lite,0,True,True,0.15625,0.05859375,0.0,0.0,279.0,53,18.002700002398342,4,97,194,53,32,0,15,15,"12,6,24,13",4,leakage_accounting=exact_internal_transcript,16,180,real_data,4,seeded_random,0,7ee822c7f60512c0
real_typeii_20db_d16_bw180_blk0,cascade_lite,1,True,True,0.09375,0.046875,0.0,0.0,144.0,52,0.5433000042103231,4,30,60,52,32,0,12,12,"12,6,24,13",4,leakage_accounting=exact_internal_transcript,16,180,real_data,4,seeded_random,0,7ee822c7f60512c0
real_typeii_20db_d16_bw180_blk0,cascade_lite,2,True,True,0.03125,0.01171875,0.0,0.0,104.0,12,15.804599999682978,4,30,60,12,32,0,3,3,"12,6,24,13",4,leakage_accounting=exact_internal_transcript,16,180,real_data,4,seeded_random,0,7ee822c7f60512c0
real_typeii_20db_d16_bw180_blk0,cascade_lite,3,True,True,0.1875,0.06640625,0.0,0.0,175.0,81,3.199400001903996,4,31,62,81,32,0,17,17,"12,6,24,13",4,leakage_accounting=exact_internal_transcript,16,180,real_data,4,seeded_random,0,7ee822c7f60512c0
real_typeii_20db_d16_bw60_blk0,cascade_lite,0,True,False,0.296875,0.09375,0.078125,0.0390625,210.0,48,0.5676999862771481,2,65,130,48,32,0,14,14,"12,6,24,13",2,leakage_accounting=exact_internal_transcript,16,60,real_data,4,identity,1,2cca18232a17d99f
real_typeii_20db_d16_bw60_blk0,cascade_lite,1,True,False,0.171875,0.046875,0.015625,0.0078125,199.0,37,0.44109998270869255,2,65,130,37,32,0,10,10,"12,6,24,13",2,leakage_accounting=exact_internal_transcript,16,60,real_data,4,identity,1,2cca18232a17d99f
real_typeii_20db_d16_bw60_blk0,cascade_lite,2,True,False,0.21875,0.0546875,0.0625,0.015625,195.0,33,0.4067000118084252,2,65,130,33,32,0,10,10,"12,6,24,13",2,leakage_accounting=exact_internal_transcript,16,60,real_data,4,identity,1,2cca18232a17d99f
real_typeii_20db_d16_bw60_blk0,cascade_lite,3,True,False,0.265625,0.0703125,0.109375,0.03125,196.0,34,0.4138000076636672,2,65,130,34,32,0,10,10,"12,6,24,13",2,leakage_accounting=exact_internal_transcript,16,60,real_data,4,identity,1,2cca18232a17d99f
real_typeii_20db_d16_bw180_blk0,cascade_lite,0,True,True,0.15625,0.05859375,0.0,0.0,276.0,50,32.40850000292994,4,97,194,50,32,0,15,15,"12,6,24,13",4,leakage_accounting=exact_internal_transcript,16,180,real_data,4,seeded_random,1,9b5934726b7a6d94
real_typeii_20db_d16_bw180_blk0,cascade_lite,1,True,False,0.09375,0.046875,0.03125,0.0078125,139.0,45,0.4850999976042658,4,31,62,45,32,0,10,10,"12,6,24,13",4,leakage_accounting=exact_internal_transcript,16,180,real_data,4,seeded_random,1,9b5934726b7a6d94
real_typeii_20db_d16_bw180_blk0,cascade_lite,2,True,True,0.03125,0.01171875,0.0,0.0,104.0,12,22.700500005157664,4,30,60,12,32,0,3,3,"12,6,24,13",4,leakage_accounting=exact_internal_transcript,16,180,real_data,4,seeded_random,1,9b5934726b7a6d94
real_typeii_20db_d16_bw180_blk0,cascade_lite,3,True,False,0.1875,0.06640625,0.09375,0.0234375,144.0,52,40.620199986733496,4,30,60,52,32,0,11,11,"12,6,24,13",4,leakage_accounting=exact_internal_transcript,16,180,real_data,4,seeded_random,1,9b5934726b7a6d94
real_typeii_20db_d16_bw180_blk0,cascade_lite,0,True,False,0.15625,0.05859375,0.09375,0.03125,112.0,32,20.915099972626194,2,24,48,32,32,0,7,7,"16,32,64,128",2,leakage_accounting=exact_internal_transcript,16,180,real_data,4,seeded_random,1,681ccb6691fc7891
real_typeii_20db_d16_bw180_blk0,cascade_lite,1,True,False,0.09375,0.046875,0.046875,0.015625,115.0,33,0.9383000142406672,2,25,50,33,32,0,8,8,"16,32,64,128",2,leakage_accounting=exact_internal_transcript,16,180,real_data,4,seeded_random,1,681ccb6691fc7891
real_typeii_20db_d16_bw180_blk0,cascade_lite,2,True,True,0.03125,0.01171875,0.0,0.0,92.0,12,12.354600010439754,2,24,48,12,32,0,3,3,"16,32,64,128",2,leakage_accounting=exact_internal_transcript,16,180,real_data,4,seeded_random,1,681ccb6691fc7891
real_typeii_20db_d16_bw180_blk0,cascade_lite,3,True,False,0.1875,0.06640625,0.109375,0.03125,120.0,40,32.19040000112727,2,24,48,40,32,0,9,9,"16,32,64,128",2,leakage_accounting=exact_internal_transcript,16,180,real_data,4,seeded_random,1,681ccb6691fc7891
real_typeii_20db_d16_bw180_blk0,cascade_lite,0,True,True,0.15625,0.05859375,0.0,0.0,293.0,37,18.451000010827556,3,112,224,37,32,0,15,15,"8,4,16,13",3,leakage_accounting=exact_internal_transcript,16,180,real_data,4,seeded_random,1,8c14481b3b13ba97
real_typeii_20db_d16_bw180_blk0,cascade_lite,1,True,True,0.09375,0.046875,0.0,0.0,227.0,43,41.15190001903102,3,76,152,43,32,0,12,12,"8,4,16,13",3,leakage_accounting=exact_internal_transcript,16,180,real_data,4,seeded_random,1,8c14481b3b13ba97
real_typeii_20db_d16_bw180_blk0,cascade_lite,2,True,True,0.03125,0.01171875,0.0,0.0,100.0,12,33.13060000073165,3,28,56,12,32,0,3,3,"8,4,16,13",3,leakage_accounting=exact_internal_transcript,16,180,real_data,4,seeded_random,1,8c14481b3b13ba97
real_typeii_20db_d16_bw180_blk0,cascade_lite,3,True,False,0.1875,0.06640625,0.09375,0.0234375,140.0,52,60.55759999435395,3,28,56,52,32,0,11,11,"8,4,16,13",3,leakage_accounting=exact_internal_transcript,16,180,real_data,4,seeded_random,1,8c14481b3b13ba97
real_typeii_20db_d16_bw60_blk0,cascade_lite,0,True,False,0.296875,0.09375,0.078125,0.0390625,232.0,48,0.7613000052515417,3,76,152,48,32,0,14,14,"12,6,24,13",3,leakage_accounting=exact_internal_transcript,16,60,real_data,4,identity,1,7db1c271a29cbcbd
real_typeii_20db_d16_bw60_blk0,cascade_lite,1,True,False,0.171875,0.046875,0.015625,0.0078125,221.0,37,0.4556999774649739,3,76,152,37,32,0,10,10,"12,6,24,13",3,leakage_accounting=exact_internal_transcript,16,60,real_data,4,identity,1,7db1c271a29cbcbd
real_typeii_20db_d16_bw60_blk0,cascade_lite,2,True,False,0.21875,0.0546875,0.0625,0.015625,217.0,33,0.42279998888261616,3,76,152,33,32,0,10,10,"12,6,24,13",3,leakage_accounting=exact_internal_transcript,16,60,real_data,4,identity,1,7db1c271a29cbcbd
real_typeii_20db_d16_bw60_blk0,cascade_lite,3,True,False,0.265625,0.0703125,0.109375,0.03125,218.0,34,0.42680001934058964,3,76,152,34,32,0,10,10,"12,6,24,13",3,leakage_accounting=exact_internal_transcript,16,60,real_data,4,identity,1,7db1c271a29cbcbd
real_typeii_20db_d16_bw60_blk0,cascade_lite,0,True,False,0.296875,0.09375,0.078125,0.0390625,210.0,48,0.7305000035557896,2,65,130,48,32,0,14,14,"12,6,24,13",2,leakage_accounting=exact_internal_transcript,16,60,real_data,4,identity,0,979209ff46816fd4
real_typeii_20db_d16_bw60_blk0,cascade_lite,1,True,False,0.171875,0.046875,0.015625,0.0078125,199.0,37,22.571100009372458,2,65,130,37,32,0,10,10,"12,6,24,13",2,leakage_accounting=exact_internal_transcript,16,60,real_data,4,identity,0,979209ff46816fd4
real_typeii_20db_d16_bw60_blk0,cascade_lite,2,True,False,0.21875,0.0546875,0.0625,0.015625,195.0,33,0.4054000019095838,2,65,130,33,32,0,10,10,"12,6,24,13",2,leakage_accounting=exact_internal_transcript,16,60,real_data,4,identity,0,979209ff46816fd4
real_typeii_20db_d16_bw60_blk0,cascade_lite,3,True,False,0.265625,0.0703125,0.109375,0.03125,196.0,34,0.40049999370239675,2,65,130,34,32,0,10,10,"12,6,24,13",2,leakage_accounting=exact_internal_transcript,16,60,real_data,4,identity,0,979209ff46816fd4
real_typeii_20db_d16_bw180_blk0,cascade_lite,0,True,True,0.15625,0.05859375,0.0,0.0,164.0,68,9.018899989314377,4,32,64,68,32,0,15,15,"16,32,64,128",4,leakage_accounting=exact_internal_transcript,16,180,real_data,4,seeded_random,0,3ddb0e813f8c9fa7
real_typeii_20db_d16_bw180_blk0,cascade_lite,1,True,True,0.09375,0.046875,0.0,0.0,144.0,52,9.669599996414036,4,30,60,52,32,0,12,12,"16,32,64,128",4,leakage_accounting=exact_internal_transcript,16,180,real_data,4,seeded_random,0,3ddb0e813f8c9fa7
real_typeii_20db_d16_bw180_blk0,cascade_lite,2,True,True,0.03125,0.01171875,0.0,0.0,104.0,12,11.756899999454618,4,30,60,12,32,0,3,3,"16,32,64,128",4,leakage_accounting=exact_internal_transcript,16,180,real_data,4,seeded_random,0,3ddb0e813f8c9fa7
real_typeii_20db_d16_bw180_blk0,cascade_lite,3,True,True,0.1875,0.06640625,0.0,0.0,175.0,81,55.99719999008812,4,31,62,81,32,0,17,17,"16,32,64,128",4,leakage_accounting=exact_internal_transcript,16,180,real_data,4,seeded_random,0,3ddb0e813f8c9fa7
real_typeii_20db_d16_bw100_blk0,cascade_lite,0,True,False,0.265625,0.09765625,0.078125,0.02734375,184.0,86,1.838899974245578,4,33,66,86,32,0,18,18,"16,32,64,128",4,leakage_accounting=exact_internal_transcript,16,100,real_data,4,seeded_random,0,3ddb0e813f8c9fa7
real_typeii_20db_d16_bw100_blk0,cascade_lite,1,True,False,0.140625,0.0546875,0.03125,0.0078125,146.0,54,52.86910000722855,4,30,60,54,32,0,12,12,"16,32,64,128",4,leakage_accounting=exact_internal_transcript,16,100,real_data,4,seeded_random,0,3ddb0e813f8c9fa7
real_typeii_20db_d16_bw100_blk0,cascade_lite,2,True,True,0.171875,0.04296875,0.0,0.0,144.0,50,40.09779999614693,4,31,62,50,32,0,11,11,"16,32,64,128",4,leakage_accounting=exact_internal_transcript,16,100,real_data,4,seeded_random,0,3ddb0e813f8c9fa7
real_typeii_20db_d16_bw100_blk0,cascade_lite,3,True,True,0.21875,0.0625,0.0,0.0,166.0,70,106.38809998636134,4,32,64,70,32,0,16,16,"16,32,64,128",4,leakage_accounting=exact_internal_transcript,16,100,real_data,4,seeded_random,0,3ddb0e813f8c9fa7
real_typeii_20db_d16_bw60_blk0,cascade_lite,0,True,False,0.296875,0.09375,0.078125,0.03125,279.0,55,0.7710999925620854,4,96,192,55,32,0,16,16,"12,6,24,13",4,leakage_accounting=exact_internal_transcript,16,60,real_data,4,identity,1,e94e37ca4f54ec26
real_typeii_20db_d16_bw60_blk0,cascade_lite,1,True,False,0.171875,0.046875,0.015625,0.0078125,261.0,37,0.5011000030208379,4,96,192,37,32,0,10,10,"12,6,24,13",4,leakage_accounting=exact_internal_transcript,16,60,real_data,4,identity,1,e94e37ca4f54ec26
real_typeii_20db_d16_bw60_blk0,cascade_lite,2,True,False,0.21875,0.0546875,0.0625,0.015625,257.0,33,0.4785000055562705,4,96,192,33,32,0,10,10,"12,6,24,13",4,leakage_accounting=exact_internal_transcript,16,60,real_data,4,identity,1,e94e37ca4f54ec26
real_typeii_20db_d16_bw60_blk0,cascade_lite,3,True,False,0.265625,0.0703125,0.109375,0.03125,258.0,34,0.4921999934595078,4,96,192,34,32,0,10,10,"12,6,24,13",4,leakage_accounting=exact_internal_transcript,16,60,real_data,4,identity,1,e94e37ca4f54ec26
real_typeii_20db_d16_bw60_blk0,cascade_lite,0,True,False,0.296875,0.09375,0.078125,0.03125,279.0,55,0.7039000047370791,4,96,192,55,32,0,16,16,"12,6,24,13",4,leakage_accounting=exact_internal_transcript,16,60,real_data,4,identity,0,2faaaa245957cec2
real_typeii_20db_d16_bw60_blk0,cascade_lite,1,True,False,0.171875,0.046875,0.015625,0.0078125,261.0,37,0.4918999911751598,4,96,192,37,32,0,10,10,"12,6,24,13",4,leakage_accounting=exact_internal_transcript,16,60,real_data,4,identity,0,2faaaa245957cec2
real_typeii_20db_d16_bw60_blk0,cascade_lite,2,True,False,0.21875,0.0546875,0.0625,0.015625,257.0,33,0.4741000011563301,4,96,192,33,32,0,10,10,"12,6,24,13",4,leakage_accounting=exact_internal_transcript,16,60,real_data,4,identity,0,2faaaa245957cec2
real_typeii_20db_d16_bw60_blk0,cascade_lite,3,True,False,0.265625,0.0703125,0.109375,0.03125,258.0,34,0.4791999817825854,4,96,192,34,32,0,10,10,"12,6,24,13",4,leakage_accounting=exact_internal_transcript,16,60,real_data,4,identity,0,2faaaa245957cec2
real_typeii_20db_d16_bw60_blk0,cascade_lite,0,True,False,0.296875,0.09375,0.078125,0.0390625,232.0,48,0.7042000070214272,3,76,152,48,32,0,14,14,"12,6,24,13",3,leakage_accounting=exact_internal_transcript,16,60,real_data,4,identity,0,d6871fb94730b51d
real_typeii_20db_d16_bw60_blk0,cascade_lite,1,True,False,0.171875,0.046875,0.015625,0.0078125,221.0,37,0.5371000152081251,3,76,152,37,32,0,10,10,"12,6,24,13",3,leakage_accounting=exact_internal_transcript,16,60,real_data,4,identity,0,d6871fb94730b51d
real_typeii_20db_d16_bw60_blk0,cascade_lite,2,True,False,0.21875,0.0546875,0.0625,0.015625,217.0,33,0.464299984741956,3,76,152,33,32,0,10,10,"12,6,24,13",3,leakage_accounting=exact_internal_transcript,16,60,real_data,4,identity,0,d6871fb94730b51d
real_typeii_20db_d16_bw60_blk0,cascade_lite,3,True,False,0.265625,0.0703125,0.109375,0.03125,218.0,34,0.43130002450197935,3,76,152,34,32,0,10,10,"12,6,24,13",3,leakage_accounting=exact_internal_transcript,16,60,real_data,4,identity,0,d6871fb94730b51d
real_typeii_20db_d16_bw60_blk0,cascade_lite,0,True,False,0.296875,0.09375,0.171875,0.0625,112.0,32,0.3176999744027853,2,24,48,32,32,0,8,8,"16,32,64,128",2,leakage_accounting=exact_internal_transcript,16,60,real_data,4,identity,0,7f633f44f9b66e3b
real_typeii_20db_d16_bw60_blk0,cascade_lite,1,True,False,0.171875,0.046875,0.046875,0.015625,112.0,32,0.28310000197961926,2,24,48,32,32,0,8,8,"16,32,64,128",2,leakage_accounting=exact_internal_transcript,16,60,real_data,4,identity,0,7f633f44f9b66e3b
real_typeii_20db_d16_bw60_blk0,cascade_lite,2,True,False,0.21875,0.0546875,0.125,0.03125,104.0,24,0.23710000095888972,2,24,48,24,32,0,6,6,"16,32,64,128",2,leakage_accounting=exact_internal_transcript,16,60,real_data,4,identity,0,7f633f44f9b66e3b
real_typeii_20db_d16_bw60_blk0,cascade_lite,3,True,False,0.265625,0.0703125,0.171875,0.046875,104.0,24,0.22390001686289907,2,24,48,24,32,0,6,6,"16,32,64,128",2,leakage_accounting=exact_internal_transcript,16,60,real_data,4,identity,0,7f633f44f9b66e3b
real_typeii_20db_d16_bw60_blk0,cascade_lite,0,True,False,0.296875,0.09375,0.171875,0.0625,112.0,32,0.3218000056222081,2,24,48,32,32,0,8,8,"16,32,64,128",2,leakage_accounting=exact_internal_transcript,16,60,real_data,4,identity,1,b97861b5bfb007df
real_typeii_20db_d16_bw60_blk0,cascade_lite,1,True,False,0.171875,0.046875,0.046875,0.015625,112.0,32,0.2801000082399696,2,24,48,32,32,0,8,8,"16,32,64,128",2,leakage_accounting=exact_internal_transcript,16,60,real_data,4,identity,1,b97861b5bfb007df
real_typeii_20db_d16_bw60_blk0,cascade_lite,2,True,False,0.21875,0.0546875,0.125,0.03125,104.0,24,0.23220002185553312,2,24,48,24,32,0,6,6,"16,32,64,128",2,leakage_accounting=exact_internal_transcript,16,60,real_data,4,identity,1,b97861b5bfb007df
real_typeii_20db_d16_bw60_blk0,cascade_lite,3,True,False,0.265625,0.0703125,0.171875,0.046875,104.0,24,0.3142000059597194,2,24,48,24,32,0,6,6,"16,32,64,128",2,leakage_accounting=exact_internal_transcript,16,60,real_data,4,identity,1,b97861b5bfb007df
real_typeii_20db_d16_bw180_blk0,cascade_lite,0,True,True,0.15625,0.05859375,0.0,0.0,339.0,43,18.523699982324615,4,132,264,43,32,0,15,15,"8,4,16,13",4,leakage_accounting=exact_internal_transcript,16,180,real_data,4,seeded_random,0,d8c9e97fcf2fa52f
real_typeii_20db_d16_bw180_blk0,cascade_lite,1,True,True,0.09375,0.046875,0.0,0.0,266.0,40,43.49219999858178,4,97,194,40,32,0,12,12,"8,4,16,13",4,leakage_accounting=exact_internal_transcript,16,180,real_data,4,seeded_random,0,d8c9e97fcf2fa52f
real_typeii_20db_d16_bw180_blk0,cascade_lite,2,True,True,0.03125,0.01171875,0.0,0.0,104.0,12,45.75210000621155,4,30,60,12,32,0,3,3,"8,4,16,13",4,leakage_accounting=exact_internal_transcript,16,180,real_data,4,seeded_random,0,d8c9e97fcf2fa52f
real_typeii_20db_d16_bw180_blk0,cascade_lite,3,True,True,0.1875,0.06640625,0.0,0.0,175.0,81,73.96879998850636,4,31,62,81,32,0,17,17,"8,4,16,13",4,leakage_accounting=exact_internal_transcript,16,180,real_data,4,seeded_random,0,d8c9e97fcf2fa52f
real_typeii_20db_d16_bw180_blk0,cascade_lite,0,True,False,0.15625,0.05859375,0.0625,0.0234375,132.0,44,36.264399997889996,3,28,56,44,32,0,9,9,"16,32,64,128",3,leakage_accounting=exact_internal_transcript,16,180,real_data,4,seeded_random,1,29af1beb670bdf02
real_typeii_20db_d16_bw180_blk0,cascade_lite,1,True,False,0.09375,0.046875,0.03125,0.0078125,135.0,45,16.019600006984547,3,29,58,45,32,0,10,10,"16,32,64,128",3,leakage_accounting=exact_internal_transcript,16,180,real_data,4,seeded_random,1,29af1beb670bdf02
real_typeii_20db_d16_bw180_blk0,cascade_lite,2,True,True,0.03125,0.01171875,0.0,0.0,100.0,12,30.64230000018142,3,28,56,12,32,0,3,3,"16,32,64,128",3,leakage_accounting=exact_internal_transcript,16,180,real_data,4,seeded_random,1,29af1beb670bdf02
real_typeii_20db_d16_bw180_blk0,cascade_lite,3,True,False,0.1875,0.06640625,0.09375,0.0234375,140.0,52,43.55360000045039,3,28,56,52,32,0,11,11,"16,32,64,128",3,leakage_accounting=exact_internal_transcript,16,180,real_data,4,seeded_random,1,29af1beb670bdf02
real_typeii_20db_d16_bw60_blk0,cascade_lite,0,True,True,0.296875,0.09375,0.0,0.0,329.0,67,41.948000027332455,3,115,230,67,32,0,24,24,"8,4,16,13",3,leakage_accounting=exact_internal_transcript,16,60,real_data,4,seeded_random,1,8c14481b3b13ba97
real_typeii_20db_d16_bw60_blk0,cascade_lite,1,True,True,0.171875,0.046875,0.0,0.0,228.0,42,17.637700017075986,3,77,154,42,32,0,12,12,"8,4,16,13",3,leakage_accounting=exact_internal_transcript,16,60,real_data,4,seeded_random,1,8c14481b3b13ba97
real_typeii_20db_d16_bw60_blk0,cascade_lite,2,True,True,0.21875,0.0546875,0.0,0.0,231.0,47,10.539699986111373,3,76,152,47,32,0,14,14,"8,4,16,13",3,leakage_accounting=exact_internal_transcript,16,60,real_data,4,seeded_random,1,8c14481b3b13ba97
real_typeii_20db_d16_bw60_blk0,cascade_lite,3,True,False,0.265625,0.0703125,0.09375,0.0234375,143.0,53,8.075599995208904,3,29,58,53,32,0,12,12,"8,4,16,13",3,leakage_accounting=exact_internal_transcript,16,60,real_data,4,seeded_random,1,8c14481b3b13ba97
real_typeii_20db_d16_bw60_blk0,cascade_lite,0,True,False,0.296875,0.09375,0.171875,0.0625,120.0,32,0.3268000145908445,3,28,56,32,32,0,8,8,"16,32,64,128",3,leakage_accounting=exact_internal_transcript,16,60,real_data,4,identity,0,4e9da68e0f171e1f
real_typeii_20db_d16_bw60_blk0,cascade_lite,1,True,False,0.171875,0.046875,0.046875,0.015625,120.0,32,0.29269998776726425,3,28,56,32,32,0,8,8,"16,32,64,128",3,leakage_accounting=exact_internal_transcript,16,60,real_data,4,identity,0,4e9da68e0f171e1f
real_typeii_20db_d16_bw60_blk0,cascade_lite,2,True,False,0.21875,0.0546875,0.125,0.03125,112.0,24,0.2415000053588301,3,28,56,24,32,0,6,6,"16,32,64,128",3,leakage_accounting=exact_internal_transcript,16,60,real_data,4,identity,0,4e9da68e0f171e1f
real_typeii_20db_d16_bw60_blk0,cascade_lite,3,True,False,0.265625,0.0703125,0.171875,0.046875,112.0,24,0.23609999334439635,3,28,56,24,32,0,6,6,"16,32,64,128",3,leakage_accounting=exact_internal_transcript,16,60,real_data,4,identity,0,4e9da68e0f171e1f
real_typeii_20db_d16_bw180_blk0,cascade_lite,0,True,False,0.15625,0.05859375,0.0625,0.0234375,136.0,44,16.178199992282316,4,30,60,44,32,0,9,9,"16,32,64,128",4,leakage_accounting=exact_internal_transcript,16,180,real_data,4,seeded_random,1,29020ebdb18ce89f
real_typeii_20db_d16_bw180_blk0,cascade_lite,1,True,False,0.09375,0.046875,0.03125,0.0078125,139.0,45,1.698700012639165,4,31,62,45,32,0,10,10,"16,32,64,128",4,leakage_accounting=exact_internal_transcript,16,180,real_data,4,seeded_random,1,29020ebdb18ce89f
real_typeii_20db_d16_bw180_blk0,cascade_lite,2,True,True,0.03125,0.01171875,0.0,0.0,104.0,12,44.32410001754761,4,30,60,12,32,0,3,3,"16,32,64,128",4,leakage_accounting=exact_internal_transcript,16,180,real_data,4,seeded_random,1,29020ebdb18ce89f
real_typeii_20db_d16_bw180_blk0,cascade_lite,3,True,False,0.1875,0.06640625,0.09375,0.0234375,144.0,52,53.369500004919246,4,30,60,52,32,0,11,11,"16,32,64,128",4,leakage_accounting=exact_internal_transcript,16,180,real_data,4,seeded_random,1,29020ebdb18ce89f
real_typeii_20db_d16_bw180_blk0,cascade_lite,0,True,True,0.15625,0.05859375,0.0,0.0,160.0,68,13.767500000540167,3,30,60,68,32,0,15,15,"16,32,64,128",3,leakage_accounting=exact_internal_transcript,16,180,real_data,4,seeded_random,0,7bb66119b31ce8cd
real_typeii_20db_d16_bw180_blk0,cascade_lite,1,True,True,0.09375,0.046875,0.0,0.0,140.0,52,83.84430001024157,3,28,56,52,32,0,12,12,"16,32,64,128",3,leakage_accounting=exact_internal_transcript,16,180,real_data,4,seeded_random,0,7bb66119b31ce8cd
real_typeii_20db_d16_bw180_blk0,cascade_lite,2,True,True,0.03125,0.01171875,0.0,0.0,100.0,12,36.69599999557249,3,28,56,12,32,0,3,3,"16,32,64,128",3,leakage_accounting=exact_internal_transcript,16,180,real_data,4,seeded_random,0,7bb66119b31ce8cd
real_typeii_20db_d16_bw180_blk0,cascade_lite,3,True,True,0.1875,0.06640625,0.0,0.0,171.0,81,15.31230000546202,3,29,58,81,32,0,17,17,"16,32,64,128",3,leakage_accounting=exact_internal_transcript,16,180,real_data,4,seeded_random,0,7bb66119b31ce8cd
real_typeii_20db_d16_bw60_blk0,cascade_lite,0,True,False,0.296875,0.09375,0.171875,0.0625,124.0,32,0.3497999859973788,4,30,60,32,32,0,8,8,"16,32,64,128",4,leakage_accounting=exact_internal_transcript,16,60,real_data,4,identity,0,aeacee9a04c960ac
real_typeii_20db_d16_bw60_blk0,cascade_lite,1,True,False,0.171875,0.046875,0.046875,0.015625,124.0,32,0.295600009849295,4,30,60,32,32,0,8,8,"16,32,64,128",4,leakage_accounting=exact_internal_transcript,16,60,real_data,4,identity,0,aeacee9a04c960ac
real_typeii_20db_d16_bw60_blk0,cascade_lite,2,True,False,0.21875,0.0546875,0.125,0.03125,116.0,24,0.24550000671297312,4,30,60,24,32,0,6,6,"16,32,64,128",4,leakage_accounting=exact_internal_transcript,16,60,real_data,4,identity,0,aeacee9a04c960ac
real_typeii_20db_d16_bw60_blk0,cascade_lite,3,True,False,0.265625,0.0703125,0.171875,0.046875,116.0,24,0.24200000916607678,4,30,60,24,32,0,6,6,"16,32,64,128",4,leakage_accounting=exact_internal_transcript,16,60,real_data,4,identity,0,aeacee9a04c960ac
real_typeii_20db_d16_bw60_blk0,cascade_lite,0,True,False,0.296875,0.09375,0.171875,0.0625,124.0,32,0.35879999632015824,4,30,60,32,32,0,8,8,"16,32,64,128",4,leakage_accounting=exact_internal_transcript,16,60,real_data,4,identity,1,b274fad8603600d1
real_typeii_20db_d16_bw60_blk0,cascade_lite,1,True,False,0.171875,0.046875,0.046875,0.015625,124.0,32,0.49879998550750315,4,30,60,32,32,0,8,8,"16,32,64,128",4,leakage_accounting=exact_internal_transcript,16,60,real_data,4,identity,1,b274fad8603600d1
real_typeii_20db_d16_bw60_blk0,cascade_lite,2,True,False,0.21875,0.0546875,0.125,0.03125,116.0,24,0.2665999927558005,4,30,60,24,32,0,6,6,"16,32,64,128",4,leakage_accounting=exact_internal_transcript,16,60,real_data,4,identity,1,b274fad8603600d1
real_typeii_20db_d16_bw60_blk0,cascade_lite,3,True,False,0.265625,0.0703125,0.171875,0.046875,116.0,24,0.24819999816827476,4,30,60,24,32,0,6,6,"16,32,64,128",4,leakage_accounting=exact_internal_transcript,16,60,real_data,4,identity,1,b274fad8603600d1
real_typeii_20db_d16_bw60_blk0,cascade_lite,0,True,False,0.296875,0.09375,0.03125,0.0078125,280.0,56,24.740599998040125,2,96,192,56,32,0,22,22,"8,4,16,13",2,leakage_accounting=exact_internal_transcript,16,60,real_data,4,seeded_random,0,eb6b9d5df31d86f8
real_typeii_20db_d16_bw60_blk0,cascade_lite,1,True,False,0.171875,0.046875,0.0625,0.015625,246.0,22,65.99940001615323,2,96,192,22,32,0,8,8,"8,4,16,13",2,leakage_accounting=exact_internal_transcript,16,60,real_data,4,seeded_random,0,eb6b9d5df31d86f8
real_typeii_20db_d16_bw60_blk0,cascade_lite,2,True,False,0.21875,0.0546875,0.03125,0.0078125,130.0,50,18.504299980122596,2,24,48,50,32,0,12,12,"8,4,16,13",2,leakage_accounting=exact_internal_transcript,16,60,real_data,4,seeded_random,0,eb6b9d5df31d86f8
real_typeii_20db_d16_bw60_blk0,cascade_lite,3,True,False,0.265625,0.0703125,0.0625,0.015625,144.0,60,15.093699999852106,2,26,52,60,32,0,14,14,"8,4,16,13",2,leakage_accounting=exact_internal_transcript,16,60,real_data,4,seeded_random,0,eb6b9d5df31d86f8
real_typeii_20db_d16_bw60_blk0,cascade_lite,0,True,False,0.296875,0.09375,0.140625,0.0390625,140.0,60,14.251699991291389,2,24,48,60,32,0,14,14,"16,32,64,128",2,leakage_accounting=exact_internal_transcript,16,60,real_data,4,seeded_random,1,681ccb6691fc7891
real_typeii_20db_d16_bw60_blk0,cascade_lite,1,True,False,0.171875,0.046875,0.0625,0.015625,114.0,34,2.3071999894455075,2,24,48,34,32,0,8,8,"16,32,64,128",2,leakage_accounting=exact_internal_transcript,16,60,real_data,4,seeded_random,1,681ccb6691fc7891
real_typeii_20db_d16_bw60_blk0,cascade_lite,2,True,False,0.21875,0.0546875,0.0625,0.015625,122.0,42,18.267100007506087,2,24,48,42,32,0,10,10,"16,32,64,128",2,leakage_accounting=exact_internal_transcript,16,60,real_data,4,seeded_random,1,681ccb6691fc7891
real_typeii_20db_d16_bw60_blk0,cascade_lite,3,True,False,0.265625,0.0703125,0.09375,0.0234375,135.0,53,4.033499979414046,2,25,50,53,32,0,12,12,"16,32,64,128",2,leakage_accounting=exact_internal_transcript,16,60,real_data,4,seeded_random,1,681ccb6691fc7891
real_typeii_20db_d16_bw60_blk0,cascade_lite,0,True,True,0.296875,0.09375,0.0,0.0,269.0,81,28.27189999516122,3,78,156,81,32,0,24,24,"12,6,24,13",3,leakage_accounting=exact_internal_transcript,16,60,real_data,4,seeded_random,0,e41b94e22127bc2a
real_typeii_20db_d16_bw60_blk0,cascade_lite,1,True,False,0.171875,0.046875,0.03125,0.0078125,134.0,46,39.9162000103388,3,28,56,46,32,0,10,10,"12,6,24,13",3,leakage_accounting=exact_internal_transcript,16,60,real_data,4,seeded_random,0,e41b94e22127bc2a
real_typeii_20db_d16_bw60_blk0,cascade_lite,2,True,False,0.21875,0.0546875,0.03125,0.0078125,138.0,50,2.148399973521009,3,28,56,50,32,0,12,12,"12,6,24,13",3,leakage_accounting=exact_internal_transcript,16,60,real_data,4,seeded_random,0,e41b94e22127bc2a
real_typeii_20db_d16_bw60_blk0,cascade_lite,3,True,False,0.265625,0.0703125,0.015625,0.00390625,171.0,77,5.320600001141429,3,31,62,77,32,0,17,17,"12,6,24,13",3,leakage_accounting=exact_internal_transcript,16,60,real_data,4,seeded_random,0,e41b94e22127bc2a
real_typeii_20db_d16_bw60_blk0,cascade_lite,0,True,False,0.296875,0.09375,0.171875,0.0625,120.0,32,0.3294000052846968,3,28,56,32,32,0,8,8,"16,32,64,128",3,leakage_accounting=exact_internal_transcript,16,60,real_data,4,identity,1,12e60a79b80aac28
real_typeii_20db_d16_bw60_blk0,cascade_lite,1,True,False,0.171875,0.046875,0.046875,0.015625,120.0,32,0.2927000168710947,3,28,56,32,32,0,8,8,"16,32,64,128",3,leakage_accounting=exact_internal_transcript,16,60,real_data,4,identity,1,12e60a79b80aac28
real_typeii_20db_d16_bw60_blk0,cascade_lite,2,True,False,0.21875,0.0546875,0.125,0.03125,112.0,24,0.2398999931756407,3,28,56,24,32,0,6,6,"16,32,64,128",3,leakage_accounting=exact_internal_transcript,16,60,real_data,4,identity,1,12e60a79b80aac28
real_typeii_20db_d16_bw60_blk0,cascade_lite,3,True,False,0.265625,0.0703125,0.171875,0.046875,112.0,24,0.23929998860694468,3,28,56,24,32,0,6,6,"16,32,64,128",3,leakage_accounting=exact_internal_transcript,16,60,real_data,4,identity,1,12e60a79b80aac28
real_typeii_20db_d8_bw120_blk0,cascade_lite,0,True,False,0.21875,0.09375,0.046875,0.03125,210.0,34,0.5085000011604279,2,72,144,34,32,0,12,12,"8,4,16,13",2,leakage_accounting=exact_internal_transcript,8,120,real_data,4,identity,1,3f252f07ce424b12
real_typeii_20db_d8_bw120_blk0,cascade_lite,1,True,False,0.046875,0.020833333333333332,0.015625,0.010416666666666666,182.0,6,2.2319000272545964,2,72,144,6,32,0,2,2,"8,4,16,13",2,leakage_accounting=exact_internal_transcript,8,120,real_data,4,identity,1,3f252f07ce424b12
real_typeii_20db_d8_bw120_blk0,cascade_lite,2,True,True,0.109375,0.036458333333333336,0.0,0.0,195.0,19,0.35620000562630594,2,72,144,19,32,0,7,7,"8,4,16,13",2,leakage_accounting=exact_internal_transcript,8,120,real_data,4,identity,1,3f252f07ce424b12
real_typeii_20db_d8_bw120_blk0,cascade_lite,3,True,False,0.125,0.046875,0.015625,0.010416666666666666,195.0,19,0.33840001560747623,2,72,144,19,32,0,7,7,"8,4,16,13",2,leakage_accounting=exact_internal_transcript,8,120,real_data,4,identity,1,3f252f07ce424b12
real_typeii_20db_d16_bw60_blk0,cascade_lite,0,True,True,0.296875,0.09375,0.0,0.0,320.0,64,53.22369997156784,3,112,224,64,32,0,24,24,"8,4,16,13",3,leakage_accounting=exact_internal_transcript,16,60,real_data,4,seeded_random,0,1cdb1b55b06d0718
real_typeii_20db_d16_bw60_blk0,cascade_lite,1,True,True,0.171875,0.046875,0.0,0.0,230.0,46,45.54029999417253,3,76,152,46,32,0,12,12,"8,4,16,13",3,leakage_accounting=exact_internal_transcript,16,60,real_data,4,seeded_random,0,1cdb1b55b06d0718
real_typeii_20db_d16_bw60_blk0,cascade_lite,2,True,False,0.21875,0.0546875,0.03125,0.0078125,138.0,50,14.081900008022785,3,28,56,50,32,0,12,12,"8,4,16,13",3,leakage_accounting=exact_internal_transcript,16,60,real_data,4,seeded_random,0,1cdb1b55b06d0718
real_typeii_20db_d16_bw60_blk0,cascade_lite,3,True,False,0.265625,0.0703125,0.015625,0.00390625,171.0,77,16.55969998682849,3,31,62,77,32,0,17,17,"8,4,16,13",3,leakage_accounting=exact_internal_transcript,16,60,real_data,4,seeded_random,0,1cdb1b55b06d0718
real_typeii_20db_d8_bw120_blk0,cascade_lite,0,True,False,0.21875,0.09375,0.046875,0.03125,234.0,34,0.7006999803707004,3,84,168,34,32,0,12,12,"8,4,16,13",3,leakage_accounting=exact_internal_transcript,8,120,real_data,4,identity,0,3126004ba81eb888
real_typeii_20db_d8_bw120_blk0,cascade_lite,1,True,False,0.046875,0.020833333333333332,0.015625,0.010416666666666666,206.0,6,0.3419000131543726,3,84,168,6,32,0,2,2,"8,4,16,13",3,leakage_accounting=exact_internal_transcript,8,120,real_data,4,identity,0,3126004ba81eb888
real_typeii_20db_d8_bw120_blk0,cascade_lite,2,True,True,0.109375,0.036458333333333336,0.0,0.0,219.0,19,0.368200009688735,3,84,168,19,32,0,7,7,"8,4,16,13",3,leakage_accounting=exact_internal_transcript,8,120,real_data,4,identity,0,3126004ba81eb888
real_typeii_20db_d8_bw120_blk0,cascade_lite,3,True,False,0.125,0.046875,0.015625,0.010416666666666666,219.0,19,0.38159999530762434,3,84,168,19,32,0,7,7,"8,4,16,13",3,leakage_accounting=exact_internal_transcript,8,120,real_data,4,identity,0,3126004ba81eb888
real_typeii_20db_d8_bw120_blk0,cascade_lite,0,True,False,0.21875,0.09375,0.046875,0.03125,234.0,34,0.5251999828033149,3,84,168,34,32,0,12,12,"8,4,16,13",3,leakage_accounting=exact_internal_transcript,8,120,real_data,4,identity,1,980002d4a26462ee
real_typeii_20db_d8_bw120_blk0,cascade_lite,1,True,False,0.046875,0.020833333333333332,0.015625,0.010416666666666666,206.0,6,0.3365999727975577,3,84,168,6,32,0,2,2,"8,4,16,13",3,leakage_accounting=exact_internal_transcript,8,120,real_data,4,identity,1,980002d4a26462ee
real_typeii_20db_d8_bw120_blk0,cascade_lite,2,True,True,0.109375,0.036458333333333336,0.0,0.0,219.0,19,0.37239998346194625,3,84,168,19,32,0,7,7,"8,4,16,13",3,leakage_accounting=exact_internal_transcript,8,120,real_data,4,identity,1,980002d4a26462ee
real_typeii_20db_d8_bw120_blk0,cascade_lite,3,True,False,0.125,0.046875,0.015625,0.010416666666666666,219.0,19,0.36780000664293766,3,84,168,19,32,0,7,7,"8,4,16,13",3,leakage_accounting=exact_internal_transcript,8,120,real_data,4,identity,1,980002d4a26462ee
real_typeii_20db_d16_bw60_blk0,cascade_lite,0,True,True,0.296875,0.09375,0.0,0.0,247.0,81,57.55269998917356,2,67,134,81,32,0,24,24,"12,6,24,13",2,leakage_accounting=exact_internal_transcript,16,60,real_data,4,seeded_random,0,a8b77a06b4a8c66b
real_typeii_20db_d16_bw60_blk0,cascade_lite,1,True,False,0.171875,0.046875,0.0625,0.015625,114.0,34,2.376299991738051,2,24,48,34,32,0,8,8,"12,6,24,13",2,leakage_accounting=exact_internal_transcript,16,60,real_data,4,seeded_random,0,a8b77a06b4a8c66b
real_typeii_20db_d16_bw60_blk0,cascade_lite,2,True,False,0.21875,0.0546875,0.03125,0.0078125,130.0,50,5.8837000105995685,2,24,48,50,32,0,12,12,"12,6,24,13",2,leakage_accounting=exact_internal_transcript,16,60,real_data,4,seeded_random,0,a8b77a06b4a8c66b
real_typeii_20db_d16_bw60_blk0,cascade_lite,3,True,False,0.265625,0.0703125,0.0625,0.015625,144.0,60,39.56039997865446,2,26,52,60,32,0,14,14,"12,6,24,13",2,leakage_accounting=exact_internal_transcript,16,60,real_data,4,seeded_random,0,a8b77a06b4a8c66b
real_typeii_20db_d16_bw60_blk0,cascade_lite,0,True,True,0.296875,0.09375,0.0,0.0,249.0,79,0.985999999102205,2,69,138,79,32,0,24,24,"12,6,24,13",2,leakage_accounting=exact_internal_transcript,16,60,real_data,4,seeded_random,1,624abde0af86ab7f
real_typeii_20db_d16_bw60_blk0,cascade_lite,1,True,True,0.171875,0.046875,0.0,0.0,206.0,42,40.48789999797009,2,66,132,42,32,0,12,12,"12,6,24,13",2,leakage_accounting=exact_internal_transcript,16,60,real_data,4,seeded_random,1,624abde0af86ab7f
real_typeii_20db_d16_bw60_blk0,cascade_lite,2,True,False,0.21875,0.0546875,0.0625,0.015625,122.0,42,64.4456000009086,2,24,48,42,32,0,10,10,"12,6,24,13",2,leakage_accounting=exact_internal_transcript,16,60,real_data,4,seeded_random,1,624abde0af86ab7f
real_typeii_20db_d16_bw60_blk0,cascade_lite,3,True,False,0.265625,0.0703125,0.09375,0.0234375,135.0,53,0.42019999818876386,2,25,50,53,32,0,12,12,"12,6,24,13",2,leakage_accounting=exact_internal_transcript,16,60,real_data,4,seeded_random,1,624abde0af86ab7f
real_typeii_20db_d8_bw120_blk0,cascade_lite,0,True,False,0.21875,0.09375,0.046875,0.03125,264.0,34,0.6653000018559396,4,99,198,34,32,0,12,12,"8,4,16,13",4,leakage_accounting=exact_internal_transcript,8,120,real_data,4,identity,0,de9542c356f237d9
real_typeii_20db_d8_bw120_blk0,cascade_lite,1,True,False,0.046875,0.020833333333333332,0.015625,0.010416666666666666,236.0,6,0.4015000013168901,4,99,198,6,32,0,2,2,"8,4,16,13",4,leakage_accounting=exact_internal_transcript,8,120,real_data,4,identity,0,de9542c356f237d9
real_typeii_20db_d8_bw120_blk0,cascade_lite,2,True,True,0.109375,0.036458333333333336,0.0,0.0,249.0,19,0.45590000809170306,4,99,198,19,32,0,7,7,"8,4,16,13",4,leakage_accounting=exact_internal_transcript,8,120,real_data,4,identity,0,de9542c356f237d9
real_typeii_20db_d8_bw120_blk0,cascade_lite,3,True,False,0.125,0.046875,0.015625,0.010416666666666666,249.0,19,0.4332000098656863,4,99,198,19,32,0,7,7,"8,4,16,13",4,leakage_accounting=exact_internal_transcript,8,120,real_data,4,identity,0,de9542c356f237d9
real_typeii_20db_d8_bw120_blk0,cascade_lite,0,True,False,0.21875,0.09375,0.046875,0.03125,264.0,34,0.5855000053998083,4,99,198,34,32,0,12,12,"8,4,16,13",4,leakage_accounting=exact_internal_transcript,8,120,real_data,4,identity,1,9d564316fde14cb8
real_typeii_20db_d8_bw120_blk0,cascade_lite,1,True,False,0.046875,0.020833333333333332,0.015625,0.010416666666666666,236.0,6,0.3378000110387802,4,99,198,6,32,0,2,2,"8,4,16,13",4,leakage_accounting=exact_internal_transcript,8,120,real_data,4,identity,1,9d564316fde14cb8
real_typeii_20db_d8_bw120_blk0,cascade_lite,2,True,True,0.109375,0.036458333333333336,0.0,0.0,249.0,19,0.4054000019095838,4,99,198,19,32,0,7,7,"8,4,16,13",4,leakage_accounting=exact_internal_transcript,8,120,real_data,4,identity,1,9d564316fde14cb8
real_typeii_20db_d8_bw120_blk0,cascade_lite,3,True,False,0.125,0.046875,0.015625,0.010416666666666666,249.0,19,0.3978000022470951,4,99,198,19,32,0,7,7,"8,4,16,13",4,leakage_accounting=exact_internal_transcript,8,120,real_data,4,identity,1,9d564316fde14cb8
real_typeii_20db_d16_bw60_blk0,cascade_lite,0,True,False,0.296875,0.09375,0.09375,0.02734375,157.0,73,36.76950000226498,2,26,52,73,32,0,17,17,"16,32,64,128",2,leakage_accounting=exact_internal_transcript,16,60,real_data,4,seeded_random,0,dd7816676bf6e07b
real_typeii_20db_d16_bw60_blk0,cascade_lite,1,True,False,0.171875,0.046875,0.0625,0.015625,114.0,34,4.53069998184219,2,24,48,34,32,0,8,8,"16,32,64,128",2,leakage_accounting=exact_internal_transcript,16,60,real_data,4,seeded_random,0,dd7816676bf6e07b
real_typeii_20db_d16_bw60_blk0,cascade_lite,2,True,False,0.21875,0.0546875,0.03125,0.0078125,130.0,50,36.97080002166331,2,24,48,50,32,0,12,12,"16,32,64,128",2,leakage_accounting=exact_internal_transcript,16,60,real_data,4,seeded_random,0,dd7816676bf6e07b
real_typeii_20db_d16_bw60_blk0,cascade_lite,3,True,False,0.265625,0.0703125,0.0625,0.015625,144.0,60,1.936800021212548,2,26,52,60,32,0,14,14,"16,32,64,128",2,leakage_accounting=exact_internal_transcript,16,60,real_data,4,seeded_random,0,dd7816676bf6e07b
real_typeii_20db_d8_bw120_blk0,cascade_lite,0,True,False,0.21875,0.09375,0.046875,0.03125,210.0,34,0.5253999843262136,2,72,144,34,32,0,12,12,"8,4,16,13",2,leakage_accounting=exact_internal_transcript,8,120,real_data,4,identity,0,a13ee2a8e214a2c1
real_typeii_20db_d8_bw120_blk0,cascade_lite,1,True,False,0.046875,0.020833333333333332,0.015625,0.010416666666666666,182.0,6,0.287600007141009,2,72,144,6,32,0,2,2,"8,4,16,13",2,leakage_accounting=exact_internal_transcript,8,120,real_data,4,identity,0,a13ee2a8e214a2c1
real_typeii_20db_d8_bw120_blk0,cascade_lite,2,True,True,0.109375,0.036458333333333336,0.0,0.0,195.0,19,0.36849998286925256,2,72,144,19,32,0,7,7,"8,4,16,13",2,leakage_accounting=exact_internal_transcript,8,120,real_data,4,identity,0,a13ee2a8e214a2c1
real_typeii_20db_d8_bw120_blk0,cascade_lite,3,True,False,0.125,0.046875,0.015625,0.010416666666666666,195.0,19,0.4428999964147806,2,72,144,19,32,0,7,7,"8,4,16,13",2,leakage_accounting=exact_internal_transcript,8,120,real_data,4,identity,0,a13ee2a8e214a2c1
real_typeii_20db_d8_bw120_blk0,cascade_lite,0,True,False,0.21875,0.09375,0.0625,0.041666666666666664,164.0,36,0.4393999988678843,2,48,96,36,32,0,10,10,"12,6,24,13",2,leakage_accounting=exact_internal_transcript,8,120,real_data,4,identity,0,979209ff46816fd4
real_typeii_20db_d8_bw120_blk0,cascade_lite,1,True,False,0.046875,0.020833333333333332,0.015625,0.010416666666666666,136.0,8,0.23070001043379307,2,48,96,8,32,0,2,2,"12,6,24,13",2,leakage_accounting=exact_internal_transcript,8,120,real_data,4,identity,0,979209ff46816fd4
real_typeii_20db_d8_bw120_blk0,cascade_lite,2,True,False,0.109375,0.036458333333333336,0.03125,0.010416666666666666,148.0,20,0.30789998709224164,2,48,96,20,32,0,5,5,"12,6,24,13",2,leakage_accounting=exact_internal_transcript,8,120,real_data,4,identity,0,979209ff46816fd4
real_typeii_20db_d8_bw120_blk0,cascade_lite,3,True,False,0.125,0.046875,0.046875,0.020833333333333332,146.0,18,0.25749998167157173,2,48,96,18,32,0,5,5,"12,6,24,13",2,leakage_accounting=exact_internal_transcript,8,120,real_data,4,identity,0,979209ff46816fd4
real_typeii_20db_d16_bw60_blk0,cascade_lite,0,True,True,0.296875,0.09375,0.0,0.0,271.0,79,36.11290000844747,3,80,160,79,32,0,24,24,"12,6,24,13",3,leakage_accounting=exact_internal_transcript,16,60,real_data,4,seeded_random,1,8423d62fa77f89d5
real_typeii_20db_d16_bw60_blk0,cascade_lite,1,True,False,0.171875,0.046875,0.03125,0.0078125,134.0,46,9.497599996393546,3,28,56,46,32,0,10,10,"12,6,24,13",3,leakage_accounting=exact_internal_transcript,16,60,real_data,4,seeded_random,1,8423d62fa77f89d5
real_typeii_20db_d16_bw60_blk0,cascade_lite,2,True,False,0.21875,0.0546875,0.03125,0.0078125,142.0,54,14.615500025684014,3,28,56,54,32,0,12,12,"12,6,24,13",3,leakage_accounting=exact_internal_transcript,16,60,real_data,4,seeded_random,1,8423d62fa77f89d5
real_typeii_20db_d16_bw60_blk0,cascade_lite,3,True,False,0.265625,0.0703125,0.09375,0.0234375,143.0,53,40.7474999956321,3,29,58,53,32,0,12,12,"12,6,24,13",3,leakage_accounting=exact_internal_transcript,16,60,real_data,4,seeded_random,1,8423d62fa77f89d5
real_typeii_20db_d8_bw120_blk0,cascade_lite,0,True,True,0.21875,0.09375,0.0,0.0,226.0,50,13.289299997268245,2,72,144,50,32,0,18,18,"8,4,16,13",2,leakage_accounting=exact_internal_transcript,8,120,real_data,4,seeded_random,1,7354d2046d247234
real_typeii_20db_d8_bw120_blk0,cascade_lite,1,True,True,0.046875,0.020833333333333332,0.0,0.0,188.0,12,14.777300006244332,2,72,144,12,32,0,4,4,"8,4,16,13",2,leakage_accounting=exact_internal_transcript,8,120,real_data,4,seeded_random,1,7354d2046d247234
real_typeii_20db_d8_bw120_blk0,cascade_lite,2,True,False,0.109375,0.036458333333333336,0.03125,0.010416666666666666,189.0,13,9.776699997019023,2,72,144,13,32,0,5,5,"8,4,16,13",2,leakage_accounting=exact_internal_transcript,8,120,real_data,4,seeded_random,1,7354d2046d247234
real_typeii_20db_d8_bw120_blk0,cascade_lite,3,True,True,0.125,0.046875,0.0,0.0,161.0,33,0.5423999973572791,2,48,96,33,32,0,9,9,"8,4,16,13",2,leakage_accounting=exact_internal_transcript,8,120,real_data,4,seeded_random,1,7354d2046d247234
real_typeii_20db_d16_bw60_blk0,cascade_lite,0,True,False,0.296875,0.09375,0.078125,0.0234375,172.0,80,15.082500001881272,3,30,60,80,32,0,18,18,"16,32,64,128",3,leakage_accounting=exact_internal_transcript,16,60,real_data,4,seeded_random,1,29af1beb670bdf02
real_typeii_20db_d16_bw60_blk0,cascade_lite,1,True,False,0.171875,0.046875,0.03125,0.0078125,134.0,46,30.053299997234717,3,28,56,46,32,0,10,10,"16,32,64,128",3,leakage_accounting=exact_internal_transcript,16,60,real_data,4,seeded_random,1,29af1beb670bdf02
real_typeii_20db_d16_bw60_blk0,cascade_lite,2,True,False,0.21875,0.0546875,0.03125,0.0078125,142.0,54,9.380800009239465,3,28,56,54,32,0,12,12,"16,32,64,128",3,leakage_accounting=exact_internal_transcript,16,60,real_data,4,seeded_random,1,29af1beb670bdf02
real_typeii_20db_d16_bw60_blk0,cascade_lite,3,True,False,0.265625,0.0703125,0.09375,0.0234375,143.0,53,20.737599988933653,3,29,58,53,32,0,12,12,"16,32,64,128",3,leakage_accounting=exact_internal_transcript,16,60,real_data,4,seeded_random,1,29af1beb670bdf02
real_typeii_20db_d16_bw60_blk0,cascade_lite,0,True,True,0.296875,0.09375,0.0,0.0,311.0,79,47.45690000709146,4,100,200,79,32,0,24,24,"12,6,24,13",4,leakage_accounting=exact_internal_transcript,16,60,real_data,4,seeded_random,1,9b5934726b7a6d94
real_typeii_20db_d16_bw60_blk0,cascade_lite,1,True,False,0.171875,0.046875,0.03125,0.0078125,138.0,46,25.016300001880154,4,30,60,46,32,0,10,10,"12,6,24,13",4,leakage_accounting=exact_internal_transcript,16,60,real_data,4,seeded_random,1,9b5934726b7a6d94
real_typeii_20db_d16_bw60_blk0,cascade_lite,2,True,True,0.21875,0.0546875,0.0,0.0,160.0,68,37.928300007479265,4,30,60,68,32,0,14,14,"12,6,24,13",4,leakage_accounting=exact_internal_transcript,16,60,real_data,4,seeded_random,1,9b5934726b7a6d94
real_typeii_20db_d16_bw60_blk0,cascade_lite,3,True,False,0.265625,0.0703125,0.046875,0.01171875,168.0,72,0.5853000038769096,4,32,64,72,32,0,15,15,"12,6,24,13",4,leakage_accounting=exact_internal_transcript,16,60,real_data,4,seeded_random,1,9b5934726b7a6d94
real_typeii_20db_d8_bw120_blk0,cascade_lite,0,True,False,0.21875,0.09375,0.0625,0.041666666666666664,180.0,36,0.5005999992135912,3,56,112,36,32,0,10,10,"12,6,24,13",3,leakage_accounting=exact_internal_transcript,8,120,real_data,4,identity,1,7db1c271a29cbcbd
real_typeii_20db_d8_bw120_blk0,cascade_lite,1,True,False,0.046875,0.020833333333333332,0.015625,0.010416666666666666,152.0,8,0.28910001856274903,3,56,112,8,32,0,2,2,"12,6,24,13",3,leakage_accounting=exact_internal_transcript,8,120,real_data,4,identity,1,7db1c271a29cbcbd
real_typeii_20db_d8_bw120_blk0,cascade_lite,2,True,False,0.109375,0.036458333333333336,0.03125,0.010416666666666666,164.0,20,0.32339998870156705,3,56,112,20,32,0,5,5,"12,6,24,13",3,leakage_accounting=exact_internal_transcript,8,120,real_data,4,identity,1,7db1c271a29cbcbd
real_typeii_20db_d8_bw120_blk0,cascade_lite,3,True,False,0.125,0.046875,0.046875,0.020833333333333332,162.0,18,0.3505999920889735,3,56,112,18,32,0,5,5,"12,6,24,13",3,leakage_accounting=exact_internal_transcript,8,120,real_data,4,identity,1,7db1c271a29cbcbd
real_typeii_20db_d8_bw120_blk0,cascade_lite,0,True,True,0.21875,0.09375,0.0,0.0,195.0,61,0.6472000095527619,2,51,102,61,32,0,18,18,"12,6,24,13",2,leakage_accounting=exact_internal_transcript,8,120,real_data,4,seeded_random,0,a8b77a06b4a8c66b
real_typeii_20db_d8_bw120_blk0,cascade_lite,1,True,True,0.046875,0.020833333333333332,0.0,0.0,140.0,12,0.294400000711903,2,48,96,12,32,0,4,4,"12,6,24,13",2,leakage_accounting=exact_internal_transcript,8,120,real_data,4,seeded_random,0,a8b77a06b4a8c66b
real_typeii_20db_d8_bw120_blk0,cascade_lite,2,True,True,0.109375,0.036458333333333336,0.0,0.0,147.0,19,0.32449999707750976,2,48,96,19,32,0,7,7,"12,6,24,13",2,leakage_accounting=exact_internal_transcript,8,120,real_data,4,seeded_random,0,a8b77a06b4a8c66b
real_typeii_20db_d8_bw120_blk0,cascade_lite,3,True,True,0.125,0.046875,0.0,0.0,160.0,32,16.424100002041087,2,48,96,32,32,0,9,9,"12,6,24,13",2,leakage_accounting=exact_internal_transcript,8,120,real_data,4,seeded_random,0,a8b77a06b4a8c66b
real_typeii_20db_d16_bw60_blk0,cascade_lite,0,True,True,0.296875,0.09375,0.0,0.0,369.0,67,60.52850000560284,4,135,270,67,32,0,24,24,"8,4,16,13",4,leakage_accounting=exact_internal_transcript,16,60,real_data,4,seeded_random,1,06922f5b1549a72b
real_typeii_20db_d16_bw60_blk0,cascade_lite,1,True,False,0.171875,0.046875,0.03125,0.0078125,138.0,46,5.11150000966154,4,30,60,46,32,0,10,10,"8,4,16,13",4,leakage_accounting=exact_internal_transcript,16,60,real_data,4,seeded_random,1,06922f5b1549a72b
real_typeii_20db_d16_bw60_blk0,cascade_lite,2,True,True,0.21875,0.0546875,0.0,0.0,160.0,68,87.64420001534745,4,30,60,68,32,0,14,14,"8,4,16,13",4,leakage_accounting=exact_internal_transcript,16,60,real_data,4,seeded_random,1,06922f5b1549a72b
real_typeii_20db_d16_bw60_blk0,cascade_lite,3,True,False,0.265625,0.0703125,0.046875,0.01171875,168.0,72,14.10339999711141,4,32,64,72,32,0,15,15,"8,4,16,13",4,leakage_accounting=exact_internal_transcript,16,60,real_data,4,seeded_random,1,06922f5b1549a72b
real_typeii_20db_d8_bw120_blk0,cascade_lite,0,True,True,0.21875,0.09375,0.0,0.0,250.0,50,12.934900005348027,3,84,168,50,32,0,18,18,"8,4,16,13",3,leakage_accounting=exact_internal_transcript,8,120,real_data,4,seeded_random,1,8c14481b3b13ba97
real_typeii_20db_d8_bw120_blk0,cascade_lite,1,True,True,0.046875,0.020833333333333332,0.0,0.0,212.0,12,28.027899999869987,3,84,168,12,32,0,4,4,"8,4,16,13",3,leakage_accounting=exact_internal_transcript,8,120,real_data,4,seeded_random,1,8c14481b3b13ba97
real_typeii_20db_d8_bw120_blk0,cascade_lite,2,True,True,0.109375,0.036458333333333336,0.0,0.0,167.0,23,8.904200018150732,3,56,112,23,32,0,7,7,"8,4,16,13",3,leakage_accounting=exact_internal_transcript,8,120,real_data,4,seeded_random,1,8c14481b3b13ba97
real_typeii_20db_d8_bw120_blk0,cascade_lite,3,True,True,0.125,0.046875,0.0,0.0,177.0,33,6.900100008351728,3,56,112,33,32,0,9,9,"8,4,16,13",3,leakage_accounting=exact_internal_transcript,8,120,real_data,4,seeded_random,1,8c14481b3b13ba97
real_typeii_20db_d8_bw120_blk0,cascade_lite,0,True,False,0.21875,0.09375,0.0625,0.041666666666666664,210.0,36,0.5384999967645854,4,71,142,36,32,0,10,10,"12,6,24,13",4,leakage_accounting=exact_internal_transcript,8,120,real_data,4,identity,0,2faaaa245957cec2
real_typeii_20db_d8_bw120_blk0,cascade_lite,1,True,False,0.046875,0.020833333333333332,0.015625,0.010416666666666666,182.0,8,0.2871000033337623,4,71,142,8,32,0,2,2,"12,6,24,13",4,leakage_accounting=exact_internal_transcript,8,120,real_data,4,identity,0,2faaaa245957cec2
real_typeii_20db_d8_bw120_blk0,cascade_lite,2,True,False,0.109375,0.036458333333333336,0.03125,0.010416666666666666,194.0,20,0.34860000596381724,4,71,142,20,32,0,5,5,"12,6,24,13",4,leakage_accounting=exact_internal_transcript,8,120,real_data,4,identity,0,2faaaa245957cec2
real_typeii_20db_d8_bw120_blk0,cascade_lite,3,True,False,0.125,0.046875,0.046875,0.020833333333333332,192.0,18,0.32110000029206276,4,71,142,18,32,0,5,5,"12,6,24,13",4,leakage_accounting=exact_internal_transcript,8,120,real_data,4,identity,0,2faaaa245957cec2
real_typeii_20db_d8_bw120_blk0,cascade_lite,0,True,False,0.21875,0.09375,0.0625,0.041666666666666664,180.0,36,0.43710001045838,3,56,112,36,32,0,10,10,"12,6,24,13",3,leakage_accounting=exact_internal_transcript,8,120,real_data,4,identity,0,d6871fb94730b51d
real_typeii_20db_d8_bw120_blk0,cascade_lite,1,True,False,0.046875,0.020833333333333332,0.015625,0.010416666666666666,152.0,8,0.24449999909847975,3,56,112,8,32,0,2,2,"12,6,24,13",3,leakage_accounting=exact_internal_transcript,8,120,real_data,4,identity,0,d6871fb94730b51d
real_typeii_20db_d8_bw120_blk0,cascade_lite,2,True,False,0.109375,0.036458333333333336,0.03125,0.010416666666666666,164.0,20,0.2856000210158527,3,56,112,20,32,0,5,5,"12,6,24,13",3,leakage_accounting=exact_internal_transcript,8,120,real_data,4,identity,0,d6871fb94730b51d
real_typeii_20db_d8_bw120_blk0,cascade_lite,3,True,False,0.125,0.046875,0.046875,0.020833333333333332,162.0,18,0.2804000105243176,3,56,112,18,32,0,5,5,"12,6,24,13",3,leakage_accounting=exact_internal_transcript,8,120,real_data,4,identity,0,d6871fb94730b51d
real_typeii_20db_d8_bw120_blk0,cascade_lite,0,True,False,0.21875,0.09375,0.0625,0.041666666666666664,164.0,36,0.4093000025022775,2,48,96,36,32,0,10,10,"12,6,24,13",2,leakage_accounting=exact_internal_transcript,8,120,real_data,4,identity,1,2cca18232a17d99f
real_typeii_20db_d8_bw120_blk0,cascade_lite,1,True,False,0.046875,0.020833333333333332,0.015625,0.010416666666666666,136.0,8,28.387099999235943,2,48,96,8,32,0,2,2,"12,6,24,13",2,leakage_accounting=exact_internal_transcript,8,120,real_data,4,identity,1,2cca18232a17d99f
real_typeii_20db_d8_bw120_blk0,cascade_lite,2,True,False,0.109375,0.036458333333333336,0.03125,0.010416666666666666,148.0,20,0.27299998328089714,2,48,96,20,32,0,5,5,"12,6,24,13",2,leakage_accounting=exact_internal_transcript,8,120,real_data,4,identity,1,2cca18232a17d99f
real_typeii_20db_d8_bw120_blk0,cascade_lite,3,True,False,0.125,0.046875,0.046875,0.020833333333333332,146.0,18,0.2668000233825296,2,48,96,18,32,0,5,5,"12,6,24,13",2,leakage_accounting=exact_internal_transcript,8,120,real_data,4,identity,1,2cca18232a17d99f
real_typeii_20db_d8_bw120_blk0,cascade_lite,0,True,False,0.21875,0.09375,0.171875,0.07291666666666667,84.0,16,0.22250000620260835,2,18,36,16,32,0,4,4,"16,32,64,128",2,leakage_accounting=exact_internal_transcript,8,120,real_data,4,identity,0,7f633f44f9b66e3b
real_typeii_20db_d8_bw120_blk0,cascade_lite,1,True,False,0.046875,0.020833333333333332,0.015625,0.010416666666666666,76.0,8,0.14930000179447234,2,18,36,8,32,0,2,2,"16,32,64,128",2,leakage_accounting=exact_internal_transcript,8,120,real_data,4,identity,0,7f633f44f9b66e3b
real_typeii_20db_d8_bw120_blk0,cascade_lite,2,True,False,0.109375,0.036458333333333336,0.03125,0.010416666666666666,88.0,20,0.19559997599571943,2,18,36,20,32,0,5,5,"16,32,64,128",2,leakage_accounting=exact_internal_transcript,8,120,real_data,4,identity,0,7f633f44f9b66e3b
real_typeii_20db_d8_bw120_blk0,cascade_lite,3,True,False,0.125,0.046875,0.078125,0.03125,80.0,12,0.1509999856352806,2,18,36,12,32,0,3,3,"16,32,64,128",2,leakage_accounting=exact_internal_transcript,8,120,real_data,4,identity,0,7f633f44f9b66e3b
real_typeii_20db_d16_bw60_blk0,cascade_lite,0,True,True,0.296875,0.09375,0.0,0.0,309.0,81,77.08079999429174,4,98,196,81,32,0,24,24,"12,6,24,13",4,leakage_accounting=exact_internal_transcript,16,60,real_data,4,seeded_random,0,7ee822c7f60512c0
real_typeii_20db_d16_bw60_blk0,cascade_lite,1,True,True,0.171875,0.046875,0.0,0.0,152.0,60,33.07279999717139,4,30,60,60,32,0,12,12,"12,6,24,13",4,leakage_accounting=exact_internal_transcript,16,60,real_data,4,seeded_random,0,7ee822c7f60512c0
real_typeii_20db_d16_bw60_blk0,cascade_lite,2,True,True,0.21875,0.0546875,0.0,0.0,156.0,64,21.64779999293387,4,30,60,64,32,0,14,14,"12,6,24,13",4,leakage_accounting=exact_internal_transcript,16,60,real_data,4,seeded_random,0,7ee822c7f60512c0
real_typeii_20db_d16_bw60_blk0,cascade_lite,3,True,True,0.265625,0.0703125,0.0,0.0,184.0,84,17.086999985622242,4,34,68,84,32,0,18,18,"12,6,24,13",4,leakage_accounting=exact_internal_transcript,16,60,real_data,4,seeded_random,0,7ee822c7f60512c0
real_typeii_20db_d8_bw120_blk0,cascade_lite,0,True,True,0.21875,0.09375,0.0,0.0,184.0,56,2.235200023278594,2,48,96,56,32,0,18,18,"12,6,24,13",2,leakage_accounting=exact_internal_transcript,8,120,real_data,4,seeded_random,1,624abde0af86ab7f
real_typeii_20db_d8_bw120_blk0,cascade_lite,1,True,True,0.046875,0.020833333333333332,0.0,0.0,143.0,15,30.11500000138767,2,48,96,15,32,0,4,4,"12,6,24,13",2,leakage_accounting=exact_internal_transcript,8,120,real_data,4,seeded_random,1,624abde0af86ab7f
real_typeii_20db_d8_bw120_blk0,cascade_lite,2,True,True,0.109375,0.036458333333333336,0.0,0.0,151.0,23,9.914399997796863,2,48,96,23,32,0,7,7,"12,6,24,13",2,leakage_accounting=exact_internal_transcript,8,120,real_data,4,seeded_random,1,624abde0af86ab7f
real_typeii_20db_d8_bw120_blk0,cascade_lite,3,True,False,0.125,0.046875,0.015625,0.005208333333333333,104.0,34,0.3524000057950616,2,19,38,34,32,0,8,8,"12,6,24,13",2,leakage_accounting=exact_internal_transcript,8,120,real_data,4,seeded_random,1,624abde0af86ab7f
real_typeii_20db_d16_bw60_blk0,cascade_lite,0,True,True,0.296875,0.09375,0.0,0.0,360.0,64,1.117300009354949,4,132,264,64,32,0,24,24,"8,4,16,13",4,leakage_accounting=exact_internal_transcript,16,60,real_data,4,seeded_random,0,d8c9e97fcf2fa52f
real_typeii_20db_d16_bw60_blk0,cascade_lite,1,True,True,0.171875,0.046875,0.0,0.0,334.0,38,0.7405999931506813,4,132,264,38,32,0,12,12,"8,4,16,13",4,leakage_accounting=exact_internal_transcript,16,60,real_data,4,seeded_random,0,d8c9e97fcf2fa52f
real_typeii_20db_d16_bw60_blk0,cascade_lite,2,True,True,0.21875,0.0546875,0.0,0.0,269.0,45,101.34889997425489,4,96,192,45,32,0,14,14,"8,4,16,13",4,leakage_accounting=exact_internal_transcript,16,60,real_data,4,seeded_random,0,d8c9e97fcf2fa52f
real_typeii_20db_d16_bw60_blk0,cascade_lite,3,True,True,0.265625,0.0703125,0.0,0.0,184.0,84,55.45040001743473,4,34,68,84,32,0,18,18,"8,4,16,13",4,leakage_accounting=exact_internal_transcript,16,60,real_data,4,seeded_random,0,d8c9e97fcf2fa52f
real_typeii_20db_d16_bw60_blk0,cascade_lite,0,True,False,0.296875,0.09375,0.078125,0.0234375,171.0,79,18.987499992363155,3,30,60,79,32,0,18,18,"16,32,64,128",3,leakage_accounting=exact_internal_transcript,16,60,real_data,4,seeded_random,0,7bb66119b31ce8cd
real_typeii_20db_d16_bw60_blk0,cascade_lite,1,True,False,0.171875,0.046875,0.03125,0.0078125,134.0,46,51.24309999519028,3,28,56,46,32,0,10,10,"16,32,64,128",3,leakage_accounting=exact_internal_transcript,16,60,real_data,4,seeded_random,0,7bb66119b31ce8cd
real_typeii_20db_d16_bw60_blk0,cascade_lite,2,True,False,0.21875,0.0546875,0.03125,0.0078125,138.0,50,30.480199988232926,3,28,56,50,32,0,12,12,"16,32,64,128",3,leakage_accounting=exact_internal_transcript,16,60,real_data,4,seeded_random,0,7bb66119b31ce8cd
real_typeii_20db_d16_bw60_blk0,cascade_lite,3,True,False,0.265625,0.0703125,0.015625,0.00390625,171.0,77,13.664999976754189,3,31,62,77,32,0,17,17,"16,32,64,128",3,leakage_accounting=exact_internal_transcript,16,60,real_data,4,seeded_random,0,7bb66119b31ce8cd
real_typeii_20db_d8_bw120_blk0,cascade_lite,0,True,True,0.21875,0.09375,0.0,0.0,223.0,45,40.13099998701364,2,73,146,45,32,0,18,18,"8,4,16,13",2,leakage_accounting=exact_internal_transcript,8,120,real_data,4,seeded_random,0,eb6b9d5df31d86f8
real_typeii_20db_d8_bw120_blk0,cascade_lite,1,True,True,0.046875,0.020833333333333332,0.0,0.0,140.0,12,6.067400012398139,2,48,96,12,32,0,4,4,"8,4,16,13",2,leakage_accounting=exact_internal_transcript,8,120,real_data,4,seeded_random,0,eb6b9d5df31d86f8
real_typeii_20db_d8_bw120_blk0,cascade_lite,2,True,True,0.109375,0.036458333333333336,0.0,0.0,147.0,19,0.3714999766089022,2,48,96,19,32,0,7,7,"8,4,16,13",2,leakage_accounting=exact_internal_transcript,8,120,real_data,4,seeded_random,0,eb6b9d5df31d86f8
real_typeii_20db_d8_bw120_blk0,cascade_lite,3,True,True,0.125,0.046875,0.0,0.0,160.0,32,37.95630001695827,2,48,96,32,32,0,9,9,"8,4,16,13",2,leakage_accounting=exact_internal_transcript,8,120,real_data,4,seeded_random,0,eb6b9d5df31d86f8
real_typeii_20db_d8_bw120_blk0,cascade_lite,0,True,False,0.21875,0.09375,0.171875,0.07291666666666667,84.0,16,0.22560000070370734,2,18,36,16,32,0,4,4,"16,32,64,128",2,leakage_accounting=exact_internal_transcript,8,120,real_data,4,identity,1,b97861b5bfb007df
real_typeii_20db_d8_bw120_blk0,cascade_lite,1,True,False,0.046875,0.020833333333333332,0.015625,0.010416666666666666,76.0,8,0.15949999215081334,2,18,36,8,32,0,2,2,"16,32,64,128",2,leakage_accounting=exact_internal_transcript,8,120,real_data,4,identity,1,b97861b5bfb007df
real_typeii_20db_d8_bw120_blk0,cascade_lite,2,True,False,0.109375,0.036458333333333336,0.03125,0.010416666666666666,88.0,20,0.1959000073838979,2,18,36,20,32,0,5,5,"16,32,64,128",2,leakage_accounting=exact_internal_transcript,8,120,real_data,4,identity,1,b97861b5bfb007df
real_typeii_20db_d8_bw120_blk0,cascade_lite,3,True,False,0.125,0.046875,0.078125,0.03125,80.0,12,0.15839998377487063,2,18,36,12,32,0,3,3,"16,32,64,128",2,leakage_accounting=exact_internal_transcript,8,120,real_data,4,identity,1,b97861b5bfb007df
real_typeii_20db_d8_bw120_blk0,cascade_lite,0,True,False,0.21875,0.09375,0.171875,0.07291666666666667,90.0,16,0.2229000092484057,3,21,42,16,32,0,4,4,"16,32,64,128",3,leakage_accounting=exact_internal_transcript,8,120,real_data,4,identity,0,4e9da68e0f171e1f
real_typeii_20db_d8_bw120_blk0,cascade_lite,1,True,False,0.046875,0.020833333333333332,0.015625,0.010416666666666666,82.0,8,7.209800009150058,3,21,42,8,32,0,2,2,"16,32,64,128",3,leakage_accounting=exact_internal_transcript,8,120,real_data,4,identity,0,4e9da68e0f171e1f
real_typeii_20db_d8_bw120_blk0,cascade_lite,2,True,False,0.109375,0.036458333333333336,0.03125,0.010416666666666666,94.0,20,0.2266999799758196,3,21,42,20,32,0,5,5,"16,32,64,128",3,leakage_accounting=exact_internal_transcript,8,120,real_data,4,identity,0,4e9da68e0f171e1f
real_typeii_20db_d8_bw120_blk0,cascade_lite,3,True,False,0.125,0.046875,0.078125,0.03125,86.0,12,0.17059998936019838,3,21,42,12,32,0,3,3,"16,32,64,128",3,leakage_accounting=exact_internal_transcript,8,120,real_data,4,identity,0,4e9da68e0f171e1f
real_typeii_20db_d8_bw120_blk0,cascade_lite,0,True,False,0.21875,0.09375,0.171875,0.07291666666666667,94.0,16,0.23249999503605068,4,23,46,16,32,0,4,4,"16,32,64,128",4,leakage_accounting=exact_internal_transcript,8,120,real_data,4,identity,0,aeacee9a04c960ac
real_typeii_20db_d8_bw120_blk0,cascade_lite,1,True,False,0.046875,0.020833333333333332,0.015625,0.010416666666666666,86.0,8,0.16460000188089907,4,23,46,8,32,0,2,2,"16,32,64,128",4,leakage_accounting=exact_internal_transcript,8,120,real_data,4,identity,0,aeacee9a04c960ac
real_typeii_20db_d8_bw120_blk0,cascade_lite,2,True,False,0.109375,0.036458333333333336,0.03125,0.010416666666666666,98.0,20,0.22159999934956431,4,23,46,20,32,0,5,5,"16,32,64,128",4,leakage_accounting=exact_internal_transcript,8,120,real_data,4,identity,0,aeacee9a04c960ac
real_typeii_20db_d8_bw120_blk0,cascade_lite,3,True,False,0.125,0.046875,0.078125,0.03125,90.0,12,0.19290001364424825,4,23,46,12,32,0,3,3,"16,32,64,128",4,leakage_accounting=exact_internal_transcript,8,120,real_data,4,identity,0,aeacee9a04c960ac
real_typeii_20db_d8_bw120_blk0,cascade_lite,0,True,False,0.21875,0.09375,0.171875,0.07291666666666667,94.0,16,0.24449999909847975,4,23,46,16,32,0,4,4,"16,32,64,128",4,leakage_accounting=exact_internal_transcript,8,120,real_data,4,identity,1,b274fad8603600d1
real_typeii_20db_d8_bw120_blk0,cascade_lite,1,True,False,0.046875,0.020833333333333332,0.015625,0.010416666666666666,86.0,8,0.1703999878372997,4,23,46,8,32,0,2,2,"16,32,64,128",4,leakage_accounting=exact_internal_transcript,8,120,real_data,4,identity,1,b274fad8603600d1
real_typeii_20db_d8_bw120_blk0,cascade_lite,2,True,False,0.109375,0.036458333333333336,0.03125,0.010416666666666666,98.0,20,0.23139998666010797,4,23,46,20,32,0,5,5,"16,32,64,128",4,leakage_accounting=exact_internal_transcript,8,120,real_data,4,identity,1,b274fad8603600d1
real_typeii_20db_d8_bw120_blk0,cascade_lite,3,True,False,0.125,0.046875,0.078125,0.03125,90.0,12,0.18539998563937843,4,23,46,12,32,0,3,3,"16,32,64,128",4,leakage_accounting=exact_internal_transcript,8,120,real_data,4,identity,1,b274fad8603600d1
real_typeii_20db_d8_bw120_blk0,cascade_lite,0,True,False,0.21875,0.09375,0.0625,0.041666666666666664,210.0,36,20.283599995309487,4,71,142,36,32,0,10,10,"12,6,24,13",4,leakage_accounting=exact_internal_transcript,8,120,real_data,4,identity,1,e94e37ca4f54ec26
real_typeii_20db_d8_bw120_blk0,cascade_lite,1,True,False,0.046875,0.020833333333333332,0.015625,0.010416666666666666,86.0,8,0.16259998665191233,4,23,46,8,32,0,2,2,"12,6,24,13",4,leakage_accounting=exact_internal_transcript,8,120,real_data,4,identity,1,e94e37ca4f54ec26
real_typeii_20db_d8_bw120_blk0,cascade_lite,2,True,False,0.109375,0.036458333333333336,0.03125,0.010416666666666666,98.0,20,0.21249998826533556,4,23,46,20,32,0,5,5,"12,6,24,13",4,leakage_accounting=exact_internal_transcript,8,120,real_data,4,identity,1,e94e37ca4f54ec26
real_typeii_20db_d8_bw120_blk0,cascade_lite,3,True,False,0.125,0.046875,0.078125,0.03125,90.0,12,11.517100007040426,4,23,46,12,32,0,3,3,"12,6,24,13",4,leakage_accounting=exact_internal_transcript,8,120,real_data,4,identity,1,e94e37ca4f54ec26
real_typeii_20db_d8_bw120_blk0,cascade_lite,0,True,True,0.21875,0.09375,0.0,0.0,277.0,45,22.7739000110887,4,100,200,45,32,0,18,18,"8,4,16,13",4,leakage_accounting=exact_internal_transcript,8,120,real_data,4,seeded_random,0,d8c9e97fcf2fa52f
real_typeii_20db_d8_bw120_blk0,cascade_lite,1,True,True,0.046875,0.020833333333333332,0.0,0.0,186.0,12,26.047299994388595,4,71,142,12,32,0,4,4,"8,4,16,13",4,leakage_accounting=exact_internal_transcript,8,120,real_data,4,seeded_random,0,d8c9e97fcf2fa52f
real_typeii_20db_d8_bw120_blk0,cascade_lite,2,True,True,0.109375,0.036458333333333336,0.0,0.0,193.0,19,27.921799977775663,4,71,142,19,32,0,7,7,"8,4,16,13",4,leakage_accounting=exact_internal_transcript,8,120,real_data,4,seeded_random,0,d8c9e97fcf2fa52f
real_typeii_20db_d8_bw120_blk0,cascade_lite,3,True,False,0.125,0.046875,0.03125,0.010416666666666666,110.0,32,2.096200012601912,4,23,46,32,32,0,7,7,"8,4,16,13",4,leakage_accounting=exact_internal_transcript,8,120,real_data,4,seeded_random,0,d8c9e97fcf2fa52f
real_typeii_20db_d8_bw180_blk0,cascade_lite,0,True,False,0.140625,0.0625,0.078125,0.041666666666666664,188.0,12,0.4333999822847545,2,72,144,12,32,0,4,4,"8,4,16,13",2,leakage_accounting=exact_internal_transcript,8,180,real_data,4,identity,0,a13ee2a8e214a2c1
real_typeii_20db_d8_bw180_blk0,cascade_lite,1,True,False,0.046875,0.026041666666666668,0.015625,0.010416666666666666,185.0,9,0.2986000035889447,2,72,144,9,32,0,3,3,"8,4,16,13",2,leakage_accounting=exact_internal_transcript,8,180,real_data,4,identity,0,a13ee2a8e214a2c1
real_typeii_20db_d8_bw180_blk0,cascade_lite,2,True,True,0.046875,0.015625,0.0,0.0,183.0,7,0.29079997329972684,2,72,144,7,32,0,3,3,"8,4,16,13",2,leakage_accounting=exact_internal_transcript,8,180,real_data,4,identity,0,a13ee2a8e214a2c1
real_typeii_20db_d8_bw180_blk0,cascade_lite,3,True,False,0.109375,0.046875,0.015625,0.010416666666666666,193.0,17,0.34210001467727125,2,72,144,17,32,0,7,7,"8,4,16,13",2,leakage_accounting=exact_internal_transcript,8,180,real_data,4,identity,0,a13ee2a8e214a2c1
real_typeii_20db_d8_bw120_blk0,cascade_lite,0,True,False,0.21875,0.09375,0.171875,0.07291666666666667,90.0,16,0.2235999854747206,3,21,42,16,32,0,4,4,"16,32,64,128",3,leakage_accounting=exact_internal_transcript,8,120,real_data,4,identity,1,12e60a79b80aac28
real_typeii_20db_d8_bw120_blk0,cascade_lite,1,True,False,0.046875,0.020833333333333332,0.015625,0.010416666666666666,82.0,8,0.15570002142339945,3,21,42,8,32,0,2,2,"16,32,64,128",3,leakage_accounting=exact_internal_transcript,8,120,real_data,4,identity,1,12e60a79b80aac28
real_typeii_20db_d8_bw120_blk0,cascade_lite,2,True,False,0.109375,0.036458333333333336,0.03125,0.010416666666666666,94.0,20,0.19940000493079424,3,21,42,20,32,0,5,5,"16,32,64,128",3,leakage_accounting=exact_internal_transcript,8,120,real_data,4,identity,1,12e60a79b80aac28
real_typeii_20db_d8_bw120_blk0,cascade_lite,3,True,False,0.125,0.046875,0.078125,0.03125,86.0,12,0.16070000128820539,3,21,42,12,32,0,3,3,"16,32,64,128",3,leakage_accounting=exact_internal_transcript,8,120,real_data,4,identity,1,12e60a79b80aac28
real_typeii_20db_d8_bw120_blk0,cascade_lite,0,True,False,0.21875,0.09375,0.109375,0.041666666666666664,119.0,43,0.42230001417919993,3,22,44,43,32,0,10,10,"16,32,64,128",3,leakage_accounting=exact_internal_transcript,8,120,real_data,4,seeded_random,1,29af1beb670bdf02
real_typeii_20db_d8_bw120_blk0,cascade_lite,1,True,True,0.046875,0.020833333333333332,0.0,0.0,90.0,16,14.295599976321682,3,21,42,16,32,0,4,4,"16,32,64,128",3,leakage_accounting=exact_internal_transcript,8,120,real_data,4,seeded_random,1,29af1beb670bdf02
real_typeii_20db_d8_bw120_blk0,cascade_lite,2,True,True,0.109375,0.036458333333333336,0.0,0.0,109.0,33,3.9163000183179975,3,22,44,33,32,0,7,7,"16,32,64,128",3,leakage_accounting=exact_internal_transcript,8,120,real_data,4,seeded_random,1,29af1beb670bdf02
real_typeii_20db_d8_bw120_blk0,cascade_lite,3,True,True,0.125,0.046875,0.0,0.0,116.0,40,3.514700016239658,3,22,44,40,32,0,9,9,"16,32,64,128",3,leakage_accounting=exact_internal_transcript,8,120,real_data,4,seeded_random,1,29af1beb670bdf02
real_typeii_20db_d8_bw180_blk0,cascade_lite,0,True,True,0.140625,0.0625,0.0,0.0,206.0,30,0.5540999991353601,2,72,144,30,32,0,12,12,"8,4,16,13",2,leakage_accounting=exact_internal_transcript,8,180,real_data,4,seeded_random,1,7354d2046d247234
real_typeii_20db_d8_bw180_blk0,cascade_lite,1,True,True,0.046875,0.026041666666666668,0.0,0.0,191.0,15,0.36330000148154795,2,72,144,15,32,0,5,5,"8,4,16,13",2,leakage_accounting=exact_internal_transcript,8,180,real_data,4,seeded_random,1,7354d2046d247234
real_typeii_20db_d8_bw180_blk0,cascade_lite,2,True,True,0.046875,0.015625,0.0,0.0,185.0,9,0.3384999872650951,2,72,144,9,32,0,3,3,"8,4,16,13",2,leakage_accounting=exact_internal_transcript,8,180,real_data,4,seeded_random,1,7354d2046d247234
real_typeii_20db_d8_bw180_blk0,cascade_lite,3,True,True,0.109375,0.046875,0.0,0.0,201.0,25,0.43929999810643494,2,72,144,25,32,0,9,9,"8,4,16,13",2,leakage_accounting=exact_internal_transcript,8,180,real_data,4,seeded_random,1,7354d2046d247234
real_typeii_20db_d8_bw180_blk0,cascade_lite,0,True,False,0.140625,0.0625,0.078125,0.041666666666666664,188.0,12,0.3302000113762915,2,72,144,12,32,0,4,4,"8,4,16,13",2,leakage_accounting=exact_internal_transcript,8,180,real_data,4,identity,1,3f252f07ce424b12
real_typeii_20db_d8_bw180_blk0,cascade_lite,1,True,False,0.046875,0.026041666666666668,0.015625,0.010416666666666666,185.0,9,0.27889999910257757,2,72,144,9,32,0,3,3,"8,4,16,13",2,leakage_accounting=exact_internal_transcript,8,180,real_data,4,identity,1,3f252f07ce424b12
real_typeii_20db_d8_bw180_blk0,cascade_lite,2,True,True,0.046875,0.015625,0.0,0.0,183.0,7,0.3601999778766185,2,72,144,7,32,0,3,3,"8,4,16,13",2,leakage_accounting=exact_internal_transcript,8,180,real_data,4,identity,1,3f252f07ce424b12
real_typeii_20db_d8_bw180_blk0,cascade_lite,3,True,False,0.109375,0.046875,0.015625,0.010416666666666666,193.0,17,0.34580001374706626,2,72,144,17,32,0,7,7,"8,4,16,13",2,leakage_accounting=exact_internal_transcript,8,180,real_data,4,identity,1,3f252f07ce424b12
real_typeii_20db_d8_bw120_blk0,cascade_lite,0,True,True,0.21875,0.09375,0.0,0.0,280.0,50,20.785800006706268,4,99,198,50,32,0,18,18,"8,4,16,13",4,leakage_accounting=exact_internal_transcript,8,120,real_data,4,seeded_random,1,06922f5b1549a72b
real_typeii_20db_d8_bw120_blk0,cascade_lite,1,True,True,0.046875,0.020833333333333332,0.0,0.0,189.0,15,11.862700019264594,4,71,142,15,32,0,4,4,"8,4,16,13",4,leakage_accounting=exact_internal_transcript,8,120,real_data,4,seeded_random,1,06922f5b1549a72b
real_typeii_20db_d8_bw120_blk0,cascade_lite,2,True,True,0.109375,0.036458333333333336,0.0,0.0,197.0,23,26.755600003525615,4,71,142,23,32,0,7,7,"8,4,16,13",4,leakage_accounting=exact_internal_transcript,8,120,real_data,4,seeded_random,1,06922f5b1549a72b
real_typeii_20db_d8_bw120_blk0,cascade_lite,3,True,True,0.125,0.046875,0.0,0.0,120.0,40,31.553999986499548,4,24,48,40,32,0,9,9,"8,4,16,13",4,leakage_accounting=exact_internal_transcript,8,120,real_data,4,seeded_random,1,06922f5b1549a72b
real_typeii_20db_d8_bw120_blk0,cascade_lite,0,True,False,0.21875,0.09375,0.109375,0.041666666666666664,113.0,43,7.334499998250976,2,19,38,43,32,0,10,10,"16,32,64,128",2,leakage_accounting=exact_internal_transcript,8,120,real_data,4,seeded_random,1,681ccb6691fc7891
real_typeii_20db_d8_bw120_blk0,cascade_lite,1,True,True,0.046875,0.020833333333333332,0.0,0.0,84.0,16,1.050899998517707,2,18,36,16,32,0,4,4,"16,32,64,128",2,leakage_accounting=exact_internal_transcript,8,120,real_data,4,seeded_random,1,681ccb6691fc7891
real_typeii_20db_d8_bw120_blk0,cascade_lite,2,True,False,0.109375,0.036458333333333336,0.03125,0.010416666666666666,90.0,22,24.14719999069348,2,18,36,22,32,0,5,5,"16,32,64,128",2,leakage_accounting=exact_internal_transcript,8,120,real_data,4,seeded_random,1,681ccb6691fc7891
real_typeii_20db_d8_bw120_blk0,cascade_lite,3,True,False,0.125,0.046875,0.015625,0.005208333333333333,104.0,34,16.064600000390783,2,19,38,34,32,0,8,8,"16,32,64,128",2,leakage_accounting=exact_internal_transcript,8,120,real_data,4,seeded_random,1,681ccb6691fc7891
real_typeii_20db_d8_bw120_blk0,cascade_lite,0,True,False,0.21875,0.09375,0.109375,0.036458333333333336,118.0,48,2.055399992968887,2,19,38,48,32,0,11,11,"16,32,64,128",2,leakage_accounting=exact_internal_transcript,8,120,real_data,4,seeded_random,0,dd7816676bf6e07b
real_typeii_20db_d8_bw120_blk0,cascade_lite,1,True,True,0.046875,0.020833333333333332,0.0,0.0,86.0,18,5.411399994045496,2,18,36,18,32,0,4,4,"16,32,64,128",2,leakage_accounting=exact_internal_transcript,8,120,real_data,4,seeded_random,0,dd7816676bf6e07b
real_typeii_20db_d8_bw120_blk0,cascade_lite,2,True,True,0.109375,0.036458333333333336,0.0,0.0,99.0,29,1.4330999983940274,2,19,38,29,32,0,7,7,"16,32,64,128",2,leakage_accounting=exact_internal_transcript,8,120,real_data,4,seeded_random,0,dd7816676bf6e07b
real_typeii_20db_d8_bw120_blk0,cascade_lite,3,True,False,0.125,0.046875,0.0625,0.020833333333333332,88.0,20,7.838599995011464,2,18,36,20,32,0,5,5,"16,32,64,128",2,leakage_accounting=exact_internal_transcript,8,120,real_data,4,seeded_random,0,dd7816676bf6e07b
real_typeii_20db_d8_bw120_blk0,cascade_lite,0,True,True,0.21875,0.09375,0.0,0.0,247.0,45,27.616300008958206,3,85,170,45,32,0,18,18,"8,4,16,13",3,leakage_accounting=exact_internal_transcript,8,120,real_data,4,seeded_random,0,1cdb1b55b06d0718
real_typeii_20db_d8_bw120_blk0,cascade_lite,1,True,True,0.046875,0.020833333333333332,0.0,0.0,156.0,12,39.21790001913905,3,56,112,12,32,0,4,4,"8,4,16,13",3,leakage_accounting=exact_internal_transcript,8,120,real_data,4,seeded_random,0,1cdb1b55b06d0718
real_typeii_20db_d8_bw120_blk0,cascade_lite,2,True,True,0.109375,0.036458333333333336,0.0,0.0,163.0,19,19.204900017939508,3,56,112,19,32,0,7,7,"8,4,16,13",3,leakage_accounting=exact_internal_transcript,8,120,real_data,4,seeded_random,0,1cdb1b55b06d0718
real_typeii_20db_d8_bw120_blk0,cascade_lite,3,True,False,0.125,0.046875,0.03125,0.010416666666666666,106.0,32,20.17199998954311,3,21,42,32,32,0,7,7,"8,4,16,13",3,leakage_accounting=exact_internal_transcript,8,120,real_data,4,seeded_random,0,1cdb1b55b06d0718
real_typeii_20db_d8_bw180_blk0,cascade_lite,0,True,False,0.140625,0.0625,0.078125,0.041666666666666664,212.0,12,0.35909999860450625,3,84,168,12,32,0,4,4,"8,4,16,13",3,leakage_accounting=exact_internal_transcript,8,180,real_data,4,identity,1,980002d4a26462ee
real_typeii_20db_d8_bw180_blk0,cascade_lite,1,True,False,0.046875,0.026041666666666668,0.015625,0.010416666666666666,209.0,9,0.31030000536702573,3,84,168,9,32,0,3,3,"8,4,16,13",3,leakage_accounting=exact_internal_transcript,8,180,real_data,4,identity,1,980002d4a26462ee
real_typeii_20db_d8_bw180_blk0,cascade_lite,2,True,True,0.046875,0.015625,0.0,0.0,207.0,7,0.32369999098591506,3,84,168,7,32,0,3,3,"8,4,16,13",3,leakage_accounting=exact_internal_transcript,8,180,real_data,4,identity,1,980002d4a26462ee
real_typeii_20db_d8_bw180_blk0,cascade_lite,3,True,False,0.109375,0.046875,0.015625,0.010416666666666666,217.0,17,0.3651999868452549,3,84,168,17,32,0,7,7,"8,4,16,13",3,leakage_accounting=exact_internal_transcript,8,180,real_data,4,identity,1,980002d4a26462ee
real_typeii_20db_d8_bw180_blk0,cascade_lite,0,True,False,0.140625,0.0625,0.078125,0.041666666666666664,212.0,12,0.3586999955587089,3,84,168,12,32,0,4,4,"8,4,16,13",3,leakage_accounting=exact_internal_transcript,8,180,real_data,4,identity,0,3126004ba81eb888
real_typeii_20db_d8_bw180_blk0,cascade_lite,1,True,False,0.046875,0.026041666666666668,0.015625,0.010416666666666666,209.0,9,0.31209998996928334,3,84,168,9,32,0,3,3,"8,4,16,13",3,leakage_accounting=exact_internal_transcript,8,180,real_data,4,identity,0,3126004ba81eb888
real_typeii_20db_d8_bw180_blk0,cascade_lite,2,True,True,0.046875,0.015625,0.0,0.0,207.0,7,0.3004999889526516,3,84,168,7,32,0,3,3,"8,4,16,13",3,leakage_accounting=exact_internal_transcript,8,180,real_data,4,identity,0,3126004ba81eb888
real_typeii_20db_d8_bw180_blk0,cascade_lite,3,True,False,0.109375,0.046875,0.015625,0.010416666666666666,217.0,17,0.368200009688735,3,84,168,17,32,0,7,7,"8,4,16,13",3,leakage_accounting=exact_internal_transcript,8,180,real_data,4,identity,0,3126004ba81eb888
real_typeii_20db_d8_bw180_blk0,cascade_lite,0,True,False,0.140625,0.0625,0.0625,0.03125,250.0,20,0.43590000132098794,4,99,198,20,32,0,6,6,"8,4,16,13",4,leakage_accounting=exact_internal_transcript,8,180,real_data,4,identity,1,9d564316fde14cb8
real_typeii_20db_d8_bw180_blk0,cascade_lite,1,True,False,0.046875,0.026041666666666668,0.015625,0.010416666666666666,239.0,9,0.3573999856598675,4,99,198,9,32,0,3,3,"8,4,16,13",4,leakage_accounting=exact_internal_transcript,8,180,real_data,4,identity,1,9d564316fde14cb8
real_typeii_20db_d8_bw180_blk0,cascade_lite,2,True,True,0.046875,0.015625,0.0,0.0,237.0,7,0.3396000247448683,4,99,198,7,32,0,3,3,"8,4,16,13",4,leakage_accounting=exact_internal_transcript,8,180,real_data,4,identity,1,9d564316fde14cb8
real_typeii_20db_d8_bw180_blk0,cascade_lite,3,True,False,0.109375,0.046875,0.015625,0.010416666666666666,247.0,17,0.3958999877795577,4,99,198,17,32,0,7,7,"8,4,16,13",4,leakage_accounting=exact_internal_transcript,8,180,real_data,4,identity,1,9d564316fde14cb8
real_typeii_20db_d8_bw180_blk0,cascade_lite,0,True,False,0.140625,0.0625,0.046875,0.03125,149.0,21,0.3155000158585608,2,48,96,21,32,0,6,6,"12,6,24,13",2,leakage_accounting=exact_internal_transcript,8,180,real_data,4,identity,0,979209ff46816fd4
real_typeii_20db_d8_bw180_blk0,cascade_lite,1,True,False,0.046875,0.026041666666666668,0.03125,0.020833333333333332,132.0,4,0.27210000553168356,2,48,96,4,32,0,1,1,"12,6,24,13",2,leakage_accounting=exact_internal_transcript,8,180,real_data,4,identity,0,979209ff46816fd4
real_typeii_20db_d8_bw180_blk0,cascade_lite,2,True,True,0.046875,0.015625,0.0,0.0,138.0,10,0.245299976086244,2,48,96,10,32,0,3,3,"12,6,24,13",2,leakage_accounting=exact_internal_transcript,8,180,real_data,4,identity,0,979209ff46816fd4
real_typeii_20db_d8_bw180_blk0,cascade_lite,3,True,False,0.109375,0.046875,0.0625,0.03125,135.0,7,0.21539998124353588,2,48,96,7,32,0,3,3,"12,6,24,13",2,leakage_accounting=exact_internal_transcript,8,180,real_data,4,identity,0,979209ff46816fd4
real_typeii_20db_d8_bw180_blk0,cascade_lite,0,True,False,0.140625,0.0625,0.046875,0.03125,149.0,21,0.308299990138039,2,48,96,21,32,0,6,6,"12,6,24,13",2,leakage_accounting=exact_internal_transcript,8,180,real_data,4,identity,1,2cca18232a17d99f
real_typeii_20db_d8_bw180_blk0,cascade_lite,1,True,False,0.046875,0.026041666666666668,0.03125,0.020833333333333332,132.0,4,0.19859999883919954,2,48,96,4,32,0,1,1,"12,6,24,13",2,leakage_accounting=exact_internal_transcript,8,180,real_data,4,identity,1,2cca18232a17d99f
real_typeii_20db_d8_bw180_blk0,cascade_lite,2,True,True,0.046875,0.015625,0.0,0.0,138.0,10,0.22069999249652028,2,48,96,10,32,0,3,3,"12,6,24,13",2,leakage_accounting=exact_internal_transcript,8,180,real_data,4,identity,1,2cca18232a17d99f
real_typeii_20db_d8_bw180_blk0,cascade_lite,3,True,False,0.109375,0.046875,0.0625,0.03125,135.0,7,0.21250001736916602,2,48,96,7,32,0,3,3,"12,6,24,13",2,leakage_accounting=exact_internal_transcript,8,180,real_data,4,identity,1,2cca18232a17d99f
real_typeii_20db_d8_bw180_blk0,cascade_lite,0,True,False,0.140625,0.0625,0.0625,0.03125,250.0,20,0.4527999844867736,4,99,198,20,32,0,6,6,"8,4,16,13",4,leakage_accounting=exact_internal_transcript,8,180,real_data,4,identity,0,de9542c356f237d9
real_typeii_20db_d8_bw180_blk0,cascade_lite,1,True,False,0.046875,0.026041666666666668,0.03125,0.020833333333333332,178.0,4,19.06360001885332,4,71,142,4,32,0,1,1,"8,4,16,13",4,leakage_accounting=exact_internal_transcript,8,180,real_data,4,identity,0,de9542c356f237d9
real_typeii_20db_d8_bw180_blk0,cascade_lite,2,True,True,0.046875,0.015625,0.0,0.0,184.0,10,0.3047000209335238,4,71,142,10,32,0,3,3,"8,4,16,13",4,leakage_accounting=exact_internal_transcript,8,180,real_data,4,identity,0,de9542c356f237d9
real_typeii_20db_d8_bw180_blk0,cascade_lite,3,True,False,0.109375,0.046875,0.0625,0.03125,181.0,7,0.2775999892037362,4,71,142,7,32,0,3,3,"8,4,16,13",4,leakage_accounting=exact_internal_transcript,8,180,real_data,4,identity,0,de9542c356f237d9
real_typeii_20db_d8_bw120_blk0,cascade_lite,0,True,True,0.21875,0.09375,0.0,0.0,173.0,85,22.996599989710376,4,28,56,85,32,0,18,18,"16,32,64,128",4,leakage_accounting=exact_internal_transcript,8,120,real_data,4,seeded_random,0,3ddb0e813f8c9fa7
real_typeii_20db_d8_bw120_blk0,cascade_lite,1,True,True,0.046875,0.020833333333333332,0.0,0.0,96.0,18,13.762299990048632,4,23,46,18,32,0,4,4,"16,32,64,128",4,leakage_accounting=exact_internal_transcript,8,120,real_data,4,seeded_random,0,3ddb0e813f8c9fa7
real_typeii_20db_d8_bw120_blk0,cascade_lite,2,True,True,0.109375,0.036458333333333336,0.0,0.0,109.0,29,4.820799978915602,4,24,48,29,32,0,7,7,"16,32,64,128",4,leakage_accounting=exact_internal_transcript,8,120,real_data,4,seeded_random,0,3ddb0e813f8c9fa7
real_typeii_20db_d8_bw120_blk0,cascade_lite,3,True,False,0.125,0.046875,0.03125,0.010416666666666666,110.0,32,15.009400027338415,4,23,46,32,32,0,7,7,"16,32,64,128",4,leakage_accounting=exact_internal_transcript,8,120,real_data,4,seeded_random,0,3ddb0e813f8c9fa7
real_typeii_20db_d8_bw180_blk0,cascade_lite,0,True,False,0.140625,0.0625,0.046875,0.03125,165.0,21,0.36540001747198403,3,56,112,21,32,0,6,6,"12,6,24,13",3,leakage_accounting=exact_internal_transcript,8,180,real_data,4,identity,0,d6871fb94730b51d
real_typeii_20db_d8_bw180_blk0,cascade_lite,1,True,False,0.046875,0.026041666666666668,0.03125,0.020833333333333332,148.0,4,0.2919999824371189,3,56,112,4,32,0,1,1,"12,6,24,13",3,leakage_accounting=exact_internal_transcript,8,180,real_data,4,identity,0,d6871fb94730b51d
real_typeii_20db_d8_bw180_blk0,cascade_lite,2,True,True,0.046875,0.015625,0.0,0.0,154.0,10,0.26110000908374786,3,56,112,10,32,0,3,3,"12,6,24,13",3,leakage_accounting=exact_internal_transcript,8,180,real_data,4,identity,0,d6871fb94730b51d
real_typeii_20db_d8_bw180_blk0,cascade_lite,3,True,False,0.109375,0.046875,0.0625,0.03125,151.0,7,0.2403999969828874,3,56,112,7,32,0,3,3,"12,6,24,13",3,leakage_accounting=exact_internal_transcript,8,180,real_data,4,identity,0,d6871fb94730b51d
real_typeii_20db_d8_bw180_blk0,cascade_lite,0,True,False,0.140625,0.0625,0.046875,0.03125,165.0,21,0.38979999953880906,3,56,112,21,32,0,6,6,"12,6,24,13",3,leakage_accounting=exact_internal_transcript,8,180,real_data,4,identity,1,7db1c271a29cbcbd
real_typeii_20db_d8_bw180_blk0,cascade_lite,1,True,False,0.046875,0.026041666666666668,0.03125,0.020833333333333332,148.0,4,0.23249999503605068,3,56,112,4,32,0,1,1,"12,6,24,13",3,leakage_accounting=exact_internal_transcript,8,180,real_data,4,identity,1,7db1c271a29cbcbd
real_typeii_20db_d8_bw180_blk0,cascade_lite,2,True,True,0.046875,0.015625,0.0,0.0,154.0,10,0.27879999834112823,3,56,112,10,32,0,3,3,"12,6,24,13",3,leakage_accounting=exact_internal_transcript,8,180,real_data,4,identity,1,7db1c271a29cbcbd
real_typeii_20db_d8_bw180_blk0,cascade_lite,3,True,False,0.109375,0.046875,0.0625,0.03125,151.0,7,0.2568999771028757,3,56,112,7,32,0,3,3,"12,6,24,13",3,leakage_accounting=exact_internal_transcript,8,180,real_data,4,identity,1,7db1c271a29cbcbd
real_typeii_20db_d8_bw180_blk0,cascade_lite,0,True,True,0.140625,0.0625,0.0,0.0,232.0,32,14.284500008216128,3,84,168,32,32,0,12,12,"8,4,16,13",3,leakage_accounting=exact_internal_transcript,8,180,real_data,4,seeded_random,0,1cdb1b55b06d0718
real_typeii_20db_d8_bw180_blk0,cascade_lite,1,True,True,0.046875,0.026041666666666668,0.0,0.0,215.0,15,7.989499979885295,3,84,168,15,32,0,5,5,"8,4,16,13",3,leakage_accounting=exact_internal_transcript,8,180,real_data,4,seeded_random,0,1cdb1b55b06d0718
real_typeii_20db_d8_bw180_blk0,cascade_lite,2,True,True,0.046875,0.015625,0.0,0.0,155.0,11,0.33279997296631336,3,56,112,11,32,0,3,3,"8,4,16,13",3,leakage_accounting=exact_internal_transcript,8,180,real_data,4,seeded_random,0,1cdb1b55b06d0718
real_typeii_20db_d8_bw180_blk0,cascade_lite,3,True,True,0.109375,0.046875,0.0,0.0,175.0,31,16.23710000421852,3,56,112,31,32,0,9,9,"8,4,16,13",3,leakage_accounting=exact_internal_transcript,8,180,real_data,4,seeded_random,0,1cdb1b55b06d0718
real_typeii_20db_d8_bw180_blk0,cascade_lite,0,True,True,0.140625,0.0625,0.0,0.0,208.0,32,0.5544000014197081,2,72,144,32,32,0,12,12,"8,4,16,13",2,leakage_accounting=exact_internal_transcript,8,180,real_data,4,seeded_random,0,eb6b9d5df31d86f8
real_typeii_20db_d8_bw180_blk0,cascade_lite,1,True,True,0.046875,0.026041666666666668,0.0,0.0,191.0,15,0.37200000951997936,2,72,144,15,32,0,5,5,"8,4,16,13",2,leakage_accounting=exact_internal_transcript,8,180,real_data,4,seeded_random,0,eb6b9d5df31d86f8
real_typeii_20db_d8_bw180_blk0,cascade_lite,2,True,True,0.046875,0.015625,0.0,0.0,185.0,9,24.369899998418987,2,72,144,9,32,0,3,3,"8,4,16,13",2,leakage_accounting=exact_internal_transcript,8,180,real_data,4,seeded_random,0,eb6b9d5df31d86f8
real_typeii_20db_d8_bw180_blk0,cascade_lite,3,True,True,0.109375,0.046875,0.0,0.0,203.0,27,30.324399995151907,2,72,144,27,32,0,9,9,"8,4,16,13",2,leakage_accounting=exact_internal_transcript,8,180,real_data,4,seeded_random,0,eb6b9d5df31d86f8
real_typeii_20db_d8_bw180_blk0,cascade_lite,0,True,False,0.140625,0.0625,0.046875,0.03125,195.0,21,0.4363000043667853,4,71,142,21,32,0,6,6,"12,6,24,13",4,leakage_accounting=exact_internal_transcript,8,180,real_data,4,identity,0,2faaaa245957cec2
real_typeii_20db_d8_bw180_blk0,cascade_lite,1,True,False,0.046875,0.026041666666666668,0.03125,0.020833333333333332,178.0,4,0.28089998522773385,4,71,142,4,32,0,1,1,"12,6,24,13",4,leakage_accounting=exact_internal_transcript,8,180,real_data,4,identity,0,2faaaa245957cec2
real_typeii_20db_d8_bw180_blk0,cascade_lite,2,True,True,0.046875,0.015625,0.0,0.0,184.0,10,0.30020001577213407,4,71,142,10,32,0,3,3,"12,6,24,13",4,leakage_accounting=exact_internal_transcript,8,180,real_data,4,identity,0,2faaaa245957cec2
real_typeii_20db_d8_bw180_blk0,cascade_lite,3,True,False,0.109375,0.046875,0.0625,0.03125,181.0,7,0.27809999301098287,4,71,142,7,32,0,3,3,"12,6,24,13",4,leakage_accounting=exact_internal_transcript,8,180,real_data,4,identity,0,2faaaa245957cec2
real_typeii_20db_d8_bw180_blk0,cascade_lite,0,True,False,0.140625,0.0625,0.046875,0.03125,195.0,21,0.39709999691694975,4,71,142,21,32,0,6,6,"12,6,24,13",4,leakage_accounting=exact_internal_transcript,8,180,real_data,4,identity,1,e94e37ca4f54ec26
real_typeii_20db_d8_bw180_blk0,cascade_lite,1,True,False,0.046875,0.026041666666666668,0.03125,0.020833333333333332,178.0,4,0.3637000045273453,4,71,142,4,32,0,1,1,"12,6,24,13",4,leakage_accounting=exact_internal_transcript,8,180,real_data,4,identity,1,e94e37ca4f54ec26
real_typeii_20db_d8_bw180_blk0,cascade_lite,2,True,True,0.046875,0.015625,0.0,0.0,184.0,10,0.29919997905381024,4,71,142,10,32,0,3,3,"12,6,24,13",4,leakage_accounting=exact_internal_transcript,8,180,real_data,4,identity,1,e94e37ca4f54ec26
real_typeii_20db_d8_bw180_blk0,cascade_lite,3,True,False,0.109375,0.046875,0.0625,0.03125,181.0,7,0.29719999292865396,4,71,142,7,32,0,3,3,"12,6,24,13",4,leakage_accounting=exact_internal_transcript,8,180,real_data,4,identity,1,e94e37ca4f54ec26
real_typeii_20db_d16_bw60_blk0,cascade_lite,0,True,False,0.296875,0.09375,0.078125,0.0234375,176.0,80,6.012500001816079,4,32,64,80,32,0,18,18,"16,32,64,128",4,leakage_accounting=exact_internal_transcript,16,60,real_data,4,seeded_random,1,29020ebdb18ce89f
real_typeii_20db_d16_bw60_blk0,cascade_lite,1,True,False,0.171875,0.046875,0.03125,0.0078125,138.0,46,65.20710000768304,4,30,60,46,32,0,10,10,"16,32,64,128",4,leakage_accounting=exact_internal_transcript,16,60,real_data,4,seeded_random,1,29020ebdb18ce89f
real_typeii_20db_d16_bw60_blk0,cascade_lite,2,True,True,0.21875,0.0546875,0.0,0.0,160.0,68,97.93649998027831,4,30,60,68,32,0,14,14,"16,32,64,128",4,leakage_accounting=exact_internal_transcript,16,60,real_data,4,seeded_random,1,29020ebdb18ce89f
real_typeii_20db_d16_bw60_blk0,cascade_lite,3,True,False,0.265625,0.0703125,0.046875,0.01171875,168.0,72,35.18510001595132,4,32,64,72,32,0,15,15,"16,32,64,128",4,leakage_accounting=exact_internal_transcript,16,60,real_data,4,seeded_random,1,29020ebdb18ce89f
real_typeii_20db_d8_bw180_blk0,cascade_lite,0,True,True,0.140625,0.0625,0.0,0.0,230.0,30,0.7077999762259424,3,84,168,30,32,0,12,12,"8,4,16,13",3,leakage_accounting=exact_internal_transcript,8,180,real_data,4,seeded_random,1,8c14481b3b13ba97
real_typeii_20db_d8_bw180_blk0,cascade_lite,1,True,True,0.046875,0.026041666666666668,0.0,0.0,215.0,15,9.408500016434118,3,84,168,15,32,0,5,5,"8,4,16,13",3,leakage_accounting=exact_internal_transcript,8,180,real_data,4,seeded_random,1,8c14481b3b13ba97
real_typeii_20db_d8_bw180_blk0,cascade_lite,2,True,True,0.046875,0.015625,0.0,0.0,209.0,9,0.36490001366473734,3,84,168,9,32,0,3,3,"8,4,16,13",3,leakage_accounting=exact_internal_transcript,8,180,real_data,4,seeded_random,1,8c14481b3b13ba97
real_typeii_20db_d8_bw180_blk0,cascade_lite,3,True,True,0.109375,0.046875,0.0,0.0,225.0,25,17.48020001105033,3,84,168,25,32,0,9,9,"8,4,16,13",3,leakage_accounting=exact_internal_transcript,8,180,real_data,4,seeded_random,1,8c14481b3b13ba97
real_typeii_20db_d8_bw120_blk0,cascade_lite,0,True,True,0.21875,0.09375,0.0,0.0,241.0,61,79.56439998815767,4,74,148,61,32,0,18,18,"12,6,24,13",4,leakage_accounting=exact_internal_transcript,8,120,real_data,4,seeded_random,0,7ee822c7f60512c0
real_typeii_20db_d8_bw120_blk0,cascade_lite,1,True,True,0.046875,0.020833333333333332,0.0,0.0,96.0,18,10.761699988506734,4,23,46,18,32,0,4,4,"12,6,24,13",4,leakage_accounting=exact_internal_transcript,8,120,real_data,4,seeded_random,0,7ee822c7f60512c0
real_typeii_20db_d8_bw120_blk0,cascade_lite,2,True,True,0.109375,0.036458333333333336,0.0,0.0,109.0,29,22.488099988549948,4,24,48,29,32,0,7,7,"12,6,24,13",4,leakage_accounting=exact_internal_transcript,8,120,real_data,4,seeded_random,0,7ee822c7f60512c0
real_typeii_20db_d8_bw120_blk0,cascade_lite,3,True,False,0.125,0.046875,0.03125,0.010416666666666666,110.0,32,3.5878999915439636,4,23,46,32,32,0,7,7,"12,6,24,13",4,leakage_accounting=exact_internal_transcript,8,120,real_data,4,seeded_random,0,7ee822c7f60512c0
real_typeii_20db_d8_bw180_blk0,cascade_lite,0,True,False,0.140625,0.0625,0.078125,0.041666666666666664,84.0,16,0.22220000391826034,2,18,36,16,32,0,4,4,"16,32,64,128",2,leakage_accounting=exact_internal_transcript,8,180,real_data,4,identity,1,b97861b5bfb007df
real_typeii_20db_d8_bw180_blk0,cascade_lite,1,True,False,0.046875,0.026041666666666668,0.015625,0.010416666666666666,80.0,12,0.16500000492669642,2,18,36,12,32,0,3,3,"16,32,64,128",2,leakage_accounting=exact_internal_transcript,8,180,real_data,4,identity,1,b97861b5bfb007df
real_typeii_20db_d8_bw180_blk0,cascade_lite,2,True,False,0.046875,0.015625,0.03125,0.010416666666666666,72.0,4,0.13100000796839595,2,18,36,4,32,0,1,1,"16,32,64,128",2,leakage_accounting=exact_internal_transcript,8,180,real_data,4,identity,1,b97861b5bfb007df
real_typeii_20db_d8_bw180_blk0,cascade_lite,3,True,False,0.109375,0.046875,0.078125,0.03125,80.0,12,0.1550000160932541,2,18,36,12,32,0,3,3,"16,32,64,128",2,leakage_accounting=exact_internal_transcript,8,180,real_data,4,identity,1,b97861b5bfb007df
real_typeii_20db_d8_bw120_blk0,cascade_lite,0,True,True,0.21875,0.09375,0.0,0.0,200.0,56,0.7626000151503831,3,56,112,56,32,0,18,18,"12,6,24,13",3,leakage_accounting=exact_internal_transcript,8,120,real_data,4,seeded_random,1,8423d62fa77f89d5
real_typeii_20db_d8_bw120_blk0,cascade_lite,1,True,True,0.046875,0.020833333333333332,0.0,0.0,159.0,15,28.13709998736158,3,56,112,15,32,0,4,4,"12,6,24,13",3,leakage_accounting=exact_internal_transcript,8,120,real_data,4,seeded_random,1,8423d62fa77f89d5
real_typeii_20db_d8_bw120_blk0,cascade_lite,2,True,True,0.109375,0.036458333333333336,0.0,0.0,109.0,33,5.629399995086715,3,22,44,33,32,0,7,7,"12,6,24,13",3,leakage_accounting=exact_internal_transcript,8,120,real_data,4,seeded_random,1,8423d62fa77f89d5
real_typeii_20db_d8_bw120_blk0,cascade_lite,3,True,True,0.125,0.046875,0.0,0.0,116.0,40,102.92309999931604,3,22,44,40,32,0,9,9,"12,6,24,13",3,leakage_accounting=exact_internal_transcript,8,120,real_data,4,seeded_random,1,8423d62fa77f89d5
real_typeii_20db_d8_bw180_blk0,cascade_lite,0,True,False,0.140625,0.0625,0.078125,0.041666666666666664,84.0,16,0.3445000038482249,2,18,36,16,32,0,4,4,"16,32,64,128",2,leakage_accounting=exact_internal_transcript,8,180,real_data,4,identity,0,7f633f44f9b66e3b
real_typeii_20db_d8_bw180_blk0,cascade_lite,1,True,False,0.046875,0.026041666666666668,0.015625,0.010416666666666666,80.0,12,0.19120000069960952,2,18,36,12,32,0,3,3,"16,32,64,128",2,leakage_accounting=exact_internal_transcript,8,180,real_data,4,identity,0,7f633f44f9b66e3b
real_typeii_20db_d8_bw180_blk0,cascade_lite,2,True,False,0.046875,0.015625,0.03125,0.010416666666666666,72.0,4,0.13109997962601483,2,18,36,4,32,0,1,1,"16,32,64,128",2,leakage_accounting=exact_internal_transcript,8,180,real_data,4,identity,0,7f633f44f9b66e3b
real_typeii_20db_d8_bw180_blk0,cascade_lite,3,True,False,0.109375,0.046875,0.078125,0.03125,80.0,12,0.159399991389364,2,18,36,12,32,0,3,3,"16,32,64,128",2,leakage_accounting=exact_internal_transcript,8,180,real_data,4,identity,0,7f633f44f9b66e3b
real_typeii_20db_d8_bw180_blk0,cascade_lite,0,True,False,0.140625,0.0625,0.078125,0.041666666666666664,90.0,16,0.22909999825060368,3,21,42,16,32,0,4,4,"16,32,64,128",3,leakage_accounting=exact_internal_transcript,8,180,real_data,4,identity,0,4e9da68e0f171e1f
real_typeii_20db_d8_bw180_blk0,cascade_lite,1,True,False,0.046875,0.026041666666666668,0.015625,0.010416666666666666,86.0,12,0.1762000028975308,3,21,42,12,32,0,3,3,"16,32,64,128",3,leakage_accounting=exact_internal_transcript,8,180,real_data,4,identity,0,4e9da68e0f171e1f
real_typeii_20db_d8_bw180_blk0,cascade_lite,2,True,False,0.046875,0.015625,0.03125,0.010416666666666666,78.0,4,0.14300001203082502,3,21,42,4,32,0,1,1,"16,32,64,128",3,leakage_accounting=exact_internal_transcript,8,180,real_data,4,identity,0,4e9da68e0f171e1f
real_typeii_20db_d8_bw180_blk0,cascade_lite,3,True,False,0.109375,0.046875,0.078125,0.03125,86.0,12,0.2628999936860055,3,21,42,12,32,0,3,3,"16,32,64,128",3,leakage_accounting=exact_internal_transcript,8,180,real_data,4,identity,0,4e9da68e0f171e1f
real_typeii_20db_d8_bw180_blk0,cascade_lite,0,True,False,0.140625,0.0625,0.078125,0.041666666666666664,90.0,16,0.2504000149201602,3,21,42,16,32,0,4,4,"16,32,64,128",3,leakage_accounting=exact_internal_transcript,8,180,real_data,4,identity,1,12e60a79b80aac28
real_typeii_20db_d8_bw180_blk0,cascade_lite,1,True,False,0.046875,0.026041666666666668,0.015625,0.010416666666666666,86.0,12,0.18259999342262745,3,21,42,12,32,0,3,3,"16,32,64,128",3,leakage_accounting=exact_internal_transcript,8,180,real_data,4,identity,1,12e60a79b80aac28
real_typeii_20db_d8_bw180_blk0,cascade_lite,2,True,False,0.046875,0.015625,0.03125,0.010416666666666666,78.0,4,0.13910001143813133,3,21,42,4,32,0,1,1,"16,32,64,128",3,leakage_accounting=exact_internal_transcript,8,180,real_data,4,identity,1,12e60a79b80aac28
real_typeii_20db_d8_bw180_blk0,cascade_lite,3,True,False,0.109375,0.046875,0.078125,0.03125,86.0,12,0.16789999790489674,3,21,42,12,32,0,3,3,"16,32,64,128",3,leakage_accounting=exact_internal_transcript,8,180,real_data,4,identity,1,12e60a79b80aac28
real_typeii_20db_d8_bw120_blk0,cascade_lite,0,True,False,0.21875,0.09375,0.0625,0.020833333333333332,149.0,65,14.140799990855157,4,26,52,65,32,0,14,14,"16,32,64,128",4,leakage_accounting=exact_internal_transcript,8,120,real_data,4,seeded_random,1,29020ebdb18ce89f
real_typeii_20db_d8_bw120_blk0,cascade_lite,1,True,True,0.046875,0.020833333333333332,0.0,0.0,94.0,16,41.99170001083985,4,23,46,16,32,0,4,4,"16,32,64,128",4,leakage_accounting=exact_internal_transcript,8,120,real_data,4,seeded_random,1,29020ebdb18ce89f
real_typeii_20db_d8_bw120_blk0,cascade_lite,2,True,True,0.109375,0.036458333333333336,0.0,0.0,113.0,33,20.334700006060302,4,24,48,33,32,0,7,7,"16,32,64,128",4,leakage_accounting=exact_internal_transcript,8,120,real_data,4,seeded_random,1,29020ebdb18ce89f
real_typeii_20db_d8_bw120_blk0,cascade_lite,3,True,True,0.125,0.046875,0.0,0.0,120.0,40,13.418500020634383,4,24,48,40,32,0,9,9,"16,32,64,128",4,leakage_accounting=exact_internal_transcript,8,120,real_data,4,seeded_random,1,29020ebdb18ce89f
real_typeii_20db_d16_bw60_blk0,cascade_lite,0,True,False,0.296875,0.09375,0.078125,0.0234375,175.0,79,49.68690001987852,4,32,64,79,32,0,18,18,"16,32,64,128",4,leakage_accounting=exact_internal_transcript,16,60,real_data,4,seeded_random,0,3ddb0e813f8c9fa7
real_typeii_20db_d16_bw60_blk0,cascade_lite,1,True,True,0.171875,0.046875,0.0,0.0,152.0,60,38.51149999536574,4,30,60,60,32,0,12,12,"16,32,64,128",4,leakage_accounting=exact_internal_transcript,16,60,real_data,4,seeded_random,0,3ddb0e813f8c9fa7
real_typeii_20db_d16_bw60_blk0,cascade_lite,2,True,True,0.21875,0.0546875,0.0,0.0,156.0,64,34.333799994783476,4,30,60,64,32,0,14,14,"16,32,64,128",4,leakage_accounting=exact_internal_transcript,16,60,real_data,4,seeded_random,0,3ddb0e813f8c9fa7
real_typeii_20db_d16_bw60_blk0,cascade_lite,3,True,True,0.265625,0.0703125,0.0,0.0,184.0,84,60.34319999162108,4,34,68,84,32,0,18,18,"16,32,64,128",4,leakage_accounting=exact_internal_transcript,16,60,real_data,4,seeded_random,0,3ddb0e813f8c9fa7
real_typeii_20db_d8_bw180_blk0,cascade_lite,0,True,False,0.140625,0.0625,0.078125,0.041666666666666664,94.0,16,0.2376000047661364,4,23,46,16,32,0,4,4,"16,32,64,128",4,leakage_accounting=exact_internal_transcript,8,180,real_data,4,identity,0,aeacee9a04c960ac
real_typeii_20db_d8_bw180_blk0,cascade_lite,1,True,False,0.046875,0.026041666666666668,0.015625,0.010416666666666666,90.0,12,0.2586999908089638,4,23,46,12,32,0,3,3,"16,32,64,128",4,leakage_accounting=exact_internal_transcript,8,180,real_data,4,identity,0,aeacee9a04c960ac
real_typeii_20db_d8_bw180_blk0,cascade_lite,2,True,False,0.046875,0.015625,0.03125,0.010416666666666666,82.0,4,0.1655000087339431,4,23,46,4,32,0,1,1,"16,32,64,128",4,leakage_accounting=exact_internal_transcript,8,180,real_data,4,identity,0,aeacee9a04c960ac
real_typeii_20db_d8_bw180_blk0,cascade_lite,3,True,False,0.109375,0.046875,0.078125,0.03125,90.0,12,0.18239999189972878,4,23,46,12,32,0,3,3,"16,32,64,128",4,leakage_accounting=exact_internal_transcript,8,180,real_data,4,identity,0,aeacee9a04c960ac
real_typeii_20db_d8_bw180_blk0,cascade_lite,0,True,True,0.140625,0.0625,0.0,0.0,168.0,38,3.0660000047646463,2,49,98,38,32,0,12,12,"12,6,24,13",2,leakage_accounting=exact_internal_transcript,8,180,real_data,4,seeded_random,1,624abde0af86ab7f
real_typeii_20db_d8_bw180_blk0,cascade_lite,1,True,True,0.046875,0.026041666666666668,0.0,0.0,144.0,16,43.81229999125935,2,48,96,16,32,0,5,5,"12,6,24,13",2,leakage_accounting=exact_internal_transcript,8,180,real_data,4,seeded_random,1,624abde0af86ab7f
real_typeii_20db_d8_bw180_blk0,cascade_lite,2,True,True,0.046875,0.015625,0.0,0.0,80.0,12,1.724300003843382,2,18,36,12,32,0,3,3,"12,6,24,13",2,leakage_accounting=exact_internal_transcript,8,180,real_data,4,seeded_random,1,624abde0af86ab7f
real_typeii_20db_d8_bw180_blk0,cascade_lite,3,True,True,0.109375,0.046875,0.0,0.0,107.0,37,8.401200000662357,2,19,38,37,32,0,9,9,"12,6,24,13",2,leakage_accounting=exact_internal_transcript,8,180,real_data,4,seeded_random,1,624abde0af86ab7f
real_typeii_20db_d8_bw120_blk0,cascade_lite,0,True,True,0.21875,0.09375,0.0,0.0,211.0,61,17.743000003974885,3,59,118,61,32,0,18,18,"12,6,24,13",3,leakage_accounting=exact_internal_transcript,8,120,real_data,4,seeded_random,0,e41b94e22127bc2a
real_typeii_20db_d8_bw120_blk0,cascade_lite,1,True,True,0.046875,0.020833333333333332,0.0,0.0,92.0,18,22.656399989500642,3,21,42,18,32,0,4,4,"12,6,24,13",3,leakage_accounting=exact_internal_transcript,8,120,real_data,4,seeded_random,0,e41b94e22127bc2a
real_typeii_20db_d8_bw120_blk0,cascade_lite,2,True,True,0.109375,0.036458333333333336,0.0,0.0,105.0,29,53.09659999329597,3,22,44,29,32,0,7,7,"12,6,24,13",3,leakage_accounting=exact_internal_transcript,8,120,real_data,4,seeded_random,0,e41b94e22127bc2a
real_typeii_20db_d8_bw120_blk0,cascade_lite,3,True,False,0.125,0.046875,0.03125,0.010416666666666666,106.0,32,48.99239999940619,3,21,42,32,32,0,7,7,"12,6,24,13",3,leakage_accounting=exact_internal_transcript,8,120,real_data,4,seeded_random,0,e41b94e22127bc2a
real_typeii_20db_d8_bw180_blk0,cascade_lite,0,True,False,0.140625,0.0625,0.078125,0.041666666666666664,94.0,16,0.23010000586509705,4,23,46,16,32,0,4,4,"16,32,64,128",4,leakage_accounting=exact_internal_transcript,8,180,real_data,4,identity,1,b274fad8603600d1
real_typeii_20db_d8_bw180_blk0,cascade_lite,1,True,False,0.046875,0.026041666666666668,0.015625,0.010416666666666666,90.0,12,0.17989997286349535,4,23,46,12,32,0,3,3,"16,32,64,128",4,leakage_accounting=exact_internal_transcript,8,180,real_data,4,identity,1,b274fad8603600d1
real_typeii_20db_d8_bw180_blk0,cascade_lite,2,True,False,0.046875,0.015625,0.03125,0.010416666666666666,82.0,4,0.13959998614154756,4,23,46,4,32,0,1,1,"16,32,64,128",4,leakage_accounting=exact_internal_transcript,8,180,real_data,4,identity,1,b274fad8603600d1
real_typeii_20db_d8_bw180_blk0,cascade_lite,3,True,False,0.109375,0.046875,0.078125,0.03125,90.0,12,0.16609998419880867,4,23,46,12,32,0,3,3,"16,32,64,128",4,leakage_accounting=exact_internal_transcript,8,180,real_data,4,identity,1,b274fad8603600d1
real_typeii_20db_d8_bw180_blk0,cascade_lite,0,True,True,0.140625,0.0625,0.0,0.0,214.0,38,19.986400002380833,4,72,144,38,32,0,12,12,"12,6,24,13",4,leakage_accounting=exact_internal_transcript,8,180,real_data,4,seeded_random,1,9b5934726b7a6d94
real_typeii_20db_d8_bw180_blk0,cascade_lite,1,True,True,0.046875,0.026041666666666668,0.0,0.0,100.0,22,2.0025999983772635,4,23,46,22,32,0,5,5,"12,6,24,13",4,leakage_accounting=exact_internal_transcript,8,180,real_data,4,seeded_random,1,9b5934726b7a6d94
real_typeii_20db_d8_bw180_blk0,cascade_lite,2,True,True,0.046875,0.015625,0.0,0.0,90.0,12,6.482099997811019,4,23,46,12,32,0,3,3,"12,6,24,13",4,leakage_accounting=exact_internal_transcript,8,180,real_data,4,seeded_random,1,9b5934726b7a6d94
real_typeii_20db_d8_bw180_blk0,cascade_lite,3,True,True,0.109375,0.046875,0.0,0.0,117.0,37,9.282499988330528,4,24,48,37,32,0,9,9,"12,6,24,13",4,leakage_accounting=exact_internal_transcript,8,180,real_data,4,seeded_random,1,9b5934726b7a6d94
real_typeii_20db_d8_bw180_blk0,cascade_lite,0,True,True,0.140625,0.0625,0.0,0.0,128.0,50,0.49799997941590846,3,23,46,50,32,0,12,12,"16,32,64,128",3,leakage_accounting=exact_internal_transcript,8,180,real_data,4,seeded_random,0,7bb66119b31ce8cd
real_typeii_20db_d8_bw180_blk0,cascade_lite,1,True,True,0.046875,0.026041666666666668,0.0,0.0,96.0,22,17.617300007259473,3,21,42,22,32,0,5,5,"16,32,64,128",3,leakage_accounting=exact_internal_transcript,8,180,real_data,4,seeded_random,0,7bb66119b31ce8cd
real_typeii_20db_d8_bw180_blk0,cascade_lite,2,True,True,0.046875,0.015625,0.0,0.0,88.0,14,0.2615999837871641,3,21,42,14,32,0,3,3,"16,32,64,128",3,leakage_accounting=exact_internal_transcript,8,180,real_data,4,seeded_random,0,7bb66119b31ce8cd
real_typeii_20db_d8_bw180_blk0,cascade_lite,3,True,True,0.109375,0.046875,0.0,0.0,116.0,42,4.5553999952971935,3,21,42,42,32,0,9,9,"16,32,64,128",3,leakage_accounting=exact_internal_transcript,8,180,real_data,4,seeded_random,0,7bb66119b31ce8cd
real_typeii_20db_d8_bw120_blk0,cascade_lite,0,True,True,0.21875,0.09375,0.0,0.0,230.0,56,48.81889998796396,4,71,142,56,32,0,18,18,"12,6,24,13",4,leakage_accounting=exact_internal_transcript,8,120,real_data,4,seeded_random,1,9b5934726b7a6d94
real_typeii_20db_d8_bw120_blk0,cascade_lite,1,True,True,0.046875,0.020833333333333332,0.0,0.0,94.0,16,15.051399997901171,4,23,46,16,32,0,4,4,"12,6,24,13",4,leakage_accounting=exact_internal_transcript,8,120,real_data,4,seeded_random,1,9b5934726b7a6d94
real_typeii_20db_d8_bw120_blk0,cascade_lite,2,True,True,0.109375,0.036458333333333336,0.0,0.0,113.0,33,12.139700003899634,4,24,48,33,32,0,7,7,"12,6,24,13",4,leakage_accounting=exact_internal_transcript,8,120,real_data,4,seeded_random,1,9b5934726b7a6d94
real_typeii_20db_d8_bw120_blk0,cascade_lite,3,True,True,0.125,0.046875,0.0,0.0,120.0,40,77.92439998593181,4,24,48,40,32,0,9,9,"12,6,24,13",4,leakage_accounting=exact_internal_transcript,8,120,real_data,4,seeded_random,1,9b5934726b7a6d94
real_typeii_20db_d8_bw180_blk0,cascade_lite,0,True,True,0.140625,0.0625,0.0,0.0,167.0,39,0.48630000674165785,2,48,96,39,32,0,12,12,"12,6,24,13",2,leakage_accounting=exact_internal_transcript,8,180,real_data,4,seeded_random,0,a8b77a06b4a8c66b
real_typeii_20db_d8_bw180_blk0,cascade_lite,1,True,True,0.046875,0.026041666666666668,0.0,0.0,144.0,16,14.584599994122982,2,48,96,16,32,0,5,5,"12,6,24,13",2,leakage_accounting=exact_internal_transcript,8,180,real_data,4,seeded_random,0,a8b77a06b4a8c66b
real_typeii_20db_d8_bw180_blk0,cascade_lite,2,True,True,0.046875,0.015625,0.0,0.0,139.0,11,11.754600011045113,2,48,96,11,32,0,3,3,"12,6,24,13",2,leakage_accounting=exact_internal_transcript,8,180,real_data,4,seeded_random,0,a8b77a06b4a8c66b
real_typeii_20db_d8_bw180_blk0,cascade_lite,3,True,True,0.109375,0.046875,0.0,0.0,159.0,31,47.88200001348741,2,48,96,31,32,0,9,9,"12,6,24,13",2,leakage_accounting=exact_internal_transcript,8,180,real_data,4,seeded_random,0,a8b77a06b4a8c66b
real_typeii_20db_d8_bw50_blk0,cascade_lite,0,True,False,0.3125,0.11979166666666667,0.046875,0.020833333333333332,247.0,47,0.7097000197973102,3,84,168,47,32,0,19,19,"8,4,16,13",3,leakage_accounting=exact_internal_transcript,8,50,real_data,4,identity,0,3126004ba81eb888
real_typeii_20db_d8_bw50_blk0,cascade_lite,1,True,False,0.125,0.046875,0.015625,0.010416666666666666,221.0,21,0.3797999816015363,3,84,168,21,32,0,7,7,"8,4,16,13",3,leakage_accounting=exact_internal_transcript,8,50,real_data,4,identity,0,3126004ba81eb888
real_typeii_20db_d8_bw50_blk0,cascade_lite,2,True,False,0.234375,0.078125,0.03125,0.010416666666666666,239.0,39,0.5103999865241349,3,84,168,39,32,0,13,13,"8,4,16,13",3,leakage_accounting=exact_internal_transcript,8,50,real_data,4,identity,0,3126004ba81eb888
real_typeii_20db_d8_bw50_blk0,cascade_lite,3,True,False,0.28125,0.09895833333333333,0.109375,0.041666666666666664,229.0,29,0.44570001773536205,3,84,168,29,32,0,11,11,"8,4,16,13",3,leakage_accounting=exact_internal_transcript,8,50,real_data,4,identity,0,3126004ba81eb888
real_typeii_20db_d8_bw50_blk0,cascade_lite,0,True,False,0.3125,0.11979166666666667,0.046875,0.020833333333333332,247.0,47,0.6987000233493745,3,84,168,47,32,0,19,19,"8,4,16,13",3,leakage_accounting=exact_internal_transcript,8,50,real_data,4,identity,1,980002d4a26462ee
real_typeii_20db_d8_bw50_blk0,cascade_lite,1,True,False,0.125,0.046875,0.015625,0.010416666666666666,221.0,21,0.3850999928545207,3,84,168,21,32,0,7,7,"8,4,16,13",3,leakage_accounting=exact_internal_transcript,8,50,real_data,4,identity,1,980002d4a26462ee
real_typeii_20db_d8_bw50_blk0,cascade_lite,2,True,False,0.234375,0.078125,0.03125,0.010416666666666666,239.0,39,0.505700008943677,3,84,168,39,32,0,13,13,"8,4,16,13",3,leakage_accounting=exact_internal_transcript,8,50,real_data,4,identity,1,980002d4a26462ee
real_typeii_20db_d8_bw50_blk0,cascade_lite,3,True,False,0.28125,0.09895833333333333,0.109375,0.041666666666666664,229.0,29,0.451300002168864,3,84,168,29,32,0,11,11,"8,4,16,13",3,leakage_accounting=exact_internal_transcript,8,50,real_data,4,identity,1,980002d4a26462ee
real_typeii_20db_d8_bw50_blk0,cascade_lite,0,True,False,0.3125,0.11979166666666667,0.046875,0.020833333333333332,223.0,47,0.670300010824576,2,72,144,47,32,0,19,19,"8,4,16,13",2,leakage_accounting=exact_internal_transcript,8,50,real_data,4,identity,0,a13ee2a8e214a2c1
real_typeii_20db_d8_bw50_blk0,cascade_lite,1,True,False,0.125,0.046875,0.015625,0.010416666666666666,197.0,21,0.35570000181905925,2,72,144,21,32,0,7,7,"8,4,16,13",2,leakage_accounting=exact_internal_transcript,8,50,real_data,4,identity,0,a13ee2a8e214a2c1
real_typeii_20db_d8_bw50_blk0,cascade_lite,2,True,False,0.234375,0.078125,0.03125,0.010416666666666666,215.0,39,19.271500001195818,2,72,144,39,32,0,13,13,"8,4,16,13",2,leakage_accounting=exact_internal_transcript,8,50,real_data,4,identity,0,a13ee2a8e214a2c1
real_typeii_20db_d8_bw50_blk0,cascade_lite,3,True,False,0.28125,0.09895833333333333,0.109375,0.041666666666666664,205.0,29,0.5107999895699322,2,72,144,29,32,0,11,11,"8,4,16,13",2,leakage_accounting=exact_internal_transcript,8,50,real_data,4,identity,0,a13ee2a8e214a2c1
real_typeii_20db_d8_bw50_blk0,cascade_lite,0,True,False,0.3125,0.11979166666666667,0.046875,0.020833333333333332,223.0,47,0.6850999779999256,2,72,144,47,32,0,19,19,"8,4,16,13",2,leakage_accounting=exact_internal_transcript,8,50,real_data,4,identity,1,3f252f07ce424b12
real_typeii_20db_d8_bw50_blk0,cascade_lite,1,True,False,0.125,0.046875,0.015625,0.010416666666666666,197.0,21,0.3696999920066446,2,72,144,21,32,0,7,7,"8,4,16,13",2,leakage_accounting=exact_internal_transcript,8,50,real_data,4,identity,1,3f252f07ce424b12
real_typeii_20db_d8_bw50_blk0,cascade_lite,2,True,False,0.234375,0.078125,0.03125,0.010416666666666666,215.0,39,0.4971000016666949,2,72,144,39,32,0,13,13,"8,4,16,13",2,leakage_accounting=exact_internal_transcript,8,50,real_data,4,identity,1,3f252f07ce424b12
real_typeii_20db_d8_bw50_blk0,cascade_lite,3,True,False,0.28125,0.09895833333333333,0.109375,0.041666666666666664,205.0,29,18.274800007930025,2,72,144,29,32,0,11,11,"8,4,16,13",2,leakage_accounting=exact_internal_transcript,8,50,real_data,4,identity,1,3f252f07ce424b12
real_typeii_20db_d8_bw50_blk0,cascade_lite,0,True,False,0.3125,0.11979166666666667,0.046875,0.020833333333333332,277.0,47,0.7848000095691532,4,99,198,47,32,0,19,19,"8,4,16,13",4,leakage_accounting=exact_internal_transcript,8,50,real_data,4,identity,0,de9542c356f237d9
real_typeii_20db_d8_bw50_blk0,cascade_lite,1,True,False,0.125,0.046875,0.015625,0.010416666666666666,251.0,21,0.4427999956533313,4,99,198,21,32,0,7,7,"8,4,16,13",4,leakage_accounting=exact_internal_transcript,8,50,real_data,4,identity,0,de9542c356f237d9
real_typeii_20db_d8_bw50_blk0,cascade_lite,2,True,False,0.234375,0.078125,0.03125,0.010416666666666666,269.0,39,0.5747000104747713,4,99,198,39,32,0,13,13,"8,4,16,13",4,leakage_accounting=exact_internal_transcript,8,50,real_data,4,identity,0,de9542c356f237d9
real_typeii_20db_d8_bw50_blk0,cascade_lite,3,True,False,0.28125,0.09895833333333333,0.078125,0.03125,267.0,37,0.6067999929655343,4,99,198,37,32,0,13,13,"8,4,16,13",4,leakage_accounting=exact_internal_transcript,8,50,real_data,4,identity,0,de9542c356f237d9
real_typeii_20db_d8_bw120_blk0,cascade_lite,0,True,False,0.21875,0.09375,0.015625,0.005208333333333333,161.0,79,49.19789999257773,3,25,50,79,32,0,17,17,"16,32,64,128",3,leakage_accounting=exact_internal_transcript,8,120,real_data,4,seeded_random,0,7bb66119b31ce8cd
real_typeii_20db_d8_bw120_blk0,cascade_lite,1,True,True,0.046875,0.020833333333333332,0.0,0.0,92.0,18,43.4749000123702,3,21,42,18,32,0,4,4,"16,32,64,128",3,leakage_accounting=exact_internal_transcript,8,120,real_data,4,seeded_random,0,7bb66119b31ce8cd
real_typeii_20db_d8_bw120_blk0,cascade_lite,2,True,True,0.109375,0.036458333333333336,0.0,0.0,105.0,29,52.86170000908896,3,22,44,29,32,0,7,7,"16,32,64,128",3,leakage_accounting=exact_internal_transcript,8,120,real_data,4,seeded_random,0,7bb66119b31ce8cd
real_typeii_20db_d8_bw120_blk0,cascade_lite,3,True,False,0.125,0.046875,0.03125,0.010416666666666666,106.0,32,20.229199988534674,3,21,42,32,32,0,7,7,"16,32,64,128",3,leakage_accounting=exact_internal_transcript,8,120,real_data,4,seeded_random,0,7bb66119b31ce8cd
real_typeii_20db_d8_bw50_blk0,cascade_lite,0,True,False,0.3125,0.11979166666666667,0.046875,0.020833333333333332,277.0,47,0.7528999994974583,4,99,198,47,32,0,19,19,"8,4,16,13",4,leakage_accounting=exact_internal_transcript,8,50,real_data,4,identity,1,9d564316fde14cb8
real_typeii_20db_d8_bw50_blk0,cascade_lite,1,True,False,0.125,0.046875,0.015625,0.010416666666666666,251.0,21,0.4225999873597175,4,99,198,21,32,0,7,7,"8,4,16,13",4,leakage_accounting=exact_internal_transcript,8,50,real_data,4,identity,1,9d564316fde14cb8
real_typeii_20db_d8_bw50_blk0,cascade_lite,2,True,False,0.234375,0.078125,0.03125,0.010416666666666666,269.0,39,2.0435999904293567,4,99,198,39,32,0,13,13,"8,4,16,13",4,leakage_accounting=exact_internal_transcript,8,50,real_data,4,identity,1,9d564316fde14cb8
real_typeii_20db_d8_bw50_blk0,cascade_lite,3,True,False,0.28125,0.09895833333333333,0.078125,0.03125,267.0,37,0.6161999772302806,4,99,198,37,32,0,13,13,"8,4,16,13",4,leakage_accounting=exact_internal_transcript,8,50,real_data,4,identity,1,9d564316fde14cb8
real_typeii_20db_d8_bw180_blk0,cascade_lite,0,True,False,0.140625,0.0625,0.0625,0.020833333333333332,102.0,34,1.7325000080745667,2,18,36,34,32,0,8,8,"16,32,64,128",2,leakage_accounting=exact_internal_transcript,8,180,real_data,4,seeded_random,1,681ccb6691fc7891
real_typeii_20db_d8_bw180_blk0,cascade_lite,1,True,True,0.046875,0.026041666666666668,0.0,0.0,90.0,22,42.02120000263676,2,18,36,22,32,0,5,5,"16,32,64,128",2,leakage_accounting=exact_internal_transcript,8,180,real_data,4,seeded_random,1,681ccb6691fc7891
real_typeii_20db_d8_bw180_blk0,cascade_lite,2,True,True,0.046875,0.015625,0.0,0.0,80.0,12,18.86240000021644,2,18,36,12,32,0,3,3,"16,32,64,128",2,leakage_accounting=exact_internal_transcript,8,180,real_data,4,seeded_random,1,681ccb6691fc7891
real_typeii_20db_d8_bw180_blk0,cascade_lite,3,True,True,0.109375,0.046875,0.0,0.0,107.0,37,7.508600014261901,2,19,38,37,32,0,9,9,"16,32,64,128",2,leakage_accounting=exact_internal_transcript,8,180,real_data,4,seeded_random,1,681ccb6691fc7891
real_typeii_20db_d8_bw50_blk0,cascade_lite,0,True,False,0.3125,0.11979166666666667,0.0625,0.03125,183.0,55,0.6321999826468527,2,48,96,55,32,0,17,17,"12,6,24,13",2,leakage_accounting=exact_internal_transcript,8,50,real_data,4,identity,0,979209ff46816fd4
real_typeii_20db_d8_bw50_blk0,cascade_lite,1,True,False,0.125,0.046875,0.015625,0.010416666666666666,156.0,28,0.3184000088367611,2,48,96,28,32,0,7,7,"12,6,24,13",2,leakage_accounting=exact_internal_transcript,8,50,real_data,4,identity,0,979209ff46816fd4
real_typeii_20db_d8_bw50_blk0,cascade_lite,2,True,True,0.234375,0.078125,0.0,0.0,181.0,53,0.5225999921094626,2,48,96,53,32,0,15,15,"12,6,24,13",2,leakage_accounting=exact_internal_transcript,8,50,real_data,4,identity,0,979209ff46816fd4
real_typeii_20db_d8_bw50_blk0,cascade_lite,3,True,False,0.28125,0.09895833333333333,0.109375,0.041666666666666664,167.0,39,0.3911999810952693,2,48,96,39,32,0,11,11,"12,6,24,13",2,leakage_accounting=exact_internal_transcript,8,50,real_data,4,identity,0,979209ff46816fd4
real_typeii_20db_d8_bw50_blk0,cascade_lite,0,True,False,0.3125,0.11979166666666667,0.0625,0.03125,183.0,55,0.5977999826427549,2,48,96,55,32,0,17,17,"12,6,24,13",2,leakage_accounting=exact_internal_transcript,8,50,real_data,4,identity,1,2cca18232a17d99f
real_typeii_20db_d8_bw50_blk0,cascade_lite,1,True,False,0.125,0.046875,0.015625,0.010416666666666666,156.0,28,0.3106999793089926,2,48,96,28,32,0,7,7,"12,6,24,13",2,leakage_accounting=exact_internal_transcript,8,50,real_data,4,identity,1,2cca18232a17d99f
real_typeii_20db_d8_bw50_blk0,cascade_lite,2,True,True,0.234375,0.078125,0.0,0.0,181.0,53,0.5013999762013555,2,48,96,53,32,0,15,15,"12,6,24,13",2,leakage_accounting=exact_internal_transcript,8,50,real_data,4,identity,1,2cca18232a17d99f
real_typeii_20db_d8_bw50_blk0,cascade_lite,3,True,False,0.28125,0.09895833333333333,0.109375,0.041666666666666664,167.0,39,0.39339999784715474,2,48,96,39,32,0,11,11,"12,6,24,13",2,leakage_accounting=exact_internal_transcript,8,50,real_data,4,identity,1,2cca18232a17d99f
real_typeii_20db_d8_bw50_blk0,cascade_lite,0,True,False,0.3125,0.11979166666666667,0.03125,0.010416666666666666,203.0,69,0.73490000795573,2,51,102,69,32,0,21,21,"12,6,24,13",2,leakage_accounting=exact_internal_transcript,8,50,real_data,4,seeded_random,0,a8b77a06b4a8c66b
real_typeii_20db_d8_bw50_blk0,cascade_lite,1,True,True,0.125,0.046875,0.0,0.0,160.0,32,0.3905000048689544,2,48,96,32,32,0,9,9,"12,6,24,13",2,leakage_accounting=exact_internal_transcript,8,50,real_data,4,seeded_random,0,a8b77a06b4a8c66b
real_typeii_20db_d8_bw50_blk0,cascade_lite,2,True,True,0.234375,0.078125,0.0,0.0,175.0,45,0.5081999988760799,2,49,98,45,32,0,15,15,"12,6,24,13",2,leakage_accounting=exact_internal_transcript,8,50,real_data,4,seeded_random,0,a8b77a06b4a8c66b
real_typeii_20db_d8_bw50_blk0,cascade_lite,3,True,False,0.28125,0.09895833333333333,0.03125,0.010416666666666666,182.0,54,0.5889000021852553,2,48,96,54,32,0,17,17,"12,6,24,13",2,leakage_accounting=exact_internal_transcript,8,50,real_data,4,seeded_random,0,a8b77a06b4a8c66b
real_typeii_20db_d8_bw180_blk0,cascade_lite,0,True,True,0.140625,0.0625,0.0,0.0,122.0,50,3.5026000114157796,2,20,40,50,32,0,12,12,"16,32,64,128",2,leakage_accounting=exact_internal_transcript,8,180,real_data,4,seeded_random,0,dd7816676bf6e07b
real_typeii_20db_d8_bw180_blk0,cascade_lite,1,True,True,0.046875,0.026041666666666668,0.0,0.0,90.0,22,1.539300021249801,2,18,36,22,32,0,5,5,"16,32,64,128",2,leakage_accounting=exact_internal_transcript,8,180,real_data,4,seeded_random,0,dd7816676bf6e07b
real_typeii_20db_d8_bw180_blk0,cascade_lite,2,True,True,0.046875,0.015625,0.0,0.0,82.0,14,54.0915000019595,2,18,36,14,32,0,3,3,"16,32,64,128",2,leakage_accounting=exact_internal_transcript,8,180,real_data,4,seeded_random,0,dd7816676bf6e07b
real_typeii_20db_d8_bw180_blk0,cascade_lite,3,True,False,0.109375,0.046875,0.03125,0.010416666666666666,98.0,30,30.55650001624599,2,18,36,30,32,0,7,7,"16,32,64,128",2,leakage_accounting=exact_internal_transcript,8,180,real_data,4,seeded_random,0,dd7816676bf6e07b
real_typeii_20db_d8_bw180_blk0,cascade_lite,0,True,True,0.140625,0.0625,0.0,0.0,184.0,38,8.919399988371879,3,57,114,38,32,0,12,12,"12,6,24,13",3,leakage_accounting=exact_internal_transcript,8,180,real_data,4,seeded_random,1,8423d62fa77f89d5
real_typeii_20db_d8_bw180_blk0,cascade_lite,1,True,True,0.046875,0.026041666666666668,0.0,0.0,160.0,16,12.104099994758144,3,56,112,16,32,0,5,5,"12,6,24,13",3,leakage_accounting=exact_internal_transcript,8,180,real_data,4,seeded_random,1,8423d62fa77f89d5
real_typeii_20db_d8_bw180_blk0,cascade_lite,2,True,True,0.046875,0.015625,0.0,0.0,86.0,12,19.482000003335997,3,21,42,12,32,0,3,3,"12,6,24,13",3,leakage_accounting=exact_internal_transcript,8,180,real_data,4,seeded_random,1,8423d62fa77f89d5
real_typeii_20db_d8_bw180_blk0,cascade_lite,3,True,True,0.109375,0.046875,0.0,0.0,113.0,37,57.89480000385083,3,22,44,37,32,0,9,9,"12,6,24,13",3,leakage_accounting=exact_internal_transcript,8,180,real_data,4,seeded_random,1,8423d62fa77f89d5
real_typeii_20db_d8_bw50_blk0,cascade_lite,0,True,False,0.3125,0.11979166666666667,0.0625,0.03125,199.0,55,0.6475999834947288,3,56,112,55,32,0,17,17,"12,6,24,13",3,leakage_accounting=exact_internal_transcript,8,50,real_data,4,identity,1,7db1c271a29cbcbd
real_typeii_20db_d8_bw50_blk0,cascade_lite,1,True,False,0.125,0.046875,0.015625,0.010416666666666666,172.0,28,0.36450001061894,3,56,112,28,32,0,7,7,"12,6,24,13",3,leakage_accounting=exact_internal_transcript,8,50,real_data,4,identity,1,7db1c271a29cbcbd
real_typeii_20db_d8_bw50_blk0,cascade_lite,2,True,True,0.234375,0.078125,0.0,0.0,197.0,53,0.5552999791689217,3,56,112,53,32,0,15,15,"12,6,24,13",3,leakage_accounting=exact_internal_transcript,8,50,real_data,4,identity,1,7db1c271a29cbcbd
real_typeii_20db_d8_bw50_blk0,cascade_lite,3,True,False,0.28125,0.09895833333333333,0.109375,0.041666666666666664,183.0,39,0.40889999945648015,3,56,112,39,32,0,11,11,"12,6,24,13",3,leakage_accounting=exact_internal_transcript,8,50,real_data,4,identity,1,7db1c271a29cbcbd
real_typeii_20db_d8_bw180_blk0,cascade_lite,0,True,True,0.140625,0.0625,0.0,0.0,260.0,30,48.46309998538345,4,99,198,30,32,0,12,12,"8,4,16,13",4,leakage_accounting=exact_internal_transcript,8,180,real_data,4,seeded_random,1,06922f5b1549a72b
real_typeii_20db_d8_bw180_blk0,cascade_lite,1,True,True,0.046875,0.026041666666666668,0.0,0.0,100.0,22,26.612999994540587,4,23,46,22,32,0,5,5,"8,4,16,13",4,leakage_accounting=exact_internal_transcript,8,180,real_data,4,seeded_random,1,06922f5b1549a72b
real_typeii_20db_d8_bw180_blk0,cascade_lite,2,True,True,0.046875,0.015625,0.0,0.0,90.0,12,44.21160000492819,4,23,46,12,32,0,3,3,"8,4,16,13",4,leakage_accounting=exact_internal_transcript,8,180,real_data,4,seeded_random,1,06922f5b1549a72b
real_typeii_20db_d8_bw180_blk0,cascade_lite,3,True,True,0.109375,0.046875,0.0,0.0,117.0,37,26.77860000403598,4,24,48,37,32,0,9,9,"8,4,16,13",4,leakage_accounting=exact_internal_transcript,8,180,real_data,4,seeded_random,1,06922f5b1549a72b
real_typeii_20db_d8_bw50_blk0,cascade_lite,0,True,False,0.3125,0.11979166666666667,0.0625,0.03125,199.0,55,0.6828000186942518,3,56,112,55,32,0,17,17,"12,6,24,13",3,leakage_accounting=exact_internal_transcript,8,50,real_data,4,identity,0,d6871fb94730b51d
real_typeii_20db_d8_bw50_blk0,cascade_lite,1,True,False,0.125,0.046875,0.015625,0.010416666666666666,172.0,28,0.34389999927952886,3,56,112,28,32,0,7,7,"12,6,24,13",3,leakage_accounting=exact_internal_transcript,8,50,real_data,4,identity,0,d6871fb94730b51d
real_typeii_20db_d8_bw50_blk0,cascade_lite,2,True,True,0.234375,0.078125,0.0,0.0,197.0,53,0.5212999822106212,3,56,112,53,32,0,15,15,"12,6,24,13",3,leakage_accounting=exact_internal_transcript,8,50,real_data,4,identity,0,d6871fb94730b51d
real_typeii_20db_d8_bw50_blk0,cascade_lite,3,True,False,0.28125,0.09895833333333333,0.109375,0.041666666666666664,183.0,39,0.4126999992877245,3,56,112,39,32,0,11,11,"12,6,24,13",3,leakage_accounting=exact_internal_transcript,8,50,real_data,4,identity,0,d6871fb94730b51d
real_typeii_20db_d8_bw50_blk0,cascade_lite,0,True,False,0.3125,0.11979166666666667,0.0625,0.03125,229.0,55,0.6494999979622662,4,71,142,55,32,0,17,17,"12,6,24,13",4,leakage_accounting=exact_internal_transcript,8,50,real_data,4,identity,0,2faaaa245957cec2
real_typeii_20db_d8_bw50_blk0,cascade_lite,1,True,False,0.125,0.046875,0.015625,0.010416666666666666,202.0,28,0.36490001366473734,4,71,142,28,32,0,7,7,"12,6,24,13",4,leakage_accounting=exact_internal_transcript,8,50,real_data,4,identity,0,2faaaa245957cec2
real_typeii_20db_d8_bw50_blk0,cascade_lite,2,True,True,0.234375,0.078125,0.0,0.0,227.0,53,0.5518000107258558,4,71,142,53,32,0,15,15,"12,6,24,13",4,leakage_accounting=exact_internal_transcript,8,50,real_data,4,identity,0,2faaaa245957cec2
real_typeii_20db_d8_bw50_blk0,cascade_lite,3,True,False,0.28125,0.09895833333333333,0.078125,0.03125,220.0,46,0.4937000048812479,4,71,142,46,32,0,13,13,"12,6,24,13",4,leakage_accounting=exact_internal_transcript,8,50,real_data,4,identity,0,2faaaa245957cec2
real_typeii_20db_d8_bw50_blk0,cascade_lite,0,True,True,0.3125,0.11979166666666667,0.0,0.0,267.0,63,8.926300011808053,3,86,172,63,32,0,23,23,"8,4,16,13",3,leakage_accounting=exact_internal_transcript,8,50,real_data,4,seeded_random,1,8c14481b3b13ba97
real_typeii_20db_d8_bw50_blk0,cascade_lite,1,True,True,0.125,0.046875,0.0,0.0,225.0,25,11.024099978385493,3,84,168,25,32,0,9,9,"8,4,16,13",3,leakage_accounting=exact_internal_transcript,8,50,real_data,4,seeded_random,1,8c14481b3b13ba97
real_typeii_20db_d8_bw50_blk0,cascade_lite,2,True,True,0.234375,0.078125,0.0,0.0,246.0,44,31.297799985622987,3,85,170,44,32,0,15,15,"8,4,16,13",3,leakage_accounting=exact_internal_transcript,8,50,real_data,4,seeded_random,1,8c14481b3b13ba97
real_typeii_20db_d8_bw50_blk0,cascade_lite,3,True,True,0.28125,0.09895833333333333,0.0,0.0,210.0,64,11.590000009164214,3,57,114,64,32,0,19,19,"8,4,16,13",3,leakage_accounting=exact_internal_transcript,8,50,real_data,4,seeded_random,1,8c14481b3b13ba97
real_typeii_20db_d8_bw180_blk0,cascade_lite,0,True,False,0.140625,0.0625,0.03125,0.010416666666666666,121.0,45,51.50750000029802,3,22,44,45,32,0,10,10,"16,32,64,128",3,leakage_accounting=exact_internal_transcript,8,180,real_data,4,seeded_random,1,29af1beb670bdf02
real_typeii_20db_d8_bw180_blk0,cascade_lite,1,True,True,0.046875,0.026041666666666668,0.0,0.0,96.0,22,4.15890000294894,3,21,42,22,32,0,5,5,"16,32,64,128",3,leakage_accounting=exact_internal_transcript,8,180,real_data,4,seeded_random,1,29af1beb670bdf02
real_typeii_20db_d8_bw180_blk0,cascade_lite,2,True,True,0.046875,0.015625,0.0,0.0,86.0,12,8.145300002070144,3,21,42,12,32,0,3,3,"16,32,64,128",3,leakage_accounting=exact_internal_transcript,8,180,real_data,4,seeded_random,1,29af1beb670bdf02
real_typeii_20db_d8_bw180_blk0,cascade_lite,3,True,True,0.109375,0.046875,0.0,0.0,113.0,37,37.81360000721179,3,22,44,37,32,0,9,9,"16,32,64,128",3,leakage_accounting=exact_internal_transcript,8,180,real_data,4,seeded_random,1,29af1beb670bdf02
real_typeii_20db_d8_bw50_blk0,cascade_lite,0,True,False,0.3125,0.11979166666666667,0.046875,0.015625,231.0,51,51.65649999980815,2,74,148,51,32,0,20,20,"8,4,16,13",2,leakage_accounting=exact_internal_transcript,8,50,real_data,4,seeded_random,1,7354d2046d247234
real_typeii_20db_d8_bw50_blk0,cascade_lite,1,True,True,0.125,0.046875,0.0,0.0,161.0,33,4.57520000054501,2,48,96,33,32,0,9,9,"8,4,16,13",2,leakage_accounting=exact_internal_transcript,8,50,real_data,4,seeded_random,1,7354d2046d247234
real_typeii_20db_d8_bw50_blk0,cascade_lite,2,True,True,0.234375,0.078125,0.0,0.0,183.0,53,26.753999991342425,2,49,98,53,32,0,15,15,"8,4,16,13",2,leakage_accounting=exact_internal_transcript,8,50,real_data,4,seeded_random,1,7354d2046d247234
real_typeii_20db_d8_bw50_blk0,cascade_lite,3,True,False,0.28125,0.09895833333333333,0.0625,0.020833333333333332,175.0,45,0.5640000163111836,2,49,98,45,32,0,15,15,"8,4,16,13",2,leakage_accounting=exact_internal_transcript,8,50,real_data,4,seeded_random,1,7354d2046d247234
real_typeii_20db_d8_bw50_blk0,cascade_lite,0,True,False,0.3125,0.11979166666666667,0.265625,0.10416666666666667,80.0,12,0.19880000036209822,2,18,36,12,32,0,3,3,"16,32,64,128",2,leakage_accounting=exact_internal_transcript,8,50,real_data,4,identity,0,7f633f44f9b66e3b
real_typeii_20db_d8_bw50_blk0,cascade_lite,1,True,False,0.125,0.046875,0.015625,0.010416666666666666,96.0,28,0.2832000027410686,2,18,36,28,32,0,7,7,"16,32,64,128",2,leakage_accounting=exact_internal_transcript,8,50,real_data,4,identity,0,7f633f44f9b66e3b
real_typeii_20db_d8_bw50_blk0,cascade_lite,2,True,False,0.234375,0.078125,0.125,0.041666666666666664,96.0,28,0.23029997828416526,2,18,36,28,32,0,7,7,"16,32,64,128",2,leakage_accounting=exact_internal_transcript,8,50,real_data,4,identity,0,7f633f44f9b66e3b
real_typeii_20db_d8_bw50_blk0,cascade_lite,3,True,False,0.28125,0.09895833333333333,0.171875,0.0625,96.0,28,0.31740000122226775,2,18,36,28,32,0,7,7,"16,32,64,128",2,leakage_accounting=exact_internal_transcript,8,50,real_data,4,identity,0,7f633f44f9b66e3b
real_typeii_20db_d8_bw180_blk0,cascade_lite,0,True,True,0.140625,0.0625,0.0,0.0,213.0,39,31.32249999907799,4,71,142,39,32,0,12,12,"12,6,24,13",4,leakage_accounting=exact_internal_transcript,8,180,real_data,4,seeded_random,0,7ee822c7f60512c0
real_typeii_20db_d8_bw180_blk0,cascade_lite,1,True,True,0.046875,0.026041666666666668,0.0,0.0,100.0,22,9.479500004090369,4,23,46,22,32,0,5,5,"12,6,24,13",4,leakage_accounting=exact_internal_transcript,8,180,real_data,4,seeded_random,0,7ee822c7f60512c0
real_typeii_20db_d8_bw180_blk0,cascade_lite,2,True,True,0.046875,0.015625,0.0,0.0,92.0,14,35.44599999440834,4,23,46,14,32,0,3,3,"12,6,24,13",4,leakage_accounting=exact_internal_transcript,8,180,real_data,4,seeded_random,0,7ee822c7f60512c0
real_typeii_20db_d8_bw180_blk0,cascade_lite,3,True,True,0.109375,0.046875,0.0,0.0,120.0,42,54.0076999750454,4,23,46,42,32,0,9,9,"12,6,24,13",4,leakage_accounting=exact_internal_transcript,8,180,real_data,4,seeded_random,0,7ee822c7f60512c0
real_typeii_20db_d8_bw180_blk0,cascade_lite,0,True,True,0.140625,0.0625,0.0,0.0,142.0,58,21.41980000305921,4,26,52,58,32,0,12,12,"16,32,64,128",4,leakage_accounting=exact_internal_transcript,8,180,real_data,4,seeded_random,1,29020ebdb18ce89f
real_typeii_20db_d8_bw180_blk0,cascade_lite,1,True,True,0.046875,0.026041666666666668,0.0,0.0,100.0,22,16.818400006741285,4,23,46,22,32,0,5,5,"16,32,64,128",4,leakage_accounting=exact_internal_transcript,8,180,real_data,4,seeded_random,1,29020ebdb18ce89f
real_typeii_20db_d8_bw180_blk0,cascade_lite,2,True,True,0.046875,0.015625,0.0,0.0,90.0,12,38.94990001572296,4,23,46,12,32,0,3,3,"16,32,64,128",4,leakage_accounting=exact_internal_transcript,8,180,real_data,4,seeded_random,1,29020ebdb18ce89f
real_typeii_20db_d8_bw180_blk0,cascade_lite,3,True,True,0.109375,0.046875,0.0,0.0,117.0,37,28.800300002330914,4,24,48,37,32,0,9,9,"16,32,64,128",4,leakage_accounting=exact_internal_transcript,8,180,real_data,4,seeded_random,1,29020ebdb18ce89f
real_typeii_20db_d8_bw180_blk0,cascade_lite,0,True,True,0.140625,0.0625,0.0,0.0,183.0,39,84.50440000160597,3,56,112,39,32,0,12,12,"12,6,24,13",3,leakage_accounting=exact_internal_transcript,8,180,real_data,4,seeded_random,0,e41b94e22127bc2a
real_typeii_20db_d8_bw180_blk0,cascade_lite,1,True,True,0.046875,0.026041666666666668,0.0,0.0,96.0,22,3.1105000234674662,3,21,42,22,32,0,5,5,"12,6,24,13",3,leakage_accounting=exact_internal_transcript,8,180,real_data,4,seeded_random,0,e41b94e22127bc2a
real_typeii_20db_d8_bw180_blk0,cascade_lite,2,True,True,0.046875,0.015625,0.0,0.0,88.0,14,28.777699975762516,3,21,42,14,32,0,3,3,"12,6,24,13",3,leakage_accounting=exact_internal_transcript,8,180,real_data,4,seeded_random,0,e41b94e22127bc2a
real_typeii_20db_d8_bw180_blk0,cascade_lite,3,True,True,0.109375,0.046875,0.0,0.0,116.0,42,30.912799993529916,3,21,42,42,32,0,9,9,"12,6,24,13",3,leakage_accounting=exact_internal_transcript,8,180,real_data,4,seeded_random,0,e41b94e22127bc2a
real_typeii_20db_d8_bw50_blk0,cascade_lite,0,True,False,0.3125,0.11979166666666667,0.265625,0.10416666666666667,86.0,12,0.22570000146515667,3,21,42,12,32,0,3,3,"16,32,64,128",3,leakage_accounting=exact_internal_transcript,8,50,real_data,4,identity,0,4e9da68e0f171e1f
real_typeii_20db_d8_bw50_blk0,cascade_lite,1,True,False,0.125,0.046875,0.015625,0.010416666666666666,102.0,28,0.25770001229830086,3,21,42,28,32,0,7,7,"16,32,64,128",3,leakage_accounting=exact_internal_transcript,8,50,real_data,4,identity,0,4e9da68e0f171e1f
real_typeii_20db_d8_bw50_blk0,cascade_lite,2,True,False,0.234375,0.078125,0.125,0.041666666666666664,102.0,28,0.2533000078983605,3,21,42,28,32,0,7,7,"16,32,64,128",3,leakage_accounting=exact_internal_transcript,8,50,real_data,4,identity,0,4e9da68e0f171e1f
real_typeii_20db_d8_bw50_blk0,cascade_lite,3,True,False,0.28125,0.09895833333333333,0.171875,0.0625,102.0,28,0.2406999992672354,3,21,42,28,32,0,7,7,"16,32,64,128",3,leakage_accounting=exact_internal_transcript,8,50,real_data,4,identity,0,4e9da68e0f171e1f
real_typeii_20db_d8_bw50_blk0,cascade_lite,0,True,False,0.3125,0.11979166666666667,0.265625,0.10416666666666667,80.0,12,0.21600001491606236,2,18,36,12,32,0,3,3,"16,32,64,128",2,leakage_accounting=exact_internal_transcript,8,50,real_data,4,identity,1,b97861b5bfb007df
real_typeii_20db_d8_bw50_blk0,cascade_lite,1,True,False,0.125,0.046875,0.015625,0.010416666666666666,96.0,28,0.2558999985922128,2,18,36,28,32,0,7,7,"16,32,64,128",2,leakage_accounting=exact_internal_transcript,8,50,real_data,4,identity,1,b97861b5bfb007df
real_typeii_20db_d8_bw50_blk0,cascade_lite,2,True,False,0.234375,0.078125,0.125,0.041666666666666664,96.0,28,0.23939998936839402,2,18,36,28,32,0,7,7,"16,32,64,128",2,leakage_accounting=exact_internal_transcript,8,50,real_data,4,identity,1,b97861b5bfb007df
real_typeii_20db_d8_bw50_blk0,cascade_lite,3,True,False,0.28125,0.09895833333333333,0.171875,0.0625,96.0,28,0.23249999503605068,2,18,36,28,32,0,7,7,"16,32,64,128",2,leakage_accounting=exact_internal_transcript,8,50,real_data,4,identity,1,b97861b5bfb007df
real_typeii_20db_d8_bw50_blk0,cascade_lite,0,True,False,0.3125,0.11979166666666667,0.0625,0.03125,229.0,55,0.6425000028684735,4,71,142,55,32,0,17,17,"12,6,24,13",4,leakage_accounting=exact_internal_transcript,8,50,real_data,4,identity,1,e94e37ca4f54ec26
real_typeii_20db_d8_bw50_blk0,cascade_lite,1,True,False,0.125,0.046875,0.015625,0.010416666666666666,202.0,28,0.360500009264797,4,71,142,28,32,0,7,7,"12,6,24,13",4,leakage_accounting=exact_internal_transcript,8,50,real_data,4,identity,1,e94e37ca4f54ec26
real_typeii_20db_d8_bw50_blk0,cascade_lite,2,True,True,0.234375,0.078125,0.0,0.0,227.0,53,0.7146999996621162,4,71,142,53,32,0,15,15,"12,6,24,13",4,leakage_accounting=exact_internal_transcript,8,50,real_data,4,identity,1,e94e37ca4f54ec26
real_typeii_20db_d8_bw50_blk0,cascade_lite,3,True,False,0.28125,0.09895833333333333,0.078125,0.03125,220.0,46,31.73129999777302,4,71,142,46,32,0,13,13,"12,6,24,13",4,leakage_accounting=exact_internal_transcript,8,50,real_data,4,identity,1,e94e37ca4f54ec26
real_typeii_20db_d8_bw50_blk0,cascade_lite,0,True,False,0.3125,0.11979166666666667,0.265625,0.10416666666666667,86.0,12,0.2209999947808683,3,21,42,12,32,0,3,3,"16,32,64,128",3,leakage_accounting=exact_internal_transcript,8,50,real_data,4,identity,1,12e60a79b80aac28
real_typeii_20db_d8_bw50_blk0,cascade_lite,1,True,False,0.125,0.046875,0.015625,0.010416666666666666,102.0,28,0.37689998862333596,3,21,42,28,32,0,7,7,"16,32,64,128",3,leakage_accounting=exact_internal_transcript,8,50,real_data,4,identity,1,12e60a79b80aac28
real_typeii_20db_d8_bw50_blk0,cascade_lite,2,True,False,0.234375,0.078125,0.125,0.041666666666666664,102.0,28,0.2649000089149922,3,21,42,28,32,0,7,7,"16,32,64,128",3,leakage_accounting=exact_internal_transcript,8,50,real_data,4,identity,1,12e60a79b80aac28
real_typeii_20db_d8_bw50_blk0,cascade_lite,3,True,False,0.28125,0.09895833333333333,0.171875,0.0625,102.0,28,0.24029999622143805,3,21,42,28,32,0,7,7,"16,32,64,128",3,leakage_accounting=exact_internal_transcript,8,50,real_data,4,identity,1,12e60a79b80aac28
real_typeii_20db_d8_bw50_blk0,cascade_lite,0,True,False,0.3125,0.11979166666666667,0.265625,0.10416666666666667,90.0,12,0.21410000044852495,4,23,46,12,32,0,3,3,"16,32,64,128",4,leakage_accounting=exact_internal_transcript,8,50,real_data,4,identity,0,aeacee9a04c960ac
real_typeii_20db_d8_bw50_blk0,cascade_lite,1,True,False,0.125,0.046875,0.015625,0.010416666666666666,106.0,28,0.2572000084910542,4,23,46,28,32,0,7,7,"16,32,64,128",4,leakage_accounting=exact_internal_transcript,8,50,real_data,4,identity,0,aeacee9a04c960ac
real_typeii_20db_d8_bw50_blk0,cascade_lite,2,True,False,0.234375,0.078125,0.125,0.041666666666666664,106.0,28,0.2662999904714525,4,23,46,28,32,0,7,7,"16,32,64,128",4,leakage_accounting=exact_internal_transcript,8,50,real_data,4,identity,0,aeacee9a04c960ac
real_typeii_20db_d8_bw50_blk0,cascade_lite,3,True,False,0.28125,0.09895833333333333,0.171875,0.0625,106.0,28,0.24599998141638935,4,23,46,28,32,0,7,7,"16,32,64,128",4,leakage_accounting=exact_internal_transcript,8,50,real_data,4,identity,0,aeacee9a04c960ac
real_typeii_20db_d8_bw50_blk0,cascade_lite,0,True,False,0.3125,0.11979166666666667,0.234375,0.09375,88.0,20,0.29919997905381024,2,18,36,20,32,0,5,5,"16,32,64,128",2,leakage_accounting=exact_internal_transcript,8,50,real_data,4,seeded_random,1,681ccb6691fc7891
real_typeii_20db_d8_bw50_blk0,cascade_lite,1,True,False,0.125,0.046875,0.03125,0.010416666666666666,98.0,30,1.1115999950561672,2,18,36,30,32,0,7,7,"16,32,64,128",2,leakage_accounting=exact_internal_transcript,8,50,real_data,4,seeded_random,1,681ccb6691fc7891
real_typeii_20db_d8_bw50_blk0,cascade_lite,2,True,False,0.234375,0.078125,0.1875,0.0625,80.0,12,18.528599990531802,2,18,36,12,32,0,3,3,"16,32,64,128",2,leakage_accounting=exact_internal_transcript,8,50,real_data,4,seeded_random,1,681ccb6691fc7891
real_typeii_20db_d8_bw50_blk0,cascade_lite,3,True,False,0.28125,0.09895833333333333,0.125,0.041666666666666664,122.0,50,0.49409997882321477,2,20,40,50,32,0,11,11,"16,32,64,128",2,leakage_accounting=exact_internal_transcript,8,50,real_data,4,seeded_random,1,681ccb6691fc7891
real_typeii_20db_d8_bw50_blk0,cascade_lite,0,True,False,0.3125,0.11979166666666667,0.265625,0.10416666666666667,90.0,12,0.2209000231232494,4,23,46,12,32,0,3,3,"16,32,64,128",4,leakage_accounting=exact_internal_transcript,8,50,real_data,4,identity,1,b274fad8603600d1
real_typeii_20db_d8_bw50_blk0,cascade_lite,1,True,False,0.125,0.046875,0.015625,0.010416666666666666,106.0,28,0.25579999783076346,4,23,46,28,32,0,7,7,"16,32,64,128",4,leakage_accounting=exact_internal_transcript,8,50,real_data,4,identity,1,b274fad8603600d1
real_typeii_20db_d8_bw50_blk0,cascade_lite,2,True,False,0.234375,0.078125,0.125,0.041666666666666664,106.0,28,0.25320000713691115,4,23,46,28,32,0,7,7,"16,32,64,128",4,leakage_accounting=exact_internal_transcript,8,50,real_data,4,identity,1,b274fad8603600d1
real_typeii_20db_d8_bw50_blk0,cascade_lite,3,True,False,0.28125,0.09895833333333333,0.171875,0.0625,106.0,28,0.24349999148398638,4,23,46,28,32,0,7,7,"16,32,64,128",4,leakage_accounting=exact_internal_transcript,8,50,real_data,4,identity,1,b274fad8603600d1
real_typeii_20db_d8_bw50_blk0,cascade_lite,0,True,True,0.3125,0.11979166666666667,0.0,0.0,228.0,78,1.0119999933522195,3,59,118,78,32,0,23,23,"12,6,24,13",3,leakage_accounting=exact_internal_transcript,8,50,real_data,4,seeded_random,0,e41b94e22127bc2a
real_typeii_20db_d8_bw50_blk0,cascade_lite,1,True,True,0.125,0.046875,0.0,0.0,176.0,32,17.89909999934025,3,56,112,32,32,0,9,9,"12,6,24,13",3,leakage_accounting=exact_internal_transcript,8,50,real_data,4,seeded_random,0,e41b94e22127bc2a
real_typeii_20db_d8_bw50_blk0,cascade_lite,2,True,True,0.234375,0.078125,0.0,0.0,191.0,45,26.582199992844835,3,57,114,45,32,0,15,15,"12,6,24,13",3,leakage_accounting=exact_internal_transcript,8,50,real_data,4,seeded_random,0,e41b94e22127bc2a
real_typeii_20db_d8_bw50_blk0,cascade_lite,3,True,False,0.28125,0.09895833333333333,0.171875,0.0625,108.0,34,11.691200023051351,3,21,42,34,32,0,7,7,"12,6,24,13",3,leakage_accounting=exact_internal_transcript,8,50,real_data,4,seeded_random,0,e41b94e22127bc2a
real_typeii_20db_d8_bw50_blk0,cascade_lite,0,True,True,0.3125,0.11979166666666667,0.0,0.0,297.0,63,30.825099995126948,4,101,202,63,32,0,23,23,"8,4,16,13",4,leakage_accounting=exact_internal_transcript,8,50,real_data,4,seeded_random,1,06922f5b1549a72b
real_typeii_20db_d8_bw50_blk0,cascade_lite,1,True,True,0.125,0.046875,0.0,0.0,207.0,33,31.278399983420968,4,71,142,33,32,0,9,9,"8,4,16,13",4,leakage_accounting=exact_internal_transcript,8,50,real_data,4,seeded_random,1,06922f5b1549a72b
real_typeii_20db_d8_bw50_blk0,cascade_lite,2,True,False,0.234375,0.078125,0.15625,0.052083333333333336,102.0,24,8.700699982000515,4,23,46,24,32,0,5,5,"8,4,16,13",4,leakage_accounting=exact_internal_transcript,8,50,real_data,4,seeded_random,1,06922f5b1549a72b
real_typeii_20db_d8_bw50_blk0,cascade_lite,3,True,False,0.28125,0.09895833333333333,0.03125,0.010416666666666666,171.0,83,21.97050000540912,4,28,56,83,32,0,17,17,"8,4,16,13",4,leakage_accounting=exact_internal_transcript,8,50,real_data,4,seeded_random,1,06922f5b1549a72b
real_typeii_20db_d8_bw50_blk0,cascade_lite,0,True,False,0.3125,0.11979166666666667,0.03125,0.010416666666666666,225.0,77,0.8667999936733395,3,58,116,77,32,0,21,21,"12,6,24,13",3,leakage_accounting=exact_internal_transcript,8,50,real_data,4,seeded_random,1,8423d62fa77f89d5
real_typeii_20db_d8_bw50_blk0,cascade_lite,1,True,True,0.125,0.046875,0.0,0.0,177.0,33,29.35649998835288,3,56,112,33,32,0,9,9,"12,6,24,13",3,leakage_accounting=exact_internal_transcript,8,50,real_data,4,seeded_random,1,8423d62fa77f89d5
real_typeii_20db_d8_bw50_blk0,cascade_lite,2,True,False,0.234375,0.078125,0.15625,0.052083333333333336,98.0,24,23.965800006408244,3,21,42,24,32,0,5,5,"12,6,24,13",3,leakage_accounting=exact_internal_transcript,8,50,real_data,4,seeded_random,1,8423d62fa77f89d5
real_typeii_20db_d8_bw50_blk0,cascade_lite,3,True,False,0.28125,0.09895833333333333,0.03125,0.010416666666666666,167.0,83,4.743900004541501,3,26,52,83,32,0,17,17,"12,6,24,13",3,leakage_accounting=exact_internal_transcript,8,50,real_data,4,seeded_random,1,8423d62fa77f89d5
real_typeii_20db_d8_bw50_blk0,cascade_lite,0,True,True,0.3125,0.11979166666666667,0.0,0.0,236.0,58,27.598899992881343,2,73,146,58,32,0,23,23,"8,4,16,13",2,leakage_accounting=exact_internal_transcript,8,50,real_data,4,seeded_random,0,eb6b9d5df31d86f8
real_typeii_20db_d8_bw50_blk0,cascade_lite,1,True,True,0.125,0.046875,0.0,0.0,203.0,27,14.002299983985722,2,72,144,27,32,0,9,9,"8,4,16,13",2,leakage_accounting=exact_internal_transcript,8,50,real_data,4,seeded_random,0,eb6b9d5df31d86f8
real_typeii_20db_d8_bw50_blk0,cascade_lite,2,True,True,0.234375,0.078125,0.0,0.0,175.0,45,1.5728000144008547,2,49,98,45,32,0,15,15,"8,4,16,13",2,leakage_accounting=exact_internal_transcript,8,50,real_data,4,seeded_random,0,eb6b9d5df31d86f8
real_typeii_20db_d8_bw50_blk0,cascade_lite,3,True,False,0.28125,0.09895833333333333,0.03125,0.010416666666666666,182.0,54,44.18430000077933,2,48,96,54,32,0,17,17,"8,4,16,13",2,leakage_accounting=exact_internal_transcript,8,50,real_data,4,seeded_random,0,eb6b9d5df31d86f8
real_typeii_20db_d8_bw50_blk0,cascade_lite,0,True,False,0.3125,0.11979166666666667,0.203125,0.08333333333333333,110.0,30,7.081199990352616,4,24,48,30,32,0,7,7,"16,32,64,128",4,leakage_accounting=exact_internal_transcript,8,50,real_data,4,seeded_random,1,29020ebdb18ce89f
real_typeii_20db_d8_bw50_blk0,cascade_lite,1,True,True,0.125,0.046875,0.0,0.0,120.0,42,0.38770001265220344,4,23,46,42,32,0,9,9,"16,32,64,128",4,leakage_accounting=exact_internal_transcript,8,50,real_data,4,seeded_random,1,29020ebdb18ce89f
real_typeii_20db_d8_bw50_blk0,cascade_lite,2,True,False,0.234375,0.078125,0.15625,0.052083333333333336,102.0,24,0.28569999267347157,4,23,46,24,32,0,5,5,"16,32,64,128",4,leakage_accounting=exact_internal_transcript,8,50,real_data,4,seeded_random,1,29020ebdb18ce89f
real_typeii_20db_d8_bw50_blk0,cascade_lite,3,True,False,0.28125,0.09895833333333333,0.03125,0.010416666666666666,171.0,83,6.918600003700703,4,28,56,83,32,0,17,17,"16,32,64,128",4,leakage_accounting=exact_internal_transcript,8,50,real_data,4,seeded_random,1,29020ebdb18ce89f
real_typeii_20db_d8_bw50_blk0,cascade_lite,0,True,True,0.3125,0.11979166666666667,0.0,0.0,290.0,58,0.9575000149197876,4,100,200,58,32,0,23,23,"8,4,16,13",4,leakage_accounting=exact_internal_transcript,8,50,real_data,4,seeded_random,0,d8c9e97fcf2fa52f
real_typeii_20db_d8_bw50_blk0,cascade_lite,1,True,True,0.125,0.046875,0.0,0.0,257.0,27,42.73099999409169,4,99,198,27,32,0,9,9,"8,4,16,13",4,leakage_accounting=exact_internal_transcript,8,50,real_data,4,seeded_random,0,d8c9e97fcf2fa52f
real_typeii_20db_d8_bw50_blk0,cascade_lite,2,True,True,0.234375,0.078125,0.0,0.0,221.0,45,18.245200015371665,4,72,144,45,32,0,15,15,"8,4,16,13",4,leakage_accounting=exact_internal_transcript,8,50,real_data,4,seeded_random,0,d8c9e97fcf2fa52f
real_typeii_20db_d8_bw50_blk0,cascade_lite,3,True,False,0.28125,0.09895833333333333,0.140625,0.052083333333333336,127.0,47,32.28240000316873,4,24,48,47,32,0,9,9,"8,4,16,13",4,leakage_accounting=exact_internal_transcript,8,50,real_data,4,seeded_random,0,d8c9e97fcf2fa52f
real_typeii_20db_d8_bw180_blk0,cascade_lite,0,True,True,0.140625,0.0625,0.0,0.0,262.0,32,72.66679999884218,4,99,198,32,32,0,12,12,"8,4,16,13",4,leakage_accounting=exact_internal_transcript,8,180,real_data,4,seeded_random,0,d8c9e97fcf2fa52f
real_typeii_20db_d8_bw180_blk0,cascade_lite,1,True,True,0.046875,0.026041666666666668,0.0,0.0,100.0,22,55.80119998194277,4,23,46,22,32,0,5,5,"8,4,16,13",4,leakage_accounting=exact_internal_transcript,8,180,real_data,4,seeded_random,0,d8c9e97fcf2fa52f
real_typeii_20db_d8_bw180_blk0,cascade_lite,2,True,True,0.046875,0.015625,0.0,0.0,92.0,14,41.084199998294935,4,23,46,14,32,0,3,3,"8,4,16,13",4,leakage_accounting=exact_internal_transcript,8,180,real_data,4,seeded_random,0,d8c9e97fcf2fa52f
real_typeii_20db_d8_bw180_blk0,cascade_lite,3,True,True,0.109375,0.046875,0.0,0.0,120.0,42,51.85289998189546,4,23,46,42,32,0,9,9,"8,4,16,13",4,leakage_accounting=exact_internal_transcript,8,180,real_data,4,seeded_random,0,d8c9e97fcf2fa52f
real_typeii_20db_d8_bw50_blk0,cascade_lite,0,True,False,0.3125,0.11979166666666667,0.125,0.041666666666666664,136.0,64,28.547199995955452,2,20,40,64,32,0,15,15,"16,32,64,128",2,leakage_accounting=exact_internal_transcript,8,50,real_data,4,seeded_random,0,dd7816676bf6e07b
real_typeii_20db_d8_bw50_blk0,cascade_lite,1,True,False,0.125,0.046875,0.03125,0.010416666666666666,96.0,28,2.036299993051216,2,18,36,28,32,0,7,7,"16,32,64,128",2,leakage_accounting=exact_internal_transcript,8,50,real_data,4,seeded_random,0,dd7816676bf6e07b
real_typeii_20db_d8_bw50_blk0,cascade_lite,2,True,False,0.234375,0.078125,0.046875,0.015625,123.0,51,0.41470001451671124,2,20,40,51,32,0,12,12,"16,32,64,128",2,leakage_accounting=exact_internal_transcript,8,50,real_data,4,seeded_random,0,dd7816676bf6e07b
real_typeii_20db_d8_bw50_blk0,cascade_lite,3,True,False,0.28125,0.09895833333333333,0.203125,0.07291666666666667,90.0,22,10.023299983004108,2,18,36,22,32,0,5,5,"16,32,64,128",2,leakage_accounting=exact_internal_transcript,8,50,real_data,4,seeded_random,0,dd7816676bf6e07b
real_typeii_20db_d8_bw180_blk0,cascade_lite,0,True,True,0.140625,0.0625,0.0,0.0,132.0,50,76.92550000501797,4,25,50,50,32,0,12,12,"16,32,64,128",4,leakage_accounting=exact_internal_transcript,8,180,real_data,4,seeded_random,0,3ddb0e813f8c9fa7
real_typeii_20db_d8_bw180_blk0,cascade_lite,1,True,True,0.046875,0.026041666666666668,0.0,0.0,100.0,22,56.82960001286119,4,23,46,22,32,0,5,5,"16,32,64,128",4,leakage_accounting=exact_internal_transcript,8,180,real_data,4,seeded_random,0,3ddb0e813f8c9fa7
real_typeii_20db_d8_bw180_blk0,cascade_lite,2,True,True,0.046875,0.015625,0.0,0.0,92.0,14,19.193699990864843,4,23,46,14,32,0,3,3,"16,32,64,128",4,leakage_accounting=exact_internal_transcript,8,180,real_data,4,seeded_random,0,3ddb0e813f8c9fa7
real_typeii_20db_d8_bw180_blk0,cascade_lite,3,True,True,0.109375,0.046875,0.0,0.0,120.0,42,3.5650999925564975,4,23,46,42,32,0,9,9,"16,32,64,128",4,leakage_accounting=exact_internal_transcript,8,180,real_data,4,seeded_random,0,3ddb0e813f8c9fa7
real_typeii_20db_d8_bw50_blk0,cascade_lite,0,True,False,0.3125,0.11979166666666667,0.109375,0.036458333333333336,184.0,52,36.08879999956116,2,50,100,52,32,0,16,16,"12,6,24,13",2,leakage_accounting=exact_internal_transcript,8,50,real_data,4,seeded_random,1,624abde0af86ab7f
real_typeii_20db_d8_bw50_blk0,cascade_lite,1,True,True,0.125,0.046875,0.0,0.0,161.0,33,18.645199976162985,2,48,96,33,32,0,9,9,"12,6,24,13",2,leakage_accounting=exact_internal_transcript,8,50,real_data,4,seeded_random,1,624abde0af86ab7f
real_typeii_20db_d8_bw50_blk0,cascade_lite,2,True,False,0.234375,0.078125,0.1875,0.0625,80.0,12,9.543899999698624,2,18,36,12,32,0,3,3,"12,6,24,13",2,leakage_accounting=exact_internal_transcript,8,50,real_data,4,seeded_random,1,624abde0af86ab7f
real_typeii_20db_d8_bw50_blk0,cascade_lite,3,True,False,0.28125,0.09895833333333333,0.125,0.041666666666666664,122.0,50,25.61969999806024,2,20,40,50,32,0,11,11,"12,6,24,13",2,leakage_accounting=exact_internal_transcript,8,50,real_data,4,seeded_random,1,624abde0af86ab7f
real_typeii_20db_d8_bw50_blk0,cascade_lite,0,True,False,0.3125,0.11979166666666667,0.09375,0.03125,160.0,76,4.723199992440641,4,26,52,76,32,0,17,17,"16,32,64,128",4,leakage_accounting=exact_internal_transcript,8,50,real_data,4,seeded_random,0,3ddb0e813f8c9fa7
real_typeii_20db_d8_bw50_blk0,cascade_lite,1,True,True,0.125,0.046875,0.0,0.0,118.0,40,15.285100002074614,4,23,46,40,32,0,9,9,"16,32,64,128",4,leakage_accounting=exact_internal_transcript,8,50,real_data,4,seeded_random,0,3ddb0e813f8c9fa7
real_typeii_20db_d8_bw50_blk0,cascade_lite,2,True,True,0.234375,0.078125,0.0,0.0,153.0,69,7.023700018180534,4,26,52,69,32,0,15,15,"16,32,64,128",4,leakage_accounting=exact_internal_transcript,8,50,real_data,4,seeded_random,0,3ddb0e813f8c9fa7
real_typeii_20db_d8_bw50_blk0,cascade_lite,3,True,False,0.28125,0.09895833333333333,0.140625,0.052083333333333336,127.0,47,3.674700012197718,4,24,48,47,32,0,9,9,"16,32,64,128",4,leakage_accounting=exact_internal_transcript,8,50,real_data,4,seeded_random,0,3ddb0e813f8c9fa7
real_typeii_20db_d8_bw50_blk0,cascade_lite,0,True,True,0.3125,0.11979166666666667,0.0,0.0,263.0,85,1.0361999738961458,4,73,146,85,32,0,23,23,"12,6,24,13",4,leakage_accounting=exact_internal_transcript,8,50,real_data,4,seeded_random,1,9b5934726b7a6d94
real_typeii_20db_d8_bw50_blk0,cascade_lite,1,True,True,0.125,0.046875,0.0,0.0,207.0,33,52.72629999672063,4,71,142,33,32,0,9,9,"12,6,24,13",4,leakage_accounting=exact_internal_transcript,8,50,real_data,4,seeded_random,1,9b5934726b7a6d94
real_typeii_20db_d8_bw50_blk0,cascade_lite,2,True,False,0.234375,0.078125,0.15625,0.052083333333333336,102.0,24,3.2341000041924417,4,23,46,24,32,0,5,5,"12,6,24,13",4,leakage_accounting=exact_internal_transcript,8,50,real_data,4,seeded_random,1,9b5934726b7a6d94
real_typeii_20db_d8_bw50_blk0,cascade_lite,3,True,False,0.28125,0.09895833333333333,0.03125,0.010416666666666666,171.0,83,10.175999981584027,4,28,56,83,32,0,17,17,"12,6,24,13",4,leakage_accounting=exact_internal_transcript,8,50,real_data,4,seeded_random,1,9b5934726b7a6d94
real_typeii_20db_d8_bw50_blk0,cascade_lite,0,True,True,0.3125,0.11979166666666667,0.0,0.0,260.0,58,19.130800006678328,3,85,170,58,32,0,23,23,"8,4,16,13",3,leakage_accounting=exact_internal_transcript,8,50,real_data,4,seeded_random,0,1cdb1b55b06d0718
real_typeii_20db_d8_bw50_blk0,cascade_lite,1,True,True,0.125,0.046875,0.0,0.0,227.0,27,33.25159999076277,3,84,168,27,32,0,9,9,"8,4,16,13",3,leakage_accounting=exact_internal_transcript,8,50,real_data,4,seeded_random,0,1cdb1b55b06d0718
real_typeii_20db_d8_bw50_blk0,cascade_lite,2,True,True,0.234375,0.078125,0.0,0.0,191.0,45,55.04569999175146,3,57,114,45,32,0,15,15,"8,4,16,13",3,leakage_accounting=exact_internal_transcript,8,50,real_data,4,seeded_random,0,1cdb1b55b06d0718
real_typeii_20db_d8_bw50_blk0,cascade_lite,3,True,False,0.28125,0.09895833333333333,0.171875,0.0625,108.0,34,29.732499999227002,3,21,42,34,32,0,7,7,"8,4,16,13",3,leakage_accounting=exact_internal_transcript,8,50,real_data,4,seeded_random,0,1cdb1b55b06d0718
real_typeii_20db_d8_bw50_blk0,cascade_lite,0,True,False,0.3125,0.11979166666666667,0.09375,0.03125,156.0,76,4.588700016029179,3,24,48,76,32,0,17,17,"16,32,64,128",3,leakage_accounting=exact_internal_transcript,8,50,real_data,4,seeded_random,0,7bb66119b31ce8cd
real_typeii_20db_d8_bw50_blk0,cascade_lite,1,True,True,0.125,0.046875,0.0,0.0,114.0,40,12.973699980648234,3,21,42,40,32,0,9,9,"16,32,64,128",3,leakage_accounting=exact_internal_transcript,8,50,real_data,4,seeded_random,0,7bb66119b31ce8cd
real_typeii_20db_d8_bw50_blk0,cascade_lite,2,True,True,0.234375,0.078125,0.0,0.0,149.0,69,10.008899989770725,3,24,48,69,32,0,15,15,"16,32,64,128",3,leakage_accounting=exact_internal_transcript,8,50,real_data,4,seeded_random,0,7bb66119b31ce8cd
real_typeii_20db_d8_bw50_blk0,cascade_lite,3,True,False,0.28125,0.09895833333333333,0.171875,0.0625,108.0,34,21.02979997289367,3,21,42,34,32,0,7,7,"16,32,64,128",3,leakage_accounting=exact_internal_transcript,8,50,real_data,4,seeded_random,0,7bb66119b31ce8cd
real_typeii_20db_d8_bw50_blk0,cascade_lite,0,True,True,0.3125,0.11979166666666667,0.0,0.0,258.0,78,6.767400016542524,4,74,148,78,32,0,23,23,"12,6,24,13",4,leakage_accounting=exact_internal_transcript,8,50,real_data,4,seeded_random,0,7ee822c7f60512c0
real_typeii_20db_d8_bw50_blk0,cascade_lite,1,True,True,0.125,0.046875,0.0,0.0,118.0,40,31.089100026292726,4,23,46,40,32,0,9,9,"12,6,24,13",4,leakage_accounting=exact_internal_transcript,8,50,real_data,4,seeded_random,0,7ee822c7f60512c0
real_typeii_20db_d8_bw50_blk0,cascade_lite,2,True,True,0.234375,0.078125,0.0,0.0,153.0,69,17.02670002123341,4,26,52,69,32,0,15,15,"12,6,24,13",4,leakage_accounting=exact_internal_transcript,8,50,real_data,4,seeded_random,0,7ee822c7f60512c0
real_typeii_20db_d8_bw50_blk0,cascade_lite,3,True,False,0.28125,0.09895833333333333,0.140625,0.052083333333333336,127.0,47,13.666600018041208,4,24,48,47,32,0,9,9,"12,6,24,13",4,leakage_accounting=exact_internal_transcript,8,50,real_data,4,seeded_random,0,7ee822c7f60512c0
real_typeii_20db_d8_bw50_blk0,cascade_lite,0,True,False,0.3125,0.11979166666666667,0.203125,0.08333333333333333,106.0,30,0.38010001298971474,3,22,44,30,32,0,7,7,"16,32,64,128",3,leakage_accounting=exact_internal_transcript,8,50,real_data,4,seeded_random,1,29af1beb670bdf02
real_typeii_20db_d8_bw50_blk0,cascade_lite,1,True,True,0.125,0.046875,0.0,0.0,116.0,42,47.86329998751171,3,21,42,42,32,0,9,9,"16,32,64,128",3,leakage_accounting=exact_internal_transcript,8,50,real_data,4,seeded_random,1,29af1beb670bdf02
real_typeii_20db_d8_bw50_blk0,cascade_lite,2,True,False,0.234375,0.078125,0.15625,0.052083333333333336,98.0,24,0.8419000077992678,3,21,42,24,32,0,5,5,"16,32,64,128",3,leakage_accounting=exact_internal_transcript,8,50,real_data,4,seeded_random,1,29af1beb670bdf02
real_typeii_20db_d8_bw50_blk0,cascade_lite,3,True,False,0.28125,0.09895833333333333,0.03125,0.010416666666666666,167.0,83,0.6814000080339611,3,26,52,83,32,0,17,17,"16,32,64,128",3,leakage_accounting=exact_internal_transcript,8,50,real_data,4,seeded_random,1,29af1beb670bdf02
