dataset_id,dimension,bin_width_ps,frame_cap,frames_used_actual,method,method_status,backend_status,block_size_schedule,num_passes,permutation_mode,seed,n_frames_attempted,n_frames_success,n_frames_failed_decode,n_frames_failed_verify,accepted_frame_fraction,raw_ser,post_ir_ser,leak_EC_actual_bits,leak_EC_per_input_bit,beta_eff_empirical,runtime_s,notes,param_hash,real_ir_success,success_classification
real_typeii_20db_d16_bw100_blk0,16,100,4,4,cascade_lite,ok,internal_cascade_lite,"8,4,16,13",4,seeded_random,0,4,4,0,0,1.0,0.19921875,0.0,1056.0,1.03125,0.0,0.059315400023479015,"internal_cascade_lite simplified multi-pass parity/bisection baseline; leakage_accounting=exact_internal_transcript; mapping=gray; block_size_schedule=[8, 4, 16, 13]; num_passes=4; permutation_mode=seeded_random; parity_disclosures_bits=714; bisection_disclosures_bits=214; verification_bits=128; other_disclosures_bits=0; candidate_flips=66; verified_flips=66; total_blocks_checked=357",d8c9e97fcf2fa52f,True,real_ir_success
real_typeii_20db_d16_bw100_blk0,16,100,4,4,cascade_lite,ok,internal_cascade_lite,"8,4,16,13",2,seeded_random,1,4,4,0,0,1.0,0.19921875,0.0,1069.0,1.0439453125,0.0,0.01573149999603629,"internal_cascade_lite simplified multi-pass parity/bisection baseline; leakage_accounting=exact_internal_transcript; mapping=gray; block_size_schedule=[8, 4, 16, 13]; num_passes=2; permutation_mode=seeded_random; parity_disclosures_bits=770; bisection_disclosures_bits=171; verification_bits=128; other_disclosures_bits=0; candidate_flips=66; verified_flips=66; total_blocks_checked=385",7354d2046d247234,True,real_ir_success
real_typeii_20db_d16_bw100_blk0,16,100,4,4,cascade_lite,ok,internal_cascade_lite,"12,6,24,13",2,seeded_random,1,4,2,0,2,0.5,0.19921875,0.015625,851.0,0.8310546875,0.0,0.015481600014027208,"internal_cascade_lite simplified multi-pass parity/bisection baseline; leakage_accounting=exact_internal_transcript; mapping=gray; block_size_schedule=[12, 6, 24, 13]; num_passes=2; permutation_mode=seeded_random; parity_disclosures_bits=524; bisection_disclosures_bits=199; verification_bits=128; other_disclosures_bits=0; candidate_flips=62; verified_flips=62; total_blocks_checked=262",624abde0af86ab7f,False,verified_failure
real_typeii_20db_d16_bw100_blk0,16,100,4,4,cascade_lite,no_verified_success,internal_cascade_lite,"16,32,64,128",2,identity,1,4,0,0,4,0.0,0.19921875,0.10546875,424.0,0.4140625,0.0,0.0010745000035967678,"internal_cascade_lite simplified multi-pass parity/bisection baseline; leakage_accounting=exact_internal_transcript; mapping=gray; block_size_schedule=[16, 32, 64, 128]; num_passes=2; permutation_mode=identity; parity_disclosures_bits=192; bisection_disclosures_bits=104; verification_bits=128; other_disclosures_bits=0; candidate_flips=26; verified_flips=26; total_blocks_checked=96; status_reason=no_verified_success; success=0/4; raw_ser=0.19921875; post_ir_ser=0.10546875",b97861b5bfb007df,False,verified_failure
real_typeii_20db_d16_bw100_blk0,16,100,4,4,cascade_lite,ok,internal_cascade_lite,"8,4,16,13",2,identity,0,4,1,0,3,0.25,0.19921875,0.03515625,1022.0,0.998046875,0.0,0.0025209999876096845,"internal_cascade_lite simplified multi-pass parity/bisection baseline; leakage_accounting=exact_internal_transcript; mapping=gray; block_size_schedule=[8, 4, 16, 13]; num_passes=2; permutation_mode=identity; parity_disclosures_bits=768; bisection_disclosures_bits=126; verification_bits=128; other_disclosures_bits=0; candidate_flips=46; verified_flips=46; total_blocks_checked=384",a13ee2a8e214a2c1,False,verified_failure
real_typeii_20db_d16_bw100_blk0,16,100,4,4,cascade_lite,ok,internal_cascade_lite,"16,32,64,128",3,seeded_random,0,4,2,0,2,0.5,0.19921875,0.03515625,604.0,0.58984375,0.0,0.0072762000199873,"internal_cascade_lite simplified multi-pass parity/bisection baseline; leakage_accounting=exact_internal_transcript; mapping=gray; block_size_schedule=[16, 32, 64, 128]; num_passes=3; permutation_mode=seeded_random; parity_disclosures_bits=234; bisection_disclosures_bits=242; verification_bits=128; other_disclosures_bits=0; candidate_flips=54; verified_flips=54; total_blocks_checked=117",7bb66119b31ce8cd,False,verified_failure
real_typeii_20db_d16_bw100_blk0,16,100,4,4,cascade_lite,ok,internal_cascade_lite,"8,4,16,13",3,identity,1,4,1,0,3,0.25,0.19921875,0.03515625,1150.0,1.123046875,0.0,0.0022699999972246587,"internal_cascade_lite simplified multi-pass parity/bisection baseline; leakage_accounting=exact_internal_transcript; mapping=gray; block_size_schedule=[8, 4, 16, 13]; num_passes=3; permutation_mode=identity; parity_disclosures_bits=896; bisection_disclosures_bits=126; verification_bits=128; other_disclosures_bits=0; candidate_flips=46; verified_flips=46; total_blocks_checked=448",980002d4a26462ee,False,verified_failure
real_typeii_20db_d16_bw100_blk0,16,100,4,4,cascade_lite,no_verified_success,internal_cascade_lite,"12,6,24,13",3,identity,0,4,0,0,4,0.0,0.19921875,0.078125,854.0,0.833984375,0.0,0.0017103000136557966,"internal_cascade_lite simplified multi-pass parity/bisection baseline; leakage_accounting=exact_internal_transcript; mapping=gray; block_size_schedule=[12, 6, 24, 13]; num_passes=3; permutation_mode=identity; parity_disclosures_bits=608; bisection_disclosures_bits=118; verification_bits=128; other_disclosures_bits=0; candidate_flips=34; verified_flips=34; total_blocks_checked=304; status_reason=no_verified_success; success=0/4; raw_ser=0.19921875; post_ir_ser=0.078125",d6871fb94730b51d,False,verified_failure
real_typeii_20db_d16_bw100_blk0,16,100,4,4,cascade_lite,ok,internal_cascade_lite,"8,4,16,13",3,seeded_random,0,4,4,0,0,1.0,0.19921875,0.0,1199.0,1.1708984375,0.0,0.026586299994960427,"internal_cascade_lite simplified multi-pass parity/bisection baseline; leakage_accounting=exact_internal_transcript; mapping=gray; block_size_schedule=[8, 4, 16, 13]; num_passes=3; permutation_mode=seeded_random; parity_disclosures_bits=898; bisection_disclosures_bits=173; verification_bits=128; other_disclosures_bits=0; candidate_flips=66; verified_flips=66; total_blocks_checked=449",1cdb1b55b06d0718,True,real_ir_success
real_typeii_20db_d16_bw100_blk0,16,100,4,4,cascade_lite,ok,internal_cascade_lite,"8,4,16,13",4,seeded_random,1,4,3,0,1,0.75,0.19921875,0.0078125,1056.0,1.03125,0.0,0.05946999997831881,"internal_cascade_lite simplified multi-pass parity/bisection baseline; leakage_accounting=exact_internal_transcript; mapping=gray; block_size_schedule=[8, 4, 16, 13]; num_passes=4; permutation_mode=seeded_random; parity_disclosures_bits=712; bisection_disclosures_bits=216; verification_bits=128; other_disclosures_bits=0; candidate_flips=64; verified_flips=64; total_blocks_checked=356",06922f5b1549a72b,False,verified_failure
real_typeii_20db_d16_bw100_blk0,16,100,4,4,cascade_lite,no_verified_success,internal_cascade_lite,"12,6,24,13",2,identity,0,4,0,0,4,0.0,0.19921875,0.078125,766.0,0.748046875,0.0,0.0017099000106099993,"internal_cascade_lite simplified multi-pass parity/bisection baseline; leakage_accounting=exact_internal_transcript; mapping=gray; block_size_schedule=[12, 6, 24, 13]; num_passes=2; permutation_mode=identity; parity_disclosures_bits=520; bisection_disclosures_bits=118; verification_bits=128; other_disclosures_bits=0; candidate_flips=34; verified_flips=34; total_blocks_checked=260; status_reason=no_verified_success; success=0/4; raw_ser=0.19921875; post_ir_ser=0.078125",979209ff46816fd4,False,verified_failure
real_typeii_20db_d16_bw100_blk0,16,100,4,4,cascade_lite,no_verified_success,internal_cascade_lite,"12,6,24,13",2,identity,1,4,0,0,4,0.0,0.19921875,0.078125,766.0,0.748046875,0.0,0.0015466999902855605,"internal_cascade_lite simplified multi-pass parity/bisection baseline; leakage_accounting=exact_internal_transcript; mapping=gray; block_size_schedule=[12, 6, 24, 13]; num_passes=2; permutation_mode=identity; parity_disclosures_bits=520; bisection_disclosures_bits=118; verification_bits=128; other_disclosures_bits=0; candidate_flips=34; verified_flips=34; total_blocks_checked=260; status_reason=no_verified_success; success=0/4; raw_ser=0.19921875; post_ir_ser=0.078125",2cca18232a17d99f,False,verified_failure
real_typeii_20db_d16_bw100_blk0,16,100,4,4,cascade_lite,ok,internal_cascade_lite,"8,4,16,13",4,identity,0,4,1,0,3,0.25,0.19921875,0.03515625,1310.0,1.279296875,0.0,0.0031392000091727823,"internal_cascade_lite simplified multi-pass parity/bisection baseline; leakage_accounting=exact_internal_transcript; mapping=gray; block_size_schedule=[8, 4, 16, 13]; num_passes=4; permutation_mode=identity; parity_disclosures_bits=1056; bisection_disclosures_bits=126; verification_bits=128; other_disclosures_bits=0; candidate_flips=46; verified_flips=46; total_blocks_checked=528",de9542c356f237d9,False,verified_failure
real_typeii_20db_d16_bw100_blk0,16,100,4,4,cascade_lite,no_verified_success,internal_cascade_lite,"16,32,64,128",3,identity,0,4,0,0,4,0.0,0.19921875,0.10546875,456.0,0.4453125,0.0,0.0010958000202663243,"internal_cascade_lite simplified multi-pass parity/bisection baseline; leakage_accounting=exact_internal_transcript; mapping=gray; block_size_schedule=[16, 32, 64, 128]; num_passes=3; permutation_mode=identity; parity_disclosures_bits=224; bisection_disclosures_bits=104; verification_bits=128; other_disclosures_bits=0; candidate_flips=26; verified_flips=26; total_blocks_checked=112; status_reason=no_verified_success; success=0/4; raw_ser=0.19921875; post_ir_ser=0.10546875",4e9da68e0f171e1f,False,verified_failure
real_typeii_20db_d16_bw100_blk0,16,100,4,4,cascade_lite,ok,internal_cascade_lite,"8,4,16,13",3,seeded_random,1,4,4,0,0,1.0,0.19921875,0.0,1079.0,1.0537109375,0.0,0.04135260000475682,"internal_cascade_lite simplified multi-pass parity/bisection baseline; leakage_accounting=exact_internal_transcript; mapping=gray; block_size_schedule=[8, 4, 16, 13]; num_passes=3; permutation_mode=seeded_random; parity_disclosures_bits=754; bisection_disclosures_bits=197; verification_bits=128; other_disclosures_bits=0; candidate_flips=66; verified_flips=66; total_blocks_checked=377",8c14481b3b13ba97,True,real_ir_success
real_typeii_20db_d16_bw100_blk0,16,100,4,4,cascade_lite,no_verified_success,internal_cascade_lite,"16,32,64,128",3,identity,1,4,0,0,4,0.0,0.19921875,0.10546875,456.0,0.4453125,0.0,0.0010781000019051135,"internal_cascade_lite simplified multi-pass parity/bisection baseline; leakage_accounting=exact_internal_transcript; mapping=gray; block_size_schedule=[16, 32, 64, 128]; num_passes=3; permutation_mode=identity; parity_disclosures_bits=224; bisection_disclosures_bits=104; verification_bits=128; other_disclosures_bits=0; candidate_flips=26; verified_flips=26; total_blocks_checked=112; status_reason=no_verified_success; success=0/4; raw_ser=0.19921875; post_ir_ser=0.10546875",12e60a79b80aac28,False,verified_failure
real_typeii_20db_d16_bw100_blk0,16,100,4,4,cascade_lite,ok,internal_cascade_lite,"8,4,16,13",4,identity,1,4,1,0,3,0.25,0.19921875,0.03515625,1310.0,1.279296875,0.0,0.0023969000030774623,"internal_cascade_lite simplified multi-pass parity/bisection baseline; leakage_accounting=exact_internal_transcript; mapping=gray; block_size_schedule=[8, 4, 16, 13]; num_passes=4; permutation_mode=identity; parity_disclosures_bits=1056; bisection_disclosures_bits=126; verification_bits=128; other_disclosures_bits=0; candidate_flips=46; verified_flips=46; total_blocks_checked=528",9d564316fde14cb8,False,verified_failure
real_typeii_20db_d16_bw100_blk0,16,100,4,4,cascade_lite,no_verified_success,internal_cascade_lite,"16,32,64,128",2,seeded_random,0,4,0,0,4,0.0,0.19921875,0.0546875,534.0,0.521484375,0.0,0.018846799997845665,"internal_cascade_lite simplified multi-pass parity/bisection baseline; leakage_accounting=exact_internal_transcript; mapping=gray; block_size_schedule=[16, 32, 64, 128]; num_passes=2; permutation_mode=seeded_random; parity_disclosures_bits=200; bisection_disclosures_bits=206; verification_bits=128; other_disclosures_bits=0; candidate_flips=48; verified_flips=48; total_blocks_checked=100; status_reason=no_verified_success; success=0/4; raw_ser=0.19921875; post_ir_ser=0.0546875",dd7816676bf6e07b,False,verified_failure
real_typeii_20db_d16_bw100_blk0,16,100,4,4,cascade_lite,no_verified_success,internal_cascade_lite,"12,6,24,13",4,identity,0,4,0,0,4,0.0,0.19921875,0.0703125,1022.0,0.998046875,0.0,0.0019105999963358045,"internal_cascade_lite simplified multi-pass parity/bisection baseline; leakage_accounting=exact_internal_transcript; mapping=gray; block_size_schedule=[12, 6, 24, 13]; num_passes=4; permutation_mode=identity; parity_disclosures_bits=768; bisection_disclosures_bits=126; verification_bits=128; other_disclosures_bits=0; candidate_flips=36; verified_flips=36; total_blocks_checked=384; status_reason=no_verified_success; success=0/4; raw_ser=0.19921875; post_ir_ser=0.0703125",2faaaa245957cec2,False,verified_failure
real_typeii_20db_d16_bw100_blk0,16,100,4,4,cascade_lite,ok,internal_cascade_lite,"12,6,24,13",3,seeded_random,1,4,2,0,2,0.5,0.19921875,0.0234375,760.0,0.7421875,0.0,0.02792510000290349,"internal_cascade_lite simplified multi-pass parity/bisection baseline; leakage_accounting=exact_internal_transcript; mapping=gray; block_size_schedule=[12, 6, 24, 13]; num_passes=3; permutation_mode=seeded_random; parity_disclosures_bits=420; bisection_disclosures_bits=212; verification_bits=128; other_disclosures_bits=0; candidate_flips=60; verified_flips=60; total_blocks_checked=210",8423d62fa77f89d5,False,verified_failure
real_typeii_20db_d16_bw100_blk0,16,100,4,4,cascade_lite,no_verified_success,internal_cascade_lite,"12,6,24,13",4,identity,1,4,0,0,4,0.0,0.19921875,0.0703125,1022.0,0.998046875,0.0,0.0019123000092804432,"internal_cascade_lite simplified multi-pass parity/bisection baseline; leakage_accounting=exact_internal_transcript; mapping=gray; block_size_schedule=[12, 6, 24, 13]; num_passes=4; permutation_mode=identity; parity_disclosures_bits=768; bisection_disclosures_bits=126; verification_bits=128; other_disclosures_bits=0; candidate_flips=36; verified_flips=36; total_blocks_checked=384; status_reason=no_verified_success; success=0/4; raw_ser=0.19921875; post_ir_ser=0.0703125",e94e37ca4f54ec26,False,verified_failure
real_typeii_20db_d16_bw100_blk0,16,100,4,4,cascade_lite,no_verified_success,internal_cascade_lite,"16,32,64,128",2,identity,0,4,0,0,4,0.0,0.19921875,0.10546875,424.0,0.4140625,0.0,0.0011014000046998262,"internal_cascade_lite simplified multi-pass parity/bisection baseline; leakage_accounting=exact_internal_transcript; mapping=gray; block_size_schedule=[16, 32, 64, 128]; num_passes=2; permutation_mode=identity; parity_disclosures_bits=192; bisection_disclosures_bits=104; verification_bits=128; other_disclosures_bits=0; candidate_flips=26; verified_flips=26; total_blocks_checked=96; status_reason=no_verified_success; success=0/4; raw_ser=0.19921875; post_ir_ser=0.10546875",7f633f44f9b66e3b,False,verified_failure
real_typeii_20db_d16_bw100_blk0,16,100,4,4,cascade_lite,ok,internal_cascade_lite,"12,6,24,13",2,seeded_random,0,4,3,0,1,0.75,0.19921875,0.0078125,853.0,0.8330078125,0.0,0.029475399991497397,"internal_cascade_lite simplified multi-pass parity/bisection baseline; leakage_accounting=exact_internal_transcript; mapping=gray; block_size_schedule=[12, 6, 24, 13]; num_passes=2; permutation_mode=seeded_random; parity_disclosures_bits=522; bisection_disclosures_bits=203; verification_bits=128; other_disclosures_bits=0; candidate_flips=64; verified_flips=64; total_blocks_checked=261",a8b77a06b4a8c66b,False,verified_failure
real_typeii_20db_d16_bw100_blk0,16,100,4,4,cascade_lite,no_verified_success,internal_cascade_lite,"12,6,24,13",3,identity,1,4,0,0,4,0.0,0.19921875,0.078125,854.0,0.833984375,0.0,0.0018791999900713563,"internal_cascade_lite simplified multi-pass parity/bisection baseline; leakage_accounting=exact_internal_transcript; mapping=gray; block_size_schedule=[12, 6, 24, 13]; num_passes=3; permutation_mode=identity; parity_disclosures_bits=608; bisection_disclosures_bits=118; verification_bits=128; other_disclosures_bits=0; candidate_flips=34; verified_flips=34; total_blocks_checked=304; status_reason=no_verified_success; success=0/4; raw_ser=0.19921875; post_ir_ser=0.078125",7db1c271a29cbcbd,False,verified_failure
real_typeii_20db_d16_bw100_blk0,16,100,4,4,cascade_lite,ok,internal_cascade_lite,"8,4,16,13",2,seeded_random,0,4,4,0,0,1.0,0.19921875,0.0,1071.0,1.0458984375,0.0,0.026149299985263497,"internal_cascade_lite simplified multi-pass parity/bisection baseline; leakage_accounting=exact_internal_transcript; mapping=gray; block_size_schedule=[8, 4, 16, 13]; num_passes=2; permutation_mode=seeded_random; parity_disclosures_bits=770; bisection_disclosures_bits=173; verification_bits=128; other_disclosures_bits=0; candidate_flips=66; verified_flips=66; total_blocks_checked=385",eb6b9d5df31d86f8,True,real_ir_success
real_typeii_20db_d16_bw100_blk0,16,100,4,4,cascade_lite,ok,internal_cascade_lite,"8,4,16,13",3,identity,0,4,1,0,3,0.25,0.19921875,0.03515625,1150.0,1.123046875,0.0,0.00220459999400191,"internal_cascade_lite simplified multi-pass parity/bisection baseline; leakage_accounting=exact_internal_transcript; mapping=gray; block_size_schedule=[8, 4, 16, 13]; num_passes=3; permutation_mode=identity; parity_disclosures_bits=896; bisection_disclosures_bits=126; verification_bits=128; other_disclosures_bits=0; candidate_flips=46; verified_flips=46; total_blocks_checked=448",3126004ba81eb888,False,verified_failure
real_typeii_20db_d16_bw100_blk0,16,100,4,4,cascade_lite,ok,internal_cascade_lite,"8,4,16,13",2,identity,1,4,1,0,3,0.25,0.19921875,0.03515625,1022.0,0.998046875,0.0,0.0020631999941542745,"internal_cascade_lite simplified multi-pass parity/bisection baseline; leakage_accounting=exact_internal_transcript; mapping=gray; block_size_schedule=[8, 4, 16, 13]; num_passes=2; permutation_mode=identity; parity_disclosures_bits=768; bisection_disclosures_bits=126; verification_bits=128; other_disclosures_bits=0; candidate_flips=46; verified_flips=46; total_blocks_checked=384",3f252f07ce424b12,False,verified_failure
real_typeii_20db_d16_bw100_blk0,16,100,4,4,cascade_lite,ok,internal_cascade_lite,"12,6,24,13",4,seeded_random,0,4,3,0,1,0.75,0.19921875,0.0078125,765.0,0.7470703125,0.0,0.03991730001871474,"internal_cascade_lite simplified multi-pass parity/bisection baseline; leakage_accounting=exact_internal_transcript; mapping=gray; block_size_schedule=[12, 6, 24, 13]; num_passes=4; permutation_mode=seeded_random; parity_disclosures_bits=380; bisection_disclosures_bits=257; verification_bits=128; other_disclosures_bits=0; candidate_flips=64; verified_flips=64; total_blocks_checked=190",7ee822c7f60512c0,False,verified_failure
real_typeii_20db_d16_bw100_blk0,16,100,4,4,cascade_lite,no_verified_success,internal_cascade_lite,"16,32,64,128",2,seeded_random,1,4,0,0,4,0.0,0.19921875,0.0859375,498.0,0.486328125,0.0,0.019826100004138425,"internal_cascade_lite simplified multi-pass parity/bisection baseline; leakage_accounting=exact_internal_transcript; mapping=gray; block_size_schedule=[16, 32, 64, 128]; num_passes=2; permutation_mode=seeded_random; parity_disclosures_bits=194; bisection_disclosures_bits=176; verification_bits=128; other_disclosures_bits=0; candidate_flips=41; verified_flips=41; total_blocks_checked=97; status_reason=no_verified_success; success=0/4; raw_ser=0.19921875; post_ir_ser=0.0859375",681ccb6691fc7891,False,verified_failure
real_typeii_20db_d16_bw100_blk0,16,100,4,4,cascade_lite,no_verified_success,internal_cascade_lite,"16,32,64,128",4,identity,1,4,0,0,4,0.0,0.19921875,0.10546875,472.0,0.4609375,0.0,0.0034122999932151288,"internal_cascade_lite simplified multi-pass parity/bisection baseline; leakage_accounting=exact_internal_transcript; mapping=gray; block_size_schedule=[16, 32, 64, 128]; num_passes=4; permutation_mode=identity; parity_disclosures_bits=240; bisection_disclosures_bits=104; verification_bits=128; other_disclosures_bits=0; candidate_flips=26; verified_flips=26; total_blocks_checked=120; status_reason=no_verified_success; success=0/4; raw_ser=0.19921875; post_ir_ser=0.10546875",b274fad8603600d1,False,verified_failure
real_typeii_20db_d16_bw100_blk0,16,100,4,4,cascade_lite,no_verified_success,internal_cascade_lite,"16,32,64,128",4,identity,0,4,0,0,4,0.0,0.19921875,0.10546875,472.0,0.4609375,0.0,0.010057400009827688,"internal_cascade_lite simplified multi-pass parity/bisection baseline; leakage_accounting=exact_internal_transcript; mapping=gray; block_size_schedule=[16, 32, 64, 128]; num_passes=4; permutation_mode=identity; parity_disclosures_bits=240; bisection_disclosures_bits=104; verification_bits=128; other_disclosures_bits=0; candidate_flips=26; verified_flips=26; total_blocks_checked=120; status_reason=no_verified_success; success=0/4; raw_ser=0.19921875; post_ir_ser=0.10546875",aeacee9a04c960ac,False,verified_failure
real_typeii_20db_d16_bw180_blk0,16,180,4,4,cascade_lite,no_verified_success,internal_cascade_lite,"8,4,16,13",2,identity,1,4,0,0,4,0.0,0.1171875,0.0546875,947.0,0.9248046875,0.0,0.0015965000202413648,"internal_cascade_lite simplified multi-pass parity/bisection baseline; leakage_accounting=exact_internal_transcript; mapping=gray; block_size_schedule=[8, 4, 16, 13]; num_passes=2; permutation_mode=identity; parity_disclosures_bits=768; bisection_disclosures_bits=51; verification_bits=128; other_disclosures_bits=0; candidate_flips=19; verified_flips=19; total_blocks_checked=384; status_reason=no_verified_success; success=0/4; raw_ser=0.1171875; post_ir_ser=0.0546875",3f252f07ce424b12,False,verified_failure
real_typeii_20db_d16_bw100_blk0,16,100,4,4,cascade_lite,ok,internal_cascade_lite,"12,6,24,13",3,seeded_random,0,4,3,0,1,0.75,0.19921875,0.0078125,713.0,0.6962890625,0.0,0.07066490000579506,"internal_cascade_lite simplified multi-pass parity/bisection baseline; leakage_accounting=exact_internal_transcript; mapping=gray; block_size_schedule=[12, 6, 24, 13]; num_passes=3; permutation_mode=seeded_random; parity_disclosures_bits=328; bisection_disclosures_bits=257; verification_bits=128; other_disclosures_bits=0; candidate_flips=64; verified_flips=64; total_blocks_checked=164",e41b94e22127bc2a,False,verified_failure
real_typeii_20db_d16_bw180_blk0,16,180,4,4,cascade_lite,no_verified_success,internal_cascade_lite,"8,4,16,13",3,identity,0,4,0,0,4,0.0,0.1171875,0.0546875,1075.0,1.0498046875,0.0,0.001673899998422712,"internal_cascade_lite simplified multi-pass parity/bisection baseline; leakage_accounting=exact_internal_transcript; mapping=gray; block_size_schedule=[8, 4, 16, 13]; num_passes=3; permutation_mode=identity; parity_disclosures_bits=896; bisection_disclosures_bits=51; verification_bits=128; other_disclosures_bits=0; candidate_flips=19; verified_flips=19; total_blocks_checked=448; status_reason=no_verified_success; success=0/4; raw_ser=0.1171875; post_ir_ser=0.0546875",3126004ba81eb888,False,verified_failure
real_typeii_20db_d16_bw180_blk0,16,180,4,4,cascade_lite,no_verified_success,internal_cascade_lite,"8,4,16,13",3,identity,1,4,0,0,4,0.0,0.1171875,0.0546875,1075.0,1.0498046875,0.0,0.0018111999961547554,"internal_cascade_lite simplified multi-pass parity/bisection baseline; leakage_accounting=exact_internal_transcript; mapping=gray; block_size_schedule=[8, 4, 16, 13]; num_passes=3; permutation_mode=identity; parity_disclosures_bits=896; bisection_disclosures_bits=51; verification_bits=128; other_disclosures_bits=0; candidate_flips=19; verified_flips=19; total_blocks_checked=448; status_reason=no_verified_success; success=0/4; raw_ser=0.1171875; post_ir_ser=0.0546875",980002d4a26462ee,False,verified_failure
real_typeii_20db_d16_bw100_blk0,16,100,4,4,cascade_lite,ok,internal_cascade_lite,"12,6,24,13",4,seeded_random,1,4,2,0,2,0.5,0.19921875,0.015625,756.0,0.73828125,0.0,0.07150819999515079,"internal_cascade_lite simplified multi-pass parity/bisection baseline; leakage_accounting=exact_internal_transcript; mapping=gray; block_size_schedule=[12, 6, 24, 13]; num_passes=4; permutation_mode=seeded_random; parity_disclosures_bits=378; bisection_disclosures_bits=250; verification_bits=128; other_disclosures_bits=0; candidate_flips=62; verified_flips=62; total_blocks_checked=189",9b5934726b7a6d94,False,verified_failure
real_typeii_20db_d16_bw180_blk0,16,180,4,4,cascade_lite,no_verified_success,internal_cascade_lite,"8,4,16,13",2,identity,0,4,0,0,4,0.0,0.1171875,0.0546875,947.0,0.9248046875,0.0,0.0015476999979000539,"internal_cascade_lite simplified multi-pass parity/bisection baseline; leakage_accounting=exact_internal_transcript; mapping=gray; block_size_schedule=[8, 4, 16, 13]; num_passes=2; permutation_mode=identity; parity_disclosures_bits=768; bisection_disclosures_bits=51; verification_bits=128; other_disclosures_bits=0; candidate_flips=19; verified_flips=19; total_blocks_checked=384; status_reason=no_verified_success; success=0/4; raw_ser=0.1171875; post_ir_ser=0.0546875",a13ee2a8e214a2c1,False,verified_failure
real_typeii_20db_d16_bw180_blk0,16,180,4,4,cascade_lite,no_verified_success,internal_cascade_lite,"8,4,16,13",4,identity,0,4,0,0,4,0.0,0.1171875,0.0546875,1235.0,1.2060546875,0.0,0.0020305000070948154,"internal_cascade_lite simplified multi-pass parity/bisection baseline; leakage_accounting=exact_internal_transcript; mapping=gray; block_size_schedule=[8, 4, 16, 13]; num_passes=4; permutation_mode=identity; parity_disclosures_bits=1056; bisection_disclosures_bits=51; verification_bits=128; other_disclosures_bits=0; candidate_flips=19; verified_flips=19; total_blocks_checked=528; status_reason=no_verified_success; success=0/4; raw_ser=0.1171875; post_ir_ser=0.0546875",de9542c356f237d9,False,verified_failure
real_typeii_20db_d16_bw180_blk0,16,180,4,4,cascade_lite,no_verified_success,internal_cascade_lite,"8,4,16,13",4,identity,1,4,0,0,4,0.0,0.1171875,0.0546875,1235.0,1.2060546875,0.0,0.0025440999888814986,"internal_cascade_lite simplified multi-pass parity/bisection baseline; leakage_accounting=exact_internal_transcript; mapping=gray; block_size_schedule=[8, 4, 16, 13]; num_passes=4; permutation_mode=identity; parity_disclosures_bits=1056; bisection_disclosures_bits=51; verification_bits=128; other_disclosures_bits=0; candidate_flips=19; verified_flips=19; total_blocks_checked=528; status_reason=no_verified_success; success=0/4; raw_ser=0.1171875; post_ir_ser=0.0546875",9d564316fde14cb8,False,verified_failure
real_typeii_20db_d16_bw180_blk0,16,180,4,4,cascade_lite,no_verified_success,internal_cascade_lite,"12,6,24,13",2,identity,0,4,0,0,4,0.0,0.1171875,0.0703125,698.0,0.681640625,0.0,0.0012348000018391758,"internal_cascade_lite simplified multi-pass parity/bisection baseline; leakage_accounting=exact_internal_transcript; mapping=gray; block_size_schedule=[12, 6, 24, 13]; num_passes=2; permutation_mode=identity; parity_disclosures_bits=520; bisection_disclosures_bits=50; verification_bits=128; other_disclosures_bits=0; candidate_flips=15; verified_flips=15; total_blocks_checked=260; status_reason=no_verified_success; success=0/4; raw_ser=0.1171875; post_ir_ser=0.0703125",979209ff46816fd4,False,verified_failure
real_typeii_20db_d16_bw180_blk0,16,180,4,4,cascade_lite,no_verified_success,internal_cascade_lite,"12,6,24,13",2,identity,1,4,0,0,4,0.0,0.1171875,0.0703125,698.0,0.681640625,0.0,0.0012916999985463917,"internal_cascade_lite simplified multi-pass parity/bisection baseline; leakage_accounting=exact_internal_transcript; mapping=gray; block_size_schedule=[12, 6, 24, 13]; num_passes=2; permutation_mode=identity; parity_disclosures_bits=520; bisection_disclosures_bits=50; verification_bits=128; other_disclosures_bits=0; candidate_flips=15; verified_flips=15; total_blocks_checked=260; status_reason=no_verified_success; success=0/4; raw_ser=0.1171875; post_ir_ser=0.0703125",2cca18232a17d99f,False,verified_failure
real_typeii_20db_d16_bw180_blk0,16,180,4,4,cascade_lite,no_verified_success,internal_cascade_lite,"12,6,24,13",3,identity,0,4,0,0,4,0.0,0.1171875,0.0703125,786.0,0.767578125,0.0,0.0014722000050824136,"internal_cascade_lite simplified multi-pass parity/bisection baseline; leakage_accounting=exact_internal_transcript; mapping=gray; block_size_schedule=[12, 6, 24, 13]; num_passes=3; permutation_mode=identity; parity_disclosures_bits=608; bisection_disclosures_bits=50; verification_bits=128; other_disclosures_bits=0; candidate_flips=15; verified_flips=15; total_blocks_checked=304; status_reason=no_verified_success; success=0/4; raw_ser=0.1171875; post_ir_ser=0.0703125",d6871fb94730b51d,False,verified_failure
real_typeii_20db_d16_bw180_blk0,16,180,4,4,cascade_lite,ok,internal_cascade_lite,"8,4,16,13",2,seeded_random,1,4,2,0,2,0.5,0.1171875,0.015625,945.0,0.9228515625,0.0,0.0485935999895446,"internal_cascade_lite simplified multi-pass parity/bisection baseline; leakage_accounting=exact_internal_transcript; mapping=gray; block_size_schedule=[8, 4, 16, 13]; num_passes=2; permutation_mode=seeded_random; parity_disclosures_bits=706; bisection_disclosures_bits=111; verification_bits=128; other_disclosures_bits=0; candidate_flips=41; verified_flips=41; total_blocks_checked=353",7354d2046d247234,False,verified_failure
real_typeii_20db_d16_bw100_blk0,16,100,4,4,cascade_lite,ok,internal_cascade_lite,"16,32,64,128",4,seeded_random,1,4,1,0,3,0.25,0.19921875,0.0390625,632.0,0.6171875,0.0,0.06734180002240464,"internal_cascade_lite simplified multi-pass parity/bisection baseline; leakage_accounting=exact_internal_transcript; mapping=gray; block_size_schedule=[16, 32, 64, 128]; num_passes=4; permutation_mode=seeded_random; parity_disclosures_bits=248; bisection_disclosures_bits=256; verification_bits=128; other_disclosures_bits=0; candidate_flips=54; verified_flips=54; total_blocks_checked=124",29020ebdb18ce89f,False,verified_failure
real_typeii_20db_d16_bw180_blk0,16,180,4,4,cascade_lite,no_verified_success,internal_cascade_lite,"12,6,24,13",3,identity,1,4,0,0,4,0.0,0.1171875,0.0703125,786.0,0.767578125,0.0,0.005805499997222796,"internal_cascade_lite simplified multi-pass parity/bisection baseline; leakage_accounting=exact_internal_transcript; mapping=gray; block_size_schedule=[12, 6, 24, 13]; num_passes=3; permutation_mode=identity; parity_disclosures_bits=608; bisection_disclosures_bits=50; verification_bits=128; other_disclosures_bits=0; candidate_flips=15; verified_flips=15; total_blocks_checked=304; status_reason=no_verified_success; success=0/4; raw_ser=0.1171875; post_ir_ser=0.0703125",7db1c271a29cbcbd,False,verified_failure
real_typeii_20db_d16_bw180_blk0,16,180,4,4,cascade_lite,no_verified_success,internal_cascade_lite,"12,6,24,13",4,identity,0,4,0,0,4,0.0,0.1171875,0.0546875,961.0,0.9384765625,0.0,0.001578199997311458,"internal_cascade_lite simplified multi-pass parity/bisection baseline; leakage_accounting=exact_internal_transcript; mapping=gray; block_size_schedule=[12, 6, 24, 13]; num_passes=4; permutation_mode=identity; parity_disclosures_bits=768; bisection_disclosures_bits=65; verification_bits=128; other_disclosures_bits=0; candidate_flips=19; verified_flips=19; total_blocks_checked=384; status_reason=no_verified_success; success=0/4; raw_ser=0.1171875; post_ir_ser=0.0546875",2faaaa245957cec2,False,verified_failure
real_typeii_20db_d16_bw180_blk0,16,180,4,4,cascade_lite,no_verified_success,internal_cascade_lite,"12,6,24,13",4,identity,1,4,0,0,4,0.0,0.1171875,0.0546875,961.0,0.9384765625,0.0,0.0017708000086713582,"internal_cascade_lite simplified multi-pass parity/bisection baseline; leakage_accounting=exact_internal_transcript; mapping=gray; block_size_schedule=[12, 6, 24, 13]; num_passes=4; permutation_mode=identity; parity_disclosures_bits=768; bisection_disclosures_bits=65; verification_bits=128; other_disclosures_bits=0; candidate_flips=19; verified_flips=19; total_blocks_checked=384; status_reason=no_verified_success; success=0/4; raw_ser=0.1171875; post_ir_ser=0.0546875",e94e37ca4f54ec26,False,verified_failure
real_typeii_20db_d16_bw180_blk0,16,180,4,4,cascade_lite,ok,internal_cascade_lite,"8,4,16,13",2,seeded_random,0,4,4,0,0,1.0,0.1171875,0.0,975.0,0.9521484375,0.0,0.06670440000016242,"internal_cascade_lite simplified multi-pass parity/bisection baseline; leakage_accounting=exact_internal_transcript; mapping=gray; block_size_schedule=[8, 4, 16, 13]; num_passes=2; permutation_mode=seeded_random; parity_disclosures_bits=708; bisection_disclosures_bits=139; verification_bits=128; other_disclosures_bits=0; candidate_flips=47; verified_flips=47; total_blocks_checked=354",eb6b9d5df31d86f8,True,real_ir_success
real_typeii_20db_d16_bw100_blk0,16,100,4,4,cascade_lite,no_verified_success,internal_cascade_lite,"16,32,64,128",3,seeded_random,1,4,0,0,4,0.0,0.19921875,0.0625,574.0,0.560546875,0.0,0.054328199999872595,"internal_cascade_lite simplified multi-pass parity/bisection baseline; leakage_accounting=exact_internal_transcript; mapping=gray; block_size_schedule=[16, 32, 64, 128]; num_passes=3; permutation_mode=seeded_random; parity_disclosures_bits=230; bisection_disclosures_bits=216; verification_bits=128; other_disclosures_bits=0; candidate_flips=48; verified_flips=48; total_blocks_checked=115; status_reason=no_verified_success; success=0/4; raw_ser=0.19921875; post_ir_ser=0.0625",29af1beb670bdf02,False,verified_failure
real_typeii_20db_d16_bw180_blk0,16,180,4,4,cascade_lite,no_verified_success,internal_cascade_lite,"16,32,64,128",2,identity,1,4,0,0,4,0.0,0.1171875,0.08203125,364.0,0.35546875,0.0,0.0007615000067744404,"internal_cascade_lite simplified multi-pass parity/bisection baseline; leakage_accounting=exact_internal_transcript; mapping=gray; block_size_schedule=[16, 32, 64, 128]; num_passes=2; permutation_mode=identity; parity_disclosures_bits=192; bisection_disclosures_bits=44; verification_bits=128; other_disclosures_bits=0; candidate_flips=11; verified_flips=11; total_blocks_checked=96; status_reason=no_verified_success; success=0/4; raw_ser=0.1171875; post_ir_ser=0.08203125",b97861b5bfb007df,False,verified_failure
real_typeii_20db_d16_bw180_blk0,16,180,4,4,cascade_lite,no_verified_success,internal_cascade_lite,"16,32,64,128",3,identity,0,4,0,0,4,0.0,0.1171875,0.08203125,396.0,0.38671875,0.0,0.0009985000069718808,"internal_cascade_lite simplified multi-pass parity/bisection baseline; leakage_accounting=exact_internal_transcript; mapping=gray; block_size_schedule=[16, 32, 64, 128]; num_passes=3; permutation_mode=identity; parity_disclosures_bits=224; bisection_disclosures_bits=44; verification_bits=128; other_disclosures_bits=0; candidate_flips=11; verified_flips=11; total_blocks_checked=112; status_reason=no_verified_success; success=0/4; raw_ser=0.1171875; post_ir_ser=0.08203125",4e9da68e0f171e1f,False,verified_failure
real_typeii_20db_d16_bw180_blk0,16,180,4,4,cascade_lite,no_verified_success,internal_cascade_lite,"16,32,64,128",3,identity,1,4,0,0,4,0.0,0.1171875,0.08203125,396.0,0.38671875,0.0,0.0008103000000119209,"internal_cascade_lite simplified multi-pass parity/bisection baseline; leakage_accounting=exact_internal_transcript; mapping=gray; block_size_schedule=[16, 32, 64, 128]; num_passes=3; permutation_mode=identity; parity_disclosures_bits=224; bisection_disclosures_bits=44; verification_bits=128; other_disclosures_bits=0; candidate_flips=11; verified_flips=11; total_blocks_checked=112; status_reason=no_verified_success; success=0/4; raw_ser=0.1171875; post_ir_ser=0.08203125",12e60a79b80aac28,False,verified_failure
real_typeii_20db_d16_bw180_blk0,16,180,4,4,cascade_lite,no_verified_success,internal_cascade_lite,"16,32,64,128",2,identity,0,4,0,0,4,0.0,0.1171875,0.08203125,364.0,0.35546875,0.0,0.006207600003108382,"internal_cascade_lite simplified multi-pass parity/bisection baseline; leakage_accounting=exact_internal_transcript; mapping=gray; block_size_schedule=[16, 32, 64, 128]; num_passes=2; permutation_mode=identity; parity_disclosures_bits=192; bisection_disclosures_bits=44; verification_bits=128; other_disclosures_bits=0; candidate_flips=11; verified_flips=11; total_blocks_checked=96; status_reason=no_verified_success; success=0/4; raw_ser=0.1171875; post_ir_ser=0.08203125",7f633f44f9b66e3b,False,verified_failure
real_typeii_20db_d16_bw180_blk0,16,180,4,4,cascade_lite,ok,internal_cascade_lite,"8,4,16,13",3,seeded_random,0,4,4,0,0,1.0,0.1171875,0.0,1024.0,1.0,0.0,0.06995540001662448,"internal_cascade_lite simplified multi-pass parity/bisection baseline; leakage_accounting=exact_internal_transcript; mapping=gray; block_size_schedule=[8, 4, 16, 13]; num_passes=3; permutation_mode=seeded_random; parity_disclosures_bits=754; bisection_disclosures_bits=142; verification_bits=128; other_disclosures_bits=0; candidate_flips=47; verified_flips=47; total_blocks_checked=377",1cdb1b55b06d0718,True,real_ir_success
real_typeii_20db_d16_bw180_blk0,16,180,4,4,cascade_lite,ok,internal_cascade_lite,"12,6,24,13",2,seeded_random,1,4,1,0,3,0.25,0.1171875,0.03515625,693.0,0.6767578125,0.0,0.04457120000733994,"internal_cascade_lite simplified multi-pass parity/bisection baseline; leakage_accounting=exact_internal_transcript; mapping=gray; block_size_schedule=[12, 6, 24, 13]; num_passes=2; permutation_mode=seeded_random; parity_disclosures_bits=440; bisection_disclosures_bits=125; verification_bits=128; other_disclosures_bits=0; candidate_flips=35; verified_flips=35; total_blocks_checked=220",624abde0af86ab7f,False,verified_failure
real_typeii_20db_d16_bw180_blk0,16,180,4,4,cascade_lite,ok,internal_cascade_lite,"8,4,16,13",4,seeded_random,1,4,3,0,1,0.75,0.1171875,0.0234375,979.0,0.9560546875,0.0,0.07565360001171939,"internal_cascade_lite simplified multi-pass parity/bisection baseline; leakage_accounting=exact_internal_transcript; mapping=gray; block_size_schedule=[8, 4, 16, 13]; num_passes=4; permutation_mode=seeded_random; parity_disclosures_bits=708; bisection_disclosures_bits=143; verification_bits=128; other_disclosures_bits=0; candidate_flips=41; verified_flips=41; total_blocks_checked=354",06922f5b1549a72b,False,verified_failure
real_typeii_20db_d16_bw180_blk0,16,180,4,4,cascade_lite,no_verified_success,internal_cascade_lite,"16,32,64,128",4,identity,1,4,0,0,4,0.0,0.1171875,0.08203125,412.0,0.40234375,0.0,0.001043199998093769,"internal_cascade_lite simplified multi-pass parity/bisection baseline; leakage_accounting=exact_internal_transcript; mapping=gray; block_size_schedule=[16, 32, 64, 128]; num_passes=4; permutation_mode=identity; parity_disclosures_bits=240; bisection_disclosures_bits=44; verification_bits=128; other_disclosures_bits=0; candidate_flips=11; verified_flips=11; total_blocks_checked=120; status_reason=no_verified_success; success=0/4; raw_ser=0.1171875; post_ir_ser=0.08203125",b274fad8603600d1,False,verified_failure
real_typeii_20db_d16_bw180_blk0,16,180,4,4,cascade_lite,ok,internal_cascade_lite,"12,6,24,13",3,seeded_random,0,4,4,0,0,1.0,0.1171875,0.0,650.0,0.634765625,0.0,0.04527890001190826,"internal_cascade_lite simplified multi-pass parity/bisection baseline; leakage_accounting=exact_internal_transcript; mapping=gray; block_size_schedule=[12, 6, 24, 13]; num_passes=3; permutation_mode=seeded_random; parity_disclosures_bits=324; bisection_disclosures_bits=198; verification_bits=128; other_disclosures_bits=0; candidate_flips=47; verified_flips=47; total_blocks_checked=162",e41b94e22127bc2a,True,real_ir_success
real_typeii_20db_d16_bw180_blk0,16,180,4,4,cascade_lite,no_verified_success,internal_cascade_lite,"16,32,64,128",4,identity,0,4,0,0,4,0.0,0.1171875,0.08203125,412.0,0.40234375,0.0,0.027020999987144023,"internal_cascade_lite simplified multi-pass parity/bisection baseline; leakage_accounting=exact_internal_transcript; mapping=gray; block_size_schedule=[16, 32, 64, 128]; num_passes=4; permutation_mode=identity; parity_disclosures_bits=240; bisection_disclosures_bits=44; verification_bits=128; other_disclosures_bits=0; candidate_flips=11; verified_flips=11; total_blocks_checked=120; status_reason=no_verified_success; success=0/4; raw_ser=0.1171875; post_ir_ser=0.08203125",aeacee9a04c960ac,False,verified_failure
real_typeii_20db_d16_bw60_blk0,16,60,4,4,cascade_lite,ok,internal_cascade_lite,"8,4,16,13",2,identity,1,4,1,0,3,0.25,0.23828125,0.0234375,1046.0,1.021484375,0.0,0.002430900000035763,"internal_cascade_lite simplified multi-pass parity/bisection baseline; leakage_accounting=exact_internal_transcript; mapping=gray; block_size_schedule=[8, 4, 16, 13]; num_passes=2; permutation_mode=identity; parity_disclosures_bits=768; bisection_disclosures_bits=150; verification_bits=128; other_disclosures_bits=0; candidate_flips=56; verified_flips=56; total_blocks_checked=384",3f252f07ce424b12,False,verified_failure
real_typeii_20db_d16_bw180_blk0,16,180,4,4,cascade_lite,ok,internal_cascade_lite,"12,6,24,13",2,seeded_random,0,4,4,0,0,1.0,0.1171875,0.0,814.0,0.794921875,0.0,0.05573369999183342,"internal_cascade_lite simplified multi-pass parity/bisection baseline; leakage_accounting=exact_internal_transcript; mapping=gray; block_size_schedule=[12, 6, 24, 13]; num_passes=2; permutation_mode=seeded_random; parity_disclosures_bits=526; bisection_disclosures_bits=160; verification_bits=128; other_disclosures_bits=0; candidate_flips=47; verified_flips=47; total_blocks_checked=263",a8b77a06b4a8c66b,True,real_ir_success
real_typeii_20db_d16_bw180_blk0,16,180,4,4,cascade_lite,ok,internal_cascade_lite,"16,32,64,128",2,seeded_random,0,4,2,0,2,0.5,0.1171875,0.01953125,507.0,0.4951171875,0.0,0.029896700027165934,"internal_cascade_lite simplified multi-pass parity/bisection baseline; leakage_accounting=exact_internal_transcript; mapping=gray; block_size_schedule=[16, 32, 64, 128]; num_passes=2; permutation_mode=seeded_random; parity_disclosures_bits=196; bisection_disclosures_bits=183; verification_bits=128; other_disclosures_bits=0; candidate_flips=42; verified_flips=42; total_blocks_checked=98",dd7816676bf6e07b,False,verified_failure
real_typeii_20db_d16_bw180_blk0,16,180,4,4,cascade_lite,ok,internal_cascade_lite,"12,6,24,13",3,seeded_random,1,4,2,0,2,0.5,0.1171875,0.03125,611.0,0.5966796875,0.0,0.07149499998195097,"internal_cascade_lite simplified multi-pass parity/bisection baseline; leakage_accounting=exact_internal_transcript; mapping=gray; block_size_schedule=[12, 6, 24, 13]; num_passes=3; permutation_mode=seeded_random; parity_disclosures_bits=324; bisection_disclosures_bits=159; verification_bits=128; other_disclosures_bits=0; candidate_flips=39; verified_flips=39; total_blocks_checked=162",8423d62fa77f89d5,False,verified_failure
real_typeii_20db_d16_bw60_blk0,16,60,4,4,cascade_lite,ok,internal_cascade_lite,"8,4,16,13",2,identity,0,4,1,0,3,0.25,0.23828125,0.0234375,1046.0,1.021484375,0.0,0.02750150000792928,"internal_cascade_lite simplified multi-pass parity/bisection baseline; leakage_accounting=exact_internal_transcript; mapping=gray; block_size_schedule=[8, 4, 16, 13]; num_passes=2; permutation_mode=identity; parity_disclosures_bits=768; bisection_disclosures_bits=150; verification_bits=128; other_disclosures_bits=0; candidate_flips=56; verified_flips=56; total_blocks_checked=384",a13ee2a8e214a2c1,False,verified_failure
real_typeii_20db_d16_bw60_blk0,16,60,4,4,cascade_lite,ok,internal_cascade_lite,"8,4,16,13",2,seeded_random,1,4,3,0,1,0.75,0.23828125,0.0078125,1084.0,1.05859375,0.0,0.02323579997755587,"internal_cascade_lite simplified multi-pass parity/bisection baseline; leakage_accounting=exact_internal_transcript; mapping=gray; block_size_schedule=[8, 4, 16, 13]; num_passes=2; permutation_mode=seeded_random; parity_disclosures_bits=776; bisection_disclosures_bits=180; verification_bits=128; other_disclosures_bits=0; candidate_flips=66; verified_flips=66; total_blocks_checked=388",7354d2046d247234,False,verified_failure
real_typeii_20db_d16_bw60_blk0,16,60,4,4,cascade_lite,ok,internal_cascade_lite,"8,4,16,13",4,identity,0,4,1,0,3,0.25,0.23828125,0.0234375,1334.0,1.302734375,0.0,0.002817199972923845,"internal_cascade_lite simplified multi-pass parity/bisection baseline; leakage_accounting=exact_internal_transcript; mapping=gray; block_size_schedule=[8, 4, 16, 13]; num_passes=4; permutation_mode=identity; parity_disclosures_bits=1056; bisection_disclosures_bits=150; verification_bits=128; other_disclosures_bits=0; candidate_flips=56; verified_flips=56; total_blocks_checked=528",de9542c356f237d9,False,verified_failure
real_typeii_20db_d16_bw60_blk0,16,60,4,4,cascade_lite,ok,internal_cascade_lite,"8,4,16,13",4,identity,1,4,1,0,3,0.25,0.23828125,0.0234375,1334.0,1.302734375,0.0,0.0028984000091440976,"internal_cascade_lite simplified multi-pass parity/bisection baseline; leakage_accounting=exact_internal_transcript; mapping=gray; block_size_schedule=[8, 4, 16, 13]; num_passes=4; permutation_mode=identity; parity_disclosures_bits=1056; bisection_disclosures_bits=150; verification_bits=128; other_disclosures_bits=0; candidate_flips=56; verified_flips=56; total_blocks_checked=528",9d564316fde14cb8,False,verified_failure
real_typeii_20db_d16_bw60_blk0,16,60,4,4,cascade_lite,ok,internal_cascade_lite,"8,4,16,13",3,identity,0,4,1,0,3,0.25,0.23828125,0.0234375,1174.0,1.146484375,0.0,0.012785099999746308,"internal_cascade_lite simplified multi-pass parity/bisection baseline; leakage_accounting=exact_internal_transcript; mapping=gray; block_size_schedule=[8, 4, 16, 13]; num_passes=3; permutation_mode=identity; parity_disclosures_bits=896; bisection_disclosures_bits=150; verification_bits=128; other_disclosures_bits=0; candidate_flips=56; verified_flips=56; total_blocks_checked=448",3126004ba81eb888,False,verified_failure
real_typeii_20db_d16_bw60_blk0,16,60,4,4,cascade_lite,ok,internal_cascade_lite,"8,4,16,13",3,identity,1,4,1,0,3,0.25,0.23828125,0.0234375,1174.0,1.146484375,0.0,0.002508100005798042,"internal_cascade_lite simplified multi-pass parity/bisection baseline; leakage_accounting=exact_internal_transcript; mapping=gray; block_size_schedule=[8, 4, 16, 13]; num_passes=3; permutation_mode=identity; parity_disclosures_bits=896; bisection_disclosures_bits=150; verification_bits=128; other_disclosures_bits=0; candidate_flips=56; verified_flips=56; total_blocks_checked=448",980002d4a26462ee,False,verified_failure
real_typeii_20db_d16_bw180_blk0,16,180,4,4,cascade_lite,ok,internal_cascade_lite,"12,6,24,13",4,seeded_random,0,4,4,0,0,1.0,0.1171875,0.0,702.0,0.685546875,0.0,0.03757230000337586,"internal_cascade_lite simplified multi-pass parity/bisection baseline; leakage_accounting=exact_internal_transcript; mapping=gray; block_size_schedule=[12, 6, 24, 13]; num_passes=4; permutation_mode=seeded_random; parity_disclosures_bits=376; bisection_disclosures_bits=198; verification_bits=128; other_disclosures_bits=0; candidate_flips=47; verified_flips=47; total_blocks_checked=188",7ee822c7f60512c0,True,real_ir_success
real_typeii_20db_d16_bw60_blk0,16,60,4,4,cascade_lite,no_verified_success,internal_cascade_lite,"12,6,24,13",2,identity,1,4,0,0,4,0.0,0.23828125,0.06640625,800.0,0.78125,0.0,0.0018445999885443598,"internal_cascade_lite simplified multi-pass parity/bisection baseline; leakage_accounting=exact_internal_transcript; mapping=gray; block_size_schedule=[12, 6, 24, 13]; num_passes=2; permutation_mode=identity; parity_disclosures_bits=520; bisection_disclosures_bits=152; verification_bits=128; other_disclosures_bits=0; candidate_flips=44; verified_flips=44; total_blocks_checked=260; status_reason=no_verified_success; success=0/4; raw_ser=0.23828125; post_ir_ser=0.06640625",2cca18232a17d99f,False,verified_failure
real_typeii_20db_d16_bw180_blk0,16,180,4,4,cascade_lite,ok,internal_cascade_lite,"12,6,24,13",4,seeded_random,1,4,2,0,2,0.5,0.1171875,0.03125,663.0,0.6474609375,0.0,0.09623480000300333,"internal_cascade_lite simplified multi-pass parity/bisection baseline; leakage_accounting=exact_internal_transcript; mapping=gray; block_size_schedule=[12, 6, 24, 13]; num_passes=4; permutation_mode=seeded_random; parity_disclosures_bits=376; bisection_disclosures_bits=159; verification_bits=128; other_disclosures_bits=0; candidate_flips=39; verified_flips=39; total_blocks_checked=188",9b5934726b7a6d94,False,verified_failure
real_typeii_20db_d16_bw180_blk0,16,180,4,4,cascade_lite,ok,internal_cascade_lite,"16,32,64,128",2,seeded_random,1,4,1,0,3,0.25,0.1171875,0.0625,439.0,0.4287109375,0.0,0.06642449999344535,"internal_cascade_lite simplified multi-pass parity/bisection baseline; leakage_accounting=exact_internal_transcript; mapping=gray; block_size_schedule=[16, 32, 64, 128]; num_passes=2; permutation_mode=seeded_random; parity_disclosures_bits=194; bisection_disclosures_bits=117; verification_bits=128; other_disclosures_bits=0; candidate_flips=27; verified_flips=27; total_blocks_checked=97",681ccb6691fc7891,False,verified_failure
real_typeii_20db_d16_bw180_blk0,16,180,4,4,cascade_lite,ok,internal_cascade_lite,"8,4,16,13",3,seeded_random,1,4,3,0,1,0.75,0.1171875,0.0234375,760.0,0.7421875,0.0,0.1533202999853529,"internal_cascade_lite simplified multi-pass parity/bisection baseline; leakage_accounting=exact_internal_transcript; mapping=gray; block_size_schedule=[8, 4, 16, 13]; num_passes=3; permutation_mode=seeded_random; parity_disclosures_bits=488; bisection_disclosures_bits=144; verification_bits=128; other_disclosures_bits=0; candidate_flips=41; verified_flips=41; total_blocks_checked=244",8c14481b3b13ba97,False,verified_failure
real_typeii_20db_d16_bw60_blk0,16,60,4,4,cascade_lite,no_verified_success,internal_cascade_lite,"12,6,24,13",3,identity,1,4,0,0,4,0.0,0.23828125,0.06640625,888.0,0.8671875,0.0,0.0020834000024478883,"internal_cascade_lite simplified multi-pass parity/bisection baseline; leakage_accounting=exact_internal_transcript; mapping=gray; block_size_schedule=[12, 6, 24, 13]; num_passes=3; permutation_mode=identity; parity_disclosures_bits=608; bisection_disclosures_bits=152; verification_bits=128; other_disclosures_bits=0; candidate_flips=44; verified_flips=44; total_blocks_checked=304; status_reason=no_verified_success; success=0/4; raw_ser=0.23828125; post_ir_ser=0.06640625",7db1c271a29cbcbd,False,verified_failure
real_typeii_20db_d16_bw60_blk0,16,60,4,4,cascade_lite,no_verified_success,internal_cascade_lite,"12,6,24,13",2,identity,0,4,0,0,4,0.0,0.23828125,0.06640625,800.0,0.78125,0.0,0.024128600023686886,"internal_cascade_lite simplified multi-pass parity/bisection baseline; leakage_accounting=exact_internal_transcript; mapping=gray; block_size_schedule=[12, 6, 24, 13]; num_passes=2; permutation_mode=identity; parity_disclosures_bits=520; bisection_disclosures_bits=152; verification_bits=128; other_disclosures_bits=0; candidate_flips=44; verified_flips=44; total_blocks_checked=260; status_reason=no_verified_success; success=0/4; raw_ser=0.23828125; post_ir_ser=0.06640625",979209ff46816fd4,False,verified_failure
real_typeii_20db_d16_bw180_blk0,16,180,4,4,cascade_lite,ok,internal_cascade_lite,"16,32,64,128",4,seeded_random,0,4,4,0,0,1.0,0.1171875,0.0,587.0,0.5732421875,0.0,0.0864681999955792,"internal_cascade_lite simplified multi-pass parity/bisection baseline; leakage_accounting=exact_internal_transcript; mapping=gray; block_size_schedule=[16, 32, 64, 128]; num_passes=4; permutation_mode=seeded_random; parity_disclosures_bits=246; bisection_disclosures_bits=213; verification_bits=128; other_disclosures_bits=0; candidate_flips=47; verified_flips=47; total_blocks_checked=123",3ddb0e813f8c9fa7,True,real_ir_success
real_typeii_20db_d16_bw100_blk0,16,100,4,4,cascade_lite,ok,internal_cascade_lite,"16,32,64,128",4,seeded_random,0,4,2,0,2,0.5,0.19921875,0.02734375,640.0,0.625,0.0,0.20122340001398697,"internal_cascade_lite simplified multi-pass parity/bisection baseline; leakage_accounting=exact_internal_transcript; mapping=gray; block_size_schedule=[16, 32, 64, 128]; num_passes=4; permutation_mode=seeded_random; parity_disclosures_bits=252; bisection_disclosures_bits=260; verification_bits=128; other_disclosures_bits=0; candidate_flips=57; verified_flips=57; total_blocks_checked=126",3ddb0e813f8c9fa7,False,verified_failure
real_typeii_20db_d16_bw60_blk0,16,60,4,4,cascade_lite,no_verified_success,internal_cascade_lite,"12,6,24,13",4,identity,1,4,0,0,4,0.0,0.23828125,0.06640625,1055.0,1.0302734375,0.0,0.0022594000038225204,"internal_cascade_lite simplified multi-pass parity/bisection baseline; leakage_accounting=exact_internal_transcript; mapping=gray; block_size_schedule=[12, 6, 24, 13]; num_passes=4; permutation_mode=identity; parity_disclosures_bits=768; bisection_disclosures_bits=159; verification_bits=128; other_disclosures_bits=0; candidate_flips=46; verified_flips=46; total_blocks_checked=384; status_reason=no_verified_success; success=0/4; raw_ser=0.23828125; post_ir_ser=0.06640625",e94e37ca4f54ec26,False,verified_failure
real_typeii_20db_d16_bw60_blk0,16,60,4,4,cascade_lite,no_verified_success,internal_cascade_lite,"12,6,24,13",4,identity,0,4,0,0,4,0.0,0.23828125,0.06640625,1055.0,1.0302734375,0.0,0.0021644000080414116,"internal_cascade_lite simplified multi-pass parity/bisection baseline; leakage_accounting=exact_internal_transcript; mapping=gray; block_size_schedule=[12, 6, 24, 13]; num_passes=4; permutation_mode=identity; parity_disclosures_bits=768; bisection_disclosures_bits=159; verification_bits=128; other_disclosures_bits=0; candidate_flips=46; verified_flips=46; total_blocks_checked=384; status_reason=no_verified_success; success=0/4; raw_ser=0.23828125; post_ir_ser=0.06640625",2faaaa245957cec2,False,verified_failure
real_typeii_20db_d16_bw60_blk0,16,60,4,4,cascade_lite,no_verified_success,internal_cascade_lite,"12,6,24,13",3,identity,0,4,0,0,4,0.0,0.23828125,0.06640625,888.0,0.8671875,0.0,0.00215869999374263,"internal_cascade_lite simplified multi-pass parity/bisection baseline; leakage_accounting=exact_internal_transcript; mapping=gray; block_size_schedule=[12, 6, 24, 13]; num_passes=3; permutation_mode=identity; parity_disclosures_bits=608; bisection_disclosures_bits=152; verification_bits=128; other_disclosures_bits=0; candidate_flips=44; verified_flips=44; total_blocks_checked=304; status_reason=no_verified_success; success=0/4; raw_ser=0.23828125; post_ir_ser=0.06640625",d6871fb94730b51d,False,verified_failure
real_typeii_20db_d16_bw60_blk0,16,60,4,4,cascade_lite,no_verified_success,internal_cascade_lite,"16,32,64,128",2,identity,0,4,0,0,4,0.0,0.23828125,0.12890625,432.0,0.421875,0.0,0.0010745000035967678,"internal_cascade_lite simplified multi-pass parity/bisection baseline; leakage_accounting=exact_internal_transcript; mapping=gray; block_size_schedule=[16, 32, 64, 128]; num_passes=2; permutation_mode=identity; parity_disclosures_bits=192; bisection_disclosures_bits=112; verification_bits=128; other_disclosures_bits=0; candidate_flips=28; verified_flips=28; total_blocks_checked=96; status_reason=no_verified_success; success=0/4; raw_ser=0.23828125; post_ir_ser=0.12890625",7f633f44f9b66e3b,False,verified_failure
real_typeii_20db_d16_bw60_blk0,16,60,4,4,cascade_lite,no_verified_success,internal_cascade_lite,"16,32,64,128",2,identity,1,4,0,0,4,0.0,0.23828125,0.12890625,432.0,0.421875,0.0,0.0011642000172287226,"internal_cascade_lite simplified multi-pass parity/bisection baseline; leakage_accounting=exact_internal_transcript; mapping=gray; block_size_schedule=[16, 32, 64, 128]; num_passes=2; permutation_mode=identity; parity_disclosures_bits=192; bisection_disclosures_bits=112; verification_bits=128; other_disclosures_bits=0; candidate_flips=28; verified_flips=28; total_blocks_checked=96; status_reason=no_verified_success; success=0/4; raw_ser=0.23828125; post_ir_ser=0.12890625",b97861b5bfb007df,False,verified_failure
real_typeii_20db_d16_bw180_blk0,16,180,4,4,cascade_lite,ok,internal_cascade_lite,"8,4,16,13",4,seeded_random,0,4,4,0,0,1.0,0.1171875,0.0,884.0,0.86328125,0.0,0.1817633000027854,"internal_cascade_lite simplified multi-pass parity/bisection baseline; leakage_accounting=exact_internal_transcript; mapping=gray; block_size_schedule=[8, 4, 16, 13]; num_passes=4; permutation_mode=seeded_random; parity_disclosures_bits=580; bisection_disclosures_bits=176; verification_bits=128; other_disclosures_bits=0; candidate_flips=47; verified_flips=47; total_blocks_checked=290",d8c9e97fcf2fa52f,True,real_ir_success
real_typeii_20db_d16_bw180_blk0,16,180,4,4,cascade_lite,ok,internal_cascade_lite,"16,32,64,128",3,seeded_random,1,4,1,0,3,0.25,0.1171875,0.046875,507.0,0.4951171875,0.0,0.12650639997445978,"internal_cascade_lite simplified multi-pass parity/bisection baseline; leakage_accounting=exact_internal_transcript; mapping=gray; block_size_schedule=[16, 32, 64, 128]; num_passes=3; permutation_mode=seeded_random; parity_disclosures_bits=226; bisection_disclosures_bits=153; verification_bits=128; other_disclosures_bits=0; candidate_flips=33; verified_flips=33; total_blocks_checked=113",29af1beb670bdf02,False,verified_failure
real_typeii_20db_d16_bw60_blk0,16,60,4,4,cascade_lite,ok,internal_cascade_lite,"8,4,16,13",3,seeded_random,1,4,3,0,1,0.75,0.23828125,0.0234375,931.0,0.9091796875,0.0,0.07822550000855699,"internal_cascade_lite simplified multi-pass parity/bisection baseline; leakage_accounting=exact_internal_transcript; mapping=gray; block_size_schedule=[8, 4, 16, 13]; num_passes=3; permutation_mode=seeded_random; parity_disclosures_bits=594; bisection_disclosures_bits=209; verification_bits=128; other_disclosures_bits=0; candidate_flips=62; verified_flips=62; total_blocks_checked=297",8c14481b3b13ba97,False,verified_failure
real_typeii_20db_d16_bw60_blk0,16,60,4,4,cascade_lite,no_verified_success,internal_cascade_lite,"16,32,64,128",3,identity,0,4,0,0,4,0.0,0.23828125,0.12890625,464.0,0.453125,0.0,0.0011101000127382576,"internal_cascade_lite simplified multi-pass parity/bisection baseline; leakage_accounting=exact_internal_transcript; mapping=gray; block_size_schedule=[16, 32, 64, 128]; num_passes=3; permutation_mode=identity; parity_disclosures_bits=224; bisection_disclosures_bits=112; verification_bits=128; other_disclosures_bits=0; candidate_flips=28; verified_flips=28; total_blocks_checked=112; status_reason=no_verified_success; success=0/4; raw_ser=0.23828125; post_ir_ser=0.12890625",4e9da68e0f171e1f,False,verified_failure
real_typeii_20db_d16_bw180_blk0,16,180,4,4,cascade_lite,ok,internal_cascade_lite,"16,32,64,128",4,seeded_random,1,4,1,0,3,0.25,0.1171875,0.046875,523.0,0.5107421875,0.0,0.11559490000945516,"internal_cascade_lite simplified multi-pass parity/bisection baseline; leakage_accounting=exact_internal_transcript; mapping=gray; block_size_schedule=[16, 32, 64, 128]; num_passes=4; permutation_mode=seeded_random; parity_disclosures_bits=242; bisection_disclosures_bits=153; verification_bits=128; other_disclosures_bits=0; candidate_flips=33; verified_flips=33; total_blocks_checked=121",29020ebdb18ce89f,False,verified_failure
real_typeii_20db_d16_bw180_blk0,16,180,4,4,cascade_lite,ok,internal_cascade_lite,"16,32,64,128",3,seeded_random,0,4,4,0,0,1.0,0.1171875,0.0,571.0,0.5576171875,0.0,0.14964489999692887,"internal_cascade_lite simplified multi-pass parity/bisection baseline; leakage_accounting=exact_internal_transcript; mapping=gray; block_size_schedule=[16, 32, 64, 128]; num_passes=3; permutation_mode=seeded_random; parity_disclosures_bits=230; bisection_disclosures_bits=213; verification_bits=128; other_disclosures_bits=0; candidate_flips=47; verified_flips=47; total_blocks_checked=115",7bb66119b31ce8cd,True,real_ir_success
real_typeii_20db_d16_bw60_blk0,16,60,4,4,cascade_lite,no_verified_success,internal_cascade_lite,"16,32,64,128",4,identity,0,4,0,0,4,0.0,0.23828125,0.12890625,480.0,0.46875,0.0,0.0011474000057205558,"internal_cascade_lite simplified multi-pass parity/bisection baseline; leakage_accounting=exact_internal_transcript; mapping=gray; block_size_schedule=[16, 32, 64, 128]; num_passes=4; permutation_mode=identity; parity_disclosures_bits=240; bisection_disclosures_bits=112; verification_bits=128; other_disclosures_bits=0; candidate_flips=28; verified_flips=28; total_blocks_checked=120; status_reason=no_verified_success; success=0/4; raw_ser=0.23828125; post_ir_ser=0.12890625",aeacee9a04c960ac,False,verified_failure
real_typeii_20db_d16_bw60_blk0,16,60,4,4,cascade_lite,no_verified_success,internal_cascade_lite,"16,32,64,128",4,identity,1,4,0,0,4,0.0,0.23828125,0.12890625,480.0,0.46875,0.0,0.0013905999949201941,"internal_cascade_lite simplified multi-pass parity/bisection baseline; leakage_accounting=exact_internal_transcript; mapping=gray; block_size_schedule=[16, 32, 64, 128]; num_passes=4; permutation_mode=identity; parity_disclosures_bits=240; bisection_disclosures_bits=112; verification_bits=128; other_disclosures_bits=0; candidate_flips=28; verified_flips=28; total_blocks_checked=120; status_reason=no_verified_success; success=0/4; raw_ser=0.23828125; post_ir_ser=0.12890625",b274fad8603600d1,False,verified_failure
real_typeii_20db_d16_bw60_blk0,16,60,4,4,cascade_lite,no_verified_success,internal_cascade_lite,"8,4,16,13",2,seeded_random,0,4,0,0,4,0.0,0.23828125,0.046875,800.0,0.78125,0.0,0.12436109999543987,"internal_cascade_lite simplified multi-pass parity/bisection baseline; leakage_accounting=exact_internal_transcript; mapping=gray; block_size_schedule=[8, 4, 16, 13]; num_passes=2; permutation_mode=seeded_random; parity_disclosures_bits=484; bisection_disclosures_bits=188; verification_bits=128; other_disclosures_bits=0; candidate_flips=56; verified_flips=56; total_blocks_checked=242; status_reason=no_verified_success; success=0/4; raw_ser=0.23828125; post_ir_ser=0.046875",eb6b9d5df31d86f8,False,verified_failure
real_typeii_20db_d16_bw60_blk0,16,60,4,4,cascade_lite,no_verified_success,internal_cascade_lite,"16,32,64,128",2,seeded_random,1,4,0,0,4,0.0,0.23828125,0.08984375,511.0,0.4990234375,0.0,0.03888300000107847,"internal_cascade_lite simplified multi-pass parity/bisection baseline; leakage_accounting=exact_internal_transcript; mapping=gray; block_size_schedule=[16, 32, 64, 128]; num_passes=2; permutation_mode=seeded_random; parity_disclosures_bits=194; bisection_disclosures_bits=189; verification_bits=128; other_disclosures_bits=0; candidate_flips=44; verified_flips=44; total_blocks_checked=97; status_reason=no_verified_success; success=0/4; raw_ser=0.23828125; post_ir_ser=0.08984375",681ccb6691fc7891,False,verified_failure
real_typeii_20db_d16_bw60_blk0,16,60,4,4,cascade_lite,ok,internal_cascade_lite,"12,6,24,13",3,seeded_random,0,4,1,0,3,0.25,0.23828125,0.01953125,712.0,0.6953125,0.0,0.07568070001434535,"internal_cascade_lite simplified multi-pass parity/bisection baseline; leakage_accounting=exact_internal_transcript; mapping=gray; block_size_schedule=[12, 6, 24, 13]; num_passes=3; permutation_mode=seeded_random; parity_disclosures_bits=330; bisection_disclosures_bits=254; verification_bits=128; other_disclosures_bits=0; candidate_flips=63; verified_flips=63; total_blocks_checked=165",e41b94e22127bc2a,False,verified_failure
real_typeii_20db_d16_bw60_blk0,16,60,4,4,cascade_lite,no_verified_success,internal_cascade_lite,"16,32,64,128",3,identity,1,4,0,0,4,0.0,0.23828125,0.12890625,464.0,0.453125,0.0,0.0011141999857500196,"internal_cascade_lite simplified multi-pass parity/bisection baseline; leakage_accounting=exact_internal_transcript; mapping=gray; block_size_schedule=[16, 32, 64, 128]; num_passes=3; permutation_mode=identity; parity_disclosures_bits=224; bisection_disclosures_bits=112; verification_bits=128; other_disclosures_bits=0; candidate_flips=28; verified_flips=28; total_blocks_checked=112; status_reason=no_verified_success; success=0/4; raw_ser=0.23828125; post_ir_ser=0.12890625",12e60a79b80aac28,False,verified_failure
real_typeii_20db_d8_bw120_blk0,8,120,4,4,cascade_lite,ok,internal_cascade_lite,"8,4,16,13",2,identity,1,4,1,0,3,0.25,0.125,0.01953125,782.0,1.0182291666666667,0.0,0.0034518000029493123,"internal_cascade_lite simplified multi-pass parity/bisection baseline; leakage_accounting=exact_internal_transcript; mapping=gray; block_size_schedule=[8, 4, 16, 13]; num_passes=2; permutation_mode=identity; parity_disclosures_bits=576; bisection_disclosures_bits=78; verification_bits=128; other_disclosures_bits=0; candidate_flips=28; verified_flips=28; total_blocks_checked=288",3f252f07ce424b12,False,verified_failure
real_typeii_20db_d16_bw60_blk0,16,60,4,4,cascade_lite,ok,internal_cascade_lite,"8,4,16,13",3,seeded_random,0,4,2,0,2,0.5,0.23828125,0.01171875,859.0,0.8388671875,0.0,0.12942930002463982,"internal_cascade_lite simplified multi-pass parity/bisection baseline; leakage_accounting=exact_internal_transcript; mapping=gray; block_size_schedule=[8, 4, 16, 13]; num_passes=3; permutation_mode=seeded_random; parity_disclosures_bits=494; bisection_disclosures_bits=237; verification_bits=128; other_disclosures_bits=0; candidate_flips=65; verified_flips=65; total_blocks_checked=247",1cdb1b55b06d0718,False,verified_failure
real_typeii_20db_d8_bw120_blk0,8,120,4,4,cascade_lite,ok,internal_cascade_lite,"8,4,16,13",3,identity,0,4,1,0,3,0.25,0.125,0.01953125,878.0,1.1432291666666667,0.0,0.0018084999755956233,"internal_cascade_lite simplified multi-pass parity/bisection baseline; leakage_accounting=exact_internal_transcript; mapping=gray; block_size_schedule=[8, 4, 16, 13]; num_passes=3; permutation_mode=identity; parity_disclosures_bits=672; bisection_disclosures_bits=78; verification_bits=128; other_disclosures_bits=0; candidate_flips=28; verified_flips=28; total_blocks_checked=336",3126004ba81eb888,False,verified_failure
real_typeii_20db_d8_bw120_blk0,8,120,4,4,cascade_lite,ok,internal_cascade_lite,"8,4,16,13",3,identity,1,4,1,0,3,0.25,0.125,0.01953125,878.0,1.1432291666666667,0.0,0.0016158000216819346,"internal_cascade_lite simplified multi-pass parity/bisection baseline; leakage_accounting=exact_internal_transcript; mapping=gray; block_size_schedule=[8, 4, 16, 13]; num_passes=3; permutation_mode=identity; parity_disclosures_bits=672; bisection_disclosures_bits=78; verification_bits=128; other_disclosures_bits=0; candidate_flips=28; verified_flips=28; total_blocks_checked=336",980002d4a26462ee,False,verified_failure
real_typeii_20db_d16_bw60_blk0,16,60,4,4,cascade_lite,ok,internal_cascade_lite,"12,6,24,13",2,seeded_random,0,4,1,0,3,0.25,0.23828125,0.0390625,635.0,0.6201171875,0.0,0.10539959999732673,"internal_cascade_lite simplified multi-pass parity/bisection baseline; leakage_accounting=exact_internal_transcript; mapping=gray; block_size_schedule=[12, 6, 24, 13]; num_passes=2; permutation_mode=seeded_random; parity_disclosures_bits=282; bisection_disclosures_bits=225; verification_bits=128; other_disclosures_bits=0; candidate_flips=58; verified_flips=58; total_blocks_checked=141",a8b77a06b4a8c66b,False,verified_failure
real_typeii_20db_d16_bw60_blk0,16,60,4,4,cascade_lite,ok,internal_cascade_lite,"12,6,24,13",2,seeded_random,1,4,2,0,2,0.5,0.23828125,0.0390625,712.0,0.6953125,0.0,0.10635940000065602,"internal_cascade_lite simplified multi-pass parity/bisection baseline; leakage_accounting=exact_internal_transcript; mapping=gray; block_size_schedule=[12, 6, 24, 13]; num_passes=2; permutation_mode=seeded_random; parity_disclosures_bits=368; bisection_disclosures_bits=216; verification_bits=128; other_disclosures_bits=0; candidate_flips=58; verified_flips=58; total_blocks_checked=184",624abde0af86ab7f,False,verified_failure
real_typeii_20db_d8_bw120_blk0,8,120,4,4,cascade_lite,ok,internal_cascade_lite,"8,4,16,13",4,identity,0,4,1,0,3,0.25,0.125,0.01953125,998.0,1.2994791666666667,0.0,0.0019831999961752445,"internal_cascade_lite simplified multi-pass parity/bisection baseline; leakage_accounting=exact_internal_transcript; mapping=gray; block_size_schedule=[8, 4, 16, 13]; num_passes=4; permutation_mode=identity; parity_disclosures_bits=792; bisection_disclosures_bits=78; verification_bits=128; other_disclosures_bits=0; candidate_flips=28; verified_flips=28; total_blocks_checked=396",de9542c356f237d9,False,verified_failure
real_typeii_20db_d8_bw120_blk0,8,120,4,4,cascade_lite,ok,internal_cascade_lite,"8,4,16,13",4,identity,1,4,1,0,3,0.25,0.125,0.01953125,998.0,1.2994791666666667,0.0,0.0017420000222045928,"internal_cascade_lite simplified multi-pass parity/bisection baseline; leakage_accounting=exact_internal_transcript; mapping=gray; block_size_schedule=[8, 4, 16, 13]; num_passes=4; permutation_mode=identity; parity_disclosures_bits=792; bisection_disclosures_bits=78; verification_bits=128; other_disclosures_bits=0; candidate_flips=28; verified_flips=28; total_blocks_checked=396",9d564316fde14cb8,False,verified_failure
real_typeii_20db_d16_bw60_blk0,16,60,4,4,cascade_lite,no_verified_success,internal_cascade_lite,"16,32,64,128",2,seeded_random,0,4,0,0,4,0.0,0.23828125,0.0625,545.0,0.5322265625,0.0,0.08023099999991246,"internal_cascade_lite simplified multi-pass parity/bisection baseline; leakage_accounting=exact_internal_transcript; mapping=gray; block_size_schedule=[16, 32, 64, 128]; num_passes=2; permutation_mode=seeded_random; parity_disclosures_bits=200; bisection_disclosures_bits=217; verification_bits=128; other_disclosures_bits=0; candidate_flips=51; verified_flips=51; total_blocks_checked=100; status_reason=no_verified_success; success=0/4; raw_ser=0.23828125; post_ir_ser=0.0625",dd7816676bf6e07b,False,verified_failure
real_typeii_20db_d8_bw120_blk0,8,120,4,4,cascade_lite,ok,internal_cascade_lite,"8,4,16,13",2,identity,0,4,1,0,3,0.25,0.125,0.01953125,782.0,1.0182291666666667,0.0,0.0016445999790448695,"internal_cascade_lite simplified multi-pass parity/bisection baseline; leakage_accounting=exact_internal_transcript; mapping=gray; block_size_schedule=[8, 4, 16, 13]; num_passes=2; permutation_mode=identity; parity_disclosures_bits=576; bisection_disclosures_bits=78; verification_bits=128; other_disclosures_bits=0; candidate_flips=28; verified_flips=28; total_blocks_checked=288",a13ee2a8e214a2c1,False,verified_failure
real_typeii_20db_d8_bw120_blk0,8,120,4,4,cascade_lite,no_verified_success,internal_cascade_lite,"12,6,24,13",2,identity,0,4,0,0,4,0.0,0.125,0.0390625,594.0,0.7734375,0.0,0.0012504000042099506,"internal_cascade_lite simplified multi-pass parity/bisection baseline; leakage_accounting=exact_internal_transcript; mapping=gray; block_size_schedule=[12, 6, 24, 13]; num_passes=2; permutation_mode=identity; parity_disclosures_bits=384; bisection_disclosures_bits=82; verification_bits=128; other_disclosures_bits=0; candidate_flips=22; verified_flips=22; total_blocks_checked=192; status_reason=no_verified_success; success=0/4; raw_ser=0.125; post_ir_ser=0.0390625",979209ff46816fd4,False,verified_failure
real_typeii_20db_d16_bw60_blk0,16,60,4,4,cascade_lite,ok,internal_cascade_lite,"12,6,24,13",3,seeded_random,1,4,1,0,3,0.25,0.23828125,0.0390625,690.0,0.673828125,0.0,0.10099609999451786,"internal_cascade_lite simplified multi-pass parity/bisection baseline; leakage_accounting=exact_internal_transcript; mapping=gray; block_size_schedule=[12, 6, 24, 13]; num_passes=3; permutation_mode=seeded_random; parity_disclosures_bits=330; bisection_disclosures_bits=232; verification_bits=128; other_disclosures_bits=0; candidate_flips=58; verified_flips=58; total_blocks_checked=165",8423d62fa77f89d5,False,verified_failure
real_typeii_20db_d8_bw120_blk0,8,120,4,4,cascade_lite,ok,internal_cascade_lite,"8,4,16,13",2,seeded_random,1,4,3,0,1,0.75,0.125,0.0078125,764.0,0.9947916666666666,0.0,0.038408399996114895,"internal_cascade_lite simplified multi-pass parity/bisection baseline; leakage_accounting=exact_internal_transcript; mapping=gray; block_size_schedule=[8, 4, 16, 13]; num_passes=2; permutation_mode=seeded_random; parity_disclosures_bits=528; bisection_disclosures_bits=108; verification_bits=128; other_disclosures_bits=0; candidate_flips=36; verified_flips=36; total_blocks_checked=264",7354d2046d247234,False,verified_failure
real_typeii_20db_d16_bw60_blk0,16,60,4,4,cascade_lite,no_verified_success,internal_cascade_lite,"16,32,64,128",3,seeded_random,1,4,0,0,4,0.0,0.23828125,0.05859375,591.0,0.5771484375,0.0,0.07527880000998266,"internal_cascade_lite simplified multi-pass parity/bisection baseline; leakage_accounting=exact_internal_transcript; mapping=gray; block_size_schedule=[16, 32, 64, 128]; num_passes=3; permutation_mode=seeded_random; parity_disclosures_bits=230; bisection_disclosures_bits=233; verification_bits=128; other_disclosures_bits=0; candidate_flips=52; verified_flips=52; total_blocks_checked=115; status_reason=no_verified_success; success=0/4; raw_ser=0.23828125; post_ir_ser=0.05859375",29af1beb670bdf02,False,verified_failure
real_typeii_20db_d16_bw60_blk0,16,60,4,4,cascade_lite,ok,internal_cascade_lite,"12,6,24,13",4,seeded_random,1,4,2,0,2,0.5,0.23828125,0.01953125,777.0,0.7587890625,0.0,0.11100820000865497,"internal_cascade_lite simplified multi-pass parity/bisection baseline; leakage_accounting=exact_internal_transcript; mapping=gray; block_size_schedule=[12, 6, 24, 13]; num_passes=4; permutation_mode=seeded_random; parity_disclosures_bits=384; bisection_disclosures_bits=265; verification_bits=128; other_disclosures_bits=0; candidate_flips=63; verified_flips=63; total_blocks_checked=192",9b5934726b7a6d94,False,verified_failure
real_typeii_20db_d8_bw120_blk0,8,120,4,4,cascade_lite,no_verified_success,internal_cascade_lite,"12,6,24,13",3,identity,1,4,0,0,4,0.0,0.125,0.0390625,658.0,0.8567708333333334,0.0,0.0014833000022917986,"internal_cascade_lite simplified multi-pass parity/bisection baseline; leakage_accounting=exact_internal_transcript; mapping=gray; block_size_schedule=[12, 6, 24, 13]; num_passes=3; permutation_mode=identity; parity_disclosures_bits=448; bisection_disclosures_bits=82; verification_bits=128; other_disclosures_bits=0; candidate_flips=22; verified_flips=22; total_blocks_checked=224; status_reason=no_verified_success; success=0/4; raw_ser=0.125; post_ir_ser=0.0390625",7db1c271a29cbcbd,False,verified_failure
real_typeii_20db_d8_bw120_blk0,8,120,4,4,cascade_lite,ok,internal_cascade_lite,"12,6,24,13",2,seeded_random,0,4,4,0,0,1.0,0.125,0.0,642.0,0.8359375,0.0,0.017708600003970787,"internal_cascade_lite simplified multi-pass parity/bisection baseline; leakage_accounting=exact_internal_transcript; mapping=gray; block_size_schedule=[12, 6, 24, 13]; num_passes=2; permutation_mode=seeded_random; parity_disclosures_bits=390; bisection_disclosures_bits=124; verification_bits=128; other_disclosures_bits=0; candidate_flips=38; verified_flips=38; total_blocks_checked=195",a8b77a06b4a8c66b,True,real_ir_success
real_typeii_20db_d16_bw60_blk0,16,60,4,4,cascade_lite,ok,internal_cascade_lite,"8,4,16,13",4,seeded_random,1,4,2,0,2,0.5,0.23828125,0.01953125,835.0,0.8154296875,0.0,0.1674119000090286,"internal_cascade_lite simplified multi-pass parity/bisection baseline; leakage_accounting=exact_internal_transcript; mapping=gray; block_size_schedule=[8, 4, 16, 13]; num_passes=4; permutation_mode=seeded_random; parity_disclosures_bits=454; bisection_disclosures_bits=253; verification_bits=128; other_disclosures_bits=0; candidate_flips=63; verified_flips=63; total_blocks_checked=227",06922f5b1549a72b,False,verified_failure
real_typeii_20db_d8_bw120_blk0,8,120,4,4,cascade_lite,ok,internal_cascade_lite,"8,4,16,13",3,seeded_random,1,4,4,0,0,1.0,0.125,0.0,806.0,1.0494791666666667,0.0,0.05678710000938736,"internal_cascade_lite simplified multi-pass parity/bisection baseline; leakage_accounting=exact_internal_transcript; mapping=gray; block_size_schedule=[8, 4, 16, 13]; num_passes=3; permutation_mode=seeded_random; parity_disclosures_bits=560; bisection_disclosures_bits=118; verification_bits=128; other_disclosures_bits=0; candidate_flips=38; verified_flips=38; total_blocks_checked=280",8c14481b3b13ba97,True,real_ir_success
real_typeii_20db_d8_bw120_blk0,8,120,4,4,cascade_lite,no_verified_success,internal_cascade_lite,"12,6,24,13",4,identity,0,4,0,0,4,0.0,0.125,0.0390625,778.0,1.0130208333333333,0.0,0.0015110999811440706,"internal_cascade_lite simplified multi-pass parity/bisection baseline; leakage_accounting=exact_internal_transcript; mapping=gray; block_size_schedule=[12, 6, 24, 13]; num_passes=4; permutation_mode=identity; parity_disclosures_bits=568; bisection_disclosures_bits=82; verification_bits=128; other_disclosures_bits=0; candidate_flips=22; verified_flips=22; total_blocks_checked=284; status_reason=no_verified_success; success=0/4; raw_ser=0.125; post_ir_ser=0.0390625",2faaaa245957cec2,False,verified_failure
real_typeii_20db_d8_bw120_blk0,8,120,4,4,cascade_lite,no_verified_success,internal_cascade_lite,"12,6,24,13",3,identity,0,4,0,0,4,0.0,0.125,0.0390625,658.0,0.8567708333333334,0.0,0.0012607999960891902,"internal_cascade_lite simplified multi-pass parity/bisection baseline; leakage_accounting=exact_internal_transcript; mapping=gray; block_size_schedule=[12, 6, 24, 13]; num_passes=3; permutation_mode=identity; parity_disclosures_bits=448; bisection_disclosures_bits=82; verification_bits=128; other_disclosures_bits=0; candidate_flips=22; verified_flips=22; total_blocks_checked=224; status_reason=no_verified_success; success=0/4; raw_ser=0.125; post_ir_ser=0.0390625",d6871fb94730b51d,False,verified_failure
real_typeii_20db_d8_bw120_blk0,8,120,4,4,cascade_lite,no_verified_success,internal_cascade_lite,"12,6,24,13",2,identity,1,4,0,0,4,0.0,0.125,0.0390625,594.0,0.7734375,0.0,0.02935060000163503,"internal_cascade_lite simplified multi-pass parity/bisection baseline; leakage_accounting=exact_internal_transcript; mapping=gray; block_size_schedule=[12, 6, 24, 13]; num_passes=2; permutation_mode=identity; parity_disclosures_bits=384; bisection_disclosures_bits=82; verification_bits=128; other_disclosures_bits=0; candidate_flips=22; verified_flips=22; total_blocks_checked=192; status_reason=no_verified_success; success=0/4; raw_ser=0.125; post_ir_ser=0.0390625",2cca18232a17d99f,False,verified_failure
real_typeii_20db_d8_bw120_blk0,8,120,4,4,cascade_lite,no_verified_success,internal_cascade_lite,"16,32,64,128",2,identity,0,4,0,0,4,0.0,0.125,0.07421875,328.0,0.4270833333333333,0.0,0.0007310000073630363,"internal_cascade_lite simplified multi-pass parity/bisection baseline; leakage_accounting=exact_internal_transcript; mapping=gray; block_size_schedule=[16, 32, 64, 128]; num_passes=2; permutation_mode=identity; parity_disclosures_bits=144; bisection_disclosures_bits=56; verification_bits=128; other_disclosures_bits=0; candidate_flips=14; verified_flips=14; total_blocks_checked=72; status_reason=no_verified_success; success=0/4; raw_ser=0.125; post_ir_ser=0.07421875",7f633f44f9b66e3b,False,verified_failure
real_typeii_20db_d16_bw60_blk0,16,60,4,4,cascade_lite,ok,internal_cascade_lite,"12,6,24,13",4,seeded_random,0,4,4,0,0,1.0,0.23828125,0.0,801.0,0.7822265625,0.0,0.14891439999337308,"internal_cascade_lite simplified multi-pass parity/bisection baseline; leakage_accounting=exact_internal_transcript; mapping=gray; block_size_schedule=[12, 6, 24, 13]; num_passes=4; permutation_mode=seeded_random; parity_disclosures_bits=384; bisection_disclosures_bits=289; verification_bits=128; other_disclosures_bits=0; candidate_flips=68; verified_flips=68; total_blocks_checked=192",7ee822c7f60512c0,True,real_ir_success
real_typeii_20db_d8_bw120_blk0,8,120,4,4,cascade_lite,ok,internal_cascade_lite,"12,6,24,13",2,seeded_random,1,4,3,0,1,0.75,0.125,0.00390625,582.0,0.7578125,0.0,0.04264040000271052,"internal_cascade_lite simplified multi-pass parity/bisection baseline; leakage_accounting=exact_internal_transcript; mapping=gray; block_size_schedule=[12, 6, 24, 13]; num_passes=2; permutation_mode=seeded_random; parity_disclosures_bits=326; bisection_disclosures_bits=128; verification_bits=128; other_disclosures_bits=0; candidate_flips=37; verified_flips=37; total_blocks_checked=163",624abde0af86ab7f,False,verified_failure
real_typeii_20db_d16_bw60_blk0,16,60,4,4,cascade_lite,ok,internal_cascade_lite,"8,4,16,13",4,seeded_random,0,4,4,0,0,1.0,0.23828125,0.0,1147.0,1.1201171875,0.0,0.15867669999715872,"internal_cascade_lite simplified multi-pass parity/bisection baseline; leakage_accounting=exact_internal_transcript; mapping=gray; block_size_schedule=[8, 4, 16, 13]; num_passes=4; permutation_mode=seeded_random; parity_disclosures_bits=788; bisection_disclosures_bits=231; verification_bits=128; other_disclosures_bits=0; candidate_flips=68; verified_flips=68; total_blocks_checked=394",d8c9e97fcf2fa52f,True,real_ir_success
real_typeii_20db_d16_bw60_blk0,16,60,4,4,cascade_lite,no_verified_success,internal_cascade_lite,"16,32,64,128",3,seeded_random,0,4,0,0,4,0.0,0.23828125,0.0390625,614.0,0.599609375,0.0,0.11440039999433793,"internal_cascade_lite simplified multi-pass parity/bisection baseline; leakage_accounting=exact_internal_transcript; mapping=gray; block_size_schedule=[16, 32, 64, 128]; num_passes=3; permutation_mode=seeded_random; parity_disclosures_bits=234; bisection_disclosures_bits=252; verification_bits=128; other_disclosures_bits=0; candidate_flips=57; verified_flips=57; total_blocks_checked=117; status_reason=no_verified_success; success=0/4; raw_ser=0.23828125; post_ir_ser=0.0390625",7bb66119b31ce8cd,False,verified_failure
real_typeii_20db_d8_bw120_blk0,8,120,4,4,cascade_lite,ok,internal_cascade_lite,"8,4,16,13",2,seeded_random,0,4,4,0,0,1.0,0.125,0.0,670.0,0.8723958333333334,0.0,0.08454849998815916,"internal_cascade_lite simplified multi-pass parity/bisection baseline; leakage_accounting=exact_internal_transcript; mapping=gray; block_size_schedule=[8, 4, 16, 13]; num_passes=2; permutation_mode=seeded_random; parity_disclosures_bits=434; bisection_disclosures_bits=108; verification_bits=128; other_disclosures_bits=0; candidate_flips=38; verified_flips=38; total_blocks_checked=217",eb6b9d5df31d86f8,True,real_ir_success
real_typeii_20db_d8_bw120_blk0,8,120,4,4,cascade_lite,no_verified_success,internal_cascade_lite,"16,32,64,128",2,identity,1,4,0,0,4,0.0,0.125,0.07421875,328.0,0.4270833333333333,0.0,0.000753400003304705,"internal_cascade_lite simplified multi-pass parity/bisection baseline; leakage_accounting=exact_internal_transcript; mapping=gray; block_size_schedule=[16, 32, 64, 128]; num_passes=2; permutation_mode=identity; parity_disclosures_bits=144; bisection_disclosures_bits=56; verification_bits=128; other_disclosures_bits=0; candidate_flips=14; verified_flips=14; total_blocks_checked=72; status_reason=no_verified_success; success=0/4; raw_ser=0.125; post_ir_ser=0.07421875",b97861b5bfb007df,False,verified_failure
real_typeii_20db_d8_bw120_blk0,8,120,4,4,cascade_lite,no_verified_success,internal_cascade_lite,"16,32,64,128",3,identity,0,4,0,0,4,0.0,0.125,0.07421875,352.0,0.4583333333333333,0.0,0.007846299995435402,"internal_cascade_lite simplified multi-pass parity/bisection baseline; leakage_accounting=exact_internal_transcript; mapping=gray; block_size_schedule=[16, 32, 64, 128]; num_passes=3; permutation_mode=identity; parity_disclosures_bits=168; bisection_disclosures_bits=56; verification_bits=128; other_disclosures_bits=0; candidate_flips=14; verified_flips=14; total_blocks_checked=84; status_reason=no_verified_success; success=0/4; raw_ser=0.125; post_ir_ser=0.07421875",4e9da68e0f171e1f,False,verified_failure
real_typeii_20db_d8_bw120_blk0,8,120,4,4,cascade_lite,no_verified_success,internal_cascade_lite,"16,32,64,128",4,identity,0,4,0,0,4,0.0,0.125,0.07421875,368.0,0.4791666666666667,0.0,0.0008246999932453036,"internal_cascade_lite simplified multi-pass parity/bisection baseline; leakage_accounting=exact_internal_transcript; mapping=gray; block_size_schedule=[16, 32, 64, 128]; num_passes=4; permutation_mode=identity; parity_disclosures_bits=184; bisection_disclosures_bits=56; verification_bits=128; other_disclosures_bits=0; candidate_flips=14; verified_flips=14; total_blocks_checked=92; status_reason=no_verified_success; success=0/4; raw_ser=0.125; post_ir_ser=0.07421875",aeacee9a04c960ac,False,verified_failure
real_typeii_20db_d8_bw120_blk0,8,120,4,4,cascade_lite,no_verified_success,internal_cascade_lite,"16,32,64,128",4,identity,1,4,0,0,4,0.0,0.125,0.07421875,368.0,0.4791666666666667,0.0,0.0008445999992545694,"internal_cascade_lite simplified multi-pass parity/bisection baseline; leakage_accounting=exact_internal_transcript; mapping=gray; block_size_schedule=[16, 32, 64, 128]; num_passes=4; permutation_mode=identity; parity_disclosures_bits=184; bisection_disclosures_bits=56; verification_bits=128; other_disclosures_bits=0; candidate_flips=14; verified_flips=14; total_blocks_checked=92; status_reason=no_verified_success; success=0/4; raw_ser=0.125; post_ir_ser=0.07421875",b274fad8603600d1,False,verified_failure
real_typeii_20db_d8_bw120_blk0,8,120,4,4,cascade_lite,no_verified_success,internal_cascade_lite,"12,6,24,13",4,identity,1,4,0,0,4,0.0,0.125,0.046875,484.0,0.6302083333333334,0.0,0.03219050000188872,"internal_cascade_lite simplified multi-pass parity/bisection baseline; leakage_accounting=exact_internal_transcript; mapping=gray; block_size_schedule=[12, 6, 24, 13]; num_passes=4; permutation_mode=identity; parity_disclosures_bits=280; bisection_disclosures_bits=76; verification_bits=128; other_disclosures_bits=0; candidate_flips=20; verified_flips=20; total_blocks_checked=140; status_reason=no_verified_success; success=0/4; raw_ser=0.125; post_ir_ser=0.046875",e94e37ca4f54ec26,False,verified_failure
real_typeii_20db_d8_bw120_blk0,8,120,4,4,cascade_lite,ok,internal_cascade_lite,"8,4,16,13",4,seeded_random,0,4,3,0,1,0.75,0.125,0.0078125,766.0,0.9973958333333334,0.0,0.07886219999636523,"internal_cascade_lite simplified multi-pass parity/bisection baseline; leakage_accounting=exact_internal_transcript; mapping=gray; block_size_schedule=[8, 4, 16, 13]; num_passes=4; permutation_mode=seeded_random; parity_disclosures_bits=530; bisection_disclosures_bits=108; verification_bits=128; other_disclosures_bits=0; candidate_flips=36; verified_flips=36; total_blocks_checked=265",d8c9e97fcf2fa52f,False,verified_failure
real_typeii_20db_d8_bw180_blk0,8,180,4,4,cascade_lite,ok,internal_cascade_lite,"8,4,16,13",2,identity,0,4,1,0,3,0.25,0.0859375,0.02734375,749.0,0.9752604166666666,0.0,0.0013860999897588044,"internal_cascade_lite simplified multi-pass parity/bisection baseline; leakage_accounting=exact_internal_transcript; mapping=gray; block_size_schedule=[8, 4, 16, 13]; num_passes=2; permutation_mode=identity; parity_disclosures_bits=576; bisection_disclosures_bits=45; verification_bits=128; other_disclosures_bits=0; candidate_flips=17; verified_flips=17; total_blocks_checked=288",a13ee2a8e214a2c1,False,verified_failure
real_typeii_20db_d8_bw120_blk0,8,120,4,4,cascade_lite,no_verified_success,internal_cascade_lite,"16,32,64,128",3,identity,1,4,0,0,4,0.0,0.125,0.07421875,352.0,0.4583333333333333,0.0,0.0007518000202253461,"internal_cascade_lite simplified multi-pass parity/bisection baseline; leakage_accounting=exact_internal_transcript; mapping=gray; block_size_schedule=[16, 32, 64, 128]; num_passes=3; permutation_mode=identity; parity_disclosures_bits=168; bisection_disclosures_bits=56; verification_bits=128; other_disclosures_bits=0; candidate_flips=14; verified_flips=14; total_blocks_checked=84; status_reason=no_verified_success; success=0/4; raw_ser=0.125; post_ir_ser=0.07421875",12e60a79b80aac28,False,verified_failure
real_typeii_20db_d8_bw120_blk0,8,120,4,4,cascade_lite,ok,internal_cascade_lite,"16,32,64,128",3,seeded_random,1,4,3,0,1,0.75,0.125,0.02734375,434.0,0.5651041666666666,0.0,0.022169700008817017,"internal_cascade_lite simplified multi-pass parity/bisection baseline; leakage_accounting=exact_internal_transcript; mapping=gray; block_size_schedule=[16, 32, 64, 128]; num_passes=3; permutation_mode=seeded_random; parity_disclosures_bits=174; bisection_disclosures_bits=132; verification_bits=128; other_disclosures_bits=0; candidate_flips=30; verified_flips=30; total_blocks_checked=87",29af1beb670bdf02,False,verified_failure
real_typeii_20db_d8_bw180_blk0,8,180,4,4,cascade_lite,ok,internal_cascade_lite,"8,4,16,13",2,seeded_random,1,4,4,0,0,1.0,0.0859375,0.0,783.0,1.01953125,0.0,0.0017117999959737062,"internal_cascade_lite simplified multi-pass parity/bisection baseline; leakage_accounting=exact_internal_transcript; mapping=gray; block_size_schedule=[8, 4, 16, 13]; num_passes=2; permutation_mode=seeded_random; parity_disclosures_bits=576; bisection_disclosures_bits=79; verification_bits=128; other_disclosures_bits=0; candidate_flips=29; verified_flips=29; total_blocks_checked=288",7354d2046d247234,True,real_ir_success
real_typeii_20db_d8_bw180_blk0,8,180,4,4,cascade_lite,ok,internal_cascade_lite,"8,4,16,13",2,identity,1,4,1,0,3,0.25,0.0859375,0.02734375,749.0,0.9752604166666666,0.0,0.0013309000059962273,"internal_cascade_lite simplified multi-pass parity/bisection baseline; leakage_accounting=exact_internal_transcript; mapping=gray; block_size_schedule=[8, 4, 16, 13]; num_passes=2; permutation_mode=identity; parity_disclosures_bits=576; bisection_disclosures_bits=45; verification_bits=128; other_disclosures_bits=0; candidate_flips=17; verified_flips=17; total_blocks_checked=288",3f252f07ce424b12,False,verified_failure
real_typeii_20db_d8_bw120_blk0,8,120,4,4,cascade_lite,ok,internal_cascade_lite,"8,4,16,13",4,seeded_random,1,4,4,0,0,1.0,0.125,0.0,786.0,1.0234375,0.0,0.09098119998816401,"internal_cascade_lite simplified multi-pass parity/bisection baseline; leakage_accounting=exact_internal_transcript; mapping=gray; block_size_schedule=[8, 4, 16, 13]; num_passes=4; permutation_mode=seeded_random; parity_disclosures_bits=530; bisection_disclosures_bits=128; verification_bits=128; other_disclosures_bits=0; candidate_flips=38; verified_flips=38; total_blocks_checked=265",06922f5b1549a72b,True,real_ir_success
real_typeii_20db_d8_bw120_blk0,8,120,4,4,cascade_lite,ok,internal_cascade_lite,"16,32,64,128",2,seeded_random,1,4,1,0,3,0.25,0.125,0.0390625,391.0,0.5091145833333334,0.0,0.04861860000528395,"internal_cascade_lite simplified multi-pass parity/bisection baseline; leakage_accounting=exact_internal_transcript; mapping=gray; block_size_schedule=[16, 32, 64, 128]; num_passes=2; permutation_mode=seeded_random; parity_disclosures_bits=148; bisection_disclosures_bits=115; verification_bits=128; other_disclosures_bits=0; candidate_flips=27; verified_flips=27; total_blocks_checked=74",681ccb6691fc7891,False,verified_failure
real_typeii_20db_d8_bw120_blk0,8,120,4,4,cascade_lite,ok,internal_cascade_lite,"16,32,64,128",2,seeded_random,0,4,2,0,2,0.5,0.125,0.04296875,391.0,0.5091145833333334,0.0,0.016761800012318417,"internal_cascade_lite simplified multi-pass parity/bisection baseline; leakage_accounting=exact_internal_transcript; mapping=gray; block_size_schedule=[16, 32, 64, 128]; num_passes=2; permutation_mode=seeded_random; parity_disclosures_bits=148; bisection_disclosures_bits=115; verification_bits=128; other_disclosures_bits=0; candidate_flips=27; verified_flips=27; total_blocks_checked=74",dd7816676bf6e07b,False,verified_failure
real_typeii_20db_d8_bw120_blk0,8,120,4,4,cascade_lite,ok,internal_cascade_lite,"8,4,16,13",3,seeded_random,0,4,3,0,1,0.75,0.125,0.0078125,672.0,0.875,0.0,0.10623219999251887,"internal_cascade_lite simplified multi-pass parity/bisection baseline; leakage_accounting=exact_internal_transcript; mapping=gray; block_size_schedule=[8, 4, 16, 13]; num_passes=3; permutation_mode=seeded_random; parity_disclosures_bits=436; bisection_disclosures_bits=108; verification_bits=128; other_disclosures_bits=0; candidate_flips=36; verified_flips=36; total_blocks_checked=218",1cdb1b55b06d0718,False,verified_failure
real_typeii_20db_d8_bw180_blk0,8,180,4,4,cascade_lite,ok,internal_cascade_lite,"8,4,16,13",3,identity,1,4,1,0,3,0.25,0.0859375,0.02734375,845.0,1.1002604166666667,0.0,0.0013716999965254217,"internal_cascade_lite simplified multi-pass parity/bisection baseline; leakage_accounting=exact_internal_transcript; mapping=gray; block_size_schedule=[8, 4, 16, 13]; num_passes=3; permutation_mode=identity; parity_disclosures_bits=672; bisection_disclosures_bits=45; verification_bits=128; other_disclosures_bits=0; candidate_flips=17; verified_flips=17; total_blocks_checked=336",980002d4a26462ee,False,verified_failure
real_typeii_20db_d8_bw180_blk0,8,180,4,4,cascade_lite,ok,internal_cascade_lite,"8,4,16,13",3,identity,0,4,1,0,3,0.25,0.0859375,0.02734375,845.0,1.1002604166666667,0.0,0.001353600004222244,"internal_cascade_lite simplified multi-pass parity/bisection baseline; leakage_accounting=exact_internal_transcript; mapping=gray; block_size_schedule=[8, 4, 16, 13]; num_passes=3; permutation_mode=identity; parity_disclosures_bits=672; bisection_disclosures_bits=45; verification_bits=128; other_disclosures_bits=0; candidate_flips=17; verified_flips=17; total_blocks_checked=336",3126004ba81eb888,False,verified_failure
real_typeii_20db_d8_bw180_blk0,8,180,4,4,cascade_lite,ok,internal_cascade_lite,"8,4,16,13",4,identity,1,4,1,0,3,0.25,0.0859375,0.0234375,973.0,1.2669270833333333,0.0,0.0015420000127051026,"internal_cascade_lite simplified multi-pass parity/bisection baseline; leakage_accounting=exact_internal_transcript; mapping=gray; block_size_schedule=[8, 4, 16, 13]; num_passes=4; permutation_mode=identity; parity_disclosures_bits=792; bisection_disclosures_bits=53; verification_bits=128; other_disclosures_bits=0; candidate_flips=19; verified_flips=19; total_blocks_checked=396",9d564316fde14cb8,False,verified_failure
real_typeii_20db_d8_bw180_blk0,8,180,4,4,cascade_lite,ok,internal_cascade_lite,"12,6,24,13",2,identity,0,4,1,0,3,0.25,0.0859375,0.03515625,554.0,0.7213541666666666,0.0,0.0010652000200934708,"internal_cascade_lite simplified multi-pass parity/bisection baseline; leakage_accounting=exact_internal_transcript; mapping=gray; block_size_schedule=[12, 6, 24, 13]; num_passes=2; permutation_mode=identity; parity_disclosures_bits=384; bisection_disclosures_bits=42; verification_bits=128; other_disclosures_bits=0; candidate_flips=13; verified_flips=13; total_blocks_checked=192",979209ff46816fd4,False,verified_failure
real_typeii_20db_d8_bw180_blk0,8,180,4,4,cascade_lite,ok,internal_cascade_lite,"12,6,24,13",2,identity,1,4,1,0,3,0.25,0.0859375,0.03515625,554.0,0.7213541666666666,0.0,0.0009520000021439046,"internal_cascade_lite simplified multi-pass parity/bisection baseline; leakage_accounting=exact_internal_transcript; mapping=gray; block_size_schedule=[12, 6, 24, 13]; num_passes=2; permutation_mode=identity; parity_disclosures_bits=384; bisection_disclosures_bits=42; verification_bits=128; other_disclosures_bits=0; candidate_flips=13; verified_flips=13; total_blocks_checked=192",2cca18232a17d99f,False,verified_failure
real_typeii_20db_d8_bw180_blk0,8,180,4,4,cascade_lite,ok,internal_cascade_lite,"8,4,16,13",4,identity,0,4,1,0,3,0.25,0.0859375,0.0390625,793.0,1.0325520833333333,0.0,0.020116500003496185,"internal_cascade_lite simplified multi-pass parity/bisection baseline; leakage_accounting=exact_internal_transcript; mapping=gray; block_size_schedule=[8, 4, 16, 13]; num_passes=4; permutation_mode=identity; parity_disclosures_bits=624; bisection_disclosures_bits=41; verification_bits=128; other_disclosures_bits=0; candidate_flips=13; verified_flips=13; total_blocks_checked=312",de9542c356f237d9,False,verified_failure
real_typeii_20db_d8_bw120_blk0,8,120,4,4,cascade_lite,ok,internal_cascade_lite,"16,32,64,128",4,seeded_random,0,4,3,0,1,0.75,0.125,0.0078125,488.0,0.6354166666666666,0.0,0.05661229998804629,"internal_cascade_lite simplified multi-pass parity/bisection baseline; leakage_accounting=exact_internal_transcript; mapping=gray; block_size_schedule=[16, 32, 64, 128]; num_passes=4; permutation_mode=seeded_random; parity_disclosures_bits=196; bisection_disclosures_bits=164; verification_bits=128; other_disclosures_bits=0; candidate_flips=36; verified_flips=36; total_blocks_checked=98",3ddb0e813f8c9fa7,False,verified_failure
real_typeii_20db_d8_bw180_blk0,8,180,4,4,cascade_lite,ok,internal_cascade_lite,"12,6,24,13",3,identity,0,4,1,0,3,0.25,0.0859375,0.03515625,618.0,0.8046875,0.0,0.0011768999975174665,"internal_cascade_lite simplified multi-pass parity/bisection baseline; leakage_accounting=exact_internal_transcript; mapping=gray; block_size_schedule=[12, 6, 24, 13]; num_passes=3; permutation_mode=identity; parity_disclosures_bits=448; bisection_disclosures_bits=42; verification_bits=128; other_disclosures_bits=0; candidate_flips=13; verified_flips=13; total_blocks_checked=224",d6871fb94730b51d,False,verified_failure
real_typeii_20db_d8_bw180_blk0,8,180,4,4,cascade_lite,ok,internal_cascade_lite,"12,6,24,13",3,identity,1,4,1,0,3,0.25,0.0859375,0.03515625,618.0,0.8046875,0.0,0.0011744000075850636,"internal_cascade_lite simplified multi-pass parity/bisection baseline; leakage_accounting=exact_internal_transcript; mapping=gray; block_size_schedule=[12, 6, 24, 13]; num_passes=3; permutation_mode=identity; parity_disclosures_bits=448; bisection_disclosures_bits=42; verification_bits=128; other_disclosures_bits=0; candidate_flips=13; verified_flips=13; total_blocks_checked=224",7db1c271a29cbcbd,False,verified_failure
real_typeii_20db_d8_bw180_blk0,8,180,4,4,cascade_lite,ok,internal_cascade_lite,"8,4,16,13",3,seeded_random,0,4,4,0,0,1.0,0.0859375,0.0,777.0,1.01171875,0.0,0.03886289999354631,"internal_cascade_lite simplified multi-pass parity/bisection baseline; leakage_accounting=exact_internal_transcript; mapping=gray; block_size_schedule=[8, 4, 16, 13]; num_passes=3; permutation_mode=seeded_random; parity_disclosures_bits=560; bisection_disclosures_bits=89; verification_bits=128; other_disclosures_bits=0; candidate_flips=29; verified_flips=29; total_blocks_checked=280",1cdb1b55b06d0718,True,real_ir_success
real_typeii_20db_d8_bw180_blk0,8,180,4,4,cascade_lite,ok,internal_cascade_lite,"8,4,16,13",2,seeded_random,0,4,4,0,0,1.0,0.0859375,0.0,787.0,1.0247395833333333,0.0,0.055642499995883554,"internal_cascade_lite simplified multi-pass parity/bisection baseline; leakage_accounting=exact_internal_transcript; mapping=gray; block_size_schedule=[8, 4, 16, 13]; num_passes=2; permutation_mode=seeded_random; parity_disclosures_bits=576; bisection_disclosures_bits=83; verification_bits=128; other_disclosures_bits=0; candidate_flips=29; verified_flips=29; total_blocks_checked=288",eb6b9d5df31d86f8,True,real_ir_success
real_typeii_20db_d8_bw180_blk0,8,180,4,4,cascade_lite,ok,internal_cascade_lite,"12,6,24,13",4,identity,0,4,1,0,3,0.25,0.0859375,0.03515625,738.0,0.9609375,0.0,0.0013132999883964658,"internal_cascade_lite simplified multi-pass parity/bisection baseline; leakage_accounting=exact_internal_transcript; mapping=gray; block_size_schedule=[12, 6, 24, 13]; num_passes=4; permutation_mode=identity; parity_disclosures_bits=568; bisection_disclosures_bits=42; verification_bits=128; other_disclosures_bits=0; candidate_flips=13; verified_flips=13; total_blocks_checked=284",2faaaa245957cec2,False,verified_failure
real_typeii_20db_d8_bw180_blk0,8,180,4,4,cascade_lite,ok,internal_cascade_lite,"12,6,24,13",4,identity,1,4,1,0,3,0.25,0.0859375,0.03515625,738.0,0.9609375,0.0,0.001374599989503622,"internal_cascade_lite simplified multi-pass parity/bisection baseline; leakage_accounting=exact_internal_transcript; mapping=gray; block_size_schedule=[12, 6, 24, 13]; num_passes=4; permutation_mode=identity; parity_disclosures_bits=568; bisection_disclosures_bits=42; verification_bits=128; other_disclosures_bits=0; candidate_flips=13; verified_flips=13; total_blocks_checked=284",e94e37ca4f54ec26,False,verified_failure
real_typeii_20db_d16_bw60_blk0,16,60,4,4,cascade_lite,ok,internal_cascade_lite,"16,32,64,128",4,seeded_random,1,4,1,0,3,0.25,0.23828125,0.0390625,642.0,0.626953125,0.0,0.20436169998720288,"internal_cascade_lite simplified multi-pass parity/bisection baseline; leakage_accounting=exact_internal_transcript; mapping=gray; block_size_schedule=[16, 32, 64, 128]; num_passes=4; permutation_mode=seeded_random; parity_disclosures_bits=248; bisection_disclosures_bits=266; verification_bits=128; other_disclosures_bits=0; candidate_flips=57; verified_flips=57; total_blocks_checked=124",29020ebdb18ce89f,False,verified_failure
real_typeii_20db_d8_bw180_blk0,8,180,4,4,cascade_lite,ok,internal_cascade_lite,"8,4,16,13",3,seeded_random,1,4,4,0,0,1.0,0.0859375,0.0,879.0,1.14453125,0.0,0.027983600011793897,"internal_cascade_lite simplified multi-pass parity/bisection baseline; leakage_accounting=exact_internal_transcript; mapping=gray; block_size_schedule=[8, 4, 16, 13]; num_passes=3; permutation_mode=seeded_random; parity_disclosures_bits=672; bisection_disclosures_bits=79; verification_bits=128; other_disclosures_bits=0; candidate_flips=29; verified_flips=29; total_blocks_checked=336",8c14481b3b13ba97,True,real_ir_success
real_typeii_20db_d8_bw120_blk0,8,120,4,4,cascade_lite,ok,internal_cascade_lite,"12,6,24,13",4,seeded_random,0,4,3,0,1,0.75,0.125,0.0078125,556.0,0.7239583333333334,0.0,0.11642579999170266,"internal_cascade_lite simplified multi-pass parity/bisection baseline; leakage_accounting=exact_internal_transcript; mapping=gray; block_size_schedule=[12, 6, 24, 13]; num_passes=4; permutation_mode=seeded_random; parity_disclosures_bits=288; bisection_disclosures_bits=140; verification_bits=128; other_disclosures_bits=0; candidate_flips=36; verified_flips=36; total_blocks_checked=144",7ee822c7f60512c0,False,verified_failure
real_typeii_20db_d8_bw180_blk0,8,180,4,4,cascade_lite,no_verified_success,internal_cascade_lite,"16,32,64,128",2,identity,1,4,0,0,4,0.0,0.0859375,0.05078125,316.0,0.4114583333333333,0.0,0.0006859999848529696,"internal_cascade_lite simplified multi-pass parity/bisection baseline; leakage_accounting=exact_internal_transcript; mapping=gray; block_size_schedule=[16, 32, 64, 128]; num_passes=2; permutation_mode=identity; parity_disclosures_bits=144; bisection_disclosures_bits=44; verification_bits=128; other_disclosures_bits=0; candidate_flips=11; verified_flips=11; total_blocks_checked=72; status_reason=no_verified_success; success=0/4; raw_ser=0.0859375; post_ir_ser=0.05078125",b97861b5bfb007df,False,verified_failure
real_typeii_20db_d8_bw120_blk0,8,120,4,4,cascade_lite,ok,internal_cascade_lite,"12,6,24,13",3,seeded_random,1,4,4,0,0,1.0,0.125,0.0,584.0,0.7604166666666666,0.0,0.13747340001282282,"internal_cascade_lite simplified multi-pass parity/bisection baseline; leakage_accounting=exact_internal_transcript; mapping=gray; block_size_schedule=[12, 6, 24, 13]; num_passes=3; permutation_mode=seeded_random; parity_disclosures_bits=312; bisection_disclosures_bits=144; verification_bits=128; other_disclosures_bits=0; candidate_flips=38; verified_flips=38; total_blocks_checked=156",8423d62fa77f89d5,True,real_ir_success
real_typeii_20db_d8_bw180_blk0,8,180,4,4,cascade_lite,no_verified_success,internal_cascade_lite,"16,32,64,128",2,identity,0,4,0,0,4,0.0,0.0859375,0.05078125,316.0,0.4114583333333333,0.0,0.0008441000245511532,"internal_cascade_lite simplified multi-pass parity/bisection baseline; leakage_accounting=exact_internal_transcript; mapping=gray; block_size_schedule=[16, 32, 64, 128]; num_passes=2; permutation_mode=identity; parity_disclosures_bits=144; bisection_disclosures_bits=44; verification_bits=128; other_disclosures_bits=0; candidate_flips=11; verified_flips=11; total_blocks_checked=72; status_reason=no_verified_success; success=0/4; raw_ser=0.0859375; post_ir_ser=0.05078125",7f633f44f9b66e3b,False,verified_failure
real_typeii_20db_d8_bw180_blk0,8,180,4,4,cascade_lite,no_verified_success,internal_cascade_lite,"16,32,64,128",3,identity,0,4,0,0,4,0.0,0.0859375,0.05078125,340.0,0.4427083333333333,0.0,0.0008269999816548079,"internal_cascade_lite simplified multi-pass parity/bisection baseline; leakage_accounting=exact_internal_transcript; mapping=gray; block_size_schedule=[16, 32, 64, 128]; num_passes=3; permutation_mode=identity; parity_disclosures_bits=168; bisection_disclosures_bits=44; verification_bits=128; other_disclosures_bits=0; candidate_flips=11; verified_flips=11; total_blocks_checked=84; status_reason=no_verified_success; success=0/4; raw_ser=0.0859375; post_ir_ser=0.05078125",4e9da68e0f171e1f,False,verified_failure
real_typeii_20db_d8_bw180_blk0,8,180,4,4,cascade_lite,no_verified_success,internal_cascade_lite,"16,32,64,128",3,identity,1,4,0,0,4,0.0,0.0859375,0.05078125,340.0,0.4427083333333333,0.0,0.000756800000090152,"internal_cascade_lite simplified multi-pass parity/bisection baseline; leakage_accounting=exact_internal_transcript; mapping=gray; block_size_schedule=[16, 32, 64, 128]; num_passes=3; permutation_mode=identity; parity_disclosures_bits=168; bisection_disclosures_bits=44; verification_bits=128; other_disclosures_bits=0; candidate_flips=11; verified_flips=11; total_blocks_checked=84; status_reason=no_verified_success; success=0/4; raw_ser=0.0859375; post_ir_ser=0.05078125",12e60a79b80aac28,False,verified_failure
real_typeii_20db_d8_bw120_blk0,8,120,4,4,cascade_lite,ok,internal_cascade_lite,"16,32,64,128",4,seeded_random,1,4,3,0,1,0.75,0.125,0.015625,476.0,0.6197916666666666,0.0,0.08990939997602254,"internal_cascade_lite simplified multi-pass parity/bisection baseline; leakage_accounting=exact_internal_transcript; mapping=gray; block_size_schedule=[16, 32, 64, 128]; num_passes=4; permutation_mode=seeded_random; parity_disclosures_bits=194; bisection_disclosures_bits=154; verification_bits=128; other_disclosures_bits=0; candidate_flips=34; verified_flips=34; total_blocks_checked=97",29020ebdb18ce89f,False,verified_failure
real_typeii_20db_d16_bw60_blk0,16,60,4,4,cascade_lite,ok,internal_cascade_lite,"16,32,64,128",4,seeded_random,0,4,3,0,1,0.75,0.23828125,0.01953125,667.0,0.6513671875,0.0,0.18289799999911338,"internal_cascade_lite simplified multi-pass parity/bisection baseline; leakage_accounting=exact_internal_transcript; mapping=gray; block_size_schedule=[16, 32, 64, 128]; num_passes=4; permutation_mode=seeded_random; parity_disclosures_bits=252; bisection_disclosures_bits=287; verification_bits=128; other_disclosures_bits=0; candidate_flips=62; verified_flips=62; total_blocks_checked=126",3ddb0e813f8c9fa7,False,verified_failure
real_typeii_20db_d8_bw180_blk0,8,180,4,4,cascade_lite,no_verified_success,internal_cascade_lite,"16,32,64,128",4,identity,0,4,0,0,4,0.0,0.0859375,0.05078125,356.0,0.4635416666666667,0.0,0.0008612000092398375,"internal_cascade_lite simplified multi-pass parity/bisection baseline; leakage_accounting=exact_internal_transcript; mapping=gray; block_size_schedule=[16, 32, 64, 128]; num_passes=4; permutation_mode=identity; parity_disclosures_bits=184; bisection_disclosures_bits=44; verification_bits=128; other_disclosures_bits=0; candidate_flips=11; verified_flips=11; total_blocks_checked=92; status_reason=no_verified_success; success=0/4; raw_ser=0.0859375; post_ir_ser=0.05078125",aeacee9a04c960ac,False,verified_failure
real_typeii_20db_d8_bw180_blk0,8,180,4,4,cascade_lite,ok,internal_cascade_lite,"12,6,24,13",2,seeded_random,1,4,4,0,0,1.0,0.0859375,0.0,499.0,0.6497395833333334,0.0,0.05702849998488091,"internal_cascade_lite simplified multi-pass parity/bisection baseline; leakage_accounting=exact_internal_transcript; mapping=gray; block_size_schedule=[12, 6, 24, 13]; num_passes=2; permutation_mode=seeded_random; parity_disclosures_bits=268; bisection_disclosures_bits=103; verification_bits=128; other_disclosures_bits=0; candidate_flips=29; verified_flips=29; total_blocks_checked=134",624abde0af86ab7f,True,real_ir_success
real_typeii_20db_d8_bw120_blk0,8,120,4,4,cascade_lite,ok,internal_cascade_lite,"12,6,24,13",3,seeded_random,0,4,3,0,1,0.75,0.125,0.0078125,514.0,0.6692708333333334,0.0,0.1425120999920182,"internal_cascade_lite simplified multi-pass parity/bisection baseline; leakage_accounting=exact_internal_transcript; mapping=gray; block_size_schedule=[12, 6, 24, 13]; num_passes=3; permutation_mode=seeded_random; parity_disclosures_bits=246; bisection_disclosures_bits=140; verification_bits=128; other_disclosures_bits=0; candidate_flips=36; verified_flips=36; total_blocks_checked=123",e41b94e22127bc2a,False,verified_failure
real_typeii_20db_d8_bw180_blk0,8,180,4,4,cascade_lite,no_verified_success,internal_cascade_lite,"16,32,64,128",4,identity,1,4,0,0,4,0.0,0.0859375,0.05078125,356.0,0.4635416666666667,0.0,0.000727800012100488,"internal_cascade_lite simplified multi-pass parity/bisection baseline; leakage_accounting=exact_internal_transcript; mapping=gray; block_size_schedule=[16, 32, 64, 128]; num_passes=4; permutation_mode=identity; parity_disclosures_bits=184; bisection_disclosures_bits=44; verification_bits=128; other_disclosures_bits=0; candidate_flips=11; verified_flips=11; total_blocks_checked=92; status_reason=no_verified_success; success=0/4; raw_ser=0.0859375; post_ir_ser=0.05078125",b274fad8603600d1,False,verified_failure
real_typeii_20db_d8_bw180_blk0,8,180,4,4,cascade_lite,ok,internal_cascade_lite,"12,6,24,13",4,seeded_random,1,4,4,0,0,1.0,0.0859375,0.0,521.0,0.6783854166666666,0.0,0.037775699980556965,"internal_cascade_lite simplified multi-pass parity/bisection baseline; leakage_accounting=exact_internal_transcript; mapping=gray; block_size_schedule=[12, 6, 24, 13]; num_passes=4; permutation_mode=seeded_random; parity_disclosures_bits=284; bisection_disclosures_bits=109; verification_bits=128; other_disclosures_bits=0; candidate_flips=29; verified_flips=29; total_blocks_checked=142",9b5934726b7a6d94,True,real_ir_success
real_typeii_20db_d8_bw180_blk0,8,180,4,4,cascade_lite,ok,internal_cascade_lite,"16,32,64,128",3,seeded_random,0,4,4,0,0,1.0,0.0859375,0.0,428.0,0.5572916666666666,0.0,0.022953900013817474,"internal_cascade_lite simplified multi-pass parity/bisection baseline; leakage_accounting=exact_internal_transcript; mapping=gray; block_size_schedule=[16, 32, 64, 128]; num_passes=3; permutation_mode=seeded_random; parity_disclosures_bits=172; bisection_disclosures_bits=128; verification_bits=128; other_disclosures_bits=0; candidate_flips=29; verified_flips=29; total_blocks_checked=86",7bb66119b31ce8cd,True,real_ir_success
real_typeii_20db_d8_bw120_blk0,8,120,4,4,cascade_lite,ok,internal_cascade_lite,"12,6,24,13",4,seeded_random,1,4,4,0,0,1.0,0.125,0.0,557.0,0.7252604166666666,0.0,0.15395750000607222,"internal_cascade_lite simplified multi-pass parity/bisection baseline; leakage_accounting=exact_internal_transcript; mapping=gray; block_size_schedule=[12, 6, 24, 13]; num_passes=4; permutation_mode=seeded_random; parity_disclosures_bits=284; bisection_disclosures_bits=145; verification_bits=128; other_disclosures_bits=0; candidate_flips=38; verified_flips=38; total_blocks_checked=142",9b5934726b7a6d94,True,real_ir_success
real_typeii_20db_d8_bw180_blk0,8,180,4,4,cascade_lite,ok,internal_cascade_lite,"12,6,24,13",2,seeded_random,0,4,4,0,0,1.0,0.0859375,0.0,609.0,0.79296875,0.0,0.0747280000068713,"internal_cascade_lite simplified multi-pass parity/bisection baseline; leakage_accounting=exact_internal_transcript; mapping=gray; block_size_schedule=[12, 6, 24, 13]; num_passes=2; permutation_mode=seeded_random; parity_disclosures_bits=384; bisection_disclosures_bits=97; verification_bits=128; other_disclosures_bits=0; candidate_flips=29; verified_flips=29; total_blocks_checked=192",a8b77a06b4a8c66b,True,real_ir_success
real_typeii_20db_d8_bw50_blk0,8,50,4,4,cascade_lite,no_verified_success,internal_cascade_lite,"8,4,16,13",3,identity,0,4,0,0,4,0.0,0.23828125,0.05078125,936.0,1.21875,0.0,0.002059099992038682,"internal_cascade_lite simplified multi-pass parity/bisection baseline; leakage_accounting=exact_internal_transcript; mapping=gray; block_size_schedule=[8, 4, 16, 13]; num_passes=3; permutation_mode=identity; parity_disclosures_bits=672; bisection_disclosures_bits=136; verification_bits=128; other_disclosures_bits=0; candidate_flips=50; verified_flips=50; total_blocks_checked=336; status_reason=no_verified_success; success=0/4; raw_ser=0.23828125; post_ir_ser=0.05078125",3126004ba81eb888,False,verified_failure
real_typeii_20db_d8_bw50_blk0,8,50,4,4,cascade_lite,no_verified_success,internal_cascade_lite,"8,4,16,13",3,identity,1,4,0,0,4,0.0,0.23828125,0.05078125,936.0,1.21875,0.0,0.002054000011412427,"internal_cascade_lite simplified multi-pass parity/bisection baseline; leakage_accounting=exact_internal_transcript; mapping=gray; block_size_schedule=[8, 4, 16, 13]; num_passes=3; permutation_mode=identity; parity_disclosures_bits=672; bisection_disclosures_bits=136; verification_bits=128; other_disclosures_bits=0; candidate_flips=50; verified_flips=50; total_blocks_checked=336; status_reason=no_verified_success; success=0/4; raw_ser=0.23828125; post_ir_ser=0.05078125",980002d4a26462ee,False,verified_failure
real_typeii_20db_d8_bw50_blk0,8,50,4,4,cascade_lite,no_verified_success,internal_cascade_lite,"8,4,16,13",2,identity,0,4,0,0,4,0.0,0.23828125,0.05078125,840.0,1.09375,0.0,0.02082559998962097,"internal_cascade_lite simplified multi-pass parity/bisection baseline; leakage_accounting=exact_internal_transcript; mapping=gray; block_size_schedule=[8, 4, 16, 13]; num_passes=2; permutation_mode=identity; parity_disclosures_bits=576; bisection_disclosures_bits=136; verification_bits=128; other_disclosures_bits=0; candidate_flips=50; verified_flips=50; total_blocks_checked=288; status_reason=no_verified_success; success=0/4; raw_ser=0.23828125; post_ir_ser=0.05078125",a13ee2a8e214a2c1,False,verified_failure
real_typeii_20db_d8_bw50_blk0,8,50,4,4,cascade_lite,no_verified_success,internal_cascade_lite,"8,4,16,13",2,identity,1,4,0,0,4,0.0,0.23828125,0.05078125,840.0,1.09375,0.0,0.019844900001771748,"internal_cascade_lite simplified multi-pass parity/bisection baseline; leakage_accounting=exact_internal_transcript; mapping=gray; block_size_schedule=[8, 4, 16, 13]; num_passes=2; permutation_mode=identity; parity_disclosures_bits=576; bisection_disclosures_bits=136; verification_bits=128; other_disclosures_bits=0; candidate_flips=50; verified_flips=50; total_blocks_checked=288; status_reason=no_verified_success; success=0/4; raw_ser=0.23828125; post_ir_ser=0.05078125",3f252f07ce424b12,False,verified_failure
real_typeii_20db_d8_bw50_blk0,8,50,4,4,cascade_lite,no_verified_success,internal_cascade_lite,"8,4,16,13",4,identity,0,4,0,0,4,0.0,0.23828125,0.04296875,1064.0,1.3854166666666667,0.0,0.002427900006296113,"internal_cascade_lite simplified multi-pass parity/bisection baseline; leakage_accounting=exact_internal_transcript; mapping=gray; block_size_schedule=[8, 4, 16, 13]; num_passes=4; permutation_mode=identity; parity_disclosures_bits=792; bisection_disclosures_bits=144; verification_bits=128; other_disclosures_bits=0; candidate_flips=52; verified_flips=52; total_blocks_checked=396; status_reason=no_verified_success; success=0/4; raw_ser=0.23828125; post_ir_ser=0.04296875",de9542c356f237d9,False,verified_failure
real_typeii_20db_d8_bw120_blk0,8,120,4,4,cascade_lite,ok,internal_cascade_lite,"16,32,64,128",3,seeded_random,0,4,2,0,2,0.5,0.125,0.01171875,464.0,0.6041666666666666,0.0,0.16578619999927469,"internal_cascade_lite simplified multi-pass parity/bisection baseline; leakage_accounting=exact_internal_transcript; mapping=gray; block_size_schedule=[16, 32, 64, 128]; num_passes=3; permutation_mode=seeded_random; parity_disclosures_bits=178; bisection_disclosures_bits=158; verification_bits=128; other_disclosures_bits=0; candidate_flips=35; verified_flips=35; total_blocks_checked=89",7bb66119b31ce8cd,False,verified_failure
real_typeii_20db_d8_bw50_blk0,8,50,4,4,cascade_lite,no_verified_success,internal_cascade_lite,"8,4,16,13",4,identity,1,4,0,0,4,0.0,0.23828125,0.04296875,1064.0,1.3854166666666667,0.0,0.0038539999804925174,"internal_cascade_lite simplified multi-pass parity/bisection baseline; leakage_accounting=exact_internal_transcript; mapping=gray; block_size_schedule=[8, 4, 16, 13]; num_passes=4; permutation_mode=identity; parity_disclosures_bits=792; bisection_disclosures_bits=144; verification_bits=128; other_disclosures_bits=0; candidate_flips=52; verified_flips=52; total_blocks_checked=396; status_reason=no_verified_success; success=0/4; raw_ser=0.23828125; post_ir_ser=0.04296875",9d564316fde14cb8,False,verified_failure
real_typeii_20db_d8_bw180_blk0,8,180,4,4,cascade_lite,ok,internal_cascade_lite,"16,32,64,128",2,seeded_random,1,4,3,0,1,0.75,0.0859375,0.015625,379.0,0.4934895833333333,0.0,0.0701456000097096,"internal_cascade_lite simplified multi-pass parity/bisection baseline; leakage_accounting=exact_internal_transcript; mapping=gray; block_size_schedule=[16, 32, 64, 128]; num_passes=2; permutation_mode=seeded_random; parity_disclosures_bits=146; bisection_disclosures_bits=105; verification_bits=128; other_disclosures_bits=0; candidate_flips=25; verified_flips=25; total_blocks_checked=73",681ccb6691fc7891,False,verified_failure
real_typeii_20db_d8_bw50_blk0,8,50,4,4,cascade_lite,ok,internal_cascade_lite,"12,6,24,13",2,identity,0,4,1,0,3,0.25,0.23828125,0.046875,687.0,0.89453125,0.0,0.0018822000129148364,"internal_cascade_lite simplified multi-pass parity/bisection baseline; leakage_accounting=exact_internal_transcript; mapping=gray; block_size_schedule=[12, 6, 24, 13]; num_passes=2; permutation_mode=identity; parity_disclosures_bits=384; bisection_disclosures_bits=175; verification_bits=128; other_disclosures_bits=0; candidate_flips=50; verified_flips=50; total_blocks_checked=192",979209ff46816fd4,False,verified_failure
real_typeii_20db_d8_bw50_blk0,8,50,4,4,cascade_lite,ok,internal_cascade_lite,"12,6,24,13",2,identity,1,4,1,0,3,0.25,0.23828125,0.046875,687.0,0.89453125,0.0,0.0018177999882027507,"internal_cascade_lite simplified multi-pass parity/bisection baseline; leakage_accounting=exact_internal_transcript; mapping=gray; block_size_schedule=[12, 6, 24, 13]; num_passes=2; permutation_mode=identity; parity_disclosures_bits=384; bisection_disclosures_bits=175; verification_bits=128; other_disclosures_bits=0; candidate_flips=50; verified_flips=50; total_blocks_checked=192",2cca18232a17d99f,False,verified_failure
real_typeii_20db_d8_bw50_blk0,8,50,4,4,cascade_lite,ok,internal_cascade_lite,"12,6,24,13",2,seeded_random,0,4,2,0,2,0.5,0.23828125,0.015625,720.0,0.9375,0.0,0.0022375000116880983,"internal_cascade_lite simplified multi-pass parity/bisection baseline; leakage_accounting=exact_internal_transcript; mapping=gray; block_size_schedule=[12, 6, 24, 13]; num_passes=2; permutation_mode=seeded_random; parity_disclosures_bits=392; bisection_disclosures_bits=200; verification_bits=128; other_disclosures_bits=0; candidate_flips=62; verified_flips=62; total_blocks_checked=196",a8b77a06b4a8c66b,False,verified_failure
real_typeii_20db_d8_bw180_blk0,8,180,4,4,cascade_lite,ok,internal_cascade_lite,"16,32,64,128",2,seeded_random,0,4,3,0,1,0.75,0.0859375,0.0078125,392.0,0.5104166666666666,0.0,0.08971190001466312,"internal_cascade_lite simplified multi-pass parity/bisection baseline; leakage_accounting=exact_internal_transcript; mapping=gray; block_size_schedule=[16, 32, 64, 128]; num_passes=2; permutation_mode=seeded_random; parity_disclosures_bits=148; bisection_disclosures_bits=116; verification_bits=128; other_disclosures_bits=0; candidate_flips=27; verified_flips=27; total_blocks_checked=74",dd7816676bf6e07b,False,verified_failure
real_typeii_20db_d8_bw180_blk0,8,180,4,4,cascade_lite,ok,internal_cascade_lite,"12,6,24,13",3,seeded_random,1,4,4,0,0,1.0,0.0859375,0.0,543.0,0.70703125,0.0,0.0984253000060562,"internal_cascade_lite simplified multi-pass parity/bisection baseline; leakage_accounting=exact_internal_transcript; mapping=gray; block_size_schedule=[12, 6, 24, 13]; num_passes=3; permutation_mode=seeded_random; parity_disclosures_bits=312; bisection_disclosures_bits=103; verification_bits=128; other_disclosures_bits=0; candidate_flips=29; verified_flips=29; total_blocks_checked=156",8423d62fa77f89d5,True,real_ir_success
real_typeii_20db_d8_bw50_blk0,8,50,4,4,cascade_lite,ok,internal_cascade_lite,"12,6,24,13",3,identity,1,4,1,0,3,0.25,0.23828125,0.046875,751.0,0.9778645833333334,0.0,0.001994099991861731,"internal_cascade_lite simplified multi-pass parity/bisection baseline; leakage_accounting=exact_internal_transcript; mapping=gray; block_size_schedule=[12, 6, 24, 13]; num_passes=3; permutation_mode=identity; parity_disclosures_bits=448; bisection_disclosures_bits=175; verification_bits=128; other_disclosures_bits=0; candidate_flips=50; verified_flips=50; total_blocks_checked=224",7db1c271a29cbcbd,False,verified_failure
real_typeii_20db_d8_bw180_blk0,8,180,4,4,cascade_lite,ok,internal_cascade_lite,"8,4,16,13",4,seeded_random,1,4,4,0,0,1.0,0.0859375,0.0,567.0,0.73828125,0.0,0.14608969999244437,"internal_cascade_lite simplified multi-pass parity/bisection baseline; leakage_accounting=exact_internal_transcript; mapping=gray; block_size_schedule=[8, 4, 16, 13]; num_passes=4; permutation_mode=seeded_random; parity_disclosures_bits=338; bisection_disclosures_bits=101; verification_bits=128; other_disclosures_bits=0; candidate_flips=29; verified_flips=29; total_blocks_checked=169",06922f5b1549a72b,True,real_ir_success
real_typeii_20db_d8_bw50_blk0,8,50,4,4,cascade_lite,ok,internal_cascade_lite,"12,6,24,13",3,identity,0,4,1,0,3,0.25,0.23828125,0.046875,751.0,0.9778645833333334,0.0,0.0019767000048886985,"internal_cascade_lite simplified multi-pass parity/bisection baseline; leakage_accounting=exact_internal_transcript; mapping=gray; block_size_schedule=[12, 6, 24, 13]; num_passes=3; permutation_mode=identity; parity_disclosures_bits=448; bisection_disclosures_bits=175; verification_bits=128; other_disclosures_bits=0; candidate_flips=50; verified_flips=50; total_blocks_checked=224",d6871fb94730b51d,False,verified_failure
real_typeii_20db_d8_bw50_blk0,8,50,4,4,cascade_lite,ok,internal_cascade_lite,"12,6,24,13",4,identity,0,4,1,0,3,0.25,0.23828125,0.0390625,878.0,1.1432291666666667,0.0,0.0020729000098071992,"internal_cascade_lite simplified multi-pass parity/bisection baseline; leakage_accounting=exact_internal_transcript; mapping=gray; block_size_schedule=[12, 6, 24, 13]; num_passes=4; permutation_mode=identity; parity_disclosures_bits=568; bisection_disclosures_bits=182; verification_bits=128; other_disclosures_bits=0; candidate_flips=52; verified_flips=52; total_blocks_checked=284",2faaaa245957cec2,False,verified_failure
real_typeii_20db_d8_bw50_blk0,8,50,4,4,cascade_lite,ok,internal_cascade_lite,"8,4,16,13",3,seeded_random,1,4,4,0,0,1.0,0.23828125,0.0,948.0,1.234375,0.0,0.06286220002220944,"internal_cascade_lite simplified multi-pass parity/bisection baseline; leakage_accounting=exact_internal_transcript; mapping=gray; block_size_schedule=[8, 4, 16, 13]; num_passes=3; permutation_mode=seeded_random; parity_disclosures_bits=624; bisection_disclosures_bits=196; verification_bits=128; other_disclosures_bits=0; candidate_flips=66; verified_flips=66; total_blocks_checked=312",8c14481b3b13ba97,True,real_ir_success
real_typeii_20db_d8_bw180_blk0,8,180,4,4,cascade_lite,ok,internal_cascade_lite,"16,32,64,128",3,seeded_random,1,4,3,0,1,0.75,0.0859375,0.0078125,416.0,0.5416666666666666,0.0,0.10164869998698123,"internal_cascade_lite simplified multi-pass parity/bisection baseline; leakage_accounting=exact_internal_transcript; mapping=gray; block_size_schedule=[16, 32, 64, 128]; num_passes=3; permutation_mode=seeded_random; parity_disclosures_bits=172; bisection_disclosures_bits=116; verification_bits=128; other_disclosures_bits=0; candidate_flips=27; verified_flips=27; total_blocks_checked=86",29af1beb670bdf02,False,verified_failure
real_typeii_20db_d8_bw50_blk0,8,50,4,4,cascade_lite,ok,internal_cascade_lite,"8,4,16,13",2,seeded_random,1,4,2,0,2,0.5,0.23828125,0.02734375,750.0,0.9765625,0.0,0.08356900000944734,"internal_cascade_lite simplified multi-pass parity/bisection baseline; leakage_accounting=exact_internal_transcript; mapping=gray; block_size_schedule=[8, 4, 16, 13]; num_passes=2; permutation_mode=seeded_random; parity_disclosures_bits=440; bisection_disclosures_bits=182; verification_bits=128; other_disclosures_bits=0; candidate_flips=59; verified_flips=59; total_blocks_checked=220",7354d2046d247234,False,verified_failure
real_typeii_20db_d8_bw50_blk0,8,50,4,4,cascade_lite,no_verified_success,internal_cascade_lite,"16,32,64,128",2,identity,0,4,0,0,4,0.0,0.23828125,0.14453125,368.0,0.4791666666666667,0.0,0.0010460999910719693,"internal_cascade_lite simplified multi-pass parity/bisection baseline; leakage_accounting=exact_internal_transcript; mapping=gray; block_size_schedule=[16, 32, 64, 128]; num_passes=2; permutation_mode=identity; parity_disclosures_bits=144; bisection_disclosures_bits=96; verification_bits=128; other_disclosures_bits=0; candidate_flips=24; verified_flips=24; total_blocks_checked=72; status_reason=no_verified_success; success=0/4; raw_ser=0.23828125; post_ir_ser=0.14453125",7f633f44f9b66e3b,False,verified_failure
real_typeii_20db_d8_bw180_blk0,8,180,4,4,cascade_lite,ok,internal_cascade_lite,"12,6,24,13",4,seeded_random,0,4,4,0,0,1.0,0.0859375,0.0,525.0,0.68359375,0.0,0.13027650001458824,"internal_cascade_lite simplified multi-pass parity/bisection baseline; leakage_accounting=exact_internal_transcript; mapping=gray; block_size_schedule=[12, 6, 24, 13]; num_passes=4; permutation_mode=seeded_random; parity_disclosures_bits=280; bisection_disclosures_bits=117; verification_bits=128; other_disclosures_bits=0; candidate_flips=29; verified_flips=29; total_blocks_checked=140",7ee822c7f60512c0,True,real_ir_success
real_typeii_20db_d8_bw180_blk0,8,180,4,4,cascade_lite,ok,internal_cascade_lite,"16,32,64,128",4,seeded_random,1,4,4,0,0,1.0,0.0859375,0.0,449.0,0.5846354166666666,0.0,0.1060122000053525,"internal_cascade_lite simplified multi-pass parity/bisection baseline; leakage_accounting=exact_internal_transcript; mapping=gray; block_size_schedule=[16, 32, 64, 128]; num_passes=4; permutation_mode=seeded_random; parity_disclosures_bits=192; bisection_disclosures_bits=129; verification_bits=128; other_disclosures_bits=0; candidate_flips=29; verified_flips=29; total_blocks_checked=96",29020ebdb18ce89f,True,real_ir_success
real_typeii_20db_d8_bw180_blk0,8,180,4,4,cascade_lite,ok,internal_cascade_lite,"12,6,24,13",3,seeded_random,0,4,4,0,0,1.0,0.0859375,0.0,483.0,0.62890625,0.0,0.1473249999980908,"internal_cascade_lite simplified multi-pass parity/bisection baseline; leakage_accounting=exact_internal_transcript; mapping=gray; block_size_schedule=[12, 6, 24, 13]; num_passes=3; permutation_mode=seeded_random; parity_disclosures_bits=238; bisection_disclosures_bits=117; verification_bits=128; other_disclosures_bits=0; candidate_flips=29; verified_flips=29; total_blocks_checked=119",e41b94e22127bc2a,True,real_ir_success
real_typeii_20db_d8_bw50_blk0,8,50,4,4,cascade_lite,no_verified_success,internal_cascade_lite,"16,32,64,128",3,identity,0,4,0,0,4,0.0,0.23828125,0.14453125,392.0,0.5104166666666666,0.0,0.0009913000103551894,"internal_cascade_lite simplified multi-pass parity/bisection baseline; leakage_accounting=exact_internal_transcript; mapping=gray; block_size_schedule=[16, 32, 64, 128]; num_passes=3; permutation_mode=identity; parity_disclosures_bits=168; bisection_disclosures_bits=96; verification_bits=128; other_disclosures_bits=0; candidate_flips=24; verified_flips=24; total_blocks_checked=84; status_reason=no_verified_success; success=0/4; raw_ser=0.23828125; post_ir_ser=0.14453125",4e9da68e0f171e1f,False,verified_failure
real_typeii_20db_d8_bw50_blk0,8,50,4,4,cascade_lite,no_verified_success,internal_cascade_lite,"16,32,64,128",2,identity,1,4,0,0,4,0.0,0.23828125,0.14453125,368.0,0.4791666666666667,0.0,0.0009580999903846532,"internal_cascade_lite simplified multi-pass parity/bisection baseline; leakage_accounting=exact_internal_transcript; mapping=gray; block_size_schedule=[16, 32, 64, 128]; num_passes=2; permutation_mode=identity; parity_disclosures_bits=144; bisection_disclosures_bits=96; verification_bits=128; other_disclosures_bits=0; candidate_flips=24; verified_flips=24; total_blocks_checked=72; status_reason=no_verified_success; success=0/4; raw_ser=0.23828125; post_ir_ser=0.14453125",b97861b5bfb007df,False,verified_failure
real_typeii_20db_d8_bw50_blk0,8,50,4,4,cascade_lite,ok,internal_cascade_lite,"12,6,24,13",4,identity,1,4,1,0,3,0.25,0.23828125,0.0390625,878.0,1.1432291666666667,0.0,0.03346599999349564,"internal_cascade_lite simplified multi-pass parity/bisection baseline; leakage_accounting=exact_internal_transcript; mapping=gray; block_size_schedule=[12, 6, 24, 13]; num_passes=4; permutation_mode=identity; parity_disclosures_bits=568; bisection_disclosures_bits=182; verification_bits=128; other_disclosures_bits=0; candidate_flips=52; verified_flips=52; total_blocks_checked=284",e94e37ca4f54ec26,False,verified_failure
real_typeii_20db_d8_bw50_blk0,8,50,4,4,cascade_lite,no_verified_success,internal_cascade_lite,"16,32,64,128",3,identity,1,4,0,0,4,0.0,0.23828125,0.14453125,392.0,0.5104166666666666,0.0,0.001124100002925843,"internal_cascade_lite simplified multi-pass parity/bisection baseline; leakage_accounting=exact_internal_transcript; mapping=gray; block_size_schedule=[16, 32, 64, 128]; num_passes=3; permutation_mode=identity; parity_disclosures_bits=168; bisection_disclosures_bits=96; verification_bits=128; other_disclosures_bits=0; candidate_flips=24; verified_flips=24; total_blocks_checked=84; status_reason=no_verified_success; success=0/4; raw_ser=0.23828125; post_ir_ser=0.14453125",12e60a79b80aac28,False,verified_failure
real_typeii_20db_d8_bw50_blk0,8,50,4,4,cascade_lite,no_verified_success,internal_cascade_lite,"16,32,64,128",4,identity,0,4,0,0,4,0.0,0.23828125,0.14453125,408.0,0.53125,0.0,0.0009966000216081738,"internal_cascade_lite simplified multi-pass parity/bisection baseline; leakage_accounting=exact_internal_transcript; mapping=gray; block_size_schedule=[16, 32, 64, 128]; num_passes=4; permutation_mode=identity; parity_disclosures_bits=184; bisection_disclosures_bits=96; verification_bits=128; other_disclosures_bits=0; candidate_flips=24; verified_flips=24; total_blocks_checked=92; status_reason=no_verified_success; success=0/4; raw_ser=0.23828125; post_ir_ser=0.14453125",aeacee9a04c960ac,False,verified_failure
real_typeii_20db_d8_bw50_blk0,8,50,4,4,cascade_lite,no_verified_success,internal_cascade_lite,"16,32,64,128",2,seeded_random,1,4,0,0,4,0.0,0.23828125,0.14453125,388.0,0.5052083333333334,0.0,0.02045340000768192,"internal_cascade_lite simplified multi-pass parity/bisection baseline; leakage_accounting=exact_internal_transcript; mapping=gray; block_size_schedule=[16, 32, 64, 128]; num_passes=2; permutation_mode=seeded_random; parity_disclosures_bits=148; bisection_disclosures_bits=112; verification_bits=128; other_disclosures_bits=0; candidate_flips=26; verified_flips=26; total_blocks_checked=74; status_reason=no_verified_success; success=0/4; raw_ser=0.23828125; post_ir_ser=0.14453125",681ccb6691fc7891,False,verified_failure
real_typeii_20db_d8_bw50_blk0,8,50,4,4,cascade_lite,no_verified_success,internal_cascade_lite,"16,32,64,128",4,identity,1,4,0,0,4,0.0,0.23828125,0.14453125,408.0,0.53125,0.0,0.0009860999998636544,"internal_cascade_lite simplified multi-pass parity/bisection baseline; leakage_accounting=exact_internal_transcript; mapping=gray; block_size_schedule=[16, 32, 64, 128]; num_passes=4; permutation_mode=identity; parity_disclosures_bits=184; bisection_disclosures_bits=96; verification_bits=128; other_disclosures_bits=0; candidate_flips=24; verified_flips=24; total_blocks_checked=92; status_reason=no_verified_success; success=0/4; raw_ser=0.23828125; post_ir_ser=0.14453125",b274fad8603600d1,False,verified_failure
real_typeii_20db_d8_bw50_blk0,8,50,4,4,cascade_lite,ok,internal_cascade_lite,"12,6,24,13",3,seeded_random,0,4,3,0,1,0.75,0.23828125,0.04296875,703.0,0.9153645833333334,0.0,0.057207200006814674,"internal_cascade_lite simplified multi-pass parity/bisection baseline; leakage_accounting=exact_internal_transcript; mapping=gray; block_size_schedule=[12, 6, 24, 13]; num_passes=3; permutation_mode=seeded_random; parity_disclosures_bits=386; bisection_disclosures_bits=189; verification_bits=128; other_disclosures_bits=0; candidate_flips=54; verified_flips=54; total_blocks_checked=193",e41b94e22127bc2a,False,verified_failure
real_typeii_20db_d8_bw50_blk0,8,50,4,4,cascade_lite,ok,internal_cascade_lite,"8,4,16,13",4,seeded_random,1,4,2,0,2,0.5,0.23828125,0.046875,777.0,1.01171875,0.0,0.09279620001325384,"internal_cascade_lite simplified multi-pass parity/bisection baseline; leakage_accounting=exact_internal_transcript; mapping=gray; block_size_schedule=[8, 4, 16, 13]; num_passes=4; permutation_mode=seeded_random; parity_disclosures_bits=446; bisection_disclosures_bits=203; verification_bits=128; other_disclosures_bits=0; candidate_flips=54; verified_flips=54; total_blocks_checked=223",06922f5b1549a72b,False,verified_failure
real_typeii_20db_d8_bw50_blk0,8,50,4,4,cascade_lite,ok,internal_cascade_lite,"12,6,24,13",3,seeded_random,1,4,1,0,3,0.25,0.23828125,0.0546875,667.0,0.8684895833333334,0.0,0.05895429998054169,"internal_cascade_lite simplified multi-pass parity/bisection baseline; leakage_accounting=exact_internal_transcript; mapping=gray; block_size_schedule=[12, 6, 24, 13]; num_passes=3; permutation_mode=seeded_random; parity_disclosures_bits=322; bisection_disclosures_bits=217; verification_bits=128; other_disclosures_bits=0; candidate_flips=52; verified_flips=52; total_blocks_checked=161",8423d62fa77f89d5,False,verified_failure
real_typeii_20db_d8_bw50_blk0,8,50,4,4,cascade_lite,ok,internal_cascade_lite,"8,4,16,13",2,seeded_random,0,4,3,0,1,0.75,0.23828125,0.0078125,796.0,1.0364583333333333,0.0,0.08738209999864921,"internal_cascade_lite simplified multi-pass parity/bisection baseline; leakage_accounting=exact_internal_transcript; mapping=gray; block_size_schedule=[8, 4, 16, 13]; num_passes=2; permutation_mode=seeded_random; parity_disclosures_bits=484; bisection_disclosures_bits=184; verification_bits=128; other_disclosures_bits=0; candidate_flips=64; verified_flips=64; total_blocks_checked=242",eb6b9d5df31d86f8,False,verified_failure
real_typeii_20db_d8_bw50_blk0,8,50,4,4,cascade_lite,ok,internal_cascade_lite,"16,32,64,128",4,seeded_random,1,4,1,0,3,0.25,0.23828125,0.09765625,503.0,0.6549479166666666,0.0,0.014691199990920722,"internal_cascade_lite simplified multi-pass parity/bisection baseline; leakage_accounting=exact_internal_transcript; mapping=gray; block_size_schedule=[16, 32, 64, 128]; num_passes=4; permutation_mode=seeded_random; parity_disclosures_bits=196; bisection_disclosures_bits=179; verification_bits=128; other_disclosures_bits=0; candidate_flips=38; verified_flips=38; total_blocks_checked=98",29020ebdb18ce89f,False,verified_failure
real_typeii_20db_d8_bw50_blk0,8,50,4,4,cascade_lite,ok,internal_cascade_lite,"8,4,16,13",4,seeded_random,0,4,3,0,1,0.75,0.23828125,0.03515625,895.0,1.1653645833333333,0.0,0.09424659999785945,"internal_cascade_lite simplified multi-pass parity/bisection baseline; leakage_accounting=exact_internal_transcript; mapping=gray; block_size_schedule=[8, 4, 16, 13]; num_passes=4; permutation_mode=seeded_random; parity_disclosures_bits=590; bisection_disclosures_bits=177; verification_bits=128; other_disclosures_bits=0; candidate_flips=56; verified_flips=56; total_blocks_checked=295",d8c9e97fcf2fa52f,False,verified_failure
real_typeii_20db_d8_bw180_blk0,8,180,4,4,cascade_lite,ok,internal_cascade_lite,"8,4,16,13",4,seeded_random,0,4,4,0,0,1.0,0.0859375,0.0,574.0,0.7473958333333334,0.0,0.2214285999943968,"internal_cascade_lite simplified multi-pass parity/bisection baseline; leakage_accounting=exact_internal_transcript; mapping=gray; block_size_schedule=[8, 4, 16, 13]; num_passes=4; permutation_mode=seeded_random; parity_disclosures_bits=336; bisection_disclosures_bits=110; verification_bits=128; other_disclosures_bits=0; candidate_flips=29; verified_flips=29; total_blocks_checked=168",d8c9e97fcf2fa52f,True,real_ir_success
real_typeii_20db_d8_bw50_blk0,8,50,4,4,cascade_lite,no_verified_success,internal_cascade_lite,"16,32,64,128",2,seeded_random,0,4,0,0,4,0.0,0.23828125,0.1015625,445.0,0.5794270833333334,0.0,0.04103939997730777,"internal_cascade_lite simplified multi-pass parity/bisection baseline; leakage_accounting=exact_internal_transcript; mapping=gray; block_size_schedule=[16, 32, 64, 128]; num_passes=2; permutation_mode=seeded_random; parity_disclosures_bits=152; bisection_disclosures_bits=165; verification_bits=128; other_disclosures_bits=0; candidate_flips=39; verified_flips=39; total_blocks_checked=76; status_reason=no_verified_success; success=0/4; raw_ser=0.23828125; post_ir_ser=0.1015625",dd7816676bf6e07b,False,verified_failure
real_typeii_20db_d8_bw180_blk0,8,180,4,4,cascade_lite,ok,internal_cascade_lite,"16,32,64,128",4,seeded_random,0,4,4,0,0,1.0,0.0859375,0.0,444.0,0.578125,0.0,0.15653659999952652,"internal_cascade_lite simplified multi-pass parity/bisection baseline; leakage_accounting=exact_internal_transcript; mapping=gray; block_size_schedule=[16, 32, 64, 128]; num_passes=4; permutation_mode=seeded_random; parity_disclosures_bits=188; bisection_disclosures_bits=128; verification_bits=128; other_disclosures_bits=0; candidate_flips=29; verified_flips=29; total_blocks_checked=94",3ddb0e813f8c9fa7,True,real_ir_success
real_typeii_20db_d8_bw50_blk0,8,50,4,4,cascade_lite,ok,internal_cascade_lite,"12,6,24,13",2,seeded_random,1,4,1,0,3,0.25,0.23828125,0.10546875,547.0,0.7122395833333334,0.0,0.08991979999700561,"internal_cascade_lite simplified multi-pass parity/bisection baseline; leakage_accounting=exact_internal_transcript; mapping=gray; block_size_schedule=[12, 6, 24, 13]; num_passes=2; permutation_mode=seeded_random; parity_disclosures_bits=272; bisection_disclosures_bits=147; verification_bits=128; other_disclosures_bits=0; candidate_flips=39; verified_flips=39; total_blocks_checked=136",624abde0af86ab7f,False,verified_failure
real_typeii_20db_d8_bw50_blk0,8,50,4,4,cascade_lite,ok,internal_cascade_lite,"16,32,64,128",4,seeded_random,0,4,2,0,2,0.5,0.23828125,0.05859375,558.0,0.7265625,0.0,0.030730500002391636,"internal_cascade_lite simplified multi-pass parity/bisection baseline; leakage_accounting=exact_internal_transcript; mapping=gray; block_size_schedule=[16, 32, 64, 128]; num_passes=4; permutation_mode=seeded_random; parity_disclosures_bits=198; bisection_disclosures_bits=232; verification_bits=128; other_disclosures_bits=0; candidate_flips=50; verified_flips=50; total_blocks_checked=99",3ddb0e813f8c9fa7,False,verified_failure
real_typeii_20db_d8_bw50_blk0,8,50,4,4,cascade_lite,ok,internal_cascade_lite,"12,6,24,13",4,seeded_random,1,4,2,0,2,0.5,0.23828125,0.046875,743.0,0.9674479166666666,0.0,0.06719490000978112,"internal_cascade_lite simplified multi-pass parity/bisection baseline; leakage_accounting=exact_internal_transcript; mapping=gray; block_size_schedule=[12, 6, 24, 13]; num_passes=4; permutation_mode=seeded_random; parity_disclosures_bits=390; bisection_disclosures_bits=225; verification_bits=128; other_disclosures_bits=0; candidate_flips=54; verified_flips=54; total_blocks_checked=195",9b5934726b7a6d94,False,verified_failure
real_typeii_20db_d8_bw50_blk0,8,50,4,4,cascade_lite,ok,internal_cascade_lite,"8,4,16,13",3,seeded_random,0,4,3,0,1,0.75,0.23828125,0.04296875,786.0,1.0234375,0.0,0.13718240000889637,"internal_cascade_lite simplified multi-pass parity/bisection baseline; leakage_accounting=exact_internal_transcript; mapping=gray; block_size_schedule=[8, 4, 16, 13]; num_passes=3; permutation_mode=seeded_random; parity_disclosures_bits=494; bisection_disclosures_bits=164; verification_bits=128; other_disclosures_bits=0; candidate_flips=54; verified_flips=54; total_blocks_checked=247",1cdb1b55b06d0718,False,verified_failure
real_typeii_20db_d8_bw50_blk0,8,50,4,4,cascade_lite,ok,internal_cascade_lite,"16,32,64,128",3,seeded_random,0,4,2,0,2,0.5,0.23828125,0.06640625,527.0,0.6861979166666666,0.0,0.048624199989717454,"internal_cascade_lite simplified multi-pass parity/bisection baseline; leakage_accounting=exact_internal_transcript; mapping=gray; block_size_schedule=[16, 32, 64, 128]; num_passes=3; permutation_mode=seeded_random; parity_disclosures_bits=180; bisection_disclosures_bits=219; verification_bits=128; other_disclosures_bits=0; candidate_flips=48; verified_flips=48; total_blocks_checked=90",7bb66119b31ce8cd,False,verified_failure
real_typeii_20db_d8_bw50_blk0,8,50,4,4,cascade_lite,ok,internal_cascade_lite,"12,6,24,13",4,seeded_random,0,4,3,0,1,0.75,0.23828125,0.03515625,656.0,0.8541666666666666,0.0,0.0685739999753423,"internal_cascade_lite simplified multi-pass parity/bisection baseline; leakage_accounting=exact_internal_transcript; mapping=gray; block_size_schedule=[12, 6, 24, 13]; num_passes=4; permutation_mode=seeded_random; parity_disclosures_bits=294; bisection_disclosures_bits=234; verification_bits=128; other_disclosures_bits=0; candidate_flips=56; verified_flips=56; total_blocks_checked=147",7ee822c7f60512c0,False,verified_failure
real_typeii_20db_d8_bw50_blk0,8,50,4,4,cascade_lite,ok,internal_cascade_lite,"16,32,64,128",3,seeded_random,1,4,1,0,3,0.25,0.23828125,0.09765625,487.0,0.6341145833333334,0.0,0.049787099997047335,"internal_cascade_lite simplified multi-pass parity/bisection baseline; leakage_accounting=exact_internal_transcript; mapping=gray; block_size_schedule=[16, 32, 64, 128]; num_passes=3; permutation_mode=seeded_random; parity_disclosures_bits=180; bisection_disclosures_bits=179; verification_bits=128; other_disclosures_bits=0; candidate_flips=38; verified_flips=38; total_blocks_checked=90",29af1beb670bdf02,False,verified_failure
