dataset_id,dimension,bin_width_ps,frame_cap,frames_used_actual,method,method_status,backend_status,parity_fraction,max_iter,osd_order,bp_method,mapping,llr_mode,bitplane_rate_mode,n_frames_attempted,n_frames_success,n_frames_failed_decode,n_frames_failed_verify,accepted_frame_fraction,raw_ser,post_ir_ser,leak_EC_actual_bits,leak_EC_per_input_bit,beta_eff_empirical,runtime_s,notes,param_hash,real_ir_success,success_classification
real_typeii_20db_d16_bw100_blk0,16,100,4,4,layered_ldpc_lite,decode_failed,ldpc.BpOsdDecoder,1.0,20,0,minimum_sum,gray,hard,per_bitplane_raw_ber,4,0,4,0,0.0,0.19921875,0.19921875,575.0,0.5615234375,0.0,0.6190631999925245,backend=ldpc.BpOsdDecoder; parity_fraction=1.0; column_weight=3; seed=20260428; osd_order=0; bp_method=minimum_sum; llr_mode=hard; bitplane_rate_mode=per_bitplane_raw_ber; unverified_policy=revert_to_bob_decode_failed; status_reason=decode_failed; success=0/4; raw_ser=0.19921875; post_ir_ser=0.19921875,0103c9bbee056421,False,decode_failed
real_typeii_20db_d16_bw100_blk0,16,100,4,4,layered_ldpc_lite,decode_failed,ldpc.BpOsdDecoder,1.0,50,0,minimum_sum,gray,bsc_estimated,per_bitplane_raw_ber,4,0,4,0,0.0,0.19921875,0.19921875,575.0,0.5615234375,0.0,0.6234095999971032,backend=ldpc.BpOsdDecoder; parity_fraction=1.0; column_weight=3; seed=20260428; osd_order=0; bp_method=minimum_sum; llr_mode=bsc_estimated; bitplane_rate_mode=per_bitplane_raw_ber; unverified_policy=revert_to_bob_decode_failed; status_reason=decode_failed; success=0/4; raw_ser=0.19921875; post_ir_ser=0.19921875,97a51272421631e9,False,decode_failed
real_typeii_20db_d16_bw100_blk0,16,100,4,4,layered_ldpc_lite,ok,ldpc.BpOsdDecoder,1.0,50,0,minimum_sum,gray,hard,uniform,4,4,0,0,1.0,0.19921875,0.0,1152.0,1.125,0.0,0.6267215000116266,backend=ldpc.BpOsdDecoder; parity_fraction=1.0; column_weight=3; seed=20260428; osd_order=0; bp_method=minimum_sum; llr_mode=hard; bitplane_rate_mode=uniform; unverified_policy=revert_to_bob_decode_failed,c0088d2836df2d57,True,real_ir_success
real_typeii_20db_d16_bw100_blk0,16,100,4,4,layered_ldpc_lite,decode_failed,ldpc.BpOsdDecoder,0.9,20,0,minimum_sum,gray,hard,per_bitplane_raw_ber,4,0,4,0,0.0,0.19921875,0.19921875,575.0,0.5615234375,0.0,0.6362554999941494,backend=ldpc.BpOsdDecoder; parity_fraction=0.9; column_weight=3; seed=20260428; osd_order=0; bp_method=minimum_sum; llr_mode=hard; bitplane_rate_mode=per_bitplane_raw_ber; unverified_policy=revert_to_bob_decode_failed; status_reason=decode_failed; success=0/4; raw_ser=0.19921875; post_ir_ser=0.19921875,4da6e917da3421be,False,decode_failed
real_typeii_20db_d16_bw100_blk0,16,100,4,4,layered_ldpc_lite,decode_failed,ldpc.BpOsdDecoder,1.0,20,0,minimum_sum,gray,bsc_estimated,per_bitplane_raw_ber,4,0,4,0,0.0,0.19921875,0.19921875,575.0,0.5615234375,0.0,0.6422586000117008,backend=ldpc.BpOsdDecoder; parity_fraction=1.0; column_weight=3; seed=20260428; osd_order=0; bp_method=minimum_sum; llr_mode=bsc_estimated; bitplane_rate_mode=per_bitplane_raw_ber; unverified_policy=revert_to_bob_decode_failed; status_reason=decode_failed; success=0/4; raw_ser=0.19921875; post_ir_ser=0.19921875,14a31b5b2a7161cd,False,decode_failed
real_typeii_20db_d16_bw100_blk0,16,100,4,4,layered_ldpc_lite,ok,ldpc.BpOsdDecoder,0.9,20,0,minimum_sum,gray,bsc_estimated,uniform,4,4,0,0,1.0,0.19921875,0.0,1056.0,1.03125,0.0,0.6427645000221673,backend=ldpc.BpOsdDecoder; parity_fraction=0.9; column_weight=3; seed=20260428; osd_order=0; bp_method=minimum_sum; llr_mode=bsc_estimated; bitplane_rate_mode=uniform; unverified_policy=revert_to_bob_decode_failed,e2a86cc7c108b51e,True,real_ir_success
real_typeii_20db_d16_bw100_blk0,16,100,4,4,layered_ldpc_lite,ok,ldpc.BpOsdDecoder,1.0,50,0,minimum_sum,gray,bsc_estimated,uniform,4,4,0,0,1.0,0.19921875,0.0,1152.0,1.125,0.0,0.6478209999913815,backend=ldpc.BpOsdDecoder; parity_fraction=1.0; column_weight=3; seed=20260428; osd_order=0; bp_method=minimum_sum; llr_mode=bsc_estimated; bitplane_rate_mode=uniform; unverified_policy=revert_to_bob_decode_failed,e70c48e72e0f514c,True,real_ir_success
real_typeii_20db_d16_bw100_blk0,16,100,4,4,layered_ldpc_lite,ok,ldpc.BpOsdDecoder,1.0,20,0,minimum_sum,gray,hard,uniform,4,4,0,0,1.0,0.19921875,0.0,1152.0,1.125,0.0,0.6535703999979887,backend=ldpc.BpOsdDecoder; parity_fraction=1.0; column_weight=3; seed=20260428; osd_order=0; bp_method=minimum_sum; llr_mode=hard; bitplane_rate_mode=uniform; unverified_policy=revert_to_bob_decode_failed,493597a2c137d2ff,True,real_ir_success
real_typeii_20db_d16_bw100_blk0,16,100,4,4,layered_ldpc_lite,ok,ldpc.BpOsdDecoder,0.9,20,0,minimum_sum,gray,hard,uniform,4,4,0,0,1.0,0.19921875,0.0,1056.0,1.03125,0.0,0.6587877999991179,backend=ldpc.BpOsdDecoder; parity_fraction=0.9; column_weight=3; seed=20260428; osd_order=0; bp_method=minimum_sum; llr_mode=hard; bitplane_rate_mode=uniform; unverified_policy=revert_to_bob_decode_failed,2b51707096848b82,True,real_ir_success
real_typeii_20db_d16_bw100_blk0,16,100,4,4,layered_ldpc_lite,ok,ldpc.BpOsdDecoder,1.0,20,0,minimum_sum,gray,bsc_estimated,uniform,4,4,0,0,1.0,0.19921875,0.0,1152.0,1.125,0.0,0.6744351999950595,backend=ldpc.BpOsdDecoder; parity_fraction=1.0; column_weight=3; seed=20260428; osd_order=0; bp_method=minimum_sum; llr_mode=bsc_estimated; bitplane_rate_mode=uniform; unverified_policy=revert_to_bob_decode_failed,f19ef69363e4d20b,True,real_ir_success
real_typeii_20db_d16_bw100_blk0,16,100,4,4,layered_ldpc_lite,ok,ldpc.BpOsdDecoder,0.9,50,0,minimum_sum,gray,hard,uniform,4,4,0,0,1.0,0.19921875,0.0,1056.0,1.03125,0.0,0.6740967000077944,backend=ldpc.BpOsdDecoder; parity_fraction=0.9; column_weight=3; seed=20260428; osd_order=0; bp_method=minimum_sum; llr_mode=hard; bitplane_rate_mode=uniform; unverified_policy=revert_to_bob_decode_failed,9670a15685aa444a,True,real_ir_success
real_typeii_20db_d16_bw100_blk0,16,100,4,4,layered_ldpc_lite,ok,ldpc.BpOsdDecoder,0.9,50,0,minimum_sum,gray,bsc_estimated,uniform,4,4,0,0,1.0,0.19921875,0.0,1056.0,1.03125,0.0,0.6830063999805134,backend=ldpc.BpOsdDecoder; parity_fraction=0.9; column_weight=3; seed=20260428; osd_order=0; bp_method=minimum_sum; llr_mode=bsc_estimated; bitplane_rate_mode=uniform; unverified_policy=revert_to_bob_decode_failed,e8db1e33326bc16a,True,real_ir_success
real_typeii_20db_d16_bw100_blk0,16,100,4,4,layered_ldpc_lite,decode_failed,ldpc.BpOsdDecoder,0.9,50,0,minimum_sum,gray,hard,per_bitplane_raw_ber,4,0,4,0,0.0,0.19921875,0.19921875,575.0,0.5615234375,0.0,0.6844487999915145,backend=ldpc.BpOsdDecoder; parity_fraction=0.9; column_weight=3; seed=20260428; osd_order=0; bp_method=minimum_sum; llr_mode=hard; bitplane_rate_mode=per_bitplane_raw_ber; unverified_policy=revert_to_bob_decode_failed; status_reason=decode_failed; success=0/4; raw_ser=0.19921875; post_ir_ser=0.19921875,a299c9feec31c721,False,decode_failed
real_typeii_20db_d16_bw100_blk0,16,100,4,4,layered_ldpc_lite,decode_failed,ldpc.BpOsdDecoder,1.0,50,0,minimum_sum,gray,hard,per_bitplane_raw_ber,4,0,4,0,0.0,0.19921875,0.19921875,575.0,0.5615234375,0.0,0.6918194000027142,backend=ldpc.BpOsdDecoder; parity_fraction=1.0; column_weight=3; seed=20260428; osd_order=0; bp_method=minimum_sum; llr_mode=hard; bitplane_rate_mode=per_bitplane_raw_ber; unverified_policy=revert_to_bob_decode_failed; status_reason=decode_failed; success=0/4; raw_ser=0.19921875; post_ir_ser=0.19921875,192fec5285ccad3d,False,decode_failed
real_typeii_20db_d16_bw100_blk0,16,100,4,4,layered_ldpc_lite,decode_failed,ldpc.BpOsdDecoder,0.9,50,0,minimum_sum,gray,bsc_estimated,per_bitplane_raw_ber,4,0,4,0,0.0,0.19921875,0.19921875,575.0,0.5615234375,0.0,0.6916516999772284,backend=ldpc.BpOsdDecoder; parity_fraction=0.9; column_weight=3; seed=20260428; osd_order=0; bp_method=minimum_sum; llr_mode=bsc_estimated; bitplane_rate_mode=per_bitplane_raw_ber; unverified_policy=revert_to_bob_decode_failed; status_reason=decode_failed; success=0/4; raw_ser=0.19921875; post_ir_ser=0.19921875,d89811eb3f0d04d6,False,decode_failed
real_typeii_20db_d16_bw100_blk0,16,100,4,4,layered_ldpc_lite,decode_failed,ldpc.BpOsdDecoder,0.9,20,0,minimum_sum,gray,bsc_estimated,per_bitplane_raw_ber,4,0,4,0,0.0,0.19921875,0.19921875,575.0,0.5615234375,0.0,0.6999076000065543,backend=ldpc.BpOsdDecoder; parity_fraction=0.9; column_weight=3; seed=20260428; osd_order=0; bp_method=minimum_sum; llr_mode=bsc_estimated; bitplane_rate_mode=per_bitplane_raw_ber; unverified_policy=revert_to_bob_decode_failed; status_reason=decode_failed; success=0/4; raw_ser=0.19921875; post_ir_ser=0.19921875,50c8302d2c7c4b52,False,decode_failed
real_typeii_20db_d16_bw100_blk0,16,100,4,4,layered_ldpc_lite,ok,ldpc.BpOsdDecoder,0.8,20,0,minimum_sum,gray,hard,uniform,4,3,1,0,0.75,0.19921875,0.0546875,960.0,0.9375,0.0,0.4025351000018418,backend=ldpc.BpOsdDecoder; parity_fraction=0.8; column_weight=3; seed=20260428; osd_order=0; bp_method=minimum_sum; llr_mode=hard; bitplane_rate_mode=uniform; unverified_policy=revert_to_bob_decode_failed,ab197caf6be0e885,False,decode_improved_but_unverified
real_typeii_20db_d16_bw100_blk0,16,100,4,4,layered_ldpc_lite,decode_failed,ldpc.BpOsdDecoder,0.8,50,0,minimum_sum,gray,bsc_estimated,per_bitplane_raw_ber,4,0,4,0,0.0,0.19921875,0.19921875,575.0,0.5615234375,0.0,0.3933701000059955,backend=ldpc.BpOsdDecoder; parity_fraction=0.8; column_weight=3; seed=20260428; osd_order=0; bp_method=minimum_sum; llr_mode=bsc_estimated; bitplane_rate_mode=per_bitplane_raw_ber; unverified_policy=revert_to_bob_decode_failed; status_reason=decode_failed; success=0/4; raw_ser=0.19921875; post_ir_ser=0.19921875,f15146d3c2351083,False,decode_failed
real_typeii_20db_d16_bw100_blk0,16,100,4,4,layered_ldpc_lite,ok,ldpc.BpOsdDecoder,0.8,20,0,minimum_sum,gray,bsc_estimated,uniform,4,4,0,0,1.0,0.19921875,0.0,960.0,0.9375,0.0,0.4234770000039134,backend=ldpc.BpOsdDecoder; parity_fraction=0.8; column_weight=3; seed=20260428; osd_order=0; bp_method=minimum_sum; llr_mode=bsc_estimated; bitplane_rate_mode=uniform; unverified_policy=revert_to_bob_decode_failed,4a7d25970fa1d610,True,real_ir_success
real_typeii_20db_d16_bw100_blk0,16,100,4,4,layered_ldpc_lite,decode_failed,ldpc.BpOsdDecoder,0.8,50,0,minimum_sum,gray,hard,per_bitplane_raw_ber,4,0,4,0,0.0,0.19921875,0.19921875,575.0,0.5615234375,0.0,0.40204429998993874,backend=ldpc.BpOsdDecoder; parity_fraction=0.8; column_weight=3; seed=20260428; osd_order=0; bp_method=minimum_sum; llr_mode=hard; bitplane_rate_mode=per_bitplane_raw_ber; unverified_policy=revert_to_bob_decode_failed; status_reason=decode_failed; success=0/4; raw_ser=0.19921875; post_ir_ser=0.19921875,a5049c9574e31a3f,False,decode_failed
real_typeii_20db_d16_bw100_blk0,16,100,4,4,layered_ldpc_lite,decode_failed,ldpc.BpOsdDecoder,0.8,20,0,minimum_sum,gray,bsc_estimated,per_bitplane_raw_ber,4,0,4,0,0.0,0.19921875,0.19921875,575.0,0.5615234375,0.0,0.4337597999838181,backend=ldpc.BpOsdDecoder; parity_fraction=0.8; column_weight=3; seed=20260428; osd_order=0; bp_method=minimum_sum; llr_mode=bsc_estimated; bitplane_rate_mode=per_bitplane_raw_ber; unverified_policy=revert_to_bob_decode_failed; status_reason=decode_failed; success=0/4; raw_ser=0.19921875; post_ir_ser=0.19921875,3a8da776864f8ca1,False,decode_failed
real_typeii_20db_d16_bw100_blk0,16,100,4,4,layered_ldpc_lite,ok,ldpc.BpOsdDecoder,0.8,50,0,minimum_sum,gray,bsc_estimated,uniform,4,2,2,0,0.5,0.19921875,0.09765625,960.0,0.9375,0.0,0.4211166999884881,backend=ldpc.BpOsdDecoder; parity_fraction=0.8; column_weight=3; seed=20260428; osd_order=0; bp_method=minimum_sum; llr_mode=bsc_estimated; bitplane_rate_mode=uniform; unverified_policy=revert_to_bob_decode_failed,221e5a91339f6e44,False,decode_improved_but_unverified
real_typeii_20db_d16_bw100_blk0,16,100,4,4,layered_ldpc_lite,decode_failed,ldpc.BpOsdDecoder,0.67,20,0,minimum_sum,gray,bsc_estimated,per_bitplane_raw_ber,4,0,4,0,0.0,0.19921875,0.19921875,575.0,0.5615234375,0.0,0.39379939998616464,backend=ldpc.BpOsdDecoder; parity_fraction=0.67; column_weight=3; seed=20260428; osd_order=0; bp_method=minimum_sum; llr_mode=bsc_estimated; bitplane_rate_mode=per_bitplane_raw_ber; unverified_policy=revert_to_bob_decode_failed; status_reason=decode_failed; success=0/4; raw_ser=0.19921875; post_ir_ser=0.19921875,c2b1f659b8477e05,False,decode_failed
real_typeii_20db_d16_bw100_blk0,16,100,4,4,layered_ldpc_lite,ok,ldpc.BpOsdDecoder,0.8,50,0,minimum_sum,gray,hard,uniform,4,2,2,0,0.5,0.19921875,0.09765625,960.0,0.9375,0.0,0.4241121000086423,backend=ldpc.BpOsdDecoder; parity_fraction=0.8; column_weight=3; seed=20260428; osd_order=0; bp_method=minimum_sum; llr_mode=hard; bitplane_rate_mode=uniform; unverified_policy=revert_to_bob_decode_failed,b07a3943cf9048dc,False,decode_improved_but_unverified
real_typeii_20db_d16_bw100_blk0,16,100,4,4,layered_ldpc_lite,decode_failed,ldpc.BpOsdDecoder,0.67,20,0,minimum_sum,gray,bsc_estimated,uniform,4,0,4,0,0.0,0.19921875,0.19921875,816.0,0.796875,0.0,0.41494869999587536,backend=ldpc.BpOsdDecoder; parity_fraction=0.67; column_weight=3; seed=20260428; osd_order=0; bp_method=minimum_sum; llr_mode=bsc_estimated; bitplane_rate_mode=uniform; unverified_policy=revert_to_bob_decode_failed; status_reason=decode_failed; success=0/4; raw_ser=0.19921875; post_ir_ser=0.19921875,6c4a3aa3591d6a87,False,decode_failed
real_typeii_20db_d16_bw100_blk0,16,100,4,4,layered_ldpc_lite,decode_failed,ldpc.BpOsdDecoder,0.8,20,0,minimum_sum,gray,hard,per_bitplane_raw_ber,4,0,4,0,0.0,0.19921875,0.19921875,575.0,0.5615234375,0.0,0.4432612000091467,backend=ldpc.BpOsdDecoder; parity_fraction=0.8; column_weight=3; seed=20260428; osd_order=0; bp_method=minimum_sum; llr_mode=hard; bitplane_rate_mode=per_bitplane_raw_ber; unverified_policy=revert_to_bob_decode_failed; status_reason=decode_failed; success=0/4; raw_ser=0.19921875; post_ir_ser=0.19921875,a2656db4b402218e,False,decode_failed
real_typeii_20db_d16_bw100_blk0,16,100,4,4,layered_ldpc_lite,ok,ldpc.BpOsdDecoder,0.67,50,0,minimum_sum,gray,bsc_estimated,uniform,4,1,3,0,0.25,0.19921875,0.14453125,816.0,0.796875,0.0,0.4022471999924164,backend=ldpc.BpOsdDecoder; parity_fraction=0.67; column_weight=3; seed=20260428; osd_order=0; bp_method=minimum_sum; llr_mode=bsc_estimated; bitplane_rate_mode=uniform; unverified_policy=revert_to_bob_decode_failed,f3f67ce02bdd88ce,False,decode_improved_but_unverified
real_typeii_20db_d16_bw100_blk0,16,100,4,4,layered_ldpc_lite,decode_failed,ldpc.BpOsdDecoder,0.67,20,0,minimum_sum,gray,hard,uniform,4,0,4,0,0.0,0.19921875,0.19921875,816.0,0.796875,0.0,0.42588749999413267,backend=ldpc.BpOsdDecoder; parity_fraction=0.67; column_weight=3; seed=20260428; osd_order=0; bp_method=minimum_sum; llr_mode=hard; bitplane_rate_mode=uniform; unverified_policy=revert_to_bob_decode_failed; status_reason=decode_failed; success=0/4; raw_ser=0.19921875; post_ir_ser=0.19921875,e9507461673c12c3,False,decode_failed
real_typeii_20db_d16_bw100_blk0,16,100,4,4,layered_ldpc_lite,decode_failed,ldpc.BpOsdDecoder,0.67,50,0,minimum_sum,gray,hard,per_bitplane_raw_ber,4,0,4,0,0.0,0.19921875,0.19921875,575.0,0.5615234375,0.0,0.41535659998771735,backend=ldpc.BpOsdDecoder; parity_fraction=0.67; column_weight=3; seed=20260428; osd_order=0; bp_method=minimum_sum; llr_mode=hard; bitplane_rate_mode=per_bitplane_raw_ber; unverified_policy=revert_to_bob_decode_failed; status_reason=decode_failed; success=0/4; raw_ser=0.19921875; post_ir_ser=0.19921875,478c39ba41adf51c,False,decode_failed
real_typeii_20db_d16_bw100_blk0,16,100,4,4,layered_ldpc_lite,decode_failed,ldpc.BpOsdDecoder,0.67,50,0,minimum_sum,gray,bsc_estimated,per_bitplane_raw_ber,4,0,4,0,0.0,0.19921875,0.19921875,575.0,0.5615234375,0.0,0.4284471000137273,backend=ldpc.BpOsdDecoder; parity_fraction=0.67; column_weight=3; seed=20260428; osd_order=0; bp_method=minimum_sum; llr_mode=bsc_estimated; bitplane_rate_mode=per_bitplane_raw_ber; unverified_policy=revert_to_bob_decode_failed; status_reason=decode_failed; success=0/4; raw_ser=0.19921875; post_ir_ser=0.19921875,d6e88ad9e9ec382f,False,decode_failed
real_typeii_20db_d16_bw100_blk0,16,100,4,4,layered_ldpc_lite,decode_failed,ldpc.BpOsdDecoder,0.67,20,0,minimum_sum,gray,hard,per_bitplane_raw_ber,4,0,4,0,0.0,0.19921875,0.19921875,575.0,0.5615234375,0.0,0.44066860000020824,backend=ldpc.BpOsdDecoder; parity_fraction=0.67; column_weight=3; seed=20260428; osd_order=0; bp_method=minimum_sum; llr_mode=hard; bitplane_rate_mode=per_bitplane_raw_ber; unverified_policy=revert_to_bob_decode_failed; status_reason=decode_failed; success=0/4; raw_ser=0.19921875; post_ir_ser=0.19921875,60cd5f62523c8823,False,decode_failed
real_typeii_20db_d16_bw100_blk0,16,100,4,4,layered_ldpc_lite,ok,ldpc.BpOsdDecoder,0.67,50,0,minimum_sum,gray,hard,uniform,4,2,2,0,0.5,0.19921875,0.109375,816.0,0.796875,0.0,0.4373057999764569,backend=ldpc.BpOsdDecoder; parity_fraction=0.67; column_weight=3; seed=20260428; osd_order=0; bp_method=minimum_sum; llr_mode=hard; bitplane_rate_mode=uniform; unverified_policy=revert_to_bob_decode_failed,ec874e3fd7633e78,False,decode_improved_but_unverified
real_typeii_20db_d16_bw100_blk0,16,100,4,4,layered_ldpc_lite,decode_failed,ldpc.BpOsdDecoder,0.5,20,0,minimum_sum,gray,bsc_estimated,per_bitplane_raw_ber,4,0,4,0,0.0,0.19921875,0.19921875,575.0,0.5615234375,0.0,0.4104786000098102,backend=ldpc.BpOsdDecoder; parity_fraction=0.5; column_weight=3; seed=20260428; osd_order=0; bp_method=minimum_sum; llr_mode=bsc_estimated; bitplane_rate_mode=per_bitplane_raw_ber; unverified_policy=revert_to_bob_decode_failed; status_reason=decode_failed; success=0/4; raw_ser=0.19921875; post_ir_ser=0.19921875,9fc5a75a57942d0d,False,decode_failed
real_typeii_20db_d16_bw100_blk0,16,100,4,4,layered_ldpc_lite,decode_failed,ldpc.BpOsdDecoder,0.5,20,0,minimum_sum,gray,bsc_estimated,uniform,4,0,4,0,0.0,0.19921875,0.19921875,640.0,0.625,0.0,0.4362876000232063,backend=ldpc.BpOsdDecoder; parity_fraction=0.5; column_weight=3; seed=20260428; osd_order=0; bp_method=minimum_sum; llr_mode=bsc_estimated; bitplane_rate_mode=uniform; unverified_policy=revert_to_bob_decode_failed; status_reason=decode_failed; success=0/4; raw_ser=0.19921875; post_ir_ser=0.19921875,bcf315a17a197dbd,False,decode_failed
real_typeii_20db_d16_bw100_blk0,16,100,4,4,layered_ldpc_lite,decode_failed,ldpc.BpOsdDecoder,0.5,20,0,minimum_sum,gray,hard,uniform,4,0,4,0,0.0,0.19921875,0.19921875,640.0,0.625,0.0,0.42936969999573193,backend=ldpc.BpOsdDecoder; parity_fraction=0.5; column_weight=3; seed=20260428; osd_order=0; bp_method=minimum_sum; llr_mode=hard; bitplane_rate_mode=uniform; unverified_policy=revert_to_bob_decode_failed; status_reason=decode_failed; success=0/4; raw_ser=0.19921875; post_ir_ser=0.19921875,58319925d8a577d6,False,decode_failed
real_typeii_20db_d16_bw100_blk0,16,100,4,4,layered_ldpc_lite,decode_failed,ldpc.BpOsdDecoder,0.5,50,0,minimum_sum,gray,hard,per_bitplane_raw_ber,4,0,4,0,0.0,0.19921875,0.19921875,575.0,0.5615234375,0.0,0.4133563000068534,backend=ldpc.BpOsdDecoder; parity_fraction=0.5; column_weight=3; seed=20260428; osd_order=0; bp_method=minimum_sum; llr_mode=hard; bitplane_rate_mode=per_bitplane_raw_ber; unverified_policy=revert_to_bob_decode_failed; status_reason=decode_failed; success=0/4; raw_ser=0.19921875; post_ir_ser=0.19921875,d6b9c1a46f4c63eb,False,decode_failed
real_typeii_20db_d16_bw100_blk0,16,100,4,4,layered_ldpc_lite,decode_failed,ldpc.BpOsdDecoder,0.5,20,0,minimum_sum,gray,hard,per_bitplane_raw_ber,4,0,4,0,0.0,0.19921875,0.19921875,575.0,0.5615234375,0.0,0.4340262000041548,backend=ldpc.BpOsdDecoder; parity_fraction=0.5; column_weight=3; seed=20260428; osd_order=0; bp_method=minimum_sum; llr_mode=hard; bitplane_rate_mode=per_bitplane_raw_ber; unverified_policy=revert_to_bob_decode_failed; status_reason=decode_failed; success=0/4; raw_ser=0.19921875; post_ir_ser=0.19921875,a318891939186cc5,False,decode_failed
real_typeii_20db_d16_bw100_blk0,16,100,4,4,layered_ldpc_lite,decode_failed,ldpc.BpOsdDecoder,0.5,50,0,minimum_sum,gray,bsc_estimated,per_bitplane_raw_ber,4,0,4,0,0.0,0.19921875,0.19921875,575.0,0.5615234375,0.0,0.43240119999973103,backend=ldpc.BpOsdDecoder; parity_fraction=0.5; column_weight=3; seed=20260428; osd_order=0; bp_method=minimum_sum; llr_mode=bsc_estimated; bitplane_rate_mode=per_bitplane_raw_ber; unverified_policy=revert_to_bob_decode_failed; status_reason=decode_failed; success=0/4; raw_ser=0.19921875; post_ir_ser=0.19921875,40d724aaf2f5c16d,False,decode_failed
real_typeii_20db_d16_bw100_blk0,16,100,4,4,layered_ldpc_lite,decode_failed,ldpc.BpOsdDecoder,0.5,50,0,minimum_sum,gray,bsc_estimated,uniform,4,0,4,0,0.0,0.19921875,0.19921875,640.0,0.625,0.0,0.4405171000107657,backend=ldpc.BpOsdDecoder; parity_fraction=0.5; column_weight=3; seed=20260428; osd_order=0; bp_method=minimum_sum; llr_mode=bsc_estimated; bitplane_rate_mode=uniform; unverified_policy=revert_to_bob_decode_failed; status_reason=decode_failed; success=0/4; raw_ser=0.19921875; post_ir_ser=0.19921875,1b68567774e87e2e,False,decode_failed
real_typeii_20db_d16_bw180_blk0,16,180,4,4,layered_ldpc_lite,ok,ldpc.BpOsdDecoder,1.0,20,0,minimum_sum,gray,bsc_estimated,uniform,4,4,0,0,1.0,0.1171875,0.0,1152.0,1.125,0.0,0.4405490000208374,backend=ldpc.BpOsdDecoder; parity_fraction=1.0; column_weight=3; seed=20260428; osd_order=0; bp_method=minimum_sum; llr_mode=bsc_estimated; bitplane_rate_mode=uniform; unverified_policy=revert_to_bob_decode_failed,f19ef69363e4d20b,True,real_ir_success
real_typeii_20db_d16_bw100_blk0,16,100,4,4,layered_ldpc_lite,decode_failed,ldpc.BpOsdDecoder,0.5,50,0,minimum_sum,gray,hard,uniform,4,0,4,0,0.0,0.19921875,0.19921875,640.0,0.625,0.0,0.45582329999888316,backend=ldpc.BpOsdDecoder; parity_fraction=0.5; column_weight=3; seed=20260428; osd_order=0; bp_method=minimum_sum; llr_mode=hard; bitplane_rate_mode=uniform; unverified_policy=revert_to_bob_decode_failed; status_reason=decode_failed; success=0/4; raw_ser=0.19921875; post_ir_ser=0.19921875,dc1d252b3b27a80e,False,decode_failed
real_typeii_20db_d16_bw180_blk0,16,180,4,4,layered_ldpc_lite,ok,ldpc.BpOsdDecoder,1.0,50,0,minimum_sum,gray,hard,uniform,4,4,0,0,1.0,0.1171875,0.0,1152.0,1.125,0.0,0.40411220001988113,backend=ldpc.BpOsdDecoder; parity_fraction=1.0; column_weight=3; seed=20260428; osd_order=0; bp_method=minimum_sum; llr_mode=hard; bitplane_rate_mode=uniform; unverified_policy=revert_to_bob_decode_failed,c0088d2836df2d57,True,real_ir_success
real_typeii_20db_d16_bw180_blk0,16,180,4,4,layered_ldpc_lite,ok,ldpc.BpOsdDecoder,1.0,20,0,minimum_sum,gray,hard,uniform,4,4,0,0,1.0,0.1171875,0.0,1152.0,1.125,0.0,0.45323529999586754,backend=ldpc.BpOsdDecoder; parity_fraction=1.0; column_weight=3; seed=20260428; osd_order=0; bp_method=minimum_sum; llr_mode=hard; bitplane_rate_mode=uniform; unverified_policy=revert_to_bob_decode_failed,493597a2c137d2ff,True,real_ir_success
real_typeii_20db_d16_bw180_blk0,16,180,4,4,layered_ldpc_lite,ok,ldpc.BpOsdDecoder,1.0,50,0,minimum_sum,gray,bsc_estimated,uniform,4,4,0,0,1.0,0.1171875,0.0,1152.0,1.125,0.0,0.44590619998052716,backend=ldpc.BpOsdDecoder; parity_fraction=1.0; column_weight=3; seed=20260428; osd_order=0; bp_method=minimum_sum; llr_mode=bsc_estimated; bitplane_rate_mode=uniform; unverified_policy=revert_to_bob_decode_failed,e70c48e72e0f514c,True,real_ir_success
real_typeii_20db_d16_bw180_blk0,16,180,4,4,layered_ldpc_lite,decode_failed,ldpc.BpOsdDecoder,1.0,50,0,minimum_sum,gray,hard,per_bitplane_raw_ber,4,0,4,0,0.0,0.1171875,0.1171875,506.0,0.494140625,0.0,0.4338055000116583,backend=ldpc.BpOsdDecoder; parity_fraction=1.0; column_weight=3; seed=20260428; osd_order=0; bp_method=minimum_sum; llr_mode=hard; bitplane_rate_mode=per_bitplane_raw_ber; unverified_policy=revert_to_bob_decode_failed; status_reason=decode_failed; success=0/4; raw_ser=0.1171875; post_ir_ser=0.1171875,192fec5285ccad3d,False,decode_failed
real_typeii_20db_d16_bw180_blk0,16,180,4,4,layered_ldpc_lite,decode_failed,ldpc.BpOsdDecoder,1.0,20,0,minimum_sum,gray,bsc_estimated,per_bitplane_raw_ber,4,0,4,0,0.0,0.1171875,0.1171875,506.0,0.494140625,0.0,0.48677580000367016,backend=ldpc.BpOsdDecoder; parity_fraction=1.0; column_weight=3; seed=20260428; osd_order=0; bp_method=minimum_sum; llr_mode=bsc_estimated; bitplane_rate_mode=per_bitplane_raw_ber; unverified_policy=revert_to_bob_decode_failed; status_reason=decode_failed; success=0/4; raw_ser=0.1171875; post_ir_ser=0.1171875,14a31b5b2a7161cd,False,decode_failed
real_typeii_20db_d16_bw180_blk0,16,180,4,4,layered_ldpc_lite,decode_failed,ldpc.BpOsdDecoder,1.0,20,0,minimum_sum,gray,hard,per_bitplane_raw_ber,4,0,4,0,0.0,0.1171875,0.1171875,506.0,0.494140625,0.0,0.470624300010968,backend=ldpc.BpOsdDecoder; parity_fraction=1.0; column_weight=3; seed=20260428; osd_order=0; bp_method=minimum_sum; llr_mode=hard; bitplane_rate_mode=per_bitplane_raw_ber; unverified_policy=revert_to_bob_decode_failed; status_reason=decode_failed; success=0/4; raw_ser=0.1171875; post_ir_ser=0.1171875,0103c9bbee056421,False,decode_failed
real_typeii_20db_d16_bw180_blk0,16,180,4,4,layered_ldpc_lite,decode_failed,ldpc.BpOsdDecoder,1.0,50,0,minimum_sum,gray,bsc_estimated,per_bitplane_raw_ber,4,0,4,0,0.0,0.1171875,0.1171875,506.0,0.494140625,0.0,0.46016380001674406,backend=ldpc.BpOsdDecoder; parity_fraction=1.0; column_weight=3; seed=20260428; osd_order=0; bp_method=minimum_sum; llr_mode=bsc_estimated; bitplane_rate_mode=per_bitplane_raw_ber; unverified_policy=revert_to_bob_decode_failed; status_reason=decode_failed; success=0/4; raw_ser=0.1171875; post_ir_ser=0.1171875,97a51272421631e9,False,decode_failed
real_typeii_20db_d16_bw180_blk0,16,180,4,4,layered_ldpc_lite,decode_failed,ldpc.BpOsdDecoder,0.9,20,0,minimum_sum,gray,hard,per_bitplane_raw_ber,4,0,4,0,0.0,0.1171875,0.1171875,506.0,0.494140625,0.0,0.4020289999898523,backend=ldpc.BpOsdDecoder; parity_fraction=0.9; column_weight=3; seed=20260428; osd_order=0; bp_method=minimum_sum; llr_mode=hard; bitplane_rate_mode=per_bitplane_raw_ber; unverified_policy=revert_to_bob_decode_failed; status_reason=decode_failed; success=0/4; raw_ser=0.1171875; post_ir_ser=0.1171875,4da6e917da3421be,False,decode_failed
real_typeii_20db_d16_bw180_blk0,16,180,4,4,layered_ldpc_lite,ok,ldpc.BpOsdDecoder,0.9,20,0,minimum_sum,gray,hard,uniform,4,4,0,0,1.0,0.1171875,0.0,1056.0,1.03125,0.0,0.4308698000095319,backend=ldpc.BpOsdDecoder; parity_fraction=0.9; column_weight=3; seed=20260428; osd_order=0; bp_method=minimum_sum; llr_mode=hard; bitplane_rate_mode=uniform; unverified_policy=revert_to_bob_decode_failed,2b51707096848b82,True,real_ir_success
real_typeii_20db_d16_bw180_blk0,16,180,4,4,layered_ldpc_lite,decode_failed,ldpc.BpOsdDecoder,0.9,50,0,minimum_sum,gray,bsc_estimated,per_bitplane_raw_ber,4,0,4,0,0.0,0.1171875,0.1171875,506.0,0.494140625,0.0,0.41358089999994263,backend=ldpc.BpOsdDecoder; parity_fraction=0.9; column_weight=3; seed=20260428; osd_order=0; bp_method=minimum_sum; llr_mode=bsc_estimated; bitplane_rate_mode=per_bitplane_raw_ber; unverified_policy=revert_to_bob_decode_failed; status_reason=decode_failed; success=0/4; raw_ser=0.1171875; post_ir_ser=0.1171875,d89811eb3f0d04d6,False,decode_failed
real_typeii_20db_d16_bw180_blk0,16,180,4,4,layered_ldpc_lite,decode_failed,ldpc.BpOsdDecoder,0.9,20,0,minimum_sum,gray,bsc_estimated,per_bitplane_raw_ber,4,0,4,0,0.0,0.1171875,0.1171875,506.0,0.494140625,0.0,0.44846259997575544,backend=ldpc.BpOsdDecoder; parity_fraction=0.9; column_weight=3; seed=20260428; osd_order=0; bp_method=minimum_sum; llr_mode=bsc_estimated; bitplane_rate_mode=per_bitplane_raw_ber; unverified_policy=revert_to_bob_decode_failed; status_reason=decode_failed; success=0/4; raw_ser=0.1171875; post_ir_ser=0.1171875,50c8302d2c7c4b52,False,decode_failed
real_typeii_20db_d16_bw180_blk0,16,180,4,4,layered_ldpc_lite,ok,ldpc.BpOsdDecoder,0.9,50,0,minimum_sum,gray,hard,uniform,4,4,0,0,1.0,0.1171875,0.0,1056.0,1.03125,0.0,0.4297150999773294,backend=ldpc.BpOsdDecoder; parity_fraction=0.9; column_weight=3; seed=20260428; osd_order=0; bp_method=minimum_sum; llr_mode=hard; bitplane_rate_mode=uniform; unverified_policy=revert_to_bob_decode_failed,9670a15685aa444a,True,real_ir_success
real_typeii_20db_d16_bw180_blk0,16,180,4,4,layered_ldpc_lite,ok,ldpc.BpOsdDecoder,0.9,20,0,minimum_sum,gray,bsc_estimated,uniform,4,4,0,0,1.0,0.1171875,0.0,1056.0,1.03125,0.0,0.48751140001695603,backend=ldpc.BpOsdDecoder; parity_fraction=0.9; column_weight=3; seed=20260428; osd_order=0; bp_method=minimum_sum; llr_mode=bsc_estimated; bitplane_rate_mode=uniform; unverified_policy=revert_to_bob_decode_failed,e2a86cc7c108b51e,True,real_ir_success
real_typeii_20db_d16_bw180_blk0,16,180,4,4,layered_ldpc_lite,ok,ldpc.BpOsdDecoder,0.9,50,0,minimum_sum,gray,bsc_estimated,uniform,4,4,0,0,1.0,0.1171875,0.0,1056.0,1.03125,0.0,0.45885689998976886,backend=ldpc.BpOsdDecoder; parity_fraction=0.9; column_weight=3; seed=20260428; osd_order=0; bp_method=minimum_sum; llr_mode=bsc_estimated; bitplane_rate_mode=uniform; unverified_policy=revert_to_bob_decode_failed,e8db1e33326bc16a,True,real_ir_success
real_typeii_20db_d16_bw180_blk0,16,180,4,4,layered_ldpc_lite,decode_failed,ldpc.BpOsdDecoder,0.9,50,0,minimum_sum,gray,hard,per_bitplane_raw_ber,4,0,4,0,0.0,0.1171875,0.1171875,506.0,0.494140625,0.0,0.43430500000249594,backend=ldpc.BpOsdDecoder; parity_fraction=0.9; column_weight=3; seed=20260428; osd_order=0; bp_method=minimum_sum; llr_mode=hard; bitplane_rate_mode=per_bitplane_raw_ber; unverified_policy=revert_to_bob_decode_failed; status_reason=decode_failed; success=0/4; raw_ser=0.1171875; post_ir_ser=0.1171875,a299c9feec31c721,False,decode_failed
real_typeii_20db_d16_bw180_blk0,16,180,4,4,layered_ldpc_lite,decode_failed,ldpc.BpOsdDecoder,0.8,20,0,minimum_sum,gray,bsc_estimated,per_bitplane_raw_ber,4,0,4,0,0.0,0.1171875,0.1171875,506.0,0.494140625,0.0,0.42770080000627786,backend=ldpc.BpOsdDecoder; parity_fraction=0.8; column_weight=3; seed=20260428; osd_order=0; bp_method=minimum_sum; llr_mode=bsc_estimated; bitplane_rate_mode=per_bitplane_raw_ber; unverified_policy=revert_to_bob_decode_failed; status_reason=decode_failed; success=0/4; raw_ser=0.1171875; post_ir_ser=0.1171875,3a8da776864f8ca1,False,decode_failed
real_typeii_20db_d16_bw180_blk0,16,180,4,4,layered_ldpc_lite,decode_failed,ldpc.BpOsdDecoder,0.8,50,0,minimum_sum,gray,bsc_estimated,per_bitplane_raw_ber,4,0,4,0,0.0,0.1171875,0.1171875,506.0,0.494140625,0.0,0.4165182000142522,backend=ldpc.BpOsdDecoder; parity_fraction=0.8; column_weight=3; seed=20260428; osd_order=0; bp_method=minimum_sum; llr_mode=bsc_estimated; bitplane_rate_mode=per_bitplane_raw_ber; unverified_policy=revert_to_bob_decode_failed; status_reason=decode_failed; success=0/4; raw_ser=0.1171875; post_ir_ser=0.1171875,f15146d3c2351083,False,decode_failed
real_typeii_20db_d16_bw180_blk0,16,180,4,4,layered_ldpc_lite,decode_failed,ldpc.BpOsdDecoder,0.8,20,0,minimum_sum,gray,hard,per_bitplane_raw_ber,4,0,4,0,0.0,0.1171875,0.1171875,506.0,0.494140625,0.0,0.43390860001090914,backend=ldpc.BpOsdDecoder; parity_fraction=0.8; column_weight=3; seed=20260428; osd_order=0; bp_method=minimum_sum; llr_mode=hard; bitplane_rate_mode=per_bitplane_raw_ber; unverified_policy=revert_to_bob_decode_failed; status_reason=decode_failed; success=0/4; raw_ser=0.1171875; post_ir_ser=0.1171875,a2656db4b402218e,False,decode_failed
real_typeii_20db_d16_bw180_blk0,16,180,4,4,layered_ldpc_lite,ok,ldpc.BpOsdDecoder,0.8,20,0,minimum_sum,gray,bsc_estimated,uniform,4,3,1,0,0.75,0.1171875,0.0390625,960.0,0.9375,0.0,0.48037760000443086,backend=ldpc.BpOsdDecoder; parity_fraction=0.8; column_weight=3; seed=20260428; osd_order=0; bp_method=minimum_sum; llr_mode=bsc_estimated; bitplane_rate_mode=uniform; unverified_policy=revert_to_bob_decode_failed,4a7d25970fa1d610,False,decode_improved_but_unverified
real_typeii_20db_d16_bw180_blk0,16,180,4,4,layered_ldpc_lite,ok,ldpc.BpOsdDecoder,0.8,50,0,minimum_sum,gray,bsc_estimated,uniform,4,4,0,0,1.0,0.1171875,0.0,960.0,0.9375,0.0,0.4432861999957822,backend=ldpc.BpOsdDecoder; parity_fraction=0.8; column_weight=3; seed=20260428; osd_order=0; bp_method=minimum_sum; llr_mode=bsc_estimated; bitplane_rate_mode=uniform; unverified_policy=revert_to_bob_decode_failed,221e5a91339f6e44,True,real_ir_success
real_typeii_20db_d16_bw180_blk0,16,180,4,4,layered_ldpc_lite,ok,ldpc.BpOsdDecoder,0.8,20,0,minimum_sum,gray,hard,uniform,4,4,0,0,1.0,0.1171875,0.0,960.0,0.9375,0.0,0.4802503999962937,backend=ldpc.BpOsdDecoder; parity_fraction=0.8; column_weight=3; seed=20260428; osd_order=0; bp_method=minimum_sum; llr_mode=hard; bitplane_rate_mode=uniform; unverified_policy=revert_to_bob_decode_failed,ab197caf6be0e885,True,real_ir_success
real_typeii_20db_d16_bw180_blk0,16,180,4,4,layered_ldpc_lite,decode_failed,ldpc.BpOsdDecoder,0.8,50,0,minimum_sum,gray,hard,per_bitplane_raw_ber,4,0,4,0,0.0,0.1171875,0.1171875,506.0,0.494140625,0.0,0.462610799993854,backend=ldpc.BpOsdDecoder; parity_fraction=0.8; column_weight=3; seed=20260428; osd_order=0; bp_method=minimum_sum; llr_mode=hard; bitplane_rate_mode=per_bitplane_raw_ber; unverified_policy=revert_to_bob_decode_failed; status_reason=decode_failed; success=0/4; raw_ser=0.1171875; post_ir_ser=0.1171875,a5049c9574e31a3f,False,decode_failed
real_typeii_20db_d16_bw180_blk0,16,180,4,4,layered_ldpc_lite,ok,ldpc.BpOsdDecoder,0.8,50,0,minimum_sum,gray,hard,uniform,4,4,0,0,1.0,0.1171875,0.0,960.0,0.9375,0.0,0.48006770000210963,backend=ldpc.BpOsdDecoder; parity_fraction=0.8; column_weight=3; seed=20260428; osd_order=0; bp_method=minimum_sum; llr_mode=hard; bitplane_rate_mode=uniform; unverified_policy=revert_to_bob_decode_failed,b07a3943cf9048dc,True,real_ir_success
real_typeii_20db_d16_bw180_blk0,16,180,4,4,layered_ldpc_lite,ok,ldpc.BpOsdDecoder,0.67,20,0,minimum_sum,gray,bsc_estimated,uniform,4,1,3,0,0.25,0.1171875,0.109375,816.0,0.796875,0.0,0.42746180001995526,backend=ldpc.BpOsdDecoder; parity_fraction=0.67; column_weight=3; seed=20260428; osd_order=0; bp_method=minimum_sum; llr_mode=bsc_estimated; bitplane_rate_mode=uniform; unverified_policy=revert_to_bob_decode_failed,6c4a3aa3591d6a87,False,decode_improved_but_unverified
real_typeii_20db_d16_bw180_blk0,16,180,4,4,layered_ldpc_lite,decode_failed,ldpc.BpOsdDecoder,0.67,20,0,minimum_sum,gray,bsc_estimated,per_bitplane_raw_ber,4,0,4,0,0.0,0.1171875,0.1171875,506.0,0.494140625,0.0,0.41939240001374856,backend=ldpc.BpOsdDecoder; parity_fraction=0.67; column_weight=3; seed=20260428; osd_order=0; bp_method=minimum_sum; llr_mode=bsc_estimated; bitplane_rate_mode=per_bitplane_raw_ber; unverified_policy=revert_to_bob_decode_failed; status_reason=decode_failed; success=0/4; raw_ser=0.1171875; post_ir_ser=0.1171875,c2b1f659b8477e05,False,decode_failed
real_typeii_20db_d16_bw180_blk0,16,180,4,4,layered_ldpc_lite,ok,ldpc.BpOsdDecoder,0.67,20,0,minimum_sum,gray,hard,uniform,4,1,3,0,0.25,0.1171875,0.109375,816.0,0.796875,0.0,0.4308283999853302,backend=ldpc.BpOsdDecoder; parity_fraction=0.67; column_weight=3; seed=20260428; osd_order=0; bp_method=minimum_sum; llr_mode=hard; bitplane_rate_mode=uniform; unverified_policy=revert_to_bob_decode_failed,e9507461673c12c3,False,decode_improved_but_unverified
real_typeii_20db_d16_bw180_blk0,16,180,4,4,layered_ldpc_lite,ok,ldpc.BpOsdDecoder,0.67,50,0,minimum_sum,gray,bsc_estimated,uniform,4,1,3,0,0.25,0.1171875,0.109375,816.0,0.796875,0.0,0.4322806999844033,backend=ldpc.BpOsdDecoder; parity_fraction=0.67; column_weight=3; seed=20260428; osd_order=0; bp_method=minimum_sum; llr_mode=bsc_estimated; bitplane_rate_mode=uniform; unverified_policy=revert_to_bob_decode_failed,f3f67ce02bdd88ce,False,decode_improved_but_unverified
real_typeii_20db_d16_bw180_blk0,16,180,4,4,layered_ldpc_lite,decode_failed,ldpc.BpOsdDecoder,0.67,20,0,minimum_sum,gray,hard,per_bitplane_raw_ber,4,0,4,0,0.0,0.1171875,0.1171875,506.0,0.494140625,0.0,0.45109789998969063,backend=ldpc.BpOsdDecoder; parity_fraction=0.67; column_weight=3; seed=20260428; osd_order=0; bp_method=minimum_sum; llr_mode=hard; bitplane_rate_mode=per_bitplane_raw_ber; unverified_policy=revert_to_bob_decode_failed; status_reason=decode_failed; success=0/4; raw_ser=0.1171875; post_ir_ser=0.1171875,60cd5f62523c8823,False,decode_failed
real_typeii_20db_d16_bw180_blk0,16,180,4,4,layered_ldpc_lite,decode_failed,ldpc.BpOsdDecoder,0.67,50,0,minimum_sum,gray,bsc_estimated,per_bitplane_raw_ber,4,0,4,0,0.0,0.1171875,0.1171875,506.0,0.494140625,0.0,0.4437205999856815,backend=ldpc.BpOsdDecoder; parity_fraction=0.67; column_weight=3; seed=20260428; osd_order=0; bp_method=minimum_sum; llr_mode=bsc_estimated; bitplane_rate_mode=per_bitplane_raw_ber; unverified_policy=revert_to_bob_decode_failed; status_reason=decode_failed; success=0/4; raw_ser=0.1171875; post_ir_ser=0.1171875,d6e88ad9e9ec382f,False,decode_failed
real_typeii_20db_d16_bw180_blk0,16,180,4,4,layered_ldpc_lite,decode_failed,ldpc.BpOsdDecoder,0.5,20,0,minimum_sum,gray,bsc_estimated,per_bitplane_raw_ber,4,0,4,0,0.0,0.1171875,0.1171875,506.0,0.494140625,0.0,0.3980174000025727,backend=ldpc.BpOsdDecoder; parity_fraction=0.5; column_weight=3; seed=20260428; osd_order=0; bp_method=minimum_sum; llr_mode=bsc_estimated; bitplane_rate_mode=per_bitplane_raw_ber; unverified_policy=revert_to_bob_decode_failed; status_reason=decode_failed; success=0/4; raw_ser=0.1171875; post_ir_ser=0.1171875,9fc5a75a57942d0d,False,decode_failed
real_typeii_20db_d16_bw180_blk0,16,180,4,4,layered_ldpc_lite,decode_failed,ldpc.BpOsdDecoder,0.67,50,0,minimum_sum,gray,hard,per_bitplane_raw_ber,4,0,4,0,0.0,0.1171875,0.1171875,506.0,0.494140625,0.0,0.4413963000115473,backend=ldpc.BpOsdDecoder; parity_fraction=0.67; column_weight=3; seed=20260428; osd_order=0; bp_method=minimum_sum; llr_mode=hard; bitplane_rate_mode=per_bitplane_raw_ber; unverified_policy=revert_to_bob_decode_failed; status_reason=decode_failed; success=0/4; raw_ser=0.1171875; post_ir_ser=0.1171875,478c39ba41adf51c,False,decode_failed
real_typeii_20db_d16_bw180_blk0,16,180,4,4,layered_ldpc_lite,ok,ldpc.BpOsdDecoder,0.5,20,0,minimum_sum,gray,bsc_estimated,uniform,4,1,3,0,0.25,0.1171875,0.109375,640.0,0.625,0.0,0.43612220001523383,backend=ldpc.BpOsdDecoder; parity_fraction=0.5; column_weight=3; seed=20260428; osd_order=0; bp_method=minimum_sum; llr_mode=bsc_estimated; bitplane_rate_mode=uniform; unverified_policy=revert_to_bob_decode_failed,bcf315a17a197dbd,False,decode_improved_but_unverified
real_typeii_20db_d16_bw180_blk0,16,180,4,4,layered_ldpc_lite,ok,ldpc.BpOsdDecoder,0.67,50,0,minimum_sum,gray,hard,uniform,4,1,3,0,0.25,0.1171875,0.109375,816.0,0.796875,0.0,0.4604467999888584,backend=ldpc.BpOsdDecoder; parity_fraction=0.67; column_weight=3; seed=20260428; osd_order=0; bp_method=minimum_sum; llr_mode=hard; bitplane_rate_mode=uniform; unverified_policy=revert_to_bob_decode_failed,ec874e3fd7633e78,False,decode_improved_but_unverified
real_typeii_20db_d16_bw180_blk0,16,180,4,4,layered_ldpc_lite,ok,ldpc.BpOsdDecoder,0.5,50,0,minimum_sum,gray,bsc_estimated,uniform,4,1,3,0,0.25,0.1171875,0.109375,640.0,0.625,0.0,0.39865560000180267,backend=ldpc.BpOsdDecoder; parity_fraction=0.5; column_weight=3; seed=20260428; osd_order=0; bp_method=minimum_sum; llr_mode=bsc_estimated; bitplane_rate_mode=uniform; unverified_policy=revert_to_bob_decode_failed,1b68567774e87e2e,False,decode_improved_but_unverified
real_typeii_20db_d16_bw180_blk0,16,180,4,4,layered_ldpc_lite,decode_failed,ldpc.BpOsdDecoder,0.5,50,0,minimum_sum,gray,bsc_estimated,per_bitplane_raw_ber,4,0,4,0,0.0,0.1171875,0.1171875,506.0,0.494140625,0.0,0.3912836000090465,backend=ldpc.BpOsdDecoder; parity_fraction=0.5; column_weight=3; seed=20260428; osd_order=0; bp_method=minimum_sum; llr_mode=bsc_estimated; bitplane_rate_mode=per_bitplane_raw_ber; unverified_policy=revert_to_bob_decode_failed; status_reason=decode_failed; success=0/4; raw_ser=0.1171875; post_ir_ser=0.1171875,40d724aaf2f5c16d,False,decode_failed
real_typeii_20db_d16_bw180_blk0,16,180,4,4,layered_ldpc_lite,decode_failed,ldpc.BpOsdDecoder,0.5,20,0,minimum_sum,gray,hard,per_bitplane_raw_ber,4,0,4,0,0.0,0.1171875,0.1171875,506.0,0.494140625,0.0,0.4190136000106577,backend=ldpc.BpOsdDecoder; parity_fraction=0.5; column_weight=3; seed=20260428; osd_order=0; bp_method=minimum_sum; llr_mode=hard; bitplane_rate_mode=per_bitplane_raw_ber; unverified_policy=revert_to_bob_decode_failed; status_reason=decode_failed; success=0/4; raw_ser=0.1171875; post_ir_ser=0.1171875,a318891939186cc5,False,decode_failed
real_typeii_20db_d16_bw180_blk0,16,180,4,4,layered_ldpc_lite,ok,ldpc.BpOsdDecoder,0.5,20,0,minimum_sum,gray,hard,uniform,4,1,3,0,0.25,0.1171875,0.109375,640.0,0.625,0.0,0.4335535999853164,backend=ldpc.BpOsdDecoder; parity_fraction=0.5; column_weight=3; seed=20260428; osd_order=0; bp_method=minimum_sum; llr_mode=hard; bitplane_rate_mode=uniform; unverified_policy=revert_to_bob_decode_failed,58319925d8a577d6,False,decode_improved_but_unverified
real_typeii_20db_d16_bw180_blk0,16,180,4,4,layered_ldpc_lite,decode_failed,ldpc.BpOsdDecoder,0.5,50,0,minimum_sum,gray,hard,per_bitplane_raw_ber,4,0,4,0,0.0,0.1171875,0.1171875,506.0,0.494140625,0.0,0.4344344999990426,backend=ldpc.BpOsdDecoder; parity_fraction=0.5; column_weight=3; seed=20260428; osd_order=0; bp_method=minimum_sum; llr_mode=hard; bitplane_rate_mode=per_bitplane_raw_ber; unverified_policy=revert_to_bob_decode_failed; status_reason=decode_failed; success=0/4; raw_ser=0.1171875; post_ir_ser=0.1171875,d6b9c1a46f4c63eb,False,decode_failed
real_typeii_20db_d16_bw180_blk0,16,180,4,4,layered_ldpc_lite,ok,ldpc.BpOsdDecoder,0.5,50,0,minimum_sum,gray,hard,uniform,4,1,3,0,0.25,0.1171875,0.109375,640.0,0.625,0.0,0.45227019998128526,backend=ldpc.BpOsdDecoder; parity_fraction=0.5; column_weight=3; seed=20260428; osd_order=0; bp_method=minimum_sum; llr_mode=hard; bitplane_rate_mode=uniform; unverified_policy=revert_to_bob_decode_failed,dc1d252b3b27a80e,False,decode_improved_but_unverified
real_typeii_20db_d16_bw60_blk0,16,60,4,4,layered_ldpc_lite,ok,ldpc.BpOsdDecoder,1.0,20,0,minimum_sum,gray,hard,uniform,4,4,0,0,1.0,0.23828125,0.0,1152.0,1.125,0.0,0.39896730001783,backend=ldpc.BpOsdDecoder; parity_fraction=1.0; column_weight=3; seed=20260428; osd_order=0; bp_method=minimum_sum; llr_mode=hard; bitplane_rate_mode=uniform; unverified_policy=revert_to_bob_decode_failed,493597a2c137d2ff,True,real_ir_success
real_typeii_20db_d16_bw60_blk0,16,60,4,4,layered_ldpc_lite,ok,ldpc.BpOsdDecoder,1.0,20,0,minimum_sum,gray,bsc_estimated,uniform,4,4,0,0,1.0,0.23828125,0.0,1152.0,1.125,0.0,0.4399769000010565,backend=ldpc.BpOsdDecoder; parity_fraction=1.0; column_weight=3; seed=20260428; osd_order=0; bp_method=minimum_sum; llr_mode=bsc_estimated; bitplane_rate_mode=uniform; unverified_policy=revert_to_bob_decode_failed,f19ef69363e4d20b,True,real_ir_success
real_typeii_20db_d16_bw60_blk0,16,60,4,4,layered_ldpc_lite,decode_failed,ldpc.BpOsdDecoder,1.0,20,0,minimum_sum,gray,hard,per_bitplane_raw_ber,4,0,4,0,0.0,0.23828125,0.23828125,587.0,0.5732421875,0.0,0.4069776000105776,backend=ldpc.BpOsdDecoder; parity_fraction=1.0; column_weight=3; seed=20260428; osd_order=0; bp_method=minimum_sum; llr_mode=hard; bitplane_rate_mode=per_bitplane_raw_ber; unverified_policy=revert_to_bob_decode_failed; status_reason=decode_failed; success=0/4; raw_ser=0.23828125; post_ir_ser=0.23828125,0103c9bbee056421,False,decode_failed
real_typeii_20db_d16_bw60_blk0,16,60,4,4,layered_ldpc_lite,ok,ldpc.BpOsdDecoder,1.0,50,0,minimum_sum,gray,hard,uniform,4,4,0,0,1.0,0.23828125,0.0,1152.0,1.125,0.0,0.3888870000082534,backend=ldpc.BpOsdDecoder; parity_fraction=1.0; column_weight=3; seed=20260428; osd_order=0; bp_method=minimum_sum; llr_mode=hard; bitplane_rate_mode=uniform; unverified_policy=revert_to_bob_decode_failed,c0088d2836df2d57,True,real_ir_success
real_typeii_20db_d16_bw60_blk0,16,60,4,4,layered_ldpc_lite,decode_failed,ldpc.BpOsdDecoder,1.0,20,0,minimum_sum,gray,bsc_estimated,per_bitplane_raw_ber,4,0,4,0,0.0,0.23828125,0.23828125,587.0,0.5732421875,0.0,0.4554461999796331,backend=ldpc.BpOsdDecoder; parity_fraction=1.0; column_weight=3; seed=20260428; osd_order=0; bp_method=minimum_sum; llr_mode=bsc_estimated; bitplane_rate_mode=per_bitplane_raw_ber; unverified_policy=revert_to_bob_decode_failed; status_reason=decode_failed; success=0/4; raw_ser=0.23828125; post_ir_ser=0.23828125,14a31b5b2a7161cd,False,decode_failed
real_typeii_20db_d16_bw60_blk0,16,60,4,4,layered_ldpc_lite,ok,ldpc.BpOsdDecoder,1.0,50,0,minimum_sum,gray,bsc_estimated,uniform,4,4,0,0,1.0,0.23828125,0.0,1152.0,1.125,0.0,0.42101640001055785,backend=ldpc.BpOsdDecoder; parity_fraction=1.0; column_weight=3; seed=20260428; osd_order=0; bp_method=minimum_sum; llr_mode=bsc_estimated; bitplane_rate_mode=uniform; unverified_policy=revert_to_bob_decode_failed,e70c48e72e0f514c,True,real_ir_success
real_typeii_20db_d16_bw60_blk0,16,60,4,4,layered_ldpc_lite,decode_failed,ldpc.BpOsdDecoder,1.0,50,0,minimum_sum,gray,hard,per_bitplane_raw_ber,4,0,4,0,0.0,0.23828125,0.23828125,587.0,0.5732421875,0.0,0.40779850000399165,backend=ldpc.BpOsdDecoder; parity_fraction=1.0; column_weight=3; seed=20260428; osd_order=0; bp_method=minimum_sum; llr_mode=hard; bitplane_rate_mode=per_bitplane_raw_ber; unverified_policy=revert_to_bob_decode_failed; status_reason=decode_failed; success=0/4; raw_ser=0.23828125; post_ir_ser=0.23828125,192fec5285ccad3d,False,decode_failed
real_typeii_20db_d16_bw60_blk0,16,60,4,4,layered_ldpc_lite,decode_failed,ldpc.BpOsdDecoder,1.0,50,0,minimum_sum,gray,bsc_estimated,per_bitplane_raw_ber,4,0,4,0,0.0,0.23828125,0.23828125,587.0,0.5732421875,0.0,0.4229178999958094,backend=ldpc.BpOsdDecoder; parity_fraction=1.0; column_weight=3; seed=20260428; osd_order=0; bp_method=minimum_sum; llr_mode=bsc_estimated; bitplane_rate_mode=per_bitplane_raw_ber; unverified_policy=revert_to_bob_decode_failed; status_reason=decode_failed; success=0/4; raw_ser=0.23828125; post_ir_ser=0.23828125,97a51272421631e9,False,decode_failed
real_typeii_20db_d16_bw60_blk0,16,60,4,4,layered_ldpc_lite,ok,ldpc.BpOsdDecoder,0.9,20,0,minimum_sum,gray,bsc_estimated,uniform,4,4,0,0,1.0,0.23828125,0.0,1056.0,1.03125,0.0,0.4186673999938648,backend=ldpc.BpOsdDecoder; parity_fraction=0.9; column_weight=3; seed=20260428; osd_order=0; bp_method=minimum_sum; llr_mode=bsc_estimated; bitplane_rate_mode=uniform; unverified_policy=revert_to_bob_decode_failed,e2a86cc7c108b51e,True,real_ir_success
real_typeii_20db_d16_bw60_blk0,16,60,4,4,layered_ldpc_lite,ok,ldpc.BpOsdDecoder,0.9,20,0,minimum_sum,gray,hard,uniform,4,4,0,0,1.0,0.23828125,0.0,1056.0,1.03125,0.0,0.41313570001511835,backend=ldpc.BpOsdDecoder; parity_fraction=0.9; column_weight=3; seed=20260428; osd_order=0; bp_method=minimum_sum; llr_mode=hard; bitplane_rate_mode=uniform; unverified_policy=revert_to_bob_decode_failed,2b51707096848b82,True,real_ir_success
real_typeii_20db_d16_bw60_blk0,16,60,4,4,layered_ldpc_lite,decode_failed,ldpc.BpOsdDecoder,0.9,50,0,minimum_sum,gray,bsc_estimated,per_bitplane_raw_ber,4,0,4,0,0.0,0.23828125,0.23828125,587.0,0.5732421875,0.0,0.39183380000758916,backend=ldpc.BpOsdDecoder; parity_fraction=0.9; column_weight=3; seed=20260428; osd_order=0; bp_method=minimum_sum; llr_mode=bsc_estimated; bitplane_rate_mode=per_bitplane_raw_ber; unverified_policy=revert_to_bob_decode_failed; status_reason=decode_failed; success=0/4; raw_ser=0.23828125; post_ir_ser=0.23828125,d89811eb3f0d04d6,False,decode_failed
real_typeii_20db_d16_bw60_blk0,16,60,4,4,layered_ldpc_lite,decode_failed,ldpc.BpOsdDecoder,0.9,20,0,minimum_sum,gray,bsc_estimated,per_bitplane_raw_ber,4,0,4,0,0.0,0.23828125,0.23828125,587.0,0.5732421875,0.0,0.4268447999784257,backend=ldpc.BpOsdDecoder; parity_fraction=0.9; column_weight=3; seed=20260428; osd_order=0; bp_method=minimum_sum; llr_mode=bsc_estimated; bitplane_rate_mode=per_bitplane_raw_ber; unverified_policy=revert_to_bob_decode_failed; status_reason=decode_failed; success=0/4; raw_ser=0.23828125; post_ir_ser=0.23828125,50c8302d2c7c4b52,False,decode_failed
real_typeii_20db_d16_bw60_blk0,16,60,4,4,layered_ldpc_lite,decode_failed,ldpc.BpOsdDecoder,0.9,20,0,minimum_sum,gray,hard,per_bitplane_raw_ber,4,0,4,0,0.0,0.23828125,0.23828125,587.0,0.5732421875,0.0,0.43027820001589134,backend=ldpc.BpOsdDecoder; parity_fraction=0.9; column_weight=3; seed=20260428; osd_order=0; bp_method=minimum_sum; llr_mode=hard; bitplane_rate_mode=per_bitplane_raw_ber; unverified_policy=revert_to_bob_decode_failed; status_reason=decode_failed; success=0/4; raw_ser=0.23828125; post_ir_ser=0.23828125,4da6e917da3421be,False,decode_failed
real_typeii_20db_d16_bw60_blk0,16,60,4,4,layered_ldpc_lite,ok,ldpc.BpOsdDecoder,0.9,50,0,minimum_sum,gray,bsc_estimated,uniform,4,4,0,0,1.0,0.23828125,0.0,1056.0,1.03125,0.0,0.43374059998313896,backend=ldpc.BpOsdDecoder; parity_fraction=0.9; column_weight=3; seed=20260428; osd_order=0; bp_method=minimum_sum; llr_mode=bsc_estimated; bitplane_rate_mode=uniform; unverified_policy=revert_to_bob_decode_failed,e8db1e33326bc16a,True,real_ir_success
real_typeii_20db_d16_bw60_blk0,16,60,4,4,layered_ldpc_lite,decode_failed,ldpc.BpOsdDecoder,0.9,50,0,minimum_sum,gray,hard,per_bitplane_raw_ber,4,0,4,0,0.0,0.23828125,0.23828125,587.0,0.5732421875,0.0,0.43662580000818707,backend=ldpc.BpOsdDecoder; parity_fraction=0.9; column_weight=3; seed=20260428; osd_order=0; bp_method=minimum_sum; llr_mode=hard; bitplane_rate_mode=per_bitplane_raw_ber; unverified_policy=revert_to_bob_decode_failed; status_reason=decode_failed; success=0/4; raw_ser=0.23828125; post_ir_ser=0.23828125,a299c9feec31c721,False,decode_failed
real_typeii_20db_d16_bw60_blk0,16,60,4,4,layered_ldpc_lite,ok,ldpc.BpOsdDecoder,0.9,50,0,minimum_sum,gray,hard,uniform,4,4,0,0,1.0,0.23828125,0.0,1056.0,1.03125,0.0,0.44858430000022054,backend=ldpc.BpOsdDecoder; parity_fraction=0.9; column_weight=3; seed=20260428; osd_order=0; bp_method=minimum_sum; llr_mode=hard; bitplane_rate_mode=uniform; unverified_policy=revert_to_bob_decode_failed,9670a15685aa444a,True,real_ir_success
real_typeii_20db_d16_bw60_blk0,16,60,4,4,layered_ldpc_lite,ok,ldpc.BpOsdDecoder,0.8,20,0,minimum_sum,gray,hard,uniform,4,3,1,0,0.75,0.23828125,0.04296875,960.0,0.9375,0.0,0.3887096999969799,backend=ldpc.BpOsdDecoder; parity_fraction=0.8; column_weight=3; seed=20260428; osd_order=0; bp_method=minimum_sum; llr_mode=hard; bitplane_rate_mode=uniform; unverified_policy=revert_to_bob_decode_failed,ab197caf6be0e885,False,decode_improved_but_unverified
real_typeii_20db_d16_bw60_blk0,16,60,4,4,layered_ldpc_lite,ok,ldpc.BpOsdDecoder,0.8,20,0,minimum_sum,gray,bsc_estimated,uniform,4,3,1,0,0.75,0.23828125,0.04296875,960.0,0.9375,0.0,0.42840619999333285,backend=ldpc.BpOsdDecoder; parity_fraction=0.8; column_weight=3; seed=20260428; osd_order=0; bp_method=minimum_sum; llr_mode=bsc_estimated; bitplane_rate_mode=uniform; unverified_policy=revert_to_bob_decode_failed,4a7d25970fa1d610,False,decode_improved_but_unverified
real_typeii_20db_d16_bw60_blk0,16,60,4,4,layered_ldpc_lite,decode_failed,ldpc.BpOsdDecoder,0.8,50,0,minimum_sum,gray,bsc_estimated,per_bitplane_raw_ber,4,0,4,0,0.0,0.23828125,0.23828125,587.0,0.5732421875,0.0,0.3855297999980394,backend=ldpc.BpOsdDecoder; parity_fraction=0.8; column_weight=3; seed=20260428; osd_order=0; bp_method=minimum_sum; llr_mode=bsc_estimated; bitplane_rate_mode=per_bitplane_raw_ber; unverified_policy=revert_to_bob_decode_failed; status_reason=decode_failed; success=0/4; raw_ser=0.23828125; post_ir_ser=0.23828125,f15146d3c2351083,False,decode_failed
real_typeii_20db_d16_bw60_blk0,16,60,4,4,layered_ldpc_lite,decode_failed,ldpc.BpOsdDecoder,0.8,20,0,minimum_sum,gray,bsc_estimated,per_bitplane_raw_ber,4,0,4,0,0.0,0.23828125,0.23828125,587.0,0.5732421875,0.0,0.42588210001122206,backend=ldpc.BpOsdDecoder; parity_fraction=0.8; column_weight=3; seed=20260428; osd_order=0; bp_method=minimum_sum; llr_mode=bsc_estimated; bitplane_rate_mode=per_bitplane_raw_ber; unverified_policy=revert_to_bob_decode_failed; status_reason=decode_failed; success=0/4; raw_ser=0.23828125; post_ir_ser=0.23828125,3a8da776864f8ca1,False,decode_failed
real_typeii_20db_d16_bw60_blk0,16,60,4,4,layered_ldpc_lite,ok,ldpc.BpOsdDecoder,0.8,50,0,minimum_sum,gray,bsc_estimated,uniform,4,2,2,0,0.5,0.23828125,0.1171875,960.0,0.9375,0.0,0.40779399999883026,backend=ldpc.BpOsdDecoder; parity_fraction=0.8; column_weight=3; seed=20260428; osd_order=0; bp_method=minimum_sum; llr_mode=bsc_estimated; bitplane_rate_mode=uniform; unverified_policy=revert_to_bob_decode_failed,221e5a91339f6e44,False,decode_improved_but_unverified
real_typeii_20db_d16_bw60_blk0,16,60,4,4,layered_ldpc_lite,ok,ldpc.BpOsdDecoder,0.8,50,0,minimum_sum,gray,hard,uniform,4,2,2,0,0.5,0.23828125,0.1171875,960.0,0.9375,0.0,0.40384489999269135,backend=ldpc.BpOsdDecoder; parity_fraction=0.8; column_weight=3; seed=20260428; osd_order=0; bp_method=minimum_sum; llr_mode=hard; bitplane_rate_mode=uniform; unverified_policy=revert_to_bob_decode_failed,b07a3943cf9048dc,False,decode_improved_but_unverified
real_typeii_20db_d16_bw60_blk0,16,60,4,4,layered_ldpc_lite,decode_failed,ldpc.BpOsdDecoder,0.8,20,0,minimum_sum,gray,hard,per_bitplane_raw_ber,4,0,4,0,0.0,0.23828125,0.23828125,587.0,0.5732421875,0.0,0.42764909999095835,backend=ldpc.BpOsdDecoder; parity_fraction=0.8; column_weight=3; seed=20260428; osd_order=0; bp_method=minimum_sum; llr_mode=hard; bitplane_rate_mode=per_bitplane_raw_ber; unverified_policy=revert_to_bob_decode_failed; status_reason=decode_failed; success=0/4; raw_ser=0.23828125; post_ir_ser=0.23828125,a2656db4b402218e,False,decode_failed
real_typeii_20db_d16_bw60_blk0,16,60,4,4,layered_ldpc_lite,decode_failed,ldpc.BpOsdDecoder,0.8,50,0,minimum_sum,gray,hard,per_bitplane_raw_ber,4,0,4,0,0.0,0.23828125,0.23828125,587.0,0.5732421875,0.0,0.40515610002330504,backend=ldpc.BpOsdDecoder; parity_fraction=0.8; column_weight=3; seed=20260428; osd_order=0; bp_method=minimum_sum; llr_mode=hard; bitplane_rate_mode=per_bitplane_raw_ber; unverified_policy=revert_to_bob_decode_failed; status_reason=decode_failed; success=0/4; raw_ser=0.23828125; post_ir_ser=0.23828125,a5049c9574e31a3f,False,decode_failed
real_typeii_20db_d16_bw60_blk0,16,60,4,4,layered_ldpc_lite,ok,ldpc.BpOsdDecoder,0.67,20,0,minimum_sum,gray,hard,uniform,4,1,3,0,0.25,0.23828125,0.1953125,816.0,0.796875,0.0,0.4029904000053648,backend=ldpc.BpOsdDecoder; parity_fraction=0.67; column_weight=3; seed=20260428; osd_order=0; bp_method=minimum_sum; llr_mode=hard; bitplane_rate_mode=uniform; unverified_policy=revert_to_bob_decode_failed,e9507461673c12c3,False,decode_improved_but_unverified
real_typeii_20db_d16_bw60_blk0,16,60,4,4,layered_ldpc_lite,decode_failed,ldpc.BpOsdDecoder,0.67,20,0,minimum_sum,gray,hard,per_bitplane_raw_ber,4,0,4,0,0.0,0.23828125,0.23828125,587.0,0.5732421875,0.0,0.41603270001360215,backend=ldpc.BpOsdDecoder; parity_fraction=0.67; column_weight=3; seed=20260428; osd_order=0; bp_method=minimum_sum; llr_mode=hard; bitplane_rate_mode=per_bitplane_raw_ber; unverified_policy=revert_to_bob_decode_failed; status_reason=decode_failed; success=0/4; raw_ser=0.23828125; post_ir_ser=0.23828125,60cd5f62523c8823,False,decode_failed
real_typeii_20db_d16_bw60_blk0,16,60,4,4,layered_ldpc_lite,decode_failed,ldpc.BpOsdDecoder,0.67,20,0,minimum_sum,gray,bsc_estimated,uniform,4,0,4,0,0.0,0.23828125,0.23828125,816.0,0.796875,0.0,0.4468178999959491,backend=ldpc.BpOsdDecoder; parity_fraction=0.67; column_weight=3; seed=20260428; osd_order=0; bp_method=minimum_sum; llr_mode=bsc_estimated; bitplane_rate_mode=uniform; unverified_policy=revert_to_bob_decode_failed; status_reason=decode_failed; success=0/4; raw_ser=0.23828125; post_ir_ser=0.23828125,6c4a3aa3591d6a87,False,decode_failed
real_typeii_20db_d16_bw60_blk0,16,60,4,4,layered_ldpc_lite,decode_failed,ldpc.BpOsdDecoder,0.67,20,0,minimum_sum,gray,bsc_estimated,per_bitplane_raw_ber,4,0,4,0,0.0,0.23828125,0.23828125,587.0,0.5732421875,0.0,0.4403593000024557,backend=ldpc.BpOsdDecoder; parity_fraction=0.67; column_weight=3; seed=20260428; osd_order=0; bp_method=minimum_sum; llr_mode=bsc_estimated; bitplane_rate_mode=per_bitplane_raw_ber; unverified_policy=revert_to_bob_decode_failed; status_reason=decode_failed; success=0/4; raw_ser=0.23828125; post_ir_ser=0.23828125,c2b1f659b8477e05,False,decode_failed
real_typeii_20db_d16_bw60_blk0,16,60,4,4,layered_ldpc_lite,decode_failed,ldpc.BpOsdDecoder,0.67,50,0,minimum_sum,gray,bsc_estimated,per_bitplane_raw_ber,4,0,4,0,0.0,0.23828125,0.23828125,587.0,0.5732421875,0.0,0.4179551999841351,backend=ldpc.BpOsdDecoder; parity_fraction=0.67; column_weight=3; seed=20260428; osd_order=0; bp_method=minimum_sum; llr_mode=bsc_estimated; bitplane_rate_mode=per_bitplane_raw_ber; unverified_policy=revert_to_bob_decode_failed; status_reason=decode_failed; success=0/4; raw_ser=0.23828125; post_ir_ser=0.23828125,d6e88ad9e9ec382f,False,decode_failed
real_typeii_20db_d16_bw60_blk0,16,60,4,4,layered_ldpc_lite,ok,ldpc.BpOsdDecoder,0.67,50,0,minimum_sum,gray,bsc_estimated,uniform,4,1,3,0,0.25,0.23828125,0.1953125,816.0,0.796875,0.0,0.4471272999944631,backend=ldpc.BpOsdDecoder; parity_fraction=0.67; column_weight=3; seed=20260428; osd_order=0; bp_method=minimum_sum; llr_mode=bsc_estimated; bitplane_rate_mode=uniform; unverified_policy=revert_to_bob_decode_failed,f3f67ce02bdd88ce,False,decode_improved_but_unverified
real_typeii_20db_d16_bw60_blk0,16,60,4,4,layered_ldpc_lite,decode_failed,ldpc.BpOsdDecoder,0.67,50,0,minimum_sum,gray,hard,per_bitplane_raw_ber,4,0,4,0,0.0,0.23828125,0.23828125,587.0,0.5732421875,0.0,0.42452240001875907,backend=ldpc.BpOsdDecoder; parity_fraction=0.67; column_weight=3; seed=20260428; osd_order=0; bp_method=minimum_sum; llr_mode=hard; bitplane_rate_mode=per_bitplane_raw_ber; unverified_policy=revert_to_bob_decode_failed; status_reason=decode_failed; success=0/4; raw_ser=0.23828125; post_ir_ser=0.23828125,478c39ba41adf51c,False,decode_failed
real_typeii_20db_d16_bw60_blk0,16,60,4,4,layered_ldpc_lite,ok,ldpc.BpOsdDecoder,0.67,50,0,minimum_sum,gray,hard,uniform,4,1,3,0,0.25,0.23828125,0.1953125,816.0,0.796875,0.0,0.4352964999852702,backend=ldpc.BpOsdDecoder; parity_fraction=0.67; column_weight=3; seed=20260428; osd_order=0; bp_method=minimum_sum; llr_mode=hard; bitplane_rate_mode=uniform; unverified_policy=revert_to_bob_decode_failed,ec874e3fd7633e78,False,decode_improved_but_unverified
real_typeii_20db_d8_bw120_blk0,8,120,4,4,layered_ldpc_lite,ok,ldpc.BpOsdDecoder,1.0,20,0,minimum_sum,gray,bsc_estimated,uniform,4,4,0,0,1.0,0.125,0.0,896.0,1.1666666666666667,0.0,0.32499630001257174,backend=ldpc.BpOsdDecoder; parity_fraction=1.0; column_weight=3; seed=20260428; osd_order=0; bp_method=minimum_sum; llr_mode=bsc_estimated; bitplane_rate_mode=uniform; unverified_policy=revert_to_bob_decode_failed,f19ef69363e4d20b,True,real_ir_success
real_typeii_20db_d8_bw120_blk0,8,120,4,4,layered_ldpc_lite,ok,ldpc.BpOsdDecoder,1.0,50,0,minimum_sum,gray,bsc_estimated,uniform,4,4,0,0,1.0,0.125,0.0,896.0,1.1666666666666667,0.0,0.28142600000137463,backend=ldpc.BpOsdDecoder; parity_fraction=1.0; column_weight=3; seed=20260428; osd_order=0; bp_method=minimum_sum; llr_mode=bsc_estimated; bitplane_rate_mode=uniform; unverified_policy=revert_to_bob_decode_failed,e70c48e72e0f514c,True,real_ir_success
real_typeii_20db_d8_bw120_blk0,8,120,4,4,layered_ldpc_lite,decode_failed,ldpc.BpOsdDecoder,1.0,20,0,minimum_sum,gray,hard,per_bitplane_raw_ber,4,0,4,0,0.0,0.125,0.125,426.0,0.5546875,0.0,0.2942736000113655,backend=ldpc.BpOsdDecoder; parity_fraction=1.0; column_weight=3; seed=20260428; osd_order=0; bp_method=minimum_sum; llr_mode=hard; bitplane_rate_mode=per_bitplane_raw_ber; unverified_policy=revert_to_bob_decode_failed; status_reason=decode_failed; success=0/4; raw_ser=0.125; post_ir_ser=0.125,0103c9bbee056421,False,decode_failed
real_typeii_20db_d8_bw120_blk0,8,120,4,4,layered_ldpc_lite,ok,ldpc.BpOsdDecoder,1.0,20,0,minimum_sum,gray,hard,uniform,4,4,0,0,1.0,0.125,0.0,896.0,1.1666666666666667,0.0,0.3053100999968592,backend=ldpc.BpOsdDecoder; parity_fraction=1.0; column_weight=3; seed=20260428; osd_order=0; bp_method=minimum_sum; llr_mode=hard; bitplane_rate_mode=uniform; unverified_policy=revert_to_bob_decode_failed,493597a2c137d2ff,True,real_ir_success
real_typeii_20db_d8_bw120_blk0,8,120,4,4,layered_ldpc_lite,decode_failed,ldpc.BpOsdDecoder,1.0,20,0,minimum_sum,gray,bsc_estimated,per_bitplane_raw_ber,4,0,4,0,0.0,0.125,0.125,426.0,0.5546875,0.0,0.32657770000514574,backend=ldpc.BpOsdDecoder; parity_fraction=1.0; column_weight=3; seed=20260428; osd_order=0; bp_method=minimum_sum; llr_mode=bsc_estimated; bitplane_rate_mode=per_bitplane_raw_ber; unverified_policy=revert_to_bob_decode_failed; status_reason=decode_failed; success=0/4; raw_ser=0.125; post_ir_ser=0.125,14a31b5b2a7161cd,False,decode_failed
real_typeii_20db_d16_bw60_blk0,16,60,4,4,layered_ldpc_lite,decode_failed,ldpc.BpOsdDecoder,0.5,20,0,minimum_sum,gray,bsc_estimated,uniform,4,0,4,0,0.0,0.23828125,0.23828125,640.0,0.625,0.0,0.4309722000034526,backend=ldpc.BpOsdDecoder; parity_fraction=0.5; column_weight=3; seed=20260428; osd_order=0; bp_method=minimum_sum; llr_mode=bsc_estimated; bitplane_rate_mode=uniform; unverified_policy=revert_to_bob_decode_failed; status_reason=decode_failed; success=0/4; raw_ser=0.23828125; post_ir_ser=0.23828125,bcf315a17a197dbd,False,decode_failed
real_typeii_20db_d16_bw60_blk0,16,60,4,4,layered_ldpc_lite,decode_failed,ldpc.BpOsdDecoder,0.5,20,0,minimum_sum,gray,hard,uniform,4,0,4,0,0.0,0.23828125,0.23828125,640.0,0.625,0.0,0.4199402999947779,backend=ldpc.BpOsdDecoder; parity_fraction=0.5; column_weight=3; seed=20260428; osd_order=0; bp_method=minimum_sum; llr_mode=hard; bitplane_rate_mode=uniform; unverified_policy=revert_to_bob_decode_failed; status_reason=decode_failed; success=0/4; raw_ser=0.23828125; post_ir_ser=0.23828125,58319925d8a577d6,False,decode_failed
real_typeii_20db_d16_bw60_blk0,16,60,4,4,layered_ldpc_lite,decode_failed,ldpc.BpOsdDecoder,0.5,20,0,minimum_sum,gray,hard,per_bitplane_raw_ber,4,0,4,0,0.0,0.23828125,0.23828125,587.0,0.5732421875,0.0,0.42414909999934025,backend=ldpc.BpOsdDecoder; parity_fraction=0.5; column_weight=3; seed=20260428; osd_order=0; bp_method=minimum_sum; llr_mode=hard; bitplane_rate_mode=per_bitplane_raw_ber; unverified_policy=revert_to_bob_decode_failed; status_reason=decode_failed; success=0/4; raw_ser=0.23828125; post_ir_ser=0.23828125,a318891939186cc5,False,decode_failed
real_typeii_20db_d16_bw60_blk0,16,60,4,4,layered_ldpc_lite,decode_failed,ldpc.BpOsdDecoder,0.5,20,0,minimum_sum,gray,bsc_estimated,per_bitplane_raw_ber,4,0,4,0,0.0,0.23828125,0.23828125,587.0,0.5732421875,0.0,0.44324029999552295,backend=ldpc.BpOsdDecoder; parity_fraction=0.5; column_weight=3; seed=20260428; osd_order=0; bp_method=minimum_sum; llr_mode=bsc_estimated; bitplane_rate_mode=per_bitplane_raw_ber; unverified_policy=revert_to_bob_decode_failed; status_reason=decode_failed; success=0/4; raw_ser=0.23828125; post_ir_ser=0.23828125,9fc5a75a57942d0d,False,decode_failed
real_typeii_20db_d16_bw60_blk0,16,60,4,4,layered_ldpc_lite,decode_failed,ldpc.BpOsdDecoder,0.5,50,0,minimum_sum,gray,bsc_estimated,uniform,4,0,4,0,0.0,0.23828125,0.23828125,640.0,0.625,0.0,0.4234414999955334,backend=ldpc.BpOsdDecoder; parity_fraction=0.5; column_weight=3; seed=20260428; osd_order=0; bp_method=minimum_sum; llr_mode=bsc_estimated; bitplane_rate_mode=uniform; unverified_policy=revert_to_bob_decode_failed; status_reason=decode_failed; success=0/4; raw_ser=0.23828125; post_ir_ser=0.23828125,1b68567774e87e2e,False,decode_failed
real_typeii_20db_d16_bw60_blk0,16,60,4,4,layered_ldpc_lite,decode_failed,ldpc.BpOsdDecoder,0.5,50,0,minimum_sum,gray,hard,uniform,4,0,4,0,0.0,0.23828125,0.23828125,640.0,0.625,0.0,0.4225855999975465,backend=ldpc.BpOsdDecoder; parity_fraction=0.5; column_weight=3; seed=20260428; osd_order=0; bp_method=minimum_sum; llr_mode=hard; bitplane_rate_mode=uniform; unverified_policy=revert_to_bob_decode_failed; status_reason=decode_failed; success=0/4; raw_ser=0.23828125; post_ir_ser=0.23828125,dc1d252b3b27a80e,False,decode_failed
real_typeii_20db_d8_bw120_blk0,8,120,4,4,layered_ldpc_lite,decode_failed,ldpc.BpOsdDecoder,1.0,50,0,minimum_sum,gray,bsc_estimated,per_bitplane_raw_ber,4,0,4,0,0.0,0.125,0.125,426.0,0.5546875,0.0,0.34334120000130497,backend=ldpc.BpOsdDecoder; parity_fraction=1.0; column_weight=3; seed=20260428; osd_order=0; bp_method=minimum_sum; llr_mode=bsc_estimated; bitplane_rate_mode=per_bitplane_raw_ber; unverified_policy=revert_to_bob_decode_failed; status_reason=decode_failed; success=0/4; raw_ser=0.125; post_ir_ser=0.125,97a51272421631e9,False,decode_failed
real_typeii_20db_d16_bw60_blk0,16,60,4,4,layered_ldpc_lite,decode_failed,ldpc.BpOsdDecoder,0.5,50,0,minimum_sum,gray,bsc_estimated,per_bitplane_raw_ber,4,0,4,0,0.0,0.23828125,0.23828125,587.0,0.5732421875,0.0,0.4343356000026688,backend=ldpc.BpOsdDecoder; parity_fraction=0.5; column_weight=3; seed=20260428; osd_order=0; bp_method=minimum_sum; llr_mode=bsc_estimated; bitplane_rate_mode=per_bitplane_raw_ber; unverified_policy=revert_to_bob_decode_failed; status_reason=decode_failed; success=0/4; raw_ser=0.23828125; post_ir_ser=0.23828125,40d724aaf2f5c16d,False,decode_failed
real_typeii_20db_d16_bw60_blk0,16,60,4,4,layered_ldpc_lite,decode_failed,ldpc.BpOsdDecoder,0.5,50,0,minimum_sum,gray,hard,per_bitplane_raw_ber,4,0,4,0,0.0,0.23828125,0.23828125,587.0,0.5732421875,0.0,0.44155099999625236,backend=ldpc.BpOsdDecoder; parity_fraction=0.5; column_weight=3; seed=20260428; osd_order=0; bp_method=minimum_sum; llr_mode=hard; bitplane_rate_mode=per_bitplane_raw_ber; unverified_policy=revert_to_bob_decode_failed; status_reason=decode_failed; success=0/4; raw_ser=0.23828125; post_ir_ser=0.23828125,d6b9c1a46f4c63eb,False,decode_failed
real_typeii_20db_d8_bw120_blk0,8,120,4,4,layered_ldpc_lite,ok,ldpc.BpOsdDecoder,1.0,50,0,minimum_sum,gray,hard,uniform,4,4,0,0,1.0,0.125,0.0,896.0,1.1666666666666667,0.0,0.30089409998618066,backend=ldpc.BpOsdDecoder; parity_fraction=1.0; column_weight=3; seed=20260428; osd_order=0; bp_method=minimum_sum; llr_mode=hard; bitplane_rate_mode=uniform; unverified_policy=revert_to_bob_decode_failed,c0088d2836df2d57,True,real_ir_success
real_typeii_20db_d8_bw120_blk0,8,120,4,4,layered_ldpc_lite,decode_failed,ldpc.BpOsdDecoder,1.0,50,0,minimum_sum,gray,hard,per_bitplane_raw_ber,4,0,4,0,0.0,0.125,0.125,426.0,0.5546875,0.0,0.32255509999231435,backend=ldpc.BpOsdDecoder; parity_fraction=1.0; column_weight=3; seed=20260428; osd_order=0; bp_method=minimum_sum; llr_mode=hard; bitplane_rate_mode=per_bitplane_raw_ber; unverified_policy=revert_to_bob_decode_failed; status_reason=decode_failed; success=0/4; raw_ser=0.125; post_ir_ser=0.125,192fec5285ccad3d,False,decode_failed
real_typeii_20db_d8_bw120_blk0,8,120,4,4,layered_ldpc_lite,decode_failed,ldpc.BpOsdDecoder,0.9,20,0,minimum_sum,gray,hard,per_bitplane_raw_ber,4,0,4,0,0.0,0.125,0.125,426.0,0.5546875,0.0,0.3111711999808904,backend=ldpc.BpOsdDecoder; parity_fraction=0.9; column_weight=3; seed=20260428; osd_order=0; bp_method=minimum_sum; llr_mode=hard; bitplane_rate_mode=per_bitplane_raw_ber; unverified_policy=revert_to_bob_decode_failed; status_reason=decode_failed; success=0/4; raw_ser=0.125; post_ir_ser=0.125,4da6e917da3421be,False,decode_failed
real_typeii_20db_d8_bw120_blk0,8,120,4,4,layered_ldpc_lite,decode_failed,ldpc.BpOsdDecoder,0.9,20,0,minimum_sum,gray,bsc_estimated,per_bitplane_raw_ber,4,0,4,0,0.0,0.125,0.125,426.0,0.5546875,0.0,0.32647699999506585,backend=ldpc.BpOsdDecoder; parity_fraction=0.9; column_weight=3; seed=20260428; osd_order=0; bp_method=minimum_sum; llr_mode=bsc_estimated; bitplane_rate_mode=per_bitplane_raw_ber; unverified_policy=revert_to_bob_decode_failed; status_reason=decode_failed; success=0/4; raw_ser=0.125; post_ir_ser=0.125,50c8302d2c7c4b52,False,decode_failed
real_typeii_20db_d8_bw120_blk0,8,120,4,4,layered_ldpc_lite,ok,ldpc.BpOsdDecoder,0.9,20,0,minimum_sum,gray,hard,uniform,4,4,0,0,1.0,0.125,0.0,824.0,1.0729166666666667,0.0,0.32548130000941455,backend=ldpc.BpOsdDecoder; parity_fraction=0.9; column_weight=3; seed=20260428; osd_order=0; bp_method=minimum_sum; llr_mode=hard; bitplane_rate_mode=uniform; unverified_policy=revert_to_bob_decode_failed,2b51707096848b82,True,real_ir_success
real_typeii_20db_d8_bw120_blk0,8,120,4,4,layered_ldpc_lite,ok,ldpc.BpOsdDecoder,0.9,20,0,minimum_sum,gray,bsc_estimated,uniform,4,4,0,0,1.0,0.125,0.0,824.0,1.0729166666666667,0.0,0.33559310002601705,backend=ldpc.BpOsdDecoder; parity_fraction=0.9; column_weight=3; seed=20260428; osd_order=0; bp_method=minimum_sum; llr_mode=bsc_estimated; bitplane_rate_mode=uniform; unverified_policy=revert_to_bob_decode_failed,e2a86cc7c108b51e,True,real_ir_success
real_typeii_20db_d8_bw120_blk0,8,120,4,4,layered_ldpc_lite,ok,ldpc.BpOsdDecoder,0.9,50,0,minimum_sum,gray,hard,uniform,4,4,0,0,1.0,0.125,0.0,824.0,1.0729166666666667,0.0,0.31585010001435876,backend=ldpc.BpOsdDecoder; parity_fraction=0.9; column_weight=3; seed=20260428; osd_order=0; bp_method=minimum_sum; llr_mode=hard; bitplane_rate_mode=uniform; unverified_policy=revert_to_bob_decode_failed,9670a15685aa444a,True,real_ir_success
real_typeii_20db_d8_bw120_blk0,8,120,4,4,layered_ldpc_lite,ok,ldpc.BpOsdDecoder,0.9,50,0,minimum_sum,gray,bsc_estimated,uniform,4,4,0,0,1.0,0.125,0.0,824.0,1.0729166666666667,0.0,0.33430700001190417,backend=ldpc.BpOsdDecoder; parity_fraction=0.9; column_weight=3; seed=20260428; osd_order=0; bp_method=minimum_sum; llr_mode=bsc_estimated; bitplane_rate_mode=uniform; unverified_policy=revert_to_bob_decode_failed,e8db1e33326bc16a,True,real_ir_success
real_typeii_20db_d8_bw120_blk0,8,120,4,4,layered_ldpc_lite,decode_failed,ldpc.BpOsdDecoder,0.9,50,0,minimum_sum,gray,bsc_estimated,per_bitplane_raw_ber,4,0,4,0,0.0,0.125,0.125,426.0,0.5546875,0.0,0.32781819999217987,backend=ldpc.BpOsdDecoder; parity_fraction=0.9; column_weight=3; seed=20260428; osd_order=0; bp_method=minimum_sum; llr_mode=bsc_estimated; bitplane_rate_mode=per_bitplane_raw_ber; unverified_policy=revert_to_bob_decode_failed; status_reason=decode_failed; success=0/4; raw_ser=0.125; post_ir_ser=0.125,d89811eb3f0d04d6,False,decode_failed
real_typeii_20db_d8_bw120_blk0,8,120,4,4,layered_ldpc_lite,ok,ldpc.BpOsdDecoder,0.8,20,0,minimum_sum,gray,bsc_estimated,uniform,4,4,0,0,1.0,0.125,0.0,752.0,0.9791666666666666,0.0,0.308744799986016,backend=ldpc.BpOsdDecoder; parity_fraction=0.8; column_weight=3; seed=20260428; osd_order=0; bp_method=minimum_sum; llr_mode=bsc_estimated; bitplane_rate_mode=uniform; unverified_policy=revert_to_bob_decode_failed,4a7d25970fa1d610,True,real_ir_success
real_typeii_20db_d8_bw120_blk0,8,120,4,4,layered_ldpc_lite,decode_failed,ldpc.BpOsdDecoder,0.9,50,0,minimum_sum,gray,hard,per_bitplane_raw_ber,4,0,4,0,0.0,0.125,0.125,426.0,0.5546875,0.0,0.3266826000181027,backend=ldpc.BpOsdDecoder; parity_fraction=0.9; column_weight=3; seed=20260428; osd_order=0; bp_method=minimum_sum; llr_mode=hard; bitplane_rate_mode=per_bitplane_raw_ber; unverified_policy=revert_to_bob_decode_failed; status_reason=decode_failed; success=0/4; raw_ser=0.125; post_ir_ser=0.125,a299c9feec31c721,False,decode_failed
real_typeii_20db_d8_bw120_blk0,8,120,4,4,layered_ldpc_lite,decode_failed,ldpc.BpOsdDecoder,0.8,20,0,minimum_sum,gray,hard,per_bitplane_raw_ber,4,0,4,0,0.0,0.125,0.125,426.0,0.5546875,0.0,0.3017771999875549,backend=ldpc.BpOsdDecoder; parity_fraction=0.8; column_weight=3; seed=20260428; osd_order=0; bp_method=minimum_sum; llr_mode=hard; bitplane_rate_mode=per_bitplane_raw_ber; unverified_policy=revert_to_bob_decode_failed; status_reason=decode_failed; success=0/4; raw_ser=0.125; post_ir_ser=0.125,a2656db4b402218e,False,decode_failed
real_typeii_20db_d8_bw120_blk0,8,120,4,4,layered_ldpc_lite,decode_failed,ldpc.BpOsdDecoder,0.8,20,0,minimum_sum,gray,bsc_estimated,per_bitplane_raw_ber,4,0,4,0,0.0,0.125,0.125,426.0,0.5546875,0.0,0.32983279999461956,backend=ldpc.BpOsdDecoder; parity_fraction=0.8; column_weight=3; seed=20260428; osd_order=0; bp_method=minimum_sum; llr_mode=bsc_estimated; bitplane_rate_mode=per_bitplane_raw_ber; unverified_policy=revert_to_bob_decode_failed; status_reason=decode_failed; success=0/4; raw_ser=0.125; post_ir_ser=0.125,3a8da776864f8ca1,False,decode_failed
real_typeii_20db_d8_bw120_blk0,8,120,4,4,layered_ldpc_lite,ok,ldpc.BpOsdDecoder,0.8,50,0,minimum_sum,gray,bsc_estimated,uniform,4,3,1,0,0.75,0.125,0.0546875,752.0,0.9791666666666666,0.0,0.31316419999348,backend=ldpc.BpOsdDecoder; parity_fraction=0.8; column_weight=3; seed=20260428; osd_order=0; bp_method=minimum_sum; llr_mode=bsc_estimated; bitplane_rate_mode=uniform; unverified_policy=revert_to_bob_decode_failed,221e5a91339f6e44,False,decode_improved_but_unverified
real_typeii_20db_d8_bw120_blk0,8,120,4,4,layered_ldpc_lite,ok,ldpc.BpOsdDecoder,0.8,20,0,minimum_sum,gray,hard,uniform,4,4,0,0,1.0,0.125,0.0,752.0,0.9791666666666666,0.0,0.33794950001174584,backend=ldpc.BpOsdDecoder; parity_fraction=0.8; column_weight=3; seed=20260428; osd_order=0; bp_method=minimum_sum; llr_mode=hard; bitplane_rate_mode=uniform; unverified_policy=revert_to_bob_decode_failed,ab197caf6be0e885,True,real_ir_success
real_typeii_20db_d8_bw120_blk0,8,120,4,4,layered_ldpc_lite,decode_failed,ldpc.BpOsdDecoder,0.8,50,0,minimum_sum,gray,bsc_estimated,per_bitplane_raw_ber,4,0,4,0,0.0,0.125,0.125,426.0,0.5546875,0.0,0.32057070001610555,backend=ldpc.BpOsdDecoder; parity_fraction=0.8; column_weight=3; seed=20260428; osd_order=0; bp_method=minimum_sum; llr_mode=bsc_estimated; bitplane_rate_mode=per_bitplane_raw_ber; unverified_policy=revert_to_bob_decode_failed; status_reason=decode_failed; success=0/4; raw_ser=0.125; post_ir_ser=0.125,f15146d3c2351083,False,decode_failed
real_typeii_20db_d8_bw120_blk0,8,120,4,4,layered_ldpc_lite,ok,ldpc.BpOsdDecoder,0.8,50,0,minimum_sum,gray,hard,uniform,4,3,1,0,0.75,0.125,0.0546875,752.0,0.9791666666666666,0.0,0.33464919999823906,backend=ldpc.BpOsdDecoder; parity_fraction=0.8; column_weight=3; seed=20260428; osd_order=0; bp_method=minimum_sum; llr_mode=hard; bitplane_rate_mode=uniform; unverified_policy=revert_to_bob_decode_failed,b07a3943cf9048dc,False,decode_improved_but_unverified
real_typeii_20db_d8_bw120_blk0,8,120,4,4,layered_ldpc_lite,decode_failed,ldpc.BpOsdDecoder,0.8,50,0,minimum_sum,gray,hard,per_bitplane_raw_ber,4,0,4,0,0.0,0.125,0.125,426.0,0.5546875,0.0,0.3327286999847274,backend=ldpc.BpOsdDecoder; parity_fraction=0.8; column_weight=3; seed=20260428; osd_order=0; bp_method=minimum_sum; llr_mode=hard; bitplane_rate_mode=per_bitplane_raw_ber; unverified_policy=revert_to_bob_decode_failed; status_reason=decode_failed; success=0/4; raw_ser=0.125; post_ir_ser=0.125,a5049c9574e31a3f,False,decode_failed
real_typeii_20db_d8_bw120_blk0,8,120,4,4,layered_ldpc_lite,ok,ldpc.BpOsdDecoder,0.67,20,0,minimum_sum,gray,hard,uniform,4,1,3,0,0.25,0.125,0.11328125,644.0,0.8385416666666666,0.0,0.2980383999820333,backend=ldpc.BpOsdDecoder; parity_fraction=0.67; column_weight=3; seed=20260428; osd_order=0; bp_method=minimum_sum; llr_mode=hard; bitplane_rate_mode=uniform; unverified_policy=revert_to_bob_decode_failed,e9507461673c12c3,False,decode_improved_but_unverified
real_typeii_20db_d8_bw120_blk0,8,120,4,4,layered_ldpc_lite,ok,ldpc.BpOsdDecoder,0.67,20,0,minimum_sum,gray,bsc_estimated,uniform,4,2,2,0,0.5,0.125,0.0859375,644.0,0.8385416666666666,0.0,0.32269619998987764,backend=ldpc.BpOsdDecoder; parity_fraction=0.67; column_weight=3; seed=20260428; osd_order=0; bp_method=minimum_sum; llr_mode=bsc_estimated; bitplane_rate_mode=uniform; unverified_policy=revert_to_bob_decode_failed,6c4a3aa3591d6a87,False,decode_improved_but_unverified
real_typeii_20db_d8_bw120_blk0,8,120,4,4,layered_ldpc_lite,decode_failed,ldpc.BpOsdDecoder,0.67,20,0,minimum_sum,gray,bsc_estimated,per_bitplane_raw_ber,4,0,4,0,0.0,0.125,0.125,426.0,0.5546875,0.0,0.3288104999810457,backend=ldpc.BpOsdDecoder; parity_fraction=0.67; column_weight=3; seed=20260428; osd_order=0; bp_method=minimum_sum; llr_mode=bsc_estimated; bitplane_rate_mode=per_bitplane_raw_ber; unverified_policy=revert_to_bob_decode_failed; status_reason=decode_failed; success=0/4; raw_ser=0.125; post_ir_ser=0.125,c2b1f659b8477e05,False,decode_failed
real_typeii_20db_d8_bw120_blk0,8,120,4,4,layered_ldpc_lite,decode_failed,ldpc.BpOsdDecoder,0.67,20,0,minimum_sum,gray,hard,per_bitplane_raw_ber,4,0,4,0,0.0,0.125,0.125,426.0,0.5546875,0.0,0.32913950001238845,backend=ldpc.BpOsdDecoder; parity_fraction=0.67; column_weight=3; seed=20260428; osd_order=0; bp_method=minimum_sum; llr_mode=hard; bitplane_rate_mode=per_bitplane_raw_ber; unverified_policy=revert_to_bob_decode_failed; status_reason=decode_failed; success=0/4; raw_ser=0.125; post_ir_ser=0.125,60cd5f62523c8823,False,decode_failed
real_typeii_20db_d8_bw120_blk0,8,120,4,4,layered_ldpc_lite,ok,ldpc.BpOsdDecoder,0.67,50,0,minimum_sum,gray,hard,uniform,4,1,3,0,0.25,0.125,0.11328125,644.0,0.8385416666666666,0.0,0.3071850999840535,backend=ldpc.BpOsdDecoder; parity_fraction=0.67; column_weight=3; seed=20260428; osd_order=0; bp_method=minimum_sum; llr_mode=hard; bitplane_rate_mode=uniform; unverified_policy=revert_to_bob_decode_failed,ec874e3fd7633e78,False,decode_improved_but_unverified
real_typeii_20db_d8_bw120_blk0,8,120,4,4,layered_ldpc_lite,decode_failed,ldpc.BpOsdDecoder,0.67,50,0,minimum_sum,gray,hard,per_bitplane_raw_ber,4,0,4,0,0.0,0.125,0.125,426.0,0.5546875,0.0,0.3107212000177242,backend=ldpc.BpOsdDecoder; parity_fraction=0.67; column_weight=3; seed=20260428; osd_order=0; bp_method=minimum_sum; llr_mode=hard; bitplane_rate_mode=per_bitplane_raw_ber; unverified_policy=revert_to_bob_decode_failed; status_reason=decode_failed; success=0/4; raw_ser=0.125; post_ir_ser=0.125,478c39ba41adf51c,False,decode_failed
real_typeii_20db_d8_bw120_blk0,8,120,4,4,layered_ldpc_lite,ok,ldpc.BpOsdDecoder,0.67,50,0,minimum_sum,gray,bsc_estimated,uniform,4,2,2,0,0.5,0.125,0.0859375,644.0,0.8385416666666666,0.0,0.32874009999795817,backend=ldpc.BpOsdDecoder; parity_fraction=0.67; column_weight=3; seed=20260428; osd_order=0; bp_method=minimum_sum; llr_mode=bsc_estimated; bitplane_rate_mode=uniform; unverified_policy=revert_to_bob_decode_failed,f3f67ce02bdd88ce,False,decode_improved_but_unverified
real_typeii_20db_d8_bw120_blk0,8,120,4,4,layered_ldpc_lite,decode_failed,ldpc.BpOsdDecoder,0.67,50,0,minimum_sum,gray,bsc_estimated,per_bitplane_raw_ber,4,0,4,0,0.0,0.125,0.125,426.0,0.5546875,0.0,0.3326797999907285,backend=ldpc.BpOsdDecoder; parity_fraction=0.67; column_weight=3; seed=20260428; osd_order=0; bp_method=minimum_sum; llr_mode=bsc_estimated; bitplane_rate_mode=per_bitplane_raw_ber; unverified_policy=revert_to_bob_decode_failed; status_reason=decode_failed; success=0/4; raw_ser=0.125; post_ir_ser=0.125,d6e88ad9e9ec382f,False,decode_failed
real_typeii_20db_d8_bw120_blk0,8,120,4,4,layered_ldpc_lite,decode_failed,ldpc.BpOsdDecoder,0.5,20,0,minimum_sum,gray,bsc_estimated,per_bitplane_raw_ber,4,0,4,0,0.0,0.125,0.125,426.0,0.5546875,0.0,0.3146767000143882,backend=ldpc.BpOsdDecoder; parity_fraction=0.5; column_weight=3; seed=20260428; osd_order=0; bp_method=minimum_sum; llr_mode=bsc_estimated; bitplane_rate_mode=per_bitplane_raw_ber; unverified_policy=revert_to_bob_decode_failed; status_reason=decode_failed; success=0/4; raw_ser=0.125; post_ir_ser=0.125,9fc5a75a57942d0d,False,decode_failed
real_typeii_20db_d8_bw120_blk0,8,120,4,4,layered_ldpc_lite,decode_failed,ldpc.BpOsdDecoder,0.5,20,0,minimum_sum,gray,hard,per_bitplane_raw_ber,4,0,4,0,0.0,0.125,0.125,426.0,0.5546875,0.0,0.3047145000018645,backend=ldpc.BpOsdDecoder; parity_fraction=0.5; column_weight=3; seed=20260428; osd_order=0; bp_method=minimum_sum; llr_mode=hard; bitplane_rate_mode=per_bitplane_raw_ber; unverified_policy=revert_to_bob_decode_failed; status_reason=decode_failed; success=0/4; raw_ser=0.125; post_ir_ser=0.125,a318891939186cc5,False,decode_failed
real_typeii_20db_d8_bw120_blk0,8,120,4,4,layered_ldpc_lite,ok,ldpc.BpOsdDecoder,0.5,20,0,minimum_sum,gray,hard,uniform,4,1,3,0,0.25,0.125,0.11328125,512.0,0.6666666666666666,0.0,0.3241135000134818,backend=ldpc.BpOsdDecoder; parity_fraction=0.5; column_weight=3; seed=20260428; osd_order=0; bp_method=minimum_sum; llr_mode=hard; bitplane_rate_mode=uniform; unverified_policy=revert_to_bob_decode_failed,58319925d8a577d6,False,decode_improved_but_unverified
real_typeii_20db_d8_bw120_blk0,8,120,4,4,layered_ldpc_lite,ok,ldpc.BpOsdDecoder,0.5,20,0,minimum_sum,gray,bsc_estimated,uniform,4,1,3,0,0.25,0.125,0.11328125,512.0,0.6666666666666666,0.0,0.3406684000219684,backend=ldpc.BpOsdDecoder; parity_fraction=0.5; column_weight=3; seed=20260428; osd_order=0; bp_method=minimum_sum; llr_mode=bsc_estimated; bitplane_rate_mode=uniform; unverified_policy=revert_to_bob_decode_failed,bcf315a17a197dbd,False,decode_improved_but_unverified
real_typeii_20db_d8_bw120_blk0,8,120,4,4,layered_ldpc_lite,decode_failed,ldpc.BpOsdDecoder,0.5,50,0,minimum_sum,gray,bsc_estimated,per_bitplane_raw_ber,4,0,4,0,0.0,0.125,0.125,426.0,0.5546875,0.0,0.3128883000172209,backend=ldpc.BpOsdDecoder; parity_fraction=0.5; column_weight=3; seed=20260428; osd_order=0; bp_method=minimum_sum; llr_mode=bsc_estimated; bitplane_rate_mode=per_bitplane_raw_ber; unverified_policy=revert_to_bob_decode_failed; status_reason=decode_failed; success=0/4; raw_ser=0.125; post_ir_ser=0.125,40d724aaf2f5c16d,False,decode_failed
real_typeii_20db_d8_bw120_blk0,8,120,4,4,layered_ldpc_lite,ok,ldpc.BpOsdDecoder,0.5,50,0,minimum_sum,gray,bsc_estimated,uniform,4,1,3,0,0.25,0.125,0.11328125,512.0,0.6666666666666666,0.0,0.33170770001015626,backend=ldpc.BpOsdDecoder; parity_fraction=0.5; column_weight=3; seed=20260428; osd_order=0; bp_method=minimum_sum; llr_mode=bsc_estimated; bitplane_rate_mode=uniform; unverified_policy=revert_to_bob_decode_failed,1b68567774e87e2e,False,decode_improved_but_unverified
real_typeii_20db_d8_bw120_blk0,8,120,4,4,layered_ldpc_lite,ok,ldpc.BpOsdDecoder,0.5,50,0,minimum_sum,gray,hard,uniform,4,1,3,0,0.25,0.125,0.11328125,512.0,0.6666666666666666,0.0,0.3304892999876756,backend=ldpc.BpOsdDecoder; parity_fraction=0.5; column_weight=3; seed=20260428; osd_order=0; bp_method=minimum_sum; llr_mode=hard; bitplane_rate_mode=uniform; unverified_policy=revert_to_bob_decode_failed,dc1d252b3b27a80e,False,decode_improved_but_unverified
real_typeii_20db_d8_bw120_blk0,8,120,4,4,layered_ldpc_lite,decode_failed,ldpc.BpOsdDecoder,0.5,50,0,minimum_sum,gray,hard,per_bitplane_raw_ber,4,0,4,0,0.0,0.125,0.125,426.0,0.5546875,0.0,0.3172690999926999,backend=ldpc.BpOsdDecoder; parity_fraction=0.5; column_weight=3; seed=20260428; osd_order=0; bp_method=minimum_sum; llr_mode=hard; bitplane_rate_mode=per_bitplane_raw_ber; unverified_policy=revert_to_bob_decode_failed; status_reason=decode_failed; success=0/4; raw_ser=0.125; post_ir_ser=0.125,d6b9c1a46f4c63eb,False,decode_failed
real_typeii_20db_d8_bw180_blk0,8,180,4,4,layered_ldpc_lite,ok,ldpc.BpOsdDecoder,1.0,20,0,minimum_sum,gray,bsc_estimated,uniform,4,4,0,0,1.0,0.0859375,0.0,896.0,1.1666666666666667,0.0,0.30828239998663776,backend=ldpc.BpOsdDecoder; parity_fraction=1.0; column_weight=3; seed=20260428; osd_order=0; bp_method=minimum_sum; llr_mode=bsc_estimated; bitplane_rate_mode=uniform; unverified_policy=revert_to_bob_decode_failed,f19ef69363e4d20b,True,real_ir_success
real_typeii_20db_d8_bw180_blk0,8,180,4,4,layered_ldpc_lite,ok,ldpc.BpOsdDecoder,1.0,20,0,minimum_sum,gray,hard,uniform,4,4,0,0,1.0,0.0859375,0.0,896.0,1.1666666666666667,0.0,0.3174658000061754,backend=ldpc.BpOsdDecoder; parity_fraction=1.0; column_weight=3; seed=20260428; osd_order=0; bp_method=minimum_sum; llr_mode=hard; bitplane_rate_mode=uniform; unverified_policy=revert_to_bob_decode_failed,493597a2c137d2ff,True,real_ir_success
real_typeii_20db_d8_bw180_blk0,8,180,4,4,layered_ldpc_lite,decode_failed,ldpc.BpOsdDecoder,1.0,50,0,minimum_sum,gray,bsc_estimated,per_bitplane_raw_ber,4,0,4,0,0.0,0.0859375,0.0859375,386.0,0.5026041666666666,0.0,0.30107680000946857,backend=ldpc.BpOsdDecoder; parity_fraction=1.0; column_weight=3; seed=20260428; osd_order=0; bp_method=minimum_sum; llr_mode=bsc_estimated; bitplane_rate_mode=per_bitplane_raw_ber; unverified_policy=revert_to_bob_decode_failed; status_reason=decode_failed; success=0/4; raw_ser=0.0859375; post_ir_ser=0.0859375,97a51272421631e9,False,decode_failed
real_typeii_20db_d8_bw180_blk0,8,180,4,4,layered_ldpc_lite,decode_failed,ldpc.BpOsdDecoder,1.0,20,0,minimum_sum,gray,bsc_estimated,per_bitplane_raw_ber,4,0,4,0,0.0,0.0859375,0.0859375,386.0,0.5026041666666666,0.0,0.3407931000110693,backend=ldpc.BpOsdDecoder; parity_fraction=1.0; column_weight=3; seed=20260428; osd_order=0; bp_method=minimum_sum; llr_mode=bsc_estimated; bitplane_rate_mode=per_bitplane_raw_ber; unverified_policy=revert_to_bob_decode_failed; status_reason=decode_failed; success=0/4; raw_ser=0.0859375; post_ir_ser=0.0859375,14a31b5b2a7161cd,False,decode_failed
real_typeii_20db_d8_bw180_blk0,8,180,4,4,layered_ldpc_lite,decode_failed,ldpc.BpOsdDecoder,1.0,50,0,minimum_sum,gray,hard,per_bitplane_raw_ber,4,0,4,0,0.0,0.0859375,0.0859375,386.0,0.5026041666666666,0.0,0.2981067000073381,backend=ldpc.BpOsdDecoder; parity_fraction=1.0; column_weight=3; seed=20260428; osd_order=0; bp_method=minimum_sum; llr_mode=hard; bitplane_rate_mode=per_bitplane_raw_ber; unverified_policy=revert_to_bob_decode_failed; status_reason=decode_failed; success=0/4; raw_ser=0.0859375; post_ir_ser=0.0859375,192fec5285ccad3d,False,decode_failed
real_typeii_20db_d8_bw180_blk0,8,180,4,4,layered_ldpc_lite,ok,ldpc.BpOsdDecoder,1.0,50,0,minimum_sum,gray,hard,uniform,4,4,0,0,1.0,0.0859375,0.0,896.0,1.1666666666666667,0.0,0.31830210000043735,backend=ldpc.BpOsdDecoder; parity_fraction=1.0; column_weight=3; seed=20260428; osd_order=0; bp_method=minimum_sum; llr_mode=hard; bitplane_rate_mode=uniform; unverified_policy=revert_to_bob_decode_failed,c0088d2836df2d57,True,real_ir_success
real_typeii_20db_d8_bw180_blk0,8,180,4,4,layered_ldpc_lite,decode_failed,ldpc.BpOsdDecoder,1.0,20,0,minimum_sum,gray,hard,per_bitplane_raw_ber,4,0,4,0,0.0,0.0859375,0.0859375,386.0,0.5026041666666666,0.0,0.3476897999935318,backend=ldpc.BpOsdDecoder; parity_fraction=1.0; column_weight=3; seed=20260428; osd_order=0; bp_method=minimum_sum; llr_mode=hard; bitplane_rate_mode=per_bitplane_raw_ber; unverified_policy=revert_to_bob_decode_failed; status_reason=decode_failed; success=0/4; raw_ser=0.0859375; post_ir_ser=0.0859375,0103c9bbee056421,False,decode_failed
real_typeii_20db_d8_bw180_blk0,8,180,4,4,layered_ldpc_lite,ok,ldpc.BpOsdDecoder,1.0,50,0,minimum_sum,gray,bsc_estimated,uniform,4,4,0,0,1.0,0.0859375,0.0,896.0,1.1666666666666667,0.0,0.3471282000245992,backend=ldpc.BpOsdDecoder; parity_fraction=1.0; column_weight=3; seed=20260428; osd_order=0; bp_method=minimum_sum; llr_mode=bsc_estimated; bitplane_rate_mode=uniform; unverified_policy=revert_to_bob_decode_failed,e70c48e72e0f514c,True,real_ir_success
real_typeii_20db_d8_bw180_blk0,8,180,4,4,layered_ldpc_lite,decode_failed,ldpc.BpOsdDecoder,0.9,20,0,minimum_sum,gray,bsc_estimated,per_bitplane_raw_ber,4,0,4,0,0.0,0.0859375,0.0859375,386.0,0.5026041666666666,0.0,0.3141335000109393,backend=ldpc.BpOsdDecoder; parity_fraction=0.9; column_weight=3; seed=20260428; osd_order=0; bp_method=minimum_sum; llr_mode=bsc_estimated; bitplane_rate_mode=per_bitplane_raw_ber; unverified_policy=revert_to_bob_decode_failed; status_reason=decode_failed; success=0/4; raw_ser=0.0859375; post_ir_ser=0.0859375,50c8302d2c7c4b52,False,decode_failed
real_typeii_20db_d8_bw180_blk0,8,180,4,4,layered_ldpc_lite,ok,ldpc.BpOsdDecoder,0.9,20,0,minimum_sum,gray,hard,uniform,4,4,0,0,1.0,0.0859375,0.0,824.0,1.0729166666666667,0.0,0.3259521999862045,backend=ldpc.BpOsdDecoder; parity_fraction=0.9; column_weight=3; seed=20260428; osd_order=0; bp_method=minimum_sum; llr_mode=hard; bitplane_rate_mode=uniform; unverified_policy=revert_to_bob_decode_failed,2b51707096848b82,True,real_ir_success
real_typeii_20db_d8_bw180_blk0,8,180,4,4,layered_ldpc_lite,decode_failed,ldpc.BpOsdDecoder,0.9,20,0,minimum_sum,gray,hard,per_bitplane_raw_ber,4,0,4,0,0.0,0.0859375,0.0859375,386.0,0.5026041666666666,0.0,0.3200387000106275,backend=ldpc.BpOsdDecoder; parity_fraction=0.9; column_weight=3; seed=20260428; osd_order=0; bp_method=minimum_sum; llr_mode=hard; bitplane_rate_mode=per_bitplane_raw_ber; unverified_policy=revert_to_bob_decode_failed; status_reason=decode_failed; success=0/4; raw_ser=0.0859375; post_ir_ser=0.0859375,4da6e917da3421be,False,decode_failed
real_typeii_20db_d8_bw180_blk0,8,180,4,4,layered_ldpc_lite,ok,ldpc.BpOsdDecoder,0.9,20,0,minimum_sum,gray,bsc_estimated,uniform,4,4,0,0,1.0,0.0859375,0.0,824.0,1.0729166666666667,0.0,0.3476501000113785,backend=ldpc.BpOsdDecoder; parity_fraction=0.9; column_weight=3; seed=20260428; osd_order=0; bp_method=minimum_sum; llr_mode=bsc_estimated; bitplane_rate_mode=uniform; unverified_policy=revert_to_bob_decode_failed,e2a86cc7c108b51e,True,real_ir_success
real_typeii_20db_d8_bw180_blk0,8,180,4,4,layered_ldpc_lite,ok,ldpc.BpOsdDecoder,0.9,50,0,minimum_sum,gray,bsc_estimated,uniform,4,4,0,0,1.0,0.0859375,0.0,824.0,1.0729166666666667,0.0,0.32838659998378716,backend=ldpc.BpOsdDecoder; parity_fraction=0.9; column_weight=3; seed=20260428; osd_order=0; bp_method=minimum_sum; llr_mode=bsc_estimated; bitplane_rate_mode=uniform; unverified_policy=revert_to_bob_decode_failed,e8db1e33326bc16a,True,real_ir_success
real_typeii_20db_d8_bw180_blk0,8,180,4,4,layered_ldpc_lite,decode_failed,ldpc.BpOsdDecoder,0.9,50,0,minimum_sum,gray,bsc_estimated,per_bitplane_raw_ber,4,0,4,0,0.0,0.0859375,0.0859375,386.0,0.5026041666666666,0.0,0.3168344000005163,backend=ldpc.BpOsdDecoder; parity_fraction=0.9; column_weight=3; seed=20260428; osd_order=0; bp_method=minimum_sum; llr_mode=bsc_estimated; bitplane_rate_mode=per_bitplane_raw_ber; unverified_policy=revert_to_bob_decode_failed; status_reason=decode_failed; success=0/4; raw_ser=0.0859375; post_ir_ser=0.0859375,d89811eb3f0d04d6,False,decode_failed
real_typeii_20db_d8_bw180_blk0,8,180,4,4,layered_ldpc_lite,ok,ldpc.BpOsdDecoder,0.9,50,0,minimum_sum,gray,hard,uniform,4,4,0,0,1.0,0.0859375,0.0,824.0,1.0729166666666667,0.0,0.30549830000381917,backend=ldpc.BpOsdDecoder; parity_fraction=0.9; column_weight=3; seed=20260428; osd_order=0; bp_method=minimum_sum; llr_mode=hard; bitplane_rate_mode=uniform; unverified_policy=revert_to_bob_decode_failed,9670a15685aa444a,True,real_ir_success
real_typeii_20db_d8_bw180_blk0,8,180,4,4,layered_ldpc_lite,decode_failed,ldpc.BpOsdDecoder,0.9,50,0,minimum_sum,gray,hard,per_bitplane_raw_ber,4,0,4,0,0.0,0.0859375,0.0859375,386.0,0.5026041666666666,0.0,0.30834849999519065,backend=ldpc.BpOsdDecoder; parity_fraction=0.9; column_weight=3; seed=20260428; osd_order=0; bp_method=minimum_sum; llr_mode=hard; bitplane_rate_mode=per_bitplane_raw_ber; unverified_policy=revert_to_bob_decode_failed; status_reason=decode_failed; success=0/4; raw_ser=0.0859375; post_ir_ser=0.0859375,a299c9feec31c721,False,decode_failed
real_typeii_20db_d8_bw180_blk0,8,180,4,4,layered_ldpc_lite,ok,ldpc.BpOsdDecoder,0.8,20,0,minimum_sum,gray,bsc_estimated,uniform,4,3,1,0,0.75,0.0859375,0.02734375,752.0,0.9791666666666666,0.0,0.33461869999882765,backend=ldpc.BpOsdDecoder; parity_fraction=0.8; column_weight=3; seed=20260428; osd_order=0; bp_method=minimum_sum; llr_mode=bsc_estimated; bitplane_rate_mode=uniform; unverified_policy=revert_to_bob_decode_failed,4a7d25970fa1d610,False,decode_improved_but_unverified
real_typeii_20db_d8_bw180_blk0,8,180,4,4,layered_ldpc_lite,decode_failed,ldpc.BpOsdDecoder,0.8,20,0,minimum_sum,gray,hard,per_bitplane_raw_ber,4,0,4,0,0.0,0.0859375,0.0859375,386.0,0.5026041666666666,0.0,0.2922376000205986,backend=ldpc.BpOsdDecoder; parity_fraction=0.8; column_weight=3; seed=20260428; osd_order=0; bp_method=minimum_sum; llr_mode=hard; bitplane_rate_mode=per_bitplane_raw_ber; unverified_policy=revert_to_bob_decode_failed; status_reason=decode_failed; success=0/4; raw_ser=0.0859375; post_ir_ser=0.0859375,a2656db4b402218e,False,decode_failed
real_typeii_20db_d8_bw180_blk0,8,180,4,4,layered_ldpc_lite,decode_failed,ldpc.BpOsdDecoder,0.8,20,0,minimum_sum,gray,bsc_estimated,per_bitplane_raw_ber,4,0,4,0,0.0,0.0859375,0.0859375,386.0,0.5026041666666666,0.0,0.31721840001409873,backend=ldpc.BpOsdDecoder; parity_fraction=0.8; column_weight=3; seed=20260428; osd_order=0; bp_method=minimum_sum; llr_mode=bsc_estimated; bitplane_rate_mode=per_bitplane_raw_ber; unverified_policy=revert_to_bob_decode_failed; status_reason=decode_failed; success=0/4; raw_ser=0.0859375; post_ir_ser=0.0859375,3a8da776864f8ca1,False,decode_failed
real_typeii_20db_d8_bw180_blk0,8,180,4,4,layered_ldpc_lite,ok,ldpc.BpOsdDecoder,0.8,20,0,minimum_sum,gray,hard,uniform,4,4,0,0,1.0,0.0859375,0.0,752.0,0.9791666666666666,0.0,0.3188330999983009,backend=ldpc.BpOsdDecoder; parity_fraction=0.8; column_weight=3; seed=20260428; osd_order=0; bp_method=minimum_sum; llr_mode=hard; bitplane_rate_mode=uniform; unverified_policy=revert_to_bob_decode_failed,ab197caf6be0e885,True,real_ir_success
real_typeii_20db_d8_bw180_blk0,8,180,4,4,layered_ldpc_lite,ok,ldpc.BpOsdDecoder,0.8,50,0,minimum_sum,gray,hard,uniform,4,3,1,0,0.75,0.0859375,0.02734375,752.0,0.9791666666666666,0.0,0.28582799999276176,backend=ldpc.BpOsdDecoder; parity_fraction=0.8; column_weight=3; seed=20260428; osd_order=0; bp_method=minimum_sum; llr_mode=hard; bitplane_rate_mode=uniform; unverified_policy=revert_to_bob_decode_failed,b07a3943cf9048dc,False,decode_improved_but_unverified
real_typeii_20db_d8_bw180_blk0,8,180,4,4,layered_ldpc_lite,ok,ldpc.BpOsdDecoder,0.8,50,0,minimum_sum,gray,bsc_estimated,uniform,4,3,1,0,0.75,0.0859375,0.02734375,752.0,0.9791666666666666,0.0,0.32067749998532236,backend=ldpc.BpOsdDecoder; parity_fraction=0.8; column_weight=3; seed=20260428; osd_order=0; bp_method=minimum_sum; llr_mode=bsc_estimated; bitplane_rate_mode=uniform; unverified_policy=revert_to_bob_decode_failed,221e5a91339f6e44,False,decode_improved_but_unverified
real_typeii_20db_d8_bw180_blk0,8,180,4,4,layered_ldpc_lite,decode_failed,ldpc.BpOsdDecoder,0.8,50,0,minimum_sum,gray,bsc_estimated,per_bitplane_raw_ber,4,0,4,0,0.0,0.0859375,0.0859375,386.0,0.5026041666666666,0.0,0.3346431000099983,backend=ldpc.BpOsdDecoder; parity_fraction=0.8; column_weight=3; seed=20260428; osd_order=0; bp_method=minimum_sum; llr_mode=bsc_estimated; bitplane_rate_mode=per_bitplane_raw_ber; unverified_policy=revert_to_bob_decode_failed; status_reason=decode_failed; success=0/4; raw_ser=0.0859375; post_ir_ser=0.0859375,f15146d3c2351083,False,decode_failed
real_typeii_20db_d8_bw180_blk0,8,180,4,4,layered_ldpc_lite,decode_failed,ldpc.BpOsdDecoder,0.8,50,0,minimum_sum,gray,hard,per_bitplane_raw_ber,4,0,4,0,0.0,0.0859375,0.0859375,386.0,0.5026041666666666,0.0,0.33290150001994334,backend=ldpc.BpOsdDecoder; parity_fraction=0.8; column_weight=3; seed=20260428; osd_order=0; bp_method=minimum_sum; llr_mode=hard; bitplane_rate_mode=per_bitplane_raw_ber; unverified_policy=revert_to_bob_decode_failed; status_reason=decode_failed; success=0/4; raw_ser=0.0859375; post_ir_ser=0.0859375,a5049c9574e31a3f,False,decode_failed
real_typeii_20db_d8_bw180_blk0,8,180,4,4,layered_ldpc_lite,ok,ldpc.BpOsdDecoder,0.67,20,0,minimum_sum,gray,bsc_estimated,uniform,4,3,1,0,0.75,0.0859375,0.02734375,644.0,0.8385416666666666,0.0,0.335512200021185,backend=ldpc.BpOsdDecoder; parity_fraction=0.67; column_weight=3; seed=20260428; osd_order=0; bp_method=minimum_sum; llr_mode=bsc_estimated; bitplane_rate_mode=uniform; unverified_policy=revert_to_bob_decode_failed,6c4a3aa3591d6a87,False,decode_improved_but_unverified
real_typeii_20db_d8_bw180_blk0,8,180,4,4,layered_ldpc_lite,ok,ldpc.BpOsdDecoder,0.67,20,0,minimum_sum,gray,hard,uniform,4,2,2,0,0.5,0.0859375,0.0625,644.0,0.8385416666666666,0.0,0.3153597999771591,backend=ldpc.BpOsdDecoder; parity_fraction=0.67; column_weight=3; seed=20260428; osd_order=0; bp_method=minimum_sum; llr_mode=hard; bitplane_rate_mode=uniform; unverified_policy=revert_to_bob_decode_failed,e9507461673c12c3,False,decode_improved_but_unverified
real_typeii_20db_d8_bw180_blk0,8,180,4,4,layered_ldpc_lite,decode_failed,ldpc.BpOsdDecoder,0.67,20,0,minimum_sum,gray,hard,per_bitplane_raw_ber,4,0,4,0,0.0,0.0859375,0.0859375,386.0,0.5026041666666666,0.0,0.31742609999491833,backend=ldpc.BpOsdDecoder; parity_fraction=0.67; column_weight=3; seed=20260428; osd_order=0; bp_method=minimum_sum; llr_mode=hard; bitplane_rate_mode=per_bitplane_raw_ber; unverified_policy=revert_to_bob_decode_failed; status_reason=decode_failed; success=0/4; raw_ser=0.0859375; post_ir_ser=0.0859375,60cd5f62523c8823,False,decode_failed
real_typeii_20db_d8_bw180_blk0,8,180,4,4,layered_ldpc_lite,decode_failed,ldpc.BpOsdDecoder,0.67,20,0,minimum_sum,gray,bsc_estimated,per_bitplane_raw_ber,4,0,4,0,0.0,0.0859375,0.0859375,386.0,0.5026041666666666,0.0,0.32690739998361096,backend=ldpc.BpOsdDecoder; parity_fraction=0.67; column_weight=3; seed=20260428; osd_order=0; bp_method=minimum_sum; llr_mode=bsc_estimated; bitplane_rate_mode=per_bitplane_raw_ber; unverified_policy=revert_to_bob_decode_failed; status_reason=decode_failed; success=0/4; raw_ser=0.0859375; post_ir_ser=0.0859375,c2b1f659b8477e05,False,decode_failed
real_typeii_20db_d8_bw180_blk0,8,180,4,4,layered_ldpc_lite,decode_failed,ldpc.BpOsdDecoder,0.67,50,0,minimum_sum,gray,bsc_estimated,per_bitplane_raw_ber,4,0,4,0,0.0,0.0859375,0.0859375,386.0,0.5026041666666666,0.0,0.312455500010401,backend=ldpc.BpOsdDecoder; parity_fraction=0.67; column_weight=3; seed=20260428; osd_order=0; bp_method=minimum_sum; llr_mode=bsc_estimated; bitplane_rate_mode=per_bitplane_raw_ber; unverified_policy=revert_to_bob_decode_failed; status_reason=decode_failed; success=0/4; raw_ser=0.0859375; post_ir_ser=0.0859375,d6e88ad9e9ec382f,False,decode_failed
real_typeii_20db_d8_bw180_blk0,8,180,4,4,layered_ldpc_lite,ok,ldpc.BpOsdDecoder,0.67,50,0,minimum_sum,gray,bsc_estimated,uniform,4,2,2,0,0.5,0.0859375,0.0625,644.0,0.8385416666666666,0.0,0.3278386000019964,backend=ldpc.BpOsdDecoder; parity_fraction=0.67; column_weight=3; seed=20260428; osd_order=0; bp_method=minimum_sum; llr_mode=bsc_estimated; bitplane_rate_mode=uniform; unverified_policy=revert_to_bob_decode_failed,f3f67ce02bdd88ce,False,decode_improved_but_unverified
real_typeii_20db_d8_bw180_blk0,8,180,4,4,layered_ldpc_lite,decode_failed,ldpc.BpOsdDecoder,0.67,50,0,minimum_sum,gray,hard,per_bitplane_raw_ber,4,0,4,0,0.0,0.0859375,0.0859375,386.0,0.5026041666666666,0.0,0.3136366000107955,backend=ldpc.BpOsdDecoder; parity_fraction=0.67; column_weight=3; seed=20260428; osd_order=0; bp_method=minimum_sum; llr_mode=hard; bitplane_rate_mode=per_bitplane_raw_ber; unverified_policy=revert_to_bob_decode_failed; status_reason=decode_failed; success=0/4; raw_ser=0.0859375; post_ir_ser=0.0859375,478c39ba41adf51c,False,decode_failed
real_typeii_20db_d8_bw180_blk0,8,180,4,4,layered_ldpc_lite,ok,ldpc.BpOsdDecoder,0.67,50,0,minimum_sum,gray,hard,uniform,4,2,2,0,0.5,0.0859375,0.0625,644.0,0.8385416666666666,0.0,0.35243030000128783,backend=ldpc.BpOsdDecoder; parity_fraction=0.67; column_weight=3; seed=20260428; osd_order=0; bp_method=minimum_sum; llr_mode=hard; bitplane_rate_mode=uniform; unverified_policy=revert_to_bob_decode_failed,ec874e3fd7633e78,False,decode_improved_but_unverified
real_typeii_20db_d8_bw180_blk0,8,180,4,4,layered_ldpc_lite,ok,ldpc.BpOsdDecoder,0.5,20,0,minimum_sum,gray,bsc_estimated,uniform,4,1,3,0,0.25,0.0859375,0.07421875,512.0,0.6666666666666666,0.0,0.3321285000129137,backend=ldpc.BpOsdDecoder; parity_fraction=0.5; column_weight=3; seed=20260428; osd_order=0; bp_method=minimum_sum; llr_mode=bsc_estimated; bitplane_rate_mode=uniform; unverified_policy=revert_to_bob_decode_failed,bcf315a17a197dbd,False,decode_improved_but_unverified
real_typeii_20db_d8_bw180_blk0,8,180,4,4,layered_ldpc_lite,decode_failed,ldpc.BpOsdDecoder,0.5,20,0,minimum_sum,gray,hard,per_bitplane_raw_ber,4,0,4,0,0.0,0.0859375,0.0859375,386.0,0.5026041666666666,0.0,0.3140578999882564,backend=ldpc.BpOsdDecoder; parity_fraction=0.5; column_weight=3; seed=20260428; osd_order=0; bp_method=minimum_sum; llr_mode=hard; bitplane_rate_mode=per_bitplane_raw_ber; unverified_policy=revert_to_bob_decode_failed; status_reason=decode_failed; success=0/4; raw_ser=0.0859375; post_ir_ser=0.0859375,a318891939186cc5,False,decode_failed
real_typeii_20db_d8_bw180_blk0,8,180,4,4,layered_ldpc_lite,decode_failed,ldpc.BpOsdDecoder,0.5,20,0,minimum_sum,gray,bsc_estimated,per_bitplane_raw_ber,4,0,4,0,0.0,0.0859375,0.0859375,386.0,0.5026041666666666,0.0,0.33822289999807253,backend=ldpc.BpOsdDecoder; parity_fraction=0.5; column_weight=3; seed=20260428; osd_order=0; bp_method=minimum_sum; llr_mode=bsc_estimated; bitplane_rate_mode=per_bitplane_raw_ber; unverified_policy=revert_to_bob_decode_failed; status_reason=decode_failed; success=0/4; raw_ser=0.0859375; post_ir_ser=0.0859375,9fc5a75a57942d0d,False,decode_failed
real_typeii_20db_d8_bw180_blk0,8,180,4,4,layered_ldpc_lite,ok,ldpc.BpOsdDecoder,0.5,20,0,minimum_sum,gray,hard,uniform,4,1,3,0,0.25,0.0859375,0.07421875,512.0,0.6666666666666666,0.0,0.33003979999921285,backend=ldpc.BpOsdDecoder; parity_fraction=0.5; column_weight=3; seed=20260428; osd_order=0; bp_method=minimum_sum; llr_mode=hard; bitplane_rate_mode=uniform; unverified_policy=revert_to_bob_decode_failed,58319925d8a577d6,False,decode_improved_but_unverified
real_typeii_20db_d8_bw180_blk0,8,180,4,4,layered_ldpc_lite,ok,ldpc.BpOsdDecoder,0.5,50,0,minimum_sum,gray,bsc_estimated,uniform,4,1,3,0,0.25,0.0859375,0.07421875,512.0,0.6666666666666666,0.0,0.3377452999993693,backend=ldpc.BpOsdDecoder; parity_fraction=0.5; column_weight=3; seed=20260428; osd_order=0; bp_method=minimum_sum; llr_mode=bsc_estimated; bitplane_rate_mode=uniform; unverified_policy=revert_to_bob_decode_failed,1b68567774e87e2e,False,decode_improved_but_unverified
real_typeii_20db_d8_bw180_blk0,8,180,4,4,layered_ldpc_lite,decode_failed,ldpc.BpOsdDecoder,0.5,50,0,minimum_sum,gray,bsc_estimated,per_bitplane_raw_ber,4,0,4,0,0.0,0.0859375,0.0859375,386.0,0.5026041666666666,0.0,0.3328197000082582,backend=ldpc.BpOsdDecoder; parity_fraction=0.5; column_weight=3; seed=20260428; osd_order=0; bp_method=minimum_sum; llr_mode=bsc_estimated; bitplane_rate_mode=per_bitplane_raw_ber; unverified_policy=revert_to_bob_decode_failed; status_reason=decode_failed; success=0/4; raw_ser=0.0859375; post_ir_ser=0.0859375,40d724aaf2f5c16d,False,decode_failed
real_typeii_20db_d8_bw180_blk0,8,180,4,4,layered_ldpc_lite,ok,ldpc.BpOsdDecoder,0.5,50,0,minimum_sum,gray,hard,uniform,4,1,3,0,0.25,0.0859375,0.07421875,512.0,0.6666666666666666,0.0,0.3224353000114206,backend=ldpc.BpOsdDecoder; parity_fraction=0.5; column_weight=3; seed=20260428; osd_order=0; bp_method=minimum_sum; llr_mode=hard; bitplane_rate_mode=uniform; unverified_policy=revert_to_bob_decode_failed,dc1d252b3b27a80e,False,decode_improved_but_unverified
real_typeii_20db_d8_bw50_blk0,8,50,4,4,layered_ldpc_lite,decode_failed,ldpc.BpOsdDecoder,1.0,20,0,minimum_sum,gray,hard,per_bitplane_raw_ber,4,0,4,0,0.0,0.23828125,0.23828125,497.0,0.6471354166666666,0.0,0.3144711000204552,backend=ldpc.BpOsdDecoder; parity_fraction=1.0; column_weight=3; seed=20260428; osd_order=0; bp_method=minimum_sum; llr_mode=hard; bitplane_rate_mode=per_bitplane_raw_ber; unverified_policy=revert_to_bob_decode_failed; status_reason=decode_failed; success=0/4; raw_ser=0.23828125; post_ir_ser=0.23828125,0103c9bbee056421,False,decode_failed
real_typeii_20db_d8_bw50_blk0,8,50,4,4,layered_ldpc_lite,ok,ldpc.BpOsdDecoder,1.0,20,0,minimum_sum,gray,bsc_estimated,uniform,4,4,0,0,1.0,0.23828125,0.0,896.0,1.1666666666666667,0.0,0.32754870000644587,backend=ldpc.BpOsdDecoder; parity_fraction=1.0; column_weight=3; seed=20260428; osd_order=0; bp_method=minimum_sum; llr_mode=bsc_estimated; bitplane_rate_mode=uniform; unverified_policy=revert_to_bob_decode_failed,f19ef69363e4d20b,True,real_ir_success
real_typeii_20db_d8_bw50_blk0,8,50,4,4,layered_ldpc_lite,ok,ldpc.BpOsdDecoder,1.0,50,0,minimum_sum,gray,bsc_estimated,uniform,4,4,0,0,1.0,0.23828125,0.0,896.0,1.1666666666666667,0.0,0.32379280001623556,backend=ldpc.BpOsdDecoder; parity_fraction=1.0; column_weight=3; seed=20260428; osd_order=0; bp_method=minimum_sum; llr_mode=bsc_estimated; bitplane_rate_mode=uniform; unverified_policy=revert_to_bob_decode_failed,e70c48e72e0f514c,True,real_ir_success
real_typeii_20db_d8_bw50_blk0,8,50,4,4,layered_ldpc_lite,ok,ldpc.BpOsdDecoder,1.0,20,0,minimum_sum,gray,hard,uniform,4,4,0,0,1.0,0.23828125,0.0,896.0,1.1666666666666667,0.0,0.33864219998940825,backend=ldpc.BpOsdDecoder; parity_fraction=1.0; column_weight=3; seed=20260428; osd_order=0; bp_method=minimum_sum; llr_mode=hard; bitplane_rate_mode=uniform; unverified_policy=revert_to_bob_decode_failed,493597a2c137d2ff,True,real_ir_success
real_typeii_20db_d8_bw180_blk0,8,180,4,4,layered_ldpc_lite,decode_failed,ldpc.BpOsdDecoder,0.5,50,0,minimum_sum,gray,hard,per_bitplane_raw_ber,4,0,4,0,0.0,0.0859375,0.0859375,386.0,0.5026041666666666,0.0,0.3560945999925025,backend=ldpc.BpOsdDecoder; parity_fraction=0.5; column_weight=3; seed=20260428; osd_order=0; bp_method=minimum_sum; llr_mode=hard; bitplane_rate_mode=per_bitplane_raw_ber; unverified_policy=revert_to_bob_decode_failed; status_reason=decode_failed; success=0/4; raw_ser=0.0859375; post_ir_ser=0.0859375,d6b9c1a46f4c63eb,False,decode_failed
real_typeii_20db_d8_bw50_blk0,8,50,4,4,layered_ldpc_lite,decode_failed,ldpc.BpOsdDecoder,1.0,20,0,minimum_sum,gray,bsc_estimated,per_bitplane_raw_ber,4,0,4,0,0.0,0.23828125,0.23828125,497.0,0.6471354166666666,0.0,0.3582921999914106,backend=ldpc.BpOsdDecoder; parity_fraction=1.0; column_weight=3; seed=20260428; osd_order=0; bp_method=minimum_sum; llr_mode=bsc_estimated; bitplane_rate_mode=per_bitplane_raw_ber; unverified_policy=revert_to_bob_decode_failed; status_reason=decode_failed; success=0/4; raw_ser=0.23828125; post_ir_ser=0.23828125,14a31b5b2a7161cd,False,decode_failed
real_typeii_20db_d8_bw50_blk0,8,50,4,4,layered_ldpc_lite,decode_failed,ldpc.BpOsdDecoder,1.0,50,0,minimum_sum,gray,bsc_estimated,per_bitplane_raw_ber,4,0,4,0,0.0,0.23828125,0.23828125,497.0,0.6471354166666666,0.0,0.3511198000051081,backend=ldpc.BpOsdDecoder; parity_fraction=1.0; column_weight=3; seed=20260428; osd_order=0; bp_method=minimum_sum; llr_mode=bsc_estimated; bitplane_rate_mode=per_bitplane_raw_ber; unverified_policy=revert_to_bob_decode_failed; status_reason=decode_failed; success=0/4; raw_ser=0.23828125; post_ir_ser=0.23828125,97a51272421631e9,False,decode_failed
real_typeii_20db_d8_bw50_blk0,8,50,4,4,layered_ldpc_lite,ok,ldpc.BpOsdDecoder,1.0,50,0,minimum_sum,gray,hard,uniform,4,4,0,0,1.0,0.23828125,0.0,896.0,1.1666666666666667,0.0,0.35820909999893047,backend=ldpc.BpOsdDecoder; parity_fraction=1.0; column_weight=3; seed=20260428; osd_order=0; bp_method=minimum_sum; llr_mode=hard; bitplane_rate_mode=uniform; unverified_policy=revert_to_bob_decode_failed,c0088d2836df2d57,True,real_ir_success
real_typeii_20db_d8_bw50_blk0,8,50,4,4,layered_ldpc_lite,decode_failed,ldpc.BpOsdDecoder,1.0,50,0,minimum_sum,gray,hard,per_bitplane_raw_ber,4,0,4,0,0.0,0.23828125,0.23828125,497.0,0.6471354166666666,0.0,0.3403678000031505,backend=ldpc.BpOsdDecoder; parity_fraction=1.0; column_weight=3; seed=20260428; osd_order=0; bp_method=minimum_sum; llr_mode=hard; bitplane_rate_mode=per_bitplane_raw_ber; unverified_policy=revert_to_bob_decode_failed; status_reason=decode_failed; success=0/4; raw_ser=0.23828125; post_ir_ser=0.23828125,192fec5285ccad3d,False,decode_failed
real_typeii_20db_d8_bw50_blk0,8,50,4,4,layered_ldpc_lite,decode_failed,ldpc.BpOsdDecoder,0.9,20,0,minimum_sum,gray,bsc_estimated,per_bitplane_raw_ber,4,0,4,0,0.0,0.23828125,0.23828125,497.0,0.6471354166666666,0.0,0.2986545999883674,backend=ldpc.BpOsdDecoder; parity_fraction=0.9; column_weight=3; seed=20260428; osd_order=0; bp_method=minimum_sum; llr_mode=bsc_estimated; bitplane_rate_mode=per_bitplane_raw_ber; unverified_policy=revert_to_bob_decode_failed; status_reason=decode_failed; success=0/4; raw_ser=0.23828125; post_ir_ser=0.23828125,50c8302d2c7c4b52,False,decode_failed
real_typeii_20db_d8_bw50_blk0,8,50,4,4,layered_ldpc_lite,ok,ldpc.BpOsdDecoder,0.9,20,0,minimum_sum,gray,bsc_estimated,uniform,4,3,1,0,0.75,0.23828125,0.078125,824.0,1.0729166666666667,0.0,0.33251179999206215,backend=ldpc.BpOsdDecoder; parity_fraction=0.9; column_weight=3; seed=20260428; osd_order=0; bp_method=minimum_sum; llr_mode=bsc_estimated; bitplane_rate_mode=uniform; unverified_policy=revert_to_bob_decode_failed,e2a86cc7c108b51e,False,decode_improved_but_unverified
real_typeii_20db_d8_bw50_blk0,8,50,4,4,layered_ldpc_lite,ok,ldpc.BpOsdDecoder,0.9,20,0,minimum_sum,gray,hard,uniform,4,3,1,0,0.75,0.23828125,0.078125,824.0,1.0729166666666667,0.0,0.3352028999943286,backend=ldpc.BpOsdDecoder; parity_fraction=0.9; column_weight=3; seed=20260428; osd_order=0; bp_method=minimum_sum; llr_mode=hard; bitplane_rate_mode=uniform; unverified_policy=revert_to_bob_decode_failed,2b51707096848b82,False,decode_improved_but_unverified
real_typeii_20db_d8_bw50_blk0,8,50,4,4,layered_ldpc_lite,decode_failed,ldpc.BpOsdDecoder,0.9,20,0,minimum_sum,gray,hard,per_bitplane_raw_ber,4,0,4,0,0.0,0.23828125,0.23828125,497.0,0.6471354166666666,0.0,0.34719980001682416,backend=ldpc.BpOsdDecoder; parity_fraction=0.9; column_weight=3; seed=20260428; osd_order=0; bp_method=minimum_sum; llr_mode=hard; bitplane_rate_mode=per_bitplane_raw_ber; unverified_policy=revert_to_bob_decode_failed; status_reason=decode_failed; success=0/4; raw_ser=0.23828125; post_ir_ser=0.23828125,4da6e917da3421be,False,decode_failed
real_typeii_20db_d8_bw50_blk0,8,50,4,4,layered_ldpc_lite,decode_failed,ldpc.BpOsdDecoder,0.9,50,0,minimum_sum,gray,bsc_estimated,per_bitplane_raw_ber,4,0,4,0,0.0,0.23828125,0.23828125,497.0,0.6471354166666666,0.0,0.32744029999594204,backend=ldpc.BpOsdDecoder; parity_fraction=0.9; column_weight=3; seed=20260428; osd_order=0; bp_method=minimum_sum; llr_mode=bsc_estimated; bitplane_rate_mode=per_bitplane_raw_ber; unverified_policy=revert_to_bob_decode_failed; status_reason=decode_failed; success=0/4; raw_ser=0.23828125; post_ir_ser=0.23828125,d89811eb3f0d04d6,False,decode_failed
real_typeii_20db_d8_bw50_blk0,8,50,4,4,layered_ldpc_lite,ok,ldpc.BpOsdDecoder,0.9,50,0,minimum_sum,gray,bsc_estimated,uniform,4,2,2,0,0.5,0.23828125,0.1484375,824.0,1.0729166666666667,0.0,0.34068439999828115,backend=ldpc.BpOsdDecoder; parity_fraction=0.9; column_weight=3; seed=20260428; osd_order=0; bp_method=minimum_sum; llr_mode=bsc_estimated; bitplane_rate_mode=uniform; unverified_policy=revert_to_bob_decode_failed,e8db1e33326bc16a,False,decode_improved_but_unverified
real_typeii_20db_d8_bw50_blk0,8,50,4,4,layered_ldpc_lite,ok,ldpc.BpOsdDecoder,0.8,20,0,minimum_sum,gray,bsc_estimated,uniform,4,3,1,0,0.75,0.23828125,0.078125,752.0,0.9791666666666666,0.0,0.31113399998866953,backend=ldpc.BpOsdDecoder; parity_fraction=0.8; column_weight=3; seed=20260428; osd_order=0; bp_method=minimum_sum; llr_mode=bsc_estimated; bitplane_rate_mode=uniform; unverified_policy=revert_to_bob_decode_failed,4a7d25970fa1d610,False,decode_improved_but_unverified
real_typeii_20db_d8_bw50_blk0,8,50,4,4,layered_ldpc_lite,ok,ldpc.BpOsdDecoder,0.9,50,0,minimum_sum,gray,hard,uniform,4,2,2,0,0.5,0.23828125,0.1484375,824.0,1.0729166666666667,0.0,0.34448679999331944,backend=ldpc.BpOsdDecoder; parity_fraction=0.9; column_weight=3; seed=20260428; osd_order=0; bp_method=minimum_sum; llr_mode=hard; bitplane_rate_mode=uniform; unverified_policy=revert_to_bob_decode_failed,9670a15685aa444a,False,decode_improved_but_unverified
real_typeii_20db_d8_bw50_blk0,8,50,4,4,layered_ldpc_lite,decode_failed,ldpc.BpOsdDecoder,0.8,20,0,minimum_sum,gray,bsc_estimated,per_bitplane_raw_ber,4,0,4,0,0.0,0.23828125,0.23828125,497.0,0.6471354166666666,0.0,0.31715210000402294,backend=ldpc.BpOsdDecoder; parity_fraction=0.8; column_weight=3; seed=20260428; osd_order=0; bp_method=minimum_sum; llr_mode=bsc_estimated; bitplane_rate_mode=per_bitplane_raw_ber; unverified_policy=revert_to_bob_decode_failed; status_reason=decode_failed; success=0/4; raw_ser=0.23828125; post_ir_ser=0.23828125,3a8da776864f8ca1,False,decode_failed
real_typeii_20db_d8_bw50_blk0,8,50,4,4,layered_ldpc_lite,decode_failed,ldpc.BpOsdDecoder,0.9,50,0,minimum_sum,gray,hard,per_bitplane_raw_ber,4,0,4,0,0.0,0.23828125,0.23828125,497.0,0.6471354166666666,0.0,0.35531129999435507,backend=ldpc.BpOsdDecoder; parity_fraction=0.9; column_weight=3; seed=20260428; osd_order=0; bp_method=minimum_sum; llr_mode=hard; bitplane_rate_mode=per_bitplane_raw_ber; unverified_policy=revert_to_bob_decode_failed; status_reason=decode_failed; success=0/4; raw_ser=0.23828125; post_ir_ser=0.23828125,a299c9feec31c721,False,decode_failed
real_typeii_20db_d8_bw50_blk0,8,50,4,4,layered_ldpc_lite,ok,ldpc.BpOsdDecoder,0.8,20,0,minimum_sum,gray,hard,uniform,4,3,1,0,0.75,0.23828125,0.078125,752.0,0.9791666666666666,0.0,0.336749600013718,backend=ldpc.BpOsdDecoder; parity_fraction=0.8; column_weight=3; seed=20260428; osd_order=0; bp_method=minimum_sum; llr_mode=hard; bitplane_rate_mode=uniform; unverified_policy=revert_to_bob_decode_failed,ab197caf6be0e885,False,decode_improved_but_unverified
real_typeii_20db_d8_bw50_blk0,8,50,4,4,layered_ldpc_lite,decode_failed,ldpc.BpOsdDecoder,0.8,20,0,minimum_sum,gray,hard,per_bitplane_raw_ber,4,0,4,0,0.0,0.23828125,0.23828125,497.0,0.6471354166666666,0.0,0.33433599999989383,backend=ldpc.BpOsdDecoder; parity_fraction=0.8; column_weight=3; seed=20260428; osd_order=0; bp_method=minimum_sum; llr_mode=hard; bitplane_rate_mode=per_bitplane_raw_ber; unverified_policy=revert_to_bob_decode_failed; status_reason=decode_failed; success=0/4; raw_ser=0.23828125; post_ir_ser=0.23828125,a2656db4b402218e,False,decode_failed
real_typeii_20db_d8_bw50_blk0,8,50,4,4,layered_ldpc_lite,ok,ldpc.BpOsdDecoder,0.8,50,0,minimum_sum,gray,bsc_estimated,uniform,4,2,2,0,0.5,0.23828125,0.13671875,752.0,0.9791666666666666,0.0,0.3449131999805104,backend=ldpc.BpOsdDecoder; parity_fraction=0.8; column_weight=3; seed=20260428; osd_order=0; bp_method=minimum_sum; llr_mode=bsc_estimated; bitplane_rate_mode=uniform; unverified_policy=revert_to_bob_decode_failed,221e5a91339f6e44,False,decode_improved_but_unverified
real_typeii_20db_d8_bw50_blk0,8,50,4,4,layered_ldpc_lite,decode_failed,ldpc.BpOsdDecoder,0.8,50,0,minimum_sum,gray,bsc_estimated,per_bitplane_raw_ber,4,0,4,0,0.0,0.23828125,0.23828125,497.0,0.6471354166666666,0.0,0.34555970001383685,backend=ldpc.BpOsdDecoder; parity_fraction=0.8; column_weight=3; seed=20260428; osd_order=0; bp_method=minimum_sum; llr_mode=bsc_estimated; bitplane_rate_mode=per_bitplane_raw_ber; unverified_policy=revert_to_bob_decode_failed; status_reason=decode_failed; success=0/4; raw_ser=0.23828125; post_ir_ser=0.23828125,f15146d3c2351083,False,decode_failed
real_typeii_20db_d8_bw50_blk0,8,50,4,4,layered_ldpc_lite,decode_failed,ldpc.BpOsdDecoder,0.8,50,0,minimum_sum,gray,hard,per_bitplane_raw_ber,4,0,4,0,0.0,0.23828125,0.23828125,497.0,0.6471354166666666,0.0,0.3299234999867622,backend=ldpc.BpOsdDecoder; parity_fraction=0.8; column_weight=3; seed=20260428; osd_order=0; bp_method=minimum_sum; llr_mode=hard; bitplane_rate_mode=per_bitplane_raw_ber; unverified_policy=revert_to_bob_decode_failed; status_reason=decode_failed; success=0/4; raw_ser=0.23828125; post_ir_ser=0.23828125,a5049c9574e31a3f,False,decode_failed
real_typeii_20db_d8_bw50_blk0,8,50,4,4,layered_ldpc_lite,ok,ldpc.BpOsdDecoder,0.8,50,0,minimum_sum,gray,hard,uniform,4,2,2,0,0.5,0.23828125,0.13671875,752.0,0.9791666666666666,0.0,0.3557132999994792,backend=ldpc.BpOsdDecoder; parity_fraction=0.8; column_weight=3; seed=20260428; osd_order=0; bp_method=minimum_sum; llr_mode=hard; bitplane_rate_mode=uniform; unverified_policy=revert_to_bob_decode_failed,b07a3943cf9048dc,False,decode_improved_but_unverified
real_typeii_20db_d8_bw50_blk0,8,50,4,4,layered_ldpc_lite,decode_failed,ldpc.BpOsdDecoder,0.67,20,0,minimum_sum,gray,bsc_estimated,uniform,4,0,4,0,0.0,0.23828125,0.23828125,644.0,0.8385416666666666,0.0,0.31940300000132993,backend=ldpc.BpOsdDecoder; parity_fraction=0.67; column_weight=3; seed=20260428; osd_order=0; bp_method=minimum_sum; llr_mode=bsc_estimated; bitplane_rate_mode=uniform; unverified_policy=revert_to_bob_decode_failed; status_reason=decode_failed; success=0/4; raw_ser=0.23828125; post_ir_ser=0.23828125,6c4a3aa3591d6a87,False,decode_failed
real_typeii_20db_d8_bw50_blk0,8,50,4,4,layered_ldpc_lite,decode_failed,ldpc.BpOsdDecoder,0.67,20,0,minimum_sum,gray,hard,uniform,4,0,4,0,0.0,0.23828125,0.23828125,644.0,0.8385416666666666,0.0,0.30502480000723153,backend=ldpc.BpOsdDecoder; parity_fraction=0.67; column_weight=3; seed=20260428; osd_order=0; bp_method=minimum_sum; llr_mode=hard; bitplane_rate_mode=uniform; unverified_policy=revert_to_bob_decode_failed; status_reason=decode_failed; success=0/4; raw_ser=0.23828125; post_ir_ser=0.23828125,e9507461673c12c3,False,decode_failed
real_typeii_20db_d8_bw50_blk0,8,50,4,4,layered_ldpc_lite,decode_failed,ldpc.BpOsdDecoder,0.67,20,0,minimum_sum,gray,bsc_estimated,per_bitplane_raw_ber,4,0,4,0,0.0,0.23828125,0.23828125,497.0,0.6471354166666666,0.0,0.338985699985642,backend=ldpc.BpOsdDecoder; parity_fraction=0.67; column_weight=3; seed=20260428; osd_order=0; bp_method=minimum_sum; llr_mode=bsc_estimated; bitplane_rate_mode=per_bitplane_raw_ber; unverified_policy=revert_to_bob_decode_failed; status_reason=decode_failed; success=0/4; raw_ser=0.23828125; post_ir_ser=0.23828125,c2b1f659b8477e05,False,decode_failed
real_typeii_20db_d8_bw50_blk0,8,50,4,4,layered_ldpc_lite,decode_failed,ldpc.BpOsdDecoder,0.67,20,0,minimum_sum,gray,hard,per_bitplane_raw_ber,4,0,4,0,0.0,0.23828125,0.23828125,497.0,0.6471354166666666,0.0,0.3195469999918714,backend=ldpc.BpOsdDecoder; parity_fraction=0.67; column_weight=3; seed=20260428; osd_order=0; bp_method=minimum_sum; llr_mode=hard; bitplane_rate_mode=per_bitplane_raw_ber; unverified_policy=revert_to_bob_decode_failed; status_reason=decode_failed; success=0/4; raw_ser=0.23828125; post_ir_ser=0.23828125,60cd5f62523c8823,False,decode_failed
real_typeii_20db_d8_bw50_blk0,8,50,4,4,layered_ldpc_lite,decode_failed,ldpc.BpOsdDecoder,0.67,50,0,minimum_sum,gray,bsc_estimated,uniform,4,0,4,0,0.0,0.23828125,0.23828125,644.0,0.8385416666666666,0.0,0.32105510000837967,backend=ldpc.BpOsdDecoder; parity_fraction=0.67; column_weight=3; seed=20260428; osd_order=0; bp_method=minimum_sum; llr_mode=bsc_estimated; bitplane_rate_mode=uniform; unverified_policy=revert_to_bob_decode_failed; status_reason=decode_failed; success=0/4; raw_ser=0.23828125; post_ir_ser=0.23828125,f3f67ce02bdd88ce,False,decode_failed
real_typeii_20db_d8_bw50_blk0,8,50,4,4,layered_ldpc_lite,decode_failed,ldpc.BpOsdDecoder,0.67,50,0,minimum_sum,gray,bsc_estimated,per_bitplane_raw_ber,4,0,4,0,0.0,0.23828125,0.23828125,497.0,0.6471354166666666,0.0,0.320460400020238,backend=ldpc.BpOsdDecoder; parity_fraction=0.67; column_weight=3; seed=20260428; osd_order=0; bp_method=minimum_sum; llr_mode=bsc_estimated; bitplane_rate_mode=per_bitplane_raw_ber; unverified_policy=revert_to_bob_decode_failed; status_reason=decode_failed; success=0/4; raw_ser=0.23828125; post_ir_ser=0.23828125,d6e88ad9e9ec382f,False,decode_failed
real_typeii_20db_d8_bw50_blk0,8,50,4,4,layered_ldpc_lite,decode_failed,ldpc.BpOsdDecoder,0.67,50,0,minimum_sum,gray,hard,uniform,4,0,4,0,0.0,0.23828125,0.23828125,644.0,0.8385416666666666,0.0,0.3192642999929376,backend=ldpc.BpOsdDecoder; parity_fraction=0.67; column_weight=3; seed=20260428; osd_order=0; bp_method=minimum_sum; llr_mode=hard; bitplane_rate_mode=uniform; unverified_policy=revert_to_bob_decode_failed; status_reason=decode_failed; success=0/4; raw_ser=0.23828125; post_ir_ser=0.23828125,ec874e3fd7633e78,False,decode_failed
real_typeii_20db_d8_bw50_blk0,8,50,4,4,layered_ldpc_lite,decode_failed,ldpc.BpOsdDecoder,0.67,50,0,minimum_sum,gray,hard,per_bitplane_raw_ber,4,0,4,0,0.0,0.23828125,0.23828125,497.0,0.6471354166666666,0.0,0.31959569998434745,backend=ldpc.BpOsdDecoder; parity_fraction=0.67; column_weight=3; seed=20260428; osd_order=0; bp_method=minimum_sum; llr_mode=hard; bitplane_rate_mode=per_bitplane_raw_ber; unverified_policy=revert_to_bob_decode_failed; status_reason=decode_failed; success=0/4; raw_ser=0.23828125; post_ir_ser=0.23828125,478c39ba41adf51c,False,decode_failed
real_typeii_20db_d8_bw50_blk0,8,50,4,4,layered_ldpc_lite,decode_failed,ldpc.BpOsdDecoder,0.5,20,0,minimum_sum,gray,bsc_estimated,uniform,4,0,4,0,0.0,0.23828125,0.23828125,512.0,0.6666666666666666,0.0,0.3179641000169795,backend=ldpc.BpOsdDecoder; parity_fraction=0.5; column_weight=3; seed=20260428; osd_order=0; bp_method=minimum_sum; llr_mode=bsc_estimated; bitplane_rate_mode=uniform; unverified_policy=revert_to_bob_decode_failed; status_reason=decode_failed; success=0/4; raw_ser=0.23828125; post_ir_ser=0.23828125,bcf315a17a197dbd,False,decode_failed
real_typeii_20db_d8_bw50_blk0,8,50,4,4,layered_ldpc_lite,decode_failed,ldpc.BpOsdDecoder,0.5,50,0,minimum_sum,gray,bsc_estimated,uniform,4,0,4,0,0.0,0.23828125,0.23828125,512.0,0.6666666666666666,0.0,0.28028080001240596,backend=ldpc.BpOsdDecoder; parity_fraction=0.5; column_weight=3; seed=20260428; osd_order=0; bp_method=minimum_sum; llr_mode=bsc_estimated; bitplane_rate_mode=uniform; unverified_policy=revert_to_bob_decode_failed; status_reason=decode_failed; success=0/4; raw_ser=0.23828125; post_ir_ser=0.23828125,1b68567774e87e2e,False,decode_failed
real_typeii_20db_d8_bw50_blk0,8,50,4,4,layered_ldpc_lite,decode_failed,ldpc.BpOsdDecoder,0.5,20,0,minimum_sum,gray,hard,uniform,4,0,4,0,0.0,0.23828125,0.23828125,512.0,0.6666666666666666,0.0,0.31213409997872077,backend=ldpc.BpOsdDecoder; parity_fraction=0.5; column_weight=3; seed=20260428; osd_order=0; bp_method=minimum_sum; llr_mode=hard; bitplane_rate_mode=uniform; unverified_policy=revert_to_bob_decode_failed; status_reason=decode_failed; success=0/4; raw_ser=0.23828125; post_ir_ser=0.23828125,58319925d8a577d6,False,decode_failed
real_typeii_20db_d8_bw50_blk0,8,50,4,4,layered_ldpc_lite,decode_failed,ldpc.BpOsdDecoder,0.5,20,0,minimum_sum,gray,hard,per_bitplane_raw_ber,4,0,4,0,0.0,0.23828125,0.23828125,497.0,0.6471354166666666,0.0,0.3082159000041429,backend=ldpc.BpOsdDecoder; parity_fraction=0.5; column_weight=3; seed=20260428; osd_order=0; bp_method=minimum_sum; llr_mode=hard; bitplane_rate_mode=per_bitplane_raw_ber; unverified_policy=revert_to_bob_decode_failed; status_reason=decode_failed; success=0/4; raw_ser=0.23828125; post_ir_ser=0.23828125,a318891939186cc5,False,decode_failed
real_typeii_20db_d8_bw50_blk0,8,50,4,4,layered_ldpc_lite,decode_failed,ldpc.BpOsdDecoder,0.5,20,0,minimum_sum,gray,bsc_estimated,per_bitplane_raw_ber,4,0,4,0,0.0,0.23828125,0.23828125,497.0,0.6471354166666666,0.0,0.3187270000053104,backend=ldpc.BpOsdDecoder; parity_fraction=0.5; column_weight=3; seed=20260428; osd_order=0; bp_method=minimum_sum; llr_mode=bsc_estimated; bitplane_rate_mode=per_bitplane_raw_ber; unverified_policy=revert_to_bob_decode_failed; status_reason=decode_failed; success=0/4; raw_ser=0.23828125; post_ir_ser=0.23828125,9fc5a75a57942d0d,False,decode_failed
real_typeii_20db_d8_bw50_blk0,8,50,4,4,layered_ldpc_lite,decode_failed,ldpc.BpOsdDecoder,0.5,50,0,minimum_sum,gray,bsc_estimated,per_bitplane_raw_ber,4,0,4,0,0.0,0.23828125,0.23828125,497.0,0.6471354166666666,0.0,0.27653649999410845,backend=ldpc.BpOsdDecoder; parity_fraction=0.5; column_weight=3; seed=20260428; osd_order=0; bp_method=minimum_sum; llr_mode=bsc_estimated; bitplane_rate_mode=per_bitplane_raw_ber; unverified_policy=revert_to_bob_decode_failed; status_reason=decode_failed; success=0/4; raw_ser=0.23828125; post_ir_ser=0.23828125,40d724aaf2f5c16d,False,decode_failed
real_typeii_20db_d8_bw50_blk0,8,50,4,4,layered_ldpc_lite,decode_failed,ldpc.BpOsdDecoder,0.5,50,0,minimum_sum,gray,hard,uniform,4,0,4,0,0.0,0.23828125,0.23828125,512.0,0.6666666666666666,0.0,0.25833679997595027,backend=ldpc.BpOsdDecoder; parity_fraction=0.5; column_weight=3; seed=20260428; osd_order=0; bp_method=minimum_sum; llr_mode=hard; bitplane_rate_mode=uniform; unverified_policy=revert_to_bob_decode_failed; status_reason=decode_failed; success=0/4; raw_ser=0.23828125; post_ir_ser=0.23828125,dc1d252b3b27a80e,False,decode_failed
real_typeii_20db_d8_bw50_blk0,8,50,4,4,layered_ldpc_lite,decode_failed,ldpc.BpOsdDecoder,0.5,50,0,minimum_sum,gray,hard,per_bitplane_raw_ber,4,0,4,0,0.0,0.23828125,0.23828125,497.0,0.6471354166666666,0.0,0.24134710000362247,backend=ldpc.BpOsdDecoder; parity_fraction=0.5; column_weight=3; seed=20260428; osd_order=0; bp_method=minimum_sum; llr_mode=hard; bitplane_rate_mode=per_bitplane_raw_ber; unverified_policy=revert_to_bob_decode_failed; status_reason=decode_failed; success=0/4; raw_ser=0.23828125; post_ir_ser=0.23828125,d6b9c1a46f4c63eb,False,decode_failed
