frame_id,pair_idx,alice_symbol,bob_symbol,dimension,frame_len_symbols
0,0,1,1,16,2048
0,1,12,12,16,2048
0,2,10,10,16,2048
0,3,7,7,16,2048
0,4,6,6,16,2048
0,5,13,13,16,2048
0,6,1,1,16,2048
0,7,11,11,16,2048
0,8,3,3,16,2048
0,9,1,1,16,2048
0,10,8,8,16,2048
0,11,15,15,16,2048
0,12,11,11,16,2048
0,13,12,12,16,2048
0,14,11,11,16,2048
0,15,12,12,16,2048
0,16,8,8,16,2048
0,17,2,2,16,2048
0,18,13,13,16,2048
0,19,7,7,16,2048
0,20,8,8,16,2048
0,21,5,5,16,2048
0,22,2,2,16,2048
0,23,14,14,16,2048
0,24,12,12,16,2048
0,25,10,10,16,2048
0,26,6,6,16,2048
0,27,13,13,16,2048
0,28,8,8,16,2048
0,29,7,7,16,2048
0,30,7,7,16,2048
0,31,3,3,16,2048
0,32,1,1,16,2048
0,33,8,8,16,2048
0,34,14,14,16,2048
0,35,1,1,16,2048
0,36,13,13,16,2048
0,37,13,13,16,2048
0,38,4,4,16,2048
0,39,10,12,16,2048
0,40,2,2,16,2048
0,41,12,12,16,2048
0,42,11,11,16,2048
0,43,5,5,16,2048
0,44,1,1,16,2048
0,45,15,15,16,2048
0,46,7,7,16,2048
0,47,14,14,16,2048
0,48,10,10,16,2048
0,49,12,12,16,2048
0,50,12,12,16,2048
0,51,3,3,16,2048
0,52,5,5,16,2048
0,53,7,7,16,2048
0,54,7,7,16,2048
0,55,0,0,16,2048
0,56,8,8,16,2048
0,57,2,2,16,2048
0,58,11,11,16,2048
0,59,10,9,16,2048
0,60,14,14,16,2048
0,61,11,11,16,2048
0,62,5,5,16,2048
0,63,15,15,16,2048
0,64,6,6,16,2048
0,65,5,5,16,2048
0,66,14,14,16,2048
0,67,5,5,16,2048
0,68,1,1,16,2048
0,69,7,7,16,2048
0,70,12,7,16,2048
0,71,3,3,16,2048
0,72,7,7,16,2048
0,73,2,2,16,2048
0,74,10,10,16,2048
0,75,7,7,16,2048
0,76,5,5,16,2048
0,77,3,3,16,2048
0,78,9,9,16,2048
0,79,10,10,16,2048
0,80,15,15,16,2048
0,81,6,6,16,2048
0,82,2,2,16,2048
0,83,13,13,16,2048
0,84,10,10,16,2048
0,85,11,11,16,2048
0,86,1,1,16,2048
0,87,4,4,16,2048
0,88,12,12,16,2048
0,89,13,13,16,2048
0,90,6,6,16,2048
0,91,12,12,16,2048
0,92,13,13,16,2048
0,93,6,6,16,2048
0,94,14,14,16,2048
0,95,4,4,16,2048
0,96,3,3,16,2048
0,97,10,10,16,2048
0,98,10,10,16,2048
0,99,2,2,16,2048
0,100,13,13,16,2048
0,101,3,3,16,2048
0,102,12,12,16,2048
0,103,0,0,16,2048
0,104,12,12,16,2048
0,105,12,12,16,2048
0,106,12,12,16,2048
0,107,10,10,16,2048
0,108,7,7,16,2048
0,109,11,11,16,2048
0,110,4,4,16,2048
0,111,12,12,16,2048
0,112,8,8,16,2048
0,113,7,7,16,2048
0,114,8,8,16,2048
0,115,9,9,16,2048
0,116,0,0,16,2048
0,117,2,2,16,2048
0,118,3,3,16,2048
0,119,1,1,16,2048
0,120,7,7,16,2048
0,121,10,10,16,2048
0,122,10,10,16,2048
0,123,7,7,16,2048
0,124,13,13,16,2048
0,125,9,15,16,2048
0,126,1,1,16,2048
0,127,12,12,16,2048
0,128,9,9,16,2048
0,129,10,10,16,2048
0,130,9,9,16,2048
0,131,8,8,16,2048
0,132,1,1,16,2048
0,133,8,8,16,2048
0,134,12,12,16,2048
0,135,4,4,16,2048
0,136,9,9,16,2048
0,137,0,0,16,2048
0,138,5,5,16,2048
0,139,6,6,16,2048
0,140,15,15,16,2048
0,141,3,3,16,2048
0,142,4,4,16,2048
0,143,6,6,16,2048
0,144,15,15,16,2048
0,145,13,13,16,2048
0,146,0,0,16,2048
0,147,3,3,16,2048
0,148,13,13,16,2048
0,149,0,0,16,2048
0,150,13,13,16,2048
0,151,4,10,16,2048
0,152,14,14,16,2048
0,153,4,4,16,2048
0,154,6,6,16,2048
0,155,10,10,16,2048
0,156,2,2,16,2048
0,157,8,8,16,2048
0,158,8,8,16,2048
0,159,12,12,16,2048
0,160,15,15,16,2048
0,161,10,10,16,2048
0,162,6,6,16,2048
0,163,6,6,16,2048
0,164,6,6,16,2048
0,165,13,13,16,2048
0,166,5,5,16,2048
0,167,2,2,16,2048
0,168,5,5,16,2048
0,169,0,0,16,2048
0,170,1,1,16,2048
0,171,1,1,16,2048
0,172,12,12,16,2048
0,173,11,11,16,2048
0,174,11,11,16,2048
0,175,7,7,16,2048
0,176,11,11,16,2048
0,177,2,2,16,2048
0,178,14,14,16,2048
0,179,8,8,16,2048
0,180,15,15,16,2048
0,181,2,2,16,2048
0,182,7,7,16,2048
0,183,11,11,16,2048
0,184,7,2,16,2048
0,185,7,7,16,2048
0,186,2,2,16,2048
0,187,6,6,16,2048
0,188,3,3,16,2048
0,189,4,4,16,2048
0,190,10,10,16,2048
0,191,10,10,16,2048
0,192,9,9,16,2048
0,193,5,5,16,2048
0,194,15,15,16,2048
0,195,1,1,16,2048
0,196,5,5,16,2048
0,197,1,1,16,2048
0,198,5,5,16,2048
0,199,15,15,16,2048
0,200,5,5,16,2048
0,201,14,14,16,2048
0,202,7,7,16,2048
0,203,11,11,16,2048
0,204,7,7,16,2048
0,205,4,4,16,2048
0,206,12,12,16,2048
0,207,15,15,16,2048
0,208,4,6,16,2048
0,209,12,12,16,2048
0,210,4,4,16,2048
0,211,11,11,16,2048
0,212,12,12,16,2048
0,213,7,7,16,2048
0,214,11,11,16,2048
0,215,4,4,16,2048
0,216,1,1,16,2048
0,217,1,1,16,2048
0,218,7,2,16,2048
0,219,14,14,16,2048
0,220,2,2,16,2048
0,221,7,7,16,2048
0,222,11,11,16,2048
0,223,3,3,16,2048
0,224,11,11,16,2048
0,225,4,4,16,2048
0,226,12,12,16,2048
0,227,9,9,16,2048
0,228,8,8,16,2048
0,229,2,2,16,2048
0,230,7,7,16,2048
0,231,13,13,16,2048
0,232,0,0,16,2048
0,233,12,12,16,2048
0,234,7,7,16,2048
0,235,11,11,16,2048
0,236,10,10,16,2048
0,237,6,6,16,2048
0,238,4,4,16,2048
0,239,10,10,16,2048
0,240,2,11,16,2048
0,241,9,13,16,2048
0,242,1,1,16,2048
0,243,10,10,16,2048
0,244,10,10,16,2048
0,245,1,1,16,2048
0,246,12,12,16,2048
0,247,6,6,16,2048
0,248,12,12,16,2048
0,249,0,0,16,2048
0,250,2,2,16,2048
0,251,7,7,16,2048
0,252,3,3,16,2048
0,253,5,5,16,2048
0,254,10,10,16,2048
0,255,2,2,16,2048
0,256,10,10,16,2048
0,257,1,1,16,2048
0,258,2,2,16,2048
0,259,9,9,16,2048
0,260,12,12,16,2048
0,261,2,2,16,2048
0,262,4,4,16,2048
0,263,14,14,16,2048
0,264,15,15,16,2048
0,265,9,9,16,2048
0,266,7,7,16,2048
0,267,5,5,16,2048
0,268,9,9,16,2048
0,269,9,9,16,2048
0,270,4,4,16,2048
0,271,0,0,16,2048
0,272,2,2,16,2048
0,273,15,15,16,2048
0,274,6,6,16,2048
0,275,7,7,16,2048
0,276,7,7,16,2048
0,277,12,12,16,2048
0,278,1,1,16,2048
0,279,1,1,16,2048
0,280,4,4,16,2048
0,281,7,7,16,2048
0,282,10,10,16,2048
0,283,7,5,16,2048
0,284,7,7,16,2048
0,285,15,15,16,2048
0,286,2,2,16,2048
0,287,9,9,16,2048
0,288,8,8,16,2048
0,289,7,7,16,2048
0,290,12,12,16,2048
0,291,4,4,16,2048
0,292,15,15,16,2048
0,293,5,5,16,2048
0,294,8,8,16,2048
0,295,8,8,16,2048
0,296,13,13,16,2048
0,297,7,7,16,2048
0,298,4,4,16,2048
0,299,0,0,16,2048
0,300,5,5,16,2048
0,301,13,13,16,2048
0,302,0,0,16,2048
0,303,14,14,16,2048
0,304,8,8,16,2048
0,305,2,2,16,2048
0,306,4,14,16,2048
0,307,8,8,16,2048
0,308,5,5,16,2048
0,309,1,1,16,2048
0,310,10,10,16,2048
0,311,10,10,16,2048
0,312,1,1,16,2048
0,313,4,4,16,2048
0,314,3,3,16,2048
0,315,10,10,16,2048
0,316,11,11,16,2048
0,317,11,11,16,2048
0,318,15,15,16,2048
0,319,12,12,16,2048
0,320,5,5,16,2048
0,321,1,4,16,2048
0,322,9,3,16,2048
0,323,14,14,16,2048
0,324,15,15,16,2048
0,325,3,3,16,2048
0,326,3,3,16,2048
0,327,0,0,16,2048
0,328,2,2,16,2048
0,329,8,8,16,2048
0,330,8,8,16,2048
0,331,5,5,16,2048
0,332,4,4,16,2048
0,333,13,4,16,2048
0,334,7,7,16,2048
0,335,12,12,16,2048
0,336,15,15,16,2048
0,337,5,5,16,2048
0,338,3,3,16,2048
0,339,15,15,16,2048
0,340,10,10,16,2048
0,341,4,4,16,2048
0,342,9,9,16,2048
0,343,8,8,16,2048
0,344,14,14,16,2048
0,345,4,4,16,2048
0,346,15,15,16,2048
0,347,14,14,16,2048
0,348,2,2,16,2048
0,349,2,2,16,2048
0,350,8,8,16,2048
0,351,0,0,16,2048
0,352,4,4,16,2048
0,353,6,2,16,2048
0,354,15,15,16,2048
0,355,15,15,16,2048
0,356,2,2,16,2048
0,357,14,14,16,2048
0,358,1,1,16,2048
0,359,11,11,16,2048
0,360,13,13,16,2048
0,361,14,14,16,2048
0,362,3,3,16,2048
0,363,14,14,16,2048
0,364,1,1,16,2048
0,365,8,8,16,2048
0,366,7,7,16,2048
0,367,5,5,16,2048
0,368,0,0,16,2048
0,369,12,12,16,2048
0,370,5,5,16,2048
0,371,10,10,16,2048
0,372,6,6,16,2048
0,373,5,5,16,2048
0,374,14,14,16,2048
0,375,1,1,16,2048
0,376,11,11,16,2048
0,377,11,11,16,2048
0,378,6,6,16,2048
0,379,4,4,16,2048
0,380,0,0,16,2048
0,381,14,14,16,2048
0,382,15,15,16,2048
0,383,3,3,16,2048
0,384,0,0,16,2048
0,385,1,1,16,2048
0,386,1,1,16,2048
0,387,13,13,16,2048
0,388,14,14,16,2048
0,389,2,2,16,2048
0,390,11,11,16,2048
0,391,2,2,16,2048
0,392,5,5,16,2048
0,393,9,9,16,2048
0,394,11,11,16,2048
0,395,13,13,16,2048
0,396,0,0,16,2048
0,397,3,3,16,2048
0,398,4,4,16,2048
0,399,4,4,16,2048
0,400,15,15,16,2048
0,401,12,12,16,2048
0,402,5,5,16,2048
0,403,15,15,16,2048
0,404,7,15,16,2048
0,405,8,8,16,2048
0,406,6,6,16,2048
0,407,2,2,16,2048
0,408,14,14,16,2048
0,409,0,0,16,2048
0,410,2,2,16,2048
0,411,3,3,16,2048
0,412,4,4,16,2048
0,413,2,2,16,2048
0,414,0,0,16,2048
0,415,10,10,16,2048
0,416,15,15,16,2048
0,417,1,1,16,2048
0,418,4,4,16,2048
0,419,8,8,16,2048
0,420,14,14,16,2048
0,421,11,11,16,2048
0,422,12,12,16,2048
0,423,9,9,16,2048
0,424,6,6,16,2048
0,425,3,3,16,2048
0,426,13,13,16,2048
0,427,12,12,16,2048
0,428,0,0,16,2048
0,429,11,11,16,2048
0,430,1,1,16,2048
0,431,11,11,16,2048
0,432,13,13,16,2048
0,433,2,2,16,2048
0,434,6,6,16,2048
0,435,1,1,16,2048
0,436,9,9,16,2048
0,437,14,14,16,2048
0,438,1,1,16,2048
0,439,6,6,16,2048
0,440,15,15,16,2048
0,441,4,4,16,2048
0,442,2,2,16,2048
0,443,7,7,16,2048
0,444,8,8,16,2048
0,445,10,9,16,2048
0,446,5,5,16,2048
0,447,15,15,16,2048
0,448,8,8,16,2048
0,449,4,4,16,2048
0,450,15,15,16,2048
0,451,14,14,16,2048
0,452,7,7,16,2048
0,453,0,0,16,2048
0,454,9,9,16,2048
0,455,8,8,16,2048
0,456,2,0,16,2048
0,457,10,10,16,2048
0,458,13,13,16,2048
0,459,1,1,16,2048
0,460,11,11,16,2048
0,461,2,2,16,2048
0,462,11,12,16,2048
0,463,6,6,16,2048
0,464,0,0,16,2048
0,465,15,15,16,2048
0,466,2,2,16,2048
0,467,9,9,16,2048
0,468,2,2,16,2048
0,469,14,14,16,2048
0,470,11,11,16,2048
0,471,12,12,16,2048
0,472,6,6,16,2048
0,473,7,7,16,2048
0,474,10,10,16,2048
0,475,12,12,16,2048
0,476,13,13,16,2048
0,477,0,0,16,2048
0,478,10,10,16,2048
0,479,1,1,16,2048
0,480,4,4,16,2048
0,481,13,13,16,2048
0,482,4,4,16,2048
0,483,12,12,16,2048
0,484,7,7,16,2048
0,485,3,3,16,2048
0,486,5,5,16,2048
0,487,8,8,16,2048
0,488,12,12,16,2048
0,489,9,9,16,2048
0,490,14,14,16,2048
0,491,13,13,16,2048
0,492,12,12,16,2048
0,493,9,9,16,2048
0,494,4,4,16,2048
0,495,6,6,16,2048
0,496,1,1,16,2048
0,497,5,5,16,2048
0,498,14,14,16,2048
0,499,6,6,16,2048
0,500,1,1,16,2048
0,501,10,10,16,2048
0,502,15,15,16,2048
0,503,13,13,16,2048
0,504,4,4,16,2048
0,505,7,7,16,2048
0,506,8,8,16,2048
0,507,3,3,16,2048
0,508,4,4,16,2048
0,509,3,3,16,2048
0,510,15,15,16,2048
0,511,11,11,16,2048
0,512,13,13,16,2048
0,513,13,13,16,2048
0,514,15,15,16,2048
0,515,1,1,16,2048
0,516,14,14,16,2048
0,517,1,1,16,2048
0,518,7,7,16,2048
0,519,9,9,16,2048
0,520,5,5,16,2048
0,521,2,2,16,2048
0,522,3,3,16,2048
0,523,13,13,16,2048
0,524,5,5,16,2048
0,525,4,4,16,2048
0,526,14,14,16,2048
0,527,2,2,16,2048
0,528,14,14,16,2048
0,529,14,14,16,2048
0,530,9,9,16,2048
0,531,2,2,16,2048
0,532,2,2,16,2048
0,533,4,4,16,2048
0,534,9,9,16,2048
0,535,2,2,16,2048
0,536,7,7,16,2048
0,537,1,1,16,2048
0,538,8,8,16,2048
0,539,0,0,16,2048
0,540,11,11,16,2048
0,541,0,0,16,2048
0,542,3,3,16,2048
0,543,2,2,16,2048
0,544,13,13,16,2048
0,545,0,7,16,2048
0,546,6,6,16,2048
0,547,9,9,16,2048
0,548,8,8,16,2048
0,549,10,10,16,2048
0,550,12,12,16,2048
0,551,6,6,16,2048
0,552,13,13,16,2048
0,553,5,5,16,2048
0,554,15,15,16,2048
0,555,8,8,16,2048
0,556,11,11,16,2048
0,557,14,14,16,2048
0,558,12,12,16,2048
0,559,13,13,16,2048
0,560,8,8,16,2048
0,561,0,0,16,2048
0,562,7,7,16,2048
0,563,2,2,16,2048
0,564,14,14,16,2048
0,565,3,3,16,2048
0,566,3,3,16,2048
0,567,3,3,16,2048
0,568,10,10,16,2048
0,569,9,9,16,2048
0,570,15,15,16,2048
0,571,6,6,16,2048
0,572,4,4,16,2048
0,573,0,0,16,2048
0,574,0,0,16,2048
0,575,5,5,16,2048
0,576,14,14,16,2048
0,577,8,8,16,2048
0,578,14,14,16,2048
0,579,1,1,16,2048
0,580,1,1,16,2048
0,581,13,13,16,2048
0,582,1,1,16,2048
0,583,0,0,16,2048
0,584,6,6,16,2048
0,585,14,14,16,2048
0,586,11,11,16,2048
0,587,1,1,16,2048
0,588,13,13,16,2048
0,589,13,13,16,2048
0,590,12,12,16,2048
0,591,14,14,16,2048
0,592,3,3,16,2048
0,593,15,15,16,2048
0,594,5,5,16,2048
0,595,12,12,16,2048
0,596,9,9,16,2048
0,597,12,12,16,2048
0,598,10,10,16,2048
0,599,10,10,16,2048
0,600,9,9,16,2048
0,601,12,12,16,2048
0,602,11,11,16,2048
0,603,2,2,16,2048
0,604,13,13,16,2048
0,605,8,8,16,2048
0,606,5,5,16,2048
0,607,8,8,16,2048
0,608,15,15,16,2048
0,609,13,13,16,2048
0,610,13,13,16,2048
0,611,7,7,16,2048
0,612,12,12,16,2048
0,613,6,6,16,2048
0,614,10,10,16,2048
0,615,10,10,16,2048
0,616,3,3,16,2048
0,617,4,4,16,2048
0,618,0,0,16,2048
0,619,2,2,16,2048
0,620,6,6,16,2048
0,621,7,7,16,2048
0,622,2,2,16,2048
0,623,6,6,16,2048
0,624,9,9,16,2048
0,625,3,3,16,2048
0,626,5,5,16,2048
0,627,5,5,16,2048
0,628,8,8,16,2048
0,629,5,5,16,2048
0,630,11,11,16,2048
0,631,5,5,16,2048
0,632,6,6,16,2048
0,633,6,6,16,2048
0,634,2,2,16,2048
0,635,10,10,16,2048
0,636,3,3,16,2048
0,637,4,4,16,2048
0,638,12,12,16,2048
0,639,15,15,16,2048
0,640,10,10,16,2048
0,641,14,14,16,2048
0,642,13,13,16,2048
0,643,7,7,16,2048
0,644,12,12,16,2048
0,645,5,5,16,2048
0,646,7,7,16,2048
0,647,8,8,16,2048
0,648,15,15,16,2048
0,649,13,13,16,2048
0,650,7,7,16,2048
0,651,10,10,16,2048
0,652,3,3,16,2048
0,653,12,12,16,2048
0,654,8,8,16,2048
0,655,8,8,16,2048
0,656,12,12,16,2048
0,657,10,10,16,2048
0,658,1,1,16,2048
0,659,4,4,16,2048
0,660,2,2,16,2048
0,661,11,11,16,2048
0,662,0,0,16,2048
0,663,3,3,16,2048
0,664,9,9,16,2048
0,665,11,11,16,2048
0,666,8,8,16,2048
0,667,13,13,16,2048
0,668,14,14,16,2048
0,669,2,2,16,2048
0,670,15,15,16,2048
0,671,9,9,16,2048
0,672,10,10,16,2048
0,673,1,1,16,2048
0,674,9,9,16,2048
0,675,11,11,16,2048
0,676,9,13,16,2048
0,677,1,1,16,2048
0,678,8,15,16,2048
0,679,14,14,16,2048
0,680,11,11,16,2048
0,681,2,2,16,2048
0,682,15,15,16,2048
0,683,15,15,16,2048
0,684,2,2,16,2048
0,685,12,12,16,2048
0,686,6,6,16,2048
0,687,9,9,16,2048
0,688,7,7,16,2048
0,689,12,12,16,2048
0,690,15,15,16,2048
0,691,12,12,16,2048
0,692,14,14,16,2048
0,693,15,15,16,2048
0,694,1,1,16,2048
0,695,4,7,16,2048
0,696,11,11,16,2048
0,697,9,9,16,2048
0,698,0,0,16,2048
0,699,1,1,16,2048
0,700,8,8,16,2048
0,701,9,9,16,2048
0,702,2,2,16,2048
0,703,2,2,16,2048
0,704,2,2,16,2048
0,705,9,9,16,2048
0,706,0,0,16,2048
0,707,9,9,16,2048
0,708,7,7,16,2048
0,709,7,7,16,2048
0,710,10,10,16,2048
0,711,8,8,16,2048
0,712,11,11,16,2048
0,713,12,12,16,2048
0,714,14,14,16,2048
0,715,12,12,16,2048
0,716,8,8,16,2048
0,717,7,7,16,2048
0,718,3,3,16,2048
0,719,9,2,16,2048
0,720,2,2,16,2048
0,721,14,14,16,2048
0,722,13,13,16,2048
0,723,1,1,16,2048
0,724,12,12,16,2048
0,725,1,1,16,2048
0,726,11,11,16,2048
0,727,1,1,16,2048
0,728,7,7,16,2048
0,729,10,10,16,2048
0,730,11,11,16,2048
0,731,6,6,16,2048
0,732,14,14,16,2048
0,733,12,12,16,2048
0,734,3,3,16,2048
0,735,10,10,16,2048
0,736,11,11,16,2048
0,737,5,5,16,2048
0,738,11,11,16,2048
0,739,14,14,16,2048
0,740,13,13,16,2048
0,741,12,15,16,2048
0,742,10,10,16,2048
0,743,4,4,16,2048
0,744,12,12,16,2048
0,745,5,5,16,2048
0,746,8,8,16,2048
0,747,5,5,16,2048
0,748,5,5,16,2048
0,749,2,2,16,2048
0,750,15,15,16,2048
0,751,2,2,16,2048
0,752,1,1,16,2048
0,753,14,14,16,2048
0,754,8,8,16,2048
0,755,7,7,16,2048
0,756,11,11,16,2048
0,757,6,6,16,2048
0,758,2,2,16,2048
0,759,11,11,16,2048
0,760,2,2,16,2048
0,761,8,8,16,2048
0,762,15,9,16,2048
0,763,14,14,16,2048
0,764,5,5,16,2048
0,765,12,12,16,2048
0,766,9,9,16,2048
0,767,7,7,16,2048
0,768,2,2,16,2048
0,769,6,6,16,2048
0,770,10,10,16,2048
0,771,15,15,16,2048
0,772,0,0,16,2048
0,773,11,11,16,2048
0,774,13,13,16,2048
0,775,15,15,16,2048
0,776,6,6,16,2048
0,777,1,1,16,2048
0,778,4,4,16,2048
0,779,13,13,16,2048
0,780,14,14,16,2048
0,781,10,10,16,2048
0,782,1,1,16,2048
0,783,1,1,16,2048
0,784,7,7,16,2048
0,785,9,9,16,2048
0,786,0,0,16,2048
0,787,10,10,16,2048
0,788,8,8,16,2048
0,789,0,0,16,2048
0,790,1,1,16,2048
0,791,7,7,16,2048
0,792,11,11,16,2048
0,793,13,13,16,2048
0,794,6,6,16,2048
0,795,4,4,16,2048
0,796,15,15,16,2048
0,797,7,7,16,2048
0,798,5,5,16,2048
0,799,7,7,16,2048
0,800,0,0,16,2048
0,801,4,4,16,2048
0,802,8,8,16,2048
0,803,14,14,16,2048
0,804,11,11,16,2048
0,805,12,12,16,2048
0,806,8,8,16,2048
0,807,1,1,16,2048
0,808,6,6,16,2048
0,809,15,15,16,2048
0,810,0,0,16,2048
0,811,14,14,16,2048
0,812,10,10,16,2048
0,813,4,4,16,2048
0,814,12,12,16,2048
0,815,13,13,16,2048
0,816,0,0,16,2048
0,817,1,1,16,2048
0,818,10,10,16,2048
0,819,15,15,16,2048
0,820,0,0,16,2048
0,821,10,10,16,2048
0,822,2,2,16,2048
0,823,10,10,16,2048
0,824,9,9,16,2048
0,825,1,1,16,2048
0,826,10,10,16,2048
0,827,14,14,16,2048
0,828,13,13,16,2048
0,829,0,0,16,2048
0,830,3,3,16,2048
0,831,3,3,16,2048
0,832,7,7,16,2048
0,833,2,2,16,2048
0,834,13,13,16,2048
0,835,12,12,16,2048
0,836,12,12,16,2048
0,837,3,3,16,2048
0,838,0,0,16,2048
0,839,14,14,16,2048
0,840,4,4,16,2048
0,841,10,10,16,2048
0,842,14,14,16,2048
0,843,0,0,16,2048
0,844,0,0,16,2048
0,845,0,0,16,2048
0,846,2,2,16,2048
0,847,0,0,16,2048
0,848,13,13,16,2048
0,849,9,9,16,2048
0,850,15,15,16,2048
0,851,12,12,16,2048
0,852,15,15,16,2048
0,853,3,3,16,2048
0,854,4,4,16,2048
0,855,13,13,16,2048
0,856,3,3,16,2048
0,857,0,0,16,2048
0,858,10,10,16,2048
0,859,12,12,16,2048
0,860,15,15,16,2048
0,861,14,14,16,2048
0,862,1,1,16,2048
0,863,12,12,16,2048
0,864,13,13,16,2048
0,865,11,11,16,2048
0,866,13,13,16,2048
0,867,13,13,16,2048
0,868,7,7,16,2048
0,869,0,7,16,2048
0,870,7,7,16,2048
0,871,3,3,16,2048
0,872,1,1,16,2048
0,873,1,1,16,2048
0,874,11,11,16,2048
0,875,8,8,16,2048
0,876,8,8,16,2048
0,877,11,11,16,2048
0,878,8,8,16,2048
0,879,10,10,16,2048
0,880,1,1,16,2048
0,881,13,13,16,2048
0,882,7,7,16,2048
0,883,2,2,16,2048
0,884,13,13,16,2048
0,885,11,11,16,2048
0,886,0,0,16,2048
0,887,3,3,16,2048
0,888,0,0,16,2048
0,889,4,4,16,2048
0,890,1,1,16,2048
0,891,11,11,16,2048
0,892,8,8,16,2048
0,893,15,15,16,2048
0,894,11,10,16,2048
0,895,9,9,16,2048
0,896,8,8,16,2048
0,897,0,0,16,2048
0,898,1,1,16,2048
0,899,9,9,16,2048
0,900,0,0,16,2048
0,901,0,0,16,2048
0,902,3,3,16,2048
0,903,14,14,16,2048
0,904,7,7,16,2048
0,905,11,11,16,2048
0,906,6,6,16,2048
0,907,2,2,16,2048
0,908,5,5,16,2048
0,909,1,1,16,2048
0,910,12,12,16,2048
0,911,2,2,16,2048
0,912,6,6,16,2048
0,913,15,15,16,2048
0,914,9,9,16,2048
0,915,7,7,16,2048
0,916,8,8,16,2048
0,917,12,12,16,2048
0,918,4,4,16,2048
0,919,10,10,16,2048
0,920,13,13,16,2048
0,921,9,9,16,2048
0,922,7,7,16,2048
0,923,2,2,16,2048
0,924,3,3,16,2048
0,925,15,15,16,2048
0,926,8,8,16,2048
0,927,4,4,16,2048
0,928,6,6,16,2048
0,929,9,9,16,2048
0,930,8,8,16,2048
0,931,11,11,16,2048
0,932,4,4,16,2048
0,933,10,8,16,2048
0,934,7,1,16,2048
0,935,15,15,16,2048
0,936,2,2,16,2048
0,937,2,2,16,2048
0,938,7,7,16,2048
0,939,8,8,16,2048
0,940,11,11,16,2048
0,941,6,6,16,2048
0,942,14,14,16,2048
0,943,7,7,16,2048
0,944,2,2,16,2048
0,945,1,1,16,2048
0,946,15,15,16,2048
0,947,2,2,16,2048
0,948,15,15,16,2048
0,949,4,4,16,2048
0,950,1,1,16,2048
0,951,4,4,16,2048
0,952,9,9,16,2048
0,953,6,6,16,2048
0,954,12,12,16,2048
0,955,9,9,16,2048
0,956,6,6,16,2048
0,957,10,10,16,2048
0,958,15,15,16,2048
0,959,6,6,16,2048
0,960,2,2,16,2048
0,961,6,6,16,2048
0,962,13,13,16,2048
0,963,3,3,16,2048
0,964,15,15,16,2048
0,965,9,9,16,2048
0,966,9,9,16,2048
0,967,5,5,16,2048
0,968,14,14,16,2048
0,969,0,0,16,2048
0,970,4,4,16,2048
0,971,6,6,16,2048
0,972,7,7,16,2048
0,973,7,7,16,2048
0,974,2,2,16,2048
0,975,3,3,16,2048
0,976,1,1,16,2048
0,977,9,9,16,2048
0,978,5,5,16,2048
0,979,9,9,16,2048
0,980,9,9,16,2048
0,981,11,11,16,2048
0,982,8,8,16,2048
0,983,10,10,16,2048
0,984,9,9,16,2048
0,985,10,10,16,2048
0,986,9,9,16,2048
0,987,5,5,16,2048
0,988,3,3,16,2048
0,989,12,12,16,2048
0,990,5,5,16,2048
0,991,8,8,16,2048
0,992,3,3,16,2048
0,993,6,6,16,2048
0,994,8,8,16,2048
0,995,10,10,16,2048
0,996,8,8,16,2048
0,997,5,5,16,2048
0,998,15,15,16,2048
0,999,8,8,16,2048
0,1000,12,12,16,2048
0,1001,11,11,16,2048
0,1002,8,8,16,2048
0,1003,14,14,16,2048
0,1004,2,2,16,2048
0,1005,14,14,16,2048
0,1006,13,4,16,2048
0,1007,8,8,16,2048
0,1008,11,11,16,2048
0,1009,8,8,16,2048
0,1010,4,4,16,2048
0,1011,12,12,16,2048
0,1012,3,3,16,2048
0,1013,5,5,16,2048
0,1014,8,8,16,2048
0,1015,13,13,16,2048
0,1016,6,6,16,2048
0,1017,7,7,16,2048
0,1018,0,0,16,2048
0,1019,1,1,16,2048
0,1020,0,0,16,2048
0,1021,1,1,16,2048
0,1022,13,13,16,2048
0,1023,13,13,16,2048
0,1024,13,13,16,2048
0,1025,0,0,16,2048
0,1026,1,1,16,2048
0,1027,4,4,16,2048
0,1028,9,9,16,2048
0,1029,5,5,16,2048
0,1030,7,7,16,2048
0,1031,2,2,16,2048
0,1032,11,11,16,2048
0,1033,5,5,16,2048
0,1034,1,1,16,2048
0,1035,11,11,16,2048
0,1036,14,14,16,2048
0,1037,0,0,16,2048
0,1038,6,6,16,2048
0,1039,13,13,16,2048
0,1040,11,11,16,2048
0,1041,13,13,16,2048
0,1042,6,6,16,2048
0,1043,5,5,16,2048
0,1044,11,11,16,2048
0,1045,2,2,16,2048
0,1046,3,3,16,2048
0,1047,9,9,16,2048
0,1048,10,10,16,2048
0,1049,1,1,16,2048
0,1050,8,8,16,2048
0,1051,5,5,16,2048
0,1052,8,8,16,2048
0,1053,15,15,16,2048
0,1054,1,1,16,2048
0,1055,15,15,16,2048
0,1056,7,7,16,2048
0,1057,12,12,16,2048
0,1058,6,6,16,2048
0,1059,4,15,16,2048
0,1060,12,12,16,2048
0,1061,11,11,16,2048
0,1062,2,2,16,2048
0,1063,11,11,16,2048
0,1064,12,12,16,2048
0,1065,6,6,16,2048
0,1066,14,14,16,2048
0,1067,10,10,16,2048
0,1068,5,5,16,2048
0,1069,0,0,16,2048
0,1070,10,10,16,2048
0,1071,3,3,16,2048
0,1072,12,12,16,2048
0,1073,8,8,16,2048
0,1074,7,7,16,2048
0,1075,2,2,16,2048
0,1076,11,11,16,2048
0,1077,2,2,16,2048
0,1078,6,6,16,2048
0,1079,13,13,16,2048
0,1080,14,14,16,2048
0,1081,15,10,16,2048
0,1082,15,15,16,2048
0,1083,8,8,16,2048
0,1084,3,3,16,2048
0,1085,13,13,16,2048
0,1086,12,15,16,2048
0,1087,15,15,16,2048
0,1088,10,10,16,2048
0,1089,2,2,16,2048
0,1090,8,14,16,2048
0,1091,7,7,16,2048
0,1092,13,13,16,2048
0,1093,6,6,16,2048
0,1094,5,5,16,2048
0,1095,1,1,16,2048
0,1096,13,13,16,2048
0,1097,12,12,16,2048
0,1098,0,0,16,2048
0,1099,6,6,16,2048
0,1100,7,7,16,2048
0,1101,7,7,16,2048
0,1102,14,14,16,2048
0,1103,2,2,16,2048
0,1104,4,4,16,2048
0,1105,2,2,16,2048
0,1106,3,3,16,2048
0,1107,14,14,16,2048
0,1108,15,15,16,2048
0,1109,0,15,16,2048
0,1110,10,10,16,2048
0,1111,3,3,16,2048
0,1112,3,3,16,2048
0,1113,4,4,16,2048
0,1114,3,3,16,2048
0,1115,7,7,16,2048
0,1116,15,15,16,2048
0,1117,9,9,16,2048
0,1118,11,11,16,2048
0,1119,7,7,16,2048
0,1120,0,0,16,2048
0,1121,1,1,16,2048
0,1122,4,4,16,2048
0,1123,3,3,16,2048
0,1124,13,13,16,2048
0,1125,13,13,16,2048
0,1126,13,13,16,2048
0,1127,10,10,16,2048
0,1128,8,8,16,2048
0,1129,10,10,16,2048
0,1130,6,6,16,2048
0,1131,10,15,16,2048
0,1132,12,12,16,2048
0,1133,12,12,16,2048
0,1134,9,9,16,2048
0,1135,0,0,16,2048
0,1136,11,11,16,2048
0,1137,5,5,16,2048
0,1138,11,11,16,2048
0,1139,8,8,16,2048
0,1140,14,14,16,2048
0,1141,5,5,16,2048
0,1142,14,14,16,2048
0,1143,13,13,16,2048
0,1144,5,5,16,2048
0,1145,7,7,16,2048
0,1146,8,8,16,2048
0,1147,12,12,16,2048
0,1148,11,11,16,2048
0,1149,13,13,16,2048
0,1150,5,5,16,2048
0,1151,8,8,16,2048
0,1152,6,6,16,2048
0,1153,14,14,16,2048
0,1154,4,4,16,2048
0,1155,9,9,16,2048
0,1156,1,1,16,2048
0,1157,13,13,16,2048
0,1158,6,6,16,2048
0,1159,5,5,16,2048
0,1160,9,9,16,2048
0,1161,7,7,16,2048
0,1162,13,13,16,2048
0,1163,8,8,16,2048
0,1164,8,8,16,2048
0,1165,1,1,16,2048
0,1166,0,0,16,2048
0,1167,6,6,16,2048
0,1168,15,15,16,2048
0,1169,14,14,16,2048
0,1170,10,10,16,2048
0,1171,10,10,16,2048
0,1172,6,6,16,2048
0,1173,2,2,16,2048
0,1174,0,0,16,2048
0,1175,5,5,16,2048
0,1176,5,5,16,2048
0,1177,3,3,16,2048
0,1178,4,4,16,2048
0,1179,0,0,16,2048
0,1180,9,9,16,2048
0,1181,14,14,16,2048
0,1182,11,11,16,2048
0,1183,7,7,16,2048
0,1184,6,6,16,2048
0,1185,4,4,16,2048
0,1186,2,2,16,2048
0,1187,9,9,16,2048
0,1188,9,9,16,2048
0,1189,0,0,16,2048
0,1190,6,6,16,2048
0,1191,4,4,16,2048
0,1192,2,2,16,2048
0,1193,11,11,16,2048
0,1194,8,8,16,2048
0,1195,10,10,16,2048
0,1196,11,11,16,2048
0,1197,15,15,16,2048
0,1198,12,12,16,2048
0,1199,9,9,16,2048
0,1200,14,14,16,2048
0,1201,7,7,16,2048
0,1202,15,15,16,2048
0,1203,12,12,16,2048
0,1204,10,10,16,2048
0,1205,14,14,16,2048
0,1206,8,8,16,2048
0,1207,11,11,16,2048
0,1208,4,5,16,2048
0,1209,15,15,16,2048
0,1210,9,9,16,2048
0,1211,12,12,16,2048
0,1212,7,7,16,2048
0,1213,13,13,16,2048
0,1214,1,1,16,2048
0,1215,1,1,16,2048
0,1216,8,8,16,2048
0,1217,11,11,16,2048
0,1218,12,12,16,2048
0,1219,7,7,16,2048
0,1220,10,10,16,2048
0,1221,8,8,16,2048
0,1222,15,15,16,2048
0,1223,10,10,16,2048
0,1224,6,6,16,2048
0,1225,15,15,16,2048
0,1226,1,1,16,2048
0,1227,15,15,16,2048
0,1228,2,2,16,2048
0,1229,4,4,16,2048
0,1230,13,13,16,2048
0,1231,11,11,16,2048
0,1232,15,15,16,2048
0,1233,11,11,16,2048
0,1234,10,10,16,2048
0,1235,5,5,16,2048
0,1236,0,0,16,2048
0,1237,1,1,16,2048
0,1238,4,4,16,2048
0,1239,0,0,16,2048
0,1240,8,8,16,2048
0,1241,12,12,16,2048
0,1242,15,15,16,2048
0,1243,7,7,16,2048
0,1244,14,14,16,2048
0,1245,15,15,16,2048
0,1246,13,13,16,2048
0,1247,7,7,16,2048
0,1248,5,5,16,2048
0,1249,15,15,16,2048
0,1250,3,3,16,2048
0,1251,6,6,16,2048
0,1252,1,1,16,2048
0,1253,12,12,16,2048
0,1254,10,10,16,2048
0,1255,1,1,16,2048
0,1256,3,3,16,2048
0,1257,8,8,16,2048
0,1258,8,8,16,2048
0,1259,12,12,16,2048
0,1260,4,4,16,2048
0,1261,14,14,16,2048
0,1262,7,7,16,2048
0,1263,13,13,16,2048
0,1264,3,3,16,2048
0,1265,0,0,16,2048
0,1266,0,0,16,2048
0,1267,5,5,16,2048
0,1268,15,15,16,2048
0,1269,0,0,16,2048
0,1270,5,5,16,2048
0,1271,1,1,16,2048
0,1272,14,14,16,2048
0,1273,10,10,16,2048
0,1274,12,12,16,2048
0,1275,11,11,16,2048
0,1276,10,10,16,2048
0,1277,12,12,16,2048
0,1278,0,0,16,2048
0,1279,13,13,16,2048
0,1280,11,11,16,2048
0,1281,11,11,16,2048
0,1282,6,6,16,2048
0,1283,12,12,16,2048
0,1284,6,6,16,2048
0,1285,0,0,16,2048
0,1286,14,14,16,2048
0,1287,3,3,16,2048
0,1288,1,1,16,2048
0,1289,9,9,16,2048
0,1290,3,3,16,2048
0,1291,13,13,16,2048
0,1292,7,7,16,2048
0,1293,0,0,16,2048
0,1294,15,15,16,2048
0,1295,8,8,16,2048
0,1296,4,4,16,2048
0,1297,10,10,16,2048
0,1298,8,8,16,2048
0,1299,0,0,16,2048
0,1300,12,12,16,2048
0,1301,6,6,16,2048
0,1302,11,11,16,2048
0,1303,14,14,16,2048
0,1304,9,9,16,2048
0,1305,10,10,16,2048
0,1306,4,4,16,2048
0,1307,3,3,16,2048
0,1308,6,6,16,2048
0,1309,13,13,16,2048
0,1310,8,8,16,2048
0,1311,5,5,16,2048
0,1312,12,12,16,2048
0,1313,13,13,16,2048
0,1314,14,14,16,2048
0,1315,4,4,16,2048
0,1316,11,11,16,2048
0,1317,9,9,16,2048
0,1318,7,7,16,2048
0,1319,6,6,16,2048
0,1320,1,1,16,2048
0,1321,4,4,16,2048
0,1322,8,8,16,2048
0,1323,14,14,16,2048
0,1324,13,13,16,2048
0,1325,3,3,16,2048
0,1326,10,10,16,2048
0,1327,1,14,16,2048
0,1328,10,10,16,2048
0,1329,5,5,16,2048
0,1330,7,7,16,2048
0,1331,11,11,16,2048
0,1332,6,6,16,2048
0,1333,12,12,16,2048
0,1334,8,8,16,2048
0,1335,15,15,16,2048
0,1336,10,10,16,2048
0,1337,4,4,16,2048
0,1338,12,12,16,2048
0,1339,6,6,16,2048
0,1340,8,8,16,2048
0,1341,2,2,16,2048
0,1342,1,1,16,2048
0,1343,9,9,16,2048
0,1344,2,2,16,2048
0,1345,15,15,16,2048
0,1346,13,13,16,2048
0,1347,11,11,16,2048
0,1348,11,11,16,2048
0,1349,9,9,16,2048
0,1350,0,0,16,2048
0,1351,6,6,16,2048
0,1352,7,7,16,2048
0,1353,14,14,16,2048
0,1354,3,1,16,2048
0,1355,7,7,16,2048
0,1356,5,5,16,2048
0,1357,2,2,16,2048
0,1358,1,1,16,2048
0,1359,5,5,16,2048
0,1360,1,1,16,2048
0,1361,1,1,16,2048
0,1362,5,5,16,2048
0,1363,3,3,16,2048
0,1364,8,8,16,2048
0,1365,0,0,16,2048
0,1366,4,4,16,2048
0,1367,7,7,16,2048
0,1368,15,15,16,2048
0,1369,10,10,16,2048
0,1370,14,14,16,2048
0,1371,5,5,16,2048
0,1372,7,7,16,2048
0,1373,6,6,16,2048
0,1374,14,14,16,2048
0,1375,15,15,16,2048
0,1376,15,15,16,2048
0,1377,12,12,16,2048
0,1378,8,8,16,2048
0,1379,8,8,16,2048
0,1380,15,15,16,2048
0,1381,4,4,16,2048
0,1382,5,5,16,2048
0,1383,14,14,16,2048
0,1384,6,0,16,2048
0,1385,3,13,16,2048
0,1386,8,8,16,2048
0,1387,5,5,16,2048
0,1388,14,14,16,2048
0,1389,14,14,16,2048
0,1390,4,4,16,2048
0,1391,8,8,16,2048
0,1392,15,15,16,2048
0,1393,11,11,16,2048
0,1394,3,3,16,2048
0,1395,9,9,16,2048
0,1396,9,9,16,2048
0,1397,10,10,16,2048
0,1398,0,0,16,2048
0,1399,4,4,16,2048
0,1400,13,13,16,2048
0,1401,3,3,16,2048
0,1402,4,10,16,2048
0,1403,5,5,16,2048
0,1404,2,2,16,2048
0,1405,2,2,16,2048
0,1406,5,5,16,2048
0,1407,13,13,16,2048
0,1408,0,0,16,2048
0,1409,4,4,16,2048
0,1410,0,0,16,2048
0,1411,8,8,16,2048
0,1412,4,4,16,2048
0,1413,12,12,16,2048
0,1414,9,9,16,2048
0,1415,12,12,16,2048
0,1416,10,10,16,2048
0,1417,7,7,16,2048
0,1418,13,13,16,2048
0,1419,7,7,16,2048
0,1420,15,15,16,2048
0,1421,15,15,16,2048
0,1422,9,9,16,2048
0,1423,10,10,16,2048
0,1424,4,4,16,2048
0,1425,13,13,16,2048
0,1426,10,10,16,2048
0,1427,14,14,16,2048
0,1428,4,4,16,2048
0,1429,12,12,16,2048
0,1430,7,7,16,2048
0,1431,2,2,16,2048
0,1432,2,2,16,2048
0,1433,8,8,16,2048
0,1434,5,5,16,2048
0,1435,1,1,16,2048
0,1436,6,6,16,2048
0,1437,10,10,16,2048
0,1438,5,5,16,2048
0,1439,15,15,16,2048
0,1440,12,12,16,2048
0,1441,8,8,16,2048
0,1442,14,14,16,2048
0,1443,6,12,16,2048
0,1444,2,2,16,2048
0,1445,0,0,16,2048
0,1446,15,15,16,2048
0,1447,15,15,16,2048
0,1448,11,11,16,2048
0,1449,1,1,16,2048
0,1450,4,4,16,2048
0,1451,0,0,16,2048
0,1452,0,0,16,2048
0,1453,3,3,16,2048
0,1454,9,9,16,2048
0,1455,1,1,16,2048
0,1456,15,15,16,2048
0,1457,7,7,16,2048
0,1458,4,4,16,2048
0,1459,8,8,16,2048
0,1460,12,12,16,2048
0,1461,5,5,16,2048
0,1462,0,0,16,2048
0,1463,0,0,16,2048
0,1464,13,13,16,2048
0,1465,1,1,16,2048
0,1466,10,10,16,2048
0,1467,6,6,16,2048
0,1468,12,12,16,2048
0,1469,0,0,16,2048
0,1470,14,14,16,2048
0,1471,11,11,16,2048
0,1472,7,7,16,2048
0,1473,3,3,16,2048
0,1474,15,15,16,2048
0,1475,4,2,16,2048
0,1476,7,7,16,2048
0,1477,6,6,16,2048
0,1478,3,3,16,2048
0,1479,6,6,16,2048
0,1480,2,2,16,2048
0,1481,0,0,16,2048
0,1482,4,4,16,2048
0,1483,1,1,16,2048
0,1484,6,6,16,2048
0,1485,13,13,16,2048
0,1486,2,2,16,2048
0,1487,0,0,16,2048
0,1488,1,1,16,2048
0,1489,8,8,16,2048
0,1490,4,4,16,2048
0,1491,7,7,16,2048
0,1492,0,0,16,2048
0,1493,5,5,16,2048
0,1494,6,6,16,2048
0,1495,6,6,16,2048
0,1496,8,8,16,2048
0,1497,12,9,16,2048
0,1498,7,7,16,2048
0,1499,13,13,16,2048
0,1500,8,8,16,2048
0,1501,4,4,16,2048
0,1502,3,3,16,2048
0,1503,5,5,16,2048
0,1504,9,9,16,2048
0,1505,3,3,16,2048
0,1506,14,14,16,2048
0,1507,7,7,16,2048
0,1508,13,13,16,2048
0,1509,10,10,16,2048
0,1510,5,5,16,2048
0,1511,3,3,16,2048
0,1512,11,11,16,2048
0,1513,5,5,16,2048
0,1514,3,3,16,2048
0,1515,14,14,16,2048
0,1516,7,7,16,2048
0,1517,0,0,16,2048
0,1518,7,7,16,2048
0,1519,7,7,16,2048
0,1520,13,13,16,2048
0,1521,11,11,16,2048
0,1522,3,3,16,2048
0,1523,2,2,16,2048
0,1524,9,9,16,2048
0,1525,0,0,16,2048
0,1526,5,5,16,2048
0,1527,2,2,16,2048
0,1528,0,8,16,2048
0,1529,14,14,16,2048
0,1530,1,1,16,2048
0,1531,0,0,16,2048
0,1532,14,14,16,2048
0,1533,3,3,16,2048
0,1534,13,13,16,2048
0,1535,0,0,16,2048
0,1536,2,2,16,2048
0,1537,1,1,16,2048
0,1538,11,11,16,2048
0,1539,9,9,16,2048
0,1540,7,7,16,2048
0,1541,3,3,16,2048
0,1542,1,1,16,2048
0,1543,9,9,16,2048
0,1544,3,3,16,2048
0,1545,9,9,16,2048
0,1546,10,10,16,2048
0,1547,13,13,16,2048
0,1548,7,7,16,2048
0,1549,0,0,16,2048
0,1550,4,4,16,2048
0,1551,13,13,16,2048
0,1552,8,8,16,2048
0,1553,9,9,16,2048
0,1554,7,7,16,2048
0,1555,2,2,16,2048
0,1556,14,14,16,2048
0,1557,12,12,16,2048
0,1558,15,15,16,2048
0,1559,13,13,16,2048
0,1560,4,4,16,2048
0,1561,4,4,16,2048
0,1562,3,3,16,2048
0,1563,14,14,16,2048
0,1564,8,8,16,2048
0,1565,7,12,16,2048
0,1566,15,15,16,2048
0,1567,9,9,16,2048
0,1568,14,14,16,2048
0,1569,15,15,16,2048
0,1570,1,1,16,2048
0,1571,5,5,16,2048
0,1572,11,11,16,2048
0,1573,13,13,16,2048
0,1574,2,2,16,2048
0,1575,5,5,16,2048
0,1576,8,8,16,2048
0,1577,12,12,16,2048
0,1578,1,1,16,2048
0,1579,9,9,16,2048
0,1580,4,4,16,2048
0,1581,3,3,16,2048
0,1582,8,8,16,2048
0,1583,6,6,16,2048
0,1584,10,10,16,2048
0,1585,5,5,16,2048
0,1586,13,13,16,2048
0,1587,1,1,16,2048
0,1588,13,13,16,2048
0,1589,0,3,16,2048
0,1590,11,11,16,2048
0,1591,5,5,16,2048
0,1592,6,6,16,2048
0,1593,0,0,16,2048
0,1594,11,11,16,2048
0,1595,2,2,16,2048
0,1596,10,10,16,2048
0,1597,11,11,16,2048
0,1598,13,13,16,2048
0,1599,11,11,16,2048
0,1600,4,4,16,2048
0,1601,11,11,16,2048
0,1602,13,13,16,2048
0,1603,5,5,16,2048
0,1604,1,1,16,2048
0,1605,14,14,16,2048
0,1606,2,2,16,2048
0,1607,9,9,16,2048
0,1608,3,3,16,2048
0,1609,2,2,16,2048
0,1610,12,12,16,2048
0,1611,2,2,16,2048
0,1612,10,10,16,2048
0,1613,11,11,16,2048
0,1614,0,0,16,2048
0,1615,2,2,16,2048
0,1616,12,12,16,2048
0,1617,8,8,16,2048
0,1618,1,1,16,2048
0,1619,15,15,16,2048
0,1620,4,4,16,2048
0,1621,0,0,16,2048
0,1622,14,14,16,2048
0,1623,0,0,16,2048
0,1624,8,8,16,2048
0,1625,15,15,16,2048
0,1626,9,9,16,2048
0,1627,9,9,16,2048
0,1628,6,6,16,2048
0,1629,2,2,16,2048
0,1630,9,9,16,2048
0,1631,14,14,16,2048
0,1632,1,1,16,2048
0,1633,14,14,16,2048
0,1634,6,6,16,2048
0,1635,8,8,16,2048
0,1636,2,2,16,2048
0,1637,9,9,16,2048
0,1638,2,2,16,2048
0,1639,4,4,16,2048
0,1640,11,11,16,2048
0,1641,0,0,16,2048
0,1642,7,7,16,2048
0,1643,9,9,16,2048
0,1644,2,2,16,2048
0,1645,4,4,16,2048
0,1646,5,5,16,2048
0,1647,10,10,16,2048
0,1648,15,15,16,2048
0,1649,13,13,16,2048
0,1650,3,3,16,2048
0,1651,0,0,16,2048
0,1652,0,0,16,2048
0,1653,9,9,16,2048
0,1654,2,2,16,2048
0,1655,3,3,16,2048
0,1656,13,13,16,2048
0,1657,13,13,16,2048
0,1658,13,13,16,2048
0,1659,4,4,16,2048
0,1660,9,9,16,2048
0,1661,9,9,16,2048
0,1662,2,2,16,2048
0,1663,8,8,16,2048
0,1664,8,8,16,2048
0,1665,6,6,16,2048
0,1666,12,12,16,2048
0,1667,10,10,16,2048
0,1668,8,8,16,2048
0,1669,11,11,16,2048
0,1670,12,12,16,2048
0,1671,9,9,16,2048
0,1672,4,4,16,2048
0,1673,12,12,16,2048
0,1674,11,11,16,2048
0,1675,15,15,16,2048
0,1676,2,2,16,2048
0,1677,6,6,16,2048
0,1678,14,14,16,2048
0,1679,8,8,16,2048
0,1680,15,15,16,2048
0,1681,0,0,16,2048
0,1682,0,0,16,2048
0,1683,12,12,16,2048
0,1684,5,5,16,2048
0,1685,8,8,16,2048
0,1686,6,6,16,2048
0,1687,6,6,16,2048
0,1688,15,15,16,2048
0,1689,1,1,16,2048
0,1690,12,12,16,2048
0,1691,14,14,16,2048
0,1692,10,10,16,2048
0,1693,6,6,16,2048
0,1694,2,2,16,2048
0,1695,10,10,16,2048
0,1696,7,7,16,2048
0,1697,2,2,16,2048
0,1698,5,5,16,2048
0,1699,15,15,16,2048
0,1700,4,4,16,2048
0,1701,2,2,16,2048
0,1702,10,10,16,2048
0,1703,3,3,16,2048
0,1704,14,14,16,2048
0,1705,13,13,16,2048
0,1706,15,15,16,2048
0,1707,14,14,16,2048
0,1708,3,3,16,2048
0,1709,3,3,16,2048
0,1710,5,5,16,2048
0,1711,7,7,16,2048
0,1712,14,14,16,2048
0,1713,11,11,16,2048
0,1714,10,10,16,2048
0,1715,14,14,16,2048
0,1716,10,10,16,2048
0,1717,6,6,16,2048
0,1718,6,6,16,2048
0,1719,8,8,16,2048
0,1720,1,1,16,2048
0,1721,11,11,16,2048
0,1722,10,10,16,2048
0,1723,11,11,16,2048
0,1724,8,8,16,2048
0,1725,12,12,16,2048
0,1726,15,15,16,2048
0,1727,9,9,16,2048
0,1728,7,7,16,2048
0,1729,1,1,16,2048
0,1730,12,12,16,2048
0,1731,14,14,16,2048
0,1732,11,11,16,2048
0,1733,13,13,16,2048
0,1734,13,13,16,2048
0,1735,12,12,16,2048
0,1736,8,8,16,2048
0,1737,1,1,16,2048
0,1738,0,0,16,2048
0,1739,3,3,16,2048
0,1740,6,6,16,2048
0,1741,11,11,16,2048
0,1742,7,7,16,2048
0,1743,0,0,16,2048
0,1744,3,3,16,2048
0,1745,15,15,16,2048
0,1746,15,15,16,2048
0,1747,6,6,16,2048
0,1748,12,12,16,2048
0,1749,11,11,16,2048
0,1750,14,14,16,2048
0,1751,14,14,16,2048
0,1752,10,10,16,2048
0,1753,6,6,16,2048
0,1754,10,10,16,2048
0,1755,5,5,16,2048
0,1756,5,6,16,2048
0,1757,9,9,16,2048
0,1758,9,9,16,2048
0,1759,9,9,16,2048
0,1760,6,6,16,2048
0,1761,6,6,16,2048
0,1762,0,0,16,2048
0,1763,9,9,16,2048
0,1764,9,9,16,2048
0,1765,14,14,16,2048
0,1766,8,8,16,2048
0,1767,7,7,16,2048
0,1768,1,1,16,2048
0,1769,3,3,16,2048
0,1770,5,5,16,2048
0,1771,6,6,16,2048
0,1772,5,5,16,2048
0,1773,6,6,16,2048
0,1774,12,12,16,2048
0,1775,2,2,16,2048
0,1776,5,5,16,2048
0,1777,2,2,16,2048
0,1778,4,4,16,2048
0,1779,10,10,16,2048
0,1780,0,0,16,2048
0,1781,5,5,16,2048
0,1782,0,0,16,2048
0,1783,15,15,16,2048
0,1784,11,11,16,2048
0,1785,3,3,16,2048
0,1786,3,3,16,2048
0,1787,1,1,16,2048
0,1788,7,7,16,2048
0,1789,12,12,16,2048
0,1790,9,9,16,2048
0,1791,14,14,16,2048
0,1792,5,5,16,2048
0,1793,4,4,16,2048
0,1794,7,7,16,2048
0,1795,3,3,16,2048
0,1796,15,15,16,2048
0,1797,2,2,16,2048
0,1798,7,15,16,2048
0,1799,8,8,16,2048
0,1800,0,0,16,2048
0,1801,7,7,16,2048
0,1802,7,7,16,2048
0,1803,4,4,16,2048
0,1804,2,2,16,2048
0,1805,0,9,16,2048
0,1806,0,0,16,2048
0,1807,7,7,16,2048
0,1808,1,1,16,2048
0,1809,15,15,16,2048
0,1810,3,3,16,2048
0,1811,10,10,16,2048
0,1812,10,10,16,2048
0,1813,7,7,16,2048
0,1814,14,14,16,2048
0,1815,1,1,16,2048
0,1816,3,3,16,2048
0,1817,4,4,16,2048
0,1818,2,2,16,2048
0,1819,4,4,16,2048
0,1820,5,5,16,2048
0,1821,12,12,16,2048
0,1822,4,4,16,2048
0,1823,14,14,16,2048
0,1824,12,12,16,2048
0,1825,14,9,16,2048
0,1826,1,1,16,2048
0,1827,15,15,16,2048
0,1828,9,9,16,2048
0,1829,15,15,16,2048
0,1830,5,5,16,2048
0,1831,15,15,16,2048
0,1832,9,9,16,2048
0,1833,1,1,16,2048
0,1834,6,6,16,2048
0,1835,2,2,16,2048
0,1836,15,15,16,2048
0,1837,4,4,16,2048
0,1838,3,3,16,2048
0,1839,8,8,16,2048
0,1840,6,6,16,2048
0,1841,1,1,16,2048
0,1842,13,13,16,2048
0,1843,13,13,16,2048
0,1844,11,11,16,2048
0,1845,9,9,16,2048
0,1846,6,6,16,2048
0,1847,8,8,16,2048
0,1848,8,8,16,2048
0,1849,2,2,16,2048
0,1850,1,1,16,2048
0,1851,4,4,16,2048
0,1852,7,7,16,2048
0,1853,2,2,16,2048
0,1854,1,1,16,2048
0,1855,13,13,16,2048
0,1856,5,5,16,2048
0,1857,9,9,16,2048
0,1858,8,8,16,2048
0,1859,11,11,16,2048
0,1860,11,11,16,2048
0,1861,4,4,16,2048
0,1862,13,13,16,2048
0,1863,5,5,16,2048
0,1864,13,10,16,2048
0,1865,6,6,16,2048
0,1866,1,1,16,2048
0,1867,12,12,16,2048
0,1868,0,0,16,2048
0,1869,12,12,16,2048
0,1870,0,0,16,2048
0,1871,3,3,16,2048
0,1872,9,9,16,2048
0,1873,15,15,16,2048
0,1874,6,6,16,2048
0,1875,1,1,16,2048
0,1876,3,3,16,2048
0,1877,14,14,16,2048
0,1878,11,11,16,2048
0,1879,1,1,16,2048
0,1880,6,6,16,2048
0,1881,4,4,16,2048
0,1882,2,2,16,2048
0,1883,13,13,16,2048
0,1884,9,9,16,2048
0,1885,2,2,16,2048
0,1886,10,10,16,2048
0,1887,6,6,16,2048
0,1888,0,0,16,2048
0,1889,7,7,16,2048
0,1890,2,2,16,2048
0,1891,3,3,16,2048
0,1892,14,14,16,2048
0,1893,11,11,16,2048
0,1894,2,2,16,2048
0,1895,13,13,16,2048
0,1896,9,9,16,2048
0,1897,13,13,16,2048
0,1898,11,11,16,2048
0,1899,5,5,16,2048
0,1900,8,8,16,2048
0,1901,8,8,16,2048
0,1902,11,11,16,2048
0,1903,3,3,16,2048
0,1904,5,5,16,2048
0,1905,3,3,16,2048
0,1906,4,4,16,2048
0,1907,2,2,16,2048
0,1908,0,0,16,2048
0,1909,15,15,16,2048
0,1910,1,1,16,2048
0,1911,14,14,16,2048
0,1912,0,0,16,2048
0,1913,12,12,16,2048
0,1914,5,5,16,2048
0,1915,8,8,16,2048
0,1916,4,10,16,2048
0,1917,7,7,16,2048
0,1918,7,7,16,2048
0,1919,8,8,16,2048
0,1920,6,6,16,2048
0,1921,8,8,16,2048
0,1922,13,13,16,2048
0,1923,6,6,16,2048
0,1924,5,5,16,2048
0,1925,2,2,16,2048
0,1926,5,5,16,2048
0,1927,2,2,16,2048
0,1928,2,2,16,2048
0,1929,15,15,16,2048
0,1930,1,1,16,2048
0,1931,7,7,16,2048
0,1932,13,13,16,2048
0,1933,15,15,16,2048
0,1934,2,2,16,2048
0,1935,2,2,16,2048
0,1936,5,5,16,2048
0,1937,8,11,16,2048
0,1938,15,15,16,2048
0,1939,3,3,16,2048
0,1940,2,2,16,2048
0,1941,4,4,16,2048
0,1942,13,13,16,2048
0,1943,0,0,16,2048
0,1944,6,6,16,2048
0,1945,1,14,16,2048
0,1946,2,2,16,2048
0,1947,14,14,16,2048
0,1948,0,0,16,2048
0,1949,5,5,16,2048
0,1950,14,14,16,2048
0,1951,9,9,16,2048
0,1952,1,1,16,2048
0,1953,7,7,16,2048
0,1954,15,15,16,2048
0,1955,6,6,16,2048
0,1956,8,8,16,2048
0,1957,8,8,16,2048
0,1958,10,6,16,2048
0,1959,2,2,16,2048
0,1960,13,13,16,2048
0,1961,15,15,16,2048
0,1962,2,2,16,2048
0,1963,13,13,16,2048
0,1964,13,13,16,2048
0,1965,11,11,16,2048
0,1966,5,5,16,2048
0,1967,7,7,16,2048
0,1968,13,13,16,2048
0,1969,2,2,16,2048
0,1970,13,13,16,2048
0,1971,14,14,16,2048
0,1972,10,10,16,2048
0,1973,5,5,16,2048
0,1974,8,8,16,2048
0,1975,0,0,16,2048
0,1976,14,6,16,2048
0,1977,5,5,16,2048
0,1978,0,0,16,2048
0,1979,12,12,16,2048
0,1980,10,10,16,2048
0,1981,9,9,16,2048
0,1982,0,0,16,2048
0,1983,12,12,16,2048
0,1984,10,10,16,2048
0,1985,12,12,16,2048
0,1986,13,13,16,2048
0,1987,3,3,16,2048
0,1988,3,3,16,2048
0,1989,14,14,16,2048
0,1990,8,8,16,2048
0,1991,7,7,16,2048
0,1992,4,4,16,2048
0,1993,10,10,16,2048
0,1994,12,12,16,2048
0,1995,0,0,16,2048
0,1996,8,8,16,2048
0,1997,15,15,16,2048
0,1998,4,4,16,2048
0,1999,4,4,16,2048
0,2000,14,14,16,2048
0,2001,0,0,16,2048
0,2002,6,6,16,2048
0,2003,7,7,16,2048
0,2004,12,12,16,2048
0,2005,2,2,16,2048
0,2006,6,6,16,2048
0,2007,2,2,16,2048
0,2008,12,12,16,2048
0,2009,10,10,16,2048
0,2010,7,7,16,2048
0,2011,6,6,16,2048
0,2012,2,2,16,2048
0,2013,14,14,16,2048
0,2014,10,10,16,2048
0,2015,5,5,16,2048
0,2016,6,6,16,2048
0,2017,11,11,16,2048
0,2018,11,11,16,2048
0,2019,7,7,16,2048
0,2020,4,4,16,2048
0,2021,10,10,16,2048
0,2022,10,10,16,2048
0,2023,9,10,16,2048
0,2024,1,1,16,2048
0,2025,7,7,16,2048
0,2026,9,9,16,2048
0,2027,15,15,16,2048
0,2028,8,8,16,2048
0,2029,5,5,16,2048
0,2030,8,8,16,2048
0,2031,2,10,16,2048
0,2032,1,1,16,2048
0,2033,10,10,16,2048
0,2034,15,15,16,2048
0,2035,13,13,16,2048
0,2036,9,9,16,2048
0,2037,0,0,16,2048
0,2038,15,15,16,2048
0,2039,7,7,16,2048
0,2040,4,4,16,2048
0,2041,14,14,16,2048
0,2042,11,11,16,2048
0,2043,11,11,16,2048
0,2044,4,4,16,2048
0,2045,15,15,16,2048
0,2046,7,7,16,2048
0,2047,8,8,16,2048
1,0,12,12,16,2048
1,1,10,10,16,2048
1,2,2,2,16,2048
1,3,4,4,16,2048
1,4,5,5,16,2048
1,5,15,15,16,2048
1,6,11,11,16,2048
1,7,5,5,16,2048
1,8,11,11,16,2048
1,9,11,11,16,2048
1,10,6,6,16,2048
1,11,6,6,16,2048
1,12,14,14,16,2048
1,13,8,8,16,2048
1,14,2,12,16,2048
1,15,11,11,16,2048
1,16,9,9,16,2048
1,17,8,8,16,2048
1,18,11,11,16,2048
1,19,14,14,16,2048
1,20,5,5,16,2048
1,21,6,6,16,2048
1,22,3,3,16,2048
1,23,10,10,16,2048
1,24,6,6,16,2048
1,25,5,5,16,2048
1,26,11,11,16,2048
1,27,6,6,16,2048
1,28,7,7,16,2048
1,29,7,7,16,2048
1,30,4,4,16,2048
1,31,2,2,16,2048
1,32,13,13,16,2048
1,33,1,1,16,2048
1,34,5,5,16,2048
1,35,10,10,16,2048
1,36,2,2,16,2048
1,37,10,10,16,2048
1,38,11,11,16,2048
1,39,10,10,16,2048
1,40,4,4,16,2048
1,41,0,0,16,2048
1,42,14,14,16,2048
1,43,5,5,16,2048
1,44,12,12,16,2048
1,45,3,3,16,2048
1,46,2,2,16,2048
1,47,12,12,16,2048
1,48,15,15,16,2048
1,49,13,13,16,2048
1,50,12,12,16,2048
1,51,3,3,16,2048
1,52,14,14,16,2048
1,53,10,10,16,2048
1,54,2,2,16,2048
1,55,2,2,16,2048
1,56,13,13,16,2048
1,57,4,4,16,2048
1,58,12,12,16,2048
1,59,2,2,16,2048
1,60,4,4,16,2048
1,61,4,4,16,2048
1,62,4,4,16,2048
1,63,10,10,16,2048
1,64,14,14,16,2048
1,65,14,14,16,2048
1,66,11,11,16,2048
1,67,3,3,16,2048
1,68,15,15,16,2048
1,69,8,8,16,2048
1,70,8,8,16,2048
1,71,11,11,16,2048
1,72,12,12,16,2048
1,73,15,15,16,2048
1,74,9,9,16,2048
1,75,9,9,16,2048
1,76,11,11,16,2048
1,77,4,4,16,2048
1,78,4,4,16,2048
1,79,10,10,16,2048
1,80,1,1,16,2048
1,81,5,5,16,2048
1,82,11,11,16,2048
1,83,15,15,16,2048
1,84,8,8,16,2048
1,85,6,6,16,2048
1,86,7,7,16,2048
1,87,10,10,16,2048
1,88,8,8,16,2048
1,89,0,0,16,2048
1,90,8,8,16,2048
1,91,6,6,16,2048
1,92,11,11,16,2048
1,93,14,14,16,2048
1,94,15,15,16,2048
1,95,9,9,16,2048
1,96,5,5,16,2048
1,97,7,7,16,2048
1,98,2,2,16,2048
1,99,14,14,16,2048
1,100,13,13,16,2048
1,101,13,13,16,2048
1,102,5,5,16,2048
1,103,5,5,16,2048
1,104,13,13,16,2048
1,105,8,8,16,2048
1,106,11,11,16,2048
1,107,7,7,16,2048
1,108,7,7,16,2048
1,109,10,10,16,2048
1,110,13,13,16,2048
1,111,5,5,16,2048
1,112,12,12,16,2048
1,113,3,3,16,2048
1,114,6,6,16,2048
1,115,14,14,16,2048
1,116,15,15,16,2048
1,117,14,14,16,2048
1,118,5,5,16,2048
1,119,13,13,16,2048
1,120,14,14,16,2048
1,121,15,15,16,2048
1,122,0,0,16,2048
1,123,11,11,16,2048
1,124,15,15,16,2048
1,125,12,9,16,2048
1,126,3,3,16,2048
1,127,12,12,16,2048
1,128,1,1,16,2048
1,129,7,15,16,2048
1,130,10,10,16,2048
1,131,7,7,16,2048
1,132,11,11,16,2048
1,133,3,3,16,2048
1,134,9,9,16,2048
1,135,10,10,16,2048
1,136,10,10,16,2048
1,137,4,4,16,2048
1,138,4,4,16,2048
1,139,4,4,16,2048
1,140,7,7,16,2048
1,141,9,9,16,2048
1,142,5,5,16,2048
1,143,6,6,16,2048
1,144,4,4,16,2048
1,145,3,3,16,2048
1,146,10,10,16,2048
1,147,13,13,16,2048
1,148,4,4,16,2048
1,149,13,13,16,2048
1,150,9,9,16,2048
1,151,2,2,16,2048
1,152,5,5,16,2048
1,153,0,0,16,2048
1,154,0,0,16,2048
1,155,5,5,16,2048
1,156,7,7,16,2048
1,157,12,12,16,2048
1,158,2,2,16,2048
1,159,13,13,16,2048
1,160,3,3,16,2048
1,161,2,2,16,2048
1,162,11,11,16,2048
1,163,12,12,16,2048
1,164,9,9,16,2048
1,165,1,1,16,2048
1,166,1,1,16,2048
1,167,6,6,16,2048
1,168,7,7,16,2048
1,169,15,15,16,2048
1,170,4,4,16,2048
1,171,3,3,16,2048
1,172,15,15,16,2048
1,173,2,2,16,2048
1,174,0,0,16,2048
1,175,6,6,16,2048
1,176,6,6,16,2048
1,177,9,9,16,2048
1,178,14,14,16,2048
1,179,14,14,16,2048
1,180,4,4,16,2048
1,181,15,15,16,2048
1,182,10,10,16,2048
1,183,1,1,16,2048
1,184,15,15,16,2048
1,185,2,2,16,2048
1,186,9,9,16,2048
1,187,12,12,16,2048
1,188,3,3,16,2048
1,189,4,4,16,2048
1,190,7,7,16,2048
1,191,14,14,16,2048
1,192,3,3,16,2048
1,193,10,10,16,2048
1,194,7,7,16,2048
1,195,1,1,16,2048
1,196,11,11,16,2048
1,197,13,13,16,2048
1,198,9,9,16,2048
1,199,2,2,16,2048
1,200,2,2,16,2048
1,201,6,6,16,2048
1,202,8,8,16,2048
1,203,8,8,16,2048
1,204,3,3,16,2048
1,205,8,8,16,2048
1,206,4,4,16,2048
1,207,10,10,16,2048
1,208,12,12,16,2048
1,209,10,10,16,2048
1,210,0,0,16,2048
1,211,15,15,16,2048
1,212,0,0,16,2048
1,213,15,15,16,2048
1,214,0,0,16,2048
1,215,8,8,16,2048
1,216,1,1,16,2048
1,217,1,1,16,2048
1,218,10,10,16,2048
1,219,11,11,16,2048
1,220,1,1,16,2048
1,221,15,15,16,2048
1,222,5,5,16,2048
1,223,5,5,16,2048
1,224,4,4,16,2048
1,225,7,7,16,2048
1,226,2,2,16,2048
1,227,6,6,16,2048
1,228,3,3,16,2048
1,229,0,0,16,2048
1,230,5,5,16,2048
1,231,10,10,16,2048
1,232,12,12,16,2048
1,233,5,5,16,2048
1,234,5,5,16,2048
1,235,12,12,16,2048
1,236,10,10,16,2048
1,237,13,13,16,2048
1,238,14,14,16,2048
1,239,13,13,16,2048
1,240,14,14,16,2048
1,241,6,6,16,2048
1,242,6,6,16,2048
1,243,5,5,16,2048
1,244,3,3,16,2048
1,245,11,11,16,2048
1,246,11,11,16,2048
1,247,12,12,16,2048
1,248,2,2,16,2048
1,249,7,7,16,2048
1,250,3,3,16,2048
1,251,14,14,16,2048
1,252,4,4,16,2048
1,253,2,2,16,2048
1,254,9,9,16,2048
1,255,14,14,16,2048
1,256,14,14,16,2048
1,257,1,1,16,2048
1,258,5,12,16,2048
1,259,2,2,16,2048
1,260,4,4,16,2048
1,261,8,8,16,2048
1,262,4,4,16,2048
1,263,1,1,16,2048
1,264,8,8,16,2048
1,265,0,0,16,2048
1,266,3,9,16,2048
1,267,0,0,16,2048
1,268,1,1,16,2048
1,269,6,6,16,2048
1,270,13,13,16,2048
1,271,12,12,16,2048
1,272,1,1,16,2048
1,273,0,0,16,2048
1,274,5,5,16,2048
1,275,10,10,16,2048
1,276,11,11,16,2048
1,277,13,13,16,2048
1,278,5,5,16,2048
1,279,2,2,16,2048
1,280,0,0,16,2048
1,281,2,9,16,2048
1,282,1,1,16,2048
1,283,13,13,16,2048
1,284,4,4,16,2048
1,285,13,13,16,2048
1,286,8,8,16,2048
1,287,8,8,16,2048
1,288,7,7,16,2048
1,289,13,13,16,2048
1,290,0,0,16,2048
1,291,1,1,16,2048
1,292,6,6,16,2048
1,293,6,6,16,2048
1,294,8,8,16,2048
1,295,11,11,16,2048
1,296,9,9,16,2048
1,297,4,4,16,2048
1,298,5,5,16,2048
1,299,12,12,16,2048
1,300,3,3,16,2048
1,301,8,8,16,2048
1,302,8,8,16,2048
1,303,12,12,16,2048
1,304,11,11,16,2048
1,305,7,7,16,2048
1,306,4,4,16,2048
1,307,5,5,16,2048
1,308,6,6,16,2048
1,309,3,3,16,2048
1,310,10,10,16,2048
1,311,3,3,16,2048
1,312,10,10,16,2048
1,313,12,12,16,2048
1,314,15,15,16,2048
1,315,1,1,16,2048
1,316,12,12,16,2048
1,317,1,1,16,2048
1,318,5,5,16,2048
1,319,2,2,16,2048
1,320,2,2,16,2048
1,321,2,2,16,2048
1,322,0,0,16,2048
1,323,13,13,16,2048
1,324,0,0,16,2048
1,325,6,6,16,2048
1,326,11,11,16,2048
1,327,15,15,16,2048
1,328,13,13,16,2048
1,329,2,2,16,2048
1,330,15,15,16,2048
1,331,10,10,16,2048
1,332,2,2,16,2048
1,333,7,7,16,2048
1,334,14,14,16,2048
1,335,6,6,16,2048
1,336,2,2,16,2048
1,337,14,14,16,2048
1,338,15,15,16,2048
1,339,15,15,16,2048
1,340,15,15,16,2048
1,341,13,13,16,2048
1,342,7,7,16,2048
1,343,3,3,16,2048
1,344,9,10,16,2048
1,345,3,3,16,2048
1,346,7,7,16,2048
1,347,10,10,16,2048
1,348,15,15,16,2048
1,349,4,4,16,2048
1,350,4,4,16,2048
1,351,11,13,16,2048
1,352,0,0,16,2048
1,353,9,9,16,2048
1,354,11,11,16,2048
1,355,8,8,16,2048
1,356,6,6,16,2048
1,357,13,13,16,2048
1,358,5,5,16,2048
1,359,11,11,16,2048
1,360,7,7,16,2048
1,361,0,0,16,2048
1,362,8,8,16,2048
1,363,0,0,16,2048
1,364,14,14,16,2048
1,365,9,9,16,2048
1,366,5,5,16,2048
1,367,7,7,16,2048
1,368,9,9,16,2048
1,369,4,4,16,2048
1,370,4,4,16,2048
1,371,6,6,16,2048
1,372,4,4,16,2048
1,373,12,12,16,2048
1,374,1,1,16,2048
1,375,13,13,16,2048
1,376,5,5,16,2048
1,377,8,8,16,2048
1,378,2,2,16,2048
1,379,6,6,16,2048
1,380,12,12,16,2048
1,381,4,4,16,2048
1,382,2,2,16,2048
1,383,8,4,16,2048
1,384,2,2,16,2048
1,385,5,5,16,2048
1,386,7,7,16,2048
1,387,9,9,16,2048
1,388,10,10,16,2048
1,389,10,10,16,2048
1,390,13,13,16,2048
1,391,1,1,16,2048
1,392,5,5,16,2048
1,393,0,0,16,2048
1,394,0,0,16,2048
1,395,3,3,16,2048
1,396,9,9,16,2048
1,397,14,14,16,2048
1,398,12,12,16,2048
1,399,10,10,16,2048
1,400,12,12,16,2048
1,401,2,2,16,2048
1,402,13,13,16,2048
1,403,14,14,16,2048
1,404,1,1,16,2048
1,405,7,7,16,2048
1,406,13,13,16,2048
1,407,7,7,16,2048
1,408,13,13,16,2048
1,409,14,14,16,2048
1,410,7,7,16,2048
1,411,0,0,16,2048
1,412,5,5,16,2048
1,413,3,3,16,2048
1,414,7,7,16,2048
1,415,9,9,16,2048
1,416,7,7,16,2048
1,417,3,3,16,2048
1,418,4,4,16,2048
1,419,10,10,16,2048
1,420,0,0,16,2048
1,421,3,3,16,2048
1,422,14,14,16,2048
1,423,1,1,16,2048
1,424,6,6,16,2048
1,425,3,3,16,2048
1,426,1,1,16,2048
1,427,6,6,16,2048
1,428,8,8,16,2048
1,429,2,2,16,2048
1,430,1,1,16,2048
1,431,2,2,16,2048
1,432,10,10,16,2048
1,433,13,13,16,2048
1,434,2,2,16,2048
1,435,5,5,16,2048
1,436,5,5,16,2048
1,437,5,5,16,2048
1,438,3,3,16,2048
1,439,0,0,16,2048
1,440,8,8,16,2048
1,441,5,5,16,2048
1,442,5,11,16,2048
1,443,4,4,16,2048
1,444,14,14,16,2048
1,445,9,9,16,2048
1,446,6,6,16,2048
1,447,3,3,16,2048
1,448,12,12,16,2048
1,449,14,14,16,2048
1,450,0,0,16,2048
1,451,14,14,16,2048
1,452,11,11,16,2048
1,453,1,1,16,2048
1,454,12,12,16,2048
1,455,1,1,16,2048
1,456,0,13,16,2048
1,457,1,1,16,2048
1,458,7,7,16,2048
1,459,9,9,16,2048
1,460,6,6,16,2048
1,461,1,1,16,2048
1,462,3,3,16,2048
1,463,13,13,16,2048
1,464,15,15,16,2048
1,465,12,2,16,2048
1,466,1,1,16,2048
1,467,13,13,16,2048
1,468,11,11,16,2048
1,469,8,8,16,2048
1,470,2,2,16,2048
1,471,15,15,16,2048
1,472,7,7,16,2048
1,473,0,0,16,2048
1,474,3,3,16,2048
1,475,6,6,16,2048
1,476,0,0,16,2048
1,477,5,5,16,2048
1,478,7,6,16,2048
1,479,15,15,16,2048
1,480,1,4,16,2048
1,481,9,9,16,2048
1,482,14,14,16,2048
1,483,12,12,16,2048
1,484,14,14,16,2048
1,485,2,2,16,2048
1,486,12,12,16,2048
1,487,15,15,16,2048
1,488,5,5,16,2048
1,489,7,7,16,2048
1,490,8,8,16,2048
1,491,7,7,16,2048
1,492,4,4,16,2048
1,493,15,15,16,2048
1,494,15,15,16,2048
1,495,6,6,16,2048
1,496,12,15,16,2048
1,497,6,6,16,2048
1,498,12,12,16,2048
1,499,9,9,16,2048
1,500,7,7,16,2048
1,501,2,2,16,2048
1,502,10,10,16,2048
1,503,5,14,16,2048
1,504,3,3,16,2048
1,505,3,3,16,2048
1,506,15,15,16,2048
1,507,1,1,16,2048
1,508,12,12,16,2048
1,509,13,13,16,2048
1,510,0,0,16,2048
1,511,9,9,16,2048
1,512,9,9,16,2048
1,513,5,5,16,2048
1,514,10,10,16,2048
1,515,6,6,16,2048
1,516,7,7,16,2048
1,517,6,6,16,2048
1,518,12,12,16,2048
1,519,10,10,16,2048
1,520,6,6,16,2048
1,521,14,14,16,2048
1,522,12,12,16,2048
1,523,14,14,16,2048
1,524,11,11,16,2048
1,525,6,6,16,2048
1,526,12,12,16,2048
1,527,5,5,16,2048
1,528,4,4,16,2048
1,529,7,7,16,2048
1,530,15,15,16,2048
1,531,9,9,16,2048
1,532,6,6,16,2048
1,533,7,7,16,2048
1,534,4,4,16,2048
1,535,10,10,16,2048
1,536,5,5,16,2048
1,537,8,8,16,2048
1,538,5,5,16,2048
1,539,5,5,16,2048
1,540,15,15,16,2048
1,541,5,5,16,2048
1,542,1,1,16,2048
1,543,6,6,16,2048
1,544,8,8,16,2048
1,545,1,1,16,2048
1,546,4,4,16,2048
1,547,2,2,16,2048
1,548,8,8,16,2048
1,549,11,11,16,2048
1,550,15,15,16,2048
1,551,6,6,16,2048
1,552,13,13,16,2048
1,553,3,3,16,2048
1,554,12,12,16,2048
1,555,9,9,16,2048
1,556,12,12,16,2048
1,557,12,12,16,2048
1,558,8,8,16,2048
1,559,4,4,16,2048
1,560,8,8,16,2048
1,561,13,13,16,2048
1,562,15,15,16,2048
1,563,14,14,16,2048
1,564,2,2,16,2048
1,565,9,9,16,2048
1,566,1,1,16,2048
1,567,10,10,16,2048
1,568,15,15,16,2048
1,569,0,0,16,2048
1,570,10,10,16,2048
1,571,15,15,16,2048
1,572,13,13,16,2048
1,573,6,6,16,2048
1,574,1,1,16,2048
1,575,14,14,16,2048
1,576,14,14,16,2048
1,577,9,9,16,2048
1,578,15,15,16,2048
1,579,0,0,16,2048
1,580,9,9,16,2048
1,581,0,0,16,2048
1,582,14,14,16,2048
1,583,10,10,16,2048
1,584,14,14,16,2048
1,585,9,9,16,2048
1,586,1,1,16,2048
1,587,0,0,16,2048
1,588,5,5,16,2048
1,589,11,11,16,2048
1,590,2,2,16,2048
1,591,13,13,16,2048
1,592,3,0,16,2048
1,593,7,7,16,2048
1,594,3,3,16,2048
1,595,7,7,16,2048
1,596,7,7,16,2048
1,597,0,0,16,2048
1,598,9,9,16,2048
1,599,12,15,16,2048
1,600,14,14,16,2048
1,601,5,5,16,2048
1,602,14,14,16,2048
1,603,14,14,16,2048
1,604,15,15,16,2048
1,605,5,5,16,2048
1,606,13,5,16,2048
1,607,9,9,16,2048
1,608,0,0,16,2048
1,609,4,4,16,2048
1,610,10,10,16,2048
1,611,2,2,16,2048
1,612,6,6,16,2048
1,613,12,12,16,2048
1,614,2,2,16,2048
1,615,7,7,16,2048
1,616,3,3,16,2048
1,617,8,8,16,2048
1,618,3,3,16,2048
1,619,15,15,16,2048
1,620,1,1,16,2048
1,621,15,15,16,2048
1,622,12,12,16,2048
1,623,13,13,16,2048
1,624,13,13,16,2048
1,625,3,3,16,2048
1,626,14,14,16,2048
1,627,9,9,16,2048
1,628,15,15,16,2048
1,629,14,14,16,2048
1,630,9,9,16,2048
1,631,5,5,16,2048
1,632,1,1,16,2048
1,633,1,1,16,2048
1,634,6,6,16,2048
1,635,12,12,16,2048
1,636,8,8,16,2048
1,637,7,7,16,2048
1,638,3,3,16,2048
1,639,9,9,16,2048
1,640,10,10,16,2048
1,641,15,15,16,2048
1,642,11,11,16,2048
1,643,9,9,16,2048
1,644,14,14,16,2048
1,645,6,6,16,2048
1,646,14,14,16,2048
1,647,5,5,16,2048
1,648,2,2,16,2048
1,649,6,6,16,2048
1,650,2,2,16,2048
1,651,1,1,16,2048
1,652,14,14,16,2048
1,653,12,12,16,2048
1,654,3,3,16,2048
1,655,13,13,16,2048
1,656,1,1,16,2048
1,657,4,4,16,2048
1,658,11,11,16,2048
1,659,4,4,16,2048
1,660,11,11,16,2048
1,661,13,13,16,2048
1,662,1,1,16,2048
1,663,0,0,16,2048
1,664,15,15,16,2048
1,665,8,8,16,2048
1,666,8,8,16,2048
1,667,7,7,16,2048
1,668,6,6,16,2048
1,669,11,11,16,2048
1,670,9,9,16,2048
1,671,2,2,16,2048
1,672,10,10,16,2048
1,673,10,10,16,2048
1,674,1,1,16,2048
1,675,6,6,16,2048
1,676,12,12,16,2048
1,677,9,9,16,2048
1,678,2,2,16,2048
1,679,0,0,16,2048
1,680,9,9,16,2048
1,681,7,7,16,2048
1,682,15,3,16,2048
1,683,8,8,16,2048
1,684,14,14,16,2048
1,685,3,3,16,2048
1,686,7,7,16,2048
1,687,2,2,16,2048
1,688,9,9,16,2048
1,689,3,3,16,2048
1,690,7,7,16,2048
1,691,5,5,16,2048
1,692,2,2,16,2048
1,693,1,1,16,2048
1,694,8,8,16,2048
1,695,15,15,16,2048
1,696,3,3,16,2048
1,697,6,6,16,2048
1,698,3,3,16,2048
1,699,12,12,16,2048
1,700,6,6,16,2048
1,701,15,15,16,2048
1,702,3,3,16,2048
1,703,1,1,16,2048
1,704,9,9,16,2048
1,705,10,10,16,2048
1,706,15,15,16,2048
1,707,13,13,16,2048
1,708,14,14,16,2048
1,709,10,10,16,2048
1,710,5,5,16,2048
1,711,6,6,16,2048
1,712,2,2,16,2048
1,713,6,6,16,2048
1,714,5,5,16,2048
1,715,0,0,16,2048
1,716,3,3,16,2048
1,717,8,8,16,2048
1,718,5,5,16,2048
1,719,15,15,16,2048
1,720,7,7,16,2048
1,721,15,15,16,2048
1,722,10,10,16,2048
1,723,0,0,16,2048
1,724,3,3,16,2048
1,725,11,11,16,2048
1,726,8,8,16,2048
1,727,4,4,16,2048
1,728,8,8,16,2048
1,729,14,14,16,2048
1,730,6,6,16,2048
1,731,0,0,16,2048
1,732,4,0,16,2048
1,733,14,14,16,2048
1,734,12,12,16,2048
1,735,13,13,16,2048
1,736,14,14,16,2048
1,737,1,1,16,2048
1,738,4,4,16,2048
1,739,0,0,16,2048
1,740,0,0,16,2048
1,741,13,13,16,2048
1,742,14,14,16,2048
1,743,2,2,16,2048
1,744,11,11,16,2048
1,745,8,8,16,2048
1,746,1,1,16,2048
1,747,14,14,16,2048
1,748,13,13,16,2048
1,749,9,9,16,2048
1,750,11,11,16,2048
1,751,6,6,16,2048
1,752,12,12,16,2048
1,753,7,0,16,2048
1,754,15,15,16,2048
1,755,1,1,16,2048
1,756,2,2,16,2048
1,757,15,15,16,2048
1,758,4,4,16,2048
1,759,4,4,16,2048
1,760,12,12,16,2048
1,761,3,3,16,2048
1,762,8,8,16,2048
1,763,4,4,16,2048
1,764,3,3,16,2048
1,765,15,15,16,2048
1,766,3,3,16,2048
1,767,1,1,16,2048
1,768,10,10,16,2048
1,769,13,13,16,2048
1,770,2,2,16,2048
1,771,11,11,16,2048
1,772,8,8,16,2048
1,773,13,13,16,2048
1,774,2,2,16,2048
1,775,15,15,16,2048
1,776,9,9,16,2048
1,777,13,13,16,2048
1,778,5,5,16,2048
1,779,15,15,16,2048
1,780,10,10,16,2048
1,781,2,2,16,2048
1,782,14,14,16,2048
1,783,12,12,16,2048
1,784,4,4,16,2048
1,785,8,8,16,2048
1,786,6,6,16,2048
1,787,8,8,16,2048
1,788,15,15,16,2048
1,789,14,14,16,2048
1,790,3,3,16,2048
1,791,15,15,16,2048
1,792,7,7,16,2048
1,793,11,11,16,2048
1,794,12,12,16,2048
1,795,7,7,16,2048
1,796,7,7,16,2048
1,797,7,7,16,2048
1,798,13,13,16,2048
1,799,6,6,16,2048
1,800,4,4,16,2048
1,801,5,5,16,2048
1,802,3,3,16,2048
1,803,6,6,16,2048
1,804,1,1,16,2048
1,805,1,1,16,2048
1,806,11,11,16,2048
1,807,1,1,16,2048
1,808,9,9,16,2048
1,809,12,12,16,2048
1,810,11,11,16,2048
1,811,7,7,16,2048
1,812,3,3,16,2048
1,813,14,14,16,2048
1,814,13,13,16,2048
1,815,9,9,16,2048
1,816,1,1,16,2048
1,817,0,0,16,2048
1,818,5,5,16,2048
1,819,2,2,16,2048
1,820,13,13,16,2048
1,821,3,3,16,2048
1,822,4,4,16,2048
1,823,15,15,16,2048
1,824,13,13,16,2048
1,825,3,3,16,2048
1,826,6,6,16,2048
1,827,8,8,16,2048
1,828,10,10,16,2048
1,829,14,14,16,2048
1,830,13,13,16,2048
1,831,15,9,16,2048
1,832,0,0,16,2048
1,833,3,3,16,2048
1,834,9,9,16,2048
1,835,0,0,16,2048
1,836,5,5,16,2048
1,837,2,2,16,2048
1,838,14,14,16,2048
1,839,1,1,16,2048
1,840,2,2,16,2048
1,841,3,3,16,2048
1,842,2,2,16,2048
1,843,9,9,16,2048
1,844,5,10,16,2048
1,845,14,14,16,2048
1,846,4,4,16,2048
1,847,8,8,16,2048
1,848,10,10,16,2048
1,849,10,10,16,2048
1,850,12,12,16,2048
1,851,3,3,16,2048
1,852,8,8,16,2048
1,853,12,12,16,2048
1,854,13,13,16,2048
1,855,9,9,16,2048
1,856,10,10,16,2048
1,857,13,13,16,2048
1,858,9,9,16,2048
1,859,15,15,16,2048
1,860,2,2,16,2048
1,861,5,5,16,2048
1,862,1,1,16,2048
1,863,1,1,16,2048
1,864,7,12,16,2048
1,865,3,3,16,2048
1,866,6,6,16,2048
1,867,7,7,16,2048
1,868,9,3,16,2048
1,869,15,15,16,2048
1,870,13,13,16,2048
1,871,6,6,16,2048
1,872,5,5,16,2048
1,873,12,2,16,2048
1,874,1,12,16,2048
1,875,8,8,16,2048
1,876,6,6,16,2048
1,877,2,2,16,2048
1,878,9,9,16,2048
1,879,5,5,16,2048
1,880,2,2,16,2048
1,881,10,10,16,2048
1,882,2,2,16,2048
1,883,10,10,16,2048
1,884,2,2,16,2048
1,885,6,6,16,2048
1,886,12,15,16,2048
1,887,3,3,16,2048
1,888,12,12,16,2048
1,889,11,11,16,2048
1,890,14,14,16,2048
1,891,2,2,16,2048
1,892,11,11,16,2048
1,893,14,14,16,2048
1,894,12,12,16,2048
1,895,3,3,16,2048
1,896,13,13,16,2048
1,897,1,1,16,2048
1,898,9,9,16,2048
1,899,7,7,16,2048
1,900,8,8,16,2048
1,901,8,8,16,2048
1,902,0,0,16,2048
1,903,8,8,16,2048
1,904,14,14,16,2048
1,905,6,6,16,2048
1,906,4,4,16,2048
1,907,15,15,16,2048
1,908,1,1,16,2048
1,909,7,7,16,2048
1,910,8,8,16,2048
1,911,7,7,16,2048
1,912,14,14,16,2048
1,913,6,6,16,2048
1,914,15,15,16,2048
1,915,1,1,16,2048
1,916,11,11,16,2048
1,917,9,14,16,2048
1,918,3,3,16,2048
1,919,3,3,16,2048
1,920,11,11,16,2048
1,921,10,10,16,2048
1,922,9,9,16,2048
1,923,0,0,16,2048
1,924,9,9,16,2048
1,925,15,15,16,2048
1,926,0,0,16,2048
1,927,7,7,16,2048
1,928,7,7,16,2048
1,929,14,14,16,2048
1,930,4,4,16,2048
1,931,7,7,16,2048
1,932,11,11,16,2048
1,933,0,0,16,2048
1,934,12,12,16,2048
1,935,13,13,16,2048
1,936,11,11,16,2048
1,937,10,10,16,2048
1,938,11,11,16,2048
1,939,12,12,16,2048
1,940,14,14,16,2048
1,941,6,6,16,2048
1,942,7,7,16,2048
1,943,10,10,16,2048
1,944,3,3,16,2048
1,945,13,13,16,2048
1,946,12,12,16,2048
1,947,10,10,16,2048
1,948,4,4,16,2048
1,949,5,5,16,2048
1,950,6,6,16,2048
1,951,10,10,16,2048
1,952,12,12,16,2048
1,953,10,10,16,2048
1,954,14,14,16,2048
1,955,15,1,16,2048
1,956,11,11,16,2048
1,957,5,5,16,2048
1,958,9,9,16,2048
1,959,6,6,16,2048
1,960,10,10,16,2048
1,961,12,12,16,2048
1,962,5,5,16,2048
1,963,8,8,16,2048
1,964,0,0,16,2048
1,965,11,11,16,2048
1,966,7,7,16,2048
1,967,7,7,16,2048
1,968,8,8,16,2048
1,969,3,3,16,2048
1,970,9,9,16,2048
1,971,11,11,16,2048
1,972,5,5,16,2048
1,973,2,2,16,2048
1,974,6,6,16,2048
1,975,3,3,16,2048
1,976,5,5,16,2048
1,977,10,12,16,2048
1,978,1,1,16,2048
1,979,11,11,16,2048
1,980,3,3,16,2048
1,981,14,14,16,2048
1,982,11,11,16,2048
1,983,4,4,16,2048
1,984,9,9,16,2048
1,985,1,1,16,2048
1,986,1,1,16,2048
1,987,15,15,16,2048
1,988,12,12,16,2048
1,989,2,2,16,2048
1,990,4,4,16,2048
1,991,3,3,16,2048
1,992,6,6,16,2048
1,993,4,4,16,2048
1,994,5,5,16,2048
1,995,8,8,16,2048
1,996,3,3,16,2048
1,997,14,14,16,2048
1,998,11,11,16,2048
1,999,12,12,16,2048
1,1000,2,2,16,2048
1,1001,11,11,16,2048
1,1002,13,13,16,2048
1,1003,2,2,16,2048
1,1004,12,12,16,2048
1,1005,5,5,16,2048
1,1006,12,12,16,2048
1,1007,7,7,16,2048
1,1008,12,12,16,2048
1,1009,2,2,16,2048
1,1010,6,6,16,2048
1,1011,4,4,16,2048
1,1012,3,3,16,2048
1,1013,4,4,16,2048
1,1014,6,6,16,2048
1,1015,2,2,16,2048
1,1016,11,11,16,2048
1,1017,8,8,16,2048
1,1018,13,13,16,2048
1,1019,11,11,16,2048
1,1020,2,2,16,2048
1,1021,1,1,16,2048
1,1022,6,6,16,2048
1,1023,7,7,16,2048
1,1024,3,3,16,2048
1,1025,12,0,16,2048
1,1026,9,9,16,2048
1,1027,11,11,16,2048
1,1028,1,1,16,2048
1,1029,13,13,16,2048
1,1030,3,3,16,2048
1,1031,7,15,16,2048
1,1032,7,7,16,2048
1,1033,13,13,16,2048
1,1034,4,4,16,2048
1,1035,3,3,16,2048
1,1036,5,5,16,2048
1,1037,5,5,16,2048
1,1038,2,2,16,2048
1,1039,2,2,16,2048
1,1040,3,3,16,2048
1,1041,7,7,16,2048
1,1042,5,5,16,2048
1,1043,6,6,16,2048
1,1044,11,11,16,2048
1,1045,3,3,16,2048
1,1046,14,14,16,2048
1,1047,12,12,16,2048
1,1048,2,2,16,2048
1,1049,5,5,16,2048
1,1050,2,2,16,2048
1,1051,4,4,16,2048
1,1052,5,5,16,2048
1,1053,2,2,16,2048
1,1054,0,0,16,2048
1,1055,7,7,16,2048
1,1056,11,11,16,2048
1,1057,4,4,16,2048
1,1058,13,0,16,2048
1,1059,5,5,16,2048
1,1060,14,14,16,2048
1,1061,3,3,16,2048
1,1062,8,8,16,2048
1,1063,12,12,16,2048
1,1064,0,0,16,2048
1,1065,14,14,16,2048
1,1066,5,5,16,2048
1,1067,7,7,16,2048
1,1068,10,10,16,2048
1,1069,10,10,16,2048
1,1070,0,0,16,2048
1,1071,13,13,16,2048
1,1072,9,9,16,2048
1,1073,15,15,16,2048
1,1074,7,7,16,2048
1,1075,9,9,16,2048
1,1076,7,7,16,2048
1,1077,14,14,16,2048
1,1078,13,13,16,2048
1,1079,14,14,16,2048
1,1080,8,8,16,2048
1,1081,12,12,16,2048
1,1082,5,7,16,2048
1,1083,7,7,16,2048
1,1084,12,12,16,2048
1,1085,1,1,16,2048
1,1086,11,11,16,2048
1,1087,0,0,16,2048
1,1088,9,9,16,2048
1,1089,7,7,16,2048
1,1090,7,7,16,2048
1,1091,7,7,16,2048
1,1092,7,7,16,2048
1,1093,6,6,16,2048
1,1094,7,7,16,2048
1,1095,9,9,16,2048
1,1096,12,12,16,2048
1,1097,8,8,16,2048
1,1098,10,10,16,2048
1,1099,13,13,16,2048
1,1100,15,15,16,2048
1,1101,1,1,16,2048
1,1102,11,11,16,2048
1,1103,3,3,16,2048
1,1104,3,3,16,2048
1,1105,12,12,16,2048
1,1106,1,1,16,2048
1,1107,13,13,16,2048
1,1108,12,12,16,2048
1,1109,15,15,16,2048
1,1110,10,10,16,2048
1,1111,13,13,16,2048
1,1112,1,1,16,2048
1,1113,14,14,16,2048
1,1114,2,2,16,2048
1,1115,5,5,16,2048
1,1116,2,2,16,2048
1,1117,6,6,16,2048
1,1118,11,11,16,2048
1,1119,4,2,16,2048
1,1120,13,13,16,2048
1,1121,9,9,16,2048
1,1122,10,10,16,2048
1,1123,15,15,16,2048
1,1124,6,6,16,2048
1,1125,5,5,16,2048
1,1126,15,15,16,2048
1,1127,8,8,16,2048
1,1128,9,1,16,2048
1,1129,4,4,16,2048
1,1130,3,3,16,2048
1,1131,2,2,16,2048
1,1132,3,3,16,2048
1,1133,3,3,16,2048
1,1134,11,11,16,2048
1,1135,0,0,16,2048
1,1136,10,10,16,2048
1,1137,15,15,16,2048
1,1138,12,12,16,2048
1,1139,6,6,16,2048
1,1140,0,0,16,2048
1,1141,13,13,16,2048
1,1142,0,0,16,2048
1,1143,10,10,16,2048
1,1144,10,10,16,2048
1,1145,3,3,16,2048
1,1146,11,11,16,2048
1,1147,2,2,16,2048
1,1148,3,3,16,2048
1,1149,12,12,16,2048
1,1150,15,15,16,2048
1,1151,4,4,16,2048
1,1152,14,14,16,2048
1,1153,14,14,16,2048
1,1154,12,12,16,2048
1,1155,2,2,16,2048
1,1156,4,4,16,2048
1,1157,10,10,16,2048
1,1158,15,15,16,2048
1,1159,13,13,16,2048
1,1160,6,6,16,2048
1,1161,3,3,16,2048
1,1162,15,15,16,2048
1,1163,4,4,16,2048
1,1164,5,5,16,2048
1,1165,15,15,16,2048
1,1166,8,8,16,2048
1,1167,4,4,16,2048
1,1168,0,0,16,2048
1,1169,6,6,16,2048
1,1170,15,15,16,2048
1,1171,6,6,16,2048
1,1172,11,11,16,2048
1,1173,4,4,16,2048
1,1174,12,12,16,2048
1,1175,12,12,16,2048
1,1176,9,9,16,2048
1,1177,12,12,16,2048
1,1178,9,9,16,2048
1,1179,6,6,16,2048
1,1180,11,11,16,2048
1,1181,13,13,16,2048
1,1182,13,13,16,2048
1,1183,3,3,16,2048
1,1184,10,10,16,2048
1,1185,0,0,16,2048
1,1186,9,9,16,2048
1,1187,9,9,16,2048
1,1188,5,5,16,2048
1,1189,15,15,16,2048
1,1190,14,14,16,2048
1,1191,0,0,16,2048
1,1192,3,3,16,2048
1,1193,3,3,16,2048
1,1194,14,14,16,2048
1,1195,8,8,16,2048
1,1196,11,11,16,2048
1,1197,12,12,16,2048
1,1198,12,12,16,2048
1,1199,1,1,16,2048
1,1200,2,2,16,2048
1,1201,6,6,16,2048
1,1202,5,5,16,2048
1,1203,11,11,16,2048
1,1204,2,2,16,2048
1,1205,5,5,16,2048
1,1206,3,3,16,2048
1,1207,3,3,16,2048
1,1208,2,2,16,2048
1,1209,3,3,16,2048
1,1210,9,9,16,2048
1,1211,6,6,16,2048
1,1212,6,6,16,2048
1,1213,7,7,16,2048
1,1214,11,11,16,2048
1,1215,13,13,16,2048
1,1216,8,8,16,2048
1,1217,10,10,16,2048
1,1218,11,11,16,2048
1,1219,11,11,16,2048
1,1220,2,2,16,2048
1,1221,15,15,16,2048
1,1222,2,2,16,2048
1,1223,6,6,16,2048
1,1224,10,10,16,2048
1,1225,6,6,16,2048
1,1226,3,3,16,2048
1,1227,14,14,16,2048
1,1228,1,1,16,2048
1,1229,3,3,16,2048
1,1230,15,15,16,2048
1,1231,11,11,16,2048
1,1232,1,1,16,2048
1,1233,12,12,16,2048
1,1234,15,15,16,2048
1,1235,1,1,16,2048
1,1236,6,6,16,2048
1,1237,7,7,16,2048
1,1238,2,2,16,2048
1,1239,3,3,16,2048
1,1240,2,2,16,2048
1,1241,2,2,16,2048
1,1242,6,6,16,2048
1,1243,7,7,16,2048
1,1244,3,3,16,2048
1,1245,4,4,16,2048
1,1246,3,3,16,2048
1,1247,12,7,16,2048
1,1248,3,3,16,2048
1,1249,14,14,16,2048
1,1250,8,8,16,2048
1,1251,12,12,16,2048
1,1252,10,10,16,2048
1,1253,4,4,16,2048
1,1254,9,9,16,2048
1,1255,4,4,16,2048
1,1256,1,1,16,2048
1,1257,4,4,16,2048
1,1258,4,4,16,2048
1,1259,2,2,16,2048
1,1260,0,0,16,2048
1,1261,15,10,16,2048
1,1262,8,8,16,2048
1,1263,6,6,16,2048
1,1264,14,14,16,2048
1,1265,3,3,16,2048
1,1266,6,6,16,2048
1,1267,13,13,16,2048
1,1268,10,10,16,2048
1,1269,6,6,16,2048
1,1270,4,4,16,2048
1,1271,0,0,16,2048
1,1272,1,1,16,2048
1,1273,2,2,16,2048
1,1274,12,12,16,2048
1,1275,10,10,16,2048
1,1276,6,6,16,2048
1,1277,12,12,16,2048
1,1278,2,2,16,2048
1,1279,3,3,16,2048
1,1280,6,6,16,2048
1,1281,14,14,16,2048
1,1282,9,9,16,2048
1,1283,13,13,16,2048
1,1284,3,3,16,2048
1,1285,13,13,16,2048
1,1286,1,1,16,2048
1,1287,3,3,16,2048
1,1288,8,8,16,2048
1,1289,0,0,16,2048
1,1290,13,15,16,2048
1,1291,13,13,16,2048
1,1292,8,8,16,2048
1,1293,4,4,16,2048
1,1294,1,1,16,2048
1,1295,9,9,16,2048
1,1296,8,8,16,2048
1,1297,12,12,16,2048
1,1298,9,9,16,2048
1,1299,2,2,16,2048
1,1300,1,1,16,2048
1,1301,12,12,16,2048
1,1302,2,2,16,2048
1,1303,15,15,16,2048
1,1304,1,1,16,2048
1,1305,11,11,16,2048
1,1306,15,15,16,2048
1,1307,7,7,16,2048
1,1308,0,0,16,2048
1,1309,14,14,16,2048
1,1310,2,2,16,2048
1,1311,8,8,16,2048
1,1312,15,15,16,2048
1,1313,11,11,16,2048
1,1314,0,0,16,2048
1,1315,13,13,16,2048
1,1316,2,2,16,2048
1,1317,11,11,16,2048
1,1318,9,9,16,2048
1,1319,4,4,16,2048
1,1320,6,6,16,2048
1,1321,1,11,16,2048
1,1322,15,15,16,2048
1,1323,3,3,16,2048
1,1324,4,4,16,2048
1,1325,8,8,16,2048
1,1326,10,10,16,2048
1,1327,8,8,16,2048
1,1328,8,8,16,2048
1,1329,9,9,16,2048
1,1330,13,13,16,2048
1,1331,6,6,16,2048
1,1332,13,13,16,2048
1,1333,12,12,16,2048
1,1334,15,15,16,2048
1,1335,14,14,16,2048
1,1336,12,12,16,2048
1,1337,3,3,16,2048
1,1338,12,12,16,2048
1,1339,11,11,16,2048
1,1340,4,4,16,2048
1,1341,10,10,16,2048
1,1342,4,4,16,2048
1,1343,8,5,16,2048
1,1344,12,12,16,2048
1,1345,3,10,16,2048
1,1346,5,5,16,2048
1,1347,12,12,16,2048
1,1348,7,7,16,2048
1,1349,15,15,16,2048
1,1350,0,0,16,2048
1,1351,11,11,16,2048
1,1352,13,13,16,2048
1,1353,14,14,16,2048
1,1354,2,2,16,2048
1,1355,15,12,16,2048
1,1356,6,6,16,2048
1,1357,5,5,16,2048
1,1358,5,5,16,2048
1,1359,10,10,16,2048
1,1360,10,10,16,2048
1,1361,7,7,16,2048
1,1362,1,1,16,2048
1,1363,15,15,16,2048
1,1364,3,3,16,2048
1,1365,1,1,16,2048
1,1366,9,9,16,2048
1,1367,6,6,16,2048
1,1368,9,9,16,2048
1,1369,14,14,16,2048
1,1370,1,1,16,2048
1,1371,4,4,16,2048
1,1372,8,8,16,2048
1,1373,12,12,16,2048
1,1374,9,9,16,2048
1,1375,6,5,16,2048
1,1376,9,9,16,2048
1,1377,15,15,16,2048
1,1378,7,7,16,2048
1,1379,14,14,16,2048
1,1380,12,12,16,2048
1,1381,4,4,16,2048
1,1382,3,3,16,2048
1,1383,12,12,16,2048
1,1384,3,3,16,2048
1,1385,5,5,16,2048
1,1386,3,3,16,2048
1,1387,9,9,16,2048
1,1388,4,4,16,2048
1,1389,10,10,16,2048
1,1390,14,14,16,2048
1,1391,13,13,16,2048
1,1392,15,15,16,2048
1,1393,0,0,16,2048
1,1394,7,7,16,2048
1,1395,3,3,16,2048
1,1396,14,14,16,2048
1,1397,11,11,16,2048
1,1398,5,5,16,2048
1,1399,9,9,16,2048
1,1400,9,9,16,2048
1,1401,7,7,16,2048
1,1402,7,7,16,2048
1,1403,0,0,16,2048
1,1404,7,7,16,2048
1,1405,5,14,16,2048
1,1406,13,13,16,2048
1,1407,13,13,16,2048
1,1408,12,12,16,2048
1,1409,0,0,16,2048
1,1410,13,13,16,2048
1,1411,6,6,16,2048
1,1412,6,6,16,2048
1,1413,15,15,16,2048
1,1414,13,13,16,2048
1,1415,0,0,16,2048
1,1416,5,5,16,2048
1,1417,11,11,16,2048
1,1418,8,8,16,2048
1,1419,4,4,16,2048
1,1420,8,8,16,2048
1,1421,13,13,16,2048
1,1422,3,3,16,2048
1,1423,11,11,16,2048
1,1424,11,11,16,2048
1,1425,14,14,16,2048
1,1426,4,4,16,2048
1,1427,3,3,16,2048
1,1428,8,8,16,2048
1,1429,8,8,16,2048
1,1430,6,8,16,2048
1,1431,12,12,16,2048
1,1432,12,12,16,2048
1,1433,3,13,16,2048
1,1434,12,10,16,2048
1,1435,3,3,16,2048
1,1436,6,6,16,2048
1,1437,0,0,16,2048
1,1438,5,5,16,2048
1,1439,15,15,16,2048
1,1440,7,7,16,2048
1,1441,11,11,16,2048
1,1442,1,1,16,2048
1,1443,10,10,16,2048
1,1444,5,5,16,2048
1,1445,11,11,16,2048
1,1446,14,14,16,2048
1,1447,8,8,16,2048
1,1448,1,1,16,2048
1,1449,7,7,16,2048
1,1450,1,1,16,2048
1,1451,7,7,16,2048
1,1452,0,0,16,2048
1,1453,10,10,16,2048
1,1454,4,4,16,2048
1,1455,3,3,16,2048
1,1456,0,0,16,2048
1,1457,14,14,16,2048
1,1458,13,13,16,2048
1,1459,12,12,16,2048
1,1460,0,0,16,2048
1,1461,5,5,16,2048
1,1462,15,15,16,2048
1,1463,9,9,16,2048
1,1464,2,2,16,2048
1,1465,2,2,16,2048
1,1466,4,4,16,2048
1,1467,15,15,16,2048
1,1468,2,2,16,2048
1,1469,14,14,16,2048
1,1470,10,10,16,2048
1,1471,14,14,16,2048
1,1472,13,13,16,2048
1,1473,5,5,16,2048
1,1474,13,13,16,2048
1,1475,2,2,16,2048
1,1476,4,4,16,2048
1,1477,3,3,16,2048
1,1478,2,2,16,2048
1,1479,1,1,16,2048
1,1480,2,2,16,2048
1,1481,1,1,16,2048
1,1482,6,6,16,2048
1,1483,1,1,16,2048
1,1484,0,0,16,2048
1,1485,15,15,16,2048
1,1486,1,1,16,2048
1,1487,1,1,16,2048
1,1488,0,0,16,2048
1,1489,2,2,16,2048
1,1490,8,8,16,2048
1,1491,13,6,16,2048
1,1492,11,11,16,2048
1,1493,9,9,16,2048
1,1494,1,1,16,2048
1,1495,12,12,16,2048
1,1496,0,0,16,2048
1,1497,10,10,16,2048
1,1498,6,6,16,2048
1,1499,14,14,16,2048
1,1500,4,4,16,2048
1,1501,10,10,16,2048
1,1502,7,7,16,2048
1,1503,8,8,16,2048
1,1504,15,15,16,2048
1,1505,11,11,16,2048
1,1506,6,6,16,2048
1,1507,7,7,16,2048
1,1508,11,11,16,2048
1,1509,5,5,16,2048
1,1510,2,2,16,2048
1,1511,7,7,16,2048
1,1512,1,1,16,2048
1,1513,2,2,16,2048
1,1514,6,6,16,2048
1,1515,12,12,16,2048
1,1516,12,12,16,2048
1,1517,4,4,16,2048
1,1518,6,6,16,2048
1,1519,2,2,16,2048
1,1520,12,12,16,2048
1,1521,3,3,16,2048
1,1522,12,12,16,2048
1,1523,13,13,16,2048
1,1524,11,11,16,2048
1,1525,5,5,16,2048
1,1526,15,15,16,2048
1,1527,10,10,16,2048
1,1528,10,10,16,2048
1,1529,13,13,16,2048
1,1530,14,14,16,2048
1,1531,1,1,16,2048
1,1532,14,14,16,2048
1,1533,12,12,16,2048
1,1534,3,3,16,2048
1,1535,4,4,16,2048
1,1536,12,12,16,2048
1,1537,3,3,16,2048
1,1538,7,7,16,2048
1,1539,11,11,16,2048
1,1540,10,7,16,2048
1,1541,14,14,16,2048
1,1542,1,1,16,2048
1,1543,4,4,16,2048
1,1544,15,15,16,2048
1,1545,9,9,16,2048
1,1546,3,3,16,2048
1,1547,4,4,16,2048
1,1548,5,5,16,2048
1,1549,8,8,16,2048
1,1550,4,4,16,2048
1,1551,9,9,16,2048
1,1552,7,7,16,2048
1,1553,9,9,16,2048
1,1554,2,2,16,2048
1,1555,9,9,16,2048
1,1556,14,14,16,2048
1,1557,2,2,16,2048
1,1558,5,5,16,2048
1,1559,11,11,16,2048
1,1560,9,9,16,2048
1,1561,10,10,16,2048
1,1562,8,8,16,2048
1,1563,10,10,16,2048
1,1564,9,9,16,2048
1,1565,1,1,16,2048
1,1566,12,12,16,2048
1,1567,7,7,16,2048
1,1568,0,0,16,2048
1,1569,6,6,16,2048
1,1570,6,6,16,2048
1,1571,1,1,16,2048
1,1572,15,15,16,2048
1,1573,3,3,16,2048
1,1574,5,5,16,2048
1,1575,7,7,16,2048
1,1576,13,13,16,2048
1,1577,11,11,16,2048
1,1578,12,12,16,2048
1,1579,3,3,16,2048
1,1580,13,13,16,2048
1,1581,13,13,16,2048
1,1582,7,7,16,2048
1,1583,8,8,16,2048
1,1584,0,0,16,2048
1,1585,12,12,16,2048
1,1586,15,15,16,2048
1,1587,7,7,16,2048
1,1588,8,8,16,2048
1,1589,7,7,16,2048
1,1590,1,1,16,2048
1,1591,9,9,16,2048
1,1592,11,11,16,2048
1,1593,14,14,16,2048
1,1594,14,14,16,2048
1,1595,7,7,16,2048
1,1596,15,15,16,2048
1,1597,8,8,16,2048
1,1598,10,10,16,2048
1,1599,9,9,16,2048
1,1600,15,15,16,2048
1,1601,11,11,16,2048
1,1602,1,1,16,2048
1,1603,1,1,16,2048
1,1604,6,6,16,2048
1,1605,8,8,16,2048
1,1606,10,10,16,2048
1,1607,7,7,16,2048
1,1608,8,8,16,2048
1,1609,14,14,16,2048
1,1610,5,5,16,2048
1,1611,7,7,16,2048
1,1612,8,8,16,2048
1,1613,7,0,16,2048
1,1614,15,15,16,2048
1,1615,15,15,16,2048
1,1616,8,8,16,2048
1,1617,7,7,16,2048
1,1618,9,9,16,2048
1,1619,2,2,16,2048
1,1620,6,6,16,2048
1,1621,3,10,16,2048
1,1622,2,2,16,2048
1,1623,1,1,16,2048
1,1624,9,9,16,2048
1,1625,0,0,16,2048
1,1626,10,10,16,2048
1,1627,6,6,16,2048
1,1628,5,5,16,2048
1,1629,12,12,16,2048
1,1630,8,8,16,2048
1,1631,11,11,16,2048
1,1632,11,11,16,2048
1,1633,0,0,16,2048
1,1634,3,3,16,2048
1,1635,9,9,16,2048
1,1636,15,15,16,2048
1,1637,2,2,16,2048
1,1638,1,1,16,2048
1,1639,15,15,16,2048
1,1640,15,15,16,2048
1,1641,2,2,16,2048
1,1642,6,6,16,2048
1,1643,10,10,16,2048
1,1644,3,3,16,2048
1,1645,5,5,16,2048
1,1646,6,6,16,2048
1,1647,10,10,16,2048
1,1648,4,4,16,2048
1,1649,6,6,16,2048
1,1650,4,4,16,2048
1,1651,12,12,16,2048
1,1652,2,2,16,2048
1,1653,3,3,16,2048
1,1654,3,3,16,2048
1,1655,14,14,16,2048
1,1656,15,15,16,2048
1,1657,8,8,16,2048
1,1658,2,2,16,2048
1,1659,12,12,16,2048
1,1660,7,7,16,2048
1,1661,13,13,16,2048
1,1662,5,5,16,2048
1,1663,15,15,16,2048
1,1664,12,12,16,2048
1,1665,3,3,16,2048
1,1666,11,11,16,2048
1,1667,4,4,16,2048
1,1668,5,5,16,2048
1,1669,4,4,16,2048
1,1670,10,10,16,2048
1,1671,4,4,16,2048
1,1672,10,10,16,2048
1,1673,9,9,16,2048
1,1674,12,12,16,2048
1,1675,15,15,16,2048
1,1676,0,0,16,2048
1,1677,15,15,16,2048
1,1678,1,1,16,2048
1,1679,8,8,16,2048
1,1680,5,5,16,2048
1,1681,10,10,16,2048
1,1682,11,11,16,2048
1,1683,13,13,16,2048
1,1684,6,6,16,2048
1,1685,14,14,16,2048
1,1686,5,5,16,2048
1,1687,3,3,16,2048
1,1688,6,6,16,2048
1,1689,8,8,16,2048
1,1690,10,10,16,2048
1,1691,13,13,16,2048
1,1692,3,3,16,2048
1,1693,4,4,16,2048
1,1694,15,15,16,2048
1,1695,7,7,16,2048
1,1696,3,3,16,2048
1,1697,15,15,16,2048
1,1698,7,7,16,2048
1,1699,15,15,16,2048
1,1700,14,14,16,2048
1,1701,14,14,16,2048
1,1702,9,9,16,2048
1,1703,12,12,16,2048
1,1704,15,15,16,2048
1,1705,4,4,16,2048
1,1706,0,0,16,2048
1,1707,5,5,16,2048
1,1708,10,10,16,2048
1,1709,8,8,16,2048
1,1710,1,1,16,2048
1,1711,8,8,16,2048
1,1712,2,2,16,2048
1,1713,8,8,16,2048
1,1714,9,9,16,2048
1,1715,10,10,16,2048
1,1716,6,6,16,2048
1,1717,6,6,16,2048
1,1718,10,10,16,2048
1,1719,11,11,16,2048
1,1720,12,12,16,2048
1,1721,5,5,16,2048
1,1722,6,5,16,2048
1,1723,5,5,16,2048
1,1724,8,8,16,2048
1,1725,2,2,16,2048
1,1726,6,6,16,2048
1,1727,3,3,16,2048
1,1728,8,8,16,2048
1,1729,13,13,16,2048
1,1730,15,15,16,2048
1,1731,7,7,16,2048
1,1732,0,0,16,2048
1,1733,3,3,16,2048
1,1734,1,1,16,2048
1,1735,12,12,16,2048
1,1736,15,15,16,2048
1,1737,8,11,16,2048
1,1738,2,2,16,2048
1,1739,0,0,16,2048
1,1740,15,15,16,2048
1,1741,5,5,16,2048
1,1742,1,1,16,2048
1,1743,2,2,16,2048
1,1744,4,4,16,2048
1,1745,10,10,16,2048
1,1746,14,14,16,2048
1,1747,4,4,16,2048
1,1748,10,10,16,2048
1,1749,1,1,16,2048
1,1750,0,0,16,2048
1,1751,0,0,16,2048
1,1752,14,14,16,2048
1,1753,9,9,16,2048
1,1754,12,12,16,2048
1,1755,0,0,16,2048
1,1756,0,0,16,2048
1,1757,13,13,16,2048
1,1758,1,1,16,2048
1,1759,2,2,16,2048
1,1760,8,8,16,2048
1,1761,9,9,16,2048
1,1762,3,3,16,2048
1,1763,7,7,16,2048
1,1764,10,10,16,2048
1,1765,7,7,16,2048
1,1766,6,6,16,2048
1,1767,1,1,16,2048
1,1768,7,7,16,2048
1,1769,12,12,16,2048
1,1770,10,10,16,2048
1,1771,14,14,16,2048
1,1772,2,2,16,2048
1,1773,0,0,16,2048
1,1774,8,8,16,2048
1,1775,2,2,16,2048
1,1776,9,9,16,2048
1,1777,14,14,16,2048
1,1778,5,5,16,2048
1,1779,8,8,16,2048
1,1780,10,10,16,2048
1,1781,2,2,16,2048
1,1782,14,14,16,2048
1,1783,3,3,16,2048
1,1784,12,3,16,2048
1,1785,10,10,16,2048
1,1786,2,2,16,2048
1,1787,11,11,16,2048
1,1788,3,3,16,2048
1,1789,9,9,16,2048
1,1790,15,15,16,2048
1,1791,15,15,16,2048
1,1792,13,13,16,2048
1,1793,7,7,16,2048
1,1794,8,8,16,2048
1,1795,4,4,16,2048
1,1796,14,14,16,2048
1,1797,7,7,16,2048
1,1798,12,12,16,2048
1,1799,5,5,16,2048
1,1800,11,11,16,2048
1,1801,3,3,16,2048
1,1802,11,11,16,2048
1,1803,0,0,16,2048
1,1804,1,1,16,2048
1,1805,5,5,16,2048
1,1806,7,7,16,2048
1,1807,11,11,16,2048
1,1808,5,5,16,2048
1,1809,0,0,16,2048
1,1810,5,5,16,2048
1,1811,7,7,16,2048
1,1812,8,8,16,2048
1,1813,10,10,16,2048
1,1814,3,3,16,2048
1,1815,9,9,16,2048
1,1816,10,10,16,2048
1,1817,12,12,16,2048
1,1818,8,8,16,2048
1,1819,12,12,16,2048
1,1820,3,3,16,2048
1,1821,11,11,16,2048
1,1822,0,0,16,2048
1,1823,1,1,16,2048
1,1824,13,13,16,2048
1,1825,7,7,16,2048
1,1826,9,9,16,2048
1,1827,9,9,16,2048
1,1828,11,11,16,2048
1,1829,3,6,16,2048
1,1830,2,2,16,2048
1,1831,0,0,16,2048
1,1832,13,13,16,2048
1,1833,3,3,16,2048
1,1834,9,9,16,2048
1,1835,7,7,16,2048
1,1836,2,2,16,2048
1,1837,6,6,16,2048
1,1838,1,1,16,2048
1,1839,2,2,16,2048
1,1840,2,2,16,2048
1,1841,13,13,16,2048
1,1842,9,9,16,2048
1,1843,14,14,16,2048
1,1844,6,6,16,2048
1,1845,3,3,16,2048
1,1846,9,9,16,2048
1,1847,14,14,16,2048
1,1848,8,8,16,2048
1,1849,0,0,16,2048
1,1850,4,4,16,2048
1,1851,14,14,16,2048
1,1852,8,8,16,2048
1,1853,15,15,16,2048
1,1854,8,8,16,2048
1,1855,0,0,16,2048
1,1856,13,13,16,2048
1,1857,12,12,16,2048
1,1858,11,11,16,2048
1,1859,15,9,16,2048
1,1860,3,3,16,2048
1,1861,14,14,16,2048
1,1862,3,3,16,2048
1,1863,15,15,16,2048
1,1864,3,3,16,2048
1,1865,8,8,16,2048
1,1866,12,12,16,2048
1,1867,1,1,16,2048
1,1868,1,1,16,2048
1,1869,13,13,16,2048
1,1870,0,14,16,2048
1,1871,9,9,16,2048
1,1872,15,15,16,2048
1,1873,9,9,16,2048
1,1874,7,7,16,2048
1,1875,6,6,16,2048
1,1876,10,10,16,2048
1,1877,9,9,16,2048
1,1878,8,8,16,2048
1,1879,2,2,16,2048
1,1880,10,10,16,2048
1,1881,11,11,16,2048
1,1882,11,11,16,2048
1,1883,1,1,16,2048
1,1884,11,11,16,2048
1,1885,11,11,16,2048
1,1886,2,2,16,2048
1,1887,13,13,16,2048
1,1888,8,8,16,2048
1,1889,7,7,16,2048
1,1890,11,10,16,2048
1,1891,8,8,16,2048
1,1892,8,8,16,2048
1,1893,4,4,16,2048
1,1894,14,14,16,2048
1,1895,15,15,16,2048
1,1896,2,2,16,2048
1,1897,11,11,16,2048
1,1898,0,0,16,2048
1,1899,5,5,16,2048
1,1900,15,15,16,2048
1,1901,2,2,16,2048
1,1902,6,6,16,2048
1,1903,3,3,16,2048
1,1904,11,11,16,2048
1,1905,7,7,16,2048
1,1906,9,9,16,2048
1,1907,15,15,16,2048
1,1908,8,8,16,2048
1,1909,11,11,16,2048
1,1910,1,1,16,2048
1,1911,3,3,16,2048
1,1912,15,15,16,2048
1,1913,13,13,16,2048
1,1914,10,10,16,2048
1,1915,6,6,16,2048
1,1916,3,3,16,2048
1,1917,13,13,16,2048
1,1918,12,12,16,2048
1,1919,3,3,16,2048
1,1920,9,9,16,2048
1,1921,9,9,16,2048
1,1922,7,7,16,2048
1,1923,14,14,16,2048
1,1924,1,1,16,2048
1,1925,4,4,16,2048
1,1926,1,1,16,2048
1,1927,11,11,16,2048
1,1928,10,10,16,2048
1,1929,15,15,16,2048
1,1930,8,8,16,2048
1,1931,2,2,16,2048
1,1932,7,11,16,2048
1,1933,1,1,16,2048
1,1934,10,10,16,2048
1,1935,10,10,16,2048
1,1936,13,13,16,2048
1,1937,5,5,16,2048
1,1938,4,4,16,2048
1,1939,1,1,16,2048
1,1940,6,6,16,2048
1,1941,7,7,16,2048
1,1942,12,12,16,2048
1,1943,12,12,16,2048
1,1944,2,2,16,2048
1,1945,4,4,16,2048
1,1946,8,8,16,2048
1,1947,5,5,16,2048
1,1948,0,0,16,2048
1,1949,13,13,16,2048
1,1950,11,11,16,2048
1,1951,8,8,16,2048
1,1952,5,5,16,2048
1,1953,13,13,16,2048
1,1954,0,0,16,2048
1,1955,7,7,16,2048
1,1956,12,12,16,2048
1,1957,15,15,16,2048
1,1958,4,4,16,2048
1,1959,10,10,16,2048
1,1960,3,3,16,2048
1,1961,1,12,16,2048
1,1962,5,5,16,2048
1,1963,14,14,16,2048
1,1964,11,11,16,2048
1,1965,7,7,16,2048
1,1966,4,4,16,2048
1,1967,2,2,16,2048
1,1968,4,4,16,2048
1,1969,2,2,16,2048
1,1970,2,2,16,2048
1,1971,11,11,16,2048
1,1972,2,2,16,2048
1,1973,0,0,16,2048
1,1974,8,8,16,2048
1,1975,4,4,16,2048
1,1976,7,7,16,2048
1,1977,2,2,16,2048
1,1978,3,3,16,2048
1,1979,7,7,16,2048
1,1980,11,11,16,2048
1,1981,6,6,16,2048
1,1982,8,8,16,2048
1,1983,8,8,16,2048
1,1984,4,4,16,2048
1,1985,4,4,16,2048
1,1986,6,6,16,2048
1,1987,0,0,16,2048
1,1988,10,10,16,2048
1,1989,9,9,16,2048
1,1990,4,4,16,2048
1,1991,5,5,16,2048
1,1992,5,5,16,2048
1,1993,10,10,16,2048
1,1994,12,12,16,2048
1,1995,1,1,16,2048
1,1996,6,6,16,2048
1,1997,0,0,16,2048
1,1998,7,7,16,2048
1,1999,3,3,16,2048
1,2000,5,5,16,2048
1,2001,7,7,16,2048
1,2002,5,5,16,2048
1,2003,6,6,16,2048
1,2004,12,12,16,2048
1,2005,12,12,16,2048
1,2006,0,0,16,2048
1,2007,6,6,16,2048
1,2008,13,13,16,2048
1,2009,8,8,16,2048
1,2010,3,3,16,2048
1,2011,9,9,16,2048
1,2012,2,2,16,2048
1,2013,0,0,16,2048
1,2014,10,10,16,2048
1,2015,8,8,16,2048
1,2016,12,12,16,2048
1,2017,5,5,16,2048
1,2018,13,13,16,2048
1,2019,6,6,16,2048
1,2020,11,11,16,2048
1,2021,1,1,16,2048
1,2022,1,1,16,2048
1,2023,12,12,16,2048
1,2024,13,13,16,2048
1,2025,15,15,16,2048
1,2026,5,5,16,2048
1,2027,0,0,16,2048
1,2028,15,15,16,2048
1,2029,9,9,16,2048
1,2030,3,3,16,2048
1,2031,12,12,16,2048
1,2032,14,14,16,2048
1,2033,4,4,16,2048
1,2034,12,12,16,2048
1,2035,12,12,16,2048
1,2036,8,8,16,2048
1,2037,10,10,16,2048
1,2038,4,4,16,2048
1,2039,14,14,16,2048
1,2040,15,15,16,2048
1,2041,15,15,16,2048
1,2042,11,11,16,2048
1,2043,0,0,16,2048
1,2044,5,5,16,2048
1,2045,7,7,16,2048
1,2046,15,15,16,2048
1,2047,8,8,16,2048
2,0,8,8,16,2048
2,1,2,2,16,2048
2,2,12,12,16,2048
2,3,5,5,16,2048
2,4,1,1,16,2048
2,5,15,15,16,2048
2,6,3,3,16,2048
2,7,0,0,16,2048
2,8,1,15,16,2048
2,9,7,7,16,2048
2,10,1,1,16,2048
2,11,13,13,16,2048
2,12,8,8,16,2048
2,13,5,5,16,2048
2,14,0,0,16,2048
2,15,7,7,16,2048
2,16,2,2,16,2048
2,17,15,15,16,2048
2,18,4,4,16,2048
2,19,7,7,16,2048
2,20,0,0,16,2048
2,21,2,2,16,2048
2,22,3,3,16,2048
2,23,0,0,16,2048
2,24,11,11,16,2048
2,25,15,15,16,2048
2,26,15,15,16,2048
2,27,4,4,16,2048
2,28,12,12,16,2048
2,29,8,8,16,2048
2,30,0,0,16,2048
2,31,1,1,16,2048
2,32,8,8,16,2048
2,33,6,6,16,2048
2,34,0,0,16,2048
2,35,14,14,16,2048
2,36,11,11,16,2048
2,37,8,8,16,2048
2,38,15,15,16,2048
2,39,15,15,16,2048
2,40,15,15,16,2048
2,41,4,4,16,2048
2,42,14,14,16,2048
2,43,8,8,16,2048
2,44,11,11,16,2048
2,45,13,13,16,2048
2,46,2,2,16,2048
2,47,7,7,16,2048
2,48,2,2,16,2048
2,49,4,4,16,2048
2,50,6,6,16,2048
2,51,13,13,16,2048
2,52,13,13,16,2048
2,53,6,6,16,2048
2,54,5,5,16,2048
2,55,8,8,16,2048
2,56,14,14,16,2048
2,57,15,15,16,2048
2,58,3,3,16,2048
2,59,2,2,16,2048
2,60,11,11,16,2048
2,61,4,4,16,2048
2,62,3,3,16,2048
2,63,0,0,16,2048
2,64,6,6,16,2048
2,65,6,6,16,2048
2,66,9,9,16,2048
2,67,3,3,16,2048
2,68,11,11,16,2048
2,69,10,10,16,2048
2,70,7,7,16,2048
2,71,2,2,16,2048
2,72,8,8,16,2048
2,73,10,10,16,2048
2,74,5,5,16,2048
2,75,4,4,16,2048
2,76,8,8,16,2048
2,77,5,5,16,2048
2,78,6,6,16,2048
2,79,5,5,16,2048
2,80,4,4,16,2048
2,81,11,11,16,2048
2,82,7,7,16,2048
2,83,7,7,16,2048
2,84,10,10,16,2048
2,85,5,5,16,2048
2,86,1,1,16,2048
2,87,13,13,16,2048
2,88,0,0,16,2048
2,89,9,9,16,2048
2,90,4,4,16,2048
2,91,3,3,16,2048
2,92,0,0,16,2048
2,93,14,14,16,2048
2,94,6,6,16,2048
2,95,5,5,16,2048
2,96,11,11,16,2048
2,97,0,0,16,2048
2,98,9,9,16,2048
2,99,7,7,16,2048
2,100,8,8,16,2048
2,101,1,14,16,2048
2,102,15,15,16,2048
2,103,3,3,16,2048
2,104,10,10,16,2048
2,105,11,11,16,2048
2,106,5,13,16,2048
2,107,2,2,16,2048
2,108,4,4,16,2048
2,109,12,12,16,2048
2,110,14,14,16,2048
2,111,14,14,16,2048
2,112,3,3,16,2048
2,113,9,9,16,2048
2,114,2,2,16,2048
2,115,11,11,16,2048
2,116,6,6,16,2048
2,117,11,11,16,2048
2,118,10,10,16,2048
2,119,15,15,16,2048
2,120,7,7,16,2048
2,121,5,5,16,2048
2,122,8,8,16,2048
2,123,2,2,16,2048
2,124,1,1,16,2048
2,125,8,8,16,2048
2,126,13,13,16,2048
2,127,8,8,16,2048
2,128,12,12,16,2048
2,129,2,2,16,2048
2,130,7,7,16,2048
2,131,9,9,16,2048
2,132,5,5,16,2048
2,133,0,0,16,2048
2,134,1,1,16,2048
2,135,14,14,16,2048
2,136,9,9,16,2048
2,137,4,4,16,2048
2,138,4,4,16,2048
2,139,0,0,16,2048
2,140,15,15,16,2048
2,141,1,1,16,2048
2,142,12,12,16,2048
2,143,3,3,16,2048
2,144,5,5,16,2048
2,145,4,4,16,2048
2,146,13,13,16,2048
2,147,0,0,16,2048
2,148,5,5,16,2048
2,149,4,4,16,2048
2,150,4,4,16,2048
2,151,3,3,16,2048
2,152,14,14,16,2048
2,153,6,6,16,2048
2,154,6,6,16,2048
2,155,6,6,16,2048
2,156,15,2,16,2048
2,157,5,5,16,2048
2,158,5,5,16,2048
2,159,5,5,16,2048
2,160,5,5,16,2048
2,161,1,1,16,2048
2,162,9,9,16,2048
2,163,0,0,16,2048
2,164,3,3,16,2048
2,165,3,3,16,2048
2,166,4,4,16,2048
2,167,12,12,16,2048
2,168,9,9,16,2048
2,169,15,15,16,2048
2,170,5,5,16,2048
2,171,14,14,16,2048
2,172,0,0,16,2048
2,173,8,8,16,2048
2,174,12,12,16,2048
2,175,8,8,16,2048
2,176,14,14,16,2048
2,177,5,5,16,2048
2,178,0,0,16,2048
2,179,12,12,16,2048
2,180,1,1,16,2048
2,181,12,12,16,2048
2,182,11,11,16,2048
2,183,13,13,16,2048
2,184,7,7,16,2048
2,185,14,14,16,2048
2,186,2,2,16,2048
2,187,6,6,16,2048
2,188,1,1,16,2048
2,189,12,12,16,2048
2,190,11,11,16,2048
2,191,12,12,16,2048
2,192,12,12,16,2048
2,193,4,4,16,2048
2,194,1,1,16,2048
2,195,14,14,16,2048
2,196,7,7,16,2048
2,197,1,1,16,2048
2,198,14,14,16,2048
2,199,15,15,16,2048
2,200,7,7,16,2048
2,201,12,12,16,2048
2,202,0,0,16,2048
2,203,1,1,16,2048
2,204,4,4,16,2048
2,205,10,10,16,2048
2,206,2,2,16,2048
2,207,0,0,16,2048
2,208,10,10,16,2048
2,209,12,12,16,2048
2,210,11,11,16,2048
2,211,12,12,16,2048
2,212,12,12,16,2048
2,213,9,9,16,2048
2,214,8,8,16,2048
2,215,13,13,16,2048
2,216,5,5,16,2048
2,217,1,1,16,2048
2,218,12,12,16,2048
2,219,4,4,16,2048
2,220,15,15,16,2048
2,221,6,6,16,2048
2,222,13,13,16,2048
2,223,0,0,16,2048
2,224,10,10,16,2048
2,225,7,7,16,2048
2,226,7,7,16,2048
2,227,4,4,16,2048
2,228,15,15,16,2048
2,229,6,6,16,2048
2,230,13,13,16,2048
2,231,6,6,16,2048
2,232,0,0,16,2048
2,233,14,14,16,2048
2,234,2,2,16,2048
2,235,4,4,16,2048
2,236,13,13,16,2048
2,237,14,14,16,2048
2,238,14,5,16,2048
2,239,6,2,16,2048
2,240,12,12,16,2048
2,241,5,5,16,2048
2,242,11,11,16,2048
2,243,8,8,16,2048
2,244,0,0,16,2048
2,245,6,6,16,2048
2,246,7,7,16,2048
2,247,4,4,16,2048
2,248,5,5,16,2048
2,249,8,8,16,2048
2,250,0,0,16,2048
2,251,2,2,16,2048
2,252,12,12,16,2048
2,253,5,15,16,2048
2,254,9,9,16,2048
2,255,9,9,16,2048
2,256,8,8,16,2048
2,257,6,6,16,2048
2,258,7,7,16,2048
2,259,13,13,16,2048
2,260,15,15,16,2048
2,261,4,4,16,2048
2,262,10,10,16,2048
2,263,15,15,16,2048
2,264,0,0,16,2048
2,265,12,12,16,2048
2,266,7,7,16,2048
2,267,15,15,16,2048
2,268,9,9,16,2048
2,269,13,13,16,2048
2,270,2,2,16,2048
2,271,2,2,16,2048
2,272,14,14,16,2048
2,273,8,8,16,2048
2,274,8,8,16,2048
2,275,2,2,16,2048
2,276,3,3,16,2048
2,277,13,13,16,2048
2,278,4,4,16,2048
2,279,9,9,16,2048
2,280,5,5,16,2048
2,281,4,10,16,2048
2,282,2,2,16,2048
2,283,14,14,16,2048
2,284,15,15,16,2048
2,285,1,1,16,2048
2,286,5,5,16,2048
2,287,9,9,16,2048
2,288,6,10,16,2048
2,289,11,11,16,2048
2,290,4,4,16,2048
2,291,0,0,16,2048
2,292,5,5,16,2048
2,293,9,9,16,2048
2,294,2,2,16,2048
2,295,13,13,16,2048
2,296,0,0,16,2048
2,297,1,1,16,2048
2,298,8,8,16,2048
2,299,8,8,16,2048
2,300,4,4,16,2048
2,301,4,4,16,2048
2,302,1,1,16,2048
2,303,10,10,16,2048
2,304,6,6,16,2048
2,305,1,1,16,2048
2,306,6,6,16,2048
2,307,14,8,16,2048
2,308,4,11,16,2048
2,309,14,14,16,2048
2,310,4,4,16,2048
2,311,2,2,16,2048
2,312,4,4,16,2048
2,313,5,5,16,2048
2,314,1,1,16,2048
2,315,9,9,16,2048
2,316,5,5,16,2048
2,317,11,11,16,2048
2,318,7,7,16,2048
2,319,7,7,16,2048
2,320,7,7,16,2048
2,321,2,2,16,2048
2,322,11,11,16,2048
2,323,1,1,16,2048
2,324,11,11,16,2048
2,325,15,15,16,2048
2,326,12,12,16,2048
2,327,7,7,16,2048
2,328,5,5,16,2048
2,329,13,13,16,2048
2,330,4,4,16,2048
2,331,7,7,16,2048
2,332,12,12,16,2048
2,333,14,14,16,2048
2,334,14,14,16,2048
2,335,1,1,16,2048
2,336,14,14,16,2048
2,337,1,1,16,2048
2,338,9,9,16,2048
2,339,14,14,16,2048
2,340,10,10,16,2048
2,341,15,15,16,2048
2,342,5,5,16,2048
2,343,5,5,16,2048
2,344,5,5,16,2048
2,345,5,5,16,2048
2,346,10,10,16,2048
2,347,7,7,16,2048
2,348,11,11,16,2048
2,349,6,14,16,2048
2,350,4,4,16,2048
2,351,3,3,16,2048
2,352,8,8,16,2048
2,353,14,14,16,2048
2,354,13,13,16,2048
2,355,4,4,16,2048
2,356,7,7,16,2048
2,357,11,11,16,2048
2,358,9,9,16,2048
2,359,1,1,16,2048
2,360,9,9,16,2048
2,361,0,0,16,2048
2,362,1,1,16,2048
2,363,10,10,16,2048
2,364,1,1,16,2048
2,365,5,5,16,2048
2,366,9,9,16,2048
2,367,10,10,16,2048
2,368,7,7,16,2048
2,369,1,1,16,2048
2,370,12,12,16,2048
2,371,15,15,16,2048
2,372,14,14,16,2048
2,373,11,11,16,2048
2,374,6,6,16,2048
2,375,14,14,16,2048
2,376,7,7,16,2048
2,377,2,2,16,2048
2,378,13,13,16,2048
2,379,5,5,16,2048
2,380,15,15,16,2048
2,381,5,5,16,2048
2,382,13,13,16,2048
2,383,8,8,16,2048
2,384,7,6,16,2048
2,385,4,4,16,2048
2,386,13,13,16,2048
2,387,0,0,16,2048
2,388,7,7,16,2048
2,389,5,5,16,2048
2,390,8,8,16,2048
2,391,4,5,16,2048
2,392,10,10,16,2048
2,393,6,6,16,2048
2,394,3,3,16,2048
2,395,3,3,16,2048
2,396,11,11,16,2048
2,397,4,4,16,2048
2,398,4,4,16,2048
2,399,10,10,16,2048
2,400,5,5,16,2048
2,401,6,6,16,2048
2,402,3,3,16,2048
2,403,5,5,16,2048
2,404,11,11,16,2048
2,405,8,8,16,2048
2,406,15,15,16,2048
2,407,12,12,16,2048
2,408,0,0,16,2048
2,409,6,6,16,2048
2,410,4,4,16,2048
2,411,9,9,16,2048
2,412,4,4,16,2048
2,413,15,15,16,2048
2,414,4,4,16,2048
2,415,8,8,16,2048
2,416,1,1,16,2048
2,417,14,14,16,2048
2,418,14,14,16,2048
2,419,12,12,16,2048
2,420,5,5,16,2048
2,421,0,0,16,2048
2,422,11,11,16,2048
2,423,6,6,16,2048
2,424,15,15,16,2048
2,425,11,11,16,2048
2,426,8,8,16,2048
2,427,15,15,16,2048
2,428,12,12,16,2048
2,429,7,7,16,2048
2,430,0,0,16,2048
2,431,1,1,16,2048
2,432,7,7,16,2048
2,433,8,8,16,2048
2,434,0,0,16,2048
2,435,2,2,16,2048
2,436,11,11,16,2048
2,437,12,12,16,2048
2,438,0,0,16,2048
2,439,8,8,16,2048
2,440,1,5,16,2048
2,441,11,11,16,2048
2,442,13,13,16,2048
2,443,13,13,16,2048
2,444,9,9,16,2048
2,445,10,10,16,2048
2,446,14,14,16,2048
2,447,9,7,16,2048
2,448,7,7,16,2048
2,449,12,12,16,2048
2,450,9,9,16,2048
2,451,13,13,16,2048
2,452,8,8,16,2048
2,453,13,13,16,2048
2,454,0,0,16,2048
2,455,0,0,16,2048
2,456,1,1,16,2048
2,457,8,8,16,2048
2,458,11,11,16,2048
2,459,3,3,16,2048
2,460,2,2,16,2048
2,461,13,13,16,2048
2,462,12,12,16,2048
2,463,10,10,16,2048
2,464,7,7,16,2048
2,465,6,6,16,2048
2,466,0,0,16,2048
2,467,3,3,16,2048
2,468,14,14,16,2048
2,469,5,5,16,2048
2,470,11,11,16,2048
2,471,11,11,16,2048
2,472,4,4,16,2048
2,473,3,3,16,2048
2,474,11,11,16,2048
2,475,1,1,16,2048
2,476,7,7,16,2048
2,477,14,14,16,2048
2,478,11,11,16,2048
2,479,12,12,16,2048
2,480,1,1,16,2048
2,481,3,3,16,2048
2,482,4,4,16,2048
2,483,4,4,16,2048
2,484,3,3,16,2048
2,485,15,15,16,2048
2,486,2,2,16,2048
2,487,11,11,16,2048
2,488,9,9,16,2048
2,489,9,9,16,2048
2,490,3,3,16,2048
2,491,4,4,16,2048
2,492,9,9,16,2048
2,493,4,4,16,2048
2,494,11,11,16,2048
2,495,0,0,16,2048
2,496,1,1,16,2048
2,497,11,11,16,2048
2,498,9,9,16,2048
2,499,0,0,16,2048
2,500,14,12,16,2048
2,501,0,0,16,2048
2,502,15,15,16,2048
2,503,11,11,16,2048
2,504,15,15,16,2048
2,505,15,15,16,2048
2,506,5,5,16,2048
2,507,12,12,16,2048
2,508,3,3,16,2048
2,509,7,7,16,2048
2,510,3,3,16,2048
2,511,7,7,16,2048
2,512,13,13,16,2048
2,513,6,6,16,2048
2,514,1,1,16,2048
2,515,5,5,16,2048
2,516,12,12,16,2048
2,517,8,8,16,2048
2,518,8,8,16,2048
2,519,6,6,16,2048
2,520,4,4,16,2048
2,521,9,9,16,2048
2,522,10,15,16,2048
2,523,14,13,16,2048
2,524,9,9,16,2048
2,525,15,15,16,2048
2,526,13,13,16,2048
2,527,1,1,16,2048
2,528,6,6,16,2048
2,529,6,6,16,2048
2,530,0,0,16,2048
2,531,2,2,16,2048
2,532,12,12,16,2048
2,533,5,5,16,2048
2,534,2,2,16,2048
2,535,4,4,16,2048
2,536,4,4,16,2048
2,537,2,2,16,2048
2,538,1,1,16,2048
2,539,12,12,16,2048
2,540,13,13,16,2048
2,541,7,7,16,2048
2,542,9,9,16,2048
2,543,14,14,16,2048
2,544,13,13,16,2048
2,545,0,0,16,2048
2,546,15,15,16,2048
2,547,1,1,16,2048
2,548,0,4,16,2048
2,549,6,6,16,2048
2,550,11,11,16,2048
2,551,1,1,16,2048
2,552,4,4,16,2048
2,553,4,4,16,2048
2,554,6,6,16,2048
2,555,15,15,16,2048
2,556,5,5,16,2048
2,557,3,3,16,2048
2,558,1,1,16,2048
2,559,3,3,16,2048
2,560,2,2,16,2048
2,561,9,9,16,2048
2,562,6,6,16,2048
2,563,7,7,16,2048
2,564,13,13,16,2048
2,565,9,9,16,2048
2,566,2,2,16,2048
2,567,6,6,16,2048
2,568,5,5,16,2048
2,569,13,13,16,2048
2,570,4,4,16,2048
2,571,2,2,16,2048
2,572,11,11,16,2048
2,573,6,6,16,2048
2,574,1,1,16,2048
2,575,11,11,16,2048
2,576,3,3,16,2048
2,577,13,13,16,2048
2,578,13,13,16,2048
2,579,5,5,16,2048
2,580,8,8,16,2048
2,581,9,9,16,2048
2,582,10,10,16,2048
2,583,1,1,16,2048
2,584,5,5,16,2048
2,585,2,2,16,2048
2,586,11,11,16,2048
2,587,1,1,16,2048
2,588,8,8,16,2048
2,589,11,11,16,2048
2,590,15,15,16,2048
2,591,4,4,16,2048
2,592,0,0,16,2048
2,593,11,11,16,2048
2,594,0,0,16,2048
2,595,1,1,16,2048
2,596,15,15,16,2048
2,597,13,13,16,2048
2,598,11,11,16,2048
2,599,13,13,16,2048
2,600,1,1,16,2048
2,601,1,1,16,2048
2,602,4,4,16,2048
2,603,0,0,16,2048
2,604,14,14,16,2048
2,605,0,0,16,2048
2,606,8,8,16,2048
2,607,13,13,16,2048
2,608,11,11,16,2048
2,609,3,3,16,2048
2,610,7,7,16,2048
2,611,8,8,16,2048
2,612,12,12,16,2048
2,613,6,6,16,2048
2,614,4,5,16,2048
2,615,12,12,16,2048
2,616,14,14,16,2048
2,617,7,7,16,2048
2,618,0,0,16,2048
2,619,8,8,16,2048
2,620,14,14,16,2048
2,621,15,15,16,2048
2,622,6,6,16,2048
2,623,2,2,16,2048
2,624,9,9,16,2048
2,625,13,13,16,2048
2,626,15,15,16,2048
2,627,0,0,16,2048
2,628,4,4,16,2048
2,629,7,7,16,2048
2,630,1,1,16,2048
2,631,14,14,16,2048
2,632,1,1,16,2048
2,633,10,10,16,2048
2,634,14,14,16,2048
2,635,10,10,16,2048
2,636,12,12,16,2048
2,637,4,4,16,2048
2,638,13,13,16,2048
2,639,6,6,16,2048
2,640,0,0,16,2048
2,641,5,5,16,2048
2,642,5,5,16,2048
2,643,8,8,16,2048
2,644,4,4,16,2048
2,645,7,7,16,2048
2,646,6,6,16,2048
2,647,5,5,16,2048
2,648,11,11,16,2048
2,649,4,4,16,2048
2,650,12,12,16,2048
2,651,4,4,16,2048
2,652,13,13,16,2048
2,653,5,5,16,2048
2,654,0,0,16,2048
2,655,2,2,16,2048
2,656,12,12,16,2048
2,657,13,13,16,2048
2,658,3,3,16,2048
2,659,9,9,16,2048
2,660,9,9,16,2048
2,661,2,2,16,2048
2,662,7,7,16,2048
2,663,11,11,16,2048
2,664,15,15,16,2048
2,665,13,13,16,2048
2,666,1,1,16,2048
2,667,3,3,16,2048
2,668,6,6,16,2048
2,669,2,2,16,2048
2,670,9,9,16,2048
2,671,0,0,16,2048
2,672,1,1,16,2048
2,673,0,0,16,2048
2,674,4,4,16,2048
2,675,12,12,16,2048
2,676,2,2,16,2048
2,677,15,15,16,2048
2,678,4,4,16,2048
2,679,0,0,16,2048
2,680,5,10,16,2048
2,681,11,11,16,2048
2,682,1,9,16,2048
2,683,1,1,16,2048
2,684,13,13,16,2048
2,685,9,9,16,2048
2,686,5,5,16,2048
2,687,12,12,16,2048
2,688,13,13,16,2048
2,689,5,5,16,2048
2,690,8,8,16,2048
2,691,0,1,16,2048
2,692,4,4,16,2048
2,693,9,9,16,2048
2,694,3,3,16,2048
2,695,15,15,16,2048
2,696,15,15,16,2048
2,697,4,4,16,2048
2,698,6,6,16,2048
2,699,3,3,16,2048
2,700,8,8,16,2048
2,701,1,1,16,2048
2,702,6,6,16,2048
2,703,8,8,16,2048
2,704,9,9,16,2048
2,705,9,9,16,2048
2,706,3,3,16,2048
2,707,12,12,16,2048
2,708,11,11,16,2048
2,709,12,12,16,2048
2,710,7,7,16,2048
2,711,14,14,16,2048
2,712,6,6,16,2048
2,713,12,12,16,2048
2,714,3,3,16,2048
2,715,3,3,16,2048
2,716,8,8,16,2048
2,717,8,8,16,2048
2,718,11,11,16,2048
2,719,4,4,16,2048
2,720,13,13,16,2048
2,721,5,5,16,2048
2,722,8,8,16,2048
2,723,14,14,16,2048
2,724,8,8,16,2048
2,725,10,10,16,2048
2,726,14,14,16,2048
2,727,15,15,16,2048
2,728,7,7,16,2048
2,729,6,6,16,2048
2,730,3,6,16,2048
2,731,8,8,16,2048
2,732,14,14,16,2048
2,733,7,7,16,2048
2,734,5,5,16,2048
2,735,1,1,16,2048
2,736,6,6,16,2048
2,737,3,3,16,2048
2,738,15,15,16,2048
2,739,8,8,16,2048
2,740,2,2,16,2048
2,741,1,1,16,2048
2,742,13,13,16,2048
2,743,14,14,16,2048
2,744,12,12,16,2048
2,745,1,13,16,2048
2,746,1,1,16,2048
2,747,3,3,16,2048
2,748,12,12,16,2048
2,749,12,12,16,2048
2,750,13,13,16,2048
2,751,1,1,16,2048
2,752,2,2,16,2048
2,753,14,14,16,2048
2,754,14,14,16,2048
2,755,11,11,16,2048
2,756,1,1,16,2048
2,757,1,1,16,2048
2,758,0,0,16,2048
2,759,11,11,16,2048
2,760,13,13,16,2048
2,761,10,10,16,2048
2,762,4,4,16,2048
2,763,12,12,16,2048
2,764,0,0,16,2048
2,765,13,13,16,2048
2,766,14,8,16,2048
2,767,11,11,16,2048
2,768,14,14,16,2048
2,769,9,9,16,2048
2,770,7,7,16,2048
2,771,5,5,16,2048
2,772,14,14,16,2048
2,773,11,11,16,2048
2,774,3,3,16,2048
2,775,15,15,16,2048
2,776,0,0,16,2048
2,777,9,9,16,2048
2,778,3,3,16,2048
2,779,10,10,16,2048
2,780,6,6,16,2048
2,781,6,6,16,2048
2,782,10,10,16,2048
2,783,12,12,16,2048
2,784,6,6,16,2048
2,785,15,15,16,2048
2,786,7,7,16,2048
2,787,2,2,16,2048
2,788,0,0,16,2048
2,789,3,3,16,2048
2,790,11,11,16,2048
2,791,8,8,16,2048
2,792,5,5,16,2048
2,793,7,7,16,2048
2,794,13,13,16,2048
2,795,9,9,16,2048
2,796,0,0,16,2048
2,797,0,0,16,2048
2,798,7,7,16,2048
2,799,6,6,16,2048
2,800,13,13,16,2048
2,801,9,9,16,2048
2,802,12,12,16,2048
2,803,9,9,16,2048
2,804,5,5,16,2048
2,805,10,10,16,2048
2,806,9,9,16,2048
2,807,11,11,16,2048
2,808,3,3,16,2048
2,809,10,10,16,2048
2,810,4,4,16,2048
2,811,12,6,16,2048
2,812,12,11,16,2048
2,813,9,9,16,2048
2,814,15,15,16,2048
2,815,8,8,16,2048
2,816,0,0,16,2048
2,817,9,9,16,2048
2,818,12,12,16,2048
2,819,1,1,16,2048
2,820,1,1,16,2048
2,821,4,4,16,2048
2,822,13,13,16,2048
2,823,8,8,16,2048
2,824,15,15,16,2048
2,825,13,13,16,2048
2,826,8,8,16,2048
2,827,10,10,16,2048
2,828,5,5,16,2048
2,829,1,1,16,2048
2,830,6,6,16,2048
2,831,9,9,16,2048
2,832,2,2,16,2048
2,833,3,3,16,2048
2,834,0,0,16,2048
2,835,11,11,16,2048
2,836,14,2,16,2048
2,837,13,13,16,2048
2,838,6,6,16,2048
2,839,9,9,16,2048
2,840,15,15,16,2048
2,841,9,9,16,2048
2,842,4,4,16,2048
2,843,5,5,16,2048
2,844,11,11,16,2048
2,845,7,7,16,2048
2,846,13,13,16,2048
2,847,13,13,16,2048
2,848,0,0,16,2048
2,849,11,11,16,2048
2,850,5,5,16,2048
2,851,8,8,16,2048
2,852,4,4,16,2048
2,853,5,5,16,2048
2,854,5,5,16,2048
2,855,0,0,16,2048
2,856,12,12,16,2048
2,857,2,2,16,2048
2,858,6,6,16,2048
2,859,3,3,16,2048
2,860,2,2,16,2048
2,861,5,5,16,2048
2,862,14,14,16,2048
2,863,15,15,16,2048
2,864,6,6,16,2048
2,865,8,8,16,2048
2,866,15,15,16,2048
2,867,3,3,16,2048
2,868,15,15,16,2048
2,869,1,1,16,2048
2,870,3,3,16,2048
2,871,5,5,16,2048
2,872,0,0,16,2048
2,873,13,13,16,2048
2,874,13,13,16,2048
2,875,6,6,16,2048
2,876,13,13,16,2048
2,877,12,12,16,2048
2,878,12,12,16,2048
2,879,12,12,16,2048
2,880,9,9,16,2048
2,881,1,1,16,2048
2,882,14,14,16,2048
2,883,9,9,16,2048
2,884,14,14,16,2048
2,885,15,15,16,2048
2,886,2,2,16,2048
2,887,6,6,16,2048
2,888,3,3,16,2048
2,889,0,0,16,2048
2,890,15,15,16,2048
2,891,14,14,16,2048
2,892,14,12,16,2048
2,893,14,14,16,2048
2,894,10,10,16,2048
2,895,8,8,16,2048
2,896,15,15,16,2048
2,897,8,8,16,2048
2,898,10,10,16,2048
2,899,3,3,16,2048
2,900,11,11,16,2048
2,901,13,13,16,2048
2,902,10,10,16,2048
2,903,7,7,16,2048
2,904,3,3,16,2048
2,905,0,0,16,2048
2,906,10,10,16,2048
2,907,10,10,16,2048
2,908,12,12,16,2048
2,909,15,15,16,2048
2,910,7,7,16,2048
2,911,13,13,16,2048
2,912,11,11,16,2048
2,913,4,4,16,2048
2,914,13,13,16,2048
2,915,0,0,16,2048
2,916,9,9,16,2048
2,917,15,15,16,2048
2,918,10,10,16,2048
2,919,14,14,16,2048
2,920,0,0,16,2048
2,921,8,8,16,2048
2,922,12,12,16,2048
2,923,10,10,16,2048
2,924,14,14,16,2048
2,925,7,7,16,2048
2,926,10,10,16,2048
2,927,6,6,16,2048
2,928,13,13,16,2048
2,929,1,1,16,2048
2,930,4,4,16,2048
2,931,1,1,16,2048
2,932,11,11,16,2048
2,933,3,3,16,2048
2,934,5,5,16,2048
2,935,13,13,16,2048
2,936,5,5,16,2048
2,937,2,2,16,2048
2,938,0,0,16,2048
2,939,3,3,16,2048
2,940,14,14,16,2048
2,941,8,8,16,2048
2,942,15,5,16,2048
2,943,3,3,16,2048
2,944,5,5,16,2048
2,945,2,2,16,2048
2,946,6,6,16,2048
2,947,9,9,16,2048
2,948,12,12,16,2048
2,949,5,5,16,2048
2,950,12,12,16,2048
2,951,10,10,16,2048
2,952,4,4,16,2048
2,953,14,14,16,2048
2,954,6,6,16,2048
2,955,2,2,16,2048
2,956,15,15,16,2048
2,957,14,14,16,2048
2,958,0,0,16,2048
2,959,14,14,16,2048
2,960,15,15,16,2048
2,961,13,13,16,2048
2,962,4,4,16,2048
2,963,10,10,16,2048
2,964,8,8,16,2048
2,965,9,9,16,2048
2,966,9,9,16,2048
2,967,10,10,16,2048
2,968,8,8,16,2048
2,969,11,11,16,2048
2,970,8,8,16,2048
2,971,0,0,16,2048
2,972,0,0,16,2048
2,973,15,15,16,2048
2,974,14,14,16,2048
2,975,9,9,16,2048
2,976,2,2,16,2048
2,977,12,12,16,2048
2,978,2,2,16,2048
2,979,6,6,16,2048
2,980,5,3,16,2048
2,981,0,0,16,2048
2,982,12,12,16,2048
2,983,8,8,16,2048
2,984,5,5,16,2048
2,985,8,8,16,2048
2,986,0,0,16,2048
2,987,6,6,16,2048
2,988,8,8,16,2048
2,989,5,5,16,2048
2,990,13,13,16,2048
2,991,3,3,16,2048
2,992,2,2,16,2048
2,993,8,8,16,2048
2,994,14,14,16,2048
2,995,6,6,16,2048
2,996,0,0,16,2048
2,997,15,15,16,2048
2,998,7,7,16,2048
2,999,2,2,16,2048
2,1000,9,9,16,2048
2,1001,5,5,16,2048
2,1002,15,15,16,2048
2,1003,4,4,16,2048
2,1004,8,8,16,2048
2,1005,8,8,16,2048
2,1006,3,3,16,2048
2,1007,7,7,16,2048
2,1008,1,1,16,2048
2,1009,10,10,16,2048
2,1010,12,12,16,2048
2,1011,15,15,16,2048
2,1012,5,1,16,2048
2,1013,4,4,16,2048
2,1014,8,8,16,2048
2,1015,11,11,16,2048
2,1016,15,15,16,2048
2,1017,0,0,16,2048
2,1018,3,3,16,2048
2,1019,4,4,16,2048
2,1020,4,4,16,2048
2,1021,7,7,16,2048
2,1022,13,1,16,2048
2,1023,0,0,16,2048
2,1024,13,13,16,2048
2,1025,9,9,16,2048
2,1026,9,9,16,2048
2,1027,10,10,16,2048
2,1028,1,1,16,2048
2,1029,11,11,16,2048
2,1030,3,3,16,2048
2,1031,8,8,16,2048
2,1032,10,10,16,2048
2,1033,9,9,16,2048
2,1034,5,5,16,2048
2,1035,6,6,16,2048
2,1036,7,7,16,2048
2,1037,0,0,16,2048
2,1038,11,11,16,2048
2,1039,1,1,16,2048
2,1040,7,7,16,2048
2,1041,10,10,16,2048
2,1042,1,1,16,2048
2,1043,15,15,16,2048
2,1044,6,6,16,2048
2,1045,0,0,16,2048
2,1046,10,10,16,2048
2,1047,8,8,16,2048
2,1048,10,10,16,2048
2,1049,12,12,16,2048
2,1050,7,11,16,2048
2,1051,13,13,16,2048
2,1052,5,5,16,2048
2,1053,8,8,16,2048
2,1054,2,2,16,2048
2,1055,9,9,16,2048
2,1056,4,4,16,2048
2,1057,11,11,16,2048
2,1058,12,12,16,2048
2,1059,13,13,16,2048
2,1060,14,14,16,2048
2,1061,1,1,16,2048
2,1062,2,2,16,2048
2,1063,14,14,16,2048
2,1064,6,6,16,2048
2,1065,0,0,16,2048
2,1066,4,4,16,2048
2,1067,13,13,16,2048
2,1068,5,5,16,2048
2,1069,1,1,16,2048
2,1070,11,11,16,2048
2,1071,3,3,16,2048
2,1072,5,5,16,2048
2,1073,0,0,16,2048
2,1074,9,9,16,2048
2,1075,7,7,16,2048
2,1076,13,13,16,2048
2,1077,5,5,16,2048
2,1078,3,3,16,2048
2,1079,2,2,16,2048
2,1080,3,3,16,2048
2,1081,7,7,16,2048
2,1082,1,1,16,2048
2,1083,6,6,16,2048
2,1084,13,13,16,2048
2,1085,12,12,16,2048
2,1086,10,10,16,2048
2,1087,14,14,16,2048
2,1088,12,12,16,2048
2,1089,10,10,16,2048
2,1090,13,13,16,2048
2,1091,1,1,16,2048
2,1092,13,13,16,2048
2,1093,4,4,16,2048
2,1094,11,11,16,2048
2,1095,14,14,16,2048
2,1096,7,7,16,2048
2,1097,1,1,16,2048
2,1098,5,5,16,2048
2,1099,6,6,16,2048
2,1100,14,14,16,2048
2,1101,15,15,16,2048
2,1102,9,9,16,2048
2,1103,15,15,16,2048
2,1104,6,6,16,2048
2,1105,6,6,16,2048
2,1106,13,13,16,2048
2,1107,10,10,16,2048
2,1108,8,8,16,2048
2,1109,7,7,16,2048
2,1110,11,11,16,2048
2,1111,12,12,16,2048
2,1112,7,0,16,2048
2,1113,0,0,16,2048
2,1114,1,1,16,2048
2,1115,2,2,16,2048
2,1116,7,7,16,2048
2,1117,9,9,16,2048
2,1118,12,12,16,2048
2,1119,3,3,16,2048
2,1120,12,12,16,2048
2,1121,10,10,16,2048
2,1122,0,0,16,2048
2,1123,5,5,16,2048
2,1124,4,4,16,2048
2,1125,14,14,16,2048
2,1126,14,14,16,2048
2,1127,13,13,16,2048
2,1128,8,8,16,2048
2,1129,7,7,16,2048
2,1130,4,4,16,2048
2,1131,12,12,16,2048
2,1132,1,1,16,2048
2,1133,4,4,16,2048
2,1134,2,2,16,2048
2,1135,7,7,16,2048
2,1136,4,4,16,2048
2,1137,3,3,16,2048
2,1138,6,6,16,2048
2,1139,13,13,16,2048
2,1140,8,8,16,2048
2,1141,13,13,16,2048
2,1142,14,14,16,2048
2,1143,14,14,16,2048
2,1144,5,5,16,2048
2,1145,14,14,16,2048
2,1146,14,14,16,2048
2,1147,15,15,16,2048
2,1148,5,5,16,2048
2,1149,3,11,16,2048
2,1150,9,9,16,2048
2,1151,14,14,16,2048
2,1152,14,14,16,2048
2,1153,9,9,16,2048
2,1154,2,2,16,2048
2,1155,6,6,16,2048
2,1156,11,11,16,2048
2,1157,8,12,16,2048
2,1158,5,5,16,2048
2,1159,5,5,16,2048
2,1160,0,0,16,2048
2,1161,4,4,16,2048
2,1162,10,10,16,2048
2,1163,3,3,16,2048
2,1164,15,15,16,2048
2,1165,1,1,16,2048
2,1166,9,9,16,2048
2,1167,7,7,16,2048
2,1168,13,13,16,2048
2,1169,14,14,16,2048
2,1170,8,8,16,2048
2,1171,10,10,16,2048
2,1172,11,11,16,2048
2,1173,8,8,16,2048
2,1174,2,2,16,2048
2,1175,6,6,16,2048
2,1176,3,3,16,2048
2,1177,7,7,16,2048
2,1178,9,9,16,2048
2,1179,3,3,16,2048
2,1180,3,3,16,2048
2,1181,13,13,16,2048
2,1182,6,6,16,2048
2,1183,3,3,16,2048
2,1184,11,11,16,2048
2,1185,11,11,16,2048
2,1186,13,13,16,2048
2,1187,12,12,16,2048
2,1188,15,15,16,2048
2,1189,9,9,16,2048
2,1190,4,4,16,2048
2,1191,13,13,16,2048
2,1192,4,4,16,2048
2,1193,4,4,16,2048
2,1194,13,13,16,2048
2,1195,14,14,16,2048
2,1196,5,5,16,2048
2,1197,11,15,16,2048
2,1198,14,14,16,2048
2,1199,12,12,16,2048
2,1200,0,0,16,2048
2,1201,10,10,16,2048
2,1202,2,2,16,2048
2,1203,13,13,16,2048
2,1204,1,1,16,2048
2,1205,15,15,16,2048
2,1206,2,2,16,2048
2,1207,6,6,16,2048
2,1208,3,3,16,2048
2,1209,13,13,16,2048
2,1210,6,6,16,2048
2,1211,11,11,16,2048
2,1212,1,1,16,2048
2,1213,7,7,16,2048
2,1214,14,14,16,2048
2,1215,14,14,16,2048
2,1216,3,3,16,2048
2,1217,6,6,16,2048
2,1218,6,6,16,2048
2,1219,9,9,16,2048
2,1220,8,8,16,2048
2,1221,1,1,16,2048
2,1222,12,12,16,2048
2,1223,3,3,16,2048
2,1224,5,5,16,2048
2,1225,13,13,16,2048
2,1226,11,11,16,2048
2,1227,6,6,16,2048
2,1228,14,14,16,2048
2,1229,6,6,16,2048
2,1230,9,9,16,2048
2,1231,3,3,16,2048
2,1232,2,2,16,2048
2,1233,7,7,16,2048
2,1234,9,9,16,2048
2,1235,12,12,16,2048
2,1236,6,6,16,2048
2,1237,14,14,16,2048
2,1238,9,9,16,2048
2,1239,1,1,16,2048
2,1240,11,11,16,2048
2,1241,9,9,16,2048
2,1242,6,6,16,2048
2,1243,7,7,16,2048
2,1244,4,4,16,2048
2,1245,9,9,16,2048
2,1246,9,9,16,2048
2,1247,7,7,16,2048
2,1248,4,4,16,2048
2,1249,6,6,16,2048
2,1250,7,7,16,2048
2,1251,7,7,16,2048
2,1252,4,4,16,2048
2,1253,9,9,16,2048
2,1254,3,3,16,2048
2,1255,8,8,16,2048
2,1256,1,1,16,2048
2,1257,7,7,16,2048
2,1258,12,12,16,2048
2,1259,13,13,16,2048
2,1260,11,11,16,2048
2,1261,11,11,16,2048
2,1262,1,1,16,2048
2,1263,5,5,16,2048
2,1264,10,10,16,2048
2,1265,12,12,16,2048
2,1266,9,9,16,2048
2,1267,13,13,16,2048
2,1268,4,4,16,2048
2,1269,2,0,16,2048
2,1270,1,1,16,2048
2,1271,9,9,16,2048
2,1272,10,10,16,2048
2,1273,4,4,16,2048
2,1274,12,12,16,2048
2,1275,11,11,16,2048
2,1276,5,5,16,2048
2,1277,3,3,16,2048
2,1278,11,11,16,2048
2,1279,10,10,16,2048
2,1280,2,14,16,2048
2,1281,4,4,16,2048
2,1282,7,7,16,2048
2,1283,8,8,16,2048
2,1284,2,2,16,2048
2,1285,15,15,16,2048
2,1286,6,6,16,2048
2,1287,6,6,16,2048
2,1288,0,0,16,2048
2,1289,14,14,16,2048
2,1290,3,3,16,2048
2,1291,15,15,16,2048
2,1292,7,7,16,2048
2,1293,13,13,16,2048
2,1294,2,2,16,2048
2,1295,2,2,16,2048
2,1296,12,12,16,2048
2,1297,13,13,16,2048
2,1298,8,8,16,2048
2,1299,0,0,16,2048
2,1300,15,15,16,2048
2,1301,6,6,16,2048
2,1302,14,14,16,2048
2,1303,13,13,16,2048
2,1304,13,13,16,2048
2,1305,11,11,16,2048
2,1306,10,10,16,2048
2,1307,8,8,16,2048
2,1308,0,0,16,2048
2,1309,6,6,16,2048
2,1310,11,11,16,2048
2,1311,12,12,16,2048
2,1312,8,8,16,2048
2,1313,11,11,16,2048
2,1314,0,0,16,2048
2,1315,7,7,16,2048
2,1316,8,8,16,2048
2,1317,14,14,16,2048
2,1318,4,4,16,2048
2,1319,3,3,16,2048
2,1320,5,5,16,2048
2,1321,2,2,16,2048
2,1322,8,8,16,2048
2,1323,10,10,16,2048
2,1324,12,12,16,2048
2,1325,15,15,16,2048
2,1326,1,1,16,2048
2,1327,3,3,16,2048
2,1328,4,4,16,2048
2,1329,3,3,16,2048
2,1330,13,13,16,2048
2,1331,2,2,16,2048
2,1332,0,0,16,2048
2,1333,13,13,16,2048
2,1334,15,15,16,2048
2,1335,3,3,16,2048
2,1336,5,5,16,2048
2,1337,8,8,16,2048
2,1338,8,8,16,2048
2,1339,15,15,16,2048
2,1340,6,6,16,2048
2,1341,0,0,16,2048
2,1342,6,6,16,2048
2,1343,8,8,16,2048
2,1344,8,8,16,2048
2,1345,8,8,16,2048
2,1346,14,14,16,2048
2,1347,12,12,16,2048
2,1348,4,4,16,2048
2,1349,5,5,16,2048
2,1350,10,10,16,2048
2,1351,6,6,16,2048
2,1352,6,6,16,2048
2,1353,2,2,16,2048
2,1354,4,4,16,2048
2,1355,11,11,16,2048
2,1356,13,13,16,2048
2,1357,12,12,16,2048
2,1358,4,4,16,2048
2,1359,2,2,16,2048
2,1360,2,2,16,2048
2,1361,6,6,16,2048
2,1362,8,8,16,2048
2,1363,14,1,16,2048
2,1364,14,14,16,2048
2,1365,0,0,16,2048
2,1366,11,11,16,2048
2,1367,4,4,16,2048
2,1368,3,3,16,2048
2,1369,8,8,16,2048
2,1370,0,0,16,2048
2,1371,5,5,16,2048
2,1372,8,8,16,2048
2,1373,4,4,16,2048
2,1374,9,9,16,2048
2,1375,7,7,16,2048
2,1376,12,12,16,2048
2,1377,2,2,16,2048
2,1378,0,0,16,2048
2,1379,8,8,16,2048
2,1380,4,4,16,2048
2,1381,11,11,16,2048
2,1382,1,1,16,2048
2,1383,9,9,16,2048
2,1384,15,15,16,2048
2,1385,1,1,16,2048
2,1386,4,4,16,2048
2,1387,13,13,16,2048
2,1388,8,8,16,2048
2,1389,2,2,16,2048
2,1390,3,3,16,2048
2,1391,12,12,16,2048
2,1392,13,13,16,2048
2,1393,5,5,16,2048
2,1394,7,7,16,2048
2,1395,12,12,16,2048
2,1396,2,2,16,2048
2,1397,3,3,16,2048
2,1398,12,12,16,2048
2,1399,2,2,16,2048
2,1400,12,12,16,2048
2,1401,7,7,16,2048
2,1402,15,15,16,2048
2,1403,0,0,16,2048
2,1404,15,15,16,2048
2,1405,3,3,16,2048
2,1406,0,0,16,2048
2,1407,11,11,16,2048
2,1408,8,8,16,2048
2,1409,13,13,16,2048
2,1410,1,1,16,2048
2,1411,1,1,16,2048
2,1412,9,9,16,2048
2,1413,14,14,16,2048
2,1414,6,6,16,2048
2,1415,12,12,16,2048
2,1416,14,14,16,2048
2,1417,13,13,16,2048
2,1418,8,8,16,2048
2,1419,11,11,16,2048
2,1420,8,8,16,2048
2,1421,10,10,16,2048
2,1422,9,9,16,2048
2,1423,8,8,16,2048
2,1424,6,1,16,2048
2,1425,10,10,16,2048
2,1426,12,12,16,2048
2,1427,14,14,16,2048
2,1428,9,9,16,2048
2,1429,1,1,16,2048
2,1430,9,9,16,2048
2,1431,5,5,16,2048
2,1432,0,0,16,2048
2,1433,1,1,16,2048
2,1434,9,9,16,2048
2,1435,15,15,16,2048
2,1436,8,8,16,2048
2,1437,7,7,16,2048
2,1438,1,1,16,2048
2,1439,10,10,16,2048
2,1440,0,0,16,2048
2,1441,13,13,16,2048
2,1442,13,13,16,2048
2,1443,15,2,16,2048
2,1444,4,4,16,2048
2,1445,2,2,16,2048
2,1446,4,4,16,2048
2,1447,12,12,16,2048
2,1448,3,3,16,2048
2,1449,14,14,16,2048
2,1450,2,2,16,2048
2,1451,0,0,16,2048
2,1452,3,3,16,2048
2,1453,12,12,16,2048
2,1454,9,9,16,2048
2,1455,5,5,16,2048
2,1456,10,10,16,2048
2,1457,10,10,16,2048
2,1458,8,8,16,2048
2,1459,8,8,16,2048
2,1460,1,1,16,2048
2,1461,4,4,16,2048
2,1462,8,8,16,2048
2,1463,2,2,16,2048
2,1464,7,7,16,2048
2,1465,1,1,16,2048
2,1466,12,12,16,2048
2,1467,1,1,16,2048
2,1468,1,1,16,2048
2,1469,10,10,16,2048
2,1470,3,3,16,2048
2,1471,5,5,16,2048
2,1472,5,5,16,2048
2,1473,3,3,16,2048
2,1474,12,12,16,2048
2,1475,11,11,16,2048
2,1476,3,3,16,2048
2,1477,10,10,16,2048
2,1478,11,11,16,2048
2,1479,8,8,16,2048
2,1480,9,9,16,2048
2,1481,14,14,16,2048
2,1482,7,7,16,2048
2,1483,6,6,16,2048
2,1484,8,8,16,2048
2,1485,13,13,16,2048
2,1486,11,11,16,2048
2,1487,1,1,16,2048
2,1488,7,7,16,2048
2,1489,11,2,16,2048
2,1490,3,3,16,2048
2,1491,15,15,16,2048
2,1492,12,12,16,2048
2,1493,13,14,16,2048
2,1494,1,1,16,2048
2,1495,9,9,16,2048
2,1496,8,8,16,2048
2,1497,10,10,16,2048
2,1498,13,13,16,2048
2,1499,5,5,16,2048
2,1500,8,8,16,2048
2,1501,10,10,16,2048
2,1502,12,12,16,2048
2,1503,12,12,16,2048
2,1504,5,5,16,2048
2,1505,15,15,16,2048
2,1506,0,0,16,2048
2,1507,7,7,16,2048
2,1508,9,9,16,2048
2,1509,0,0,16,2048
2,1510,7,7,16,2048
2,1511,9,9,16,2048
2,1512,9,9,16,2048
2,1513,1,1,16,2048
2,1514,4,4,16,2048
2,1515,3,3,16,2048
2,1516,10,10,16,2048
2,1517,5,5,16,2048
2,1518,9,9,16,2048
2,1519,11,11,16,2048
2,1520,12,12,16,2048
2,1521,2,2,16,2048
2,1522,14,8,16,2048
2,1523,2,2,16,2048
2,1524,0,0,16,2048
2,1525,0,0,16,2048
2,1526,3,3,16,2048
2,1527,13,0,16,2048
2,1528,3,3,16,2048
2,1529,11,11,16,2048
2,1530,6,6,16,2048
2,1531,0,0,16,2048
2,1532,7,7,16,2048
2,1533,0,0,16,2048
2,1534,7,7,16,2048
2,1535,8,8,16,2048
2,1536,8,8,16,2048
2,1537,4,4,16,2048
2,1538,12,12,16,2048
2,1539,9,9,16,2048
2,1540,4,4,16,2048
2,1541,6,6,16,2048
2,1542,1,1,16,2048
2,1543,14,14,16,2048
2,1544,12,0,16,2048
2,1545,4,4,16,2048
2,1546,10,10,16,2048
2,1547,10,10,16,2048
2,1548,9,9,16,2048
2,1549,0,0,16,2048
2,1550,14,14,16,2048
2,1551,15,15,16,2048
2,1552,15,15,16,2048
2,1553,15,15,16,2048
2,1554,14,14,16,2048
2,1555,11,11,16,2048
2,1556,0,0,16,2048
2,1557,7,7,16,2048
2,1558,3,3,16,2048
2,1559,3,3,16,2048
2,1560,13,13,16,2048
2,1561,13,0,16,2048
2,1562,8,8,16,2048
2,1563,11,11,16,2048
2,1564,2,2,16,2048
2,1565,3,3,16,2048
2,1566,13,13,16,2048
2,1567,7,7,16,2048
2,1568,8,8,16,2048
2,1569,7,7,16,2048
2,1570,3,3,16,2048
2,1571,13,13,16,2048
2,1572,12,12,16,2048
2,1573,10,10,16,2048
2,1574,5,5,16,2048
2,1575,10,10,16,2048
2,1576,15,15,16,2048
2,1577,10,10,16,2048
2,1578,7,7,16,2048
2,1579,4,4,16,2048
2,1580,8,8,16,2048
2,1581,5,5,16,2048
2,1582,9,9,16,2048
2,1583,0,0,16,2048
2,1584,3,3,16,2048
2,1585,12,12,16,2048
2,1586,6,6,16,2048
2,1587,6,6,16,2048
2,1588,8,8,16,2048
2,1589,7,7,16,2048
2,1590,12,12,16,2048
2,1591,3,3,16,2048
2,1592,12,12,16,2048
2,1593,3,3,16,2048
2,1594,5,5,16,2048
2,1595,9,9,16,2048
2,1596,14,14,16,2048
2,1597,3,3,16,2048
2,1598,9,9,16,2048
2,1599,1,1,16,2048
2,1600,1,1,16,2048
2,1601,12,12,16,2048
2,1602,11,11,16,2048
2,1603,6,6,16,2048
2,1604,9,12,16,2048
2,1605,6,6,16,2048
2,1606,4,4,16,2048
2,1607,6,6,16,2048
2,1608,4,4,16,2048
2,1609,13,13,16,2048
2,1610,6,6,16,2048
2,1611,5,5,16,2048
2,1612,8,8,16,2048
2,1613,12,12,16,2048
2,1614,4,4,16,2048
2,1615,15,15,16,2048
2,1616,7,7,16,2048
2,1617,10,10,16,2048
2,1618,15,15,16,2048
2,1619,6,6,16,2048
2,1620,3,3,16,2048
2,1621,11,11,16,2048
2,1622,0,0,16,2048
2,1623,7,7,16,2048
2,1624,15,1,16,2048
2,1625,6,15,16,2048
2,1626,10,10,16,2048
2,1627,8,8,16,2048
2,1628,3,3,16,2048
2,1629,5,5,16,2048
2,1630,8,8,16,2048
2,1631,1,1,16,2048
2,1632,6,6,16,2048
2,1633,6,6,16,2048
2,1634,13,13,16,2048
2,1635,1,1,16,2048
2,1636,13,13,16,2048
2,1637,6,6,16,2048
2,1638,10,10,16,2048
2,1639,8,8,16,2048
2,1640,4,4,16,2048
2,1641,14,14,16,2048
2,1642,3,3,16,2048
2,1643,0,14,16,2048
2,1644,12,12,16,2048
2,1645,9,9,16,2048
2,1646,14,14,16,2048
2,1647,7,7,16,2048
2,1648,0,0,16,2048
2,1649,0,0,16,2048
2,1650,6,6,16,2048
2,1651,3,3,16,2048
2,1652,14,14,16,2048
2,1653,1,1,16,2048
2,1654,14,14,16,2048
2,1655,3,3,16,2048
2,1656,1,1,16,2048
2,1657,4,4,16,2048
2,1658,2,2,16,2048
2,1659,6,6,16,2048
2,1660,5,5,16,2048
2,1661,8,8,16,2048
2,1662,8,8,16,2048
2,1663,0,0,16,2048
2,1664,1,1,16,2048
2,1665,2,2,16,2048
2,1666,3,3,16,2048
2,1667,1,1,16,2048
2,1668,5,5,16,2048
2,1669,8,8,16,2048
2,1670,4,4,16,2048
2,1671,5,5,16,2048
2,1672,7,7,16,2048
2,1673,8,8,16,2048
2,1674,5,10,16,2048
2,1675,3,3,16,2048
2,1676,6,6,16,2048
2,1677,0,0,16,2048
2,1678,7,7,16,2048
2,1679,15,15,16,2048
2,1680,6,6,16,2048
2,1681,1,1,16,2048
2,1682,11,11,16,2048
2,1683,2,2,16,2048
2,1684,3,3,16,2048
2,1685,2,2,16,2048
2,1686,14,14,16,2048
2,1687,15,15,16,2048
2,1688,9,9,16,2048
2,1689,9,9,16,2048
2,1690,10,10,16,2048
2,1691,9,9,16,2048
2,1692,8,8,16,2048
2,1693,15,15,16,2048
2,1694,11,11,16,2048
2,1695,1,1,16,2048
2,1696,6,6,16,2048
2,1697,15,15,16,2048
2,1698,6,6,16,2048
2,1699,3,3,16,2048
2,1700,13,9,16,2048
2,1701,9,9,16,2048
2,1702,9,9,16,2048
2,1703,6,6,16,2048
2,1704,1,1,16,2048
2,1705,6,6,16,2048
2,1706,6,6,16,2048
2,1707,14,14,16,2048
2,1708,4,4,16,2048
2,1709,2,2,16,2048
2,1710,6,6,16,2048
2,1711,15,15,16,2048
2,1712,7,7,16,2048
2,1713,6,6,16,2048
2,1714,10,10,16,2048
2,1715,10,10,16,2048
2,1716,4,4,16,2048
2,1717,15,15,16,2048
2,1718,9,9,16,2048
2,1719,0,0,16,2048
2,1720,6,6,16,2048
2,1721,14,14,16,2048
2,1722,6,6,16,2048
2,1723,9,9,16,2048
2,1724,9,9,16,2048
2,1725,11,11,16,2048
2,1726,13,13,16,2048
2,1727,2,2,16,2048
2,1728,8,8,16,2048
2,1729,8,8,16,2048
2,1730,2,2,16,2048
2,1731,10,10,16,2048
2,1732,1,1,16,2048
2,1733,7,7,16,2048
2,1734,5,5,16,2048
2,1735,2,2,16,2048
2,1736,13,13,16,2048
2,1737,3,3,16,2048
2,1738,4,4,16,2048
2,1739,13,13,16,2048
2,1740,14,14,16,2048
2,1741,0,0,16,2048
2,1742,4,4,16,2048
2,1743,11,11,16,2048
2,1744,12,12,16,2048
2,1745,15,15,16,2048
2,1746,8,8,16,2048
2,1747,0,0,16,2048
2,1748,13,13,16,2048
2,1749,2,2,16,2048
2,1750,1,1,16,2048
2,1751,10,10,16,2048
2,1752,9,9,16,2048
2,1753,0,0,16,2048
2,1754,2,2,16,2048
2,1755,9,9,16,2048
2,1756,4,4,16,2048
2,1757,10,10,16,2048
2,1758,6,15,16,2048
2,1759,9,9,16,2048
2,1760,7,7,16,2048
2,1761,5,5,16,2048
2,1762,5,5,16,2048
2,1763,11,11,16,2048
2,1764,8,8,16,2048
2,1765,9,9,16,2048
2,1766,9,9,16,2048
2,1767,3,3,16,2048
2,1768,14,14,16,2048
2,1769,9,9,16,2048
2,1770,11,11,16,2048
2,1771,14,14,16,2048
2,1772,14,2,16,2048
2,1773,10,11,16,2048
2,1774,12,12,16,2048
2,1775,7,7,16,2048
2,1776,11,11,16,2048
2,1777,5,5,16,2048
2,1778,11,11,16,2048
2,1779,1,1,16,2048
2,1780,14,14,16,2048
2,1781,3,3,16,2048
2,1782,10,10,16,2048
2,1783,0,0,16,2048
2,1784,2,2,16,2048
2,1785,15,15,16,2048
2,1786,13,13,16,2048
2,1787,3,3,16,2048
2,1788,2,2,16,2048
2,1789,13,9,16,2048
2,1790,15,15,16,2048
2,1791,2,2,16,2048
2,1792,10,10,16,2048
2,1793,4,4,16,2048
2,1794,11,11,16,2048
2,1795,6,6,16,2048
2,1796,2,2,16,2048
2,1797,5,5,16,2048
2,1798,8,8,16,2048
2,1799,12,12,16,2048
2,1800,0,0,16,2048
2,1801,15,15,16,2048
2,1802,10,10,16,2048
2,1803,14,14,16,2048
2,1804,14,14,16,2048
2,1805,2,2,16,2048
2,1806,1,1,16,2048
2,1807,12,12,16,2048
2,1808,3,3,16,2048
2,1809,2,2,16,2048
2,1810,7,7,16,2048
2,1811,14,14,16,2048
2,1812,12,12,16,2048
2,1813,8,8,16,2048
2,1814,3,3,16,2048
2,1815,5,5,16,2048
2,1816,11,11,16,2048
2,1817,2,2,16,2048
2,1818,8,8,16,2048
2,1819,0,0,16,2048
2,1820,5,5,16,2048
2,1821,3,3,16,2048
2,1822,10,10,16,2048
2,1823,14,14,16,2048
2,1824,2,2,16,2048
2,1825,12,12,16,2048
2,1826,10,10,16,2048
2,1827,15,15,16,2048
2,1828,14,14,16,2048
2,1829,1,1,16,2048
2,1830,11,11,16,2048
2,1831,9,9,16,2048
2,1832,1,1,16,2048
2,1833,4,4,16,2048
2,1834,14,14,16,2048
2,1835,8,8,16,2048
2,1836,5,5,16,2048
2,1837,5,5,16,2048
2,1838,13,13,16,2048
2,1839,4,4,16,2048
2,1840,2,2,16,2048
2,1841,9,9,16,2048
2,1842,15,15,16,2048
2,1843,2,2,16,2048
2,1844,4,4,16,2048
2,1845,7,7,16,2048
2,1846,3,3,16,2048
2,1847,10,10,16,2048
2,1848,4,5,16,2048
2,1849,2,2,16,2048
2,1850,4,4,16,2048
2,1851,14,14,16,2048
2,1852,14,14,16,2048
2,1853,8,8,16,2048
2,1854,6,6,16,2048
2,1855,13,13,16,2048
2,1856,3,3,16,2048
2,1857,10,10,16,2048
2,1858,10,1,16,2048
2,1859,11,12,16,2048
2,1860,3,3,16,2048
2,1861,11,11,16,2048
2,1862,9,9,16,2048
2,1863,14,14,16,2048
2,1864,2,14,16,2048
2,1865,9,9,16,2048
2,1866,13,13,16,2048
2,1867,4,4,16,2048
2,1868,11,11,16,2048
2,1869,1,1,16,2048
2,1870,11,11,16,2048
2,1871,9,9,16,2048
2,1872,3,3,16,2048
2,1873,1,1,16,2048
2,1874,11,11,16,2048
2,1875,3,3,16,2048
2,1876,7,7,16,2048
2,1877,0,0,16,2048
2,1878,15,15,16,2048
2,1879,8,8,16,2048
2,1880,14,14,16,2048
2,1881,2,2,16,2048
2,1882,3,3,16,2048
2,1883,9,9,16,2048
2,1884,9,9,16,2048
2,1885,12,12,16,2048
2,1886,14,14,16,2048
2,1887,13,13,16,2048
2,1888,2,2,16,2048
2,1889,4,4,16,2048
2,1890,14,14,16,2048
2,1891,8,8,16,2048
2,1892,13,13,16,2048
2,1893,9,9,16,2048
2,1894,0,0,16,2048
2,1895,7,7,16,2048
2,1896,13,13,16,2048
2,1897,10,10,16,2048
2,1898,2,2,16,2048
2,1899,3,3,16,2048
2,1900,13,13,16,2048
2,1901,15,15,16,2048
2,1902,12,12,16,2048
2,1903,1,1,16,2048
2,1904,9,9,16,2048
2,1905,13,13,16,2048
2,1906,10,10,16,2048
2,1907,9,9,16,2048
2,1908,7,7,16,2048
2,1909,3,3,16,2048
2,1910,4,4,16,2048
2,1911,11,11,16,2048
2,1912,1,1,16,2048
2,1913,1,1,16,2048
2,1914,6,6,16,2048
2,1915,12,12,16,2048
2,1916,10,10,16,2048
2,1917,9,9,16,2048
2,1918,8,8,16,2048
2,1919,1,1,16,2048
2,1920,5,5,16,2048
2,1921,1,1,16,2048
2,1922,12,11,16,2048
2,1923,12,12,16,2048
2,1924,4,4,16,2048
2,1925,4,4,16,2048
2,1926,5,5,16,2048
2,1927,14,14,16,2048
2,1928,7,7,16,2048
2,1929,12,12,16,2048
2,1930,7,7,16,2048
2,1931,11,11,16,2048
2,1932,8,8,16,2048
2,1933,4,4,16,2048
2,1934,14,3,16,2048
2,1935,11,11,16,2048
2,1936,12,12,16,2048
2,1937,15,15,16,2048
2,1938,3,3,16,2048
2,1939,1,1,16,2048
2,1940,9,9,16,2048
2,1941,5,5,16,2048
2,1942,6,6,16,2048
2,1943,3,3,16,2048
2,1944,6,6,16,2048
2,1945,6,6,16,2048
2,1946,5,5,16,2048
2,1947,11,11,16,2048
2,1948,9,14,16,2048
2,1949,7,7,16,2048
2,1950,1,1,16,2048
2,1951,9,9,16,2048
2,1952,2,2,16,2048
2,1953,5,5,16,2048
2,1954,6,15,16,2048
2,1955,2,2,16,2048
2,1956,6,6,16,2048
2,1957,4,4,16,2048
2,1958,13,13,16,2048
2,1959,13,13,16,2048
2,1960,0,0,16,2048
2,1961,9,9,16,2048
2,1962,10,10,16,2048
2,1963,6,6,16,2048
2,1964,7,7,16,2048
2,1965,12,12,16,2048
2,1966,6,6,16,2048
2,1967,1,1,16,2048
2,1968,5,5,16,2048
2,1969,4,4,16,2048
2,1970,6,6,16,2048
2,1971,3,3,16,2048
2,1972,2,2,16,2048
2,1973,15,15,16,2048
2,1974,2,2,16,2048
2,1975,11,11,16,2048
2,1976,11,11,16,2048
2,1977,9,9,16,2048
2,1978,14,14,16,2048
2,1979,0,0,16,2048
2,1980,4,4,16,2048
2,1981,2,2,16,2048
2,1982,9,9,16,2048
2,1983,10,10,16,2048
2,1984,14,14,16,2048
2,1985,6,6,16,2048
2,1986,3,3,16,2048
2,1987,14,14,16,2048
2,1988,10,10,16,2048
2,1989,12,12,16,2048
2,1990,7,7,16,2048
2,1991,7,7,16,2048
2,1992,6,6,16,2048
2,1993,11,11,16,2048
2,1994,3,3,16,2048
2,1995,15,15,16,2048
2,1996,2,2,16,2048
2,1997,7,7,16,2048
2,1998,5,5,16,2048
2,1999,10,10,16,2048
2,2000,10,10,16,2048
2,2001,14,14,16,2048
2,2002,12,4,16,2048
2,2003,3,3,16,2048
2,2004,3,3,16,2048
2,2005,14,14,16,2048
2,2006,7,7,16,2048
2,2007,1,1,16,2048
2,2008,13,13,16,2048
2,2009,10,10,16,2048
2,2010,0,0,16,2048
2,2011,12,12,16,2048
2,2012,9,9,16,2048
2,2013,9,9,16,2048
2,2014,13,13,16,2048
2,2015,7,7,16,2048
2,2016,7,7,16,2048
2,2017,9,9,16,2048
2,2018,3,9,16,2048
2,2019,2,2,16,2048
2,2020,13,3,16,2048
2,2021,3,3,16,2048
2,2022,8,8,16,2048
2,2023,4,4,16,2048
2,2024,3,3,16,2048
2,2025,9,12,16,2048
2,2026,12,12,16,2048
2,2027,7,7,16,2048
2,2028,2,2,16,2048
2,2029,3,3,16,2048
2,2030,2,2,16,2048
2,2031,14,14,16,2048
2,2032,5,5,16,2048
2,2033,5,5,16,2048
2,2034,1,1,16,2048
2,2035,7,7,16,2048
2,2036,14,14,16,2048
2,2037,6,6,16,2048
2,2038,10,10,16,2048
2,2039,2,2,16,2048
2,2040,2,2,16,2048
2,2041,11,11,16,2048
2,2042,1,1,16,2048
2,2043,7,7,16,2048
2,2044,5,5,16,2048
2,2045,0,0,16,2048
2,2046,8,8,16,2048
2,2047,15,15,16,2048
3,0,1,1,16,2048
3,1,13,1,16,2048
3,2,8,8,16,2048
3,3,11,11,16,2048
3,4,1,1,16,2048
3,5,13,13,16,2048
3,6,0,0,16,2048
3,7,14,14,16,2048
3,8,10,10,16,2048
3,9,5,5,16,2048
3,10,0,0,16,2048
3,11,9,9,16,2048
3,12,1,1,16,2048
3,13,9,9,16,2048
3,14,12,12,16,2048
3,15,4,4,16,2048
3,16,3,3,16,2048
3,17,3,3,16,2048
3,18,3,3,16,2048
3,19,1,1,16,2048
3,20,3,3,16,2048
3,21,10,10,16,2048
3,22,4,4,16,2048
3,23,12,12,16,2048
3,24,13,13,16,2048
3,25,12,12,16,2048
3,26,8,8,16,2048
3,27,5,5,16,2048
3,28,14,14,16,2048
3,29,3,3,16,2048
3,30,7,7,16,2048
3,31,7,7,16,2048
3,32,11,11,16,2048
3,33,8,8,16,2048
3,34,12,12,16,2048
3,35,14,14,16,2048
3,36,6,6,16,2048
3,37,13,13,16,2048
3,38,2,2,16,2048
3,39,14,14,16,2048
3,40,2,2,16,2048
3,41,13,13,16,2048
3,42,6,6,16,2048
3,43,15,15,16,2048
3,44,2,2,16,2048
3,45,7,7,16,2048
3,46,14,14,16,2048
3,47,0,0,16,2048
3,48,4,4,16,2048
3,49,1,1,16,2048
3,50,5,5,16,2048
3,51,6,6,16,2048
3,52,9,9,16,2048
3,53,4,4,16,2048
3,54,2,2,16,2048
3,55,2,2,16,2048
3,56,15,15,16,2048
3,57,15,15,16,2048
3,58,3,3,16,2048
3,59,3,3,16,2048
3,60,0,0,16,2048
3,61,15,15,16,2048
3,62,11,11,16,2048
3,63,12,12,16,2048
3,64,4,4,16,2048
3,65,10,10,16,2048
3,66,0,0,16,2048
3,67,10,10,16,2048
3,68,9,9,16,2048
3,69,5,5,16,2048
3,70,11,4,16,2048
3,71,10,10,16,2048
3,72,7,7,16,2048
3,73,2,2,16,2048
3,74,0,0,16,2048
3,75,15,15,16,2048
3,76,4,4,16,2048
3,77,4,4,16,2048
3,78,10,10,16,2048
3,79,4,4,16,2048
3,80,6,6,16,2048
3,81,11,11,16,2048
3,82,9,9,16,2048
3,83,10,10,16,2048
3,84,0,0,16,2048
3,85,7,3,16,2048
3,86,7,7,16,2048
3,87,10,10,16,2048
3,88,2,2,16,2048
3,89,2,2,16,2048
3,90,12,12,16,2048
3,91,10,10,16,2048
3,92,12,12,16,2048
3,93,4,0,16,2048
3,94,15,15,16,2048
3,95,4,4,16,2048
3,96,10,10,16,2048
3,97,2,2,16,2048
3,98,14,14,16,2048
3,99,5,5,16,2048
3,100,12,12,16,2048
3,101,5,5,16,2048
3,102,12,4,16,2048
3,103,7,7,16,2048
3,104,0,0,16,2048
3,105,3,3,16,2048
3,106,10,10,16,2048
3,107,3,3,16,2048
3,108,4,4,16,2048
3,109,8,8,16,2048
3,110,4,4,16,2048
3,111,2,2,16,2048
3,112,9,9,16,2048
3,113,11,11,16,2048
3,114,11,11,16,2048
3,115,15,15,16,2048
3,116,1,1,16,2048
3,117,6,6,16,2048
3,118,3,3,16,2048
3,119,14,14,16,2048
3,120,8,8,16,2048
3,121,1,1,16,2048
3,122,11,11,16,2048
3,123,0,0,16,2048
3,124,4,4,16,2048
3,125,11,11,16,2048
3,126,8,8,16,2048
3,127,12,12,16,2048
3,128,9,9,16,2048
3,129,13,13,16,2048
3,130,9,9,16,2048
3,131,0,12,16,2048
3,132,1,1,16,2048
3,133,12,12,16,2048
3,134,0,0,16,2048
3,135,6,6,16,2048
3,136,0,0,16,2048
3,137,4,4,16,2048
3,138,9,9,16,2048
3,139,2,11,16,2048
3,140,7,7,16,2048
3,141,15,15,16,2048
3,142,1,7,16,2048
3,143,1,1,16,2048
3,144,4,4,16,2048
3,145,13,13,16,2048
3,146,6,6,16,2048
3,147,10,10,16,2048
3,148,0,0,16,2048
3,149,11,11,16,2048
3,150,1,1,16,2048
3,151,11,11,16,2048
3,152,2,2,16,2048
3,153,13,13,16,2048
3,154,4,4,16,2048
3,155,2,2,16,2048
3,156,5,5,16,2048
3,157,0,0,16,2048
3,158,2,2,16,2048
3,159,9,9,16,2048
3,160,4,4,16,2048
3,161,5,5,16,2048
3,162,12,12,16,2048
3,163,1,1,16,2048
3,164,6,6,16,2048
3,165,2,2,16,2048
3,166,7,7,16,2048
3,167,5,5,16,2048
3,168,0,0,16,2048
3,169,1,1,16,2048
3,170,13,13,16,2048
3,171,0,6,16,2048
3,172,12,12,16,2048
3,173,14,14,16,2048
3,174,7,7,16,2048
3,175,4,4,16,2048
3,176,12,12,16,2048
3,177,15,15,16,2048
3,178,1,9,16,2048
3,179,15,15,16,2048
3,180,15,15,16,2048
3,181,2,2,16,2048
3,182,0,0,16,2048
3,183,11,11,16,2048
3,184,1,1,16,2048
3,185,9,9,16,2048
3,186,1,1,16,2048
3,187,11,11,16,2048
3,188,3,3,16,2048
3,189,1,1,16,2048
3,190,1,6,16,2048
3,191,3,3,16,2048
3,192,8,8,16,2048
3,193,1,1,16,2048
3,194,12,12,16,2048
3,195,9,9,16,2048
3,196,4,4,16,2048
3,197,15,15,16,2048
3,198,10,10,16,2048
3,199,10,10,16,2048
3,200,2,2,16,2048
3,201,11,11,16,2048
3,202,8,8,16,2048
3,203,15,15,16,2048
3,204,7,7,16,2048
3,205,10,10,16,2048
3,206,5,5,16,2048
3,207,0,0,16,2048
3,208,2,2,16,2048
3,209,13,13,16,2048
3,210,11,11,16,2048
3,211,5,5,16,2048
3,212,11,11,16,2048
3,213,0,0,16,2048
3,214,0,0,16,2048
3,215,8,8,16,2048
3,216,9,9,16,2048
3,217,14,14,16,2048
3,218,12,12,16,2048
3,219,4,4,16,2048
3,220,13,13,16,2048
3,221,7,7,16,2048
3,222,13,9,16,2048
3,223,2,2,16,2048
3,224,0,0,16,2048
3,225,0,0,16,2048
3,226,15,15,16,2048
3,227,1,1,16,2048
3,228,15,15,16,2048
3,229,11,11,16,2048
3,230,2,2,16,2048
3,231,13,13,16,2048
3,232,2,2,16,2048
3,233,2,2,16,2048
3,234,9,9,16,2048
3,235,4,4,16,2048
3,236,4,4,16,2048
3,237,3,3,16,2048
3,238,9,9,16,2048
3,239,0,0,16,2048
3,240,3,3,16,2048
3,241,8,8,16,2048
3,242,7,7,16,2048
3,243,11,11,16,2048
3,244,3,3,16,2048
3,245,10,10,16,2048
3,246,12,12,16,2048
3,247,6,6,16,2048
3,248,4,4,16,2048
3,249,8,8,16,2048
3,250,9,9,16,2048
3,251,1,1,16,2048
3,252,9,9,16,2048
3,253,2,2,16,2048
3,254,9,9,16,2048
3,255,14,14,16,2048
3,256,8,8,16,2048
3,257,12,12,16,2048
3,258,4,4,16,2048
3,259,14,14,16,2048
3,260,13,13,16,2048
3,261,14,14,16,2048
3,262,11,11,16,2048
3,263,10,10,16,2048
3,264,8,8,16,2048
3,265,14,14,16,2048
3,266,13,13,16,2048
3,267,6,6,16,2048
3,268,1,4,16,2048
3,269,0,0,16,2048
3,270,3,3,16,2048
3,271,1,1,16,2048
3,272,3,3,16,2048
3,273,1,1,16,2048
3,274,15,15,16,2048
3,275,1,1,16,2048
3,276,10,10,16,2048
3,277,5,5,16,2048
3,278,2,2,16,2048
3,279,11,11,16,2048
3,280,15,15,16,2048
3,281,12,12,16,2048
3,282,15,0,16,2048
3,283,9,9,16,2048
3,284,10,10,16,2048
3,285,2,2,16,2048
3,286,13,13,16,2048
3,287,11,11,16,2048
3,288,4,4,16,2048
3,289,5,5,16,2048
3,290,9,9,16,2048
3,291,0,0,16,2048
3,292,13,13,16,2048
3,293,4,4,16,2048
3,294,1,1,16,2048
3,295,5,5,16,2048
3,296,13,13,16,2048
3,297,4,4,16,2048
3,298,8,8,16,2048
3,299,12,12,16,2048
3,300,0,0,16,2048
3,301,12,12,16,2048
3,302,4,4,16,2048
3,303,11,11,16,2048
3,304,3,3,16,2048
3,305,2,2,16,2048
3,306,12,12,16,2048
3,307,12,12,16,2048
3,308,15,15,16,2048
3,309,10,10,16,2048
3,310,7,7,16,2048
3,311,3,3,16,2048
3,312,4,4,16,2048
3,313,10,10,16,2048
3,314,5,5,16,2048
3,315,7,7,16,2048
3,316,2,2,16,2048
3,317,7,7,16,2048
3,318,3,3,16,2048
3,319,1,1,16,2048
3,320,2,2,16,2048
3,321,8,8,16,2048
3,322,5,5,16,2048
3,323,1,1,16,2048
3,324,8,8,16,2048
3,325,2,2,16,2048
3,326,0,0,16,2048
3,327,2,2,16,2048
3,328,7,7,16,2048
3,329,15,15,16,2048
3,330,3,3,16,2048
3,331,4,4,16,2048
3,332,3,3,16,2048
3,333,5,5,16,2048
3,334,11,11,16,2048
3,335,5,5,16,2048
3,336,10,10,16,2048
3,337,14,14,16,2048
3,338,15,15,16,2048
3,339,9,9,16,2048
3,340,11,11,16,2048
3,341,14,14,16,2048
3,342,12,12,16,2048
3,343,4,4,16,2048
3,344,2,2,16,2048
3,345,1,1,16,2048
3,346,14,14,16,2048
3,347,8,8,16,2048
3,348,4,4,16,2048
3,349,5,5,16,2048
3,350,4,4,16,2048
3,351,12,12,16,2048
3,352,9,9,16,2048
3,353,14,14,16,2048
3,354,4,4,16,2048
3,355,7,7,16,2048
3,356,1,1,16,2048
3,357,15,15,16,2048
3,358,8,8,16,2048
3,359,8,8,16,2048
3,360,6,6,16,2048
3,361,4,4,16,2048
3,362,15,15,16,2048
3,363,7,7,16,2048
3,364,10,10,16,2048
3,365,0,0,16,2048
3,366,4,4,16,2048
3,367,12,12,16,2048
3,368,1,1,16,2048
3,369,1,1,16,2048
3,370,12,12,16,2048
3,371,4,4,16,2048
3,372,4,4,16,2048
3,373,9,9,16,2048
3,374,3,3,16,2048
3,375,0,0,16,2048
3,376,0,0,16,2048
3,377,1,1,16,2048
3,378,2,2,16,2048
3,379,11,11,16,2048
3,380,4,4,16,2048
3,381,1,1,16,2048
3,382,0,0,16,2048
3,383,7,7,16,2048
3,384,13,13,16,2048
3,385,5,5,16,2048
3,386,1,1,16,2048
3,387,3,3,16,2048
3,388,7,7,16,2048
3,389,3,3,16,2048
3,390,15,15,16,2048
3,391,12,12,16,2048
3,392,5,5,16,2048
3,393,15,15,16,2048
3,394,5,5,16,2048
3,395,2,2,16,2048
3,396,15,15,16,2048
3,397,15,15,16,2048
3,398,5,5,16,2048
3,399,9,9,16,2048
3,400,2,2,16,2048
3,401,10,10,16,2048
3,402,11,11,16,2048
3,403,11,11,16,2048
3,404,9,9,16,2048
3,405,11,11,16,2048
3,406,8,8,16,2048
3,407,13,13,16,2048
3,408,2,2,16,2048
3,409,7,7,16,2048
3,410,6,6,16,2048
3,411,8,8,16,2048
3,412,2,2,16,2048
3,413,5,5,16,2048
3,414,15,15,16,2048
3,415,1,1,16,2048
3,416,10,10,16,2048
3,417,10,10,16,2048
3,418,7,7,16,2048
3,419,0,0,16,2048
3,420,0,0,16,2048
3,421,4,4,16,2048
3,422,1,1,16,2048
3,423,1,1,16,2048
3,424,2,2,16,2048
3,425,3,3,16,2048
3,426,13,13,16,2048
3,427,10,10,16,2048
3,428,0,0,16,2048
3,429,10,10,16,2048
3,430,2,2,16,2048
3,431,6,6,16,2048
3,432,0,0,16,2048
3,433,1,1,16,2048
3,434,2,2,16,2048
3,435,6,6,16,2048
3,436,7,7,16,2048
3,437,5,5,16,2048
3,438,9,9,16,2048
3,439,11,11,16,2048
3,440,11,11,16,2048
3,441,9,9,16,2048
3,442,8,8,16,2048
3,443,7,7,16,2048
3,444,3,3,16,2048
3,445,7,7,16,2048
3,446,0,0,16,2048
3,447,15,15,16,2048
3,448,5,5,16,2048
3,449,12,12,16,2048
3,450,15,15,16,2048
3,451,7,7,16,2048
3,452,13,13,16,2048
3,453,7,7,16,2048
3,454,2,2,16,2048
3,455,0,0,16,2048
3,456,2,2,16,2048
3,457,15,15,16,2048
3,458,7,7,16,2048
3,459,5,5,16,2048
3,460,7,7,16,2048
3,461,4,4,16,2048
3,462,13,13,16,2048
3,463,15,15,16,2048
3,464,1,1,16,2048
3,465,11,11,16,2048
3,466,5,5,16,2048
3,467,0,0,16,2048
3,468,14,14,16,2048
3,469,0,0,16,2048
3,470,3,3,16,2048
3,471,0,0,16,2048
3,472,7,7,16,2048
3,473,9,9,16,2048
3,474,5,5,16,2048
3,475,1,1,16,2048
3,476,1,1,16,2048
3,477,14,14,16,2048
3,478,12,4,16,2048
3,479,14,14,16,2048
3,480,8,8,16,2048
3,481,8,8,16,2048
3,482,12,12,16,2048
3,483,9,9,16,2048
3,484,6,6,16,2048
3,485,4,4,16,2048
3,486,7,7,16,2048
3,487,1,1,16,2048
3,488,3,3,16,2048
3,489,11,11,16,2048
3,490,13,13,16,2048
3,491,1,1,16,2048
3,492,1,1,16,2048
3,493,1,1,16,2048
3,494,12,12,16,2048
3,495,4,4,16,2048
3,496,5,5,16,2048
3,497,0,0,16,2048
3,498,15,15,16,2048
3,499,6,6,16,2048
3,500,12,12,16,2048
3,501,11,11,16,2048
3,502,2,4,16,2048
3,503,12,12,16,2048
3,504,8,8,16,2048
3,505,9,9,16,2048
3,506,3,3,16,2048
3,507,13,13,16,2048
3,508,14,14,16,2048
3,509,6,6,16,2048
3,510,1,1,16,2048
3,511,13,13,16,2048
3,512,14,14,16,2048
3,513,8,8,16,2048
3,514,9,9,16,2048
3,515,3,3,16,2048
3,516,1,1,16,2048
3,517,15,15,16,2048
3,518,7,7,16,2048
3,519,4,4,16,2048
3,520,11,11,16,2048
3,521,0,0,16,2048
3,522,1,1,16,2048
3,523,3,3,16,2048
3,524,7,7,16,2048
3,525,5,5,16,2048
3,526,2,2,16,2048
3,527,5,5,16,2048
3,528,5,5,16,2048
3,529,8,8,16,2048
3,530,9,9,16,2048
3,531,14,14,16,2048
3,532,12,12,16,2048
3,533,4,4,16,2048
3,534,14,14,16,2048
3,535,8,8,16,2048
3,536,3,3,16,2048
3,537,5,5,16,2048
3,538,11,11,16,2048
3,539,13,13,16,2048
3,540,5,5,16,2048
3,541,2,2,16,2048
3,542,3,3,16,2048
3,543,1,1,16,2048
3,544,11,11,16,2048
3,545,8,8,16,2048
3,546,7,7,16,2048
3,547,10,10,16,2048
3,548,13,13,16,2048
3,549,12,12,16,2048
3,550,2,2,16,2048
3,551,9,9,16,2048
3,552,14,14,16,2048
3,553,12,12,16,2048
3,554,5,5,16,2048
3,555,6,6,16,2048
3,556,14,14,16,2048
3,557,0,0,16,2048
3,558,8,8,16,2048
3,559,1,1,16,2048
3,560,14,14,16,2048
3,561,0,0,16,2048
3,562,0,0,16,2048
3,563,5,5,16,2048
3,564,3,3,16,2048
3,565,7,7,16,2048
3,566,4,4,16,2048
3,567,5,5,16,2048
3,568,9,9,16,2048
3,569,8,8,16,2048
3,570,14,14,16,2048
3,571,7,7,16,2048
3,572,9,9,16,2048
3,573,10,10,16,2048
3,574,2,2,16,2048
3,575,10,10,16,2048
3,576,13,13,16,2048
3,577,5,5,16,2048
3,578,2,2,16,2048
3,579,5,5,16,2048
3,580,4,4,16,2048
3,581,9,9,16,2048
3,582,13,13,16,2048
3,583,9,9,16,2048
3,584,2,2,16,2048
3,585,5,5,16,2048
3,586,11,11,16,2048
3,587,5,5,16,2048
3,588,9,9,16,2048
3,589,11,11,16,2048
3,590,5,5,16,2048
3,591,10,10,16,2048
3,592,6,6,16,2048
3,593,2,2,16,2048
3,594,5,5,16,2048
3,595,7,7,16,2048
3,596,0,0,16,2048
3,597,14,14,16,2048
3,598,8,8,16,2048
3,599,0,0,16,2048
3,600,13,13,16,2048
3,601,13,13,16,2048
3,602,0,0,16,2048
3,603,2,2,16,2048
3,604,5,5,16,2048
3,605,8,8,16,2048
3,606,11,11,16,2048
3,607,6,6,16,2048
3,608,9,9,16,2048
3,609,0,0,16,2048
3,610,10,10,16,2048
3,611,14,14,16,2048
3,612,8,8,16,2048
3,613,7,7,16,2048
3,614,4,4,16,2048
3,615,15,15,16,2048
3,616,0,0,16,2048
3,617,4,4,16,2048
3,618,2,2,16,2048
3,619,13,13,16,2048
3,620,7,7,16,2048
3,621,14,14,16,2048
3,622,10,10,16,2048
3,623,8,8,16,2048
3,624,8,8,16,2048
3,625,3,3,16,2048
3,626,8,8,16,2048
3,627,10,10,16,2048
3,628,15,15,16,2048
3,629,8,8,16,2048
3,630,15,15,16,2048
3,631,15,15,16,2048
3,632,8,8,16,2048
3,633,7,7,16,2048
3,634,2,2,16,2048
3,635,4,4,16,2048
3,636,14,14,16,2048
3,637,2,2,16,2048
3,638,6,6,16,2048
3,639,11,11,16,2048
3,640,3,3,16,2048
3,641,15,15,16,2048
3,642,10,10,16,2048
3,643,0,0,16,2048
3,644,3,3,16,2048
3,645,11,11,16,2048
3,646,13,13,16,2048
3,647,14,14,16,2048
3,648,13,13,16,2048
3,649,1,1,16,2048
3,650,11,11,16,2048
3,651,1,1,16,2048
3,652,1,1,16,2048
3,653,11,11,16,2048
3,654,7,7,16,2048
3,655,10,10,16,2048
3,656,13,13,16,2048
3,657,1,1,16,2048
3,658,8,11,16,2048
3,659,13,13,16,2048
3,660,7,7,16,2048
3,661,8,8,16,2048
3,662,7,7,16,2048
3,663,14,14,16,2048
3,664,0,0,16,2048
3,665,14,14,16,2048
3,666,13,13,16,2048
3,667,13,3,16,2048
3,668,6,6,16,2048
3,669,8,8,16,2048
3,670,5,5,16,2048
3,671,4,4,16,2048
3,672,14,14,16,2048
3,673,8,8,16,2048
3,674,11,11,16,2048
3,675,1,1,16,2048
3,676,12,12,16,2048
3,677,10,10,16,2048
3,678,15,15,16,2048
3,679,2,3,16,2048
3,680,8,8,16,2048
3,681,8,8,16,2048
3,682,8,8,16,2048
3,683,0,0,16,2048
3,684,7,7,16,2048
3,685,4,4,16,2048
3,686,9,9,16,2048
3,687,3,3,16,2048
3,688,6,6,16,2048
3,689,9,9,16,2048
3,690,1,1,16,2048
3,691,12,12,16,2048
3,692,11,11,16,2048
3,693,0,0,16,2048
3,694,1,1,16,2048
3,695,13,13,16,2048
3,696,4,4,16,2048
3,697,13,13,16,2048
3,698,7,7,16,2048
3,699,5,5,16,2048
3,700,4,4,16,2048
3,701,10,10,16,2048
3,702,1,1,16,2048
3,703,6,6,16,2048
3,704,5,5,16,2048
3,705,2,2,16,2048
3,706,5,5,16,2048
3,707,8,8,16,2048
3,708,10,10,16,2048
3,709,1,1,16,2048
3,710,13,13,16,2048
3,711,14,14,16,2048
3,712,11,11,16,2048
3,713,14,14,16,2048
3,714,6,6,16,2048
3,715,13,13,16,2048
3,716,11,11,16,2048
3,717,9,9,16,2048
3,718,2,2,16,2048
3,719,8,8,16,2048
3,720,14,14,16,2048
3,721,15,15,16,2048
3,722,7,7,16,2048
3,723,3,3,16,2048
3,724,11,11,16,2048
3,725,1,1,16,2048
3,726,2,2,16,2048
3,727,8,8,16,2048
3,728,15,15,16,2048
3,729,5,5,16,2048
3,730,7,7,16,2048
3,731,5,5,16,2048
3,732,7,7,16,2048
3,733,0,0,16,2048
3,734,9,9,16,2048
3,735,9,9,16,2048
3,736,5,5,16,2048
3,737,4,4,16,2048
3,738,12,12,16,2048
3,739,3,3,16,2048
3,740,0,0,16,2048
3,741,0,0,16,2048
3,742,14,14,16,2048
3,743,5,5,16,2048
3,744,1,1,16,2048
3,745,14,14,16,2048
3,746,2,2,16,2048
3,747,5,5,16,2048
3,748,0,0,16,2048
3,749,10,10,16,2048
3,750,11,11,16,2048
3,751,12,12,16,2048
3,752,4,4,16,2048
3,753,5,5,16,2048
3,754,15,15,16,2048
3,755,13,13,16,2048
3,756,0,0,16,2048
3,757,11,11,16,2048
3,758,13,13,16,2048
3,759,8,8,16,2048
3,760,10,10,16,2048
3,761,0,0,16,2048
3,762,0,0,16,2048
3,763,0,0,16,2048
3,764,2,2,16,2048
3,765,15,15,16,2048
3,766,10,10,16,2048
3,767,12,12,16,2048
3,768,4,4,16,2048
3,769,15,15,16,2048
3,770,3,3,16,2048
3,771,14,14,16,2048
3,772,0,0,16,2048
3,773,0,0,16,2048
3,774,1,1,16,2048
3,775,12,12,16,2048
3,776,4,4,16,2048
3,777,7,7,16,2048
3,778,7,7,16,2048
3,779,12,12,16,2048
3,780,5,5,16,2048
3,781,0,0,16,2048
3,782,6,6,16,2048
3,783,4,4,16,2048
3,784,11,11,16,2048
3,785,12,12,16,2048
3,786,1,5,16,2048
3,787,12,12,16,2048
3,788,1,1,16,2048
3,789,9,9,16,2048
3,790,6,6,16,2048
3,791,4,4,16,2048
3,792,7,7,16,2048
3,793,4,4,16,2048
3,794,12,12,16,2048
3,795,15,15,16,2048
3,796,13,13,16,2048
3,797,7,7,16,2048
3,798,8,8,16,2048
3,799,7,7,16,2048
3,800,12,12,16,2048
3,801,8,8,16,2048
3,802,7,7,16,2048
3,803,6,6,16,2048
3,804,6,6,16,2048
3,805,8,8,16,2048
3,806,11,11,16,2048
3,807,6,6,16,2048
3,808,12,12,16,2048
3,809,13,13,16,2048
3,810,6,6,16,2048
3,811,14,14,16,2048
3,812,2,2,16,2048
3,813,14,14,16,2048
3,814,4,4,16,2048
3,815,9,9,16,2048
3,816,4,4,16,2048
3,817,7,7,16,2048
3,818,5,5,16,2048
3,819,11,11,16,2048
3,820,1,1,16,2048
3,821,13,13,16,2048
3,822,14,14,16,2048
3,823,9,9,16,2048
3,824,8,8,16,2048
3,825,11,11,16,2048
3,826,3,3,16,2048
3,827,11,11,16,2048
3,828,3,3,16,2048
3,829,10,10,16,2048
3,830,4,4,16,2048
3,831,11,11,16,2048
3,832,12,12,16,2048
3,833,3,3,16,2048
3,834,9,9,16,2048
3,835,7,7,16,2048
3,836,4,4,16,2048
3,837,9,9,16,2048
3,838,15,15,16,2048
3,839,0,0,16,2048
3,840,15,15,16,2048
3,841,13,13,16,2048
3,842,8,8,16,2048
3,843,9,9,16,2048
3,844,5,5,16,2048
3,845,2,2,16,2048
3,846,9,9,16,2048
3,847,13,13,16,2048
3,848,3,3,16,2048
3,849,11,11,16,2048
3,850,11,11,16,2048
3,851,12,12,16,2048
3,852,5,5,16,2048
3,853,6,6,16,2048
3,854,6,6,16,2048
3,855,13,13,16,2048
3,856,14,14,16,2048
3,857,6,6,16,2048
3,858,15,15,16,2048
3,859,9,9,16,2048
3,860,6,6,16,2048
3,861,0,0,16,2048
3,862,9,9,16,2048
3,863,10,10,16,2048
3,864,15,15,16,2048
3,865,11,11,16,2048
3,866,0,0,16,2048
3,867,9,9,16,2048
3,868,11,11,16,2048
3,869,7,7,16,2048
3,870,6,6,16,2048
3,871,12,12,16,2048
3,872,9,9,16,2048
3,873,10,10,16,2048
3,874,7,7,16,2048
3,875,4,4,16,2048
3,876,8,8,16,2048
3,877,15,15,16,2048
3,878,9,9,16,2048
3,879,11,11,16,2048
3,880,1,1,16,2048
3,881,15,15,16,2048
3,882,3,3,16,2048
3,883,15,15,16,2048
3,884,7,7,16,2048
3,885,14,14,16,2048
3,886,14,14,16,2048
3,887,12,12,16,2048
3,888,14,14,16,2048
3,889,9,9,16,2048
3,890,13,13,16,2048
3,891,2,2,16,2048
3,892,1,1,16,2048
3,893,8,8,16,2048
3,894,12,12,16,2048
3,895,12,12,16,2048
3,896,8,8,16,2048
3,897,8,8,16,2048
3,898,9,9,16,2048
3,899,13,13,16,2048
3,900,13,13,16,2048
3,901,1,1,16,2048
3,902,9,9,16,2048
3,903,6,15,16,2048
3,904,12,12,16,2048
3,905,8,8,16,2048
3,906,15,15,16,2048
3,907,6,6,16,2048
3,908,10,10,16,2048
3,909,1,1,16,2048
3,910,14,14,16,2048
3,911,2,2,16,2048
3,912,6,6,16,2048
3,913,13,13,16,2048
3,914,15,15,16,2048
3,915,7,7,16,2048
3,916,7,7,16,2048
3,917,0,0,16,2048
3,918,15,15,16,2048
3,919,0,0,16,2048
3,920,0,0,16,2048
3,921,7,7,16,2048
3,922,0,0,16,2048
3,923,2,2,16,2048
3,924,10,10,16,2048
3,925,11,11,16,2048
3,926,4,10,16,2048
3,927,12,12,16,2048
3,928,9,9,16,2048
3,929,3,3,16,2048
3,930,11,11,16,2048
3,931,9,9,16,2048
3,932,12,12,16,2048
3,933,2,2,16,2048
3,934,3,3,16,2048
3,935,4,4,16,2048
3,936,5,5,16,2048
3,937,14,14,16,2048
3,938,11,11,16,2048
3,939,8,8,16,2048
3,940,8,8,16,2048
3,941,14,12,16,2048
3,942,7,7,16,2048
3,943,3,3,16,2048
3,944,2,2,16,2048
3,945,5,5,16,2048
3,946,10,10,16,2048
3,947,7,7,16,2048
3,948,6,6,16,2048
3,949,7,7,16,2048
3,950,15,15,16,2048
3,951,15,15,16,2048
3,952,2,2,16,2048
3,953,1,1,16,2048
3,954,3,3,16,2048
3,955,13,13,16,2048
3,956,7,9,16,2048
3,957,13,13,16,2048
3,958,10,10,16,2048
3,959,8,8,16,2048
3,960,4,4,16,2048
3,961,5,5,16,2048
3,962,2,2,16,2048
3,963,8,8,16,2048
3,964,4,4,16,2048
3,965,4,4,16,2048
3,966,0,0,16,2048
3,967,12,12,16,2048
3,968,15,15,16,2048
3,969,7,7,16,2048
3,970,8,8,16,2048
3,971,14,14,16,2048
3,972,8,8,16,2048
3,973,9,9,16,2048
3,974,6,6,16,2048
3,975,8,8,16,2048
3,976,8,8,16,2048
3,977,11,11,16,2048
3,978,9,9,16,2048
3,979,8,8,16,2048
3,980,1,1,16,2048
3,981,14,14,16,2048
3,982,14,14,16,2048
3,983,2,2,16,2048
3,984,4,4,16,2048
3,985,15,15,16,2048
3,986,5,5,16,2048
3,987,12,12,16,2048
3,988,12,12,16,2048
3,989,13,13,16,2048
3,990,0,0,16,2048
3,991,7,7,16,2048
3,992,9,9,16,2048
3,993,13,13,16,2048
3,994,3,3,16,2048
3,995,4,4,16,2048
3,996,2,2,16,2048
3,997,12,12,16,2048
3,998,15,15,16,2048
3,999,2,2,16,2048
3,1000,3,3,16,2048
3,1001,4,4,16,2048
3,1002,14,14,16,2048
3,1003,7,7,16,2048
3,1004,4,4,16,2048
3,1005,5,5,16,2048
3,1006,9,9,16,2048
3,1007,6,6,16,2048
3,1008,2,2,16,2048
3,1009,13,13,16,2048
3,1010,6,6,16,2048
3,1011,4,4,16,2048
3,1012,11,11,16,2048
3,1013,11,11,16,2048
3,1014,2,2,16,2048
3,1015,1,1,16,2048
3,1016,0,0,16,2048
3,1017,12,12,16,2048
3,1018,10,10,16,2048
3,1019,12,12,16,2048
3,1020,10,10,16,2048
3,1021,6,6,16,2048
3,1022,9,9,16,2048
3,1023,11,11,16,2048
3,1024,6,6,16,2048
3,1025,14,14,16,2048
3,1026,14,14,16,2048
3,1027,12,12,16,2048
3,1028,15,15,16,2048
3,1029,6,6,16,2048
3,1030,1,1,16,2048
3,1031,7,7,16,2048
3,1032,11,11,16,2048
3,1033,12,12,16,2048
3,1034,6,6,16,2048
3,1035,4,4,16,2048
3,1036,7,7,16,2048
3,1037,12,12,16,2048
3,1038,0,0,16,2048
3,1039,5,5,16,2048
3,1040,3,3,16,2048
3,1041,12,12,16,2048
3,1042,7,7,16,2048
3,1043,1,1,16,2048
3,1044,4,4,16,2048
3,1045,0,0,16,2048
3,1046,7,7,16,2048
3,1047,15,15,16,2048
3,1048,9,9,16,2048
3,1049,13,13,16,2048
3,1050,11,11,16,2048
3,1051,14,14,16,2048
3,1052,4,4,16,2048
3,1053,15,15,16,2048
3,1054,3,3,16,2048
3,1055,7,7,16,2048
3,1056,10,10,16,2048
3,1057,4,4,16,2048
3,1058,4,4,16,2048
3,1059,2,2,16,2048
3,1060,0,0,16,2048
3,1061,8,8,16,2048
3,1062,15,15,16,2048
3,1063,3,3,16,2048
3,1064,7,7,16,2048
3,1065,14,14,16,2048
3,1066,12,12,16,2048
3,1067,0,0,16,2048
3,1068,8,3,16,2048
3,1069,2,2,16,2048
3,1070,3,3,16,2048
3,1071,3,3,16,2048
3,1072,9,9,16,2048
3,1073,3,3,16,2048
3,1074,4,4,16,2048
3,1075,3,3,16,2048
3,1076,5,5,16,2048
3,1077,10,3,16,2048
3,1078,6,6,16,2048
3,1079,5,5,16,2048
3,1080,8,8,16,2048
3,1081,9,9,16,2048
3,1082,0,0,16,2048
3,1083,14,14,16,2048
3,1084,14,14,16,2048
3,1085,9,9,16,2048
3,1086,9,9,16,2048
3,1087,11,11,16,2048
3,1088,7,7,16,2048
3,1089,5,5,16,2048
3,1090,5,5,16,2048
3,1091,2,2,16,2048
3,1092,13,13,16,2048
3,1093,5,5,16,2048
3,1094,4,4,16,2048
3,1095,15,15,16,2048
3,1096,8,8,16,2048
3,1097,9,9,16,2048
3,1098,3,3,16,2048
3,1099,4,4,16,2048
3,1100,11,11,16,2048
3,1101,7,7,16,2048
3,1102,2,2,16,2048
3,1103,13,13,16,2048
3,1104,6,6,16,2048
3,1105,10,10,16,2048
3,1106,5,5,16,2048
3,1107,8,8,16,2048
3,1108,12,12,16,2048
3,1109,14,14,16,2048
3,1110,3,3,16,2048
3,1111,10,10,16,2048
3,1112,14,14,16,2048
3,1113,10,10,16,2048
3,1114,2,2,16,2048
3,1115,3,3,16,2048
3,1116,3,3,16,2048
3,1117,1,1,16,2048
3,1118,12,12,16,2048
3,1119,15,15,16,2048
3,1120,8,8,16,2048
3,1121,9,9,16,2048
3,1122,12,12,16,2048
3,1123,6,6,16,2048
3,1124,7,7,16,2048
3,1125,9,9,16,2048
3,1126,4,4,16,2048
3,1127,0,0,16,2048
3,1128,9,9,16,2048
3,1129,13,13,16,2048
3,1130,1,1,16,2048
3,1131,3,3,16,2048
3,1132,4,4,16,2048
3,1133,12,12,16,2048
3,1134,8,8,16,2048
3,1135,8,8,16,2048
3,1136,10,10,16,2048
3,1137,4,4,16,2048
3,1138,11,11,16,2048
3,1139,0,0,16,2048
3,1140,1,1,16,2048
3,1141,13,13,16,2048
3,1142,10,10,16,2048
3,1143,2,2,16,2048
3,1144,7,7,16,2048
3,1145,0,0,16,2048
3,1146,10,10,16,2048
3,1147,12,12,16,2048
3,1148,4,4,16,2048
3,1149,5,5,16,2048
3,1150,3,3,16,2048
3,1151,6,6,16,2048
3,1152,4,4,16,2048
3,1153,3,3,16,2048
3,1154,6,6,16,2048
3,1155,13,13,16,2048
3,1156,12,12,16,2048
3,1157,4,4,16,2048
3,1158,15,15,16,2048
3,1159,3,3,16,2048
3,1160,14,14,16,2048
3,1161,4,4,16,2048
3,1162,8,8,16,2048
3,1163,3,3,16,2048
3,1164,12,12,16,2048
3,1165,5,5,16,2048
3,1166,13,13,16,2048
3,1167,1,1,16,2048
3,1168,8,8,16,2048
3,1169,2,2,16,2048
3,1170,14,14,16,2048
3,1171,6,6,16,2048
3,1172,10,10,16,2048
3,1173,14,14,16,2048
3,1174,8,8,16,2048
3,1175,0,0,16,2048
3,1176,3,3,16,2048
3,1177,3,3,16,2048
3,1178,14,14,16,2048
3,1179,14,14,16,2048
3,1180,7,7,16,2048
3,1181,14,14,16,2048
3,1182,3,3,16,2048
3,1183,10,10,16,2048
3,1184,6,6,16,2048
3,1185,3,3,16,2048
3,1186,4,4,16,2048
3,1187,6,6,16,2048
3,1188,5,5,16,2048
3,1189,3,3,16,2048
3,1190,5,5,16,2048
3,1191,2,2,16,2048
3,1192,15,15,16,2048
3,1193,6,6,16,2048
3,1194,1,1,16,2048
3,1195,9,9,16,2048
3,1196,14,14,16,2048
3,1197,5,5,16,2048
3,1198,13,13,16,2048
3,1199,9,9,16,2048
3,1200,11,11,16,2048
3,1201,4,4,16,2048
3,1202,0,0,16,2048
3,1203,5,5,16,2048
3,1204,14,14,16,2048
3,1205,12,6,16,2048
3,1206,12,12,16,2048
3,1207,14,14,16,2048
3,1208,5,5,16,2048
3,1209,5,5,16,2048
3,1210,14,14,16,2048
3,1211,9,9,16,2048
3,1212,4,4,16,2048
3,1213,4,4,16,2048
3,1214,14,14,16,2048
3,1215,0,11,16,2048
3,1216,0,0,16,2048
3,1217,11,11,16,2048
3,1218,0,0,16,2048
3,1219,2,3,16,2048
3,1220,15,15,16,2048
3,1221,6,6,16,2048
3,1222,11,11,16,2048
3,1223,7,7,16,2048
3,1224,1,1,16,2048
3,1225,2,2,16,2048
3,1226,12,12,16,2048
3,1227,1,1,16,2048
3,1228,9,9,16,2048
3,1229,5,5,16,2048
3,1230,5,5,16,2048
3,1231,15,15,16,2048
3,1232,9,9,16,2048
3,1233,9,9,16,2048
3,1234,5,5,16,2048
3,1235,6,2,16,2048
3,1236,10,10,16,2048
3,1237,0,0,16,2048
3,1238,3,3,16,2048
3,1239,9,9,16,2048
3,1240,9,9,16,2048
3,1241,1,1,16,2048
3,1242,12,12,16,2048
3,1243,8,8,16,2048
3,1244,3,3,16,2048
3,1245,12,12,16,2048
3,1246,15,15,16,2048
3,1247,6,6,16,2048
3,1248,4,4,16,2048
3,1249,4,4,16,2048
3,1250,9,9,16,2048
3,1251,0,5,16,2048
3,1252,7,1,16,2048
3,1253,0,0,16,2048
3,1254,0,0,16,2048
3,1255,6,6,16,2048
3,1256,11,0,16,2048
3,1257,14,14,16,2048
3,1258,1,1,16,2048
3,1259,3,3,16,2048
3,1260,6,6,16,2048
3,1261,9,9,16,2048
3,1262,15,15,16,2048
3,1263,10,10,16,2048
3,1264,8,8,16,2048
3,1265,0,0,16,2048
3,1266,1,1,16,2048
3,1267,2,8,16,2048
3,1268,10,10,16,2048
3,1269,5,5,16,2048
3,1270,3,3,16,2048
3,1271,10,10,16,2048
3,1272,13,13,16,2048
3,1273,7,7,16,2048
3,1274,14,14,16,2048
3,1275,11,11,16,2048
3,1276,11,11,16,2048
3,1277,13,13,16,2048
3,1278,2,2,16,2048
3,1279,12,12,16,2048
3,1280,15,15,16,2048
3,1281,15,15,16,2048
3,1282,9,9,16,2048
3,1283,12,7,16,2048
3,1284,14,14,16,2048
3,1285,13,13,16,2048
3,1286,14,14,16,2048
3,1287,13,13,16,2048
3,1288,6,6,16,2048
3,1289,11,11,16,2048
3,1290,6,6,16,2048
3,1291,12,12,16,2048
3,1292,12,12,16,2048
3,1293,14,14,16,2048
3,1294,9,9,16,2048
3,1295,7,7,16,2048
3,1296,2,2,16,2048
3,1297,10,10,16,2048
3,1298,9,9,16,2048
3,1299,8,8,16,2048
3,1300,10,10,16,2048
3,1301,13,13,16,2048
3,1302,2,2,16,2048
3,1303,6,6,16,2048
3,1304,11,11,16,2048
3,1305,13,13,16,2048
3,1306,12,12,16,2048
3,1307,12,12,16,2048
3,1308,13,13,16,2048
3,1309,15,15,16,2048
3,1310,9,9,16,2048
3,1311,3,3,16,2048
3,1312,9,9,16,2048
3,1313,11,11,16,2048
3,1314,1,1,16,2048
3,1315,12,12,16,2048
3,1316,8,8,16,2048
3,1317,14,14,16,2048
3,1318,3,3,16,2048
3,1319,14,14,16,2048
3,1320,7,7,16,2048
3,1321,9,9,16,2048
3,1322,10,10,16,2048
3,1323,9,9,16,2048
3,1324,14,14,16,2048
3,1325,2,2,16,2048
3,1326,11,11,16,2048
3,1327,15,15,16,2048
3,1328,3,3,16,2048
3,1329,4,4,16,2048
3,1330,7,7,16,2048
3,1331,11,11,16,2048
3,1332,15,15,16,2048
3,1333,12,12,16,2048
3,1334,12,12,16,2048
3,1335,7,7,16,2048
3,1336,10,10,16,2048
3,1337,3,3,16,2048
3,1338,7,7,16,2048
3,1339,3,3,16,2048
3,1340,0,0,16,2048
3,1341,13,13,16,2048
3,1342,12,12,16,2048
3,1343,8,8,16,2048
3,1344,0,0,16,2048
3,1345,1,1,16,2048
3,1346,1,1,16,2048
3,1347,11,11,16,2048
3,1348,3,3,16,2048
3,1349,4,4,16,2048
3,1350,13,13,16,2048
3,1351,14,14,16,2048
3,1352,12,12,16,2048
3,1353,4,4,16,2048
3,1354,9,9,16,2048
3,1355,3,3,16,2048
3,1356,13,13,16,2048
3,1357,1,1,16,2048
3,1358,11,11,16,2048
3,1359,8,8,16,2048
3,1360,12,12,16,2048
3,1361,7,7,16,2048
3,1362,2,2,16,2048
3,1363,12,12,16,2048
3,1364,10,10,16,2048
3,1365,7,7,16,2048
3,1366,5,5,16,2048
3,1367,5,5,16,2048
3,1368,7,7,16,2048
3,1369,4,3,16,2048
3,1370,4,4,16,2048
3,1371,4,4,16,2048
3,1372,0,0,16,2048
3,1373,14,14,16,2048
3,1374,3,3,16,2048
3,1375,2,2,16,2048
3,1376,2,2,16,2048
3,1377,15,15,16,2048
3,1378,7,7,16,2048
3,1379,5,5,16,2048
3,1380,6,6,16,2048
3,1381,1,1,16,2048
3,1382,5,5,16,2048
3,1383,3,3,16,2048
3,1384,12,12,16,2048
3,1385,0,0,16,2048
3,1386,6,6,16,2048
3,1387,12,12,16,2048
3,1388,13,13,16,2048
3,1389,8,8,16,2048
3,1390,3,3,16,2048
3,1391,5,5,16,2048
3,1392,3,3,16,2048
3,1393,10,10,16,2048
3,1394,4,4,16,2048
3,1395,10,10,16,2048
3,1396,10,10,16,2048
3,1397,15,15,16,2048
3,1398,5,5,16,2048
3,1399,15,15,16,2048
3,1400,6,6,16,2048
3,1401,10,10,16,2048
3,1402,10,10,16,2048
3,1403,13,13,16,2048
3,1404,7,7,16,2048
3,1405,12,12,16,2048
3,1406,5,5,16,2048
3,1407,7,7,16,2048
3,1408,7,7,16,2048
3,1409,11,11,16,2048
3,1410,9,9,16,2048
3,1411,1,1,16,2048
3,1412,12,12,16,2048
3,1413,12,12,16,2048
3,1414,1,1,16,2048
3,1415,15,15,16,2048
3,1416,10,10,16,2048
3,1417,1,1,16,2048
3,1418,7,7,16,2048
3,1419,13,13,16,2048
3,1420,4,4,16,2048
3,1421,14,14,16,2048
3,1422,6,6,16,2048
3,1423,3,3,16,2048
3,1424,5,5,16,2048
3,1425,8,8,16,2048
3,1426,11,11,16,2048
3,1427,14,14,16,2048
3,1428,3,3,16,2048
3,1429,15,15,16,2048
3,1430,8,8,16,2048
3,1431,2,2,16,2048
3,1432,14,14,16,2048
3,1433,5,5,16,2048
3,1434,9,7,16,2048
3,1435,11,11,16,2048
3,1436,0,0,16,2048
3,1437,3,3,16,2048
3,1438,10,10,16,2048
3,1439,5,5,16,2048
3,1440,0,0,16,2048
3,1441,0,0,16,2048
3,1442,13,13,16,2048
3,1443,2,2,16,2048
3,1444,1,1,16,2048
3,1445,8,8,16,2048
3,1446,1,1,16,2048
3,1447,10,10,16,2048
3,1448,8,8,16,2048
3,1449,10,10,16,2048
3,1450,7,7,16,2048
3,1451,12,12,16,2048
3,1452,10,10,16,2048
3,1453,6,6,16,2048
3,1454,0,0,16,2048
3,1455,4,4,16,2048
3,1456,2,2,16,2048
3,1457,0,0,16,2048
3,1458,4,4,16,2048
3,1459,3,3,16,2048
3,1460,1,1,16,2048
3,1461,4,4,16,2048
3,1462,8,8,16,2048
3,1463,2,2,16,2048
3,1464,4,4,16,2048
3,1465,0,0,16,2048
3,1466,0,0,16,2048
3,1467,2,2,16,2048
3,1468,7,7,16,2048
3,1469,10,10,16,2048
3,1470,12,12,16,2048
3,1471,10,10,16,2048
3,1472,9,9,16,2048
3,1473,14,14,16,2048
3,1474,4,4,16,2048
3,1475,12,12,16,2048
3,1476,14,14,16,2048
3,1477,9,9,16,2048
3,1478,13,13,16,2048
3,1479,2,2,16,2048
3,1480,14,14,16,2048
3,1481,9,9,16,2048
3,1482,3,3,16,2048
3,1483,0,0,16,2048
3,1484,11,11,16,2048
3,1485,6,6,16,2048
3,1486,4,4,16,2048
3,1487,6,6,16,2048
3,1488,15,15,16,2048
3,1489,6,6,16,2048
3,1490,1,1,16,2048
3,1491,4,4,16,2048
3,1492,2,2,16,2048
3,1493,10,10,16,2048
3,1494,12,12,16,2048
3,1495,13,13,16,2048
3,1496,10,10,16,2048
3,1497,12,12,16,2048
3,1498,6,6,16,2048
3,1499,10,10,16,2048
3,1500,1,1,16,2048
3,1501,8,8,16,2048
3,1502,8,8,16,2048
3,1503,0,0,16,2048
3,1504,8,8,16,2048
3,1505,11,11,16,2048
3,1506,5,5,16,2048
3,1507,8,8,16,2048
3,1508,4,4,16,2048
3,1509,4,4,16,2048
3,1510,2,2,16,2048
3,1511,5,5,16,2048
3,1512,12,12,16,2048
3,1513,14,14,16,2048
3,1514,10,10,16,2048
3,1515,9,9,16,2048
3,1516,9,9,16,2048
3,1517,7,7,16,2048
3,1518,6,6,16,2048
3,1519,9,9,16,2048
3,1520,12,12,16,2048
3,1521,6,6,16,2048
3,1522,9,9,16,2048
3,1523,7,7,16,2048
3,1524,4,4,16,2048
3,1525,4,4,16,2048
3,1526,1,1,16,2048
3,1527,7,7,16,2048
3,1528,11,6,16,2048
3,1529,10,10,16,2048
3,1530,15,15,16,2048
3,1531,0,0,16,2048
3,1532,12,12,16,2048
3,1533,12,12,16,2048
3,1534,6,6,16,2048
3,1535,4,13,16,2048
3,1536,5,13,16,2048
3,1537,10,10,16,2048
3,1538,13,13,16,2048
3,1539,10,10,16,2048
3,1540,8,8,16,2048
3,1541,10,10,16,2048
3,1542,1,1,16,2048
3,1543,9,9,16,2048
3,1544,0,0,16,2048
3,1545,15,14,16,2048
3,1546,14,14,16,2048
3,1547,8,8,16,2048
3,1548,5,5,16,2048
3,1549,11,11,16,2048
3,1550,10,10,16,2048
3,1551,11,11,16,2048
3,1552,8,8,16,2048
3,1553,3,3,16,2048
3,1554,1,1,16,2048
3,1555,4,4,16,2048
3,1556,8,8,16,2048
3,1557,6,6,16,2048
3,1558,8,8,16,2048
3,1559,4,4,16,2048
3,1560,15,15,16,2048
3,1561,5,5,16,2048
3,1562,13,13,16,2048
3,1563,6,6,16,2048
3,1564,7,7,16,2048
3,1565,9,9,16,2048
3,1566,4,4,16,2048
3,1567,3,3,16,2048
3,1568,6,6,16,2048
3,1569,12,12,16,2048
3,1570,2,2,16,2048
3,1571,7,7,16,2048
3,1572,10,10,16,2048
3,1573,11,11,16,2048
3,1574,6,6,16,2048
3,1575,1,1,16,2048
3,1576,0,0,16,2048
3,1577,7,7,16,2048
3,1578,12,12,16,2048
3,1579,0,0,16,2048
3,1580,14,14,16,2048
3,1581,10,10,16,2048
3,1582,0,0,16,2048
3,1583,5,5,16,2048
3,1584,3,3,16,2048
3,1585,15,15,16,2048
3,1586,8,8,16,2048
3,1587,5,5,16,2048
3,1588,4,4,16,2048
3,1589,9,9,16,2048
3,1590,0,0,16,2048
3,1591,4,4,16,2048
3,1592,2,2,16,2048
3,1593,9,9,16,2048
3,1594,10,10,16,2048
3,1595,7,7,16,2048
3,1596,2,2,16,2048
3,1597,5,5,16,2048
3,1598,13,13,16,2048
3,1599,3,7,16,2048
3,1600,2,2,16,2048
3,1601,1,1,16,2048
3,1602,13,13,16,2048
3,1603,1,1,16,2048
3,1604,9,9,16,2048
3,1605,15,15,16,2048
3,1606,10,10,16,2048
3,1607,6,6,16,2048
3,1608,3,3,16,2048
3,1609,0,0,16,2048
3,1610,2,2,16,2048
3,1611,15,15,16,2048
3,1612,2,2,16,2048
3,1613,0,0,16,2048
3,1614,13,13,16,2048
3,1615,6,6,16,2048
3,1616,5,5,16,2048
3,1617,11,11,16,2048
3,1618,8,8,16,2048
3,1619,14,14,16,2048
3,1620,7,7,16,2048
3,1621,11,11,16,2048
3,1622,14,14,16,2048
3,1623,7,7,16,2048
3,1624,4,4,16,2048
3,1625,15,15,16,2048
3,1626,3,3,16,2048
3,1627,0,0,16,2048
3,1628,9,9,16,2048
3,1629,15,15,16,2048
3,1630,1,1,16,2048
3,1631,13,13,16,2048
3,1632,13,13,16,2048
3,1633,14,13,16,2048
3,1634,6,6,16,2048
3,1635,4,4,16,2048
3,1636,8,8,16,2048
3,1637,2,2,16,2048
3,1638,13,13,16,2048
3,1639,10,10,16,2048
3,1640,7,7,16,2048
3,1641,8,8,16,2048
3,1642,11,11,16,2048
3,1643,8,8,16,2048
3,1644,13,13,16,2048
3,1645,14,14,16,2048
3,1646,15,15,16,2048
3,1647,9,9,16,2048
3,1648,11,11,16,2048
3,1649,4,14,16,2048
3,1650,0,0,16,2048
3,1651,6,6,16,2048
3,1652,13,13,16,2048
3,1653,2,2,16,2048
3,1654,8,8,16,2048
3,1655,3,3,16,2048
3,1656,6,6,16,2048
3,1657,2,2,16,2048
3,1658,11,11,16,2048
3,1659,12,12,16,2048
3,1660,12,12,16,2048
3,1661,11,11,16,2048
3,1662,3,3,16,2048
3,1663,8,8,16,2048
3,1664,1,1,16,2048
3,1665,5,5,16,2048
3,1666,8,8,16,2048
3,1667,10,10,16,2048
3,1668,1,1,16,2048
3,1669,13,13,16,2048
3,1670,7,7,16,2048
3,1671,14,14,16,2048
3,1672,8,8,16,2048
3,1673,8,8,16,2048
3,1674,11,11,16,2048
3,1675,13,13,16,2048
3,1676,2,2,16,2048
3,1677,8,8,16,2048
3,1678,0,0,16,2048
3,1679,7,7,16,2048
3,1680,13,13,16,2048
3,1681,13,13,16,2048
3,1682,4,4,16,2048
3,1683,6,6,16,2048
3,1684,8,8,16,2048
3,1685,6,6,16,2048
3,1686,2,2,16,2048
3,1687,4,4,16,2048
3,1688,6,6,16,2048
3,1689,8,8,16,2048
3,1690,14,14,16,2048
3,1691,8,8,16,2048
3,1692,6,6,16,2048
3,1693,10,10,16,2048
3,1694,12,12,16,2048
3,1695,6,6,16,2048
3,1696,7,7,16,2048
3,1697,3,3,16,2048
3,1698,13,13,16,2048
3,1699,13,13,16,2048
3,1700,2,2,16,2048
3,1701,5,5,16,2048
3,1702,4,4,16,2048
3,1703,14,14,16,2048
3,1704,1,1,16,2048
3,1705,3,3,16,2048
3,1706,5,5,16,2048
3,1707,8,8,16,2048
3,1708,3,3,16,2048
3,1709,8,8,16,2048
3,1710,11,11,16,2048
3,1711,13,13,16,2048
3,1712,1,1,16,2048
3,1713,2,2,16,2048
3,1714,1,1,16,2048
3,1715,14,14,16,2048
3,1716,10,10,16,2048
3,1717,8,8,16,2048
3,1718,12,12,16,2048
3,1719,9,9,16,2048
3,1720,3,3,16,2048
3,1721,8,8,16,2048
3,1722,11,11,16,2048
3,1723,0,0,16,2048
3,1724,9,9,16,2048
3,1725,7,7,16,2048
3,1726,1,1,16,2048
3,1727,4,4,16,2048
3,1728,7,7,16,2048
3,1729,5,5,16,2048
3,1730,4,4,16,2048
3,1731,10,10,16,2048
3,1732,6,6,16,2048
3,1733,7,7,16,2048
3,1734,12,12,16,2048
3,1735,1,1,16,2048
3,1736,5,5,16,2048
3,1737,1,1,16,2048
3,1738,14,14,16,2048
3,1739,2,2,16,2048
3,1740,13,13,16,2048
3,1741,3,3,16,2048
3,1742,5,5,16,2048
3,1743,9,9,16,2048
3,1744,13,13,16,2048
3,1745,2,2,16,2048
3,1746,3,3,16,2048
3,1747,14,14,16,2048
3,1748,5,5,16,2048
3,1749,3,3,16,2048
3,1750,11,11,16,2048
3,1751,1,1,16,2048
3,1752,13,13,16,2048
3,1753,14,14,16,2048
3,1754,13,13,16,2048
3,1755,4,4,16,2048
3,1756,1,1,16,2048
3,1757,6,6,16,2048
3,1758,5,5,16,2048
3,1759,15,15,16,2048
3,1760,10,10,16,2048
3,1761,15,15,16,2048
3,1762,12,12,16,2048
3,1763,11,11,16,2048
3,1764,1,1,16,2048
3,1765,1,1,16,2048
3,1766,0,0,16,2048
3,1767,9,9,16,2048
3,1768,3,3,16,2048
3,1769,15,15,16,2048
3,1770,2,2,16,2048
3,1771,15,15,16,2048
3,1772,10,10,16,2048
3,1773,1,1,16,2048
3,1774,0,0,16,2048
3,1775,6,6,16,2048
3,1776,5,5,16,2048
3,1777,5,5,16,2048
3,1778,8,8,16,2048
3,1779,2,2,16,2048
3,1780,2,2,16,2048
3,1781,11,11,16,2048
3,1782,15,15,16,2048
3,1783,4,14,16,2048
3,1784,14,14,16,2048
3,1785,5,5,16,2048
3,1786,5,5,16,2048
3,1787,1,1,16,2048
3,1788,6,6,16,2048
3,1789,7,7,16,2048
3,1790,10,10,16,2048
3,1791,2,2,16,2048
3,1792,3,3,16,2048
3,1793,6,6,16,2048
3,1794,1,1,16,2048
3,1795,2,2,16,2048
3,1796,10,10,16,2048
3,1797,15,15,16,2048
3,1798,9,9,16,2048
3,1799,2,2,16,2048
3,1800,15,15,16,2048
3,1801,8,8,16,2048
3,1802,11,11,16,2048
3,1803,3,3,16,2048
3,1804,9,9,16,2048
3,1805,1,1,16,2048
3,1806,10,10,16,2048
3,1807,3,3,16,2048
3,1808,14,14,16,2048
3,1809,0,0,16,2048
3,1810,10,10,16,2048
3,1811,2,2,16,2048
3,1812,10,10,16,2048
3,1813,7,7,16,2048
3,1814,15,15,16,2048
3,1815,10,10,16,2048
3,1816,5,5,16,2048
3,1817,1,1,16,2048
3,1818,9,9,16,2048
3,1819,7,7,16,2048
3,1820,0,0,16,2048
3,1821,9,9,16,2048
3,1822,3,3,16,2048
3,1823,3,3,16,2048
3,1824,0,0,16,2048
3,1825,5,5,16,2048
3,1826,3,3,16,2048
3,1827,1,1,16,2048
3,1828,6,6,16,2048
3,1829,3,3,16,2048
3,1830,2,2,16,2048
3,1831,7,7,16,2048
3,1832,1,1,16,2048
3,1833,15,15,16,2048
3,1834,7,7,16,2048
3,1835,15,15,16,2048
3,1836,14,14,16,2048
3,1837,15,15,16,2048
3,1838,8,8,16,2048
3,1839,6,6,16,2048
3,1840,11,11,16,2048
3,1841,1,1,16,2048
3,1842,13,13,16,2048
3,1843,5,5,16,2048
3,1844,0,0,16,2048
3,1845,3,3,16,2048
3,1846,3,3,16,2048
3,1847,0,0,16,2048
3,1848,10,10,16,2048
3,1849,1,1,16,2048
3,1850,13,13,16,2048
3,1851,7,7,16,2048
3,1852,11,11,16,2048
3,1853,5,5,16,2048
3,1854,2,2,16,2048
3,1855,2,2,16,2048
3,1856,10,10,16,2048
3,1857,11,11,16,2048
3,1858,4,4,16,2048
3,1859,5,5,16,2048
3,1860,15,15,16,2048
3,1861,13,13,16,2048
3,1862,6,6,16,2048
3,1863,3,3,16,2048
3,1864,4,4,16,2048
3,1865,8,8,16,2048
3,1866,9,9,16,2048
3,1867,2,2,16,2048
3,1868,1,1,16,2048
3,1869,7,0,16,2048
3,1870,12,12,16,2048
3,1871,2,2,16,2048
3,1872,6,6,16,2048
3,1873,2,2,16,2048
3,1874,3,3,16,2048
3,1875,9,9,16,2048
3,1876,4,4,16,2048
3,1877,4,4,16,2048
3,1878,15,15,16,2048
3,1879,2,2,16,2048
3,1880,3,3,16,2048
3,1881,14,14,16,2048
3,1882,8,8,16,2048
3,1883,0,0,16,2048
3,1884,6,6,16,2048
3,1885,9,9,16,2048
3,1886,4,4,16,2048
3,1887,8,8,16,2048
3,1888,10,10,16,2048
3,1889,4,4,16,2048
3,1890,12,12,16,2048
3,1891,7,7,16,2048
3,1892,15,15,16,2048
3,1893,1,1,16,2048
3,1894,5,5,16,2048
3,1895,11,11,16,2048
3,1896,14,14,16,2048
3,1897,3,3,16,2048
3,1898,15,15,16,2048
3,1899,3,3,16,2048
3,1900,6,6,16,2048
3,1901,5,5,16,2048
3,1902,6,6,16,2048
3,1903,14,14,16,2048
3,1904,11,11,16,2048
3,1905,12,12,16,2048
3,1906,4,4,16,2048
3,1907,15,15,16,2048
3,1908,6,6,16,2048
3,1909,10,10,16,2048
3,1910,11,11,16,2048
3,1911,10,10,16,2048
3,1912,9,9,16,2048
3,1913,7,7,16,2048
3,1914,10,10,16,2048
3,1915,14,14,16,2048
3,1916,6,6,16,2048
3,1917,8,8,16,2048
3,1918,2,2,16,2048
3,1919,5,5,16,2048
3,1920,12,9,16,2048
3,1921,10,10,16,2048
3,1922,3,3,16,2048
3,1923,8,8,16,2048
3,1924,12,12,16,2048
3,1925,1,1,16,2048
3,1926,0,0,16,2048
3,1927,6,6,16,2048
3,1928,10,10,16,2048
3,1929,5,5,16,2048
3,1930,13,13,16,2048
3,1931,13,13,16,2048
3,1932,8,8,16,2048
3,1933,6,6,16,2048
3,1934,0,0,16,2048
3,1935,13,13,16,2048
3,1936,14,14,16,2048
3,1937,7,7,16,2048
3,1938,8,8,16,2048
3,1939,12,12,16,2048
3,1940,11,11,16,2048
3,1941,2,2,16,2048
3,1942,10,10,16,2048
3,1943,14,14,16,2048
3,1944,12,12,16,2048
3,1945,7,7,16,2048
3,1946,8,3,16,2048
3,1947,4,4,16,2048
3,1948,10,10,16,2048
3,1949,3,3,16,2048
3,1950,5,5,16,2048
3,1951,4,4,16,2048
3,1952,5,5,16,2048
3,1953,5,5,16,2048
3,1954,1,1,16,2048
3,1955,11,11,16,2048
3,1956,7,7,16,2048
3,1957,15,15,16,2048
3,1958,2,2,16,2048
3,1959,10,10,16,2048
3,1960,2,2,16,2048
3,1961,8,8,16,2048
3,1962,7,7,16,2048
3,1963,7,7,16,2048
3,1964,10,10,16,2048
3,1965,13,13,16,2048
3,1966,5,5,16,2048
3,1967,13,13,16,2048
3,1968,2,2,16,2048
3,1969,4,4,16,2048
3,1970,4,4,16,2048
3,1971,15,15,16,2048
3,1972,1,1,16,2048
3,1973,6,6,16,2048
3,1974,6,6,16,2048
3,1975,12,12,16,2048
3,1976,7,7,16,2048
3,1977,15,15,16,2048
3,1978,11,11,16,2048
3,1979,11,11,16,2048
3,1980,12,12,16,2048
3,1981,2,2,16,2048
3,1982,7,7,16,2048
3,1983,9,9,16,2048
3,1984,3,3,16,2048
3,1985,1,1,16,2048
3,1986,2,4,16,2048
3,1987,12,12,16,2048
3,1988,10,10,16,2048
3,1989,4,4,16,2048
3,1990,11,11,16,2048
3,1991,11,11,16,2048
3,1992,13,13,16,2048
3,1993,14,14,16,2048
3,1994,14,14,16,2048
3,1995,2,2,16,2048
3,1996,12,12,16,2048
3,1997,6,6,16,2048
3,1998,6,6,16,2048
3,1999,10,10,16,2048
3,2000,9,9,16,2048
3,2001,6,6,16,2048
3,2002,15,15,16,2048
3,2003,2,2,16,2048
3,2004,1,1,16,2048
3,2005,0,0,16,2048
3,2006,13,13,16,2048
3,2007,6,6,16,2048
3,2008,6,6,16,2048
3,2009,10,10,16,2048
3,2010,6,6,16,2048
3,2011,9,9,16,2048
3,2012,0,0,16,2048
3,2013,2,14,16,2048
3,2014,14,14,16,2048
3,2015,7,7,16,2048
3,2016,2,2,16,2048
3,2017,5,0,16,2048
3,2018,5,5,16,2048
3,2019,4,4,16,2048
3,2020,4,4,16,2048
3,2021,11,11,16,2048
3,2022,1,1,16,2048
3,2023,4,4,16,2048
3,2024,7,7,16,2048
3,2025,8,8,16,2048
3,2026,14,14,16,2048
3,2027,14,14,16,2048
3,2028,4,4,16,2048
3,2029,8,8,16,2048
3,2030,0,0,16,2048
3,2031,9,9,16,2048
3,2032,2,2,16,2048
3,2033,1,1,16,2048
3,2034,10,10,16,2048
3,2035,2,2,16,2048
3,2036,7,7,16,2048
3,2037,1,1,16,2048
3,2038,11,11,16,2048
3,2039,12,12,16,2048
3,2040,9,9,16,2048
3,2041,13,13,16,2048
3,2042,6,6,16,2048
3,2043,2,2,16,2048
3,2044,2,2,16,2048
3,2045,3,3,16,2048
3,2046,3,3,16,2048
3,2047,5,5,16,2048
