array_sha256,denominator_included,extension_used,final_prefix,frame_id,initial_prefix,key_dependent_disclosure_bits_total,outcome_epsilon_ec,policy_id,policy_sha256,protocol_epsilon_ec_bound,public_control_bits_total,qualification_role,stage1_iterations,stage2_iterations,stage3_iterations,status,stratum_p,transcript_event_count,transcript_sha256,verification_attempts
d5d230e5fa74304cec0758237060fcc132491905a24b4c78bbb54836410c0200,True,True,40,nbldpc_formal_v5c_decoder_q1024_p20_development_000,32,464,5.421010862427522e-20,nbldpc_v5c_sched,641c745be27bfb9487fa99712a5866725f19c25fc57735fa58196d38cb324559,2.168404344971009e-19,707,development,12,4,0,verified_success,0.2,7,74b30e2c6088409631066eb8a31f134654a4f64c510eb34d034e9a3f916d618f,1
e105f7575a5ec9f30895749a46483beac679215258e532f8915e9ba5fcf5b335,True,False,32,nbldpc_formal_v5c_decoder_q1024_p20_development_001,32,384,5.421010862427522e-20,nbldpc_v5c_sched,641c745be27bfb9487fa99712a5866725f19c25fc57735fa58196d38cb324559,2.168404344971009e-19,705,development,3,0,0,verified_success,0.2,4,1b7003802fd8d334415be3c32abed1d6108ff567fe07f2d2ecd19213371be06c,1
4a1a06abe1e86f46027c113fd66041d4ba81159f468fd9050ff84eab1ed3cd33,True,False,32,nbldpc_formal_v5c_decoder_q1024_p20_development_002,32,384,5.421010862427522e-20,nbldpc_v5c_sched,641c745be27bfb9487fa99712a5866725f19c25fc57735fa58196d38cb324559,2.168404344971009e-19,705,development,3,0,0,verified_success,0.2,4,c343d95b0a259930d87f358651ec369dfb065baa993865a9e61a7256e7a81b33,1
02588d1d3a6bd3293dc7b00f22a0dd13cfc3888e32b3adb271e704ce984354f2,True,False,32,nbldpc_formal_v5c_decoder_q1024_p20_development_003,32,384,5.421010862427522e-20,nbldpc_v5c_sched,641c745be27bfb9487fa99712a5866725f19c25fc57735fa58196d38cb324559,2.168404344971009e-19,705,development,2,0,0,verified_success,0.2,4,437033cd7ebf0aa37aa6fb5861d9340ac01b1f599343b5f4ae048aaa6de32277,1
2a0be40f5f92007e07f9480d794935f79220194f53db313122224fed2af981ac,True,False,32,nbldpc_formal_v5c_decoder_q1024_p20_development_004,32,384,5.421010862427522e-20,nbldpc_v5c_sched,641c745be27bfb9487fa99712a5866725f19c25fc57735fa58196d38cb324559,2.168404344971009e-19,705,development,6,0,0,verified_success,0.2,4,fa668db48ac15c8932917a84c7ed5ae40659e37c0db33e3ecfb5a65324c49e88,1
4818506fdbab612fcb0634049fc60e43e37a905991c557d7f14a19156fb3ad9e,True,False,32,nbldpc_formal_v5c_decoder_q1024_p20_development_005,32,384,5.421010862427522e-20,nbldpc_v5c_sched,641c745be27bfb9487fa99712a5866725f19c25fc57735fa58196d38cb324559,2.168404344971009e-19,705,development,3,0,0,verified_success,0.2,4,7f7c1811dc6967c51e20a86541a813e32bfcb9e5e2393dc4166e42a7f6695650,1
319469294bc154f91d871b06a15a230dd787e3a8ce5a37030c17a517b555d7be,True,False,32,nbldpc_formal_v5c_decoder_q1024_p20_development_006,32,384,5.421010862427522e-20,nbldpc_v5c_sched,641c745be27bfb9487fa99712a5866725f19c25fc57735fa58196d38cb324559,2.168404344971009e-19,705,development,2,0,0,verified_success,0.2,4,453fa16ca8844f13a53f81c8c166f30cf6eb117036c913e0012d968ade14bb54,1
c5e1218e3dbce948ce24ca365e1e1c9c9c36abd8fd6846dd393acabda5ef821d,True,False,32,nbldpc_formal_v5c_decoder_q1024_p20_development_007,32,384,5.421010862427522e-20,nbldpc_v5c_sched,641c745be27bfb9487fa99712a5866725f19c25fc57735fa58196d38cb324559,2.168404344971009e-19,705,development,1,0,0,verified_success,0.2,4,975b742e2c4cb99d06a1ebaa0b8a84345ace43f5ff954994e5501684a180c7b9,1
c1c7fe602311ab6dec84e0871757746d5b3fa13cdb6e8c5101ca4e70ae52e5f9,True,False,32,nbldpc_formal_v5c_decoder_q1024_p20_development_008,32,384,5.421010862427522e-20,nbldpc_v5c_sched,641c745be27bfb9487fa99712a5866725f19c25fc57735fa58196d38cb324559,2.168404344971009e-19,705,development,3,0,0,verified_success,0.2,4,bb24e64b5f47ed966cc17b64b2b846ce6590186159ab70abb2dc9215d73ea6ef,1
cb0327855a0a7bbb6123c73f942c6f1c590416c792ec90582cf8e3a8af3d43f1,True,False,32,nbldpc_formal_v5c_decoder_q1024_p20_development_009,32,384,5.421010862427522e-20,nbldpc_v5c_sched,641c745be27bfb9487fa99712a5866725f19c25fc57735fa58196d38cb324559,2.168404344971009e-19,705,development,2,0,0,verified_success,0.2,4,7482930e798b913344aa829df8f309ac480ea5888c238fad11c2ad66bd3bbff8,1
19df58374a0e6cb0dfedecce9e5fd715d2ec2465f6106259e7a6039b0e093b11,True,False,32,nbldpc_formal_v5c_decoder_q1024_p20_development_010,32,384,5.421010862427522e-20,nbldpc_v5c_sched,641c745be27bfb9487fa99712a5866725f19c25fc57735fa58196d38cb324559,2.168404344971009e-19,705,development,2,0,0,verified_success,0.2,4,5f84546c6304f1dd1b8ba850383a265c0e79a680f7d26bd0ba27161ec4c2eeb1,1
abd8228a56ca483138341b66cd31f171609fc1ac04d7d1fe175187fa5d362378,True,False,32,nbldpc_formal_v5c_decoder_q1024_p20_development_011,32,384,5.421010862427522e-20,nbldpc_v5c_sched,641c745be27bfb9487fa99712a5866725f19c25fc57735fa58196d38cb324559,2.168404344971009e-19,705,development,3,0,0,verified_success,0.2,4,63189a29fb6467c17e70c8761b6ad870b5f29924a02c68e52a8baa5f4fccac9b,1
35d32ab51b7f8a333d3b005a6ffaa5a472377ab5aa985d05aceb204350aa368d,True,False,32,nbldpc_formal_v5c_decoder_q1024_p20_development_012,32,384,5.421010862427522e-20,nbldpc_v5c_sched,641c745be27bfb9487fa99712a5866725f19c25fc57735fa58196d38cb324559,2.168404344971009e-19,705,development,4,0,0,verified_success,0.2,4,51b4b5bd324ffbd6ce13692abef18e422868249290b70229a054a323f3ad6a4c,1
bbce32ade7db16aa4cc577497af7aae9c8d6f41724ebdc6682301e937fa62df4,True,False,32,nbldpc_formal_v5c_decoder_q1024_p20_development_013,32,384,5.421010862427522e-20,nbldpc_v5c_sched,641c745be27bfb9487fa99712a5866725f19c25fc57735fa58196d38cb324559,2.168404344971009e-19,705,development,4,0,0,verified_success,0.2,4,8d83d9c1d1f57b8b44f09d40cad777df688c8868f0df88c25ffb8a41f66d428f,1
0b36e6b03097d1cea45943cbb88a8c00c2ed8ee28d7b426462a1711d125a4ef6,True,True,40,nbldpc_formal_v5c_decoder_q1024_p20_development_014,32,400,,nbldpc_v5c_sched,641c745be27bfb9487fa99712a5866725f19c25fc57735fa58196d38cb324559,2.168404344971009e-19,4,development,12,12,0,decode_failed,0.2,6,9eeefa6c01d2f6b8fac9f56c139756e0ec5d11e6bac3e729a87525fd2a8fd0c4,0
345fe24a02454cc282f7c344c0ae778cb82a4b7b4827e002b64beaf25bb3d1b5,True,False,32,nbldpc_formal_v5c_decoder_q1024_p20_development_015,32,384,5.421010862427522e-20,nbldpc_v5c_sched,641c745be27bfb9487fa99712a5866725f19c25fc57735fa58196d38cb324559,2.168404344971009e-19,705,development,3,0,0,verified_success,0.2,4,d7f91d7e79e87369bfab3010ad3d6fe0ec0950e7d804b4f73e4e3aafc66e681a,1
7d083946f0a700439a1f3291623b9919fcf9de8b8857ee31fbe4839c8677cfa6,True,False,32,nbldpc_formal_v5c_decoder_q1024_p20_development_016,32,384,5.421010862427522e-20,nbldpc_v5c_sched,641c745be27bfb9487fa99712a5866725f19c25fc57735fa58196d38cb324559,2.168404344971009e-19,705,development,3,0,0,verified_success,0.2,4,ed781e3759f23e077b26c30e0e931aa939650e5550f1a20f03dcd04461ec285d,1
3df8daa477cac21b68835a43de992a9cfb58da9bae96e5167a21548ff91f807c,True,False,32,nbldpc_formal_v5c_decoder_q1024_p20_development_017,32,384,5.421010862427522e-20,nbldpc_v5c_sched,641c745be27bfb9487fa99712a5866725f19c25fc57735fa58196d38cb324559,2.168404344971009e-19,705,development,4,0,0,verified_success,0.2,4,8e28f7e7f0547d6d1bbd22b7030a868f932267dae92683de77577326c10b9dee,1
e4ca6e1fa32b073dbe3716bfc0888d57f01f7af690cfd83324324045ade63e10,True,False,32,nbldpc_formal_v5c_decoder_q1024_p20_development_018,32,384,5.421010862427522e-20,nbldpc_v5c_sched,641c745be27bfb9487fa99712a5866725f19c25fc57735fa58196d38cb324559,2.168404344971009e-19,705,development,3,0,0,verified_success,0.2,4,95fc059a167838a36c34fc85892c449519be1f6b79e21f640870cd130df3997c,1
685eec2cb63678e919c403e43f80adbff51ca069f6da01bd6aed325b81c859aa,True,False,32,nbldpc_formal_v5c_decoder_q1024_p20_development_019,32,384,5.421010862427522e-20,nbldpc_v5c_sched,641c745be27bfb9487fa99712a5866725f19c25fc57735fa58196d38cb324559,2.168404344971009e-19,705,development,1,0,0,verified_success,0.2,4,97e453d0866fbe76c8835a9093cffaa7fffefa7fe851f9df8c6f43bd6aa9647d,1
c30dad1061386de999e3d5c4a4e40661942f5932fc9e2b19da9e0d1655d05a89,True,False,32,nbldpc_formal_v5c_decoder_q1024_p20_development_020,32,384,5.421010862427522e-20,nbldpc_v5c_sched,641c745be27bfb9487fa99712a5866725f19c25fc57735fa58196d38cb324559,2.168404344971009e-19,705,development,2,0,0,verified_success,0.2,4,b5a587eb1f9ed6dfb16635d955efcfbbbd85084169f1df2010f6e51d5b7c3ee3,1
2c3f019671f1addca564962c03b54a84b3b5c036842beb2f87db0df66e9c580e,True,False,32,nbldpc_formal_v5c_decoder_q1024_p20_development_021,32,384,5.421010862427522e-20,nbldpc_v5c_sched,641c745be27bfb9487fa99712a5866725f19c25fc57735fa58196d38cb324559,2.168404344971009e-19,705,development,3,0,0,verified_success,0.2,4,d13aab11d5c0024644daeb11cbce5f609065fb238acad8cc8efbeb912c09ed5f,1
e04a5f3862c2acb6ce743174336bb9e187c1dd64ff13c9910fcbc909b2368fed,True,False,32,nbldpc_formal_v5c_decoder_q1024_p20_development_022,32,384,5.421010862427522e-20,nbldpc_v5c_sched,641c745be27bfb9487fa99712a5866725f19c25fc57735fa58196d38cb324559,2.168404344971009e-19,705,development,2,0,0,verified_success,0.2,4,ea90b3f5e6ecfe66f952f010e7b89174d2515eacd92d7a8e43b7c4c5b79f448d,1
d0a7867e628b28847feccff9a051cbbfd0cfeb878c00a88d3dda54d34591e3fa,True,False,32,nbldpc_formal_v5c_decoder_q1024_p20_development_023,32,384,5.421010862427522e-20,nbldpc_v5c_sched,641c745be27bfb9487fa99712a5866725f19c25fc57735fa58196d38cb324559,2.168404344971009e-19,705,development,3,0,0,verified_success,0.2,4,c420e7c5856bdd912e94f04c1630427ce6362856074719e757b8416df1ab7d28,1
f2e7ee0092be22b0064a8a7d949cb59bcddc2453b3b321ec684bd92c2447bea5,True,False,32,nbldpc_formal_v5c_decoder_q1024_p20_development_024,32,384,5.421010862427522e-20,nbldpc_v5c_sched,641c745be27bfb9487fa99712a5866725f19c25fc57735fa58196d38cb324559,2.168404344971009e-19,705,development,2,0,0,verified_success,0.2,4,4a321cd39410023b092367b902ef8eabd39e6d8c7f0069e991171ece8bfe6597,1
71376b24ad7550c2b1d66aea8ece59757bce9dd2ed9d18d473981d6c6f7b1c36,True,False,32,nbldpc_formal_v5c_decoder_q1024_p20_development_025,32,384,5.421010862427522e-20,nbldpc_v5c_sched,641c745be27bfb9487fa99712a5866725f19c25fc57735fa58196d38cb324559,2.168404344971009e-19,705,development,3,0,0,verified_success,0.2,4,e98a0564c70bbb1620e337df25615a98b3ed6fd7419f03b1f9e5f63cd1b20ced,1
96c4d7ef8b2180d8c8723686e5394b62af4a0a4b285a976552b8ee3e17d81524,True,False,32,nbldpc_formal_v5c_decoder_q1024_p20_development_026,32,384,5.421010862427522e-20,nbldpc_v5c_sched,641c745be27bfb9487fa99712a5866725f19c25fc57735fa58196d38cb324559,2.168404344971009e-19,705,development,3,0,0,verified_success,0.2,4,610d5130c8d8516279220aed927501f911401699315f3dea7138d3989508f6d6,1
1eb10db85ce143a7f018ae61419dccf01b40b6ed2a8b8d8cebca4716543c9d4b,True,False,32,nbldpc_formal_v5c_decoder_q1024_p20_development_027,32,384,5.421010862427522e-20,nbldpc_v5c_sched,641c745be27bfb9487fa99712a5866725f19c25fc57735fa58196d38cb324559,2.168404344971009e-19,705,development,4,0,0,verified_success,0.2,4,6c9305bc91d221d904cf4875273d0000b0ad5ca070cd4acee50a3ea7cf54601f,1
e1fc5a0e04907f30f58c2b38c78b286a35b08a04cec39aeb49a7092803769b8f,True,False,32,nbldpc_formal_v5c_decoder_q1024_p20_development_028,32,384,5.421010862427522e-20,nbldpc_v5c_sched,641c745be27bfb9487fa99712a5866725f19c25fc57735fa58196d38cb324559,2.168404344971009e-19,705,development,2,0,0,verified_success,0.2,4,d99e6226ac100a1eeeba8008811e17948fdbeed4ddc9adf084ab922eb3a8c78a,1
ce95b22b90792a34e54be881c90b88802ebbda58436527c29f7b750abc0342d0,True,False,32,nbldpc_formal_v5c_decoder_q1024_p20_development_029,32,384,5.421010862427522e-20,nbldpc_v5c_sched,641c745be27bfb9487fa99712a5866725f19c25fc57735fa58196d38cb324559,2.168404344971009e-19,705,development,2,0,0,verified_success,0.2,4,696ae465b2f678944f34a93f49e64eca803c0153cee0ce3545fa0cf22f0b0e8d,1
5d3f750f5a9048a02f1a1b4de3d3e72bab9c91f32a849cb6f6c529fa3dcd8f67,True,False,32,nbldpc_formal_v5c_decoder_q1024_p20_development_030,32,384,5.421010862427522e-20,nbldpc_v5c_sched,641c745be27bfb9487fa99712a5866725f19c25fc57735fa58196d38cb324559,2.168404344971009e-19,705,development,2,0,0,verified_success,0.2,4,19e8da9de79594a431b1235c564b93b91f47260ddd012ec9faac4405d9d44d90,1
40ef7630d31ee7118f1622836cafde551656a8b17cdb54456fd941c373d35754,True,False,32,nbldpc_formal_v5c_decoder_q1024_p20_development_031,32,384,5.421010862427522e-20,nbldpc_v5c_sched,641c745be27bfb9487fa99712a5866725f19c25fc57735fa58196d38cb324559,2.168404344971009e-19,705,development,1,0,0,verified_success,0.2,4,ea262248f0a942ea9817d2376a618c6d7acfa7703f5ba1ddf25f26daca53c340,1
f2ee0c27f26139644c87a1a767ab061216c3aea54c388b8259e3d9fb971ee329,True,False,32,nbldpc_formal_v5c_decoder_q1024_p20_development_032,32,384,5.421010862427522e-20,nbldpc_v5c_sched,641c745be27bfb9487fa99712a5866725f19c25fc57735fa58196d38cb324559,2.168404344971009e-19,705,development,2,0,0,verified_success,0.2,4,d01c28a78c42003ba4be757f06a39750f9297e27bea94e835abf2ceff8d4d9e7,1
be573e578b32d633170f9116041c61ef50ca13984c203c081624a99550eb73c6,True,False,32,nbldpc_formal_v5c_decoder_q1024_p20_development_033,32,384,5.421010862427522e-20,nbldpc_v5c_sched,641c745be27bfb9487fa99712a5866725f19c25fc57735fa58196d38cb324559,2.168404344971009e-19,705,development,3,0,0,verified_success,0.2,4,5bd5405ad92e04734fe76a6b9df1f0bd15b5e234abf291602147aafdf3eaa967,1
4adfa2f859d8aa300c8aa81e91e6a2dc6f8650a0cc38ae449cd26d09491b4254,True,False,32,nbldpc_formal_v5c_decoder_q1024_p20_development_034,32,384,5.421010862427522e-20,nbldpc_v5c_sched,641c745be27bfb9487fa99712a5866725f19c25fc57735fa58196d38cb324559,2.168404344971009e-19,705,development,3,0,0,verified_success,0.2,4,fcbd4839e142c7592a9605872ffdfb4983dcc8330cbfd06490b36b674c37edbb,1
50fbe253b2051c108309c8768d3ea2d0032d221f4e73ab17fef82447e823be33,True,False,32,nbldpc_formal_v5c_decoder_q1024_p20_development_035,32,384,5.421010862427522e-20,nbldpc_v5c_sched,641c745be27bfb9487fa99712a5866725f19c25fc57735fa58196d38cb324559,2.168404344971009e-19,705,development,3,0,0,verified_success,0.2,4,7b160433f5638379215fa34e930763f7234a3e84bcc796788a1b02d7ae07171c,1
e92f1f4212ca6b1f608125910c67b8ead05ebe2d4b18fc4e4801d42a6b93ed22,True,False,32,nbldpc_formal_v5c_decoder_q1024_p20_development_036,32,384,5.421010862427522e-20,nbldpc_v5c_sched,641c745be27bfb9487fa99712a5866725f19c25fc57735fa58196d38cb324559,2.168404344971009e-19,705,development,2,0,0,verified_success,0.2,4,7a2d9058da84aa3bbfc9a8b8d313ea22a606db82979674a5b4af99b541cb3c84,1
51ad8f4156149f4d34a4f15d58b550d008fe23a0d56304118039c9341c4a0aaf,True,False,32,nbldpc_formal_v5c_decoder_q1024_p20_development_037,32,384,5.421010862427522e-20,nbldpc_v5c_sched,641c745be27bfb9487fa99712a5866725f19c25fc57735fa58196d38cb324559,2.168404344971009e-19,705,development,2,0,0,verified_success,0.2,4,dbcda429ef6683b9a33d0f7881c7da0db88c5b97b6dad85a8a309c312b55ae03,1
7f1287c6d3656b140e652650f683956fa0f5d1790beef5bc27e3407119345944,True,False,32,nbldpc_formal_v5c_decoder_q1024_p20_development_038,32,384,5.421010862427522e-20,nbldpc_v5c_sched,641c745be27bfb9487fa99712a5866725f19c25fc57735fa58196d38cb324559,2.168404344971009e-19,705,development,2,0,0,verified_success,0.2,4,8d0791d6c4ffef8a05982b24dc6cb65b6233d733f77ff44009ceb51a82990f7e,1
95f2be20d14ac9396fd6c4fac02fcd18cea2e3a0dbe1cbf698f7118671b8b026,True,False,32,nbldpc_formal_v5c_decoder_q1024_p20_development_039,32,384,5.421010862427522e-20,nbldpc_v5c_sched,641c745be27bfb9487fa99712a5866725f19c25fc57735fa58196d38cb324559,2.168404344971009e-19,705,development,2,0,0,verified_success,0.2,4,d4b57fda4161575d17a26d4119664d55c76414872e3d54a52805b64b03c8067f,1
c159db78b1fe7c995e6ceff5af7c3f3ba8089c8f5322b24bb9f2718af83e4966,True,False,32,nbldpc_formal_v5c_decoder_q1024_p20_development_040,32,384,5.421010862427522e-20,nbldpc_v5c_sched,641c745be27bfb9487fa99712a5866725f19c25fc57735fa58196d38cb324559,2.168404344971009e-19,705,development,2,0,0,verified_success,0.2,4,9f41a9178dc89343346faf6cc260b903077066367917032c3d4cecec5a7498c4,1
26085be2a30255b680e9900c50107ff3f6728a45805cc87a9b064ed53eb881f8,True,False,32,nbldpc_formal_v5c_decoder_q1024_p20_development_041,32,384,5.421010862427522e-20,nbldpc_v5c_sched,641c745be27bfb9487fa99712a5866725f19c25fc57735fa58196d38cb324559,2.168404344971009e-19,705,development,5,0,0,verified_success,0.2,4,50215c2ea16dfdadbfb390546597c504c28a3a14f5ad1d889dfd31b6a90c316b,1
003c33f8b6d3ac18557836e8085ee789a8c0edf154ac194e92fb776d941cc7ce,True,False,32,nbldpc_formal_v5c_decoder_q1024_p20_development_042,32,384,5.421010862427522e-20,nbldpc_v5c_sched,641c745be27bfb9487fa99712a5866725f19c25fc57735fa58196d38cb324559,2.168404344971009e-19,705,development,3,0,0,verified_success,0.2,4,c864a0949e8959a2184b3d1f4457d3de219d6fb5ab20825b1a35cba907976ec8,1
e58ccbae0a982a9b2f68953ae836f19de1bdca30bfd0374adcbd420ada38045c,True,False,32,nbldpc_formal_v5c_decoder_q1024_p20_development_043,32,384,5.421010862427522e-20,nbldpc_v5c_sched,641c745be27bfb9487fa99712a5866725f19c25fc57735fa58196d38cb324559,2.168404344971009e-19,705,development,3,0,0,verified_success,0.2,4,882cf3b50d7a1521200153c0b1339dc448fbcff71dad30b6c2afefe0d6e18564,1
14add725850cf0968c21e7ef67d76c274f9a1f12053a486034a8a54d3b3c7f95,True,False,32,nbldpc_formal_v5c_decoder_q1024_p20_development_044,32,384,5.421010862427522e-20,nbldpc_v5c_sched,641c745be27bfb9487fa99712a5866725f19c25fc57735fa58196d38cb324559,2.168404344971009e-19,705,development,3,0,0,verified_success,0.2,4,fad62b0e63f5794f76a06fff1ae15ec82ee25a9e45fc8e67350dc42c2813bfc9,1
20dbe97a1a18fae6206235b8e954f903cf03fe0a1547d14b6166bc6073ca3582,True,False,32,nbldpc_formal_v5c_decoder_q1024_p20_development_045,32,384,5.421010862427522e-20,nbldpc_v5c_sched,641c745be27bfb9487fa99712a5866725f19c25fc57735fa58196d38cb324559,2.168404344971009e-19,705,development,2,0,0,verified_success,0.2,4,1e6245977cf927b12a20b5a5b9f06c72b24a6a1fbbc451d4dc150dafeea018af,1
ca9b046c6b314a02154cc61a4b1510d424e8d821bd336f774751dac042d0d220,True,False,32,nbldpc_formal_v5c_decoder_q1024_p20_development_046,32,384,5.421010862427522e-20,nbldpc_v5c_sched,641c745be27bfb9487fa99712a5866725f19c25fc57735fa58196d38cb324559,2.168404344971009e-19,705,development,3,0,0,verified_success,0.2,4,d72b13f89948db36ad270f195a8678b866a3289d6c2aff8e9b868ee058600d24,1
8ba13c72309fd0d748c3bec9f897590d0fdecf311111eb7fe89b07bee250cf86,True,False,32,nbldpc_formal_v5c_decoder_q1024_p20_development_047,32,384,5.421010862427522e-20,nbldpc_v5c_sched,641c745be27bfb9487fa99712a5866725f19c25fc57735fa58196d38cb324559,2.168404344971009e-19,705,development,3,0,0,verified_success,0.2,4,e40115a6cbe94d11271413e98a05cf145b5016084cce30a82926cabd66d42973,1
f3a547f93b6bc0a9cd4ee3e757d460364c0b95a0866c300de0330d5e445b2709,True,False,32,nbldpc_formal_v5c_decoder_q1024_p20_development_048,32,384,5.421010862427522e-20,nbldpc_v5c_sched,641c745be27bfb9487fa99712a5866725f19c25fc57735fa58196d38cb324559,2.168404344971009e-19,705,development,10,0,0,verified_success,0.2,4,18d38d86a3e4eff5bffbdb79f1a6c28a9cc304e8d9dc3aac621ee7c7f539f7b7,1
00efa23ad39678f6be5dc76fd85764db05e8b431c389e3e83261450fd0e98d5d,True,False,32,nbldpc_formal_v5c_decoder_q1024_p20_development_049,32,384,5.421010862427522e-20,nbldpc_v5c_sched,641c745be27bfb9487fa99712a5866725f19c25fc57735fa58196d38cb324559,2.168404344971009e-19,705,development,2,0,0,verified_success,0.2,4,baf8a5d48d9426d96c2596765e31c2ce3117883c877241a2b01007f57a4bf521,1
cdebe722641b0e853826231d6dc31e4240e2514d9257505b7f90e97251848d3b,True,False,32,nbldpc_formal_v5c_decoder_q1024_p20_development_050,32,384,5.421010862427522e-20,nbldpc_v5c_sched,641c745be27bfb9487fa99712a5866725f19c25fc57735fa58196d38cb324559,2.168404344971009e-19,705,development,3,0,0,verified_success,0.2,4,2510932fbe6ed681b8f28359ddac1895673ddf3d768a5e492b8cd0572776ea4c,1
fdc5d714c913378ad4d749a093064f78a6141edb7fdb4f3aa6476985cc7fdf42,True,False,32,nbldpc_formal_v5c_decoder_q1024_p20_development_051,32,384,5.421010862427522e-20,nbldpc_v5c_sched,641c745be27bfb9487fa99712a5866725f19c25fc57735fa58196d38cb324559,2.168404344971009e-19,705,development,3,0,0,verified_success,0.2,4,b5dea7b9356789bbd4c7f29244d7bc174e2d2ad4d9b45c3c4939a52b9332b020,1
985dd4553513811cea3d75c47deebc86a8ca12b6383072f3c223db6f65cdbfcc,True,False,32,nbldpc_formal_v5c_decoder_q1024_p20_development_052,32,384,5.421010862427522e-20,nbldpc_v5c_sched,641c745be27bfb9487fa99712a5866725f19c25fc57735fa58196d38cb324559,2.168404344971009e-19,705,development,4,0,0,verified_success,0.2,4,ce36ced77cee37b358717fd73d8e1e4fad0124cfbcc7a65c9f79405b3a9d5d68,1
fb07863adbbc34549b317451eaf585813b1b92a189123f421b9a83a2f87943b9,True,False,32,nbldpc_formal_v5c_decoder_q1024_p20_development_053,32,384,5.421010862427522e-20,nbldpc_v5c_sched,641c745be27bfb9487fa99712a5866725f19c25fc57735fa58196d38cb324559,2.168404344971009e-19,705,development,5,0,0,verified_success,0.2,4,955cc07488d0f44d8abea0fd4b09768f9c87dbb8a893a4fcb086965d7d8559e2,1
50fd5913be4eadf57cc5e2e3606937fa27e6c3b34a9c852c0737227783db255e,True,False,32,nbldpc_formal_v5c_decoder_q1024_p20_development_054,32,384,5.421010862427522e-20,nbldpc_v5c_sched,641c745be27bfb9487fa99712a5866725f19c25fc57735fa58196d38cb324559,2.168404344971009e-19,705,development,3,0,0,verified_success,0.2,4,578b250bde6ace507132547d290e3888b8938d05a74702fa6d59ce2893dd3695,1
facb73c8e4bf4623b858ff8d4bc4d6ba5175402a4f3b535af2c6ca929e005b81,True,False,32,nbldpc_formal_v5c_decoder_q1024_p20_development_055,32,384,5.421010862427522e-20,nbldpc_v5c_sched,641c745be27bfb9487fa99712a5866725f19c25fc57735fa58196d38cb324559,2.168404344971009e-19,705,development,3,0,0,verified_success,0.2,4,f6bb10f2f36977cf99bbe85b804d390e5476b868b1e670339d50ad4aa3a70015,1
c2bf176c6f70e03f86031d1066341be4854c4ac3213d4692d00d8ccb0a2c54bd,True,False,32,nbldpc_formal_v5c_decoder_q1024_p20_development_056,32,384,5.421010862427522e-20,nbldpc_v5c_sched,641c745be27bfb9487fa99712a5866725f19c25fc57735fa58196d38cb324559,2.168404344971009e-19,705,development,2,0,0,verified_success,0.2,4,d11114c8c8405b92bae3770615fd8066d09a7dfe2c95324601bc36374ea2a470,1
9a70b8c31e370631a9edf9ebf07e546ba1169b9a9e7c70c50dc0dba42e762851,True,False,32,nbldpc_formal_v5c_decoder_q1024_p20_development_057,32,384,5.421010862427522e-20,nbldpc_v5c_sched,641c745be27bfb9487fa99712a5866725f19c25fc57735fa58196d38cb324559,2.168404344971009e-19,705,development,3,0,0,verified_success,0.2,4,ddeb896a56cbdbc0e588c327c9865d93cf33bbe70622590a9dc58be4d6e38c3b,1
6e320e373a6c8f5ee0b26f23030cecc08c4baa211b8c5018042fb8ffbea6d402,True,False,32,nbldpc_formal_v5c_decoder_q1024_p20_development_058,32,384,5.421010862427522e-20,nbldpc_v5c_sched,641c745be27bfb9487fa99712a5866725f19c25fc57735fa58196d38cb324559,2.168404344971009e-19,705,development,5,0,0,verified_success,0.2,4,dffeafaa7a178dcfb285750c6c20ac282112d6a006d006c87f88d2c921ffd618,1
dfebfcc9361548c550ba2d2303c0cfda47faa575c698fdb9e065d466da9b8cc7,True,False,32,nbldpc_formal_v5c_decoder_q1024_p20_development_059,32,384,5.421010862427522e-20,nbldpc_v5c_sched,641c745be27bfb9487fa99712a5866725f19c25fc57735fa58196d38cb324559,2.168404344971009e-19,705,development,6,0,0,verified_success,0.2,4,3a608882ef5266fa5f40902e071386e48854c2259d594faf17f60803c7576b15,1
3388c2952b92e305c7b30a590c52f3e5a11fabd4dcbca168d22255c0da91b363,True,False,32,nbldpc_formal_v5c_decoder_q1024_p20_development_060,32,384,5.421010862427522e-20,nbldpc_v5c_sched,641c745be27bfb9487fa99712a5866725f19c25fc57735fa58196d38cb324559,2.168404344971009e-19,705,development,3,0,0,verified_success,0.2,4,fdbc5b630dceb35182cb3afc02c287b7d70620a22b176b918001d46adee0db0b,1
35921c1a7e0f346f39b2e1c134180d76ab9c85da8209f27ca051ea2666340ae9,True,False,32,nbldpc_formal_v5c_decoder_q1024_p20_development_061,32,384,5.421010862427522e-20,nbldpc_v5c_sched,641c745be27bfb9487fa99712a5866725f19c25fc57735fa58196d38cb324559,2.168404344971009e-19,705,development,4,0,0,verified_success,0.2,4,26d86146902bf6346a04ed2d5e9dbf0c90e9c3df8550273ac98aa4e01717f876,1
7937802e97ede5700af0d29213b0da443d8a78b5d39fbb21cda827a3566962bb,True,False,32,nbldpc_formal_v5c_decoder_q1024_p20_development_062,32,384,5.421010862427522e-20,nbldpc_v5c_sched,641c745be27bfb9487fa99712a5866725f19c25fc57735fa58196d38cb324559,2.168404344971009e-19,705,development,7,0,0,verified_success,0.2,4,a77aab09556fd681964a080829c4d60606e615b9cf54de6ae4782040dc9a2ce0,1
784822616ee6b29c45e78f7217f80fa6e05f44a4edab9f1eefd1296f00fa0896,True,False,32,nbldpc_formal_v5c_decoder_q1024_p20_development_063,32,384,5.421010862427522e-20,nbldpc_v5c_sched,641c745be27bfb9487fa99712a5866725f19c25fc57735fa58196d38cb324559,2.168404344971009e-19,705,development,2,0,0,verified_success,0.2,4,3ffaec2cd6e79c79d6d4551c34dd31f98a172ba04749f8a2a1c90db99760632e,1
0daf35bf20c676326e90e6ded4667da55f732abcfb93ced58cb617210bdc30ec,True,False,40,nbldpc_formal_v5c_decoder_q1024_p30_development_000,40,464,5.421010862427522e-20,nbldpc_v5c_sched,641c745be27bfb9487fa99712a5866725f19c25fc57735fa58196d38cb324559,2.168404344971009e-19,705,development,6,0,0,verified_success,0.3,4,f2d64ae50c008432d68f6373ed116aeec71291057ad7f28c579392a2e40e3394,1
637a90371a66d252c76874a0320509df31228640f78c47e47a1e6d3c834faf3a,True,False,40,nbldpc_formal_v5c_decoder_q1024_p30_development_001,40,464,5.421010862427522e-20,nbldpc_v5c_sched,641c745be27bfb9487fa99712a5866725f19c25fc57735fa58196d38cb324559,2.168404344971009e-19,705,development,2,0,0,verified_success,0.3,4,4ae031d52449bec74ffe32d44cfffb1788447f964d459ca628e343d9ed855e00,1
edfddec5c9d34ea86ed7ba688b5c295cd120ddf1074f4bf5aec9f9705cc70b92,True,False,40,nbldpc_formal_v5c_decoder_q1024_p30_development_002,40,464,5.421010862427522e-20,nbldpc_v5c_sched,641c745be27bfb9487fa99712a5866725f19c25fc57735fa58196d38cb324559,2.168404344971009e-19,705,development,3,0,0,verified_success,0.3,4,eb3c0487587b346fac12eb7ccb0c195c893f81f5378151129fe25d9f47cd3c58,1
ed25692533251a5c3191b4ed122da86b28471548506139938092772844fa3c59,True,False,40,nbldpc_formal_v5c_decoder_q1024_p30_development_003,40,464,5.421010862427522e-20,nbldpc_v5c_sched,641c745be27bfb9487fa99712a5866725f19c25fc57735fa58196d38cb324559,2.168404344971009e-19,705,development,2,0,0,verified_success,0.3,4,dfb671c594fcc0e0e58d62a6d1ea3fd881aba98bf2f988128d76a57e7d87c2ef,1
71f611c4957373c2da2cd6637e2a5e4a59b93eea56b4d6362aca3c63785ada05,True,False,40,nbldpc_formal_v5c_decoder_q1024_p30_development_004,40,464,5.421010862427522e-20,nbldpc_v5c_sched,641c745be27bfb9487fa99712a5866725f19c25fc57735fa58196d38cb324559,2.168404344971009e-19,705,development,2,0,0,verified_success,0.3,4,66c8cf27b6d0c208d5e6b9ccce785f0311d339c549e3840048a690762195a8ae,1
52f3881a78b1270402a09d8c8e9fa2c7e5746476150e50235945c78a1d1fbbaf,True,False,40,nbldpc_formal_v5c_decoder_q1024_p30_development_005,40,464,5.421010862427522e-20,nbldpc_v5c_sched,641c745be27bfb9487fa99712a5866725f19c25fc57735fa58196d38cb324559,2.168404344971009e-19,705,development,6,0,0,verified_success,0.3,4,fdd915d97f2c9bcab4b4a59bf07c1282b84dccd7eb46d03c8aa9c8708d0512b7,1
b67fe0b8be2866290d91f0fc6f5da2ec6502adea5184ed43fd4a2eaa042739bf,True,False,40,nbldpc_formal_v5c_decoder_q1024_p30_development_006,40,464,5.421010862427522e-20,nbldpc_v5c_sched,641c745be27bfb9487fa99712a5866725f19c25fc57735fa58196d38cb324559,2.168404344971009e-19,705,development,2,0,0,verified_success,0.3,4,4acdad8d41c38be85f79586dc267179c69b52e274f914c86f3ea81dc6c2acb22,1
ddca3237c03aba7be2aac65b9dfd51b54143f6bd7fefaf5e98b4c22b72a8dc6e,True,False,40,nbldpc_formal_v5c_decoder_q1024_p30_development_007,40,464,5.421010862427522e-20,nbldpc_v5c_sched,641c745be27bfb9487fa99712a5866725f19c25fc57735fa58196d38cb324559,2.168404344971009e-19,705,development,2,0,0,verified_success,0.3,4,6998cd7e1ddc0e6cfb4edad04e2c225dec2628d8fc302e89d0828df229d4ea26,1
dd8382144aca6aa8178aa8e30f37b0864816ac900f59705e7f6b478c66046541,True,False,40,nbldpc_formal_v5c_decoder_q1024_p30_development_008,40,464,5.421010862427522e-20,nbldpc_v5c_sched,641c745be27bfb9487fa99712a5866725f19c25fc57735fa58196d38cb324559,2.168404344971009e-19,705,development,9,0,0,verified_success,0.3,4,b1cad4694807431a0e3075e403fc71fa4cc54de94c6fe5629649509c2c39deb9,1
273ff2a38b892fee8dbbf94fadb935cb7564cb912f2a03293f738c3435738cfd,True,False,40,nbldpc_formal_v5c_decoder_q1024_p30_development_009,40,464,5.421010862427522e-20,nbldpc_v5c_sched,641c745be27bfb9487fa99712a5866725f19c25fc57735fa58196d38cb324559,2.168404344971009e-19,705,development,5,0,0,verified_success,0.3,4,8933a6baba882040a5339b11e61efecf8bf5a132db350d6d34b8d543e5b41091,1
42536d817cf519a9451bb74212d4bc3b87e832db312a8f5e43b356a20f968631,True,False,40,nbldpc_formal_v5c_decoder_q1024_p30_development_010,40,464,5.421010862427522e-20,nbldpc_v5c_sched,641c745be27bfb9487fa99712a5866725f19c25fc57735fa58196d38cb324559,2.168404344971009e-19,705,development,3,0,0,verified_success,0.3,4,459ab923ca80951150833800c139be0355483c3724dbe93b5a2877696af87eb1,1
a3d474623cd116eff4778b3a2ad4786ce4b55bb468056086a24d5986ebd870c9,True,False,40,nbldpc_formal_v5c_decoder_q1024_p30_development_011,40,464,5.421010862427522e-20,nbldpc_v5c_sched,641c745be27bfb9487fa99712a5866725f19c25fc57735fa58196d38cb324559,2.168404344971009e-19,705,development,1,0,0,verified_success,0.3,4,71ef49c53a5483ce8a362263285424ac9bfea6961cefd86f7cbcd79fb34656d0,1
804386013d5e256760e7dd50223c021fe79962725082543f38b5731524d34365,True,False,40,nbldpc_formal_v5c_decoder_q1024_p30_development_012,40,464,5.421010862427522e-20,nbldpc_v5c_sched,641c745be27bfb9487fa99712a5866725f19c25fc57735fa58196d38cb324559,2.168404344971009e-19,705,development,4,0,0,verified_success,0.3,4,2bfef73b7be6ae698aa1f1ca5a822e339e5d259dbb5cb9de208b0f6c14876b04,1
a3e4c039cffa6ae7d6c20f83df45e63af66c6b178de02ed42f7d4fbc54494abb,True,True,56,nbldpc_formal_v5c_decoder_q1024_p30_development_013,40,624,5.421010862427522e-20,nbldpc_v5c_sched,641c745be27bfb9487fa99712a5866725f19c25fc57735fa58196d38cb324559,2.168404344971009e-19,709,development,12,12,3,verified_success,0.3,10,d9715b879f0405777fd46f6f3e6b2cf659479181970fc9ecd42a42ba8baf6da3,1
0e38d01536ffff422a999c2c506f58317fbb36360b7cafe928f6ad9f63237680,True,False,40,nbldpc_formal_v5c_decoder_q1024_p30_development_014,40,464,5.421010862427522e-20,nbldpc_v5c_sched,641c745be27bfb9487fa99712a5866725f19c25fc57735fa58196d38cb324559,2.168404344971009e-19,705,development,2,0,0,verified_success,0.3,4,40542b54c5a116e5ec1e1676e65c93772d2792b6c9e857df4f779e5a2f53956f,1
99d7efebe0c4f30d4f9954b171a8c6f9d33c065ce0dbb51b2257132ae8cce197,True,False,40,nbldpc_formal_v5c_decoder_q1024_p30_development_015,40,464,5.421010862427522e-20,nbldpc_v5c_sched,641c745be27bfb9487fa99712a5866725f19c25fc57735fa58196d38cb324559,2.168404344971009e-19,705,development,3,0,0,verified_success,0.3,4,7d539662d19827699c11e3756b15173f5513b04c66c0e76a838d9ae40de2894b,1
e9251c22475a5605976b70e0c660a9e264340cdde675e38bcf1357c2937de3d2,True,False,40,nbldpc_formal_v5c_decoder_q1024_p30_development_016,40,464,5.421010862427522e-20,nbldpc_v5c_sched,641c745be27bfb9487fa99712a5866725f19c25fc57735fa58196d38cb324559,2.168404344971009e-19,705,development,2,0,0,verified_success,0.3,4,b0ea10cab31a0f3d2d29aac323570f7fbf1e478f1746548933f33f431e6d0fed,1
a813ee848b797f80537d360f8d9c5434afeb3aab1b673c6bed239115b19d422b,True,False,40,nbldpc_formal_v5c_decoder_q1024_p30_development_017,40,464,5.421010862427522e-20,nbldpc_v5c_sched,641c745be27bfb9487fa99712a5866725f19c25fc57735fa58196d38cb324559,2.168404344971009e-19,705,development,5,0,0,verified_success,0.3,4,fe7bdc708ac70b1485ccd438d7e8a923d102dd96e9e6b65e6bc8703b58373db8,1
986c4fb9334e55b15523682a71bc40d2c1a21b488d1a66f16650c5e57b26ffc2,True,False,40,nbldpc_formal_v5c_decoder_q1024_p30_development_018,40,464,5.421010862427522e-20,nbldpc_v5c_sched,641c745be27bfb9487fa99712a5866725f19c25fc57735fa58196d38cb324559,2.168404344971009e-19,705,development,11,0,0,verified_success,0.3,4,db87664fbc8e63b4c3837177ac5bbb50b4c30d178efb92923a621bc708da06a0,1
465d0e13bf1cd3965c67f0b0473ada2c1db8257bcb305bfe7a5eb6643fc59c64,True,False,40,nbldpc_formal_v5c_decoder_q1024_p30_development_019,40,464,5.421010862427522e-20,nbldpc_v5c_sched,641c745be27bfb9487fa99712a5866725f19c25fc57735fa58196d38cb324559,2.168404344971009e-19,705,development,3,0,0,verified_success,0.3,4,f34354cfcb9d525f42198411e04f3a3e7e44b3e03f0678c9ad95140da6773f70,1
8c15e71a9ef49f66ba97a1afcf1d7c96e14a371191a71b7b3587719662a9a3b5,True,False,40,nbldpc_formal_v5c_decoder_q1024_p30_development_020,40,464,5.421010862427522e-20,nbldpc_v5c_sched,641c745be27bfb9487fa99712a5866725f19c25fc57735fa58196d38cb324559,2.168404344971009e-19,705,development,2,0,0,verified_success,0.3,4,5855f8e02f93fe745c1e3cad79cdfedf80d7daee30bcabe2445b40062d8bb7b2,1
ae61bdf69ed3d45d3b0594955478817e1167b774ef5ac6188e35bcfa558eb09c,True,False,40,nbldpc_formal_v5c_decoder_q1024_p30_development_021,40,464,5.421010862427522e-20,nbldpc_v5c_sched,641c745be27bfb9487fa99712a5866725f19c25fc57735fa58196d38cb324559,2.168404344971009e-19,705,development,3,0,0,verified_success,0.3,4,b4b759ebd45106ea401a7c1814e5a0e4f488c198c295f18ff871e5c42ffef283,1
7b831c0217144273cf48309ee81854a448e700a7282af8a6f91c562056213057,True,False,40,nbldpc_formal_v5c_decoder_q1024_p30_development_022,40,464,5.421010862427522e-20,nbldpc_v5c_sched,641c745be27bfb9487fa99712a5866725f19c25fc57735fa58196d38cb324559,2.168404344971009e-19,705,development,3,0,0,verified_success,0.3,4,94ae985f9d85a5d09e60010f75dfcff67487fb5cdaad70aa51a3381a72304404,1
13b1f357cf7ffa88cbadc806a56fb25b12bd6d630eb616cf8042613c39bfc5e3,True,False,40,nbldpc_formal_v5c_decoder_q1024_p30_development_023,40,464,5.421010862427522e-20,nbldpc_v5c_sched,641c745be27bfb9487fa99712a5866725f19c25fc57735fa58196d38cb324559,2.168404344971009e-19,705,development,4,0,0,verified_success,0.3,4,37e5eef642e26989f477bf1a2ffe68220dc913da84a94d957230e3d6b428ff2d,1
527c102b60a99fb7bc6f9cac6068523bf87782a00b958917c7555bdd126e51b4,True,False,40,nbldpc_formal_v5c_decoder_q1024_p30_development_024,40,464,5.421010862427522e-20,nbldpc_v5c_sched,641c745be27bfb9487fa99712a5866725f19c25fc57735fa58196d38cb324559,2.168404344971009e-19,705,development,3,0,0,verified_success,0.3,4,7f8f2ce071e52f3f7261b27caa13ecde0f56aba5f0d7c1188452357b7eae801b,1
d455e46b4e3b327605d0629ae5176ca3cfe152bbb2813fd1249765a2cfc13a95,True,False,40,nbldpc_formal_v5c_decoder_q1024_p30_development_025,40,464,5.421010862427522e-20,nbldpc_v5c_sched,641c745be27bfb9487fa99712a5866725f19c25fc57735fa58196d38cb324559,2.168404344971009e-19,705,development,5,0,0,verified_success,0.3,4,d42cb823b333c0d9065d4c0ce9e24febe746d34da62b2419ae1b3064cb39973d,1
c90b7d9cf2ea16f354856c6d0b7db95eb2fe707140cb6aeea8dc90ff0a90426e,True,False,40,nbldpc_formal_v5c_decoder_q1024_p30_development_026,40,464,5.421010862427522e-20,nbldpc_v5c_sched,641c745be27bfb9487fa99712a5866725f19c25fc57735fa58196d38cb324559,2.168404344971009e-19,705,development,3,0,0,verified_success,0.3,4,8fed62d0d3841d1d986de61109688333bef5961e4bbbbc475674a5514ada2eaa,1
803accb8e9f19b6d649d4619583e680bccf08fbf70e11d9d2c8a913312ee10d8,True,False,40,nbldpc_formal_v5c_decoder_q1024_p30_development_027,40,464,5.421010862427522e-20,nbldpc_v5c_sched,641c745be27bfb9487fa99712a5866725f19c25fc57735fa58196d38cb324559,2.168404344971009e-19,705,development,7,0,0,verified_success,0.3,4,77662b3349c409c045f96399384d32eb08a1e7637b19f3500a6ed9d43e359284,1
5c1c2bf217c94bb26d7c2240bb6a0fb963811ee418157d2e1e841c126ed3fc69,True,False,40,nbldpc_formal_v5c_decoder_q1024_p30_development_028,40,464,5.421010862427522e-20,nbldpc_v5c_sched,641c745be27bfb9487fa99712a5866725f19c25fc57735fa58196d38cb324559,2.168404344971009e-19,705,development,7,0,0,verified_success,0.3,4,15d1e1fed1d349b17e782d65841e93be908d0ace3c74d99eaa832b0430086c41,1
25241f9e946a81c88af5a33b08c0c416dd23eb0cba13ac0f82c8c746b9933cb4,True,False,40,nbldpc_formal_v5c_decoder_q1024_p30_development_029,40,464,5.421010862427522e-20,nbldpc_v5c_sched,641c745be27bfb9487fa99712a5866725f19c25fc57735fa58196d38cb324559,2.168404344971009e-19,705,development,2,0,0,verified_success,0.3,4,5fdb6a4846fa81754107d30cbbb4d9ddce59ca9c9e78d8a733aeae5a3c043db6,1
83db9d9a7d968f1ce8ffaec35d7caa35487ea747fdd452abd102a9f78721a900,True,False,40,nbldpc_formal_v5c_decoder_q1024_p30_development_030,40,464,5.421010862427522e-20,nbldpc_v5c_sched,641c745be27bfb9487fa99712a5866725f19c25fc57735fa58196d38cb324559,2.168404344971009e-19,705,development,5,0,0,verified_success,0.3,4,b08ab160dad9101a03f33b5c001becbf8802b36192761418ec4cb4e6ba0c3a34,1
81492e926ac8e4840fd0c975c7e67b0cd2c7069079c64de28c44e6e044570b3e,True,False,40,nbldpc_formal_v5c_decoder_q1024_p30_development_031,40,464,5.421010862427522e-20,nbldpc_v5c_sched,641c745be27bfb9487fa99712a5866725f19c25fc57735fa58196d38cb324559,2.168404344971009e-19,705,development,3,0,0,verified_success,0.3,4,8c982fb90d2753257515effff707450b34b6cc17dbdf99b33be14183068cf95f,1
4071b4277fa71d1d484917ee51835f651e90067ff1f016f70e3443d8c9ac9f0e,True,False,40,nbldpc_formal_v5c_decoder_q1024_p30_development_032,40,464,5.421010862427522e-20,nbldpc_v5c_sched,641c745be27bfb9487fa99712a5866725f19c25fc57735fa58196d38cb324559,2.168404344971009e-19,705,development,2,0,0,verified_success,0.3,4,0154eddd0f1ca4e261483bd1f8575032d02202fbc3423ab1eb01553eda30e460,1
b20c344d622bc52d9a3a5f19b79025e832c142387d70363e9f526cc902ce719d,True,False,40,nbldpc_formal_v5c_decoder_q1024_p30_development_033,40,464,5.421010862427522e-20,nbldpc_v5c_sched,641c745be27bfb9487fa99712a5866725f19c25fc57735fa58196d38cb324559,2.168404344971009e-19,705,development,6,0,0,verified_success,0.3,4,e7a7851374b4bca23b0523c4ea620c0606c7511fda34272fd05d6655173fcdc3,1
50109e5f6dfc922cfb1f9d4c3a66db76ab7ab6816600f0ebef9c32ab042c2291,True,False,40,nbldpc_formal_v5c_decoder_q1024_p30_development_034,40,464,5.421010862427522e-20,nbldpc_v5c_sched,641c745be27bfb9487fa99712a5866725f19c25fc57735fa58196d38cb324559,2.168404344971009e-19,705,development,4,0,0,verified_success,0.3,4,f31c6153cb51ef46784c321e8baf298693d96a97ad3306b8e163194b483d4dbc,1
52e87f4cca0f33d39d1059f6be593bb085aeb6d03ee3bc7db4d00205a992ed2a,True,False,40,nbldpc_formal_v5c_decoder_q1024_p30_development_035,40,464,5.421010862427522e-20,nbldpc_v5c_sched,641c745be27bfb9487fa99712a5866725f19c25fc57735fa58196d38cb324559,2.168404344971009e-19,705,development,6,0,0,verified_success,0.3,4,15acbd378879a62a79321d7ba561adbf99753f93e47a6f10cf4c2175268a7ed5,1
728d19cb02665b0381bb2845520a7a67814132d668fb28d22dc8f891d522988f,True,False,40,nbldpc_formal_v5c_decoder_q1024_p30_development_036,40,464,5.421010862427522e-20,nbldpc_v5c_sched,641c745be27bfb9487fa99712a5866725f19c25fc57735fa58196d38cb324559,2.168404344971009e-19,705,development,5,0,0,verified_success,0.3,4,2ab7a24f588599c10665da16acc916885c773f6b6f2712ead473fb83000ecdbb,1
9d990db006a17cbb9ca17632233da470c55447663a3bf64941804d7cd49c5c41,True,False,40,nbldpc_formal_v5c_decoder_q1024_p30_development_037,40,464,5.421010862427522e-20,nbldpc_v5c_sched,641c745be27bfb9487fa99712a5866725f19c25fc57735fa58196d38cb324559,2.168404344971009e-19,705,development,5,0,0,verified_success,0.3,4,dedc117bbc44352db737e284942a94819295039260e2a08c005b0bd2be2e5125,1
8a1b5b66d30fef3ddcb90c5ad5f1be24cdf3ce851473e77fc71224d44be01ec9,True,False,40,nbldpc_formal_v5c_decoder_q1024_p30_development_038,40,464,5.421010862427522e-20,nbldpc_v5c_sched,641c745be27bfb9487fa99712a5866725f19c25fc57735fa58196d38cb324559,2.168404344971009e-19,705,development,3,0,0,verified_success,0.3,4,55c618fd5a5aacb54e30dbfe7dfe2c79f7521116340d5ae851a19a08aeeece88,1
3eadd64c8eea396fc7479c6fdf93054c29b6d326798a1a0b5fe6a30065950f36,True,False,40,nbldpc_formal_v5c_decoder_q1024_p30_development_039,40,464,5.421010862427522e-20,nbldpc_v5c_sched,641c745be27bfb9487fa99712a5866725f19c25fc57735fa58196d38cb324559,2.168404344971009e-19,705,development,7,0,0,verified_success,0.3,4,22644e2eb3a76cee28b2ffd4e8117d9515e3147b72b42ffd3242bd938a6f1234,1
c4cdee09c2d7b19b6d642ac8782ecdc7d4ec1e89ff5ac422b39a43590cb01b88,True,False,40,nbldpc_formal_v5c_decoder_q1024_p30_development_040,40,464,5.421010862427522e-20,nbldpc_v5c_sched,641c745be27bfb9487fa99712a5866725f19c25fc57735fa58196d38cb324559,2.168404344971009e-19,705,development,4,0,0,verified_success,0.3,4,845ff0b12d71383dbe9d1b96a8d5ce28925ddaa9fac4081ee7b283a8b16d3f48,1
2f4cf5305f102cbdba19660ccfd752cba164c71c844b1f88275928d38ca49c51,True,False,40,nbldpc_formal_v5c_decoder_q1024_p30_development_041,40,464,5.421010862427522e-20,nbldpc_v5c_sched,641c745be27bfb9487fa99712a5866725f19c25fc57735fa58196d38cb324559,2.168404344971009e-19,705,development,2,0,0,verified_success,0.3,4,4a00adebe0d7e4e77a8985ee30ade666f05989189148b2fa40e4f184b3309351,1
155324c002b9da87af65b92af845fb8c1e2ae63b9a86d097f9c3183080af9ca1,True,False,40,nbldpc_formal_v5c_decoder_q1024_p30_development_042,40,464,5.421010862427522e-20,nbldpc_v5c_sched,641c745be27bfb9487fa99712a5866725f19c25fc57735fa58196d38cb324559,2.168404344971009e-19,705,development,3,0,0,verified_success,0.3,4,d9f75510e91a0ff73aaa89ad30a86683af254b209045fe9dd58ef957ea0067c4,1
a9e89e66157db026be1d969be365ca2e182edb58a5fb13c1bd594f0b58085b55,True,False,40,nbldpc_formal_v5c_decoder_q1024_p30_development_043,40,464,5.421010862427522e-20,nbldpc_v5c_sched,641c745be27bfb9487fa99712a5866725f19c25fc57735fa58196d38cb324559,2.168404344971009e-19,705,development,3,0,0,verified_success,0.3,4,6505f48c370e97668b9eb43e55846b6f5f95192758364968e9414a05e733fa52,1
38e2406bfce5abe3ae4072bcffb8934c2fd82ed905156b229bb83126ec89b4ce,True,False,40,nbldpc_formal_v5c_decoder_q1024_p30_development_044,40,464,5.421010862427522e-20,nbldpc_v5c_sched,641c745be27bfb9487fa99712a5866725f19c25fc57735fa58196d38cb324559,2.168404344971009e-19,705,development,3,0,0,verified_success,0.3,4,a4e3a65ee132f9a159bcca8226ba677156f7f4f2ee2516ca81173b67817fd321,1
72c3a875922f32acf59351bea598e03b1e5367fc2dce9d51771444c7e692036b,True,False,40,nbldpc_formal_v5c_decoder_q1024_p30_development_045,40,464,5.421010862427522e-20,nbldpc_v5c_sched,641c745be27bfb9487fa99712a5866725f19c25fc57735fa58196d38cb324559,2.168404344971009e-19,705,development,3,0,0,verified_success,0.3,4,9c451f32b3199d8dfb6efe50557944ea7c7caddefd441cbe1c6b5847d060497d,1
e415ef3ee8cd307cfcdfe1d694388b0c29d6240c5ab03349c3417a0dbd0c7c7c,True,False,40,nbldpc_formal_v5c_decoder_q1024_p30_development_046,40,464,5.421010862427522e-20,nbldpc_v5c_sched,641c745be27bfb9487fa99712a5866725f19c25fc57735fa58196d38cb324559,2.168404344971009e-19,705,development,5,0,0,verified_success,0.3,4,aabe1e7ea4fe6ca75eda0846b0b689a98d7ae579442042bad40d4ecf8282ea31,1
06e073688a78461102073ff77a67269cd8125864338fc6df5e539034c10fe4a7,True,False,40,nbldpc_formal_v5c_decoder_q1024_p30_development_047,40,464,5.421010862427522e-20,nbldpc_v5c_sched,641c745be27bfb9487fa99712a5866725f19c25fc57735fa58196d38cb324559,2.168404344971009e-19,705,development,4,0,0,verified_success,0.3,4,1ed0265abfce1a614c562657e25bedee69743d76348fc4b887a8b6c67a22b611,1
4732eb5112899db2792fb893d7d5a694cfdf77ab59468f76c6df139c1aebac4c,True,False,40,nbldpc_formal_v5c_decoder_q1024_p30_development_048,40,464,5.421010862427522e-20,nbldpc_v5c_sched,641c745be27bfb9487fa99712a5866725f19c25fc57735fa58196d38cb324559,2.168404344971009e-19,705,development,3,0,0,verified_success,0.3,4,dc8ea2380d0e7dbf956fa98ac4f720e1960f53dfcb20f890490d534a2cb60e5a,1
c19dd6d8b88a9243be7b1e658493b7408696fbe03354d58f80ceae7412359c07,True,False,40,nbldpc_formal_v5c_decoder_q1024_p30_development_049,40,464,5.421010862427522e-20,nbldpc_v5c_sched,641c745be27bfb9487fa99712a5866725f19c25fc57735fa58196d38cb324559,2.168404344971009e-19,705,development,7,0,0,verified_success,0.3,4,ecd9a3750cd62607290ff60002bdbe381d9b79d93187942b48d116d85db8e318,1
21c18fd0931d542be98bb894782e6524de2494a7b15310d51ad66903a4261f8a,True,False,40,nbldpc_formal_v5c_decoder_q1024_p30_development_050,40,464,5.421010862427522e-20,nbldpc_v5c_sched,641c745be27bfb9487fa99712a5866725f19c25fc57735fa58196d38cb324559,2.168404344971009e-19,705,development,3,0,0,verified_success,0.3,4,f090f977d66cc836102be2ab73bce7a102ee1fd7f67aac48fa84c6a2174dad06,1
adcc6907253e27715a5d47e213fd253a28f1d879ea3653213c33d063b72cca64,True,True,48,nbldpc_formal_v5c_decoder_q1024_p30_development_051,40,544,5.421010862427522e-20,nbldpc_v5c_sched,641c745be27bfb9487fa99712a5866725f19c25fc57735fa58196d38cb324559,2.168404344971009e-19,707,development,12,4,0,verified_success,0.3,7,346a70fb0a348c9d69699d894e5fb6ad8004aed8157bec781296d5fd96035be6,1
c302d4beae1036bcf7db1fafe400bc3c6d0a2a03c74ab089b017a4a2694920d3,True,False,40,nbldpc_formal_v5c_decoder_q1024_p30_development_052,40,464,5.421010862427522e-20,nbldpc_v5c_sched,641c745be27bfb9487fa99712a5866725f19c25fc57735fa58196d38cb324559,2.168404344971009e-19,705,development,3,0,0,verified_success,0.3,4,42701c8c49aac43a517401ec7d9e4bb4da24acf56ac879c8649a6e077027313b,1
b8206f7875e49e59056ab1456649d2a505f078d5acb1a9e72d3b1ecb87084d71,True,False,40,nbldpc_formal_v5c_decoder_q1024_p30_development_053,40,464,5.421010862427522e-20,nbldpc_v5c_sched,641c745be27bfb9487fa99712a5866725f19c25fc57735fa58196d38cb324559,2.168404344971009e-19,705,development,2,0,0,verified_success,0.3,4,55a105d00b9fa7535b51b14f01297542358d455cbf1734a5e19ddf078a9a7f22,1
1aab622f756510a2ea9e8c93b02041a74dfc8cb192ffde41f63a0b0c5a27e8da,True,False,40,nbldpc_formal_v5c_decoder_q1024_p30_development_054,40,464,5.421010862427522e-20,nbldpc_v5c_sched,641c745be27bfb9487fa99712a5866725f19c25fc57735fa58196d38cb324559,2.168404344971009e-19,705,development,4,0,0,verified_success,0.3,4,17a0118517cec60041c9b22f564e8983f89b543520de9b88d53446898ce99e8d,1
fd4b198e03ca4f515c9fbac5f6dc88fb94813c985ebc7811335201bf5014bedc,True,False,40,nbldpc_formal_v5c_decoder_q1024_p30_development_055,40,464,5.421010862427522e-20,nbldpc_v5c_sched,641c745be27bfb9487fa99712a5866725f19c25fc57735fa58196d38cb324559,2.168404344971009e-19,705,development,2,0,0,verified_success,0.3,4,de3a76178c751b8dd2061be4f7d4500920ae9f54ce533fe95fda78e61c2d2783,1
767c370f6a3e3bcd3a49a43016830dd8efd3b325147e8637776b6fe4ee7e48a5,True,False,40,nbldpc_formal_v5c_decoder_q1024_p30_development_056,40,464,5.421010862427522e-20,nbldpc_v5c_sched,641c745be27bfb9487fa99712a5866725f19c25fc57735fa58196d38cb324559,2.168404344971009e-19,705,development,4,0,0,verified_success,0.3,4,420f389a65912b3ac5c59b2ebca75571fb644bd5b2c947cddbd6e128ca66401e,1
0f326ed10a238198c1d4a2d8d2fd1618cde91f90d6fa1a1ebfe80b941c357d99,True,False,40,nbldpc_formal_v5c_decoder_q1024_p30_development_057,40,464,5.421010862427522e-20,nbldpc_v5c_sched,641c745be27bfb9487fa99712a5866725f19c25fc57735fa58196d38cb324559,2.168404344971009e-19,705,development,2,0,0,verified_success,0.3,4,4860e057457460ce174d4a14a63ce0d67548fa0a468ec782fb854e752c567210,1
f72098f4a5513c9d4f0ba14de4ae1c41ddd4cb2bb1c56a897d512ef7af25c896,True,False,40,nbldpc_formal_v5c_decoder_q1024_p30_development_058,40,464,5.421010862427522e-20,nbldpc_v5c_sched,641c745be27bfb9487fa99712a5866725f19c25fc57735fa58196d38cb324559,2.168404344971009e-19,705,development,9,0,0,verified_success,0.3,4,d3fd9591ac1c84f2b1f604cfca4ba41cbbe2e45e7d38f14380ab053c4bfb5389,1
004794be065b64aed60290629ee8e1e53c6d44ddffc97495eff6420dee4e7d47,True,False,40,nbldpc_formal_v5c_decoder_q1024_p30_development_059,40,464,5.421010862427522e-20,nbldpc_v5c_sched,641c745be27bfb9487fa99712a5866725f19c25fc57735fa58196d38cb324559,2.168404344971009e-19,705,development,3,0,0,verified_success,0.3,4,b4bded8e55e056dcf08fa2d9132c1280d63f24adca8939dca2dcfd65e32e3b2c,1
109ec397d2691517910dd6832fb441f898dfc84d7919e04a2abdc67b17f26ee6,True,False,40,nbldpc_formal_v5c_decoder_q1024_p30_development_060,40,464,5.421010862427522e-20,nbldpc_v5c_sched,641c745be27bfb9487fa99712a5866725f19c25fc57735fa58196d38cb324559,2.168404344971009e-19,705,development,5,0,0,verified_success,0.3,4,77964f6958c636cc0ca8f86503f2b896e50d56d4c0c1a211b2c89f4143d3b3b4,1
79544f4a46d9e6336a5af649aab3360036ce766ac213c1409cd86736cba12587,True,False,40,nbldpc_formal_v5c_decoder_q1024_p30_development_061,40,464,5.421010862427522e-20,nbldpc_v5c_sched,641c745be27bfb9487fa99712a5866725f19c25fc57735fa58196d38cb324559,2.168404344971009e-19,705,development,3,0,0,verified_success,0.3,4,7599afa9d0d95c8ee3020170ac56ae041f65bf5874d6189abd3a63ccc3ea54ae,1
addca6e1585523bcc5359176b991c188930d36e84691c7944a767d070b525a08,True,False,40,nbldpc_formal_v5c_decoder_q1024_p30_development_062,40,464,5.421010862427522e-20,nbldpc_v5c_sched,641c745be27bfb9487fa99712a5866725f19c25fc57735fa58196d38cb324559,2.168404344971009e-19,705,development,2,0,0,verified_success,0.3,4,f3c2b8943e347a7e474d8ba32f0fca797b5527de006dbb925c412213539b4c1f,1
c1561981a037de1869132c1bc2c877d17e74730523de9452e3c2ebe30b5b07c7,True,False,40,nbldpc_formal_v5c_decoder_q1024_p30_development_063,40,464,5.421010862427522e-20,nbldpc_v5c_sched,641c745be27bfb9487fa99712a5866725f19c25fc57735fa58196d38cb324559,2.168404344971009e-19,705,development,3,0,0,verified_success,0.3,4,53e97a0fdee50ba48682fc70b529d8266007f994b1bbc0f4ae50fac12461a9ba,1
d5d230e5fa74304cec0758237060fcc132491905a24b4c78bbb54836410c0200,True,True,40,nbldpc_formal_v5c_decoder_q1024_p20_development_000,32,400,,nbldpc_v5c_ems,ca49bd01915892b8dc6dbe110eed5c3b2f9efd02ebeca90ce59e066755a3bf03,2.168404344971009e-19,4,development,12,12,0,decode_failed,0.2,6,c745f4ba3ded570138070baf4c5316024e6274eb830c610481cce27bd3bcc4b3,0
e105f7575a5ec9f30895749a46483beac679215258e532f8915e9ba5fcf5b335,True,False,32,nbldpc_formal_v5c_decoder_q1024_p20_development_001,32,384,5.421010862427522e-20,nbldpc_v5c_ems,ca49bd01915892b8dc6dbe110eed5c3b2f9efd02ebeca90ce59e066755a3bf03,2.168404344971009e-19,705,development,5,0,0,verified_success,0.2,4,81f948ad3eeb5be2681302ec39932453466583588c578388392166f31d7e2d90,1
4a1a06abe1e86f46027c113fd66041d4ba81159f468fd9050ff84eab1ed3cd33,True,False,32,nbldpc_formal_v5c_decoder_q1024_p20_development_002,32,384,5.421010862427522e-20,nbldpc_v5c_ems,ca49bd01915892b8dc6dbe110eed5c3b2f9efd02ebeca90ce59e066755a3bf03,2.168404344971009e-19,705,development,5,0,0,verified_success,0.2,4,fe62ff008b04fab921ca31282a231ad364a32945462bb20de233d595e2f04511,1
02588d1d3a6bd3293dc7b00f22a0dd13cfc3888e32b3adb271e704ce984354f2,True,False,32,nbldpc_formal_v5c_decoder_q1024_p20_development_003,32,384,5.421010862427522e-20,nbldpc_v5c_ems,ca49bd01915892b8dc6dbe110eed5c3b2f9efd02ebeca90ce59e066755a3bf03,2.168404344971009e-19,705,development,5,0,0,verified_success,0.2,4,793df90f94216d94fdc5fb2e7c76e7e2c7b9e0735fc7717c3ba4b5c605ca1651,1
2a0be40f5f92007e07f9480d794935f79220194f53db313122224fed2af981ac,True,True,40,nbldpc_formal_v5c_decoder_q1024_p20_development_004,32,400,,nbldpc_v5c_ems,ca49bd01915892b8dc6dbe110eed5c3b2f9efd02ebeca90ce59e066755a3bf03,2.168404344971009e-19,4,development,12,12,0,decode_failed,0.2,6,1eb920d231fb68fb321fe7229b618563a3de6e697ab9182794ced04bd462456e,0
4818506fdbab612fcb0634049fc60e43e37a905991c557d7f14a19156fb3ad9e,True,False,32,nbldpc_formal_v5c_decoder_q1024_p20_development_005,32,384,5.421010862427522e-20,nbldpc_v5c_ems,ca49bd01915892b8dc6dbe110eed5c3b2f9efd02ebeca90ce59e066755a3bf03,2.168404344971009e-19,705,development,4,0,0,verified_success,0.2,4,e69f5dc97dd89a40d695b9a51d63b0efb067ba93d5802bdbf95aeff3bf061b28,1
319469294bc154f91d871b06a15a230dd787e3a8ce5a37030c17a517b555d7be,True,False,32,nbldpc_formal_v5c_decoder_q1024_p20_development_006,32,384,5.421010862427522e-20,nbldpc_v5c_ems,ca49bd01915892b8dc6dbe110eed5c3b2f9efd02ebeca90ce59e066755a3bf03,2.168404344971009e-19,705,development,4,0,0,verified_success,0.2,4,570290b22d22171b35aca7c3ad71520fa8220d9c30d054b926fe1ed64d226058,1
c5e1218e3dbce948ce24ca365e1e1c9c9c36abd8fd6846dd393acabda5ef821d,True,False,32,nbldpc_formal_v5c_decoder_q1024_p20_development_007,32,384,5.421010862427522e-20,nbldpc_v5c_ems,ca49bd01915892b8dc6dbe110eed5c3b2f9efd02ebeca90ce59e066755a3bf03,2.168404344971009e-19,705,development,3,0,0,verified_success,0.2,4,5b5ecc7080366edcdbcceba4c3c3526f0972246183c290633fbe7b53123dbf93,1
c1c7fe602311ab6dec84e0871757746d5b3fa13cdb6e8c5101ca4e70ae52e5f9,True,True,40,nbldpc_formal_v5c_decoder_q1024_p20_development_008,32,400,,nbldpc_v5c_ems,ca49bd01915892b8dc6dbe110eed5c3b2f9efd02ebeca90ce59e066755a3bf03,2.168404344971009e-19,4,development,12,12,0,decode_failed,0.2,6,4815e957e233bf9934e56f1405aaf50c7b67004918e163848ccc591b4c6a0799,0
cb0327855a0a7bbb6123c73f942c6f1c590416c792ec90582cf8e3a8af3d43f1,True,False,32,nbldpc_formal_v5c_decoder_q1024_p20_development_009,32,384,5.421010862427522e-20,nbldpc_v5c_ems,ca49bd01915892b8dc6dbe110eed5c3b2f9efd02ebeca90ce59e066755a3bf03,2.168404344971009e-19,705,development,3,0,0,verified_success,0.2,4,30269d36d1879cc9d92feaf9c230d8cb4fc49398f64646745ef2f1c5b3f3c77d,1
19df58374a0e6cb0dfedecce9e5fd715d2ec2465f6106259e7a6039b0e093b11,True,False,32,nbldpc_formal_v5c_decoder_q1024_p20_development_010,32,384,5.421010862427522e-20,nbldpc_v5c_ems,ca49bd01915892b8dc6dbe110eed5c3b2f9efd02ebeca90ce59e066755a3bf03,2.168404344971009e-19,705,development,4,0,0,verified_success,0.2,4,21b12eb0ea0b1a74ab2259405a2301aab30089bba024041c552e19b164c83025,1
abd8228a56ca483138341b66cd31f171609fc1ac04d7d1fe175187fa5d362378,True,False,32,nbldpc_formal_v5c_decoder_q1024_p20_development_011,32,384,5.421010862427522e-20,nbldpc_v5c_ems,ca49bd01915892b8dc6dbe110eed5c3b2f9efd02ebeca90ce59e066755a3bf03,2.168404344971009e-19,705,development,7,0,0,verified_success,0.2,4,82e05425bbcdbafdf1f4d071faaae528144df393f721c01632df26e2175a2ae0,1
35d32ab51b7f8a333d3b005a6ffaa5a472377ab5aa985d05aceb204350aa368d,True,True,40,nbldpc_formal_v5c_decoder_q1024_p20_development_012,32,400,,nbldpc_v5c_ems,ca49bd01915892b8dc6dbe110eed5c3b2f9efd02ebeca90ce59e066755a3bf03,2.168404344971009e-19,4,development,12,12,0,decode_failed,0.2,6,c14d094abf269ed794810fb4a691271a886a6efb82491bee4d386f2791c7af8e,0
bbce32ade7db16aa4cc577497af7aae9c8d6f41724ebdc6682301e937fa62df4,True,False,32,nbldpc_formal_v5c_decoder_q1024_p20_development_013,32,384,5.421010862427522e-20,nbldpc_v5c_ems,ca49bd01915892b8dc6dbe110eed5c3b2f9efd02ebeca90ce59e066755a3bf03,2.168404344971009e-19,705,development,7,0,0,verified_success,0.2,4,a5c607554784e503f409f81ff174661dee4e4f1aa00e436533ffb2cd5e3d705c,1
0b36e6b03097d1cea45943cbb88a8c00c2ed8ee28d7b426462a1711d125a4ef6,True,True,40,nbldpc_formal_v5c_decoder_q1024_p20_development_014,32,400,,nbldpc_v5c_ems,ca49bd01915892b8dc6dbe110eed5c3b2f9efd02ebeca90ce59e066755a3bf03,2.168404344971009e-19,4,development,12,12,0,decode_failed,0.2,6,9eeefa6c01d2f6b8fac9f56c139756e0ec5d11e6bac3e729a87525fd2a8fd0c4,0
345fe24a02454cc282f7c344c0ae778cb82a4b7b4827e002b64beaf25bb3d1b5,True,True,40,nbldpc_formal_v5c_decoder_q1024_p20_development_015,32,400,,nbldpc_v5c_ems,ca49bd01915892b8dc6dbe110eed5c3b2f9efd02ebeca90ce59e066755a3bf03,2.168404344971009e-19,4,development,12,12,0,decode_failed,0.2,6,c661f4382500088cfc6e23c3ce86bcb8877d733b9df89ef2e9accd171a345ddc,0
7d083946f0a700439a1f3291623b9919fcf9de8b8857ee31fbe4839c8677cfa6,True,False,32,nbldpc_formal_v5c_decoder_q1024_p20_development_016,32,384,5.421010862427522e-20,nbldpc_v5c_ems,ca49bd01915892b8dc6dbe110eed5c3b2f9efd02ebeca90ce59e066755a3bf03,2.168404344971009e-19,705,development,6,0,0,verified_success,0.2,4,ba873a551fb446e9f359167e976cd5f20fc4a4078b21a1a8830143b48095eb28,1
3df8daa477cac21b68835a43de992a9cfb58da9bae96e5167a21548ff91f807c,True,False,32,nbldpc_formal_v5c_decoder_q1024_p20_development_017,32,384,5.421010862427522e-20,nbldpc_v5c_ems,ca49bd01915892b8dc6dbe110eed5c3b2f9efd02ebeca90ce59e066755a3bf03,2.168404344971009e-19,705,development,8,0,0,verified_success,0.2,4,de5ddb022420ac30cb6d6ba0ae696ae4ca20dc6b742dda9664ed9179419fe0cf,1
e4ca6e1fa32b073dbe3716bfc0888d57f01f7af690cfd83324324045ade63e10,True,False,32,nbldpc_formal_v5c_decoder_q1024_p20_development_018,32,384,5.421010862427522e-20,nbldpc_v5c_ems,ca49bd01915892b8dc6dbe110eed5c3b2f9efd02ebeca90ce59e066755a3bf03,2.168404344971009e-19,705,development,4,0,0,verified_success,0.2,4,b0c48622fc64583f4d8cb62a7eeaceebc049f2e6c97f4ce21dc8dd9ab091b454,1
685eec2cb63678e919c403e43f80adbff51ca069f6da01bd6aed325b81c859aa,True,False,32,nbldpc_formal_v5c_decoder_q1024_p20_development_019,32,384,5.421010862427522e-20,nbldpc_v5c_ems,ca49bd01915892b8dc6dbe110eed5c3b2f9efd02ebeca90ce59e066755a3bf03,2.168404344971009e-19,705,development,3,0,0,verified_success,0.2,4,e450d7745445880697836dc686f6fab0490831533a9e7f1c04bd52f84e24c1d7,1
c30dad1061386de999e3d5c4a4e40661942f5932fc9e2b19da9e0d1655d05a89,True,False,32,nbldpc_formal_v5c_decoder_q1024_p20_development_020,32,384,5.421010862427522e-20,nbldpc_v5c_ems,ca49bd01915892b8dc6dbe110eed5c3b2f9efd02ebeca90ce59e066755a3bf03,2.168404344971009e-19,705,development,3,0,0,verified_success,0.2,4,f75c715bcdf6b9248034937bfc8efc7955d5e29925cc563a151cff89b98019a7,1
2c3f019671f1addca564962c03b54a84b3b5c036842beb2f87db0df66e9c580e,True,False,32,nbldpc_formal_v5c_decoder_q1024_p20_development_021,32,384,5.421010862427522e-20,nbldpc_v5c_ems,ca49bd01915892b8dc6dbe110eed5c3b2f9efd02ebeca90ce59e066755a3bf03,2.168404344971009e-19,705,development,5,0,0,verified_success,0.2,4,58f0105ebad28cfaa077b5292b42c6efc4ff0f921a889ddd2f77f4e9f8cb8a10,1
e04a5f3862c2acb6ce743174336bb9e187c1dd64ff13c9910fcbc909b2368fed,True,False,32,nbldpc_formal_v5c_decoder_q1024_p20_development_022,32,384,5.421010862427522e-20,nbldpc_v5c_ems,ca49bd01915892b8dc6dbe110eed5c3b2f9efd02ebeca90ce59e066755a3bf03,2.168404344971009e-19,705,development,3,0,0,verified_success,0.2,4,5bf44f75a09daba49c70d53637c29b9e70c20bc58e1661b5fe85d2e9a528fdf9,1
d0a7867e628b28847feccff9a051cbbfd0cfeb878c00a88d3dda54d34591e3fa,True,False,32,nbldpc_formal_v5c_decoder_q1024_p20_development_023,32,384,5.421010862427522e-20,nbldpc_v5c_ems,ca49bd01915892b8dc6dbe110eed5c3b2f9efd02ebeca90ce59e066755a3bf03,2.168404344971009e-19,705,development,5,0,0,verified_success,0.2,4,e41000082aacf9757a508753ac2df8d88b79b10b949b4b87c71910f6220287c2,1
f2e7ee0092be22b0064a8a7d949cb59bcddc2453b3b321ec684bd92c2447bea5,True,True,40,nbldpc_formal_v5c_decoder_q1024_p20_development_024,32,400,,nbldpc_v5c_ems,ca49bd01915892b8dc6dbe110eed5c3b2f9efd02ebeca90ce59e066755a3bf03,2.168404344971009e-19,4,development,12,12,0,decode_failed,0.2,6,d71a3f7ac7840a5887f67941ca1509eb6c5892c84fe0f44d898139138c7e275a,0
71376b24ad7550c2b1d66aea8ece59757bce9dd2ed9d18d473981d6c6f7b1c36,True,False,32,nbldpc_formal_v5c_decoder_q1024_p20_development_025,32,384,5.421010862427522e-20,nbldpc_v5c_ems,ca49bd01915892b8dc6dbe110eed5c3b2f9efd02ebeca90ce59e066755a3bf03,2.168404344971009e-19,705,development,5,0,0,verified_success,0.2,4,c97febf04a5fa153d57ed2a6754d7d895d27cc0625f346589535ad78f4aee27b,1
96c4d7ef8b2180d8c8723686e5394b62af4a0a4b285a976552b8ee3e17d81524,True,False,32,nbldpc_formal_v5c_decoder_q1024_p20_development_026,32,384,5.421010862427522e-20,nbldpc_v5c_ems,ca49bd01915892b8dc6dbe110eed5c3b2f9efd02ebeca90ce59e066755a3bf03,2.168404344971009e-19,705,development,5,0,0,verified_success,0.2,4,a3a30978bc58999f386d97c4d3a248549d8804327ccfb141d14b08ad1857405e,1
1eb10db85ce143a7f018ae61419dccf01b40b6ed2a8b8d8cebca4716543c9d4b,True,False,32,nbldpc_formal_v5c_decoder_q1024_p20_development_027,32,384,5.421010862427522e-20,nbldpc_v5c_ems,ca49bd01915892b8dc6dbe110eed5c3b2f9efd02ebeca90ce59e066755a3bf03,2.168404344971009e-19,705,development,5,0,0,verified_success,0.2,4,64a73ad40eb75d754574d01d907ce833a73706527ddefa4940d26447ff79c8ec,1
e1fc5a0e04907f30f58c2b38c78b286a35b08a04cec39aeb49a7092803769b8f,True,False,32,nbldpc_formal_v5c_decoder_q1024_p20_development_028,32,384,5.421010862427522e-20,nbldpc_v5c_ems,ca49bd01915892b8dc6dbe110eed5c3b2f9efd02ebeca90ce59e066755a3bf03,2.168404344971009e-19,705,development,3,0,0,verified_success,0.2,4,ef955c8d72c41d71980e91361a1bdc330ff65b7f30109c860d83f98f9b86bdec,1
ce95b22b90792a34e54be881c90b88802ebbda58436527c29f7b750abc0342d0,True,True,40,nbldpc_formal_v5c_decoder_q1024_p20_development_029,32,400,,nbldpc_v5c_ems,ca49bd01915892b8dc6dbe110eed5c3b2f9efd02ebeca90ce59e066755a3bf03,2.168404344971009e-19,4,development,12,12,0,decode_failed,0.2,6,febc2829903173c95f5d20fe2eca62c0852ab43e2f2b4bcf7bd56cd39cbbabb9,0
5d3f750f5a9048a02f1a1b4de3d3e72bab9c91f32a849cb6f6c529fa3dcd8f67,True,False,32,nbldpc_formal_v5c_decoder_q1024_p20_development_030,32,384,5.421010862427522e-20,nbldpc_v5c_ems,ca49bd01915892b8dc6dbe110eed5c3b2f9efd02ebeca90ce59e066755a3bf03,2.168404344971009e-19,705,development,3,0,0,verified_success,0.2,4,d736a5ce33c34a9eb4e50f029f0a58a0acd88fcad9af73ff512771211172224d,1
40ef7630d31ee7118f1622836cafde551656a8b17cdb54456fd941c373d35754,True,False,32,nbldpc_formal_v5c_decoder_q1024_p20_development_031,32,384,5.421010862427522e-20,nbldpc_v5c_ems,ca49bd01915892b8dc6dbe110eed5c3b2f9efd02ebeca90ce59e066755a3bf03,2.168404344971009e-19,705,development,3,0,0,verified_success,0.2,4,47f8316f28688ecae18da20adfae6068cf8ec3d4f740c563f9016ed72b1bfc5e,1
f2ee0c27f26139644c87a1a767ab061216c3aea54c388b8259e3d9fb971ee329,True,False,32,nbldpc_formal_v5c_decoder_q1024_p20_development_032,32,384,5.421010862427522e-20,nbldpc_v5c_ems,ca49bd01915892b8dc6dbe110eed5c3b2f9efd02ebeca90ce59e066755a3bf03,2.168404344971009e-19,705,development,4,0,0,verified_success,0.2,4,19145eeba76f9f7a7bfd6d8ae4556239ecc74977f24988db2a97505647552fc7,1
be573e578b32d633170f9116041c61ef50ca13984c203c081624a99550eb73c6,True,True,40,nbldpc_formal_v5c_decoder_q1024_p20_development_033,32,400,,nbldpc_v5c_ems,ca49bd01915892b8dc6dbe110eed5c3b2f9efd02ebeca90ce59e066755a3bf03,2.168404344971009e-19,4,development,12,12,0,decode_failed,0.2,6,cd6fcf53d517706f86c6e9a83c3a46610ed131f7141a57cfcf9ba15d1c3401ec,0
4adfa2f859d8aa300c8aa81e91e6a2dc6f8650a0cc38ae449cd26d09491b4254,True,False,32,nbldpc_formal_v5c_decoder_q1024_p20_development_034,32,384,5.421010862427522e-20,nbldpc_v5c_ems,ca49bd01915892b8dc6dbe110eed5c3b2f9efd02ebeca90ce59e066755a3bf03,2.168404344971009e-19,705,development,5,0,0,verified_success,0.2,4,fd5c6c3b9d6481cb7f87c6b47fd98db0b04bc0886ff2573fc3a3027623db673d,1
50fbe253b2051c108309c8768d3ea2d0032d221f4e73ab17fef82447e823be33,True,False,32,nbldpc_formal_v5c_decoder_q1024_p20_development_035,32,384,5.421010862427522e-20,nbldpc_v5c_ems,ca49bd01915892b8dc6dbe110eed5c3b2f9efd02ebeca90ce59e066755a3bf03,2.168404344971009e-19,705,development,4,0,0,verified_success,0.2,4,f8978e2ec01f23edd5f9999136c93c475c0b4836ee639bc9ea04d24b30021276,1
e92f1f4212ca6b1f608125910c67b8ead05ebe2d4b18fc4e4801d42a6b93ed22,True,True,40,nbldpc_formal_v5c_decoder_q1024_p20_development_036,32,400,,nbldpc_v5c_ems,ca49bd01915892b8dc6dbe110eed5c3b2f9efd02ebeca90ce59e066755a3bf03,2.168404344971009e-19,4,development,12,12,0,decode_failed,0.2,6,3555c62a6b0ddd7ff9695aeb39f70b0c43afd867f86aaa43ddbe150f38c612d4,0
51ad8f4156149f4d34a4f15d58b550d008fe23a0d56304118039c9341c4a0aaf,True,False,32,nbldpc_formal_v5c_decoder_q1024_p20_development_037,32,384,5.421010862427522e-20,nbldpc_v5c_ems,ca49bd01915892b8dc6dbe110eed5c3b2f9efd02ebeca90ce59e066755a3bf03,2.168404344971009e-19,705,development,3,0,0,verified_success,0.2,4,025e4a562c03c68195113c50505f02f9f6fb61a629967ab1096cce1db5de9850,1
7f1287c6d3656b140e652650f683956fa0f5d1790beef5bc27e3407119345944,True,False,32,nbldpc_formal_v5c_decoder_q1024_p20_development_038,32,384,5.421010862427522e-20,nbldpc_v5c_ems,ca49bd01915892b8dc6dbe110eed5c3b2f9efd02ebeca90ce59e066755a3bf03,2.168404344971009e-19,705,development,3,0,0,verified_success,0.2,4,558a97bf6b05f8aab2e13e0d47734e7e3ed54b2c593506d57c343b351d1e384e,1
95f2be20d14ac9396fd6c4fac02fcd18cea2e3a0dbe1cbf698f7118671b8b026,True,False,32,nbldpc_formal_v5c_decoder_q1024_p20_development_039,32,384,5.421010862427522e-20,nbldpc_v5c_ems,ca49bd01915892b8dc6dbe110eed5c3b2f9efd02ebeca90ce59e066755a3bf03,2.168404344971009e-19,705,development,4,0,0,verified_success,0.2,4,5458a26bb0f0e86f9c13224503f6f5189bfeda6a3dea055ed57fe894b8033ce7,1
c159db78b1fe7c995e6ceff5af7c3f3ba8089c8f5322b24bb9f2718af83e4966,True,False,32,nbldpc_formal_v5c_decoder_q1024_p20_development_040,32,384,5.421010862427522e-20,nbldpc_v5c_ems,ca49bd01915892b8dc6dbe110eed5c3b2f9efd02ebeca90ce59e066755a3bf03,2.168404344971009e-19,705,development,4,0,0,verified_success,0.2,4,d6fc1a6dea24c2658253f05c50eac5fe48e4af25df9e2d22b5a037e38093487b,1
26085be2a30255b680e9900c50107ff3f6728a45805cc87a9b064ed53eb881f8,True,True,40,nbldpc_formal_v5c_decoder_q1024_p20_development_041,32,400,,nbldpc_v5c_ems,ca49bd01915892b8dc6dbe110eed5c3b2f9efd02ebeca90ce59e066755a3bf03,2.168404344971009e-19,4,development,12,12,0,decode_failed,0.2,6,91249b281ae2cd5efeed37ed621e1937d00ac2643445404c86d68fbe7d0f9115,0
003c33f8b6d3ac18557836e8085ee789a8c0edf154ac194e92fb776d941cc7ce,True,False,32,nbldpc_formal_v5c_decoder_q1024_p20_development_042,32,384,5.421010862427522e-20,nbldpc_v5c_ems,ca49bd01915892b8dc6dbe110eed5c3b2f9efd02ebeca90ce59e066755a3bf03,2.168404344971009e-19,705,development,3,0,0,verified_success,0.2,4,6d0245200af43fcd2ba2c657ae02d2de438c404fc3cc8c71e1ef8b947d6c9388,1
e58ccbae0a982a9b2f68953ae836f19de1bdca30bfd0374adcbd420ada38045c,True,False,32,nbldpc_formal_v5c_decoder_q1024_p20_development_043,32,384,5.421010862427522e-20,nbldpc_v5c_ems,ca49bd01915892b8dc6dbe110eed5c3b2f9efd02ebeca90ce59e066755a3bf03,2.168404344971009e-19,705,development,5,0,0,verified_success,0.2,4,df839d6ba05216715de933659e75b518178f9636323d4fc67e187bc283dddbe9,1
14add725850cf0968c21e7ef67d76c274f9a1f12053a486034a8a54d3b3c7f95,True,False,32,nbldpc_formal_v5c_decoder_q1024_p20_development_044,32,384,5.421010862427522e-20,nbldpc_v5c_ems,ca49bd01915892b8dc6dbe110eed5c3b2f9efd02ebeca90ce59e066755a3bf03,2.168404344971009e-19,705,development,4,0,0,verified_success,0.2,4,7b1e4768d495bcf312f9108ce14c396ecff0cef3dcaf3c5b2fef47012dfc954a,1
20dbe97a1a18fae6206235b8e954f903cf03fe0a1547d14b6166bc6073ca3582,True,False,32,nbldpc_formal_v5c_decoder_q1024_p20_development_045,32,384,5.421010862427522e-20,nbldpc_v5c_ems,ca49bd01915892b8dc6dbe110eed5c3b2f9efd02ebeca90ce59e066755a3bf03,2.168404344971009e-19,705,development,4,0,0,verified_success,0.2,4,793048954177b5be6d0be4a91dccaf6c84c3cd7c1f110b37241a60f96880ce4d,1
ca9b046c6b314a02154cc61a4b1510d424e8d821bd336f774751dac042d0d220,True,False,32,nbldpc_formal_v5c_decoder_q1024_p20_development_046,32,384,5.421010862427522e-20,nbldpc_v5c_ems,ca49bd01915892b8dc6dbe110eed5c3b2f9efd02ebeca90ce59e066755a3bf03,2.168404344971009e-19,705,development,5,0,0,verified_success,0.2,4,2625be630043dd6a201f4bdf825eb4a1b58f0f641f40c748935f23b538568156,1
8ba13c72309fd0d748c3bec9f897590d0fdecf311111eb7fe89b07bee250cf86,True,False,32,nbldpc_formal_v5c_decoder_q1024_p20_development_047,32,384,5.421010862427522e-20,nbldpc_v5c_ems,ca49bd01915892b8dc6dbe110eed5c3b2f9efd02ebeca90ce59e066755a3bf03,2.168404344971009e-19,705,development,4,0,0,verified_success,0.2,4,5b7b903eb659628c55d05a00f0aebe37ccf8d13b4b4dbc9dac43e4278bb0a335,1
f3a547f93b6bc0a9cd4ee3e757d460364c0b95a0866c300de0330d5e445b2709,True,True,40,nbldpc_formal_v5c_decoder_q1024_p20_development_048,32,400,,nbldpc_v5c_ems,ca49bd01915892b8dc6dbe110eed5c3b2f9efd02ebeca90ce59e066755a3bf03,2.168404344971009e-19,4,development,12,12,0,decode_failed,0.2,6,9bb3ba395a8cfb2cdcbbc9482e7849e8b799174e35c4d5e4d739a33e6410b4f1,0
00efa23ad39678f6be5dc76fd85764db05e8b431c389e3e83261450fd0e98d5d,True,False,32,nbldpc_formal_v5c_decoder_q1024_p20_development_049,32,384,5.421010862427522e-20,nbldpc_v5c_ems,ca49bd01915892b8dc6dbe110eed5c3b2f9efd02ebeca90ce59e066755a3bf03,2.168404344971009e-19,705,development,3,0,0,verified_success,0.2,4,a7a8cf5d9b44eb0a38f8500fa1daefbd6534a79260243f12e42ad96bf8dd3f49,1
cdebe722641b0e853826231d6dc31e4240e2514d9257505b7f90e97251848d3b,True,False,32,nbldpc_formal_v5c_decoder_q1024_p20_development_050,32,384,5.421010862427522e-20,nbldpc_v5c_ems,ca49bd01915892b8dc6dbe110eed5c3b2f9efd02ebeca90ce59e066755a3bf03,2.168404344971009e-19,705,development,5,0,0,verified_success,0.2,4,b03ce77726d4bb9d09d31776262ac75939e8521514371ad114ba1218748bd14a,1
fdc5d714c913378ad4d749a093064f78a6141edb7fdb4f3aa6476985cc7fdf42,True,False,32,nbldpc_formal_v5c_decoder_q1024_p20_development_051,32,384,5.421010862427522e-20,nbldpc_v5c_ems,ca49bd01915892b8dc6dbe110eed5c3b2f9efd02ebeca90ce59e066755a3bf03,2.168404344971009e-19,705,development,5,0,0,verified_success,0.2,4,567accb8e7e2209bc730b48ef03eb7af802f700b3e080255ec4549ce1ba1af34,1
985dd4553513811cea3d75c47deebc86a8ca12b6383072f3c223db6f65cdbfcc,True,True,40,nbldpc_formal_v5c_decoder_q1024_p20_development_052,32,400,,nbldpc_v5c_ems,ca49bd01915892b8dc6dbe110eed5c3b2f9efd02ebeca90ce59e066755a3bf03,2.168404344971009e-19,4,development,12,12,0,decode_failed,0.2,6,6fecaa097cf2f4b1126eed52577fdbf29a4cab6bc9aa148e9d3c4b4bb9abc63f,0
fb07863adbbc34549b317451eaf585813b1b92a189123f421b9a83a2f87943b9,True,True,40,nbldpc_formal_v5c_decoder_q1024_p20_development_053,32,400,,nbldpc_v5c_ems,ca49bd01915892b8dc6dbe110eed5c3b2f9efd02ebeca90ce59e066755a3bf03,2.168404344971009e-19,4,development,12,12,0,decode_failed,0.2,6,3524f53fd314a3c5e378a87d86ac4b6ab3429b1396e021e6fd4f55141ddfd1c4,0
50fd5913be4eadf57cc5e2e3606937fa27e6c3b34a9c852c0737227783db255e,True,False,32,nbldpc_formal_v5c_decoder_q1024_p20_development_054,32,384,5.421010862427522e-20,nbldpc_v5c_ems,ca49bd01915892b8dc6dbe110eed5c3b2f9efd02ebeca90ce59e066755a3bf03,2.168404344971009e-19,705,development,5,0,0,verified_success,0.2,4,5c4b5e0e3fab0d74e3763be0fab02c8f08dd884a87dd8e20876c14bea2b4cf42,1
facb73c8e4bf4623b858ff8d4bc4d6ba5175402a4f3b535af2c6ca929e005b81,True,True,40,nbldpc_formal_v5c_decoder_q1024_p20_development_055,32,400,,nbldpc_v5c_ems,ca49bd01915892b8dc6dbe110eed5c3b2f9efd02ebeca90ce59e066755a3bf03,2.168404344971009e-19,4,development,12,12,0,decode_failed,0.2,6,4303905389accd86faaa5c79cff5fea66def5ea224d67a7403e0cdd856a17034,0
c2bf176c6f70e03f86031d1066341be4854c4ac3213d4692d00d8ccb0a2c54bd,True,False,32,nbldpc_formal_v5c_decoder_q1024_p20_development_056,32,384,5.421010862427522e-20,nbldpc_v5c_ems,ca49bd01915892b8dc6dbe110eed5c3b2f9efd02ebeca90ce59e066755a3bf03,2.168404344971009e-19,705,development,5,0,0,verified_success,0.2,4,65273d9379e50d25208665c9f71c2b4e3daf1c97614a02373365d54451e0a1be,1
9a70b8c31e370631a9edf9ebf07e546ba1169b9a9e7c70c50dc0dba42e762851,True,False,32,nbldpc_formal_v5c_decoder_q1024_p20_development_057,32,384,5.421010862427522e-20,nbldpc_v5c_ems,ca49bd01915892b8dc6dbe110eed5c3b2f9efd02ebeca90ce59e066755a3bf03,2.168404344971009e-19,705,development,6,0,0,verified_success,0.2,4,b08ed0b308b4f9c11225b0b11af20fb136760973695601f1b71076924edfb7b4,1
6e320e373a6c8f5ee0b26f23030cecc08c4baa211b8c5018042fb8ffbea6d402,True,False,32,nbldpc_formal_v5c_decoder_q1024_p20_development_058,32,384,5.421010862427522e-20,nbldpc_v5c_ems,ca49bd01915892b8dc6dbe110eed5c3b2f9efd02ebeca90ce59e066755a3bf03,2.168404344971009e-19,705,development,7,0,0,verified_success,0.2,4,c6ffce3f5dd5db013e6ca3308c5638ab29106325bc44526bdbdaa2f6c3b17eee,1
dfebfcc9361548c550ba2d2303c0cfda47faa575c698fdb9e065d466da9b8cc7,True,True,40,nbldpc_formal_v5c_decoder_q1024_p20_development_059,32,400,,nbldpc_v5c_ems,ca49bd01915892b8dc6dbe110eed5c3b2f9efd02ebeca90ce59e066755a3bf03,2.168404344971009e-19,4,development,12,12,0,decode_failed,0.2,6,458d1648ff2a9a2a756dbe62b993ac30cc75a7331ed7e6abec3a798d899a1e5a,0
3388c2952b92e305c7b30a590c52f3e5a11fabd4dcbca168d22255c0da91b363,True,False,32,nbldpc_formal_v5c_decoder_q1024_p20_development_060,32,384,5.421010862427522e-20,nbldpc_v5c_ems,ca49bd01915892b8dc6dbe110eed5c3b2f9efd02ebeca90ce59e066755a3bf03,2.168404344971009e-19,705,development,6,0,0,verified_success,0.2,4,11fdad000ec76a7350725b9dc2d41c755db8dcb1f80a0e446977e417a1bcf082,1
35921c1a7e0f346f39b2e1c134180d76ab9c85da8209f27ca051ea2666340ae9,True,False,32,nbldpc_formal_v5c_decoder_q1024_p20_development_061,32,384,5.421010862427522e-20,nbldpc_v5c_ems,ca49bd01915892b8dc6dbe110eed5c3b2f9efd02ebeca90ce59e066755a3bf03,2.168404344971009e-19,705,development,6,0,0,verified_success,0.2,4,bac390789ad3b2ff6e030bc3748d17bb616a4442dedebfd07b054058e2040255,1
7937802e97ede5700af0d29213b0da443d8a78b5d39fbb21cda827a3566962bb,True,True,40,nbldpc_formal_v5c_decoder_q1024_p20_development_062,32,400,,nbldpc_v5c_ems,ca49bd01915892b8dc6dbe110eed5c3b2f9efd02ebeca90ce59e066755a3bf03,2.168404344971009e-19,4,development,12,12,0,decode_failed,0.2,6,3d8d23461887f783de4a8c3dcf5716d70309a6d74321dcd762b424841e7a24c8,0
784822616ee6b29c45e78f7217f80fa6e05f44a4edab9f1eefd1296f00fa0896,True,False,32,nbldpc_formal_v5c_decoder_q1024_p20_development_063,32,384,5.421010862427522e-20,nbldpc_v5c_ems,ca49bd01915892b8dc6dbe110eed5c3b2f9efd02ebeca90ce59e066755a3bf03,2.168404344971009e-19,705,development,5,0,0,verified_success,0.2,4,7e9d6ea7270ceb8595b15287b1ba1cf77bffffb0b4aca4efde1b9c464f4af45d,1
0daf35bf20c676326e90e6ded4667da55f732abcfb93ced58cb617210bdc30ec,True,True,56,nbldpc_formal_v5c_decoder_q1024_p30_development_000,40,560,,nbldpc_v5c_ems,ca49bd01915892b8dc6dbe110eed5c3b2f9efd02ebeca90ce59e066755a3bf03,2.168404344971009e-19,6,development,12,12,12,decode_failed,0.3,9,7828c3f29554a773c379b2c806e343c3a58f922b9e2e957dd108163ad98beae1,0
637a90371a66d252c76874a0320509df31228640f78c47e47a1e6d3c834faf3a,True,False,40,nbldpc_formal_v5c_decoder_q1024_p30_development_001,40,464,5.421010862427522e-20,nbldpc_v5c_ems,ca49bd01915892b8dc6dbe110eed5c3b2f9efd02ebeca90ce59e066755a3bf03,2.168404344971009e-19,705,development,4,0,0,verified_success,0.3,4,f3760ee9049717391fec4e6fc757ffa4a1d011df61e2e10b4e9768c1cd7b6b5c,1
edfddec5c9d34ea86ed7ba688b5c295cd120ddf1074f4bf5aec9f9705cc70b92,True,False,40,nbldpc_formal_v5c_decoder_q1024_p30_development_002,40,464,5.421010862427522e-20,nbldpc_v5c_ems,ca49bd01915892b8dc6dbe110eed5c3b2f9efd02ebeca90ce59e066755a3bf03,2.168404344971009e-19,705,development,5,0,0,verified_success,0.3,4,41effc31a77a9a30d28ff62bc6d9792273bccb7cb5c5e3e95fbf104b04be089e,1
ed25692533251a5c3191b4ed122da86b28471548506139938092772844fa3c59,True,False,40,nbldpc_formal_v5c_decoder_q1024_p30_development_003,40,464,5.421010862427522e-20,nbldpc_v5c_ems,ca49bd01915892b8dc6dbe110eed5c3b2f9efd02ebeca90ce59e066755a3bf03,2.168404344971009e-19,705,development,4,0,0,verified_success,0.3,4,6ae31fcb8c3df540f9f00529ec5ec10fb4eb0d98337c5abaa407d0d83de9bfdd,1
71f611c4957373c2da2cd6637e2a5e4a59b93eea56b4d6362aca3c63785ada05,True,False,40,nbldpc_formal_v5c_decoder_q1024_p30_development_004,40,464,5.421010862427522e-20,nbldpc_v5c_ems,ca49bd01915892b8dc6dbe110eed5c3b2f9efd02ebeca90ce59e066755a3bf03,2.168404344971009e-19,705,development,4,0,0,verified_success,0.3,4,3a3571faa7a2a787cdd08039aac78f9752ceaa1bd32e55a3f01e918bf4f83924,1
52f3881a78b1270402a09d8c8e9fa2c7e5746476150e50235945c78a1d1fbbaf,True,True,56,nbldpc_formal_v5c_decoder_q1024_p30_development_005,40,560,,nbldpc_v5c_ems,ca49bd01915892b8dc6dbe110eed5c3b2f9efd02ebeca90ce59e066755a3bf03,2.168404344971009e-19,6,development,12,12,12,decode_failed,0.3,9,95ad1dfc902e528634892852cfc8e727baa67fc18ecb63eb3ea49988ad9b2f71,0
b67fe0b8be2866290d91f0fc6f5da2ec6502adea5184ed43fd4a2eaa042739bf,True,False,40,nbldpc_formal_v5c_decoder_q1024_p30_development_006,40,464,5.421010862427522e-20,nbldpc_v5c_ems,ca49bd01915892b8dc6dbe110eed5c3b2f9efd02ebeca90ce59e066755a3bf03,2.168404344971009e-19,705,development,4,0,0,verified_success,0.3,4,faf4a2270b74835ed3d161a8dffcabf8751dccc737143af04fc0be38f326c60a,1
ddca3237c03aba7be2aac65b9dfd51b54143f6bd7fefaf5e98b4c22b72a8dc6e,True,False,40,nbldpc_formal_v5c_decoder_q1024_p30_development_007,40,464,5.421010862427522e-20,nbldpc_v5c_ems,ca49bd01915892b8dc6dbe110eed5c3b2f9efd02ebeca90ce59e066755a3bf03,2.168404344971009e-19,705,development,4,0,0,verified_success,0.3,4,f5630bc67f2cd00e052f476e1fdef48c5ce336ee34d2903ec334c446766510e2,1
dd8382144aca6aa8178aa8e30f37b0864816ac900f59705e7f6b478c66046541,True,True,56,nbldpc_formal_v5c_decoder_q1024_p30_development_008,40,560,,nbldpc_v5c_ems,ca49bd01915892b8dc6dbe110eed5c3b2f9efd02ebeca90ce59e066755a3bf03,2.168404344971009e-19,6,development,12,12,12,decode_failed,0.3,9,04db7cf39864d311544ab8f4aafc8897dd2bd97145a588fee1a0b970b0d48448,0
273ff2a38b892fee8dbbf94fadb935cb7564cb912f2a03293f738c3435738cfd,True,True,56,nbldpc_formal_v5c_decoder_q1024_p30_development_009,40,560,,nbldpc_v5c_ems,ca49bd01915892b8dc6dbe110eed5c3b2f9efd02ebeca90ce59e066755a3bf03,2.168404344971009e-19,6,development,12,12,12,decode_failed,0.3,9,9ab7b167bbd836953aa148352e8c6e4cb696e9ea61911f14ef5de563f7ea22b3,0
42536d817cf519a9451bb74212d4bc3b87e832db312a8f5e43b356a20f968631,True,False,40,nbldpc_formal_v5c_decoder_q1024_p30_development_010,40,464,5.421010862427522e-20,nbldpc_v5c_ems,ca49bd01915892b8dc6dbe110eed5c3b2f9efd02ebeca90ce59e066755a3bf03,2.168404344971009e-19,705,development,6,0,0,verified_success,0.3,4,14b0698f0d835dfb061ee656e876dfee8e6a9c4d0547c56b09cbe9ff484f7612,1
a3d474623cd116eff4778b3a2ad4786ce4b55bb468056086a24d5986ebd870c9,True,False,40,nbldpc_formal_v5c_decoder_q1024_p30_development_011,40,464,5.421010862427522e-20,nbldpc_v5c_ems,ca49bd01915892b8dc6dbe110eed5c3b2f9efd02ebeca90ce59e066755a3bf03,2.168404344971009e-19,705,development,3,0,0,verified_success,0.3,4,3dd40c0b9c1c1dec68cc84ebf04ae9ba5fb958d015eb993bdf7f75e837d87cb0,1
804386013d5e256760e7dd50223c021fe79962725082543f38b5731524d34365,True,False,40,nbldpc_formal_v5c_decoder_q1024_p30_development_012,40,464,5.421010862427522e-20,nbldpc_v5c_ems,ca49bd01915892b8dc6dbe110eed5c3b2f9efd02ebeca90ce59e066755a3bf03,2.168404344971009e-19,705,development,6,0,0,verified_success,0.3,4,72b0fcac3c3f1fd997ec5312e308afda9097253c7cd8c95b10cd05fc368525da,1
a3e4c039cffa6ae7d6c20f83df45e63af66c6b178de02ed42f7d4fbc54494abb,True,True,56,nbldpc_formal_v5c_decoder_q1024_p30_development_013,40,560,,nbldpc_v5c_ems,ca49bd01915892b8dc6dbe110eed5c3b2f9efd02ebeca90ce59e066755a3bf03,2.168404344971009e-19,6,development,12,12,12,decode_failed,0.3,9,20ca01a53f6fb0fe2501654b78501d4885c60ece1cc6da3cad9adbd2f5b06699,0
0e38d01536ffff422a999c2c506f58317fbb36360b7cafe928f6ad9f63237680,True,False,40,nbldpc_formal_v5c_decoder_q1024_p30_development_014,40,464,5.421010862427522e-20,nbldpc_v5c_ems,ca49bd01915892b8dc6dbe110eed5c3b2f9efd02ebeca90ce59e066755a3bf03,2.168404344971009e-19,705,development,4,0,0,verified_success,0.3,4,c4c7a7105791c39f888b68d92852bae1a70aee9810730a19654837acda54fac2,1
99d7efebe0c4f30d4f9954b171a8c6f9d33c065ce0dbb51b2257132ae8cce197,True,False,40,nbldpc_formal_v5c_decoder_q1024_p30_development_015,40,464,5.421010862427522e-20,nbldpc_v5c_ems,ca49bd01915892b8dc6dbe110eed5c3b2f9efd02ebeca90ce59e066755a3bf03,2.168404344971009e-19,705,development,5,0,0,verified_success,0.3,4,1756134105ad6013e577a11c8e4e841a46da3935087f76a5733f414a467dfdb6,1
e9251c22475a5605976b70e0c660a9e264340cdde675e38bcf1357c2937de3d2,True,False,40,nbldpc_formal_v5c_decoder_q1024_p30_development_016,40,464,5.421010862427522e-20,nbldpc_v5c_ems,ca49bd01915892b8dc6dbe110eed5c3b2f9efd02ebeca90ce59e066755a3bf03,2.168404344971009e-19,705,development,5,0,0,verified_success,0.3,4,28f4f4713f03f92af36b85596d49619abbba34aceefa9d45978421cb3ece8efc,1
a813ee848b797f80537d360f8d9c5434afeb3aab1b673c6bed239115b19d422b,True,True,56,nbldpc_formal_v5c_decoder_q1024_p30_development_017,40,560,,nbldpc_v5c_ems,ca49bd01915892b8dc6dbe110eed5c3b2f9efd02ebeca90ce59e066755a3bf03,2.168404344971009e-19,6,development,12,12,12,decode_failed,0.3,9,ef014d89f2b7d405df6e310fba922d085ea2b183d66490636f17ea65346151ae,0
986c4fb9334e55b15523682a71bc40d2c1a21b488d1a66f16650c5e57b26ffc2,True,True,56,nbldpc_formal_v5c_decoder_q1024_p30_development_018,40,560,,nbldpc_v5c_ems,ca49bd01915892b8dc6dbe110eed5c3b2f9efd02ebeca90ce59e066755a3bf03,2.168404344971009e-19,6,development,12,12,12,decode_failed,0.3,9,c235f91ee40e6a38f1c09ecd54f309b54e7fbf0475629ce8d0d34f1f7b6a55d8,0
465d0e13bf1cd3965c67f0b0473ada2c1db8257bcb305bfe7a5eb6643fc59c64,True,True,56,nbldpc_formal_v5c_decoder_q1024_p30_development_019,40,560,,nbldpc_v5c_ems,ca49bd01915892b8dc6dbe110eed5c3b2f9efd02ebeca90ce59e066755a3bf03,2.168404344971009e-19,6,development,12,12,12,decode_failed,0.3,9,b81a84487d1a98a7d91e47dc228ef3b2ca7e69ddb6e5e26eefa2f9302bd68484,0
8c15e71a9ef49f66ba97a1afcf1d7c96e14a371191a71b7b3587719662a9a3b5,True,False,40,nbldpc_formal_v5c_decoder_q1024_p30_development_020,40,464,5.421010862427522e-20,nbldpc_v5c_ems,ca49bd01915892b8dc6dbe110eed5c3b2f9efd02ebeca90ce59e066755a3bf03,2.168404344971009e-19,705,development,4,0,0,verified_success,0.3,4,d0c4c02d356fcb244aa033a6383711945f584d6cf27845a10fc892e9ba20c8fb,1
ae61bdf69ed3d45d3b0594955478817e1167b774ef5ac6188e35bcfa558eb09c,True,False,40,nbldpc_formal_v5c_decoder_q1024_p30_development_021,40,464,5.421010862427522e-20,nbldpc_v5c_ems,ca49bd01915892b8dc6dbe110eed5c3b2f9efd02ebeca90ce59e066755a3bf03,2.168404344971009e-19,705,development,5,0,0,verified_success,0.3,4,05516fac92b31ef91a0993c089391b996f1c38afef87f4d6d8b1ac0276a21c7c,1
7b831c0217144273cf48309ee81854a448e700a7282af8a6f91c562056213057,True,False,40,nbldpc_formal_v5c_decoder_q1024_p30_development_022,40,464,5.421010862427522e-20,nbldpc_v5c_ems,ca49bd01915892b8dc6dbe110eed5c3b2f9efd02ebeca90ce59e066755a3bf03,2.168404344971009e-19,705,development,5,0,0,verified_success,0.3,4,490a642ca47fc796405a749ab8fed5142e3f11e101ad9b8f5ad6937336052fb8,1
13b1f357cf7ffa88cbadc806a56fb25b12bd6d630eb616cf8042613c39bfc5e3,True,True,56,nbldpc_formal_v5c_decoder_q1024_p30_development_023,40,560,,nbldpc_v5c_ems,ca49bd01915892b8dc6dbe110eed5c3b2f9efd02ebeca90ce59e066755a3bf03,2.168404344971009e-19,6,development,12,12,12,decode_failed,0.3,9,463e0d07806a219d8747aaea0cf2af6291c1b1c1fcae7de59e76c2abbacd616d,0
527c102b60a99fb7bc6f9cac6068523bf87782a00b958917c7555bdd126e51b4,True,False,40,nbldpc_formal_v5c_decoder_q1024_p30_development_024,40,464,5.421010862427522e-20,nbldpc_v5c_ems,ca49bd01915892b8dc6dbe110eed5c3b2f9efd02ebeca90ce59e066755a3bf03,2.168404344971009e-19,705,development,5,0,0,verified_success,0.3,4,61cad19ba375741c1e95ef6e4a8f634ed266757dc0270d07320768f9d58bed21,1
d455e46b4e3b327605d0629ae5176ca3cfe152bbb2813fd1249765a2cfc13a95,True,True,56,nbldpc_formal_v5c_decoder_q1024_p30_development_025,40,560,,nbldpc_v5c_ems,ca49bd01915892b8dc6dbe110eed5c3b2f9efd02ebeca90ce59e066755a3bf03,2.168404344971009e-19,6,development,12,12,12,decode_failed,0.3,9,7229fb8bc0a175ea7ed072eeddbd7de7874d56b108eb20ac919c32a999ec92bc,0
c90b7d9cf2ea16f354856c6d0b7db95eb2fe707140cb6aeea8dc90ff0a90426e,True,False,40,nbldpc_formal_v5c_decoder_q1024_p30_development_026,40,464,5.421010862427522e-20,nbldpc_v5c_ems,ca49bd01915892b8dc6dbe110eed5c3b2f9efd02ebeca90ce59e066755a3bf03,2.168404344971009e-19,705,development,6,0,0,verified_success,0.3,4,f7c402b6f9958df5f40f6e0f41affa112f5d0e05196de89c832023f84203f31f,1
803accb8e9f19b6d649d4619583e680bccf08fbf70e11d9d2c8a913312ee10d8,True,True,56,nbldpc_formal_v5c_decoder_q1024_p30_development_027,40,560,,nbldpc_v5c_ems,ca49bd01915892b8dc6dbe110eed5c3b2f9efd02ebeca90ce59e066755a3bf03,2.168404344971009e-19,6,development,12,12,12,decode_failed,0.3,9,ef75dfe8c08a109d4ff30495fd10d8e0b0c4814ff5e7ff17d63ef627609cc570,0
5c1c2bf217c94bb26d7c2240bb6a0fb963811ee418157d2e1e841c126ed3fc69,True,True,56,nbldpc_formal_v5c_decoder_q1024_p30_development_028,40,560,,nbldpc_v5c_ems,ca49bd01915892b8dc6dbe110eed5c3b2f9efd02ebeca90ce59e066755a3bf03,2.168404344971009e-19,6,development,12,12,12,decode_failed,0.3,9,f31aa27b4bcd6f213825a70b7a0cb84c1f7df7b221369c1f377abbb4527e85c3,0
25241f9e946a81c88af5a33b08c0c416dd23eb0cba13ac0f82c8c746b9933cb4,True,False,40,nbldpc_formal_v5c_decoder_q1024_p30_development_029,40,464,5.421010862427522e-20,nbldpc_v5c_ems,ca49bd01915892b8dc6dbe110eed5c3b2f9efd02ebeca90ce59e066755a3bf03,2.168404344971009e-19,705,development,4,0,0,verified_success,0.3,4,eb783d6a61099cd6410521dc8b0969337f2d179f2d6427a789672d659b3d7f04,1
83db9d9a7d968f1ce8ffaec35d7caa35487ea747fdd452abd102a9f78721a900,True,True,56,nbldpc_formal_v5c_decoder_q1024_p30_development_030,40,560,,nbldpc_v5c_ems,ca49bd01915892b8dc6dbe110eed5c3b2f9efd02ebeca90ce59e066755a3bf03,2.168404344971009e-19,6,development,12,12,12,decode_failed,0.3,9,298c2230abe8da57252fa466a9710378b8fa32a5f21b612d12dfa50b2d96c236,0
81492e926ac8e4840fd0c975c7e67b0cd2c7069079c64de28c44e6e044570b3e,True,True,56,nbldpc_formal_v5c_decoder_q1024_p30_development_031,40,560,,nbldpc_v5c_ems,ca49bd01915892b8dc6dbe110eed5c3b2f9efd02ebeca90ce59e066755a3bf03,2.168404344971009e-19,6,development,12,12,12,decode_failed,0.3,9,9d7b0b386cc8c3278c5956e3b4fee9ca1b524111ca0e4a05b3e5aebed1a58658,0
4071b4277fa71d1d484917ee51835f651e90067ff1f016f70e3443d8c9ac9f0e,True,False,40,nbldpc_formal_v5c_decoder_q1024_p30_development_032,40,464,5.421010862427522e-20,nbldpc_v5c_ems,ca49bd01915892b8dc6dbe110eed5c3b2f9efd02ebeca90ce59e066755a3bf03,2.168404344971009e-19,705,development,5,0,0,verified_success,0.3,4,3457c99037e983128ea543ab2d185204f7e40160ca4e2124541ea43ed31efb2e,1
b20c344d622bc52d9a3a5f19b79025e832c142387d70363e9f526cc902ce719d,True,True,56,nbldpc_formal_v5c_decoder_q1024_p30_development_033,40,560,,nbldpc_v5c_ems,ca49bd01915892b8dc6dbe110eed5c3b2f9efd02ebeca90ce59e066755a3bf03,2.168404344971009e-19,6,development,12,12,12,decode_failed,0.3,9,9a15fc9235bcc10266f84746f77f8acff9948e489b5cea6d00db081fb795460d,0
50109e5f6dfc922cfb1f9d4c3a66db76ab7ab6816600f0ebef9c32ab042c2291,True,True,56,nbldpc_formal_v5c_decoder_q1024_p30_development_034,40,560,,nbldpc_v5c_ems,ca49bd01915892b8dc6dbe110eed5c3b2f9efd02ebeca90ce59e066755a3bf03,2.168404344971009e-19,6,development,12,12,12,decode_failed,0.3,9,9de568de27df953ae65048daa0afdcf7a517b3507a9b3fd047f4dfcd661f9372,0
52e87f4cca0f33d39d1059f6be593bb085aeb6d03ee3bc7db4d00205a992ed2a,True,True,56,nbldpc_formal_v5c_decoder_q1024_p30_development_035,40,560,,nbldpc_v5c_ems,ca49bd01915892b8dc6dbe110eed5c3b2f9efd02ebeca90ce59e066755a3bf03,2.168404344971009e-19,6,development,12,12,12,decode_failed,0.3,9,d8bd6b3b0fe2aeb6f11b6844cc51ab86f638b83fd50142d25794fe5b84bff2e7,0
728d19cb02665b0381bb2845520a7a67814132d668fb28d22dc8f891d522988f,True,True,56,nbldpc_formal_v5c_decoder_q1024_p30_development_036,40,560,,nbldpc_v5c_ems,ca49bd01915892b8dc6dbe110eed5c3b2f9efd02ebeca90ce59e066755a3bf03,2.168404344971009e-19,6,development,12,12,12,decode_failed,0.3,9,a38f941266a8e26c7cb7953d4a845a187d8ee7221ee0ecfd430a2ec4998bf479,0
9d990db006a17cbb9ca17632233da470c55447663a3bf64941804d7cd49c5c41,True,True,56,nbldpc_formal_v5c_decoder_q1024_p30_development_037,40,560,,nbldpc_v5c_ems,ca49bd01915892b8dc6dbe110eed5c3b2f9efd02ebeca90ce59e066755a3bf03,2.168404344971009e-19,6,development,12,12,12,decode_failed,0.3,9,63ac904bd9c5ebd4507c56dd8542611d29557b3345c449aef8ea202fa85e7531,0
8a1b5b66d30fef3ddcb90c5ad5f1be24cdf3ce851473e77fc71224d44be01ec9,True,False,40,nbldpc_formal_v5c_decoder_q1024_p30_development_038,40,464,5.421010862427522e-20,nbldpc_v5c_ems,ca49bd01915892b8dc6dbe110eed5c3b2f9efd02ebeca90ce59e066755a3bf03,2.168404344971009e-19,705,development,6,0,0,verified_success,0.3,4,9bb0d0052f6eb3fe9261111dfe9b58c115282d2855109d830baee875818a0be7,1
3eadd64c8eea396fc7479c6fdf93054c29b6d326798a1a0b5fe6a30065950f36,True,True,56,nbldpc_formal_v5c_decoder_q1024_p30_development_039,40,560,,nbldpc_v5c_ems,ca49bd01915892b8dc6dbe110eed5c3b2f9efd02ebeca90ce59e066755a3bf03,2.168404344971009e-19,6,development,12,12,12,decode_failed,0.3,9,e78030b7620f01657e9e638a3a65aeb266f299cd845ea066cf3f3339be9a8886,0
c4cdee09c2d7b19b6d642ac8782ecdc7d4ec1e89ff5ac422b39a43590cb01b88,True,True,56,nbldpc_formal_v5c_decoder_q1024_p30_development_040,40,560,,nbldpc_v5c_ems,ca49bd01915892b8dc6dbe110eed5c3b2f9efd02ebeca90ce59e066755a3bf03,2.168404344971009e-19,6,development,12,12,12,decode_failed,0.3,9,5fa664156a4286015c848df850cfc297fb378393f91256b8b5b4d6ee70d603eb,0
2f4cf5305f102cbdba19660ccfd752cba164c71c844b1f88275928d38ca49c51,True,False,40,nbldpc_formal_v5c_decoder_q1024_p30_development_041,40,464,5.421010862427522e-20,nbldpc_v5c_ems,ca49bd01915892b8dc6dbe110eed5c3b2f9efd02ebeca90ce59e066755a3bf03,2.168404344971009e-19,705,development,4,0,0,verified_success,0.3,4,591474d2586aa0ecc9048d5a9b5b2337824a08e093db3a36b33139833daa7f40,1
155324c002b9da87af65b92af845fb8c1e2ae63b9a86d097f9c3183080af9ca1,True,False,40,nbldpc_formal_v5c_decoder_q1024_p30_development_042,40,464,5.421010862427522e-20,nbldpc_v5c_ems,ca49bd01915892b8dc6dbe110eed5c3b2f9efd02ebeca90ce59e066755a3bf03,2.168404344971009e-19,705,development,4,0,0,verified_success,0.3,4,28fdf956abc69e89e7dbfc5cf8ea8ba537bc587ea3148bc443a97d4f6c21f352,1
a9e89e66157db026be1d969be365ca2e182edb58a5fb13c1bd594f0b58085b55,True,False,40,nbldpc_formal_v5c_decoder_q1024_p30_development_043,40,464,5.421010862427522e-20,nbldpc_v5c_ems,ca49bd01915892b8dc6dbe110eed5c3b2f9efd02ebeca90ce59e066755a3bf03,2.168404344971009e-19,705,development,4,0,0,verified_success,0.3,4,6f320d6add308fb6978a6d3ba5f22ab245ff1105568705ab158d6a2005fd8132,1
38e2406bfce5abe3ae4072bcffb8934c2fd82ed905156b229bb83126ec89b4ce,True,False,40,nbldpc_formal_v5c_decoder_q1024_p30_development_044,40,464,5.421010862427522e-20,nbldpc_v5c_ems,ca49bd01915892b8dc6dbe110eed5c3b2f9efd02ebeca90ce59e066755a3bf03,2.168404344971009e-19,705,development,4,0,0,verified_success,0.3,4,85b19aea60da1c4d44fd6de7a3991b42185f794c6252e936abe514aabb931dfd,1
72c3a875922f32acf59351bea598e03b1e5367fc2dce9d51771444c7e692036b,True,False,40,nbldpc_formal_v5c_decoder_q1024_p30_development_045,40,464,5.421010862427522e-20,nbldpc_v5c_ems,ca49bd01915892b8dc6dbe110eed5c3b2f9efd02ebeca90ce59e066755a3bf03,2.168404344971009e-19,705,development,5,0,0,verified_success,0.3,4,3292a1988d5104de36d943e2661478ca69d6708ce4847cec524d14646108ad77,1
e415ef3ee8cd307cfcdfe1d694388b0c29d6240c5ab03349c3417a0dbd0c7c7c,True,True,56,nbldpc_formal_v5c_decoder_q1024_p30_development_046,40,560,,nbldpc_v5c_ems,ca49bd01915892b8dc6dbe110eed5c3b2f9efd02ebeca90ce59e066755a3bf03,2.168404344971009e-19,6,development,12,12,12,decode_failed,0.3,9,70f6298a3ebb71ccbd9a3257d3c51191436bf02a5a33c9857f3ca40d74377ddf,0
06e073688a78461102073ff77a67269cd8125864338fc6df5e539034c10fe4a7,True,False,40,nbldpc_formal_v5c_decoder_q1024_p30_development_047,40,464,5.421010862427522e-20,nbldpc_v5c_ems,ca49bd01915892b8dc6dbe110eed5c3b2f9efd02ebeca90ce59e066755a3bf03,2.168404344971009e-19,705,development,7,0,0,verified_success,0.3,4,d447d8d76507273090f2880bc34dac47056f9312b2adbf47ceaf8108ffb4c69c,1
4732eb5112899db2792fb893d7d5a694cfdf77ab59468f76c6df139c1aebac4c,True,False,40,nbldpc_formal_v5c_decoder_q1024_p30_development_048,40,464,5.421010862427522e-20,nbldpc_v5c_ems,ca49bd01915892b8dc6dbe110eed5c3b2f9efd02ebeca90ce59e066755a3bf03,2.168404344971009e-19,705,development,5,0,0,verified_success,0.3,4,ff6f831e710e8249862c00bf92cdfff2b35317e589bbbb634cfe260f9e6293bb,1
c19dd6d8b88a9243be7b1e658493b7408696fbe03354d58f80ceae7412359c07,True,True,56,nbldpc_formal_v5c_decoder_q1024_p30_development_049,40,560,,nbldpc_v5c_ems,ca49bd01915892b8dc6dbe110eed5c3b2f9efd02ebeca90ce59e066755a3bf03,2.168404344971009e-19,6,development,12,12,12,decode_failed,0.3,9,938d50a2a06103aea22b08645e51c86aa41a67f69824c5a156f027314a9c002e,0
21c18fd0931d542be98bb894782e6524de2494a7b15310d51ad66903a4261f8a,True,False,40,nbldpc_formal_v5c_decoder_q1024_p30_development_050,40,464,5.421010862427522e-20,nbldpc_v5c_ems,ca49bd01915892b8dc6dbe110eed5c3b2f9efd02ebeca90ce59e066755a3bf03,2.168404344971009e-19,705,development,6,0,0,verified_success,0.3,4,0db098ec6c43c20c0b6503253d59aa95e540e2489cf078bd058ebbb5f45d4a10,1
adcc6907253e27715a5d47e213fd253a28f1d879ea3653213c33d063b72cca64,True,True,56,nbldpc_formal_v5c_decoder_q1024_p30_development_051,40,560,,nbldpc_v5c_ems,ca49bd01915892b8dc6dbe110eed5c3b2f9efd02ebeca90ce59e066755a3bf03,2.168404344971009e-19,6,development,12,12,12,decode_failed,0.3,9,a1f5d779d9b475ec2378cfadc67528756dab4d0caf1400ca1c137c7fc4de8040,0
c302d4beae1036bcf7db1fafe400bc3c6d0a2a03c74ab089b017a4a2694920d3,True,False,40,nbldpc_formal_v5c_decoder_q1024_p30_development_052,40,464,5.421010862427522e-20,nbldpc_v5c_ems,ca49bd01915892b8dc6dbe110eed5c3b2f9efd02ebeca90ce59e066755a3bf03,2.168404344971009e-19,705,development,5,0,0,verified_success,0.3,4,c13283972be25f07ef993c3bafe1955d7d22158bff47d4ce09b05b456a6de8be,1
b8206f7875e49e59056ab1456649d2a505f078d5acb1a9e72d3b1ecb87084d71,True,False,40,nbldpc_formal_v5c_decoder_q1024_p30_development_053,40,464,5.421010862427522e-20,nbldpc_v5c_ems,ca49bd01915892b8dc6dbe110eed5c3b2f9efd02ebeca90ce59e066755a3bf03,2.168404344971009e-19,705,development,5,0,0,verified_success,0.3,4,0501e4e50e1cb3e54f6e6ddcbd3b1f6360762bab33ebde86150b13a3ce046e94,1
1aab622f756510a2ea9e8c93b02041a74dfc8cb192ffde41f63a0b0c5a27e8da,True,True,56,nbldpc_formal_v5c_decoder_q1024_p30_development_054,40,560,,nbldpc_v5c_ems,ca49bd01915892b8dc6dbe110eed5c3b2f9efd02ebeca90ce59e066755a3bf03,2.168404344971009e-19,6,development,12,12,12,decode_failed,0.3,9,40b2a90b306b9a0dff198fc5883c5cfb2e48fb5ce21fbd72ccae2613b0d15dd2,0
fd4b198e03ca4f515c9fbac5f6dc88fb94813c985ebc7811335201bf5014bedc,True,False,40,nbldpc_formal_v5c_decoder_q1024_p30_development_055,40,464,5.421010862427522e-20,nbldpc_v5c_ems,ca49bd01915892b8dc6dbe110eed5c3b2f9efd02ebeca90ce59e066755a3bf03,2.168404344971009e-19,705,development,5,0,0,verified_success,0.3,4,c4ab7d60f4e839d10f6d527c814c22adf93130ac90184af8af882269bd1faff5,1
767c370f6a3e3bcd3a49a43016830dd8efd3b325147e8637776b6fe4ee7e48a5,True,True,56,nbldpc_formal_v5c_decoder_q1024_p30_development_056,40,560,,nbldpc_v5c_ems,ca49bd01915892b8dc6dbe110eed5c3b2f9efd02ebeca90ce59e066755a3bf03,2.168404344971009e-19,6,development,12,12,12,decode_failed,0.3,9,c0b190c284a4b289eaba581a0116389c1385bffb102d1179f1cd08a371565509,0
0f326ed10a238198c1d4a2d8d2fd1618cde91f90d6fa1a1ebfe80b941c357d99,True,False,40,nbldpc_formal_v5c_decoder_q1024_p30_development_057,40,464,5.421010862427522e-20,nbldpc_v5c_ems,ca49bd01915892b8dc6dbe110eed5c3b2f9efd02ebeca90ce59e066755a3bf03,2.168404344971009e-19,705,development,4,0,0,verified_success,0.3,4,dca639c76141f81b4e059dc34ff3604735d3e82139d5aee3cf1aab3bf4a2d8c6,1
f72098f4a5513c9d4f0ba14de4ae1c41ddd4cb2bb1c56a897d512ef7af25c896,True,True,56,nbldpc_formal_v5c_decoder_q1024_p30_development_058,40,560,,nbldpc_v5c_ems,ca49bd01915892b8dc6dbe110eed5c3b2f9efd02ebeca90ce59e066755a3bf03,2.168404344971009e-19,6,development,12,12,12,decode_failed,0.3,9,519cbfbd78c5d611f671532de0dd77cc769a770f5b4f1dc24d459f8997146263,0
004794be065b64aed60290629ee8e1e53c6d44ddffc97495eff6420dee4e7d47,True,False,40,nbldpc_formal_v5c_decoder_q1024_p30_development_059,40,464,5.421010862427522e-20,nbldpc_v5c_ems,ca49bd01915892b8dc6dbe110eed5c3b2f9efd02ebeca90ce59e066755a3bf03,2.168404344971009e-19,705,development,6,0,0,verified_success,0.3,4,1e49705aef313ca45859aacd1bcd75c8b4ab3d9759e9af4e3828a21630a19bfe,1
109ec397d2691517910dd6832fb441f898dfc84d7919e04a2abdc67b17f26ee6,True,True,56,nbldpc_formal_v5c_decoder_q1024_p30_development_060,40,560,,nbldpc_v5c_ems,ca49bd01915892b8dc6dbe110eed5c3b2f9efd02ebeca90ce59e066755a3bf03,2.168404344971009e-19,6,development,12,12,12,decode_failed,0.3,9,1f2becfd59deff3db47c7899505d3017fd8c9407fdde5f0138ba392003b2561f,0
79544f4a46d9e6336a5af649aab3360036ce766ac213c1409cd86736cba12587,True,True,56,nbldpc_formal_v5c_decoder_q1024_p30_development_061,40,560,,nbldpc_v5c_ems,ca49bd01915892b8dc6dbe110eed5c3b2f9efd02ebeca90ce59e066755a3bf03,2.168404344971009e-19,6,development,12,12,12,decode_failed,0.3,9,ba2cce0edd9800c406ee91e52fff50d22f475c00382940632d8c00e8feb72795,0
addca6e1585523bcc5359176b991c188930d36e84691c7944a767d070b525a08,True,False,40,nbldpc_formal_v5c_decoder_q1024_p30_development_062,40,464,5.421010862427522e-20,nbldpc_v5c_ems,ca49bd01915892b8dc6dbe110eed5c3b2f9efd02ebeca90ce59e066755a3bf03,2.168404344971009e-19,705,development,4,0,0,verified_success,0.3,4,3599760403d038b5fb246ef2375f49907f8e5d566171ca900d18bdf439d60e3b,1
c1561981a037de1869132c1bc2c877d17e74730523de9452e3c2ebe30b5b07c7,True,False,40,nbldpc_formal_v5c_decoder_q1024_p30_development_063,40,464,5.421010862427522e-20,nbldpc_v5c_ems,ca49bd01915892b8dc6dbe110eed5c3b2f9efd02ebeca90ce59e066755a3bf03,2.168404344971009e-19,705,development,4,0,0,verified_success,0.3,4,ca5770645e08052c1fbe258c5ec3b3a3465685032a3df75e16e92ed9cb7c048a,1
59d2724d224d110ddaaa390809694d99288d3a131ef5005276610364e7e85590,True,False,32,nbldpc_formal_v5c_decoder_q1024_p20_confirmation_000,32,384,5.421010862427522e-20,nbldpc_v5c_sched,641c745be27bfb9487fa99712a5866725f19c25fc57735fa58196d38cb324559,2.168404344971009e-19,705,confirmation,3,0,0,verified_success,0.2,4,51314e0dd3a44ce70a555a110e58295750c583cc4f5f87d558f78fd92d1c2ce8,1
d230907eb3fea5c8634ef60c72ce504d6c0b62415b08846d9e96a1f0a68f461b,True,False,32,nbldpc_formal_v5c_decoder_q1024_p20_confirmation_001,32,384,5.421010862427522e-20,nbldpc_v5c_sched,641c745be27bfb9487fa99712a5866725f19c25fc57735fa58196d38cb324559,2.168404344971009e-19,705,confirmation,3,0,0,verified_success,0.2,4,fe203e189977fd40aa14a0a84d76e8a512722d670447eaf7816fd98bcaffdd48,1
f6931821b6f7d37a1c4f9587e8d548e31d052360671df6461f59d9949b0afa75,True,False,32,nbldpc_formal_v5c_decoder_q1024_p20_confirmation_002,32,384,5.421010862427522e-20,nbldpc_v5c_sched,641c745be27bfb9487fa99712a5866725f19c25fc57735fa58196d38cb324559,2.168404344971009e-19,705,confirmation,2,0,0,verified_success,0.2,4,519df429897f22275f463defef8762eb9023889afe5e00556707784fef4f330a,1
f9217d80fb21267e9ff51df0ab0f1110b537dfd0040255e0d7a86bda0bddfca0,True,False,32,nbldpc_formal_v5c_decoder_q1024_p20_confirmation_003,32,384,5.421010862427522e-20,nbldpc_v5c_sched,641c745be27bfb9487fa99712a5866725f19c25fc57735fa58196d38cb324559,2.168404344971009e-19,705,confirmation,3,0,0,verified_success,0.2,4,b5be2a9fb0ba00b92092a8d441011ea44c1399acb872ffe833bd3aa46c08c45b,1
d63fe01ac73f2554e6925cc6393a05c2a17f6869b69f6d6cfb99919885847c7c,True,False,32,nbldpc_formal_v5c_decoder_q1024_p20_confirmation_004,32,384,5.421010862427522e-20,nbldpc_v5c_sched,641c745be27bfb9487fa99712a5866725f19c25fc57735fa58196d38cb324559,2.168404344971009e-19,705,confirmation,3,0,0,verified_success,0.2,4,885457a4a25fa5217e07949445044b11d2d4eaf807080d1e65f6bdba1e0af910,1
ea6a18fe6f9cae566b194376b959c6eccf41596ea3cba81d034c6e5a93f35800,True,False,32,nbldpc_formal_v5c_decoder_q1024_p20_confirmation_005,32,384,5.421010862427522e-20,nbldpc_v5c_sched,641c745be27bfb9487fa99712a5866725f19c25fc57735fa58196d38cb324559,2.168404344971009e-19,705,confirmation,4,0,0,verified_success,0.2,4,19bc9431d2d67164f7217f729280066035bbb3994434d098a732368543d52794,1
2401330a9facc9a6918bddd523dff57abdd43ec3677a8b9bfd97da1108c4f93f,True,False,32,nbldpc_formal_v5c_decoder_q1024_p20_confirmation_006,32,384,5.421010862427522e-20,nbldpc_v5c_sched,641c745be27bfb9487fa99712a5866725f19c25fc57735fa58196d38cb324559,2.168404344971009e-19,705,confirmation,5,0,0,verified_success,0.2,4,04da41966a801b953b31f0ddc18da2940aef74ad66916cf651c729092aa6960f,1
b7098009d73263345b104d0875d3b6540acbe6d39719a3675c8bb44ef952cce3,True,False,32,nbldpc_formal_v5c_decoder_q1024_p20_confirmation_007,32,384,5.421010862427522e-20,nbldpc_v5c_sched,641c745be27bfb9487fa99712a5866725f19c25fc57735fa58196d38cb324559,2.168404344971009e-19,705,confirmation,3,0,0,verified_success,0.2,4,c3893c27a21859e22fc49c37ad87945254852c0679de644fa8b23f7c289487a7,1
64e495a062162373cd73d7b14ec81ba0de7063fc59e69b9be7ea4853a112cfae,True,False,32,nbldpc_formal_v5c_decoder_q1024_p20_confirmation_008,32,384,5.421010862427522e-20,nbldpc_v5c_sched,641c745be27bfb9487fa99712a5866725f19c25fc57735fa58196d38cb324559,2.168404344971009e-19,705,confirmation,2,0,0,verified_success,0.2,4,aed0be83772463d3fb2a5d23f9a2b0c452c53a36582ce7ec65aa5beeba3c1f37,1
1a011e3b53b4f03f55500a41e97febf1df290e7b5e6a391d4746e5fa7d9c95f7,True,False,32,nbldpc_formal_v5c_decoder_q1024_p20_confirmation_009,32,384,5.421010862427522e-20,nbldpc_v5c_sched,641c745be27bfb9487fa99712a5866725f19c25fc57735fa58196d38cb324559,2.168404344971009e-19,705,confirmation,2,0,0,verified_success,0.2,4,ae3f6465a7b1d697cc01889b409dd7cd8b2d84ae9a481c585922e3e4b00c29fe,1
134db239b2e09e601dcc233be7bcff97caa6cd22de1edd753b540c173dd3fe3c,True,False,32,nbldpc_formal_v5c_decoder_q1024_p20_confirmation_010,32,384,5.421010862427522e-20,nbldpc_v5c_sched,641c745be27bfb9487fa99712a5866725f19c25fc57735fa58196d38cb324559,2.168404344971009e-19,705,confirmation,4,0,0,verified_success,0.2,4,5bad4f1dff0677fe289760fc0bba2a24ae961f93c2475a7e4d255c408db7e782,1
40ab6b3e0901269304e1ffcb258421de0c1aa0bf79161b5adc91faa29e9bf24c,True,False,32,nbldpc_formal_v5c_decoder_q1024_p20_confirmation_011,32,384,5.421010862427522e-20,nbldpc_v5c_sched,641c745be27bfb9487fa99712a5866725f19c25fc57735fa58196d38cb324559,2.168404344971009e-19,705,confirmation,4,0,0,verified_success,0.2,4,ba8907f7749ae0470620e7deac77b8af4c24deac0a8a3b4be300b7c35f9b14b0,1
7f2b543c31a4eab7d8c3da288482460abe34310ee4e021046087958dcf733f5f,True,False,32,nbldpc_formal_v5c_decoder_q1024_p20_confirmation_012,32,384,5.421010862427522e-20,nbldpc_v5c_sched,641c745be27bfb9487fa99712a5866725f19c25fc57735fa58196d38cb324559,2.168404344971009e-19,705,confirmation,2,0,0,verified_success,0.2,4,12280a07425ff1d8c016853e583715dc42b16b45d030614ae806a3a45d792e07,1
2b45c2705861b7c98d2b52c55599406739655c1452e01fc6dadcd0592be08fe0,True,False,32,nbldpc_formal_v5c_decoder_q1024_p20_confirmation_013,32,384,5.421010862427522e-20,nbldpc_v5c_sched,641c745be27bfb9487fa99712a5866725f19c25fc57735fa58196d38cb324559,2.168404344971009e-19,705,confirmation,2,0,0,verified_success,0.2,4,181adbf0bd22fc6735d13fe0cb2ebcd83b2d298c759d4321aa9ec2ae8720b7d2,1
e2d8b1b160ac5020592bef14bbbebfaab7fffc59400e4c5355a9a94249add507,True,False,32,nbldpc_formal_v5c_decoder_q1024_p20_confirmation_014,32,384,5.421010862427522e-20,nbldpc_v5c_sched,641c745be27bfb9487fa99712a5866725f19c25fc57735fa58196d38cb324559,2.168404344971009e-19,705,confirmation,2,0,0,verified_success,0.2,4,491bac2f1416b34242954594b42b2f8ce7f6e4a7aa37a1c940d93ebdd6f352fb,1
07dd9cd1391c7f95b4f8b5dfd13c9c588bfc47a1278a9bd22df52758a76efc22,True,False,32,nbldpc_formal_v5c_decoder_q1024_p20_confirmation_015,32,384,5.421010862427522e-20,nbldpc_v5c_sched,641c745be27bfb9487fa99712a5866725f19c25fc57735fa58196d38cb324559,2.168404344971009e-19,705,confirmation,3,0,0,verified_success,0.2,4,6ec65035611e6d45c62f369a2c172ba59c64e56dab3204b75299b01def57f351,1
de9b58a8ba5ca882ea912c35fef37d1356fb71451bc99f42e7d52f5865a7d3d7,True,False,32,nbldpc_formal_v5c_decoder_q1024_p20_confirmation_016,32,384,5.421010862427522e-20,nbldpc_v5c_sched,641c745be27bfb9487fa99712a5866725f19c25fc57735fa58196d38cb324559,2.168404344971009e-19,705,confirmation,2,0,0,verified_success,0.2,4,30956443054319db5dc9c9f88d34ea3dd42fb453ad88e60a5489bd2891521c7d,1
35da5522dfc02cf77c7399075a261bb99afd1fe2de3c7b008eb432bf5642b3e4,True,False,32,nbldpc_formal_v5c_decoder_q1024_p20_confirmation_017,32,384,5.421010862427522e-20,nbldpc_v5c_sched,641c745be27bfb9487fa99712a5866725f19c25fc57735fa58196d38cb324559,2.168404344971009e-19,705,confirmation,3,0,0,verified_success,0.2,4,10f2460d86f03cc5fea76ea77bea6f2b4a97cf4f6041ab90c26944122d0b8a3a,1
e52e9a57729749ec3262b4be90c7681bd9b167cdb857434cb6f8b6af87b57e94,True,False,32,nbldpc_formal_v5c_decoder_q1024_p20_confirmation_018,32,384,5.421010862427522e-20,nbldpc_v5c_sched,641c745be27bfb9487fa99712a5866725f19c25fc57735fa58196d38cb324559,2.168404344971009e-19,705,confirmation,3,0,0,verified_success,0.2,4,4a55d86d5953373fafb9956aef81f652fa613f84f06ea1c91447f084ce9486cf,1
10cee046dbe2c1f3ccecaba6892d5a88886d7f06ada04ecaa373cb4bca91abd0,True,False,32,nbldpc_formal_v5c_decoder_q1024_p20_confirmation_019,32,384,5.421010862427522e-20,nbldpc_v5c_sched,641c745be27bfb9487fa99712a5866725f19c25fc57735fa58196d38cb324559,2.168404344971009e-19,705,confirmation,3,0,0,verified_success,0.2,4,3f70612276e4da291f8a5ee648f49c7a5505fa9597af20ff754d85b6bfeb03cf,1
af4c921a03a0bc6d9372843ef14b5c12b1ec803b6863ca2b2d40529b88333b64,True,False,32,nbldpc_formal_v5c_decoder_q1024_p20_confirmation_020,32,384,5.421010862427522e-20,nbldpc_v5c_sched,641c745be27bfb9487fa99712a5866725f19c25fc57735fa58196d38cb324559,2.168404344971009e-19,705,confirmation,2,0,0,verified_success,0.2,4,547a7b2f080e8d9141187ab1a5d17fc7ab09f3b87b2ccf51e08450aa5c22c669,1
d48fcb6e41cedf4ed9db1354709bd1ab69390efc87f0885d6c5a010bfbdd2eed,True,False,32,nbldpc_formal_v5c_decoder_q1024_p20_confirmation_021,32,384,5.421010862427522e-20,nbldpc_v5c_sched,641c745be27bfb9487fa99712a5866725f19c25fc57735fa58196d38cb324559,2.168404344971009e-19,705,confirmation,3,0,0,verified_success,0.2,4,4218748196e7a519b6e062228ed5e8cba680a1d899fc3643fc672c0e392cca3d,1
5cc14e2ba50b0306cd6b7ebf5a26f4383ff6c9cc1b2f2ec22c2677d8e9c47998,True,False,32,nbldpc_formal_v5c_decoder_q1024_p20_confirmation_022,32,384,5.421010862427522e-20,nbldpc_v5c_sched,641c745be27bfb9487fa99712a5866725f19c25fc57735fa58196d38cb324559,2.168404344971009e-19,705,confirmation,2,0,0,verified_success,0.2,4,aaeda0fdb40483a26abf13c6901ee99e1853b634a1e1f334beca7e5d94e9d01b,1
d783a824fa3d674a2f33dac66282ca8458868be6dbdd30b98885d48206892936,True,False,32,nbldpc_formal_v5c_decoder_q1024_p20_confirmation_023,32,384,5.421010862427522e-20,nbldpc_v5c_sched,641c745be27bfb9487fa99712a5866725f19c25fc57735fa58196d38cb324559,2.168404344971009e-19,705,confirmation,3,0,0,verified_success,0.2,4,ecd8e8c41b2e5bf575f827f5be18f6cd5471e4acb0085bd91187b403fae334de,1
4abc791c6902a1aa71f1283ceacd2b6efc0076e8e2ef0f8a5be5d2a91211798a,True,False,32,nbldpc_formal_v5c_decoder_q1024_p20_confirmation_024,32,384,5.421010862427522e-20,nbldpc_v5c_sched,641c745be27bfb9487fa99712a5866725f19c25fc57735fa58196d38cb324559,2.168404344971009e-19,705,confirmation,3,0,0,verified_success,0.2,4,dae4ddc22f0847dcb1cabc4157a940b9551d517d63747783232378c54644c183,1
a5f627ea48e77a274d28070b000995d9845595e92fbfdaea6e774dcdcc860a06,True,False,32,nbldpc_formal_v5c_decoder_q1024_p20_confirmation_025,32,384,5.421010862427522e-20,nbldpc_v5c_sched,641c745be27bfb9487fa99712a5866725f19c25fc57735fa58196d38cb324559,2.168404344971009e-19,705,confirmation,4,0,0,verified_success,0.2,4,5d49444a6f73256fe046f31112d36e57263ae79776254cfc7207d7686885fcef,1
8705f652c7039378a4608437fef8de5fbe4e8910fe5b050b6c58ea303f7e2ff8,True,False,32,nbldpc_formal_v5c_decoder_q1024_p20_confirmation_026,32,384,5.421010862427522e-20,nbldpc_v5c_sched,641c745be27bfb9487fa99712a5866725f19c25fc57735fa58196d38cb324559,2.168404344971009e-19,705,confirmation,6,0,0,verified_success,0.2,4,0d2209017ecdf74ac638fc78a5e530609b0591854c583d56a015ad1a3e366b3d,1
b4c59213e515eab69fbaf5b3569426bde5b8c502a5fa6467c1f411ec6f08e679,True,False,32,nbldpc_formal_v5c_decoder_q1024_p20_confirmation_027,32,384,5.421010862427522e-20,nbldpc_v5c_sched,641c745be27bfb9487fa99712a5866725f19c25fc57735fa58196d38cb324559,2.168404344971009e-19,705,confirmation,5,0,0,verified_success,0.2,4,5324aabff6da92e2c1400410d81a10fbfb0df37fa94e57d64a47d6dce44ecaab,1
daf6478508e5300c82736b2574f454815bddf01eb0dad195ee029f17ddac2d96,True,False,32,nbldpc_formal_v5c_decoder_q1024_p20_confirmation_028,32,384,5.421010862427522e-20,nbldpc_v5c_sched,641c745be27bfb9487fa99712a5866725f19c25fc57735fa58196d38cb324559,2.168404344971009e-19,705,confirmation,2,0,0,verified_success,0.2,4,beb73d1d298c2f5584c9018d7fecad2fdeee1d45d6228ff9e2e544ccb3651d5a,1
1e6aa66de6b38a80bb8b2d91fe4336a8675a44ad208868ee899b14def3422bbc,True,False,32,nbldpc_formal_v5c_decoder_q1024_p20_confirmation_029,32,384,5.421010862427522e-20,nbldpc_v5c_sched,641c745be27bfb9487fa99712a5866725f19c25fc57735fa58196d38cb324559,2.168404344971009e-19,705,confirmation,4,0,0,verified_success,0.2,4,ccd6f7790f8c5b12a008796b9e8dd26856a76db691126e8d820c00164d2a0638,1
ddd18c8f1b63c6d7688c5b18252b89cb92d5536cfd69d47a2a28e082d09ee2da,True,False,32,nbldpc_formal_v5c_decoder_q1024_p20_confirmation_030,32,384,5.421010862427522e-20,nbldpc_v5c_sched,641c745be27bfb9487fa99712a5866725f19c25fc57735fa58196d38cb324559,2.168404344971009e-19,705,confirmation,3,0,0,verified_success,0.2,4,dee2a77e65d42ad9937bdac0cf1835411d9e97e13416faa07899b1a22190a060,1
e01bd67ce475fe5d36e57be4b838b905c3f759dce7031480ab9ba7fff4d62171,True,False,32,nbldpc_formal_v5c_decoder_q1024_p20_confirmation_031,32,384,5.421010862427522e-20,nbldpc_v5c_sched,641c745be27bfb9487fa99712a5866725f19c25fc57735fa58196d38cb324559,2.168404344971009e-19,705,confirmation,4,0,0,verified_success,0.2,4,8de2c6f4c512c33e44d83d80642af45457f068e2134faa54b09527c630234f70,1
08b79d69ee811a75aab6f2c2beecc17e08254f58926b74c5356841f76cb8ba35,True,False,32,nbldpc_formal_v5c_decoder_q1024_p20_confirmation_032,32,384,5.421010862427522e-20,nbldpc_v5c_sched,641c745be27bfb9487fa99712a5866725f19c25fc57735fa58196d38cb324559,2.168404344971009e-19,705,confirmation,3,0,0,verified_success,0.2,4,773fdd94fbe973025cba2cc86b8493029b94b8c37913e7e6466185c7cedc5c6d,1
697885d5db190af5a16102365bf0808a5cf286891f1cb796723699afc72b5cf1,True,False,32,nbldpc_formal_v5c_decoder_q1024_p20_confirmation_033,32,384,5.421010862427522e-20,nbldpc_v5c_sched,641c745be27bfb9487fa99712a5866725f19c25fc57735fa58196d38cb324559,2.168404344971009e-19,705,confirmation,5,0,0,verified_success,0.2,4,dac4aa2937ed40347f8ae482d6728381eb57bc48cde7bc95b1febef25a192022,1
8420f95ceca865c6a3e80b3d6eaaa86222bb5ad0dbe870236596c8fcce6774ad,True,False,32,nbldpc_formal_v5c_decoder_q1024_p20_confirmation_034,32,384,5.421010862427522e-20,nbldpc_v5c_sched,641c745be27bfb9487fa99712a5866725f19c25fc57735fa58196d38cb324559,2.168404344971009e-19,705,confirmation,2,0,0,verified_success,0.2,4,fea31d8f1157404a561b460aaf705ce45ee6e75c9573f3f9a536c18d58109032,1
afaf6f5d8a7f63b345618e3c53b925d443ccf520235dc3f6ab3ada6f399ea3f4,True,False,32,nbldpc_formal_v5c_decoder_q1024_p20_confirmation_035,32,384,5.421010862427522e-20,nbldpc_v5c_sched,641c745be27bfb9487fa99712a5866725f19c25fc57735fa58196d38cb324559,2.168404344971009e-19,705,confirmation,3,0,0,verified_success,0.2,4,8fa51eab0c149b6a5f4a121aa1fef8f6fc158dd9ec99a6d150c5a89b26ccbfc7,1
79c2b8a9e6d38e70748dabcd0d91298c7686c40ed937eb48c69ac79558ac56da,True,False,32,nbldpc_formal_v5c_decoder_q1024_p20_confirmation_036,32,384,5.421010862427522e-20,nbldpc_v5c_sched,641c745be27bfb9487fa99712a5866725f19c25fc57735fa58196d38cb324559,2.168404344971009e-19,705,confirmation,1,0,0,verified_success,0.2,4,414aaa7c11077df092234568211574fef581bb3f04034c3db70cb6c0fc84a9a8,1
9adec9602f5b211b92fdb6d69f79205b24b3b7993c77d4bd545b02dad7aa654d,True,False,32,nbldpc_formal_v5c_decoder_q1024_p20_confirmation_037,32,384,5.421010862427522e-20,nbldpc_v5c_sched,641c745be27bfb9487fa99712a5866725f19c25fc57735fa58196d38cb324559,2.168404344971009e-19,705,confirmation,2,0,0,verified_success,0.2,4,7a2c6b13ef55dfca708192fc22fa509592ca5b620912b42c15ba4f03f25e9c88,1
6236ea2387cb4254504c980f7a3e06004ad91a37885cc1dfd4959552ba1b1af8,True,False,32,nbldpc_formal_v5c_decoder_q1024_p20_confirmation_038,32,384,5.421010862427522e-20,nbldpc_v5c_sched,641c745be27bfb9487fa99712a5866725f19c25fc57735fa58196d38cb324559,2.168404344971009e-19,705,confirmation,3,0,0,verified_success,0.2,4,901389925f248d104712a3f891bb4c0c09c6802a3a32cd421f33d22ed2e7a923,1
a68212995fdee4773e856b7c8f724ee8d0858d0a3c983f8facd9a5e78301e8ab,True,False,32,nbldpc_formal_v5c_decoder_q1024_p20_confirmation_039,32,384,5.421010862427522e-20,nbldpc_v5c_sched,641c745be27bfb9487fa99712a5866725f19c25fc57735fa58196d38cb324559,2.168404344971009e-19,705,confirmation,6,0,0,verified_success,0.2,4,253976d51a2954a05bd189f26af433ec7e45e0661fcd270a15f02514fb8a0f1d,1
98936117b4f02ab7e32eec4be1e4ad28b840714c4a92024ff9460a05d210f293,True,False,32,nbldpc_formal_v5c_decoder_q1024_p20_confirmation_040,32,384,5.421010862427522e-20,nbldpc_v5c_sched,641c745be27bfb9487fa99712a5866725f19c25fc57735fa58196d38cb324559,2.168404344971009e-19,705,confirmation,3,0,0,verified_success,0.2,4,0d68eddbea5a8e678b0bc10eb18bd98145cdb7c642428a376880a51c885e8ed8,1
ca0747cbf4f465376876048f9b802a590e21ca42a4e29e6308ef47ab4af8b36b,True,False,32,nbldpc_formal_v5c_decoder_q1024_p20_confirmation_041,32,384,5.421010862427522e-20,nbldpc_v5c_sched,641c745be27bfb9487fa99712a5866725f19c25fc57735fa58196d38cb324559,2.168404344971009e-19,705,confirmation,7,0,0,verified_success,0.2,4,96d931068d846cac53cdc3d5e2a48e163a09714af03a9b1bc1761a4ad0f8d8cc,1
d837fe7f95d5328f3a65d38a15938596e047be524f0cfa6d13d3083e56b74c26,True,False,32,nbldpc_formal_v5c_decoder_q1024_p20_confirmation_042,32,384,5.421010862427522e-20,nbldpc_v5c_sched,641c745be27bfb9487fa99712a5866725f19c25fc57735fa58196d38cb324559,2.168404344971009e-19,705,confirmation,2,0,0,verified_success,0.2,4,b278717ce8410a2a6882face852e5ed97b42b0be888b15b25ad9bff032f08c2b,1
07fea634db0879f4ee15b6a2deb78802d46ac08ed26ca0547de1e01ecde2d5f4,True,False,32,nbldpc_formal_v5c_decoder_q1024_p20_confirmation_043,32,384,5.421010862427522e-20,nbldpc_v5c_sched,641c745be27bfb9487fa99712a5866725f19c25fc57735fa58196d38cb324559,2.168404344971009e-19,705,confirmation,2,0,0,verified_success,0.2,4,be526a53a5d4f6c34b3f763763f60e032866762fc4bdec0db0643711efa47be1,1
62277b0de7e4cc3c35738a06caccad14147502ecba9e84babef85bcb843d1b5d,True,False,32,nbldpc_formal_v5c_decoder_q1024_p20_confirmation_044,32,384,5.421010862427522e-20,nbldpc_v5c_sched,641c745be27bfb9487fa99712a5866725f19c25fc57735fa58196d38cb324559,2.168404344971009e-19,705,confirmation,3,0,0,verified_success,0.2,4,5506e2e2177ea49b264b5c25ef4cc57ed829527f92caeddea7b3fc5d7da5bf3e,1
07d20e928a8a976143e0a31701387e6b1e1177ac25aca103bd8eb77e31e264bf,True,False,32,nbldpc_formal_v5c_decoder_q1024_p20_confirmation_045,32,384,5.421010862427522e-20,nbldpc_v5c_sched,641c745be27bfb9487fa99712a5866725f19c25fc57735fa58196d38cb324559,2.168404344971009e-19,705,confirmation,3,0,0,verified_success,0.2,4,29c7008637ca28e77a88407684b514a8abd15c62989135b5e68d657c1d970fa3,1
8c6a451fad254de8dc64549cf4c027908a7c6682dc2c0525c6df6cf0af2ee76c,True,False,32,nbldpc_formal_v5c_decoder_q1024_p20_confirmation_046,32,384,5.421010862427522e-20,nbldpc_v5c_sched,641c745be27bfb9487fa99712a5866725f19c25fc57735fa58196d38cb324559,2.168404344971009e-19,705,confirmation,4,0,0,verified_success,0.2,4,346f7c0d3a390e4c90935dabd781e6d0a0e9e1ef98788725995082ab9d558d7f,1
d23e5c286a351ded93214e3ceb8c86beee16a1e028d1f3137a0bbaa8b4263226,True,False,32,nbldpc_formal_v5c_decoder_q1024_p20_confirmation_047,32,384,5.421010862427522e-20,nbldpc_v5c_sched,641c745be27bfb9487fa99712a5866725f19c25fc57735fa58196d38cb324559,2.168404344971009e-19,705,confirmation,2,0,0,verified_success,0.2,4,60fa33bebd23b94598f7102f5da9a7dd94fe5772696635776493872b75858c4a,1
f0bc7c933199dafd95d8dfb5459ae4aa99c968f50c0bdb7bfc6360793f61dd4b,True,False,32,nbldpc_formal_v5c_decoder_q1024_p20_confirmation_048,32,384,5.421010862427522e-20,nbldpc_v5c_sched,641c745be27bfb9487fa99712a5866725f19c25fc57735fa58196d38cb324559,2.168404344971009e-19,705,confirmation,3,0,0,verified_success,0.2,4,c0a16b5df50d93d81faca85105c5e5abe88ce1a6f767263cd9fc33238e8048f5,1
a31f1e1e15d4aaf64f3636c7ad8f27534e4ea1131d6f65dc6daced99be120ee6,True,False,32,nbldpc_formal_v5c_decoder_q1024_p20_confirmation_049,32,384,5.421010862427522e-20,nbldpc_v5c_sched,641c745be27bfb9487fa99712a5866725f19c25fc57735fa58196d38cb324559,2.168404344971009e-19,705,confirmation,3,0,0,verified_success,0.2,4,d122b14ee8a155744cf0441a7ea824aebd191a82655c67dfd1d6ac05a2b018ea,1
807ccd983a0d22a0ff9eee554e81098ecccf45e1ef25a7284ace000839f49afe,True,False,32,nbldpc_formal_v5c_decoder_q1024_p20_confirmation_050,32,384,5.421010862427522e-20,nbldpc_v5c_sched,641c745be27bfb9487fa99712a5866725f19c25fc57735fa58196d38cb324559,2.168404344971009e-19,705,confirmation,2,0,0,verified_success,0.2,4,f396ff4ac916f6302756677059d71e5eadd8b8c0ec7890ca874f730d17985abe,1
3bc1596cf2bebec9555de21c6c9df9096da43c4e6cad0566f7f7f832240bfae0,True,False,32,nbldpc_formal_v5c_decoder_q1024_p20_confirmation_051,32,384,5.421010862427522e-20,nbldpc_v5c_sched,641c745be27bfb9487fa99712a5866725f19c25fc57735fa58196d38cb324559,2.168404344971009e-19,705,confirmation,3,0,0,verified_success,0.2,4,29be74712f55310ec6587042f620df05d2e1d53db6b6554b192fd5fe32341086,1
f5e6d400c7d9ec65df3689ac3c04fecf0157751684c2532f9f56fc2539854327,True,False,32,nbldpc_formal_v5c_decoder_q1024_p20_confirmation_052,32,384,5.421010862427522e-20,nbldpc_v5c_sched,641c745be27bfb9487fa99712a5866725f19c25fc57735fa58196d38cb324559,2.168404344971009e-19,705,confirmation,3,0,0,verified_success,0.2,4,22ae0a4fec1be2f128f2a65e2e96785886f0423a930100fd45133cc172141ef1,1
42142f27c11fe582cb20923bea2a347a066d4d0fc6fbb404fd52a571007c1c2c,True,False,32,nbldpc_formal_v5c_decoder_q1024_p20_confirmation_053,32,384,5.421010862427522e-20,nbldpc_v5c_sched,641c745be27bfb9487fa99712a5866725f19c25fc57735fa58196d38cb324559,2.168404344971009e-19,705,confirmation,2,0,0,verified_success,0.2,4,8f062bb85b379cfcc47535ef4ff993fd9dbcedc7aa210874b534734d3283d86e,1
3c4150ff5a344caa9e581277dc4bfdea775c9b179190a392d4ef59957cb20e6a,True,False,32,nbldpc_formal_v5c_decoder_q1024_p20_confirmation_054,32,384,5.421010862427522e-20,nbldpc_v5c_sched,641c745be27bfb9487fa99712a5866725f19c25fc57735fa58196d38cb324559,2.168404344971009e-19,705,confirmation,2,0,0,verified_success,0.2,4,a3a19cc3a79a22b28d4ac41ac85548c21ea6aab73f7090698da52f2a0be4c082,1
da5efd32786a170626a4335b379881b6a1b673ab7d7639aea577fb1317df3566,True,False,32,nbldpc_formal_v5c_decoder_q1024_p20_confirmation_055,32,384,5.421010862427522e-20,nbldpc_v5c_sched,641c745be27bfb9487fa99712a5866725f19c25fc57735fa58196d38cb324559,2.168404344971009e-19,705,confirmation,3,0,0,verified_success,0.2,4,5c6a271f469e59367f0a043047beefcb2d28dcdf0c5c51b10242803d36f5ed45,1
0156b9a29acda50c81a62f919f14f03867862955058ad2f9b9ffb132915d1500,True,False,32,nbldpc_formal_v5c_decoder_q1024_p20_confirmation_056,32,384,5.421010862427522e-20,nbldpc_v5c_sched,641c745be27bfb9487fa99712a5866725f19c25fc57735fa58196d38cb324559,2.168404344971009e-19,705,confirmation,4,0,0,verified_success,0.2,4,3c59d89adf4c812f34062cf6447ee7c6a46a03c4425506171a01c114d38cef36,1
126bd2119875594b1fc47f9d7d282ae337134dbbe12ab8da02cb6415541adf75,True,False,32,nbldpc_formal_v5c_decoder_q1024_p20_confirmation_057,32,384,5.421010862427522e-20,nbldpc_v5c_sched,641c745be27bfb9487fa99712a5866725f19c25fc57735fa58196d38cb324559,2.168404344971009e-19,705,confirmation,2,0,0,verified_success,0.2,4,a45f788e8b8c6d946bc20cab455f42e7a253be43a4d9e4d053dbb27ca0ccb0e0,1
6ddfaec72e0cde60431b3939ad4e8994c01576551acf39df0f1da71650ed7724,True,False,32,nbldpc_formal_v5c_decoder_q1024_p20_confirmation_058,32,384,5.421010862427522e-20,nbldpc_v5c_sched,641c745be27bfb9487fa99712a5866725f19c25fc57735fa58196d38cb324559,2.168404344971009e-19,705,confirmation,3,0,0,verified_success,0.2,4,7415a43b69f29e09b3cf1473dd697afb27214dd16d1d48859a0ab97521d799da,1
997a8dc36b55b340e497520924be6b4df1e49512b39763e6faf5cc87206050b1,True,False,32,nbldpc_formal_v5c_decoder_q1024_p20_confirmation_059,32,384,5.421010862427522e-20,nbldpc_v5c_sched,641c745be27bfb9487fa99712a5866725f19c25fc57735fa58196d38cb324559,2.168404344971009e-19,705,confirmation,2,0,0,verified_success,0.2,4,7c8d03c720899944e898bd04e4df7bb921d97f3a07ed6432d2911334db31de52,1
7118ac860501caf4d371755d3e0bf9277105815f4d68c4bd853133c184e7bbc4,True,False,32,nbldpc_formal_v5c_decoder_q1024_p20_confirmation_060,32,384,5.421010862427522e-20,nbldpc_v5c_sched,641c745be27bfb9487fa99712a5866725f19c25fc57735fa58196d38cb324559,2.168404344971009e-19,705,confirmation,4,0,0,verified_success,0.2,4,7c57210187c14d741538c1d57ddc4048bb31efc1d1294cc4d3a204d33534815f,1
02fb827bbbd52943d59d6256573e9ad7f8c02557abb40159ace825dc1353c092,True,False,32,nbldpc_formal_v5c_decoder_q1024_p20_confirmation_061,32,384,5.421010862427522e-20,nbldpc_v5c_sched,641c745be27bfb9487fa99712a5866725f19c25fc57735fa58196d38cb324559,2.168404344971009e-19,705,confirmation,3,0,0,verified_success,0.2,4,a186ee46a9661020b3e0d64ab9fd484de765e8c234cca7eadaa36da2c7be6bf5,1
0cf6e920adf566e71f63f4002393de26f29e1db5dbd0ae01b2ced814009ce78a,True,False,32,nbldpc_formal_v5c_decoder_q1024_p20_confirmation_062,32,384,5.421010862427522e-20,nbldpc_v5c_sched,641c745be27bfb9487fa99712a5866725f19c25fc57735fa58196d38cb324559,2.168404344971009e-19,705,confirmation,3,0,0,verified_success,0.2,4,ca584b12272991e0da3727382554b93a2e0615be817e68904a040ee2324eebc6,1
726e3e4bb6b52369f59a2fe15e03389c4cde100d9a02ac48267c06b363596755,True,False,32,nbldpc_formal_v5c_decoder_q1024_p20_confirmation_063,32,384,5.421010862427522e-20,nbldpc_v5c_sched,641c745be27bfb9487fa99712a5866725f19c25fc57735fa58196d38cb324559,2.168404344971009e-19,705,confirmation,3,0,0,verified_success,0.2,4,94b99415123a274d0b9013503648bb79a29e2914fe54e106a949447ded15718e,1
b8364151cc862bd27e7453c32455148a06ae6933d744d6079b9afb6a1a974ba9,True,False,32,nbldpc_formal_v5c_decoder_q1024_p20_confirmation_064,32,384,5.421010862427522e-20,nbldpc_v5c_sched,641c745be27bfb9487fa99712a5866725f19c25fc57735fa58196d38cb324559,2.168404344971009e-19,705,confirmation,4,0,0,verified_success,0.2,4,b25c9241755de3be20a50bbcd93ff7176e2dcdc87a171b020024cf919d7b9b50,1
494fda19b33b5afd6781fc4b9b3342f5629df95daa01f48674b963ba9fb755be,True,False,32,nbldpc_formal_v5c_decoder_q1024_p20_confirmation_065,32,384,5.421010862427522e-20,nbldpc_v5c_sched,641c745be27bfb9487fa99712a5866725f19c25fc57735fa58196d38cb324559,2.168404344971009e-19,705,confirmation,2,0,0,verified_success,0.2,4,8c9bd466e4a9d7cb6c9bea7d40ae79de9cf9cea0967e825a9de45867138473e1,1
7172de5cd16029ecae9278e31993e90efcc0cb84e816beae756785a9b8831d9c,True,False,32,nbldpc_formal_v5c_decoder_q1024_p20_confirmation_066,32,384,5.421010862427522e-20,nbldpc_v5c_sched,641c745be27bfb9487fa99712a5866725f19c25fc57735fa58196d38cb324559,2.168404344971009e-19,705,confirmation,3,0,0,verified_success,0.2,4,c02c34fcd1c372fa9fcbedc9e536d6c964af2004ce28c2fc99d8ae62e1db9592,1
8fced56f543def93cb083638c334869e01d9942eb2c49febb89bd47634f2e9b3,True,False,32,nbldpc_formal_v5c_decoder_q1024_p20_confirmation_067,32,384,5.421010862427522e-20,nbldpc_v5c_sched,641c745be27bfb9487fa99712a5866725f19c25fc57735fa58196d38cb324559,2.168404344971009e-19,705,confirmation,4,0,0,verified_success,0.2,4,1d0d11686e1b61cfb55f948005de98892f43bebb549e5c682b610ee90c78650b,1
ed9c6e84d77c1137d8fbb1772417ecdde7a63bbd6b3bd27b47d9f27c88aa9893,True,False,32,nbldpc_formal_v5c_decoder_q1024_p20_confirmation_068,32,384,5.421010862427522e-20,nbldpc_v5c_sched,641c745be27bfb9487fa99712a5866725f19c25fc57735fa58196d38cb324559,2.168404344971009e-19,705,confirmation,2,0,0,verified_success,0.2,4,2deeb03cd823d603a159d8d2c24ba002bc9ad1c51ad03e53ab9e4123ad1c8cc4,1
8bc7b7882ddebe4e4da47ba1b38ea572191a4fd6618a177fd34d15689fc37728,True,False,32,nbldpc_formal_v5c_decoder_q1024_p20_confirmation_069,32,384,5.421010862427522e-20,nbldpc_v5c_sched,641c745be27bfb9487fa99712a5866725f19c25fc57735fa58196d38cb324559,2.168404344971009e-19,705,confirmation,3,0,0,verified_success,0.2,4,84a374fb07f80e1f78bb76f2f9bd178669c31d3eb2d600ff4906ae9430b3aa53,1
294f97f2b769ed67306f9015436f0e8c06d7c639961d6e9a91d07d39a4f4ba62,True,False,32,nbldpc_formal_v5c_decoder_q1024_p20_confirmation_070,32,384,5.421010862427522e-20,nbldpc_v5c_sched,641c745be27bfb9487fa99712a5866725f19c25fc57735fa58196d38cb324559,2.168404344971009e-19,705,confirmation,2,0,0,verified_success,0.2,4,e4fc659d08e86c065866ece311ad8997a8aa9b5ab53bb7d56e5fbd06373bd0d7,1
25394fdf2256c462916bd6e81409f46ec9e70eaaba44c7b85922ffb685477980,True,False,32,nbldpc_formal_v5c_decoder_q1024_p20_confirmation_071,32,384,5.421010862427522e-20,nbldpc_v5c_sched,641c745be27bfb9487fa99712a5866725f19c25fc57735fa58196d38cb324559,2.168404344971009e-19,705,confirmation,2,0,0,verified_success,0.2,4,293d825b4c0bfde7d1579fb8f0c4f71a3bae0019e391d9d7a035e0bf8a249ba7,1
a736973fafd6b9377ef67a0b2f111a118dc5623b0e7d45c7d74ceec467ba1ded,True,False,32,nbldpc_formal_v5c_decoder_q1024_p20_confirmation_072,32,384,5.421010862427522e-20,nbldpc_v5c_sched,641c745be27bfb9487fa99712a5866725f19c25fc57735fa58196d38cb324559,2.168404344971009e-19,705,confirmation,3,0,0,verified_success,0.2,4,0596f2cdb80a399c42b912929334278b94e6a6aed935a42c43e158a0a61ef449,1
a29ca5ce8020db51d25778902a853989244502b578794715292aec674b873aa6,True,False,32,nbldpc_formal_v5c_decoder_q1024_p20_confirmation_073,32,384,5.421010862427522e-20,nbldpc_v5c_sched,641c745be27bfb9487fa99712a5866725f19c25fc57735fa58196d38cb324559,2.168404344971009e-19,705,confirmation,4,0,0,verified_success,0.2,4,4f890fce3d356a97f6729de59753e2a1053ba7698693ed2ff784a59c02760e78,1
7b5caa06064119fa0c1efcf8dce87595a17582e0c3800679bd751f1e103c1960,True,False,32,nbldpc_formal_v5c_decoder_q1024_p20_confirmation_074,32,384,5.421010862427522e-20,nbldpc_v5c_sched,641c745be27bfb9487fa99712a5866725f19c25fc57735fa58196d38cb324559,2.168404344971009e-19,705,confirmation,2,0,0,verified_success,0.2,4,61523e9c46cb319748ca7e20259cf386b7f2d27465deaf17b5711925e86643c1,1
3ed0054271407f355eb5baf8c8b9f52bdc9e2649bf6e6a31f4801f441d428083,True,False,32,nbldpc_formal_v5c_decoder_q1024_p20_confirmation_075,32,384,5.421010862427522e-20,nbldpc_v5c_sched,641c745be27bfb9487fa99712a5866725f19c25fc57735fa58196d38cb324559,2.168404344971009e-19,705,confirmation,2,0,0,verified_success,0.2,4,d02f220fd2abe3d8dd0ab4b6e9ea29226356dd0d01e4622f29a5d7e8ec3032bf,1
8b9bda9c114f935dd73ffaeb68ce77eecf3ba494dc779114a4a658836e5529a0,True,True,40,nbldpc_formal_v5c_decoder_q1024_p20_confirmation_076,32,464,5.421010862427522e-20,nbldpc_v5c_sched,641c745be27bfb9487fa99712a5866725f19c25fc57735fa58196d38cb324559,2.168404344971009e-19,707,confirmation,12,4,0,verified_success,0.2,7,d358a7ec29ca69da11775bcdab4798265e6beff17d3affe64709f6cc943fc39f,1
f9b2bb0fc14fd99a2d3a15a240549af39c23a33a46a91c8b32c2095ce6327e7c,True,False,32,nbldpc_formal_v5c_decoder_q1024_p20_confirmation_077,32,384,5.421010862427522e-20,nbldpc_v5c_sched,641c745be27bfb9487fa99712a5866725f19c25fc57735fa58196d38cb324559,2.168404344971009e-19,705,confirmation,3,0,0,verified_success,0.2,4,ad97ebaecf4f3ce5a8e3ae92b8e9e868d4c48eb6870e9d4044ebe868a9912116,1
5853ae0a133f14efe8a035e433630765de199f556f368009518a89f424c919b0,True,False,32,nbldpc_formal_v5c_decoder_q1024_p20_confirmation_078,32,384,5.421010862427522e-20,nbldpc_v5c_sched,641c745be27bfb9487fa99712a5866725f19c25fc57735fa58196d38cb324559,2.168404344971009e-19,705,confirmation,3,0,0,verified_success,0.2,4,a027091d098ea4dcfc22f37af097e1bd990a34a69cc7738206abfb1c2afff0f5,1
4343990e82bf57b10fe25bd27caa452120aa07c3370a4cf76a893b8ea20acd4d,True,False,32,nbldpc_formal_v5c_decoder_q1024_p20_confirmation_079,32,384,5.421010862427522e-20,nbldpc_v5c_sched,641c745be27bfb9487fa99712a5866725f19c25fc57735fa58196d38cb324559,2.168404344971009e-19,705,confirmation,2,0,0,verified_success,0.2,4,2285111a9e51269e2606652ed0c48a453bebf2e90c9a2c41a77d3601a6a3d722,1
1eead636a3030a164d82dff5acb7f1504e785662fd0c4846d87401607af04553,True,False,32,nbldpc_formal_v5c_decoder_q1024_p20_confirmation_080,32,384,5.421010862427522e-20,nbldpc_v5c_sched,641c745be27bfb9487fa99712a5866725f19c25fc57735fa58196d38cb324559,2.168404344971009e-19,705,confirmation,3,0,0,verified_success,0.2,4,44888a3f066d4764366e049c7f4e053442c25e6464e8c878d4c879e9277e2ade,1
7489e7fe94ece143fecb56f76661f949e16b422410f16be39c15195a095b577c,True,False,32,nbldpc_formal_v5c_decoder_q1024_p20_confirmation_081,32,384,5.421010862427522e-20,nbldpc_v5c_sched,641c745be27bfb9487fa99712a5866725f19c25fc57735fa58196d38cb324559,2.168404344971009e-19,705,confirmation,5,0,0,verified_success,0.2,4,f75bdbd67b73396bf70a2a4796e2fb31d0ab46e6f316fec37ec371cba9daba3c,1
34e0e0490345bdeb0c0c43ca3b480b9d94b2ee2fcda8e3e94299cd31e5d08cb6,True,False,32,nbldpc_formal_v5c_decoder_q1024_p20_confirmation_082,32,384,5.421010862427522e-20,nbldpc_v5c_sched,641c745be27bfb9487fa99712a5866725f19c25fc57735fa58196d38cb324559,2.168404344971009e-19,705,confirmation,5,0,0,verified_success,0.2,4,cc2066694a7fb156187f1587f3480321c1dbc1a3dd01545304f144cfb80abf27,1
e3e96326d97c528eb54a603eb0c2abf8ce20070dc0a80e2a388d88d5241641fd,True,False,32,nbldpc_formal_v5c_decoder_q1024_p20_confirmation_083,32,384,5.421010862427522e-20,nbldpc_v5c_sched,641c745be27bfb9487fa99712a5866725f19c25fc57735fa58196d38cb324559,2.168404344971009e-19,705,confirmation,5,0,0,verified_success,0.2,4,6af9887fa5c150d883531058a418b8d06a100cc15dd872a94deb64fdf324f050,1
b43a449bd72ff5a7df079c18c91c831295663b7df56e5039e28a5109c049f1be,True,False,32,nbldpc_formal_v5c_decoder_q1024_p20_confirmation_084,32,384,5.421010862427522e-20,nbldpc_v5c_sched,641c745be27bfb9487fa99712a5866725f19c25fc57735fa58196d38cb324559,2.168404344971009e-19,705,confirmation,3,0,0,verified_success,0.2,4,408ec6ecf8811f59a1b91ac0832230b270744fd3ba49441711ffcab59dd70be6,1
223cf26678fa98dbf9e977776a33787deee108f366dbc1c15caa1a358897b8d1,True,False,32,nbldpc_formal_v5c_decoder_q1024_p20_confirmation_085,32,384,5.421010862427522e-20,nbldpc_v5c_sched,641c745be27bfb9487fa99712a5866725f19c25fc57735fa58196d38cb324559,2.168404344971009e-19,705,confirmation,2,0,0,verified_success,0.2,4,fe6cf8a7999ff31815bffedb31f253a72ae1ed8275f285a078967aa6df609223,1
83f766ffe926de2a8263c33764e0d0bb1a211115fc126fa2a4f323812a50842d,True,False,32,nbldpc_formal_v5c_decoder_q1024_p20_confirmation_086,32,384,5.421010862427522e-20,nbldpc_v5c_sched,641c745be27bfb9487fa99712a5866725f19c25fc57735fa58196d38cb324559,2.168404344971009e-19,705,confirmation,2,0,0,verified_success,0.2,4,caeab6c9e0841732b6ba4143505be0080ef4343e9d9c9e852d355e1b51f94d9e,1
a5abc31f239d61bfdc02731827815feeafc138a88e4aff3b7201df0f62a8674d,True,False,32,nbldpc_formal_v5c_decoder_q1024_p20_confirmation_087,32,384,5.421010862427522e-20,nbldpc_v5c_sched,641c745be27bfb9487fa99712a5866725f19c25fc57735fa58196d38cb324559,2.168404344971009e-19,705,confirmation,4,0,0,verified_success,0.2,4,eb02dc0cac735a2f0c5952082415e6987ad2f5c7246db014638494003ca746b4,1
bc356ec91d4ce2679199df085aba80bc5464df7bc8a6625d188e58eb00bf7f97,True,False,32,nbldpc_formal_v5c_decoder_q1024_p20_confirmation_088,32,384,5.421010862427522e-20,nbldpc_v5c_sched,641c745be27bfb9487fa99712a5866725f19c25fc57735fa58196d38cb324559,2.168404344971009e-19,705,confirmation,3,0,0,verified_success,0.2,4,568bdb9672d6b3264116dc0d3c4278d76fde2f1b9de5e3be8bc7ce9bc3a43c61,1
d04503dc945ea6da02c14ed7b423786a0f9f0322d58c440b047b1ecf014106b1,True,False,32,nbldpc_formal_v5c_decoder_q1024_p20_confirmation_089,32,384,5.421010862427522e-20,nbldpc_v5c_sched,641c745be27bfb9487fa99712a5866725f19c25fc57735fa58196d38cb324559,2.168404344971009e-19,705,confirmation,3,0,0,verified_success,0.2,4,f81c9a7910e7fee830e1b78eb04f941f03ed6b861581425dff68f3cda66df09a,1
9ee5c19b96307fe2cdc8f5421a231fbb13d11d3e5900e869d964cefd97557ef2,True,False,32,nbldpc_formal_v5c_decoder_q1024_p20_confirmation_090,32,384,5.421010862427522e-20,nbldpc_v5c_sched,641c745be27bfb9487fa99712a5866725f19c25fc57735fa58196d38cb324559,2.168404344971009e-19,705,confirmation,2,0,0,verified_success,0.2,4,2598a1c76e4af4e91128d0ec38acd4dda2dc1fb94346abdd8cd98917ef380244,1
7b76c6eae10706a6f9910929f7004a4b2f90dcbb99ab8480a8713631a6be5b86,True,True,40,nbldpc_formal_v5c_decoder_q1024_p20_confirmation_091,32,464,5.421010862427522e-20,nbldpc_v5c_sched,641c745be27bfb9487fa99712a5866725f19c25fc57735fa58196d38cb324559,2.168404344971009e-19,707,confirmation,12,4,0,verified_success,0.2,7,ad35bf49e02e9b5ac977ef3a313db63eddc8f191b0df47d8a90f2faa1e19c918,1
fa38c7d3776f82e81fa6edecdc01bedc153bcb43cc66a3996974944481c7c771,True,False,32,nbldpc_formal_v5c_decoder_q1024_p20_confirmation_092,32,384,5.421010862427522e-20,nbldpc_v5c_sched,641c745be27bfb9487fa99712a5866725f19c25fc57735fa58196d38cb324559,2.168404344971009e-19,705,confirmation,4,0,0,verified_success,0.2,4,0287accc307bc746bf64d5eea1807aed7525ff4487df8801a6e52a31df6dbb46,1
019363d3310d3f288b74eec9a08bf9016e5fafd3b92393c4acbdcd20d4936051,True,False,32,nbldpc_formal_v5c_decoder_q1024_p20_confirmation_093,32,384,5.421010862427522e-20,nbldpc_v5c_sched,641c745be27bfb9487fa99712a5866725f19c25fc57735fa58196d38cb324559,2.168404344971009e-19,705,confirmation,2,0,0,verified_success,0.2,4,14e59789de75b5308c37b7dde14e5db6ff57acd725104293ea1cc92da5a2a7be,1
d3c9d229a849564d753167731a6921dfdb87abbb8979c40176c7c0c4167e5858,True,False,32,nbldpc_formal_v5c_decoder_q1024_p20_confirmation_094,32,384,5.421010862427522e-20,nbldpc_v5c_sched,641c745be27bfb9487fa99712a5866725f19c25fc57735fa58196d38cb324559,2.168404344971009e-19,705,confirmation,2,0,0,verified_success,0.2,4,87fdb16455fe79460bc0ed3deb3ba781afa8df869a1d74ce6d68b963d047c46a,1
4a6b049e54e2cffd4f212fb3c370bdb0abfb063c4402caac2166b8cc28bd52f0,True,False,32,nbldpc_formal_v5c_decoder_q1024_p20_confirmation_095,32,384,5.421010862427522e-20,nbldpc_v5c_sched,641c745be27bfb9487fa99712a5866725f19c25fc57735fa58196d38cb324559,2.168404344971009e-19,705,confirmation,3,0,0,verified_success,0.2,4,9d260bc1c4e42225e79a334b2186e0e38be879a272208b72eb018d075b6057e0,1
3e9a16e751da38ca1133fbb5ec9f413f4bfcbf1f1479be00e1ec660e970b963e,True,False,32,nbldpc_formal_v5c_decoder_q1024_p20_confirmation_096,32,384,5.421010862427522e-20,nbldpc_v5c_sched,641c745be27bfb9487fa99712a5866725f19c25fc57735fa58196d38cb324559,2.168404344971009e-19,705,confirmation,3,0,0,verified_success,0.2,4,512698e4e5d871929faac3394249675874eb399ae80ad92d5fa01c48be237189,1
06858ef1c6fb16146b17e75fe335c1b8452fc44189624423094b49d2d1ae0101,True,False,32,nbldpc_formal_v5c_decoder_q1024_p20_confirmation_097,32,384,5.421010862427522e-20,nbldpc_v5c_sched,641c745be27bfb9487fa99712a5866725f19c25fc57735fa58196d38cb324559,2.168404344971009e-19,705,confirmation,2,0,0,verified_success,0.2,4,d54e9b78d6740e07a3358ef076fb6798586a3e773b0204483b8c9602f1622256,1
a7f3c212122b7ebe569bbb01453abf984b95799a2bce4c2b0570874ba77d55bf,True,False,32,nbldpc_formal_v5c_decoder_q1024_p20_confirmation_098,32,384,5.421010862427522e-20,nbldpc_v5c_sched,641c745be27bfb9487fa99712a5866725f19c25fc57735fa58196d38cb324559,2.168404344971009e-19,705,confirmation,2,0,0,verified_success,0.2,4,37c2bd773a933a146fc24fd5b4537aea9f91fcd4c3c4eeaebd2089f06b58ee46,1
de998d3ccc4cc07d67aed9edbdee4a8e163ad5530c9d411d8944edfbbd7324d2,True,False,32,nbldpc_formal_v5c_decoder_q1024_p20_confirmation_099,32,384,5.421010862427522e-20,nbldpc_v5c_sched,641c745be27bfb9487fa99712a5866725f19c25fc57735fa58196d38cb324559,2.168404344971009e-19,705,confirmation,2,0,0,verified_success,0.2,4,05d0a568b07ac5693a3af1ac6baa78e76efe8857d0d4b3da22434dfbcf7246aa,1
d4fa990d1b0727f56dec1a50435d6858d16a7213d544bb808ed5cdce5dc97182,True,False,32,nbldpc_formal_v5c_decoder_q1024_p20_confirmation_100,32,384,5.421010862427522e-20,nbldpc_v5c_sched,641c745be27bfb9487fa99712a5866725f19c25fc57735fa58196d38cb324559,2.168404344971009e-19,705,confirmation,3,0,0,verified_success,0.2,4,6c62647a6126923adbed19512e18b747a69e9279ce1d498be9fdda2afef92d80,1
dc1451efb21355532ca1413e12a8b73da21057849337beb46a87fd6125dd8d33,True,False,32,nbldpc_formal_v5c_decoder_q1024_p20_confirmation_101,32,384,5.421010862427522e-20,nbldpc_v5c_sched,641c745be27bfb9487fa99712a5866725f19c25fc57735fa58196d38cb324559,2.168404344971009e-19,705,confirmation,5,0,0,verified_success,0.2,4,6141c783a0303a1a4d25603ba478bc7822e4427cb20f7513ac2cd1235ccbda9c,1
c49c1286b1a08bea18c8b42fa4147b79002e644f52f91749557e407b48aefa87,True,False,32,nbldpc_formal_v5c_decoder_q1024_p20_confirmation_102,32,384,5.421010862427522e-20,nbldpc_v5c_sched,641c745be27bfb9487fa99712a5866725f19c25fc57735fa58196d38cb324559,2.168404344971009e-19,705,confirmation,3,0,0,verified_success,0.2,4,e9f702b9856a2af8c338c5ea6bde631377b412adcc05f721d4950f8eb3127153,1
bb74a74a2a8a7f6601c226705ed89834e9c62b6dfb5ef0afebc9bd6f8b9e330c,True,False,32,nbldpc_formal_v5c_decoder_q1024_p20_confirmation_103,32,384,5.421010862427522e-20,nbldpc_v5c_sched,641c745be27bfb9487fa99712a5866725f19c25fc57735fa58196d38cb324559,2.168404344971009e-19,705,confirmation,4,0,0,verified_success,0.2,4,03803d3a68603ef7687afb81766cdbf1f95e1351656349feeb6733f8bb9a370d,1
1e127246251f22be1208643a737713fd526f7657b77d5bf0f1a09e45867fae49,True,False,32,nbldpc_formal_v5c_decoder_q1024_p20_confirmation_104,32,384,5.421010862427522e-20,nbldpc_v5c_sched,641c745be27bfb9487fa99712a5866725f19c25fc57735fa58196d38cb324559,2.168404344971009e-19,705,confirmation,3,0,0,verified_success,0.2,4,7b4a2c9cfa0d3e8eab04d78e3934969a027c4921c72cd5359d96078460d295a8,1
6eadb8b50bc465c2650936423f8f6092c685ef4570920db05e3365ecc7931d0c,True,False,32,nbldpc_formal_v5c_decoder_q1024_p20_confirmation_105,32,384,5.421010862427522e-20,nbldpc_v5c_sched,641c745be27bfb9487fa99712a5866725f19c25fc57735fa58196d38cb324559,2.168404344971009e-19,705,confirmation,2,0,0,verified_success,0.2,4,e63747fe05159e4d1b9c03a9d7f523a8fe1b745056e20222ee94440963658c9a,1
f450ffff1990d0652868337ea3b9de60ad092bb01607555c5717c1d4357a9c5c,True,False,32,nbldpc_formal_v5c_decoder_q1024_p20_confirmation_106,32,384,5.421010862427522e-20,nbldpc_v5c_sched,641c745be27bfb9487fa99712a5866725f19c25fc57735fa58196d38cb324559,2.168404344971009e-19,705,confirmation,3,0,0,verified_success,0.2,4,e8079e0f18bf6e431a9b552b8f9e2ec3992f9e51f2de9a3895dcd42c095ef3f3,1
d3b443fb93adbb88c876a780a897e2ae40597c1d50a60424228882d253c106bc,True,False,32,nbldpc_formal_v5c_decoder_q1024_p20_confirmation_107,32,384,5.421010862427522e-20,nbldpc_v5c_sched,641c745be27bfb9487fa99712a5866725f19c25fc57735fa58196d38cb324559,2.168404344971009e-19,705,confirmation,3,0,0,verified_success,0.2,4,e45f68c8ab6223af835364e4c82a293d734c4d5799968b64ccf6cc81c05b71e7,1
08f207ba6e16ac64a0e858c52e6458726c4cc716d377a799099697409f541bf8,True,False,32,nbldpc_formal_v5c_decoder_q1024_p20_confirmation_108,32,384,5.421010862427522e-20,nbldpc_v5c_sched,641c745be27bfb9487fa99712a5866725f19c25fc57735fa58196d38cb324559,2.168404344971009e-19,705,confirmation,3,0,0,verified_success,0.2,4,fedbfda670ef17e99ec4c5d06223d914575aeeeeb13008f468410123e4685704,1
67f261ae0d15e147e15fddfd0ed35a60af65e5f5a46f05d88fba824d9e0bebf3,True,False,32,nbldpc_formal_v5c_decoder_q1024_p20_confirmation_109,32,384,5.421010862427522e-20,nbldpc_v5c_sched,641c745be27bfb9487fa99712a5866725f19c25fc57735fa58196d38cb324559,2.168404344971009e-19,705,confirmation,2,0,0,verified_success,0.2,4,0954898fa6819144a8c2afdaf8ed6caf9a15b3dfef66924618d510acba91211e,1
8d6dd2ea81a5b4c2f9307eac74bbbad9920728ea0dad69dc57c9feab04cdb27d,True,False,32,nbldpc_formal_v5c_decoder_q1024_p20_confirmation_110,32,384,5.421010862427522e-20,nbldpc_v5c_sched,641c745be27bfb9487fa99712a5866725f19c25fc57735fa58196d38cb324559,2.168404344971009e-19,705,confirmation,3,0,0,verified_success,0.2,4,bc2b880c38ee5ed754f41ba001f06f70d18ad8a3c9b216dda10e8d58bf9adc9d,1
d06a5a27a89a5439550a2d6e94f4fd2040d1125feac061b9c368c6a401976997,True,False,32,nbldpc_formal_v5c_decoder_q1024_p20_confirmation_111,32,384,5.421010862427522e-20,nbldpc_v5c_sched,641c745be27bfb9487fa99712a5866725f19c25fc57735fa58196d38cb324559,2.168404344971009e-19,705,confirmation,3,0,0,verified_success,0.2,4,40ec9fab2b73bafe669489ea5da68187d0bf429a2370bc9b2c00f18f034865fb,1
28cfd9647518872b392541f3c2ea03694a62f7a18bb2486763760c7aa325109c,True,False,32,nbldpc_formal_v5c_decoder_q1024_p20_confirmation_112,32,384,5.421010862427522e-20,nbldpc_v5c_sched,641c745be27bfb9487fa99712a5866725f19c25fc57735fa58196d38cb324559,2.168404344971009e-19,705,confirmation,4,0,0,verified_success,0.2,4,798591f93b0f6fb20246713d561774efd16aff5d10b93d14fb2f2deef57dc2b7,1
f1d942f2992834eafe1d4a2c939f9f839515f52ed5b949cf3816940428d26a39,True,False,32,nbldpc_formal_v5c_decoder_q1024_p20_confirmation_113,32,384,5.421010862427522e-20,nbldpc_v5c_sched,641c745be27bfb9487fa99712a5866725f19c25fc57735fa58196d38cb324559,2.168404344971009e-19,705,confirmation,3,0,0,verified_success,0.2,4,a4532556ae6e252e3d15430922b1b853b5f87ed4a3d5cb16a7c16ed39b512ceb,1
1a2831892b145c5eefc6276558285585c4d6395af1636462f34a05b03e59c466,True,False,32,nbldpc_formal_v5c_decoder_q1024_p20_confirmation_114,32,384,5.421010862427522e-20,nbldpc_v5c_sched,641c745be27bfb9487fa99712a5866725f19c25fc57735fa58196d38cb324559,2.168404344971009e-19,705,confirmation,3,0,0,verified_success,0.2,4,b8b32089091639947810388b9949d8065a8bf5b22000a20f39a50b0f3171dbc7,1
78006240b7de645dcad7c4dac5e61dab0b8fc900769e43338aa72b3590bcc735,True,False,32,nbldpc_formal_v5c_decoder_q1024_p20_confirmation_115,32,384,5.421010862427522e-20,nbldpc_v5c_sched,641c745be27bfb9487fa99712a5866725f19c25fc57735fa58196d38cb324559,2.168404344971009e-19,705,confirmation,4,0,0,verified_success,0.2,4,8625da8eb36c371f15d3878291f0db26ab270d6c6efb6639c1425702dfe18a14,1
13065e99bde7f14643665192ba47ce08e71265de07619cbb5a44313c33ee3724,True,False,32,nbldpc_formal_v5c_decoder_q1024_p20_confirmation_116,32,384,5.421010862427522e-20,nbldpc_v5c_sched,641c745be27bfb9487fa99712a5866725f19c25fc57735fa58196d38cb324559,2.168404344971009e-19,705,confirmation,4,0,0,verified_success,0.2,4,890ada5857ef4b9c7dfe17ef82f0153973234b2cb450b9567781457a69bf8837,1
a477a315c97a77ebb70ce6cdddd5e8256868a4a93c1355e929176e5db9e189c9,True,False,32,nbldpc_formal_v5c_decoder_q1024_p20_confirmation_117,32,384,5.421010862427522e-20,nbldpc_v5c_sched,641c745be27bfb9487fa99712a5866725f19c25fc57735fa58196d38cb324559,2.168404344971009e-19,705,confirmation,3,0,0,verified_success,0.2,4,0a6970082454a373d26b0e3bd92035d8849c223e4381eec6619f8929d2e71609,1
a5618e699ad7e65f3c8366637ce00a67a5eed93fabaeb73f11c3f4671341866e,True,False,32,nbldpc_formal_v5c_decoder_q1024_p20_confirmation_118,32,384,5.421010862427522e-20,nbldpc_v5c_sched,641c745be27bfb9487fa99712a5866725f19c25fc57735fa58196d38cb324559,2.168404344971009e-19,705,confirmation,2,0,0,verified_success,0.2,4,070d1f01842e24bd0dc190dadaeb264cb139d8c7f4c0c0f6e382aa4f571979b9,1
a93b1404fe2ee6fb0ff13159f28890f76ec3529c40ecee2e909b3073ae749125,True,False,32,nbldpc_formal_v5c_decoder_q1024_p20_confirmation_119,32,384,5.421010862427522e-20,nbldpc_v5c_sched,641c745be27bfb9487fa99712a5866725f19c25fc57735fa58196d38cb324559,2.168404344971009e-19,705,confirmation,2,0,0,verified_success,0.2,4,c9a1638252347097d64b3c76a5ad198410e2f62268006316eaec1052650b5473,1
ad0bbae72ed318c1bbc3766370de49bd1d1d2b0fa59605d46978bfef780ab734,True,False,32,nbldpc_formal_v5c_decoder_q1024_p20_confirmation_120,32,384,5.421010862427522e-20,nbldpc_v5c_sched,641c745be27bfb9487fa99712a5866725f19c25fc57735fa58196d38cb324559,2.168404344971009e-19,705,confirmation,3,0,0,verified_success,0.2,4,b6420dcb1309a2ad375d72e5d85ba5c09fd47bd5c4a345d6dbb4922c7bc0d89b,1
25fbf281c1028df40e349691e83cbfa8367e7d0cd4cba75a1ac36d8a7379588a,True,False,32,nbldpc_formal_v5c_decoder_q1024_p20_confirmation_121,32,384,5.421010862427522e-20,nbldpc_v5c_sched,641c745be27bfb9487fa99712a5866725f19c25fc57735fa58196d38cb324559,2.168404344971009e-19,705,confirmation,2,0,0,verified_success,0.2,4,a1eaaf4cfdd0c682c66d3083431471c5cd8686b0a88d42a534b4960dd1b9834f,1
4040cbec6497f18eb1a4b092f6e6cbc18fc0bd98c68bfcabddbae05970fe4815,True,False,32,nbldpc_formal_v5c_decoder_q1024_p20_confirmation_122,32,384,5.421010862427522e-20,nbldpc_v5c_sched,641c745be27bfb9487fa99712a5866725f19c25fc57735fa58196d38cb324559,2.168404344971009e-19,705,confirmation,4,0,0,verified_success,0.2,4,35530d4e0c12bfa821e3a34328b030033eacea4471a0043c5d5da0346e8a53d1,1
ee27c655b3e28a14fe28e0d0cde6ad7780fff70c86ed43054299b5178c7df870,True,False,32,nbldpc_formal_v5c_decoder_q1024_p20_confirmation_123,32,384,5.421010862427522e-20,nbldpc_v5c_sched,641c745be27bfb9487fa99712a5866725f19c25fc57735fa58196d38cb324559,2.168404344971009e-19,705,confirmation,2,0,0,verified_success,0.2,4,3a64d35340c40623d810e0f1117475a195011a9ef6508f0c3392d6b57f5041c2,1
7ef3ae12ffeb149a0b4f34ff528b68999cf7e7a166e628de8d696f954a3b89a5,True,False,32,nbldpc_formal_v5c_decoder_q1024_p20_confirmation_124,32,384,5.421010862427522e-20,nbldpc_v5c_sched,641c745be27bfb9487fa99712a5866725f19c25fc57735fa58196d38cb324559,2.168404344971009e-19,705,confirmation,2,0,0,verified_success,0.2,4,41470a4687cec856900652b782e992a7247fcc016b0b24c49057251d6aa8fd71,1
bd319e4698b5eff7a4998a797676e6db1c4ed109a9178d0894606d57450db869,True,False,32,nbldpc_formal_v5c_decoder_q1024_p20_confirmation_125,32,384,5.421010862427522e-20,nbldpc_v5c_sched,641c745be27bfb9487fa99712a5866725f19c25fc57735fa58196d38cb324559,2.168404344971009e-19,705,confirmation,4,0,0,verified_success,0.2,4,64a57ad801a1a7197e919322c461104a48fe17c6c047d0d6e820b4bd83a7183f,1
67038c59a337df8cf1cbce6141a87500dfedf2f7671052a8ebb2d3c1a381dfe3,True,False,32,nbldpc_formal_v5c_decoder_q1024_p20_confirmation_126,32,384,5.421010862427522e-20,nbldpc_v5c_sched,641c745be27bfb9487fa99712a5866725f19c25fc57735fa58196d38cb324559,2.168404344971009e-19,705,confirmation,3,0,0,verified_success,0.2,4,d7a36f389c3945dd2327d2a2ef299f7c286c6ce25012a18afdf2b9d9248562b7,1
dac6acfc6e1f5721d96cff8bba04cc8a80997daff355d2aeef7ea7f8edacadc9,True,False,32,nbldpc_formal_v5c_decoder_q1024_p20_confirmation_127,32,384,5.421010862427522e-20,nbldpc_v5c_sched,641c745be27bfb9487fa99712a5866725f19c25fc57735fa58196d38cb324559,2.168404344971009e-19,705,confirmation,9,0,0,verified_success,0.2,4,d45a40f1ffb2ed7a552b4b29c681fd2074f98a8fa7f20ccf49c57d3b23660d6d,1
7b074762172426d31f08f928a336053e50237f94a49bd503bf01d5ec01ec0986,True,False,40,nbldpc_formal_v5c_decoder_q1024_p30_confirmation_000,40,464,5.421010862427522e-20,nbldpc_v5c_sched,641c745be27bfb9487fa99712a5866725f19c25fc57735fa58196d38cb324559,2.168404344971009e-19,705,confirmation,3,0,0,verified_success,0.3,4,da18f1c6f20f5b40a887903fa7f6b80457fb124ad20929592424dfd4cbea9d6a,1
132b8718e2f8c05f6509826ffb5b9be12c80f8c7d1cbcf41d0d566f78100ff0e,True,False,40,nbldpc_formal_v5c_decoder_q1024_p30_confirmation_001,40,464,5.421010862427522e-20,nbldpc_v5c_sched,641c745be27bfb9487fa99712a5866725f19c25fc57735fa58196d38cb324559,2.168404344971009e-19,705,confirmation,3,0,0,verified_success,0.3,4,317c49e7a1b6daa0d08288e8f9f6d8e9d137103b86e30854bbe1c352e9242a8e,1
6dd542be9d6a8e1e481ade611682e29540c7e2804c670ced182007523fa445ac,True,True,48,nbldpc_formal_v5c_decoder_q1024_p30_confirmation_002,40,544,5.421010862427522e-20,nbldpc_v5c_sched,641c745be27bfb9487fa99712a5866725f19c25fc57735fa58196d38cb324559,2.168404344971009e-19,707,confirmation,12,2,0,verified_success,0.3,7,d3b5beac71de9bd5a3013243a9e13fe7c6cebbcefa3c3b13281eeab9f8b94923,1
61e9c7921973e057df445879a465c7b8ef09e8d0b3a8858ab617b1ce88c3b7a5,True,False,40,nbldpc_formal_v5c_decoder_q1024_p30_confirmation_003,40,464,5.421010862427522e-20,nbldpc_v5c_sched,641c745be27bfb9487fa99712a5866725f19c25fc57735fa58196d38cb324559,2.168404344971009e-19,705,confirmation,3,0,0,verified_success,0.3,4,810f0f27acdb4ef0ab97651bb0d006893d1f79442e64ad97b023470693e93e30,1
ee601f567daad1f8a51c4dbebb2ad4f23babd3ac8930241d1dc4742abc0757b0,True,False,40,nbldpc_formal_v5c_decoder_q1024_p30_confirmation_004,40,464,5.421010862427522e-20,nbldpc_v5c_sched,641c745be27bfb9487fa99712a5866725f19c25fc57735fa58196d38cb324559,2.168404344971009e-19,705,confirmation,3,0,0,verified_success,0.3,4,eb3781b9eada52af7554de89ca831e87d210c6c813daeb02a20fc7e1d7b4ae0a,1
ce4edc374bdda851160c15d7062b06d939aa01c45440d338675b042c9db0f08e,True,False,40,nbldpc_formal_v5c_decoder_q1024_p30_confirmation_005,40,464,5.421010862427522e-20,nbldpc_v5c_sched,641c745be27bfb9487fa99712a5866725f19c25fc57735fa58196d38cb324559,2.168404344971009e-19,705,confirmation,5,0,0,verified_success,0.3,4,9fcc16d5ddbd1247f2a56807279bd9187912be1d6fb7395ef171ba8f719d3765,1
4e1a88fdc7c71eb2fb73792f2c184912758ada47831726f048ce5a5ed18819ae,True,False,40,nbldpc_formal_v5c_decoder_q1024_p30_confirmation_006,40,464,5.421010862427522e-20,nbldpc_v5c_sched,641c745be27bfb9487fa99712a5866725f19c25fc57735fa58196d38cb324559,2.168404344971009e-19,705,confirmation,3,0,0,verified_success,0.3,4,6b9ff7f0462ade8aa55b2c11c9c2c792e69a596a84944dea7fe0ca3514341313,1
674e89d91c33c0b67642e346d04f28d014b98a39ce7bc2093f19c3579c52fea1,True,False,40,nbldpc_formal_v5c_decoder_q1024_p30_confirmation_007,40,464,5.421010862427522e-20,nbldpc_v5c_sched,641c745be27bfb9487fa99712a5866725f19c25fc57735fa58196d38cb324559,2.168404344971009e-19,705,confirmation,5,0,0,verified_success,0.3,4,fa18a97501d8debbc7edcc8c1c9e42d1568eed9d6eae581b466febfd0518b072,1
2b6fd35a52f935f252a7bfc52896006713d6e06e18f5ebd580dbf2fa2a623564,True,False,40,nbldpc_formal_v5c_decoder_q1024_p30_confirmation_008,40,464,5.421010862427522e-20,nbldpc_v5c_sched,641c745be27bfb9487fa99712a5866725f19c25fc57735fa58196d38cb324559,2.168404344971009e-19,705,confirmation,2,0,0,verified_success,0.3,4,41fb4c30b1ed502ec89e83203fc699ada69ae3b28c461322644299645f43d34c,1
f761e637ed06f3a25f1dacafb9f36d51518873fde0e5285285bf3775ba8ac1c0,True,False,40,nbldpc_formal_v5c_decoder_q1024_p30_confirmation_009,40,464,5.421010862427522e-20,nbldpc_v5c_sched,641c745be27bfb9487fa99712a5866725f19c25fc57735fa58196d38cb324559,2.168404344971009e-19,705,confirmation,4,0,0,verified_success,0.3,4,b81618d1c6667c48ee276b565b4c7da8ad87a8dd9d0ac1dd1cb1e5472b94606c,1
c1d66f6a401c2d2c1bff5e6ab96ce3621902d2a96bd67afa20c6f483bf1966e6,True,False,40,nbldpc_formal_v5c_decoder_q1024_p30_confirmation_010,40,464,5.421010862427522e-20,nbldpc_v5c_sched,641c745be27bfb9487fa99712a5866725f19c25fc57735fa58196d38cb324559,2.168404344971009e-19,705,confirmation,3,0,0,verified_success,0.3,4,bd37fa3a9066a79be312dcda1da4d1a81ffbc6c7029824fa546a95e98d0a60fa,1
23ec1f2ae395da488364f9992612718adb5eeac8afbbbc593059139dc35bd252,True,False,40,nbldpc_formal_v5c_decoder_q1024_p30_confirmation_011,40,464,5.421010862427522e-20,nbldpc_v5c_sched,641c745be27bfb9487fa99712a5866725f19c25fc57735fa58196d38cb324559,2.168404344971009e-19,705,confirmation,4,0,0,verified_success,0.3,4,5eab8776b5ea1556742255afa91fee09091ec5c21dddbae07698b8311f5c0f16,1
7f755809163661ac974dc9c32fec90514efa547e94bf6c2642e5974552e66ed0,True,False,40,nbldpc_formal_v5c_decoder_q1024_p30_confirmation_012,40,464,5.421010862427522e-20,nbldpc_v5c_sched,641c745be27bfb9487fa99712a5866725f19c25fc57735fa58196d38cb324559,2.168404344971009e-19,705,confirmation,3,0,0,verified_success,0.3,4,dc623f6d62b45127ba1897e68cb28ac427ffcfe23d3fc0e06c5db1365119f589,1
8653b63ab67f7037492e19b9b729af5dfba49876752e8307b4973d075481affe,True,False,40,nbldpc_formal_v5c_decoder_q1024_p30_confirmation_013,40,464,5.421010862427522e-20,nbldpc_v5c_sched,641c745be27bfb9487fa99712a5866725f19c25fc57735fa58196d38cb324559,2.168404344971009e-19,705,confirmation,2,0,0,verified_success,0.3,4,96b9df75f29378d12186e739715733fc5237468f2451036f7884996f752de949,1
49149447929f818dab233f5d5d4571a0a95c204191d35afd76d4dc0fd8db3218,True,False,40,nbldpc_formal_v5c_decoder_q1024_p30_confirmation_014,40,464,5.421010862427522e-20,nbldpc_v5c_sched,641c745be27bfb9487fa99712a5866725f19c25fc57735fa58196d38cb324559,2.168404344971009e-19,705,confirmation,2,0,0,verified_success,0.3,4,2b5e07d645280f66667ba457666d141d14cfc77665da9781040e805571e764f6,1
a7b442b0e85206e3cf8f71c9cdf7d79385636beb7475f80ec6a99460a4b1fd2b,True,False,40,nbldpc_formal_v5c_decoder_q1024_p30_confirmation_015,40,464,5.421010862427522e-20,nbldpc_v5c_sched,641c745be27bfb9487fa99712a5866725f19c25fc57735fa58196d38cb324559,2.168404344971009e-19,705,confirmation,3,0,0,verified_success,0.3,4,afb68a1bae031110d3efaabfe97e676398ceeead9f4dc96387a7d64cb90a5e25,1
13337bb8290796d03a1cb2627872dd5d7dad3f47caf75528c4ee3d33ffdfb266,True,False,40,nbldpc_formal_v5c_decoder_q1024_p30_confirmation_016,40,464,5.421010862427522e-20,nbldpc_v5c_sched,641c745be27bfb9487fa99712a5866725f19c25fc57735fa58196d38cb324559,2.168404344971009e-19,705,confirmation,8,0,0,verified_success,0.3,4,779285dd378070a59d3ab7cc5f863cb3995b079d9182cda58820d33a35b3bb40,1
b7bec7b5b517e89f180292266a3b44168ca3014692c19c5c864001c019d38eb5,True,False,40,nbldpc_formal_v5c_decoder_q1024_p30_confirmation_017,40,464,5.421010862427522e-20,nbldpc_v5c_sched,641c745be27bfb9487fa99712a5866725f19c25fc57735fa58196d38cb324559,2.168404344971009e-19,705,confirmation,3,0,0,verified_success,0.3,4,41087523f1312a2dc47194234e67d4d489b578bc859b3a188078669925a96636,1
4bae0102ff5f4a6baecbbd7b90ae44ff70a818e9213795ef5f704a12f86a9188,True,False,40,nbldpc_formal_v5c_decoder_q1024_p30_confirmation_018,40,464,5.421010862427522e-20,nbldpc_v5c_sched,641c745be27bfb9487fa99712a5866725f19c25fc57735fa58196d38cb324559,2.168404344971009e-19,705,confirmation,5,0,0,verified_success,0.3,4,beacd3396d95509486731253647feee5b93d4f055815445a8b42b20889e218b0,1
1a09de87fc4d1ea4ac5b475af4f786272ecf5ab3208c72ed52e457ef079278c7,True,False,40,nbldpc_formal_v5c_decoder_q1024_p30_confirmation_019,40,464,5.421010862427522e-20,nbldpc_v5c_sched,641c745be27bfb9487fa99712a5866725f19c25fc57735fa58196d38cb324559,2.168404344971009e-19,705,confirmation,8,0,0,verified_success,0.3,4,5c8ef4a0fdc2d64efb44ec7f707e6535d9ac7adae3f27ddd3acc194345a00f71,1
38e7654dcd558166e0fb6d2d7c33abb221988a614a11193abc5e537e049f9c1c,True,False,40,nbldpc_formal_v5c_decoder_q1024_p30_confirmation_020,40,464,5.421010862427522e-20,nbldpc_v5c_sched,641c745be27bfb9487fa99712a5866725f19c25fc57735fa58196d38cb324559,2.168404344971009e-19,705,confirmation,2,0,0,verified_success,0.3,4,51b1f3c6f92904c875d43d56d6902bae301ae852b356b70724ff1abc8b52e7c9,1
0026e333f52cfe3a218512a3aa58ca83e1aac5bb9f4f45e0a06e230fbf01b086,True,False,40,nbldpc_formal_v5c_decoder_q1024_p30_confirmation_021,40,464,5.421010862427522e-20,nbldpc_v5c_sched,641c745be27bfb9487fa99712a5866725f19c25fc57735fa58196d38cb324559,2.168404344971009e-19,705,confirmation,3,0,0,verified_success,0.3,4,c7bc79864f7d42f49c9851de7121c4487201582c5cd5dde7d26813ea38c83b28,1
21ee88753f0036f2aa46a89027f8006199637eeb890355a3e29e84edc45efccd,True,False,40,nbldpc_formal_v5c_decoder_q1024_p30_confirmation_022,40,464,5.421010862427522e-20,nbldpc_v5c_sched,641c745be27bfb9487fa99712a5866725f19c25fc57735fa58196d38cb324559,2.168404344971009e-19,705,confirmation,3,0,0,verified_success,0.3,4,fdb60f8eae151e4e80212ee55f10153a5006d60a177e53d77311e9bc1cd0e639,1
b48a90313bd31f099dfeb02f6c25145e592013c769dd179158b9b9fbf0678c2c,True,True,56,nbldpc_formal_v5c_decoder_q1024_p30_confirmation_023,40,560,,nbldpc_v5c_sched,641c745be27bfb9487fa99712a5866725f19c25fc57735fa58196d38cb324559,2.168404344971009e-19,6,confirmation,12,12,12,decode_failed,0.3,9,c71afab9f431c3be9d1d037f84f5355da4fba08f0a206668813fbaf566ad7c74,0
5f7191d6b0c016b492bd7fd868688315946901f22a28085ce6d7ae0346936af2,True,False,40,nbldpc_formal_v5c_decoder_q1024_p30_confirmation_024,40,464,5.421010862427522e-20,nbldpc_v5c_sched,641c745be27bfb9487fa99712a5866725f19c25fc57735fa58196d38cb324559,2.168404344971009e-19,705,confirmation,4,0,0,verified_success,0.3,4,d66d14dd88d82890ca298225f66f58b003edf057ff10ab4767b45887a0549f98,1
6deedffa11f79e421c65b5b9241680451be4ba78048adbe87fe066d76505be40,True,False,40,nbldpc_formal_v5c_decoder_q1024_p30_confirmation_025,40,464,5.421010862427522e-20,nbldpc_v5c_sched,641c745be27bfb9487fa99712a5866725f19c25fc57735fa58196d38cb324559,2.168404344971009e-19,705,confirmation,3,0,0,verified_success,0.3,4,1786dfad1fd9083e0875c92f8996c88e1fa19a0ef4c5c92b6be83052ae2dc500,1
1c63e322ff60d1814c9d4c087a499f64af65c85dcb88555a53192154ce779994,True,False,40,nbldpc_formal_v5c_decoder_q1024_p30_confirmation_026,40,464,5.421010862427522e-20,nbldpc_v5c_sched,641c745be27bfb9487fa99712a5866725f19c25fc57735fa58196d38cb324559,2.168404344971009e-19,705,confirmation,5,0,0,verified_success,0.3,4,5e4b40b10b8577e67fa8eca27ea181ffe1335155b39b7ef2dd5fc2c10f28f150,1
b5c542f62e0bb27069e4df7240beda398d7a508fd242b23e048bbf428b1a007b,True,False,40,nbldpc_formal_v5c_decoder_q1024_p30_confirmation_027,40,464,5.421010862427522e-20,nbldpc_v5c_sched,641c745be27bfb9487fa99712a5866725f19c25fc57735fa58196d38cb324559,2.168404344971009e-19,705,confirmation,7,0,0,verified_success,0.3,4,2965af7c09c5443537755d7bc40457b296b9dd3bade3d7218dced4075417ee4c,1
d1bd2643004ece9cee46934b93ca39ed8f17d723c0a404e568995e2b1437641e,True,False,40,nbldpc_formal_v5c_decoder_q1024_p30_confirmation_028,40,464,5.421010862427522e-20,nbldpc_v5c_sched,641c745be27bfb9487fa99712a5866725f19c25fc57735fa58196d38cb324559,2.168404344971009e-19,705,confirmation,3,0,0,verified_success,0.3,4,4afef4123e930e51f9c8a1be4607e43bf17406b9fbddf476689d6dff69daeb3f,1
d2aa7cef02ca584be6f292ecbf421c3b339402ae6e0b8463aa8e26e594291b16,True,False,40,nbldpc_formal_v5c_decoder_q1024_p30_confirmation_029,40,464,5.421010862427522e-20,nbldpc_v5c_sched,641c745be27bfb9487fa99712a5866725f19c25fc57735fa58196d38cb324559,2.168404344971009e-19,705,confirmation,5,0,0,verified_success,0.3,4,098faa8b6cec4c17b416312eb3aa6a6d9b5db7aa7ef676b736d39e42ab4a5925,1
1fc7d5a80bdc21eb00bce13a1b09232f20c7b2c848f98361436f50083a2708ef,True,False,40,nbldpc_formal_v5c_decoder_q1024_p30_confirmation_030,40,464,5.421010862427522e-20,nbldpc_v5c_sched,641c745be27bfb9487fa99712a5866725f19c25fc57735fa58196d38cb324559,2.168404344971009e-19,705,confirmation,7,0,0,verified_success,0.3,4,afbfa80daeab32b03c1867782e805fd5d5ede7a06e6b42a8df6a8bc014547a08,1
3dbb28eb1643a2becd12a4eb34c3fdd6cf2347b0f2e767dbe321c48306794ee1,True,False,40,nbldpc_formal_v5c_decoder_q1024_p30_confirmation_031,40,464,5.421010862427522e-20,nbldpc_v5c_sched,641c745be27bfb9487fa99712a5866725f19c25fc57735fa58196d38cb324559,2.168404344971009e-19,705,confirmation,3,0,0,verified_success,0.3,4,f58dd79c1678cb1f0bdc8b44be192f14c6151b8884d76f6091a5f6ee04b72bc8,1
152e38e9576218ec4f5591f1ef2a295095822c6d60b403c859ebe10a7004dee6,True,False,40,nbldpc_formal_v5c_decoder_q1024_p30_confirmation_032,40,464,5.421010862427522e-20,nbldpc_v5c_sched,641c745be27bfb9487fa99712a5866725f19c25fc57735fa58196d38cb324559,2.168404344971009e-19,705,confirmation,2,0,0,verified_success,0.3,4,88f65ea1582b7f9f2b7cfcfe90db3dccaa30376b42ab0af6bf25e05f67c954f5,1
8b7f7e0965eebff1006cc34dffef9b2b701771aebda632045090673eb8cc02ce,True,False,40,nbldpc_formal_v5c_decoder_q1024_p30_confirmation_033,40,464,5.421010862427522e-20,nbldpc_v5c_sched,641c745be27bfb9487fa99712a5866725f19c25fc57735fa58196d38cb324559,2.168404344971009e-19,705,confirmation,5,0,0,verified_success,0.3,4,1cca8420299780994abd90a21b3c505f21665dabee5be7117923af000969c837,1
617279ebeadc7143998781a4405d21e2949bb74d5989d49096634c96b23b26da,True,False,40,nbldpc_formal_v5c_decoder_q1024_p30_confirmation_034,40,464,5.421010862427522e-20,nbldpc_v5c_sched,641c745be27bfb9487fa99712a5866725f19c25fc57735fa58196d38cb324559,2.168404344971009e-19,705,confirmation,2,0,0,verified_success,0.3,4,bbcb94d8dece8e526747f788f0c0575549403bbc983912c93b0c74ec13fed729,1
befba7e2751c63759fb14ee1b1a118b6936cd6f9ec502b5d96fac509d1facb8a,True,False,40,nbldpc_formal_v5c_decoder_q1024_p30_confirmation_035,40,464,5.421010862427522e-20,nbldpc_v5c_sched,641c745be27bfb9487fa99712a5866725f19c25fc57735fa58196d38cb324559,2.168404344971009e-19,705,confirmation,4,0,0,verified_success,0.3,4,95b51e294c3d27c9e2800213115b473c79d46163625e2bc6cdc421f78d64d780,1
4db0da5bd769dd221a0b745bc64181fad8358bc69b87ccb2dee7615ed5ec9068,True,False,40,nbldpc_formal_v5c_decoder_q1024_p30_confirmation_036,40,464,5.421010862427522e-20,nbldpc_v5c_sched,641c745be27bfb9487fa99712a5866725f19c25fc57735fa58196d38cb324559,2.168404344971009e-19,705,confirmation,5,0,0,verified_success,0.3,4,442b55fafc7c08c64e5e98067ff3244403984a93c94ce11e86dae23acc102d42,1
be589209b057415e2c9aba84dbf9446b7df32e670c4ac89bca61fa63975f2e53,True,False,40,nbldpc_formal_v5c_decoder_q1024_p30_confirmation_037,40,464,5.421010862427522e-20,nbldpc_v5c_sched,641c745be27bfb9487fa99712a5866725f19c25fc57735fa58196d38cb324559,2.168404344971009e-19,705,confirmation,3,0,0,verified_success,0.3,4,ee2c2255fc4b8c4dfa0e54714abc8981e028d867692568410fa1528063cccd50,1
f38cde500c07661c0a8661f3ba6588e393180a5d2c37ef8225227c78719f00d4,True,False,40,nbldpc_formal_v5c_decoder_q1024_p30_confirmation_038,40,464,5.421010862427522e-20,nbldpc_v5c_sched,641c745be27bfb9487fa99712a5866725f19c25fc57735fa58196d38cb324559,2.168404344971009e-19,705,confirmation,5,0,0,verified_success,0.3,4,9b2720c3e592c97d7be68fae3741f8f54553ab542ca3b502f692ecd55e5388ad,1
0a36d83770676476494990f4d24f4e204f4acf8bdcdc1096d514845ef35fd3c3,True,False,40,nbldpc_formal_v5c_decoder_q1024_p30_confirmation_039,40,464,5.421010862427522e-20,nbldpc_v5c_sched,641c745be27bfb9487fa99712a5866725f19c25fc57735fa58196d38cb324559,2.168404344971009e-19,705,confirmation,2,0,0,verified_success,0.3,4,39115a358963a06502291388b9fb10102f821988183eb5f16a88ef95d2e93bfc,1
4d855ae1a0f9e9098a956e89616a5417ec9c0d9b3f569e176f1044a83f945fe0,True,False,40,nbldpc_formal_v5c_decoder_q1024_p30_confirmation_040,40,464,5.421010862427522e-20,nbldpc_v5c_sched,641c745be27bfb9487fa99712a5866725f19c25fc57735fa58196d38cb324559,2.168404344971009e-19,705,confirmation,5,0,0,verified_success,0.3,4,166b5a781a80baaafdcd6d491fd099679c11ddb96469d4d265425f4c3eabed28,1
044eb2c35dddb9cb0d8b7171c37cc99aaf8406665c5df06baf79677ce6c36c58,True,False,40,nbldpc_formal_v5c_decoder_q1024_p30_confirmation_041,40,464,5.421010862427522e-20,nbldpc_v5c_sched,641c745be27bfb9487fa99712a5866725f19c25fc57735fa58196d38cb324559,2.168404344971009e-19,705,confirmation,10,0,0,verified_success,0.3,4,457effc5cd2e511df3e6888b16f7b72757ec537860737a29912bdc5e105c71a5,1
6158149796acca2a7f528ef5d981e402c15057585727f0438049d96d8dce89f0,True,False,40,nbldpc_formal_v5c_decoder_q1024_p30_confirmation_042,40,464,5.421010862427522e-20,nbldpc_v5c_sched,641c745be27bfb9487fa99712a5866725f19c25fc57735fa58196d38cb324559,2.168404344971009e-19,705,confirmation,3,0,0,verified_success,0.3,4,8f14e1e42c72fcf8fa3c967c01eb754bf9b40125e918d9acb7e1874f57d95bfb,1
8e3e4b940255d8cd3868e229321b322cada134d1c388939132ea5135c97d766a,True,False,40,nbldpc_formal_v5c_decoder_q1024_p30_confirmation_043,40,464,5.421010862427522e-20,nbldpc_v5c_sched,641c745be27bfb9487fa99712a5866725f19c25fc57735fa58196d38cb324559,2.168404344971009e-19,705,confirmation,3,0,0,verified_success,0.3,4,c2da3873b75b1c2527b0bab3ffe7e28612af7e80d09d0b4cee85173a429d6e36,1
06eb059ca78d6a4510042da2316e3494677ad452db66795e6b66e7517ba3f15f,True,False,40,nbldpc_formal_v5c_decoder_q1024_p30_confirmation_044,40,464,5.421010862427522e-20,nbldpc_v5c_sched,641c745be27bfb9487fa99712a5866725f19c25fc57735fa58196d38cb324559,2.168404344971009e-19,705,confirmation,4,0,0,verified_success,0.3,4,a9d766ff5da9f0a00e7af4ee547ad164da78438c235a2fca55707f4d5af40805,1
9c2472d0aa4a60fb1f4c80388e920d946f4d679da154b2fbec644a2648dd42f8,True,False,40,nbldpc_formal_v5c_decoder_q1024_p30_confirmation_045,40,464,5.421010862427522e-20,nbldpc_v5c_sched,641c745be27bfb9487fa99712a5866725f19c25fc57735fa58196d38cb324559,2.168404344971009e-19,705,confirmation,3,0,0,verified_success,0.3,4,f54f3dac25b4c84aac9b978de8e9e5c62132ed0a8f12c1a05ae307300bdc8647,1
0f7a8a16b28069064c793aae68166495840406a9b148839417d499b851900454,True,False,40,nbldpc_formal_v5c_decoder_q1024_p30_confirmation_046,40,464,5.421010862427522e-20,nbldpc_v5c_sched,641c745be27bfb9487fa99712a5866725f19c25fc57735fa58196d38cb324559,2.168404344971009e-19,705,confirmation,2,0,0,verified_success,0.3,4,5fc84810b0817a4f11bdcb311adb4067305a4f8b8d910381591f1277d34c6706,1
d3a0475d49af14ca8ea786c3d1d49d0f9c1509ce808da29ea453a62eb7059c9c,True,False,40,nbldpc_formal_v5c_decoder_q1024_p30_confirmation_047,40,464,5.421010862427522e-20,nbldpc_v5c_sched,641c745be27bfb9487fa99712a5866725f19c25fc57735fa58196d38cb324559,2.168404344971009e-19,705,confirmation,5,0,0,verified_success,0.3,4,eb1e9e3f05383191a9479f1c330033d898367eabe420f9056c3cf7f696003749,1
6782a2a3002f2465d1f4042dc6aa129a52d0d55ab1b01f6e801c8ad6596721ac,True,True,48,nbldpc_formal_v5c_decoder_q1024_p30_confirmation_048,40,544,5.421010862427522e-20,nbldpc_v5c_sched,641c745be27bfb9487fa99712a5866725f19c25fc57735fa58196d38cb324559,2.168404344971009e-19,707,confirmation,12,4,0,verified_success,0.3,7,22d34085b175c6ed7b5d552253aee19f2c118d4b1974a2d24efc7ce26fd8b1df,1
409299467ad937cd13a83e5ce0c1f35d3e472c84111025142c5541a4cfd2265c,True,False,40,nbldpc_formal_v5c_decoder_q1024_p30_confirmation_049,40,464,5.421010862427522e-20,nbldpc_v5c_sched,641c745be27bfb9487fa99712a5866725f19c25fc57735fa58196d38cb324559,2.168404344971009e-19,705,confirmation,2,0,0,verified_success,0.3,4,d63eea8a0f61df5d95a0093c741087db864e6d84f53724062caf07019be9eb0f,1
a414cf5b89b053ac01c28d50d4c9280e2faef71f55649602f354c882e087e6de,True,False,40,nbldpc_formal_v5c_decoder_q1024_p30_confirmation_050,40,464,5.421010862427522e-20,nbldpc_v5c_sched,641c745be27bfb9487fa99712a5866725f19c25fc57735fa58196d38cb324559,2.168404344971009e-19,705,confirmation,3,0,0,verified_success,0.3,4,a5d27ca0628a3b5f2164db282749e729114eb43f937e440f6da8f71f724e1711,1
84392ceb97d2312d0f48e2d5f448d2f68cf34fee49ae5410ba052f6d980d3be3,True,False,40,nbldpc_formal_v5c_decoder_q1024_p30_confirmation_051,40,464,5.421010862427522e-20,nbldpc_v5c_sched,641c745be27bfb9487fa99712a5866725f19c25fc57735fa58196d38cb324559,2.168404344971009e-19,705,confirmation,6,0,0,verified_success,0.3,4,2b545120042d0e8cc0e4cdca85176de996e24fb8da91c0a07491264738e5a689,1
8dda5890f3e6476649aaf9d2714359729092bd32a131e6cd448564b5d95aebb2,True,False,40,nbldpc_formal_v5c_decoder_q1024_p30_confirmation_052,40,464,5.421010862427522e-20,nbldpc_v5c_sched,641c745be27bfb9487fa99712a5866725f19c25fc57735fa58196d38cb324559,2.168404344971009e-19,705,confirmation,4,0,0,verified_success,0.3,4,4fe2627061e18742bb973b5de422ba7749f841d19d14da0eba323369e75cd43f,1
938d65792baddec389de6ef3c36628f7eddf3ab0c8e0cc3634a4bdb7570f2d98,True,True,48,nbldpc_formal_v5c_decoder_q1024_p30_confirmation_053,40,544,5.421010862427522e-20,nbldpc_v5c_sched,641c745be27bfb9487fa99712a5866725f19c25fc57735fa58196d38cb324559,2.168404344971009e-19,707,confirmation,12,9,0,verified_success,0.3,7,4c9e62210752fc29492aea2cdaafbc9058f1f70a04971c43e262f172d1031ce9,1
42669d3decfcaf365043b5ba3adc05edfe9c6120b41bc669c63b9ffc0483824e,True,False,40,nbldpc_formal_v5c_decoder_q1024_p30_confirmation_054,40,464,5.421010862427522e-20,nbldpc_v5c_sched,641c745be27bfb9487fa99712a5866725f19c25fc57735fa58196d38cb324559,2.168404344971009e-19,705,confirmation,3,0,0,verified_success,0.3,4,f77c997b7b30519365d39d9347471b0d20f2e6e6f0b064052756b10407cff6a3,1
833df2f93a5370f4f609c697d3a4104b77e1b40775b979d793b6e3491d047ba1,True,False,40,nbldpc_formal_v5c_decoder_q1024_p30_confirmation_055,40,464,5.421010862427522e-20,nbldpc_v5c_sched,641c745be27bfb9487fa99712a5866725f19c25fc57735fa58196d38cb324559,2.168404344971009e-19,705,confirmation,4,0,0,verified_success,0.3,4,c30f0fe781160cb78e8eb67b209b33e7bf04b73d7431206919f019c8ee4639c5,1
8e8e8fd8120123647101ee816354f6977436dae71724e09879f9d73136f8e07d,True,False,40,nbldpc_formal_v5c_decoder_q1024_p30_confirmation_056,40,464,5.421010862427522e-20,nbldpc_v5c_sched,641c745be27bfb9487fa99712a5866725f19c25fc57735fa58196d38cb324559,2.168404344971009e-19,705,confirmation,2,0,0,verified_success,0.3,4,16477b609433553a7752ead6a0c1981bc3c43b4f9532f230970ffc67327d93a5,1
8dc942983a8458e38df4f72c4760a7bf2873f9c3c2a2758745a5546d192a7f22,True,False,40,nbldpc_formal_v5c_decoder_q1024_p30_confirmation_057,40,464,5.421010862427522e-20,nbldpc_v5c_sched,641c745be27bfb9487fa99712a5866725f19c25fc57735fa58196d38cb324559,2.168404344971009e-19,705,confirmation,2,0,0,verified_success,0.3,4,82e8e2f90030f3d9173cb7d7ed1676b537fe336a4c35810177bcb3344500f27e,1
c26150792e978403a8c3cbeb93ed8b6931c2a070d5c30fb6789e9cb2948c073b,True,False,40,nbldpc_formal_v5c_decoder_q1024_p30_confirmation_058,40,464,5.421010862427522e-20,nbldpc_v5c_sched,641c745be27bfb9487fa99712a5866725f19c25fc57735fa58196d38cb324559,2.168404344971009e-19,705,confirmation,6,0,0,verified_success,0.3,4,becfa80766fa22c6be21b5ff60b7f6fe7d277a705847fabb2420876d3e3b0b28,1
c4285017388705a49a46e0335369ea6903238d5d6246272ffdfb8674bb535777,True,False,40,nbldpc_formal_v5c_decoder_q1024_p30_confirmation_059,40,464,5.421010862427522e-20,nbldpc_v5c_sched,641c745be27bfb9487fa99712a5866725f19c25fc57735fa58196d38cb324559,2.168404344971009e-19,705,confirmation,2,0,0,verified_success,0.3,4,0421eebd52ac4dd66a52f7ca0d4b3dd5604ded35fc53de01b408fa4e5df12134,1
c0d9eb8d42760b520491fe5dcda312ad66542e166cbfb964ad5dcf708517f0f6,True,False,40,nbldpc_formal_v5c_decoder_q1024_p30_confirmation_060,40,464,5.421010862427522e-20,nbldpc_v5c_sched,641c745be27bfb9487fa99712a5866725f19c25fc57735fa58196d38cb324559,2.168404344971009e-19,705,confirmation,2,0,0,verified_success,0.3,4,b451f88af155a83723b4a7c853430ca44bd55c95c1d1dd115146f9c59fe96c61,1
9530076b139fa346da0c67fbd6d0aa3923d0e0c030c73a28149f8a50659d43d2,True,False,40,nbldpc_formal_v5c_decoder_q1024_p30_confirmation_061,40,464,5.421010862427522e-20,nbldpc_v5c_sched,641c745be27bfb9487fa99712a5866725f19c25fc57735fa58196d38cb324559,2.168404344971009e-19,705,confirmation,3,0,0,verified_success,0.3,4,35c787ce92c759268369ce8c6c2c4269c853016a65d5e5954c7b6a34ba224679,1
3ab0bc91eba9187800cd1389384791ff0c33f2c7cefe43c33674c1b05b1979c3,True,False,40,nbldpc_formal_v5c_decoder_q1024_p30_confirmation_062,40,464,5.421010862427522e-20,nbldpc_v5c_sched,641c745be27bfb9487fa99712a5866725f19c25fc57735fa58196d38cb324559,2.168404344971009e-19,705,confirmation,6,0,0,verified_success,0.3,4,1518f97048758112e5503830d6ef841c1e48c9ad692c06c51d97fd01fba0abfb,1
cc56e84f44173ac3a6a4cba96c7350a10e894f79af1dba4a84c6221dedb85277,True,False,40,nbldpc_formal_v5c_decoder_q1024_p30_confirmation_063,40,464,5.421010862427522e-20,nbldpc_v5c_sched,641c745be27bfb9487fa99712a5866725f19c25fc57735fa58196d38cb324559,2.168404344971009e-19,705,confirmation,2,0,0,verified_success,0.3,4,15e238f46ddb673bac95d694f0a1af1b30f94b90fd245e54ef0ca3b025c412d1,1
2720799b3487db1c41112139e47c6f030f4d48e916d161b216e6a14f49920d50,True,True,56,nbldpc_formal_v5c_decoder_q1024_p30_confirmation_064,40,624,5.421010862427522e-20,nbldpc_v5c_sched,641c745be27bfb9487fa99712a5866725f19c25fc57735fa58196d38cb324559,2.168404344971009e-19,709,confirmation,12,12,2,verified_success,0.3,10,d98fb2f35fd015e60b0c2ea8aaa798433974a0e73576e7d9c5fff66cc1c04159,1
86550aa6184450b994712ca4b3e4bed4ad4cdcd57150785bb2ecf9de6882d1de,True,False,40,nbldpc_formal_v5c_decoder_q1024_p30_confirmation_065,40,464,5.421010862427522e-20,nbldpc_v5c_sched,641c745be27bfb9487fa99712a5866725f19c25fc57735fa58196d38cb324559,2.168404344971009e-19,705,confirmation,3,0,0,verified_success,0.3,4,79e125cc34e762b93b07784c2bc9969bedab2e16c095654dfc8aaee67af2b921,1
f93694f350c48a01aff21bc218805c04aa1e07db2f86d1b097d1af84db69bfc6,True,False,40,nbldpc_formal_v5c_decoder_q1024_p30_confirmation_066,40,464,5.421010862427522e-20,nbldpc_v5c_sched,641c745be27bfb9487fa99712a5866725f19c25fc57735fa58196d38cb324559,2.168404344971009e-19,705,confirmation,2,0,0,verified_success,0.3,4,5df37967345bb2468237752d9743b174ae23c7c1dec123c654ad19841de81049,1
91c5c4318714d7487472cd382c8abe19ddde2f470a695ee1728ca42f71e6e13f,True,False,40,nbldpc_formal_v5c_decoder_q1024_p30_confirmation_067,40,464,5.421010862427522e-20,nbldpc_v5c_sched,641c745be27bfb9487fa99712a5866725f19c25fc57735fa58196d38cb324559,2.168404344971009e-19,705,confirmation,8,0,0,verified_success,0.3,4,38865dfb605e7c8a5597254aa772911c3484865a2976756c5a37f063e05768fa,1
b857a69f0590c6a3495989c98006119e0209dae195dec3fc91cb71faca1aebcb,True,False,40,nbldpc_formal_v5c_decoder_q1024_p30_confirmation_068,40,464,5.421010862427522e-20,nbldpc_v5c_sched,641c745be27bfb9487fa99712a5866725f19c25fc57735fa58196d38cb324559,2.168404344971009e-19,705,confirmation,2,0,0,verified_success,0.3,4,9072014144508473edf857a3b4722b309af2ca09b68a1dc7c653c6a4c94143fa,1
f29b2b841c30159972310b7a89cbf35a70b0e74f4375e341e3f9b09cbe11db2b,True,False,40,nbldpc_formal_v5c_decoder_q1024_p30_confirmation_069,40,464,5.421010862427522e-20,nbldpc_v5c_sched,641c745be27bfb9487fa99712a5866725f19c25fc57735fa58196d38cb324559,2.168404344971009e-19,705,confirmation,3,0,0,verified_success,0.3,4,5177915281d0cc672d0349d7efe8c3a3e46c72f29decdfea475b9250723f2a5f,1
81fa2fafa8c988d0d904886fb5d626faef38a507488bb81343e3ed6d91127a94,True,True,56,nbldpc_formal_v5c_decoder_q1024_p30_confirmation_070,40,624,5.421010862427522e-20,nbldpc_v5c_sched,641c745be27bfb9487fa99712a5866725f19c25fc57735fa58196d38cb324559,2.168404344971009e-19,709,confirmation,12,12,11,verified_success,0.3,10,8c081ff02300dc4ee9c36b469f027bef35ae14405b5c206192e6f438a6b019fb,1
86e4ec1882745d26aca1d5d66c44cc2ec03d4e2d05a02d816fb2661e0a163375,True,False,40,nbldpc_formal_v5c_decoder_q1024_p30_confirmation_071,40,464,5.421010862427522e-20,nbldpc_v5c_sched,641c745be27bfb9487fa99712a5866725f19c25fc57735fa58196d38cb324559,2.168404344971009e-19,705,confirmation,3,0,0,verified_success,0.3,4,dced7c79828c2025146a1cdbbb2b6b7c6f0a69cd30827502f7dd0a9481b85bd8,1
5669479ff1a933484f6a6d4073d79fc9009712cfdfefd49a7544d9e9f4e14959,True,False,40,nbldpc_formal_v5c_decoder_q1024_p30_confirmation_072,40,464,5.421010862427522e-20,nbldpc_v5c_sched,641c745be27bfb9487fa99712a5866725f19c25fc57735fa58196d38cb324559,2.168404344971009e-19,705,confirmation,3,0,0,verified_success,0.3,4,71f8e90919320f89f1dda4ef96f1f5ea29f6b3befe55e5938e58c777d70c189c,1
be14cb441fcf208424257e1853fad16df3dd27218171e45fdf3f2d1b38f1fd4e,True,False,40,nbldpc_formal_v5c_decoder_q1024_p30_confirmation_073,40,464,5.421010862427522e-20,nbldpc_v5c_sched,641c745be27bfb9487fa99712a5866725f19c25fc57735fa58196d38cb324559,2.168404344971009e-19,705,confirmation,5,0,0,verified_success,0.3,4,f756e8c2a3ef96935c4dda4443f991e9b119c92a8e0cc6b96e552a6970ee4ade,1
910cd3e276cee3dd54389d183a62b61af81702bf23df75c8a0d32da806fd78c0,True,False,40,nbldpc_formal_v5c_decoder_q1024_p30_confirmation_074,40,464,5.421010862427522e-20,nbldpc_v5c_sched,641c745be27bfb9487fa99712a5866725f19c25fc57735fa58196d38cb324559,2.168404344971009e-19,705,confirmation,12,0,0,verified_success,0.3,4,15d87e3b99470a21950cedae799f58b7458e088adad1b83b2e7fbe8b430988f9,1
9f7d653adbd654c421e39436be14e5fc34d7d3d01c1c0452b9b23bf4a9175920,True,False,40,nbldpc_formal_v5c_decoder_q1024_p30_confirmation_075,40,464,5.421010862427522e-20,nbldpc_v5c_sched,641c745be27bfb9487fa99712a5866725f19c25fc57735fa58196d38cb324559,2.168404344971009e-19,705,confirmation,2,0,0,verified_success,0.3,4,d1e2c29e39eb378ebdbcef7a19cd09f1daae9f5adfe2dc94f9bafdf0d637b172,1
46d1c8086d9692c111ac8f364ab6ac1f2c060227766232078d9d7df9d45a27e9,True,False,40,nbldpc_formal_v5c_decoder_q1024_p30_confirmation_076,40,464,5.421010862427522e-20,nbldpc_v5c_sched,641c745be27bfb9487fa99712a5866725f19c25fc57735fa58196d38cb324559,2.168404344971009e-19,705,confirmation,3,0,0,verified_success,0.3,4,c435d9154cb9f2d4c9cb711015604d479cdede1362b4f7b81b3d458a191e1f6f,1
d8b23d96a95bf6946f65eb324d62326f746de811376bc5d30d7adfab84081596,True,False,40,nbldpc_formal_v5c_decoder_q1024_p30_confirmation_077,40,464,5.421010862427522e-20,nbldpc_v5c_sched,641c745be27bfb9487fa99712a5866725f19c25fc57735fa58196d38cb324559,2.168404344971009e-19,705,confirmation,3,0,0,verified_success,0.3,4,73c0ccfeb1d9ff5354b38432c297765a714c36a5342b9dd71694bf139dab8745,1
3899d8b1a71c684efd09bd67966968299c5ec366641b7588a7620ed4dcdbb1a0,True,False,40,nbldpc_formal_v5c_decoder_q1024_p30_confirmation_078,40,464,5.421010862427522e-20,nbldpc_v5c_sched,641c745be27bfb9487fa99712a5866725f19c25fc57735fa58196d38cb324559,2.168404344971009e-19,705,confirmation,3,0,0,verified_success,0.3,4,1aa6398561a1769849ca077568e57b175a725f08e0f100da97462f0350bf3d98,1
8f1d34d4adb47539170f14efa867ff7c8c5a2f693ffde13d47fb917952ed777e,True,False,40,nbldpc_formal_v5c_decoder_q1024_p30_confirmation_079,40,464,5.421010862427522e-20,nbldpc_v5c_sched,641c745be27bfb9487fa99712a5866725f19c25fc57735fa58196d38cb324559,2.168404344971009e-19,705,confirmation,12,0,0,verified_success,0.3,4,dfb3acba1ea59b55f30bf0b10101de13ae036d09a7069ed8ed1522c341af4c26,1
e6248aab6fb7b4324ecdd537c32f7cd24bf8f4011ef548402138ed386d8576ba,True,False,40,nbldpc_formal_v5c_decoder_q1024_p30_confirmation_080,40,464,5.421010862427522e-20,nbldpc_v5c_sched,641c745be27bfb9487fa99712a5866725f19c25fc57735fa58196d38cb324559,2.168404344971009e-19,705,confirmation,6,0,0,verified_success,0.3,4,f1914c8c94af6a374db635ac03d1a97adad78e1e5b62c0e6a3c10ec3f0b098d9,1
9bf8abb6ba2cb0765884409ac2fe4ca7473c7cd53a9bfe604c99d796026dbc73,True,False,40,nbldpc_formal_v5c_decoder_q1024_p30_confirmation_081,40,464,5.421010862427522e-20,nbldpc_v5c_sched,641c745be27bfb9487fa99712a5866725f19c25fc57735fa58196d38cb324559,2.168404344971009e-19,705,confirmation,5,0,0,verified_success,0.3,4,fa0a547974bcd62cc0d22e54f855f514beedaf3a4a3aca63e4fcdec805847c89,1
3cc9b703da2ffe324e60db79420510d2f96242c5150aa21c90f9bea54afe83ed,True,True,48,nbldpc_formal_v5c_decoder_q1024_p30_confirmation_082,40,544,5.421010862427522e-20,nbldpc_v5c_sched,641c745be27bfb9487fa99712a5866725f19c25fc57735fa58196d38cb324559,2.168404344971009e-19,707,confirmation,12,11,0,verified_success,0.3,7,7752c9128aba81b7d033900f4c3adfffffae056aa71ee9a2fddc77524d3b581e,1
52ce0b6f60f249f0f1192344ef5d9eddb743a5a9cb2df713c7b5d03bcfe51b14,True,False,40,nbldpc_formal_v5c_decoder_q1024_p30_confirmation_083,40,464,5.421010862427522e-20,nbldpc_v5c_sched,641c745be27bfb9487fa99712a5866725f19c25fc57735fa58196d38cb324559,2.168404344971009e-19,705,confirmation,3,0,0,verified_success,0.3,4,d4fa6c70e8579367a634a75bc296ea1a2d2aa418738930d40747cb7029fc2a67,1
ea541c9686e326678ab741ed189457c1165abc8aa2c57122b4956395330a8bf9,True,False,40,nbldpc_formal_v5c_decoder_q1024_p30_confirmation_084,40,464,5.421010862427522e-20,nbldpc_v5c_sched,641c745be27bfb9487fa99712a5866725f19c25fc57735fa58196d38cb324559,2.168404344971009e-19,705,confirmation,10,0,0,verified_success,0.3,4,79ae7b65655a831e62354ef8ccf97b73620219fdf4ccca4444332e1968956a5a,1
7155263ebaf0013e9c2fdcfc3796ca00ed05563bbe695c6661d94b01cafd8f43,True,False,40,nbldpc_formal_v5c_decoder_q1024_p30_confirmation_085,40,464,5.421010862427522e-20,nbldpc_v5c_sched,641c745be27bfb9487fa99712a5866725f19c25fc57735fa58196d38cb324559,2.168404344971009e-19,705,confirmation,7,0,0,verified_success,0.3,4,e81ef6569d913eeb8fc29a421b6133293085984dc8dd49168566fbc54607854a,1
9492d5455ec22d01e90720c75a1059dd11c7b80e927a91f28a109f350a019b4d,True,False,40,nbldpc_formal_v5c_decoder_q1024_p30_confirmation_086,40,464,5.421010862427522e-20,nbldpc_v5c_sched,641c745be27bfb9487fa99712a5866725f19c25fc57735fa58196d38cb324559,2.168404344971009e-19,705,confirmation,3,0,0,verified_success,0.3,4,0bf32a62ff78007235f4c467b85688911e1a2c004e956265bd87803f931b8e0d,1
5a779a63a15f5d3673d1ce1aab7bb519755a07de1a563e6b5e558796a8afc306,True,False,40,nbldpc_formal_v5c_decoder_q1024_p30_confirmation_087,40,464,5.421010862427522e-20,nbldpc_v5c_sched,641c745be27bfb9487fa99712a5866725f19c25fc57735fa58196d38cb324559,2.168404344971009e-19,705,confirmation,5,0,0,verified_success,0.3,4,eba365bba99b4d63c072067455a25525e137fc091f3d2b406eeaee6cde464f12,1
1d7c858e9aed1a1f66dc72cc3ddf1d296418c52810249451180ffa0d238fcf0d,True,False,40,nbldpc_formal_v5c_decoder_q1024_p30_confirmation_088,40,464,5.421010862427522e-20,nbldpc_v5c_sched,641c745be27bfb9487fa99712a5866725f19c25fc57735fa58196d38cb324559,2.168404344971009e-19,705,confirmation,3,0,0,verified_success,0.3,4,0b1025edae281a54b96d1a90c1620fd73de66ef6af591d8b02e089c6c986de4d,1
9fe155590efbbd050cd81e8095683ca59788242a46db5bde5b2147b7f41b1363,True,False,40,nbldpc_formal_v5c_decoder_q1024_p30_confirmation_089,40,464,5.421010862427522e-20,nbldpc_v5c_sched,641c745be27bfb9487fa99712a5866725f19c25fc57735fa58196d38cb324559,2.168404344971009e-19,705,confirmation,4,0,0,verified_success,0.3,4,902b82c1a7ac5bb1073f204c249b88b6271fcd19414f98fb1494329e72489340,1
01d086aec249349c98c3a75544461a60388e967ba86d1e1592f30275dc078775,True,False,40,nbldpc_formal_v5c_decoder_q1024_p30_confirmation_090,40,464,5.421010862427522e-20,nbldpc_v5c_sched,641c745be27bfb9487fa99712a5866725f19c25fc57735fa58196d38cb324559,2.168404344971009e-19,705,confirmation,5,0,0,verified_success,0.3,4,c47464180b629cf7e3695fb7705e09fac13ea5d94da1a643a651068cc00fce2d,1
a53d4ccf1c61c879825f0d17c5b14b1af7ad38fe9e60198b96f5080ba10489b1,True,False,40,nbldpc_formal_v5c_decoder_q1024_p30_confirmation_091,40,464,5.421010862427522e-20,nbldpc_v5c_sched,641c745be27bfb9487fa99712a5866725f19c25fc57735fa58196d38cb324559,2.168404344971009e-19,705,confirmation,3,0,0,verified_success,0.3,4,cc4d30ab91a7938b512688c2503daf2b502ce625e0cfc412af26ccfb18f5aa73,1
7ad4fc70a29a56845afa83d3e7fba8e0bcb5ea1eca5044099b9f2be4567d92e0,True,False,40,nbldpc_formal_v5c_decoder_q1024_p30_confirmation_092,40,464,5.421010862427522e-20,nbldpc_v5c_sched,641c745be27bfb9487fa99712a5866725f19c25fc57735fa58196d38cb324559,2.168404344971009e-19,705,confirmation,3,0,0,verified_success,0.3,4,25020574e04d8919869c2751bd2fd2a65b8ab4c1dc025e2e384dd1a5d7b7a566,1
8e2844b84258f169f1fe44e7c5cefa16198d47c67e75290b1c6833adcf10f49e,True,False,40,nbldpc_formal_v5c_decoder_q1024_p30_confirmation_093,40,464,5.421010862427522e-20,nbldpc_v5c_sched,641c745be27bfb9487fa99712a5866725f19c25fc57735fa58196d38cb324559,2.168404344971009e-19,705,confirmation,3,0,0,verified_success,0.3,4,dc1d938916d357c7448f7f28e9bcb43416ef0ea751c4ac32ef61e63088476784,1
4733ce01f372c2c36e240e9efe92eba1f262718a319adaad35b91e6988807fec,True,False,40,nbldpc_formal_v5c_decoder_q1024_p30_confirmation_094,40,464,5.421010862427522e-20,nbldpc_v5c_sched,641c745be27bfb9487fa99712a5866725f19c25fc57735fa58196d38cb324559,2.168404344971009e-19,705,confirmation,8,0,0,verified_success,0.3,4,19bbd4388300a4865d3d4e30d3142b8d6838c479418d396eed5a9f8e3df6821c,1
b59f796b9cf3d48e4557496827b58969c1b07accc8ccbe4c0b1c9e4fcd73ac2f,True,False,40,nbldpc_formal_v5c_decoder_q1024_p30_confirmation_095,40,464,5.421010862427522e-20,nbldpc_v5c_sched,641c745be27bfb9487fa99712a5866725f19c25fc57735fa58196d38cb324559,2.168404344971009e-19,705,confirmation,3,0,0,verified_success,0.3,4,46cee4d6cc63163146ef29bdd411b6f5ee025ccd2e554cc1403e4d62ee3e6ded,1
f27fa626a862f6702761f9b3cac7fc681fd418d0cf0f8cc82ba217f4407e65a1,True,False,40,nbldpc_formal_v5c_decoder_q1024_p30_confirmation_096,40,464,5.421010862427522e-20,nbldpc_v5c_sched,641c745be27bfb9487fa99712a5866725f19c25fc57735fa58196d38cb324559,2.168404344971009e-19,705,confirmation,2,0,0,verified_success,0.3,4,3d86155ec1d669f62dc099c167d448da14f9457185d6ceeffa60f48039426adc,1
203acaf888d1f8e088b709b95d8c8c4b1a267580fe9ffcc791570733e4c5c14f,True,False,40,nbldpc_formal_v5c_decoder_q1024_p30_confirmation_097,40,464,5.421010862427522e-20,nbldpc_v5c_sched,641c745be27bfb9487fa99712a5866725f19c25fc57735fa58196d38cb324559,2.168404344971009e-19,705,confirmation,3,0,0,verified_success,0.3,4,4c15a3186d635446f70eeda5326c1ba1d63ff9d047418f3667293a00ede91706,1
183141eb412109afc9c67ef8e102c257c9693e1024b6774de7a1d6b9ff4a27e9,True,True,48,nbldpc_formal_v5c_decoder_q1024_p30_confirmation_098,40,544,5.421010862427522e-20,nbldpc_v5c_sched,641c745be27bfb9487fa99712a5866725f19c25fc57735fa58196d38cb324559,2.168404344971009e-19,707,confirmation,12,3,0,verified_success,0.3,7,a53ef714b17891ea39e9634c3db1f5f53ec6a94f7faa86b433f30ba05274bcf6,1
dc15b11470e07489a321e29fb3386ee71b350c58527ccfe2827735a7ce5e131b,True,False,40,nbldpc_formal_v5c_decoder_q1024_p30_confirmation_099,40,464,5.421010862427522e-20,nbldpc_v5c_sched,641c745be27bfb9487fa99712a5866725f19c25fc57735fa58196d38cb324559,2.168404344971009e-19,705,confirmation,5,0,0,verified_success,0.3,4,129bef44bf503a199c55dbd916770e3ec2b05f01b033031c9befca7e09cf2cb9,1
7f4ede0ac7fb2700ce738270780259b82b5b441cff32e9e3069461a59f50ef6c,True,False,40,nbldpc_formal_v5c_decoder_q1024_p30_confirmation_100,40,464,5.421010862427522e-20,nbldpc_v5c_sched,641c745be27bfb9487fa99712a5866725f19c25fc57735fa58196d38cb324559,2.168404344971009e-19,705,confirmation,2,0,0,verified_success,0.3,4,4b4ee5c7a3316586b60dc1cc98a83d5b18aea1615311982c4fa48ae3a39fefe2,1
a33d791554f550acff428c4d09c1c3171ef8b6de7e39193ba79f92f7fb430490,True,False,40,nbldpc_formal_v5c_decoder_q1024_p30_confirmation_101,40,464,5.421010862427522e-20,nbldpc_v5c_sched,641c745be27bfb9487fa99712a5866725f19c25fc57735fa58196d38cb324559,2.168404344971009e-19,705,confirmation,3,0,0,verified_success,0.3,4,a8854f7bd9d70cf10b6dfc4a884c70d6290e160eaf2021ab531d5aec6fecfec3,1
1dafce61ba32b3d96f68be7a0c035d0daec58a8825f5fca402b4fafc2a586892,True,False,40,nbldpc_formal_v5c_decoder_q1024_p30_confirmation_102,40,464,5.421010862427522e-20,nbldpc_v5c_sched,641c745be27bfb9487fa99712a5866725f19c25fc57735fa58196d38cb324559,2.168404344971009e-19,705,confirmation,3,0,0,verified_success,0.3,4,6c3dde74b019a976268eaea730287a18e075d87f91e079b531a29967a8443fad,1
46dd3ce5195b5c75bb459b18b0079ffede9aeef29f383f0cbef9fe39c94c2ced,True,False,40,nbldpc_formal_v5c_decoder_q1024_p30_confirmation_103,40,464,5.421010862427522e-20,nbldpc_v5c_sched,641c745be27bfb9487fa99712a5866725f19c25fc57735fa58196d38cb324559,2.168404344971009e-19,705,confirmation,2,0,0,verified_success,0.3,4,6aa81b1e28e13215f605f2fa2e2c10bafb3fea8cca2d33cb3cbca17744314657,1
66ed1bcfc74d3e1b11a387f4d8cf0c871562005126c9021b333da4796e3ef0c2,True,False,40,nbldpc_formal_v5c_decoder_q1024_p30_confirmation_104,40,464,5.421010862427522e-20,nbldpc_v5c_sched,641c745be27bfb9487fa99712a5866725f19c25fc57735fa58196d38cb324559,2.168404344971009e-19,705,confirmation,4,0,0,verified_success,0.3,4,3b6de4382b07bf195bd34c33d0f012e422e90af159100a8c6cbfe4871d0d309a,1
8a8b81a89e511c5d78f7c6e4227356e56d9739909bdf8fa94f26ea5137032ff2,True,False,40,nbldpc_formal_v5c_decoder_q1024_p30_confirmation_105,40,464,5.421010862427522e-20,nbldpc_v5c_sched,641c745be27bfb9487fa99712a5866725f19c25fc57735fa58196d38cb324559,2.168404344971009e-19,705,confirmation,6,0,0,verified_success,0.3,4,3581d6d268ece637f563db815be74a8caa0ee21e8500f8bb7594494fcc7f27dd,1
7acdfde46938cf7860e62d56d4070a5b1369d2b46d9b05a97a0dd6f9a288492e,True,False,40,nbldpc_formal_v5c_decoder_q1024_p30_confirmation_106,40,464,5.421010862427522e-20,nbldpc_v5c_sched,641c745be27bfb9487fa99712a5866725f19c25fc57735fa58196d38cb324559,2.168404344971009e-19,705,confirmation,3,0,0,verified_success,0.3,4,23e6fa59900d204bc0c3ab238e32ab457f29b0127836e85c065da3a86a63db15,1
e528bec0bfd86931a2e0a1acf45c2f69e6bb1c7de48b2859afe21d5ca8c697f4,True,False,40,nbldpc_formal_v5c_decoder_q1024_p30_confirmation_107,40,464,5.421010862427522e-20,nbldpc_v5c_sched,641c745be27bfb9487fa99712a5866725f19c25fc57735fa58196d38cb324559,2.168404344971009e-19,705,confirmation,5,0,0,verified_success,0.3,4,dc348f1fdcdf59ba5c233a6783de46164296d60d46881b1b8950a01d6de7b2a7,1
3081fdce961e1e0afa747bb5472222c270541094dba6b44d1c1dea9630252af9,True,False,40,nbldpc_formal_v5c_decoder_q1024_p30_confirmation_108,40,464,5.421010862427522e-20,nbldpc_v5c_sched,641c745be27bfb9487fa99712a5866725f19c25fc57735fa58196d38cb324559,2.168404344971009e-19,705,confirmation,3,0,0,verified_success,0.3,4,0d1cb0d3d61aa05b251f41233bac714ffc563080ed7f50f5368bb70957491a4f,1
b9f0835bd626f98a3ed7eb7c983ff384c329a6f1b2c35ca4c3d3b4f04396fb86,True,False,40,nbldpc_formal_v5c_decoder_q1024_p30_confirmation_109,40,464,5.421010862427522e-20,nbldpc_v5c_sched,641c745be27bfb9487fa99712a5866725f19c25fc57735fa58196d38cb324559,2.168404344971009e-19,705,confirmation,2,0,0,verified_success,0.3,4,2e60fe22234532e129ff1a399efc17a4b8002643474f457bca99e871bf3b4e2d,1
c4d07c37337e171000300fd122ba502e6287ef275b604b45fe6167e68269f9d7,True,False,40,nbldpc_formal_v5c_decoder_q1024_p30_confirmation_110,40,464,5.421010862427522e-20,nbldpc_v5c_sched,641c745be27bfb9487fa99712a5866725f19c25fc57735fa58196d38cb324559,2.168404344971009e-19,705,confirmation,2,0,0,verified_success,0.3,4,b5adde4ad517e51bee08ad96f3ceea68ca6ae45d5d1d4ce799d4e9aaa334e574,1
b48ae2e899ed651c02cc82aee90632847e7f593616fc1801c6c946da1978c93a,True,False,40,nbldpc_formal_v5c_decoder_q1024_p30_confirmation_111,40,464,5.421010862427522e-20,nbldpc_v5c_sched,641c745be27bfb9487fa99712a5866725f19c25fc57735fa58196d38cb324559,2.168404344971009e-19,705,confirmation,2,0,0,verified_success,0.3,4,f10a907fd746d1fcb084f93aaea7bbd32da43f5016321394fbb7856108ca5e7b,1
ffbaedefbd703efd6871b54948720b47f0ed5f8a61c56998f99a136b032ebdfa,True,False,40,nbldpc_formal_v5c_decoder_q1024_p30_confirmation_112,40,464,5.421010862427522e-20,nbldpc_v5c_sched,641c745be27bfb9487fa99712a5866725f19c25fc57735fa58196d38cb324559,2.168404344971009e-19,705,confirmation,3,0,0,verified_success,0.3,4,5408f8b308c3091c83c5edfadd11d2edeafa50427e0b835a5a3858b05d43b430,1
676f6607954d2a3ce8d9f819abd3ae9bebc445646aa9288a34c500db650a63f1,True,False,40,nbldpc_formal_v5c_decoder_q1024_p30_confirmation_113,40,464,5.421010862427522e-20,nbldpc_v5c_sched,641c745be27bfb9487fa99712a5866725f19c25fc57735fa58196d38cb324559,2.168404344971009e-19,705,confirmation,3,0,0,verified_success,0.3,4,f52f5d7a8467ac097c273b80f3195ff3559b85df5fa166783e1dea8b130bb7e2,1
d31bfa74a639f3adf7650990ec74994c9887fcab71ca387097d5df2ea6d77ca8,True,False,40,nbldpc_formal_v5c_decoder_q1024_p30_confirmation_114,40,464,5.421010862427522e-20,nbldpc_v5c_sched,641c745be27bfb9487fa99712a5866725f19c25fc57735fa58196d38cb324559,2.168404344971009e-19,705,confirmation,2,0,0,verified_success,0.3,4,c8799cfc2aacaf665791e65d5313393519d352e7b86bf485e8744125e7159b9b,1
a1d74d3239063825cfb6098afdb4f1f783dfe7309554da14ae70719d460630da,True,False,40,nbldpc_formal_v5c_decoder_q1024_p30_confirmation_115,40,464,5.421010862427522e-20,nbldpc_v5c_sched,641c745be27bfb9487fa99712a5866725f19c25fc57735fa58196d38cb324559,2.168404344971009e-19,705,confirmation,3,0,0,verified_success,0.3,4,ffdbbadc3589e73c31d303c6134ceea0b8de8ccb726c0cd19c238de0ff065709,1
95475ab5a32953bed69024c6bceb20c8a42760c52f9facf6e9cfe4d4afe0e04b,True,False,40,nbldpc_formal_v5c_decoder_q1024_p30_confirmation_116,40,464,5.421010862427522e-20,nbldpc_v5c_sched,641c745be27bfb9487fa99712a5866725f19c25fc57735fa58196d38cb324559,2.168404344971009e-19,705,confirmation,2,0,0,verified_success,0.3,4,4f2cc231eb1417dd7419d9db92783719b1363f281c8e8f4df5d328f557d3e902,1
bddc4ca79b8daa24715f1ddcf9c5a186349d34c43cf0a6f7b344e755d9009b2a,True,False,40,nbldpc_formal_v5c_decoder_q1024_p30_confirmation_117,40,464,5.421010862427522e-20,nbldpc_v5c_sched,641c745be27bfb9487fa99712a5866725f19c25fc57735fa58196d38cb324559,2.168404344971009e-19,705,confirmation,4,0,0,verified_success,0.3,4,94c52b09211416f2612aecedc5ddaca4fedd10a40b7672d5d8cce9cb3a47ea7f,1
acf3b0949708b53e5121d599c1c041d934a11f23dab8bd08a54d040cbfc9f2da,True,False,40,nbldpc_formal_v5c_decoder_q1024_p30_confirmation_118,40,464,5.421010862427522e-20,nbldpc_v5c_sched,641c745be27bfb9487fa99712a5866725f19c25fc57735fa58196d38cb324559,2.168404344971009e-19,705,confirmation,6,0,0,verified_success,0.3,4,d67c35b923db04cb905e4d98dc27311ced18a95e16a0509121a5957e27ba816b,1
372d373affdb94da72d5bcabb09a6e70b1816a0019bcb19741e61d34dae38620,True,False,40,nbldpc_formal_v5c_decoder_q1024_p30_confirmation_119,40,464,5.421010862427522e-20,nbldpc_v5c_sched,641c745be27bfb9487fa99712a5866725f19c25fc57735fa58196d38cb324559,2.168404344971009e-19,705,confirmation,2,0,0,verified_success,0.3,4,dad0a5c3a061857eeece0866f98efa1c25f4ea9d16cb85e44fd966bafe1677d6,1
e736a46d49a5a43c9ae93dea8bd5dc4f71d9649d7773174c147a32fd65f6f985,True,False,40,nbldpc_formal_v5c_decoder_q1024_p30_confirmation_120,40,464,5.421010862427522e-20,nbldpc_v5c_sched,641c745be27bfb9487fa99712a5866725f19c25fc57735fa58196d38cb324559,2.168404344971009e-19,705,confirmation,3,0,0,verified_success,0.3,4,93f3e084b2d14f95115319b8e3ed7c8779dc2aa27c139cef7d48d7c6946349d3,1
f058e2e078c58d717f0ed319e27b0edda23e194f416a7a26c00d2b0c8ed6722a,True,True,48,nbldpc_formal_v5c_decoder_q1024_p30_confirmation_121,40,544,5.421010862427522e-20,nbldpc_v5c_sched,641c745be27bfb9487fa99712a5866725f19c25fc57735fa58196d38cb324559,2.168404344971009e-19,707,confirmation,12,3,0,verified_success,0.3,7,aad3cf7f5db1acb9aaefe17d59a437ab50b9ae6601c044d188830b7e66a72dab,1
853c6ea4a36ac25a0bd3029b0b3c5dd5dbc4ae8d8698006cf0202274769289e9,True,True,48,nbldpc_formal_v5c_decoder_q1024_p30_confirmation_122,40,544,5.421010862427522e-20,nbldpc_v5c_sched,641c745be27bfb9487fa99712a5866725f19c25fc57735fa58196d38cb324559,2.168404344971009e-19,707,confirmation,12,3,0,verified_success,0.3,7,1641f1c355c99e6215c1f51f02017b94cfd753274ab5bc2006f9d8389af5df63,1
30eb4d2b58d3415d63b6f51e9e1e3d40066255c68853a4891db4701c90cd07c4,True,True,48,nbldpc_formal_v5c_decoder_q1024_p30_confirmation_123,40,544,5.421010862427522e-20,nbldpc_v5c_sched,641c745be27bfb9487fa99712a5866725f19c25fc57735fa58196d38cb324559,2.168404344971009e-19,707,confirmation,12,3,0,verified_success,0.3,7,61a36e29ad866286f7cbc42067d84ba2ad6c8b2e5160a99a4deae357c385924b,1
aa9f31646774dc12e6a24fa5e412ded90952cd075e937499ee5c568ef64ab94e,True,False,40,nbldpc_formal_v5c_decoder_q1024_p30_confirmation_124,40,464,5.421010862427522e-20,nbldpc_v5c_sched,641c745be27bfb9487fa99712a5866725f19c25fc57735fa58196d38cb324559,2.168404344971009e-19,705,confirmation,6,0,0,verified_success,0.3,4,4be88fae452cc8757f77a844a29cf94e4a300f9d6c8ef3589ff08dcf0e5cbd55,1
3aadbc22201c3c1a90f42352ba08664a2438fb10458a912cc04749028fd1661f,True,False,40,nbldpc_formal_v5c_decoder_q1024_p30_confirmation_125,40,464,5.421010862427522e-20,nbldpc_v5c_sched,641c745be27bfb9487fa99712a5866725f19c25fc57735fa58196d38cb324559,2.168404344971009e-19,705,confirmation,3,0,0,verified_success,0.3,4,c34b7863e58ce72d7d55780ddfd3674174bb9b65ae07b335bc77c81bb6c850f0,1
57feb14328db043bc07a04f13334da7d58fa2599c39e1864379610862d6a6837,True,False,40,nbldpc_formal_v5c_decoder_q1024_p30_confirmation_126,40,464,5.421010862427522e-20,nbldpc_v5c_sched,641c745be27bfb9487fa99712a5866725f19c25fc57735fa58196d38cb324559,2.168404344971009e-19,705,confirmation,7,0,0,verified_success,0.3,4,9ad921f514d14dbf8aeb2a9c29c3adf7788073753e4bd946cf22c468d4689d3c,1
62364934dcb14c7d27da1d031eef88380e7590da9ea33376080692944ea2296d,True,False,40,nbldpc_formal_v5c_decoder_q1024_p30_confirmation_127,40,464,5.421010862427522e-20,nbldpc_v5c_sched,641c745be27bfb9487fa99712a5866725f19c25fc57735fa58196d38cb324559,2.168404344971009e-19,705,confirmation,5,0,0,verified_success,0.3,4,e4e4e0a7d69d71fb71534ce00380f96c98fdd26fe8ef1a7a52c046346bba22c5,1
